/usr/local/envs/opera/lib/python3.10/site-packages/mmcv/__init__.py:20: UserWarning: On January 1, 2023, MMCV will release v2.0.0, in which it will remove components related to the training process and add a data transformation module. In addition, it will rename the package names mmcv to mmcv-lite and mmcv-full to mmcv. See https://github.com/open-mmlab/mmcv/blob/master/docs/en/compatibility.md for more details.
  warnings.warn(
/root/Person-in-WiFi-3D/third_party/mmdet/mmdet/utils/setup_env.py:38: UserWarning: Setting OMP_NUM_THREADS environment variable for each process to be 1 in default, to avoid your system being overloaded, please further tune the variable for optimal performance in your application as needed.
  warnings.warn(
/root/Person-in-WiFi-3D/third_party/mmdet/mmdet/utils/setup_env.py:48: UserWarning: Setting MKL_NUM_THREADS environment variable for each process to be 1 in default, to avoid your system being overloaded, please further tune the variable for optimal performance in your application as needed.
  warnings.warn(
2026-06-14 03:19:59,466 - mmdet - INFO - Environment info:
------------------------------------------------------------
sys.platform: linux
Python: 3.10.19 | packaged by conda-forge | (main, Oct 22 2025, 22:29:10) [GCC 14.3.0]
CUDA available: True
GPU 0: NVIDIA RTX 6000 Ada Generation
CUDA_HOME: /usr/local/envs/opera
NVCC: Cuda compilation tools, release 11.7, V11.7.99
GCC: gcc (Ubuntu 9.4.0-1ubuntu1~20.04.2) 9.4.0
PyTorch: 2.1.0+cu121
PyTorch compiling details: PyTorch built with:
  - GCC 9.3
  - C++ Version: 201703
  - Intel(R) oneAPI Math Kernel Library Version 2022.2-Product Build 20220804 for Intel(R) 64 architecture applications
  - Intel(R) MKL-DNN v3.1.1 (Git Hash 64f6bcbcbab628e96f33a62c3e975f8535a7bde4)
  - OpenMP 201511 (a.k.a. OpenMP 4.5)
  - LAPACK is enabled (usually provided by MKL)
  - NNPACK is enabled
  - CPU capability usage: AVX512
  - CUDA Runtime 12.1
  - NVCC architecture flags: -gencode;arch=compute_50,code=sm_50;-gencode;arch=compute_60,code=sm_60;-gencode;arch=compute_70,code=sm_70;-gencode;arch=compute_75,code=sm_75;-gencode;arch=compute_80,code=sm_80;-gencode;arch=compute_86,code=sm_86;-gencode;arch=compute_90,code=sm_90
  - CuDNN 8.9.2
  - Magma 2.6.1
  - Build settings: BLAS_INFO=mkl, BUILD_TYPE=Release, CUDA_VERSION=12.1, CUDNN_VERSION=8.9.2, CXX_COMPILER=/opt/rh/devtoolset-9/root/usr/bin/c++, CXX_FLAGS= -D_GLIBCXX_USE_CXX11_ABI=0 -fabi-version=11 -fvisibility-inlines-hidden -DUSE_PTHREADPOOL -DNDEBUG -DUSE_KINETO -DLIBKINETO_NOROCTRACER -DUSE_FBGEMM -DUSE_QNNPACK -DUSE_PYTORCH_QNNPACK -DUSE_XNNPACK -DSYMBOLICATE_MOBILE_DEBUG_HANDLE -O2 -fPIC -Wall -Wextra -Werror=return-type -Werror=non-virtual-dtor -Werror=bool-operation -Wnarrowing -Wno-missing-field-initializers -Wno-type-limits -Wno-array-bounds -Wno-unknown-pragmas -Wno-unused-parameter -Wno-unused-function -Wno-unused-result -Wno-strict-overflow -Wno-strict-aliasing -Wno-stringop-overflow -Wno-psabi -Wno-error=pedantic -Wno-error=old-style-cast -Wno-invalid-partial-specialization -Wno-unused-private-field -Wno-aligned-allocation-unavailable -Wno-missing-braces -fdiagnostics-color=always -faligned-new -Wno-unused-but-set-variable -Wno-maybe-uninitialized -fno-math-errno -fno-trapping-math -Werror=format -Werror=cast-function-type -Wno-stringop-overflow, LAPACK_INFO=mkl, PERF_WITH_AVX=1, PERF_WITH_AVX2=1, PERF_WITH_AVX512=1, TORCH_DISABLE_GPU_ASSERTS=ON, TORCH_VERSION=2.1.0, USE_CUDA=ON, USE_CUDNN=ON, USE_EXCEPTION_PTR=1, USE_GFLAGS=OFF, USE_GLOG=OFF, USE_MKL=ON, USE_MKLDNN=ON, USE_MPI=OFF, USE_NCCL=1, USE_NNPACK=ON, USE_OPENMP=ON, USE_ROCM=OFF, 

TorchVision: 0.16.0+cu121
OpenCV: 4.9.0
MMCV: 1.7.2
MMCV Compiler: GCC 9.3
MMCV CUDA Compiler: 11.8
MMDetection: 2.25.0+e529caa
------------------------------------------------------------

2026-06-14 03:20:00,127 - mmdet - INFO - Distributed training: False
2026-06-14 03:20:00,792 - mmdet - INFO - Config:
dataset_type = 'opera.WifiPoseDataset'
data_root = 'data/wifipose'
meta_keys = []
train_pipeline = [
    dict(
        type='opera.DefaultFormatBundle',
        extra_keys=['gt_keypoints', 'gt_labels']),
    dict(
        type='mmdet.Collect',
        keys=['img', 'gt_bboxes', 'gt_labels', 'gt_keypoints', 'gt_areas'],
        meta_keys=[])
]
test_pipeline = [
    dict(
        type='mmdet.MultiScaleFlipAug',
        scale_factor=1.0,
        flip=False,
        transforms=[
            dict(
                type='opera.DefaultFormatBundle',
                extra_keys=['gt_keypoints', 'gt_labels']),
            dict(type='mmdet.Collect', keys=['img'], meta_keys=[])
        ])
]
data = dict(
    samples_per_gpu=32,
    workers_per_gpu=2,
    train=dict(
        type='opera.WifiPoseDataset',
        dataset_root='data/wifipose/train_data',
        pipeline=[
            dict(
                type='opera.DefaultFormatBundle',
                extra_keys=['gt_keypoints', 'gt_labels']),
            dict(
                type='mmdet.Collect',
                keys=[
                    'img', 'gt_bboxes', 'gt_labels', 'gt_keypoints', 'gt_areas'
                ],
                meta_keys=[])
        ],
        mode='train'),
    val=dict(
        type='opera.WifiPoseDataset',
        dataset_root='data/wifipose/test_data',
        pipeline=[
            dict(
                type='mmdet.MultiScaleFlipAug',
                scale_factor=1.0,
                flip=False,
                transforms=[
                    dict(
                        type='opera.DefaultFormatBundle',
                        extra_keys=['gt_keypoints', 'gt_labels']),
                    dict(type='mmdet.Collect', keys=['img'], meta_keys=[])
                ])
        ],
        mode='test'),
    test=dict(
        type='opera.WifiPoseDataset',
        dataset_root='data/wifipose/test_data',
        pipeline=[
            dict(
                type='mmdet.MultiScaleFlipAug',
                scale_factor=1.0,
                flip=False,
                transforms=[
                    dict(
                        type='opera.DefaultFormatBundle',
                        extra_keys=['gt_keypoints', 'gt_labels']),
                    dict(type='mmdet.Collect', keys=['img'], meta_keys=[])
                ])
        ],
        mode='test'))
evaluation = dict(interval=5, metric='mpjpe')
checkpoint_config = dict(interval=5, max_keep_ckpts=20)
log_config = dict(interval=50, hooks=[dict(type='TextLoggerHook')])
custom_hooks = [
    dict(type='NumClassCheckHook'),
    dict(
        type='BoneLossWarmupHook',
        target_weight=1.0,
        warmup_ratio=0.1,
        ramp_ratio=0.1)
]
dist_params = dict(backend='nccl')
log_level = 'INFO'
load_from = None
resume_from = None
workflow = [('train', 1)]
opencv_num_threads = 0
mp_start_method = 'fork'
auto_scale_lr = dict(enable=False, base_batch_size=16)
model = dict(
    type='opera.PETR',
    backbone=dict(
        type='WifiInputAdapter',
        in_channels=60,
        embed_dims=256,
        mode='spectral'),
    neck=None,
    bbox_head=dict(
        type='opera.WiTiDARHead',
        num_query=100,
        num_classes=1,
        in_channels=256,
        sync_cls_avg_factor=True,
        with_kpt_refine=True,
        as_two_stage=True,
        num_keypoints=14,
        transformer=dict(
            type='opera.PETRTransformer',
            num_keypoints=14,
            encoder=dict(
                type='mmcv.DetrTransformerEncoder',
                num_layers=6,
                transformerlayers=dict(
                    type='mmcv.BaseTransformerLayer',
                    attn_cfgs=dict(
                        type='mmcv.MultiheadAttention',
                        embed_dims=256,
                        num_heads=8,
                        dropout=0.1),
                    feedforward_channels=1024,
                    ffn_dropout=0.1,
                    operation_order=('self_attn', 'norm', 'ffn', 'norm'))),
            decoder=dict(
                type='opera.PetrTransformerDecoder',
                num_layers=3,
                num_keypoints=14,
                return_intermediate=True,
                transformerlayers=dict(
                    type='mmcv.DetrTransformerDecoderLayer',
                    attn_cfgs=[
                        dict(
                            type='mmcv.MultiheadAttention',
                            embed_dims=256,
                            num_heads=8,
                            dropout=0.1),
                        dict(
                            type='mmcv.MultiheadAttention',
                            embed_dims=256,
                            num_heads=8,
                            dropout=0.1)
                    ],
                    feedforward_channels=1024,
                    ffn_dropout=0.1,
                    operation_order=('self_attn', 'norm', 'cross_attn', 'norm',
                                     'ffn', 'norm'))),
            refine_decoder=dict(
                type='opera.PetrRefineTransformerDecoder',
                num_layers=2,
                return_intermediate=True,
                transformerlayers=dict(
                    type='mmcv.DetrTransformerDecoderLayer',
                    attn_cfgs=[
                        dict(
                            type='mmcv.MultiheadAttention',
                            embed_dims=256,
                            num_heads=8,
                            dropout=0.1),
                        dict(
                            type='mmcv.MultiheadAttention',
                            embed_dims=256,
                            num_heads=8,
                            dropout=0.1)
                    ],
                    feedforward_channels=1024,
                    ffn_dropout=0.1,
                    operation_order=('self_attn', 'norm', 'cross_attn', 'norm',
                                     'ffn', 'norm')))),
        positional_encoding=dict(
            type='mmcv.SinePositionalEncoding',
            num_feats=128,
            normalize=True,
            offset=-0.5),
        loss_cls=dict(
            type='mmdet.FocalLoss',
            use_sigmoid=True,
            gamma=2.0,
            alpha=0.25,
            loss_weight=2.0),
        loss_kpt=dict(type='mmdet.L1Loss', loss_weight=5.0),
        loss_bone=dict(type='BoneLengthLoss', loss_weight=2.0),
        loss_kpt_rpn=dict(type='mmdet.MSELoss', loss_weight=35.0),
        loss_oks=dict(type='opera.OKSLoss', loss_weight=2.0),
        loss_hm=dict(type='opera.CenterFocalLoss', loss_weight=4.0),
        loss_kpt_refine=dict(type='mmdet.MSELoss', loss_weight=35.0),
        loss_oks_refine=dict(type='opera.OKSLoss', loss_weight=3.0),
        embed_dims=256,
        mamba_cfg=dict(
            type='WiMamba2CSIEncoder',
            embed_dims=256,
            num_layers=3,
            d_state=64,
            d_conv=4,
            expand=2,
            headdim=64,
            dropout=0.1,
            routes=('time_major', ),
            fusion='mean',
            use_pos_embed=False,
            final_attn=False),
        flow_refine_mode='rectified_flow',
        flow_num_steps=1,
        flow_noise_strength=0.1,
        loss_flow_weight=1.0,
        train_cfg=dict(
            assigner=dict(
                type='opera.PoseHungarianAssigner',
                cls_cost=dict(type='mmdet.FocalLossCost', weight=2.0),
                kpt_cost=dict(type='opera.KptL1Cost', weight=5.0),
                oks_cost=dict(type='opera.OksCost', weight=0.0))),
        test_cfg=dict(max_per_img=100)),
    train_cfg=dict(
        assigner=dict(
            type='opera.PoseHungarianAssigner',
            cls_cost=dict(type='mmdet.FocalLossCost', weight=4.0),
            kpt_cost=dict(type='opera.KptMSECost', weight=35.0),
            oks_cost=dict(type='opera.OksCost', weight=7.0))),
    test_cfg=dict(max_per_img=100))
optimizer = dict(
    type='AdamW',
    betas=(0.9, 0.999),
    lr=2e-05,
    weight_decay=0.0001,
    paramwise_cfg=dict(
        custom_keys=dict(
            backbone=dict(lr_mult=0.1),
            sampling_offsets=dict(lr_mult=0.1),
            reference_points=dict(lr_mult=0.1))))
optimizer_config = dict(grad_clip=dict(max_norm=0.1, norm_type=2))
lr_config = dict(policy='step', step=[450])
runner = dict(type='EpochBasedRunner', max_epochs=5)
find_unused_parameters = True
work_dir = 'work_dirs/m9_flow_step2_ablation/T_FW1'
auto_resume = False
gpu_ids = [0]

2026-06-14 03:20:00,792 - mmdet - INFO - Set random seed to 42, deterministic: True
2026-06-14 03:20:00,856 - mmcv - INFO - 
backbone.head.weight - torch.Size([256, 60]): 
The value is the same before and after calling `init_weights` of PETR  
 
2026-06-14 03:20:00,856 - mmcv - INFO - 
backbone.head.bias - torch.Size([256]): 
The value is the same before and after calling `init_weights` of PETR  
 
2026-06-14 03:20:00,856 - mmcv - INFO - 
backbone.time_conv.weight - torch.Size([256, 1, 5]): 
The value is the same before and after calling `init_weights` of PETR  
 
2026-06-14 03:20:00,856 - mmcv - INFO - 
backbone.time_conv.bias - torch.Size([256]): 
The value is the same before and after calling `init_weights` of PETR  
 
2026-06-14 03:20:00,856 - mmcv - INFO - 
backbone.freq_gate.0.weight - torch.Size([22, 11]): 
The value is the same before and after calling `init_weights` of PETR  
 
2026-06-14 03:20:00,856 - mmcv - INFO - 
backbone.freq_gate.0.bias - torch.Size([22]): 
The value is the same before and after calling `init_weights` of PETR  
 
2026-06-14 03:20:00,856 - mmcv - INFO - 
backbone.freq_gate.2.weight - torch.Size([20, 22]): 
The value is the same before and after calling `init_weights` of PETR  
 
2026-06-14 03:20:00,856 - mmcv - INFO - 
backbone.freq_gate.2.bias - torch.Size([20]): 
The value is the same before and after calling `init_weights` of PETR  
 
2026-06-14 03:20:00,856 - mmcv - INFO - 
backbone.channel_proj.weight - torch.Size([256, 256]): 
The value is the same before and after calling `init_weights` of PETR  
 
2026-06-14 03:20:00,856 - mmcv - INFO - 
backbone.channel_proj.bias - torch.Size([256]): 
The value is the same before and after calling `init_weights` of PETR  
 
2026-06-14 03:20:00,856 - mmcv - INFO - 
backbone.norm.weight - torch.Size([256]): 
The value is the same before and after calling `init_weights` of PETR  
 
2026-06-14 03:20:00,856 - mmcv - INFO - 
backbone.norm.bias - torch.Size([256]): 
The value is the same before and after calling `init_weights` of PETR  
 
2026-06-14 03:20:00,856 - mmcv - INFO - 
bbox_head.encoder.layers.0.norm.weight - torch.Size([256]): 
The value is the same before and after calling `init_weights` of PETR  
 
2026-06-14 03:20:00,856 - mmcv - INFO - 
bbox_head.encoder.layers.0.norm.bias - torch.Size([256]): 
The value is the same before and after calling `init_weights` of PETR  
 
2026-06-14 03:20:00,856 - mmcv - INFO - 
bbox_head.encoder.layers.0.mamba.dt_bias - torch.Size([8]): 
The value is the same before and after calling `init_weights` of PETR  
 
2026-06-14 03:20:00,856 - mmcv - INFO - 
bbox_head.encoder.layers.0.mamba.A_log - torch.Size([8]): 
The value is the same before and after calling `init_weights` of PETR  
 
2026-06-14 03:20:00,856 - mmcv - INFO - 
bbox_head.encoder.layers.0.mamba.D - torch.Size([8]): 
The value is the same before and after calling `init_weights` of PETR  
 
2026-06-14 03:20:00,856 - mmcv - INFO - 
bbox_head.encoder.layers.0.mamba.in_proj.weight - torch.Size([1160, 256]): 
The value is the same before and after calling `init_weights` of PETR  
 
2026-06-14 03:20:00,857 - mmcv - INFO - 
bbox_head.encoder.layers.0.mamba.conv1d.weight - torch.Size([640, 1, 4]): 
The value is the same before and after calling `init_weights` of PETR  
 
2026-06-14 03:20:00,857 - mmcv - INFO - 
bbox_head.encoder.layers.0.mamba.conv1d.bias - torch.Size([640]): 
The value is the same before and after calling `init_weights` of PETR  
 
2026-06-14 03:20:00,857 - mmcv - INFO - 
bbox_head.encoder.layers.0.mamba.norm.weight - torch.Size([512]): 
The value is the same before and after calling `init_weights` of PETR  
 
2026-06-14 03:20:00,857 - mmcv - INFO - 
bbox_head.encoder.layers.0.mamba.out_proj.weight - torch.Size([256, 512]): 
The value is the same before and after calling `init_weights` of PETR  
 
2026-06-14 03:20:00,857 - mmcv - INFO - 
bbox_head.encoder.layers.1.norm.weight - torch.Size([256]): 
The value is the same before and after calling `init_weights` of PETR  
 
2026-06-14 03:20:00,857 - mmcv - INFO - 
bbox_head.encoder.layers.1.norm.bias - torch.Size([256]): 
The value is the same before and after calling `init_weights` of PETR  
 
2026-06-14 03:20:00,857 - mmcv - INFO - 
bbox_head.encoder.layers.1.mamba.dt_bias - torch.Size([8]): 
The value is the same before and after calling `init_weights` of PETR  
 
2026-06-14 03:20:00,857 - mmcv - INFO - 
bbox_head.encoder.layers.1.mamba.A_log - torch.Size([8]): 
The value is the same before and after calling `init_weights` of PETR  
 
2026-06-14 03:20:00,857 - mmcv - INFO - 
bbox_head.encoder.layers.1.mamba.D - torch.Size([8]): 
The value is the same before and after calling `init_weights` of PETR  
 
2026-06-14 03:20:00,857 - mmcv - INFO - 
bbox_head.encoder.layers.1.mamba.in_proj.weight - torch.Size([1160, 256]): 
The value is the same before and after calling `init_weights` of PETR  
 
2026-06-14 03:20:00,857 - mmcv - INFO - 
bbox_head.encoder.layers.1.mamba.conv1d.weight - torch.Size([640, 1, 4]): 
The value is the same before and after calling `init_weights` of PETR  
 
2026-06-14 03:20:00,857 - mmcv - INFO - 
bbox_head.encoder.layers.1.mamba.conv1d.bias - torch.Size([640]): 
The value is the same before and after calling `init_weights` of PETR  
 
2026-06-14 03:20:00,857 - mmcv - INFO - 
bbox_head.encoder.layers.1.mamba.norm.weight - torch.Size([512]): 
The value is the same before and after calling `init_weights` of PETR  
 
2026-06-14 03:20:00,857 - mmcv - INFO - 
bbox_head.encoder.layers.1.mamba.out_proj.weight - torch.Size([256, 512]): 
The value is the same before and after calling `init_weights` of PETR  
 
2026-06-14 03:20:00,857 - mmcv - INFO - 
bbox_head.encoder.layers.2.norm.weight - torch.Size([256]): 
The value is the same before and after calling `init_weights` of PETR  
 
2026-06-14 03:20:00,857 - mmcv - INFO - 
bbox_head.encoder.layers.2.norm.bias - torch.Size([256]): 
The value is the same before and after calling `init_weights` of PETR  
 
2026-06-14 03:20:00,857 - mmcv - INFO - 
bbox_head.encoder.layers.2.mamba.dt_bias - torch.Size([8]): 
The value is the same before and after calling `init_weights` of PETR  
 
2026-06-14 03:20:00,857 - mmcv - INFO - 
bbox_head.encoder.layers.2.mamba.A_log - torch.Size([8]): 
The value is the same before and after calling `init_weights` of PETR  
 
2026-06-14 03:20:00,857 - mmcv - INFO - 
bbox_head.encoder.layers.2.mamba.D - torch.Size([8]): 
The value is the same before and after calling `init_weights` of PETR  
 
2026-06-14 03:20:00,857 - mmcv - INFO - 
bbox_head.encoder.layers.2.mamba.in_proj.weight - torch.Size([1160, 256]): 
The value is the same before and after calling `init_weights` of PETR  
 
2026-06-14 03:20:00,857 - mmcv - INFO - 
bbox_head.encoder.layers.2.mamba.conv1d.weight - torch.Size([640, 1, 4]): 
The value is the same before and after calling `init_weights` of PETR  
 
2026-06-14 03:20:00,857 - mmcv - INFO - 
bbox_head.encoder.layers.2.mamba.conv1d.bias - torch.Size([640]): 
The value is the same before and after calling `init_weights` of PETR  
 
2026-06-14 03:20:00,857 - mmcv - INFO - 
bbox_head.encoder.layers.2.mamba.norm.weight - torch.Size([512]): 
The value is the same before and after calling `init_weights` of PETR  
 
2026-06-14 03:20:00,857 - mmcv - INFO - 
bbox_head.encoder.layers.2.mamba.out_proj.weight - torch.Size([256, 512]): 
The value is the same before and after calling `init_weights` of PETR  
 
2026-06-14 03:20:00,858 - mmcv - INFO - 
bbox_head.encoder.final_norm.weight - torch.Size([256]): 
The value is the same before and after calling `init_weights` of PETR  
 
2026-06-14 03:20:00,858 - mmcv - INFO - 
bbox_head.encoder.final_norm.bias - torch.Size([256]): 
The value is the same before and after calling `init_weights` of PETR  
 
2026-06-14 03:20:00,858 - mmcv - INFO - 
bbox_head.decoder_attn.in_proj_weight - torch.Size([768, 256]): 
The value is the same before and after calling `init_weights` of PETR  
 
2026-06-14 03:20:00,858 - mmcv - INFO - 
bbox_head.decoder_attn.in_proj_bias - torch.Size([768]): 
The value is the same before and after calling `init_weights` of PETR  
 
2026-06-14 03:20:00,858 - mmcv - INFO - 
bbox_head.decoder_attn.out_proj.weight - torch.Size([256, 256]): 
The value is the same before and after calling `init_weights` of PETR  
 
2026-06-14 03:20:00,858 - mmcv - INFO - 
bbox_head.decoder_attn.out_proj.bias - torch.Size([256]): 
The value is the same before and after calling `init_weights` of PETR  
 
2026-06-14 03:20:00,858 - mmcv - INFO - 
bbox_head.query_embedding.weight - torch.Size([100, 256]): 
Initialized by user-defined `init_weights` in WiTiDARHead  
 
2026-06-14 03:20:00,858 - mmcv - INFO - 
bbox_head.decoder_norm.weight - torch.Size([256]): 
The value is the same before and after calling `init_weights` of PETR  
 
2026-06-14 03:20:00,858 - mmcv - INFO - 
bbox_head.decoder_norm.bias - torch.Size([256]): 
The value is the same before and after calling `init_weights` of PETR  
 
2026-06-14 03:20:00,858 - mmcv - INFO - 
bbox_head.draft_regressor.0.weight - torch.Size([256, 256]): 
Initialized by user-defined `init_weights` in WiTiDARHead  
 
2026-06-14 03:20:00,858 - mmcv - INFO - 
bbox_head.draft_regressor.0.bias - torch.Size([256]): 
Initialized by user-defined `init_weights` in WiTiDARHead  
 
2026-06-14 03:20:00,858 - mmcv - INFO - 
bbox_head.draft_regressor.2.weight - torch.Size([256, 256]): 
Initialized by user-defined `init_weights` in WiTiDARHead  
 
2026-06-14 03:20:00,858 - mmcv - INFO - 
bbox_head.draft_regressor.2.bias - torch.Size([256]): 
Initialized by user-defined `init_weights` in WiTiDARHead  
 
2026-06-14 03:20:00,858 - mmcv - INFO - 
bbox_head.draft_regressor.4.weight - torch.Size([42, 256]): 
Initialized by user-defined `init_weights` in WiTiDARHead  
 
2026-06-14 03:20:00,858 - mmcv - INFO - 
bbox_head.draft_regressor.4.bias - torch.Size([42]): 
Initialized by user-defined `init_weights` in WiTiDARHead  
 
2026-06-14 03:20:00,858 - mmcv - INFO - 
bbox_head.cls_head.weight - torch.Size([1, 256]): 
The value is the same before and after calling `init_weights` of PETR  
 
2026-06-14 03:20:00,858 - mmcv - INFO - 
bbox_head.cls_head.bias - torch.Size([1]): 
Initialized by user-defined `init_weights` in WiTiDARHead  
 
2026-06-14 03:20:00,858 - mmcv - INFO - 
bbox_head.flow_model.velocity_net.time_mlp.1.weight - torch.Size([128, 64]): 
The value is the same before and after calling `init_weights` of PETR  
 
2026-06-14 03:20:00,858 - mmcv - INFO - 
bbox_head.flow_model.velocity_net.time_mlp.1.bias - torch.Size([128]): 
The value is the same before and after calling `init_weights` of PETR  
 
2026-06-14 03:20:00,858 - mmcv - INFO - 
bbox_head.flow_model.velocity_net.time_mlp.3.weight - torch.Size([64, 128]): 
The value is the same before and after calling `init_weights` of PETR  
 
2026-06-14 03:20:00,858 - mmcv - INFO - 
bbox_head.flow_model.velocity_net.time_mlp.3.bias - torch.Size([64]): 
The value is the same before and after calling `init_weights` of PETR  
 
2026-06-14 03:20:00,858 - mmcv - INFO - 
bbox_head.flow_model.velocity_net.input_proj.weight - torch.Size([512, 362]): 
The value is the same before and after calling `init_weights` of PETR  
 
2026-06-14 03:20:00,858 - mmcv - INFO - 
bbox_head.flow_model.velocity_net.input_proj.bias - torch.Size([512]): 
The value is the same before and after calling `init_weights` of PETR  
 
2026-06-14 03:20:00,859 - mmcv - INFO - 
bbox_head.flow_model.velocity_net.blocks.0.net.0.weight - torch.Size([512]): 
The value is the same before and after calling `init_weights` of PETR  
 
2026-06-14 03:20:00,859 - mmcv - INFO - 
bbox_head.flow_model.velocity_net.blocks.0.net.0.bias - torch.Size([512]): 
The value is the same before and after calling `init_weights` of PETR  
 
2026-06-14 03:20:00,859 - mmcv - INFO - 
bbox_head.flow_model.velocity_net.blocks.0.net.1.weight - torch.Size([512, 512]): 
The value is the same before and after calling `init_weights` of PETR  
 
2026-06-14 03:20:00,859 - mmcv - INFO - 
bbox_head.flow_model.velocity_net.blocks.0.net.1.bias - torch.Size([512]): 
The value is the same before and after calling `init_weights` of PETR  
 
2026-06-14 03:20:00,859 - mmcv - INFO - 
bbox_head.flow_model.velocity_net.blocks.0.net.4.weight - torch.Size([512, 512]): 
The value is the same before and after calling `init_weights` of PETR  
 
2026-06-14 03:20:00,859 - mmcv - INFO - 
bbox_head.flow_model.velocity_net.blocks.0.net.4.bias - torch.Size([512]): 
The value is the same before and after calling `init_weights` of PETR  
 
2026-06-14 03:20:00,859 - mmcv - INFO - 
bbox_head.flow_model.velocity_net.blocks.1.net.0.weight - torch.Size([512]): 
The value is the same before and after calling `init_weights` of PETR  
 
2026-06-14 03:20:00,859 - mmcv - INFO - 
bbox_head.flow_model.velocity_net.blocks.1.net.0.bias - torch.Size([512]): 
The value is the same before and after calling `init_weights` of PETR  
 
2026-06-14 03:20:00,859 - mmcv - INFO - 
bbox_head.flow_model.velocity_net.blocks.1.net.1.weight - torch.Size([512, 512]): 
The value is the same before and after calling `init_weights` of PETR  
 
2026-06-14 03:20:00,859 - mmcv - INFO - 
bbox_head.flow_model.velocity_net.blocks.1.net.1.bias - torch.Size([512]): 
The value is the same before and after calling `init_weights` of PETR  
 
2026-06-14 03:20:00,859 - mmcv - INFO - 
bbox_head.flow_model.velocity_net.blocks.1.net.4.weight - torch.Size([512, 512]): 
The value is the same before and after calling `init_weights` of PETR  
 
2026-06-14 03:20:00,859 - mmcv - INFO - 
bbox_head.flow_model.velocity_net.blocks.1.net.4.bias - torch.Size([512]): 
The value is the same before and after calling `init_weights` of PETR  
 
2026-06-14 03:20:00,859 - mmcv - INFO - 
bbox_head.flow_model.velocity_net.blocks.2.net.0.weight - torch.Size([512]): 
The value is the same before and after calling `init_weights` of PETR  
 
2026-06-14 03:20:00,859 - mmcv - INFO - 
bbox_head.flow_model.velocity_net.blocks.2.net.0.bias - torch.Size([512]): 
The value is the same before and after calling `init_weights` of PETR  
 
2026-06-14 03:20:00,859 - mmcv - INFO - 
bbox_head.flow_model.velocity_net.blocks.2.net.1.weight - torch.Size([512, 512]): 
The value is the same before and after calling `init_weights` of PETR  
 
2026-06-14 03:20:00,859 - mmcv - INFO - 
bbox_head.flow_model.velocity_net.blocks.2.net.1.bias - torch.Size([512]): 
The value is the same before and after calling `init_weights` of PETR  
 
2026-06-14 03:20:00,859 - mmcv - INFO - 
bbox_head.flow_model.velocity_net.blocks.2.net.4.weight - torch.Size([512, 512]): 
The value is the same before and after calling `init_weights` of PETR  
 
2026-06-14 03:20:00,859 - mmcv - INFO - 
bbox_head.flow_model.velocity_net.blocks.2.net.4.bias - torch.Size([512]): 
The value is the same before and after calling `init_weights` of PETR  
 
2026-06-14 03:20:00,859 - mmcv - INFO - 
bbox_head.flow_model.velocity_net.output_norm.weight - torch.Size([512]): 
The value is the same before and after calling `init_weights` of PETR  
 
2026-06-14 03:20:00,859 - mmcv - INFO - 
bbox_head.flow_model.velocity_net.output_norm.bias - torch.Size([512]): 
The value is the same before and after calling `init_weights` of PETR  
 
2026-06-14 03:20:00,859 - mmcv - INFO - 
bbox_head.flow_model.velocity_net.final_linear.weight - torch.Size([42, 512]): 
The value is the same before and after calling `init_weights` of PETR  
 
2026-06-14 03:20:00,859 - mmcv - INFO - 
bbox_head.flow_model.velocity_net.final_linear.bias - torch.Size([42]): 
The value is the same before and after calling `init_weights` of PETR  
 
2026-06-14 03:20:01,036 - mmdet - INFO - Automatic scaling of learning rate (LR) has been disabled.
2026-06-14 03:20:01,046 - mmdet - INFO - Start running, host: root@46a3f357d26a, work_dir: /root/Person-in-WiFi-3D/work_dirs/m9_flow_step2_ablation/T_FW1
2026-06-14 03:20:01,046 - mmdet - INFO - Hooks will be executed in the following order:
before_run:
(VERY_HIGH   ) StepLrUpdaterHook                  
(NORMAL      ) LatestCheckpointHook               
(LOW         ) EvalHook                           
(VERY_LOW    ) TextLoggerHook                     
 -------------------- 
before_train_epoch:
(VERY_HIGH   ) StepLrUpdaterHook                  
(NORMAL      ) NumClassCheckHook                  
(NORMAL      ) BoneLossWarmupHook                 
(LOW         ) IterTimerHook                      
(LOW         ) EvalHook                           
(VERY_LOW    ) TextLoggerHook                     
 -------------------- 
before_train_iter:
(VERY_HIGH   ) StepLrUpdaterHook                  
(LOW         ) IterTimerHook                      
(LOW         ) EvalHook                           
 -------------------- 
after_train_iter:
(ABOVE_NORMAL) OptimizerHook                      
(NORMAL      ) LatestCheckpointHook               
(LOW         ) IterTimerHook                      
(LOW         ) EvalHook                           
(VERY_LOW    ) TextLoggerHook                     
 -------------------- 
after_train_epoch:
(NORMAL      ) LatestCheckpointHook               
(LOW         ) EvalHook                           
(VERY_LOW    ) TextLoggerHook                     
 -------------------- 
before_val_epoch:
(NORMAL      ) NumClassCheckHook                  
(LOW         ) IterTimerHook                      
(VERY_LOW    ) TextLoggerHook                     
 -------------------- 
before_val_iter:
(LOW         ) IterTimerHook                      
 -------------------- 
after_val_iter:
(LOW         ) IterTimerHook                      
 -------------------- 
after_val_epoch:
(VERY_LOW    ) TextLoggerHook                     
 -------------------- 
after_run:
(VERY_LOW    ) TextLoggerHook                     
 -------------------- 
2026-06-14 03:20:01,046 - mmdet - INFO - workflow: [('train', 1)], max: 5 epochs
2026-06-14 03:20:01,046 - mmdet - INFO - Checkpoints will be saved to /root/Person-in-WiFi-3D/work_dirs/m9_flow_step2_ablation/T_FW1 by HardDiskBackend.
2026-06-14 03:20:01,048 - mmdet - INFO - [BoneLossWarmup] Epoch 1/5 | Warmup: 1e, Ramp: 1e | Bone weight -> 0.0000
>>> Successfully patched mmcv._get_stream for PyTorch 2.0 compatibility.
[WiTiDARHead] Loaded gt_bone_stats.json from /root/Person-in-WiFi-3D/gt_bone_stats.json
/usr/local/envs/opera/lib/python3.10/site-packages/mamba_ssm/ops/triton/ssd_chunk_state.py:845: UserWarning: cumsum_cuda_kernel does not have a deterministic implementation, but you set 'torch.use_deterministic_algorithms(True, warn_only=True)'. You can file an issue at https://github.com/pytorch/pytorch/issues to help us prioritize adding deterministic support for this operation. (Triggered internally at ../aten/src/ATen/Context.cpp:71.)
  torch.cumsum(ddA_cumsum, dim=-1, out=ddA_cumsum)
/usr/local/envs/opera/lib/python3.10/site-packages/mamba_ssm/ops/triton/ssd_combined.py:437: UserWarning: cumsum_cuda_kernel does not have a deterministic implementation, but you set 'torch.use_deterministic_algorithms(True, warn_only=True)'. You can file an issue at https://github.com/pytorch/pytorch/issues to help us prioritize adding deterministic support for this operation. (Triggered internally at ../aten/src/ATen/Context.cpp:71.)
  ddA_prev = ddA_cumsum_prev.flip([-1]).cumsum(dim=-1).flip([-1])
2026-06-14 03:20:35,278 - mmdet - INFO - Epoch [1][50/2811]	lr: 2.000e-06, eta: 2:39:47, time: 0.685, data_time: 0.075, memory: 693, loss_cls: 2.1008, loss_kpt: 367.2065, loss_flow: 3.8661, loss_bone: 0.0000, loss: 373.1734, grad_norm: 685.3497
2026-06-14 03:20:55,036 - mmdet - INFO - Epoch [1][100/2811]	lr: 2.000e-06, eta: 2:05:33, time: 0.395, data_time: 0.020, memory: 693, loss_cls: 2.3000, loss_kpt: 229.0040, loss_flow: 1.3969, loss_bone: 0.0000, loss: 232.7009, grad_norm: 522.7582
2026-06-14 03:21:14,511 - mmdet - INFO - Epoch [1][150/2811]	lr: 2.000e-06, eta: 1:53:29, time: 0.389, data_time: 0.019, memory: 693, loss_cls: 2.0602, loss_kpt: 149.0151, loss_flow: 0.5374, loss_bone: 0.0000, loss: 151.6127, grad_norm: 470.3598
2026-06-14 03:21:34,817 - mmdet - INFO - Epoch [1][200/2811]	lr: 2.000e-06, eta: 1:48:15, time: 0.406, data_time: 0.021, memory: 693, loss_cls: 1.7466, loss_kpt: 102.4199, loss_flow: 0.4069, loss_bone: 0.0000, loss: 104.5735, grad_norm: 351.1058
2026-06-14 03:21:54,831 - mmdet - INFO - Epoch [1][250/2811]	lr: 2.000e-06, eta: 1:44:43, time: 0.400, data_time: 0.020, memory: 693, loss_cls: 1.2322, loss_kpt: 92.8959, loss_flow: 0.2971, loss_bone: 0.0000, loss: 94.4252, grad_norm: 294.3711
2026-06-14 03:22:15,311 - mmdet - INFO - Epoch [1][300/2811]	lr: 2.000e-06, eta: 1:42:35, time: 0.410, data_time: 0.021, memory: 693, loss_cls: 0.9794, loss_kpt: 91.0121, loss_flow: 0.1604, loss_bone: 0.0000, loss: 92.1518, grad_norm: 313.0179
2026-06-14 03:22:34,784 - mmdet - INFO - Epoch [1][350/2811]	lr: 2.000e-06, eta: 1:40:19, time: 0.389, data_time: 0.020, memory: 693, loss_cls: 0.9491, loss_kpt: 89.5420, loss_flow: 0.1100, loss_bone: 0.0000, loss: 90.6011, grad_norm: 372.2845
2026-06-14 03:22:54,568 - mmdet - INFO - Epoch [1][400/2811]	lr: 2.000e-06, eta: 1:38:43, time: 0.396, data_time: 0.019, memory: 693, loss_cls: 0.9321, loss_kpt: 86.5803, loss_flow: 0.0872, loss_bone: 0.0000, loss: 87.5996, grad_norm: 421.4903
2026-06-14 03:23:14,782 - mmdet - INFO - Epoch [1][450/2811]	lr: 2.000e-06, eta: 1:37:37, time: 0.404, data_time: 0.020, memory: 693, loss_cls: 0.9195, loss_kpt: 81.4242, loss_flow: 0.0815, loss_bone: 0.0000, loss: 82.4252, grad_norm: 539.9330
2026-06-14 03:23:35,084 - mmdet - INFO - Epoch [1][500/2811]	lr: 2.000e-06, eta: 1:36:42, time: 0.406, data_time: 0.020, memory: 693, loss_cls: 0.9181, loss_kpt: 73.3791, loss_flow: 0.0746, loss_bone: 0.0000, loss: 74.3718, grad_norm: 738.3798
2026-06-14 03:23:55,671 - mmdet - INFO - Epoch [1][550/2811]	lr: 2.000e-06, eta: 1:36:01, time: 0.412, data_time: 0.020, memory: 693, loss_cls: 0.9259, loss_kpt: 59.3171, loss_flow: 0.0875, loss_bone: 0.0000, loss: 60.3305, grad_norm: 1044.3428
2026-06-14 03:24:16,016 - mmdet - INFO - Epoch [1][600/2811]	lr: 2.000e-06, eta: 1:35:17, time: 0.407, data_time: 0.021, memory: 693, loss_cls: 0.8723, loss_kpt: 51.7570, loss_flow: 0.0826, loss_bone: 0.0000, loss: 52.7119, grad_norm: 1281.3021
2026-06-14 03:24:36,579 - mmdet - INFO - Epoch [1][650/2811]	lr: 2.000e-06, eta: 1:34:42, time: 0.411, data_time: 0.020, memory: 693, loss_cls: 0.8363, loss_kpt: 48.6707, loss_flow: 0.0743, loss_bone: 0.0000, loss: 49.5813, grad_norm: 1214.7579
2026-06-14 03:24:56,844 - mmdet - INFO - Epoch [1][700/2811]	lr: 2.000e-06, eta: 1:34:03, time: 0.405, data_time: 0.020, memory: 693, loss_cls: 0.8044, loss_kpt: 46.9800, loss_flow: 0.0697, loss_bone: 0.0000, loss: 47.8542, grad_norm: 1327.2421
2026-06-14 03:25:15,419 - mmdet - INFO - Epoch [1][750/2811]	lr: 2.000e-06, eta: 1:32:56, time: 0.372, data_time: 0.019, memory: 693, loss_cls: 0.7824, loss_kpt: 45.1595, loss_flow: 0.0644, loss_bone: 0.0000, loss: 46.0063, grad_norm: 1278.3083
2026-06-14 03:25:36,491 - mmdet - INFO - Epoch [1][800/2811]	lr: 2.000e-06, eta: 1:32:37, time: 0.421, data_time: 0.021, memory: 693, loss_cls: 0.7750, loss_kpt: 43.0721, loss_flow: 0.0605, loss_bone: 0.0000, loss: 43.9076, grad_norm: 1350.1307
2026-06-14 03:25:56,899 - mmdet - INFO - Epoch [1][850/2811]	lr: 2.000e-06, eta: 1:32:08, time: 0.408, data_time: 0.020, memory: 693, loss_cls: 0.7634, loss_kpt: 41.0490, loss_flow: 0.0584, loss_bone: 0.0000, loss: 41.8708, grad_norm: 1371.3596
2026-06-14 03:26:17,032 - mmdet - INFO - Epoch [1][900/2811]	lr: 2.000e-06, eta: 1:31:35, time: 0.403, data_time: 0.021, memory: 693, loss_cls: 0.7532, loss_kpt: 40.3065, loss_flow: 0.0571, loss_bone: 0.0000, loss: 41.1169, grad_norm: 1430.1563
2026-06-14 03:26:38,088 - mmdet - INFO - Epoch [1][950/2811]	lr: 2.000e-06, eta: 1:31:17, time: 0.421, data_time: 0.021, memory: 693, loss_cls: 0.7387, loss_kpt: 38.6963, loss_flow: 0.0566, loss_bone: 0.0000, loss: 39.4915, grad_norm: 1347.9056
2026-06-14 03:26:58,269 - mmdet - INFO - Exp name: wi_tidir_wifi_mamba2_flattened_flow_w1.py
2026-06-14 03:26:58,269 - mmdet - INFO - Epoch [1][1000/2811]	lr: 2.000e-06, eta: 1:30:46, time: 0.404, data_time: 0.021, memory: 693, loss_cls: 0.7355, loss_kpt: 36.6511, loss_flow: 0.0534, loss_bone: 0.0000, loss: 37.4399, grad_norm: 1363.0658
2026-06-14 03:27:19,282 - mmdet - INFO - Epoch [1][1050/2811]	lr: 2.000e-06, eta: 1:30:27, time: 0.420, data_time: 0.020, memory: 693, loss_cls: 0.7332, loss_kpt: 36.2101, loss_flow: 0.0527, loss_bone: 0.0000, loss: 36.9960, grad_norm: 1343.1464
2026-06-14 03:27:40,195 - mmdet - INFO - Epoch [1][1100/2811]	lr: 2.000e-06, eta: 1:30:07, time: 0.418, data_time: 0.019, memory: 693, loss_cls: 0.7253, loss_kpt: 35.0106, loss_flow: 0.0514, loss_bone: 0.0000, loss: 35.7872, grad_norm: 1350.2047
2026-06-14 03:28:01,582 - mmdet - INFO - Epoch [1][1150/2811]	lr: 2.000e-06, eta: 1:29:52, time: 0.428, data_time: 0.020, memory: 693, loss_cls: 0.7204, loss_kpt: 34.8715, loss_flow: 0.0508, loss_bone: 0.0000, loss: 35.6427, grad_norm: 1388.7979
2026-06-14 03:28:18,316 - mmdet - INFO - Epoch [1][1200/2811]	lr: 2.000e-06, eta: 1:28:46, time: 0.335, data_time: 0.018, memory: 693, loss_cls: 0.7128, loss_kpt: 33.8504, loss_flow: 0.0491, loss_bone: 0.0000, loss: 34.6124, grad_norm: 1271.4171
2026-06-14 03:28:35,088 - mmdet - INFO - Epoch [1][1250/2811]	lr: 2.000e-06, eta: 1:27:45, time: 0.335, data_time: 0.018, memory: 693, loss_cls: 0.7111, loss_kpt: 33.1569, loss_flow: 0.0479, loss_bone: 0.0000, loss: 33.9159, grad_norm: 1309.4534
2026-06-14 03:28:53,726 - mmdet - INFO - Epoch [1][1300/2811]	lr: 2.000e-06, eta: 1:27:06, time: 0.373, data_time: 0.019, memory: 693, loss_cls: 0.7044, loss_kpt: 32.5594, loss_flow: 0.0469, loss_bone: 0.0000, loss: 33.3107, grad_norm: 1218.9138
2026-06-14 03:29:13,527 - mmdet - INFO - Epoch [1][1350/2811]	lr: 2.000e-06, eta: 1:26:39, time: 0.396, data_time: 0.020, memory: 693, loss_cls: 0.7016, loss_kpt: 32.1572, loss_flow: 0.0465, loss_bone: 0.0000, loss: 32.9052, grad_norm: 1249.5880
2026-06-14 03:29:35,124 - mmdet - INFO - Epoch [1][1400/2811]	lr: 2.000e-06, eta: 1:26:29, time: 0.432, data_time: 0.021, memory: 693, loss_cls: 0.7031, loss_kpt: 31.6991, loss_flow: 0.0454, loss_bone: 0.0000, loss: 32.4476, grad_norm: 1300.5922
2026-06-14 03:29:57,443 - mmdet - INFO - Epoch [1][1450/2811]	lr: 2.000e-06, eta: 1:26:24, time: 0.446, data_time: 0.020, memory: 693, loss_cls: 0.6986, loss_kpt: 31.3586, loss_flow: 0.0448, loss_bone: 0.0000, loss: 32.1020, grad_norm: 1208.3567
2026-06-14 03:30:20,555 - mmdet - INFO - Epoch [1][1500/2811]	lr: 2.000e-06, eta: 1:26:25, time: 0.462, data_time: 0.020, memory: 693, loss_cls: 0.6965, loss_kpt: 31.3081, loss_flow: 0.0436, loss_bone: 0.0000, loss: 32.0481, grad_norm: 1151.2707
2026-06-14 03:30:44,035 - mmdet - INFO - Epoch [1][1550/2811]	lr: 2.000e-06, eta: 1:26:27, time: 0.470, data_time: 0.020, memory: 693, loss_cls: 0.6923, loss_kpt: 30.9160, loss_flow: 0.0428, loss_bone: 0.0000, loss: 31.6512, grad_norm: 1139.9626
2026-06-14 03:31:07,675 - mmdet - INFO - Epoch [1][1600/2811]	lr: 2.000e-06, eta: 1:26:29, time: 0.473, data_time: 0.020, memory: 693, loss_cls: 0.6945, loss_kpt: 30.3935, loss_flow: 0.0424, loss_bone: 0.0000, loss: 31.1304, grad_norm: 1018.2959
2026-06-14 03:31:26,764 - mmdet - INFO - Epoch [1][1650/2811]	lr: 2.000e-06, eta: 1:25:55, time: 0.382, data_time: 0.019, memory: 693, loss_cls: 0.6908, loss_kpt: 30.2370, loss_flow: 0.0411, loss_bone: 0.0000, loss: 30.9688, grad_norm: 1061.2899
2026-06-14 03:31:47,345 - mmdet - INFO - Epoch [1][1700/2811]	lr: 2.000e-06, eta: 1:25:33, time: 0.412, data_time: 0.020, memory: 693, loss_cls: 0.6903, loss_kpt: 29.6090, loss_flow: 0.0401, loss_bone: 0.0000, loss: 30.3395, grad_norm: 992.0663
2026-06-14 03:32:07,460 - mmdet - INFO - Epoch [1][1750/2811]	lr: 2.000e-06, eta: 1:25:07, time: 0.402, data_time: 0.020, memory: 693, loss_cls: 0.6915, loss_kpt: 29.6634, loss_flow: 0.0412, loss_bone: 0.0000, loss: 30.3961, grad_norm: 1082.1138
2026-06-14 03:32:27,671 - mmdet - INFO - Epoch [1][1800/2811]	lr: 2.000e-06, eta: 1:24:43, time: 0.404, data_time: 0.019, memory: 693, loss_cls: 0.6856, loss_kpt: 29.3760, loss_flow: 0.0400, loss_bone: 0.0000, loss: 30.1017, grad_norm: 963.9251
2026-06-14 03:32:48,039 - mmdet - INFO - Epoch [1][1850/2811]	lr: 2.000e-06, eta: 1:24:20, time: 0.407, data_time: 0.019, memory: 693, loss_cls: 0.6878, loss_kpt: 28.2328, loss_flow: 0.0382, loss_bone: 0.0000, loss: 28.9588, grad_norm: 925.4304
2026-06-14 03:33:07,280 - mmdet - INFO - Epoch [1][1900/2811]	lr: 2.000e-06, eta: 1:23:49, time: 0.385, data_time: 0.019, memory: 693, loss_cls: 0.6911, loss_kpt: 28.4831, loss_flow: 0.0385, loss_bone: 0.0000, loss: 29.2128, grad_norm: 912.7263
2026-06-14 03:33:26,580 - mmdet - INFO - Epoch [1][1950/2811]	lr: 2.000e-06, eta: 1:23:20, time: 0.386, data_time: 0.020, memory: 693, loss_cls: 0.6829, loss_kpt: 28.6663, loss_flow: 0.0382, loss_bone: 0.0000, loss: 29.3874, grad_norm: 985.7115
2026-06-14 03:33:47,000 - mmdet - INFO - Exp name: wi_tidir_wifi_mamba2_flattened_flow_w1.py
2026-06-14 03:33:47,000 - mmdet - INFO - Epoch [1][2000/2811]	lr: 2.000e-06, eta: 1:22:58, time: 0.408, data_time: 0.021, memory: 693, loss_cls: 0.6782, loss_kpt: 28.0998, loss_flow: 0.0379, loss_bone: 0.0000, loss: 28.8159, grad_norm: 871.4760
2026-06-14 03:34:07,168 - mmdet - INFO - Epoch [1][2050/2811]	lr: 2.000e-06, eta: 1:22:34, time: 0.403, data_time: 0.021, memory: 693, loss_cls: 0.6815, loss_kpt: 27.4581, loss_flow: 0.0368, loss_bone: 0.0000, loss: 28.1763, grad_norm: 771.2090
2026-06-14 03:34:28,635 - mmdet - INFO - Epoch [1][2100/2811]	lr: 2.000e-06, eta: 1:22:18, time: 0.429, data_time: 0.020, memory: 693, loss_cls: 0.6766, loss_kpt: 27.6321, loss_flow: 0.0369, loss_bone: 0.0000, loss: 28.3456, grad_norm: 818.5700
2026-06-14 03:34:51,488 - mmdet - INFO - Epoch [1][2150/2811]	lr: 2.000e-06, eta: 1:22:10, time: 0.457, data_time: 0.021, memory: 693, loss_cls: 0.6729, loss_kpt: 27.7680, loss_flow: 0.0369, loss_bone: 0.0000, loss: 28.4778, grad_norm: 787.7712
2026-06-14 03:35:12,668 - mmdet - INFO - Epoch [1][2200/2811]	lr: 2.000e-06, eta: 1:21:52, time: 0.424, data_time: 0.021, memory: 693, loss_cls: 0.6710, loss_kpt: 26.9812, loss_flow: 0.0361, loss_bone: 0.0000, loss: 27.6884, grad_norm: 724.1457
2026-06-14 03:35:34,267 - mmdet - INFO - Epoch [1][2250/2811]	lr: 2.000e-06, eta: 1:21:36, time: 0.432, data_time: 0.020, memory: 693, loss_cls: 0.6693, loss_kpt: 26.8810, loss_flow: 0.0353, loss_bone: 0.0000, loss: 27.5856, grad_norm: 727.2199
2026-06-14 03:35:57,380 - mmdet - INFO - Epoch [1][2300/2811]	lr: 2.000e-06, eta: 1:21:27, time: 0.462, data_time: 0.021, memory: 693, loss_cls: 0.6741, loss_kpt: 26.8578, loss_flow: 0.0352, loss_bone: 0.0000, loss: 27.5670, grad_norm: 744.3205
2026-06-14 03:36:20,678 - mmdet - INFO - Epoch [1][2350/2811]	lr: 2.000e-06, eta: 1:21:19, time: 0.466, data_time: 0.021, memory: 693, loss_cls: 0.6711, loss_kpt: 26.9338, loss_flow: 0.0356, loss_bone: 0.0000, loss: 27.6405, grad_norm: 820.5284
2026-06-14 03:36:43,868 - mmdet - INFO - Epoch [1][2400/2811]	lr: 2.000e-06, eta: 1:21:09, time: 0.464, data_time: 0.021, memory: 693, loss_cls: 0.6674, loss_kpt: 26.5824, loss_flow: 0.0350, loss_bone: 0.0000, loss: 27.2849, grad_norm: 722.5213
2026-06-14 03:37:07,107 - mmdet - INFO - Epoch [1][2450/2811]	lr: 2.000e-06, eta: 1:21:00, time: 0.465, data_time: 0.021, memory: 693, loss_cls: 0.6583, loss_kpt: 26.5217, loss_flow: 0.0343, loss_bone: 0.0000, loss: 27.2143, grad_norm: 685.3716
2026-06-14 03:37:29,267 - mmdet - INFO - Epoch [1][2500/2811]	lr: 2.000e-06, eta: 1:20:44, time: 0.443, data_time: 0.020, memory: 693, loss_cls: 0.6619, loss_kpt: 26.2595, loss_flow: 0.0335, loss_bone: 0.0000, loss: 26.9549, grad_norm: 686.2105
2026-06-14 03:37:49,317 - mmdet - INFO - Epoch [1][2550/2811]	lr: 2.000e-06, eta: 1:20:19, time: 0.401, data_time: 0.021, memory: 693, loss_cls: 0.6608, loss_kpt: 26.3287, loss_flow: 0.0341, loss_bone: 0.0000, loss: 27.0236, grad_norm: 651.7198
2026-06-14 03:38:08,503 - mmdet - INFO - Epoch [1][2600/2811]	lr: 2.000e-06, eta: 1:19:51, time: 0.384, data_time: 0.020, memory: 693, loss_cls: 0.6608, loss_kpt: 26.2870, loss_flow: 0.0339, loss_bone: 0.0000, loss: 26.9818, grad_norm: 714.7606
2026-06-14 03:38:27,903 - mmdet - INFO - Epoch [1][2650/2811]	lr: 2.000e-06, eta: 1:19:23, time: 0.388, data_time: 0.021, memory: 693, loss_cls: 0.6551, loss_kpt: 26.6301, loss_flow: 0.0347, loss_bone: 0.0000, loss: 27.3199, grad_norm: 684.2842
2026-06-14 03:38:48,000 - mmdet - INFO - Epoch [1][2700/2811]	lr: 2.000e-06, eta: 1:18:59, time: 0.402, data_time: 0.021, memory: 693, loss_cls: 0.6536, loss_kpt: 26.0079, loss_flow: 0.0330, loss_bone: 0.0000, loss: 26.6946, grad_norm: 601.2774
2026-06-14 03:39:09,191 - mmdet - INFO - Epoch [1][2750/2811]	lr: 2.000e-06, eta: 1:18:39, time: 0.424, data_time: 0.021, memory: 693, loss_cls: 0.6565, loss_kpt: 26.1000, loss_flow: 0.0333, loss_bone: 0.0000, loss: 26.7898, grad_norm: 645.0174
2026-06-14 03:39:30,907 - mmdet - INFO - Epoch [1][2800/2811]	lr: 2.000e-06, eta: 1:18:22, time: 0.434, data_time: 0.021, memory: 693, loss_cls: 0.6491, loss_kpt: 25.7554, loss_flow: 0.0319, loss_bone: 0.0000, loss: 26.4365, grad_norm: 633.8737
2026-06-14 03:39:35,305 - mmdet - INFO - Updating latest checkpoint at 1 epochs
2026-06-14 03:39:35,426 - mmdet - INFO - [BoneLossWarmup] Epoch 2/5 | Warmup: 1e, Ramp: 1e | Bone weight -> 1.0000
2026-06-14 03:39:58,688 - mmdet - INFO - Epoch [2][50/2811]	lr: 2.000e-06, eta: 1:17:48, time: 0.465, data_time: 0.077, memory: 693, loss_cls: 0.6516, loss_kpt: 25.3615, loss_flow: 0.0316, loss_bone: 0.0921, loss: 26.1368, grad_norm: 592.2830
2026-06-14 03:40:19,978 - mmdet - INFO - Epoch [2][100/2811]	lr: 2.000e-06, eta: 1:17:29, time: 0.426, data_time: 0.022, memory: 693, loss_cls: 0.6480, loss_kpt: 25.1395, loss_flow: 0.0312, loss_bone: 0.0903, loss: 25.9090, grad_norm: 551.1152
2026-06-14 03:40:43,653 - mmdet - INFO - Epoch [2][150/2811]	lr: 2.000e-06, eta: 1:17:18, time: 0.473, data_time: 0.021, memory: 693, loss_cls: 0.6463, loss_kpt: 25.7064, loss_flow: 0.0320, loss_bone: 0.0906, loss: 26.4753, grad_norm: 595.1740
2026-06-14 03:41:07,346 - mmdet - INFO - Epoch [2][200/2811]	lr: 2.000e-06, eta: 1:17:08, time: 0.474, data_time: 0.021, memory: 693, loss_cls: 0.6467, loss_kpt: 25.7327, loss_flow: 0.0314, loss_bone: 0.0926, loss: 26.5034, grad_norm: 620.8500
2026-06-14 03:41:31,105 - mmdet - INFO - Epoch [2][250/2811]	lr: 2.000e-06, eta: 1:16:57, time: 0.475, data_time: 0.021, memory: 693, loss_cls: 0.6427, loss_kpt: 25.3930, loss_flow: 0.0316, loss_bone: 0.0911, loss: 26.1583, grad_norm: 547.8077
2026-06-14 03:41:52,717 - mmdet - INFO - Epoch [2][300/2811]	lr: 2.000e-06, eta: 1:16:38, time: 0.432, data_time: 0.021, memory: 693, loss_cls: 0.6426, loss_kpt: 25.3444, loss_flow: 0.0311, loss_bone: 0.0914, loss: 26.1095, grad_norm: 567.6661
2026-06-14 03:42:16,003 - mmdet - INFO - Epoch [2][350/2811]	lr: 2.000e-06, eta: 1:16:25, time: 0.466, data_time: 0.021, memory: 693, loss_cls: 0.6471, loss_kpt: 25.4572, loss_flow: 0.0308, loss_bone: 0.0926, loss: 26.2277, grad_norm: 594.3466
2026-06-14 03:42:39,215 - mmdet - INFO - Epoch [2][400/2811]	lr: 2.000e-06, eta: 1:16:11, time: 0.464, data_time: 0.020, memory: 693, loss_cls: 0.6383, loss_kpt: 25.5420, loss_flow: 0.0309, loss_bone: 0.0903, loss: 26.3015, grad_norm: 574.0670
2026-06-14 03:43:02,459 - mmdet - INFO - Epoch [2][450/2811]	lr: 2.000e-06, eta: 1:15:57, time: 0.465, data_time: 0.021, memory: 693, loss_cls: 0.6433, loss_kpt: 25.0528, loss_flow: 0.0297, loss_bone: 0.0898, loss: 25.8156, grad_norm: 556.1564
2026-06-14 03:43:23,891 - mmdet - INFO - Epoch [2][500/2811]	lr: 2.000e-06, eta: 1:15:37, time: 0.429, data_time: 0.021, memory: 693, loss_cls: 0.6388, loss_kpt: 25.1074, loss_flow: 0.0296, loss_bone: 0.0910, loss: 25.8667, grad_norm: 519.0694
2026-06-14 03:43:44,141 - mmdet - INFO - Epoch [2][550/2811]	lr: 2.000e-06, eta: 1:15:13, time: 0.405, data_time: 0.020, memory: 693, loss_cls: 0.6362, loss_kpt: 25.0990, loss_flow: 0.0299, loss_bone: 0.0909, loss: 25.8561, grad_norm: 594.6540
2026-06-14 03:44:04,339 - mmdet - INFO - Epoch [2][600/2811]	lr: 2.000e-06, eta: 1:14:49, time: 0.404, data_time: 0.020, memory: 693, loss_cls: 0.6354, loss_kpt: 25.3107, loss_flow: 0.0293, loss_bone: 0.0905, loss: 26.0658, grad_norm: 589.0439
2026-06-14 03:44:24,359 - mmdet - INFO - Epoch [2][650/2811]	lr: 2.000e-06, eta: 1:14:25, time: 0.400, data_time: 0.021, memory: 693, loss_cls: 0.6363, loss_kpt: 24.5926, loss_flow: 0.0292, loss_bone: 0.0911, loss: 25.3493, grad_norm: 553.7383
2026-06-14 03:44:44,479 - mmdet - INFO - Epoch [2][700/2811]	lr: 2.000e-06, eta: 1:14:01, time: 0.402, data_time: 0.021, memory: 693, loss_cls: 0.6369, loss_kpt: 24.6731, loss_flow: 0.0288, loss_bone: 0.0906, loss: 25.4293, grad_norm: 508.3635
2026-06-14 03:45:05,816 - mmdet - INFO - Epoch [2][750/2811]	lr: 2.000e-06, eta: 1:13:41, time: 0.427, data_time: 0.020, memory: 693, loss_cls: 0.6342, loss_kpt: 24.7718, loss_flow: 0.0290, loss_bone: 0.0884, loss: 25.5235, grad_norm: 552.2555
2026-06-14 03:45:29,172 - mmdet - INFO - Epoch [2][800/2811]	lr: 2.000e-06, eta: 1:13:26, time: 0.467, data_time: 0.021, memory: 693, loss_cls: 0.6322, loss_kpt: 24.7068, loss_flow: 0.0289, loss_bone: 0.0901, loss: 25.4580, grad_norm: 536.2652
2026-06-14 03:45:52,158 - mmdet - INFO - Epoch [2][850/2811]	lr: 2.000e-06, eta: 1:13:10, time: 0.460, data_time: 0.020, memory: 693, loss_cls: 0.6309, loss_kpt: 24.6800, loss_flow: 0.0280, loss_bone: 0.0899, loss: 25.4289, grad_norm: 522.2749
2026-06-14 03:46:12,899 - mmdet - INFO - Epoch [2][900/2811]	lr: 2.000e-06, eta: 1:12:48, time: 0.415, data_time: 0.021, memory: 693, loss_cls: 0.6327, loss_kpt: 24.2626, loss_flow: 0.0281, loss_bone: 0.0908, loss: 25.0142, grad_norm: 545.1958
2026-06-14 03:46:32,991 - mmdet - INFO - Epoch [2][950/2811]	lr: 2.000e-06, eta: 1:12:24, time: 0.402, data_time: 0.020, memory: 693, loss_cls: 0.6277, loss_kpt: 24.6394, loss_flow: 0.0287, loss_bone: 0.0905, loss: 25.3863, grad_norm: 543.2927
2026-06-14 03:46:54,268 - mmdet - INFO - Epoch [2][1000/2811]	lr: 2.000e-06, eta: 1:12:04, time: 0.426, data_time: 0.021, memory: 693, loss_cls: 0.6270, loss_kpt: 24.2047, loss_flow: 0.0278, loss_bone: 0.0897, loss: 24.9491, grad_norm: 490.3788
2026-06-14 03:47:16,335 - mmdet - INFO - Epoch [2][1050/2811]	lr: 2.000e-06, eta: 1:11:45, time: 0.441, data_time: 0.020, memory: 693, loss_cls: 0.6226, loss_kpt: 24.2730, loss_flow: 0.0275, loss_bone: 0.0913, loss: 25.0144, grad_norm: 506.3560
2026-06-14 03:47:36,891 - mmdet - INFO - Epoch [2][1100/2811]	lr: 2.000e-06, eta: 1:11:23, time: 0.411, data_time: 0.020, memory: 693, loss_cls: 0.6263, loss_kpt: 24.3177, loss_flow: 0.0275, loss_bone: 0.0914, loss: 25.0629, grad_norm: 528.4741
2026-06-14 03:47:57,428 - mmdet - INFO - Epoch [2][1150/2811]	lr: 2.000e-06, eta: 1:11:00, time: 0.411, data_time: 0.021, memory: 693, loss_cls: 0.6237, loss_kpt: 24.3207, loss_flow: 0.0278, loss_bone: 0.0894, loss: 25.0616, grad_norm: 532.7703
2026-06-14 03:48:16,503 - mmdet - INFO - Epoch [2][1200/2811]	lr: 2.000e-06, eta: 1:10:34, time: 0.381, data_time: 0.019, memory: 693, loss_cls: 0.6165, loss_kpt: 24.0646, loss_flow: 0.0272, loss_bone: 0.0893, loss: 24.7976, grad_norm: 446.6453
2026-06-14 03:48:38,668 - mmdet - INFO - Epoch [2][1250/2811]	lr: 2.000e-06, eta: 1:10:15, time: 0.443, data_time: 0.021, memory: 693, loss_cls: 0.6287, loss_kpt: 23.9763, loss_flow: 0.0267, loss_bone: 0.0910, loss: 24.7227, grad_norm: 486.8902
2026-06-14 03:48:59,120 - mmdet - INFO - Epoch [2][1300/2811]	lr: 2.000e-06, eta: 1:09:53, time: 0.409, data_time: 0.021, memory: 693, loss_cls: 0.6194, loss_kpt: 24.4105, loss_flow: 0.0267, loss_bone: 0.0902, loss: 25.1467, grad_norm: 464.7013
2026-06-14 03:49:21,049 - mmdet - INFO - Epoch [2][1350/2811]	lr: 2.000e-06, eta: 1:09:34, time: 0.439, data_time: 0.020, memory: 693, loss_cls: 0.6196, loss_kpt: 23.9040, loss_flow: 0.0264, loss_bone: 0.0889, loss: 24.6389, grad_norm: 509.9782
2026-06-14 03:49:43,627 - mmdet - INFO - Epoch [2][1400/2811]	lr: 2.000e-06, eta: 1:09:16, time: 0.452, data_time: 0.021, memory: 693, loss_cls: 0.6236, loss_kpt: 24.2668, loss_flow: 0.0273, loss_bone: 0.0897, loss: 25.0074, grad_norm: 505.8020
2026-06-14 03:50:03,904 - mmdet - INFO - Epoch [2][1450/2811]	lr: 2.000e-06, eta: 1:08:53, time: 0.406, data_time: 0.020, memory: 693, loss_cls: 0.6200, loss_kpt: 24.0449, loss_flow: 0.0283, loss_bone: 0.0894, loss: 24.7826, grad_norm: 503.1797
2026-06-14 03:50:27,060 - mmdet - INFO - Epoch [2][1500/2811]	lr: 2.000e-06, eta: 1:08:37, time: 0.463, data_time: 0.020, memory: 693, loss_cls: 0.6178, loss_kpt: 24.3094, loss_flow: 0.0273, loss_bone: 0.0902, loss: 25.0448, grad_norm: 546.7944
2026-06-14 03:50:49,087 - mmdet - INFO - Epoch [2][1550/2811]	lr: 2.000e-06, eta: 1:08:17, time: 0.441, data_time: 0.021, memory: 693, loss_cls: 0.6218, loss_kpt: 24.1587, loss_flow: 0.0272, loss_bone: 0.0890, loss: 24.8966, grad_norm: 529.9787
2026-06-14 03:51:09,247 - mmdet - INFO - Epoch [2][1600/2811]	lr: 2.000e-06, eta: 1:07:54, time: 0.403, data_time: 0.020, memory: 693, loss_cls: 0.6176, loss_kpt: 24.2175, loss_flow: 0.0268, loss_bone: 0.0895, loss: 24.9514, grad_norm: 513.0325
2026-06-14 03:51:31,459 - mmdet - INFO - Epoch [2][1650/2811]	lr: 2.000e-06, eta: 1:07:35, time: 0.444, data_time: 0.021, memory: 693, loss_cls: 0.6210, loss_kpt: 24.2513, loss_flow: 0.0270, loss_bone: 0.0902, loss: 24.9895, grad_norm: 549.0376
2026-06-14 03:51:52,327 - mmdet - INFO - Epoch [2][1700/2811]	lr: 2.000e-06, eta: 1:07:14, time: 0.417, data_time: 0.021, memory: 693, loss_cls: 0.6205, loss_kpt: 24.1396, loss_flow: 0.0271, loss_bone: 0.0897, loss: 24.8768, grad_norm: 456.2827
2026-06-14 03:52:13,096 - mmdet - INFO - Epoch [2][1750/2811]	lr: 2.000e-06, eta: 1:06:52, time: 0.415, data_time: 0.021, memory: 693, loss_cls: 0.6150, loss_kpt: 23.8979, loss_flow: 0.0262, loss_bone: 0.0896, loss: 24.6287, grad_norm: 484.1987
2026-06-14 03:52:33,409 - mmdet - INFO - Epoch [2][1800/2811]	lr: 2.000e-06, eta: 1:06:29, time: 0.406, data_time: 0.021, memory: 693, loss_cls: 0.6184, loss_kpt: 23.9983, loss_flow: 0.0275, loss_bone: 0.0899, loss: 24.7342, grad_norm: 531.3240
2026-06-14 03:52:54,124 - mmdet - INFO - Epoch [2][1850/2811]	lr: 2.000e-06, eta: 1:06:07, time: 0.414, data_time: 0.021, memory: 693, loss_cls: 0.6164, loss_kpt: 24.2128, loss_flow: 0.0267, loss_bone: 0.0895, loss: 24.9454, grad_norm: 466.6190
2026-06-14 03:53:14,988 - mmdet - INFO - Epoch [2][1900/2811]	lr: 2.000e-06, eta: 1:05:45, time: 0.417, data_time: 0.021, memory: 693, loss_cls: 0.6146, loss_kpt: 24.1969, loss_flow: 0.0276, loss_bone: 0.0906, loss: 24.9297, grad_norm: 529.1755
2026-06-14 03:53:32,404 - mmdet - INFO - Epoch [2][1950/2811]	lr: 2.000e-06, eta: 1:05:17, time: 0.348, data_time: 0.019, memory: 693, loss_cls: 0.6182, loss_kpt: 23.6105, loss_flow: 0.0260, loss_bone: 0.0889, loss: 24.3437, grad_norm: 478.7807
2026-06-14 03:53:52,401 - mmdet - INFO - Epoch [2][2000/2811]	lr: 2.000e-06, eta: 1:04:54, time: 0.400, data_time: 0.018, memory: 693, loss_cls: 0.6156, loss_kpt: 23.7023, loss_flow: 0.0257, loss_bone: 0.0899, loss: 24.4334, grad_norm: 538.5884
2026-06-14 03:54:13,268 - mmdet - INFO - Epoch [2][2050/2811]	lr: 2.000e-06, eta: 1:04:32, time: 0.417, data_time: 0.019, memory: 693, loss_cls: 0.6173, loss_kpt: 23.9177, loss_flow: 0.0266, loss_bone: 0.0903, loss: 24.6518, grad_norm: 462.5956
2026-06-14 03:54:34,207 - mmdet - INFO - Epoch [2][2100/2811]	lr: 2.000e-06, eta: 1:04:11, time: 0.419, data_time: 0.020, memory: 693, loss_cls: 0.6115, loss_kpt: 23.4376, loss_flow: 0.0255, loss_bone: 0.0894, loss: 24.1641, grad_norm: 449.5681
2026-06-14 03:54:55,455 - mmdet - INFO - Epoch [2][2150/2811]	lr: 2.000e-06, eta: 1:03:50, time: 0.425, data_time: 0.020, memory: 693, loss_cls: 0.6173, loss_kpt: 23.4306, loss_flow: 0.0256, loss_bone: 0.0893, loss: 24.1627, grad_norm: 459.9744
2026-06-14 03:55:15,707 - mmdet - INFO - Epoch [2][2200/2811]	lr: 2.000e-06, eta: 1:03:28, time: 0.405, data_time: 0.021, memory: 693, loss_cls: 0.6107, loss_kpt: 23.4704, loss_flow: 0.0261, loss_bone: 0.0904, loss: 24.1976, grad_norm: 477.7102
2026-06-14 03:55:35,831 - mmdet - INFO - Epoch [2][2250/2811]	lr: 2.000e-06, eta: 1:03:05, time: 0.402, data_time: 0.020, memory: 693, loss_cls: 0.6195, loss_kpt: 23.5333, loss_flow: 0.0250, loss_bone: 0.0894, loss: 24.2672, grad_norm: 461.9518
2026-06-14 03:55:55,843 - mmdet - INFO - Epoch [2][2300/2811]	lr: 2.000e-06, eta: 1:02:42, time: 0.400, data_time: 0.021, memory: 693, loss_cls: 0.6155, loss_kpt: 23.4874, loss_flow: 0.0259, loss_bone: 0.0901, loss: 24.2190, grad_norm: 437.1329
2026-06-14 03:56:16,051 - mmdet - INFO - Epoch [2][2350/2811]	lr: 2.000e-06, eta: 1:02:20, time: 0.404, data_time: 0.021, memory: 693, loss_cls: 0.6176, loss_kpt: 23.4734, loss_flow: 0.0254, loss_bone: 0.0888, loss: 24.2053, grad_norm: 493.9051
2026-06-14 03:56:36,983 - mmdet - INFO - Epoch [2][2400/2811]	lr: 2.000e-06, eta: 1:01:59, time: 0.419, data_time: 0.020, memory: 693, loss_cls: 0.6145, loss_kpt: 23.4042, loss_flow: 0.0261, loss_bone: 0.0891, loss: 24.1339, grad_norm: 473.4775
2026-06-14 03:56:57,070 - mmdet - INFO - Epoch [2][2450/2811]	lr: 2.000e-06, eta: 1:01:36, time: 0.402, data_time: 0.021, memory: 693, loss_cls: 0.6134, loss_kpt: 23.4629, loss_flow: 0.0254, loss_bone: 0.0899, loss: 24.1916, grad_norm: 466.7522
2026-06-14 03:57:17,341 - mmdet - INFO - Epoch [2][2500/2811]	lr: 2.000e-06, eta: 1:01:14, time: 0.405, data_time: 0.021, memory: 693, loss_cls: 0.6124, loss_kpt: 23.3181, loss_flow: 0.0251, loss_bone: 0.0897, loss: 24.0453, grad_norm: 404.5170
2026-06-14 03:57:37,551 - mmdet - INFO - Epoch [2][2550/2811]	lr: 2.000e-06, eta: 1:00:52, time: 0.404, data_time: 0.021, memory: 693, loss_cls: 0.6158, loss_kpt: 23.2133, loss_flow: 0.0255, loss_bone: 0.0889, loss: 23.9435, grad_norm: 416.8887
2026-06-14 03:58:00,004 - mmdet - INFO - Epoch [2][2600/2811]	lr: 2.000e-06, eta: 1:00:33, time: 0.449, data_time: 0.020, memory: 693, loss_cls: 0.6102, loss_kpt: 23.7003, loss_flow: 0.0254, loss_bone: 0.0894, loss: 24.4253, grad_norm: 433.8750
2026-06-14 03:58:22,471 - mmdet - INFO - Epoch [2][2650/2811]	lr: 2.000e-06, eta: 1:00:14, time: 0.449, data_time: 0.020, memory: 693, loss_cls: 0.6018, loss_kpt: 23.4139, loss_flow: 0.0246, loss_bone: 0.0905, loss: 24.1307, grad_norm: 427.2087
2026-06-14 03:58:45,012 - mmdet - INFO - Epoch [2][2700/2811]	lr: 2.000e-06, eta: 0:59:55, time: 0.451, data_time: 0.021, memory: 693, loss_cls: 0.6143, loss_kpt: 23.5271, loss_flow: 0.0259, loss_bone: 0.0904, loss: 24.2577, grad_norm: 482.5764
2026-06-14 03:59:05,259 - mmdet - INFO - Epoch [2][2750/2811]	lr: 2.000e-06, eta: 0:59:33, time: 0.405, data_time: 0.020, memory: 693, loss_cls: 0.6210, loss_kpt: 23.1772, loss_flow: 0.0249, loss_bone: 0.0892, loss: 23.9122, grad_norm: 431.7035
2026-06-14 03:59:27,261 - mmdet - INFO - Epoch [2][2800/2811]	lr: 2.000e-06, eta: 0:59:14, time: 0.440, data_time: 0.019, memory: 693, loss_cls: 0.6102, loss_kpt: 23.0402, loss_flow: 0.0243, loss_bone: 0.0899, loss: 23.7646, grad_norm: 404.3780
2026-06-14 03:59:32,444 - mmdet - INFO - Updating latest checkpoint at 2 epochs
2026-06-14 03:59:32,645 - mmdet - INFO - [BoneLossWarmup] Epoch 3/5 | Warmup: 1e, Ramp: 1e | Bone weight -> 1.0000
2026-06-14 03:59:57,640 - mmdet - INFO - Epoch [3][50/2811]	lr: 2.000e-06, eta: 0:58:47, time: 0.500, data_time: 0.073, memory: 693, loss_cls: 0.6125, loss_kpt: 22.7386, loss_flow: 0.0247, loss_bone: 0.0893, loss: 23.4652, grad_norm: 424.2967
2026-06-14 04:00:18,257 - mmdet - INFO - Epoch [3][100/2811]	lr: 2.000e-06, eta: 0:58:25, time: 0.412, data_time: 0.020, memory: 693, loss_cls: 0.6116, loss_kpt: 23.3832, loss_flow: 0.0246, loss_bone: 0.0903, loss: 24.1097, grad_norm: 452.4433
2026-06-14 04:00:39,100 - mmdet - INFO - Epoch [3][150/2811]	lr: 2.000e-06, eta: 0:58:04, time: 0.417, data_time: 0.019, memory: 693, loss_cls: 0.6106, loss_kpt: 23.1718, loss_flow: 0.0244, loss_bone: 0.0883, loss: 23.8952, grad_norm: 430.9001
2026-06-14 04:01:00,471 - mmdet - INFO - Epoch [3][200/2811]	lr: 2.000e-06, eta: 0:57:43, time: 0.427, data_time: 0.024, memory: 693, loss_cls: 0.6083, loss_kpt: 23.0371, loss_flow: 0.0248, loss_bone: 0.0886, loss: 23.7587, grad_norm: 391.5634
2026-06-14 04:01:21,322 - mmdet - INFO - Epoch [3][250/2811]	lr: 2.000e-06, eta: 0:57:22, time: 0.417, data_time: 0.021, memory: 693, loss_cls: 0.6032, loss_kpt: 23.0314, loss_flow: 0.0244, loss_bone: 0.0899, loss: 23.7490, grad_norm: 462.2035
2026-06-14 04:01:41,628 - mmdet - INFO - Epoch [3][300/2811]	lr: 2.000e-06, eta: 0:57:00, time: 0.406, data_time: 0.020, memory: 693, loss_cls: 0.6065, loss_kpt: 23.1908, loss_flow: 0.0245, loss_bone: 0.0903, loss: 23.9120, grad_norm: 434.0835
2026-06-14 04:02:04,755 - mmdet - INFO - Epoch [3][350/2811]	lr: 2.000e-06, eta: 0:56:42, time: 0.463, data_time: 0.021, memory: 693, loss_cls: 0.6089, loss_kpt: 22.5873, loss_flow: 0.0241, loss_bone: 0.0893, loss: 23.3096, grad_norm: 373.0283
2026-06-14 04:02:27,020 - mmdet - INFO - Epoch [3][400/2811]	lr: 2.000e-06, eta: 0:56:22, time: 0.445, data_time: 0.021, memory: 693, loss_cls: 0.6080, loss_kpt: 22.9659, loss_flow: 0.0240, loss_bone: 0.0902, loss: 23.6881, grad_norm: 428.6747
2026-06-14 04:02:49,080 - mmdet - INFO - Epoch [3][450/2811]	lr: 2.000e-06, eta: 0:56:03, time: 0.441, data_time: 0.021, memory: 693, loss_cls: 0.6051, loss_kpt: 23.1898, loss_flow: 0.0250, loss_bone: 0.0896, loss: 23.9095, grad_norm: 413.2701
2026-06-14 04:03:10,242 - mmdet - INFO - Epoch [3][500/2811]	lr: 2.000e-06, eta: 0:55:42, time: 0.423, data_time: 0.021, memory: 693, loss_cls: 0.6099, loss_kpt: 22.6228, loss_flow: 0.0239, loss_bone: 0.0889, loss: 23.3455, grad_norm: 403.9689
2026-06-14 04:03:30,488 - mmdet - INFO - Epoch [3][550/2811]	lr: 2.000e-06, eta: 0:55:20, time: 0.405, data_time: 0.021, memory: 693, loss_cls: 0.6005, loss_kpt: 23.1403, loss_flow: 0.0238, loss_bone: 0.0899, loss: 23.8545, grad_norm: 403.4433
2026-06-14 04:03:51,887 - mmdet - INFO - Epoch [3][600/2811]	lr: 2.000e-06, eta: 0:54:59, time: 0.428, data_time: 0.021, memory: 693, loss_cls: 0.6066, loss_kpt: 22.8424, loss_flow: 0.0240, loss_bone: 0.0900, loss: 23.5629, grad_norm: 441.9849
2026-06-14 04:04:12,073 - mmdet - INFO - Epoch [3][650/2811]	lr: 2.000e-06, eta: 0:54:37, time: 0.404, data_time: 0.021, memory: 693, loss_cls: 0.6038, loss_kpt: 23.1584, loss_flow: 0.0241, loss_bone: 0.0898, loss: 23.8761, grad_norm: 429.7475
2026-06-14 04:04:32,419 - mmdet - INFO - Epoch [3][700/2811]	lr: 2.000e-06, eta: 0:54:15, time: 0.407, data_time: 0.020, memory: 693, loss_cls: 0.6076, loss_kpt: 22.4386, loss_flow: 0.0237, loss_bone: 0.0892, loss: 23.1592, grad_norm: 391.0669
2026-06-14 04:04:52,780 - mmdet - INFO - Epoch [3][750/2811]	lr: 2.000e-06, eta: 0:53:53, time: 0.407, data_time: 0.021, memory: 693, loss_cls: 0.6018, loss_kpt: 22.8819, loss_flow: 0.0240, loss_bone: 0.0896, loss: 23.5973, grad_norm: 424.5326
2026-06-14 04:05:13,323 - mmdet - INFO - Epoch [3][800/2811]	lr: 2.000e-06, eta: 0:53:31, time: 0.411, data_time: 0.020, memory: 693, loss_cls: 0.6038, loss_kpt: 22.6122, loss_flow: 0.0239, loss_bone: 0.0909, loss: 23.3309, grad_norm: 415.8882
2026-06-14 04:05:34,097 - mmdet - INFO - Epoch [3][850/2811]	lr: 2.000e-06, eta: 0:53:10, time: 0.415, data_time: 0.021, memory: 693, loss_cls: 0.6007, loss_kpt: 22.9467, loss_flow: 0.0238, loss_bone: 0.0895, loss: 23.6607, grad_norm: 426.6655
2026-06-14 04:05:54,664 - mmdet - INFO - Epoch [3][900/2811]	lr: 2.000e-06, eta: 0:52:48, time: 0.411, data_time: 0.021, memory: 693, loss_cls: 0.6018, loss_kpt: 23.1279, loss_flow: 0.0245, loss_bone: 0.0896, loss: 23.8437, grad_norm: 426.4576
2026-06-14 04:06:15,024 - mmdet - INFO - Epoch [3][950/2811]	lr: 2.000e-06, eta: 0:52:27, time: 0.407, data_time: 0.021, memory: 693, loss_cls: 0.6007, loss_kpt: 22.7067, loss_flow: 0.0239, loss_bone: 0.0886, loss: 23.4199, grad_norm: 400.6834
2026-06-14 04:06:35,302 - mmdet - INFO - Epoch [3][1000/2811]	lr: 2.000e-06, eta: 0:52:05, time: 0.406, data_time: 0.021, memory: 693, loss_cls: 0.6001, loss_kpt: 22.6045, loss_flow: 0.0235, loss_bone: 0.0900, loss: 23.3181, grad_norm: 418.3487
2026-06-14 04:06:55,669 - mmdet - INFO - Epoch [3][1050/2811]	lr: 2.000e-06, eta: 0:51:43, time: 0.407, data_time: 0.023, memory: 693, loss_cls: 0.6025, loss_kpt: 22.2813, loss_flow: 0.0233, loss_bone: 0.0901, loss: 22.9973, grad_norm: 392.2230
2026-06-14 04:07:15,875 - mmdet - INFO - Epoch [3][1100/2811]	lr: 2.000e-06, eta: 0:51:21, time: 0.404, data_time: 0.020, memory: 693, loss_cls: 0.6016, loss_kpt: 22.1953, loss_flow: 0.0232, loss_bone: 0.0898, loss: 22.9098, grad_norm: 393.9295
2026-06-14 04:07:37,167 - mmdet - INFO - Epoch [3][1150/2811]	lr: 2.000e-06, eta: 0:51:00, time: 0.426, data_time: 0.021, memory: 693, loss_cls: 0.5981, loss_kpt: 22.8541, loss_flow: 0.0239, loss_bone: 0.0904, loss: 23.5663, grad_norm: 438.0931
2026-06-14 04:08:00,483 - mmdet - INFO - Epoch [3][1200/2811]	lr: 2.000e-06, eta: 0:50:42, time: 0.466, data_time: 0.020, memory: 693, loss_cls: 0.5978, loss_kpt: 22.4523, loss_flow: 0.0238, loss_bone: 0.0892, loss: 23.1631, grad_norm: 389.0895
2026-06-14 04:08:23,506 - mmdet - INFO - Epoch [3][1250/2811]	lr: 2.000e-06, eta: 0:50:23, time: 0.460, data_time: 0.020, memory: 693, loss_cls: 0.6034, loss_kpt: 22.4530, loss_flow: 0.0234, loss_bone: 0.0894, loss: 23.1692, grad_norm: 391.4251
2026-06-14 04:08:45,551 - mmdet - INFO - Epoch [3][1300/2811]	lr: 2.000e-06, eta: 0:50:03, time: 0.441, data_time: 0.021, memory: 693, loss_cls: 0.5997, loss_kpt: 22.3038, loss_flow: 0.0230, loss_bone: 0.0904, loss: 23.0169, grad_norm: 376.5220
2026-06-14 04:09:06,047 - mmdet - INFO - Epoch [3][1350/2811]	lr: 2.000e-06, eta: 0:49:41, time: 0.410, data_time: 0.021, memory: 693, loss_cls: 0.6004, loss_kpt: 22.1464, loss_flow: 0.0231, loss_bone: 0.0900, loss: 22.8599, grad_norm: 423.1057
2026-06-14 04:09:26,611 - mmdet - INFO - Epoch [3][1400/2811]	lr: 2.000e-06, eta: 0:49:20, time: 0.411, data_time: 0.020, memory: 693, loss_cls: 0.5956, loss_kpt: 22.4261, loss_flow: 0.0232, loss_bone: 0.0888, loss: 23.1337, grad_norm: 407.4229
2026-06-14 04:09:49,643 - mmdet - INFO - Epoch [3][1450/2811]	lr: 2.000e-06, eta: 0:49:01, time: 0.461, data_time: 0.020, memory: 693, loss_cls: 0.5972, loss_kpt: 22.4066, loss_flow: 0.0228, loss_bone: 0.0904, loss: 23.1170, grad_norm: 371.5525
2026-06-14 04:10:11,020 - mmdet - INFO - Epoch [3][1500/2811]	lr: 2.000e-06, eta: 0:48:40, time: 0.428, data_time: 0.020, memory: 693, loss_cls: 0.5933, loss_kpt: 22.5609, loss_flow: 0.0232, loss_bone: 0.0903, loss: 23.2676, grad_norm: 377.9584
2026-06-14 04:10:31,162 - mmdet - INFO - Epoch [3][1550/2811]	lr: 2.000e-06, eta: 0:48:18, time: 0.403, data_time: 0.020, memory: 693, loss_cls: 0.5910, loss_kpt: 22.4149, loss_flow: 0.0227, loss_bone: 0.0902, loss: 23.1188, grad_norm: 396.4356
2026-06-14 04:10:51,641 - mmdet - INFO - Epoch [3][1600/2811]	lr: 2.000e-06, eta: 0:47:56, time: 0.410, data_time: 0.021, memory: 693, loss_cls: 0.6008, loss_kpt: 21.9323, loss_flow: 0.0226, loss_bone: 0.0907, loss: 22.6464, grad_norm: 394.0831
2026-06-14 04:11:12,456 - mmdet - INFO - Epoch [3][1650/2811]	lr: 2.000e-06, eta: 0:47:35, time: 0.416, data_time: 0.019, memory: 693, loss_cls: 0.6016, loss_kpt: 22.2423, loss_flow: 0.0224, loss_bone: 0.0895, loss: 22.9559, grad_norm: 408.9641
2026-06-14 04:11:32,999 - mmdet - INFO - Epoch [3][1700/2811]	lr: 2.000e-06, eta: 0:47:14, time: 0.411, data_time: 0.020, memory: 693, loss_cls: 0.5995, loss_kpt: 22.3431, loss_flow: 0.0227, loss_bone: 0.0907, loss: 23.0560, grad_norm: 373.0093
2026-06-14 04:11:53,569 - mmdet - INFO - Epoch [3][1750/2811]	lr: 2.000e-06, eta: 0:46:52, time: 0.411, data_time: 0.020, memory: 693, loss_cls: 0.5951, loss_kpt: 22.0945, loss_flow: 0.0229, loss_bone: 0.0900, loss: 22.8025, grad_norm: 377.2411
2026-06-14 04:12:14,278 - mmdet - INFO - Epoch [3][1800/2811]	lr: 2.000e-06, eta: 0:46:31, time: 0.414, data_time: 0.020, memory: 693, loss_cls: 0.5908, loss_kpt: 22.3599, loss_flow: 0.0228, loss_bone: 0.0897, loss: 23.0631, grad_norm: 385.9808
2026-06-14 04:12:35,948 - mmdet - INFO - Epoch [3][1850/2811]	lr: 2.000e-06, eta: 0:46:10, time: 0.433, data_time: 0.021, memory: 693, loss_cls: 0.5883, loss_kpt: 22.4606, loss_flow: 0.0226, loss_bone: 0.0914, loss: 23.1629, grad_norm: 366.6196
2026-06-14 04:12:56,343 - mmdet - INFO - Epoch [3][1900/2811]	lr: 2.000e-06, eta: 0:45:49, time: 0.408, data_time: 0.020, memory: 693, loss_cls: 0.5867, loss_kpt: 22.4626, loss_flow: 0.0230, loss_bone: 0.0902, loss: 23.1625, grad_norm: 354.4053
2026-06-14 04:13:17,490 - mmdet - INFO - Epoch [3][1950/2811]	lr: 2.000e-06, eta: 0:45:28, time: 0.423, data_time: 0.021, memory: 693, loss_cls: 0.5930, loss_kpt: 22.9301, loss_flow: 0.0231, loss_bone: 0.0903, loss: 23.6364, grad_norm: 440.4539
2026-06-14 04:13:38,660 - mmdet - INFO - Epoch [3][2000/2811]	lr: 2.000e-06, eta: 0:45:07, time: 0.423, data_time: 0.021, memory: 693, loss_cls: 0.5877, loss_kpt: 22.2085, loss_flow: 0.0225, loss_bone: 0.0909, loss: 22.9096, grad_norm: 404.0447
2026-06-14 04:13:58,832 - mmdet - INFO - Epoch [3][2050/2811]	lr: 2.000e-06, eta: 0:44:45, time: 0.403, data_time: 0.020, memory: 693, loss_cls: 0.5848, loss_kpt: 22.1251, loss_flow: 0.0224, loss_bone: 0.0908, loss: 22.8231, grad_norm: 381.0741
2026-06-14 04:14:19,680 - mmdet - INFO - Epoch [3][2100/2811]	lr: 2.000e-06, eta: 0:44:24, time: 0.417, data_time: 0.020, memory: 693, loss_cls: 0.5866, loss_kpt: 22.4923, loss_flow: 0.0231, loss_bone: 0.0907, loss: 23.1928, grad_norm: 389.7532
2026-06-14 04:14:40,475 - mmdet - INFO - Epoch [3][2150/2811]	lr: 2.000e-06, eta: 0:44:03, time: 0.416, data_time: 0.021, memory: 693, loss_cls: 0.5882, loss_kpt: 22.3931, loss_flow: 0.0233, loss_bone: 0.0895, loss: 23.0941, grad_norm: 397.4536
2026-06-14 04:14:59,040 - mmdet - INFO - Epoch [3][2200/2811]	lr: 2.000e-06, eta: 0:43:40, time: 0.371, data_time: 0.019, memory: 693, loss_cls: 0.5935, loss_kpt: 22.2573, loss_flow: 0.0227, loss_bone: 0.0908, loss: 22.9643, grad_norm: 387.2173
2026-06-14 04:15:17,607 - mmdet - INFO - Epoch [3][2250/2811]	lr: 2.000e-06, eta: 0:43:17, time: 0.371, data_time: 0.019, memory: 693, loss_cls: 0.5921, loss_kpt: 21.5256, loss_flow: 0.0220, loss_bone: 0.0896, loss: 22.2293, grad_norm: 357.8533
2026-06-14 04:15:34,219 - mmdet - INFO - Epoch [3][2300/2811]	lr: 2.000e-06, eta: 0:42:52, time: 0.332, data_time: 0.017, memory: 693, loss_cls: 0.5926, loss_kpt: 22.0282, loss_flow: 0.0227, loss_bone: 0.0905, loss: 22.7340, grad_norm: 423.0980
2026-06-14 04:15:51,136 - mmdet - INFO - Epoch [3][2350/2811]	lr: 2.000e-06, eta: 0:42:28, time: 0.338, data_time: 0.018, memory: 693, loss_cls: 0.5822, loss_kpt: 22.3454, loss_flow: 0.0231, loss_bone: 0.0914, loss: 23.0422, grad_norm: 415.5657
2026-06-14 04:16:10,869 - mmdet - INFO - Epoch [3][2400/2811]	lr: 2.000e-06, eta: 0:42:06, time: 0.395, data_time: 0.020, memory: 693, loss_cls: 0.5868, loss_kpt: 22.0822, loss_flow: 0.0224, loss_bone: 0.0898, loss: 22.7811, grad_norm: 400.8158
2026-06-14 04:16:31,347 - mmdet - INFO - Epoch [3][2450/2811]	lr: 2.000e-06, eta: 0:41:45, time: 0.410, data_time: 0.021, memory: 693, loss_cls: 0.5907, loss_kpt: 21.9863, loss_flow: 0.0225, loss_bone: 0.0907, loss: 22.6902, grad_norm: 375.9149
2026-06-14 04:16:51,602 - mmdet - INFO - Epoch [3][2500/2811]	lr: 2.000e-06, eta: 0:41:24, time: 0.405, data_time: 0.020, memory: 693, loss_cls: 0.5855, loss_kpt: 21.9020, loss_flow: 0.0227, loss_bone: 0.0911, loss: 22.6013, grad_norm: 366.8749
2026-06-14 04:17:11,837 - mmdet - INFO - Epoch [3][2550/2811]	lr: 2.000e-06, eta: 0:41:02, time: 0.405, data_time: 0.021, memory: 693, loss_cls: 0.5814, loss_kpt: 21.8524, loss_flow: 0.0228, loss_bone: 0.0908, loss: 22.5475, grad_norm: 419.2717
2026-06-14 04:17:32,135 - mmdet - INFO - Epoch [3][2600/2811]	lr: 2.000e-06, eta: 0:40:41, time: 0.406, data_time: 0.021, memory: 693, loss_cls: 0.5826, loss_kpt: 21.6755, loss_flow: 0.0222, loss_bone: 0.0904, loss: 22.3707, grad_norm: 389.0664
2026-06-14 04:17:49,423 - mmdet - INFO - Epoch [3][2650/2811]	lr: 2.000e-06, eta: 0:40:17, time: 0.346, data_time: 0.019, memory: 693, loss_cls: 0.5871, loss_kpt: 22.3464, loss_flow: 0.0220, loss_bone: 0.0905, loss: 23.0461, grad_norm: 387.1153
2026-06-14 04:18:07,157 - mmdet - INFO - Epoch [3][2700/2811]	lr: 2.000e-06, eta: 0:39:54, time: 0.355, data_time: 0.019, memory: 693, loss_cls: 0.5817, loss_kpt: 21.8785, loss_flow: 0.0220, loss_bone: 0.0902, loss: 22.5723, grad_norm: 367.2035
2026-06-14 04:18:26,840 - mmdet - INFO - Epoch [3][2750/2811]	lr: 2.000e-06, eta: 0:39:33, time: 0.394, data_time: 0.020, memory: 693, loss_cls: 0.5872, loss_kpt: 21.5004, loss_flow: 0.0223, loss_bone: 0.0896, loss: 22.1995, grad_norm: 380.9834
2026-06-14 04:18:47,495 - mmdet - INFO - Epoch [3][2800/2811]	lr: 2.000e-06, eta: 0:39:11, time: 0.413, data_time: 0.020, memory: 693, loss_cls: 0.5849, loss_kpt: 21.8290, loss_flow: 0.0222, loss_bone: 0.0910, loss: 22.5272, grad_norm: 377.8508
2026-06-14 04:18:51,910 - mmdet - INFO - Updating latest checkpoint at 3 epochs
2026-06-14 04:18:52,118 - mmdet - INFO - [BoneLossWarmup] Epoch 4/5 | Warmup: 1e, Ramp: 1e | Bone weight -> 1.0000
2026-06-14 04:19:14,297 - mmdet - INFO - Epoch [4][50/2811]	lr: 2.000e-06, eta: 0:38:44, time: 0.444, data_time: 0.076, memory: 693, loss_cls: 0.5727, loss_kpt: 21.4193, loss_flow: 0.0210, loss_bone: 0.0908, loss: 22.1038, grad_norm: 338.7873
2026-06-14 04:19:34,399 - mmdet - INFO - Epoch [4][100/2811]	lr: 2.000e-06, eta: 0:38:23, time: 0.402, data_time: 0.020, memory: 693, loss_cls: 0.5869, loss_kpt: 21.8705, loss_flow: 0.0216, loss_bone: 0.0907, loss: 22.5698, grad_norm: 380.8224
2026-06-14 04:19:57,549 - mmdet - INFO - Epoch [4][150/2811]	lr: 2.000e-06, eta: 0:38:03, time: 0.463, data_time: 0.020, memory: 693, loss_cls: 0.5809, loss_kpt: 21.8093, loss_flow: 0.0223, loss_bone: 0.0909, loss: 22.5034, grad_norm: 361.3260
2026-06-14 04:20:19,132 - mmdet - INFO - Epoch [4][200/2811]	lr: 2.000e-06, eta: 0:37:43, time: 0.432, data_time: 0.021, memory: 693, loss_cls: 0.5833, loss_kpt: 21.8874, loss_flow: 0.0219, loss_bone: 0.0903, loss: 22.5830, grad_norm: 388.1209
2026-06-14 04:20:39,244 - mmdet - INFO - Epoch [4][250/2811]	lr: 2.000e-06, eta: 0:37:21, time: 0.402, data_time: 0.021, memory: 693, loss_cls: 0.5775, loss_kpt: 21.5880, loss_flow: 0.0221, loss_bone: 0.0905, loss: 22.2781, grad_norm: 370.1062
2026-06-14 04:21:00,607 - mmdet - INFO - Epoch [4][300/2811]	lr: 2.000e-06, eta: 0:37:01, time: 0.427, data_time: 0.020, memory: 693, loss_cls: 0.5779, loss_kpt: 21.7812, loss_flow: 0.0220, loss_bone: 0.0914, loss: 22.4725, grad_norm: 363.8335
2026-06-14 04:21:21,262 - mmdet - INFO - Epoch [4][350/2811]	lr: 2.000e-06, eta: 0:36:40, time: 0.413, data_time: 0.021, memory: 693, loss_cls: 0.5857, loss_kpt: 21.5055, loss_flow: 0.0217, loss_bone: 0.0908, loss: 22.2037, grad_norm: 384.7860
2026-06-14 04:21:43,081 - mmdet - INFO - Epoch [4][400/2811]	lr: 2.000e-06, eta: 0:36:20, time: 0.436, data_time: 0.021, memory: 693, loss_cls: 0.5846, loss_kpt: 21.5290, loss_flow: 0.0214, loss_bone: 0.0913, loss: 22.2263, grad_norm: 374.6992
2026-06-14 04:22:05,356 - mmdet - INFO - Epoch [4][450/2811]	lr: 2.000e-06, eta: 0:35:59, time: 0.445, data_time: 0.020, memory: 693, loss_cls: 0.5846, loss_kpt: 21.8467, loss_flow: 0.0225, loss_bone: 0.0906, loss: 22.5444, grad_norm: 403.3924
2026-06-14 04:22:27,127 - mmdet - INFO - Epoch [4][500/2811]	lr: 2.000e-06, eta: 0:35:39, time: 0.435, data_time: 0.020, memory: 693, loss_cls: 0.5791, loss_kpt: 21.3940, loss_flow: 0.0215, loss_bone: 0.0910, loss: 22.0855, grad_norm: 378.9072
2026-06-14 04:22:48,195 - mmdet - INFO - Epoch [4][550/2811]	lr: 2.000e-06, eta: 0:35:18, time: 0.421, data_time: 0.021, memory: 693, loss_cls: 0.5759, loss_kpt: 21.5013, loss_flow: 0.0218, loss_bone: 0.0911, loss: 22.1901, grad_norm: 346.6920
2026-06-14 04:23:08,292 - mmdet - INFO - Epoch [4][600/2811]	lr: 2.000e-06, eta: 0:34:57, time: 0.402, data_time: 0.021, memory: 693, loss_cls: 0.5816, loss_kpt: 21.5217, loss_flow: 0.0212, loss_bone: 0.0910, loss: 22.2155, grad_norm: 379.7879
2026-06-14 04:23:28,960 - mmdet - INFO - Epoch [4][650/2811]	lr: 2.000e-06, eta: 0:34:36, time: 0.413, data_time: 0.019, memory: 693, loss_cls: 0.5812, loss_kpt: 21.6067, loss_flow: 0.0221, loss_bone: 0.0913, loss: 22.3014, grad_norm: 328.8108
2026-06-14 04:23:49,754 - mmdet - INFO - Epoch [4][700/2811]	lr: 2.000e-06, eta: 0:34:15, time: 0.416, data_time: 0.021, memory: 693, loss_cls: 0.5753, loss_kpt: 21.8038, loss_flow: 0.0219, loss_bone: 0.0904, loss: 22.4913, grad_norm: 406.4124
2026-06-14 04:24:09,999 - mmdet - INFO - Epoch [4][750/2811]	lr: 2.000e-06, eta: 0:33:54, time: 0.405, data_time: 0.021, memory: 693, loss_cls: 0.5735, loss_kpt: 21.3896, loss_flow: 0.0215, loss_bone: 0.0913, loss: 22.0758, grad_norm: 343.5699
2026-06-14 04:24:31,811 - mmdet - INFO - Epoch [4][800/2811]	lr: 2.000e-06, eta: 0:33:33, time: 0.436, data_time: 0.020, memory: 693, loss_cls: 0.5832, loss_kpt: 21.0460, loss_flow: 0.0212, loss_bone: 0.0912, loss: 21.7416, grad_norm: 335.7176
2026-06-14 04:24:55,111 - mmdet - INFO - Epoch [4][850/2811]	lr: 2.000e-06, eta: 0:33:14, time: 0.466, data_time: 0.021, memory: 693, loss_cls: 0.5786, loss_kpt: 21.4786, loss_flow: 0.0218, loss_bone: 0.0914, loss: 22.1706, grad_norm: 379.5438
2026-06-14 04:25:16,247 - mmdet - INFO - Epoch [4][900/2811]	lr: 2.000e-06, eta: 0:32:53, time: 0.423, data_time: 0.020, memory: 693, loss_cls: 0.5765, loss_kpt: 21.6138, loss_flow: 0.0219, loss_bone: 0.0922, loss: 22.3044, grad_norm: 351.7380
2026-06-14 04:25:36,391 - mmdet - INFO - Epoch [4][950/2811]	lr: 2.000e-06, eta: 0:32:32, time: 0.403, data_time: 0.024, memory: 693, loss_cls: 0.5847, loss_kpt: 21.2056, loss_flow: 0.0212, loss_bone: 0.0917, loss: 21.9031, grad_norm: 332.3602
2026-06-14 04:25:58,299 - mmdet - INFO - Epoch [4][1000/2811]	lr: 2.000e-06, eta: 0:32:11, time: 0.438, data_time: 0.020, memory: 693, loss_cls: 0.5794, loss_kpt: 21.5314, loss_flow: 0.0220, loss_bone: 0.0923, loss: 22.2250, grad_norm: 358.0745
2026-06-14 04:26:19,038 - mmdet - INFO - Epoch [4][1050/2811]	lr: 2.000e-06, eta: 0:31:50, time: 0.415, data_time: 0.020, memory: 693, loss_cls: 0.5730, loss_kpt: 21.4345, loss_flow: 0.0211, loss_bone: 0.0913, loss: 22.1200, grad_norm: 327.4890
2026-06-14 04:26:41,276 - mmdet - INFO - Epoch [4][1100/2811]	lr: 2.000e-06, eta: 0:31:30, time: 0.445, data_time: 0.022, memory: 693, loss_cls: 0.5852, loss_kpt: 21.0795, loss_flow: 0.0213, loss_bone: 0.0918, loss: 21.7778, grad_norm: 388.4898
2026-06-14 04:27:01,972 - mmdet - INFO - Epoch [4][1150/2811]	lr: 2.000e-06, eta: 0:31:09, time: 0.414, data_time: 0.021, memory: 693, loss_cls: 0.5773, loss_kpt: 21.1504, loss_flow: 0.0209, loss_bone: 0.0922, loss: 21.8408, grad_norm: 369.8105
2026-06-14 04:27:21,028 - mmdet - INFO - Epoch [4][1200/2811]	lr: 2.000e-06, eta: 0:30:47, time: 0.381, data_time: 0.019, memory: 693, loss_cls: 0.5882, loss_kpt: 21.0987, loss_flow: 0.0210, loss_bone: 0.0917, loss: 21.7997, grad_norm: 389.8022
2026-06-14 04:27:44,334 - mmdet - INFO - Epoch [4][1250/2811]	lr: 2.000e-06, eta: 0:30:28, time: 0.466, data_time: 0.020, memory: 693, loss_cls: 0.5774, loss_kpt: 20.9193, loss_flow: 0.0208, loss_bone: 0.0920, loss: 21.6096, grad_norm: 328.8972
2026-06-14 04:28:07,532 - mmdet - INFO - Epoch [4][1300/2811]	lr: 2.000e-06, eta: 0:30:08, time: 0.464, data_time: 0.020, memory: 693, loss_cls: 0.5776, loss_kpt: 21.1619, loss_flow: 0.0214, loss_bone: 0.0918, loss: 21.8527, grad_norm: 354.8502
2026-06-14 04:28:28,672 - mmdet - INFO - Epoch [4][1350/2811]	lr: 2.000e-06, eta: 0:29:47, time: 0.423, data_time: 0.021, memory: 693, loss_cls: 0.5774, loss_kpt: 21.2278, loss_flow: 0.0215, loss_bone: 0.0917, loss: 21.9183, grad_norm: 382.2828
2026-06-14 04:28:48,840 - mmdet - INFO - Epoch [4][1400/2811]	lr: 2.000e-06, eta: 0:29:26, time: 0.403, data_time: 0.021, memory: 693, loss_cls: 0.5679, loss_kpt: 21.5083, loss_flow: 0.0216, loss_bone: 0.0913, loss: 22.1891, grad_norm: 358.6019
2026-06-14 04:29:09,636 - mmdet - INFO - Epoch [4][1450/2811]	lr: 2.000e-06, eta: 0:29:05, time: 0.416, data_time: 0.021, memory: 693, loss_cls: 0.5729, loss_kpt: 21.1477, loss_flow: 0.0211, loss_bone: 0.0920, loss: 21.8338, grad_norm: 358.6141
2026-06-14 04:29:30,827 - mmdet - INFO - Epoch [4][1500/2811]	lr: 2.000e-06, eta: 0:28:44, time: 0.424, data_time: 0.021, memory: 693, loss_cls: 0.5745, loss_kpt: 20.8059, loss_flow: 0.0213, loss_bone: 0.0920, loss: 21.4937, grad_norm: 339.4260
2026-06-14 04:29:52,980 - mmdet - INFO - Epoch [4][1550/2811]	lr: 2.000e-06, eta: 0:28:23, time: 0.443, data_time: 0.021, memory: 693, loss_cls: 0.5761, loss_kpt: 20.7438, loss_flow: 0.0211, loss_bone: 0.0924, loss: 21.4334, grad_norm: 341.6458
2026-06-14 04:30:13,723 - mmdet - INFO - Epoch [4][1600/2811]	lr: 2.000e-06, eta: 0:28:02, time: 0.415, data_time: 0.021, memory: 693, loss_cls: 0.5765, loss_kpt: 21.1542, loss_flow: 0.0213, loss_bone: 0.0921, loss: 21.8441, grad_norm: 377.2705
2026-06-14 04:30:36,807 - mmdet - INFO - Epoch [4][1650/2811]	lr: 2.000e-06, eta: 0:27:42, time: 0.462, data_time: 0.021, memory: 693, loss_cls: 0.5788, loss_kpt: 21.0261, loss_flow: 0.0209, loss_bone: 0.0927, loss: 21.7185, grad_norm: 358.6382
2026-06-14 04:30:59,368 - mmdet - INFO - Epoch [4][1700/2811]	lr: 2.000e-06, eta: 0:27:22, time: 0.451, data_time: 0.020, memory: 693, loss_cls: 0.5743, loss_kpt: 21.2796, loss_flow: 0.0210, loss_bone: 0.0919, loss: 21.9668, grad_norm: 363.4132
2026-06-14 04:31:22,795 - mmdet - INFO - Epoch [4][1750/2811]	lr: 2.000e-06, eta: 0:27:02, time: 0.469, data_time: 0.021, memory: 693, loss_cls: 0.5727, loss_kpt: 21.0311, loss_flow: 0.0211, loss_bone: 0.0932, loss: 21.7180, grad_norm: 353.6649
2026-06-14 04:31:44,991 - mmdet - INFO - Epoch [4][1800/2811]	lr: 2.000e-06, eta: 0:26:42, time: 0.444, data_time: 0.021, memory: 693, loss_cls: 0.5722, loss_kpt: 21.1471, loss_flow: 0.0217, loss_bone: 0.0923, loss: 21.8332, grad_norm: 358.8158
2026-06-14 04:32:08,352 - mmdet - INFO - Epoch [4][1850/2811]	lr: 2.000e-06, eta: 0:26:21, time: 0.467, data_time: 0.021, memory: 693, loss_cls: 0.5709, loss_kpt: 21.1763, loss_flow: 0.0215, loss_bone: 0.0924, loss: 21.8611, grad_norm: 386.6135
2026-06-14 04:32:28,495 - mmdet - INFO - Epoch [4][1900/2811]	lr: 2.000e-06, eta: 0:26:00, time: 0.403, data_time: 0.020, memory: 693, loss_cls: 0.5741, loss_kpt: 20.8741, loss_flow: 0.0209, loss_bone: 0.0924, loss: 21.5616, grad_norm: 388.9792
2026-06-14 04:32:48,673 - mmdet - INFO - Epoch [4][1950/2811]	lr: 2.000e-06, eta: 0:25:39, time: 0.404, data_time: 0.021, memory: 693, loss_cls: 0.5651, loss_kpt: 21.1144, loss_flow: 0.0206, loss_bone: 0.0919, loss: 21.7921, grad_norm: 380.6294
2026-06-14 04:33:09,750 - mmdet - INFO - Epoch [4][2000/2811]	lr: 2.000e-06, eta: 0:25:18, time: 0.422, data_time: 0.020, memory: 693, loss_cls: 0.5703, loss_kpt: 21.3642, loss_flow: 0.0209, loss_bone: 0.0925, loss: 22.0479, grad_norm: 363.0036
2026-06-14 04:33:32,888 - mmdet - INFO - Epoch [4][2050/2811]	lr: 2.000e-06, eta: 0:24:58, time: 0.463, data_time: 0.021, memory: 693, loss_cls: 0.5656, loss_kpt: 21.0413, loss_flow: 0.0210, loss_bone: 0.0916, loss: 21.7194, grad_norm: 362.7207
2026-06-14 04:33:53,231 - mmdet - INFO - Epoch [4][2100/2811]	lr: 2.000e-06, eta: 0:24:37, time: 0.407, data_time: 0.020, memory: 693, loss_cls: 0.5681, loss_kpt: 21.3565, loss_flow: 0.0217, loss_bone: 0.0923, loss: 22.0385, grad_norm: 358.7175
2026-06-14 04:34:13,067 - mmdet - INFO - Epoch [4][2150/2811]	lr: 2.000e-06, eta: 0:24:15, time: 0.397, data_time: 0.020, memory: 693, loss_cls: 0.5742, loss_kpt: 20.8675, loss_flow: 0.0205, loss_bone: 0.0931, loss: 21.5553, grad_norm: 377.5717
2026-06-14 04:34:33,440 - mmdet - INFO - Epoch [4][2200/2811]	lr: 2.000e-06, eta: 0:23:54, time: 0.407, data_time: 0.021, memory: 693, loss_cls: 0.5692, loss_kpt: 20.7456, loss_flow: 0.0207, loss_bone: 0.0924, loss: 21.4278, grad_norm: 323.7016
2026-06-14 04:34:53,439 - mmdet - INFO - Epoch [4][2250/2811]	lr: 2.000e-06, eta: 0:23:33, time: 0.400, data_time: 0.020, memory: 693, loss_cls: 0.5703, loss_kpt: 21.3828, loss_flow: 0.0219, loss_bone: 0.0924, loss: 22.0673, grad_norm: 346.0506
2026-06-14 04:35:15,400 - mmdet - INFO - Epoch [4][2300/2811]	lr: 2.000e-06, eta: 0:23:12, time: 0.439, data_time: 0.021, memory: 693, loss_cls: 0.5722, loss_kpt: 20.8400, loss_flow: 0.0209, loss_bone: 0.0931, loss: 21.5262, grad_norm: 332.9626
2026-06-14 04:35:35,704 - mmdet - INFO - Epoch [4][2350/2811]	lr: 2.000e-06, eta: 0:22:51, time: 0.406, data_time: 0.021, memory: 693, loss_cls: 0.5650, loss_kpt: 21.1289, loss_flow: 0.0209, loss_bone: 0.0933, loss: 21.8080, grad_norm: 360.8334
2026-06-14 04:35:56,408 - mmdet - INFO - Epoch [4][2400/2811]	lr: 2.000e-06, eta: 0:22:30, time: 0.414, data_time: 0.021, memory: 693, loss_cls: 0.5622, loss_kpt: 21.1256, loss_flow: 0.0211, loss_bone: 0.0933, loss: 21.8023, grad_norm: 357.6114
2026-06-14 04:36:16,418 - mmdet - INFO - Epoch [4][2450/2811]	lr: 2.000e-06, eta: 0:22:09, time: 0.400, data_time: 0.021, memory: 693, loss_cls: 0.5608, loss_kpt: 20.7793, loss_flow: 0.0207, loss_bone: 0.0917, loss: 21.4525, grad_norm: 398.7888
2026-06-14 04:36:36,104 - mmdet - INFO - Epoch [4][2500/2811]	lr: 2.000e-06, eta: 0:21:47, time: 0.394, data_time: 0.020, memory: 693, loss_cls: 0.5512, loss_kpt: 21.3932, loss_flow: 0.0209, loss_bone: 0.0933, loss: 22.0585, grad_norm: 348.4049
2026-06-14 04:36:56,115 - mmdet - INFO - Epoch [4][2550/2811]	lr: 2.000e-06, eta: 0:21:26, time: 0.400, data_time: 0.021, memory: 693, loss_cls: 0.5536, loss_kpt: 21.1166, loss_flow: 0.0212, loss_bone: 0.0928, loss: 21.7841, grad_norm: 321.9796
2026-06-14 04:37:16,184 - mmdet - INFO - Epoch [4][2600/2811]	lr: 2.000e-06, eta: 0:21:05, time: 0.401, data_time: 0.020, memory: 693, loss_cls: 0.5599, loss_kpt: 21.2850, loss_flow: 0.0210, loss_bone: 0.0929, loss: 21.9588, grad_norm: 333.4780
2026-06-14 04:37:36,991 - mmdet - INFO - Epoch [4][2650/2811]	lr: 2.000e-06, eta: 0:20:44, time: 0.416, data_time: 0.021, memory: 693, loss_cls: 0.5635, loss_kpt: 21.0088, loss_flow: 0.0207, loss_bone: 0.0918, loss: 21.6848, grad_norm: 315.6689
2026-06-14 04:37:58,592 - mmdet - INFO - Epoch [4][2700/2811]	lr: 2.000e-06, eta: 0:20:23, time: 0.432, data_time: 0.020, memory: 693, loss_cls: 0.5520, loss_kpt: 21.2387, loss_flow: 0.0212, loss_bone: 0.0937, loss: 21.9055, grad_norm: 332.4721
2026-06-14 04:38:22,036 - mmdet - INFO - Epoch [4][2750/2811]	lr: 2.000e-06, eta: 0:20:03, time: 0.469, data_time: 0.021, memory: 693, loss_cls: 0.5599, loss_kpt: 21.0565, loss_flow: 0.0208, loss_bone: 0.0931, loss: 21.7304, grad_norm: 350.5047
2026-06-14 04:38:44,136 - mmdet - INFO - Epoch [4][2800/2811]	lr: 2.000e-06, eta: 0:19:42, time: 0.442, data_time: 0.021, memory: 693, loss_cls: 0.5557, loss_kpt: 20.8624, loss_flow: 0.0203, loss_bone: 0.0935, loss: 21.5319, grad_norm: 368.1132
2026-06-14 04:38:48,614 - mmdet - INFO - Updating latest checkpoint at 4 epochs
2026-06-14 04:38:48,818 - mmdet - INFO - [BoneLossWarmup] Epoch 5/5 | Warmup: 1e, Ramp: 1e | Bone weight -> 1.0000
2026-06-14 04:39:12,012 - mmdet - INFO - Epoch [5][50/2811]	lr: 2.000e-06, eta: 0:19:16, time: 0.464, data_time: 0.074, memory: 693, loss_cls: 0.5592, loss_kpt: 20.7797, loss_flow: 0.0206, loss_bone: 0.0932, loss: 21.4527, grad_norm: 372.6736
2026-06-14 04:39:32,006 - mmdet - INFO - Epoch [5][100/2811]	lr: 2.000e-06, eta: 0:18:55, time: 0.400, data_time: 0.020, memory: 693, loss_cls: 0.5485, loss_kpt: 21.1051, loss_flow: 0.0203, loss_bone: 0.0922, loss: 21.7660, grad_norm: 333.6465
2026-06-14 04:39:52,260 - mmdet - INFO - Epoch [5][150/2811]	lr: 2.000e-06, eta: 0:18:34, time: 0.405, data_time: 0.020, memory: 693, loss_cls: 0.5571, loss_kpt: 21.1384, loss_flow: 0.0206, loss_bone: 0.0934, loss: 21.8095, grad_norm: 353.5078
2026-06-14 04:40:12,284 - mmdet - INFO - Epoch [5][200/2811]	lr: 2.000e-06, eta: 0:18:13, time: 0.400, data_time: 0.020, memory: 693, loss_cls: 0.5568, loss_kpt: 20.8909, loss_flow: 0.0206, loss_bone: 0.0942, loss: 21.5625, grad_norm: 365.4621
2026-06-14 04:40:32,164 - mmdet - INFO - Epoch [5][250/2811]	lr: 2.000e-06, eta: 0:17:52, time: 0.398, data_time: 0.021, memory: 693, loss_cls: 0.5567, loss_kpt: 20.6748, loss_flow: 0.0204, loss_bone: 0.0925, loss: 21.3445, grad_norm: 335.6816
2026-06-14 04:40:52,157 - mmdet - INFO - Epoch [5][300/2811]	lr: 2.000e-06, eta: 0:17:31, time: 0.400, data_time: 0.020, memory: 693, loss_cls: 0.5493, loss_kpt: 21.0192, loss_flow: 0.0206, loss_bone: 0.0944, loss: 21.6834, grad_norm: 377.3352
2026-06-14 04:41:12,452 - mmdet - INFO - Epoch [5][350/2811]	lr: 2.000e-06, eta: 0:17:09, time: 0.406, data_time: 0.021, memory: 693, loss_cls: 0.5509, loss_kpt: 21.0224, loss_flow: 0.0209, loss_bone: 0.0921, loss: 21.6863, grad_norm: 353.2814
2026-06-14 04:41:35,069 - mmdet - INFO - Epoch [5][400/2811]	lr: 2.000e-06, eta: 0:16:49, time: 0.452, data_time: 0.020, memory: 693, loss_cls: 0.5482, loss_kpt: 20.7071, loss_flow: 0.0204, loss_bone: 0.0932, loss: 21.3690, grad_norm: 342.5539
2026-06-14 04:41:56,491 - mmdet - INFO - Epoch [5][450/2811]	lr: 2.000e-06, eta: 0:16:28, time: 0.428, data_time: 0.020, memory: 693, loss_cls: 0.5438, loss_kpt: 21.2071, loss_flow: 0.0209, loss_bone: 0.0929, loss: 21.8647, grad_norm: 392.4542
2026-06-14 04:42:18,263 - mmdet - INFO - Epoch [5][500/2811]	lr: 2.000e-06, eta: 0:16:07, time: 0.435, data_time: 0.020, memory: 693, loss_cls: 0.5563, loss_kpt: 20.7501, loss_flow: 0.0204, loss_bone: 0.0938, loss: 21.4207, grad_norm: 350.2187
2026-06-14 04:42:39,092 - mmdet - INFO - Epoch [5][550/2811]	lr: 2.000e-06, eta: 0:15:46, time: 0.417, data_time: 0.023, memory: 693, loss_cls: 0.5459, loss_kpt: 21.0252, loss_flow: 0.0207, loss_bone: 0.0926, loss: 21.6844, grad_norm: 371.1687
2026-06-14 04:42:58,524 - mmdet - INFO - Epoch [5][600/2811]	lr: 2.000e-06, eta: 0:15:25, time: 0.389, data_time: 0.019, memory: 693, loss_cls: 0.5407, loss_kpt: 21.2106, loss_flow: 0.0208, loss_bone: 0.0942, loss: 21.8662, grad_norm: 357.7393
2026-06-14 04:43:16,312 - mmdet - INFO - Epoch [5][650/2811]	lr: 2.000e-06, eta: 0:15:04, time: 0.356, data_time: 0.019, memory: 693, loss_cls: 0.5375, loss_kpt: 21.0680, loss_flow: 0.0206, loss_bone: 0.0935, loss: 21.7195, grad_norm: 354.5459
2026-06-14 04:43:36,271 - mmdet - INFO - Epoch [5][700/2811]	lr: 2.000e-06, eta: 0:14:42, time: 0.399, data_time: 0.020, memory: 693, loss_cls: 0.5463, loss_kpt: 21.0818, loss_flow: 0.0206, loss_bone: 0.0925, loss: 21.7412, grad_norm: 334.4089
2026-06-14 04:43:57,883 - mmdet - INFO - Epoch [5][750/2811]	lr: 2.000e-06, eta: 0:14:22, time: 0.432, data_time: 0.020, memory: 693, loss_cls: 0.5398, loss_kpt: 21.2495, loss_flow: 0.0205, loss_bone: 0.0937, loss: 21.9034, grad_norm: 365.2884
2026-06-14 04:44:18,063 - mmdet - INFO - Epoch [5][800/2811]	lr: 2.000e-06, eta: 0:14:01, time: 0.404, data_time: 0.021, memory: 693, loss_cls: 0.5316, loss_kpt: 20.9847, loss_flow: 0.0206, loss_bone: 0.0931, loss: 21.6299, grad_norm: 370.6724
2026-06-14 04:44:37,627 - mmdet - INFO - Epoch [5][850/2811]	lr: 2.000e-06, eta: 0:13:40, time: 0.391, data_time: 0.019, memory: 693, loss_cls: 0.5348, loss_kpt: 21.1855, loss_flow: 0.0204, loss_bone: 0.0936, loss: 21.8343, grad_norm: 339.3775
2026-06-14 04:44:55,415 - mmdet - INFO - Epoch [5][900/2811]	lr: 2.000e-06, eta: 0:13:18, time: 0.356, data_time: 0.019, memory: 693, loss_cls: 0.5294, loss_kpt: 21.0407, loss_flow: 0.0205, loss_bone: 0.0930, loss: 21.6836, grad_norm: 375.2911
2026-06-14 04:45:13,299 - mmdet - INFO - Epoch [5][950/2811]	lr: 2.000e-06, eta: 0:12:57, time: 0.358, data_time: 0.019, memory: 693, loss_cls: 0.5354, loss_kpt: 20.6093, loss_flow: 0.0200, loss_bone: 0.0934, loss: 21.2580, grad_norm: 341.3023
2026-06-14 04:45:34,364 - mmdet - INFO - Epoch [5][1000/2811]	lr: 2.000e-06, eta: 0:12:36, time: 0.421, data_time: 0.020, memory: 693, loss_cls: 0.5325, loss_kpt: 21.0837, loss_flow: 0.0208, loss_bone: 0.0933, loss: 21.7303, grad_norm: 317.3164
2026-06-14 04:45:54,484 - mmdet - INFO - Epoch [5][1050/2811]	lr: 2.000e-06, eta: 0:12:15, time: 0.402, data_time: 0.020, memory: 693, loss_cls: 0.5356, loss_kpt: 20.6627, loss_flow: 0.0201, loss_bone: 0.0934, loss: 21.3118, grad_norm: 348.7183
2026-06-14 04:46:16,960 - mmdet - INFO - Epoch [5][1100/2811]	lr: 2.000e-06, eta: 0:11:54, time: 0.450, data_time: 0.021, memory: 693, loss_cls: 0.5363, loss_kpt: 20.7145, loss_flow: 0.0200, loss_bone: 0.0936, loss: 21.3644, grad_norm: 350.6706
2026-06-14 04:46:37,874 - mmdet - INFO - Epoch [5][1150/2811]	lr: 2.000e-06, eta: 0:11:33, time: 0.418, data_time: 0.021, memory: 693, loss_cls: 0.5299, loss_kpt: 20.5760, loss_flow: 0.0200, loss_bone: 0.0931, loss: 21.2190, grad_norm: 385.5625
2026-06-14 04:46:58,175 - mmdet - INFO - Epoch [5][1200/2811]	lr: 2.000e-06, eta: 0:11:12, time: 0.406, data_time: 0.020, memory: 693, loss_cls: 0.5249, loss_kpt: 20.8151, loss_flow: 0.0203, loss_bone: 0.0939, loss: 21.4542, grad_norm: 344.0306
2026-06-14 04:47:18,464 - mmdet - INFO - Epoch [5][1250/2811]	lr: 2.000e-06, eta: 0:10:51, time: 0.406, data_time: 0.022, memory: 693, loss_cls: 0.5247, loss_kpt: 20.8368, loss_flow: 0.0203, loss_bone: 0.0936, loss: 21.4754, grad_norm: 355.9971
2026-06-14 04:47:39,735 - mmdet - INFO - Epoch [5][1300/2811]	lr: 2.000e-06, eta: 0:10:31, time: 0.425, data_time: 0.021, memory: 693, loss_cls: 0.5251, loss_kpt: 21.1895, loss_flow: 0.0203, loss_bone: 0.0937, loss: 21.8286, grad_norm: 332.8385
2026-06-14 04:48:03,218 - mmdet - INFO - Epoch [5][1350/2811]	lr: 2.000e-06, eta: 0:10:10, time: 0.470, data_time: 0.021, memory: 693, loss_cls: 0.5179, loss_kpt: 21.1465, loss_flow: 0.0200, loss_bone: 0.0926, loss: 21.7771, grad_norm: 323.7630
2026-06-14 04:48:23,607 - mmdet - INFO - Epoch [5][1400/2811]	lr: 2.000e-06, eta: 0:09:49, time: 0.408, data_time: 0.020, memory: 693, loss_cls: 0.5173, loss_kpt: 21.2198, loss_flow: 0.0202, loss_bone: 0.0935, loss: 21.8507, grad_norm: 360.4688
2026-06-14 04:48:44,139 - mmdet - INFO - Epoch [5][1450/2811]	lr: 2.000e-06, eta: 0:09:28, time: 0.411, data_time: 0.020, memory: 693, loss_cls: 0.5210, loss_kpt: 21.1220, loss_flow: 0.0208, loss_bone: 0.0937, loss: 21.7575, grad_norm: 392.4260
2026-06-14 04:49:05,095 - mmdet - INFO - Epoch [5][1500/2811]	lr: 2.000e-06, eta: 0:09:07, time: 0.419, data_time: 0.021, memory: 693, loss_cls: 0.5208, loss_kpt: 20.8180, loss_flow: 0.0201, loss_bone: 0.0932, loss: 21.4520, grad_norm: 350.6717
2026-06-14 04:49:25,596 - mmdet - INFO - Epoch [5][1550/2811]	lr: 2.000e-06, eta: 0:08:46, time: 0.410, data_time: 0.021, memory: 693, loss_cls: 0.5252, loss_kpt: 20.7356, loss_flow: 0.0200, loss_bone: 0.0945, loss: 21.3753, grad_norm: 353.0001
2026-06-14 04:49:47,908 - mmdet - INFO - Epoch [5][1600/2811]	lr: 2.000e-06, eta: 0:08:26, time: 0.446, data_time: 0.020, memory: 693, loss_cls: 0.5158, loss_kpt: 20.8508, loss_flow: 0.0199, loss_bone: 0.0930, loss: 21.4795, grad_norm: 349.9744
2026-06-14 04:50:09,764 - mmdet - INFO - Epoch [5][1650/2811]	lr: 2.000e-06, eta: 0:08:05, time: 0.437, data_time: 0.021, memory: 693, loss_cls: 0.5203, loss_kpt: 20.9556, loss_flow: 0.0202, loss_bone: 0.0940, loss: 21.5901, grad_norm: 365.9312
2026-06-14 04:50:30,782 - mmdet - INFO - Epoch [5][1700/2811]	lr: 2.000e-06, eta: 0:07:44, time: 0.420, data_time: 0.021, memory: 693, loss_cls: 0.5141, loss_kpt: 20.9949, loss_flow: 0.0202, loss_bone: 0.0938, loss: 21.6230, grad_norm: 333.2238
2026-06-14 04:50:54,275 - mmdet - INFO - Epoch [5][1750/2811]	lr: 2.000e-06, eta: 0:07:23, time: 0.470, data_time: 0.021, memory: 693, loss_cls: 0.5103, loss_kpt: 21.4303, loss_flow: 0.0206, loss_bone: 0.0941, loss: 22.0552, grad_norm: 353.2203
2026-06-14 04:51:17,299 - mmdet - INFO - Epoch [5][1800/2811]	lr: 2.000e-06, eta: 0:07:02, time: 0.460, data_time: 0.020, memory: 693, loss_cls: 0.5155, loss_kpt: 21.0659, loss_flow: 0.0202, loss_bone: 0.0938, loss: 21.6955, grad_norm: 344.5148
2026-06-14 04:51:39,409 - mmdet - INFO - Epoch [5][1850/2811]	lr: 2.000e-06, eta: 0:06:42, time: 0.442, data_time: 0.020, memory: 693, loss_cls: 0.5160, loss_kpt: 20.7143, loss_flow: 0.0195, loss_bone: 0.0937, loss: 21.3435, grad_norm: 331.2587
2026-06-14 04:51:57,524 - mmdet - INFO - Epoch [5][1900/2811]	lr: 2.000e-06, eta: 0:06:21, time: 0.362, data_time: 0.019, memory: 693, loss_cls: 0.5085, loss_kpt: 21.4457, loss_flow: 0.0204, loss_bone: 0.0925, loss: 22.0671, grad_norm: 356.9058
2026-06-14 04:52:17,831 - mmdet - INFO - Epoch [5][1950/2811]	lr: 2.000e-06, eta: 0:06:00, time: 0.406, data_time: 0.018, memory: 693, loss_cls: 0.5055, loss_kpt: 21.1896, loss_flow: 0.0206, loss_bone: 0.0941, loss: 21.8098, grad_norm: 356.4342
2026-06-14 04:52:38,028 - mmdet - INFO - Epoch [5][2000/2811]	lr: 2.000e-06, eta: 0:05:39, time: 0.404, data_time: 0.019, memory: 693, loss_cls: 0.5109, loss_kpt: 20.9651, loss_flow: 0.0197, loss_bone: 0.0949, loss: 21.5905, grad_norm: 365.8678
2026-06-14 04:52:58,091 - mmdet - INFO - Epoch [5][2050/2811]	lr: 2.000e-06, eta: 0:05:18, time: 0.401, data_time: 0.020, memory: 693, loss_cls: 0.5100, loss_kpt: 20.6862, loss_flow: 0.0197, loss_bone: 0.0930, loss: 21.3088, grad_norm: 321.1046
2026-06-14 04:53:19,727 - mmdet - INFO - Epoch [5][2100/2811]	lr: 2.000e-06, eta: 0:04:57, time: 0.433, data_time: 0.020, memory: 693, loss_cls: 0.5116, loss_kpt: 21.1183, loss_flow: 0.0210, loss_bone: 0.0946, loss: 21.7454, grad_norm: 353.7299
2026-06-14 04:53:40,540 - mmdet - INFO - Epoch [5][2150/2811]	lr: 2.000e-06, eta: 0:04:36, time: 0.416, data_time: 0.020, memory: 693, loss_cls: 0.5003, loss_kpt: 21.2918, loss_flow: 0.0207, loss_bone: 0.0943, loss: 21.9071, grad_norm: 379.4606
2026-06-14 04:54:01,972 - mmdet - INFO - Epoch [5][2200/2811]	lr: 2.000e-06, eta: 0:04:15, time: 0.429, data_time: 0.021, memory: 693, loss_cls: 0.5123, loss_kpt: 20.6341, loss_flow: 0.0195, loss_bone: 0.0939, loss: 21.2598, grad_norm: 329.6907
2026-06-14 04:54:21,860 - mmdet - INFO - Epoch [5][2250/2811]	lr: 2.000e-06, eta: 0:03:54, time: 0.398, data_time: 0.021, memory: 693, loss_cls: 0.5065, loss_kpt: 21.1021, loss_flow: 0.0200, loss_bone: 0.0946, loss: 21.7231, grad_norm: 344.9509
2026-06-14 04:54:42,694 - mmdet - INFO - Epoch [5][2300/2811]	lr: 2.000e-06, eta: 0:03:33, time: 0.417, data_time: 0.020, memory: 693, loss_cls: 0.5040, loss_kpt: 20.9203, loss_flow: 0.0201, loss_bone: 0.0934, loss: 21.5379, grad_norm: 363.4558
2026-06-14 04:55:01,904 - mmdet - INFO - Epoch [5][2350/2811]	lr: 2.000e-06, eta: 0:03:12, time: 0.384, data_time: 0.019, memory: 693, loss_cls: 0.5084, loss_kpt: 20.7856, loss_flow: 0.0195, loss_bone: 0.0943, loss: 21.4077, grad_norm: 324.6479
2026-06-14 04:55:21,516 - mmdet - INFO - Epoch [5][2400/2811]	lr: 2.000e-06, eta: 0:02:51, time: 0.392, data_time: 0.019, memory: 693, loss_cls: 0.4983, loss_kpt: 21.5362, loss_flow: 0.0202, loss_bone: 0.0946, loss: 22.1494, grad_norm: 345.9428
2026-06-14 04:55:41,778 - mmdet - INFO - Epoch [5][2450/2811]	lr: 2.000e-06, eta: 0:02:30, time: 0.405, data_time: 0.020, memory: 693, loss_cls: 0.5107, loss_kpt: 21.0403, loss_flow: 0.0203, loss_bone: 0.0942, loss: 21.6655, grad_norm: 335.9225
2026-06-14 04:56:02,647 - mmdet - INFO - Epoch [5][2500/2811]	lr: 2.000e-06, eta: 0:02:09, time: 0.417, data_time: 0.021, memory: 693, loss_cls: 0.5081, loss_kpt: 21.0212, loss_flow: 0.0201, loss_bone: 0.0940, loss: 21.6435, grad_norm: 340.3056
2026-06-14 04:56:24,579 - mmdet - INFO - Epoch [5][2550/2811]	lr: 2.000e-06, eta: 0:01:49, time: 0.439, data_time: 0.021, memory: 693, loss_cls: 0.5041, loss_kpt: 20.8733, loss_flow: 0.0198, loss_bone: 0.0949, loss: 21.4921, grad_norm: 338.9830
2026-06-14 04:56:44,667 - mmdet - INFO - Epoch [5][2600/2811]	lr: 2.000e-06, eta: 0:01:28, time: 0.402, data_time: 0.021, memory: 693, loss_cls: 0.4984, loss_kpt: 21.2335, loss_flow: 0.0205, loss_bone: 0.0946, loss: 21.8470, grad_norm: 334.6460
2026-06-14 04:57:04,640 - mmdet - INFO - Epoch [5][2650/2811]	lr: 2.000e-06, eta: 0:01:07, time: 0.399, data_time: 0.021, memory: 693, loss_cls: 0.5078, loss_kpt: 21.0497, loss_flow: 0.0204, loss_bone: 0.0955, loss: 21.6734, grad_norm: 381.4507
2026-06-14 04:57:25,293 - mmdet - INFO - Epoch [5][2700/2811]	lr: 2.000e-06, eta: 0:00:46, time: 0.413, data_time: 0.021, memory: 693, loss_cls: 0.4936, loss_kpt: 21.0624, loss_flow: 0.0199, loss_bone: 0.0945, loss: 21.6704, grad_norm: 348.0871
2026-06-14 04:57:45,623 - mmdet - INFO - Epoch [5][2750/2811]	lr: 2.000e-06, eta: 0:00:25, time: 0.407, data_time: 0.020, memory: 693, loss_cls: 0.4950, loss_kpt: 21.2564, loss_flow: 0.0203, loss_bone: 0.0949, loss: 21.8667, grad_norm: 361.1033
2026-06-14 04:58:07,059 - mmdet - INFO - Epoch [5][2800/2811]	lr: 2.000e-06, eta: 0:00:04, time: 0.429, data_time: 0.021, memory: 693, loss_cls: 0.4930, loss_kpt: 20.7942, loss_flow: 0.0195, loss_bone: 0.0953, loss: 21.4019, grad_norm: 317.3627
2026-06-14 04:58:11,548 - mmdet - INFO - Saving checkpoint at 5 epochs
[                                                  ] 0/7824, elapsed: 0s, ETA:[                                ] 1/7824, 5.4 task/s, elapsed: 0s, ETA:  1457s[                                ] 2/7824, 9.9 task/s, elapsed: 0s, ETA:   793s[                               ] 3/7824, 13.9 task/s, elapsed: 0s, ETA:   564s[                               ] 4/7824, 17.2 task/s, elapsed: 0s, ETA:   455s[                               ] 5/7824, 20.3 task/s, elapsed: 0s, ETA:   385s[                               ] 6/7824, 23.1 task/s, elapsed: 0s, ETA:   339s[                               ] 7/7824, 25.5 task/s, elapsed: 0s, ETA:   306s[                               ] 8/7824, 27.8 task/s, elapsed: 0s, ETA:   282s[                               ] 9/7824, 29.8 task/s, elapsed: 0s, ETA:   262s[                              ] 10/7824, 31.6 task/s, elapsed: 0s, ETA:   247s[                              ] 11/7824, 33.3 task/s, elapsed: 0s, ETA:   234s[                              ] 12/7824, 34.9 task/s, elapsed: 0s, ETA:   224s[                              ] 13/7824, 36.3 task/s, elapsed: 0s, ETA:   215s[                              ] 14/7824, 37.7 task/s, elapsed: 0s, ETA:   207s[                              ] 15/7824, 38.9 task/s, elapsed: 0s, ETA:   201s[                              ] 16/7824, 40.0 task/s, elapsed: 0s, ETA:   195s[                              ] 17/7824, 41.1 task/s, elapsed: 0s, ETA:   190s[                              ] 18/7824, 42.1 task/s, elapsed: 0s, ETA:   185s[                              ] 19/7824, 43.1 task/s, elapsed: 0s, ETA:   181s[                              ] 20/7824, 44.0 task/s, elapsed: 0s, ETA:   178s[                              ] 21/7824, 44.8 task/s, elapsed: 0s, ETA:   174s[                              ] 22/7824, 45.5 task/s, elapsed: 0s, ETA:   171s[                              ] 23/7824, 46.3 task/s, elapsed: 0s, ETA:   169s[                              ] 24/7824, 47.0 task/s, elapsed: 1s, ETA:   166s[                              ] 25/7824, 47.6 task/s, elapsed: 1s, ETA:   164s[                              ] 26/7824, 48.3 task/s, elapsed: 1s, ETA:   161s[                              ] 27/7824, 48.9 task/s, elapsed: 1s, ETA:   160s[                              ] 28/7824, 49.4 task/s, elapsed: 1s, ETA:   158s[                              ] 29/7824, 50.0 task/s, elapsed: 1s, ETA:   156s[                              ] 30/7824, 50.5 task/s, elapsed: 1s, ETA:   154s[                              ] 31/7824, 51.0 task/s, elapsed: 1s, ETA:   153s[                              ] 32/7824, 51.5 task/s, elapsed: 1s, ETA:   151s[                              ] 33/7824, 51.9 task/s, elapsed: 1s, ETA:   150s[                              ] 34/7824, 52.4 task/s, elapsed: 1s, ETA:   149s[                              ] 35/7824, 52.8 task/s, elapsed: 1s, ETA:   148s[                              ] 36/7824, 53.2 task/s, elapsed: 1s, ETA:   146s[                              ] 37/7824, 53.6 task/s, elapsed: 1s, ETA:   145s[                              ] 38/7824, 53.9 task/s, elapsed: 1s, ETA:   144s[                              ] 39/7824, 54.1 task/s, elapsed: 1s, ETA:   144s[                              ] 40/7824, 54.4 task/s, elapsed: 1s, ETA:   143s[                              ] 41/7824, 54.7 task/s, elapsed: 1s, ETA:   142s[                              ] 42/7824, 55.0 task/s, elapsed: 1s, ETA:   142s[                              ] 43/7824, 55.3 task/s, elapsed: 1s, ETA:   141s[                              ] 44/7824, 55.6 task/s, elapsed: 1s, ETA:   140s[                              ] 45/7824, 55.8 task/s, elapsed: 1s, ETA:   139s[                              ] 46/7824, 56.1 task/s, elapsed: 1s, ETA:   139s[                              ] 47/7824, 56.4 task/s, elapsed: 1s, ETA:   138s[                              ] 48/7824, 56.7 task/s, elapsed: 1s, ETA:   137s[                              ] 49/7824, 56.9 task/s, elapsed: 1s, ETA:   137s[                              ] 50/7824, 57.2 task/s, elapsed: 1s, ETA:   136s[                              ] 51/7824, 57.4 task/s, elapsed: 1s, ETA:   135s[                              ] 52/7824, 57.6 task/s, elapsed: 1s, ETA:   135s[                              ] 53/7824, 57.8 task/s, elapsed: 1s, ETA:   134s[                              ] 54/7824, 58.1 task/s, elapsed: 1s, ETA:   134s[                              ] 55/7824, 58.3 task/s, elapsed: 1s, ETA:   133s[                              ] 56/7824, 58.5 task/s, elapsed: 1s, ETA:   133s[                              ] 57/7824, 58.7 task/s, elapsed: 1s, ETA:   132s[                              ] 58/7824, 58.9 task/s, elapsed: 1s, ETA:   132s[                              ] 59/7824, 59.1 task/s, elapsed: 1s, ETA:   131s[                              ] 60/7824, 59.2 task/s, elapsed: 1s, ETA:   131s[                              ] 61/7824, 59.4 task/s, elapsed: 1s, ETA:   131s[                              ] 62/7824, 59.6 task/s, elapsed: 1s, ETA:   130s[                              ] 63/7824, 59.7 task/s, elapsed: 1s, ETA:   130s[                              ] 64/7824, 59.9 task/s, elapsed: 1s, ETA:   130s[                              ] 65/7824, 60.0 task/s, elapsed: 1s, ETA:   129s[                              ] 66/7824, 60.2 task/s, elapsed: 1s, ETA:   129s[                              ] 67/7824, 60.3 task/s, elapsed: 1s, ETA:   129s[                              ] 68/7824, 60.5 task/s, elapsed: 1s, ETA:   128s[                              ] 69/7824, 60.6 task/s, elapsed: 1s, ETA:   128s[                              ] 70/7824, 60.7 task/s, elapsed: 1s, ETA:   128s[                              ] 71/7824, 60.8 task/s, elapsed: 1s, ETA:   128s[                              ] 72/7824, 60.9 task/s, elapsed: 1s, ETA:   127s[                              ] 73/7824, 61.0 task/s, elapsed: 1s, ETA:   127s[                              ] 74/7824, 61.1 task/s, elapsed: 1s, ETA:   127s[                              ] 75/7824, 61.2 task/s, elapsed: 1s, ETA:   127s[                              ] 76/7824, 61.4 task/s, elapsed: 1s, ETA:   126s[                              ] 77/7824, 61.5 task/s, elapsed: 1s, ETA:   126s[                              ] 78/7824, 61.6 task/s, elapsed: 1s, ETA:   126s[                              ] 79/7824, 61.7 task/s, elapsed: 1s, ETA:   125s[                              ] 80/7824, 61.8 task/s, elapsed: 1s, ETA:   125s[                              ] 81/7824, 61.9 task/s, elapsed: 1s, ETA:   125s[                              ] 82/7824, 62.1 task/s, elapsed: 1s, ETA:   125s[                              ] 83/7824, 62.2 task/s, elapsed: 1s, ETA:   125s[                              ] 84/7824, 62.3 task/s, elapsed: 1s, ETA:   124s[                              ] 85/7824, 62.4 task/s, elapsed: 1s, ETA:   124s[                              ] 86/7824, 62.5 task/s, elapsed: 1s, ETA:   124s[                              ] 87/7824, 62.6 task/s, elapsed: 1s, ETA:   124s[                              ] 88/7824, 62.7 task/s, elapsed: 1s, ETA:   123s[                              ] 89/7824, 62.8 task/s, elapsed: 1s, ETA:   123s[                              ] 90/7824, 62.9 task/s, elapsed: 1s, ETA:   123s[                              ] 91/7824, 63.0 task/s, elapsed: 1s, ETA:   123s[                              ] 92/7824, 63.1 task/s, elapsed: 1s, ETA:   123s[                              ] 93/7824, 63.1 task/s, elapsed: 1s, ETA:   122s[                              ] 94/7824, 63.2 task/s, elapsed: 1s, ETA:   122s[                              ] 95/7824, 63.3 task/s, elapsed: 2s, ETA:   122s[                              ] 96/7824, 63.4 task/s, elapsed: 2s, ETA:   122s[                              ] 97/7824, 63.5 task/s, elapsed: 2s, ETA:   122s[                              ] 98/7824, 63.6 task/s, elapsed: 2s, ETA:   122s[                              ] 99/7824, 63.6 task/s, elapsed: 2s, ETA:   121s[                             ] 100/7824, 63.7 task/s, elapsed: 2s, ETA:   121s[                             ] 101/7824, 63.8 task/s, elapsed: 2s, ETA:   121s[                             ] 102/7824, 63.9 task/s, elapsed: 2s, ETA:   121s[                             ] 103/7824, 64.0 task/s, elapsed: 2s, ETA:   121s[                             ] 104/7824, 64.0 task/s, elapsed: 2s, ETA:   121s[                             ] 105/7824, 64.1 task/s, elapsed: 2s, ETA:   120s[                             ] 106/7824, 64.2 task/s, elapsed: 2s, ETA:   120s[                             ] 107/7824, 64.2 task/s, elapsed: 2s, ETA:   120s[                             ] 108/7824, 64.3 task/s, elapsed: 2s, ETA:   120s[                             ] 109/7824, 64.4 task/s, elapsed: 2s, ETA:   120s[                             ] 110/7824, 64.4 task/s, elapsed: 2s, ETA:   120s[                             ] 111/7824, 64.5 task/s, elapsed: 2s, ETA:   120s[                             ] 112/7824, 64.6 task/s, elapsed: 2s, ETA:   119s[                             ] 113/7824, 64.6 task/s, elapsed: 2s, ETA:   119s[                             ] 114/7824, 64.7 task/s, elapsed: 2s, ETA:   119s[                             ] 115/7824, 64.8 task/s, elapsed: 2s, ETA:   119s[                             ] 116/7824, 64.8 task/s, elapsed: 2s, ETA:   119s[                             ] 117/7824, 64.9 task/s, elapsed: 2s, ETA:   119s[                             ] 118/7824, 64.9 task/s, elapsed: 2s, ETA:   119s[                             ] 119/7824, 65.0 task/s, elapsed: 2s, ETA:   119s[                             ] 120/7824, 65.0 task/s, elapsed: 2s, ETA:   118s[                             ] 121/7824, 65.1 task/s, elapsed: 2s, ETA:   118s[                             ] 122/7824, 65.1 task/s, elapsed: 2s, ETA:   118s[                             ] 123/7824, 65.2 task/s, elapsed: 2s, ETA:   118s[                             ] 124/7824, 65.2 task/s, elapsed: 2s, ETA:   118s[                             ] 125/7824, 65.3 task/s, elapsed: 2s, ETA:   118s[                             ] 126/7824, 65.4 task/s, elapsed: 2s, ETA:   118s[                             ] 127/7824, 65.4 task/s, elapsed: 2s, ETA:   118s[                             ] 128/7824, 65.5 task/s, elapsed: 2s, ETA:   118s[                             ] 129/7824, 65.5 task/s, elapsed: 2s, ETA:   117s[                             ] 130/7824, 65.6 task/s, elapsed: 2s, ETA:   117s[                             ] 131/7824, 65.6 task/s, elapsed: 2s, ETA:   117s[                             ] 132/7824, 65.6 task/s, elapsed: 2s, ETA:   117s[                             ] 133/7824, 65.7 task/s, elapsed: 2s, ETA:   117s[                             ] 134/7824, 65.7 task/s, elapsed: 2s, ETA:   117s[                             ] 135/7824, 65.8 task/s, elapsed: 2s, ETA:   117s[                             ] 136/7824, 65.8 task/s, elapsed: 2s, ETA:   117s[                             ] 137/7824, 65.9 task/s, elapsed: 2s, ETA:   117s[                             ] 138/7824, 65.9 task/s, elapsed: 2s, ETA:   117s[                             ] 139/7824, 66.0 task/s, elapsed: 2s, ETA:   117s[                             ] 140/7824, 66.0 task/s, elapsed: 2s, ETA:   116s[                             ] 141/7824, 66.0 task/s, elapsed: 2s, ETA:   116s[                             ] 142/7824, 66.1 task/s, elapsed: 2s, ETA:   116s[                             ] 143/7824, 66.1 task/s, elapsed: 2s, ETA:   116s[                             ] 144/7824, 66.2 task/s, elapsed: 2s, ETA:   116s[                             ] 145/7824, 66.2 task/s, elapsed: 2s, ETA:   116s[                             ] 146/7824, 66.3 task/s, elapsed: 2s, ETA:   116s[                             ] 147/7824, 66.3 task/s, elapsed: 2s, ETA:   116s[                             ] 148/7824, 66.3 task/s, elapsed: 2s, ETA:   116s[                             ] 149/7824, 66.4 task/s, elapsed: 2s, ETA:   116s[                             ] 150/7824, 66.4 task/s, elapsed: 2s, ETA:   116s[                             ] 151/7824, 66.5 task/s, elapsed: 2s, ETA:   115s[                             ] 152/7824, 66.5 task/s, elapsed: 2s, ETA:   115s[                             ] 153/7824, 66.5 task/s, elapsed: 2s, ETA:   115s[                             ] 154/7824, 66.5 task/s, elapsed: 2s, ETA:   115s[                             ] 155/7824, 66.6 task/s, elapsed: 2s, ETA:   115s[                             ] 156/7824, 66.6 task/s, elapsed: 2s, ETA:   115s[                             ] 157/7824, 66.7 task/s, elapsed: 2s, ETA:   115s[                             ] 158/7824, 66.7 task/s, elapsed: 2s, ETA:   115s[                             ] 159/7824, 66.7 task/s, elapsed: 2s, ETA:   115s[                             ] 160/7824, 66.8 task/s, elapsed: 2s, ETA:   115s[                             ] 161/7824, 66.8 task/s, elapsed: 2s, ETA:   115s[                             ] 162/7824, 66.8 task/s, elapsed: 2s, ETA:   115s[                             ] 163/7824, 66.9 task/s, elapsed: 2s, ETA:   115s[                             ] 164/7824, 66.9 task/s, elapsed: 2s, ETA:   115s[                             ] 165/7824, 66.9 task/s, elapsed: 2s, ETA:   114s[                             ] 166/7824, 67.0 task/s, elapsed: 2s, ETA:   114s[                             ] 167/7824, 67.0 task/s, elapsed: 2s, ETA:   114s[                             ] 168/7824, 67.0 task/s, elapsed: 3s, ETA:   114s[                             ] 169/7824, 67.0 task/s, elapsed: 3s, ETA:   114s[                             ] 170/7824, 67.1 task/s, elapsed: 3s, ETA:   114s[                             ] 171/7824, 67.2 task/s, elapsed: 3s, ETA:   114s[                             ] 172/7824, 67.3 task/s, elapsed: 3s, ETA:   114s[                             ] 173/7824, 67.4 task/s, elapsed: 3s, ETA:   113s[                             ] 174/7824, 67.6 task/s, elapsed: 3s, ETA:   113s[                             ] 175/7824, 67.7 task/s, elapsed: 3s, ETA:   113s[                             ] 176/7824, 67.9 task/s, elapsed: 3s, ETA:   113s[                             ] 177/7824, 68.0 task/s, elapsed: 3s, ETA:   112s[                             ] 178/7824, 68.0 task/s, elapsed: 3s, ETA:   112s[                             ] 179/7824, 68.1 task/s, elapsed: 3s, ETA:   112s[                             ] 180/7824, 68.2 task/s, elapsed: 3s, ETA:   112s[                             ] 181/7824, 68.4 task/s, elapsed: 3s, ETA:   112s[                             ] 182/7824, 68.5 task/s, elapsed: 3s, ETA:   112s[                             ] 183/7824, 68.7 task/s, elapsed: 3s, ETA:   111s[                             ] 184/7824, 68.8 task/s, elapsed: 3s, ETA:   111s[                             ] 185/7824, 68.9 task/s, elapsed: 3s, ETA:   111s[                             ] 186/7824, 69.1 task/s, elapsed: 3s, ETA:   111s[                             ] 187/7824, 69.2 task/s, elapsed: 3s, ETA:   110s[                             ] 188/7824, 69.3 task/s, elapsed: 3s, ETA:   110s[                             ] 189/7824, 69.5 task/s, elapsed: 3s, ETA:   110s[                             ] 190/7824, 69.6 task/s, elapsed: 3s, ETA:   110s[                             ] 191/7824, 69.7 task/s, elapsed: 3s, ETA:   109s[                             ] 192/7824, 69.7 task/s, elapsed: 3s, ETA:   109s[                             ] 193/7824, 69.9 task/s, elapsed: 3s, ETA:   109s[                             ] 194/7824, 69.9 task/s, elapsed: 3s, ETA:   109s[                             ] 195/7824, 70.0 task/s, elapsed: 3s, ETA:   109s[                             ] 196/7824, 70.2 task/s, elapsed: 3s, ETA:   109s[                             ] 197/7824, 70.3 task/s, elapsed: 3s, ETA:   109s[                             ] 198/7824, 70.3 task/s, elapsed: 3s, ETA:   108s[                             ] 199/7824, 70.4 task/s, elapsed: 3s, ETA:   108s[                             ] 200/7824, 70.5 task/s, elapsed: 3s, ETA:   108s[                             ] 201/7824, 70.3 task/s, elapsed: 3s, ETA:   108s[                             ] 202/7824, 70.3 task/s, elapsed: 3s, ETA:   108s[                             ] 203/7824, 70.3 task/s, elapsed: 3s, ETA:   108s[                             ] 204/7824, 70.4 task/s, elapsed: 3s, ETA:   108s[                             ] 205/7824, 70.4 task/s, elapsed: 3s, ETA:   108s[                             ] 206/7824, 70.4 task/s, elapsed: 3s, ETA:   108s[                             ] 207/7824, 70.4 task/s, elapsed: 3s, ETA:   108s[                             ] 208/7824, 70.4 task/s, elapsed: 3s, ETA:   108s[                             ] 209/7824, 70.4 task/s, elapsed: 3s, ETA:   108s[                             ] 210/7824, 70.4 task/s, elapsed: 3s, ETA:   108s[                             ] 211/7824, 70.4 task/s, elapsed: 3s, ETA:   108s[                             ] 212/7824, 70.4 task/s, elapsed: 3s, ETA:   108s[                             ] 213/7824, 70.4 task/s, elapsed: 3s, ETA:   108s[                             ] 214/7824, 70.4 task/s, elapsed: 3s, ETA:   108s[                             ] 215/7824, 70.5 task/s, elapsed: 3s, ETA:   108s[                             ] 216/7824, 70.5 task/s, elapsed: 3s, ETA:   108s[                             ] 217/7824, 70.5 task/s, elapsed: 3s, ETA:   108s[                             ] 218/7824, 70.5 task/s, elapsed: 3s, ETA:   108s[                             ] 219/7824, 70.5 task/s, elapsed: 3s, ETA:   108s[                             ] 220/7824, 70.5 task/s, elapsed: 3s, ETA:   108s[                             ] 221/7824, 70.5 task/s, elapsed: 3s, ETA:   108s[                             ] 222/7824, 70.5 task/s, elapsed: 3s, ETA:   108s[                             ] 223/7824, 70.5 task/s, elapsed: 3s, ETA:   108s[                             ] 224/7824, 70.5 task/s, elapsed: 3s, ETA:   108s[                             ] 225/7824, 70.5 task/s, elapsed: 3s, ETA:   108s[                             ] 226/7824, 70.6 task/s, elapsed: 3s, ETA:   108s[                             ] 227/7824, 70.6 task/s, elapsed: 3s, ETA:   108s[                             ] 228/7824, 70.6 task/s, elapsed: 3s, ETA:   108s[                             ] 229/7824, 70.6 task/s, elapsed: 3s, ETA:   108s[                             ] 230/7824, 70.6 task/s, elapsed: 3s, ETA:   108s[                             ] 231/7824, 70.6 task/s, elapsed: 3s, ETA:   108s[                             ] 232/7824, 70.6 task/s, elapsed: 3s, ETA:   108s[                             ] 233/7824, 70.6 task/s, elapsed: 3s, ETA:   108s[                             ] 234/7824, 70.6 task/s, elapsed: 3s, ETA:   108s[                             ] 235/7824, 70.6 task/s, elapsed: 3s, ETA:   108s[                             ] 236/7824, 70.6 task/s, elapsed: 3s, ETA:   107s[                             ] 237/7824, 70.6 task/s, elapsed: 3s, ETA:   107s[                             ] 238/7824, 70.6 task/s, elapsed: 3s, ETA:   107s[                             ] 239/7824, 70.6 task/s, elapsed: 3s, ETA:   107s[                             ] 240/7824, 70.6 task/s, elapsed: 3s, ETA:   107s[                             ] 241/7824, 70.6 task/s, elapsed: 3s, ETA:   107s[                             ] 242/7824, 70.7 task/s, elapsed: 3s, ETA:   107s[                             ] 243/7824, 70.7 task/s, elapsed: 3s, ETA:   107s[                             ] 244/7824, 70.7 task/s, elapsed: 3s, ETA:   107s[                             ] 245/7824, 70.7 task/s, elapsed: 3s, ETA:   107s[                             ] 246/7824, 70.7 task/s, elapsed: 3s, ETA:   107s[                             ] 247/7824, 70.7 task/s, elapsed: 3s, ETA:   107s[                             ] 248/7824, 70.7 task/s, elapsed: 4s, ETA:   107s[                             ] 249/7824, 70.7 task/s, elapsed: 4s, ETA:   107s[                             ] 250/7824, 70.7 task/s, elapsed: 4s, ETA:   107s[                             ] 251/7824, 70.7 task/s, elapsed: 4s, ETA:   107s[                             ] 252/7824, 70.7 task/s, elapsed: 4s, ETA:   107s[                             ] 253/7824, 70.7 task/s, elapsed: 4s, ETA:   107s[                             ] 254/7824, 70.8 task/s, elapsed: 4s, ETA:   107s[                             ] 255/7824, 70.8 task/s, elapsed: 4s, ETA:   107s[                             ] 256/7824, 70.8 task/s, elapsed: 4s, ETA:   107s[                             ] 257/7824, 70.8 task/s, elapsed: 4s, ETA:   107s[                             ] 258/7824, 70.8 task/s, elapsed: 4s, ETA:   107s[                             ] 259/7824, 70.8 task/s, elapsed: 4s, ETA:   107s[                             ] 260/7824, 70.8 task/s, elapsed: 4s, ETA:   107s[                             ] 261/7824, 70.8 task/s, elapsed: 4s, ETA:   107s[                             ] 262/7824, 70.8 task/s, elapsed: 4s, ETA:   107s[                             ] 263/7824, 70.8 task/s, elapsed: 4s, ETA:   107s[                             ] 264/7824, 70.8 task/s, elapsed: 4s, ETA:   107s[                             ] 265/7824, 70.8 task/s, elapsed: 4s, ETA:   107s[                             ] 266/7824, 70.8 task/s, elapsed: 4s, ETA:   107s[                             ] 267/7824, 70.8 task/s, elapsed: 4s, ETA:   107s[                             ] 268/7824, 70.8 task/s, elapsed: 4s, ETA:   107s[                             ] 269/7824, 70.8 task/s, elapsed: 4s, ETA:   107s[>                            ] 270/7824, 70.9 task/s, elapsed: 4s, ETA:   107s[>                            ] 271/7824, 70.9 task/s, elapsed: 4s, ETA:   107s[>                            ] 272/7824, 70.9 task/s, elapsed: 4s, ETA:   107s[>                            ] 273/7824, 70.9 task/s, elapsed: 4s, ETA:   107s[>                            ] 274/7824, 70.9 task/s, elapsed: 4s, ETA:   107s[>                            ] 275/7824, 70.9 task/s, elapsed: 4s, ETA:   106s[>                            ] 276/7824, 70.9 task/s, elapsed: 4s, ETA:   106s[>                            ] 277/7824, 71.0 task/s, elapsed: 4s, ETA:   106s[>                            ] 278/7824, 71.1 task/s, elapsed: 4s, ETA:   106s[>                            ] 279/7824, 71.2 task/s, elapsed: 4s, ETA:   106s[>                            ] 280/7824, 71.3 task/s, elapsed: 4s, ETA:   106s[>                            ] 281/7824, 71.4 task/s, elapsed: 4s, ETA:   106s[>                            ] 282/7824, 71.4 task/s, elapsed: 4s, ETA:   106s[>                            ] 283/7824, 71.5 task/s, elapsed: 4s, ETA:   105s[>                            ] 284/7824, 71.6 task/s, elapsed: 4s, ETA:   105s[>                            ] 285/7824, 71.7 task/s, elapsed: 4s, ETA:   105s[>                            ] 286/7824, 71.8 task/s, elapsed: 4s, ETA:   105s[>                            ] 287/7824, 71.9 task/s, elapsed: 4s, ETA:   105s[>                            ] 288/7824, 72.0 task/s, elapsed: 4s, ETA:   105s[>                            ] 289/7824, 72.0 task/s, elapsed: 4s, ETA:   105s[>                            ] 290/7824, 72.1 task/s, elapsed: 4s, ETA:   104s[>                            ] 291/7824, 72.2 task/s, elapsed: 4s, ETA:   104s[>                            ] 292/7824, 72.3 task/s, elapsed: 4s, ETA:   104s[>                            ] 293/7824, 72.3 task/s, elapsed: 4s, ETA:   104s[>                            ] 294/7824, 72.4 task/s, elapsed: 4s, ETA:   104s[>                            ] 295/7824, 72.5 task/s, elapsed: 4s, ETA:   104s[>                            ] 296/7824, 72.6 task/s, elapsed: 4s, ETA:   104s[>                            ] 297/7824, 72.7 task/s, elapsed: 4s, ETA:   104s[>                            ] 298/7824, 72.7 task/s, elapsed: 4s, ETA:   104s[>                            ] 299/7824, 72.8 task/s, elapsed: 4s, ETA:   103s[>                            ] 300/7824, 72.8 task/s, elapsed: 4s, ETA:   103s[>                            ] 301/7824, 72.9 task/s, elapsed: 4s, ETA:   103s[>                            ] 302/7824, 73.0 task/s, elapsed: 4s, ETA:   103s[>                            ] 303/7824, 73.1 task/s, elapsed: 4s, ETA:   103s[>                            ] 304/7824, 73.1 task/s, elapsed: 4s, ETA:   103s[>                            ] 305/7824, 73.2 task/s, elapsed: 4s, ETA:   103s[>                            ] 306/7824, 73.3 task/s, elapsed: 4s, ETA:   103s[>                            ] 307/7824, 73.4 task/s, elapsed: 4s, ETA:   102s[>                            ] 308/7824, 73.5 task/s, elapsed: 4s, ETA:   102s[>                            ] 309/7824, 73.5 task/s, elapsed: 4s, ETA:   102s[>                            ] 310/7824, 73.6 task/s, elapsed: 4s, ETA:   102s[>                            ] 311/7824, 73.7 task/s, elapsed: 4s, ETA:   102s[>                            ] 312/7824, 73.7 task/s, elapsed: 4s, ETA:   102s[>                            ] 313/7824, 73.8 task/s, elapsed: 4s, ETA:   102s[>                            ] 314/7824, 73.9 task/s, elapsed: 4s, ETA:   102s[>                            ] 315/7824, 73.9 task/s, elapsed: 4s, ETA:   102s[>                            ] 316/7824, 74.0 task/s, elapsed: 4s, ETA:   101s[>                            ] 317/7824, 74.1 task/s, elapsed: 4s, ETA:   101s[>                            ] 318/7824, 74.1 task/s, elapsed: 4s, ETA:   101s[>                            ] 319/7824, 74.2 task/s, elapsed: 4s, ETA:   101s[>                            ] 320/7824, 74.3 task/s, elapsed: 4s, ETA:   101s[>                            ] 321/7824, 74.3 task/s, elapsed: 4s, ETA:   101s[>                            ] 322/7824, 74.4 task/s, elapsed: 4s, ETA:   101s[>                            ] 323/7824, 74.4 task/s, elapsed: 4s, ETA:   101s[>                            ] 324/7824, 74.5 task/s, elapsed: 4s, ETA:   101s[>                            ] 325/7824, 74.6 task/s, elapsed: 4s, ETA:   101s[>                            ] 326/7824, 74.6 task/s, elapsed: 4s, ETA:   100s[>                            ] 327/7824, 74.7 task/s, elapsed: 4s, ETA:   100s[>                            ] 328/7824, 74.8 task/s, elapsed: 4s, ETA:   100s[>                            ] 329/7824, 74.8 task/s, elapsed: 4s, ETA:   100s[>                            ] 330/7824, 74.9 task/s, elapsed: 4s, ETA:   100s[>                            ] 331/7824, 75.0 task/s, elapsed: 4s, ETA:   100s[>                            ] 332/7824, 75.0 task/s, elapsed: 4s, ETA:   100s[>                            ] 333/7824, 75.1 task/s, elapsed: 4s, ETA:   100s[>                            ] 334/7824, 75.1 task/s, elapsed: 4s, ETA:   100s[>                            ] 335/7824, 75.1 task/s, elapsed: 4s, ETA:   100s[>                            ] 336/7824, 75.2 task/s, elapsed: 4s, ETA:   100s[>                            ] 337/7824, 75.2 task/s, elapsed: 4s, ETA:   100s[>                            ] 338/7824, 75.2 task/s, elapsed: 4s, ETA:    99s[>                            ] 339/7824, 75.3 task/s, elapsed: 5s, ETA:    99s[>                            ] 340/7824, 75.3 task/s, elapsed: 5s, ETA:    99s[>                            ] 341/7824, 75.4 task/s, elapsed: 5s, ETA:    99s[>                            ] 342/7824, 75.4 task/s, elapsed: 5s, ETA:    99s[>                            ] 343/7824, 75.5 task/s, elapsed: 5s, ETA:    99s[>                            ] 344/7824, 75.5 task/s, elapsed: 5s, ETA:    99s[>                            ] 345/7824, 75.6 task/s, elapsed: 5s, ETA:    99s[>                            ] 346/7824, 75.6 task/s, elapsed: 5s, ETA:    99s[>                            ] 347/7824, 75.7 task/s, elapsed: 5s, ETA:    99s[>                            ] 348/7824, 75.7 task/s, elapsed: 5s, ETA:    99s[>                            ] 349/7824, 75.8 task/s, elapsed: 5s, ETA:    99s[>                            ] 350/7824, 75.8 task/s, elapsed: 5s, ETA:    99s[>                            ] 351/7824, 75.9 task/s, elapsed: 5s, ETA:    98s[>                            ] 352/7824, 76.0 task/s, elapsed: 5s, ETA:    98s[>                            ] 353/7824, 76.0 task/s, elapsed: 5s, ETA:    98s[>                            ] 354/7824, 76.1 task/s, elapsed: 5s, ETA:    98s[>                            ] 355/7824, 76.2 task/s, elapsed: 5s, ETA:    98s[>                            ] 356/7824, 76.1 task/s, elapsed: 5s, ETA:    98s[>                            ] 357/7824, 76.0 task/s, elapsed: 5s, ETA:    98s[>                            ] 358/7824, 76.0 task/s, elapsed: 5s, ETA:    98s[>                            ] 359/7824, 76.0 task/s, elapsed: 5s, ETA:    98s[>                            ] 360/7824, 76.0 task/s, elapsed: 5s, ETA:    98s[>                            ] 361/7824, 76.0 task/s, elapsed: 5s, ETA:    98s[>                            ] 362/7824, 76.0 task/s, elapsed: 5s, ETA:    98s[>                            ] 363/7824, 76.0 task/s, elapsed: 5s, ETA:    98s[>                            ] 364/7824, 76.0 task/s, elapsed: 5s, ETA:    98s[>                            ] 365/7824, 75.9 task/s, elapsed: 5s, ETA:    98s[>                            ] 366/7824, 75.8 task/s, elapsed: 5s, ETA:    98s[>                            ] 367/7824, 75.9 task/s, elapsed: 5s, ETA:    98s[>                            ] 368/7824, 75.9 task/s, elapsed: 5s, ETA:    98s[>                            ] 369/7824, 76.0 task/s, elapsed: 5s, ETA:    98s[>                            ] 370/7824, 76.1 task/s, elapsed: 5s, ETA:    98s[>                            ] 371/7824, 76.1 task/s, elapsed: 5s, ETA:    98s[>                            ] 372/7824, 76.2 task/s, elapsed: 5s, ETA:    98s[>                            ] 373/7824, 76.2 task/s, elapsed: 5s, ETA:    98s[>                            ] 374/7824, 76.3 task/s, elapsed: 5s, ETA:    98s[>                            ] 375/7824, 76.3 task/s, elapsed: 5s, ETA:    98s[>                            ] 376/7824, 76.3 task/s, elapsed: 5s, ETA:    98s[>                            ] 377/7824, 76.3 task/s, elapsed: 5s, ETA:    98s[>                            ] 378/7824, 76.2 task/s, elapsed: 5s, ETA:    98s[>                            ] 379/7824, 76.2 task/s, elapsed: 5s, ETA:    98s[>                            ] 380/7824, 76.2 task/s, elapsed: 5s, ETA:    98s[>                            ] 381/7824, 76.2 task/s, elapsed: 5s, ETA:    98s[>                            ] 382/7824, 76.2 task/s, elapsed: 5s, ETA:    98s[>                            ] 383/7824, 76.2 task/s, elapsed: 5s, ETA:    98s[>                            ] 384/7824, 76.2 task/s, elapsed: 5s, ETA:    98s[>                            ] 385/7824, 76.2 task/s, elapsed: 5s, ETA:    98s[>                            ] 386/7824, 76.1 task/s, elapsed: 5s, ETA:    98s[>                            ] 387/7824, 76.1 task/s, elapsed: 5s, ETA:    98s[>                            ] 388/7824, 76.1 task/s, elapsed: 5s, ETA:    98s[>                            ] 389/7824, 76.1 task/s, elapsed: 5s, ETA:    98s[>                            ] 390/7824, 76.1 task/s, elapsed: 5s, ETA:    98s[>                            ] 391/7824, 76.0 task/s, elapsed: 5s, ETA:    98s[>                            ] 392/7824, 75.9 task/s, elapsed: 5s, ETA:    98s[>                            ] 393/7824, 75.9 task/s, elapsed: 5s, ETA:    98s[>                            ] 394/7824, 75.9 task/s, elapsed: 5s, ETA:    98s[>                            ] 395/7824, 75.9 task/s, elapsed: 5s, ETA:    98s[>                            ] 396/7824, 75.9 task/s, elapsed: 5s, ETA:    98s[>                            ] 397/7824, 75.9 task/s, elapsed: 5s, ETA:    98s[>                            ] 398/7824, 75.9 task/s, elapsed: 5s, ETA:    98s[>                            ] 399/7824, 75.9 task/s, elapsed: 5s, ETA:    98s[>                            ] 400/7824, 75.9 task/s, elapsed: 5s, ETA:    98s[>                            ] 401/7824, 75.9 task/s, elapsed: 5s, ETA:    98s[>                            ] 402/7824, 75.9 task/s, elapsed: 5s, ETA:    98s[>                            ] 403/7824, 75.8 task/s, elapsed: 5s, ETA:    98s[>                            ] 404/7824, 75.8 task/s, elapsed: 5s, ETA:    98s[>                            ] 405/7824, 75.8 task/s, elapsed: 5s, ETA:    98s[>                            ] 406/7824, 75.8 task/s, elapsed: 5s, ETA:    98s[>                            ] 407/7824, 75.8 task/s, elapsed: 5s, ETA:    98s[>                            ] 408/7824, 75.8 task/s, elapsed: 5s, ETA:    98s[>                            ] 409/7824, 75.8 task/s, elapsed: 5s, ETA:    98s[>                            ] 410/7824, 75.8 task/s, elapsed: 5s, ETA:    98s[>                            ] 411/7824, 75.7 task/s, elapsed: 5s, ETA:    98s[>                            ] 412/7824, 75.7 task/s, elapsed: 5s, ETA:    98s[>                            ] 413/7824, 75.7 task/s, elapsed: 5s, ETA:    98s[>                            ] 414/7824, 75.7 task/s, elapsed: 5s, ETA:    98s[>                            ] 415/7824, 75.7 task/s, elapsed: 5s, ETA:    98s[>                            ] 416/7824, 75.6 task/s, elapsed: 6s, ETA:    98s[>                            ] 417/7824, 75.6 task/s, elapsed: 6s, ETA:    98s[>                            ] 418/7824, 75.5 task/s, elapsed: 6s, ETA:    98s[>                            ] 419/7824, 75.5 task/s, elapsed: 6s, ETA:    98s[>                            ] 420/7824, 75.5 task/s, elapsed: 6s, ETA:    98s[>                            ] 421/7824, 75.5 task/s, elapsed: 6s, ETA:    98s[>                            ] 422/7824, 75.5 task/s, elapsed: 6s, ETA:    98s[>                            ] 423/7824, 75.5 task/s, elapsed: 6s, ETA:    98s[>                            ] 424/7824, 75.5 task/s, elapsed: 6s, ETA:    98s[>                            ] 425/7824, 75.5 task/s, elapsed: 6s, ETA:    98s[>                            ] 426/7824, 75.5 task/s, elapsed: 6s, ETA:    98s[>                            ] 427/7824, 75.4 task/s, elapsed: 6s, ETA:    98s[>                            ] 428/7824, 75.4 task/s, elapsed: 6s, ETA:    98s[>                            ] 429/7824, 75.4 task/s, elapsed: 6s, ETA:    98s[>                            ] 430/7824, 75.4 task/s, elapsed: 6s, ETA:    98s[>                            ] 431/7824, 75.4 task/s, elapsed: 6s, ETA:    98s[>                            ] 432/7824, 75.4 task/s, elapsed: 6s, ETA:    98s[>                            ] 433/7824, 75.4 task/s, elapsed: 6s, ETA:    98s[>                            ] 434/7824, 75.4 task/s, elapsed: 6s, ETA:    98s[>                            ] 435/7824, 75.3 task/s, elapsed: 6s, ETA:    98s[>                            ] 436/7824, 75.3 task/s, elapsed: 6s, ETA:    98s[>                            ] 437/7824, 75.3 task/s, elapsed: 6s, ETA:    98s[>                            ] 438/7824, 75.3 task/s, elapsed: 6s, ETA:    98s[>                            ] 439/7824, 75.3 task/s, elapsed: 6s, ETA:    98s[>                            ] 440/7824, 75.3 task/s, elapsed: 6s, ETA:    98s[>                            ] 441/7824, 75.3 task/s, elapsed: 6s, ETA:    98s[>                            ] 442/7824, 75.3 task/s, elapsed: 6s, ETA:    98s[>                            ] 443/7824, 75.3 task/s, elapsed: 6s, ETA:    98s[>                            ] 444/7824, 75.3 task/s, elapsed: 6s, ETA:    98s[>                            ] 445/7824, 75.3 task/s, elapsed: 6s, ETA:    98s[>                            ] 446/7824, 75.2 task/s, elapsed: 6s, ETA:    98s[>                            ] 447/7824, 75.2 task/s, elapsed: 6s, ETA:    98s[>                            ] 448/7824, 75.2 task/s, elapsed: 6s, ETA:    98s[>                            ] 449/7824, 75.2 task/s, elapsed: 6s, ETA:    98s[>                            ] 450/7824, 75.2 task/s, elapsed: 6s, ETA:    98s[>                            ] 451/7824, 75.2 task/s, elapsed: 6s, ETA:    98s[>                            ] 452/7824, 75.2 task/s, elapsed: 6s, ETA:    98s[>                            ] 453/7824, 75.2 task/s, elapsed: 6s, ETA:    98s[>                            ] 454/7824, 75.0 task/s, elapsed: 6s, ETA:    98s[>                            ] 455/7824, 75.0 task/s, elapsed: 6s, ETA:    98s[>                            ] 456/7824, 75.0 task/s, elapsed: 6s, ETA:    98s[>                            ] 457/7824, 75.1 task/s, elapsed: 6s, ETA:    98s[>                            ] 458/7824, 75.1 task/s, elapsed: 6s, ETA:    98s[>                            ] 459/7824, 75.2 task/s, elapsed: 6s, ETA:    98s[>                            ] 460/7824, 75.2 task/s, elapsed: 6s, ETA:    98s[>                            ] 461/7824, 75.3 task/s, elapsed: 6s, ETA:    98s[>                            ] 462/7824, 75.3 task/s, elapsed: 6s, ETA:    98s[>                            ] 463/7824, 75.4 task/s, elapsed: 6s, ETA:    98s[>                            ] 464/7824, 75.4 task/s, elapsed: 6s, ETA:    98s[>                            ] 465/7824, 75.5 task/s, elapsed: 6s, ETA:    98s[>                            ] 466/7824, 75.5 task/s, elapsed: 6s, ETA:    97s[>                            ] 467/7824, 75.6 task/s, elapsed: 6s, ETA:    97s[>                            ] 468/7824, 75.6 task/s, elapsed: 6s, ETA:    97s[>                            ] 469/7824, 75.6 task/s, elapsed: 6s, ETA:    97s[>                            ] 470/7824, 75.7 task/s, elapsed: 6s, ETA:    97s[>                            ] 471/7824, 75.7 task/s, elapsed: 6s, ETA:    97s[>                            ] 472/7824, 75.8 task/s, elapsed: 6s, ETA:    97s[>                            ] 473/7824, 75.8 task/s, elapsed: 6s, ETA:    97s[>                            ] 474/7824, 75.8 task/s, elapsed: 6s, ETA:    97s[>                            ] 475/7824, 75.7 task/s, elapsed: 6s, ETA:    97s[>                            ] 476/7824, 75.7 task/s, elapsed: 6s, ETA:    97s[>                            ] 477/7824, 75.8 task/s, elapsed: 6s, ETA:    97s[>                            ] 478/7824, 75.6 task/s, elapsed: 6s, ETA:    97s[>                            ] 479/7824, 75.7 task/s, elapsed: 6s, ETA:    97s[>                            ] 480/7824, 75.7 task/s, elapsed: 6s, ETA:    97s[>                            ] 481/7824, 75.7 task/s, elapsed: 6s, ETA:    97s[>                            ] 482/7824, 75.8 task/s, elapsed: 6s, ETA:    97s[>                            ] 483/7824, 75.8 task/s, elapsed: 6s, ETA:    97s[>                            ] 484/7824, 75.9 task/s, elapsed: 6s, ETA:    97s[>                            ] 485/7824, 75.9 task/s, elapsed: 6s, ETA:    97s[>                            ] 486/7824, 76.0 task/s, elapsed: 6s, ETA:    97s[>                            ] 487/7824, 76.0 task/s, elapsed: 6s, ETA:    97s[>                            ] 488/7824, 76.0 task/s, elapsed: 6s, ETA:    96s[>                            ] 489/7824, 76.1 task/s, elapsed: 6s, ETA:    96s[>                            ] 490/7824, 76.1 task/s, elapsed: 6s, ETA:    96s[>                            ] 491/7824, 76.1 task/s, elapsed: 6s, ETA:    96s[>                            ] 492/7824, 76.2 task/s, elapsed: 6s, ETA:    96s[>                            ] 493/7824, 76.2 task/s, elapsed: 6s, ETA:    96s[>                            ] 494/7824, 76.3 task/s, elapsed: 6s, ETA:    96s[>                            ] 495/7824, 76.3 task/s, elapsed: 6s, ETA:    96s[>                            ] 496/7824, 76.3 task/s, elapsed: 6s, ETA:    96s[>                            ] 497/7824, 76.4 task/s, elapsed: 7s, ETA:    96s[>                            ] 498/7824, 76.4 task/s, elapsed: 7s, ETA:    96s[>                            ] 499/7824, 76.4 task/s, elapsed: 7s, ETA:    96s[>                            ] 500/7824, 76.5 task/s, elapsed: 7s, ETA:    96s[>                            ] 501/7824, 76.5 task/s, elapsed: 7s, ETA:    96s[>                            ] 502/7824, 76.5 task/s, elapsed: 7s, ETA:    96s[>                            ] 503/7824, 76.6 task/s, elapsed: 7s, ETA:    96s[>                            ] 504/7824, 76.6 task/s, elapsed: 7s, ETA:    96s[>                            ] 505/7824, 76.7 task/s, elapsed: 7s, ETA:    95s[>                            ] 506/7824, 76.7 task/s, elapsed: 7s, ETA:    95s[>                            ] 507/7824, 76.7 task/s, elapsed: 7s, ETA:    95s[>                            ] 508/7824, 76.8 task/s, elapsed: 7s, ETA:    95s[>                            ] 509/7824, 76.8 task/s, elapsed: 7s, ETA:    95s[>                            ] 510/7824, 76.8 task/s, elapsed: 7s, ETA:    95s[>                            ] 511/7824, 76.9 task/s, elapsed: 7s, ETA:    95s[>                            ] 512/7824, 76.9 task/s, elapsed: 7s, ETA:    95s[>                            ] 513/7824, 76.9 task/s, elapsed: 7s, ETA:    95s[>                            ] 514/7824, 77.0 task/s, elapsed: 7s, ETA:    95s[>                            ] 515/7824, 77.0 task/s, elapsed: 7s, ETA:    95s[>                            ] 516/7824, 77.1 task/s, elapsed: 7s, ETA:    95s[>                            ] 517/7824, 77.1 task/s, elapsed: 7s, ETA:    95s[>                            ] 518/7824, 77.1 task/s, elapsed: 7s, ETA:    95s[>                            ] 519/7824, 77.2 task/s, elapsed: 7s, ETA:    95s[>                            ] 520/7824, 77.2 task/s, elapsed: 7s, ETA:    95s[>                            ] 521/7824, 77.3 task/s, elapsed: 7s, ETA:    95s[>                            ] 522/7824, 77.3 task/s, elapsed: 7s, ETA:    94s[>                            ] 523/7824, 77.3 task/s, elapsed: 7s, ETA:    94s[>                            ] 524/7824, 77.3 task/s, elapsed: 7s, ETA:    94s[>                            ] 525/7824, 77.3 task/s, elapsed: 7s, ETA:    94s[>                            ] 526/7824, 77.4 task/s, elapsed: 7s, ETA:    94s[>                            ] 527/7824, 77.4 task/s, elapsed: 7s, ETA:    94s[>                            ] 528/7824, 77.4 task/s, elapsed: 7s, ETA:    94s[>                            ] 529/7824, 77.5 task/s, elapsed: 7s, ETA:    94s[>                            ] 530/7824, 77.5 task/s, elapsed: 7s, ETA:    94s[>                            ] 531/7824, 77.5 task/s, elapsed: 7s, ETA:    94s[>                            ] 532/7824, 77.6 task/s, elapsed: 7s, ETA:    94s[>                            ] 533/7824, 77.6 task/s, elapsed: 7s, ETA:    94s[>                            ] 534/7824, 77.6 task/s, elapsed: 7s, ETA:    94s[>                            ] 535/7824, 77.7 task/s, elapsed: 7s, ETA:    94s[>                            ] 536/7824, 77.7 task/s, elapsed: 7s, ETA:    94s[>                            ] 537/7824, 77.7 task/s, elapsed: 7s, ETA:    94s[>                            ] 538/7824, 77.7 task/s, elapsed: 7s, ETA:    94s[>                            ] 539/7824, 77.7 task/s, elapsed: 7s, ETA:    94s[>>                           ] 540/7824, 77.7 task/s, elapsed: 7s, ETA:    94s[>>                           ] 541/7824, 77.8 task/s, elapsed: 7s, ETA:    94s[>>                           ] 542/7824, 77.8 task/s, elapsed: 7s, ETA:    94s[>>                           ] 543/7824, 77.8 task/s, elapsed: 7s, ETA:    94s[>>                           ] 544/7824, 77.8 task/s, elapsed: 7s, ETA:    94s[>>                           ] 545/7824, 77.9 task/s, elapsed: 7s, ETA:    93s[>>                           ] 546/7824, 77.9 task/s, elapsed: 7s, ETA:    93s[>>                           ] 547/7824, 77.9 task/s, elapsed: 7s, ETA:    93s[>>                           ] 548/7824, 78.0 task/s, elapsed: 7s, ETA:    93s[>>                           ] 549/7824, 78.0 task/s, elapsed: 7s, ETA:    93s[>>                           ] 550/7824, 78.0 task/s, elapsed: 7s, ETA:    93s[>>                           ] 551/7824, 78.1 task/s, elapsed: 7s, ETA:    93s[>>                           ] 552/7824, 78.1 task/s, elapsed: 7s, ETA:    93s[>>                           ] 553/7824, 78.1 task/s, elapsed: 7s, ETA:    93s[>>                           ] 554/7824, 78.1 task/s, elapsed: 7s, ETA:    93s[>>                           ] 555/7824, 78.2 task/s, elapsed: 7s, ETA:    93s[>>                           ] 556/7824, 78.2 task/s, elapsed: 7s, ETA:    93s[>>                           ] 557/7824, 78.3 task/s, elapsed: 7s, ETA:    93s[>>                           ] 558/7824, 78.3 task/s, elapsed: 7s, ETA:    93s[>>                           ] 559/7824, 78.3 task/s, elapsed: 7s, ETA:    93s[>>                           ] 560/7824, 78.3 task/s, elapsed: 7s, ETA:    93s[>>                           ] 561/7824, 78.4 task/s, elapsed: 7s, ETA:    93s[>>                           ] 562/7824, 78.4 task/s, elapsed: 7s, ETA:    93s[>>                           ] 563/7824, 78.5 task/s, elapsed: 7s, ETA:    93s[>>                           ] 564/7824, 78.5 task/s, elapsed: 7s, ETA:    92s[>>                           ] 565/7824, 78.5 task/s, elapsed: 7s, ETA:    92s[>>                           ] 566/7824, 78.6 task/s, elapsed: 7s, ETA:    92s[>>                           ] 567/7824, 78.6 task/s, elapsed: 7s, ETA:    92s[>>                           ] 568/7824, 78.6 task/s, elapsed: 7s, ETA:    92s[>>                           ] 569/7824, 78.7 task/s, elapsed: 7s, ETA:    92s[>>                           ] 570/7824, 78.7 task/s, elapsed: 7s, ETA:    92s[>>                           ] 571/7824, 78.7 task/s, elapsed: 7s, ETA:    92s[>>                           ] 572/7824, 78.8 task/s, elapsed: 7s, ETA:    92s[>>                           ] 573/7824, 78.8 task/s, elapsed: 7s, ETA:    92s[>>                           ] 574/7824, 78.8 task/s, elapsed: 7s, ETA:    92s[>>                           ] 575/7824, 78.9 task/s, elapsed: 7s, ETA:    92s[>>                           ] 576/7824, 78.9 task/s, elapsed: 7s, ETA:    92s[>>                           ] 577/7824, 78.9 task/s, elapsed: 7s, ETA:    92s[>>                           ] 578/7824, 79.0 task/s, elapsed: 7s, ETA:    92s[>>                           ] 579/7824, 79.0 task/s, elapsed: 7s, ETA:    92s[>>                           ] 580/7824, 79.0 task/s, elapsed: 7s, ETA:    92s[>>                           ] 581/7824, 79.1 task/s, elapsed: 7s, ETA:    92s[>>                           ] 582/7824, 79.1 task/s, elapsed: 7s, ETA:    92s[>>                           ] 583/7824, 79.2 task/s, elapsed: 7s, ETA:    91s[>>                           ] 584/7824, 79.2 task/s, elapsed: 7s, ETA:    91s[>>                           ] 585/7824, 79.2 task/s, elapsed: 7s, ETA:    91s[>>                           ] 586/7824, 79.3 task/s, elapsed: 7s, ETA:    91s[>>                           ] 587/7824, 79.3 task/s, elapsed: 7s, ETA:    91s[>>                           ] 588/7824, 79.3 task/s, elapsed: 7s, ETA:    91s[>>                           ] 589/7824, 79.4 task/s, elapsed: 7s, ETA:    91s[>>                           ] 590/7824, 79.4 task/s, elapsed: 7s, ETA:    91s[>>                           ] 591/7824, 79.4 task/s, elapsed: 7s, ETA:    91s[>>                           ] 592/7824, 79.5 task/s, elapsed: 7s, ETA:    91s[>>                           ] 593/7824, 79.5 task/s, elapsed: 7s, ETA:    91s[>>                           ] 594/7824, 79.5 task/s, elapsed: 7s, ETA:    91s[>>                           ] 595/7824, 79.5 task/s, elapsed: 7s, ETA:    91s[>>                           ] 596/7824, 79.6 task/s, elapsed: 7s, ETA:    91s[>>                           ] 597/7824, 79.6 task/s, elapsed: 8s, ETA:    91s[>>                           ] 598/7824, 79.6 task/s, elapsed: 8s, ETA:    91s[>>                           ] 599/7824, 79.6 task/s, elapsed: 8s, ETA:    91s[>>                           ] 600/7824, 79.6 task/s, elapsed: 8s, ETA:    91s[>>                           ] 601/7824, 79.6 task/s, elapsed: 8s, ETA:    91s[>>                           ] 602/7824, 79.7 task/s, elapsed: 8s, ETA:    91s[>>                           ] 603/7824, 79.7 task/s, elapsed: 8s, ETA:    91s[>>                           ] 604/7824, 79.7 task/s, elapsed: 8s, ETA:    91s[>>                           ] 605/7824, 79.7 task/s, elapsed: 8s, ETA:    91s[>>                           ] 606/7824, 79.7 task/s, elapsed: 8s, ETA:    91s[>>                           ] 607/7824, 79.8 task/s, elapsed: 8s, ETA:    90s[>>                           ] 608/7824, 79.8 task/s, elapsed: 8s, ETA:    90s[>>                           ] 609/7824, 79.8 task/s, elapsed: 8s, ETA:    90s[>>                           ] 610/7824, 79.8 task/s, elapsed: 8s, ETA:    90s[>>                           ] 611/7824, 79.8 task/s, elapsed: 8s, ETA:    90s[>>                           ] 612/7824, 79.7 task/s, elapsed: 8s, ETA:    90s[>>                           ] 613/7824, 79.7 task/s, elapsed: 8s, ETA:    90s[>>                           ] 614/7824, 79.8 task/s, elapsed: 8s, ETA:    90s[>>                           ] 615/7824, 79.8 task/s, elapsed: 8s, ETA:    90s[>>                           ] 616/7824, 79.8 task/s, elapsed: 8s, ETA:    90s[>>                           ] 617/7824, 79.8 task/s, elapsed: 8s, ETA:    90s[>>                           ] 618/7824, 79.9 task/s, elapsed: 8s, ETA:    90s[>>                           ] 619/7824, 79.9 task/s, elapsed: 8s, ETA:    90s[>>                           ] 620/7824, 79.9 task/s, elapsed: 8s, ETA:    90s[>>                           ] 621/7824, 79.9 task/s, elapsed: 8s, ETA:    90s[>>                           ] 622/7824, 80.0 task/s, elapsed: 8s, ETA:    90s[>>                           ] 623/7824, 80.0 task/s, elapsed: 8s, ETA:    90s[>>                           ] 624/7824, 80.0 task/s, elapsed: 8s, ETA:    90s[>>                           ] 625/7824, 80.0 task/s, elapsed: 8s, ETA:    90s[>>                           ] 626/7824, 80.1 task/s, elapsed: 8s, ETA:    90s[>>                           ] 627/7824, 80.1 task/s, elapsed: 8s, ETA:    90s[>>                           ] 628/7824, 80.1 task/s, elapsed: 8s, ETA:    90s[>>                           ] 629/7824, 80.2 task/s, elapsed: 8s, ETA:    90s[>>                           ] 630/7824, 80.2 task/s, elapsed: 8s, ETA:    90s[>>                           ] 631/7824, 80.2 task/s, elapsed: 8s, ETA:    90s[>>                           ] 632/7824, 80.3 task/s, elapsed: 8s, ETA:    90s[>>                           ] 633/7824, 80.3 task/s, elapsed: 8s, ETA:    90s[>>                           ] 634/7824, 80.3 task/s, elapsed: 8s, ETA:    90s[>>                           ] 635/7824, 80.3 task/s, elapsed: 8s, ETA:    89s[>>                           ] 636/7824, 80.4 task/s, elapsed: 8s, ETA:    89s[>>                           ] 637/7824, 80.4 task/s, elapsed: 8s, ETA:    89s[>>                           ] 638/7824, 80.4 task/s, elapsed: 8s, ETA:    89s[>>                           ] 639/7824, 80.4 task/s, elapsed: 8s, ETA:    89s[>>                           ] 640/7824, 80.5 task/s, elapsed: 8s, ETA:    89s[>>                           ] 641/7824, 80.5 task/s, elapsed: 8s, ETA:    89s[>>                           ] 642/7824, 80.5 task/s, elapsed: 8s, ETA:    89s[>>                           ] 643/7824, 80.5 task/s, elapsed: 8s, ETA:    89s[>>                           ] 644/7824, 80.6 task/s, elapsed: 8s, ETA:    89s[>>                           ] 645/7824, 80.6 task/s, elapsed: 8s, ETA:    89s[>>                           ] 646/7824, 80.6 task/s, elapsed: 8s, ETA:    89s[>>                           ] 647/7824, 80.6 task/s, elapsed: 8s, ETA:    89s[>>                           ] 648/7824, 80.6 task/s, elapsed: 8s, ETA:    89s[>>                           ] 649/7824, 80.7 task/s, elapsed: 8s, ETA:    89s[>>                           ] 650/7824, 80.7 task/s, elapsed: 8s, ETA:    89s[>>                           ] 651/7824, 80.7 task/s, elapsed: 8s, ETA:    89s[>>                           ] 652/7824, 80.7 task/s, elapsed: 8s, ETA:    89s[>>                           ] 653/7824, 80.8 task/s, elapsed: 8s, ETA:    89s[>>                           ] 654/7824, 80.8 task/s, elapsed: 8s, ETA:    89s[>>                           ] 655/7824, 80.8 task/s, elapsed: 8s, ETA:    89s[>>                           ] 656/7824, 80.8 task/s, elapsed: 8s, ETA:    89s[>>                           ] 657/7824, 80.9 task/s, elapsed: 8s, ETA:    89s[>>                           ] 658/7824, 80.9 task/s, elapsed: 8s, ETA:    89s[>>                           ] 659/7824, 80.9 task/s, elapsed: 8s, ETA:    89s[>>                           ] 660/7824, 80.9 task/s, elapsed: 8s, ETA:    89s[>>                           ] 661/7824, 80.9 task/s, elapsed: 8s, ETA:    89s[>>                           ] 662/7824, 80.8 task/s, elapsed: 8s, ETA:    89s[>>                           ] 663/7824, 80.8 task/s, elapsed: 8s, ETA:    89s[>>                           ] 664/7824, 80.8 task/s, elapsed: 8s, ETA:    89s[>>                           ] 665/7824, 80.7 task/s, elapsed: 8s, ETA:    89s[>>                           ] 666/7824, 80.7 task/s, elapsed: 8s, ETA:    89s[>>                           ] 667/7824, 80.7 task/s, elapsed: 8s, ETA:    89s[>>                           ] 668/7824, 80.7 task/s, elapsed: 8s, ETA:    89s[>>                           ] 669/7824, 80.7 task/s, elapsed: 8s, ETA:    89s[>>                           ] 670/7824, 80.6 task/s, elapsed: 8s, ETA:    89s[>>                           ] 671/7824, 80.6 task/s, elapsed: 8s, ETA:    89s[>>                           ] 672/7824, 80.6 task/s, elapsed: 8s, ETA:    89s[>>                           ] 673/7824, 80.6 task/s, elapsed: 8s, ETA:    89s[>>                           ] 674/7824, 80.6 task/s, elapsed: 8s, ETA:    89s[>>                           ] 675/7824, 80.6 task/s, elapsed: 8s, ETA:    89s[>>                           ] 676/7824, 80.5 task/s, elapsed: 8s, ETA:    89s[>>                           ] 677/7824, 80.5 task/s, elapsed: 8s, ETA:    89s[>>                           ] 678/7824, 80.5 task/s, elapsed: 8s, ETA:    89s[>>                           ] 679/7824, 80.5 task/s, elapsed: 8s, ETA:    89s[>>                           ] 680/7824, 80.5 task/s, elapsed: 8s, ETA:    89s[>>                           ] 681/7824, 80.5 task/s, elapsed: 8s, ETA:    89s[>>                           ] 682/7824, 80.4 task/s, elapsed: 8s, ETA:    89s[>>                           ] 683/7824, 80.4 task/s, elapsed: 8s, ETA:    89s[>>                           ] 684/7824, 80.4 task/s, elapsed: 9s, ETA:    89s[>>                           ] 685/7824, 80.4 task/s, elapsed: 9s, ETA:    89s[>>                           ] 686/7824, 80.4 task/s, elapsed: 9s, ETA:    89s[>>                           ] 687/7824, 80.4 task/s, elapsed: 9s, ETA:    89s[>>                           ] 688/7824, 80.3 task/s, elapsed: 9s, ETA:    89s[>>                           ] 689/7824, 80.3 task/s, elapsed: 9s, ETA:    89s[>>                           ] 690/7824, 80.3 task/s, elapsed: 9s, ETA:    89s[>>                           ] 691/7824, 80.3 task/s, elapsed: 9s, ETA:    89s[>>                           ] 692/7824, 80.3 task/s, elapsed: 9s, ETA:    89s[>>                           ] 693/7824, 80.3 task/s, elapsed: 9s, ETA:    89s[>>                           ] 694/7824, 80.3 task/s, elapsed: 9s, ETA:    89s[>>                           ] 695/7824, 80.2 task/s, elapsed: 9s, ETA:    89s[>>                           ] 696/7824, 80.2 task/s, elapsed: 9s, ETA:    89s[>>                           ] 697/7824, 80.2 task/s, elapsed: 9s, ETA:    89s[>>                           ] 698/7824, 80.2 task/s, elapsed: 9s, ETA:    89s[>>                           ] 699/7824, 80.2 task/s, elapsed: 9s, ETA:    89s[>>                           ] 700/7824, 80.2 task/s, elapsed: 9s, ETA:    89s[>>                           ] 701/7824, 80.2 task/s, elapsed: 9s, ETA:    89s[>>                           ] 702/7824, 80.1 task/s, elapsed: 9s, ETA:    89s[>>                           ] 703/7824, 80.1 task/s, elapsed: 9s, ETA:    89s[>>                           ] 704/7824, 80.1 task/s, elapsed: 9s, ETA:    89s[>>                           ] 705/7824, 80.1 task/s, elapsed: 9s, ETA:    89s[>>                           ] 706/7824, 80.1 task/s, elapsed: 9s, ETA:    89s[>>                           ] 707/7824, 80.1 task/s, elapsed: 9s, ETA:    89s[>>                           ] 708/7824, 80.0 task/s, elapsed: 9s, ETA:    89s[>>                           ] 709/7824, 80.0 task/s, elapsed: 9s, ETA:    89s[>>                           ] 710/7824, 80.0 task/s, elapsed: 9s, ETA:    89s[>>                           ] 711/7824, 80.0 task/s, elapsed: 9s, ETA:    89s[>>                           ] 712/7824, 80.0 task/s, elapsed: 9s, ETA:    89s[>>                           ] 713/7824, 80.0 task/s, elapsed: 9s, ETA:    89s[>>                           ] 714/7824, 80.0 task/s, elapsed: 9s, ETA:    89s[>>                           ] 715/7824, 80.0 task/s, elapsed: 9s, ETA:    89s[>>                           ] 716/7824, 79.9 task/s, elapsed: 9s, ETA:    89s[>>                           ] 717/7824, 79.9 task/s, elapsed: 9s, ETA:    89s[>>                           ] 718/7824, 79.9 task/s, elapsed: 9s, ETA:    89s[>>                           ] 719/7824, 79.9 task/s, elapsed: 9s, ETA:    89s[>>                           ] 720/7824, 79.9 task/s, elapsed: 9s, ETA:    89s[>>                           ] 721/7824, 79.9 task/s, elapsed: 9s, ETA:    89s[>>                           ] 722/7824, 79.8 task/s, elapsed: 9s, ETA:    89s[>>                           ] 723/7824, 79.8 task/s, elapsed: 9s, ETA:    89s[>>                           ] 724/7824, 79.8 task/s, elapsed: 9s, ETA:    89s[>>                           ] 725/7824, 79.8 task/s, elapsed: 9s, ETA:    89s[>>                           ] 726/7824, 79.8 task/s, elapsed: 9s, ETA:    89s[>>                           ] 727/7824, 79.8 task/s, elapsed: 9s, ETA:    89s[>>                           ] 728/7824, 79.8 task/s, elapsed: 9s, ETA:    89s[>>                           ] 729/7824, 79.7 task/s, elapsed: 9s, ETA:    89s[>>                           ] 730/7824, 79.7 task/s, elapsed: 9s, ETA:    89s[>>                           ] 731/7824, 79.7 task/s, elapsed: 9s, ETA:    89s[>>                           ] 732/7824, 79.7 task/s, elapsed: 9s, ETA:    89s[>>                           ] 733/7824, 79.7 task/s, elapsed: 9s, ETA:    89s[>>                           ] 734/7824, 79.6 task/s, elapsed: 9s, ETA:    89s[>>                           ] 735/7824, 79.6 task/s, elapsed: 9s, ETA:    89s[>>                           ] 736/7824, 79.6 task/s, elapsed: 9s, ETA:    89s[>>                           ] 737/7824, 79.6 task/s, elapsed: 9s, ETA:    89s[>>                           ] 738/7824, 79.6 task/s, elapsed: 9s, ETA:    89s[>>                           ] 739/7824, 79.6 task/s, elapsed: 9s, ETA:    89s[>>                           ] 740/7824, 79.6 task/s, elapsed: 9s, ETA:    89s[>>                           ] 741/7824, 79.5 task/s, elapsed: 9s, ETA:    89s[>>                           ] 742/7824, 79.5 task/s, elapsed: 9s, ETA:    89s[>>                           ] 743/7824, 79.5 task/s, elapsed: 9s, ETA:    89s[>>                           ] 744/7824, 79.5 task/s, elapsed: 9s, ETA:    89s[>>                           ] 745/7824, 79.5 task/s, elapsed: 9s, ETA:    89s[>>                           ] 746/7824, 79.5 task/s, elapsed: 9s, ETA:    89s[>>                           ] 747/7824, 79.4 task/s, elapsed: 9s, ETA:    89s[>>                           ] 748/7824, 79.4 task/s, elapsed: 9s, ETA:    89s[>>                           ] 749/7824, 79.4 task/s, elapsed: 9s, ETA:    89s[>>                           ] 750/7824, 79.4 task/s, elapsed: 9s, ETA:    89s[>>                           ] 751/7824, 79.4 task/s, elapsed: 9s, ETA:    89s[>>                           ] 752/7824, 79.4 task/s, elapsed: 9s, ETA:    89s[>>                           ] 753/7824, 79.4 task/s, elapsed: 9s, ETA:    89s[>>                           ] 754/7824, 79.4 task/s, elapsed: 9s, ETA:    89s[>>                          ] 755/7824, 79.4 task/s, elapsed: 10s, ETA:    89s[>>                          ] 756/7824, 79.4 task/s, elapsed: 10s, ETA:    89s[>>                          ] 757/7824, 79.4 task/s, elapsed: 10s, ETA:    89s[>>                          ] 758/7824, 79.5 task/s, elapsed: 10s, ETA:    89s[>>                          ] 759/7824, 79.5 task/s, elapsed: 10s, ETA:    89s[>>                          ] 760/7824, 79.5 task/s, elapsed: 10s, ETA:    89s[>>                          ] 761/7824, 79.5 task/s, elapsed: 10s, ETA:    89s[>>                          ] 762/7824, 79.5 task/s, elapsed: 10s, ETA:    89s[>>                          ] 763/7824, 79.6 task/s, elapsed: 10s, ETA:    89s[>>                          ] 764/7824, 79.6 task/s, elapsed: 10s, ETA:    89s[>>                          ] 765/7824, 79.6 task/s, elapsed: 10s, ETA:    89s[>>                          ] 766/7824, 79.6 task/s, elapsed: 10s, ETA:    89s[>>                          ] 767/7824, 79.6 task/s, elapsed: 10s, ETA:    89s[>>                          ] 768/7824, 79.7 task/s, elapsed: 10s, ETA:    89s[>>                          ] 769/7824, 79.7 task/s, elapsed: 10s, ETA:    89s[>>                          ] 770/7824, 79.7 task/s, elapsed: 10s, ETA:    88s[>>                          ] 771/7824, 79.7 task/s, elapsed: 10s, ETA:    88s[>>                          ] 772/7824, 79.7 task/s, elapsed: 10s, ETA:    88s[>>                          ] 773/7824, 79.8 task/s, elapsed: 10s, ETA:    88s[>>                          ] 774/7824, 79.8 task/s, elapsed: 10s, ETA:    88s[>>                          ] 775/7824, 79.8 task/s, elapsed: 10s, ETA:    88s[>>                          ] 776/7824, 79.8 task/s, elapsed: 10s, ETA:    88s[>>                          ] 777/7824, 79.9 task/s, elapsed: 10s, ETA:    88s[>>                          ] 778/7824, 79.9 task/s, elapsed: 10s, ETA:    88s[>>                          ] 779/7824, 79.9 task/s, elapsed: 10s, ETA:    88s[>>                          ] 780/7824, 79.9 task/s, elapsed: 10s, ETA:    88s[>>                          ] 781/7824, 80.0 task/s, elapsed: 10s, ETA:    88s[>>                          ] 782/7824, 80.0 task/s, elapsed: 10s, ETA:    88s[>>                          ] 783/7824, 80.0 task/s, elapsed: 10s, ETA:    88s[>>                          ] 784/7824, 80.0 task/s, elapsed: 10s, ETA:    88s[>>                          ] 785/7824, 80.1 task/s, elapsed: 10s, ETA:    88s[>>                          ] 786/7824, 80.1 task/s, elapsed: 10s, ETA:    88s[>>                          ] 787/7824, 80.1 task/s, elapsed: 10s, ETA:    88s[>>                          ] 788/7824, 80.1 task/s, elapsed: 10s, ETA:    88s[>>                          ] 789/7824, 80.2 task/s, elapsed: 10s, ETA:    88s[>>                          ] 790/7824, 80.2 task/s, elapsed: 10s, ETA:    88s[>>                          ] 791/7824, 80.2 task/s, elapsed: 10s, ETA:    88s[>>                          ] 792/7824, 80.2 task/s, elapsed: 10s, ETA:    88s[>>                          ] 793/7824, 80.2 task/s, elapsed: 10s, ETA:    88s[>>                          ] 794/7824, 80.3 task/s, elapsed: 10s, ETA:    88s[>>                          ] 795/7824, 80.3 task/s, elapsed: 10s, ETA:    88s[>>                          ] 796/7824, 80.2 task/s, elapsed: 10s, ETA:    88s[>>                          ] 797/7824, 80.2 task/s, elapsed: 10s, ETA:    88s[>>                          ] 798/7824, 80.2 task/s, elapsed: 10s, ETA:    88s[>>                          ] 799/7824, 80.2 task/s, elapsed: 10s, ETA:    88s[>>                          ] 800/7824, 80.2 task/s, elapsed: 10s, ETA:    88s[>>                          ] 801/7824, 80.3 task/s, elapsed: 10s, ETA:    87s[>>                          ] 802/7824, 80.3 task/s, elapsed: 10s, ETA:    87s[>>                          ] 803/7824, 80.3 task/s, elapsed: 10s, ETA:    87s[>>                          ] 804/7824, 80.3 task/s, elapsed: 10s, ETA:    87s[>>                          ] 805/7824, 80.4 task/s, elapsed: 10s, ETA:    87s[>>                          ] 806/7824, 80.4 task/s, elapsed: 10s, ETA:    87s[>>                          ] 807/7824, 80.4 task/s, elapsed: 10s, ETA:    87s[>>                          ] 808/7824, 80.4 task/s, elapsed: 10s, ETA:    87s[>>                          ] 809/7824, 80.5 task/s, elapsed: 10s, ETA:    87s[>>                          ] 810/7824, 80.5 task/s, elapsed: 10s, ETA:    87s[>>                          ] 811/7824, 80.5 task/s, elapsed: 10s, ETA:    87s[>>                          ] 812/7824, 80.5 task/s, elapsed: 10s, ETA:    87s[>>                          ] 813/7824, 80.6 task/s, elapsed: 10s, ETA:    87s[>>                          ] 814/7824, 80.6 task/s, elapsed: 10s, ETA:    87s[>>                          ] 815/7824, 80.6 task/s, elapsed: 10s, ETA:    87s[>>                          ] 816/7824, 80.6 task/s, elapsed: 10s, ETA:    87s[>>                          ] 817/7824, 80.6 task/s, elapsed: 10s, ETA:    87s[>>                          ] 818/7824, 80.6 task/s, elapsed: 10s, ETA:    87s[>>                          ] 819/7824, 80.7 task/s, elapsed: 10s, ETA:    87s[>>                          ] 820/7824, 80.7 task/s, elapsed: 10s, ETA:    87s[>>                          ] 821/7824, 80.7 task/s, elapsed: 10s, ETA:    87s[>>                          ] 822/7824, 80.7 task/s, elapsed: 10s, ETA:    87s[>>                          ] 823/7824, 80.7 task/s, elapsed: 10s, ETA:    87s[>>                          ] 824/7824, 80.7 task/s, elapsed: 10s, ETA:    87s[>>                          ] 825/7824, 80.8 task/s, elapsed: 10s, ETA:    87s[>>                          ] 826/7824, 80.8 task/s, elapsed: 10s, ETA:    87s[>>                          ] 827/7824, 80.8 task/s, elapsed: 10s, ETA:    87s[>>                          ] 828/7824, 80.8 task/s, elapsed: 10s, ETA:    87s[>>                          ] 829/7824, 80.9 task/s, elapsed: 10s, ETA:    87s[>>                          ] 830/7824, 80.9 task/s, elapsed: 10s, ETA:    86s[>>                          ] 831/7824, 80.9 task/s, elapsed: 10s, ETA:    86s[>>                          ] 832/7824, 80.9 task/s, elapsed: 10s, ETA:    86s[>>                          ] 833/7824, 81.0 task/s, elapsed: 10s, ETA:    86s[>>                          ] 834/7824, 81.0 task/s, elapsed: 10s, ETA:    86s[>>                          ] 835/7824, 81.0 task/s, elapsed: 10s, ETA:    86s[>>                          ] 836/7824, 81.0 task/s, elapsed: 10s, ETA:    86s[>>                          ] 837/7824, 81.0 task/s, elapsed: 10s, ETA:    86s[>>                          ] 838/7824, 81.1 task/s, elapsed: 10s, ETA:    86s[>>>                         ] 839/7824, 81.1 task/s, elapsed: 10s, ETA:    86s[>>>                         ] 840/7824, 81.1 task/s, elapsed: 10s, ETA:    86s[>>>                         ] 841/7824, 81.1 task/s, elapsed: 10s, ETA:    86s[>>>                         ] 842/7824, 81.0 task/s, elapsed: 10s, ETA:    86s[>>>                         ] 843/7824, 81.1 task/s, elapsed: 10s, ETA:    86s[>>>                         ] 844/7824, 81.1 task/s, elapsed: 10s, ETA:    86s[>>>                         ] 845/7824, 81.1 task/s, elapsed: 10s, ETA:    86s[>>>                         ] 846/7824, 81.1 task/s, elapsed: 10s, ETA:    86s[>>>                         ] 847/7824, 81.2 task/s, elapsed: 10s, ETA:    86s[>>>                         ] 848/7824, 81.2 task/s, elapsed: 10s, ETA:    86s[>>>                         ] 849/7824, 81.2 task/s, elapsed: 10s, ETA:    86s[>>>                         ] 850/7824, 81.2 task/s, elapsed: 10s, ETA:    86s[>>>                         ] 851/7824, 81.2 task/s, elapsed: 10s, ETA:    86s[>>>                         ] 852/7824, 81.2 task/s, elapsed: 10s, ETA:    86s[>>>                         ] 853/7824, 81.2 task/s, elapsed: 11s, ETA:    86s[>>>                         ] 854/7824, 81.1 task/s, elapsed: 11s, ETA:    86s[>>>                         ] 855/7824, 81.1 task/s, elapsed: 11s, ETA:    86s[>>>                         ] 856/7824, 81.1 task/s, elapsed: 11s, ETA:    86s[>>>                         ] 857/7824, 81.1 task/s, elapsed: 11s, ETA:    86s[>>>                         ] 858/7824, 81.1 task/s, elapsed: 11s, ETA:    86s[>>>                         ] 859/7824, 81.1 task/s, elapsed: 11s, ETA:    86s[>>>                         ] 860/7824, 81.1 task/s, elapsed: 11s, ETA:    86s[>>>                         ] 861/7824, 81.0 task/s, elapsed: 11s, ETA:    86s[>>>                         ] 862/7824, 81.0 task/s, elapsed: 11s, ETA:    86s[>>>                         ] 863/7824, 81.0 task/s, elapsed: 11s, ETA:    86s[>>>                         ] 864/7824, 80.9 task/s, elapsed: 11s, ETA:    86s[>>>                         ] 865/7824, 81.0 task/s, elapsed: 11s, ETA:    86s[>>>                         ] 866/7824, 81.0 task/s, elapsed: 11s, ETA:    86s[>>>                         ] 867/7824, 81.0 task/s, elapsed: 11s, ETA:    86s[>>>                         ] 868/7824, 81.0 task/s, elapsed: 11s, ETA:    86s[>>>                         ] 869/7824, 81.0 task/s, elapsed: 11s, ETA:    86s[>>>                         ] 870/7824, 81.1 task/s, elapsed: 11s, ETA:    86s[>>>                         ] 871/7824, 81.1 task/s, elapsed: 11s, ETA:    86s[>>>                         ] 872/7824, 81.1 task/s, elapsed: 11s, ETA:    86s[>>>                         ] 873/7824, 81.1 task/s, elapsed: 11s, ETA:    86s[>>>                         ] 874/7824, 81.1 task/s, elapsed: 11s, ETA:    86s[>>>                         ] 875/7824, 81.1 task/s, elapsed: 11s, ETA:    86s[>>>                         ] 876/7824, 81.1 task/s, elapsed: 11s, ETA:    86s[>>>                         ] 877/7824, 81.1 task/s, elapsed: 11s, ETA:    86s[>>>                         ] 878/7824, 81.2 task/s, elapsed: 11s, ETA:    86s[>>>                         ] 879/7824, 81.2 task/s, elapsed: 11s, ETA:    86s[>>>                         ] 880/7824, 81.2 task/s, elapsed: 11s, ETA:    86s[>>>                         ] 881/7824, 81.2 task/s, elapsed: 11s, ETA:    86s[>>>                         ] 882/7824, 81.2 task/s, elapsed: 11s, ETA:    85s[>>>                         ] 883/7824, 81.2 task/s, elapsed: 11s, ETA:    85s[>>>                         ] 884/7824, 81.2 task/s, elapsed: 11s, ETA:    86s[>>>                         ] 885/7824, 81.1 task/s, elapsed: 11s, ETA:    86s[>>>                         ] 886/7824, 81.1 task/s, elapsed: 11s, ETA:    86s[>>>                         ] 887/7824, 81.1 task/s, elapsed: 11s, ETA:    86s[>>>                         ] 888/7824, 81.1 task/s, elapsed: 11s, ETA:    85s[>>>                         ] 889/7824, 81.2 task/s, elapsed: 11s, ETA:    85s[>>>                         ] 890/7824, 81.2 task/s, elapsed: 11s, ETA:    85s[>>>                         ] 891/7824, 81.2 task/s, elapsed: 11s, ETA:    85s[>>>                         ] 892/7824, 81.2 task/s, elapsed: 11s, ETA:    85s[>>>                         ] 893/7824, 81.2 task/s, elapsed: 11s, ETA:    85s[>>>                         ] 894/7824, 81.3 task/s, elapsed: 11s, ETA:    85s[>>>                         ] 895/7824, 81.3 task/s, elapsed: 11s, ETA:    85s[>>>                         ] 896/7824, 81.3 task/s, elapsed: 11s, ETA:    85s[>>>                         ] 897/7824, 81.3 task/s, elapsed: 11s, ETA:    85s[>>>                         ] 898/7824, 81.3 task/s, elapsed: 11s, ETA:    85s[>>>                         ] 899/7824, 81.4 task/s, elapsed: 11s, ETA:    85s[>>>                         ] 900/7824, 81.4 task/s, elapsed: 11s, ETA:    85s[>>>                         ] 901/7824, 81.4 task/s, elapsed: 11s, ETA:    85s[>>>                         ] 902/7824, 81.4 task/s, elapsed: 11s, ETA:    85s[>>>                         ] 903/7824, 81.4 task/s, elapsed: 11s, ETA:    85s[>>>                         ] 904/7824, 81.5 task/s, elapsed: 11s, ETA:    85s[>>>                         ] 905/7824, 81.5 task/s, elapsed: 11s, ETA:    85s[>>>                         ] 906/7824, 81.5 task/s, elapsed: 11s, ETA:    85s[>>>                         ] 907/7824, 81.5 task/s, elapsed: 11s, ETA:    85s[>>>                         ] 908/7824, 81.5 task/s, elapsed: 11s, ETA:    85s[>>>                         ] 909/7824, 81.5 task/s, elapsed: 11s, ETA:    85s[>>>                         ] 910/7824, 81.6 task/s, elapsed: 11s, ETA:    85s[>>>                         ] 911/7824, 81.6 task/s, elapsed: 11s, ETA:    85s[>>>                         ] 912/7824, 81.6 task/s, elapsed: 11s, ETA:    85s[>>>                         ] 913/7824, 81.6 task/s, elapsed: 11s, ETA:    85s[>>>                         ] 914/7824, 81.6 task/s, elapsed: 11s, ETA:    85s[>>>                         ] 915/7824, 81.6 task/s, elapsed: 11s, ETA:    85s[>>>                         ] 916/7824, 81.6 task/s, elapsed: 11s, ETA:    85s[>>>                         ] 917/7824, 81.7 task/s, elapsed: 11s, ETA:    85s[>>>                         ] 918/7824, 81.7 task/s, elapsed: 11s, ETA:    85s[>>>                         ] 919/7824, 81.7 task/s, elapsed: 11s, ETA:    85s[>>>                         ] 920/7824, 81.7 task/s, elapsed: 11s, ETA:    85s[>>>                         ] 921/7824, 81.7 task/s, elapsed: 11s, ETA:    84s[>>>                         ] 922/7824, 81.7 task/s, elapsed: 11s, ETA:    84s[>>>                         ] 923/7824, 81.7 task/s, elapsed: 11s, ETA:    84s[>>>                         ] 924/7824, 81.8 task/s, elapsed: 11s, ETA:    84s[>>>                         ] 925/7824, 81.8 task/s, elapsed: 11s, ETA:    84s[>>>                         ] 926/7824, 81.8 task/s, elapsed: 11s, ETA:    84s[>>>                         ] 927/7824, 81.8 task/s, elapsed: 11s, ETA:    84s[>>>                         ] 928/7824, 81.7 task/s, elapsed: 11s, ETA:    84s[>>>                         ] 929/7824, 81.7 task/s, elapsed: 11s, ETA:    84s[>>>                         ] 930/7824, 81.7 task/s, elapsed: 11s, ETA:    84s[>>>                         ] 931/7824, 81.7 task/s, elapsed: 11s, ETA:    84s[>>>                         ] 932/7824, 81.7 task/s, elapsed: 11s, ETA:    84s[>>>                         ] 933/7824, 81.7 task/s, elapsed: 11s, ETA:    84s[>>>                         ] 934/7824, 81.7 task/s, elapsed: 11s, ETA:    84s[>>>                         ] 935/7824, 81.6 task/s, elapsed: 11s, ETA:    84s[>>>                         ] 936/7824, 81.6 task/s, elapsed: 11s, ETA:    84s[>>>                         ] 937/7824, 81.6 task/s, elapsed: 11s, ETA:    84s[>>>                         ] 938/7824, 81.6 task/s, elapsed: 11s, ETA:    84s[>>>                         ] 939/7824, 81.6 task/s, elapsed: 12s, ETA:    84s[>>>                         ] 940/7824, 81.6 task/s, elapsed: 12s, ETA:    84s[>>>                         ] 941/7824, 81.6 task/s, elapsed: 12s, ETA:    84s[>>>                         ] 942/7824, 81.6 task/s, elapsed: 12s, ETA:    84s[>>>                         ] 943/7824, 81.6 task/s, elapsed: 12s, ETA:    84s[>>>                         ] 944/7824, 81.5 task/s, elapsed: 12s, ETA:    84s[>>>                         ] 945/7824, 81.5 task/s, elapsed: 12s, ETA:    84s[>>>                         ] 946/7824, 81.6 task/s, elapsed: 12s, ETA:    84s[>>>                         ] 947/7824, 81.6 task/s, elapsed: 12s, ETA:    84s[>>>                         ] 948/7824, 81.6 task/s, elapsed: 12s, ETA:    84s[>>>                         ] 949/7824, 81.6 task/s, elapsed: 12s, ETA:    84s[>>>                         ] 950/7824, 81.6 task/s, elapsed: 12s, ETA:    84s[>>>                         ] 951/7824, 81.6 task/s, elapsed: 12s, ETA:    84s[>>>                         ] 952/7824, 81.7 task/s, elapsed: 12s, ETA:    84s[>>>                         ] 953/7824, 81.7 task/s, elapsed: 12s, ETA:    84s[>>>                         ] 954/7824, 81.7 task/s, elapsed: 12s, ETA:    84s[>>>                         ] 955/7824, 81.7 task/s, elapsed: 12s, ETA:    84s[>>>                         ] 956/7824, 81.7 task/s, elapsed: 12s, ETA:    84s[>>>                         ] 957/7824, 81.8 task/s, elapsed: 12s, ETA:    84s[>>>                         ] 958/7824, 81.8 task/s, elapsed: 12s, ETA:    84s[>>>                         ] 959/7824, 81.8 task/s, elapsed: 12s, ETA:    84s[>>>                         ] 960/7824, 81.8 task/s, elapsed: 12s, ETA:    84s[>>>                         ] 961/7824, 81.8 task/s, elapsed: 12s, ETA:    84s[>>>                         ] 962/7824, 81.8 task/s, elapsed: 12s, ETA:    84s[>>>                         ] 963/7824, 81.8 task/s, elapsed: 12s, ETA:    84s[>>>                         ] 964/7824, 81.9 task/s, elapsed: 12s, ETA:    84s[>>>                         ] 965/7824, 81.9 task/s, elapsed: 12s, ETA:    84s[>>>                         ] 966/7824, 81.9 task/s, elapsed: 12s, ETA:    84s[>>>                         ] 967/7824, 81.9 task/s, elapsed: 12s, ETA:    84s[>>>                         ] 968/7824, 81.9 task/s, elapsed: 12s, ETA:    84s[>>>                         ] 969/7824, 82.0 task/s, elapsed: 12s, ETA:    84s[>>>                         ] 970/7824, 81.9 task/s, elapsed: 12s, ETA:    84s[>>>                         ] 971/7824, 81.9 task/s, elapsed: 12s, ETA:    84s[>>>                         ] 972/7824, 81.9 task/s, elapsed: 12s, ETA:    84s[>>>                         ] 973/7824, 81.8 task/s, elapsed: 12s, ETA:    84s[>>>                         ] 974/7824, 81.8 task/s, elapsed: 12s, ETA:    84s[>>>                         ] 975/7824, 81.8 task/s, elapsed: 12s, ETA:    84s[>>>                         ] 976/7824, 81.8 task/s, elapsed: 12s, ETA:    84s[>>>                         ] 977/7824, 81.7 task/s, elapsed: 12s, ETA:    84s[>>>                         ] 978/7824, 81.7 task/s, elapsed: 12s, ETA:    84s[>>>                         ] 979/7824, 81.7 task/s, elapsed: 12s, ETA:    84s[>>>                         ] 980/7824, 81.7 task/s, elapsed: 12s, ETA:    84s[>>>                         ] 981/7824, 81.7 task/s, elapsed: 12s, ETA:    84s[>>>                         ] 982/7824, 81.6 task/s, elapsed: 12s, ETA:    84s[>>>                         ] 983/7824, 81.6 task/s, elapsed: 12s, ETA:    84s[>>>                         ] 984/7824, 81.5 task/s, elapsed: 12s, ETA:    84s[>>>                         ] 985/7824, 81.5 task/s, elapsed: 12s, ETA:    84s[>>>                         ] 986/7824, 81.5 task/s, elapsed: 12s, ETA:    84s[>>>                         ] 987/7824, 81.5 task/s, elapsed: 12s, ETA:    84s[>>>                         ] 988/7824, 81.4 task/s, elapsed: 12s, ETA:    84s[>>>                         ] 989/7824, 81.4 task/s, elapsed: 12s, ETA:    84s[>>>                         ] 990/7824, 81.4 task/s, elapsed: 12s, ETA:    84s[>>>                         ] 991/7824, 81.4 task/s, elapsed: 12s, ETA:    84s[>>>                         ] 992/7824, 81.4 task/s, elapsed: 12s, ETA:    84s[>>>                         ] 993/7824, 81.4 task/s, elapsed: 12s, ETA:    84s[>>>                         ] 994/7824, 81.4 task/s, elapsed: 12s, ETA:    84s[>>>                         ] 995/7824, 81.5 task/s, elapsed: 12s, ETA:    84s[>>>                         ] 996/7824, 81.5 task/s, elapsed: 12s, ETA:    84s[>>>                         ] 997/7824, 81.5 task/s, elapsed: 12s, ETA:    84s[>>>                         ] 998/7824, 81.5 task/s, elapsed: 12s, ETA:    84s[>>>                         ] 999/7824, 81.5 task/s, elapsed: 12s, ETA:    84s[>>>                        ] 1000/7824, 81.5 task/s, elapsed: 12s, ETA:    84s[>>>                        ] 1001/7824, 81.5 task/s, elapsed: 12s, ETA:    84s[>>>                        ] 1002/7824, 81.6 task/s, elapsed: 12s, ETA:    84s[>>>                        ] 1003/7824, 81.6 task/s, elapsed: 12s, ETA:    84s[>>>                        ] 1004/7824, 81.6 task/s, elapsed: 12s, ETA:    84s[>>>                        ] 1005/7824, 81.6 task/s, elapsed: 12s, ETA:    84s[>>>                        ] 1006/7824, 81.6 task/s, elapsed: 12s, ETA:    84s[>>>                        ] 1007/7824, 81.7 task/s, elapsed: 12s, ETA:    83s[>>>                        ] 1008/7824, 81.7 task/s, elapsed: 12s, ETA:    83s[>>>                        ] 1009/7824, 81.7 task/s, elapsed: 12s, ETA:    83s[>>>                        ] 1010/7824, 81.7 task/s, elapsed: 12s, ETA:    83s[>>>                        ] 1011/7824, 81.7 task/s, elapsed: 12s, ETA:    83s[>>>                        ] 1012/7824, 81.6 task/s, elapsed: 12s, ETA:    83s[>>>                        ] 1013/7824, 81.7 task/s, elapsed: 12s, ETA:    83s[>>>                        ] 1014/7824, 81.7 task/s, elapsed: 12s, ETA:    83s[>>>                        ] 1015/7824, 81.7 task/s, elapsed: 12s, ETA:    83s[>>>                        ] 1016/7824, 81.7 task/s, elapsed: 12s, ETA:    83s[>>>                        ] 1017/7824, 81.7 task/s, elapsed: 12s, ETA:    83s[>>>                        ] 1018/7824, 81.7 task/s, elapsed: 12s, ETA:    83s[>>>                        ] 1019/7824, 81.8 task/s, elapsed: 12s, ETA:    83s[>>>                        ] 1020/7824, 81.8 task/s, elapsed: 12s, ETA:    83s[>>>                        ] 1021/7824, 81.8 task/s, elapsed: 12s, ETA:    83s[>>>                        ] 1022/7824, 81.8 task/s, elapsed: 12s, ETA:    83s[>>>                        ] 1023/7824, 81.8 task/s, elapsed: 13s, ETA:    83s[>>>                        ] 1024/7824, 81.8 task/s, elapsed: 13s, ETA:    83s[>>>                        ] 1025/7824, 81.8 task/s, elapsed: 13s, ETA:    83s[>>>                        ] 1026/7824, 81.9 task/s, elapsed: 13s, ETA:    83s[>>>                        ] 1027/7824, 81.9 task/s, elapsed: 13s, ETA:    83s[>>>                        ] 1028/7824, 81.9 task/s, elapsed: 13s, ETA:    83s[>>>                        ] 1029/7824, 81.9 task/s, elapsed: 13s, ETA:    83s[>>>                        ] 1030/7824, 81.9 task/s, elapsed: 13s, ETA:    83s[>>>                        ] 1031/7824, 81.9 task/s, elapsed: 13s, ETA:    83s[>>>                        ] 1032/7824, 82.0 task/s, elapsed: 13s, ETA:    83s[>>>                        ] 1033/7824, 82.0 task/s, elapsed: 13s, ETA:    83s[>>>                        ] 1034/7824, 82.0 task/s, elapsed: 13s, ETA:    83s[>>>                        ] 1035/7824, 82.0 task/s, elapsed: 13s, ETA:    83s[>>>                        ] 1036/7824, 82.0 task/s, elapsed: 13s, ETA:    83s[>>>                        ] 1037/7824, 82.0 task/s, elapsed: 13s, ETA:    83s[>>>                        ] 1038/7824, 82.0 task/s, elapsed: 13s, ETA:    83s[>>>                        ] 1039/7824, 82.1 task/s, elapsed: 13s, ETA:    83s[>>>                        ] 1040/7824, 82.1 task/s, elapsed: 13s, ETA:    83s[>>>                        ] 1041/7824, 82.1 task/s, elapsed: 13s, ETA:    83s[>>>                        ] 1042/7824, 82.1 task/s, elapsed: 13s, ETA:    83s[>>>                        ] 1043/7824, 82.1 task/s, elapsed: 13s, ETA:    83s[>>>                        ] 1044/7824, 82.1 task/s, elapsed: 13s, ETA:    83s[>>>                        ] 1045/7824, 82.1 task/s, elapsed: 13s, ETA:    83s[>>>                        ] 1046/7824, 82.2 task/s, elapsed: 13s, ETA:    82s[>>>                        ] 1047/7824, 82.2 task/s, elapsed: 13s, ETA:    82s[>>>                        ] 1048/7824, 82.2 task/s, elapsed: 13s, ETA:    82s[>>>                        ] 1049/7824, 82.2 task/s, elapsed: 13s, ETA:    82s[>>>                        ] 1050/7824, 82.2 task/s, elapsed: 13s, ETA:    82s[>>>                        ] 1051/7824, 82.1 task/s, elapsed: 13s, ETA:    82s[>>>                        ] 1052/7824, 82.1 task/s, elapsed: 13s, ETA:    82s[>>>                        ] 1053/7824, 82.1 task/s, elapsed: 13s, ETA:    82s[>>>                        ] 1054/7824, 82.2 task/s, elapsed: 13s, ETA:    82s[>>>                        ] 1055/7824, 82.2 task/s, elapsed: 13s, ETA:    82s[>>>                        ] 1056/7824, 82.1 task/s, elapsed: 13s, ETA:    82s[>>>                        ] 1057/7824, 82.1 task/s, elapsed: 13s, ETA:    82s[>>>                        ] 1058/7824, 82.1 task/s, elapsed: 13s, ETA:    82s[>>>                        ] 1059/7824, 82.2 task/s, elapsed: 13s, ETA:    82s[>>>                        ] 1060/7824, 82.2 task/s, elapsed: 13s, ETA:    82s[>>>                        ] 1061/7824, 82.2 task/s, elapsed: 13s, ETA:    82s[>>>                        ] 1062/7824, 82.2 task/s, elapsed: 13s, ETA:    82s[>>>                        ] 1063/7824, 82.2 task/s, elapsed: 13s, ETA:    82s[>>>                        ] 1064/7824, 82.2 task/s, elapsed: 13s, ETA:    82s[>>>                        ] 1065/7824, 82.2 task/s, elapsed: 13s, ETA:    82s[>>>                        ] 1066/7824, 82.3 task/s, elapsed: 13s, ETA:    82s[>>>                        ] 1067/7824, 82.3 task/s, elapsed: 13s, ETA:    82s[>>>                        ] 1068/7824, 82.3 task/s, elapsed: 13s, ETA:    82s[>>>                        ] 1069/7824, 82.3 task/s, elapsed: 13s, ETA:    82s[>>>                        ] 1070/7824, 82.3 task/s, elapsed: 13s, ETA:    82s[>>>                        ] 1071/7824, 82.3 task/s, elapsed: 13s, ETA:    82s[>>>                        ] 1072/7824, 82.3 task/s, elapsed: 13s, ETA:    82s[>>>                        ] 1073/7824, 82.3 task/s, elapsed: 13s, ETA:    82s[>>>                        ] 1074/7824, 82.3 task/s, elapsed: 13s, ETA:    82s[>>>                        ] 1075/7824, 82.3 task/s, elapsed: 13s, ETA:    82s[>>>                        ] 1076/7824, 82.3 task/s, elapsed: 13s, ETA:    82s[>>>                        ] 1077/7824, 82.3 task/s, elapsed: 13s, ETA:    82s[>>>                        ] 1078/7824, 82.3 task/s, elapsed: 13s, ETA:    82s[>>>                        ] 1079/7824, 82.3 task/s, elapsed: 13s, ETA:    82s[>>>                        ] 1080/7824, 82.4 task/s, elapsed: 13s, ETA:    82s[>>>                        ] 1081/7824, 82.4 task/s, elapsed: 13s, ETA:    82s[>>>                        ] 1082/7824, 82.4 task/s, elapsed: 13s, ETA:    82s[>>>                        ] 1083/7824, 82.4 task/s, elapsed: 13s, ETA:    82s[>>>                        ] 1084/7824, 82.4 task/s, elapsed: 13s, ETA:    82s[>>>                        ] 1085/7824, 82.4 task/s, elapsed: 13s, ETA:    82s[>>>                        ] 1086/7824, 82.5 task/s, elapsed: 13s, ETA:    82s[>>>                        ] 1087/7824, 82.5 task/s, elapsed: 13s, ETA:    82s[>>>                        ] 1088/7824, 82.5 task/s, elapsed: 13s, ETA:    82s[>>>                        ] 1089/7824, 82.5 task/s, elapsed: 13s, ETA:    82s[>>>                        ] 1090/7824, 82.5 task/s, elapsed: 13s, ETA:    82s[>>>                        ] 1091/7824, 82.5 task/s, elapsed: 13s, ETA:    82s[>>>                        ] 1092/7824, 82.6 task/s, elapsed: 13s, ETA:    82s[>>>                        ] 1093/7824, 82.6 task/s, elapsed: 13s, ETA:    82s[>>>                        ] 1094/7824, 82.5 task/s, elapsed: 13s, ETA:    82s[>>>                        ] 1095/7824, 82.5 task/s, elapsed: 13s, ETA:    82s[>>>                        ] 1096/7824, 82.5 task/s, elapsed: 13s, ETA:    82s[>>>                        ] 1097/7824, 82.5 task/s, elapsed: 13s, ETA:    82s[>>>                        ] 1098/7824, 82.5 task/s, elapsed: 13s, ETA:    81s[>>>                        ] 1099/7824, 82.5 task/s, elapsed: 13s, ETA:    81s[>>>                        ] 1100/7824, 82.6 task/s, elapsed: 13s, ETA:    81s[>>>                        ] 1101/7824, 82.6 task/s, elapsed: 13s, ETA:    81s[>>>                        ] 1102/7824, 82.6 task/s, elapsed: 13s, ETA:    81s[>>>                        ] 1103/7824, 82.6 task/s, elapsed: 13s, ETA:    81s[>>>                        ] 1104/7824, 82.6 task/s, elapsed: 13s, ETA:    81s[>>>                        ] 1105/7824, 82.6 task/s, elapsed: 13s, ETA:    81s[>>>                        ] 1106/7824, 82.6 task/s, elapsed: 13s, ETA:    81s[>>>                        ] 1107/7824, 82.7 task/s, elapsed: 13s, ETA:    81s[>>>                        ] 1108/7824, 82.7 task/s, elapsed: 13s, ETA:    81s[>>>                        ] 1109/7824, 82.7 task/s, elapsed: 13s, ETA:    81s[>>>                        ] 1110/7824, 82.7 task/s, elapsed: 13s, ETA:    81s[>>>                        ] 1111/7824, 82.6 task/s, elapsed: 13s, ETA:    81s[>>>                        ] 1112/7824, 82.6 task/s, elapsed: 13s, ETA:    81s[>>>                        ] 1113/7824, 82.6 task/s, elapsed: 13s, ETA:    81s[>>>                        ] 1114/7824, 82.6 task/s, elapsed: 13s, ETA:    81s[>>>                        ] 1115/7824, 82.6 task/s, elapsed: 13s, ETA:    81s[>>>                        ] 1116/7824, 82.6 task/s, elapsed: 14s, ETA:    81s[>>>                        ] 1117/7824, 82.6 task/s, elapsed: 14s, ETA:    81s[>>>                        ] 1118/7824, 82.6 task/s, elapsed: 14s, ETA:    81s[>>>                        ] 1119/7824, 82.6 task/s, elapsed: 14s, ETA:    81s[>>>                        ] 1120/7824, 82.5 task/s, elapsed: 14s, ETA:    81s[>>>                        ] 1121/7824, 82.5 task/s, elapsed: 14s, ETA:    81s[>>>                        ] 1122/7824, 82.5 task/s, elapsed: 14s, ETA:    81s[>>>                        ] 1123/7824, 82.5 task/s, elapsed: 14s, ETA:    81s[>>>                        ] 1124/7824, 82.5 task/s, elapsed: 14s, ETA:    81s[>>>                        ] 1125/7824, 82.5 task/s, elapsed: 14s, ETA:    81s[>>>                        ] 1126/7824, 82.5 task/s, elapsed: 14s, ETA:    81s[>>>                        ] 1127/7824, 82.4 task/s, elapsed: 14s, ETA:    81s[>>>                        ] 1128/7824, 82.4 task/s, elapsed: 14s, ETA:    81s[>>>                        ] 1129/7824, 82.4 task/s, elapsed: 14s, ETA:    81s[>>>                        ] 1130/7824, 82.4 task/s, elapsed: 14s, ETA:    81s[>>>                        ] 1131/7824, 82.4 task/s, elapsed: 14s, ETA:    81s[>>>                        ] 1132/7824, 82.4 task/s, elapsed: 14s, ETA:    81s[>>>                        ] 1133/7824, 82.4 task/s, elapsed: 14s, ETA:    81s[>>>                        ] 1134/7824, 82.3 task/s, elapsed: 14s, ETA:    81s[>>>                        ] 1135/7824, 82.3 task/s, elapsed: 14s, ETA:    81s[>>>                        ] 1136/7824, 82.3 task/s, elapsed: 14s, ETA:    81s[>>>                        ] 1137/7824, 82.3 task/s, elapsed: 14s, ETA:    81s[>>>                        ] 1138/7824, 82.3 task/s, elapsed: 14s, ETA:    81s[>>>                        ] 1139/7824, 82.4 task/s, elapsed: 14s, ETA:    81s[>>>                        ] 1140/7824, 82.4 task/s, elapsed: 14s, ETA:    81s[>>>                        ] 1141/7824, 82.4 task/s, elapsed: 14s, ETA:    81s[>>>                        ] 1142/7824, 82.4 task/s, elapsed: 14s, ETA:    81s[>>>                        ] 1143/7824, 82.4 task/s, elapsed: 14s, ETA:    81s[>>>                        ] 1144/7824, 82.4 task/s, elapsed: 14s, ETA:    81s[>>>                        ] 1145/7824, 82.5 task/s, elapsed: 14s, ETA:    81s[>>>                        ] 1146/7824, 82.5 task/s, elapsed: 14s, ETA:    81s[>>>                        ] 1147/7824, 82.5 task/s, elapsed: 14s, ETA:    81s[>>>                        ] 1148/7824, 82.5 task/s, elapsed: 14s, ETA:    81s[>>>                        ] 1149/7824, 82.5 task/s, elapsed: 14s, ETA:    81s[>>>                        ] 1150/7824, 82.5 task/s, elapsed: 14s, ETA:    81s[>>>                        ] 1151/7824, 82.5 task/s, elapsed: 14s, ETA:    81s[>>>                        ] 1152/7824, 82.5 task/s, elapsed: 14s, ETA:    81s[>>>                        ] 1153/7824, 82.6 task/s, elapsed: 14s, ETA:    81s[>>>                        ] 1154/7824, 82.6 task/s, elapsed: 14s, ETA:    81s[>>>                        ] 1155/7824, 82.6 task/s, elapsed: 14s, ETA:    81s[>>>                        ] 1156/7824, 82.6 task/s, elapsed: 14s, ETA:    81s[>>>                        ] 1157/7824, 82.6 task/s, elapsed: 14s, ETA:    81s[>>>                        ] 1158/7824, 82.6 task/s, elapsed: 14s, ETA:    81s[>>>                        ] 1159/7824, 82.6 task/s, elapsed: 14s, ETA:    81s[>>>>                       ] 1160/7824, 82.7 task/s, elapsed: 14s, ETA:    81s[>>>>                       ] 1161/7824, 82.7 task/s, elapsed: 14s, ETA:    81s[>>>>                       ] 1162/7824, 82.7 task/s, elapsed: 14s, ETA:    81s[>>>>                       ] 1163/7824, 82.7 task/s, elapsed: 14s, ETA:    81s[>>>>                       ] 1164/7824, 82.7 task/s, elapsed: 14s, ETA:    81s[>>>>                       ] 1165/7824, 82.7 task/s, elapsed: 14s, ETA:    81s[>>>>                       ] 1166/7824, 82.7 task/s, elapsed: 14s, ETA:    80s[>>>>                       ] 1167/7824, 82.7 task/s, elapsed: 14s, ETA:    80s[>>>>                       ] 1168/7824, 82.7 task/s, elapsed: 14s, ETA:    80s[>>>>                       ] 1169/7824, 82.8 task/s, elapsed: 14s, ETA:    80s[>>>>                       ] 1170/7824, 82.8 task/s, elapsed: 14s, ETA:    80s[>>>>                       ] 1171/7824, 82.8 task/s, elapsed: 14s, ETA:    80s[>>>>                       ] 1172/7824, 82.8 task/s, elapsed: 14s, ETA:    80s[>>>>                       ] 1173/7824, 82.8 task/s, elapsed: 14s, ETA:    80s[>>>>                       ] 1174/7824, 82.8 task/s, elapsed: 14s, ETA:    80s[>>>>                       ] 1175/7824, 82.8 task/s, elapsed: 14s, ETA:    80s[>>>>                       ] 1176/7824, 82.8 task/s, elapsed: 14s, ETA:    80s[>>>>                       ] 1177/7824, 82.8 task/s, elapsed: 14s, ETA:    80s[>>>>                       ] 1178/7824, 82.8 task/s, elapsed: 14s, ETA:    80s[>>>>                       ] 1179/7824, 82.8 task/s, elapsed: 14s, ETA:    80s[>>>>                       ] 1180/7824, 82.7 task/s, elapsed: 14s, ETA:    80s[>>>>                       ] 1181/7824, 82.7 task/s, elapsed: 14s, ETA:    80s[>>>>                       ] 1182/7824, 82.7 task/s, elapsed: 14s, ETA:    80s[>>>>                       ] 1183/7824, 82.7 task/s, elapsed: 14s, ETA:    80s[>>>>                       ] 1184/7824, 82.7 task/s, elapsed: 14s, ETA:    80s[>>>>                       ] 1185/7824, 82.7 task/s, elapsed: 14s, ETA:    80s[>>>>                       ] 1186/7824, 82.7 task/s, elapsed: 14s, ETA:    80s[>>>>                       ] 1187/7824, 82.7 task/s, elapsed: 14s, ETA:    80s[>>>>                       ] 1188/7824, 82.7 task/s, elapsed: 14s, ETA:    80s[>>>>                       ] 1189/7824, 82.6 task/s, elapsed: 14s, ETA:    80s[>>>>                       ] 1190/7824, 82.6 task/s, elapsed: 14s, ETA:    80s[>>>>                       ] 1191/7824, 82.6 task/s, elapsed: 14s, ETA:    80s[>>>>                       ] 1192/7824, 82.6 task/s, elapsed: 14s, ETA:    80s[>>>>                       ] 1193/7824, 82.6 task/s, elapsed: 14s, ETA:    80s[>>>>                       ] 1194/7824, 82.6 task/s, elapsed: 14s, ETA:    80s[>>>>                       ] 1195/7824, 82.6 task/s, elapsed: 14s, ETA:    80s[>>>>                       ] 1196/7824, 82.6 task/s, elapsed: 14s, ETA:    80s[>>>>                       ] 1197/7824, 82.6 task/s, elapsed: 14s, ETA:    80s[>>>>                       ] 1198/7824, 82.5 task/s, elapsed: 15s, ETA:    80s[>>>>                       ] 1199/7824, 82.5 task/s, elapsed: 15s, ETA:    80s[>>>>                       ] 1200/7824, 82.5 task/s, elapsed: 15s, ETA:    80s[>>>>                       ] 1201/7824, 82.5 task/s, elapsed: 15s, ETA:    80s[>>>>                       ] 1202/7824, 82.4 task/s, elapsed: 15s, ETA:    80s[>>>>                       ] 1203/7824, 82.4 task/s, elapsed: 15s, ETA:    80s[>>>>                       ] 1204/7824, 82.4 task/s, elapsed: 15s, ETA:    80s[>>>>                       ] 1205/7824, 82.4 task/s, elapsed: 15s, ETA:    80s[>>>>                       ] 1206/7824, 82.4 task/s, elapsed: 15s, ETA:    80s[>>>>                       ] 1207/7824, 82.3 task/s, elapsed: 15s, ETA:    80s[>>>>                       ] 1208/7824, 82.3 task/s, elapsed: 15s, ETA:    80s[>>>>                       ] 1209/7824, 82.3 task/s, elapsed: 15s, ETA:    80s[>>>>                       ] 1210/7824, 82.3 task/s, elapsed: 15s, ETA:    80s[>>>>                       ] 1211/7824, 82.3 task/s, elapsed: 15s, ETA:    80s[>>>>                       ] 1212/7824, 82.3 task/s, elapsed: 15s, ETA:    80s[>>>>                       ] 1213/7824, 82.3 task/s, elapsed: 15s, ETA:    80s[>>>>                       ] 1214/7824, 82.3 task/s, elapsed: 15s, ETA:    80s[>>>>                       ] 1215/7824, 82.3 task/s, elapsed: 15s, ETA:    80s[>>>>                       ] 1216/7824, 82.2 task/s, elapsed: 15s, ETA:    80s[>>>>                       ] 1217/7824, 82.2 task/s, elapsed: 15s, ETA:    80s[>>>>                       ] 1218/7824, 82.2 task/s, elapsed: 15s, ETA:    80s[>>>>                       ] 1219/7824, 82.2 task/s, elapsed: 15s, ETA:    80s[>>>>                       ] 1220/7824, 82.2 task/s, elapsed: 15s, ETA:    80s[>>>>                       ] 1221/7824, 82.2 task/s, elapsed: 15s, ETA:    80s[>>>>                       ] 1222/7824, 82.3 task/s, elapsed: 15s, ETA:    80s[>>>>                       ] 1223/7824, 82.3 task/s, elapsed: 15s, ETA:    80s[>>>>                       ] 1224/7824, 82.3 task/s, elapsed: 15s, ETA:    80s[>>>>                       ] 1225/7824, 82.3 task/s, elapsed: 15s, ETA:    80s[>>>>                       ] 1226/7824, 82.3 task/s, elapsed: 15s, ETA:    80s[>>>>                       ] 1227/7824, 82.3 task/s, elapsed: 15s, ETA:    80s[>>>>                       ] 1228/7824, 82.3 task/s, elapsed: 15s, ETA:    80s[>>>>                       ] 1229/7824, 82.4 task/s, elapsed: 15s, ETA:    80s[>>>>                       ] 1230/7824, 82.4 task/s, elapsed: 15s, ETA:    80s[>>>>                       ] 1231/7824, 82.4 task/s, elapsed: 15s, ETA:    80s[>>>>                       ] 1232/7824, 82.4 task/s, elapsed: 15s, ETA:    80s[>>>>                       ] 1233/7824, 82.4 task/s, elapsed: 15s, ETA:    80s[>>>>                       ] 1234/7824, 82.4 task/s, elapsed: 15s, ETA:    80s[>>>>                       ] 1235/7824, 82.4 task/s, elapsed: 15s, ETA:    80s[>>>>                       ] 1236/7824, 82.4 task/s, elapsed: 15s, ETA:    80s[>>>>                       ] 1237/7824, 82.4 task/s, elapsed: 15s, ETA:    80s[>>>>                       ] 1238/7824, 82.4 task/s, elapsed: 15s, ETA:    80s[>>>>                       ] 1239/7824, 82.5 task/s, elapsed: 15s, ETA:    80s[>>>>                       ] 1240/7824, 82.4 task/s, elapsed: 15s, ETA:    80s[>>>>                       ] 1241/7824, 82.4 task/s, elapsed: 15s, ETA:    80s[>>>>                       ] 1242/7824, 82.3 task/s, elapsed: 15s, ETA:    80s[>>>>                       ] 1243/7824, 82.3 task/s, elapsed: 15s, ETA:    80s[>>>>                       ] 1244/7824, 82.3 task/s, elapsed: 15s, ETA:    80s[>>>>                       ] 1245/7824, 82.3 task/s, elapsed: 15s, ETA:    80s[>>>>                       ] 1246/7824, 82.3 task/s, elapsed: 15s, ETA:    80s[>>>>                       ] 1247/7824, 82.3 task/s, elapsed: 15s, ETA:    80s[>>>>                       ] 1248/7824, 82.3 task/s, elapsed: 15s, ETA:    80s[>>>>                       ] 1249/7824, 82.2 task/s, elapsed: 15s, ETA:    80s[>>>>                       ] 1250/7824, 82.2 task/s, elapsed: 15s, ETA:    80s[>>>>                       ] 1251/7824, 82.2 task/s, elapsed: 15s, ETA:    80s[>>>>                       ] 1252/7824, 82.2 task/s, elapsed: 15s, ETA:    80s[>>>>                       ] 1253/7824, 82.2 task/s, elapsed: 15s, ETA:    80s[>>>>                       ] 1254/7824, 82.2 task/s, elapsed: 15s, ETA:    80s[>>>>                       ] 1255/7824, 82.2 task/s, elapsed: 15s, ETA:    80s[>>>>                       ] 1256/7824, 82.2 task/s, elapsed: 15s, ETA:    80s[>>>>                       ] 1257/7824, 82.2 task/s, elapsed: 15s, ETA:    80s[>>>>                       ] 1258/7824, 82.2 task/s, elapsed: 15s, ETA:    80s[>>>>                       ] 1259/7824, 82.2 task/s, elapsed: 15s, ETA:    80s[>>>>                       ] 1260/7824, 82.1 task/s, elapsed: 15s, ETA:    80s[>>>>                       ] 1261/7824, 82.1 task/s, elapsed: 15s, ETA:    80s[>>>>                       ] 1262/7824, 82.1 task/s, elapsed: 15s, ETA:    80s[>>>>                       ] 1263/7824, 82.1 task/s, elapsed: 15s, ETA:    80s[>>>>                       ] 1264/7824, 82.1 task/s, elapsed: 15s, ETA:    80s[>>>>                       ] 1265/7824, 82.1 task/s, elapsed: 15s, ETA:    80s[>>>>                       ] 1266/7824, 82.1 task/s, elapsed: 15s, ETA:    80s[>>>>                       ] 1267/7824, 82.0 task/s, elapsed: 15s, ETA:    80s[>>>>                       ] 1268/7824, 82.0 task/s, elapsed: 15s, ETA:    80s[>>>>                       ] 1269/7824, 82.0 task/s, elapsed: 15s, ETA:    80s[>>>>                       ] 1270/7824, 82.0 task/s, elapsed: 15s, ETA:    80s[>>>>                       ] 1271/7824, 82.0 task/s, elapsed: 15s, ETA:    80s[>>>>                       ] 1272/7824, 82.0 task/s, elapsed: 16s, ETA:    80s[>>>>                       ] 1273/7824, 82.0 task/s, elapsed: 16s, ETA:    80s[>>>>                       ] 1274/7824, 82.0 task/s, elapsed: 16s, ETA:    80s[>>>>                       ] 1275/7824, 82.0 task/s, elapsed: 16s, ETA:    80s[>>>>                       ] 1276/7824, 82.0 task/s, elapsed: 16s, ETA:    80s[>>>>                       ] 1277/7824, 82.0 task/s, elapsed: 16s, ETA:    80s[>>>>                       ] 1278/7824, 81.9 task/s, elapsed: 16s, ETA:    80s[>>>>                       ] 1279/7824, 81.9 task/s, elapsed: 16s, ETA:    80s[>>>>                       ] 1280/7824, 81.9 task/s, elapsed: 16s, ETA:    80s[>>>>                       ] 1281/7824, 81.9 task/s, elapsed: 16s, ETA:    80s[>>>>                       ] 1282/7824, 81.9 task/s, elapsed: 16s, ETA:    80s[>>>>                       ] 1283/7824, 81.9 task/s, elapsed: 16s, ETA:    80s[>>>>                       ] 1284/7824, 81.9 task/s, elapsed: 16s, ETA:    80s[>>>>                       ] 1285/7824, 81.9 task/s, elapsed: 16s, ETA:    80s[>>>>                       ] 1286/7824, 81.9 task/s, elapsed: 16s, ETA:    80s[>>>>                       ] 1287/7824, 81.9 task/s, elapsed: 16s, ETA:    80s[>>>>                       ] 1288/7824, 81.9 task/s, elapsed: 16s, ETA:    80s[>>>>                       ] 1289/7824, 81.9 task/s, elapsed: 16s, ETA:    80s[>>>>                       ] 1290/7824, 81.8 task/s, elapsed: 16s, ETA:    80s[>>>>                       ] 1291/7824, 81.8 task/s, elapsed: 16s, ETA:    80s[>>>>                       ] 1292/7824, 81.8 task/s, elapsed: 16s, ETA:    80s[>>>>                       ] 1293/7824, 81.8 task/s, elapsed: 16s, ETA:    80s[>>>>                       ] 1294/7824, 81.8 task/s, elapsed: 16s, ETA:    80s[>>>>                       ] 1295/7824, 81.8 task/s, elapsed: 16s, ETA:    80s[>>>>                       ] 1296/7824, 81.8 task/s, elapsed: 16s, ETA:    80s[>>>>                       ] 1297/7824, 81.8 task/s, elapsed: 16s, ETA:    80s[>>>>                       ] 1298/7824, 81.8 task/s, elapsed: 16s, ETA:    80s[>>>>                       ] 1299/7824, 81.7 task/s, elapsed: 16s, ETA:    80s[>>>>                       ] 1300/7824, 81.7 task/s, elapsed: 16s, ETA:    80s[>>>>                       ] 1301/7824, 81.7 task/s, elapsed: 16s, ETA:    80s[>>>>                       ] 1302/7824, 81.6 task/s, elapsed: 16s, ETA:    80s[>>>>                       ] 1303/7824, 81.6 task/s, elapsed: 16s, ETA:    80s[>>>>                       ] 1304/7824, 81.6 task/s, elapsed: 16s, ETA:    80s[>>>>                       ] 1305/7824, 81.6 task/s, elapsed: 16s, ETA:    80s[>>>>                       ] 1306/7824, 81.6 task/s, elapsed: 16s, ETA:    80s[>>>>                       ] 1307/7824, 81.6 task/s, elapsed: 16s, ETA:    80s[>>>>                       ] 1308/7824, 81.6 task/s, elapsed: 16s, ETA:    80s[>>>>                       ] 1309/7824, 81.6 task/s, elapsed: 16s, ETA:    80s[>>>>                       ] 1310/7824, 81.6 task/s, elapsed: 16s, ETA:    80s[>>>>                       ] 1311/7824, 81.6 task/s, elapsed: 16s, ETA:    80s[>>>>                       ] 1312/7824, 81.5 task/s, elapsed: 16s, ETA:    80s[>>>>                       ] 1313/7824, 81.5 task/s, elapsed: 16s, ETA:    80s[>>>>                       ] 1314/7824, 81.5 task/s, elapsed: 16s, ETA:    80s[>>>>                       ] 1315/7824, 81.5 task/s, elapsed: 16s, ETA:    80s[>>>>                       ] 1316/7824, 81.5 task/s, elapsed: 16s, ETA:    80s[>>>>                       ] 1317/7824, 81.5 task/s, elapsed: 16s, ETA:    80s[>>>>                       ] 1318/7824, 81.5 task/s, elapsed: 16s, ETA:    80s[>>>>                       ] 1319/7824, 81.5 task/s, elapsed: 16s, ETA:    80s[>>>>                       ] 1320/7824, 81.5 task/s, elapsed: 16s, ETA:    80s[>>>>                       ] 1321/7824, 81.5 task/s, elapsed: 16s, ETA:    80s[>>>>                       ] 1322/7824, 81.5 task/s, elapsed: 16s, ETA:    80s[>>>>                       ] 1323/7824, 81.5 task/s, elapsed: 16s, ETA:    80s[>>>>                       ] 1324/7824, 81.4 task/s, elapsed: 16s, ETA:    80s[>>>>                       ] 1325/7824, 81.4 task/s, elapsed: 16s, ETA:    80s[>>>>                       ] 1326/7824, 81.4 task/s, elapsed: 16s, ETA:    80s[>>>>                       ] 1327/7824, 81.4 task/s, elapsed: 16s, ETA:    80s[>>>>                       ] 1328/7824, 81.4 task/s, elapsed: 16s, ETA:    80s[>>>>                       ] 1329/7824, 81.4 task/s, elapsed: 16s, ETA:    80s[>>>>                       ] 1330/7824, 81.4 task/s, elapsed: 16s, ETA:    80s[>>>>                       ] 1331/7824, 81.4 task/s, elapsed: 16s, ETA:    80s[>>>>                       ] 1332/7824, 81.4 task/s, elapsed: 16s, ETA:    80s[>>>>                       ] 1333/7824, 81.4 task/s, elapsed: 16s, ETA:    80s[>>>>                       ] 1334/7824, 81.4 task/s, elapsed: 16s, ETA:    80s[>>>>                       ] 1335/7824, 81.4 task/s, elapsed: 16s, ETA:    80s[>>>>                       ] 1336/7824, 81.3 task/s, elapsed: 16s, ETA:    80s[>>>>                       ] 1337/7824, 81.3 task/s, elapsed: 16s, ETA:    80s[>>>>                       ] 1338/7824, 81.3 task/s, elapsed: 16s, ETA:    80s[>>>>                       ] 1339/7824, 81.3 task/s, elapsed: 16s, ETA:    80s[>>>>                       ] 1340/7824, 81.3 task/s, elapsed: 16s, ETA:    80s[>>>>                       ] 1341/7824, 81.3 task/s, elapsed: 16s, ETA:    80s[>>>>                       ] 1342/7824, 81.3 task/s, elapsed: 17s, ETA:    80s[>>>>                       ] 1343/7824, 81.3 task/s, elapsed: 17s, ETA:    80s[>>>>                       ] 1344/7824, 81.3 task/s, elapsed: 17s, ETA:    80s[>>>>                       ] 1345/7824, 81.3 task/s, elapsed: 17s, ETA:    80s[>>>>                       ] 1346/7824, 81.3 task/s, elapsed: 17s, ETA:    80s[>>>>                       ] 1347/7824, 81.2 task/s, elapsed: 17s, ETA:    80s[>>>>                       ] 1348/7824, 81.2 task/s, elapsed: 17s, ETA:    80s[>>>>                       ] 1349/7824, 81.2 task/s, elapsed: 17s, ETA:    80s[>>>>                       ] 1350/7824, 81.2 task/s, elapsed: 17s, ETA:    80s[>>>>                       ] 1351/7824, 81.2 task/s, elapsed: 17s, ETA:    80s[>>>>                       ] 1352/7824, 81.2 task/s, elapsed: 17s, ETA:    80s[>>>>                       ] 1353/7824, 81.2 task/s, elapsed: 17s, ETA:    80s[>>>>                       ] 1354/7824, 81.2 task/s, elapsed: 17s, ETA:    80s[>>>>                       ] 1355/7824, 81.2 task/s, elapsed: 17s, ETA:    80s[>>>>                       ] 1356/7824, 81.2 task/s, elapsed: 17s, ETA:    80s[>>>>                       ] 1357/7824, 81.2 task/s, elapsed: 17s, ETA:    80s[>>>>                       ] 1358/7824, 81.2 task/s, elapsed: 17s, ETA:    80s[>>>>                       ] 1359/7824, 81.1 task/s, elapsed: 17s, ETA:    80s[>>>>                       ] 1360/7824, 81.1 task/s, elapsed: 17s, ETA:    80s[>>>>                       ] 1361/7824, 81.1 task/s, elapsed: 17s, ETA:    80s[>>>>                       ] 1362/7824, 81.1 task/s, elapsed: 17s, ETA:    80s[>>>>                       ] 1363/7824, 81.1 task/s, elapsed: 17s, ETA:    80s[>>>>                       ] 1364/7824, 81.1 task/s, elapsed: 17s, ETA:    80s[>>>>                       ] 1365/7824, 81.1 task/s, elapsed: 17s, ETA:    80s[>>>>                       ] 1366/7824, 81.1 task/s, elapsed: 17s, ETA:    80s[>>>>                       ] 1367/7824, 81.1 task/s, elapsed: 17s, ETA:    80s[>>>>                       ] 1368/7824, 81.1 task/s, elapsed: 17s, ETA:    80s[>>>>                       ] 1369/7824, 81.1 task/s, elapsed: 17s, ETA:    80s[>>>>                       ] 1370/7824, 81.1 task/s, elapsed: 17s, ETA:    80s[>>>>                       ] 1371/7824, 81.1 task/s, elapsed: 17s, ETA:    80s[>>>>                       ] 1372/7824, 81.1 task/s, elapsed: 17s, ETA:    80s[>>>>                       ] 1373/7824, 81.0 task/s, elapsed: 17s, ETA:    80s[>>>>                       ] 1374/7824, 81.0 task/s, elapsed: 17s, ETA:    80s[>>>>                       ] 1375/7824, 81.0 task/s, elapsed: 17s, ETA:    80s[>>>>                       ] 1376/7824, 81.0 task/s, elapsed: 17s, ETA:    80s[>>>>                       ] 1377/7824, 81.0 task/s, elapsed: 17s, ETA:    80s[>>>>                       ] 1378/7824, 81.0 task/s, elapsed: 17s, ETA:    80s[>>>>                       ] 1379/7824, 81.0 task/s, elapsed: 17s, ETA:    80s[>>>>                       ] 1380/7824, 81.0 task/s, elapsed: 17s, ETA:    80s[>>>>                       ] 1381/7824, 81.0 task/s, elapsed: 17s, ETA:    80s[>>>>                       ] 1382/7824, 81.0 task/s, elapsed: 17s, ETA:    80s[>>>>                       ] 1383/7824, 81.0 task/s, elapsed: 17s, ETA:    80s[>>>>                       ] 1384/7824, 80.9 task/s, elapsed: 17s, ETA:    80s[>>>>                       ] 1385/7824, 80.9 task/s, elapsed: 17s, ETA:    80s[>>>>                       ] 1386/7824, 80.9 task/s, elapsed: 17s, ETA:    80s[>>>>                       ] 1387/7824, 80.9 task/s, elapsed: 17s, ETA:    80s[>>>>                       ] 1388/7824, 80.9 task/s, elapsed: 17s, ETA:    80s[>>>>                       ] 1389/7824, 80.9 task/s, elapsed: 17s, ETA:    80s[>>>>                       ] 1390/7824, 80.9 task/s, elapsed: 17s, ETA:    80s[>>>>                       ] 1391/7824, 80.9 task/s, elapsed: 17s, ETA:    80s[>>>>                       ] 1392/7824, 80.9 task/s, elapsed: 17s, ETA:    80s[>>>>                       ] 1393/7824, 80.9 task/s, elapsed: 17s, ETA:    80s[>>>>                       ] 1394/7824, 80.9 task/s, elapsed: 17s, ETA:    80s[>>>>                       ] 1395/7824, 80.9 task/s, elapsed: 17s, ETA:    80s[>>>>                       ] 1396/7824, 80.9 task/s, elapsed: 17s, ETA:    80s[>>>>                       ] 1397/7824, 80.8 task/s, elapsed: 17s, ETA:    79s[>>>>                       ] 1398/7824, 80.8 task/s, elapsed: 17s, ETA:    79s[>>>>                       ] 1399/7824, 80.8 task/s, elapsed: 17s, ETA:    79s[>>>>                       ] 1400/7824, 80.8 task/s, elapsed: 17s, ETA:    79s[>>>>                       ] 1401/7824, 80.8 task/s, elapsed: 17s, ETA:    79s[>>>>                       ] 1402/7824, 80.8 task/s, elapsed: 17s, ETA:    79s[>>>>                       ] 1403/7824, 80.8 task/s, elapsed: 17s, ETA:    79s[>>>>                       ] 1404/7824, 80.8 task/s, elapsed: 17s, ETA:    79s[>>>>                       ] 1405/7824, 80.8 task/s, elapsed: 17s, ETA:    79s[>>>>                       ] 1406/7824, 80.8 task/s, elapsed: 17s, ETA:    79s[>>>>                       ] 1407/7824, 80.8 task/s, elapsed: 17s, ETA:    79s[>>>>                       ] 1408/7824, 80.8 task/s, elapsed: 17s, ETA:    79s[>>>>                       ] 1409/7824, 80.8 task/s, elapsed: 17s, ETA:    79s[>>>>                       ] 1410/7824, 80.8 task/s, elapsed: 17s, ETA:    79s[>>>>                       ] 1411/7824, 80.8 task/s, elapsed: 17s, ETA:    79s[>>>>                       ] 1412/7824, 80.8 task/s, elapsed: 17s, ETA:    79s[>>>>                       ] 1413/7824, 80.7 task/s, elapsed: 18s, ETA:    79s[>>>>                       ] 1414/7824, 80.7 task/s, elapsed: 18s, ETA:    79s[>>>>                       ] 1415/7824, 80.7 task/s, elapsed: 18s, ETA:    79s[>>>>                       ] 1416/7824, 80.7 task/s, elapsed: 18s, ETA:    79s[>>>>                       ] 1417/7824, 80.7 task/s, elapsed: 18s, ETA:    79s[>>>>                       ] 1418/7824, 80.7 task/s, elapsed: 18s, ETA:    79s[>>>>                       ] 1419/7824, 80.7 task/s, elapsed: 18s, ETA:    79s[>>>>                       ] 1420/7824, 80.7 task/s, elapsed: 18s, ETA:    79s[>>>>                       ] 1421/7824, 80.7 task/s, elapsed: 18s, ETA:    79s[>>>>                       ] 1422/7824, 80.7 task/s, elapsed: 18s, ETA:    79s[>>>>                       ] 1423/7824, 80.7 task/s, elapsed: 18s, ETA:    79s[>>>>                       ] 1424/7824, 80.7 task/s, elapsed: 18s, ETA:    79s[>>>>                       ] 1425/7824, 80.7 task/s, elapsed: 18s, ETA:    79s[>>>>                       ] 1426/7824, 80.7 task/s, elapsed: 18s, ETA:    79s[>>>>                       ] 1427/7824, 80.6 task/s, elapsed: 18s, ETA:    79s[>>>>                       ] 1428/7824, 80.6 task/s, elapsed: 18s, ETA:    79s[>>>>                       ] 1429/7824, 80.6 task/s, elapsed: 18s, ETA:    79s[>>>>                       ] 1430/7824, 80.6 task/s, elapsed: 18s, ETA:    79s[>>>>                       ] 1431/7824, 80.6 task/s, elapsed: 18s, ETA:    79s[>>>>                       ] 1432/7824, 80.6 task/s, elapsed: 18s, ETA:    79s[>>>>                       ] 1433/7824, 80.6 task/s, elapsed: 18s, ETA:    79s[>>>>                       ] 1434/7824, 80.6 task/s, elapsed: 18s, ETA:    79s[>>>>                       ] 1435/7824, 80.6 task/s, elapsed: 18s, ETA:    79s[>>>>                       ] 1436/7824, 80.6 task/s, elapsed: 18s, ETA:    79s[>>>>                       ] 1437/7824, 80.6 task/s, elapsed: 18s, ETA:    79s[>>>>                       ] 1438/7824, 80.6 task/s, elapsed: 18s, ETA:    79s[>>>>                       ] 1439/7824, 80.6 task/s, elapsed: 18s, ETA:    79s[>>>>                       ] 1440/7824, 80.6 task/s, elapsed: 18s, ETA:    79s[>>>>                       ] 1441/7824, 80.5 task/s, elapsed: 18s, ETA:    79s[>>>>                       ] 1442/7824, 80.5 task/s, elapsed: 18s, ETA:    79s[>>>>                       ] 1443/7824, 80.5 task/s, elapsed: 18s, ETA:    79s[>>>>                       ] 1444/7824, 80.5 task/s, elapsed: 18s, ETA:    79s[>>>>                       ] 1445/7824, 80.5 task/s, elapsed: 18s, ETA:    79s[>>>>                       ] 1446/7824, 80.5 task/s, elapsed: 18s, ETA:    79s[>>>>                       ] 1447/7824, 80.5 task/s, elapsed: 18s, ETA:    79s[>>>>                       ] 1448/7824, 80.5 task/s, elapsed: 18s, ETA:    79s[>>>>>                      ] 1449/7824, 80.5 task/s, elapsed: 18s, ETA:    79s[>>>>>                      ] 1450/7824, 80.5 task/s, elapsed: 18s, ETA:    79s[>>>>>                      ] 1451/7824, 80.5 task/s, elapsed: 18s, ETA:    79s[>>>>>                      ] 1452/7824, 80.5 task/s, elapsed: 18s, ETA:    79s[>>>>>                      ] 1453/7824, 80.5 task/s, elapsed: 18s, ETA:    79s[>>>>>                      ] 1454/7824, 80.5 task/s, elapsed: 18s, ETA:    79s[>>>>>                      ] 1455/7824, 80.4 task/s, elapsed: 18s, ETA:    79s[>>>>>                      ] 1456/7824, 80.4 task/s, elapsed: 18s, ETA:    79s[>>>>>                      ] 1457/7824, 80.4 task/s, elapsed: 18s, ETA:    79s[>>>>>                      ] 1458/7824, 80.4 task/s, elapsed: 18s, ETA:    79s[>>>>>                      ] 1459/7824, 80.4 task/s, elapsed: 18s, ETA:    79s[>>>>>                      ] 1460/7824, 80.4 task/s, elapsed: 18s, ETA:    79s[>>>>>                      ] 1461/7824, 80.4 task/s, elapsed: 18s, ETA:    79s[>>>>>                      ] 1462/7824, 80.4 task/s, elapsed: 18s, ETA:    79s[>>>>>                      ] 1463/7824, 80.4 task/s, elapsed: 18s, ETA:    79s[>>>>>                      ] 1464/7824, 80.4 task/s, elapsed: 18s, ETA:    79s[>>>>>                      ] 1465/7824, 80.4 task/s, elapsed: 18s, ETA:    79s[>>>>>                      ] 1466/7824, 80.4 task/s, elapsed: 18s, ETA:    79s[>>>>>                      ] 1467/7824, 80.4 task/s, elapsed: 18s, ETA:    79s[>>>>>                      ] 1468/7824, 80.4 task/s, elapsed: 18s, ETA:    79s[>>>>>                      ] 1469/7824, 80.4 task/s, elapsed: 18s, ETA:    79s[>>>>>                      ] 1470/7824, 80.4 task/s, elapsed: 18s, ETA:    79s[>>>>>                      ] 1471/7824, 80.3 task/s, elapsed: 18s, ETA:    79s[>>>>>                      ] 1472/7824, 80.3 task/s, elapsed: 18s, ETA:    79s[>>>>>                      ] 1473/7824, 80.3 task/s, elapsed: 18s, ETA:    79s[>>>>>                      ] 1474/7824, 80.3 task/s, elapsed: 18s, ETA:    79s[>>>>>                      ] 1475/7824, 80.3 task/s, elapsed: 18s, ETA:    79s[>>>>>                      ] 1476/7824, 80.3 task/s, elapsed: 18s, ETA:    79s[>>>>>                      ] 1477/7824, 80.3 task/s, elapsed: 18s, ETA:    79s[>>>>>                      ] 1478/7824, 80.3 task/s, elapsed: 18s, ETA:    79s[>>>>>                      ] 1479/7824, 80.3 task/s, elapsed: 18s, ETA:    79s[>>>>>                      ] 1480/7824, 80.3 task/s, elapsed: 18s, ETA:    79s[>>>>>                      ] 1481/7824, 80.3 task/s, elapsed: 18s, ETA:    79s[>>>>>                      ] 1482/7824, 80.3 task/s, elapsed: 18s, ETA:    79s[>>>>>                      ] 1483/7824, 80.3 task/s, elapsed: 18s, ETA:    79s[>>>>>                      ] 1484/7824, 80.3 task/s, elapsed: 18s, ETA:    79s[>>>>>                      ] 1485/7824, 80.3 task/s, elapsed: 19s, ETA:    79s[>>>>>                      ] 1486/7824, 80.3 task/s, elapsed: 19s, ETA:    79s[>>>>>                      ] 1487/7824, 80.3 task/s, elapsed: 19s, ETA:    79s[>>>>>                      ] 1488/7824, 80.2 task/s, elapsed: 19s, ETA:    79s[>>>>>                      ] 1489/7824, 80.2 task/s, elapsed: 19s, ETA:    79s[>>>>>                      ] 1490/7824, 80.2 task/s, elapsed: 19s, ETA:    79s[>>>>>                      ] 1491/7824, 80.2 task/s, elapsed: 19s, ETA:    79s[>>>>>                      ] 1492/7824, 80.2 task/s, elapsed: 19s, ETA:    79s[>>>>>                      ] 1493/7824, 80.2 task/s, elapsed: 19s, ETA:    79s[>>>>>                      ] 1494/7824, 80.2 task/s, elapsed: 19s, ETA:    79s[>>>>>                      ] 1495/7824, 80.2 task/s, elapsed: 19s, ETA:    79s[>>>>>                      ] 1496/7824, 80.2 task/s, elapsed: 19s, ETA:    79s[>>>>>                      ] 1497/7824, 80.2 task/s, elapsed: 19s, ETA:    79s[>>>>>                      ] 1498/7824, 80.2 task/s, elapsed: 19s, ETA:    79s[>>>>>                      ] 1499/7824, 80.2 task/s, elapsed: 19s, ETA:    79s[>>>>>                      ] 1500/7824, 80.2 task/s, elapsed: 19s, ETA:    79s[>>>>>                      ] 1501/7824, 80.2 task/s, elapsed: 19s, ETA:    79s[>>>>>                      ] 1502/7824, 80.2 task/s, elapsed: 19s, ETA:    79s[>>>>>                      ] 1503/7824, 80.2 task/s, elapsed: 19s, ETA:    79s[>>>>>                      ] 1504/7824, 80.1 task/s, elapsed: 19s, ETA:    79s[>>>>>                      ] 1505/7824, 80.1 task/s, elapsed: 19s, ETA:    79s[>>>>>                      ] 1506/7824, 80.1 task/s, elapsed: 19s, ETA:    79s[>>>>>                      ] 1507/7824, 80.1 task/s, elapsed: 19s, ETA:    79s[>>>>>                      ] 1508/7824, 80.1 task/s, elapsed: 19s, ETA:    79s[>>>>>                      ] 1509/7824, 80.1 task/s, elapsed: 19s, ETA:    79s[>>>>>                      ] 1510/7824, 80.1 task/s, elapsed: 19s, ETA:    79s[>>>>>                      ] 1511/7824, 80.1 task/s, elapsed: 19s, ETA:    79s[>>>>>                      ] 1512/7824, 80.1 task/s, elapsed: 19s, ETA:    79s[>>>>>                      ] 1513/7824, 80.1 task/s, elapsed: 19s, ETA:    79s[>>>>>                      ] 1514/7824, 80.1 task/s, elapsed: 19s, ETA:    79s[>>>>>                      ] 1515/7824, 80.1 task/s, elapsed: 19s, ETA:    79s[>>>>>                      ] 1516/7824, 80.1 task/s, elapsed: 19s, ETA:    79s[>>>>>                      ] 1517/7824, 80.1 task/s, elapsed: 19s, ETA:    79s[>>>>>                      ] 1518/7824, 80.1 task/s, elapsed: 19s, ETA:    79s[>>>>>                      ] 1519/7824, 80.1 task/s, elapsed: 19s, ETA:    79s[>>>>>                      ] 1520/7824, 80.1 task/s, elapsed: 19s, ETA:    79s[>>>>>                      ] 1521/7824, 80.1 task/s, elapsed: 19s, ETA:    79s[>>>>>                      ] 1522/7824, 80.1 task/s, elapsed: 19s, ETA:    79s[>>>>>                      ] 1523/7824, 80.1 task/s, elapsed: 19s, ETA:    79s[>>>>>                      ] 1524/7824, 80.1 task/s, elapsed: 19s, ETA:    79s[>>>>>                      ] 1525/7824, 80.0 task/s, elapsed: 19s, ETA:    79s[>>>>>                      ] 1526/7824, 80.0 task/s, elapsed: 19s, ETA:    79s[>>>>>                      ] 1527/7824, 80.0 task/s, elapsed: 19s, ETA:    79s[>>>>>                      ] 1528/7824, 80.0 task/s, elapsed: 19s, ETA:    79s[>>>>>                      ] 1529/7824, 80.1 task/s, elapsed: 19s, ETA:    79s[>>>>>                      ] 1530/7824, 80.1 task/s, elapsed: 19s, ETA:    79s[>>>>>                      ] 1531/7824, 80.1 task/s, elapsed: 19s, ETA:    79s[>>>>>                      ] 1532/7824, 80.1 task/s, elapsed: 19s, ETA:    79s[>>>>>                      ] 1533/7824, 80.1 task/s, elapsed: 19s, ETA:    79s[>>>>>                      ] 1534/7824, 80.1 task/s, elapsed: 19s, ETA:    79s[>>>>>                      ] 1535/7824, 80.1 task/s, elapsed: 19s, ETA:    78s[>>>>>                      ] 1536/7824, 80.1 task/s, elapsed: 19s, ETA:    78s[>>>>>                      ] 1537/7824, 80.2 task/s, elapsed: 19s, ETA:    78s[>>>>>                      ] 1538/7824, 80.2 task/s, elapsed: 19s, ETA:    78s[>>>>>                      ] 1539/7824, 80.2 task/s, elapsed: 19s, ETA:    78s[>>>>>                      ] 1540/7824, 80.2 task/s, elapsed: 19s, ETA:    78s[>>>>>                      ] 1541/7824, 80.2 task/s, elapsed: 19s, ETA:    78s[>>>>>                      ] 1542/7824, 80.2 task/s, elapsed: 19s, ETA:    78s[>>>>>                      ] 1543/7824, 80.2 task/s, elapsed: 19s, ETA:    78s[>>>>>                      ] 1544/7824, 80.3 task/s, elapsed: 19s, ETA:    78s[>>>>>                      ] 1545/7824, 80.3 task/s, elapsed: 19s, ETA:    78s[>>>>>                      ] 1546/7824, 80.3 task/s, elapsed: 19s, ETA:    78s[>>>>>                      ] 1547/7824, 80.3 task/s, elapsed: 19s, ETA:    78s[>>>>>                      ] 1548/7824, 80.3 task/s, elapsed: 19s, ETA:    78s[>>>>>                      ] 1549/7824, 80.3 task/s, elapsed: 19s, ETA:    78s[>>>>>                      ] 1550/7824, 80.3 task/s, elapsed: 19s, ETA:    78s[>>>>>                      ] 1551/7824, 80.3 task/s, elapsed: 19s, ETA:    78s[>>>>>                      ] 1552/7824, 80.4 task/s, elapsed: 19s, ETA:    78s[>>>>>                      ] 1553/7824, 80.4 task/s, elapsed: 19s, ETA:    78s[>>>>>                      ] 1554/7824, 80.4 task/s, elapsed: 19s, ETA:    78s[>>>>>                      ] 1555/7824, 80.4 task/s, elapsed: 19s, ETA:    78s[>>>>>                      ] 1556/7824, 80.4 task/s, elapsed: 19s, ETA:    78s[>>>>>                      ] 1557/7824, 80.4 task/s, elapsed: 19s, ETA:    78s[>>>>>                      ] 1558/7824, 80.4 task/s, elapsed: 19s, ETA:    78s[>>>>>                      ] 1559/7824, 80.4 task/s, elapsed: 19s, ETA:    78s[>>>>>                      ] 1560/7824, 80.5 task/s, elapsed: 19s, ETA:    78s[>>>>>                      ] 1561/7824, 80.5 task/s, elapsed: 19s, ETA:    78s[>>>>>                      ] 1562/7824, 80.5 task/s, elapsed: 19s, ETA:    78s[>>>>>                      ] 1563/7824, 80.5 task/s, elapsed: 19s, ETA:    78s[>>>>>                      ] 1564/7824, 80.5 task/s, elapsed: 19s, ETA:    78s[>>>>>                      ] 1565/7824, 80.5 task/s, elapsed: 19s, ETA:    78s[>>>>>                      ] 1566/7824, 80.5 task/s, elapsed: 19s, ETA:    78s[>>>>>                      ] 1567/7824, 80.5 task/s, elapsed: 19s, ETA:    78s[>>>>>                      ] 1568/7824, 80.6 task/s, elapsed: 19s, ETA:    78s[>>>>>                      ] 1569/7824, 80.6 task/s, elapsed: 19s, ETA:    78s[>>>>>                      ] 1570/7824, 80.6 task/s, elapsed: 19s, ETA:    78s[>>>>>                      ] 1571/7824, 80.6 task/s, elapsed: 19s, ETA:    78s[>>>>>                      ] 1572/7824, 80.6 task/s, elapsed: 20s, ETA:    78s[>>>>>                      ] 1573/7824, 80.6 task/s, elapsed: 20s, ETA:    78s[>>>>>                      ] 1574/7824, 80.6 task/s, elapsed: 20s, ETA:    78s[>>>>>                      ] 1575/7824, 80.6 task/s, elapsed: 20s, ETA:    77s[>>>>>                      ] 1576/7824, 80.7 task/s, elapsed: 20s, ETA:    77s[>>>>>                      ] 1577/7824, 80.7 task/s, elapsed: 20s, ETA:    77s[>>>>>                      ] 1578/7824, 80.7 task/s, elapsed: 20s, ETA:    77s[>>>>>                      ] 1579/7824, 80.7 task/s, elapsed: 20s, ETA:    77s[>>>>>                      ] 1580/7824, 80.7 task/s, elapsed: 20s, ETA:    77s[>>>>>                      ] 1581/7824, 80.7 task/s, elapsed: 20s, ETA:    77s[>>>>>                      ] 1582/7824, 80.7 task/s, elapsed: 20s, ETA:    77s[>>>>>                      ] 1583/7824, 80.7 task/s, elapsed: 20s, ETA:    77s[>>>>>                      ] 1584/7824, 80.7 task/s, elapsed: 20s, ETA:    77s[>>>>>                      ] 1585/7824, 80.7 task/s, elapsed: 20s, ETA:    77s[>>>>>                      ] 1586/7824, 80.7 task/s, elapsed: 20s, ETA:    77s[>>>>>                      ] 1587/7824, 80.7 task/s, elapsed: 20s, ETA:    77s[>>>>>                      ] 1588/7824, 80.8 task/s, elapsed: 20s, ETA:    77s[>>>>>                      ] 1589/7824, 80.8 task/s, elapsed: 20s, ETA:    77s[>>>>>                      ] 1590/7824, 80.8 task/s, elapsed: 20s, ETA:    77s[>>>>>                      ] 1591/7824, 80.8 task/s, elapsed: 20s, ETA:    77s[>>>>>                      ] 1592/7824, 80.8 task/s, elapsed: 20s, ETA:    77s[>>>>>                      ] 1593/7824, 80.8 task/s, elapsed: 20s, ETA:    77s[>>>>>                      ] 1594/7824, 80.8 task/s, elapsed: 20s, ETA:    77s[>>>>>                      ] 1595/7824, 80.8 task/s, elapsed: 20s, ETA:    77s[>>>>>                      ] 1596/7824, 80.8 task/s, elapsed: 20s, ETA:    77s[>>>>>                      ] 1597/7824, 80.8 task/s, elapsed: 20s, ETA:    77s[>>>>>                      ] 1598/7824, 80.8 task/s, elapsed: 20s, ETA:    77s[>>>>>                      ] 1599/7824, 80.8 task/s, elapsed: 20s, ETA:    77s[>>>>>                      ] 1600/7824, 80.8 task/s, elapsed: 20s, ETA:    77s[>>>>>                      ] 1601/7824, 80.9 task/s, elapsed: 20s, ETA:    77s[>>>>>                      ] 1602/7824, 80.9 task/s, elapsed: 20s, ETA:    77s[>>>>>                      ] 1603/7824, 80.9 task/s, elapsed: 20s, ETA:    77s[>>>>>                      ] 1604/7824, 80.9 task/s, elapsed: 20s, ETA:    77s[>>>>>                      ] 1605/7824, 80.9 task/s, elapsed: 20s, ETA:    77s[>>>>>                      ] 1606/7824, 80.9 task/s, elapsed: 20s, ETA:    77s[>>>>>                      ] 1607/7824, 80.9 task/s, elapsed: 20s, ETA:    77s[>>>>>                      ] 1608/7824, 80.9 task/s, elapsed: 20s, ETA:    77s[>>>>>                      ] 1609/7824, 80.9 task/s, elapsed: 20s, ETA:    77s[>>>>>                      ] 1610/7824, 81.0 task/s, elapsed: 20s, ETA:    77s[>>>>>                      ] 1611/7824, 81.0 task/s, elapsed: 20s, ETA:    77s[>>>>>                      ] 1612/7824, 81.0 task/s, elapsed: 20s, ETA:    77s[>>>>>                      ] 1613/7824, 81.0 task/s, elapsed: 20s, ETA:    77s[>>>>>                      ] 1614/7824, 81.0 task/s, elapsed: 20s, ETA:    77s[>>>>>                      ] 1615/7824, 81.0 task/s, elapsed: 20s, ETA:    77s[>>>>>                      ] 1616/7824, 81.0 task/s, elapsed: 20s, ETA:    77s[>>>>>                      ] 1617/7824, 81.0 task/s, elapsed: 20s, ETA:    77s[>>>>>                      ] 1618/7824, 81.1 task/s, elapsed: 20s, ETA:    77s[>>>>>                      ] 1619/7824, 81.1 task/s, elapsed: 20s, ETA:    77s[>>>>>                      ] 1620/7824, 81.1 task/s, elapsed: 20s, ETA:    77s[>>>>>                      ] 1621/7824, 81.1 task/s, elapsed: 20s, ETA:    76s[>>>>>                      ] 1622/7824, 81.1 task/s, elapsed: 20s, ETA:    76s[>>>>>                      ] 1623/7824, 81.1 task/s, elapsed: 20s, ETA:    76s[>>>>>                      ] 1624/7824, 81.1 task/s, elapsed: 20s, ETA:    76s[>>>>>                      ] 1625/7824, 81.1 task/s, elapsed: 20s, ETA:    76s[>>>>>                      ] 1626/7824, 81.2 task/s, elapsed: 20s, ETA:    76s[>>>>>                      ] 1627/7824, 81.2 task/s, elapsed: 20s, ETA:    76s[>>>>>                      ] 1628/7824, 81.2 task/s, elapsed: 20s, ETA:    76s[>>>>>                      ] 1629/7824, 81.2 task/s, elapsed: 20s, ETA:    76s[>>>>>                      ] 1630/7824, 81.2 task/s, elapsed: 20s, ETA:    76s[>>>>>                      ] 1631/7824, 81.2 task/s, elapsed: 20s, ETA:    76s[>>>>>                      ] 1632/7824, 81.2 task/s, elapsed: 20s, ETA:    76s[>>>>>                      ] 1633/7824, 81.2 task/s, elapsed: 20s, ETA:    76s[>>>>>                      ] 1634/7824, 81.3 task/s, elapsed: 20s, ETA:    76s[>>>>>                      ] 1635/7824, 81.3 task/s, elapsed: 20s, ETA:    76s[>>>>>                      ] 1636/7824, 81.3 task/s, elapsed: 20s, ETA:    76s[>>>>>                      ] 1637/7824, 81.3 task/s, elapsed: 20s, ETA:    76s[>>>>>                      ] 1638/7824, 81.3 task/s, elapsed: 20s, ETA:    76s[>>>>>                      ] 1639/7824, 81.3 task/s, elapsed: 20s, ETA:    76s[>>>>>                      ] 1640/7824, 81.3 task/s, elapsed: 20s, ETA:    76s[>>>>>                      ] 1641/7824, 81.3 task/s, elapsed: 20s, ETA:    76s[>>>>>                      ] 1642/7824, 81.3 task/s, elapsed: 20s, ETA:    76s[>>>>>                      ] 1643/7824, 81.4 task/s, elapsed: 20s, ETA:    76s[>>>>>                      ] 1644/7824, 81.4 task/s, elapsed: 20s, ETA:    76s[>>>>>                      ] 1645/7824, 81.4 task/s, elapsed: 20s, ETA:    76s[>>>>>                      ] 1646/7824, 81.4 task/s, elapsed: 20s, ETA:    76s[>>>>>                      ] 1647/7824, 81.4 task/s, elapsed: 20s, ETA:    76s[>>>>>                      ] 1648/7824, 81.4 task/s, elapsed: 20s, ETA:    76s[>>>>>                      ] 1649/7824, 81.4 task/s, elapsed: 20s, ETA:    76s[>>>>>                      ] 1650/7824, 81.4 task/s, elapsed: 20s, ETA:    76s[>>>>>                      ] 1651/7824, 81.4 task/s, elapsed: 20s, ETA:    76s[>>>>>                      ] 1652/7824, 81.4 task/s, elapsed: 20s, ETA:    76s[>>>>>                      ] 1653/7824, 81.4 task/s, elapsed: 20s, ETA:    76s[>>>>>                      ] 1654/7824, 81.4 task/s, elapsed: 20s, ETA:    76s[>>>>>                      ] 1655/7824, 81.4 task/s, elapsed: 20s, ETA:    76s[>>>>>                      ] 1656/7824, 81.5 task/s, elapsed: 20s, ETA:    76s[>>>>>                      ] 1657/7824, 81.5 task/s, elapsed: 20s, ETA:    76s[>>>>>                      ] 1658/7824, 81.5 task/s, elapsed: 20s, ETA:    76s[>>>>>                      ] 1659/7824, 81.5 task/s, elapsed: 20s, ETA:    76s[>>>>>                      ] 1660/7824, 81.5 task/s, elapsed: 20s, ETA:    76s[>>>>>                      ] 1661/7824, 81.5 task/s, elapsed: 20s, ETA:    76s[>>>>>                      ] 1662/7824, 81.5 task/s, elapsed: 20s, ETA:    76s[>>>>>                      ] 1663/7824, 81.5 task/s, elapsed: 20s, ETA:    76s[>>>>>                      ] 1664/7824, 81.5 task/s, elapsed: 20s, ETA:    76s[>>>>>                      ] 1665/7824, 81.6 task/s, elapsed: 20s, ETA:    76s[>>>>>                      ] 1666/7824, 81.6 task/s, elapsed: 20s, ETA:    75s[>>>>>                      ] 1667/7824, 81.6 task/s, elapsed: 20s, ETA:    75s[>>>>>                      ] 1668/7824, 81.6 task/s, elapsed: 20s, ETA:    75s[>>>>>                      ] 1669/7824, 81.6 task/s, elapsed: 20s, ETA:    75s[>>>>>                      ] 1670/7824, 81.6 task/s, elapsed: 20s, ETA:    75s[>>>>>                      ] 1671/7824, 81.6 task/s, elapsed: 20s, ETA:    75s[>>>>>                      ] 1672/7824, 81.6 task/s, elapsed: 20s, ETA:    75s[>>>>>                      ] 1673/7824, 81.7 task/s, elapsed: 20s, ETA:    75s[>>>>>                      ] 1674/7824, 81.7 task/s, elapsed: 20s, ETA:    75s[>>>>>                      ] 1675/7824, 81.7 task/s, elapsed: 21s, ETA:    75s[>>>>>                      ] 1676/7824, 81.7 task/s, elapsed: 21s, ETA:    75s[>>>>>                      ] 1677/7824, 81.7 task/s, elapsed: 21s, ETA:    75s[>>>>>                      ] 1678/7824, 81.7 task/s, elapsed: 21s, ETA:    75s[>>>>>                      ] 1679/7824, 81.7 task/s, elapsed: 21s, ETA:    75s[>>>>>                      ] 1680/7824, 81.7 task/s, elapsed: 21s, ETA:    75s[>>>>>                      ] 1681/7824, 81.7 task/s, elapsed: 21s, ETA:    75s[>>>>>                      ] 1682/7824, 81.8 task/s, elapsed: 21s, ETA:    75s[>>>>>                      ] 1683/7824, 81.8 task/s, elapsed: 21s, ETA:    75s[>>>>>                      ] 1684/7824, 81.8 task/s, elapsed: 21s, ETA:    75s[>>>>>                      ] 1685/7824, 81.8 task/s, elapsed: 21s, ETA:    75s[>>>>>                      ] 1686/7824, 81.8 task/s, elapsed: 21s, ETA:    75s[>>>>>                      ] 1687/7824, 81.8 task/s, elapsed: 21s, ETA:    75s[>>>>>                      ] 1688/7824, 81.8 task/s, elapsed: 21s, ETA:    75s[>>>>>                      ] 1689/7824, 81.8 task/s, elapsed: 21s, ETA:    75s[>>>>>                      ] 1690/7824, 81.8 task/s, elapsed: 21s, ETA:    75s[>>>>>                      ] 1691/7824, 81.9 task/s, elapsed: 21s, ETA:    75s[>>>>>                      ] 1692/7824, 81.9 task/s, elapsed: 21s, ETA:    75s[>>>>>                      ] 1693/7824, 81.9 task/s, elapsed: 21s, ETA:    75s[>>>>>                      ] 1694/7824, 81.9 task/s, elapsed: 21s, ETA:    75s[>>>>>                      ] 1695/7824, 81.9 task/s, elapsed: 21s, ETA:    75s[>>>>>                      ] 1696/7824, 81.9 task/s, elapsed: 21s, ETA:    75s[>>>>>                      ] 1697/7824, 81.9 task/s, elapsed: 21s, ETA:    75s[>>>>>                      ] 1698/7824, 81.9 task/s, elapsed: 21s, ETA:    75s[>>>>>                      ] 1699/7824, 81.9 task/s, elapsed: 21s, ETA:    75s[>>>>>                      ] 1700/7824, 81.9 task/s, elapsed: 21s, ETA:    75s[>>>>>                      ] 1701/7824, 82.0 task/s, elapsed: 21s, ETA:    75s[>>>>>                      ] 1702/7824, 82.0 task/s, elapsed: 21s, ETA:    75s[>>>>>                      ] 1703/7824, 82.0 task/s, elapsed: 21s, ETA:    75s[>>>>>                      ] 1704/7824, 82.0 task/s, elapsed: 21s, ETA:    75s[>>>>>                      ] 1705/7824, 82.0 task/s, elapsed: 21s, ETA:    75s[>>>>>                      ] 1706/7824, 82.0 task/s, elapsed: 21s, ETA:    75s[>>>>>                      ] 1707/7824, 82.0 task/s, elapsed: 21s, ETA:    75s[>>>>>                      ] 1708/7824, 82.0 task/s, elapsed: 21s, ETA:    75s[>>>>>                      ] 1709/7824, 82.0 task/s, elapsed: 21s, ETA:    75s[>>>>>                      ] 1710/7824, 82.0 task/s, elapsed: 21s, ETA:    75s[>>>>>                      ] 1711/7824, 82.0 task/s, elapsed: 21s, ETA:    75s[>>>>>                      ] 1712/7824, 82.0 task/s, elapsed: 21s, ETA:    75s[>>>>>                      ] 1713/7824, 82.0 task/s, elapsed: 21s, ETA:    74s[>>>>>                      ] 1714/7824, 82.0 task/s, elapsed: 21s, ETA:    74s[>>>>>                      ] 1715/7824, 82.1 task/s, elapsed: 21s, ETA:    74s[>>>>>                      ] 1716/7824, 82.1 task/s, elapsed: 21s, ETA:    74s[>>>>>                      ] 1717/7824, 82.1 task/s, elapsed: 21s, ETA:    74s[>>>>>                      ] 1718/7824, 82.1 task/s, elapsed: 21s, ETA:    74s[>>>>>                      ] 1719/7824, 82.1 task/s, elapsed: 21s, ETA:    74s[>>>>>                      ] 1720/7824, 82.1 task/s, elapsed: 21s, ETA:    74s[>>>>>                      ] 1721/7824, 82.1 task/s, elapsed: 21s, ETA:    74s[>>>>>                      ] 1722/7824, 82.1 task/s, elapsed: 21s, ETA:    74s[>>>>>                      ] 1723/7824, 82.1 task/s, elapsed: 21s, ETA:    74s[>>>>>                      ] 1724/7824, 82.1 task/s, elapsed: 21s, ETA:    74s[>>>>>                      ] 1725/7824, 82.1 task/s, elapsed: 21s, ETA:    74s[>>>>>                      ] 1726/7824, 82.1 task/s, elapsed: 21s, ETA:    74s[>>>>>                      ] 1727/7824, 82.2 task/s, elapsed: 21s, ETA:    74s[>>>>>                      ] 1728/7824, 82.2 task/s, elapsed: 21s, ETA:    74s[>>>>>                      ] 1729/7824, 82.2 task/s, elapsed: 21s, ETA:    74s[>>>>>                      ] 1730/7824, 82.2 task/s, elapsed: 21s, ETA:    74s[>>>>>                      ] 1731/7824, 82.2 task/s, elapsed: 21s, ETA:    74s[>>>>>                      ] 1732/7824, 82.2 task/s, elapsed: 21s, ETA:    74s[>>>>>                      ] 1733/7824, 82.2 task/s, elapsed: 21s, ETA:    74s[>>>>>                      ] 1734/7824, 82.2 task/s, elapsed: 21s, ETA:    74s[>>>>>                      ] 1735/7824, 82.2 task/s, elapsed: 21s, ETA:    74s[>>>>>                      ] 1736/7824, 82.2 task/s, elapsed: 21s, ETA:    74s[>>>>>                      ] 1737/7824, 82.2 task/s, elapsed: 21s, ETA:    74s[>>>>>                      ] 1738/7824, 82.3 task/s, elapsed: 21s, ETA:    74s[>>>>>>                     ] 1739/7824, 82.3 task/s, elapsed: 21s, ETA:    74s[>>>>>>                     ] 1740/7824, 82.3 task/s, elapsed: 21s, ETA:    74s[>>>>>>                     ] 1741/7824, 82.3 task/s, elapsed: 21s, ETA:    74s[>>>>>>                     ] 1742/7824, 82.3 task/s, elapsed: 21s, ETA:    74s[>>>>>>                     ] 1743/7824, 82.3 task/s, elapsed: 21s, ETA:    74s[>>>>>>                     ] 1744/7824, 82.3 task/s, elapsed: 21s, ETA:    74s[>>>>>>                     ] 1745/7824, 82.3 task/s, elapsed: 21s, ETA:    74s[>>>>>>                     ] 1746/7824, 82.3 task/s, elapsed: 21s, ETA:    74s[>>>>>>                     ] 1747/7824, 82.3 task/s, elapsed: 21s, ETA:    74s[>>>>>>                     ] 1748/7824, 82.3 task/s, elapsed: 21s, ETA:    74s[>>>>>>                     ] 1749/7824, 82.4 task/s, elapsed: 21s, ETA:    74s[>>>>>>                     ] 1750/7824, 82.4 task/s, elapsed: 21s, ETA:    74s[>>>>>>                     ] 1751/7824, 82.4 task/s, elapsed: 21s, ETA:    74s[>>>>>>                     ] 1752/7824, 82.4 task/s, elapsed: 21s, ETA:    74s[>>>>>>                     ] 1753/7824, 82.4 task/s, elapsed: 21s, ETA:    74s[>>>>>>                     ] 1754/7824, 82.4 task/s, elapsed: 21s, ETA:    74s[>>>>>>                     ] 1755/7824, 82.4 task/s, elapsed: 21s, ETA:    74s[>>>>>>                     ] 1756/7824, 82.4 task/s, elapsed: 21s, ETA:    74s[>>>>>>                     ] 1757/7824, 82.4 task/s, elapsed: 21s, ETA:    74s[>>>>>>                     ] 1758/7824, 82.4 task/s, elapsed: 21s, ETA:    74s[>>>>>>                     ] 1759/7824, 82.4 task/s, elapsed: 21s, ETA:    74s[>>>>>>                     ] 1760/7824, 82.5 task/s, elapsed: 21s, ETA:    74s[>>>>>>                     ] 1761/7824, 82.5 task/s, elapsed: 21s, ETA:    74s[>>>>>>                     ] 1762/7824, 82.5 task/s, elapsed: 21s, ETA:    74s[>>>>>>                     ] 1763/7824, 82.5 task/s, elapsed: 21s, ETA:    73s[>>>>>>                     ] 1764/7824, 82.5 task/s, elapsed: 21s, ETA:    73s[>>>>>>                     ] 1765/7824, 82.5 task/s, elapsed: 21s, ETA:    73s[>>>>>>                     ] 1766/7824, 82.5 task/s, elapsed: 21s, ETA:    73s[>>>>>>                     ] 1767/7824, 82.5 task/s, elapsed: 21s, ETA:    73s[>>>>>>                     ] 1768/7824, 82.5 task/s, elapsed: 21s, ETA:    73s[>>>>>>                     ] 1769/7824, 82.5 task/s, elapsed: 21s, ETA:    73s[>>>>>>                     ] 1770/7824, 82.5 task/s, elapsed: 21s, ETA:    73s[>>>>>>                     ] 1771/7824, 82.5 task/s, elapsed: 21s, ETA:    73s[>>>>>>                     ] 1772/7824, 82.5 task/s, elapsed: 21s, ETA:    73s[>>>>>>                     ] 1773/7824, 82.5 task/s, elapsed: 21s, ETA:    73s[>>>>>>                     ] 1774/7824, 82.5 task/s, elapsed: 22s, ETA:    73s[>>>>>>                     ] 1775/7824, 82.5 task/s, elapsed: 22s, ETA:    73s[>>>>>>                     ] 1776/7824, 82.5 task/s, elapsed: 22s, ETA:    73s[>>>>>>                     ] 1777/7824, 82.5 task/s, elapsed: 22s, ETA:    73s[>>>>>>                     ] 1778/7824, 82.5 task/s, elapsed: 22s, ETA:    73s[>>>>>>                     ] 1779/7824, 82.5 task/s, elapsed: 22s, ETA:    73s[>>>>>>                     ] 1780/7824, 82.5 task/s, elapsed: 22s, ETA:    73s[>>>>>>                     ] 1781/7824, 82.5 task/s, elapsed: 22s, ETA:    73s[>>>>>>                     ] 1782/7824, 82.5 task/s, elapsed: 22s, ETA:    73s[>>>>>>                     ] 1783/7824, 82.5 task/s, elapsed: 22s, ETA:    73s[>>>>>>                     ] 1784/7824, 82.6 task/s, elapsed: 22s, ETA:    73s[>>>>>>                     ] 1785/7824, 82.6 task/s, elapsed: 22s, ETA:    73s[>>>>>>                     ] 1786/7824, 82.6 task/s, elapsed: 22s, ETA:    73s[>>>>>>                     ] 1787/7824, 82.6 task/s, elapsed: 22s, ETA:    73s[>>>>>>                     ] 1788/7824, 82.6 task/s, elapsed: 22s, ETA:    73s[>>>>>>                     ] 1789/7824, 82.6 task/s, elapsed: 22s, ETA:    73s[>>>>>>                     ] 1790/7824, 82.6 task/s, elapsed: 22s, ETA:    73s[>>>>>>                     ] 1791/7824, 82.6 task/s, elapsed: 22s, ETA:    73s[>>>>>>                     ] 1792/7824, 82.6 task/s, elapsed: 22s, ETA:    73s[>>>>>>                     ] 1793/7824, 82.6 task/s, elapsed: 22s, ETA:    73s[>>>>>>                     ] 1794/7824, 82.6 task/s, elapsed: 22s, ETA:    73s[>>>>>>                     ] 1795/7824, 82.6 task/s, elapsed: 22s, ETA:    73s[>>>>>>                     ] 1796/7824, 82.6 task/s, elapsed: 22s, ETA:    73s[>>>>>>                     ] 1797/7824, 82.6 task/s, elapsed: 22s, ETA:    73s[>>>>>>                     ] 1798/7824, 82.6 task/s, elapsed: 22s, ETA:    73s[>>>>>>                     ] 1799/7824, 82.6 task/s, elapsed: 22s, ETA:    73s[>>>>>>                     ] 1800/7824, 82.6 task/s, elapsed: 22s, ETA:    73s[>>>>>>                     ] 1801/7824, 82.6 task/s, elapsed: 22s, ETA:    73s[>>>>>>                     ] 1802/7824, 82.6 task/s, elapsed: 22s, ETA:    73s[>>>>>>                     ] 1803/7824, 82.6 task/s, elapsed: 22s, ETA:    73s[>>>>>>                     ] 1804/7824, 82.5 task/s, elapsed: 22s, ETA:    73s[>>>>>>                     ] 1805/7824, 82.5 task/s, elapsed: 22s, ETA:    73s[>>>>>>                     ] 1806/7824, 82.5 task/s, elapsed: 22s, ETA:    73s[>>>>>>                     ] 1807/7824, 82.5 task/s, elapsed: 22s, ETA:    73s[>>>>>>                     ] 1808/7824, 82.5 task/s, elapsed: 22s, ETA:    73s[>>>>>>                     ] 1809/7824, 82.5 task/s, elapsed: 22s, ETA:    73s[>>>>>>                     ] 1810/7824, 82.5 task/s, elapsed: 22s, ETA:    73s[>>>>>>                     ] 1811/7824, 82.5 task/s, elapsed: 22s, ETA:    73s[>>>>>>                     ] 1812/7824, 82.5 task/s, elapsed: 22s, ETA:    73s[>>>>>>                     ] 1813/7824, 82.5 task/s, elapsed: 22s, ETA:    73s[>>>>>>                     ] 1814/7824, 82.5 task/s, elapsed: 22s, ETA:    73s[>>>>>>                     ] 1815/7824, 82.5 task/s, elapsed: 22s, ETA:    73s[>>>>>>                     ] 1816/7824, 82.5 task/s, elapsed: 22s, ETA:    73s[>>>>>>                     ] 1817/7824, 82.5 task/s, elapsed: 22s, ETA:    73s[>>>>>>                     ] 1818/7824, 82.5 task/s, elapsed: 22s, ETA:    73s[>>>>>>                     ] 1819/7824, 82.5 task/s, elapsed: 22s, ETA:    73s[>>>>>>                     ] 1820/7824, 82.5 task/s, elapsed: 22s, ETA:    73s[>>>>>>                     ] 1821/7824, 82.5 task/s, elapsed: 22s, ETA:    73s[>>>>>>                     ] 1822/7824, 82.4 task/s, elapsed: 22s, ETA:    73s[>>>>>>                     ] 1823/7824, 82.4 task/s, elapsed: 22s, ETA:    73s[>>>>>>                     ] 1824/7824, 82.4 task/s, elapsed: 22s, ETA:    73s[>>>>>>                     ] 1825/7824, 82.4 task/s, elapsed: 22s, ETA:    73s[>>>>>>                     ] 1826/7824, 82.4 task/s, elapsed: 22s, ETA:    73s[>>>>>>                     ] 1827/7824, 82.4 task/s, elapsed: 22s, ETA:    73s[>>>>>>                     ] 1828/7824, 82.4 task/s, elapsed: 22s, ETA:    73s[>>>>>>                     ] 1829/7824, 82.4 task/s, elapsed: 22s, ETA:    73s[>>>>>>                     ] 1830/7824, 82.4 task/s, elapsed: 22s, ETA:    73s[>>>>>>                     ] 1831/7824, 82.4 task/s, elapsed: 22s, ETA:    73s[>>>>>>                     ] 1832/7824, 82.4 task/s, elapsed: 22s, ETA:    73s[>>>>>>                     ] 1833/7824, 82.4 task/s, elapsed: 22s, ETA:    73s[>>>>>>                     ] 1834/7824, 82.4 task/s, elapsed: 22s, ETA:    73s[>>>>>>                     ] 1835/7824, 82.4 task/s, elapsed: 22s, ETA:    73s[>>>>>>                     ] 1836/7824, 82.4 task/s, elapsed: 22s, ETA:    73s[>>>>>>                     ] 1837/7824, 82.4 task/s, elapsed: 22s, ETA:    73s[>>>>>>                     ] 1838/7824, 82.4 task/s, elapsed: 22s, ETA:    73s[>>>>>>                     ] 1839/7824, 82.3 task/s, elapsed: 22s, ETA:    73s[>>>>>>                     ] 1840/7824, 82.3 task/s, elapsed: 22s, ETA:    73s[>>>>>>                     ] 1841/7824, 82.3 task/s, elapsed: 22s, ETA:    73s[>>>>>>                     ] 1842/7824, 82.3 task/s, elapsed: 22s, ETA:    73s[>>>>>>                     ] 1843/7824, 82.3 task/s, elapsed: 22s, ETA:    73s[>>>>>>                     ] 1844/7824, 82.3 task/s, elapsed: 22s, ETA:    73s[>>>>>>                     ] 1845/7824, 82.3 task/s, elapsed: 22s, ETA:    73s[>>>>>>                     ] 1846/7824, 82.3 task/s, elapsed: 22s, ETA:    73s[>>>>>>                     ] 1847/7824, 82.3 task/s, elapsed: 22s, ETA:    73s[>>>>>>                     ] 1848/7824, 82.3 task/s, elapsed: 22s, ETA:    73s[>>>>>>                     ] 1849/7824, 82.3 task/s, elapsed: 22s, ETA:    73s[>>>>>>                     ] 1850/7824, 82.3 task/s, elapsed: 22s, ETA:    73s[>>>>>>                     ] 1851/7824, 82.3 task/s, elapsed: 22s, ETA:    73s[>>>>>>                     ] 1852/7824, 82.3 task/s, elapsed: 23s, ETA:    73s[>>>>>>                     ] 1853/7824, 82.3 task/s, elapsed: 23s, ETA:    73s[>>>>>>                     ] 1854/7824, 82.3 task/s, elapsed: 23s, ETA:    73s[>>>>>>                     ] 1855/7824, 82.3 task/s, elapsed: 23s, ETA:    73s[>>>>>>                     ] 1856/7824, 82.3 task/s, elapsed: 23s, ETA:    73s[>>>>>>                     ] 1857/7824, 82.2 task/s, elapsed: 23s, ETA:    73s[>>>>>>                     ] 1858/7824, 82.2 task/s, elapsed: 23s, ETA:    73s[>>>>>>                     ] 1859/7824, 82.2 task/s, elapsed: 23s, ETA:    73s[>>>>>>                     ] 1860/7824, 82.2 task/s, elapsed: 23s, ETA:    73s[>>>>>>                     ] 1861/7824, 82.2 task/s, elapsed: 23s, ETA:    73s[>>>>>>                     ] 1862/7824, 82.2 task/s, elapsed: 23s, ETA:    73s[>>>>>>                     ] 1863/7824, 82.2 task/s, elapsed: 23s, ETA:    73s[>>>>>>                     ] 1864/7824, 82.2 task/s, elapsed: 23s, ETA:    72s[>>>>>>                     ] 1865/7824, 82.2 task/s, elapsed: 23s, ETA:    72s[>>>>>>                     ] 1866/7824, 82.2 task/s, elapsed: 23s, ETA:    72s[>>>>>>                     ] 1867/7824, 82.2 task/s, elapsed: 23s, ETA:    72s[>>>>>>                     ] 1868/7824, 82.2 task/s, elapsed: 23s, ETA:    72s[>>>>>>                     ] 1869/7824, 82.2 task/s, elapsed: 23s, ETA:    72s[>>>>>>                     ] 1870/7824, 82.2 task/s, elapsed: 23s, ETA:    72s[>>>>>>                     ] 1871/7824, 82.2 task/s, elapsed: 23s, ETA:    72s[>>>>>>                     ] 1872/7824, 82.2 task/s, elapsed: 23s, ETA:    72s[>>>>>>                     ] 1873/7824, 82.2 task/s, elapsed: 23s, ETA:    72s[>>>>>>                     ] 1874/7824, 82.2 task/s, elapsed: 23s, ETA:    72s[>>>>>>                     ] 1875/7824, 82.2 task/s, elapsed: 23s, ETA:    72s[>>>>>>                     ] 1876/7824, 82.2 task/s, elapsed: 23s, ETA:    72s[>>>>>>                     ] 1877/7824, 82.1 task/s, elapsed: 23s, ETA:    72s[>>>>>>                     ] 1878/7824, 82.1 task/s, elapsed: 23s, ETA:    72s[>>>>>>                     ] 1879/7824, 82.1 task/s, elapsed: 23s, ETA:    72s[>>>>>>                     ] 1880/7824, 82.1 task/s, elapsed: 23s, ETA:    72s[>>>>>>                     ] 1881/7824, 82.1 task/s, elapsed: 23s, ETA:    72s[>>>>>>                     ] 1882/7824, 82.1 task/s, elapsed: 23s, ETA:    72s[>>>>>>                     ] 1883/7824, 82.1 task/s, elapsed: 23s, ETA:    72s[>>>>>>                     ] 1884/7824, 82.1 task/s, elapsed: 23s, ETA:    72s[>>>>>>                     ] 1885/7824, 82.1 task/s, elapsed: 23s, ETA:    72s[>>>>>>                     ] 1886/7824, 82.1 task/s, elapsed: 23s, ETA:    72s[>>>>>>                     ] 1887/7824, 82.1 task/s, elapsed: 23s, ETA:    72s[>>>>>>                     ] 1888/7824, 82.1 task/s, elapsed: 23s, ETA:    72s[>>>>>>                     ] 1889/7824, 82.1 task/s, elapsed: 23s, ETA:    72s[>>>>>>                     ] 1890/7824, 82.1 task/s, elapsed: 23s, ETA:    72s[>>>>>>                     ] 1891/7824, 82.1 task/s, elapsed: 23s, ETA:    72s[>>>>>>                     ] 1892/7824, 82.1 task/s, elapsed: 23s, ETA:    72s[>>>>>>                     ] 1893/7824, 82.1 task/s, elapsed: 23s, ETA:    72s[>>>>>>                     ] 1894/7824, 82.1 task/s, elapsed: 23s, ETA:    72s[>>>>>>                     ] 1895/7824, 82.1 task/s, elapsed: 23s, ETA:    72s[>>>>>>                     ] 1896/7824, 82.0 task/s, elapsed: 23s, ETA:    72s[>>>>>>                     ] 1897/7824, 82.0 task/s, elapsed: 23s, ETA:    72s[>>>>>>                     ] 1898/7824, 82.0 task/s, elapsed: 23s, ETA:    72s[>>>>>>                     ] 1899/7824, 82.0 task/s, elapsed: 23s, ETA:    72s[>>>>>>                     ] 1900/7824, 82.0 task/s, elapsed: 23s, ETA:    72s[>>>>>>                     ] 1901/7824, 82.0 task/s, elapsed: 23s, ETA:    72s[>>>>>>                     ] 1902/7824, 82.0 task/s, elapsed: 23s, ETA:    72s[>>>>>>                     ] 1903/7824, 82.0 task/s, elapsed: 23s, ETA:    72s[>>>>>>                     ] 1904/7824, 82.0 task/s, elapsed: 23s, ETA:    72s[>>>>>>                     ] 1905/7824, 82.0 task/s, elapsed: 23s, ETA:    72s[>>>>>>                     ] 1906/7824, 82.0 task/s, elapsed: 23s, ETA:    72s[>>>>>>                     ] 1907/7824, 82.0 task/s, elapsed: 23s, ETA:    72s[>>>>>>                     ] 1908/7824, 82.0 task/s, elapsed: 23s, ETA:    72s[>>>>>>                     ] 1909/7824, 82.0 task/s, elapsed: 23s, ETA:    72s[>>>>>>                     ] 1910/7824, 82.0 task/s, elapsed: 23s, ETA:    72s[>>>>>>                     ] 1911/7824, 82.0 task/s, elapsed: 23s, ETA:    72s[>>>>>>                     ] 1912/7824, 82.0 task/s, elapsed: 23s, ETA:    72s[>>>>>>                     ] 1913/7824, 82.0 task/s, elapsed: 23s, ETA:    72s[>>>>>>                     ] 1914/7824, 81.9 task/s, elapsed: 23s, ETA:    72s[>>>>>>                     ] 1915/7824, 81.9 task/s, elapsed: 23s, ETA:    72s[>>>>>>                     ] 1916/7824, 81.9 task/s, elapsed: 23s, ETA:    72s[>>>>>>                     ] 1917/7824, 81.9 task/s, elapsed: 23s, ETA:    72s[>>>>>>                     ] 1918/7824, 81.9 task/s, elapsed: 23s, ETA:    72s[>>>>>>                     ] 1919/7824, 81.9 task/s, elapsed: 23s, ETA:    72s[>>>>>>                     ] 1920/7824, 81.9 task/s, elapsed: 23s, ETA:    72s[>>>>>>                     ] 1921/7824, 81.9 task/s, elapsed: 23s, ETA:    72s[>>>>>>                     ] 1922/7824, 81.9 task/s, elapsed: 23s, ETA:    72s[>>>>>>                     ] 1923/7824, 81.9 task/s, elapsed: 23s, ETA:    72s[>>>>>>                     ] 1924/7824, 81.9 task/s, elapsed: 23s, ETA:    72s[>>>>>>                     ] 1925/7824, 81.9 task/s, elapsed: 24s, ETA:    72s[>>>>>>                     ] 1926/7824, 81.9 task/s, elapsed: 24s, ETA:    72s[>>>>>>                     ] 1927/7824, 81.9 task/s, elapsed: 24s, ETA:    72s[>>>>>>                     ] 1928/7824, 81.9 task/s, elapsed: 24s, ETA:    72s[>>>>>>                     ] 1929/7824, 81.9 task/s, elapsed: 24s, ETA:    72s[>>>>>>                     ] 1930/7824, 81.9 task/s, elapsed: 24s, ETA:    72s[>>>>>>                     ] 1931/7824, 81.9 task/s, elapsed: 24s, ETA:    72s[>>>>>>                     ] 1932/7824, 81.9 task/s, elapsed: 24s, ETA:    72s[>>>>>>                     ] 1933/7824, 81.9 task/s, elapsed: 24s, ETA:    72s[>>>>>>                     ] 1934/7824, 81.8 task/s, elapsed: 24s, ETA:    72s[>>>>>>                     ] 1935/7824, 81.8 task/s, elapsed: 24s, ETA:    72s[>>>>>>                     ] 1936/7824, 81.8 task/s, elapsed: 24s, ETA:    72s[>>>>>>                     ] 1937/7824, 81.8 task/s, elapsed: 24s, ETA:    72s[>>>>>>                     ] 1938/7824, 81.8 task/s, elapsed: 24s, ETA:    72s[>>>>>>                     ] 1939/7824, 81.8 task/s, elapsed: 24s, ETA:    72s[>>>>>>                     ] 1940/7824, 81.8 task/s, elapsed: 24s, ETA:    72s[>>>>>>                     ] 1941/7824, 81.8 task/s, elapsed: 24s, ETA:    72s[>>>>>>                     ] 1942/7824, 81.8 task/s, elapsed: 24s, ETA:    72s[>>>>>>                     ] 1943/7824, 81.8 task/s, elapsed: 24s, ETA:    72s[>>>>>>                     ] 1944/7824, 81.8 task/s, elapsed: 24s, ETA:    72s[>>>>>>                     ] 1945/7824, 81.8 task/s, elapsed: 24s, ETA:    72s[>>>>>>                     ] 1946/7824, 81.8 task/s, elapsed: 24s, ETA:    72s[>>>>>>                     ] 1947/7824, 81.8 task/s, elapsed: 24s, ETA:    72s[>>>>>>                     ] 1948/7824, 81.8 task/s, elapsed: 24s, ETA:    72s[>>>>>>                     ] 1949/7824, 81.8 task/s, elapsed: 24s, ETA:    72s[>>>>>>                     ] 1950/7824, 81.8 task/s, elapsed: 24s, ETA:    72s[>>>>>>                     ] 1951/7824, 81.8 task/s, elapsed: 24s, ETA:    72s[>>>>>>                     ] 1952/7824, 81.8 task/s, elapsed: 24s, ETA:    72s[>>>>>>                     ] 1953/7824, 81.7 task/s, elapsed: 24s, ETA:    72s[>>>>>>                     ] 1954/7824, 81.7 task/s, elapsed: 24s, ETA:    72s[>>>>>>                     ] 1955/7824, 81.7 task/s, elapsed: 24s, ETA:    72s[>>>>>>                     ] 1956/7824, 81.7 task/s, elapsed: 24s, ETA:    72s[>>>>>>                     ] 1957/7824, 81.7 task/s, elapsed: 24s, ETA:    72s[>>>>>>                     ] 1958/7824, 81.7 task/s, elapsed: 24s, ETA:    72s[>>>>>>                     ] 1959/7824, 81.7 task/s, elapsed: 24s, ETA:    72s[>>>>>>                     ] 1960/7824, 81.7 task/s, elapsed: 24s, ETA:    72s[>>>>>>                     ] 1961/7824, 81.7 task/s, elapsed: 24s, ETA:    72s[>>>>>>                     ] 1962/7824, 81.7 task/s, elapsed: 24s, ETA:    72s[>>>>>>                     ] 1963/7824, 81.7 task/s, elapsed: 24s, ETA:    72s[>>>>>>                     ] 1964/7824, 81.7 task/s, elapsed: 24s, ETA:    72s[>>>>>>                     ] 1965/7824, 81.7 task/s, elapsed: 24s, ETA:    72s[>>>>>>                     ] 1966/7824, 81.7 task/s, elapsed: 24s, ETA:    72s[>>>>>>                     ] 1967/7824, 81.7 task/s, elapsed: 24s, ETA:    72s[>>>>>>                     ] 1968/7824, 81.7 task/s, elapsed: 24s, ETA:    72s[>>>>>>                     ] 1969/7824, 81.7 task/s, elapsed: 24s, ETA:    72s[>>>>>>                     ] 1970/7824, 81.7 task/s, elapsed: 24s, ETA:    72s[>>>>>>                     ] 1971/7824, 81.7 task/s, elapsed: 24s, ETA:    72s[>>>>>>                     ] 1972/7824, 81.7 task/s, elapsed: 24s, ETA:    72s[>>>>>>                     ] 1973/7824, 81.6 task/s, elapsed: 24s, ETA:    72s[>>>>>>                     ] 1974/7824, 81.6 task/s, elapsed: 24s, ETA:    72s[>>>>>>                     ] 1975/7824, 81.6 task/s, elapsed: 24s, ETA:    72s[>>>>>>                     ] 1976/7824, 81.6 task/s, elapsed: 24s, ETA:    72s[>>>>>>                     ] 1977/7824, 81.6 task/s, elapsed: 24s, ETA:    72s[>>>>>>                     ] 1978/7824, 81.6 task/s, elapsed: 24s, ETA:    72s[>>>>>>                     ] 1979/7824, 81.6 task/s, elapsed: 24s, ETA:    72s[>>>>>>                     ] 1980/7824, 81.6 task/s, elapsed: 24s, ETA:    72s[>>>>>>                     ] 1981/7824, 81.6 task/s, elapsed: 24s, ETA:    72s[>>>>>>                     ] 1982/7824, 81.6 task/s, elapsed: 24s, ETA:    72s[>>>>>>                     ] 1983/7824, 81.6 task/s, elapsed: 24s, ETA:    72s[>>>>>>                     ] 1984/7824, 81.6 task/s, elapsed: 24s, ETA:    72s[>>>>>>                     ] 1985/7824, 81.6 task/s, elapsed: 24s, ETA:    72s[>>>>>>                     ] 1986/7824, 81.6 task/s, elapsed: 24s, ETA:    72s[>>>>>>                     ] 1987/7824, 81.6 task/s, elapsed: 24s, ETA:    72s[>>>>>>                     ] 1988/7824, 81.6 task/s, elapsed: 24s, ETA:    72s[>>>>>>                     ] 1989/7824, 81.5 task/s, elapsed: 24s, ETA:    72s[>>>>>>                     ] 1990/7824, 81.5 task/s, elapsed: 24s, ETA:    72s[>>>>>>                     ] 1991/7824, 81.5 task/s, elapsed: 24s, ETA:    72s[>>>>>>                     ] 1992/7824, 81.5 task/s, elapsed: 24s, ETA:    72s[>>>>>>                     ] 1993/7824, 81.5 task/s, elapsed: 24s, ETA:    72s[>>>>>>                     ] 1994/7824, 81.5 task/s, elapsed: 24s, ETA:    72s[>>>>>>                     ] 1995/7824, 81.5 task/s, elapsed: 24s, ETA:    72s[>>>>>>                     ] 1996/7824, 81.5 task/s, elapsed: 24s, ETA:    71s[>>>>>>                     ] 1997/7824, 81.5 task/s, elapsed: 24s, ETA:    71s[>>>>>>                     ] 1998/7824, 81.5 task/s, elapsed: 25s, ETA:    71s[>>>>>>                     ] 1999/7824, 81.5 task/s, elapsed: 25s, ETA:    71s[>>>>>>                     ] 2000/7824, 81.5 task/s, elapsed: 25s, ETA:    71s[>>>>>>                     ] 2001/7824, 81.5 task/s, elapsed: 25s, ETA:    71s[>>>>>>                     ] 2002/7824, 81.5 task/s, elapsed: 25s, ETA:    71s[>>>>>>                     ] 2003/7824, 81.5 task/s, elapsed: 25s, ETA:    71s[>>>>>>                     ] 2004/7824, 81.5 task/s, elapsed: 25s, ETA:    71s[>>>>>>                     ] 2005/7824, 81.5 task/s, elapsed: 25s, ETA:    71s[>>>>>>                     ] 2006/7824, 81.5 task/s, elapsed: 25s, ETA:    71s[>>>>>>                     ] 2007/7824, 81.5 task/s, elapsed: 25s, ETA:    71s[>>>>>>                     ] 2008/7824, 81.5 task/s, elapsed: 25s, ETA:    71s[>>>>>>                     ] 2009/7824, 81.5 task/s, elapsed: 25s, ETA:    71s[>>>>>>                     ] 2010/7824, 81.5 task/s, elapsed: 25s, ETA:    71s[>>>>>>                     ] 2011/7824, 81.4 task/s, elapsed: 25s, ETA:    71s[>>>>>>                     ] 2012/7824, 81.4 task/s, elapsed: 25s, ETA:    71s[>>>>>>                     ] 2013/7824, 81.4 task/s, elapsed: 25s, ETA:    71s[>>>>>>                     ] 2014/7824, 81.4 task/s, elapsed: 25s, ETA:    71s[>>>>>>                     ] 2015/7824, 81.4 task/s, elapsed: 25s, ETA:    71s[>>>>>>                     ] 2016/7824, 81.4 task/s, elapsed: 25s, ETA:    71s[>>>>>>                     ] 2017/7824, 81.4 task/s, elapsed: 25s, ETA:    71s[>>>>>>                     ] 2018/7824, 81.4 task/s, elapsed: 25s, ETA:    71s[>>>>>>                     ] 2019/7824, 81.4 task/s, elapsed: 25s, ETA:    71s[>>>>>>                     ] 2020/7824, 81.4 task/s, elapsed: 25s, ETA:    71s[>>>>>>                     ] 2021/7824, 81.4 task/s, elapsed: 25s, ETA:    71s[>>>>>>                     ] 2022/7824, 81.4 task/s, elapsed: 25s, ETA:    71s[>>>>>>                     ] 2023/7824, 81.4 task/s, elapsed: 25s, ETA:    71s[>>>>>>                     ] 2024/7824, 81.4 task/s, elapsed: 25s, ETA:    71s[>>>>>>                     ] 2025/7824, 81.4 task/s, elapsed: 25s, ETA:    71s[>>>>>>                     ] 2026/7824, 81.4 task/s, elapsed: 25s, ETA:    71s[>>>>>>                     ] 2027/7824, 81.4 task/s, elapsed: 25s, ETA:    71s[>>>>>>                     ] 2028/7824, 81.4 task/s, elapsed: 25s, ETA:    71s[>>>>>>>                    ] 2029/7824, 81.4 task/s, elapsed: 25s, ETA:    71s[>>>>>>>                    ] 2030/7824, 81.4 task/s, elapsed: 25s, ETA:    71s[>>>>>>>                    ] 2031/7824, 81.4 task/s, elapsed: 25s, ETA:    71s[>>>>>>>                    ] 2032/7824, 81.4 task/s, elapsed: 25s, ETA:    71s[>>>>>>>                    ] 2033/7824, 81.4 task/s, elapsed: 25s, ETA:    71s[>>>>>>>                    ] 2034/7824, 81.3 task/s, elapsed: 25s, ETA:    71s[>>>>>>>                    ] 2035/7824, 81.3 task/s, elapsed: 25s, ETA:    71s[>>>>>>>                    ] 2036/7824, 81.3 task/s, elapsed: 25s, ETA:    71s[>>>>>>>                    ] 2037/7824, 81.3 task/s, elapsed: 25s, ETA:    71s[>>>>>>>                    ] 2038/7824, 81.3 task/s, elapsed: 25s, ETA:    71s[>>>>>>>                    ] 2039/7824, 81.3 task/s, elapsed: 25s, ETA:    71s[>>>>>>>                    ] 2040/7824, 81.3 task/s, elapsed: 25s, ETA:    71s[>>>>>>>                    ] 2041/7824, 81.3 task/s, elapsed: 25s, ETA:    71s[>>>>>>>                    ] 2042/7824, 81.3 task/s, elapsed: 25s, ETA:    71s[>>>>>>>                    ] 2043/7824, 81.3 task/s, elapsed: 25s, ETA:    71s[>>>>>>>                    ] 2044/7824, 81.3 task/s, elapsed: 25s, ETA:    71s[>>>>>>>                    ] 2045/7824, 81.3 task/s, elapsed: 25s, ETA:    71s[>>>>>>>                    ] 2046/7824, 81.3 task/s, elapsed: 25s, ETA:    71s[>>>>>>>                    ] 2047/7824, 81.3 task/s, elapsed: 25s, ETA:    71s[>>>>>>>                    ] 2048/7824, 81.3 task/s, elapsed: 25s, ETA:    71s[>>>>>>>                    ] 2049/7824, 81.3 task/s, elapsed: 25s, ETA:    71s[>>>>>>>                    ] 2050/7824, 81.3 task/s, elapsed: 25s, ETA:    71s[>>>>>>>                    ] 2051/7824, 81.3 task/s, elapsed: 25s, ETA:    71s[>>>>>>>                    ] 2052/7824, 81.3 task/s, elapsed: 25s, ETA:    71s[>>>>>>>                    ] 2053/7824, 81.3 task/s, elapsed: 25s, ETA:    71s[>>>>>>>                    ] 2054/7824, 81.3 task/s, elapsed: 25s, ETA:    71s[>>>>>>>                    ] 2055/7824, 81.2 task/s, elapsed: 25s, ETA:    71s[>>>>>>>                    ] 2056/7824, 81.2 task/s, elapsed: 25s, ETA:    71s[>>>>>>>                    ] 2057/7824, 81.2 task/s, elapsed: 25s, ETA:    71s[>>>>>>>                    ] 2058/7824, 81.2 task/s, elapsed: 25s, ETA:    71s[>>>>>>>                    ] 2059/7824, 81.2 task/s, elapsed: 25s, ETA:    71s[>>>>>>>                    ] 2060/7824, 81.2 task/s, elapsed: 25s, ETA:    71s[>>>>>>>                    ] 2061/7824, 81.2 task/s, elapsed: 25s, ETA:    71s[>>>>>>>                    ] 2062/7824, 81.2 task/s, elapsed: 25s, ETA:    71s[>>>>>>>                    ] 2063/7824, 81.2 task/s, elapsed: 25s, ETA:    71s[>>>>>>>                    ] 2064/7824, 81.2 task/s, elapsed: 25s, ETA:    71s[>>>>>>>                    ] 2065/7824, 81.2 task/s, elapsed: 25s, ETA:    71s[>>>>>>>                    ] 2066/7824, 81.2 task/s, elapsed: 25s, ETA:    71s[>>>>>>>                    ] 2067/7824, 81.2 task/s, elapsed: 25s, ETA:    71s[>>>>>>>                    ] 2068/7824, 81.2 task/s, elapsed: 25s, ETA:    71s[>>>>>>>                    ] 2069/7824, 81.2 task/s, elapsed: 25s, ETA:    71s[>>>>>>>                    ] 2070/7824, 81.2 task/s, elapsed: 25s, ETA:    71s[>>>>>>>                    ] 2071/7824, 81.2 task/s, elapsed: 26s, ETA:    71s[>>>>>>>                    ] 2072/7824, 81.2 task/s, elapsed: 26s, ETA:    71s[>>>>>>>                    ] 2073/7824, 81.2 task/s, elapsed: 26s, ETA:    71s[>>>>>>>                    ] 2074/7824, 81.2 task/s, elapsed: 26s, ETA:    71s[>>>>>>>                    ] 2075/7824, 81.2 task/s, elapsed: 26s, ETA:    71s[>>>>>>>                    ] 2076/7824, 81.2 task/s, elapsed: 26s, ETA:    71s[>>>>>>>                    ] 2077/7824, 81.1 task/s, elapsed: 26s, ETA:    71s[>>>>>>>                    ] 2078/7824, 81.1 task/s, elapsed: 26s, ETA:    71s[>>>>>>>                    ] 2079/7824, 81.1 task/s, elapsed: 26s, ETA:    71s[>>>>>>>                    ] 2080/7824, 81.1 task/s, elapsed: 26s, ETA:    71s[>>>>>>>                    ] 2081/7824, 81.1 task/s, elapsed: 26s, ETA:    71s[>>>>>>>                    ] 2082/7824, 81.1 task/s, elapsed: 26s, ETA:    71s[>>>>>>>                    ] 2083/7824, 81.1 task/s, elapsed: 26s, ETA:    71s[>>>>>>>                    ] 2084/7824, 81.1 task/s, elapsed: 26s, ETA:    71s[>>>>>>>                    ] 2085/7824, 81.1 task/s, elapsed: 26s, ETA:    71s[>>>>>>>                    ] 2086/7824, 81.1 task/s, elapsed: 26s, ETA:    71s[>>>>>>>                    ] 2087/7824, 81.1 task/s, elapsed: 26s, ETA:    71s[>>>>>>>                    ] 2088/7824, 81.1 task/s, elapsed: 26s, ETA:    71s[>>>>>>>                    ] 2089/7824, 81.1 task/s, elapsed: 26s, ETA:    71s[>>>>>>>                    ] 2090/7824, 81.1 task/s, elapsed: 26s, ETA:    71s[>>>>>>>                    ] 2091/7824, 81.1 task/s, elapsed: 26s, ETA:    71s[>>>>>>>                    ] 2092/7824, 81.1 task/s, elapsed: 26s, ETA:    71s[>>>>>>>                    ] 2093/7824, 81.1 task/s, elapsed: 26s, ETA:    71s[>>>>>>>                    ] 2094/7824, 81.1 task/s, elapsed: 26s, ETA:    71s[>>>>>>>                    ] 2095/7824, 81.1 task/s, elapsed: 26s, ETA:    71s[>>>>>>>                    ] 2096/7824, 81.1 task/s, elapsed: 26s, ETA:    71s[>>>>>>>                    ] 2097/7824, 81.1 task/s, elapsed: 26s, ETA:    71s[>>>>>>>                    ] 2098/7824, 81.1 task/s, elapsed: 26s, ETA:    71s[>>>>>>>                    ] 2099/7824, 81.1 task/s, elapsed: 26s, ETA:    71s[>>>>>>>                    ] 2100/7824, 81.1 task/s, elapsed: 26s, ETA:    71s[>>>>>>>                    ] 2101/7824, 81.1 task/s, elapsed: 26s, ETA:    71s[>>>>>>>                    ] 2102/7824, 81.1 task/s, elapsed: 26s, ETA:    71s[>>>>>>>                    ] 2103/7824, 81.1 task/s, elapsed: 26s, ETA:    71s[>>>>>>>                    ] 2104/7824, 81.0 task/s, elapsed: 26s, ETA:    71s[>>>>>>>                    ] 2105/7824, 81.0 task/s, elapsed: 26s, ETA:    71s[>>>>>>>                    ] 2106/7824, 81.0 task/s, elapsed: 26s, ETA:    71s[>>>>>>>                    ] 2107/7824, 81.0 task/s, elapsed: 26s, ETA:    71s[>>>>>>>                    ] 2108/7824, 81.0 task/s, elapsed: 26s, ETA:    71s[>>>>>>>                    ] 2109/7824, 81.0 task/s, elapsed: 26s, ETA:    71s[>>>>>>>                    ] 2110/7824, 81.0 task/s, elapsed: 26s, ETA:    71s[>>>>>>>                    ] 2111/7824, 81.0 task/s, elapsed: 26s, ETA:    71s[>>>>>>>                    ] 2112/7824, 81.0 task/s, elapsed: 26s, ETA:    71s[>>>>>>>                    ] 2113/7824, 81.0 task/s, elapsed: 26s, ETA:    71s[>>>>>>>                    ] 2114/7824, 81.0 task/s, elapsed: 26s, ETA:    70s[>>>>>>>                    ] 2115/7824, 81.0 task/s, elapsed: 26s, ETA:    70s[>>>>>>>                    ] 2116/7824, 81.0 task/s, elapsed: 26s, ETA:    70s[>>>>>>>                    ] 2117/7824, 81.0 task/s, elapsed: 26s, ETA:    70s[>>>>>>>                    ] 2118/7824, 81.0 task/s, elapsed: 26s, ETA:    70s[>>>>>>>                    ] 2119/7824, 81.0 task/s, elapsed: 26s, ETA:    70s[>>>>>>>                    ] 2120/7824, 81.0 task/s, elapsed: 26s, ETA:    70s[>>>>>>>                    ] 2121/7824, 81.0 task/s, elapsed: 26s, ETA:    70s[>>>>>>>                    ] 2122/7824, 81.0 task/s, elapsed: 26s, ETA:    70s[>>>>>>>                    ] 2123/7824, 81.0 task/s, elapsed: 26s, ETA:    70s[>>>>>>>                    ] 2124/7824, 81.0 task/s, elapsed: 26s, ETA:    70s[>>>>>>>                    ] 2125/7824, 81.0 task/s, elapsed: 26s, ETA:    70s[>>>>>>>                    ] 2126/7824, 80.9 task/s, elapsed: 26s, ETA:    70s[>>>>>>>                    ] 2127/7824, 80.9 task/s, elapsed: 26s, ETA:    70s[>>>>>>>                    ] 2128/7824, 80.9 task/s, elapsed: 26s, ETA:    70s[>>>>>>>                    ] 2129/7824, 80.9 task/s, elapsed: 26s, ETA:    70s[>>>>>>>                    ] 2130/7824, 80.9 task/s, elapsed: 26s, ETA:    70s[>>>>>>>                    ] 2131/7824, 80.9 task/s, elapsed: 26s, ETA:    70s[>>>>>>>                    ] 2132/7824, 80.9 task/s, elapsed: 26s, ETA:    70s[>>>>>>>                    ] 2133/7824, 80.9 task/s, elapsed: 26s, ETA:    70s[>>>>>>>                    ] 2134/7824, 80.9 task/s, elapsed: 26s, ETA:    70s[>>>>>>>                    ] 2135/7824, 80.9 task/s, elapsed: 26s, ETA:    70s[>>>>>>>                    ] 2136/7824, 80.9 task/s, elapsed: 26s, ETA:    70s[>>>>>>>                    ] 2137/7824, 80.9 task/s, elapsed: 26s, ETA:    70s[>>>>>>>                    ] 2138/7824, 80.9 task/s, elapsed: 26s, ETA:    70s[>>>>>>>                    ] 2139/7824, 80.9 task/s, elapsed: 26s, ETA:    70s[>>>>>>>                    ] 2140/7824, 80.9 task/s, elapsed: 26s, ETA:    70s[>>>>>>>                    ] 2141/7824, 80.9 task/s, elapsed: 26s, ETA:    70s[>>>>>>>                    ] 2142/7824, 80.9 task/s, elapsed: 26s, ETA:    70s[>>>>>>>                    ] 2143/7824, 80.9 task/s, elapsed: 26s, ETA:    70s[>>>>>>>                    ] 2144/7824, 80.9 task/s, elapsed: 27s, ETA:    70s[>>>>>>>                    ] 2145/7824, 80.9 task/s, elapsed: 27s, ETA:    70s[>>>>>>>                    ] 2146/7824, 80.9 task/s, elapsed: 27s, ETA:    70s[>>>>>>>                    ] 2147/7824, 80.9 task/s, elapsed: 27s, ETA:    70s[>>>>>>>                    ] 2148/7824, 80.9 task/s, elapsed: 27s, ETA:    70s[>>>>>>>                    ] 2149/7824, 80.9 task/s, elapsed: 27s, ETA:    70s[>>>>>>>                    ] 2150/7824, 80.9 task/s, elapsed: 27s, ETA:    70s[>>>>>>>                    ] 2151/7824, 80.9 task/s, elapsed: 27s, ETA:    70s[>>>>>>>                    ] 2152/7824, 80.8 task/s, elapsed: 27s, ETA:    70s[>>>>>>>                    ] 2153/7824, 80.8 task/s, elapsed: 27s, ETA:    70s[>>>>>>>                    ] 2154/7824, 80.8 task/s, elapsed: 27s, ETA:    70s[>>>>>>>                    ] 2155/7824, 80.9 task/s, elapsed: 27s, ETA:    70s[>>>>>>>                    ] 2156/7824, 80.9 task/s, elapsed: 27s, ETA:    70s[>>>>>>>                    ] 2157/7824, 80.9 task/s, elapsed: 27s, ETA:    70s[>>>>>>>                    ] 2158/7824, 80.9 task/s, elapsed: 27s, ETA:    70s[>>>>>>>                    ] 2159/7824, 80.9 task/s, elapsed: 27s, ETA:    70s[>>>>>>>                    ] 2160/7824, 80.9 task/s, elapsed: 27s, ETA:    70s[>>>>>>>                    ] 2161/7824, 80.9 task/s, elapsed: 27s, ETA:    70s[>>>>>>>                    ] 2162/7824, 80.9 task/s, elapsed: 27s, ETA:    70s[>>>>>>>                    ] 2163/7824, 80.9 task/s, elapsed: 27s, ETA:    70s[>>>>>>>                    ] 2164/7824, 80.9 task/s, elapsed: 27s, ETA:    70s[>>>>>>>                    ] 2165/7824, 81.0 task/s, elapsed: 27s, ETA:    70s[>>>>>>>                    ] 2166/7824, 81.0 task/s, elapsed: 27s, ETA:    70s[>>>>>>>                    ] 2167/7824, 81.0 task/s, elapsed: 27s, ETA:    70s[>>>>>>>                    ] 2168/7824, 81.0 task/s, elapsed: 27s, ETA:    70s[>>>>>>>                    ] 2169/7824, 81.0 task/s, elapsed: 27s, ETA:    70s[>>>>>>>                    ] 2170/7824, 81.0 task/s, elapsed: 27s, ETA:    70s[>>>>>>>                    ] 2171/7824, 81.0 task/s, elapsed: 27s, ETA:    70s[>>>>>>>                    ] 2172/7824, 81.0 task/s, elapsed: 27s, ETA:    70s[>>>>>>>                    ] 2173/7824, 81.0 task/s, elapsed: 27s, ETA:    70s[>>>>>>>                    ] 2174/7824, 81.0 task/s, elapsed: 27s, ETA:    70s[>>>>>>>                    ] 2175/7824, 81.0 task/s, elapsed: 27s, ETA:    70s[>>>>>>>                    ] 2176/7824, 81.0 task/s, elapsed: 27s, ETA:    70s[>>>>>>>                    ] 2177/7824, 81.1 task/s, elapsed: 27s, ETA:    70s[>>>>>>>                    ] 2178/7824, 81.1 task/s, elapsed: 27s, ETA:    70s[>>>>>>>                    ] 2179/7824, 81.1 task/s, elapsed: 27s, ETA:    70s[>>>>>>>                    ] 2180/7824, 81.1 task/s, elapsed: 27s, ETA:    70s[>>>>>>>                    ] 2181/7824, 81.1 task/s, elapsed: 27s, ETA:    70s[>>>>>>>                    ] 2182/7824, 81.1 task/s, elapsed: 27s, ETA:    70s[>>>>>>>                    ] 2183/7824, 81.1 task/s, elapsed: 27s, ETA:    70s[>>>>>>>                    ] 2184/7824, 81.1 task/s, elapsed: 27s, ETA:    70s[>>>>>>>                    ] 2185/7824, 81.1 task/s, elapsed: 27s, ETA:    70s[>>>>>>>                    ] 2186/7824, 81.1 task/s, elapsed: 27s, ETA:    70s[>>>>>>>                    ] 2187/7824, 81.1 task/s, elapsed: 27s, ETA:    69s[>>>>>>>                    ] 2188/7824, 81.1 task/s, elapsed: 27s, ETA:    69s[>>>>>>>                    ] 2189/7824, 81.1 task/s, elapsed: 27s, ETA:    69s[>>>>>>>                    ] 2190/7824, 81.2 task/s, elapsed: 27s, ETA:    69s[>>>>>>>                    ] 2191/7824, 81.2 task/s, elapsed: 27s, ETA:    69s[>>>>>>>                    ] 2192/7824, 81.2 task/s, elapsed: 27s, ETA:    69s[>>>>>>>                    ] 2193/7824, 81.2 task/s, elapsed: 27s, ETA:    69s[>>>>>>>                    ] 2194/7824, 81.2 task/s, elapsed: 27s, ETA:    69s[>>>>>>>                    ] 2195/7824, 81.2 task/s, elapsed: 27s, ETA:    69s[>>>>>>>                    ] 2196/7824, 81.2 task/s, elapsed: 27s, ETA:    69s[>>>>>>>                    ] 2197/7824, 81.2 task/s, elapsed: 27s, ETA:    69s[>>>>>>>                    ] 2198/7824, 81.2 task/s, elapsed: 27s, ETA:    69s[>>>>>>>                    ] 2199/7824, 81.2 task/s, elapsed: 27s, ETA:    69s[>>>>>>>                    ] 2200/7824, 81.3 task/s, elapsed: 27s, ETA:    69s[>>>>>>>                    ] 2201/7824, 81.3 task/s, elapsed: 27s, ETA:    69s[>>>>>>>                    ] 2202/7824, 81.3 task/s, elapsed: 27s, ETA:    69s[>>>>>>>                    ] 2203/7824, 81.3 task/s, elapsed: 27s, ETA:    69s[>>>>>>>                    ] 2204/7824, 81.3 task/s, elapsed: 27s, ETA:    69s[>>>>>>>                    ] 2205/7824, 81.3 task/s, elapsed: 27s, ETA:    69s[>>>>>>>                    ] 2206/7824, 81.3 task/s, elapsed: 27s, ETA:    69s[>>>>>>>                    ] 2207/7824, 81.3 task/s, elapsed: 27s, ETA:    69s[>>>>>>>                    ] 2208/7824, 81.3 task/s, elapsed: 27s, ETA:    69s[>>>>>>>                    ] 2209/7824, 81.3 task/s, elapsed: 27s, ETA:    69s[>>>>>>>                    ] 2210/7824, 81.3 task/s, elapsed: 27s, ETA:    69s[>>>>>>>                    ] 2211/7824, 81.3 task/s, elapsed: 27s, ETA:    69s[>>>>>>>                    ] 2212/7824, 81.3 task/s, elapsed: 27s, ETA:    69s[>>>>>>>                    ] 2213/7824, 81.3 task/s, elapsed: 27s, ETA:    69s[>>>>>>>                    ] 2214/7824, 81.3 task/s, elapsed: 27s, ETA:    69s[>>>>>>>                    ] 2215/7824, 81.3 task/s, elapsed: 27s, ETA:    69s[>>>>>>>                    ] 2216/7824, 81.3 task/s, elapsed: 27s, ETA:    69s[>>>>>>>                    ] 2217/7824, 81.3 task/s, elapsed: 27s, ETA:    69s[>>>>>>>                    ] 2218/7824, 81.4 task/s, elapsed: 27s, ETA:    69s[>>>>>>>                    ] 2219/7824, 81.4 task/s, elapsed: 27s, ETA:    69s[>>>>>>>                    ] 2220/7824, 81.4 task/s, elapsed: 27s, ETA:    69s[>>>>>>>                    ] 2221/7824, 81.4 task/s, elapsed: 27s, ETA:    69s[>>>>>>>                    ] 2222/7824, 81.4 task/s, elapsed: 27s, ETA:    69s[>>>>>>>                    ] 2223/7824, 81.4 task/s, elapsed: 27s, ETA:    69s[>>>>>>>                    ] 2224/7824, 81.4 task/s, elapsed: 27s, ETA:    69s[>>>>>>>                    ] 2225/7824, 81.4 task/s, elapsed: 27s, ETA:    69s[>>>>>>>                    ] 2226/7824, 81.4 task/s, elapsed: 27s, ETA:    69s[>>>>>>>                    ] 2227/7824, 81.4 task/s, elapsed: 27s, ETA:    69s[>>>>>>>                    ] 2228/7824, 81.4 task/s, elapsed: 27s, ETA:    69s[>>>>>>>                    ] 2229/7824, 81.5 task/s, elapsed: 27s, ETA:    69s[>>>>>>>                    ] 2230/7824, 81.5 task/s, elapsed: 27s, ETA:    69s[>>>>>>>                    ] 2231/7824, 81.5 task/s, elapsed: 27s, ETA:    69s[>>>>>>>                    ] 2232/7824, 81.5 task/s, elapsed: 27s, ETA:    69s[>>>>>>>                    ] 2233/7824, 81.5 task/s, elapsed: 27s, ETA:    69s[>>>>>>>                    ] 2234/7824, 81.5 task/s, elapsed: 27s, ETA:    69s[>>>>>>>                    ] 2235/7824, 81.5 task/s, elapsed: 27s, ETA:    69s[>>>>>>>                    ] 2236/7824, 81.5 task/s, elapsed: 27s, ETA:    69s[>>>>>>>                    ] 2237/7824, 81.5 task/s, elapsed: 27s, ETA:    69s[>>>>>>>                    ] 2238/7824, 81.5 task/s, elapsed: 27s, ETA:    69s[>>>>>>>                    ] 2239/7824, 81.6 task/s, elapsed: 27s, ETA:    68s[>>>>>>>                    ] 2240/7824, 81.6 task/s, elapsed: 27s, ETA:    68s[>>>>>>>                    ] 2241/7824, 81.6 task/s, elapsed: 27s, ETA:    68s[>>>>>>>                    ] 2242/7824, 81.6 task/s, elapsed: 27s, ETA:    68s[>>>>>>>                    ] 2243/7824, 81.6 task/s, elapsed: 27s, ETA:    68s[>>>>>>>                    ] 2244/7824, 81.6 task/s, elapsed: 28s, ETA:    68s[>>>>>>>                    ] 2245/7824, 81.6 task/s, elapsed: 28s, ETA:    68s[>>>>>>>                    ] 2246/7824, 81.6 task/s, elapsed: 28s, ETA:    68s[>>>>>>>                    ] 2247/7824, 81.6 task/s, elapsed: 28s, ETA:    68s[>>>>>>>                    ] 2248/7824, 81.6 task/s, elapsed: 28s, ETA:    68s[>>>>>>>                    ] 2249/7824, 81.6 task/s, elapsed: 28s, ETA:    68s[>>>>>>>                    ] 2250/7824, 81.6 task/s, elapsed: 28s, ETA:    68s[>>>>>>>                    ] 2251/7824, 81.7 task/s, elapsed: 28s, ETA:    68s[>>>>>>>                    ] 2252/7824, 81.7 task/s, elapsed: 28s, ETA:    68s[>>>>>>>                    ] 2253/7824, 81.7 task/s, elapsed: 28s, ETA:    68s[>>>>>>>                    ] 2254/7824, 81.7 task/s, elapsed: 28s, ETA:    68s[>>>>>>>                    ] 2255/7824, 81.7 task/s, elapsed: 28s, ETA:    68s[>>>>>>>                    ] 2256/7824, 81.7 task/s, elapsed: 28s, ETA:    68s[>>>>>>>                    ] 2257/7824, 81.7 task/s, elapsed: 28s, ETA:    68s[>>>>>>>                    ] 2258/7824, 81.7 task/s, elapsed: 28s, ETA:    68s[>>>>>>>                    ] 2259/7824, 81.7 task/s, elapsed: 28s, ETA:    68s[>>>>>>>                    ] 2260/7824, 81.7 task/s, elapsed: 28s, ETA:    68s[>>>>>>>                    ] 2261/7824, 81.7 task/s, elapsed: 28s, ETA:    68s[>>>>>>>                    ] 2262/7824, 81.8 task/s, elapsed: 28s, ETA:    68s[>>>>>>>                    ] 2263/7824, 81.8 task/s, elapsed: 28s, ETA:    68s[>>>>>>>                    ] 2264/7824, 81.8 task/s, elapsed: 28s, ETA:    68s[>>>>>>>                    ] 2265/7824, 81.8 task/s, elapsed: 28s, ETA:    68s[>>>>>>>                    ] 2266/7824, 81.8 task/s, elapsed: 28s, ETA:    68s[>>>>>>>                    ] 2267/7824, 81.8 task/s, elapsed: 28s, ETA:    68s[>>>>>>>                    ] 2268/7824, 81.8 task/s, elapsed: 28s, ETA:    68s[>>>>>>>                    ] 2269/7824, 81.8 task/s, elapsed: 28s, ETA:    68s[>>>>>>>                    ] 2270/7824, 81.8 task/s, elapsed: 28s, ETA:    68s[>>>>>>>                    ] 2271/7824, 81.8 task/s, elapsed: 28s, ETA:    68s[>>>>>>>                    ] 2272/7824, 81.8 task/s, elapsed: 28s, ETA:    68s[>>>>>>>                    ] 2273/7824, 81.8 task/s, elapsed: 28s, ETA:    68s[>>>>>>>                    ] 2274/7824, 81.8 task/s, elapsed: 28s, ETA:    68s[>>>>>>>                    ] 2275/7824, 81.9 task/s, elapsed: 28s, ETA:    68s[>>>>>>>                    ] 2276/7824, 81.9 task/s, elapsed: 28s, ETA:    68s[>>>>>>>                    ] 2277/7824, 81.9 task/s, elapsed: 28s, ETA:    68s[>>>>>>>                    ] 2278/7824, 81.9 task/s, elapsed: 28s, ETA:    68s[>>>>>>>                    ] 2279/7824, 81.9 task/s, elapsed: 28s, ETA:    68s[>>>>>>>                    ] 2280/7824, 81.9 task/s, elapsed: 28s, ETA:    68s[>>>>>>>                    ] 2281/7824, 81.9 task/s, elapsed: 28s, ETA:    68s[>>>>>>>                    ] 2282/7824, 81.9 task/s, elapsed: 28s, ETA:    68s[>>>>>>>                    ] 2283/7824, 81.9 task/s, elapsed: 28s, ETA:    68s[>>>>>>>                    ] 2284/7824, 81.9 task/s, elapsed: 28s, ETA:    68s[>>>>>>>                    ] 2285/7824, 81.9 task/s, elapsed: 28s, ETA:    68s[>>>>>>>                    ] 2286/7824, 81.9 task/s, elapsed: 28s, ETA:    68s[>>>>>>>                    ] 2287/7824, 81.9 task/s, elapsed: 28s, ETA:    68s[>>>>>>>                    ] 2288/7824, 82.0 task/s, elapsed: 28s, ETA:    68s[>>>>>>>                    ] 2289/7824, 82.0 task/s, elapsed: 28s, ETA:    68s[>>>>>>>                    ] 2290/7824, 82.0 task/s, elapsed: 28s, ETA:    68s[>>>>>>>                    ] 2291/7824, 82.0 task/s, elapsed: 28s, ETA:    67s[>>>>>>>                    ] 2292/7824, 82.0 task/s, elapsed: 28s, ETA:    67s[>>>>>>>                    ] 2293/7824, 82.0 task/s, elapsed: 28s, ETA:    67s[>>>>>>>                    ] 2294/7824, 82.0 task/s, elapsed: 28s, ETA:    67s[>>>>>>>                    ] 2295/7824, 82.0 task/s, elapsed: 28s, ETA:    67s[>>>>>>>                    ] 2296/7824, 82.0 task/s, elapsed: 28s, ETA:    67s[>>>>>>>                    ] 2297/7824, 82.0 task/s, elapsed: 28s, ETA:    67s[>>>>>>>                    ] 2298/7824, 82.0 task/s, elapsed: 28s, ETA:    67s[>>>>>>>                    ] 2299/7824, 82.1 task/s, elapsed: 28s, ETA:    67s[>>>>>>>                    ] 2300/7824, 82.1 task/s, elapsed: 28s, ETA:    67s[>>>>>>>                    ] 2301/7824, 82.1 task/s, elapsed: 28s, ETA:    67s[>>>>>>>                    ] 2302/7824, 82.1 task/s, elapsed: 28s, ETA:    67s[>>>>>>>                    ] 2303/7824, 82.1 task/s, elapsed: 28s, ETA:    67s[>>>>>>>                    ] 2304/7824, 82.1 task/s, elapsed: 28s, ETA:    67s[>>>>>>>                    ] 2305/7824, 82.1 task/s, elapsed: 28s, ETA:    67s[>>>>>>>                    ] 2306/7824, 82.1 task/s, elapsed: 28s, ETA:    67s[>>>>>>>                    ] 2307/7824, 82.1 task/s, elapsed: 28s, ETA:    67s[>>>>>>>                    ] 2308/7824, 82.1 task/s, elapsed: 28s, ETA:    67s[>>>>>>>                    ] 2309/7824, 82.1 task/s, elapsed: 28s, ETA:    67s[>>>>>>>                    ] 2310/7824, 82.2 task/s, elapsed: 28s, ETA:    67s[>>>>>>>                    ] 2311/7824, 82.2 task/s, elapsed: 28s, ETA:    67s[>>>>>>>                    ] 2312/7824, 82.2 task/s, elapsed: 28s, ETA:    67s[>>>>>>>                    ] 2313/7824, 82.2 task/s, elapsed: 28s, ETA:    67s[>>>>>>>                    ] 2314/7824, 82.2 task/s, elapsed: 28s, ETA:    67s[>>>>>>>                    ] 2315/7824, 82.2 task/s, elapsed: 28s, ETA:    67s[>>>>>>>                    ] 2316/7824, 82.2 task/s, elapsed: 28s, ETA:    67s[>>>>>>>                    ] 2317/7824, 82.2 task/s, elapsed: 28s, ETA:    67s[>>>>>>>                    ] 2318/7824, 82.2 task/s, elapsed: 28s, ETA:    67s[>>>>>>>>                   ] 2319/7824, 82.2 task/s, elapsed: 28s, ETA:    67s[>>>>>>>>                   ] 2320/7824, 82.2 task/s, elapsed: 28s, ETA:    67s[>>>>>>>>                   ] 2321/7824, 82.2 task/s, elapsed: 28s, ETA:    67s[>>>>>>>>                   ] 2322/7824, 82.3 task/s, elapsed: 28s, ETA:    67s[>>>>>>>>                   ] 2323/7824, 82.3 task/s, elapsed: 28s, ETA:    67s[>>>>>>>>                   ] 2324/7824, 82.3 task/s, elapsed: 28s, ETA:    67s[>>>>>>>>                   ] 2325/7824, 82.3 task/s, elapsed: 28s, ETA:    67s[>>>>>>>>                   ] 2326/7824, 82.3 task/s, elapsed: 28s, ETA:    67s[>>>>>>>>                   ] 2327/7824, 82.3 task/s, elapsed: 28s, ETA:    67s[>>>>>>>>                   ] 2328/7824, 82.3 task/s, elapsed: 28s, ETA:    67s[>>>>>>>>                   ] 2329/7824, 82.3 task/s, elapsed: 28s, ETA:    67s[>>>>>>>>                   ] 2330/7824, 82.3 task/s, elapsed: 28s, ETA:    67s[>>>>>>>>                   ] 2331/7824, 82.3 task/s, elapsed: 28s, ETA:    67s[>>>>>>>>                   ] 2332/7824, 82.3 task/s, elapsed: 28s, ETA:    67s[>>>>>>>>                   ] 2333/7824, 82.3 task/s, elapsed: 28s, ETA:    67s[>>>>>>>>                   ] 2334/7824, 82.3 task/s, elapsed: 28s, ETA:    67s[>>>>>>>>                   ] 2335/7824, 82.4 task/s, elapsed: 28s, ETA:    67s[>>>>>>>>                   ] 2336/7824, 82.4 task/s, elapsed: 28s, ETA:    67s[>>>>>>>>                   ] 2337/7824, 82.4 task/s, elapsed: 28s, ETA:    67s[>>>>>>>>                   ] 2338/7824, 82.4 task/s, elapsed: 28s, ETA:    67s[>>>>>>>>                   ] 2339/7824, 82.4 task/s, elapsed: 28s, ETA:    67s[>>>>>>>>                   ] 2340/7824, 82.4 task/s, elapsed: 28s, ETA:    67s[>>>>>>>>                   ] 2341/7824, 82.4 task/s, elapsed: 28s, ETA:    67s[>>>>>>>>                   ] 2342/7824, 82.4 task/s, elapsed: 28s, ETA:    67s[>>>>>>>>                   ] 2343/7824, 82.4 task/s, elapsed: 28s, ETA:    67s[>>>>>>>>                   ] 2344/7824, 82.4 task/s, elapsed: 28s, ETA:    66s[>>>>>>>>                   ] 2345/7824, 82.4 task/s, elapsed: 28s, ETA:    66s[>>>>>>>>                   ] 2346/7824, 82.4 task/s, elapsed: 28s, ETA:    66s[>>>>>>>>                   ] 2347/7824, 82.4 task/s, elapsed: 28s, ETA:    66s[>>>>>>>>                   ] 2348/7824, 82.5 task/s, elapsed: 28s, ETA:    66s[>>>>>>>>                   ] 2349/7824, 82.5 task/s, elapsed: 28s, ETA:    66s[>>>>>>>>                   ] 2350/7824, 82.5 task/s, elapsed: 28s, ETA:    66s[>>>>>>>>                   ] 2351/7824, 82.5 task/s, elapsed: 29s, ETA:    66s[>>>>>>>>                   ] 2352/7824, 82.5 task/s, elapsed: 29s, ETA:    66s[>>>>>>>>                   ] 2353/7824, 82.5 task/s, elapsed: 29s, ETA:    66s[>>>>>>>>                   ] 2354/7824, 82.5 task/s, elapsed: 29s, ETA:    66s[>>>>>>>>                   ] 2355/7824, 82.5 task/s, elapsed: 29s, ETA:    66s[>>>>>>>>                   ] 2356/7824, 82.5 task/s, elapsed: 29s, ETA:    66s[>>>>>>>>                   ] 2357/7824, 82.5 task/s, elapsed: 29s, ETA:    66s[>>>>>>>>                   ] 2358/7824, 82.5 task/s, elapsed: 29s, ETA:    66s[>>>>>>>>                   ] 2359/7824, 82.5 task/s, elapsed: 29s, ETA:    66s[>>>>>>>>                   ] 2360/7824, 82.6 task/s, elapsed: 29s, ETA:    66s[>>>>>>>>                   ] 2361/7824, 82.6 task/s, elapsed: 29s, ETA:    66s[>>>>>>>>                   ] 2362/7824, 82.6 task/s, elapsed: 29s, ETA:    66s[>>>>>>>>                   ] 2363/7824, 82.6 task/s, elapsed: 29s, ETA:    66s[>>>>>>>>                   ] 2364/7824, 82.6 task/s, elapsed: 29s, ETA:    66s[>>>>>>>>                   ] 2365/7824, 82.6 task/s, elapsed: 29s, ETA:    66s[>>>>>>>>                   ] 2366/7824, 82.6 task/s, elapsed: 29s, ETA:    66s[>>>>>>>>                   ] 2367/7824, 82.6 task/s, elapsed: 29s, ETA:    66s[>>>>>>>>                   ] 2368/7824, 82.6 task/s, elapsed: 29s, ETA:    66s[>>>>>>>>                   ] 2369/7824, 82.6 task/s, elapsed: 29s, ETA:    66s[>>>>>>>>                   ] 2370/7824, 82.6 task/s, elapsed: 29s, ETA:    66s[>>>>>>>>                   ] 2371/7824, 82.6 task/s, elapsed: 29s, ETA:    66s[>>>>>>>>                   ] 2372/7824, 82.6 task/s, elapsed: 29s, ETA:    66s[>>>>>>>>                   ] 2373/7824, 82.7 task/s, elapsed: 29s, ETA:    66s[>>>>>>>>                   ] 2374/7824, 82.7 task/s, elapsed: 29s, ETA:    66s[>>>>>>>>                   ] 2375/7824, 82.7 task/s, elapsed: 29s, ETA:    66s[>>>>>>>>                   ] 2376/7824, 82.7 task/s, elapsed: 29s, ETA:    66s[>>>>>>>>                   ] 2377/7824, 82.7 task/s, elapsed: 29s, ETA:    66s[>>>>>>>>                   ] 2378/7824, 82.7 task/s, elapsed: 29s, ETA:    66s[>>>>>>>>                   ] 2379/7824, 82.7 task/s, elapsed: 29s, ETA:    66s[>>>>>>>>                   ] 2380/7824, 82.7 task/s, elapsed: 29s, ETA:    66s[>>>>>>>>                   ] 2381/7824, 82.7 task/s, elapsed: 29s, ETA:    66s[>>>>>>>>                   ] 2382/7824, 82.7 task/s, elapsed: 29s, ETA:    66s[>>>>>>>>                   ] 2383/7824, 82.7 task/s, elapsed: 29s, ETA:    66s[>>>>>>>>                   ] 2384/7824, 82.7 task/s, elapsed: 29s, ETA:    66s[>>>>>>>>                   ] 2385/7824, 82.7 task/s, elapsed: 29s, ETA:    66s[>>>>>>>>                   ] 2386/7824, 82.7 task/s, elapsed: 29s, ETA:    66s[>>>>>>>>                   ] 2387/7824, 82.7 task/s, elapsed: 29s, ETA:    66s[>>>>>>>>                   ] 2388/7824, 82.7 task/s, elapsed: 29s, ETA:    66s[>>>>>>>>                   ] 2389/7824, 82.7 task/s, elapsed: 29s, ETA:    66s[>>>>>>>>                   ] 2390/7824, 82.7 task/s, elapsed: 29s, ETA:    66s[>>>>>>>>                   ] 2391/7824, 82.8 task/s, elapsed: 29s, ETA:    66s[>>>>>>>>                   ] 2392/7824, 82.8 task/s, elapsed: 29s, ETA:    66s[>>>>>>>>                   ] 2393/7824, 82.8 task/s, elapsed: 29s, ETA:    66s[>>>>>>>>                   ] 2394/7824, 82.8 task/s, elapsed: 29s, ETA:    66s[>>>>>>>>                   ] 2395/7824, 82.8 task/s, elapsed: 29s, ETA:    66s[>>>>>>>>                   ] 2396/7824, 82.8 task/s, elapsed: 29s, ETA:    66s[>>>>>>>>                   ] 2397/7824, 82.8 task/s, elapsed: 29s, ETA:    66s[>>>>>>>>                   ] 2398/7824, 82.8 task/s, elapsed: 29s, ETA:    66s[>>>>>>>>                   ] 2399/7824, 82.8 task/s, elapsed: 29s, ETA:    66s[>>>>>>>>                   ] 2400/7824, 82.8 task/s, elapsed: 29s, ETA:    65s[>>>>>>>>                   ] 2401/7824, 82.8 task/s, elapsed: 29s, ETA:    65s[>>>>>>>>                   ] 2402/7824, 82.8 task/s, elapsed: 29s, ETA:    65s[>>>>>>>>                   ] 2403/7824, 82.8 task/s, elapsed: 29s, ETA:    65s[>>>>>>>>                   ] 2404/7824, 82.8 task/s, elapsed: 29s, ETA:    65s[>>>>>>>>                   ] 2405/7824, 82.8 task/s, elapsed: 29s, ETA:    65s[>>>>>>>>                   ] 2406/7824, 82.8 task/s, elapsed: 29s, ETA:    65s[>>>>>>>>                   ] 2407/7824, 82.9 task/s, elapsed: 29s, ETA:    65s[>>>>>>>>                   ] 2408/7824, 82.9 task/s, elapsed: 29s, ETA:    65s[>>>>>>>>                   ] 2409/7824, 82.9 task/s, elapsed: 29s, ETA:    65s[>>>>>>>>                   ] 2410/7824, 82.9 task/s, elapsed: 29s, ETA:    65s[>>>>>>>>                   ] 2411/7824, 82.9 task/s, elapsed: 29s, ETA:    65s[>>>>>>>>                   ] 2412/7824, 82.9 task/s, elapsed: 29s, ETA:    65s[>>>>>>>>                   ] 2413/7824, 82.9 task/s, elapsed: 29s, ETA:    65s[>>>>>>>>                   ] 2414/7824, 82.9 task/s, elapsed: 29s, ETA:    65s[>>>>>>>>                   ] 2415/7824, 82.9 task/s, elapsed: 29s, ETA:    65s[>>>>>>>>                   ] 2416/7824, 82.9 task/s, elapsed: 29s, ETA:    65s[>>>>>>>>                   ] 2417/7824, 82.9 task/s, elapsed: 29s, ETA:    65s[>>>>>>>>                   ] 2418/7824, 82.9 task/s, elapsed: 29s, ETA:    65s[>>>>>>>>                   ] 2419/7824, 82.9 task/s, elapsed: 29s, ETA:    65s[>>>>>>>>                   ] 2420/7824, 83.0 task/s, elapsed: 29s, ETA:    65s[>>>>>>>>                   ] 2421/7824, 83.0 task/s, elapsed: 29s, ETA:    65s[>>>>>>>>                   ] 2422/7824, 83.0 task/s, elapsed: 29s, ETA:    65s[>>>>>>>>                   ] 2423/7824, 83.0 task/s, elapsed: 29s, ETA:    65s[>>>>>>>>                   ] 2424/7824, 83.0 task/s, elapsed: 29s, ETA:    65s[>>>>>>>>                   ] 2425/7824, 83.0 task/s, elapsed: 29s, ETA:    65s[>>>>>>>>                   ] 2426/7824, 83.0 task/s, elapsed: 29s, ETA:    65s[>>>>>>>>                   ] 2427/7824, 83.0 task/s, elapsed: 29s, ETA:    65s[>>>>>>>>                   ] 2428/7824, 83.0 task/s, elapsed: 29s, ETA:    65s[>>>>>>>>                   ] 2429/7824, 83.0 task/s, elapsed: 29s, ETA:    65s[>>>>>>>>                   ] 2430/7824, 83.0 task/s, elapsed: 29s, ETA:    65s[>>>>>>>>                   ] 2431/7824, 83.0 task/s, elapsed: 29s, ETA:    65s[>>>>>>>>                   ] 2432/7824, 83.1 task/s, elapsed: 29s, ETA:    65s[>>>>>>>>                   ] 2433/7824, 83.1 task/s, elapsed: 29s, ETA:    65s[>>>>>>>>                   ] 2434/7824, 83.1 task/s, elapsed: 29s, ETA:    65s[>>>>>>>>                   ] 2435/7824, 83.1 task/s, elapsed: 29s, ETA:    65s[>>>>>>>>                   ] 2436/7824, 83.1 task/s, elapsed: 29s, ETA:    65s[>>>>>>>>                   ] 2437/7824, 83.1 task/s, elapsed: 29s, ETA:    65s[>>>>>>>>                   ] 2438/7824, 83.1 task/s, elapsed: 29s, ETA:    65s[>>>>>>>>                   ] 2439/7824, 83.1 task/s, elapsed: 29s, ETA:    65s[>>>>>>>>                   ] 2440/7824, 83.1 task/s, elapsed: 29s, ETA:    65s[>>>>>>>>                   ] 2441/7824, 83.1 task/s, elapsed: 29s, ETA:    65s[>>>>>>>>                   ] 2442/7824, 83.1 task/s, elapsed: 29s, ETA:    65s[>>>>>>>>                   ] 2443/7824, 83.1 task/s, elapsed: 29s, ETA:    65s[>>>>>>>>                   ] 2444/7824, 83.2 task/s, elapsed: 29s, ETA:    65s[>>>>>>>>                   ] 2445/7824, 83.2 task/s, elapsed: 29s, ETA:    65s[>>>>>>>>                   ] 2446/7824, 83.2 task/s, elapsed: 29s, ETA:    65s[>>>>>>>>                   ] 2447/7824, 83.2 task/s, elapsed: 29s, ETA:    65s[>>>>>>>>                   ] 2448/7824, 83.2 task/s, elapsed: 29s, ETA:    65s[>>>>>>>>                   ] 2449/7824, 83.2 task/s, elapsed: 29s, ETA:    65s[>>>>>>>>                   ] 2450/7824, 83.2 task/s, elapsed: 29s, ETA:    65s[>>>>>>>>                   ] 2451/7824, 83.2 task/s, elapsed: 29s, ETA:    65s[>>>>>>>>                   ] 2452/7824, 83.2 task/s, elapsed: 29s, ETA:    65s[>>>>>>>>                   ] 2453/7824, 83.2 task/s, elapsed: 29s, ETA:    65s[>>>>>>>>                   ] 2454/7824, 83.2 task/s, elapsed: 29s, ETA:    65s[>>>>>>>>                   ] 2455/7824, 83.2 task/s, elapsed: 29s, ETA:    64s[>>>>>>>>                   ] 2456/7824, 83.2 task/s, elapsed: 30s, ETA:    64s[>>>>>>>>                   ] 2457/7824, 83.3 task/s, elapsed: 30s, ETA:    64s[>>>>>>>>                   ] 2458/7824, 83.3 task/s, elapsed: 30s, ETA:    64s[>>>>>>>>                   ] 2459/7824, 83.3 task/s, elapsed: 30s, ETA:    64s[>>>>>>>>                   ] 2460/7824, 83.3 task/s, elapsed: 30s, ETA:    64s[>>>>>>>>                   ] 2461/7824, 83.3 task/s, elapsed: 30s, ETA:    64s[>>>>>>>>                   ] 2462/7824, 83.3 task/s, elapsed: 30s, ETA:    64s[>>>>>>>>                   ] 2463/7824, 83.3 task/s, elapsed: 30s, ETA:    64s[>>>>>>>>                   ] 2464/7824, 83.3 task/s, elapsed: 30s, ETA:    64s[>>>>>>>>                   ] 2465/7824, 83.3 task/s, elapsed: 30s, ETA:    64s[>>>>>>>>                   ] 2466/7824, 83.3 task/s, elapsed: 30s, ETA:    64s[>>>>>>>>                   ] 2467/7824, 83.3 task/s, elapsed: 30s, ETA:    64s[>>>>>>>>                   ] 2468/7824, 83.3 task/s, elapsed: 30s, ETA:    64s[>>>>>>>>                   ] 2469/7824, 83.3 task/s, elapsed: 30s, ETA:    64s[>>>>>>>>                   ] 2470/7824, 83.4 task/s, elapsed: 30s, ETA:    64s[>>>>>>>>                   ] 2471/7824, 83.4 task/s, elapsed: 30s, ETA:    64s[>>>>>>>>                   ] 2472/7824, 83.4 task/s, elapsed: 30s, ETA:    64s[>>>>>>>>                   ] 2473/7824, 83.4 task/s, elapsed: 30s, ETA:    64s[>>>>>>>>                   ] 2474/7824, 83.4 task/s, elapsed: 30s, ETA:    64s[>>>>>>>>                   ] 2475/7824, 83.4 task/s, elapsed: 30s, ETA:    64s[>>>>>>>>                   ] 2476/7824, 83.4 task/s, elapsed: 30s, ETA:    64s[>>>>>>>>                   ] 2477/7824, 83.4 task/s, elapsed: 30s, ETA:    64s[>>>>>>>>                   ] 2478/7824, 83.4 task/s, elapsed: 30s, ETA:    64s[>>>>>>>>                   ] 2479/7824, 83.4 task/s, elapsed: 30s, ETA:    64s[>>>>>>>>                   ] 2480/7824, 83.4 task/s, elapsed: 30s, ETA:    64s[>>>>>>>>                   ] 2481/7824, 83.4 task/s, elapsed: 30s, ETA:    64s[>>>>>>>>                   ] 2482/7824, 83.4 task/s, elapsed: 30s, ETA:    64s[>>>>>>>>                   ] 2483/7824, 83.4 task/s, elapsed: 30s, ETA:    64s[>>>>>>>>                   ] 2484/7824, 83.4 task/s, elapsed: 30s, ETA:    64s[>>>>>>>>                   ] 2485/7824, 83.4 task/s, elapsed: 30s, ETA:    64s[>>>>>>>>                   ] 2486/7824, 83.5 task/s, elapsed: 30s, ETA:    64s[>>>>>>>>                   ] 2487/7824, 83.5 task/s, elapsed: 30s, ETA:    64s[>>>>>>>>                   ] 2488/7824, 83.5 task/s, elapsed: 30s, ETA:    64s[>>>>>>>>                   ] 2489/7824, 83.5 task/s, elapsed: 30s, ETA:    64s[>>>>>>>>                   ] 2490/7824, 83.5 task/s, elapsed: 30s, ETA:    64s[>>>>>>>>                   ] 2491/7824, 83.5 task/s, elapsed: 30s, ETA:    64s[>>>>>>>>                   ] 2492/7824, 83.5 task/s, elapsed: 30s, ETA:    64s[>>>>>>>>                   ] 2493/7824, 83.5 task/s, elapsed: 30s, ETA:    64s[>>>>>>>>                   ] 2494/7824, 83.5 task/s, elapsed: 30s, ETA:    64s[>>>>>>>>                   ] 2495/7824, 83.5 task/s, elapsed: 30s, ETA:    64s[>>>>>>>>                   ] 2496/7824, 83.5 task/s, elapsed: 30s, ETA:    64s[>>>>>>>>                   ] 2497/7824, 83.5 task/s, elapsed: 30s, ETA:    64s[>>>>>>>>                   ] 2498/7824, 83.5 task/s, elapsed: 30s, ETA:    64s[>>>>>>>>                   ] 2499/7824, 83.5 task/s, elapsed: 30s, ETA:    64s[>>>>>>>>                   ] 2500/7824, 83.6 task/s, elapsed: 30s, ETA:    64s[>>>>>>>>                   ] 2501/7824, 83.6 task/s, elapsed: 30s, ETA:    64s[>>>>>>>>                   ] 2502/7824, 83.6 task/s, elapsed: 30s, ETA:    64s[>>>>>>>>                   ] 2503/7824, 83.6 task/s, elapsed: 30s, ETA:    64s[>>>>>>>>                   ] 2504/7824, 83.6 task/s, elapsed: 30s, ETA:    64s[>>>>>>>>                   ] 2505/7824, 83.6 task/s, elapsed: 30s, ETA:    64s[>>>>>>>>                   ] 2506/7824, 83.6 task/s, elapsed: 30s, ETA:    64s[>>>>>>>>                   ] 2507/7824, 83.6 task/s, elapsed: 30s, ETA:    64s[>>>>>>>>                   ] 2508/7824, 83.6 task/s, elapsed: 30s, ETA:    64s[>>>>>>>>                   ] 2509/7824, 83.6 task/s, elapsed: 30s, ETA:    64s[>>>>>>>>                   ] 2510/7824, 83.6 task/s, elapsed: 30s, ETA:    64s[>>>>>>>>                   ] 2511/7824, 83.6 task/s, elapsed: 30s, ETA:    64s[>>>>>>>>                   ] 2512/7824, 83.6 task/s, elapsed: 30s, ETA:    64s[>>>>>>>>                   ] 2513/7824, 83.7 task/s, elapsed: 30s, ETA:    63s[>>>>>>>>                   ] 2514/7824, 83.7 task/s, elapsed: 30s, ETA:    63s[>>>>>>>>                   ] 2515/7824, 83.7 task/s, elapsed: 30s, ETA:    63s[>>>>>>>>                   ] 2516/7824, 83.7 task/s, elapsed: 30s, ETA:    63s[>>>>>>>>                   ] 2517/7824, 83.7 task/s, elapsed: 30s, ETA:    63s[>>>>>>>>                   ] 2518/7824, 83.7 task/s, elapsed: 30s, ETA:    63s[>>>>>>>>                   ] 2519/7824, 83.7 task/s, elapsed: 30s, ETA:    63s[>>>>>>>>                   ] 2520/7824, 83.7 task/s, elapsed: 30s, ETA:    63s[>>>>>>>>                   ] 2521/7824, 83.7 task/s, elapsed: 30s, ETA:    63s[>>>>>>>>                   ] 2522/7824, 83.7 task/s, elapsed: 30s, ETA:    63s[>>>>>>>>                   ] 2523/7824, 83.7 task/s, elapsed: 30s, ETA:    63s[>>>>>>>>                   ] 2524/7824, 83.7 task/s, elapsed: 30s, ETA:    63s[>>>>>>>>                   ] 2525/7824, 83.7 task/s, elapsed: 30s, ETA:    63s[>>>>>>>>                   ] 2526/7824, 83.7 task/s, elapsed: 30s, ETA:    63s[>>>>>>>>                   ] 2527/7824, 83.8 task/s, elapsed: 30s, ETA:    63s[>>>>>>>>                   ] 2528/7824, 83.8 task/s, elapsed: 30s, ETA:    63s[>>>>>>>>                   ] 2529/7824, 83.8 task/s, elapsed: 30s, ETA:    63s[>>>>>>>>                   ] 2530/7824, 83.8 task/s, elapsed: 30s, ETA:    63s[>>>>>>>>                   ] 2531/7824, 83.8 task/s, elapsed: 30s, ETA:    63s[>>>>>>>>                   ] 2532/7824, 83.8 task/s, elapsed: 30s, ETA:    63s[>>>>>>>>                   ] 2533/7824, 83.8 task/s, elapsed: 30s, ETA:    63s[>>>>>>>>                   ] 2534/7824, 83.8 task/s, elapsed: 30s, ETA:    63s[>>>>>>>>                   ] 2535/7824, 83.8 task/s, elapsed: 30s, ETA:    63s[>>>>>>>>                   ] 2536/7824, 83.8 task/s, elapsed: 30s, ETA:    63s[>>>>>>>>                   ] 2537/7824, 83.8 task/s, elapsed: 30s, ETA:    63s[>>>>>>>>                   ] 2538/7824, 83.8 task/s, elapsed: 30s, ETA:    63s[>>>>>>>>                   ] 2539/7824, 83.8 task/s, elapsed: 30s, ETA:    63s[>>>>>>>>                   ] 2540/7824, 83.8 task/s, elapsed: 30s, ETA:    63s[>>>>>>>>                   ] 2541/7824, 83.8 task/s, elapsed: 30s, ETA:    63s[>>>>>>>>                   ] 2542/7824, 83.8 task/s, elapsed: 30s, ETA:    63s[>>>>>>>>                   ] 2543/7824, 83.8 task/s, elapsed: 30s, ETA:    63s[>>>>>>>>                   ] 2544/7824, 83.8 task/s, elapsed: 30s, ETA:    63s[>>>>>>>>                   ] 2545/7824, 83.8 task/s, elapsed: 30s, ETA:    63s[>>>>>>>>                   ] 2546/7824, 83.9 task/s, elapsed: 30s, ETA:    63s[>>>>>>>>                   ] 2547/7824, 83.9 task/s, elapsed: 30s, ETA:    63s[>>>>>>>>                   ] 2548/7824, 83.9 task/s, elapsed: 30s, ETA:    63s[>>>>>>>>                   ] 2549/7824, 83.9 task/s, elapsed: 30s, ETA:    63s[>>>>>>>>                   ] 2550/7824, 83.9 task/s, elapsed: 30s, ETA:    63s[>>>>>>>>                   ] 2551/7824, 83.9 task/s, elapsed: 30s, ETA:    63s[>>>>>>>>                   ] 2552/7824, 83.9 task/s, elapsed: 30s, ETA:    63s[>>>>>>>>                   ] 2553/7824, 83.9 task/s, elapsed: 30s, ETA:    63s[>>>>>>>>                   ] 2554/7824, 83.9 task/s, elapsed: 30s, ETA:    63s[>>>>>>>>                   ] 2555/7824, 83.9 task/s, elapsed: 30s, ETA:    63s[>>>>>>>>                   ] 2556/7824, 83.9 task/s, elapsed: 30s, ETA:    63s[>>>>>>>>                   ] 2557/7824, 83.9 task/s, elapsed: 30s, ETA:    63s[>>>>>>>>                   ] 2558/7824, 83.9 task/s, elapsed: 30s, ETA:    63s[>>>>>>>>                   ] 2559/7824, 84.0 task/s, elapsed: 30s, ETA:    63s[>>>>>>>>                   ] 2560/7824, 84.0 task/s, elapsed: 30s, ETA:    63s[>>>>>>>>                   ] 2561/7824, 84.0 task/s, elapsed: 31s, ETA:    63s[>>>>>>>>                   ] 2562/7824, 84.0 task/s, elapsed: 31s, ETA:    63s[>>>>>>>>                   ] 2563/7824, 84.0 task/s, elapsed: 31s, ETA:    63s[>>>>>>>>                   ] 2564/7824, 84.0 task/s, elapsed: 31s, ETA:    63s[>>>>>>>>                   ] 2565/7824, 84.0 task/s, elapsed: 31s, ETA:    63s[>>>>>>>>                   ] 2566/7824, 84.0 task/s, elapsed: 31s, ETA:    63s[>>>>>>>>                   ] 2567/7824, 84.0 task/s, elapsed: 31s, ETA:    63s[>>>>>>>>                   ] 2568/7824, 84.0 task/s, elapsed: 31s, ETA:    63s[>>>>>>>>                   ] 2569/7824, 84.0 task/s, elapsed: 31s, ETA:    63s[>>>>>>>>                   ] 2570/7824, 84.0 task/s, elapsed: 31s, ETA:    63s[>>>>>>>>                   ] 2571/7824, 84.0 task/s, elapsed: 31s, ETA:    63s[>>>>>>>>                   ] 2572/7824, 84.0 task/s, elapsed: 31s, ETA:    62s[>>>>>>>>                   ] 2573/7824, 84.1 task/s, elapsed: 31s, ETA:    62s[>>>>>>>>                   ] 2574/7824, 84.1 task/s, elapsed: 31s, ETA:    62s[>>>>>>>>                   ] 2575/7824, 84.1 task/s, elapsed: 31s, ETA:    62s[>>>>>>>>                   ] 2576/7824, 84.1 task/s, elapsed: 31s, ETA:    62s[>>>>>>>>                   ] 2577/7824, 84.1 task/s, elapsed: 31s, ETA:    62s[>>>>>>>>                   ] 2578/7824, 84.1 task/s, elapsed: 31s, ETA:    62s[>>>>>>>>                   ] 2579/7824, 84.1 task/s, elapsed: 31s, ETA:    62s[>>>>>>>>                   ] 2580/7824, 84.1 task/s, elapsed: 31s, ETA:    62s[>>>>>>>>                   ] 2581/7824, 84.1 task/s, elapsed: 31s, ETA:    62s[>>>>>>>>                   ] 2582/7824, 84.1 task/s, elapsed: 31s, ETA:    62s[>>>>>>>>                   ] 2583/7824, 84.1 task/s, elapsed: 31s, ETA:    62s[>>>>>>>>                   ] 2584/7824, 84.1 task/s, elapsed: 31s, ETA:    62s[>>>>>>>>                   ] 2585/7824, 84.1 task/s, elapsed: 31s, ETA:    62s[>>>>>>>>                   ] 2586/7824, 84.2 task/s, elapsed: 31s, ETA:    62s[>>>>>>>>                   ] 2587/7824, 84.2 task/s, elapsed: 31s, ETA:    62s[>>>>>>>>                   ] 2588/7824, 84.2 task/s, elapsed: 31s, ETA:    62s[>>>>>>>>                   ] 2589/7824, 84.2 task/s, elapsed: 31s, ETA:    62s[>>>>>>>>                   ] 2590/7824, 84.2 task/s, elapsed: 31s, ETA:    62s[>>>>>>>>                   ] 2591/7824, 84.2 task/s, elapsed: 31s, ETA:    62s[>>>>>>>>                   ] 2592/7824, 84.2 task/s, elapsed: 31s, ETA:    62s[>>>>>>>>                   ] 2593/7824, 84.2 task/s, elapsed: 31s, ETA:    62s[>>>>>>>>                   ] 2594/7824, 84.2 task/s, elapsed: 31s, ETA:    62s[>>>>>>>>                   ] 2595/7824, 84.2 task/s, elapsed: 31s, ETA:    62s[>>>>>>>>                   ] 2596/7824, 84.2 task/s, elapsed: 31s, ETA:    62s[>>>>>>>>                   ] 2597/7824, 84.2 task/s, elapsed: 31s, ETA:    62s[>>>>>>>>                   ] 2598/7824, 84.2 task/s, elapsed: 31s, ETA:    62s[>>>>>>>>                   ] 2599/7824, 84.3 task/s, elapsed: 31s, ETA:    62s[>>>>>>>>                   ] 2600/7824, 84.3 task/s, elapsed: 31s, ETA:    62s[>>>>>>>>                   ] 2601/7824, 84.3 task/s, elapsed: 31s, ETA:    62s[>>>>>>>>                   ] 2602/7824, 84.3 task/s, elapsed: 31s, ETA:    62s[>>>>>>>>                   ] 2603/7824, 84.3 task/s, elapsed: 31s, ETA:    62s[>>>>>>>>                   ] 2604/7824, 84.3 task/s, elapsed: 31s, ETA:    62s[>>>>>>>>                   ] 2605/7824, 84.3 task/s, elapsed: 31s, ETA:    62s[>>>>>>>>                   ] 2606/7824, 84.3 task/s, elapsed: 31s, ETA:    62s[>>>>>>>>                   ] 2607/7824, 84.3 task/s, elapsed: 31s, ETA:    62s[>>>>>>>>>                  ] 2608/7824, 84.3 task/s, elapsed: 31s, ETA:    62s[>>>>>>>>>                  ] 2609/7824, 84.3 task/s, elapsed: 31s, ETA:    62s[>>>>>>>>>                  ] 2610/7824, 84.3 task/s, elapsed: 31s, ETA:    62s[>>>>>>>>>                  ] 2611/7824, 84.3 task/s, elapsed: 31s, ETA:    62s[>>>>>>>>>                  ] 2612/7824, 84.3 task/s, elapsed: 31s, ETA:    62s[>>>>>>>>>                  ] 2613/7824, 84.3 task/s, elapsed: 31s, ETA:    62s[>>>>>>>>>                  ] 2614/7824, 84.3 task/s, elapsed: 31s, ETA:    62s[>>>>>>>>>                  ] 2615/7824, 84.3 task/s, elapsed: 31s, ETA:    62s[>>>>>>>>>                  ] 2616/7824, 84.4 task/s, elapsed: 31s, ETA:    62s[>>>>>>>>>                  ] 2617/7824, 84.4 task/s, elapsed: 31s, ETA:    62s[>>>>>>>>>                  ] 2618/7824, 84.4 task/s, elapsed: 31s, ETA:    62s[>>>>>>>>>                  ] 2619/7824, 84.4 task/s, elapsed: 31s, ETA:    62s[>>>>>>>>>                  ] 2620/7824, 84.4 task/s, elapsed: 31s, ETA:    62s[>>>>>>>>>                  ] 2621/7824, 84.4 task/s, elapsed: 31s, ETA:    62s[>>>>>>>>>                  ] 2622/7824, 84.4 task/s, elapsed: 31s, ETA:    62s[>>>>>>>>>                  ] 2623/7824, 84.4 task/s, elapsed: 31s, ETA:    62s[>>>>>>>>>                  ] 2624/7824, 84.4 task/s, elapsed: 31s, ETA:    62s[>>>>>>>>>                  ] 2625/7824, 84.4 task/s, elapsed: 31s, ETA:    62s[>>>>>>>>>                  ] 2626/7824, 84.4 task/s, elapsed: 31s, ETA:    62s[>>>>>>>>>                  ] 2627/7824, 84.4 task/s, elapsed: 31s, ETA:    62s[>>>>>>>>>                  ] 2628/7824, 84.4 task/s, elapsed: 31s, ETA:    62s[>>>>>>>>>                  ] 2629/7824, 84.4 task/s, elapsed: 31s, ETA:    62s[>>>>>>>>>                  ] 2630/7824, 84.5 task/s, elapsed: 31s, ETA:    62s[>>>>>>>>>                  ] 2631/7824, 84.5 task/s, elapsed: 31s, ETA:    61s[>>>>>>>>>                  ] 2632/7824, 84.5 task/s, elapsed: 31s, ETA:    61s[>>>>>>>>>                  ] 2633/7824, 84.5 task/s, elapsed: 31s, ETA:    61s[>>>>>>>>>                  ] 2634/7824, 84.5 task/s, elapsed: 31s, ETA:    61s[>>>>>>>>>                  ] 2635/7824, 84.5 task/s, elapsed: 31s, ETA:    61s[>>>>>>>>>                  ] 2636/7824, 84.5 task/s, elapsed: 31s, ETA:    61s[>>>>>>>>>                  ] 2637/7824, 84.5 task/s, elapsed: 31s, ETA:    61s[>>>>>>>>>                  ] 2638/7824, 84.5 task/s, elapsed: 31s, ETA:    61s[>>>>>>>>>                  ] 2639/7824, 84.5 task/s, elapsed: 31s, ETA:    61s[>>>>>>>>>                  ] 2640/7824, 84.5 task/s, elapsed: 31s, ETA:    61s[>>>>>>>>>                  ] 2641/7824, 84.5 task/s, elapsed: 31s, ETA:    61s[>>>>>>>>>                  ] 2642/7824, 84.5 task/s, elapsed: 31s, ETA:    61s[>>>>>>>>>                  ] 2643/7824, 84.5 task/s, elapsed: 31s, ETA:    61s[>>>>>>>>>                  ] 2644/7824, 84.6 task/s, elapsed: 31s, ETA:    61s[>>>>>>>>>                  ] 2645/7824, 84.6 task/s, elapsed: 31s, ETA:    61s[>>>>>>>>>                  ] 2646/7824, 84.6 task/s, elapsed: 31s, ETA:    61s[>>>>>>>>>                  ] 2647/7824, 84.6 task/s, elapsed: 31s, ETA:    61s[>>>>>>>>>                  ] 2648/7824, 84.6 task/s, elapsed: 31s, ETA:    61s[>>>>>>>>>                  ] 2649/7824, 84.6 task/s, elapsed: 31s, ETA:    61s[>>>>>>>>>                  ] 2650/7824, 84.6 task/s, elapsed: 31s, ETA:    61s[>>>>>>>>>                  ] 2651/7824, 84.6 task/s, elapsed: 31s, ETA:    61s[>>>>>>>>>                  ] 2652/7824, 84.6 task/s, elapsed: 31s, ETA:    61s[>>>>>>>>>                  ] 2653/7824, 84.6 task/s, elapsed: 31s, ETA:    61s[>>>>>>>>>                  ] 2654/7824, 84.6 task/s, elapsed: 31s, ETA:    61s[>>>>>>>>>                  ] 2655/7824, 84.6 task/s, elapsed: 31s, ETA:    61s[>>>>>>>>>                  ] 2656/7824, 84.6 task/s, elapsed: 31s, ETA:    61s[>>>>>>>>>                  ] 2657/7824, 84.6 task/s, elapsed: 31s, ETA:    61s[>>>>>>>>>                  ] 2658/7824, 84.7 task/s, elapsed: 31s, ETA:    61s[>>>>>>>>>                  ] 2659/7824, 84.7 task/s, elapsed: 31s, ETA:    61s[>>>>>>>>>                  ] 2660/7824, 84.7 task/s, elapsed: 31s, ETA:    61s[>>>>>>>>>                  ] 2661/7824, 84.7 task/s, elapsed: 31s, ETA:    61s[>>>>>>>>>                  ] 2662/7824, 84.7 task/s, elapsed: 31s, ETA:    61s[>>>>>>>>>                  ] 2663/7824, 84.7 task/s, elapsed: 31s, ETA:    61s[>>>>>>>>>                  ] 2664/7824, 84.7 task/s, elapsed: 31s, ETA:    61s[>>>>>>>>>                  ] 2665/7824, 84.7 task/s, elapsed: 31s, ETA:    61s[>>>>>>>>>                  ] 2666/7824, 84.7 task/s, elapsed: 31s, ETA:    61s[>>>>>>>>>                  ] 2667/7824, 84.7 task/s, elapsed: 31s, ETA:    61s[>>>>>>>>>                  ] 2668/7824, 84.7 task/s, elapsed: 32s, ETA:    61s[>>>>>>>>>                  ] 2669/7824, 84.7 task/s, elapsed: 32s, ETA:    61s[>>>>>>>>>                  ] 2670/7824, 84.7 task/s, elapsed: 32s, ETA:    61s[>>>>>>>>>                  ] 2671/7824, 84.7 task/s, elapsed: 32s, ETA:    61s[>>>>>>>>>                  ] 2672/7824, 84.7 task/s, elapsed: 32s, ETA:    61s[>>>>>>>>>                  ] 2673/7824, 84.7 task/s, elapsed: 32s, ETA:    61s[>>>>>>>>>                  ] 2674/7824, 84.7 task/s, elapsed: 32s, ETA:    61s[>>>>>>>>>                  ] 2675/7824, 84.7 task/s, elapsed: 32s, ETA:    61s[>>>>>>>>>                  ] 2676/7824, 84.7 task/s, elapsed: 32s, ETA:    61s[>>>>>>>>>                  ] 2677/7824, 84.7 task/s, elapsed: 32s, ETA:    61s[>>>>>>>>>                  ] 2678/7824, 84.7 task/s, elapsed: 32s, ETA:    61s[>>>>>>>>>                  ] 2679/7824, 84.7 task/s, elapsed: 32s, ETA:    61s[>>>>>>>>>                  ] 2680/7824, 84.7 task/s, elapsed: 32s, ETA:    61s[>>>>>>>>>                  ] 2681/7824, 84.7 task/s, elapsed: 32s, ETA:    61s[>>>>>>>>>                  ] 2682/7824, 84.8 task/s, elapsed: 32s, ETA:    61s[>>>>>>>>>                  ] 2683/7824, 84.8 task/s, elapsed: 32s, ETA:    61s[>>>>>>>>>                  ] 2684/7824, 84.8 task/s, elapsed: 32s, ETA:    61s[>>>>>>>>>                  ] 2685/7824, 84.8 task/s, elapsed: 32s, ETA:    61s[>>>>>>>>>                  ] 2686/7824, 84.8 task/s, elapsed: 32s, ETA:    61s[>>>>>>>>>                  ] 2687/7824, 84.8 task/s, elapsed: 32s, ETA:    61s[>>>>>>>>>                  ] 2688/7824, 84.8 task/s, elapsed: 32s, ETA:    61s[>>>>>>>>>                  ] 2689/7824, 84.8 task/s, elapsed: 32s, ETA:    61s[>>>>>>>>>                  ] 2690/7824, 84.8 task/s, elapsed: 32s, ETA:    61s[>>>>>>>>>                  ] 2691/7824, 84.8 task/s, elapsed: 32s, ETA:    61s[>>>>>>>>>                  ] 2692/7824, 84.8 task/s, elapsed: 32s, ETA:    61s[>>>>>>>>>                  ] 2693/7824, 84.8 task/s, elapsed: 32s, ETA:    60s[>>>>>>>>>                  ] 2694/7824, 84.8 task/s, elapsed: 32s, ETA:    60s[>>>>>>>>>                  ] 2695/7824, 84.8 task/s, elapsed: 32s, ETA:    60s[>>>>>>>>>                  ] 2696/7824, 84.8 task/s, elapsed: 32s, ETA:    60s[>>>>>>>>>                  ] 2697/7824, 84.8 task/s, elapsed: 32s, ETA:    60s[>>>>>>>>>                  ] 2698/7824, 84.8 task/s, elapsed: 32s, ETA:    60s[>>>>>>>>>                  ] 2699/7824, 84.8 task/s, elapsed: 32s, ETA:    60s[>>>>>>>>>                  ] 2700/7824, 84.8 task/s, elapsed: 32s, ETA:    60s[>>>>>>>>>                  ] 2701/7824, 84.8 task/s, elapsed: 32s, ETA:    60s[>>>>>>>>>                  ] 2702/7824, 84.8 task/s, elapsed: 32s, ETA:    60s[>>>>>>>>>                  ] 2703/7824, 84.9 task/s, elapsed: 32s, ETA:    60s[>>>>>>>>>                  ] 2704/7824, 84.9 task/s, elapsed: 32s, ETA:    60s[>>>>>>>>>                  ] 2705/7824, 84.9 task/s, elapsed: 32s, ETA:    60s[>>>>>>>>>                  ] 2706/7824, 84.9 task/s, elapsed: 32s, ETA:    60s[>>>>>>>>>                  ] 2707/7824, 84.9 task/s, elapsed: 32s, ETA:    60s[>>>>>>>>>                  ] 2708/7824, 84.9 task/s, elapsed: 32s, ETA:    60s[>>>>>>>>>                  ] 2709/7824, 84.9 task/s, elapsed: 32s, ETA:    60s[>>>>>>>>>                  ] 2710/7824, 84.9 task/s, elapsed: 32s, ETA:    60s[>>>>>>>>>                  ] 2711/7824, 84.9 task/s, elapsed: 32s, ETA:    60s[>>>>>>>>>                  ] 2712/7824, 84.9 task/s, elapsed: 32s, ETA:    60s[>>>>>>>>>                  ] 2713/7824, 84.9 task/s, elapsed: 32s, ETA:    60s[>>>>>>>>>                  ] 2714/7824, 84.9 task/s, elapsed: 32s, ETA:    60s[>>>>>>>>>                  ] 2715/7824, 84.9 task/s, elapsed: 32s, ETA:    60s[>>>>>>>>>                  ] 2716/7824, 84.9 task/s, elapsed: 32s, ETA:    60s[>>>>>>>>>                  ] 2717/7824, 84.9 task/s, elapsed: 32s, ETA:    60s[>>>>>>>>>                  ] 2718/7824, 84.9 task/s, elapsed: 32s, ETA:    60s[>>>>>>>>>                  ] 2719/7824, 84.9 task/s, elapsed: 32s, ETA:    60s[>>>>>>>>>                  ] 2720/7824, 84.9 task/s, elapsed: 32s, ETA:    60s[>>>>>>>>>                  ] 2721/7824, 84.9 task/s, elapsed: 32s, ETA:    60s[>>>>>>>>>                  ] 2722/7824, 84.9 task/s, elapsed: 32s, ETA:    60s[>>>>>>>>>                  ] 2723/7824, 84.9 task/s, elapsed: 32s, ETA:    60s[>>>>>>>>>                  ] 2724/7824, 85.0 task/s, elapsed: 32s, ETA:    60s[>>>>>>>>>                  ] 2725/7824, 85.0 task/s, elapsed: 32s, ETA:    60s[>>>>>>>>>                  ] 2726/7824, 85.0 task/s, elapsed: 32s, ETA:    60s[>>>>>>>>>                  ] 2727/7824, 85.0 task/s, elapsed: 32s, ETA:    60s[>>>>>>>>>                  ] 2728/7824, 85.0 task/s, elapsed: 32s, ETA:    60s[>>>>>>>>>                  ] 2729/7824, 85.0 task/s, elapsed: 32s, ETA:    60s[>>>>>>>>>                  ] 2730/7824, 85.0 task/s, elapsed: 32s, ETA:    60s[>>>>>>>>>                  ] 2731/7824, 85.0 task/s, elapsed: 32s, ETA:    60s[>>>>>>>>>                  ] 2732/7824, 85.0 task/s, elapsed: 32s, ETA:    60s[>>>>>>>>>                  ] 2733/7824, 85.0 task/s, elapsed: 32s, ETA:    60s[>>>>>>>>>                  ] 2734/7824, 85.0 task/s, elapsed: 32s, ETA:    60s[>>>>>>>>>                  ] 2735/7824, 85.0 task/s, elapsed: 32s, ETA:    60s[>>>>>>>>>                  ] 2736/7824, 85.0 task/s, elapsed: 32s, ETA:    60s[>>>>>>>>>                  ] 2737/7824, 85.0 task/s, elapsed: 32s, ETA:    60s[>>>>>>>>>                  ] 2738/7824, 85.0 task/s, elapsed: 32s, ETA:    60s[>>>>>>>>>                  ] 2739/7824, 85.0 task/s, elapsed: 32s, ETA:    60s[>>>>>>>>>                  ] 2740/7824, 85.0 task/s, elapsed: 32s, ETA:    60s[>>>>>>>>>                  ] 2741/7824, 85.0 task/s, elapsed: 32s, ETA:    60s[>>>>>>>>>                  ] 2742/7824, 85.0 task/s, elapsed: 32s, ETA:    60s[>>>>>>>>>                  ] 2743/7824, 85.1 task/s, elapsed: 32s, ETA:    60s[>>>>>>>>>                  ] 2744/7824, 85.1 task/s, elapsed: 32s, ETA:    60s[>>>>>>>>>                  ] 2745/7824, 85.1 task/s, elapsed: 32s, ETA:    60s[>>>>>>>>>                  ] 2746/7824, 85.1 task/s, elapsed: 32s, ETA:    60s[>>>>>>>>>                  ] 2747/7824, 85.1 task/s, elapsed: 32s, ETA:    60s[>>>>>>>>>                  ] 2748/7824, 85.1 task/s, elapsed: 32s, ETA:    60s[>>>>>>>>>                  ] 2749/7824, 85.1 task/s, elapsed: 32s, ETA:    60s[>>>>>>>>>                  ] 2750/7824, 85.1 task/s, elapsed: 32s, ETA:    60s[>>>>>>>>>                  ] 2751/7824, 85.1 task/s, elapsed: 32s, ETA:    60s[>>>>>>>>>                  ] 2752/7824, 85.1 task/s, elapsed: 32s, ETA:    60s[>>>>>>>>>                  ] 2753/7824, 85.1 task/s, elapsed: 32s, ETA:    60s[>>>>>>>>>                  ] 2754/7824, 85.1 task/s, elapsed: 32s, ETA:    60s[>>>>>>>>>                  ] 2755/7824, 85.1 task/s, elapsed: 32s, ETA:    60s[>>>>>>>>>                  ] 2756/7824, 85.1 task/s, elapsed: 32s, ETA:    60s[>>>>>>>>>                  ] 2757/7824, 85.1 task/s, elapsed: 32s, ETA:    60s[>>>>>>>>>                  ] 2758/7824, 85.2 task/s, elapsed: 32s, ETA:    59s[>>>>>>>>>                  ] 2759/7824, 85.2 task/s, elapsed: 32s, ETA:    59s[>>>>>>>>>                  ] 2760/7824, 85.2 task/s, elapsed: 32s, ETA:    59s[>>>>>>>>>                  ] 2761/7824, 85.2 task/s, elapsed: 32s, ETA:    59s[>>>>>>>>>                  ] 2762/7824, 85.2 task/s, elapsed: 32s, ETA:    59s[>>>>>>>>>                  ] 2763/7824, 85.2 task/s, elapsed: 32s, ETA:    59s[>>>>>>>>>                  ] 2764/7824, 85.2 task/s, elapsed: 32s, ETA:    59s[>>>>>>>>>                  ] 2765/7824, 85.2 task/s, elapsed: 32s, ETA:    59s[>>>>>>>>>                  ] 2766/7824, 85.2 task/s, elapsed: 32s, ETA:    59s[>>>>>>>>>                  ] 2767/7824, 85.2 task/s, elapsed: 32s, ETA:    59s[>>>>>>>>>                  ] 2768/7824, 85.2 task/s, elapsed: 32s, ETA:    59s[>>>>>>>>>                  ] 2769/7824, 85.2 task/s, elapsed: 32s, ETA:    59s[>>>>>>>>>                  ] 2770/7824, 85.2 task/s, elapsed: 33s, ETA:    59s[>>>>>>>>>                  ] 2771/7824, 85.2 task/s, elapsed: 33s, ETA:    59s[>>>>>>>>>                  ] 2772/7824, 85.2 task/s, elapsed: 33s, ETA:    59s[>>>>>>>>>                  ] 2773/7824, 85.2 task/s, elapsed: 33s, ETA:    59s[>>>>>>>>>                  ] 2774/7824, 85.2 task/s, elapsed: 33s, ETA:    59s[>>>>>>>>>                  ] 2775/7824, 85.2 task/s, elapsed: 33s, ETA:    59s[>>>>>>>>>                  ] 2776/7824, 85.2 task/s, elapsed: 33s, ETA:    59s[>>>>>>>>>                  ] 2777/7824, 85.2 task/s, elapsed: 33s, ETA:    59s[>>>>>>>>>                  ] 2778/7824, 85.2 task/s, elapsed: 33s, ETA:    59s[>>>>>>>>>                  ] 2779/7824, 85.3 task/s, elapsed: 33s, ETA:    59s[>>>>>>>>>                  ] 2780/7824, 85.3 task/s, elapsed: 33s, ETA:    59s[>>>>>>>>>                  ] 2781/7824, 85.3 task/s, elapsed: 33s, ETA:    59s[>>>>>>>>>                  ] 2782/7824, 85.3 task/s, elapsed: 33s, ETA:    59s[>>>>>>>>>                  ] 2783/7824, 85.3 task/s, elapsed: 33s, ETA:    59s[>>>>>>>>>                  ] 2784/7824, 85.3 task/s, elapsed: 33s, ETA:    59s[>>>>>>>>>                  ] 2785/7824, 85.3 task/s, elapsed: 33s, ETA:    59s[>>>>>>>>>                  ] 2786/7824, 85.3 task/s, elapsed: 33s, ETA:    59s[>>>>>>>>>                  ] 2787/7824, 85.3 task/s, elapsed: 33s, ETA:    59s[>>>>>>>>>                  ] 2788/7824, 85.3 task/s, elapsed: 33s, ETA:    59s[>>>>>>>>>                  ] 2789/7824, 85.3 task/s, elapsed: 33s, ETA:    59s[>>>>>>>>>                  ] 2790/7824, 85.3 task/s, elapsed: 33s, ETA:    59s[>>>>>>>>>                  ] 2791/7824, 85.3 task/s, elapsed: 33s, ETA:    59s[>>>>>>>>>                  ] 2792/7824, 85.3 task/s, elapsed: 33s, ETA:    59s[>>>>>>>>>                  ] 2793/7824, 85.3 task/s, elapsed: 33s, ETA:    59s[>>>>>>>>>                  ] 2794/7824, 85.3 task/s, elapsed: 33s, ETA:    59s[>>>>>>>>>                  ] 2795/7824, 85.3 task/s, elapsed: 33s, ETA:    59s[>>>>>>>>>                  ] 2796/7824, 85.4 task/s, elapsed: 33s, ETA:    59s[>>>>>>>>>                  ] 2797/7824, 85.4 task/s, elapsed: 33s, ETA:    59s[>>>>>>>>>                  ] 2798/7824, 85.4 task/s, elapsed: 33s, ETA:    59s[>>>>>>>>>                  ] 2799/7824, 85.4 task/s, elapsed: 33s, ETA:    59s[>>>>>>>>>                  ] 2800/7824, 85.4 task/s, elapsed: 33s, ETA:    59s[>>>>>>>>>                  ] 2801/7824, 85.4 task/s, elapsed: 33s, ETA:    59s[>>>>>>>>>                  ] 2802/7824, 85.4 task/s, elapsed: 33s, ETA:    59s[>>>>>>>>>                  ] 2803/7824, 85.4 task/s, elapsed: 33s, ETA:    59s[>>>>>>>>>                  ] 2804/7824, 85.4 task/s, elapsed: 33s, ETA:    59s[>>>>>>>>>                  ] 2805/7824, 85.4 task/s, elapsed: 33s, ETA:    59s[>>>>>>>>>                  ] 2806/7824, 85.4 task/s, elapsed: 33s, ETA:    59s[>>>>>>>>>                  ] 2807/7824, 85.4 task/s, elapsed: 33s, ETA:    59s[>>>>>>>>>                  ] 2808/7824, 85.4 task/s, elapsed: 33s, ETA:    59s[>>>>>>>>>                  ] 2809/7824, 85.4 task/s, elapsed: 33s, ETA:    59s[>>>>>>>>>                  ] 2810/7824, 85.4 task/s, elapsed: 33s, ETA:    59s[>>>>>>>>>                  ] 2811/7824, 85.4 task/s, elapsed: 33s, ETA:    59s[>>>>>>>>>                  ] 2812/7824, 85.4 task/s, elapsed: 33s, ETA:    59s[>>>>>>>>>                  ] 2813/7824, 85.4 task/s, elapsed: 33s, ETA:    59s[>>>>>>>>>                  ] 2814/7824, 85.4 task/s, elapsed: 33s, ETA:    59s[>>>>>>>>>                  ] 2815/7824, 85.4 task/s, elapsed: 33s, ETA:    59s[>>>>>>>>>                  ] 2816/7824, 85.4 task/s, elapsed: 33s, ETA:    59s[>>>>>>>>>                  ] 2817/7824, 85.4 task/s, elapsed: 33s, ETA:    59s[>>>>>>>>>                  ] 2818/7824, 85.4 task/s, elapsed: 33s, ETA:    59s[>>>>>>>>>                  ] 2819/7824, 85.5 task/s, elapsed: 33s, ETA:    59s[>>>>>>>>>                  ] 2820/7824, 85.5 task/s, elapsed: 33s, ETA:    59s[>>>>>>>>>                  ] 2821/7824, 85.5 task/s, elapsed: 33s, ETA:    59s[>>>>>>>>>                  ] 2822/7824, 85.5 task/s, elapsed: 33s, ETA:    59s[>>>>>>>>>                  ] 2823/7824, 85.5 task/s, elapsed: 33s, ETA:    59s[>>>>>>>>>                  ] 2824/7824, 85.5 task/s, elapsed: 33s, ETA:    58s[>>>>>>>>>                  ] 2825/7824, 85.5 task/s, elapsed: 33s, ETA:    58s[>>>>>>>>>                  ] 2826/7824, 85.5 task/s, elapsed: 33s, ETA:    58s[>>>>>>>>>                  ] 2827/7824, 85.5 task/s, elapsed: 33s, ETA:    58s[>>>>>>>>>                  ] 2828/7824, 85.5 task/s, elapsed: 33s, ETA:    58s[>>>>>>>>>                  ] 2829/7824, 85.5 task/s, elapsed: 33s, ETA:    58s[>>>>>>>>>                  ] 2830/7824, 85.5 task/s, elapsed: 33s, ETA:    58s[>>>>>>>>>                  ] 2831/7824, 85.5 task/s, elapsed: 33s, ETA:    58s[>>>>>>>>>                  ] 2832/7824, 85.5 task/s, elapsed: 33s, ETA:    58s[>>>>>>>>>                  ] 2833/7824, 85.5 task/s, elapsed: 33s, ETA:    58s[>>>>>>>>>                  ] 2834/7824, 85.5 task/s, elapsed: 33s, ETA:    58s[>>>>>>>>>                  ] 2835/7824, 85.5 task/s, elapsed: 33s, ETA:    58s[>>>>>>>>>                  ] 2836/7824, 85.6 task/s, elapsed: 33s, ETA:    58s[>>>>>>>>>                  ] 2837/7824, 85.6 task/s, elapsed: 33s, ETA:    58s[>>>>>>>>>                  ] 2838/7824, 85.6 task/s, elapsed: 33s, ETA:    58s[>>>>>>>>>                  ] 2839/7824, 85.6 task/s, elapsed: 33s, ETA:    58s[>>>>>>>>>                  ] 2840/7824, 85.6 task/s, elapsed: 33s, ETA:    58s[>>>>>>>>>                  ] 2841/7824, 85.6 task/s, elapsed: 33s, ETA:    58s[>>>>>>>>>                  ] 2842/7824, 85.6 task/s, elapsed: 33s, ETA:    58s[>>>>>>>>>                  ] 2843/7824, 85.6 task/s, elapsed: 33s, ETA:    58s[>>>>>>>>>                  ] 2844/7824, 85.6 task/s, elapsed: 33s, ETA:    58s[>>>>>>>>>                  ] 2845/7824, 85.6 task/s, elapsed: 33s, ETA:    58s[>>>>>>>>>                  ] 2846/7824, 85.6 task/s, elapsed: 33s, ETA:    58s[>>>>>>>>>                  ] 2847/7824, 85.6 task/s, elapsed: 33s, ETA:    58s[>>>>>>>>>                  ] 2848/7824, 85.6 task/s, elapsed: 33s, ETA:    58s[>>>>>>>>>                  ] 2849/7824, 85.6 task/s, elapsed: 33s, ETA:    58s[>>>>>>>>>                  ] 2850/7824, 85.6 task/s, elapsed: 33s, ETA:    58s[>>>>>>>>>                  ] 2851/7824, 85.6 task/s, elapsed: 33s, ETA:    58s[>>>>>>>>>                  ] 2852/7824, 85.6 task/s, elapsed: 33s, ETA:    58s[>>>>>>>>>                  ] 2853/7824, 85.6 task/s, elapsed: 33s, ETA:    58s[>>>>>>>>>                  ] 2854/7824, 85.6 task/s, elapsed: 33s, ETA:    58s[>>>>>>>>>                  ] 2855/7824, 85.6 task/s, elapsed: 33s, ETA:    58s[>>>>>>>>>                  ] 2856/7824, 85.7 task/s, elapsed: 33s, ETA:    58s[>>>>>>>>>                  ] 2857/7824, 85.7 task/s, elapsed: 33s, ETA:    58s[>>>>>>>>>                  ] 2858/7824, 85.7 task/s, elapsed: 33s, ETA:    58s[>>>>>>>>>                  ] 2859/7824, 85.7 task/s, elapsed: 33s, ETA:    58s[>>>>>>>>>                  ] 2860/7824, 85.7 task/s, elapsed: 33s, ETA:    58s[>>>>>>>>>                  ] 2861/7824, 85.7 task/s, elapsed: 33s, ETA:    58s[>>>>>>>>>                  ] 2862/7824, 85.7 task/s, elapsed: 33s, ETA:    58s[>>>>>>>>>                  ] 2863/7824, 85.7 task/s, elapsed: 33s, ETA:    58s[>>>>>>>>>                  ] 2864/7824, 85.7 task/s, elapsed: 33s, ETA:    58s[>>>>>>>>>                  ] 2865/7824, 85.7 task/s, elapsed: 33s, ETA:    58s[>>>>>>>>>                  ] 2866/7824, 85.7 task/s, elapsed: 33s, ETA:    58s[>>>>>>>>>                  ] 2867/7824, 85.7 task/s, elapsed: 33s, ETA:    58s[>>>>>>>>>                  ] 2868/7824, 85.7 task/s, elapsed: 33s, ETA:    58s[>>>>>>>>>                  ] 2869/7824, 85.7 task/s, elapsed: 33s, ETA:    58s[>>>>>>>>>                  ] 2870/7824, 85.7 task/s, elapsed: 33s, ETA:    58s[>>>>>>>>>                  ] 2871/7824, 85.7 task/s, elapsed: 33s, ETA:    58s[>>>>>>>>>                  ] 2872/7824, 85.7 task/s, elapsed: 34s, ETA:    58s[>>>>>>>>>                  ] 2873/7824, 85.7 task/s, elapsed: 34s, ETA:    58s[>>>>>>>>>                  ] 2874/7824, 85.7 task/s, elapsed: 34s, ETA:    58s[>>>>>>>>>                  ] 2875/7824, 85.7 task/s, elapsed: 34s, ETA:    58s[>>>>>>>>>                  ] 2876/7824, 85.7 task/s, elapsed: 34s, ETA:    58s[>>>>>>>>>                  ] 2877/7824, 85.7 task/s, elapsed: 34s, ETA:    58s[>>>>>>>>>                  ] 2878/7824, 85.7 task/s, elapsed: 34s, ETA:    58s[>>>>>>>>>                  ] 2879/7824, 85.8 task/s, elapsed: 34s, ETA:    58s[>>>>>>>>>                  ] 2880/7824, 85.8 task/s, elapsed: 34s, ETA:    58s[>>>>>>>>>                  ] 2881/7824, 85.8 task/s, elapsed: 34s, ETA:    58s[>>>>>>>>>                  ] 2882/7824, 85.8 task/s, elapsed: 34s, ETA:    58s[>>>>>>>>>                  ] 2883/7824, 85.8 task/s, elapsed: 34s, ETA:    58s[>>>>>>>>>                  ] 2884/7824, 85.8 task/s, elapsed: 34s, ETA:    58s[>>>>>>>>>                  ] 2885/7824, 85.8 task/s, elapsed: 34s, ETA:    58s[>>>>>>>>>                  ] 2886/7824, 85.8 task/s, elapsed: 34s, ETA:    58s[>>>>>>>>>                  ] 2887/7824, 85.8 task/s, elapsed: 34s, ETA:    58s[>>>>>>>>>                  ] 2888/7824, 85.8 task/s, elapsed: 34s, ETA:    58s[>>>>>>>>>                  ] 2889/7824, 85.8 task/s, elapsed: 34s, ETA:    58s[>>>>>>>>>                  ] 2890/7824, 85.8 task/s, elapsed: 34s, ETA:    57s[>>>>>>>>>                  ] 2891/7824, 85.8 task/s, elapsed: 34s, ETA:    57s[>>>>>>>>>                  ] 2892/7824, 85.8 task/s, elapsed: 34s, ETA:    57s[>>>>>>>>>                  ] 2893/7824, 85.8 task/s, elapsed: 34s, ETA:    57s[>>>>>>>>>                  ] 2894/7824, 85.8 task/s, elapsed: 34s, ETA:    57s[>>>>>>>>>                  ] 2895/7824, 85.9 task/s, elapsed: 34s, ETA:    57s[>>>>>>>>>                  ] 2896/7824, 85.9 task/s, elapsed: 34s, ETA:    57s[>>>>>>>>>                  ] 2897/7824, 85.9 task/s, elapsed: 34s, ETA:    57s[>>>>>>>>>>                 ] 2898/7824, 85.9 task/s, elapsed: 34s, ETA:    57s[>>>>>>>>>>                 ] 2899/7824, 85.9 task/s, elapsed: 34s, ETA:    57s[>>>>>>>>>>                 ] 2900/7824, 85.9 task/s, elapsed: 34s, ETA:    57s[>>>>>>>>>>                 ] 2901/7824, 85.9 task/s, elapsed: 34s, ETA:    57s[>>>>>>>>>>                 ] 2902/7824, 85.9 task/s, elapsed: 34s, ETA:    57s[>>>>>>>>>>                 ] 2903/7824, 85.9 task/s, elapsed: 34s, ETA:    57s[>>>>>>>>>>                 ] 2904/7824, 85.9 task/s, elapsed: 34s, ETA:    57s[>>>>>>>>>>                 ] 2905/7824, 85.9 task/s, elapsed: 34s, ETA:    57s[>>>>>>>>>>                 ] 2906/7824, 85.9 task/s, elapsed: 34s, ETA:    57s[>>>>>>>>>>                 ] 2907/7824, 85.9 task/s, elapsed: 34s, ETA:    57s[>>>>>>>>>>                 ] 2908/7824, 85.9 task/s, elapsed: 34s, ETA:    57s[>>>>>>>>>>                 ] 2909/7824, 85.9 task/s, elapsed: 34s, ETA:    57s[>>>>>>>>>>                 ] 2910/7824, 86.0 task/s, elapsed: 34s, ETA:    57s[>>>>>>>>>>                 ] 2911/7824, 86.0 task/s, elapsed: 34s, ETA:    57s[>>>>>>>>>>                 ] 2912/7824, 86.0 task/s, elapsed: 34s, ETA:    57s[>>>>>>>>>>                 ] 2913/7824, 86.0 task/s, elapsed: 34s, ETA:    57s[>>>>>>>>>>                 ] 2914/7824, 86.0 task/s, elapsed: 34s, ETA:    57s[>>>>>>>>>>                 ] 2915/7824, 86.0 task/s, elapsed: 34s, ETA:    57s[>>>>>>>>>>                 ] 2916/7824, 86.0 task/s, elapsed: 34s, ETA:    57s[>>>>>>>>>>                 ] 2917/7824, 86.0 task/s, elapsed: 34s, ETA:    57s[>>>>>>>>>>                 ] 2918/7824, 86.0 task/s, elapsed: 34s, ETA:    57s[>>>>>>>>>>                 ] 2919/7824, 86.0 task/s, elapsed: 34s, ETA:    57s[>>>>>>>>>>                 ] 2920/7824, 86.0 task/s, elapsed: 34s, ETA:    57s[>>>>>>>>>>                 ] 2921/7824, 86.0 task/s, elapsed: 34s, ETA:    57s[>>>>>>>>>>                 ] 2922/7824, 86.0 task/s, elapsed: 34s, ETA:    57s[>>>>>>>>>>                 ] 2923/7824, 86.0 task/s, elapsed: 34s, ETA:    57s[>>>>>>>>>>                 ] 2924/7824, 86.0 task/s, elapsed: 34s, ETA:    57s[>>>>>>>>>>                 ] 2925/7824, 86.0 task/s, elapsed: 34s, ETA:    57s[>>>>>>>>>>                 ] 2926/7824, 86.0 task/s, elapsed: 34s, ETA:    57s[>>>>>>>>>>                 ] 2927/7824, 86.1 task/s, elapsed: 34s, ETA:    57s[>>>>>>>>>>                 ] 2928/7824, 86.1 task/s, elapsed: 34s, ETA:    57s[>>>>>>>>>>                 ] 2929/7824, 86.1 task/s, elapsed: 34s, ETA:    57s[>>>>>>>>>>                 ] 2930/7824, 86.1 task/s, elapsed: 34s, ETA:    57s[>>>>>>>>>>                 ] 2931/7824, 86.1 task/s, elapsed: 34s, ETA:    57s[>>>>>>>>>>                 ] 2932/7824, 86.1 task/s, elapsed: 34s, ETA:    57s[>>>>>>>>>>                 ] 2933/7824, 86.1 task/s, elapsed: 34s, ETA:    57s[>>>>>>>>>>                 ] 2934/7824, 86.1 task/s, elapsed: 34s, ETA:    57s[>>>>>>>>>>                 ] 2935/7824, 86.1 task/s, elapsed: 34s, ETA:    57s[>>>>>>>>>>                 ] 2936/7824, 86.1 task/s, elapsed: 34s, ETA:    57s[>>>>>>>>>>                 ] 2937/7824, 86.1 task/s, elapsed: 34s, ETA:    57s[>>>>>>>>>>                 ] 2938/7824, 86.1 task/s, elapsed: 34s, ETA:    57s[>>>>>>>>>>                 ] 2939/7824, 86.1 task/s, elapsed: 34s, ETA:    57s[>>>>>>>>>>                 ] 2940/7824, 86.1 task/s, elapsed: 34s, ETA:    57s[>>>>>>>>>>                 ] 2941/7824, 86.1 task/s, elapsed: 34s, ETA:    57s[>>>>>>>>>>                 ] 2942/7824, 86.1 task/s, elapsed: 34s, ETA:    57s[>>>>>>>>>>                 ] 2943/7824, 86.1 task/s, elapsed: 34s, ETA:    57s[>>>>>>>>>>                 ] 2944/7824, 86.1 task/s, elapsed: 34s, ETA:    57s[>>>>>>>>>>                 ] 2945/7824, 86.1 task/s, elapsed: 34s, ETA:    57s[>>>>>>>>>>                 ] 2946/7824, 86.2 task/s, elapsed: 34s, ETA:    57s[>>>>>>>>>>                 ] 2947/7824, 86.2 task/s, elapsed: 34s, ETA:    57s[>>>>>>>>>>                 ] 2948/7824, 86.2 task/s, elapsed: 34s, ETA:    57s[>>>>>>>>>>                 ] 2949/7824, 86.2 task/s, elapsed: 34s, ETA:    57s[>>>>>>>>>>                 ] 2950/7824, 86.2 task/s, elapsed: 34s, ETA:    57s[>>>>>>>>>>                 ] 2951/7824, 86.2 task/s, elapsed: 34s, ETA:    57s[>>>>>>>>>>                 ] 2952/7824, 86.2 task/s, elapsed: 34s, ETA:    57s[>>>>>>>>>>                 ] 2953/7824, 86.2 task/s, elapsed: 34s, ETA:    57s[>>>>>>>>>>                 ] 2954/7824, 86.2 task/s, elapsed: 34s, ETA:    56s[>>>>>>>>>>                 ] 2955/7824, 86.2 task/s, elapsed: 34s, ETA:    56s[>>>>>>>>>>                 ] 2956/7824, 86.2 task/s, elapsed: 34s, ETA:    56s[>>>>>>>>>>                 ] 2957/7824, 86.2 task/s, elapsed: 34s, ETA:    56s[>>>>>>>>>>                 ] 2958/7824, 86.2 task/s, elapsed: 34s, ETA:    56s[>>>>>>>>>>                 ] 2959/7824, 86.2 task/s, elapsed: 34s, ETA:    56s[>>>>>>>>>>                 ] 2960/7824, 86.2 task/s, elapsed: 34s, ETA:    56s[>>>>>>>>>>                 ] 2961/7824, 86.2 task/s, elapsed: 34s, ETA:    56s[>>>>>>>>>>                 ] 2962/7824, 86.3 task/s, elapsed: 34s, ETA:    56s[>>>>>>>>>>                 ] 2963/7824, 86.3 task/s, elapsed: 34s, ETA:    56s[>>>>>>>>>>                 ] 2964/7824, 86.3 task/s, elapsed: 34s, ETA:    56s[>>>>>>>>>>                 ] 2965/7824, 86.3 task/s, elapsed: 34s, ETA:    56s[>>>>>>>>>>                 ] 2966/7824, 86.3 task/s, elapsed: 34s, ETA:    56s[>>>>>>>>>>                 ] 2967/7824, 86.3 task/s, elapsed: 34s, ETA:    56s[>>>>>>>>>>                 ] 2968/7824, 86.3 task/s, elapsed: 34s, ETA:    56s[>>>>>>>>>>                 ] 2969/7824, 86.3 task/s, elapsed: 34s, ETA:    56s[>>>>>>>>>>                 ] 2970/7824, 86.3 task/s, elapsed: 34s, ETA:    56s[>>>>>>>>>>                 ] 2971/7824, 86.3 task/s, elapsed: 34s, ETA:    56s[>>>>>>>>>>                 ] 2972/7824, 86.3 task/s, elapsed: 34s, ETA:    56s[>>>>>>>>>>                 ] 2973/7824, 86.3 task/s, elapsed: 34s, ETA:    56s[>>>>>>>>>>                 ] 2974/7824, 86.3 task/s, elapsed: 34s, ETA:    56s[>>>>>>>>>>                 ] 2975/7824, 86.3 task/s, elapsed: 34s, ETA:    56s[>>>>>>>>>>                 ] 2976/7824, 86.3 task/s, elapsed: 34s, ETA:    56s[>>>>>>>>>>                 ] 2977/7824, 86.3 task/s, elapsed: 34s, ETA:    56s[>>>>>>>>>>                 ] 2978/7824, 86.4 task/s, elapsed: 34s, ETA:    56s[>>>>>>>>>>                 ] 2979/7824, 86.4 task/s, elapsed: 34s, ETA:    56s[>>>>>>>>>>                 ] 2980/7824, 86.4 task/s, elapsed: 35s, ETA:    56s[>>>>>>>>>>                 ] 2981/7824, 86.4 task/s, elapsed: 35s, ETA:    56s[>>>>>>>>>>                 ] 2982/7824, 86.4 task/s, elapsed: 35s, ETA:    56s[>>>>>>>>>>                 ] 2983/7824, 86.4 task/s, elapsed: 35s, ETA:    56s[>>>>>>>>>>                 ] 2984/7824, 86.4 task/s, elapsed: 35s, ETA:    56s[>>>>>>>>>>                 ] 2985/7824, 86.4 task/s, elapsed: 35s, ETA:    56s[>>>>>>>>>>                 ] 2986/7824, 86.4 task/s, elapsed: 35s, ETA:    56s[>>>>>>>>>>                 ] 2987/7824, 86.4 task/s, elapsed: 35s, ETA:    56s[>>>>>>>>>>                 ] 2988/7824, 86.4 task/s, elapsed: 35s, ETA:    56s[>>>>>>>>>>                 ] 2989/7824, 86.4 task/s, elapsed: 35s, ETA:    56s[>>>>>>>>>>                 ] 2990/7824, 86.4 task/s, elapsed: 35s, ETA:    56s[>>>>>>>>>>                 ] 2991/7824, 86.4 task/s, elapsed: 35s, ETA:    56s[>>>>>>>>>>                 ] 2992/7824, 86.4 task/s, elapsed: 35s, ETA:    56s[>>>>>>>>>>                 ] 2993/7824, 86.4 task/s, elapsed: 35s, ETA:    56s[>>>>>>>>>>                 ] 2994/7824, 86.5 task/s, elapsed: 35s, ETA:    56s[>>>>>>>>>>                 ] 2995/7824, 86.5 task/s, elapsed: 35s, ETA:    56s[>>>>>>>>>>                 ] 2996/7824, 86.5 task/s, elapsed: 35s, ETA:    56s[>>>>>>>>>>                 ] 2997/7824, 86.5 task/s, elapsed: 35s, ETA:    56s[>>>>>>>>>>                 ] 2998/7824, 86.5 task/s, elapsed: 35s, ETA:    56s[>>>>>>>>>>                 ] 2999/7824, 86.5 task/s, elapsed: 35s, ETA:    56s[>>>>>>>>>>                 ] 3000/7824, 86.5 task/s, elapsed: 35s, ETA:    56s[>>>>>>>>>>                 ] 3001/7824, 86.5 task/s, elapsed: 35s, ETA:    56s[>>>>>>>>>>                 ] 3002/7824, 86.5 task/s, elapsed: 35s, ETA:    56s[>>>>>>>>>>                 ] 3003/7824, 86.5 task/s, elapsed: 35s, ETA:    56s[>>>>>>>>>>                 ] 3004/7824, 86.5 task/s, elapsed: 35s, ETA:    56s[>>>>>>>>>>                 ] 3005/7824, 86.5 task/s, elapsed: 35s, ETA:    56s[>>>>>>>>>>                 ] 3006/7824, 86.5 task/s, elapsed: 35s, ETA:    56s[>>>>>>>>>>                 ] 3007/7824, 86.5 task/s, elapsed: 35s, ETA:    56s[>>>>>>>>>>                 ] 3008/7824, 86.5 task/s, elapsed: 35s, ETA:    56s[>>>>>>>>>>                 ] 3009/7824, 86.5 task/s, elapsed: 35s, ETA:    56s[>>>>>>>>>>                 ] 3010/7824, 86.5 task/s, elapsed: 35s, ETA:    56s[>>>>>>>>>>                 ] 3011/7824, 86.5 task/s, elapsed: 35s, ETA:    56s[>>>>>>>>>>                 ] 3012/7824, 86.5 task/s, elapsed: 35s, ETA:    56s[>>>>>>>>>>                 ] 3013/7824, 86.5 task/s, elapsed: 35s, ETA:    56s[>>>>>>>>>>                 ] 3014/7824, 86.5 task/s, elapsed: 35s, ETA:    56s[>>>>>>>>>>                 ] 3015/7824, 86.5 task/s, elapsed: 35s, ETA:    56s[>>>>>>>>>>                 ] 3016/7824, 86.5 task/s, elapsed: 35s, ETA:    56s[>>>>>>>>>>                 ] 3017/7824, 86.6 task/s, elapsed: 35s, ETA:    56s[>>>>>>>>>>                 ] 3018/7824, 86.6 task/s, elapsed: 35s, ETA:    56s[>>>>>>>>>>                 ] 3019/7824, 86.6 task/s, elapsed: 35s, ETA:    56s[>>>>>>>>>>                 ] 3020/7824, 86.6 task/s, elapsed: 35s, ETA:    55s[>>>>>>>>>>                 ] 3021/7824, 86.6 task/s, elapsed: 35s, ETA:    55s[>>>>>>>>>>                 ] 3022/7824, 86.6 task/s, elapsed: 35s, ETA:    55s[>>>>>>>>>>                 ] 3023/7824, 86.6 task/s, elapsed: 35s, ETA:    55s[>>>>>>>>>>                 ] 3024/7824, 86.6 task/s, elapsed: 35s, ETA:    55s[>>>>>>>>>>                 ] 3025/7824, 86.6 task/s, elapsed: 35s, ETA:    55s[>>>>>>>>>>                 ] 3026/7824, 86.6 task/s, elapsed: 35s, ETA:    55s[>>>>>>>>>>                 ] 3027/7824, 86.6 task/s, elapsed: 35s, ETA:    55s[>>>>>>>>>>                 ] 3028/7824, 86.6 task/s, elapsed: 35s, ETA:    55s[>>>>>>>>>>                 ] 3029/7824, 86.6 task/s, elapsed: 35s, ETA:    55s[>>>>>>>>>>                 ] 3030/7824, 86.6 task/s, elapsed: 35s, ETA:    55s[>>>>>>>>>>                 ] 3031/7824, 86.6 task/s, elapsed: 35s, ETA:    55s[>>>>>>>>>>                 ] 3032/7824, 86.6 task/s, elapsed: 35s, ETA:    55s[>>>>>>>>>>                 ] 3033/7824, 86.6 task/s, elapsed: 35s, ETA:    55s[>>>>>>>>>>                 ] 3034/7824, 86.6 task/s, elapsed: 35s, ETA:    55s[>>>>>>>>>>                 ] 3035/7824, 86.6 task/s, elapsed: 35s, ETA:    55s[>>>>>>>>>>                 ] 3036/7824, 86.6 task/s, elapsed: 35s, ETA:    55s[>>>>>>>>>>                 ] 3037/7824, 86.6 task/s, elapsed: 35s, ETA:    55s[>>>>>>>>>>                 ] 3038/7824, 86.7 task/s, elapsed: 35s, ETA:    55s[>>>>>>>>>>                 ] 3039/7824, 86.7 task/s, elapsed: 35s, ETA:    55s[>>>>>>>>>>                 ] 3040/7824, 86.7 task/s, elapsed: 35s, ETA:    55s[>>>>>>>>>>                 ] 3041/7824, 86.7 task/s, elapsed: 35s, ETA:    55s[>>>>>>>>>>                 ] 3042/7824, 86.7 task/s, elapsed: 35s, ETA:    55s[>>>>>>>>>>                 ] 3043/7824, 86.7 task/s, elapsed: 35s, ETA:    55s[>>>>>>>>>>                 ] 3044/7824, 86.7 task/s, elapsed: 35s, ETA:    55s[>>>>>>>>>>                 ] 3045/7824, 86.7 task/s, elapsed: 35s, ETA:    55s[>>>>>>>>>>                 ] 3046/7824, 86.7 task/s, elapsed: 35s, ETA:    55s[>>>>>>>>>>                 ] 3047/7824, 86.7 task/s, elapsed: 35s, ETA:    55s[>>>>>>>>>>                 ] 3048/7824, 86.7 task/s, elapsed: 35s, ETA:    55s[>>>>>>>>>>                 ] 3049/7824, 86.7 task/s, elapsed: 35s, ETA:    55s[>>>>>>>>>>                 ] 3050/7824, 86.7 task/s, elapsed: 35s, ETA:    55s[>>>>>>>>>>                 ] 3051/7824, 86.7 task/s, elapsed: 35s, ETA:    55s[>>>>>>>>>>                 ] 3052/7824, 86.7 task/s, elapsed: 35s, ETA:    55s[>>>>>>>>>>                 ] 3053/7824, 86.7 task/s, elapsed: 35s, ETA:    55s[>>>>>>>>>>                 ] 3054/7824, 86.8 task/s, elapsed: 35s, ETA:    55s[>>>>>>>>>>                 ] 3055/7824, 86.8 task/s, elapsed: 35s, ETA:    55s[>>>>>>>>>>                 ] 3056/7824, 86.8 task/s, elapsed: 35s, ETA:    55s[>>>>>>>>>>                 ] 3057/7824, 86.8 task/s, elapsed: 35s, ETA:    55s[>>>>>>>>>>                 ] 3058/7824, 86.8 task/s, elapsed: 35s, ETA:    55s[>>>>>>>>>>                 ] 3059/7824, 86.8 task/s, elapsed: 35s, ETA:    55s[>>>>>>>>>>                 ] 3060/7824, 86.8 task/s, elapsed: 35s, ETA:    55s[>>>>>>>>>>                 ] 3061/7824, 86.8 task/s, elapsed: 35s, ETA:    55s[>>>>>>>>>>                 ] 3062/7824, 86.8 task/s, elapsed: 35s, ETA:    55s[>>>>>>>>>>                 ] 3063/7824, 86.8 task/s, elapsed: 35s, ETA:    55s[>>>>>>>>>>                 ] 3064/7824, 86.8 task/s, elapsed: 35s, ETA:    55s[>>>>>>>>>>                 ] 3065/7824, 86.8 task/s, elapsed: 35s, ETA:    55s[>>>>>>>>>>                 ] 3066/7824, 86.8 task/s, elapsed: 35s, ETA:    55s[>>>>>>>>>>                 ] 3067/7824, 86.8 task/s, elapsed: 35s, ETA:    55s[>>>>>>>>>>                 ] 3068/7824, 86.8 task/s, elapsed: 35s, ETA:    55s[>>>>>>>>>>                 ] 3069/7824, 86.8 task/s, elapsed: 35s, ETA:    55s[>>>>>>>>>>                 ] 3070/7824, 86.8 task/s, elapsed: 35s, ETA:    55s[>>>>>>>>>>                 ] 3071/7824, 86.8 task/s, elapsed: 35s, ETA:    55s[>>>>>>>>>>                 ] 3072/7824, 86.9 task/s, elapsed: 35s, ETA:    55s[>>>>>>>>>>                 ] 3073/7824, 86.9 task/s, elapsed: 35s, ETA:    55s[>>>>>>>>>>                 ] 3074/7824, 86.9 task/s, elapsed: 35s, ETA:    55s[>>>>>>>>>>                 ] 3075/7824, 86.9 task/s, elapsed: 35s, ETA:    55s[>>>>>>>>>>                 ] 3076/7824, 86.9 task/s, elapsed: 35s, ETA:    55s[>>>>>>>>>>                 ] 3077/7824, 86.9 task/s, elapsed: 35s, ETA:    55s[>>>>>>>>>>                 ] 3078/7824, 86.9 task/s, elapsed: 35s, ETA:    55s[>>>>>>>>>>                 ] 3079/7824, 86.9 task/s, elapsed: 35s, ETA:    55s[>>>>>>>>>>                 ] 3080/7824, 86.9 task/s, elapsed: 35s, ETA:    55s[>>>>>>>>>>                 ] 3081/7824, 86.9 task/s, elapsed: 35s, ETA:    55s[>>>>>>>>>>                 ] 3082/7824, 86.9 task/s, elapsed: 35s, ETA:    55s[>>>>>>>>>>                 ] 3083/7824, 86.9 task/s, elapsed: 35s, ETA:    55s[>>>>>>>>>>                 ] 3084/7824, 86.9 task/s, elapsed: 35s, ETA:    55s[>>>>>>>>>>                 ] 3085/7824, 86.9 task/s, elapsed: 35s, ETA:    55s[>>>>>>>>>>                 ] 3086/7824, 86.9 task/s, elapsed: 35s, ETA:    55s[>>>>>>>>>>                 ] 3087/7824, 86.9 task/s, elapsed: 36s, ETA:    54s[>>>>>>>>>>                 ] 3088/7824, 86.9 task/s, elapsed: 36s, ETA:    54s[>>>>>>>>>>                 ] 3089/7824, 86.9 task/s, elapsed: 36s, ETA:    54s[>>>>>>>>>>                 ] 3090/7824, 87.0 task/s, elapsed: 36s, ETA:    54s[>>>>>>>>>>                 ] 3091/7824, 87.0 task/s, elapsed: 36s, ETA:    54s[>>>>>>>>>>                 ] 3092/7824, 87.0 task/s, elapsed: 36s, ETA:    54s[>>>>>>>>>>                 ] 3093/7824, 87.0 task/s, elapsed: 36s, ETA:    54s[>>>>>>>>>>                 ] 3094/7824, 87.0 task/s, elapsed: 36s, ETA:    54s[>>>>>>>>>>                 ] 3095/7824, 87.0 task/s, elapsed: 36s, ETA:    54s[>>>>>>>>>>                 ] 3096/7824, 87.0 task/s, elapsed: 36s, ETA:    54s[>>>>>>>>>>                 ] 3097/7824, 87.0 task/s, elapsed: 36s, ETA:    54s[>>>>>>>>>>                 ] 3098/7824, 87.0 task/s, elapsed: 36s, ETA:    54s[>>>>>>>>>>                 ] 3099/7824, 87.0 task/s, elapsed: 36s, ETA:    54s[>>>>>>>>>>                 ] 3100/7824, 87.0 task/s, elapsed: 36s, ETA:    54s[>>>>>>>>>>                 ] 3101/7824, 87.0 task/s, elapsed: 36s, ETA:    54s[>>>>>>>>>>                 ] 3102/7824, 87.0 task/s, elapsed: 36s, ETA:    54s[>>>>>>>>>>                 ] 3103/7824, 87.0 task/s, elapsed: 36s, ETA:    54s[>>>>>>>>>>                 ] 3104/7824, 87.0 task/s, elapsed: 36s, ETA:    54s[>>>>>>>>>>                 ] 3105/7824, 87.0 task/s, elapsed: 36s, ETA:    54s[>>>>>>>>>>                 ] 3106/7824, 87.0 task/s, elapsed: 36s, ETA:    54s[>>>>>>>>>>                 ] 3107/7824, 87.1 task/s, elapsed: 36s, ETA:    54s[>>>>>>>>>>                 ] 3108/7824, 87.1 task/s, elapsed: 36s, ETA:    54s[>>>>>>>>>>                 ] 3109/7824, 87.1 task/s, elapsed: 36s, ETA:    54s[>>>>>>>>>>                 ] 3110/7824, 87.1 task/s, elapsed: 36s, ETA:    54s[>>>>>>>>>>                 ] 3111/7824, 87.1 task/s, elapsed: 36s, ETA:    54s[>>>>>>>>>>                 ] 3112/7824, 87.1 task/s, elapsed: 36s, ETA:    54s[>>>>>>>>>>                 ] 3113/7824, 87.1 task/s, elapsed: 36s, ETA:    54s[>>>>>>>>>>                 ] 3114/7824, 87.1 task/s, elapsed: 36s, ETA:    54s[>>>>>>>>>>                 ] 3115/7824, 87.1 task/s, elapsed: 36s, ETA:    54s[>>>>>>>>>>                 ] 3116/7824, 87.1 task/s, elapsed: 36s, ETA:    54s[>>>>>>>>>>                 ] 3117/7824, 87.1 task/s, elapsed: 36s, ETA:    54s[>>>>>>>>>>                 ] 3118/7824, 87.1 task/s, elapsed: 36s, ETA:    54s[>>>>>>>>>>                 ] 3119/7824, 87.1 task/s, elapsed: 36s, ETA:    54s[>>>>>>>>>>                 ] 3120/7824, 87.1 task/s, elapsed: 36s, ETA:    54s[>>>>>>>>>>                 ] 3121/7824, 87.1 task/s, elapsed: 36s, ETA:    54s[>>>>>>>>>>                 ] 3122/7824, 87.1 task/s, elapsed: 36s, ETA:    54s[>>>>>>>>>>                 ] 3123/7824, 87.1 task/s, elapsed: 36s, ETA:    54s[>>>>>>>>>>                 ] 3124/7824, 87.1 task/s, elapsed: 36s, ETA:    54s[>>>>>>>>>>                 ] 3125/7824, 87.2 task/s, elapsed: 36s, ETA:    54s[>>>>>>>>>>                 ] 3126/7824, 87.2 task/s, elapsed: 36s, ETA:    54s[>>>>>>>>>>                 ] 3127/7824, 87.2 task/s, elapsed: 36s, ETA:    54s[>>>>>>>>>>                 ] 3128/7824, 87.2 task/s, elapsed: 36s, ETA:    54s[>>>>>>>>>>                 ] 3129/7824, 87.2 task/s, elapsed: 36s, ETA:    54s[>>>>>>>>>>                 ] 3130/7824, 87.2 task/s, elapsed: 36s, ETA:    54s[>>>>>>>>>>                 ] 3131/7824, 87.2 task/s, elapsed: 36s, ETA:    54s[>>>>>>>>>>                 ] 3132/7824, 87.2 task/s, elapsed: 36s, ETA:    54s[>>>>>>>>>>                 ] 3133/7824, 87.2 task/s, elapsed: 36s, ETA:    54s[>>>>>>>>>>                 ] 3134/7824, 87.2 task/s, elapsed: 36s, ETA:    54s[>>>>>>>>>>                 ] 3135/7824, 87.2 task/s, elapsed: 36s, ETA:    54s[>>>>>>>>>>                 ] 3136/7824, 87.2 task/s, elapsed: 36s, ETA:    54s[>>>>>>>>>>                 ] 3137/7824, 87.2 task/s, elapsed: 36s, ETA:    54s[>>>>>>>>>>                 ] 3138/7824, 87.2 task/s, elapsed: 36s, ETA:    54s[>>>>>>>>>>                 ] 3139/7824, 87.2 task/s, elapsed: 36s, ETA:    54s[>>>>>>>>>>                 ] 3140/7824, 87.2 task/s, elapsed: 36s, ETA:    54s[>>>>>>>>>>                 ] 3141/7824, 87.2 task/s, elapsed: 36s, ETA:    54s[>>>>>>>>>>                 ] 3142/7824, 87.2 task/s, elapsed: 36s, ETA:    54s[>>>>>>>>>>                 ] 3143/7824, 87.2 task/s, elapsed: 36s, ETA:    54s[>>>>>>>>>>                 ] 3144/7824, 87.2 task/s, elapsed: 36s, ETA:    54s[>>>>>>>>>>                 ] 3145/7824, 87.2 task/s, elapsed: 36s, ETA:    54s[>>>>>>>>>>                 ] 3146/7824, 87.2 task/s, elapsed: 36s, ETA:    54s[>>>>>>>>>>                 ] 3147/7824, 87.3 task/s, elapsed: 36s, ETA:    54s[>>>>>>>>>>                 ] 3148/7824, 87.3 task/s, elapsed: 36s, ETA:    54s[>>>>>>>>>>                 ] 3149/7824, 87.3 task/s, elapsed: 36s, ETA:    54s[>>>>>>>>>>                 ] 3150/7824, 87.3 task/s, elapsed: 36s, ETA:    54s[>>>>>>>>>>                 ] 3151/7824, 87.3 task/s, elapsed: 36s, ETA:    54s[>>>>>>>>>>                 ] 3152/7824, 87.3 task/s, elapsed: 36s, ETA:    54s[>>>>>>>>>>                 ] 3153/7824, 87.3 task/s, elapsed: 36s, ETA:    54s[>>>>>>>>>>                 ] 3154/7824, 87.3 task/s, elapsed: 36s, ETA:    53s[>>>>>>>>>>                 ] 3155/7824, 87.3 task/s, elapsed: 36s, ETA:    53s[>>>>>>>>>>                 ] 3156/7824, 87.3 task/s, elapsed: 36s, ETA:    53s[>>>>>>>>>>                 ] 3157/7824, 87.3 task/s, elapsed: 36s, ETA:    53s[>>>>>>>>>>                 ] 3158/7824, 87.3 task/s, elapsed: 36s, ETA:    53s[>>>>>>>>>>                 ] 3159/7824, 87.3 task/s, elapsed: 36s, ETA:    53s[>>>>>>>>>>                 ] 3160/7824, 87.3 task/s, elapsed: 36s, ETA:    53s[>>>>>>>>>>                 ] 3161/7824, 87.3 task/s, elapsed: 36s, ETA:    53s[>>>>>>>>>>                 ] 3162/7824, 87.3 task/s, elapsed: 36s, ETA:    53s[>>>>>>>>>>                 ] 3163/7824, 87.3 task/s, elapsed: 36s, ETA:    53s[>>>>>>>>>>                 ] 3164/7824, 87.3 task/s, elapsed: 36s, ETA:    53s[>>>>>>>>>>                 ] 3165/7824, 87.4 task/s, elapsed: 36s, ETA:    53s[>>>>>>>>>>                 ] 3166/7824, 87.4 task/s, elapsed: 36s, ETA:    53s[>>>>>>>>>>                 ] 3167/7824, 87.4 task/s, elapsed: 36s, ETA:    53s[>>>>>>>>>>                 ] 3168/7824, 87.4 task/s, elapsed: 36s, ETA:    53s[>>>>>>>>>>                 ] 3169/7824, 87.4 task/s, elapsed: 36s, ETA:    53s[>>>>>>>>>>                 ] 3170/7824, 87.4 task/s, elapsed: 36s, ETA:    53s[>>>>>>>>>>                 ] 3171/7824, 87.4 task/s, elapsed: 36s, ETA:    53s[>>>>>>>>>>                 ] 3172/7824, 87.4 task/s, elapsed: 36s, ETA:    53s[>>>>>>>>>>                 ] 3173/7824, 87.4 task/s, elapsed: 36s, ETA:    53s[>>>>>>>>>>                 ] 3174/7824, 87.4 task/s, elapsed: 36s, ETA:    53s[>>>>>>>>>>                 ] 3175/7824, 87.4 task/s, elapsed: 36s, ETA:    53s[>>>>>>>>>>                 ] 3176/7824, 87.4 task/s, elapsed: 36s, ETA:    53s[>>>>>>>>>>                 ] 3177/7824, 87.4 task/s, elapsed: 36s, ETA:    53s[>>>>>>>>>>                 ] 3178/7824, 87.4 task/s, elapsed: 36s, ETA:    53s[>>>>>>>>>>                 ] 3179/7824, 87.4 task/s, elapsed: 36s, ETA:    53s[>>>>>>>>>>                 ] 3180/7824, 87.4 task/s, elapsed: 36s, ETA:    53s[>>>>>>>>>>                 ] 3181/7824, 87.4 task/s, elapsed: 36s, ETA:    53s[>>>>>>>>>>                 ] 3182/7824, 87.4 task/s, elapsed: 36s, ETA:    53s[>>>>>>>>>>                 ] 3183/7824, 87.4 task/s, elapsed: 36s, ETA:    53s[>>>>>>>>>>                 ] 3184/7824, 87.4 task/s, elapsed: 36s, ETA:    53s[>>>>>>>>>>                 ] 3185/7824, 87.4 task/s, elapsed: 36s, ETA:    53s[>>>>>>>>>>                 ] 3186/7824, 87.5 task/s, elapsed: 36s, ETA:    53s[>>>>>>>>>>                 ] 3187/7824, 87.5 task/s, elapsed: 36s, ETA:    53s[>>>>>>>>>>>                ] 3188/7824, 87.5 task/s, elapsed: 36s, ETA:    53s[>>>>>>>>>>>                ] 3189/7824, 87.5 task/s, elapsed: 36s, ETA:    53s[>>>>>>>>>>>                ] 3190/7824, 87.5 task/s, elapsed: 36s, ETA:    53s[>>>>>>>>>>>                ] 3191/7824, 87.5 task/s, elapsed: 36s, ETA:    53s[>>>>>>>>>>>                ] 3192/7824, 87.5 task/s, elapsed: 36s, ETA:    53s[>>>>>>>>>>>                ] 3193/7824, 87.5 task/s, elapsed: 36s, ETA:    53s[>>>>>>>>>>>                ] 3194/7824, 87.5 task/s, elapsed: 37s, ETA:    53s[>>>>>>>>>>>                ] 3195/7824, 87.5 task/s, elapsed: 37s, ETA:    53s[>>>>>>>>>>>                ] 3196/7824, 87.5 task/s, elapsed: 37s, ETA:    53s[>>>>>>>>>>>                ] 3197/7824, 87.5 task/s, elapsed: 37s, ETA:    53s[>>>>>>>>>>>                ] 3198/7824, 87.5 task/s, elapsed: 37s, ETA:    53s[>>>>>>>>>>>                ] 3199/7824, 87.5 task/s, elapsed: 37s, ETA:    53s[>>>>>>>>>>>                ] 3200/7824, 87.5 task/s, elapsed: 37s, ETA:    53s[>>>>>>>>>>>                ] 3201/7824, 87.5 task/s, elapsed: 37s, ETA:    53s[>>>>>>>>>>>                ] 3202/7824, 87.5 task/s, elapsed: 37s, ETA:    53s[>>>>>>>>>>>                ] 3203/7824, 87.5 task/s, elapsed: 37s, ETA:    53s[>>>>>>>>>>>                ] 3204/7824, 87.5 task/s, elapsed: 37s, ETA:    53s[>>>>>>>>>>>                ] 3205/7824, 87.5 task/s, elapsed: 37s, ETA:    53s[>>>>>>>>>>>                ] 3206/7824, 87.6 task/s, elapsed: 37s, ETA:    53s[>>>>>>>>>>>                ] 3207/7824, 87.6 task/s, elapsed: 37s, ETA:    53s[>>>>>>>>>>>                ] 3208/7824, 87.6 task/s, elapsed: 37s, ETA:    53s[>>>>>>>>>>>                ] 3209/7824, 87.6 task/s, elapsed: 37s, ETA:    53s[>>>>>>>>>>>                ] 3210/7824, 87.6 task/s, elapsed: 37s, ETA:    53s[>>>>>>>>>>>                ] 3211/7824, 87.6 task/s, elapsed: 37s, ETA:    53s[>>>>>>>>>>>                ] 3212/7824, 87.6 task/s, elapsed: 37s, ETA:    53s[>>>>>>>>>>>                ] 3213/7824, 87.6 task/s, elapsed: 37s, ETA:    53s[>>>>>>>>>>>                ] 3214/7824, 87.6 task/s, elapsed: 37s, ETA:    53s[>>>>>>>>>>>                ] 3215/7824, 87.6 task/s, elapsed: 37s, ETA:    53s[>>>>>>>>>>>                ] 3216/7824, 87.6 task/s, elapsed: 37s, ETA:    53s[>>>>>>>>>>>                ] 3217/7824, 87.6 task/s, elapsed: 37s, ETA:    53s[>>>>>>>>>>>                ] 3218/7824, 87.6 task/s, elapsed: 37s, ETA:    53s[>>>>>>>>>>>                ] 3219/7824, 87.6 task/s, elapsed: 37s, ETA:    53s[>>>>>>>>>>>                ] 3220/7824, 87.6 task/s, elapsed: 37s, ETA:    53s[>>>>>>>>>>>                ] 3221/7824, 87.6 task/s, elapsed: 37s, ETA:    53s[>>>>>>>>>>>                ] 3222/7824, 87.6 task/s, elapsed: 37s, ETA:    53s[>>>>>>>>>>>                ] 3223/7824, 87.6 task/s, elapsed: 37s, ETA:    52s[>>>>>>>>>>>                ] 3224/7824, 87.6 task/s, elapsed: 37s, ETA:    52s[>>>>>>>>>>>                ] 3225/7824, 87.7 task/s, elapsed: 37s, ETA:    52s[>>>>>>>>>>>                ] 3226/7824, 87.7 task/s, elapsed: 37s, ETA:    52s[>>>>>>>>>>>                ] 3227/7824, 87.7 task/s, elapsed: 37s, ETA:    52s[>>>>>>>>>>>                ] 3228/7824, 87.7 task/s, elapsed: 37s, ETA:    52s[>>>>>>>>>>>                ] 3229/7824, 87.7 task/s, elapsed: 37s, ETA:    52s[>>>>>>>>>>>                ] 3230/7824, 87.7 task/s, elapsed: 37s, ETA:    52s[>>>>>>>>>>>                ] 3231/7824, 87.7 task/s, elapsed: 37s, ETA:    52s[>>>>>>>>>>>                ] 3232/7824, 87.7 task/s, elapsed: 37s, ETA:    52s[>>>>>>>>>>>                ] 3233/7824, 87.7 task/s, elapsed: 37s, ETA:    52s[>>>>>>>>>>>                ] 3234/7824, 87.7 task/s, elapsed: 37s, ETA:    52s[>>>>>>>>>>>                ] 3235/7824, 87.7 task/s, elapsed: 37s, ETA:    52s[>>>>>>>>>>>                ] 3236/7824, 87.7 task/s, elapsed: 37s, ETA:    52s[>>>>>>>>>>>                ] 3237/7824, 87.7 task/s, elapsed: 37s, ETA:    52s[>>>>>>>>>>>                ] 3238/7824, 87.7 task/s, elapsed: 37s, ETA:    52s[>>>>>>>>>>>                ] 3239/7824, 87.7 task/s, elapsed: 37s, ETA:    52s[>>>>>>>>>>>                ] 3240/7824, 87.7 task/s, elapsed: 37s, ETA:    52s[>>>>>>>>>>>                ] 3241/7824, 87.7 task/s, elapsed: 37s, ETA:    52s[>>>>>>>>>>>                ] 3242/7824, 87.7 task/s, elapsed: 37s, ETA:    52s[>>>>>>>>>>>                ] 3243/7824, 87.7 task/s, elapsed: 37s, ETA:    52s[>>>>>>>>>>>                ] 3244/7824, 87.7 task/s, elapsed: 37s, ETA:    52s[>>>>>>>>>>>                ] 3245/7824, 87.7 task/s, elapsed: 37s, ETA:    52s[>>>>>>>>>>>                ] 3246/7824, 87.7 task/s, elapsed: 37s, ETA:    52s[>>>>>>>>>>>                ] 3247/7824, 87.8 task/s, elapsed: 37s, ETA:    52s[>>>>>>>>>>>                ] 3248/7824, 87.8 task/s, elapsed: 37s, ETA:    52s[>>>>>>>>>>>                ] 3249/7824, 87.8 task/s, elapsed: 37s, ETA:    52s[>>>>>>>>>>>                ] 3250/7824, 87.8 task/s, elapsed: 37s, ETA:    52s[>>>>>>>>>>>                ] 3251/7824, 87.8 task/s, elapsed: 37s, ETA:    52s[>>>>>>>>>>>                ] 3252/7824, 87.8 task/s, elapsed: 37s, ETA:    52s[>>>>>>>>>>>                ] 3253/7824, 87.8 task/s, elapsed: 37s, ETA:    52s[>>>>>>>>>>>                ] 3254/7824, 87.8 task/s, elapsed: 37s, ETA:    52s[>>>>>>>>>>>                ] 3255/7824, 87.8 task/s, elapsed: 37s, ETA:    52s[>>>>>>>>>>>                ] 3256/7824, 87.8 task/s, elapsed: 37s, ETA:    52s[>>>>>>>>>>>                ] 3257/7824, 87.8 task/s, elapsed: 37s, ETA:    52s[>>>>>>>>>>>                ] 3258/7824, 87.8 task/s, elapsed: 37s, ETA:    52s[>>>>>>>>>>>                ] 3259/7824, 87.8 task/s, elapsed: 37s, ETA:    52s[>>>>>>>>>>>                ] 3260/7824, 87.8 task/s, elapsed: 37s, ETA:    52s[>>>>>>>>>>>                ] 3261/7824, 87.8 task/s, elapsed: 37s, ETA:    52s[>>>>>>>>>>>                ] 3262/7824, 87.8 task/s, elapsed: 37s, ETA:    52s[>>>>>>>>>>>                ] 3263/7824, 87.8 task/s, elapsed: 37s, ETA:    52s[>>>>>>>>>>>                ] 3264/7824, 87.8 task/s, elapsed: 37s, ETA:    52s[>>>>>>>>>>>                ] 3265/7824, 87.8 task/s, elapsed: 37s, ETA:    52s[>>>>>>>>>>>                ] 3266/7824, 87.8 task/s, elapsed: 37s, ETA:    52s[>>>>>>>>>>>                ] 3267/7824, 87.8 task/s, elapsed: 37s, ETA:    52s[>>>>>>>>>>>                ] 3268/7824, 87.9 task/s, elapsed: 37s, ETA:    52s[>>>>>>>>>>>                ] 3269/7824, 87.9 task/s, elapsed: 37s, ETA:    52s[>>>>>>>>>>>                ] 3270/7824, 87.9 task/s, elapsed: 37s, ETA:    52s[>>>>>>>>>>>                ] 3271/7824, 87.9 task/s, elapsed: 37s, ETA:    52s[>>>>>>>>>>>                ] 3272/7824, 87.9 task/s, elapsed: 37s, ETA:    52s[>>>>>>>>>>>                ] 3273/7824, 87.9 task/s, elapsed: 37s, ETA:    52s[>>>>>>>>>>>                ] 3274/7824, 87.9 task/s, elapsed: 37s, ETA:    52s[>>>>>>>>>>>                ] 3275/7824, 87.9 task/s, elapsed: 37s, ETA:    52s[>>>>>>>>>>>                ] 3276/7824, 87.9 task/s, elapsed: 37s, ETA:    52s[>>>>>>>>>>>                ] 3277/7824, 87.9 task/s, elapsed: 37s, ETA:    52s[>>>>>>>>>>>                ] 3278/7824, 87.9 task/s, elapsed: 37s, ETA:    52s[>>>>>>>>>>>                ] 3279/7824, 87.9 task/s, elapsed: 37s, ETA:    52s[>>>>>>>>>>>                ] 3280/7824, 87.9 task/s, elapsed: 37s, ETA:    52s[>>>>>>>>>>>                ] 3281/7824, 87.9 task/s, elapsed: 37s, ETA:    52s[>>>>>>>>>>>                ] 3282/7824, 87.9 task/s, elapsed: 37s, ETA:    52s[>>>>>>>>>>>                ] 3283/7824, 87.9 task/s, elapsed: 37s, ETA:    52s[>>>>>>>>>>>                ] 3284/7824, 87.9 task/s, elapsed: 37s, ETA:    52s[>>>>>>>>>>>                ] 3285/7824, 87.9 task/s, elapsed: 37s, ETA:    52s[>>>>>>>>>>>                ] 3286/7824, 87.9 task/s, elapsed: 37s, ETA:    52s[>>>>>>>>>>>                ] 3287/7824, 87.9 task/s, elapsed: 37s, ETA:    52s[>>>>>>>>>>>                ] 3288/7824, 88.0 task/s, elapsed: 37s, ETA:    52s[>>>>>>>>>>>                ] 3289/7824, 88.0 task/s, elapsed: 37s, ETA:    52s[>>>>>>>>>>>                ] 3290/7824, 88.0 task/s, elapsed: 37s, ETA:    52s[>>>>>>>>>>>                ] 3291/7824, 88.0 task/s, elapsed: 37s, ETA:    52s[>>>>>>>>>>>                ] 3292/7824, 88.0 task/s, elapsed: 37s, ETA:    52s[>>>>>>>>>>>                ] 3293/7824, 88.0 task/s, elapsed: 37s, ETA:    52s[>>>>>>>>>>>                ] 3294/7824, 88.0 task/s, elapsed: 37s, ETA:    51s[>>>>>>>>>>>                ] 3295/7824, 88.0 task/s, elapsed: 37s, ETA:    51s[>>>>>>>>>>>                ] 3296/7824, 88.0 task/s, elapsed: 37s, ETA:    51s[>>>>>>>>>>>                ] 3297/7824, 88.0 task/s, elapsed: 37s, ETA:    51s[>>>>>>>>>>>                ] 3298/7824, 88.0 task/s, elapsed: 37s, ETA:    51s[>>>>>>>>>>>                ] 3299/7824, 88.0 task/s, elapsed: 37s, ETA:    51s[>>>>>>>>>>>                ] 3300/7824, 88.0 task/s, elapsed: 37s, ETA:    51s[>>>>>>>>>>>                ] 3301/7824, 88.0 task/s, elapsed: 38s, ETA:    51s[>>>>>>>>>>>                ] 3302/7824, 88.0 task/s, elapsed: 38s, ETA:    51s[>>>>>>>>>>>                ] 3303/7824, 88.0 task/s, elapsed: 38s, ETA:    51s[>>>>>>>>>>>                ] 3304/7824, 88.0 task/s, elapsed: 38s, ETA:    51s[>>>>>>>>>>>                ] 3305/7824, 88.0 task/s, elapsed: 38s, ETA:    51s[>>>>>>>>>>>                ] 3306/7824, 88.0 task/s, elapsed: 38s, ETA:    51s[>>>>>>>>>>>                ] 3307/7824, 88.0 task/s, elapsed: 38s, ETA:    51s[>>>>>>>>>>>                ] 3308/7824, 88.1 task/s, elapsed: 38s, ETA:    51s[>>>>>>>>>>>                ] 3309/7824, 88.1 task/s, elapsed: 38s, ETA:    51s[>>>>>>>>>>>                ] 3310/7824, 88.1 task/s, elapsed: 38s, ETA:    51s[>>>>>>>>>>>                ] 3311/7824, 88.1 task/s, elapsed: 38s, ETA:    51s[>>>>>>>>>>>                ] 3312/7824, 88.1 task/s, elapsed: 38s, ETA:    51s[>>>>>>>>>>>                ] 3313/7824, 88.1 task/s, elapsed: 38s, ETA:    51s[>>>>>>>>>>>                ] 3314/7824, 88.1 task/s, elapsed: 38s, ETA:    51s[>>>>>>>>>>>                ] 3315/7824, 88.1 task/s, elapsed: 38s, ETA:    51s[>>>>>>>>>>>                ] 3316/7824, 88.1 task/s, elapsed: 38s, ETA:    51s[>>>>>>>>>>>                ] 3317/7824, 88.1 task/s, elapsed: 38s, ETA:    51s[>>>>>>>>>>>                ] 3318/7824, 88.1 task/s, elapsed: 38s, ETA:    51s[>>>>>>>>>>>                ] 3319/7824, 88.1 task/s, elapsed: 38s, ETA:    51s[>>>>>>>>>>>                ] 3320/7824, 88.1 task/s, elapsed: 38s, ETA:    51s[>>>>>>>>>>>                ] 3321/7824, 88.1 task/s, elapsed: 38s, ETA:    51s[>>>>>>>>>>>                ] 3322/7824, 88.1 task/s, elapsed: 38s, ETA:    51s[>>>>>>>>>>>                ] 3323/7824, 88.1 task/s, elapsed: 38s, ETA:    51s[>>>>>>>>>>>                ] 3324/7824, 88.1 task/s, elapsed: 38s, ETA:    51s[>>>>>>>>>>>                ] 3325/7824, 88.1 task/s, elapsed: 38s, ETA:    51s[>>>>>>>>>>>                ] 3326/7824, 88.1 task/s, elapsed: 38s, ETA:    51s[>>>>>>>>>>>                ] 3327/7824, 88.1 task/s, elapsed: 38s, ETA:    51s[>>>>>>>>>>>                ] 3328/7824, 88.2 task/s, elapsed: 38s, ETA:    51s[>>>>>>>>>>>                ] 3329/7824, 88.2 task/s, elapsed: 38s, ETA:    51s[>>>>>>>>>>>                ] 3330/7824, 88.2 task/s, elapsed: 38s, ETA:    51s[>>>>>>>>>>>                ] 3331/7824, 88.2 task/s, elapsed: 38s, ETA:    51s[>>>>>>>>>>>                ] 3332/7824, 88.2 task/s, elapsed: 38s, ETA:    51s[>>>>>>>>>>>                ] 3333/7824, 88.2 task/s, elapsed: 38s, ETA:    51s[>>>>>>>>>>>                ] 3334/7824, 88.2 task/s, elapsed: 38s, ETA:    51s[>>>>>>>>>>>                ] 3335/7824, 88.2 task/s, elapsed: 38s, ETA:    51s[>>>>>>>>>>>                ] 3336/7824, 88.2 task/s, elapsed: 38s, ETA:    51s[>>>>>>>>>>>                ] 3337/7824, 88.2 task/s, elapsed: 38s, ETA:    51s[>>>>>>>>>>>                ] 3338/7824, 88.2 task/s, elapsed: 38s, ETA:    51s[>>>>>>>>>>>                ] 3339/7824, 88.2 task/s, elapsed: 38s, ETA:    51s[>>>>>>>>>>>                ] 3340/7824, 88.2 task/s, elapsed: 38s, ETA:    51s[>>>>>>>>>>>                ] 3341/7824, 88.2 task/s, elapsed: 38s, ETA:    51s[>>>>>>>>>>>                ] 3342/7824, 88.2 task/s, elapsed: 38s, ETA:    51s[>>>>>>>>>>>                ] 3343/7824, 88.2 task/s, elapsed: 38s, ETA:    51s[>>>>>>>>>>>                ] 3344/7824, 88.2 task/s, elapsed: 38s, ETA:    51s[>>>>>>>>>>>                ] 3345/7824, 88.2 task/s, elapsed: 38s, ETA:    51s[>>>>>>>>>>>                ] 3346/7824, 88.2 task/s, elapsed: 38s, ETA:    51s[>>>>>>>>>>>                ] 3347/7824, 88.2 task/s, elapsed: 38s, ETA:    51s[>>>>>>>>>>>                ] 3348/7824, 88.2 task/s, elapsed: 38s, ETA:    51s[>>>>>>>>>>>                ] 3349/7824, 88.2 task/s, elapsed: 38s, ETA:    51s[>>>>>>>>>>>                ] 3350/7824, 88.2 task/s, elapsed: 38s, ETA:    51s[>>>>>>>>>>>                ] 3351/7824, 88.2 task/s, elapsed: 38s, ETA:    51s[>>>>>>>>>>>                ] 3352/7824, 88.2 task/s, elapsed: 38s, ETA:    51s[>>>>>>>>>>>                ] 3353/7824, 88.2 task/s, elapsed: 38s, ETA:    51s[>>>>>>>>>>>                ] 3354/7824, 88.2 task/s, elapsed: 38s, ETA:    51s[>>>>>>>>>>>                ] 3355/7824, 88.2 task/s, elapsed: 38s, ETA:    51s[>>>>>>>>>>>                ] 3356/7824, 88.2 task/s, elapsed: 38s, ETA:    51s[>>>>>>>>>>>                ] 3357/7824, 88.2 task/s, elapsed: 38s, ETA:    51s[>>>>>>>>>>>                ] 3358/7824, 88.2 task/s, elapsed: 38s, ETA:    51s[>>>>>>>>>>>                ] 3359/7824, 88.2 task/s, elapsed: 38s, ETA:    51s[>>>>>>>>>>>                ] 3360/7824, 88.2 task/s, elapsed: 38s, ETA:    51s[>>>>>>>>>>>                ] 3361/7824, 88.2 task/s, elapsed: 38s, ETA:    51s[>>>>>>>>>>>                ] 3362/7824, 88.3 task/s, elapsed: 38s, ETA:    51s[>>>>>>>>>>>                ] 3363/7824, 88.3 task/s, elapsed: 38s, ETA:    51s[>>>>>>>>>>>                ] 3364/7824, 88.3 task/s, elapsed: 38s, ETA:    51s[>>>>>>>>>>>                ] 3365/7824, 88.3 task/s, elapsed: 38s, ETA:    51s[>>>>>>>>>>>                ] 3366/7824, 88.3 task/s, elapsed: 38s, ETA:    51s[>>>>>>>>>>>                ] 3367/7824, 88.3 task/s, elapsed: 38s, ETA:    50s[>>>>>>>>>>>                ] 3368/7824, 88.3 task/s, elapsed: 38s, ETA:    50s[>>>>>>>>>>>                ] 3369/7824, 88.3 task/s, elapsed: 38s, ETA:    50s[>>>>>>>>>>>                ] 3370/7824, 88.3 task/s, elapsed: 38s, ETA:    50s[>>>>>>>>>>>                ] 3371/7824, 88.3 task/s, elapsed: 38s, ETA:    50s[>>>>>>>>>>>                ] 3372/7824, 88.3 task/s, elapsed: 38s, ETA:    50s[>>>>>>>>>>>                ] 3373/7824, 88.3 task/s, elapsed: 38s, ETA:    50s[>>>>>>>>>>>                ] 3374/7824, 88.3 task/s, elapsed: 38s, ETA:    50s[>>>>>>>>>>>                ] 3375/7824, 88.3 task/s, elapsed: 38s, ETA:    50s[>>>>>>>>>>>                ] 3376/7824, 88.3 task/s, elapsed: 38s, ETA:    50s[>>>>>>>>>>>                ] 3377/7824, 88.3 task/s, elapsed: 38s, ETA:    50s[>>>>>>>>>>>                ] 3378/7824, 88.3 task/s, elapsed: 38s, ETA:    50s[>>>>>>>>>>>                ] 3379/7824, 88.3 task/s, elapsed: 38s, ETA:    50s[>>>>>>>>>>>                ] 3380/7824, 88.3 task/s, elapsed: 38s, ETA:    50s[>>>>>>>>>>>                ] 3381/7824, 88.4 task/s, elapsed: 38s, ETA:    50s[>>>>>>>>>>>                ] 3382/7824, 88.4 task/s, elapsed: 38s, ETA:    50s[>>>>>>>>>>>                ] 3383/7824, 88.4 task/s, elapsed: 38s, ETA:    50s[>>>>>>>>>>>                ] 3384/7824, 88.4 task/s, elapsed: 38s, ETA:    50s[>>>>>>>>>>>                ] 3385/7824, 88.4 task/s, elapsed: 38s, ETA:    50s[>>>>>>>>>>>                ] 3386/7824, 88.4 task/s, elapsed: 38s, ETA:    50s[>>>>>>>>>>>                ] 3387/7824, 88.4 task/s, elapsed: 38s, ETA:    50s[>>>>>>>>>>>                ] 3388/7824, 88.4 task/s, elapsed: 38s, ETA:    50s[>>>>>>>>>>>                ] 3389/7824, 88.4 task/s, elapsed: 38s, ETA:    50s[>>>>>>>>>>>                ] 3390/7824, 88.4 task/s, elapsed: 38s, ETA:    50s[>>>>>>>>>>>                ] 3391/7824, 88.4 task/s, elapsed: 38s, ETA:    50s[>>>>>>>>>>>                ] 3392/7824, 88.4 task/s, elapsed: 38s, ETA:    50s[>>>>>>>>>>>                ] 3393/7824, 88.4 task/s, elapsed: 38s, ETA:    50s[>>>>>>>>>>>                ] 3394/7824, 88.4 task/s, elapsed: 38s, ETA:    50s[>>>>>>>>>>>                ] 3395/7824, 88.4 task/s, elapsed: 38s, ETA:    50s[>>>>>>>>>>>                ] 3396/7824, 88.4 task/s, elapsed: 38s, ETA:    50s[>>>>>>>>>>>                ] 3397/7824, 88.4 task/s, elapsed: 38s, ETA:    50s[>>>>>>>>>>>                ] 3398/7824, 88.4 task/s, elapsed: 38s, ETA:    50s[>>>>>>>>>>>                ] 3399/7824, 88.4 task/s, elapsed: 38s, ETA:    50s[>>>>>>>>>>>                ] 3400/7824, 88.4 task/s, elapsed: 38s, ETA:    50s[>>>>>>>>>>>                ] 3401/7824, 88.4 task/s, elapsed: 38s, ETA:    50s[>>>>>>>>>>>                ] 3402/7824, 88.4 task/s, elapsed: 38s, ETA:    50s[>>>>>>>>>>>                ] 3403/7824, 88.5 task/s, elapsed: 38s, ETA:    50s[>>>>>>>>>>>                ] 3404/7824, 88.5 task/s, elapsed: 38s, ETA:    50s[>>>>>>>>>>>                ] 3405/7824, 88.5 task/s, elapsed: 38s, ETA:    50s[>>>>>>>>>>>                ] 3406/7824, 88.5 task/s, elapsed: 39s, ETA:    50s[>>>>>>>>>>>                ] 3407/7824, 88.5 task/s, elapsed: 39s, ETA:    50s[>>>>>>>>>>>                ] 3408/7824, 88.5 task/s, elapsed: 39s, ETA:    50s[>>>>>>>>>>>                ] 3409/7824, 88.5 task/s, elapsed: 39s, ETA:    50s[>>>>>>>>>>>                ] 3410/7824, 88.5 task/s, elapsed: 39s, ETA:    50s[>>>>>>>>>>>                ] 3411/7824, 88.5 task/s, elapsed: 39s, ETA:    50s[>>>>>>>>>>>                ] 3412/7824, 88.5 task/s, elapsed: 39s, ETA:    50s[>>>>>>>>>>>                ] 3413/7824, 88.5 task/s, elapsed: 39s, ETA:    50s[>>>>>>>>>>>                ] 3414/7824, 88.5 task/s, elapsed: 39s, ETA:    50s[>>>>>>>>>>>                ] 3415/7824, 88.5 task/s, elapsed: 39s, ETA:    50s[>>>>>>>>>>>                ] 3416/7824, 88.5 task/s, elapsed: 39s, ETA:    50s[>>>>>>>>>>>                ] 3417/7824, 88.5 task/s, elapsed: 39s, ETA:    50s[>>>>>>>>>>>                ] 3418/7824, 88.5 task/s, elapsed: 39s, ETA:    50s[>>>>>>>>>>>                ] 3419/7824, 88.5 task/s, elapsed: 39s, ETA:    50s[>>>>>>>>>>>                ] 3420/7824, 88.5 task/s, elapsed: 39s, ETA:    50s[>>>>>>>>>>>                ] 3421/7824, 88.5 task/s, elapsed: 39s, ETA:    50s[>>>>>>>>>>>                ] 3422/7824, 88.5 task/s, elapsed: 39s, ETA:    50s[>>>>>>>>>>>                ] 3423/7824, 88.5 task/s, elapsed: 39s, ETA:    50s[>>>>>>>>>>>                ] 3424/7824, 88.5 task/s, elapsed: 39s, ETA:    50s[>>>>>>>>>>>                ] 3425/7824, 88.6 task/s, elapsed: 39s, ETA:    50s[>>>>>>>>>>>                ] 3426/7824, 88.6 task/s, elapsed: 39s, ETA:    50s[>>>>>>>>>>>                ] 3427/7824, 88.6 task/s, elapsed: 39s, ETA:    50s[>>>>>>>>>>>                ] 3428/7824, 88.6 task/s, elapsed: 39s, ETA:    50s[>>>>>>>>>>>                ] 3429/7824, 88.6 task/s, elapsed: 39s, ETA:    50s[>>>>>>>>>>>                ] 3430/7824, 88.6 task/s, elapsed: 39s, ETA:    50s[>>>>>>>>>>>                ] 3431/7824, 88.6 task/s, elapsed: 39s, ETA:    50s[>>>>>>>>>>>                ] 3432/7824, 88.6 task/s, elapsed: 39s, ETA:    50s[>>>>>>>>>>>                ] 3433/7824, 88.6 task/s, elapsed: 39s, ETA:    50s[>>>>>>>>>>>                ] 3434/7824, 88.6 task/s, elapsed: 39s, ETA:    50s[>>>>>>>>>>>                ] 3435/7824, 88.6 task/s, elapsed: 39s, ETA:    50s[>>>>>>>>>>>                ] 3436/7824, 88.6 task/s, elapsed: 39s, ETA:    50s[>>>>>>>>>>>                ] 3437/7824, 88.6 task/s, elapsed: 39s, ETA:    50s[>>>>>>>>>>>                ] 3438/7824, 88.6 task/s, elapsed: 39s, ETA:    49s[>>>>>>>>>>>                ] 3439/7824, 88.6 task/s, elapsed: 39s, ETA:    49s[>>>>>>>>>>>                ] 3440/7824, 88.6 task/s, elapsed: 39s, ETA:    49s[>>>>>>>>>>>                ] 3441/7824, 88.6 task/s, elapsed: 39s, ETA:    49s[>>>>>>>>>>>                ] 3442/7824, 88.6 task/s, elapsed: 39s, ETA:    49s[>>>>>>>>>>>                ] 3443/7824, 88.6 task/s, elapsed: 39s, ETA:    49s[>>>>>>>>>>>                ] 3444/7824, 88.6 task/s, elapsed: 39s, ETA:    49s[>>>>>>>>>>>                ] 3445/7824, 88.7 task/s, elapsed: 39s, ETA:    49s[>>>>>>>>>>>                ] 3446/7824, 88.7 task/s, elapsed: 39s, ETA:    49s[>>>>>>>>>>>                ] 3447/7824, 88.7 task/s, elapsed: 39s, ETA:    49s[>>>>>>>>>>>                ] 3448/7824, 88.7 task/s, elapsed: 39s, ETA:    49s[>>>>>>>>>>>                ] 3449/7824, 88.7 task/s, elapsed: 39s, ETA:    49s[>>>>>>>>>>>                ] 3450/7824, 88.7 task/s, elapsed: 39s, ETA:    49s[>>>>>>>>>>>                ] 3451/7824, 88.7 task/s, elapsed: 39s, ETA:    49s[>>>>>>>>>>>                ] 3452/7824, 88.7 task/s, elapsed: 39s, ETA:    49s[>>>>>>>>>>>                ] 3453/7824, 88.7 task/s, elapsed: 39s, ETA:    49s[>>>>>>>>>>>                ] 3454/7824, 88.7 task/s, elapsed: 39s, ETA:    49s[>>>>>>>>>>>                ] 3455/7824, 88.7 task/s, elapsed: 39s, ETA:    49s[>>>>>>>>>>>                ] 3456/7824, 88.7 task/s, elapsed: 39s, ETA:    49s[>>>>>>>>>>>                ] 3457/7824, 88.7 task/s, elapsed: 39s, ETA:    49s[>>>>>>>>>>>                ] 3458/7824, 88.7 task/s, elapsed: 39s, ETA:    49s[>>>>>>>>>>>                ] 3459/7824, 88.7 task/s, elapsed: 39s, ETA:    49s[>>>>>>>>>>>                ] 3460/7824, 88.7 task/s, elapsed: 39s, ETA:    49s[>>>>>>>>>>>                ] 3461/7824, 88.7 task/s, elapsed: 39s, ETA:    49s[>>>>>>>>>>>                ] 3462/7824, 88.7 task/s, elapsed: 39s, ETA:    49s[>>>>>>>>>>>                ] 3463/7824, 88.7 task/s, elapsed: 39s, ETA:    49s[>>>>>>>>>>>                ] 3464/7824, 88.7 task/s, elapsed: 39s, ETA:    49s[>>>>>>>>>>>                ] 3465/7824, 88.8 task/s, elapsed: 39s, ETA:    49s[>>>>>>>>>>>                ] 3466/7824, 88.8 task/s, elapsed: 39s, ETA:    49s[>>>>>>>>>>>                ] 3467/7824, 88.8 task/s, elapsed: 39s, ETA:    49s[>>>>>>>>>>>                ] 3468/7824, 88.8 task/s, elapsed: 39s, ETA:    49s[>>>>>>>>>>>                ] 3469/7824, 88.8 task/s, elapsed: 39s, ETA:    49s[>>>>>>>>>>>                ] 3470/7824, 88.8 task/s, elapsed: 39s, ETA:    49s[>>>>>>>>>>>                ] 3471/7824, 88.8 task/s, elapsed: 39s, ETA:    49s[>>>>>>>>>>>                ] 3472/7824, 88.8 task/s, elapsed: 39s, ETA:    49s[>>>>>>>>>>>                ] 3473/7824, 88.8 task/s, elapsed: 39s, ETA:    49s[>>>>>>>>>>>                ] 3474/7824, 88.8 task/s, elapsed: 39s, ETA:    49s[>>>>>>>>>>>                ] 3475/7824, 88.8 task/s, elapsed: 39s, ETA:    49s[>>>>>>>>>>>                ] 3476/7824, 88.8 task/s, elapsed: 39s, ETA:    49s[>>>>>>>>>>>                ] 3477/7824, 88.8 task/s, elapsed: 39s, ETA:    49s[>>>>>>>>>>>>               ] 3478/7824, 88.8 task/s, elapsed: 39s, ETA:    49s[>>>>>>>>>>>>               ] 3479/7824, 88.8 task/s, elapsed: 39s, ETA:    49s[>>>>>>>>>>>>               ] 3480/7824, 88.8 task/s, elapsed: 39s, ETA:    49s[>>>>>>>>>>>>               ] 3481/7824, 88.8 task/s, elapsed: 39s, ETA:    49s[>>>>>>>>>>>>               ] 3482/7824, 88.8 task/s, elapsed: 39s, ETA:    49s[>>>>>>>>>>>>               ] 3483/7824, 88.8 task/s, elapsed: 39s, ETA:    49s[>>>>>>>>>>>>               ] 3484/7824, 88.8 task/s, elapsed: 39s, ETA:    49s[>>>>>>>>>>>>               ] 3485/7824, 88.8 task/s, elapsed: 39s, ETA:    49s[>>>>>>>>>>>>               ] 3486/7824, 88.8 task/s, elapsed: 39s, ETA:    49s[>>>>>>>>>>>>               ] 3487/7824, 88.8 task/s, elapsed: 39s, ETA:    49s[>>>>>>>>>>>>               ] 3488/7824, 88.8 task/s, elapsed: 39s, ETA:    49s[>>>>>>>>>>>>               ] 3489/7824, 88.9 task/s, elapsed: 39s, ETA:    49s[>>>>>>>>>>>>               ] 3490/7824, 88.9 task/s, elapsed: 39s, ETA:    49s[>>>>>>>>>>>>               ] 3491/7824, 88.9 task/s, elapsed: 39s, ETA:    49s[>>>>>>>>>>>>               ] 3492/7824, 88.9 task/s, elapsed: 39s, ETA:    49s[>>>>>>>>>>>>               ] 3493/7824, 88.9 task/s, elapsed: 39s, ETA:    49s[>>>>>>>>>>>>               ] 3494/7824, 88.9 task/s, elapsed: 39s, ETA:    49s[>>>>>>>>>>>>               ] 3495/7824, 88.9 task/s, elapsed: 39s, ETA:    49s[>>>>>>>>>>>>               ] 3496/7824, 88.9 task/s, elapsed: 39s, ETA:    49s[>>>>>>>>>>>>               ] 3497/7824, 88.9 task/s, elapsed: 39s, ETA:    49s[>>>>>>>>>>>>               ] 3498/7824, 88.9 task/s, elapsed: 39s, ETA:    49s[>>>>>>>>>>>>               ] 3499/7824, 88.9 task/s, elapsed: 39s, ETA:    49s[>>>>>>>>>>>>               ] 3500/7824, 88.9 task/s, elapsed: 39s, ETA:    49s[>>>>>>>>>>>>               ] 3501/7824, 88.9 task/s, elapsed: 39s, ETA:    49s[>>>>>>>>>>>>               ] 3502/7824, 88.9 task/s, elapsed: 39s, ETA:    49s[>>>>>>>>>>>>               ] 3503/7824, 88.9 task/s, elapsed: 39s, ETA:    49s[>>>>>>>>>>>>               ] 3504/7824, 88.9 task/s, elapsed: 39s, ETA:    49s[>>>>>>>>>>>>               ] 3505/7824, 88.9 task/s, elapsed: 39s, ETA:    49s[>>>>>>>>>>>>               ] 3506/7824, 88.9 task/s, elapsed: 39s, ETA:    49s[>>>>>>>>>>>>               ] 3507/7824, 88.9 task/s, elapsed: 39s, ETA:    49s[>>>>>>>>>>>>               ] 3508/7824, 88.9 task/s, elapsed: 39s, ETA:    49s[>>>>>>>>>>>>               ] 3509/7824, 88.9 task/s, elapsed: 39s, ETA:    49s[>>>>>>>>>>>>               ] 3510/7824, 88.9 task/s, elapsed: 39s, ETA:    49s[>>>>>>>>>>>>               ] 3511/7824, 88.9 task/s, elapsed: 39s, ETA:    48s[>>>>>>>>>>>>               ] 3512/7824, 88.9 task/s, elapsed: 39s, ETA:    48s[>>>>>>>>>>>>               ] 3513/7824, 89.0 task/s, elapsed: 39s, ETA:    48s[>>>>>>>>>>>>               ] 3514/7824, 89.0 task/s, elapsed: 40s, ETA:    48s[>>>>>>>>>>>>               ] 3515/7824, 89.0 task/s, elapsed: 40s, ETA:    48s[>>>>>>>>>>>>               ] 3516/7824, 89.0 task/s, elapsed: 40s, ETA:    48s[>>>>>>>>>>>>               ] 3517/7824, 89.0 task/s, elapsed: 40s, ETA:    48s[>>>>>>>>>>>>               ] 3518/7824, 89.0 task/s, elapsed: 40s, ETA:    48s[>>>>>>>>>>>>               ] 3519/7824, 89.0 task/s, elapsed: 40s, ETA:    48s[>>>>>>>>>>>>               ] 3520/7824, 89.0 task/s, elapsed: 40s, ETA:    48s[>>>>>>>>>>>>               ] 3521/7824, 89.0 task/s, elapsed: 40s, ETA:    48s[>>>>>>>>>>>>               ] 3522/7824, 89.0 task/s, elapsed: 40s, ETA:    48s[>>>>>>>>>>>>               ] 3523/7824, 89.0 task/s, elapsed: 40s, ETA:    48s[>>>>>>>>>>>>               ] 3524/7824, 89.0 task/s, elapsed: 40s, ETA:    48s[>>>>>>>>>>>>               ] 3525/7824, 89.0 task/s, elapsed: 40s, ETA:    48s[>>>>>>>>>>>>               ] 3526/7824, 89.0 task/s, elapsed: 40s, ETA:    48s[>>>>>>>>>>>>               ] 3527/7824, 89.0 task/s, elapsed: 40s, ETA:    48s[>>>>>>>>>>>>               ] 3528/7824, 89.0 task/s, elapsed: 40s, ETA:    48s[>>>>>>>>>>>>               ] 3529/7824, 89.0 task/s, elapsed: 40s, ETA:    48s[>>>>>>>>>>>>               ] 3530/7824, 89.0 task/s, elapsed: 40s, ETA:    48s[>>>>>>>>>>>>               ] 3531/7824, 89.0 task/s, elapsed: 40s, ETA:    48s[>>>>>>>>>>>>               ] 3532/7824, 89.0 task/s, elapsed: 40s, ETA:    48s[>>>>>>>>>>>>               ] 3533/7824, 89.0 task/s, elapsed: 40s, ETA:    48s[>>>>>>>>>>>>               ] 3534/7824, 89.0 task/s, elapsed: 40s, ETA:    48s[>>>>>>>>>>>>               ] 3535/7824, 89.0 task/s, elapsed: 40s, ETA:    48s[>>>>>>>>>>>>               ] 3536/7824, 89.0 task/s, elapsed: 40s, ETA:    48s[>>>>>>>>>>>>               ] 3537/7824, 89.1 task/s, elapsed: 40s, ETA:    48s[>>>>>>>>>>>>               ] 3538/7824, 89.1 task/s, elapsed: 40s, ETA:    48s[>>>>>>>>>>>>               ] 3539/7824, 89.1 task/s, elapsed: 40s, ETA:    48s[>>>>>>>>>>>>               ] 3540/7824, 89.1 task/s, elapsed: 40s, ETA:    48s[>>>>>>>>>>>>               ] 3541/7824, 89.1 task/s, elapsed: 40s, ETA:    48s[>>>>>>>>>>>>               ] 3542/7824, 89.1 task/s, elapsed: 40s, ETA:    48s[>>>>>>>>>>>>               ] 3543/7824, 89.1 task/s, elapsed: 40s, ETA:    48s[>>>>>>>>>>>>               ] 3544/7824, 89.1 task/s, elapsed: 40s, ETA:    48s[>>>>>>>>>>>>               ] 3545/7824, 89.1 task/s, elapsed: 40s, ETA:    48s[>>>>>>>>>>>>               ] 3546/7824, 89.1 task/s, elapsed: 40s, ETA:    48s[>>>>>>>>>>>>               ] 3547/7824, 89.1 task/s, elapsed: 40s, ETA:    48s[>>>>>>>>>>>>               ] 3548/7824, 89.1 task/s, elapsed: 40s, ETA:    48s[>>>>>>>>>>>>               ] 3549/7824, 89.1 task/s, elapsed: 40s, ETA:    48s[>>>>>>>>>>>>               ] 3550/7824, 89.1 task/s, elapsed: 40s, ETA:    48s[>>>>>>>>>>>>               ] 3551/7824, 89.1 task/s, elapsed: 40s, ETA:    48s[>>>>>>>>>>>>               ] 3552/7824, 89.1 task/s, elapsed: 40s, ETA:    48s[>>>>>>>>>>>>               ] 3553/7824, 89.1 task/s, elapsed: 40s, ETA:    48s[>>>>>>>>>>>>               ] 3554/7824, 89.1 task/s, elapsed: 40s, ETA:    48s[>>>>>>>>>>>>               ] 3555/7824, 89.1 task/s, elapsed: 40s, ETA:    48s[>>>>>>>>>>>>               ] 3556/7824, 89.1 task/s, elapsed: 40s, ETA:    48s[>>>>>>>>>>>>               ] 3557/7824, 89.1 task/s, elapsed: 40s, ETA:    48s[>>>>>>>>>>>>               ] 3558/7824, 89.1 task/s, elapsed: 40s, ETA:    48s[>>>>>>>>>>>>               ] 3559/7824, 89.1 task/s, elapsed: 40s, ETA:    48s[>>>>>>>>>>>>               ] 3560/7824, 89.1 task/s, elapsed: 40s, ETA:    48s[>>>>>>>>>>>>               ] 3561/7824, 89.2 task/s, elapsed: 40s, ETA:    48s[>>>>>>>>>>>>               ] 3562/7824, 89.2 task/s, elapsed: 40s, ETA:    48s[>>>>>>>>>>>>               ] 3563/7824, 89.2 task/s, elapsed: 40s, ETA:    48s[>>>>>>>>>>>>               ] 3564/7824, 89.2 task/s, elapsed: 40s, ETA:    48s[>>>>>>>>>>>>               ] 3565/7824, 89.2 task/s, elapsed: 40s, ETA:    48s[>>>>>>>>>>>>               ] 3566/7824, 89.2 task/s, elapsed: 40s, ETA:    48s[>>>>>>>>>>>>               ] 3567/7824, 89.2 task/s, elapsed: 40s, ETA:    48s[>>>>>>>>>>>>               ] 3568/7824, 89.2 task/s, elapsed: 40s, ETA:    48s[>>>>>>>>>>>>               ] 3569/7824, 89.2 task/s, elapsed: 40s, ETA:    48s[>>>>>>>>>>>>               ] 3570/7824, 89.2 task/s, elapsed: 40s, ETA:    48s[>>>>>>>>>>>>               ] 3571/7824, 89.2 task/s, elapsed: 40s, ETA:    48s[>>>>>>>>>>>>               ] 3572/7824, 89.2 task/s, elapsed: 40s, ETA:    48s[>>>>>>>>>>>>               ] 3573/7824, 89.2 task/s, elapsed: 40s, ETA:    48s[>>>>>>>>>>>>               ] 3574/7824, 89.2 task/s, elapsed: 40s, ETA:    48s[>>>>>>>>>>>>               ] 3575/7824, 89.2 task/s, elapsed: 40s, ETA:    48s[>>>>>>>>>>>>               ] 3576/7824, 89.2 task/s, elapsed: 40s, ETA:    48s[>>>>>>>>>>>>               ] 3577/7824, 89.2 task/s, elapsed: 40s, ETA:    48s[>>>>>>>>>>>>               ] 3578/7824, 89.2 task/s, elapsed: 40s, ETA:    48s[>>>>>>>>>>>>               ] 3579/7824, 89.2 task/s, elapsed: 40s, ETA:    48s[>>>>>>>>>>>>               ] 3580/7824, 89.2 task/s, elapsed: 40s, ETA:    48s[>>>>>>>>>>>>               ] 3581/7824, 89.2 task/s, elapsed: 40s, ETA:    48s[>>>>>>>>>>>>               ] 3582/7824, 89.2 task/s, elapsed: 40s, ETA:    48s[>>>>>>>>>>>>               ] 3583/7824, 89.2 task/s, elapsed: 40s, ETA:    48s[>>>>>>>>>>>>               ] 3584/7824, 89.3 task/s, elapsed: 40s, ETA:    48s[>>>>>>>>>>>>               ] 3585/7824, 89.3 task/s, elapsed: 40s, ETA:    47s[>>>>>>>>>>>>               ] 3586/7824, 89.3 task/s, elapsed: 40s, ETA:    47s[>>>>>>>>>>>>               ] 3587/7824, 89.3 task/s, elapsed: 40s, ETA:    47s[>>>>>>>>>>>>               ] 3588/7824, 89.3 task/s, elapsed: 40s, ETA:    47s[>>>>>>>>>>>>               ] 3589/7824, 89.3 task/s, elapsed: 40s, ETA:    47s[>>>>>>>>>>>>               ] 3590/7824, 89.3 task/s, elapsed: 40s, ETA:    47s[>>>>>>>>>>>>               ] 3591/7824, 89.3 task/s, elapsed: 40s, ETA:    47s[>>>>>>>>>>>>               ] 3592/7824, 89.3 task/s, elapsed: 40s, ETA:    47s[>>>>>>>>>>>>               ] 3593/7824, 89.3 task/s, elapsed: 40s, ETA:    47s[>>>>>>>>>>>>               ] 3594/7824, 89.3 task/s, elapsed: 40s, ETA:    47s[>>>>>>>>>>>>               ] 3595/7824, 89.3 task/s, elapsed: 40s, ETA:    47s[>>>>>>>>>>>>               ] 3596/7824, 89.3 task/s, elapsed: 40s, ETA:    47s[>>>>>>>>>>>>               ] 3597/7824, 89.3 task/s, elapsed: 40s, ETA:    47s[>>>>>>>>>>>>               ] 3598/7824, 89.3 task/s, elapsed: 40s, ETA:    47s[>>>>>>>>>>>>               ] 3599/7824, 89.3 task/s, elapsed: 40s, ETA:    47s[>>>>>>>>>>>>               ] 3600/7824, 89.3 task/s, elapsed: 40s, ETA:    47s[>>>>>>>>>>>>               ] 3601/7824, 89.3 task/s, elapsed: 40s, ETA:    47s[>>>>>>>>>>>>               ] 3602/7824, 89.3 task/s, elapsed: 40s, ETA:    47s[>>>>>>>>>>>>               ] 3603/7824, 89.3 task/s, elapsed: 40s, ETA:    47s[>>>>>>>>>>>>               ] 3604/7824, 89.3 task/s, elapsed: 40s, ETA:    47s[>>>>>>>>>>>>               ] 3605/7824, 89.3 task/s, elapsed: 40s, ETA:    47s[>>>>>>>>>>>>               ] 3606/7824, 89.3 task/s, elapsed: 40s, ETA:    47s[>>>>>>>>>>>>               ] 3607/7824, 89.3 task/s, elapsed: 40s, ETA:    47s[>>>>>>>>>>>>               ] 3608/7824, 89.3 task/s, elapsed: 40s, ETA:    47s[>>>>>>>>>>>>               ] 3609/7824, 89.4 task/s, elapsed: 40s, ETA:    47s[>>>>>>>>>>>>               ] 3610/7824, 89.4 task/s, elapsed: 40s, ETA:    47s[>>>>>>>>>>>>               ] 3611/7824, 89.4 task/s, elapsed: 40s, ETA:    47s[>>>>>>>>>>>>               ] 3612/7824, 89.4 task/s, elapsed: 40s, ETA:    47s[>>>>>>>>>>>>               ] 3613/7824, 89.4 task/s, elapsed: 40s, ETA:    47s[>>>>>>>>>>>>               ] 3614/7824, 89.4 task/s, elapsed: 40s, ETA:    47s[>>>>>>>>>>>>               ] 3615/7824, 89.4 task/s, elapsed: 40s, ETA:    47s[>>>>>>>>>>>>               ] 3616/7824, 89.4 task/s, elapsed: 40s, ETA:    47s[>>>>>>>>>>>>               ] 3617/7824, 89.4 task/s, elapsed: 40s, ETA:    47s[>>>>>>>>>>>>               ] 3618/7824, 89.4 task/s, elapsed: 40s, ETA:    47s[>>>>>>>>>>>>               ] 3619/7824, 89.4 task/s, elapsed: 40s, ETA:    47s[>>>>>>>>>>>>               ] 3620/7824, 89.4 task/s, elapsed: 40s, ETA:    47s[>>>>>>>>>>>>               ] 3621/7824, 89.4 task/s, elapsed: 41s, ETA:    47s[>>>>>>>>>>>>               ] 3622/7824, 89.4 task/s, elapsed: 41s, ETA:    47s[>>>>>>>>>>>>               ] 3623/7824, 89.4 task/s, elapsed: 41s, ETA:    47s[>>>>>>>>>>>>               ] 3624/7824, 89.4 task/s, elapsed: 41s, ETA:    47s[>>>>>>>>>>>>               ] 3625/7824, 89.4 task/s, elapsed: 41s, ETA:    47s[>>>>>>>>>>>>               ] 3626/7824, 89.4 task/s, elapsed: 41s, ETA:    47s[>>>>>>>>>>>>               ] 3627/7824, 89.4 task/s, elapsed: 41s, ETA:    47s[>>>>>>>>>>>>               ] 3628/7824, 89.4 task/s, elapsed: 41s, ETA:    47s[>>>>>>>>>>>>               ] 3629/7824, 89.4 task/s, elapsed: 41s, ETA:    47s[>>>>>>>>>>>>               ] 3630/7824, 89.4 task/s, elapsed: 41s, ETA:    47s[>>>>>>>>>>>>               ] 3631/7824, 89.4 task/s, elapsed: 41s, ETA:    47s[>>>>>>>>>>>>               ] 3632/7824, 89.4 task/s, elapsed: 41s, ETA:    47s[>>>>>>>>>>>>               ] 3633/7824, 89.4 task/s, elapsed: 41s, ETA:    47s[>>>>>>>>>>>>               ] 3634/7824, 89.4 task/s, elapsed: 41s, ETA:    47s[>>>>>>>>>>>>               ] 3635/7824, 89.4 task/s, elapsed: 41s, ETA:    47s[>>>>>>>>>>>>               ] 3636/7824, 89.4 task/s, elapsed: 41s, ETA:    47s[>>>>>>>>>>>>               ] 3637/7824, 89.4 task/s, elapsed: 41s, ETA:    47s[>>>>>>>>>>>>               ] 3638/7824, 89.4 task/s, elapsed: 41s, ETA:    47s[>>>>>>>>>>>>               ] 3639/7824, 89.4 task/s, elapsed: 41s, ETA:    47s[>>>>>>>>>>>>               ] 3640/7824, 89.5 task/s, elapsed: 41s, ETA:    47s[>>>>>>>>>>>>               ] 3641/7824, 89.5 task/s, elapsed: 41s, ETA:    47s[>>>>>>>>>>>>               ] 3642/7824, 89.5 task/s, elapsed: 41s, ETA:    47s[>>>>>>>>>>>>               ] 3643/7824, 89.5 task/s, elapsed: 41s, ETA:    47s[>>>>>>>>>>>>               ] 3644/7824, 89.5 task/s, elapsed: 41s, ETA:    47s[>>>>>>>>>>>>               ] 3645/7824, 89.5 task/s, elapsed: 41s, ETA:    47s[>>>>>>>>>>>>               ] 3646/7824, 89.5 task/s, elapsed: 41s, ETA:    47s[>>>>>>>>>>>>               ] 3647/7824, 89.5 task/s, elapsed: 41s, ETA:    47s[>>>>>>>>>>>>               ] 3648/7824, 89.5 task/s, elapsed: 41s, ETA:    47s[>>>>>>>>>>>>               ] 3649/7824, 89.5 task/s, elapsed: 41s, ETA:    47s[>>>>>>>>>>>>               ] 3650/7824, 89.5 task/s, elapsed: 41s, ETA:    47s[>>>>>>>>>>>>               ] 3651/7824, 89.5 task/s, elapsed: 41s, ETA:    47s[>>>>>>>>>>>>               ] 3652/7824, 89.5 task/s, elapsed: 41s, ETA:    47s[>>>>>>>>>>>>               ] 3653/7824, 89.5 task/s, elapsed: 41s, ETA:    47s[>>>>>>>>>>>>               ] 3654/7824, 89.5 task/s, elapsed: 41s, ETA:    47s[>>>>>>>>>>>>               ] 3655/7824, 89.5 task/s, elapsed: 41s, ETA:    47s[>>>>>>>>>>>>               ] 3656/7824, 89.5 task/s, elapsed: 41s, ETA:    47s[>>>>>>>>>>>>               ] 3657/7824, 89.5 task/s, elapsed: 41s, ETA:    47s[>>>>>>>>>>>>               ] 3658/7824, 89.5 task/s, elapsed: 41s, ETA:    47s[>>>>>>>>>>>>               ] 3659/7824, 89.5 task/s, elapsed: 41s, ETA:    47s[>>>>>>>>>>>>               ] 3660/7824, 89.5 task/s, elapsed: 41s, ETA:    47s[>>>>>>>>>>>>               ] 3661/7824, 89.5 task/s, elapsed: 41s, ETA:    46s[>>>>>>>>>>>>               ] 3662/7824, 89.5 task/s, elapsed: 41s, ETA:    46s[>>>>>>>>>>>>               ] 3663/7824, 89.5 task/s, elapsed: 41s, ETA:    46s[>>>>>>>>>>>>               ] 3664/7824, 89.5 task/s, elapsed: 41s, ETA:    46s[>>>>>>>>>>>>               ] 3665/7824, 89.5 task/s, elapsed: 41s, ETA:    46s[>>>>>>>>>>>>               ] 3666/7824, 89.5 task/s, elapsed: 41s, ETA:    46s[>>>>>>>>>>>>               ] 3667/7824, 89.5 task/s, elapsed: 41s, ETA:    46s[>>>>>>>>>>>>               ] 3668/7824, 89.5 task/s, elapsed: 41s, ETA:    46s[>>>>>>>>>>>>               ] 3669/7824, 89.5 task/s, elapsed: 41s, ETA:    46s[>>>>>>>>>>>>               ] 3670/7824, 89.5 task/s, elapsed: 41s, ETA:    46s[>>>>>>>>>>>>               ] 3671/7824, 89.5 task/s, elapsed: 41s, ETA:    46s[>>>>>>>>>>>>               ] 3672/7824, 89.6 task/s, elapsed: 41s, ETA:    46s[>>>>>>>>>>>>               ] 3673/7824, 89.6 task/s, elapsed: 41s, ETA:    46s[>>>>>>>>>>>>               ] 3674/7824, 89.6 task/s, elapsed: 41s, ETA:    46s[>>>>>>>>>>>>               ] 3675/7824, 89.6 task/s, elapsed: 41s, ETA:    46s[>>>>>>>>>>>>               ] 3676/7824, 89.6 task/s, elapsed: 41s, ETA:    46s[>>>>>>>>>>>>               ] 3677/7824, 89.6 task/s, elapsed: 41s, ETA:    46s[>>>>>>>>>>>>               ] 3678/7824, 89.6 task/s, elapsed: 41s, ETA:    46s[>>>>>>>>>>>>               ] 3679/7824, 89.6 task/s, elapsed: 41s, ETA:    46s[>>>>>>>>>>>>               ] 3680/7824, 89.6 task/s, elapsed: 41s, ETA:    46s[>>>>>>>>>>>>               ] 3681/7824, 89.6 task/s, elapsed: 41s, ETA:    46s[>>>>>>>>>>>>               ] 3682/7824, 89.6 task/s, elapsed: 41s, ETA:    46s[>>>>>>>>>>>>               ] 3683/7824, 89.6 task/s, elapsed: 41s, ETA:    46s[>>>>>>>>>>>>               ] 3684/7824, 89.6 task/s, elapsed: 41s, ETA:    46s[>>>>>>>>>>>>               ] 3685/7824, 89.6 task/s, elapsed: 41s, ETA:    46s[>>>>>>>>>>>>               ] 3686/7824, 89.6 task/s, elapsed: 41s, ETA:    46s[>>>>>>>>>>>>               ] 3687/7824, 89.6 task/s, elapsed: 41s, ETA:    46s[>>>>>>>>>>>>               ] 3688/7824, 89.6 task/s, elapsed: 41s, ETA:    46s[>>>>>>>>>>>>               ] 3689/7824, 89.6 task/s, elapsed: 41s, ETA:    46s[>>>>>>>>>>>>               ] 3690/7824, 89.6 task/s, elapsed: 41s, ETA:    46s[>>>>>>>>>>>>               ] 3691/7824, 89.6 task/s, elapsed: 41s, ETA:    46s[>>>>>>>>>>>>               ] 3692/7824, 89.6 task/s, elapsed: 41s, ETA:    46s[>>>>>>>>>>>>               ] 3693/7824, 89.6 task/s, elapsed: 41s, ETA:    46s[>>>>>>>>>>>>               ] 3694/7824, 89.6 task/s, elapsed: 41s, ETA:    46s[>>>>>>>>>>>>               ] 3695/7824, 89.6 task/s, elapsed: 41s, ETA:    46s[>>>>>>>>>>>>               ] 3696/7824, 89.6 task/s, elapsed: 41s, ETA:    46s[>>>>>>>>>>>>               ] 3697/7824, 89.6 task/s, elapsed: 41s, ETA:    46s[>>>>>>>>>>>>               ] 3698/7824, 89.7 task/s, elapsed: 41s, ETA:    46s[>>>>>>>>>>>>               ] 3699/7824, 89.7 task/s, elapsed: 41s, ETA:    46s[>>>>>>>>>>>>               ] 3700/7824, 89.7 task/s, elapsed: 41s, ETA:    46s[>>>>>>>>>>>>               ] 3701/7824, 89.7 task/s, elapsed: 41s, ETA:    46s[>>>>>>>>>>>>               ] 3702/7824, 89.7 task/s, elapsed: 41s, ETA:    46s[>>>>>>>>>>>>               ] 3703/7824, 89.7 task/s, elapsed: 41s, ETA:    46s[>>>>>>>>>>>>               ] 3704/7824, 89.7 task/s, elapsed: 41s, ETA:    46s[>>>>>>>>>>>>               ] 3705/7824, 89.7 task/s, elapsed: 41s, ETA:    46s[>>>>>>>>>>>>               ] 3706/7824, 89.7 task/s, elapsed: 41s, ETA:    46s[>>>>>>>>>>>>               ] 3707/7824, 89.7 task/s, elapsed: 41s, ETA:    46s[>>>>>>>>>>>>               ] 3708/7824, 89.7 task/s, elapsed: 41s, ETA:    46s[>>>>>>>>>>>>               ] 3709/7824, 89.7 task/s, elapsed: 41s, ETA:    46s[>>>>>>>>>>>>               ] 3710/7824, 89.7 task/s, elapsed: 41s, ETA:    46s[>>>>>>>>>>>>               ] 3711/7824, 89.7 task/s, elapsed: 41s, ETA:    46s[>>>>>>>>>>>>               ] 3712/7824, 89.7 task/s, elapsed: 41s, ETA:    46s[>>>>>>>>>>>>               ] 3713/7824, 89.7 task/s, elapsed: 41s, ETA:    46s[>>>>>>>>>>>>               ] 3714/7824, 89.7 task/s, elapsed: 41s, ETA:    46s[>>>>>>>>>>>>               ] 3715/7824, 89.7 task/s, elapsed: 41s, ETA:    46s[>>>>>>>>>>>>               ] 3716/7824, 89.7 task/s, elapsed: 41s, ETA:    46s[>>>>>>>>>>>>               ] 3717/7824, 89.7 task/s, elapsed: 41s, ETA:    46s[>>>>>>>>>>>>               ] 3718/7824, 89.7 task/s, elapsed: 41s, ETA:    46s[>>>>>>>>>>>>               ] 3719/7824, 89.7 task/s, elapsed: 41s, ETA:    46s[>>>>>>>>>>>>               ] 3720/7824, 89.7 task/s, elapsed: 41s, ETA:    46s[>>>>>>>>>>>>               ] 3721/7824, 89.8 task/s, elapsed: 41s, ETA:    46s[>>>>>>>>>>>>               ] 3722/7824, 89.8 task/s, elapsed: 41s, ETA:    46s[>>>>>>>>>>>>               ] 3723/7824, 89.8 task/s, elapsed: 41s, ETA:    46s[>>>>>>>>>>>>               ] 3724/7824, 89.8 task/s, elapsed: 41s, ETA:    46s[>>>>>>>>>>>>               ] 3725/7824, 89.8 task/s, elapsed: 41s, ETA:    46s[>>>>>>>>>>>>               ] 3726/7824, 89.8 task/s, elapsed: 42s, ETA:    46s[>>>>>>>>>>>>               ] 3727/7824, 89.8 task/s, elapsed: 42s, ETA:    46s[>>>>>>>>>>>>               ] 3728/7824, 89.8 task/s, elapsed: 42s, ETA:    46s[>>>>>>>>>>>>               ] 3729/7824, 89.8 task/s, elapsed: 42s, ETA:    46s[>>>>>>>>>>>>               ] 3730/7824, 89.8 task/s, elapsed: 42s, ETA:    46s[>>>>>>>>>>>>               ] 3731/7824, 89.8 task/s, elapsed: 42s, ETA:    46s[>>>>>>>>>>>>               ] 3732/7824, 89.8 task/s, elapsed: 42s, ETA:    46s[>>>>>>>>>>>>               ] 3733/7824, 89.8 task/s, elapsed: 42s, ETA:    46s[>>>>>>>>>>>>               ] 3734/7824, 89.8 task/s, elapsed: 42s, ETA:    46s[>>>>>>>>>>>>               ] 3735/7824, 89.8 task/s, elapsed: 42s, ETA:    46s[>>>>>>>>>>>>               ] 3736/7824, 89.8 task/s, elapsed: 42s, ETA:    46s[>>>>>>>>>>>>               ] 3737/7824, 89.8 task/s, elapsed: 42s, ETA:    46s[>>>>>>>>>>>>               ] 3738/7824, 89.8 task/s, elapsed: 42s, ETA:    46s[>>>>>>>>>>>>               ] 3739/7824, 89.8 task/s, elapsed: 42s, ETA:    45s[>>>>>>>>>>>>               ] 3740/7824, 89.8 task/s, elapsed: 42s, ETA:    45s[>>>>>>>>>>>>               ] 3741/7824, 89.8 task/s, elapsed: 42s, ETA:    45s[>>>>>>>>>>>>               ] 3742/7824, 89.8 task/s, elapsed: 42s, ETA:    45s[>>>>>>>>>>>>               ] 3743/7824, 89.8 task/s, elapsed: 42s, ETA:    45s[>>>>>>>>>>>>               ] 3744/7824, 89.8 task/s, elapsed: 42s, ETA:    45s[>>>>>>>>>>>>               ] 3745/7824, 89.8 task/s, elapsed: 42s, ETA:    45s[>>>>>>>>>>>>               ] 3746/7824, 89.8 task/s, elapsed: 42s, ETA:    45s[>>>>>>>>>>>>               ] 3747/7824, 89.8 task/s, elapsed: 42s, ETA:    45s[>>>>>>>>>>>>               ] 3748/7824, 89.8 task/s, elapsed: 42s, ETA:    45s[>>>>>>>>>>>>               ] 3749/7824, 89.8 task/s, elapsed: 42s, ETA:    45s[>>>>>>>>>>>>               ] 3750/7824, 89.8 task/s, elapsed: 42s, ETA:    45s[>>>>>>>>>>>>               ] 3751/7824, 89.8 task/s, elapsed: 42s, ETA:    45s[>>>>>>>>>>>>               ] 3752/7824, 89.8 task/s, elapsed: 42s, ETA:    45s[>>>>>>>>>>>>               ] 3753/7824, 89.8 task/s, elapsed: 42s, ETA:    45s[>>>>>>>>>>>>               ] 3754/7824, 89.8 task/s, elapsed: 42s, ETA:    45s[>>>>>>>>>>>>               ] 3755/7824, 89.9 task/s, elapsed: 42s, ETA:    45s[>>>>>>>>>>>>               ] 3756/7824, 89.9 task/s, elapsed: 42s, ETA:    45s[>>>>>>>>>>>>               ] 3757/7824, 89.9 task/s, elapsed: 42s, ETA:    45s[>>>>>>>>>>>>               ] 3758/7824, 89.9 task/s, elapsed: 42s, ETA:    45s[>>>>>>>>>>>>               ] 3759/7824, 89.9 task/s, elapsed: 42s, ETA:    45s[>>>>>>>>>>>>               ] 3760/7824, 89.9 task/s, elapsed: 42s, ETA:    45s[>>>>>>>>>>>>               ] 3761/7824, 89.9 task/s, elapsed: 42s, ETA:    45s[>>>>>>>>>>>>               ] 3762/7824, 89.9 task/s, elapsed: 42s, ETA:    45s[>>>>>>>>>>>>               ] 3763/7824, 89.9 task/s, elapsed: 42s, ETA:    45s[>>>>>>>>>>>>               ] 3764/7824, 89.9 task/s, elapsed: 42s, ETA:    45s[>>>>>>>>>>>>               ] 3765/7824, 89.9 task/s, elapsed: 42s, ETA:    45s[>>>>>>>>>>>>               ] 3766/7824, 89.9 task/s, elapsed: 42s, ETA:    45s[>>>>>>>>>>>>               ] 3767/7824, 89.9 task/s, elapsed: 42s, ETA:    45s[>>>>>>>>>>>>>              ] 3768/7824, 89.9 task/s, elapsed: 42s, ETA:    45s[>>>>>>>>>>>>>              ] 3769/7824, 89.9 task/s, elapsed: 42s, ETA:    45s[>>>>>>>>>>>>>              ] 3770/7824, 89.9 task/s, elapsed: 42s, ETA:    45s[>>>>>>>>>>>>>              ] 3771/7824, 89.9 task/s, elapsed: 42s, ETA:    45s[>>>>>>>>>>>>>              ] 3772/7824, 89.9 task/s, elapsed: 42s, ETA:    45s[>>>>>>>>>>>>>              ] 3773/7824, 89.9 task/s, elapsed: 42s, ETA:    45s[>>>>>>>>>>>>>              ] 3774/7824, 89.9 task/s, elapsed: 42s, ETA:    45s[>>>>>>>>>>>>>              ] 3775/7824, 89.9 task/s, elapsed: 42s, ETA:    45s[>>>>>>>>>>>>>              ] 3776/7824, 89.9 task/s, elapsed: 42s, ETA:    45s[>>>>>>>>>>>>>              ] 3777/7824, 89.9 task/s, elapsed: 42s, ETA:    45s[>>>>>>>>>>>>>              ] 3778/7824, 89.9 task/s, elapsed: 42s, ETA:    45s[>>>>>>>>>>>>>              ] 3779/7824, 90.0 task/s, elapsed: 42s, ETA:    45s[>>>>>>>>>>>>>              ] 3780/7824, 90.0 task/s, elapsed: 42s, ETA:    45s[>>>>>>>>>>>>>              ] 3781/7824, 90.0 task/s, elapsed: 42s, ETA:    45s[>>>>>>>>>>>>>              ] 3782/7824, 90.0 task/s, elapsed: 42s, ETA:    45s[>>>>>>>>>>>>>              ] 3783/7824, 90.0 task/s, elapsed: 42s, ETA:    45s[>>>>>>>>>>>>>              ] 3784/7824, 90.0 task/s, elapsed: 42s, ETA:    45s[>>>>>>>>>>>>>              ] 3785/7824, 90.0 task/s, elapsed: 42s, ETA:    45s[>>>>>>>>>>>>>              ] 3786/7824, 90.0 task/s, elapsed: 42s, ETA:    45s[>>>>>>>>>>>>>              ] 3787/7824, 90.0 task/s, elapsed: 42s, ETA:    45s[>>>>>>>>>>>>>              ] 3788/7824, 90.0 task/s, elapsed: 42s, ETA:    45s[>>>>>>>>>>>>>              ] 3789/7824, 90.0 task/s, elapsed: 42s, ETA:    45s[>>>>>>>>>>>>>              ] 3790/7824, 90.0 task/s, elapsed: 42s, ETA:    45s[>>>>>>>>>>>>>              ] 3791/7824, 90.0 task/s, elapsed: 42s, ETA:    45s[>>>>>>>>>>>>>              ] 3792/7824, 90.0 task/s, elapsed: 42s, ETA:    45s[>>>>>>>>>>>>>              ] 3793/7824, 90.0 task/s, elapsed: 42s, ETA:    45s[>>>>>>>>>>>>>              ] 3794/7824, 90.0 task/s, elapsed: 42s, ETA:    45s[>>>>>>>>>>>>>              ] 3795/7824, 90.0 task/s, elapsed: 42s, ETA:    45s[>>>>>>>>>>>>>              ] 3796/7824, 90.0 task/s, elapsed: 42s, ETA:    45s[>>>>>>>>>>>>>              ] 3797/7824, 90.0 task/s, elapsed: 42s, ETA:    45s[>>>>>>>>>>>>>              ] 3798/7824, 90.0 task/s, elapsed: 42s, ETA:    45s[>>>>>>>>>>>>>              ] 3799/7824, 90.0 task/s, elapsed: 42s, ETA:    45s[>>>>>>>>>>>>>              ] 3800/7824, 90.0 task/s, elapsed: 42s, ETA:    45s[>>>>>>>>>>>>>              ] 3801/7824, 90.0 task/s, elapsed: 42s, ETA:    45s[>>>>>>>>>>>>>              ] 3802/7824, 90.0 task/s, elapsed: 42s, ETA:    45s[>>>>>>>>>>>>>              ] 3803/7824, 90.0 task/s, elapsed: 42s, ETA:    45s[>>>>>>>>>>>>>              ] 3804/7824, 90.0 task/s, elapsed: 42s, ETA:    45s[>>>>>>>>>>>>>              ] 3805/7824, 90.0 task/s, elapsed: 42s, ETA:    45s[>>>>>>>>>>>>>              ] 3806/7824, 90.0 task/s, elapsed: 42s, ETA:    45s[>>>>>>>>>>>>>              ] 3807/7824, 90.1 task/s, elapsed: 42s, ETA:    45s[>>>>>>>>>>>>>              ] 3808/7824, 90.1 task/s, elapsed: 42s, ETA:    45s[>>>>>>>>>>>>>              ] 3809/7824, 90.1 task/s, elapsed: 42s, ETA:    45s[>>>>>>>>>>>>>              ] 3810/7824, 90.1 task/s, elapsed: 42s, ETA:    45s[>>>>>>>>>>>>>              ] 3811/7824, 90.1 task/s, elapsed: 42s, ETA:    45s[>>>>>>>>>>>>>              ] 3812/7824, 90.1 task/s, elapsed: 42s, ETA:    45s[>>>>>>>>>>>>>              ] 3813/7824, 90.1 task/s, elapsed: 42s, ETA:    45s[>>>>>>>>>>>>>              ] 3814/7824, 90.1 task/s, elapsed: 42s, ETA:    45s[>>>>>>>>>>>>>              ] 3815/7824, 90.1 task/s, elapsed: 42s, ETA:    45s[>>>>>>>>>>>>>              ] 3816/7824, 90.1 task/s, elapsed: 42s, ETA:    44s[>>>>>>>>>>>>>              ] 3817/7824, 90.1 task/s, elapsed: 42s, ETA:    44s[>>>>>>>>>>>>>              ] 3818/7824, 90.1 task/s, elapsed: 42s, ETA:    44s[>>>>>>>>>>>>>              ] 3819/7824, 90.1 task/s, elapsed: 42s, ETA:    44s[>>>>>>>>>>>>>              ] 3820/7824, 90.1 task/s, elapsed: 42s, ETA:    44s[>>>>>>>>>>>>>              ] 3821/7824, 90.1 task/s, elapsed: 42s, ETA:    44s[>>>>>>>>>>>>>              ] 3822/7824, 90.1 task/s, elapsed: 42s, ETA:    44s[>>>>>>>>>>>>>              ] 3823/7824, 90.1 task/s, elapsed: 42s, ETA:    44s[>>>>>>>>>>>>>              ] 3824/7824, 90.1 task/s, elapsed: 42s, ETA:    44s[>>>>>>>>>>>>>              ] 3825/7824, 90.1 task/s, elapsed: 42s, ETA:    44s[>>>>>>>>>>>>>              ] 3826/7824, 90.1 task/s, elapsed: 42s, ETA:    44s[>>>>>>>>>>>>>              ] 3827/7824, 90.1 task/s, elapsed: 42s, ETA:    44s[>>>>>>>>>>>>>              ] 3828/7824, 90.1 task/s, elapsed: 42s, ETA:    44s[>>>>>>>>>>>>>              ] 3829/7824, 90.1 task/s, elapsed: 42s, ETA:    44s[>>>>>>>>>>>>>              ] 3830/7824, 90.1 task/s, elapsed: 42s, ETA:    44s[>>>>>>>>>>>>>              ] 3831/7824, 90.1 task/s, elapsed: 43s, ETA:    44s[>>>>>>>>>>>>>              ] 3832/7824, 90.1 task/s, elapsed: 43s, ETA:    44s[>>>>>>>>>>>>>              ] 3833/7824, 90.1 task/s, elapsed: 43s, ETA:    44s[>>>>>>>>>>>>>              ] 3834/7824, 90.1 task/s, elapsed: 43s, ETA:    44s[>>>>>>>>>>>>>              ] 3835/7824, 90.1 task/s, elapsed: 43s, ETA:    44s[>>>>>>>>>>>>>              ] 3836/7824, 90.1 task/s, elapsed: 43s, ETA:    44s[>>>>>>>>>>>>>              ] 3837/7824, 90.1 task/s, elapsed: 43s, ETA:    44s[>>>>>>>>>>>>>              ] 3838/7824, 90.2 task/s, elapsed: 43s, ETA:    44s[>>>>>>>>>>>>>              ] 3839/7824, 90.2 task/s, elapsed: 43s, ETA:    44s[>>>>>>>>>>>>>              ] 3840/7824, 90.2 task/s, elapsed: 43s, ETA:    44s[>>>>>>>>>>>>>              ] 3841/7824, 90.2 task/s, elapsed: 43s, ETA:    44s[>>>>>>>>>>>>>              ] 3842/7824, 90.2 task/s, elapsed: 43s, ETA:    44s[>>>>>>>>>>>>>              ] 3843/7824, 90.2 task/s, elapsed: 43s, ETA:    44s[>>>>>>>>>>>>>              ] 3844/7824, 90.2 task/s, elapsed: 43s, ETA:    44s[>>>>>>>>>>>>>              ] 3845/7824, 90.2 task/s, elapsed: 43s, ETA:    44s[>>>>>>>>>>>>>              ] 3846/7824, 90.2 task/s, elapsed: 43s, ETA:    44s[>>>>>>>>>>>>>              ] 3847/7824, 90.2 task/s, elapsed: 43s, ETA:    44s[>>>>>>>>>>>>>              ] 3848/7824, 90.2 task/s, elapsed: 43s, ETA:    44s[>>>>>>>>>>>>>              ] 3849/7824, 90.2 task/s, elapsed: 43s, ETA:    44s[>>>>>>>>>>>>>              ] 3850/7824, 90.2 task/s, elapsed: 43s, ETA:    44s[>>>>>>>>>>>>>              ] 3851/7824, 90.2 task/s, elapsed: 43s, ETA:    44s[>>>>>>>>>>>>>              ] 3852/7824, 90.2 task/s, elapsed: 43s, ETA:    44s[>>>>>>>>>>>>>              ] 3853/7824, 90.2 task/s, elapsed: 43s, ETA:    44s[>>>>>>>>>>>>>              ] 3854/7824, 90.2 task/s, elapsed: 43s, ETA:    44s[>>>>>>>>>>>>>              ] 3855/7824, 90.2 task/s, elapsed: 43s, ETA:    44s[>>>>>>>>>>>>>              ] 3856/7824, 90.2 task/s, elapsed: 43s, ETA:    44s[>>>>>>>>>>>>>              ] 3857/7824, 90.2 task/s, elapsed: 43s, ETA:    44s[>>>>>>>>>>>>>              ] 3858/7824, 90.2 task/s, elapsed: 43s, ETA:    44s[>>>>>>>>>>>>>              ] 3859/7824, 90.2 task/s, elapsed: 43s, ETA:    44s[>>>>>>>>>>>>>              ] 3860/7824, 90.2 task/s, elapsed: 43s, ETA:    44s[>>>>>>>>>>>>>              ] 3861/7824, 90.2 task/s, elapsed: 43s, ETA:    44s[>>>>>>>>>>>>>              ] 3862/7824, 90.3 task/s, elapsed: 43s, ETA:    44s[>>>>>>>>>>>>>              ] 3863/7824, 90.3 task/s, elapsed: 43s, ETA:    44s[>>>>>>>>>>>>>              ] 3864/7824, 90.3 task/s, elapsed: 43s, ETA:    44s[>>>>>>>>>>>>>              ] 3865/7824, 90.3 task/s, elapsed: 43s, ETA:    44s[>>>>>>>>>>>>>              ] 3866/7824, 90.3 task/s, elapsed: 43s, ETA:    44s[>>>>>>>>>>>>>              ] 3867/7824, 90.3 task/s, elapsed: 43s, ETA:    44s[>>>>>>>>>>>>>              ] 3868/7824, 90.3 task/s, elapsed: 43s, ETA:    44s[>>>>>>>>>>>>>              ] 3869/7824, 90.3 task/s, elapsed: 43s, ETA:    44s[>>>>>>>>>>>>>              ] 3870/7824, 90.3 task/s, elapsed: 43s, ETA:    44s[>>>>>>>>>>>>>              ] 3871/7824, 90.3 task/s, elapsed: 43s, ETA:    44s[>>>>>>>>>>>>>              ] 3872/7824, 90.3 task/s, elapsed: 43s, ETA:    44s[>>>>>>>>>>>>>              ] 3873/7824, 90.3 task/s, elapsed: 43s, ETA:    44s[>>>>>>>>>>>>>              ] 3874/7824, 90.3 task/s, elapsed: 43s, ETA:    44s[>>>>>>>>>>>>>              ] 3875/7824, 90.3 task/s, elapsed: 43s, ETA:    44s[>>>>>>>>>>>>>              ] 3876/7824, 90.3 task/s, elapsed: 43s, ETA:    44s[>>>>>>>>>>>>>              ] 3877/7824, 90.3 task/s, elapsed: 43s, ETA:    44s[>>>>>>>>>>>>>              ] 3878/7824, 90.3 task/s, elapsed: 43s, ETA:    44s[>>>>>>>>>>>>>              ] 3879/7824, 90.3 task/s, elapsed: 43s, ETA:    44s[>>>>>>>>>>>>>              ] 3880/7824, 90.3 task/s, elapsed: 43s, ETA:    44s[>>>>>>>>>>>>>              ] 3881/7824, 90.3 task/s, elapsed: 43s, ETA:    44s[>>>>>>>>>>>>>              ] 3882/7824, 90.3 task/s, elapsed: 43s, ETA:    44s[>>>>>>>>>>>>>              ] 3883/7824, 90.3 task/s, elapsed: 43s, ETA:    44s[>>>>>>>>>>>>>              ] 3884/7824, 90.3 task/s, elapsed: 43s, ETA:    44s[>>>>>>>>>>>>>              ] 3885/7824, 90.3 task/s, elapsed: 43s, ETA:    44s[>>>>>>>>>>>>>              ] 3886/7824, 90.3 task/s, elapsed: 43s, ETA:    44s[>>>>>>>>>>>>>              ] 3887/7824, 90.3 task/s, elapsed: 43s, ETA:    44s[>>>>>>>>>>>>>              ] 3888/7824, 90.3 task/s, elapsed: 43s, ETA:    44s[>>>>>>>>>>>>>              ] 3889/7824, 90.3 task/s, elapsed: 43s, ETA:    44s[>>>>>>>>>>>>>              ] 3890/7824, 90.4 task/s, elapsed: 43s, ETA:    44s[>>>>>>>>>>>>>              ] 3891/7824, 90.4 task/s, elapsed: 43s, ETA:    44s[>>>>>>>>>>>>>              ] 3892/7824, 90.4 task/s, elapsed: 43s, ETA:    44s[>>>>>>>>>>>>>              ] 3893/7824, 90.4 task/s, elapsed: 43s, ETA:    44s[>>>>>>>>>>>>>              ] 3894/7824, 90.4 task/s, elapsed: 43s, ETA:    43s[>>>>>>>>>>>>>              ] 3895/7824, 90.4 task/s, elapsed: 43s, ETA:    43s[>>>>>>>>>>>>>              ] 3896/7824, 90.4 task/s, elapsed: 43s, ETA:    43s[>>>>>>>>>>>>>              ] 3897/7824, 90.4 task/s, elapsed: 43s, ETA:    43s[>>>>>>>>>>>>>              ] 3898/7824, 90.4 task/s, elapsed: 43s, ETA:    43s[>>>>>>>>>>>>>              ] 3899/7824, 90.4 task/s, elapsed: 43s, ETA:    43s[>>>>>>>>>>>>>              ] 3900/7824, 90.4 task/s, elapsed: 43s, ETA:    43s[>>>>>>>>>>>>>              ] 3901/7824, 90.4 task/s, elapsed: 43s, ETA:    43s[>>>>>>>>>>>>>              ] 3902/7824, 90.4 task/s, elapsed: 43s, ETA:    43s[>>>>>>>>>>>>>              ] 3903/7824, 90.4 task/s, elapsed: 43s, ETA:    43s[>>>>>>>>>>>>>              ] 3904/7824, 90.4 task/s, elapsed: 43s, ETA:    43s[>>>>>>>>>>>>>              ] 3905/7824, 90.4 task/s, elapsed: 43s, ETA:    43s[>>>>>>>>>>>>>              ] 3906/7824, 90.4 task/s, elapsed: 43s, ETA:    43s[>>>>>>>>>>>>>              ] 3907/7824, 90.4 task/s, elapsed: 43s, ETA:    43s[>>>>>>>>>>>>>              ] 3908/7824, 90.4 task/s, elapsed: 43s, ETA:    43s[>>>>>>>>>>>>>              ] 3909/7824, 90.4 task/s, elapsed: 43s, ETA:    43s[>>>>>>>>>>>>>              ] 3910/7824, 90.4 task/s, elapsed: 43s, ETA:    43s[>>>>>>>>>>>>>              ] 3911/7824, 90.4 task/s, elapsed: 43s, ETA:    43s[>>>>>>>>>>>>>              ] 3912/7824, 90.4 task/s, elapsed: 43s, ETA:    43s[>>>>>>>>>>>>>              ] 3913/7824, 90.4 task/s, elapsed: 43s, ETA:    43s[>>>>>>>>>>>>>              ] 3914/7824, 90.4 task/s, elapsed: 43s, ETA:    43s[>>>>>>>>>>>>>              ] 3915/7824, 90.4 task/s, elapsed: 43s, ETA:    43s[>>>>>>>>>>>>>              ] 3916/7824, 90.5 task/s, elapsed: 43s, ETA:    43s[>>>>>>>>>>>>>              ] 3917/7824, 90.5 task/s, elapsed: 43s, ETA:    43s[>>>>>>>>>>>>>              ] 3918/7824, 90.5 task/s, elapsed: 43s, ETA:    43s[>>>>>>>>>>>>>              ] 3919/7824, 90.5 task/s, elapsed: 43s, ETA:    43s[>>>>>>>>>>>>>              ] 3920/7824, 90.5 task/s, elapsed: 43s, ETA:    43s[>>>>>>>>>>>>>              ] 3921/7824, 90.5 task/s, elapsed: 43s, ETA:    43s[>>>>>>>>>>>>>              ] 3922/7824, 90.5 task/s, elapsed: 43s, ETA:    43s[>>>>>>>>>>>>>              ] 3923/7824, 90.5 task/s, elapsed: 43s, ETA:    43s[>>>>>>>>>>>>>              ] 3924/7824, 90.5 task/s, elapsed: 43s, ETA:    43s[>>>>>>>>>>>>>              ] 3925/7824, 90.5 task/s, elapsed: 43s, ETA:    43s[>>>>>>>>>>>>>              ] 3926/7824, 90.5 task/s, elapsed: 43s, ETA:    43s[>>>>>>>>>>>>>              ] 3927/7824, 90.5 task/s, elapsed: 43s, ETA:    43s[>>>>>>>>>>>>>              ] 3928/7824, 90.5 task/s, elapsed: 43s, ETA:    43s[>>>>>>>>>>>>>              ] 3929/7824, 90.5 task/s, elapsed: 43s, ETA:    43s[>>>>>>>>>>>>>              ] 3930/7824, 90.5 task/s, elapsed: 43s, ETA:    43s[>>>>>>>>>>>>>              ] 3931/7824, 90.5 task/s, elapsed: 43s, ETA:    43s[>>>>>>>>>>>>>              ] 3932/7824, 90.5 task/s, elapsed: 43s, ETA:    43s[>>>>>>>>>>>>>              ] 3933/7824, 90.5 task/s, elapsed: 43s, ETA:    43s[>>>>>>>>>>>>>              ] 3934/7824, 90.5 task/s, elapsed: 43s, ETA:    43s[>>>>>>>>>>>>>              ] 3935/7824, 90.5 task/s, elapsed: 43s, ETA:    43s[>>>>>>>>>>>>>              ] 3936/7824, 90.5 task/s, elapsed: 43s, ETA:    43s[>>>>>>>>>>>>>              ] 3937/7824, 90.5 task/s, elapsed: 43s, ETA:    43s[>>>>>>>>>>>>>              ] 3938/7824, 90.5 task/s, elapsed: 44s, ETA:    43s[>>>>>>>>>>>>>              ] 3939/7824, 90.5 task/s, elapsed: 44s, ETA:    43s[>>>>>>>>>>>>>              ] 3940/7824, 90.5 task/s, elapsed: 44s, ETA:    43s[>>>>>>>>>>>>>              ] 3941/7824, 90.5 task/s, elapsed: 44s, ETA:    43s[>>>>>>>>>>>>>              ] 3942/7824, 90.5 task/s, elapsed: 44s, ETA:    43s[>>>>>>>>>>>>>              ] 3943/7824, 90.5 task/s, elapsed: 44s, ETA:    43s[>>>>>>>>>>>>>              ] 3944/7824, 90.5 task/s, elapsed: 44s, ETA:    43s[>>>>>>>>>>>>>              ] 3945/7824, 90.5 task/s, elapsed: 44s, ETA:    43s[>>>>>>>>>>>>>              ] 3946/7824, 90.6 task/s, elapsed: 44s, ETA:    43s[>>>>>>>>>>>>>              ] 3947/7824, 90.6 task/s, elapsed: 44s, ETA:    43s[>>>>>>>>>>>>>              ] 3948/7824, 90.6 task/s, elapsed: 44s, ETA:    43s[>>>>>>>>>>>>>              ] 3949/7824, 90.6 task/s, elapsed: 44s, ETA:    43s[>>>>>>>>>>>>>              ] 3950/7824, 90.6 task/s, elapsed: 44s, ETA:    43s[>>>>>>>>>>>>>              ] 3951/7824, 90.6 task/s, elapsed: 44s, ETA:    43s[>>>>>>>>>>>>>              ] 3952/7824, 90.6 task/s, elapsed: 44s, ETA:    43s[>>>>>>>>>>>>>              ] 3953/7824, 90.6 task/s, elapsed: 44s, ETA:    43s[>>>>>>>>>>>>>              ] 3954/7824, 90.6 task/s, elapsed: 44s, ETA:    43s[>>>>>>>>>>>>>              ] 3955/7824, 90.6 task/s, elapsed: 44s, ETA:    43s[>>>>>>>>>>>>>              ] 3956/7824, 90.6 task/s, elapsed: 44s, ETA:    43s[>>>>>>>>>>>>>              ] 3957/7824, 90.6 task/s, elapsed: 44s, ETA:    43s[>>>>>>>>>>>>>              ] 3958/7824, 90.6 task/s, elapsed: 44s, ETA:    43s[>>>>>>>>>>>>>              ] 3959/7824, 90.6 task/s, elapsed: 44s, ETA:    43s[>>>>>>>>>>>>>              ] 3960/7824, 90.6 task/s, elapsed: 44s, ETA:    43s[>>>>>>>>>>>>>              ] 3961/7824, 90.6 task/s, elapsed: 44s, ETA:    43s[>>>>>>>>>>>>>              ] 3962/7824, 90.6 task/s, elapsed: 44s, ETA:    43s[>>>>>>>>>>>>>              ] 3963/7824, 90.6 task/s, elapsed: 44s, ETA:    43s[>>>>>>>>>>>>>              ] 3964/7824, 90.6 task/s, elapsed: 44s, ETA:    43s[>>>>>>>>>>>>>              ] 3965/7824, 90.6 task/s, elapsed: 44s, ETA:    43s[>>>>>>>>>>>>>              ] 3966/7824, 90.6 task/s, elapsed: 44s, ETA:    43s[>>>>>>>>>>>>>              ] 3967/7824, 90.6 task/s, elapsed: 44s, ETA:    43s[>>>>>>>>>>>>>              ] 3968/7824, 90.6 task/s, elapsed: 44s, ETA:    43s[>>>>>>>>>>>>>              ] 3969/7824, 90.6 task/s, elapsed: 44s, ETA:    43s[>>>>>>>>>>>>>              ] 3970/7824, 90.6 task/s, elapsed: 44s, ETA:    43s[>>>>>>>>>>>>>              ] 3971/7824, 90.6 task/s, elapsed: 44s, ETA:    43s[>>>>>>>>>>>>>              ] 3972/7824, 90.6 task/s, elapsed: 44s, ETA:    42s[>>>>>>>>>>>>>              ] 3973/7824, 90.6 task/s, elapsed: 44s, ETA:    42s[>>>>>>>>>>>>>              ] 3974/7824, 90.7 task/s, elapsed: 44s, ETA:    42s[>>>>>>>>>>>>>              ] 3975/7824, 90.7 task/s, elapsed: 44s, ETA:    42s[>>>>>>>>>>>>>              ] 3976/7824, 90.7 task/s, elapsed: 44s, ETA:    42s[>>>>>>>>>>>>>              ] 3977/7824, 90.7 task/s, elapsed: 44s, ETA:    42s[>>>>>>>>>>>>>              ] 3978/7824, 90.7 task/s, elapsed: 44s, ETA:    42s[>>>>>>>>>>>>>              ] 3979/7824, 90.7 task/s, elapsed: 44s, ETA:    42s[>>>>>>>>>>>>>              ] 3980/7824, 90.7 task/s, elapsed: 44s, ETA:    42s[>>>>>>>>>>>>>              ] 3981/7824, 90.7 task/s, elapsed: 44s, ETA:    42s[>>>>>>>>>>>>>              ] 3982/7824, 90.7 task/s, elapsed: 44s, ETA:    42s[>>>>>>>>>>>>>              ] 3983/7824, 90.7 task/s, elapsed: 44s, ETA:    42s[>>>>>>>>>>>>>              ] 3984/7824, 90.7 task/s, elapsed: 44s, ETA:    42s[>>>>>>>>>>>>>              ] 3985/7824, 90.7 task/s, elapsed: 44s, ETA:    42s[>>>>>>>>>>>>>              ] 3986/7824, 90.7 task/s, elapsed: 44s, ETA:    42s[>>>>>>>>>>>>>              ] 3987/7824, 90.7 task/s, elapsed: 44s, ETA:    42s[>>>>>>>>>>>>>              ] 3988/7824, 90.7 task/s, elapsed: 44s, ETA:    42s[>>>>>>>>>>>>>              ] 3989/7824, 90.7 task/s, elapsed: 44s, ETA:    42s[>>>>>>>>>>>>>              ] 3990/7824, 90.7 task/s, elapsed: 44s, ETA:    42s[>>>>>>>>>>>>>              ] 3991/7824, 90.7 task/s, elapsed: 44s, ETA:    42s[>>>>>>>>>>>>>              ] 3992/7824, 90.7 task/s, elapsed: 44s, ETA:    42s[>>>>>>>>>>>>>              ] 3993/7824, 90.7 task/s, elapsed: 44s, ETA:    42s[>>>>>>>>>>>>>              ] 3994/7824, 90.7 task/s, elapsed: 44s, ETA:    42s[>>>>>>>>>>>>>              ] 3995/7824, 90.7 task/s, elapsed: 44s, ETA:    42s[>>>>>>>>>>>>>              ] 3996/7824, 90.7 task/s, elapsed: 44s, ETA:    42s[>>>>>>>>>>>>>              ] 3997/7824, 90.7 task/s, elapsed: 44s, ETA:    42s[>>>>>>>>>>>>>              ] 3998/7824, 90.7 task/s, elapsed: 44s, ETA:    42s[>>>>>>>>>>>>>              ] 3999/7824, 90.7 task/s, elapsed: 44s, ETA:    42s[>>>>>>>>>>>>>              ] 4000/7824, 90.7 task/s, elapsed: 44s, ETA:    42s[>>>>>>>>>>>>>              ] 4001/7824, 90.7 task/s, elapsed: 44s, ETA:    42s[>>>>>>>>>>>>>              ] 4002/7824, 90.7 task/s, elapsed: 44s, ETA:    42s[>>>>>>>>>>>>>              ] 4003/7824, 90.7 task/s, elapsed: 44s, ETA:    42s[>>>>>>>>>>>>>              ] 4004/7824, 90.7 task/s, elapsed: 44s, ETA:    42s[>>>>>>>>>>>>>              ] 4005/7824, 90.7 task/s, elapsed: 44s, ETA:    42s[>>>>>>>>>>>>>              ] 4006/7824, 90.7 task/s, elapsed: 44s, ETA:    42s[>>>>>>>>>>>>>              ] 4007/7824, 90.7 task/s, elapsed: 44s, ETA:    42s[>>>>>>>>>>>>>              ] 4008/7824, 90.7 task/s, elapsed: 44s, ETA:    42s[>>>>>>>>>>>>>              ] 4009/7824, 90.7 task/s, elapsed: 44s, ETA:    42s[>>>>>>>>>>>>>              ] 4010/7824, 90.7 task/s, elapsed: 44s, ETA:    42s[>>>>>>>>>>>>>              ] 4011/7824, 90.7 task/s, elapsed: 44s, ETA:    42s[>>>>>>>>>>>>>              ] 4012/7824, 90.7 task/s, elapsed: 44s, ETA:    42s[>>>>>>>>>>>>>              ] 4013/7824, 90.7 task/s, elapsed: 44s, ETA:    42s[>>>>>>>>>>>>>              ] 4014/7824, 90.7 task/s, elapsed: 44s, ETA:    42s[>>>>>>>>>>>>>              ] 4015/7824, 90.7 task/s, elapsed: 44s, ETA:    42s[>>>>>>>>>>>>>              ] 4016/7824, 90.8 task/s, elapsed: 44s, ETA:    42s[>>>>>>>>>>>>>              ] 4017/7824, 90.8 task/s, elapsed: 44s, ETA:    42s[>>>>>>>>>>>>>              ] 4018/7824, 90.8 task/s, elapsed: 44s, ETA:    42s[>>>>>>>>>>>>>              ] 4019/7824, 90.8 task/s, elapsed: 44s, ETA:    42s[>>>>>>>>>>>>>              ] 4020/7824, 90.8 task/s, elapsed: 44s, ETA:    42s[>>>>>>>>>>>>>              ] 4021/7824, 90.8 task/s, elapsed: 44s, ETA:    42s[>>>>>>>>>>>>>              ] 4022/7824, 90.8 task/s, elapsed: 44s, ETA:    42s[>>>>>>>>>>>>>              ] 4023/7824, 90.8 task/s, elapsed: 44s, ETA:    42s[>>>>>>>>>>>>>              ] 4024/7824, 90.8 task/s, elapsed: 44s, ETA:    42s[>>>>>>>>>>>>>              ] 4025/7824, 90.8 task/s, elapsed: 44s, ETA:    42s[>>>>>>>>>>>>>              ] 4026/7824, 90.8 task/s, elapsed: 44s, ETA:    42s[>>>>>>>>>>>>>              ] 4027/7824, 90.8 task/s, elapsed: 44s, ETA:    42s[>>>>>>>>>>>>>              ] 4028/7824, 90.8 task/s, elapsed: 44s, ETA:    42s[>>>>>>>>>>>>>              ] 4029/7824, 90.8 task/s, elapsed: 44s, ETA:    42s[>>>>>>>>>>>>>              ] 4030/7824, 90.8 task/s, elapsed: 44s, ETA:    42s[>>>>>>>>>>>>>              ] 4031/7824, 90.8 task/s, elapsed: 44s, ETA:    42s[>>>>>>>>>>>>>              ] 4032/7824, 90.8 task/s, elapsed: 44s, ETA:    42s[>>>>>>>>>>>>>              ] 4033/7824, 90.8 task/s, elapsed: 44s, ETA:    42s[>>>>>>>>>>>>>              ] 4034/7824, 90.8 task/s, elapsed: 44s, ETA:    42s[>>>>>>>>>>>>>              ] 4035/7824, 90.8 task/s, elapsed: 44s, ETA:    42s[>>>>>>>>>>>>>              ] 4036/7824, 90.8 task/s, elapsed: 44s, ETA:    42s[>>>>>>>>>>>>>              ] 4037/7824, 90.8 task/s, elapsed: 44s, ETA:    42s[>>>>>>>>>>>>>              ] 4038/7824, 90.8 task/s, elapsed: 44s, ETA:    42s[>>>>>>>>>>>>>              ] 4039/7824, 90.8 task/s, elapsed: 44s, ETA:    42s[>>>>>>>>>>>>>              ] 4040/7824, 90.8 task/s, elapsed: 44s, ETA:    42s[>>>>>>>>>>>>>              ] 4041/7824, 90.8 task/s, elapsed: 44s, ETA:    42s[>>>>>>>>>>>>>              ] 4042/7824, 90.9 task/s, elapsed: 44s, ETA:    42s[>>>>>>>>>>>>>              ] 4043/7824, 90.9 task/s, elapsed: 44s, ETA:    42s[>>>>>>>>>>>>>              ] 4044/7824, 90.9 task/s, elapsed: 45s, ETA:    42s[>>>>>>>>>>>>>              ] 4045/7824, 90.9 task/s, elapsed: 45s, ETA:    42s[>>>>>>>>>>>>>              ] 4046/7824, 90.9 task/s, elapsed: 45s, ETA:    42s[>>>>>>>>>>>>>              ] 4047/7824, 90.9 task/s, elapsed: 45s, ETA:    42s[>>>>>>>>>>>>>              ] 4048/7824, 90.9 task/s, elapsed: 45s, ETA:    42s[>>>>>>>>>>>>>              ] 4049/7824, 90.9 task/s, elapsed: 45s, ETA:    42s[>>>>>>>>>>>>>              ] 4050/7824, 90.9 task/s, elapsed: 45s, ETA:    42s[>>>>>>>>>>>>>              ] 4051/7824, 90.9 task/s, elapsed: 45s, ETA:    42s[>>>>>>>>>>>>>              ] 4052/7824, 90.9 task/s, elapsed: 45s, ETA:    42s[>>>>>>>>>>>>>              ] 4053/7824, 90.9 task/s, elapsed: 45s, ETA:    41s[>>>>>>>>>>>>>              ] 4054/7824, 90.9 task/s, elapsed: 45s, ETA:    41s[>>>>>>>>>>>>>              ] 4055/7824, 90.9 task/s, elapsed: 45s, ETA:    41s[>>>>>>>>>>>>>              ] 4056/7824, 90.9 task/s, elapsed: 45s, ETA:    41s[>>>>>>>>>>>>>>             ] 4057/7824, 90.9 task/s, elapsed: 45s, ETA:    41s[>>>>>>>>>>>>>>             ] 4058/7824, 90.9 task/s, elapsed: 45s, ETA:    41s[>>>>>>>>>>>>>>             ] 4059/7824, 90.9 task/s, elapsed: 45s, ETA:    41s[>>>>>>>>>>>>>>             ] 4060/7824, 90.9 task/s, elapsed: 45s, ETA:    41s[>>>>>>>>>>>>>>             ] 4061/7824, 90.9 task/s, elapsed: 45s, ETA:    41s[>>>>>>>>>>>>>>             ] 4062/7824, 90.9 task/s, elapsed: 45s, ETA:    41s[>>>>>>>>>>>>>>             ] 4063/7824, 90.9 task/s, elapsed: 45s, ETA:    41s[>>>>>>>>>>>>>>             ] 4064/7824, 90.9 task/s, elapsed: 45s, ETA:    41s[>>>>>>>>>>>>>>             ] 4065/7824, 90.9 task/s, elapsed: 45s, ETA:    41s[>>>>>>>>>>>>>>             ] 4066/7824, 90.9 task/s, elapsed: 45s, ETA:    41s[>>>>>>>>>>>>>>             ] 4067/7824, 90.9 task/s, elapsed: 45s, ETA:    41s[>>>>>>>>>>>>>>             ] 4068/7824, 90.9 task/s, elapsed: 45s, ETA:    41s[>>>>>>>>>>>>>>             ] 4069/7824, 90.9 task/s, elapsed: 45s, ETA:    41s[>>>>>>>>>>>>>>             ] 4070/7824, 90.9 task/s, elapsed: 45s, ETA:    41s[>>>>>>>>>>>>>>             ] 4071/7824, 90.9 task/s, elapsed: 45s, ETA:    41s[>>>>>>>>>>>>>>             ] 4072/7824, 90.9 task/s, elapsed: 45s, ETA:    41s[>>>>>>>>>>>>>>             ] 4073/7824, 90.9 task/s, elapsed: 45s, ETA:    41s[>>>>>>>>>>>>>>             ] 4074/7824, 91.0 task/s, elapsed: 45s, ETA:    41s[>>>>>>>>>>>>>>             ] 4075/7824, 91.0 task/s, elapsed: 45s, ETA:    41s[>>>>>>>>>>>>>>             ] 4076/7824, 91.0 task/s, elapsed: 45s, ETA:    41s[>>>>>>>>>>>>>>             ] 4077/7824, 91.0 task/s, elapsed: 45s, ETA:    41s[>>>>>>>>>>>>>>             ] 4078/7824, 91.0 task/s, elapsed: 45s, ETA:    41s[>>>>>>>>>>>>>>             ] 4079/7824, 91.0 task/s, elapsed: 45s, ETA:    41s[>>>>>>>>>>>>>>             ] 4080/7824, 91.0 task/s, elapsed: 45s, ETA:    41s[>>>>>>>>>>>>>>             ] 4081/7824, 91.0 task/s, elapsed: 45s, ETA:    41s[>>>>>>>>>>>>>>             ] 4082/7824, 91.0 task/s, elapsed: 45s, ETA:    41s[>>>>>>>>>>>>>>             ] 4083/7824, 91.0 task/s, elapsed: 45s, ETA:    41s[>>>>>>>>>>>>>>             ] 4084/7824, 91.0 task/s, elapsed: 45s, ETA:    41s[>>>>>>>>>>>>>>             ] 4085/7824, 91.0 task/s, elapsed: 45s, ETA:    41s[>>>>>>>>>>>>>>             ] 4086/7824, 91.0 task/s, elapsed: 45s, ETA:    41s[>>>>>>>>>>>>>>             ] 4087/7824, 91.0 task/s, elapsed: 45s, ETA:    41s[>>>>>>>>>>>>>>             ] 4088/7824, 91.0 task/s, elapsed: 45s, ETA:    41s[>>>>>>>>>>>>>>             ] 4089/7824, 91.0 task/s, elapsed: 45s, ETA:    41s[>>>>>>>>>>>>>>             ] 4090/7824, 91.0 task/s, elapsed: 45s, ETA:    41s[>>>>>>>>>>>>>>             ] 4091/7824, 91.0 task/s, elapsed: 45s, ETA:    41s[>>>>>>>>>>>>>>             ] 4092/7824, 91.0 task/s, elapsed: 45s, ETA:    41s[>>>>>>>>>>>>>>             ] 4093/7824, 91.0 task/s, elapsed: 45s, ETA:    41s[>>>>>>>>>>>>>>             ] 4094/7824, 91.0 task/s, elapsed: 45s, ETA:    41s[>>>>>>>>>>>>>>             ] 4095/7824, 91.0 task/s, elapsed: 45s, ETA:    41s[>>>>>>>>>>>>>>             ] 4096/7824, 91.0 task/s, elapsed: 45s, ETA:    41s[>>>>>>>>>>>>>>             ] 4097/7824, 91.0 task/s, elapsed: 45s, ETA:    41s[>>>>>>>>>>>>>>             ] 4098/7824, 91.0 task/s, elapsed: 45s, ETA:    41s[>>>>>>>>>>>>>>             ] 4099/7824, 91.0 task/s, elapsed: 45s, ETA:    41s[>>>>>>>>>>>>>>             ] 4100/7824, 91.0 task/s, elapsed: 45s, ETA:    41s[>>>>>>>>>>>>>>             ] 4101/7824, 91.0 task/s, elapsed: 45s, ETA:    41s[>>>>>>>>>>>>>>             ] 4102/7824, 91.0 task/s, elapsed: 45s, ETA:    41s[>>>>>>>>>>>>>>             ] 4103/7824, 91.1 task/s, elapsed: 45s, ETA:    41s[>>>>>>>>>>>>>>             ] 4104/7824, 91.1 task/s, elapsed: 45s, ETA:    41s[>>>>>>>>>>>>>>             ] 4105/7824, 91.1 task/s, elapsed: 45s, ETA:    41s[>>>>>>>>>>>>>>             ] 4106/7824, 91.1 task/s, elapsed: 45s, ETA:    41s[>>>>>>>>>>>>>>             ] 4107/7824, 91.1 task/s, elapsed: 45s, ETA:    41s[>>>>>>>>>>>>>>             ] 4108/7824, 91.1 task/s, elapsed: 45s, ETA:    41s[>>>>>>>>>>>>>>             ] 4109/7824, 91.1 task/s, elapsed: 45s, ETA:    41s[>>>>>>>>>>>>>>             ] 4110/7824, 91.1 task/s, elapsed: 45s, ETA:    41s[>>>>>>>>>>>>>>             ] 4111/7824, 91.1 task/s, elapsed: 45s, ETA:    41s[>>>>>>>>>>>>>>             ] 4112/7824, 91.1 task/s, elapsed: 45s, ETA:    41s[>>>>>>>>>>>>>>             ] 4113/7824, 91.1 task/s, elapsed: 45s, ETA:    41s[>>>>>>>>>>>>>>             ] 4114/7824, 91.1 task/s, elapsed: 45s, ETA:    41s[>>>>>>>>>>>>>>             ] 4115/7824, 91.1 task/s, elapsed: 45s, ETA:    41s[>>>>>>>>>>>>>>             ] 4116/7824, 91.1 task/s, elapsed: 45s, ETA:    41s[>>>>>>>>>>>>>>             ] 4117/7824, 91.1 task/s, elapsed: 45s, ETA:    41s[>>>>>>>>>>>>>>             ] 4118/7824, 91.1 task/s, elapsed: 45s, ETA:    41s[>>>>>>>>>>>>>>             ] 4119/7824, 91.1 task/s, elapsed: 45s, ETA:    41s[>>>>>>>>>>>>>>             ] 4120/7824, 91.1 task/s, elapsed: 45s, ETA:    41s[>>>>>>>>>>>>>>             ] 4121/7824, 91.1 task/s, elapsed: 45s, ETA:    41s[>>>>>>>>>>>>>>             ] 4122/7824, 91.1 task/s, elapsed: 45s, ETA:    41s[>>>>>>>>>>>>>>             ] 4123/7824, 91.1 task/s, elapsed: 45s, ETA:    41s[>>>>>>>>>>>>>>             ] 4124/7824, 91.1 task/s, elapsed: 45s, ETA:    41s[>>>>>>>>>>>>>>             ] 4125/7824, 91.1 task/s, elapsed: 45s, ETA:    41s[>>>>>>>>>>>>>>             ] 4126/7824, 91.1 task/s, elapsed: 45s, ETA:    41s[>>>>>>>>>>>>>>             ] 4127/7824, 91.1 task/s, elapsed: 45s, ETA:    41s[>>>>>>>>>>>>>>             ] 4128/7824, 91.1 task/s, elapsed: 45s, ETA:    41s[>>>>>>>>>>>>>>             ] 4129/7824, 91.1 task/s, elapsed: 45s, ETA:    41s[>>>>>>>>>>>>>>             ] 4130/7824, 91.1 task/s, elapsed: 45s, ETA:    41s[>>>>>>>>>>>>>>             ] 4131/7824, 91.1 task/s, elapsed: 45s, ETA:    41s[>>>>>>>>>>>>>>             ] 4132/7824, 91.1 task/s, elapsed: 45s, ETA:    41s[>>>>>>>>>>>>>>             ] 4133/7824, 91.1 task/s, elapsed: 45s, ETA:    41s[>>>>>>>>>>>>>>             ] 4134/7824, 91.1 task/s, elapsed: 45s, ETA:    41s[>>>>>>>>>>>>>>             ] 4135/7824, 91.1 task/s, elapsed: 45s, ETA:    41s[>>>>>>>>>>>>>>             ] 4136/7824, 91.1 task/s, elapsed: 45s, ETA:    40s[>>>>>>>>>>>>>>             ] 4137/7824, 91.1 task/s, elapsed: 45s, ETA:    40s[>>>>>>>>>>>>>>             ] 4138/7824, 91.1 task/s, elapsed: 45s, ETA:    40s[>>>>>>>>>>>>>>             ] 4139/7824, 91.1 task/s, elapsed: 45s, ETA:    40s[>>>>>>>>>>>>>>             ] 4140/7824, 91.1 task/s, elapsed: 45s, ETA:    40s[>>>>>>>>>>>>>>             ] 4141/7824, 91.1 task/s, elapsed: 45s, ETA:    40s[>>>>>>>>>>>>>>             ] 4142/7824, 91.1 task/s, elapsed: 45s, ETA:    40s[>>>>>>>>>>>>>>             ] 4143/7824, 91.1 task/s, elapsed: 45s, ETA:    40s[>>>>>>>>>>>>>>             ] 4144/7824, 91.1 task/s, elapsed: 45s, ETA:    40s[>>>>>>>>>>>>>>             ] 4145/7824, 91.1 task/s, elapsed: 46s, ETA:    40s[>>>>>>>>>>>>>>             ] 4146/7824, 91.1 task/s, elapsed: 46s, ETA:    40s[>>>>>>>>>>>>>>             ] 4147/7824, 91.1 task/s, elapsed: 46s, ETA:    40s[>>>>>>>>>>>>>>             ] 4148/7824, 91.1 task/s, elapsed: 46s, ETA:    40s[>>>>>>>>>>>>>>             ] 4149/7824, 91.1 task/s, elapsed: 46s, ETA:    40s[>>>>>>>>>>>>>>             ] 4150/7824, 91.1 task/s, elapsed: 46s, ETA:    40s[>>>>>>>>>>>>>>             ] 4151/7824, 91.1 task/s, elapsed: 46s, ETA:    40s[>>>>>>>>>>>>>>             ] 4152/7824, 91.1 task/s, elapsed: 46s, ETA:    40s[>>>>>>>>>>>>>>             ] 4153/7824, 91.1 task/s, elapsed: 46s, ETA:    40s[>>>>>>>>>>>>>>             ] 4154/7824, 91.1 task/s, elapsed: 46s, ETA:    40s[>>>>>>>>>>>>>>             ] 4155/7824, 91.1 task/s, elapsed: 46s, ETA:    40s[>>>>>>>>>>>>>>             ] 4156/7824, 91.1 task/s, elapsed: 46s, ETA:    40s[>>>>>>>>>>>>>>             ] 4157/7824, 91.1 task/s, elapsed: 46s, ETA:    40s[>>>>>>>>>>>>>>             ] 4158/7824, 91.1 task/s, elapsed: 46s, ETA:    40s[>>>>>>>>>>>>>>             ] 4159/7824, 91.1 task/s, elapsed: 46s, ETA:    40s[>>>>>>>>>>>>>>             ] 4160/7824, 91.1 task/s, elapsed: 46s, ETA:    40s[>>>>>>>>>>>>>>             ] 4161/7824, 91.1 task/s, elapsed: 46s, ETA:    40s[>>>>>>>>>>>>>>             ] 4162/7824, 91.1 task/s, elapsed: 46s, ETA:    40s[>>>>>>>>>>>>>>             ] 4163/7824, 91.1 task/s, elapsed: 46s, ETA:    40s[>>>>>>>>>>>>>>             ] 4164/7824, 91.1 task/s, elapsed: 46s, ETA:    40s[>>>>>>>>>>>>>>             ] 4165/7824, 91.1 task/s, elapsed: 46s, ETA:    40s[>>>>>>>>>>>>>>             ] 4166/7824, 91.1 task/s, elapsed: 46s, ETA:    40s[>>>>>>>>>>>>>>             ] 4167/7824, 91.2 task/s, elapsed: 46s, ETA:    40s[>>>>>>>>>>>>>>             ] 4168/7824, 91.2 task/s, elapsed: 46s, ETA:    40s[>>>>>>>>>>>>>>             ] 4169/7824, 91.2 task/s, elapsed: 46s, ETA:    40s[>>>>>>>>>>>>>>             ] 4170/7824, 91.2 task/s, elapsed: 46s, ETA:    40s[>>>>>>>>>>>>>>             ] 4171/7824, 91.2 task/s, elapsed: 46s, ETA:    40s[>>>>>>>>>>>>>>             ] 4172/7824, 91.2 task/s, elapsed: 46s, ETA:    40s[>>>>>>>>>>>>>>             ] 4173/7824, 91.2 task/s, elapsed: 46s, ETA:    40s[>>>>>>>>>>>>>>             ] 4174/7824, 91.2 task/s, elapsed: 46s, ETA:    40s[>>>>>>>>>>>>>>             ] 4175/7824, 91.2 task/s, elapsed: 46s, ETA:    40s[>>>>>>>>>>>>>>             ] 4176/7824, 91.2 task/s, elapsed: 46s, ETA:    40s[>>>>>>>>>>>>>>             ] 4177/7824, 91.2 task/s, elapsed: 46s, ETA:    40s[>>>>>>>>>>>>>>             ] 4178/7824, 91.2 task/s, elapsed: 46s, ETA:    40s[>>>>>>>>>>>>>>             ] 4179/7824, 91.2 task/s, elapsed: 46s, ETA:    40s[>>>>>>>>>>>>>>             ] 4180/7824, 91.2 task/s, elapsed: 46s, ETA:    40s[>>>>>>>>>>>>>>             ] 4181/7824, 91.2 task/s, elapsed: 46s, ETA:    40s[>>>>>>>>>>>>>>             ] 4182/7824, 91.2 task/s, elapsed: 46s, ETA:    40s[>>>>>>>>>>>>>>             ] 4183/7824, 91.2 task/s, elapsed: 46s, ETA:    40s[>>>>>>>>>>>>>>             ] 4184/7824, 91.2 task/s, elapsed: 46s, ETA:    40s[>>>>>>>>>>>>>>             ] 4185/7824, 91.2 task/s, elapsed: 46s, ETA:    40s[>>>>>>>>>>>>>>             ] 4186/7824, 91.2 task/s, elapsed: 46s, ETA:    40s[>>>>>>>>>>>>>>             ] 4187/7824, 91.2 task/s, elapsed: 46s, ETA:    40s[>>>>>>>>>>>>>>             ] 4188/7824, 91.2 task/s, elapsed: 46s, ETA:    40s[>>>>>>>>>>>>>>             ] 4189/7824, 91.2 task/s, elapsed: 46s, ETA:    40s[>>>>>>>>>>>>>>             ] 4190/7824, 91.2 task/s, elapsed: 46s, ETA:    40s[>>>>>>>>>>>>>>             ] 4191/7824, 91.2 task/s, elapsed: 46s, ETA:    40s[>>>>>>>>>>>>>>             ] 4192/7824, 91.2 task/s, elapsed: 46s, ETA:    40s[>>>>>>>>>>>>>>             ] 4193/7824, 91.2 task/s, elapsed: 46s, ETA:    40s[>>>>>>>>>>>>>>             ] 4194/7824, 91.2 task/s, elapsed: 46s, ETA:    40s[>>>>>>>>>>>>>>             ] 4195/7824, 91.2 task/s, elapsed: 46s, ETA:    40s[>>>>>>>>>>>>>>             ] 4196/7824, 91.2 task/s, elapsed: 46s, ETA:    40s[>>>>>>>>>>>>>>             ] 4197/7824, 91.2 task/s, elapsed: 46s, ETA:    40s[>>>>>>>>>>>>>>             ] 4198/7824, 91.2 task/s, elapsed: 46s, ETA:    40s[>>>>>>>>>>>>>>             ] 4199/7824, 91.2 task/s, elapsed: 46s, ETA:    40s[>>>>>>>>>>>>>>             ] 4200/7824, 91.2 task/s, elapsed: 46s, ETA:    40s[>>>>>>>>>>>>>>             ] 4201/7824, 91.2 task/s, elapsed: 46s, ETA:    40s[>>>>>>>>>>>>>>             ] 4202/7824, 91.2 task/s, elapsed: 46s, ETA:    40s[>>>>>>>>>>>>>>             ] 4203/7824, 91.2 task/s, elapsed: 46s, ETA:    40s[>>>>>>>>>>>>>>             ] 4204/7824, 91.2 task/s, elapsed: 46s, ETA:    40s[>>>>>>>>>>>>>>             ] 4205/7824, 91.2 task/s, elapsed: 46s, ETA:    40s[>>>>>>>>>>>>>>             ] 4206/7824, 91.3 task/s, elapsed: 46s, ETA:    40s[>>>>>>>>>>>>>>             ] 4207/7824, 91.3 task/s, elapsed: 46s, ETA:    40s[>>>>>>>>>>>>>>             ] 4208/7824, 91.3 task/s, elapsed: 46s, ETA:    40s[>>>>>>>>>>>>>>             ] 4209/7824, 91.3 task/s, elapsed: 46s, ETA:    40s[>>>>>>>>>>>>>>             ] 4210/7824, 91.3 task/s, elapsed: 46s, ETA:    40s[>>>>>>>>>>>>>>             ] 4211/7824, 91.3 task/s, elapsed: 46s, ETA:    40s[>>>>>>>>>>>>>>             ] 4212/7824, 91.3 task/s, elapsed: 46s, ETA:    40s[>>>>>>>>>>>>>>             ] 4213/7824, 91.3 task/s, elapsed: 46s, ETA:    40s[>>>>>>>>>>>>>>             ] 4214/7824, 91.3 task/s, elapsed: 46s, ETA:    40s[>>>>>>>>>>>>>>             ] 4215/7824, 91.3 task/s, elapsed: 46s, ETA:    40s[>>>>>>>>>>>>>>             ] 4216/7824, 91.3 task/s, elapsed: 46s, ETA:    40s[>>>>>>>>>>>>>>             ] 4217/7824, 91.3 task/s, elapsed: 46s, ETA:    40s[>>>>>>>>>>>>>>             ] 4218/7824, 91.3 task/s, elapsed: 46s, ETA:    40s[>>>>>>>>>>>>>>             ] 4219/7824, 91.3 task/s, elapsed: 46s, ETA:    39s[>>>>>>>>>>>>>>             ] 4220/7824, 91.3 task/s, elapsed: 46s, ETA:    39s[>>>>>>>>>>>>>>             ] 4221/7824, 91.3 task/s, elapsed: 46s, ETA:    39s[>>>>>>>>>>>>>>             ] 4222/7824, 91.3 task/s, elapsed: 46s, ETA:    39s[>>>>>>>>>>>>>>             ] 4223/7824, 91.3 task/s, elapsed: 46s, ETA:    39s[>>>>>>>>>>>>>>             ] 4224/7824, 91.3 task/s, elapsed: 46s, ETA:    39s[>>>>>>>>>>>>>>             ] 4225/7824, 91.3 task/s, elapsed: 46s, ETA:    39s[>>>>>>>>>>>>>>             ] 4226/7824, 91.3 task/s, elapsed: 46s, ETA:    39s[>>>>>>>>>>>>>>             ] 4227/7824, 91.3 task/s, elapsed: 46s, ETA:    39s[>>>>>>>>>>>>>>             ] 4228/7824, 91.3 task/s, elapsed: 46s, ETA:    39s[>>>>>>>>>>>>>>             ] 4229/7824, 91.3 task/s, elapsed: 46s, ETA:    39s[>>>>>>>>>>>>>>             ] 4230/7824, 91.3 task/s, elapsed: 46s, ETA:    39s[>>>>>>>>>>>>>>             ] 4231/7824, 91.3 task/s, elapsed: 46s, ETA:    39s[>>>>>>>>>>>>>>             ] 4232/7824, 91.3 task/s, elapsed: 46s, ETA:    39s[>>>>>>>>>>>>>>             ] 4233/7824, 91.3 task/s, elapsed: 46s, ETA:    39s[>>>>>>>>>>>>>>             ] 4234/7824, 91.3 task/s, elapsed: 46s, ETA:    39s[>>>>>>>>>>>>>>             ] 4235/7824, 91.3 task/s, elapsed: 46s, ETA:    39s[>>>>>>>>>>>>>>             ] 4236/7824, 91.3 task/s, elapsed: 46s, ETA:    39s[>>>>>>>>>>>>>>             ] 4237/7824, 91.3 task/s, elapsed: 46s, ETA:    39s[>>>>>>>>>>>>>>             ] 4238/7824, 91.4 task/s, elapsed: 46s, ETA:    39s[>>>>>>>>>>>>>>             ] 4239/7824, 91.4 task/s, elapsed: 46s, ETA:    39s[>>>>>>>>>>>>>>             ] 4240/7824, 91.4 task/s, elapsed: 46s, ETA:    39s[>>>>>>>>>>>>>>             ] 4241/7824, 91.4 task/s, elapsed: 46s, ETA:    39s[>>>>>>>>>>>>>>             ] 4242/7824, 91.4 task/s, elapsed: 46s, ETA:    39s[>>>>>>>>>>>>>>             ] 4243/7824, 91.4 task/s, elapsed: 46s, ETA:    39s[>>>>>>>>>>>>>>             ] 4244/7824, 91.4 task/s, elapsed: 46s, ETA:    39s[>>>>>>>>>>>>>>             ] 4245/7824, 91.4 task/s, elapsed: 46s, ETA:    39s[>>>>>>>>>>>>>>             ] 4246/7824, 91.4 task/s, elapsed: 46s, ETA:    39s[>>>>>>>>>>>>>>             ] 4247/7824, 91.4 task/s, elapsed: 46s, ETA:    39s[>>>>>>>>>>>>>>             ] 4248/7824, 91.4 task/s, elapsed: 46s, ETA:    39s[>>>>>>>>>>>>>>             ] 4249/7824, 91.4 task/s, elapsed: 46s, ETA:    39s[>>>>>>>>>>>>>>             ] 4250/7824, 91.4 task/s, elapsed: 47s, ETA:    39s[>>>>>>>>>>>>>>             ] 4251/7824, 91.4 task/s, elapsed: 47s, ETA:    39s[>>>>>>>>>>>>>>             ] 4252/7824, 91.4 task/s, elapsed: 47s, ETA:    39s[>>>>>>>>>>>>>>             ] 4253/7824, 91.4 task/s, elapsed: 47s, ETA:    39s[>>>>>>>>>>>>>>             ] 4254/7824, 91.4 task/s, elapsed: 47s, ETA:    39s[>>>>>>>>>>>>>>             ] 4255/7824, 91.4 task/s, elapsed: 47s, ETA:    39s[>>>>>>>>>>>>>>             ] 4256/7824, 91.4 task/s, elapsed: 47s, ETA:    39s[>>>>>>>>>>>>>>             ] 4257/7824, 91.4 task/s, elapsed: 47s, ETA:    39s[>>>>>>>>>>>>>>             ] 4258/7824, 91.4 task/s, elapsed: 47s, ETA:    39s[>>>>>>>>>>>>>>             ] 4259/7824, 91.4 task/s, elapsed: 47s, ETA:    39s[>>>>>>>>>>>>>>             ] 4260/7824, 91.4 task/s, elapsed: 47s, ETA:    39s[>>>>>>>>>>>>>>             ] 4261/7824, 91.4 task/s, elapsed: 47s, ETA:    39s[>>>>>>>>>>>>>>             ] 4262/7824, 91.4 task/s, elapsed: 47s, ETA:    39s[>>>>>>>>>>>>>>             ] 4263/7824, 91.4 task/s, elapsed: 47s, ETA:    39s[>>>>>>>>>>>>>>             ] 4264/7824, 91.4 task/s, elapsed: 47s, ETA:    39s[>>>>>>>>>>>>>>             ] 4265/7824, 91.4 task/s, elapsed: 47s, ETA:    39s[>>>>>>>>>>>>>>             ] 4266/7824, 91.4 task/s, elapsed: 47s, ETA:    39s[>>>>>>>>>>>>>>             ] 4267/7824, 91.4 task/s, elapsed: 47s, ETA:    39s[>>>>>>>>>>>>>>             ] 4268/7824, 91.4 task/s, elapsed: 47s, ETA:    39s[>>>>>>>>>>>>>>             ] 4269/7824, 91.4 task/s, elapsed: 47s, ETA:    39s[>>>>>>>>>>>>>>             ] 4270/7824, 91.4 task/s, elapsed: 47s, ETA:    39s[>>>>>>>>>>>>>>             ] 4271/7824, 91.4 task/s, elapsed: 47s, ETA:    39s[>>>>>>>>>>>>>>             ] 4272/7824, 91.4 task/s, elapsed: 47s, ETA:    39s[>>>>>>>>>>>>>>             ] 4273/7824, 91.5 task/s, elapsed: 47s, ETA:    39s[>>>>>>>>>>>>>>             ] 4274/7824, 91.5 task/s, elapsed: 47s, ETA:    39s[>>>>>>>>>>>>>>             ] 4275/7824, 91.5 task/s, elapsed: 47s, ETA:    39s[>>>>>>>>>>>>>>             ] 4276/7824, 91.5 task/s, elapsed: 47s, ETA:    39s[>>>>>>>>>>>>>>             ] 4277/7824, 91.5 task/s, elapsed: 47s, ETA:    39s[>>>>>>>>>>>>>>             ] 4278/7824, 91.5 task/s, elapsed: 47s, ETA:    39s[>>>>>>>>>>>>>>             ] 4279/7824, 91.5 task/s, elapsed: 47s, ETA:    39s[>>>>>>>>>>>>>>             ] 4280/7824, 91.5 task/s, elapsed: 47s, ETA:    39s[>>>>>>>>>>>>>>             ] 4281/7824, 91.5 task/s, elapsed: 47s, ETA:    39s[>>>>>>>>>>>>>>             ] 4282/7824, 91.5 task/s, elapsed: 47s, ETA:    39s[>>>>>>>>>>>>>>             ] 4283/7824, 91.5 task/s, elapsed: 47s, ETA:    39s[>>>>>>>>>>>>>>             ] 4284/7824, 91.5 task/s, elapsed: 47s, ETA:    39s[>>>>>>>>>>>>>>             ] 4285/7824, 91.5 task/s, elapsed: 47s, ETA:    39s[>>>>>>>>>>>>>>             ] 4286/7824, 91.5 task/s, elapsed: 47s, ETA:    39s[>>>>>>>>>>>>>>             ] 4287/7824, 91.5 task/s, elapsed: 47s, ETA:    39s[>>>>>>>>>>>>>>             ] 4288/7824, 91.5 task/s, elapsed: 47s, ETA:    39s[>>>>>>>>>>>>>>             ] 4289/7824, 91.5 task/s, elapsed: 47s, ETA:    39s[>>>>>>>>>>>>>>             ] 4290/7824, 91.5 task/s, elapsed: 47s, ETA:    39s[>>>>>>>>>>>>>>             ] 4291/7824, 91.5 task/s, elapsed: 47s, ETA:    39s[>>>>>>>>>>>>>>             ] 4292/7824, 91.5 task/s, elapsed: 47s, ETA:    39s[>>>>>>>>>>>>>>             ] 4293/7824, 91.5 task/s, elapsed: 47s, ETA:    39s[>>>>>>>>>>>>>>             ] 4294/7824, 91.5 task/s, elapsed: 47s, ETA:    39s[>>>>>>>>>>>>>>             ] 4295/7824, 91.5 task/s, elapsed: 47s, ETA:    39s[>>>>>>>>>>>>>>             ] 4296/7824, 91.5 task/s, elapsed: 47s, ETA:    39s[>>>>>>>>>>>>>>             ] 4297/7824, 91.5 task/s, elapsed: 47s, ETA:    39s[>>>>>>>>>>>>>>             ] 4298/7824, 91.5 task/s, elapsed: 47s, ETA:    39s[>>>>>>>>>>>>>>             ] 4299/7824, 91.5 task/s, elapsed: 47s, ETA:    39s[>>>>>>>>>>>>>>             ] 4300/7824, 91.5 task/s, elapsed: 47s, ETA:    38s[>>>>>>>>>>>>>>             ] 4301/7824, 91.5 task/s, elapsed: 47s, ETA:    38s[>>>>>>>>>>>>>>             ] 4302/7824, 91.5 task/s, elapsed: 47s, ETA:    38s[>>>>>>>>>>>>>>             ] 4303/7824, 91.5 task/s, elapsed: 47s, ETA:    38s[>>>>>>>>>>>>>>             ] 4304/7824, 91.5 task/s, elapsed: 47s, ETA:    38s[>>>>>>>>>>>>>>             ] 4305/7824, 91.5 task/s, elapsed: 47s, ETA:    38s[>>>>>>>>>>>>>>             ] 4306/7824, 91.5 task/s, elapsed: 47s, ETA:    38s[>>>>>>>>>>>>>>             ] 4307/7824, 91.5 task/s, elapsed: 47s, ETA:    38s[>>>>>>>>>>>>>>             ] 4308/7824, 91.5 task/s, elapsed: 47s, ETA:    38s[>>>>>>>>>>>>>>             ] 4309/7824, 91.5 task/s, elapsed: 47s, ETA:    38s[>>>>>>>>>>>>>>             ] 4310/7824, 91.5 task/s, elapsed: 47s, ETA:    38s[>>>>>>>>>>>>>>             ] 4311/7824, 91.5 task/s, elapsed: 47s, ETA:    38s[>>>>>>>>>>>>>>             ] 4312/7824, 91.5 task/s, elapsed: 47s, ETA:    38s[>>>>>>>>>>>>>>             ] 4313/7824, 91.5 task/s, elapsed: 47s, ETA:    38s[>>>>>>>>>>>>>>             ] 4314/7824, 91.5 task/s, elapsed: 47s, ETA:    38s[>>>>>>>>>>>>>>             ] 4315/7824, 91.5 task/s, elapsed: 47s, ETA:    38s[>>>>>>>>>>>>>>             ] 4316/7824, 91.5 task/s, elapsed: 47s, ETA:    38s[>>>>>>>>>>>>>>             ] 4317/7824, 91.6 task/s, elapsed: 47s, ETA:    38s[>>>>>>>>>>>>>>             ] 4318/7824, 91.6 task/s, elapsed: 47s, ETA:    38s[>>>>>>>>>>>>>>             ] 4319/7824, 91.6 task/s, elapsed: 47s, ETA:    38s[>>>>>>>>>>>>>>             ] 4320/7824, 91.6 task/s, elapsed: 47s, ETA:    38s[>>>>>>>>>>>>>>             ] 4321/7824, 91.6 task/s, elapsed: 47s, ETA:    38s[>>>>>>>>>>>>>>             ] 4322/7824, 91.6 task/s, elapsed: 47s, ETA:    38s[>>>>>>>>>>>>>>             ] 4323/7824, 91.6 task/s, elapsed: 47s, ETA:    38s[>>>>>>>>>>>>>>             ] 4324/7824, 91.6 task/s, elapsed: 47s, ETA:    38s[>>>>>>>>>>>>>>             ] 4325/7824, 91.6 task/s, elapsed: 47s, ETA:    38s[>>>>>>>>>>>>>>             ] 4326/7824, 91.6 task/s, elapsed: 47s, ETA:    38s[>>>>>>>>>>>>>>             ] 4327/7824, 91.6 task/s, elapsed: 47s, ETA:    38s[>>>>>>>>>>>>>>             ] 4328/7824, 91.6 task/s, elapsed: 47s, ETA:    38s[>>>>>>>>>>>>>>             ] 4329/7824, 91.6 task/s, elapsed: 47s, ETA:    38s[>>>>>>>>>>>>>>             ] 4330/7824, 91.6 task/s, elapsed: 47s, ETA:    38s[>>>>>>>>>>>>>>             ] 4331/7824, 91.6 task/s, elapsed: 47s, ETA:    38s[>>>>>>>>>>>>>>             ] 4332/7824, 91.6 task/s, elapsed: 47s, ETA:    38s[>>>>>>>>>>>>>>             ] 4333/7824, 91.6 task/s, elapsed: 47s, ETA:    38s[>>>>>>>>>>>>>>             ] 4334/7824, 91.6 task/s, elapsed: 47s, ETA:    38s[>>>>>>>>>>>>>>             ] 4335/7824, 91.6 task/s, elapsed: 47s, ETA:    38s[>>>>>>>>>>>>>>             ] 4336/7824, 91.6 task/s, elapsed: 47s, ETA:    38s[>>>>>>>>>>>>>>             ] 4337/7824, 91.6 task/s, elapsed: 47s, ETA:    38s[>>>>>>>>>>>>>>             ] 4338/7824, 91.6 task/s, elapsed: 47s, ETA:    38s[>>>>>>>>>>>>>>             ] 4339/7824, 91.6 task/s, elapsed: 47s, ETA:    38s[>>>>>>>>>>>>>>             ] 4340/7824, 91.6 task/s, elapsed: 47s, ETA:    38s[>>>>>>>>>>>>>>             ] 4341/7824, 91.6 task/s, elapsed: 47s, ETA:    38s[>>>>>>>>>>>>>>             ] 4342/7824, 91.6 task/s, elapsed: 47s, ETA:    38s[>>>>>>>>>>>>>>             ] 4343/7824, 91.6 task/s, elapsed: 47s, ETA:    38s[>>>>>>>>>>>>>>             ] 4344/7824, 91.6 task/s, elapsed: 47s, ETA:    38s[>>>>>>>>>>>>>>             ] 4345/7824, 91.6 task/s, elapsed: 47s, ETA:    38s[>>>>>>>>>>>>>>             ] 4346/7824, 91.6 task/s, elapsed: 47s, ETA:    38s[>>>>>>>>>>>>>>>            ] 4347/7824, 91.6 task/s, elapsed: 47s, ETA:    38s[>>>>>>>>>>>>>>>            ] 4348/7824, 91.6 task/s, elapsed: 47s, ETA:    38s[>>>>>>>>>>>>>>>            ] 4349/7824, 91.6 task/s, elapsed: 47s, ETA:    38s[>>>>>>>>>>>>>>>            ] 4350/7824, 91.6 task/s, elapsed: 47s, ETA:    38s[>>>>>>>>>>>>>>>            ] 4351/7824, 91.6 task/s, elapsed: 47s, ETA:    38s[>>>>>>>>>>>>>>>            ] 4352/7824, 91.6 task/s, elapsed: 47s, ETA:    38s[>>>>>>>>>>>>>>>            ] 4353/7824, 91.7 task/s, elapsed: 47s, ETA:    38s[>>>>>>>>>>>>>>>            ] 4354/7824, 91.7 task/s, elapsed: 48s, ETA:    38s[>>>>>>>>>>>>>>>            ] 4355/7824, 91.7 task/s, elapsed: 48s, ETA:    38s[>>>>>>>>>>>>>>>            ] 4356/7824, 91.7 task/s, elapsed: 48s, ETA:    38s[>>>>>>>>>>>>>>>            ] 4357/7824, 91.7 task/s, elapsed: 48s, ETA:    38s[>>>>>>>>>>>>>>>            ] 4358/7824, 91.7 task/s, elapsed: 48s, ETA:    38s[>>>>>>>>>>>>>>>            ] 4359/7824, 91.7 task/s, elapsed: 48s, ETA:    38s[>>>>>>>>>>>>>>>            ] 4360/7824, 91.7 task/s, elapsed: 48s, ETA:    38s[>>>>>>>>>>>>>>>            ] 4361/7824, 91.7 task/s, elapsed: 48s, ETA:    38s[>>>>>>>>>>>>>>>            ] 4362/7824, 91.7 task/s, elapsed: 48s, ETA:    38s[>>>>>>>>>>>>>>>            ] 4363/7824, 91.7 task/s, elapsed: 48s, ETA:    38s[>>>>>>>>>>>>>>>            ] 4364/7824, 91.7 task/s, elapsed: 48s, ETA:    38s[>>>>>>>>>>>>>>>            ] 4365/7824, 91.7 task/s, elapsed: 48s, ETA:    38s[>>>>>>>>>>>>>>>            ] 4366/7824, 91.7 task/s, elapsed: 48s, ETA:    38s[>>>>>>>>>>>>>>>            ] 4367/7824, 91.7 task/s, elapsed: 48s, ETA:    38s[>>>>>>>>>>>>>>>            ] 4368/7824, 91.7 task/s, elapsed: 48s, ETA:    38s[>>>>>>>>>>>>>>>            ] 4369/7824, 91.7 task/s, elapsed: 48s, ETA:    38s[>>>>>>>>>>>>>>>            ] 4370/7824, 91.7 task/s, elapsed: 48s, ETA:    38s[>>>>>>>>>>>>>>>            ] 4371/7824, 91.7 task/s, elapsed: 48s, ETA:    38s[>>>>>>>>>>>>>>>            ] 4372/7824, 91.7 task/s, elapsed: 48s, ETA:    38s[>>>>>>>>>>>>>>>            ] 4373/7824, 91.7 task/s, elapsed: 48s, ETA:    38s[>>>>>>>>>>>>>>>            ] 4374/7824, 91.7 task/s, elapsed: 48s, ETA:    38s[>>>>>>>>>>>>>>>            ] 4375/7824, 91.7 task/s, elapsed: 48s, ETA:    38s[>>>>>>>>>>>>>>>            ] 4376/7824, 91.7 task/s, elapsed: 48s, ETA:    38s[>>>>>>>>>>>>>>>            ] 4377/7824, 91.7 task/s, elapsed: 48s, ETA:    38s[>>>>>>>>>>>>>>>            ] 4378/7824, 91.7 task/s, elapsed: 48s, ETA:    38s[>>>>>>>>>>>>>>>            ] 4379/7824, 91.7 task/s, elapsed: 48s, ETA:    38s[>>>>>>>>>>>>>>>            ] 4380/7824, 91.7 task/s, elapsed: 48s, ETA:    38s[>>>>>>>>>>>>>>>            ] 4381/7824, 91.7 task/s, elapsed: 48s, ETA:    38s[>>>>>>>>>>>>>>>            ] 4382/7824, 91.7 task/s, elapsed: 48s, ETA:    38s[>>>>>>>>>>>>>>>            ] 4383/7824, 91.7 task/s, elapsed: 48s, ETA:    38s[>>>>>>>>>>>>>>>            ] 4384/7824, 91.8 task/s, elapsed: 48s, ETA:    37s[>>>>>>>>>>>>>>>            ] 4385/7824, 91.8 task/s, elapsed: 48s, ETA:    37s[>>>>>>>>>>>>>>>            ] 4386/7824, 91.8 task/s, elapsed: 48s, ETA:    37s[>>>>>>>>>>>>>>>            ] 4387/7824, 91.8 task/s, elapsed: 48s, ETA:    37s[>>>>>>>>>>>>>>>            ] 4388/7824, 91.8 task/s, elapsed: 48s, ETA:    37s[>>>>>>>>>>>>>>>            ] 4389/7824, 91.8 task/s, elapsed: 48s, ETA:    37s[>>>>>>>>>>>>>>>            ] 4390/7824, 91.8 task/s, elapsed: 48s, ETA:    37s[>>>>>>>>>>>>>>>            ] 4391/7824, 91.8 task/s, elapsed: 48s, ETA:    37s[>>>>>>>>>>>>>>>            ] 4392/7824, 91.8 task/s, elapsed: 48s, ETA:    37s[>>>>>>>>>>>>>>>            ] 4393/7824, 91.8 task/s, elapsed: 48s, ETA:    37s[>>>>>>>>>>>>>>>            ] 4394/7824, 91.8 task/s, elapsed: 48s, ETA:    37s[>>>>>>>>>>>>>>>            ] 4395/7824, 91.8 task/s, elapsed: 48s, ETA:    37s[>>>>>>>>>>>>>>>            ] 4396/7824, 91.8 task/s, elapsed: 48s, ETA:    37s[>>>>>>>>>>>>>>>            ] 4397/7824, 91.8 task/s, elapsed: 48s, ETA:    37s[>>>>>>>>>>>>>>>            ] 4398/7824, 91.8 task/s, elapsed: 48s, ETA:    37s[>>>>>>>>>>>>>>>            ] 4399/7824, 91.8 task/s, elapsed: 48s, ETA:    37s[>>>>>>>>>>>>>>>            ] 4400/7824, 91.8 task/s, elapsed: 48s, ETA:    37s[>>>>>>>>>>>>>>>            ] 4401/7824, 91.8 task/s, elapsed: 48s, ETA:    37s[>>>>>>>>>>>>>>>            ] 4402/7824, 91.8 task/s, elapsed: 48s, ETA:    37s[>>>>>>>>>>>>>>>            ] 4403/7824, 91.8 task/s, elapsed: 48s, ETA:    37s[>>>>>>>>>>>>>>>            ] 4404/7824, 91.8 task/s, elapsed: 48s, ETA:    37s[>>>>>>>>>>>>>>>            ] 4405/7824, 91.8 task/s, elapsed: 48s, ETA:    37s[>>>>>>>>>>>>>>>            ] 4406/7824, 91.8 task/s, elapsed: 48s, ETA:    37s[>>>>>>>>>>>>>>>            ] 4407/7824, 91.8 task/s, elapsed: 48s, ETA:    37s[>>>>>>>>>>>>>>>            ] 4408/7824, 91.8 task/s, elapsed: 48s, ETA:    37s[>>>>>>>>>>>>>>>            ] 4409/7824, 91.8 task/s, elapsed: 48s, ETA:    37s[>>>>>>>>>>>>>>>            ] 4410/7824, 91.8 task/s, elapsed: 48s, ETA:    37s[>>>>>>>>>>>>>>>            ] 4411/7824, 91.8 task/s, elapsed: 48s, ETA:    37s[>>>>>>>>>>>>>>>            ] 4412/7824, 91.8 task/s, elapsed: 48s, ETA:    37s[>>>>>>>>>>>>>>>            ] 4413/7824, 91.8 task/s, elapsed: 48s, ETA:    37s[>>>>>>>>>>>>>>>            ] 4414/7824, 91.8 task/s, elapsed: 48s, ETA:    37s[>>>>>>>>>>>>>>>            ] 4415/7824, 91.8 task/s, elapsed: 48s, ETA:    37s[>>>>>>>>>>>>>>>            ] 4416/7824, 91.8 task/s, elapsed: 48s, ETA:    37s[>>>>>>>>>>>>>>>            ] 4417/7824, 91.8 task/s, elapsed: 48s, ETA:    37s[>>>>>>>>>>>>>>>            ] 4418/7824, 91.8 task/s, elapsed: 48s, ETA:    37s[>>>>>>>>>>>>>>>            ] 4419/7824, 91.8 task/s, elapsed: 48s, ETA:    37s[>>>>>>>>>>>>>>>            ] 4420/7824, 91.8 task/s, elapsed: 48s, ETA:    37s[>>>>>>>>>>>>>>>            ] 4421/7824, 91.9 task/s, elapsed: 48s, ETA:    37s[>>>>>>>>>>>>>>>            ] 4422/7824, 91.9 task/s, elapsed: 48s, ETA:    37s[>>>>>>>>>>>>>>>            ] 4423/7824, 91.9 task/s, elapsed: 48s, ETA:    37s[>>>>>>>>>>>>>>>            ] 4424/7824, 91.9 task/s, elapsed: 48s, ETA:    37s[>>>>>>>>>>>>>>>            ] 4425/7824, 91.9 task/s, elapsed: 48s, ETA:    37s[>>>>>>>>>>>>>>>            ] 4426/7824, 91.9 task/s, elapsed: 48s, ETA:    37s[>>>>>>>>>>>>>>>            ] 4427/7824, 91.9 task/s, elapsed: 48s, ETA:    37s[>>>>>>>>>>>>>>>            ] 4428/7824, 91.9 task/s, elapsed: 48s, ETA:    37s[>>>>>>>>>>>>>>>            ] 4429/7824, 91.9 task/s, elapsed: 48s, ETA:    37s[>>>>>>>>>>>>>>>            ] 4430/7824, 91.9 task/s, elapsed: 48s, ETA:    37s[>>>>>>>>>>>>>>>            ] 4431/7824, 91.9 task/s, elapsed: 48s, ETA:    37s[>>>>>>>>>>>>>>>            ] 4432/7824, 91.9 task/s, elapsed: 48s, ETA:    37s[>>>>>>>>>>>>>>>            ] 4433/7824, 91.9 task/s, elapsed: 48s, ETA:    37s[>>>>>>>>>>>>>>>            ] 4434/7824, 91.9 task/s, elapsed: 48s, ETA:    37s[>>>>>>>>>>>>>>>            ] 4435/7824, 91.9 task/s, elapsed: 48s, ETA:    37s[>>>>>>>>>>>>>>>            ] 4436/7824, 91.9 task/s, elapsed: 48s, ETA:    37s[>>>>>>>>>>>>>>>            ] 4437/7824, 91.9 task/s, elapsed: 48s, ETA:    37s[>>>>>>>>>>>>>>>            ] 4438/7824, 91.9 task/s, elapsed: 48s, ETA:    37s[>>>>>>>>>>>>>>>            ] 4439/7824, 91.9 task/s, elapsed: 48s, ETA:    37s[>>>>>>>>>>>>>>>            ] 4440/7824, 91.9 task/s, elapsed: 48s, ETA:    37s[>>>>>>>>>>>>>>>            ] 4441/7824, 91.9 task/s, elapsed: 48s, ETA:    37s[>>>>>>>>>>>>>>>            ] 4442/7824, 91.9 task/s, elapsed: 48s, ETA:    37s[>>>>>>>>>>>>>>>            ] 4443/7824, 91.9 task/s, elapsed: 48s, ETA:    37s[>>>>>>>>>>>>>>>            ] 4444/7824, 91.9 task/s, elapsed: 48s, ETA:    37s[>>>>>>>>>>>>>>>            ] 4445/7824, 91.9 task/s, elapsed: 48s, ETA:    37s[>>>>>>>>>>>>>>>            ] 4446/7824, 91.9 task/s, elapsed: 48s, ETA:    37s[>>>>>>>>>>>>>>>            ] 4447/7824, 91.9 task/s, elapsed: 48s, ETA:    37s[>>>>>>>>>>>>>>>            ] 4448/7824, 91.9 task/s, elapsed: 48s, ETA:    37s[>>>>>>>>>>>>>>>            ] 4449/7824, 91.9 task/s, elapsed: 48s, ETA:    37s[>>>>>>>>>>>>>>>            ] 4450/7824, 91.9 task/s, elapsed: 48s, ETA:    37s[>>>>>>>>>>>>>>>            ] 4451/7824, 91.9 task/s, elapsed: 48s, ETA:    37s[>>>>>>>>>>>>>>>            ] 4452/7824, 91.9 task/s, elapsed: 48s, ETA:    37s[>>>>>>>>>>>>>>>            ] 4453/7824, 91.9 task/s, elapsed: 48s, ETA:    37s[>>>>>>>>>>>>>>>            ] 4454/7824, 91.9 task/s, elapsed: 48s, ETA:    37s[>>>>>>>>>>>>>>>            ] 4455/7824, 91.9 task/s, elapsed: 48s, ETA:    37s[>>>>>>>>>>>>>>>            ] 4456/7824, 91.9 task/s, elapsed: 48s, ETA:    37s[>>>>>>>>>>>>>>>            ] 4457/7824, 91.9 task/s, elapsed: 48s, ETA:    37s[>>>>>>>>>>>>>>>            ] 4458/7824, 91.9 task/s, elapsed: 48s, ETA:    37s[>>>>>>>>>>>>>>>            ] 4459/7824, 91.9 task/s, elapsed: 48s, ETA:    37s[>>>>>>>>>>>>>>>            ] 4460/7824, 91.9 task/s, elapsed: 49s, ETA:    37s[>>>>>>>>>>>>>>>            ] 4461/7824, 91.9 task/s, elapsed: 49s, ETA:    37s[>>>>>>>>>>>>>>>            ] 4462/7824, 91.9 task/s, elapsed: 49s, ETA:    37s[>>>>>>>>>>>>>>>            ] 4463/7824, 92.0 task/s, elapsed: 49s, ETA:    37s[>>>>>>>>>>>>>>>            ] 4464/7824, 92.0 task/s, elapsed: 49s, ETA:    37s[>>>>>>>>>>>>>>>            ] 4465/7824, 92.0 task/s, elapsed: 49s, ETA:    37s[>>>>>>>>>>>>>>>            ] 4466/7824, 92.0 task/s, elapsed: 49s, ETA:    37s[>>>>>>>>>>>>>>>            ] 4467/7824, 92.0 task/s, elapsed: 49s, ETA:    37s[>>>>>>>>>>>>>>>            ] 4468/7824, 92.0 task/s, elapsed: 49s, ETA:    36s[>>>>>>>>>>>>>>>            ] 4469/7824, 92.0 task/s, elapsed: 49s, ETA:    36s[>>>>>>>>>>>>>>>            ] 4470/7824, 92.0 task/s, elapsed: 49s, ETA:    36s[>>>>>>>>>>>>>>>            ] 4471/7824, 92.0 task/s, elapsed: 49s, ETA:    36s[>>>>>>>>>>>>>>>            ] 4472/7824, 92.0 task/s, elapsed: 49s, ETA:    36s[>>>>>>>>>>>>>>>            ] 4473/7824, 92.0 task/s, elapsed: 49s, ETA:    36s[>>>>>>>>>>>>>>>            ] 4474/7824, 92.0 task/s, elapsed: 49s, ETA:    36s[>>>>>>>>>>>>>>>            ] 4475/7824, 92.0 task/s, elapsed: 49s, ETA:    36s[>>>>>>>>>>>>>>>            ] 4476/7824, 92.0 task/s, elapsed: 49s, ETA:    36s[>>>>>>>>>>>>>>>            ] 4477/7824, 92.0 task/s, elapsed: 49s, ETA:    36s[>>>>>>>>>>>>>>>            ] 4478/7824, 92.0 task/s, elapsed: 49s, ETA:    36s[>>>>>>>>>>>>>>>            ] 4479/7824, 92.0 task/s, elapsed: 49s, ETA:    36s[>>>>>>>>>>>>>>>            ] 4480/7824, 92.0 task/s, elapsed: 49s, ETA:    36s[>>>>>>>>>>>>>>>            ] 4481/7824, 92.0 task/s, elapsed: 49s, ETA:    36s[>>>>>>>>>>>>>>>            ] 4482/7824, 92.0 task/s, elapsed: 49s, ETA:    36s[>>>>>>>>>>>>>>>            ] 4483/7824, 92.0 task/s, elapsed: 49s, ETA:    36s[>>>>>>>>>>>>>>>            ] 4484/7824, 92.0 task/s, elapsed: 49s, ETA:    36s[>>>>>>>>>>>>>>>            ] 4485/7824, 92.0 task/s, elapsed: 49s, ETA:    36s[>>>>>>>>>>>>>>>            ] 4486/7824, 92.0 task/s, elapsed: 49s, ETA:    36s[>>>>>>>>>>>>>>>            ] 4487/7824, 92.0 task/s, elapsed: 49s, ETA:    36s[>>>>>>>>>>>>>>>            ] 4488/7824, 92.0 task/s, elapsed: 49s, ETA:    36s[>>>>>>>>>>>>>>>            ] 4489/7824, 92.0 task/s, elapsed: 49s, ETA:    36s[>>>>>>>>>>>>>>>            ] 4490/7824, 92.0 task/s, elapsed: 49s, ETA:    36s[>>>>>>>>>>>>>>>            ] 4491/7824, 92.0 task/s, elapsed: 49s, ETA:    36s[>>>>>>>>>>>>>>>            ] 4492/7824, 92.0 task/s, elapsed: 49s, ETA:    36s[>>>>>>>>>>>>>>>            ] 4493/7824, 92.0 task/s, elapsed: 49s, ETA:    36s[>>>>>>>>>>>>>>>            ] 4494/7824, 92.0 task/s, elapsed: 49s, ETA:    36s[>>>>>>>>>>>>>>>            ] 4495/7824, 92.1 task/s, elapsed: 49s, ETA:    36s[>>>>>>>>>>>>>>>            ] 4496/7824, 92.1 task/s, elapsed: 49s, ETA:    36s[>>>>>>>>>>>>>>>            ] 4497/7824, 92.1 task/s, elapsed: 49s, ETA:    36s[>>>>>>>>>>>>>>>            ] 4498/7824, 92.1 task/s, elapsed: 49s, ETA:    36s[>>>>>>>>>>>>>>>            ] 4499/7824, 92.1 task/s, elapsed: 49s, ETA:    36s[>>>>>>>>>>>>>>>            ] 4500/7824, 92.1 task/s, elapsed: 49s, ETA:    36s[>>>>>>>>>>>>>>>            ] 4501/7824, 92.1 task/s, elapsed: 49s, ETA:    36s[>>>>>>>>>>>>>>>            ] 4502/7824, 92.1 task/s, elapsed: 49s, ETA:    36s[>>>>>>>>>>>>>>>            ] 4503/7824, 92.1 task/s, elapsed: 49s, ETA:    36s[>>>>>>>>>>>>>>>            ] 4504/7824, 92.1 task/s, elapsed: 49s, ETA:    36s[>>>>>>>>>>>>>>>            ] 4505/7824, 92.1 task/s, elapsed: 49s, ETA:    36s[>>>>>>>>>>>>>>>            ] 4506/7824, 92.1 task/s, elapsed: 49s, ETA:    36s[>>>>>>>>>>>>>>>            ] 4507/7824, 92.1 task/s, elapsed: 49s, ETA:    36s[>>>>>>>>>>>>>>>            ] 4508/7824, 92.1 task/s, elapsed: 49s, ETA:    36s[>>>>>>>>>>>>>>>            ] 4509/7824, 92.1 task/s, elapsed: 49s, ETA:    36s[>>>>>>>>>>>>>>>            ] 4510/7824, 92.1 task/s, elapsed: 49s, ETA:    36s[>>>>>>>>>>>>>>>            ] 4511/7824, 92.1 task/s, elapsed: 49s, ETA:    36s[>>>>>>>>>>>>>>>            ] 4512/7824, 92.1 task/s, elapsed: 49s, ETA:    36s[>>>>>>>>>>>>>>>            ] 4513/7824, 92.1 task/s, elapsed: 49s, ETA:    36s[>>>>>>>>>>>>>>>            ] 4514/7824, 92.1 task/s, elapsed: 49s, ETA:    36s[>>>>>>>>>>>>>>>            ] 4515/7824, 92.1 task/s, elapsed: 49s, ETA:    36s[>>>>>>>>>>>>>>>            ] 4516/7824, 92.1 task/s, elapsed: 49s, ETA:    36s[>>>>>>>>>>>>>>>            ] 4517/7824, 92.1 task/s, elapsed: 49s, ETA:    36s[>>>>>>>>>>>>>>>            ] 4518/7824, 92.1 task/s, elapsed: 49s, ETA:    36s[>>>>>>>>>>>>>>>            ] 4519/7824, 92.1 task/s, elapsed: 49s, ETA:    36s[>>>>>>>>>>>>>>>            ] 4520/7824, 92.1 task/s, elapsed: 49s, ETA:    36s[>>>>>>>>>>>>>>>            ] 4521/7824, 92.1 task/s, elapsed: 49s, ETA:    36s[>>>>>>>>>>>>>>>            ] 4522/7824, 92.1 task/s, elapsed: 49s, ETA:    36s[>>>>>>>>>>>>>>>            ] 4523/7824, 92.1 task/s, elapsed: 49s, ETA:    36s[>>>>>>>>>>>>>>>            ] 4524/7824, 92.1 task/s, elapsed: 49s, ETA:    36s[>>>>>>>>>>>>>>>            ] 4525/7824, 92.1 task/s, elapsed: 49s, ETA:    36s[>>>>>>>>>>>>>>>            ] 4526/7824, 92.1 task/s, elapsed: 49s, ETA:    36s[>>>>>>>>>>>>>>>            ] 4527/7824, 92.1 task/s, elapsed: 49s, ETA:    36s[>>>>>>>>>>>>>>>            ] 4528/7824, 92.1 task/s, elapsed: 49s, ETA:    36s[>>>>>>>>>>>>>>>            ] 4529/7824, 92.1 task/s, elapsed: 49s, ETA:    36s[>>>>>>>>>>>>>>>            ] 4530/7824, 92.1 task/s, elapsed: 49s, ETA:    36s[>>>>>>>>>>>>>>>            ] 4531/7824, 92.1 task/s, elapsed: 49s, ETA:    36s[>>>>>>>>>>>>>>>            ] 4532/7824, 92.1 task/s, elapsed: 49s, ETA:    36s[>>>>>>>>>>>>>>>            ] 4533/7824, 92.1 task/s, elapsed: 49s, ETA:    36s[>>>>>>>>>>>>>>>            ] 4534/7824, 92.1 task/s, elapsed: 49s, ETA:    36s[>>>>>>>>>>>>>>>            ] 4535/7824, 92.1 task/s, elapsed: 49s, ETA:    36s[>>>>>>>>>>>>>>>            ] 4536/7824, 92.2 task/s, elapsed: 49s, ETA:    36s[>>>>>>>>>>>>>>>            ] 4537/7824, 92.2 task/s, elapsed: 49s, ETA:    36s[>>>>>>>>>>>>>>>            ] 4538/7824, 92.2 task/s, elapsed: 49s, ETA:    36s[>>>>>>>>>>>>>>>            ] 4539/7824, 92.2 task/s, elapsed: 49s, ETA:    36s[>>>>>>>>>>>>>>>            ] 4540/7824, 92.2 task/s, elapsed: 49s, ETA:    36s[>>>>>>>>>>>>>>>            ] 4541/7824, 92.2 task/s, elapsed: 49s, ETA:    36s[>>>>>>>>>>>>>>>            ] 4542/7824, 92.2 task/s, elapsed: 49s, ETA:    36s[>>>>>>>>>>>>>>>            ] 4543/7824, 92.2 task/s, elapsed: 49s, ETA:    36s[>>>>>>>>>>>>>>>            ] 4544/7824, 92.2 task/s, elapsed: 49s, ETA:    36s[>>>>>>>>>>>>>>>            ] 4545/7824, 92.2 task/s, elapsed: 49s, ETA:    36s[>>>>>>>>>>>>>>>            ] 4546/7824, 92.2 task/s, elapsed: 49s, ETA:    36s[>>>>>>>>>>>>>>>            ] 4547/7824, 92.2 task/s, elapsed: 49s, ETA:    36s[>>>>>>>>>>>>>>>            ] 4548/7824, 92.2 task/s, elapsed: 49s, ETA:    36s[>>>>>>>>>>>>>>>            ] 4549/7824, 92.2 task/s, elapsed: 49s, ETA:    36s[>>>>>>>>>>>>>>>            ] 4550/7824, 92.2 task/s, elapsed: 49s, ETA:    36s[>>>>>>>>>>>>>>>            ] 4551/7824, 92.2 task/s, elapsed: 49s, ETA:    35s[>>>>>>>>>>>>>>>            ] 4552/7824, 92.2 task/s, elapsed: 49s, ETA:    35s[>>>>>>>>>>>>>>>            ] 4553/7824, 92.2 task/s, elapsed: 49s, ETA:    35s[>>>>>>>>>>>>>>>            ] 4554/7824, 92.2 task/s, elapsed: 49s, ETA:    35s[>>>>>>>>>>>>>>>            ] 4555/7824, 92.2 task/s, elapsed: 49s, ETA:    35s[>>>>>>>>>>>>>>>            ] 4556/7824, 92.2 task/s, elapsed: 49s, ETA:    35s[>>>>>>>>>>>>>>>            ] 4557/7824, 92.2 task/s, elapsed: 49s, ETA:    35s[>>>>>>>>>>>>>>>            ] 4558/7824, 92.2 task/s, elapsed: 49s, ETA:    35s[>>>>>>>>>>>>>>>            ] 4559/7824, 92.2 task/s, elapsed: 49s, ETA:    35s[>>>>>>>>>>>>>>>            ] 4560/7824, 92.2 task/s, elapsed: 49s, ETA:    35s[>>>>>>>>>>>>>>>            ] 4561/7824, 92.2 task/s, elapsed: 49s, ETA:    35s[>>>>>>>>>>>>>>>            ] 4562/7824, 92.2 task/s, elapsed: 49s, ETA:    35s[>>>>>>>>>>>>>>>            ] 4563/7824, 92.2 task/s, elapsed: 49s, ETA:    35s[>>>>>>>>>>>>>>>            ] 4564/7824, 92.2 task/s, elapsed: 49s, ETA:    35s[>>>>>>>>>>>>>>>            ] 4565/7824, 92.2 task/s, elapsed: 50s, ETA:    35s[>>>>>>>>>>>>>>>            ] 4566/7824, 92.2 task/s, elapsed: 50s, ETA:    35s[>>>>>>>>>>>>>>>            ] 4567/7824, 92.2 task/s, elapsed: 50s, ETA:    35s[>>>>>>>>>>>>>>>            ] 4568/7824, 92.2 task/s, elapsed: 50s, ETA:    35s[>>>>>>>>>>>>>>>            ] 4569/7824, 92.2 task/s, elapsed: 50s, ETA:    35s[>>>>>>>>>>>>>>>            ] 4570/7824, 92.2 task/s, elapsed: 50s, ETA:    35s[>>>>>>>>>>>>>>>            ] 4571/7824, 92.2 task/s, elapsed: 50s, ETA:    35s[>>>>>>>>>>>>>>>            ] 4572/7824, 92.2 task/s, elapsed: 50s, ETA:    35s[>>>>>>>>>>>>>>>            ] 4573/7824, 92.2 task/s, elapsed: 50s, ETA:    35s[>>>>>>>>>>>>>>>            ] 4574/7824, 92.1 task/s, elapsed: 50s, ETA:    35s[>>>>>>>>>>>>>>>            ] 4575/7824, 92.1 task/s, elapsed: 50s, ETA:    35s[>>>>>>>>>>>>>>>            ] 4576/7824, 92.1 task/s, elapsed: 50s, ETA:    35s[>>>>>>>>>>>>>>>            ] 4577/7824, 92.1 task/s, elapsed: 50s, ETA:    35s[>>>>>>>>>>>>>>>            ] 4578/7824, 92.1 task/s, elapsed: 50s, ETA:    35s[>>>>>>>>>>>>>>>            ] 4579/7824, 92.1 task/s, elapsed: 50s, ETA:    35s[>>>>>>>>>>>>>>>            ] 4580/7824, 92.1 task/s, elapsed: 50s, ETA:    35s[>>>>>>>>>>>>>>>            ] 4581/7824, 92.1 task/s, elapsed: 50s, ETA:    35s[>>>>>>>>>>>>>>>            ] 4582/7824, 92.1 task/s, elapsed: 50s, ETA:    35s[>>>>>>>>>>>>>>>            ] 4583/7824, 92.1 task/s, elapsed: 50s, ETA:    35s[>>>>>>>>>>>>>>>            ] 4584/7824, 92.1 task/s, elapsed: 50s, ETA:    35s[>>>>>>>>>>>>>>>            ] 4585/7824, 92.1 task/s, elapsed: 50s, ETA:    35s[>>>>>>>>>>>>>>>            ] 4586/7824, 92.1 task/s, elapsed: 50s, ETA:    35s[>>>>>>>>>>>>>>>            ] 4587/7824, 92.1 task/s, elapsed: 50s, ETA:    35s[>>>>>>>>>>>>>>>            ] 4588/7824, 92.1 task/s, elapsed: 50s, ETA:    35s[>>>>>>>>>>>>>>>            ] 4589/7824, 92.1 task/s, elapsed: 50s, ETA:    35s[>>>>>>>>>>>>>>>            ] 4590/7824, 92.0 task/s, elapsed: 50s, ETA:    35s[>>>>>>>>>>>>>>>            ] 4591/7824, 92.0 task/s, elapsed: 50s, ETA:    35s[>>>>>>>>>>>>>>>            ] 4592/7824, 92.0 task/s, elapsed: 50s, ETA:    35s[>>>>>>>>>>>>>>>            ] 4593/7824, 92.0 task/s, elapsed: 50s, ETA:    35s[>>>>>>>>>>>>>>>            ] 4594/7824, 92.0 task/s, elapsed: 50s, ETA:    35s[>>>>>>>>>>>>>>>            ] 4595/7824, 92.0 task/s, elapsed: 50s, ETA:    35s[>>>>>>>>>>>>>>>            ] 4596/7824, 92.0 task/s, elapsed: 50s, ETA:    35s[>>>>>>>>>>>>>>>            ] 4597/7824, 92.0 task/s, elapsed: 50s, ETA:    35s[>>>>>>>>>>>>>>>            ] 4598/7824, 92.0 task/s, elapsed: 50s, ETA:    35s[>>>>>>>>>>>>>>>            ] 4599/7824, 92.0 task/s, elapsed: 50s, ETA:    35s[>>>>>>>>>>>>>>>            ] 4600/7824, 92.0 task/s, elapsed: 50s, ETA:    35s[>>>>>>>>>>>>>>>            ] 4601/7824, 92.0 task/s, elapsed: 50s, ETA:    35s[>>>>>>>>>>>>>>>            ] 4602/7824, 92.0 task/s, elapsed: 50s, ETA:    35s[>>>>>>>>>>>>>>>            ] 4603/7824, 92.0 task/s, elapsed: 50s, ETA:    35s[>>>>>>>>>>>>>>>            ] 4604/7824, 92.0 task/s, elapsed: 50s, ETA:    35s[>>>>>>>>>>>>>>>            ] 4605/7824, 92.0 task/s, elapsed: 50s, ETA:    35s[>>>>>>>>>>>>>>>            ] 4606/7824, 92.0 task/s, elapsed: 50s, ETA:    35s[>>>>>>>>>>>>>>>            ] 4607/7824, 92.0 task/s, elapsed: 50s, ETA:    35s[>>>>>>>>>>>>>>>            ] 4608/7824, 91.9 task/s, elapsed: 50s, ETA:    35s[>>>>>>>>>>>>>>>            ] 4609/7824, 91.9 task/s, elapsed: 50s, ETA:    35s[>>>>>>>>>>>>>>>            ] 4610/7824, 91.9 task/s, elapsed: 50s, ETA:    35s[>>>>>>>>>>>>>>>            ] 4611/7824, 91.9 task/s, elapsed: 50s, ETA:    35s[>>>>>>>>>>>>>>>            ] 4612/7824, 91.9 task/s, elapsed: 50s, ETA:    35s[>>>>>>>>>>>>>>>            ] 4613/7824, 91.9 task/s, elapsed: 50s, ETA:    35s[>>>>>>>>>>>>>>>            ] 4614/7824, 91.9 task/s, elapsed: 50s, ETA:    35s[>>>>>>>>>>>>>>>            ] 4615/7824, 91.9 task/s, elapsed: 50s, ETA:    35s[>>>>>>>>>>>>>>>            ] 4616/7824, 91.9 task/s, elapsed: 50s, ETA:    35s[>>>>>>>>>>>>>>>            ] 4617/7824, 91.9 task/s, elapsed: 50s, ETA:    35s[>>>>>>>>>>>>>>>            ] 4618/7824, 91.9 task/s, elapsed: 50s, ETA:    35s[>>>>>>>>>>>>>>>            ] 4619/7824, 91.9 task/s, elapsed: 50s, ETA:    35s[>>>>>>>>>>>>>>>            ] 4620/7824, 91.9 task/s, elapsed: 50s, ETA:    35s[>>>>>>>>>>>>>>>            ] 4621/7824, 91.9 task/s, elapsed: 50s, ETA:    35s[>>>>>>>>>>>>>>>            ] 4622/7824, 91.9 task/s, elapsed: 50s, ETA:    35s[>>>>>>>>>>>>>>>            ] 4623/7824, 91.9 task/s, elapsed: 50s, ETA:    35s[>>>>>>>>>>>>>>>            ] 4624/7824, 91.9 task/s, elapsed: 50s, ETA:    35s[>>>>>>>>>>>>>>>            ] 4625/7824, 91.9 task/s, elapsed: 50s, ETA:    35s[>>>>>>>>>>>>>>>            ] 4626/7824, 91.9 task/s, elapsed: 50s, ETA:    35s[>>>>>>>>>>>>>>>            ] 4627/7824, 91.9 task/s, elapsed: 50s, ETA:    35s[>>>>>>>>>>>>>>>            ] 4628/7824, 91.8 task/s, elapsed: 50s, ETA:    35s[>>>>>>>>>>>>>>>            ] 4629/7824, 91.8 task/s, elapsed: 50s, ETA:    35s[>>>>>>>>>>>>>>>            ] 4630/7824, 91.8 task/s, elapsed: 50s, ETA:    35s[>>>>>>>>>>>>>>>            ] 4631/7824, 91.8 task/s, elapsed: 50s, ETA:    35s[>>>>>>>>>>>>>>>            ] 4632/7824, 91.8 task/s, elapsed: 50s, ETA:    35s[>>>>>>>>>>>>>>>            ] 4633/7824, 91.8 task/s, elapsed: 50s, ETA:    35s[>>>>>>>>>>>>>>>            ] 4634/7824, 91.8 task/s, elapsed: 50s, ETA:    35s[>>>>>>>>>>>>>>>            ] 4635/7824, 91.8 task/s, elapsed: 50s, ETA:    35s[>>>>>>>>>>>>>>>            ] 4636/7824, 91.8 task/s, elapsed: 50s, ETA:    35s[>>>>>>>>>>>>>>>>           ] 4637/7824, 91.8 task/s, elapsed: 51s, ETA:    35s[>>>>>>>>>>>>>>>>           ] 4638/7824, 91.8 task/s, elapsed: 51s, ETA:    35s[>>>>>>>>>>>>>>>>           ] 4639/7824, 91.8 task/s, elapsed: 51s, ETA:    35s[>>>>>>>>>>>>>>>>           ] 4640/7824, 91.8 task/s, elapsed: 51s, ETA:    35s[>>>>>>>>>>>>>>>>           ] 4641/7824, 91.8 task/s, elapsed: 51s, ETA:    35s[>>>>>>>>>>>>>>>>           ] 4642/7824, 91.8 task/s, elapsed: 51s, ETA:    35s[>>>>>>>>>>>>>>>>           ] 4643/7824, 91.8 task/s, elapsed: 51s, ETA:    35s[>>>>>>>>>>>>>>>>           ] 4644/7824, 91.8 task/s, elapsed: 51s, ETA:    35s[>>>>>>>>>>>>>>>>           ] 4645/7824, 91.8 task/s, elapsed: 51s, ETA:    35s[>>>>>>>>>>>>>>>>           ] 4646/7824, 91.7 task/s, elapsed: 51s, ETA:    35s[>>>>>>>>>>>>>>>>           ] 4647/7824, 91.7 task/s, elapsed: 51s, ETA:    35s[>>>>>>>>>>>>>>>>           ] 4648/7824, 91.7 task/s, elapsed: 51s, ETA:    35s[>>>>>>>>>>>>>>>>           ] 4649/7824, 91.7 task/s, elapsed: 51s, ETA:    35s[>>>>>>>>>>>>>>>>           ] 4650/7824, 91.7 task/s, elapsed: 51s, ETA:    35s[>>>>>>>>>>>>>>>>           ] 4651/7824, 91.7 task/s, elapsed: 51s, ETA:    35s[>>>>>>>>>>>>>>>>           ] 4652/7824, 91.7 task/s, elapsed: 51s, ETA:    35s[>>>>>>>>>>>>>>>>           ] 4653/7824, 91.7 task/s, elapsed: 51s, ETA:    35s[>>>>>>>>>>>>>>>>           ] 4654/7824, 91.7 task/s, elapsed: 51s, ETA:    35s[>>>>>>>>>>>>>>>>           ] 4655/7824, 91.6 task/s, elapsed: 51s, ETA:    35s[>>>>>>>>>>>>>>>>           ] 4656/7824, 91.6 task/s, elapsed: 51s, ETA:    35s[>>>>>>>>>>>>>>>>           ] 4657/7824, 91.6 task/s, elapsed: 51s, ETA:    35s[>>>>>>>>>>>>>>>>           ] 4658/7824, 91.6 task/s, elapsed: 51s, ETA:    35s[>>>>>>>>>>>>>>>>           ] 4659/7824, 91.6 task/s, elapsed: 51s, ETA:    35s[>>>>>>>>>>>>>>>>           ] 4660/7824, 91.6 task/s, elapsed: 51s, ETA:    35s[>>>>>>>>>>>>>>>>           ] 4661/7824, 91.6 task/s, elapsed: 51s, ETA:    35s[>>>>>>>>>>>>>>>>           ] 4662/7824, 91.6 task/s, elapsed: 51s, ETA:    35s[>>>>>>>>>>>>>>>>           ] 4663/7824, 91.6 task/s, elapsed: 51s, ETA:    35s[>>>>>>>>>>>>>>>>           ] 4664/7824, 91.6 task/s, elapsed: 51s, ETA:    34s[>>>>>>>>>>>>>>>>           ] 4665/7824, 91.6 task/s, elapsed: 51s, ETA:    34s[>>>>>>>>>>>>>>>>           ] 4666/7824, 91.6 task/s, elapsed: 51s, ETA:    34s[>>>>>>>>>>>>>>>>           ] 4667/7824, 91.6 task/s, elapsed: 51s, ETA:    34s[>>>>>>>>>>>>>>>>           ] 4668/7824, 91.6 task/s, elapsed: 51s, ETA:    34s[>>>>>>>>>>>>>>>>           ] 4669/7824, 91.6 task/s, elapsed: 51s, ETA:    34s[>>>>>>>>>>>>>>>>           ] 4670/7824, 91.6 task/s, elapsed: 51s, ETA:    34s[>>>>>>>>>>>>>>>>           ] 4671/7824, 91.6 task/s, elapsed: 51s, ETA:    34s[>>>>>>>>>>>>>>>>           ] 4672/7824, 91.6 task/s, elapsed: 51s, ETA:    34s[>>>>>>>>>>>>>>>>           ] 4673/7824, 91.6 task/s, elapsed: 51s, ETA:    34s[>>>>>>>>>>>>>>>>           ] 4674/7824, 91.6 task/s, elapsed: 51s, ETA:    34s[>>>>>>>>>>>>>>>>           ] 4675/7824, 91.5 task/s, elapsed: 51s, ETA:    34s[>>>>>>>>>>>>>>>>           ] 4676/7824, 91.5 task/s, elapsed: 51s, ETA:    34s[>>>>>>>>>>>>>>>>           ] 4677/7824, 91.5 task/s, elapsed: 51s, ETA:    34s[>>>>>>>>>>>>>>>>           ] 4678/7824, 91.5 task/s, elapsed: 51s, ETA:    34s[>>>>>>>>>>>>>>>>           ] 4679/7824, 91.5 task/s, elapsed: 51s, ETA:    34s[>>>>>>>>>>>>>>>>           ] 4680/7824, 91.5 task/s, elapsed: 51s, ETA:    34s[>>>>>>>>>>>>>>>>           ] 4681/7824, 91.5 task/s, elapsed: 51s, ETA:    34s[>>>>>>>>>>>>>>>>           ] 4682/7824, 91.5 task/s, elapsed: 51s, ETA:    34s[>>>>>>>>>>>>>>>>           ] 4683/7824, 91.5 task/s, elapsed: 51s, ETA:    34s[>>>>>>>>>>>>>>>>           ] 4684/7824, 91.5 task/s, elapsed: 51s, ETA:    34s[>>>>>>>>>>>>>>>>           ] 4685/7824, 91.5 task/s, elapsed: 51s, ETA:    34s[>>>>>>>>>>>>>>>>           ] 4686/7824, 91.5 task/s, elapsed: 51s, ETA:    34s[>>>>>>>>>>>>>>>>           ] 4687/7824, 91.5 task/s, elapsed: 51s, ETA:    34s[>>>>>>>>>>>>>>>>           ] 4688/7824, 91.5 task/s, elapsed: 51s, ETA:    34s[>>>>>>>>>>>>>>>>           ] 4689/7824, 91.5 task/s, elapsed: 51s, ETA:    34s[>>>>>>>>>>>>>>>>           ] 4690/7824, 91.5 task/s, elapsed: 51s, ETA:    34s[>>>>>>>>>>>>>>>>           ] 4691/7824, 91.5 task/s, elapsed: 51s, ETA:    34s[>>>>>>>>>>>>>>>>           ] 4692/7824, 91.5 task/s, elapsed: 51s, ETA:    34s[>>>>>>>>>>>>>>>>           ] 4693/7824, 91.5 task/s, elapsed: 51s, ETA:    34s[>>>>>>>>>>>>>>>>           ] 4694/7824, 91.5 task/s, elapsed: 51s, ETA:    34s[>>>>>>>>>>>>>>>>           ] 4695/7824, 91.5 task/s, elapsed: 51s, ETA:    34s[>>>>>>>>>>>>>>>>           ] 4696/7824, 91.4 task/s, elapsed: 51s, ETA:    34s[>>>>>>>>>>>>>>>>           ] 4697/7824, 91.4 task/s, elapsed: 51s, ETA:    34s[>>>>>>>>>>>>>>>>           ] 4698/7824, 91.4 task/s, elapsed: 51s, ETA:    34s[>>>>>>>>>>>>>>>>           ] 4699/7824, 91.4 task/s, elapsed: 51s, ETA:    34s[>>>>>>>>>>>>>>>>           ] 4700/7824, 91.4 task/s, elapsed: 51s, ETA:    34s[>>>>>>>>>>>>>>>>           ] 4701/7824, 91.4 task/s, elapsed: 51s, ETA:    34s[>>>>>>>>>>>>>>>>           ] 4702/7824, 91.4 task/s, elapsed: 51s, ETA:    34s[>>>>>>>>>>>>>>>>           ] 4703/7824, 91.4 task/s, elapsed: 51s, ETA:    34s[>>>>>>>>>>>>>>>>           ] 4704/7824, 91.4 task/s, elapsed: 51s, ETA:    34s[>>>>>>>>>>>>>>>>           ] 4705/7824, 91.4 task/s, elapsed: 51s, ETA:    34s[>>>>>>>>>>>>>>>>           ] 4706/7824, 91.4 task/s, elapsed: 51s, ETA:    34s[>>>>>>>>>>>>>>>>           ] 4707/7824, 91.4 task/s, elapsed: 52s, ETA:    34s[>>>>>>>>>>>>>>>>           ] 4708/7824, 91.4 task/s, elapsed: 52s, ETA:    34s[>>>>>>>>>>>>>>>>           ] 4709/7824, 91.4 task/s, elapsed: 52s, ETA:    34s[>>>>>>>>>>>>>>>>           ] 4710/7824, 91.4 task/s, elapsed: 52s, ETA:    34s[>>>>>>>>>>>>>>>>           ] 4711/7824, 91.4 task/s, elapsed: 52s, ETA:    34s[>>>>>>>>>>>>>>>>           ] 4712/7824, 91.4 task/s, elapsed: 52s, ETA:    34s[>>>>>>>>>>>>>>>>           ] 4713/7824, 91.4 task/s, elapsed: 52s, ETA:    34s[>>>>>>>>>>>>>>>>           ] 4714/7824, 91.4 task/s, elapsed: 52s, ETA:    34s[>>>>>>>>>>>>>>>>           ] 4715/7824, 91.4 task/s, elapsed: 52s, ETA:    34s[>>>>>>>>>>>>>>>>           ] 4716/7824, 91.3 task/s, elapsed: 52s, ETA:    34s[>>>>>>>>>>>>>>>>           ] 4717/7824, 91.3 task/s, elapsed: 52s, ETA:    34s[>>>>>>>>>>>>>>>>           ] 4718/7824, 91.3 task/s, elapsed: 52s, ETA:    34s[>>>>>>>>>>>>>>>>           ] 4719/7824, 91.3 task/s, elapsed: 52s, ETA:    34s[>>>>>>>>>>>>>>>>           ] 4720/7824, 91.3 task/s, elapsed: 52s, ETA:    34s[>>>>>>>>>>>>>>>>           ] 4721/7824, 91.3 task/s, elapsed: 52s, ETA:    34s[>>>>>>>>>>>>>>>>           ] 4722/7824, 91.3 task/s, elapsed: 52s, ETA:    34s[>>>>>>>>>>>>>>>>           ] 4723/7824, 91.3 task/s, elapsed: 52s, ETA:    34s[>>>>>>>>>>>>>>>>           ] 4724/7824, 91.3 task/s, elapsed: 52s, ETA:    34s[>>>>>>>>>>>>>>>>           ] 4725/7824, 91.3 task/s, elapsed: 52s, ETA:    34s[>>>>>>>>>>>>>>>>           ] 4726/7824, 91.3 task/s, elapsed: 52s, ETA:    34s[>>>>>>>>>>>>>>>>           ] 4727/7824, 91.3 task/s, elapsed: 52s, ETA:    34s[>>>>>>>>>>>>>>>>           ] 4728/7824, 91.3 task/s, elapsed: 52s, ETA:    34s[>>>>>>>>>>>>>>>>           ] 4729/7824, 91.3 task/s, elapsed: 52s, ETA:    34s[>>>>>>>>>>>>>>>>           ] 4730/7824, 91.3 task/s, elapsed: 52s, ETA:    34s[>>>>>>>>>>>>>>>>           ] 4731/7824, 91.3 task/s, elapsed: 52s, ETA:    34s[>>>>>>>>>>>>>>>>           ] 4732/7824, 91.3 task/s, elapsed: 52s, ETA:    34s[>>>>>>>>>>>>>>>>           ] 4733/7824, 91.3 task/s, elapsed: 52s, ETA:    34s[>>>>>>>>>>>>>>>>           ] 4734/7824, 91.3 task/s, elapsed: 52s, ETA:    34s[>>>>>>>>>>>>>>>>           ] 4735/7824, 91.3 task/s, elapsed: 52s, ETA:    34s[>>>>>>>>>>>>>>>>           ] 4736/7824, 91.3 task/s, elapsed: 52s, ETA:    34s[>>>>>>>>>>>>>>>>           ] 4737/7824, 91.3 task/s, elapsed: 52s, ETA:    34s[>>>>>>>>>>>>>>>>           ] 4738/7824, 91.2 task/s, elapsed: 52s, ETA:    34s[>>>>>>>>>>>>>>>>           ] 4739/7824, 91.2 task/s, elapsed: 52s, ETA:    34s[>>>>>>>>>>>>>>>>           ] 4740/7824, 91.2 task/s, elapsed: 52s, ETA:    34s[>>>>>>>>>>>>>>>>           ] 4741/7824, 91.2 task/s, elapsed: 52s, ETA:    34s[>>>>>>>>>>>>>>>>           ] 4742/7824, 91.2 task/s, elapsed: 52s, ETA:    34s[>>>>>>>>>>>>>>>>           ] 4743/7824, 91.2 task/s, elapsed: 52s, ETA:    34s[>>>>>>>>>>>>>>>>           ] 4744/7824, 91.2 task/s, elapsed: 52s, ETA:    34s[>>>>>>>>>>>>>>>>           ] 4745/7824, 91.2 task/s, elapsed: 52s, ETA:    34s[>>>>>>>>>>>>>>>>           ] 4746/7824, 91.2 task/s, elapsed: 52s, ETA:    34s[>>>>>>>>>>>>>>>>           ] 4747/7824, 91.2 task/s, elapsed: 52s, ETA:    34s[>>>>>>>>>>>>>>>>           ] 4748/7824, 91.2 task/s, elapsed: 52s, ETA:    34s[>>>>>>>>>>>>>>>>           ] 4749/7824, 91.2 task/s, elapsed: 52s, ETA:    34s[>>>>>>>>>>>>>>>>           ] 4750/7824, 91.2 task/s, elapsed: 52s, ETA:    34s[>>>>>>>>>>>>>>>>           ] 4751/7824, 91.2 task/s, elapsed: 52s, ETA:    34s[>>>>>>>>>>>>>>>>           ] 4752/7824, 91.2 task/s, elapsed: 52s, ETA:    34s[>>>>>>>>>>>>>>>>           ] 4753/7824, 91.2 task/s, elapsed: 52s, ETA:    34s[>>>>>>>>>>>>>>>>           ] 4754/7824, 91.2 task/s, elapsed: 52s, ETA:    34s[>>>>>>>>>>>>>>>>           ] 4755/7824, 91.2 task/s, elapsed: 52s, ETA:    34s[>>>>>>>>>>>>>>>>           ] 4756/7824, 91.2 task/s, elapsed: 52s, ETA:    34s[>>>>>>>>>>>>>>>>           ] 4757/7824, 91.2 task/s, elapsed: 52s, ETA:    34s[>>>>>>>>>>>>>>>>           ] 4758/7824, 91.2 task/s, elapsed: 52s, ETA:    34s[>>>>>>>>>>>>>>>>           ] 4759/7824, 91.2 task/s, elapsed: 52s, ETA:    34s[>>>>>>>>>>>>>>>>           ] 4760/7824, 91.1 task/s, elapsed: 52s, ETA:    34s[>>>>>>>>>>>>>>>>           ] 4761/7824, 91.1 task/s, elapsed: 52s, ETA:    34s[>>>>>>>>>>>>>>>>           ] 4762/7824, 91.1 task/s, elapsed: 52s, ETA:    34s[>>>>>>>>>>>>>>>>           ] 4763/7824, 91.1 task/s, elapsed: 52s, ETA:    34s[>>>>>>>>>>>>>>>>           ] 4764/7824, 91.1 task/s, elapsed: 52s, ETA:    34s[>>>>>>>>>>>>>>>>           ] 4765/7824, 91.1 task/s, elapsed: 52s, ETA:    34s[>>>>>>>>>>>>>>>>           ] 4766/7824, 91.1 task/s, elapsed: 52s, ETA:    34s[>>>>>>>>>>>>>>>>           ] 4767/7824, 91.1 task/s, elapsed: 52s, ETA:    34s[>>>>>>>>>>>>>>>>           ] 4768/7824, 91.1 task/s, elapsed: 52s, ETA:    34s[>>>>>>>>>>>>>>>>           ] 4769/7824, 91.1 task/s, elapsed: 52s, ETA:    34s[>>>>>>>>>>>>>>>>           ] 4770/7824, 91.1 task/s, elapsed: 52s, ETA:    34s[>>>>>>>>>>>>>>>>           ] 4771/7824, 91.1 task/s, elapsed: 52s, ETA:    34s[>>>>>>>>>>>>>>>>           ] 4772/7824, 91.1 task/s, elapsed: 52s, ETA:    34s[>>>>>>>>>>>>>>>>           ] 4773/7824, 91.1 task/s, elapsed: 52s, ETA:    33s[>>>>>>>>>>>>>>>>           ] 4774/7824, 91.1 task/s, elapsed: 52s, ETA:    33s[>>>>>>>>>>>>>>>>           ] 4775/7824, 91.1 task/s, elapsed: 52s, ETA:    33s[>>>>>>>>>>>>>>>>           ] 4776/7824, 91.1 task/s, elapsed: 52s, ETA:    33s[>>>>>>>>>>>>>>>>           ] 4777/7824, 91.1 task/s, elapsed: 52s, ETA:    33s[>>>>>>>>>>>>>>>>           ] 4778/7824, 91.1 task/s, elapsed: 52s, ETA:    33s[>>>>>>>>>>>>>>>>           ] 4779/7824, 91.1 task/s, elapsed: 52s, ETA:    33s[>>>>>>>>>>>>>>>>           ] 4780/7824, 91.1 task/s, elapsed: 52s, ETA:    33s[>>>>>>>>>>>>>>>>           ] 4781/7824, 91.0 task/s, elapsed: 53s, ETA:    33s[>>>>>>>>>>>>>>>>           ] 4782/7824, 91.0 task/s, elapsed: 53s, ETA:    33s[>>>>>>>>>>>>>>>>           ] 4783/7824, 91.0 task/s, elapsed: 53s, ETA:    33s[>>>>>>>>>>>>>>>>           ] 4784/7824, 91.0 task/s, elapsed: 53s, ETA:    33s[>>>>>>>>>>>>>>>>           ] 4785/7824, 91.0 task/s, elapsed: 53s, ETA:    33s[>>>>>>>>>>>>>>>>           ] 4786/7824, 91.0 task/s, elapsed: 53s, ETA:    33s[>>>>>>>>>>>>>>>>           ] 4787/7824, 91.0 task/s, elapsed: 53s, ETA:    33s[>>>>>>>>>>>>>>>>           ] 4788/7824, 91.0 task/s, elapsed: 53s, ETA:    33s[>>>>>>>>>>>>>>>>           ] 4789/7824, 91.0 task/s, elapsed: 53s, ETA:    33s[>>>>>>>>>>>>>>>>           ] 4790/7824, 91.0 task/s, elapsed: 53s, ETA:    33s[>>>>>>>>>>>>>>>>           ] 4791/7824, 91.0 task/s, elapsed: 53s, ETA:    33s[>>>>>>>>>>>>>>>>           ] 4792/7824, 91.0 task/s, elapsed: 53s, ETA:    33s[>>>>>>>>>>>>>>>>           ] 4793/7824, 91.0 task/s, elapsed: 53s, ETA:    33s[>>>>>>>>>>>>>>>>           ] 4794/7824, 91.0 task/s, elapsed: 53s, ETA:    33s[>>>>>>>>>>>>>>>>           ] 4795/7824, 91.0 task/s, elapsed: 53s, ETA:    33s[>>>>>>>>>>>>>>>>           ] 4796/7824, 91.0 task/s, elapsed: 53s, ETA:    33s[>>>>>>>>>>>>>>>>           ] 4797/7824, 91.0 task/s, elapsed: 53s, ETA:    33s[>>>>>>>>>>>>>>>>           ] 4798/7824, 91.0 task/s, elapsed: 53s, ETA:    33s[>>>>>>>>>>>>>>>>           ] 4799/7824, 91.0 task/s, elapsed: 53s, ETA:    33s[>>>>>>>>>>>>>>>>           ] 4800/7824, 91.0 task/s, elapsed: 53s, ETA:    33s[>>>>>>>>>>>>>>>>           ] 4801/7824, 91.0 task/s, elapsed: 53s, ETA:    33s[>>>>>>>>>>>>>>>>           ] 4802/7824, 91.0 task/s, elapsed: 53s, ETA:    33s[>>>>>>>>>>>>>>>>           ] 4803/7824, 91.0 task/s, elapsed: 53s, ETA:    33s[>>>>>>>>>>>>>>>>           ] 4804/7824, 91.0 task/s, elapsed: 53s, ETA:    33s[>>>>>>>>>>>>>>>>           ] 4805/7824, 91.0 task/s, elapsed: 53s, ETA:    33s[>>>>>>>>>>>>>>>>           ] 4806/7824, 91.0 task/s, elapsed: 53s, ETA:    33s[>>>>>>>>>>>>>>>>           ] 4807/7824, 91.0 task/s, elapsed: 53s, ETA:    33s[>>>>>>>>>>>>>>>>           ] 4808/7824, 91.0 task/s, elapsed: 53s, ETA:    33s[>>>>>>>>>>>>>>>>           ] 4809/7824, 91.0 task/s, elapsed: 53s, ETA:    33s[>>>>>>>>>>>>>>>>           ] 4810/7824, 91.0 task/s, elapsed: 53s, ETA:    33s[>>>>>>>>>>>>>>>>           ] 4811/7824, 91.0 task/s, elapsed: 53s, ETA:    33s[>>>>>>>>>>>>>>>>           ] 4812/7824, 91.0 task/s, elapsed: 53s, ETA:    33s[>>>>>>>>>>>>>>>>           ] 4813/7824, 91.0 task/s, elapsed: 53s, ETA:    33s[>>>>>>>>>>>>>>>>           ] 4814/7824, 91.0 task/s, elapsed: 53s, ETA:    33s[>>>>>>>>>>>>>>>>           ] 4815/7824, 91.0 task/s, elapsed: 53s, ETA:    33s[>>>>>>>>>>>>>>>>           ] 4816/7824, 91.0 task/s, elapsed: 53s, ETA:    33s[>>>>>>>>>>>>>>>>           ] 4817/7824, 91.0 task/s, elapsed: 53s, ETA:    33s[>>>>>>>>>>>>>>>>           ] 4818/7824, 91.0 task/s, elapsed: 53s, ETA:    33s[>>>>>>>>>>>>>>>>           ] 4819/7824, 91.0 task/s, elapsed: 53s, ETA:    33s[>>>>>>>>>>>>>>>>           ] 4820/7824, 91.0 task/s, elapsed: 53s, ETA:    33s[>>>>>>>>>>>>>>>>           ] 4821/7824, 91.0 task/s, elapsed: 53s, ETA:    33s[>>>>>>>>>>>>>>>>           ] 4822/7824, 91.0 task/s, elapsed: 53s, ETA:    33s[>>>>>>>>>>>>>>>>           ] 4823/7824, 91.0 task/s, elapsed: 53s, ETA:    33s[>>>>>>>>>>>>>>>>           ] 4824/7824, 91.0 task/s, elapsed: 53s, ETA:    33s[>>>>>>>>>>>>>>>>           ] 4825/7824, 91.0 task/s, elapsed: 53s, ETA:    33s[>>>>>>>>>>>>>>>>           ] 4826/7824, 91.0 task/s, elapsed: 53s, ETA:    33s[>>>>>>>>>>>>>>>>           ] 4827/7824, 91.0 task/s, elapsed: 53s, ETA:    33s[>>>>>>>>>>>>>>>>           ] 4828/7824, 91.0 task/s, elapsed: 53s, ETA:    33s[>>>>>>>>>>>>>>>>           ] 4829/7824, 91.0 task/s, elapsed: 53s, ETA:    33s[>>>>>>>>>>>>>>>>           ] 4830/7824, 91.0 task/s, elapsed: 53s, ETA:    33s[>>>>>>>>>>>>>>>>           ] 4831/7824, 91.0 task/s, elapsed: 53s, ETA:    33s[>>>>>>>>>>>>>>>>           ] 4832/7824, 91.0 task/s, elapsed: 53s, ETA:    33s[>>>>>>>>>>>>>>>>           ] 4833/7824, 91.0 task/s, elapsed: 53s, ETA:    33s[>>>>>>>>>>>>>>>>           ] 4834/7824, 91.0 task/s, elapsed: 53s, ETA:    33s[>>>>>>>>>>>>>>>>           ] 4835/7824, 91.0 task/s, elapsed: 53s, ETA:    33s[>>>>>>>>>>>>>>>>           ] 4836/7824, 91.0 task/s, elapsed: 53s, ETA:    33s[>>>>>>>>>>>>>>>>           ] 4837/7824, 91.0 task/s, elapsed: 53s, ETA:    33s[>>>>>>>>>>>>>>>>           ] 4838/7824, 91.0 task/s, elapsed: 53s, ETA:    33s[>>>>>>>>>>>>>>>>           ] 4839/7824, 91.0 task/s, elapsed: 53s, ETA:    33s[>>>>>>>>>>>>>>>>           ] 4840/7824, 91.0 task/s, elapsed: 53s, ETA:    33s[>>>>>>>>>>>>>>>>           ] 4841/7824, 91.0 task/s, elapsed: 53s, ETA:    33s[>>>>>>>>>>>>>>>>           ] 4842/7824, 91.0 task/s, elapsed: 53s, ETA:    33s[>>>>>>>>>>>>>>>>           ] 4843/7824, 91.0 task/s, elapsed: 53s, ETA:    33s[>>>>>>>>>>>>>>>>           ] 4844/7824, 91.0 task/s, elapsed: 53s, ETA:    33s[>>>>>>>>>>>>>>>>           ] 4845/7824, 91.0 task/s, elapsed: 53s, ETA:    33s[>>>>>>>>>>>>>>>>           ] 4846/7824, 91.0 task/s, elapsed: 53s, ETA:    33s[>>>>>>>>>>>>>>>>           ] 4847/7824, 91.0 task/s, elapsed: 53s, ETA:    33s[>>>>>>>>>>>>>>>>           ] 4848/7824, 91.0 task/s, elapsed: 53s, ETA:    33s[>>>>>>>>>>>>>>>>           ] 4849/7824, 91.1 task/s, elapsed: 53s, ETA:    33s[>>>>>>>>>>>>>>>>           ] 4850/7824, 91.1 task/s, elapsed: 53s, ETA:    33s[>>>>>>>>>>>>>>>>           ] 4851/7824, 91.1 task/s, elapsed: 53s, ETA:    33s[>>>>>>>>>>>>>>>>           ] 4852/7824, 91.1 task/s, elapsed: 53s, ETA:    33s[>>>>>>>>>>>>>>>>           ] 4853/7824, 91.1 task/s, elapsed: 53s, ETA:    33s[>>>>>>>>>>>>>>>>           ] 4854/7824, 91.1 task/s, elapsed: 53s, ETA:    33s[>>>>>>>>>>>>>>>>           ] 4855/7824, 91.1 task/s, elapsed: 53s, ETA:    33s[>>>>>>>>>>>>>>>>           ] 4856/7824, 91.1 task/s, elapsed: 53s, ETA:    33s[>>>>>>>>>>>>>>>>           ] 4857/7824, 91.1 task/s, elapsed: 53s, ETA:    33s[>>>>>>>>>>>>>>>>           ] 4858/7824, 91.1 task/s, elapsed: 53s, ETA:    33s[>>>>>>>>>>>>>>>>           ] 4859/7824, 91.1 task/s, elapsed: 53s, ETA:    33s[>>>>>>>>>>>>>>>>           ] 4860/7824, 91.1 task/s, elapsed: 53s, ETA:    33s[>>>>>>>>>>>>>>>>           ] 4861/7824, 91.1 task/s, elapsed: 53s, ETA:    33s[>>>>>>>>>>>>>>>>           ] 4862/7824, 91.1 task/s, elapsed: 53s, ETA:    33s[>>>>>>>>>>>>>>>>           ] 4863/7824, 91.1 task/s, elapsed: 53s, ETA:    33s[>>>>>>>>>>>>>>>>           ] 4864/7824, 91.1 task/s, elapsed: 53s, ETA:    32s[>>>>>>>>>>>>>>>>           ] 4865/7824, 91.1 task/s, elapsed: 53s, ETA:    32s[>>>>>>>>>>>>>>>>           ] 4866/7824, 91.1 task/s, elapsed: 53s, ETA:    32s[>>>>>>>>>>>>>>>>           ] 4867/7824, 91.1 task/s, elapsed: 53s, ETA:    32s[>>>>>>>>>>>>>>>>           ] 4868/7824, 91.1 task/s, elapsed: 53s, ETA:    32s[>>>>>>>>>>>>>>>>           ] 4869/7824, 91.1 task/s, elapsed: 53s, ETA:    32s[>>>>>>>>>>>>>>>>           ] 4870/7824, 91.1 task/s, elapsed: 53s, ETA:    32s[>>>>>>>>>>>>>>>>           ] 4871/7824, 91.1 task/s, elapsed: 53s, ETA:    32s[>>>>>>>>>>>>>>>>           ] 4872/7824, 91.1 task/s, elapsed: 53s, ETA:    32s[>>>>>>>>>>>>>>>>           ] 4873/7824, 91.1 task/s, elapsed: 53s, ETA:    32s[>>>>>>>>>>>>>>>>           ] 4874/7824, 91.1 task/s, elapsed: 53s, ETA:    32s[>>>>>>>>>>>>>>>>           ] 4875/7824, 91.1 task/s, elapsed: 53s, ETA:    32s[>>>>>>>>>>>>>>>>           ] 4876/7824, 91.1 task/s, elapsed: 54s, ETA:    32s[>>>>>>>>>>>>>>>>           ] 4877/7824, 91.1 task/s, elapsed: 54s, ETA:    32s[>>>>>>>>>>>>>>>>           ] 4878/7824, 91.1 task/s, elapsed: 54s, ETA:    32s[>>>>>>>>>>>>>>>>           ] 4879/7824, 91.1 task/s, elapsed: 54s, ETA:    32s[>>>>>>>>>>>>>>>>           ] 4880/7824, 91.1 task/s, elapsed: 54s, ETA:    32s[>>>>>>>>>>>>>>>>           ] 4881/7824, 91.1 task/s, elapsed: 54s, ETA:    32s[>>>>>>>>>>>>>>>>           ] 4882/7824, 91.2 task/s, elapsed: 54s, ETA:    32s[>>>>>>>>>>>>>>>>           ] 4883/7824, 91.2 task/s, elapsed: 54s, ETA:    32s[>>>>>>>>>>>>>>>>           ] 4884/7824, 91.2 task/s, elapsed: 54s, ETA:    32s[>>>>>>>>>>>>>>>>           ] 4885/7824, 91.2 task/s, elapsed: 54s, ETA:    32s[>>>>>>>>>>>>>>>>           ] 4886/7824, 91.2 task/s, elapsed: 54s, ETA:    32s[>>>>>>>>>>>>>>>>           ] 4887/7824, 91.2 task/s, elapsed: 54s, ETA:    32s[>>>>>>>>>>>>>>>>           ] 4888/7824, 91.2 task/s, elapsed: 54s, ETA:    32s[>>>>>>>>>>>>>>>>           ] 4889/7824, 91.2 task/s, elapsed: 54s, ETA:    32s[>>>>>>>>>>>>>>>>           ] 4890/7824, 91.2 task/s, elapsed: 54s, ETA:    32s[>>>>>>>>>>>>>>>>           ] 4891/7824, 91.2 task/s, elapsed: 54s, ETA:    32s[>>>>>>>>>>>>>>>>           ] 4892/7824, 91.2 task/s, elapsed: 54s, ETA:    32s[>>>>>>>>>>>>>>>>           ] 4893/7824, 91.2 task/s, elapsed: 54s, ETA:    32s[>>>>>>>>>>>>>>>>           ] 4894/7824, 91.2 task/s, elapsed: 54s, ETA:    32s[>>>>>>>>>>>>>>>>           ] 4895/7824, 91.2 task/s, elapsed: 54s, ETA:    32s[>>>>>>>>>>>>>>>>           ] 4896/7824, 91.2 task/s, elapsed: 54s, ETA:    32s[>>>>>>>>>>>>>>>>           ] 4897/7824, 91.2 task/s, elapsed: 54s, ETA:    32s[>>>>>>>>>>>>>>>>           ] 4898/7824, 91.2 task/s, elapsed: 54s, ETA:    32s[>>>>>>>>>>>>>>>>           ] 4899/7824, 91.2 task/s, elapsed: 54s, ETA:    32s[>>>>>>>>>>>>>>>>           ] 4900/7824, 91.2 task/s, elapsed: 54s, ETA:    32s[>>>>>>>>>>>>>>>>           ] 4901/7824, 91.2 task/s, elapsed: 54s, ETA:    32s[>>>>>>>>>>>>>>>>           ] 4902/7824, 91.2 task/s, elapsed: 54s, ETA:    32s[>>>>>>>>>>>>>>>>           ] 4903/7824, 91.2 task/s, elapsed: 54s, ETA:    32s[>>>>>>>>>>>>>>>>           ] 4904/7824, 91.2 task/s, elapsed: 54s, ETA:    32s[>>>>>>>>>>>>>>>>           ] 4905/7824, 91.2 task/s, elapsed: 54s, ETA:    32s[>>>>>>>>>>>>>>>>           ] 4906/7824, 91.2 task/s, elapsed: 54s, ETA:    32s[>>>>>>>>>>>>>>>>           ] 4907/7824, 91.2 task/s, elapsed: 54s, ETA:    32s[>>>>>>>>>>>>>>>>           ] 4908/7824, 91.2 task/s, elapsed: 54s, ETA:    32s[>>>>>>>>>>>>>>>>           ] 4909/7824, 91.2 task/s, elapsed: 54s, ETA:    32s[>>>>>>>>>>>>>>>>           ] 4910/7824, 91.2 task/s, elapsed: 54s, ETA:    32s[>>>>>>>>>>>>>>>>           ] 4911/7824, 91.2 task/s, elapsed: 54s, ETA:    32s[>>>>>>>>>>>>>>>>           ] 4912/7824, 91.2 task/s, elapsed: 54s, ETA:    32s[>>>>>>>>>>>>>>>>           ] 4913/7824, 91.2 task/s, elapsed: 54s, ETA:    32s[>>>>>>>>>>>>>>>>           ] 4914/7824, 91.2 task/s, elapsed: 54s, ETA:    32s[>>>>>>>>>>>>>>>>           ] 4915/7824, 91.2 task/s, elapsed: 54s, ETA:    32s[>>>>>>>>>>>>>>>>           ] 4916/7824, 91.2 task/s, elapsed: 54s, ETA:    32s[>>>>>>>>>>>>>>>>           ] 4917/7824, 91.2 task/s, elapsed: 54s, ETA:    32s[>>>>>>>>>>>>>>>>           ] 4918/7824, 91.3 task/s, elapsed: 54s, ETA:    32s[>>>>>>>>>>>>>>>>           ] 4919/7824, 91.3 task/s, elapsed: 54s, ETA:    32s[>>>>>>>>>>>>>>>>           ] 4920/7824, 91.3 task/s, elapsed: 54s, ETA:    32s[>>>>>>>>>>>>>>>>           ] 4921/7824, 91.3 task/s, elapsed: 54s, ETA:    32s[>>>>>>>>>>>>>>>>           ] 4922/7824, 91.3 task/s, elapsed: 54s, ETA:    32s[>>>>>>>>>>>>>>>>           ] 4923/7824, 91.3 task/s, elapsed: 54s, ETA:    32s[>>>>>>>>>>>>>>>>           ] 4924/7824, 91.3 task/s, elapsed: 54s, ETA:    32s[>>>>>>>>>>>>>>>>           ] 4925/7824, 91.3 task/s, elapsed: 54s, ETA:    32s[>>>>>>>>>>>>>>>>           ] 4926/7824, 91.3 task/s, elapsed: 54s, ETA:    32s[>>>>>>>>>>>>>>>>>          ] 4927/7824, 91.3 task/s, elapsed: 54s, ETA:    32s[>>>>>>>>>>>>>>>>>          ] 4928/7824, 91.3 task/s, elapsed: 54s, ETA:    32s[>>>>>>>>>>>>>>>>>          ] 4929/7824, 91.3 task/s, elapsed: 54s, ETA:    32s[>>>>>>>>>>>>>>>>>          ] 4930/7824, 91.3 task/s, elapsed: 54s, ETA:    32s[>>>>>>>>>>>>>>>>>          ] 4931/7824, 91.3 task/s, elapsed: 54s, ETA:    32s[>>>>>>>>>>>>>>>>>          ] 4932/7824, 91.3 task/s, elapsed: 54s, ETA:    32s[>>>>>>>>>>>>>>>>>          ] 4933/7824, 91.3 task/s, elapsed: 54s, ETA:    32s[>>>>>>>>>>>>>>>>>          ] 4934/7824, 91.3 task/s, elapsed: 54s, ETA:    32s[>>>>>>>>>>>>>>>>>          ] 4935/7824, 91.3 task/s, elapsed: 54s, ETA:    32s[>>>>>>>>>>>>>>>>>          ] 4936/7824, 91.3 task/s, elapsed: 54s, ETA:    32s[>>>>>>>>>>>>>>>>>          ] 4937/7824, 91.3 task/s, elapsed: 54s, ETA:    32s[>>>>>>>>>>>>>>>>>          ] 4938/7824, 91.3 task/s, elapsed: 54s, ETA:    32s[>>>>>>>>>>>>>>>>>          ] 4939/7824, 91.3 task/s, elapsed: 54s, ETA:    32s[>>>>>>>>>>>>>>>>>          ] 4940/7824, 91.3 task/s, elapsed: 54s, ETA:    32s[>>>>>>>>>>>>>>>>>          ] 4941/7824, 91.3 task/s, elapsed: 54s, ETA:    32s[>>>>>>>>>>>>>>>>>          ] 4942/7824, 91.3 task/s, elapsed: 54s, ETA:    32s[>>>>>>>>>>>>>>>>>          ] 4943/7824, 91.3 task/s, elapsed: 54s, ETA:    32s[>>>>>>>>>>>>>>>>>          ] 4944/7824, 91.3 task/s, elapsed: 54s, ETA:    32s[>>>>>>>>>>>>>>>>>          ] 4945/7824, 91.3 task/s, elapsed: 54s, ETA:    32s[>>>>>>>>>>>>>>>>>          ] 4946/7824, 91.3 task/s, elapsed: 54s, ETA:    32s[>>>>>>>>>>>>>>>>>          ] 4947/7824, 91.3 task/s, elapsed: 54s, ETA:    31s[>>>>>>>>>>>>>>>>>          ] 4948/7824, 91.3 task/s, elapsed: 54s, ETA:    31s[>>>>>>>>>>>>>>>>>          ] 4949/7824, 91.3 task/s, elapsed: 54s, ETA:    31s[>>>>>>>>>>>>>>>>>          ] 4950/7824, 91.3 task/s, elapsed: 54s, ETA:    31s[>>>>>>>>>>>>>>>>>          ] 4951/7824, 91.3 task/s, elapsed: 54s, ETA:    31s[>>>>>>>>>>>>>>>>>          ] 4952/7824, 91.3 task/s, elapsed: 54s, ETA:    31s[>>>>>>>>>>>>>>>>>          ] 4953/7824, 91.3 task/s, elapsed: 54s, ETA:    31s[>>>>>>>>>>>>>>>>>          ] 4954/7824, 91.3 task/s, elapsed: 54s, ETA:    31s[>>>>>>>>>>>>>>>>>          ] 4955/7824, 91.4 task/s, elapsed: 54s, ETA:    31s[>>>>>>>>>>>>>>>>>          ] 4956/7824, 91.4 task/s, elapsed: 54s, ETA:    31s[>>>>>>>>>>>>>>>>>          ] 4957/7824, 91.4 task/s, elapsed: 54s, ETA:    31s[>>>>>>>>>>>>>>>>>          ] 4958/7824, 91.4 task/s, elapsed: 54s, ETA:    31s[>>>>>>>>>>>>>>>>>          ] 4959/7824, 91.4 task/s, elapsed: 54s, ETA:    31s[>>>>>>>>>>>>>>>>>          ] 4960/7824, 91.4 task/s, elapsed: 54s, ETA:    31s[>>>>>>>>>>>>>>>>>          ] 4961/7824, 91.4 task/s, elapsed: 54s, ETA:    31s[>>>>>>>>>>>>>>>>>          ] 4962/7824, 91.4 task/s, elapsed: 54s, ETA:    31s[>>>>>>>>>>>>>>>>>          ] 4963/7824, 91.4 task/s, elapsed: 54s, ETA:    31s[>>>>>>>>>>>>>>>>>          ] 4964/7824, 91.4 task/s, elapsed: 54s, ETA:    31s[>>>>>>>>>>>>>>>>>          ] 4965/7824, 91.4 task/s, elapsed: 54s, ETA:    31s[>>>>>>>>>>>>>>>>>          ] 4966/7824, 91.4 task/s, elapsed: 54s, ETA:    31s[>>>>>>>>>>>>>>>>>          ] 4967/7824, 91.4 task/s, elapsed: 54s, ETA:    31s[>>>>>>>>>>>>>>>>>          ] 4968/7824, 91.4 task/s, elapsed: 54s, ETA:    31s[>>>>>>>>>>>>>>>>>          ] 4969/7824, 91.4 task/s, elapsed: 54s, ETA:    31s[>>>>>>>>>>>>>>>>>          ] 4970/7824, 91.4 task/s, elapsed: 54s, ETA:    31s[>>>>>>>>>>>>>>>>>          ] 4971/7824, 91.4 task/s, elapsed: 54s, ETA:    31s[>>>>>>>>>>>>>>>>>          ] 4972/7824, 91.4 task/s, elapsed: 54s, ETA:    31s[>>>>>>>>>>>>>>>>>          ] 4973/7824, 91.4 task/s, elapsed: 54s, ETA:    31s[>>>>>>>>>>>>>>>>>          ] 4974/7824, 91.4 task/s, elapsed: 54s, ETA:    31s[>>>>>>>>>>>>>>>>>          ] 4975/7824, 91.4 task/s, elapsed: 54s, ETA:    31s[>>>>>>>>>>>>>>>>>          ] 4976/7824, 91.4 task/s, elapsed: 54s, ETA:    31s[>>>>>>>>>>>>>>>>>          ] 4977/7824, 91.4 task/s, elapsed: 54s, ETA:    31s[>>>>>>>>>>>>>>>>>          ] 4978/7824, 91.4 task/s, elapsed: 54s, ETA:    31s[>>>>>>>>>>>>>>>>>          ] 4979/7824, 91.4 task/s, elapsed: 54s, ETA:    31s[>>>>>>>>>>>>>>>>>          ] 4980/7824, 91.4 task/s, elapsed: 54s, ETA:    31s[>>>>>>>>>>>>>>>>>          ] 4981/7824, 91.4 task/s, elapsed: 54s, ETA:    31s[>>>>>>>>>>>>>>>>>          ] 4982/7824, 91.4 task/s, elapsed: 54s, ETA:    31s[>>>>>>>>>>>>>>>>>          ] 4983/7824, 91.4 task/s, elapsed: 55s, ETA:    31s[>>>>>>>>>>>>>>>>>          ] 4984/7824, 91.4 task/s, elapsed: 55s, ETA:    31s[>>>>>>>>>>>>>>>>>          ] 4985/7824, 91.4 task/s, elapsed: 55s, ETA:    31s[>>>>>>>>>>>>>>>>>          ] 4986/7824, 91.4 task/s, elapsed: 55s, ETA:    31s[>>>>>>>>>>>>>>>>>          ] 4987/7824, 91.4 task/s, elapsed: 55s, ETA:    31s[>>>>>>>>>>>>>>>>>          ] 4988/7824, 91.4 task/s, elapsed: 55s, ETA:    31s[>>>>>>>>>>>>>>>>>          ] 4989/7824, 91.4 task/s, elapsed: 55s, ETA:    31s[>>>>>>>>>>>>>>>>>          ] 4990/7824, 91.4 task/s, elapsed: 55s, ETA:    31s[>>>>>>>>>>>>>>>>>          ] 4991/7824, 91.4 task/s, elapsed: 55s, ETA:    31s[>>>>>>>>>>>>>>>>>          ] 4992/7824, 91.4 task/s, elapsed: 55s, ETA:    31s[>>>>>>>>>>>>>>>>>          ] 4993/7824, 91.4 task/s, elapsed: 55s, ETA:    31s[>>>>>>>>>>>>>>>>>          ] 4994/7824, 91.4 task/s, elapsed: 55s, ETA:    31s[>>>>>>>>>>>>>>>>>          ] 4995/7824, 91.4 task/s, elapsed: 55s, ETA:    31s[>>>>>>>>>>>>>>>>>          ] 4996/7824, 91.5 task/s, elapsed: 55s, ETA:    31s[>>>>>>>>>>>>>>>>>          ] 4997/7824, 91.5 task/s, elapsed: 55s, ETA:    31s[>>>>>>>>>>>>>>>>>          ] 4998/7824, 91.5 task/s, elapsed: 55s, ETA:    31s[>>>>>>>>>>>>>>>>>          ] 4999/7824, 91.5 task/s, elapsed: 55s, ETA:    31s[>>>>>>>>>>>>>>>>>          ] 5000/7824, 91.5 task/s, elapsed: 55s, ETA:    31s[>>>>>>>>>>>>>>>>>          ] 5001/7824, 91.5 task/s, elapsed: 55s, ETA:    31s[>>>>>>>>>>>>>>>>>          ] 5002/7824, 91.5 task/s, elapsed: 55s, ETA:    31s[>>>>>>>>>>>>>>>>>          ] 5003/7824, 91.5 task/s, elapsed: 55s, ETA:    31s[>>>>>>>>>>>>>>>>>          ] 5004/7824, 91.5 task/s, elapsed: 55s, ETA:    31s[>>>>>>>>>>>>>>>>>          ] 5005/7824, 91.5 task/s, elapsed: 55s, ETA:    31s[>>>>>>>>>>>>>>>>>          ] 5006/7824, 91.5 task/s, elapsed: 55s, ETA:    31s[>>>>>>>>>>>>>>>>>          ] 5007/7824, 91.5 task/s, elapsed: 55s, ETA:    31s[>>>>>>>>>>>>>>>>>          ] 5008/7824, 91.5 task/s, elapsed: 55s, ETA:    31s[>>>>>>>>>>>>>>>>>          ] 5009/7824, 91.5 task/s, elapsed: 55s, ETA:    31s[>>>>>>>>>>>>>>>>>          ] 5010/7824, 91.5 task/s, elapsed: 55s, ETA:    31s[>>>>>>>>>>>>>>>>>          ] 5011/7824, 91.5 task/s, elapsed: 55s, ETA:    31s[>>>>>>>>>>>>>>>>>          ] 5012/7824, 91.5 task/s, elapsed: 55s, ETA:    31s[>>>>>>>>>>>>>>>>>          ] 5013/7824, 91.5 task/s, elapsed: 55s, ETA:    31s[>>>>>>>>>>>>>>>>>          ] 5014/7824, 91.5 task/s, elapsed: 55s, ETA:    31s[>>>>>>>>>>>>>>>>>          ] 5015/7824, 91.5 task/s, elapsed: 55s, ETA:    31s[>>>>>>>>>>>>>>>>>          ] 5016/7824, 91.5 task/s, elapsed: 55s, ETA:    31s[>>>>>>>>>>>>>>>>>          ] 5017/7824, 91.5 task/s, elapsed: 55s, ETA:    31s[>>>>>>>>>>>>>>>>>          ] 5018/7824, 91.5 task/s, elapsed: 55s, ETA:    31s[>>>>>>>>>>>>>>>>>          ] 5019/7824, 91.5 task/s, elapsed: 55s, ETA:    31s[>>>>>>>>>>>>>>>>>          ] 5020/7824, 91.5 task/s, elapsed: 55s, ETA:    31s[>>>>>>>>>>>>>>>>>          ] 5021/7824, 91.5 task/s, elapsed: 55s, ETA:    31s[>>>>>>>>>>>>>>>>>          ] 5022/7824, 91.5 task/s, elapsed: 55s, ETA:    31s[>>>>>>>>>>>>>>>>>          ] 5023/7824, 91.5 task/s, elapsed: 55s, ETA:    31s[>>>>>>>>>>>>>>>>>          ] 5024/7824, 91.5 task/s, elapsed: 55s, ETA:    31s[>>>>>>>>>>>>>>>>>          ] 5025/7824, 91.5 task/s, elapsed: 55s, ETA:    31s[>>>>>>>>>>>>>>>>>          ] 5026/7824, 91.5 task/s, elapsed: 55s, ETA:    31s[>>>>>>>>>>>>>>>>>          ] 5027/7824, 91.5 task/s, elapsed: 55s, ETA:    31s[>>>>>>>>>>>>>>>>>          ] 5028/7824, 91.5 task/s, elapsed: 55s, ETA:    31s[>>>>>>>>>>>>>>>>>          ] 5029/7824, 91.5 task/s, elapsed: 55s, ETA:    31s[>>>>>>>>>>>>>>>>>          ] 5030/7824, 91.5 task/s, elapsed: 55s, ETA:    31s[>>>>>>>>>>>>>>>>>          ] 5031/7824, 91.5 task/s, elapsed: 55s, ETA:    31s[>>>>>>>>>>>>>>>>>          ] 5032/7824, 91.5 task/s, elapsed: 55s, ETA:    30s[>>>>>>>>>>>>>>>>>          ] 5033/7824, 91.5 task/s, elapsed: 55s, ETA:    30s[>>>>>>>>>>>>>>>>>          ] 5034/7824, 91.6 task/s, elapsed: 55s, ETA:    30s[>>>>>>>>>>>>>>>>>          ] 5035/7824, 91.6 task/s, elapsed: 55s, ETA:    30s[>>>>>>>>>>>>>>>>>          ] 5036/7824, 91.6 task/s, elapsed: 55s, ETA:    30s[>>>>>>>>>>>>>>>>>          ] 5037/7824, 91.6 task/s, elapsed: 55s, ETA:    30s[>>>>>>>>>>>>>>>>>          ] 5038/7824, 91.6 task/s, elapsed: 55s, ETA:    30s[>>>>>>>>>>>>>>>>>          ] 5039/7824, 91.6 task/s, elapsed: 55s, ETA:    30s[>>>>>>>>>>>>>>>>>          ] 5040/7824, 91.6 task/s, elapsed: 55s, ETA:    30s[>>>>>>>>>>>>>>>>>          ] 5041/7824, 91.6 task/s, elapsed: 55s, ETA:    30s[>>>>>>>>>>>>>>>>>          ] 5042/7824, 91.6 task/s, elapsed: 55s, ETA:    30s[>>>>>>>>>>>>>>>>>          ] 5043/7824, 91.6 task/s, elapsed: 55s, ETA:    30s[>>>>>>>>>>>>>>>>>          ] 5044/7824, 91.6 task/s, elapsed: 55s, ETA:    30s[>>>>>>>>>>>>>>>>>          ] 5045/7824, 91.6 task/s, elapsed: 55s, ETA:    30s[>>>>>>>>>>>>>>>>>          ] 5046/7824, 91.6 task/s, elapsed: 55s, ETA:    30s[>>>>>>>>>>>>>>>>>          ] 5047/7824, 91.6 task/s, elapsed: 55s, ETA:    30s[>>>>>>>>>>>>>>>>>          ] 5048/7824, 91.6 task/s, elapsed: 55s, ETA:    30s[>>>>>>>>>>>>>>>>>          ] 5049/7824, 91.6 task/s, elapsed: 55s, ETA:    30s[>>>>>>>>>>>>>>>>>          ] 5050/7824, 91.6 task/s, elapsed: 55s, ETA:    30s[>>>>>>>>>>>>>>>>>          ] 5051/7824, 91.6 task/s, elapsed: 55s, ETA:    30s[>>>>>>>>>>>>>>>>>          ] 5052/7824, 91.6 task/s, elapsed: 55s, ETA:    30s[>>>>>>>>>>>>>>>>>          ] 5053/7824, 91.6 task/s, elapsed: 55s, ETA:    30s[>>>>>>>>>>>>>>>>>          ] 5054/7824, 91.6 task/s, elapsed: 55s, ETA:    30s[>>>>>>>>>>>>>>>>>          ] 5055/7824, 91.6 task/s, elapsed: 55s, ETA:    30s[>>>>>>>>>>>>>>>>>          ] 5056/7824, 91.6 task/s, elapsed: 55s, ETA:    30s[>>>>>>>>>>>>>>>>>          ] 5057/7824, 91.6 task/s, elapsed: 55s, ETA:    30s[>>>>>>>>>>>>>>>>>          ] 5058/7824, 91.6 task/s, elapsed: 55s, ETA:    30s[>>>>>>>>>>>>>>>>>          ] 5059/7824, 91.6 task/s, elapsed: 55s, ETA:    30s[>>>>>>>>>>>>>>>>>          ] 5060/7824, 91.6 task/s, elapsed: 55s, ETA:    30s[>>>>>>>>>>>>>>>>>          ] 5061/7824, 91.6 task/s, elapsed: 55s, ETA:    30s[>>>>>>>>>>>>>>>>>          ] 5062/7824, 91.6 task/s, elapsed: 55s, ETA:    30s[>>>>>>>>>>>>>>>>>          ] 5063/7824, 91.6 task/s, elapsed: 55s, ETA:    30s[>>>>>>>>>>>>>>>>>          ] 5064/7824, 91.6 task/s, elapsed: 55s, ETA:    30s[>>>>>>>>>>>>>>>>>          ] 5065/7824, 91.6 task/s, elapsed: 55s, ETA:    30s[>>>>>>>>>>>>>>>>>          ] 5066/7824, 91.6 task/s, elapsed: 55s, ETA:    30s[>>>>>>>>>>>>>>>>>          ] 5067/7824, 91.6 task/s, elapsed: 55s, ETA:    30s[>>>>>>>>>>>>>>>>>          ] 5068/7824, 91.6 task/s, elapsed: 55s, ETA:    30s[>>>>>>>>>>>>>>>>>          ] 5069/7824, 91.6 task/s, elapsed: 55s, ETA:    30s[>>>>>>>>>>>>>>>>>          ] 5070/7824, 91.6 task/s, elapsed: 55s, ETA:    30s[>>>>>>>>>>>>>>>>>          ] 5071/7824, 91.7 task/s, elapsed: 55s, ETA:    30s[>>>>>>>>>>>>>>>>>          ] 5072/7824, 91.7 task/s, elapsed: 55s, ETA:    30s[>>>>>>>>>>>>>>>>>          ] 5073/7824, 91.7 task/s, elapsed: 55s, ETA:    30s[>>>>>>>>>>>>>>>>>          ] 5074/7824, 91.7 task/s, elapsed: 55s, ETA:    30s[>>>>>>>>>>>>>>>>>          ] 5075/7824, 91.7 task/s, elapsed: 55s, ETA:    30s[>>>>>>>>>>>>>>>>>          ] 5076/7824, 91.7 task/s, elapsed: 55s, ETA:    30s[>>>>>>>>>>>>>>>>>          ] 5077/7824, 91.7 task/s, elapsed: 55s, ETA:    30s[>>>>>>>>>>>>>>>>>          ] 5078/7824, 91.7 task/s, elapsed: 55s, ETA:    30s[>>>>>>>>>>>>>>>>>          ] 5079/7824, 91.7 task/s, elapsed: 55s, ETA:    30s[>>>>>>>>>>>>>>>>>          ] 5080/7824, 91.7 task/s, elapsed: 55s, ETA:    30s[>>>>>>>>>>>>>>>>>          ] 5081/7824, 91.7 task/s, elapsed: 55s, ETA:    30s[>>>>>>>>>>>>>>>>>          ] 5082/7824, 91.7 task/s, elapsed: 55s, ETA:    30s[>>>>>>>>>>>>>>>>>          ] 5083/7824, 91.7 task/s, elapsed: 55s, ETA:    30s[>>>>>>>>>>>>>>>>>          ] 5084/7824, 91.7 task/s, elapsed: 55s, ETA:    30s[>>>>>>>>>>>>>>>>>          ] 5085/7824, 91.7 task/s, elapsed: 55s, ETA:    30s[>>>>>>>>>>>>>>>>>          ] 5086/7824, 91.7 task/s, elapsed: 55s, ETA:    30s[>>>>>>>>>>>>>>>>>          ] 5087/7824, 91.7 task/s, elapsed: 55s, ETA:    30s[>>>>>>>>>>>>>>>>>          ] 5088/7824, 91.7 task/s, elapsed: 55s, ETA:    30s[>>>>>>>>>>>>>>>>>          ] 5089/7824, 91.7 task/s, elapsed: 56s, ETA:    30s[>>>>>>>>>>>>>>>>>          ] 5090/7824, 91.7 task/s, elapsed: 56s, ETA:    30s[>>>>>>>>>>>>>>>>>          ] 5091/7824, 91.7 task/s, elapsed: 56s, ETA:    30s[>>>>>>>>>>>>>>>>>          ] 5092/7824, 91.7 task/s, elapsed: 56s, ETA:    30s[>>>>>>>>>>>>>>>>>          ] 5093/7824, 91.7 task/s, elapsed: 56s, ETA:    30s[>>>>>>>>>>>>>>>>>          ] 5094/7824, 91.7 task/s, elapsed: 56s, ETA:    30s[>>>>>>>>>>>>>>>>>          ] 5095/7824, 91.7 task/s, elapsed: 56s, ETA:    30s[>>>>>>>>>>>>>>>>>          ] 5096/7824, 91.7 task/s, elapsed: 56s, ETA:    30s[>>>>>>>>>>>>>>>>>          ] 5097/7824, 91.7 task/s, elapsed: 56s, ETA:    30s[>>>>>>>>>>>>>>>>>          ] 5098/7824, 91.7 task/s, elapsed: 56s, ETA:    30s[>>>>>>>>>>>>>>>>>          ] 5099/7824, 91.7 task/s, elapsed: 56s, ETA:    30s[>>>>>>>>>>>>>>>>>          ] 5100/7824, 91.7 task/s, elapsed: 56s, ETA:    30s[>>>>>>>>>>>>>>>>>          ] 5101/7824, 91.7 task/s, elapsed: 56s, ETA:    30s[>>>>>>>>>>>>>>>>>          ] 5102/7824, 91.7 task/s, elapsed: 56s, ETA:    30s[>>>>>>>>>>>>>>>>>          ] 5103/7824, 91.7 task/s, elapsed: 56s, ETA:    30s[>>>>>>>>>>>>>>>>>          ] 5104/7824, 91.7 task/s, elapsed: 56s, ETA:    30s[>>>>>>>>>>>>>>>>>          ] 5105/7824, 91.7 task/s, elapsed: 56s, ETA:    30s[>>>>>>>>>>>>>>>>>          ] 5106/7824, 91.7 task/s, elapsed: 56s, ETA:    30s[>>>>>>>>>>>>>>>>>          ] 5107/7824, 91.7 task/s, elapsed: 56s, ETA:    30s[>>>>>>>>>>>>>>>>>          ] 5108/7824, 91.7 task/s, elapsed: 56s, ETA:    30s[>>>>>>>>>>>>>>>>>          ] 5109/7824, 91.7 task/s, elapsed: 56s, ETA:    30s[>>>>>>>>>>>>>>>>>          ] 5110/7824, 91.7 task/s, elapsed: 56s, ETA:    30s[>>>>>>>>>>>>>>>>>          ] 5111/7824, 91.8 task/s, elapsed: 56s, ETA:    30s[>>>>>>>>>>>>>>>>>          ] 5112/7824, 91.8 task/s, elapsed: 56s, ETA:    30s[>>>>>>>>>>>>>>>>>          ] 5113/7824, 91.8 task/s, elapsed: 56s, ETA:    30s[>>>>>>>>>>>>>>>>>          ] 5114/7824, 91.8 task/s, elapsed: 56s, ETA:    30s[>>>>>>>>>>>>>>>>>          ] 5115/7824, 91.8 task/s, elapsed: 56s, ETA:    30s[>>>>>>>>>>>>>>>>>          ] 5116/7824, 91.8 task/s, elapsed: 56s, ETA:    30s[>>>>>>>>>>>>>>>>>          ] 5117/7824, 91.8 task/s, elapsed: 56s, ETA:    29s[>>>>>>>>>>>>>>>>>          ] 5118/7824, 91.8 task/s, elapsed: 56s, ETA:    29s[>>>>>>>>>>>>>>>>>          ] 5119/7824, 91.8 task/s, elapsed: 56s, ETA:    29s[>>>>>>>>>>>>>>>>>          ] 5120/7824, 91.8 task/s, elapsed: 56s, ETA:    29s[>>>>>>>>>>>>>>>>>          ] 5121/7824, 91.8 task/s, elapsed: 56s, ETA:    29s[>>>>>>>>>>>>>>>>>          ] 5122/7824, 91.8 task/s, elapsed: 56s, ETA:    29s[>>>>>>>>>>>>>>>>>          ] 5123/7824, 91.8 task/s, elapsed: 56s, ETA:    29s[>>>>>>>>>>>>>>>>>          ] 5124/7824, 91.8 task/s, elapsed: 56s, ETA:    29s[>>>>>>>>>>>>>>>>>          ] 5125/7824, 91.8 task/s, elapsed: 56s, ETA:    29s[>>>>>>>>>>>>>>>>>          ] 5126/7824, 91.8 task/s, elapsed: 56s, ETA:    29s[>>>>>>>>>>>>>>>>>          ] 5127/7824, 91.8 task/s, elapsed: 56s, ETA:    29s[>>>>>>>>>>>>>>>>>          ] 5128/7824, 91.8 task/s, elapsed: 56s, ETA:    29s[>>>>>>>>>>>>>>>>>          ] 5129/7824, 91.8 task/s, elapsed: 56s, ETA:    29s[>>>>>>>>>>>>>>>>>          ] 5130/7824, 91.8 task/s, elapsed: 56s, ETA:    29s[>>>>>>>>>>>>>>>>>          ] 5131/7824, 91.8 task/s, elapsed: 56s, ETA:    29s[>>>>>>>>>>>>>>>>>          ] 5132/7824, 91.8 task/s, elapsed: 56s, ETA:    29s[>>>>>>>>>>>>>>>>>          ] 5133/7824, 91.8 task/s, elapsed: 56s, ETA:    29s[>>>>>>>>>>>>>>>>>          ] 5134/7824, 91.8 task/s, elapsed: 56s, ETA:    29s[>>>>>>>>>>>>>>>>>          ] 5135/7824, 91.8 task/s, elapsed: 56s, ETA:    29s[>>>>>>>>>>>>>>>>>          ] 5136/7824, 91.8 task/s, elapsed: 56s, ETA:    29s[>>>>>>>>>>>>>>>>>          ] 5137/7824, 91.8 task/s, elapsed: 56s, ETA:    29s[>>>>>>>>>>>>>>>>>          ] 5138/7824, 91.8 task/s, elapsed: 56s, ETA:    29s[>>>>>>>>>>>>>>>>>          ] 5139/7824, 91.8 task/s, elapsed: 56s, ETA:    29s[>>>>>>>>>>>>>>>>>          ] 5140/7824, 91.8 task/s, elapsed: 56s, ETA:    29s[>>>>>>>>>>>>>>>>>          ] 5141/7824, 91.8 task/s, elapsed: 56s, ETA:    29s[>>>>>>>>>>>>>>>>>          ] 5142/7824, 91.8 task/s, elapsed: 56s, ETA:    29s[>>>>>>>>>>>>>>>>>          ] 5143/7824, 91.8 task/s, elapsed: 56s, ETA:    29s[>>>>>>>>>>>>>>>>>          ] 5144/7824, 91.8 task/s, elapsed: 56s, ETA:    29s[>>>>>>>>>>>>>>>>>          ] 5145/7824, 91.8 task/s, elapsed: 56s, ETA:    29s[>>>>>>>>>>>>>>>>>          ] 5146/7824, 91.8 task/s, elapsed: 56s, ETA:    29s[>>>>>>>>>>>>>>>>>          ] 5147/7824, 91.8 task/s, elapsed: 56s, ETA:    29s[>>>>>>>>>>>>>>>>>          ] 5148/7824, 91.8 task/s, elapsed: 56s, ETA:    29s[>>>>>>>>>>>>>>>>>          ] 5149/7824, 91.8 task/s, elapsed: 56s, ETA:    29s[>>>>>>>>>>>>>>>>>          ] 5150/7824, 91.8 task/s, elapsed: 56s, ETA:    29s[>>>>>>>>>>>>>>>>>          ] 5151/7824, 91.8 task/s, elapsed: 56s, ETA:    29s[>>>>>>>>>>>>>>>>>          ] 5152/7824, 91.8 task/s, elapsed: 56s, ETA:    29s[>>>>>>>>>>>>>>>>>          ] 5153/7824, 91.8 task/s, elapsed: 56s, ETA:    29s[>>>>>>>>>>>>>>>>>          ] 5154/7824, 91.8 task/s, elapsed: 56s, ETA:    29s[>>>>>>>>>>>>>>>>>          ] 5155/7824, 91.8 task/s, elapsed: 56s, ETA:    29s[>>>>>>>>>>>>>>>>>          ] 5156/7824, 91.8 task/s, elapsed: 56s, ETA:    29s[>>>>>>>>>>>>>>>>>          ] 5157/7824, 91.8 task/s, elapsed: 56s, ETA:    29s[>>>>>>>>>>>>>>>>>          ] 5158/7824, 91.8 task/s, elapsed: 56s, ETA:    29s[>>>>>>>>>>>>>>>>>          ] 5159/7824, 91.9 task/s, elapsed: 56s, ETA:    29s[>>>>>>>>>>>>>>>>>          ] 5160/7824, 91.9 task/s, elapsed: 56s, ETA:    29s[>>>>>>>>>>>>>>>>>          ] 5161/7824, 91.9 task/s, elapsed: 56s, ETA:    29s[>>>>>>>>>>>>>>>>>          ] 5162/7824, 91.9 task/s, elapsed: 56s, ETA:    29s[>>>>>>>>>>>>>>>>>          ] 5163/7824, 91.9 task/s, elapsed: 56s, ETA:    29s[>>>>>>>>>>>>>>>>>          ] 5164/7824, 91.9 task/s, elapsed: 56s, ETA:    29s[>>>>>>>>>>>>>>>>>          ] 5165/7824, 91.9 task/s, elapsed: 56s, ETA:    29s[>>>>>>>>>>>>>>>>>          ] 5166/7824, 91.9 task/s, elapsed: 56s, ETA:    29s[>>>>>>>>>>>>>>>>>          ] 5167/7824, 91.9 task/s, elapsed: 56s, ETA:    29s[>>>>>>>>>>>>>>>>>          ] 5168/7824, 91.9 task/s, elapsed: 56s, ETA:    29s[>>>>>>>>>>>>>>>>>          ] 5169/7824, 91.9 task/s, elapsed: 56s, ETA:    29s[>>>>>>>>>>>>>>>>>          ] 5170/7824, 91.9 task/s, elapsed: 56s, ETA:    29s[>>>>>>>>>>>>>>>>>          ] 5171/7824, 91.9 task/s, elapsed: 56s, ETA:    29s[>>>>>>>>>>>>>>>>>          ] 5172/7824, 91.9 task/s, elapsed: 56s, ETA:    29s[>>>>>>>>>>>>>>>>>          ] 5173/7824, 91.9 task/s, elapsed: 56s, ETA:    29s[>>>>>>>>>>>>>>>>>          ] 5174/7824, 91.9 task/s, elapsed: 56s, ETA:    29s[>>>>>>>>>>>>>>>>>          ] 5175/7824, 91.9 task/s, elapsed: 56s, ETA:    29s[>>>>>>>>>>>>>>>>>          ] 5176/7824, 91.9 task/s, elapsed: 56s, ETA:    29s[>>>>>>>>>>>>>>>>>          ] 5177/7824, 91.9 task/s, elapsed: 56s, ETA:    29s[>>>>>>>>>>>>>>>>>          ] 5178/7824, 91.9 task/s, elapsed: 56s, ETA:    29s[>>>>>>>>>>>>>>>>>          ] 5179/7824, 91.9 task/s, elapsed: 56s, ETA:    29s[>>>>>>>>>>>>>>>>>          ] 5180/7824, 91.9 task/s, elapsed: 56s, ETA:    29s[>>>>>>>>>>>>>>>>>          ] 5181/7824, 91.9 task/s, elapsed: 56s, ETA:    29s[>>>>>>>>>>>>>>>>>          ] 5182/7824, 91.9 task/s, elapsed: 56s, ETA:    29s[>>>>>>>>>>>>>>>>>          ] 5183/7824, 91.9 task/s, elapsed: 56s, ETA:    29s[>>>>>>>>>>>>>>>>>          ] 5184/7824, 91.9 task/s, elapsed: 56s, ETA:    29s[>>>>>>>>>>>>>>>>>          ] 5185/7824, 91.9 task/s, elapsed: 56s, ETA:    29s[>>>>>>>>>>>>>>>>>          ] 5186/7824, 91.9 task/s, elapsed: 56s, ETA:    29s[>>>>>>>>>>>>>>>>>          ] 5187/7824, 91.9 task/s, elapsed: 56s, ETA:    29s[>>>>>>>>>>>>>>>>>          ] 5188/7824, 91.9 task/s, elapsed: 56s, ETA:    29s[>>>>>>>>>>>>>>>>>          ] 5189/7824, 91.9 task/s, elapsed: 56s, ETA:    29s[>>>>>>>>>>>>>>>>>          ] 5190/7824, 91.9 task/s, elapsed: 56s, ETA:    29s[>>>>>>>>>>>>>>>>>          ] 5191/7824, 91.9 task/s, elapsed: 56s, ETA:    29s[>>>>>>>>>>>>>>>>>          ] 5192/7824, 91.9 task/s, elapsed: 56s, ETA:    29s[>>>>>>>>>>>>>>>>>          ] 5193/7824, 91.9 task/s, elapsed: 56s, ETA:    29s[>>>>>>>>>>>>>>>>>          ] 5194/7824, 91.9 task/s, elapsed: 57s, ETA:    29s[>>>>>>>>>>>>>>>>>          ] 5195/7824, 91.9 task/s, elapsed: 57s, ETA:    29s[>>>>>>>>>>>>>>>>>          ] 5196/7824, 91.9 task/s, elapsed: 57s, ETA:    29s[>>>>>>>>>>>>>>>>>          ] 5197/7824, 91.9 task/s, elapsed: 57s, ETA:    29s[>>>>>>>>>>>>>>>>>          ] 5198/7824, 91.9 task/s, elapsed: 57s, ETA:    29s[>>>>>>>>>>>>>>>>>          ] 5199/7824, 91.9 task/s, elapsed: 57s, ETA:    29s[>>>>>>>>>>>>>>>>>          ] 5200/7824, 91.9 task/s, elapsed: 57s, ETA:    29s[>>>>>>>>>>>>>>>>>          ] 5201/7824, 91.9 task/s, elapsed: 57s, ETA:    29s[>>>>>>>>>>>>>>>>>          ] 5202/7824, 91.9 task/s, elapsed: 57s, ETA:    29s[>>>>>>>>>>>>>>>>>          ] 5203/7824, 91.9 task/s, elapsed: 57s, ETA:    29s[>>>>>>>>>>>>>>>>>          ] 5204/7824, 91.9 task/s, elapsed: 57s, ETA:    28s[>>>>>>>>>>>>>>>>>          ] 5205/7824, 92.0 task/s, elapsed: 57s, ETA:    28s[>>>>>>>>>>>>>>>>>          ] 5206/7824, 92.0 task/s, elapsed: 57s, ETA:    28s[>>>>>>>>>>>>>>>>>          ] 5207/7824, 92.0 task/s, elapsed: 57s, ETA:    28s[>>>>>>>>>>>>>>>>>          ] 5208/7824, 92.0 task/s, elapsed: 57s, ETA:    28s[>>>>>>>>>>>>>>>>>          ] 5209/7824, 92.0 task/s, elapsed: 57s, ETA:    28s[>>>>>>>>>>>>>>>>>          ] 5210/7824, 92.0 task/s, elapsed: 57s, ETA:    28s[>>>>>>>>>>>>>>>>>          ] 5211/7824, 92.0 task/s, elapsed: 57s, ETA:    28s[>>>>>>>>>>>>>>>>>          ] 5212/7824, 92.0 task/s, elapsed: 57s, ETA:    28s[>>>>>>>>>>>>>>>>>          ] 5213/7824, 92.0 task/s, elapsed: 57s, ETA:    28s[>>>>>>>>>>>>>>>>>          ] 5214/7824, 92.0 task/s, elapsed: 57s, ETA:    28s[>>>>>>>>>>>>>>>>>          ] 5215/7824, 92.0 task/s, elapsed: 57s, ETA:    28s[>>>>>>>>>>>>>>>>>>         ] 5216/7824, 92.0 task/s, elapsed: 57s, ETA:    28s[>>>>>>>>>>>>>>>>>>         ] 5217/7824, 92.0 task/s, elapsed: 57s, ETA:    28s[>>>>>>>>>>>>>>>>>>         ] 5218/7824, 92.0 task/s, elapsed: 57s, ETA:    28s[>>>>>>>>>>>>>>>>>>         ] 5219/7824, 92.0 task/s, elapsed: 57s, ETA:    28s[>>>>>>>>>>>>>>>>>>         ] 5220/7824, 92.0 task/s, elapsed: 57s, ETA:    28s[>>>>>>>>>>>>>>>>>>         ] 5221/7824, 92.0 task/s, elapsed: 57s, ETA:    28s[>>>>>>>>>>>>>>>>>>         ] 5222/7824, 92.0 task/s, elapsed: 57s, ETA:    28s[>>>>>>>>>>>>>>>>>>         ] 5223/7824, 92.0 task/s, elapsed: 57s, ETA:    28s[>>>>>>>>>>>>>>>>>>         ] 5224/7824, 92.0 task/s, elapsed: 57s, ETA:    28s[>>>>>>>>>>>>>>>>>>         ] 5225/7824, 92.0 task/s, elapsed: 57s, ETA:    28s[>>>>>>>>>>>>>>>>>>         ] 5226/7824, 92.0 task/s, elapsed: 57s, ETA:    28s[>>>>>>>>>>>>>>>>>>         ] 5227/7824, 92.0 task/s, elapsed: 57s, ETA:    28s[>>>>>>>>>>>>>>>>>>         ] 5228/7824, 92.0 task/s, elapsed: 57s, ETA:    28s[>>>>>>>>>>>>>>>>>>         ] 5229/7824, 92.0 task/s, elapsed: 57s, ETA:    28s[>>>>>>>>>>>>>>>>>>         ] 5230/7824, 92.0 task/s, elapsed: 57s, ETA:    28s[>>>>>>>>>>>>>>>>>>         ] 5231/7824, 92.0 task/s, elapsed: 57s, ETA:    28s[>>>>>>>>>>>>>>>>>>         ] 5232/7824, 92.0 task/s, elapsed: 57s, ETA:    28s[>>>>>>>>>>>>>>>>>>         ] 5233/7824, 92.0 task/s, elapsed: 57s, ETA:    28s[>>>>>>>>>>>>>>>>>>         ] 5234/7824, 92.0 task/s, elapsed: 57s, ETA:    28s[>>>>>>>>>>>>>>>>>>         ] 5235/7824, 92.0 task/s, elapsed: 57s, ETA:    28s[>>>>>>>>>>>>>>>>>>         ] 5236/7824, 92.0 task/s, elapsed: 57s, ETA:    28s[>>>>>>>>>>>>>>>>>>         ] 5237/7824, 92.0 task/s, elapsed: 57s, ETA:    28s[>>>>>>>>>>>>>>>>>>         ] 5238/7824, 92.0 task/s, elapsed: 57s, ETA:    28s[>>>>>>>>>>>>>>>>>>         ] 5239/7824, 92.0 task/s, elapsed: 57s, ETA:    28s[>>>>>>>>>>>>>>>>>>         ] 5240/7824, 92.0 task/s, elapsed: 57s, ETA:    28s[>>>>>>>>>>>>>>>>>>         ] 5241/7824, 92.0 task/s, elapsed: 57s, ETA:    28s[>>>>>>>>>>>>>>>>>>         ] 5242/7824, 92.0 task/s, elapsed: 57s, ETA:    28s[>>>>>>>>>>>>>>>>>>         ] 5243/7824, 92.0 task/s, elapsed: 57s, ETA:    28s[>>>>>>>>>>>>>>>>>>         ] 5244/7824, 92.0 task/s, elapsed: 57s, ETA:    28s[>>>>>>>>>>>>>>>>>>         ] 5245/7824, 92.1 task/s, elapsed: 57s, ETA:    28s[>>>>>>>>>>>>>>>>>>         ] 5246/7824, 92.1 task/s, elapsed: 57s, ETA:    28s[>>>>>>>>>>>>>>>>>>         ] 5247/7824, 92.1 task/s, elapsed: 57s, ETA:    28s[>>>>>>>>>>>>>>>>>>         ] 5248/7824, 92.1 task/s, elapsed: 57s, ETA:    28s[>>>>>>>>>>>>>>>>>>         ] 5249/7824, 92.1 task/s, elapsed: 57s, ETA:    28s[>>>>>>>>>>>>>>>>>>         ] 5250/7824, 92.1 task/s, elapsed: 57s, ETA:    28s[>>>>>>>>>>>>>>>>>>         ] 5251/7824, 92.1 task/s, elapsed: 57s, ETA:    28s[>>>>>>>>>>>>>>>>>>         ] 5252/7824, 92.1 task/s, elapsed: 57s, ETA:    28s[>>>>>>>>>>>>>>>>>>         ] 5253/7824, 92.1 task/s, elapsed: 57s, ETA:    28s[>>>>>>>>>>>>>>>>>>         ] 5254/7824, 92.1 task/s, elapsed: 57s, ETA:    28s[>>>>>>>>>>>>>>>>>>         ] 5255/7824, 92.1 task/s, elapsed: 57s, ETA:    28s[>>>>>>>>>>>>>>>>>>         ] 5256/7824, 92.1 task/s, elapsed: 57s, ETA:    28s[>>>>>>>>>>>>>>>>>>         ] 5257/7824, 92.1 task/s, elapsed: 57s, ETA:    28s[>>>>>>>>>>>>>>>>>>         ] 5258/7824, 92.1 task/s, elapsed: 57s, ETA:    28s[>>>>>>>>>>>>>>>>>>         ] 5259/7824, 92.1 task/s, elapsed: 57s, ETA:    28s[>>>>>>>>>>>>>>>>>>         ] 5260/7824, 92.1 task/s, elapsed: 57s, ETA:    28s[>>>>>>>>>>>>>>>>>>         ] 5261/7824, 92.1 task/s, elapsed: 57s, ETA:    28s[>>>>>>>>>>>>>>>>>>         ] 5262/7824, 92.1 task/s, elapsed: 57s, ETA:    28s[>>>>>>>>>>>>>>>>>>         ] 5263/7824, 92.1 task/s, elapsed: 57s, ETA:    28s[>>>>>>>>>>>>>>>>>>         ] 5264/7824, 92.1 task/s, elapsed: 57s, ETA:    28s[>>>>>>>>>>>>>>>>>>         ] 5265/7824, 92.1 task/s, elapsed: 57s, ETA:    28s[>>>>>>>>>>>>>>>>>>         ] 5266/7824, 92.1 task/s, elapsed: 57s, ETA:    28s[>>>>>>>>>>>>>>>>>>         ] 5267/7824, 92.1 task/s, elapsed: 57s, ETA:    28s[>>>>>>>>>>>>>>>>>>         ] 5268/7824, 92.1 task/s, elapsed: 57s, ETA:    28s[>>>>>>>>>>>>>>>>>>         ] 5269/7824, 92.1 task/s, elapsed: 57s, ETA:    28s[>>>>>>>>>>>>>>>>>>         ] 5270/7824, 92.1 task/s, elapsed: 57s, ETA:    28s[>>>>>>>>>>>>>>>>>>         ] 5271/7824, 92.1 task/s, elapsed: 57s, ETA:    28s[>>>>>>>>>>>>>>>>>>         ] 5272/7824, 92.1 task/s, elapsed: 57s, ETA:    28s[>>>>>>>>>>>>>>>>>>         ] 5273/7824, 92.1 task/s, elapsed: 57s, ETA:    28s[>>>>>>>>>>>>>>>>>>         ] 5274/7824, 92.1 task/s, elapsed: 57s, ETA:    28s[>>>>>>>>>>>>>>>>>>         ] 5275/7824, 92.1 task/s, elapsed: 57s, ETA:    28s[>>>>>>>>>>>>>>>>>>         ] 5276/7824, 92.1 task/s, elapsed: 57s, ETA:    28s[>>>>>>>>>>>>>>>>>>         ] 5277/7824, 92.1 task/s, elapsed: 57s, ETA:    28s[>>>>>>>>>>>>>>>>>>         ] 5278/7824, 92.1 task/s, elapsed: 57s, ETA:    28s[>>>>>>>>>>>>>>>>>>         ] 5279/7824, 92.1 task/s, elapsed: 57s, ETA:    28s[>>>>>>>>>>>>>>>>>>         ] 5280/7824, 92.1 task/s, elapsed: 57s, ETA:    28s[>>>>>>>>>>>>>>>>>>         ] 5281/7824, 92.1 task/s, elapsed: 57s, ETA:    28s[>>>>>>>>>>>>>>>>>>         ] 5282/7824, 92.1 task/s, elapsed: 57s, ETA:    28s[>>>>>>>>>>>>>>>>>>         ] 5283/7824, 92.1 task/s, elapsed: 57s, ETA:    28s[>>>>>>>>>>>>>>>>>>         ] 5284/7824, 92.1 task/s, elapsed: 57s, ETA:    28s[>>>>>>>>>>>>>>>>>>         ] 5285/7824, 92.1 task/s, elapsed: 57s, ETA:    28s[>>>>>>>>>>>>>>>>>>         ] 5286/7824, 92.1 task/s, elapsed: 57s, ETA:    28s[>>>>>>>>>>>>>>>>>>         ] 5287/7824, 92.1 task/s, elapsed: 57s, ETA:    28s[>>>>>>>>>>>>>>>>>>         ] 5288/7824, 92.1 task/s, elapsed: 57s, ETA:    28s[>>>>>>>>>>>>>>>>>>         ] 5289/7824, 92.2 task/s, elapsed: 57s, ETA:    28s[>>>>>>>>>>>>>>>>>>         ] 5290/7824, 92.2 task/s, elapsed: 57s, ETA:    27s[>>>>>>>>>>>>>>>>>>         ] 5291/7824, 92.2 task/s, elapsed: 57s, ETA:    27s[>>>>>>>>>>>>>>>>>>         ] 5292/7824, 92.2 task/s, elapsed: 57s, ETA:    27s[>>>>>>>>>>>>>>>>>>         ] 5293/7824, 92.2 task/s, elapsed: 57s, ETA:    27s[>>>>>>>>>>>>>>>>>>         ] 5294/7824, 92.2 task/s, elapsed: 57s, ETA:    27s[>>>>>>>>>>>>>>>>>>         ] 5295/7824, 92.2 task/s, elapsed: 57s, ETA:    27s[>>>>>>>>>>>>>>>>>>         ] 5296/7824, 92.2 task/s, elapsed: 57s, ETA:    27s[>>>>>>>>>>>>>>>>>>         ] 5297/7824, 92.2 task/s, elapsed: 57s, ETA:    27s[>>>>>>>>>>>>>>>>>>         ] 5298/7824, 92.2 task/s, elapsed: 57s, ETA:    27s[>>>>>>>>>>>>>>>>>>         ] 5299/7824, 92.2 task/s, elapsed: 57s, ETA:    27s[>>>>>>>>>>>>>>>>>>         ] 5300/7824, 92.2 task/s, elapsed: 57s, ETA:    27s[>>>>>>>>>>>>>>>>>>         ] 5301/7824, 92.2 task/s, elapsed: 58s, ETA:    27s[>>>>>>>>>>>>>>>>>>         ] 5302/7824, 92.2 task/s, elapsed: 58s, ETA:    27s[>>>>>>>>>>>>>>>>>>         ] 5303/7824, 92.2 task/s, elapsed: 58s, ETA:    27s[>>>>>>>>>>>>>>>>>>         ] 5304/7824, 92.2 task/s, elapsed: 58s, ETA:    27s[>>>>>>>>>>>>>>>>>>         ] 5305/7824, 92.2 task/s, elapsed: 58s, ETA:    27s[>>>>>>>>>>>>>>>>>>         ] 5306/7824, 92.2 task/s, elapsed: 58s, ETA:    27s[>>>>>>>>>>>>>>>>>>         ] 5307/7824, 92.2 task/s, elapsed: 58s, ETA:    27s[>>>>>>>>>>>>>>>>>>         ] 5308/7824, 92.2 task/s, elapsed: 58s, ETA:    27s[>>>>>>>>>>>>>>>>>>         ] 5309/7824, 92.2 task/s, elapsed: 58s, ETA:    27s[>>>>>>>>>>>>>>>>>>         ] 5310/7824, 92.2 task/s, elapsed: 58s, ETA:    27s[>>>>>>>>>>>>>>>>>>         ] 5311/7824, 92.2 task/s, elapsed: 58s, ETA:    27s[>>>>>>>>>>>>>>>>>>         ] 5312/7824, 92.2 task/s, elapsed: 58s, ETA:    27s[>>>>>>>>>>>>>>>>>>         ] 5313/7824, 92.2 task/s, elapsed: 58s, ETA:    27s[>>>>>>>>>>>>>>>>>>         ] 5314/7824, 92.2 task/s, elapsed: 58s, ETA:    27s[>>>>>>>>>>>>>>>>>>         ] 5315/7824, 92.2 task/s, elapsed: 58s, ETA:    27s[>>>>>>>>>>>>>>>>>>         ] 5316/7824, 92.2 task/s, elapsed: 58s, ETA:    27s[>>>>>>>>>>>>>>>>>>         ] 5317/7824, 92.2 task/s, elapsed: 58s, ETA:    27s[>>>>>>>>>>>>>>>>>>         ] 5318/7824, 92.2 task/s, elapsed: 58s, ETA:    27s[>>>>>>>>>>>>>>>>>>         ] 5319/7824, 92.2 task/s, elapsed: 58s, ETA:    27s[>>>>>>>>>>>>>>>>>>         ] 5320/7824, 92.2 task/s, elapsed: 58s, ETA:    27s[>>>>>>>>>>>>>>>>>>         ] 5321/7824, 92.2 task/s, elapsed: 58s, ETA:    27s[>>>>>>>>>>>>>>>>>>         ] 5322/7824, 92.2 task/s, elapsed: 58s, ETA:    27s[>>>>>>>>>>>>>>>>>>         ] 5323/7824, 92.2 task/s, elapsed: 58s, ETA:    27s[>>>>>>>>>>>>>>>>>>         ] 5324/7824, 92.2 task/s, elapsed: 58s, ETA:    27s[>>>>>>>>>>>>>>>>>>         ] 5325/7824, 92.2 task/s, elapsed: 58s, ETA:    27s[>>>>>>>>>>>>>>>>>>         ] 5326/7824, 92.2 task/s, elapsed: 58s, ETA:    27s[>>>>>>>>>>>>>>>>>>         ] 5327/7824, 92.2 task/s, elapsed: 58s, ETA:    27s[>>>>>>>>>>>>>>>>>>         ] 5328/7824, 92.2 task/s, elapsed: 58s, ETA:    27s[>>>>>>>>>>>>>>>>>>         ] 5329/7824, 92.2 task/s, elapsed: 58s, ETA:    27s[>>>>>>>>>>>>>>>>>>         ] 5330/7824, 92.2 task/s, elapsed: 58s, ETA:    27s[>>>>>>>>>>>>>>>>>>         ] 5331/7824, 92.2 task/s, elapsed: 58s, ETA:    27s[>>>>>>>>>>>>>>>>>>         ] 5332/7824, 92.2 task/s, elapsed: 58s, ETA:    27s[>>>>>>>>>>>>>>>>>>         ] 5333/7824, 92.2 task/s, elapsed: 58s, ETA:    27s[>>>>>>>>>>>>>>>>>>         ] 5334/7824, 92.2 task/s, elapsed: 58s, ETA:    27s[>>>>>>>>>>>>>>>>>>         ] 5335/7824, 92.2 task/s, elapsed: 58s, ETA:    27s[>>>>>>>>>>>>>>>>>>         ] 5336/7824, 92.2 task/s, elapsed: 58s, ETA:    27s[>>>>>>>>>>>>>>>>>>         ] 5337/7824, 92.3 task/s, elapsed: 58s, ETA:    27s[>>>>>>>>>>>>>>>>>>         ] 5338/7824, 92.3 task/s, elapsed: 58s, ETA:    27s[>>>>>>>>>>>>>>>>>>         ] 5339/7824, 92.3 task/s, elapsed: 58s, ETA:    27s[>>>>>>>>>>>>>>>>>>         ] 5340/7824, 92.3 task/s, elapsed: 58s, ETA:    27s[>>>>>>>>>>>>>>>>>>         ] 5341/7824, 92.3 task/s, elapsed: 58s, ETA:    27s[>>>>>>>>>>>>>>>>>>         ] 5342/7824, 92.3 task/s, elapsed: 58s, ETA:    27s[>>>>>>>>>>>>>>>>>>         ] 5343/7824, 92.3 task/s, elapsed: 58s, ETA:    27s[>>>>>>>>>>>>>>>>>>         ] 5344/7824, 92.3 task/s, elapsed: 58s, ETA:    27s[>>>>>>>>>>>>>>>>>>         ] 5345/7824, 92.3 task/s, elapsed: 58s, ETA:    27s[>>>>>>>>>>>>>>>>>>         ] 5346/7824, 92.3 task/s, elapsed: 58s, ETA:    27s[>>>>>>>>>>>>>>>>>>         ] 5347/7824, 92.3 task/s, elapsed: 58s, ETA:    27s[>>>>>>>>>>>>>>>>>>         ] 5348/7824, 92.3 task/s, elapsed: 58s, ETA:    27s[>>>>>>>>>>>>>>>>>>         ] 5349/7824, 92.3 task/s, elapsed: 58s, ETA:    27s[>>>>>>>>>>>>>>>>>>         ] 5350/7824, 92.3 task/s, elapsed: 58s, ETA:    27s[>>>>>>>>>>>>>>>>>>         ] 5351/7824, 92.3 task/s, elapsed: 58s, ETA:    27s[>>>>>>>>>>>>>>>>>>         ] 5352/7824, 92.3 task/s, elapsed: 58s, ETA:    27s[>>>>>>>>>>>>>>>>>>         ] 5353/7824, 92.3 task/s, elapsed: 58s, ETA:    27s[>>>>>>>>>>>>>>>>>>         ] 5354/7824, 92.3 task/s, elapsed: 58s, ETA:    27s[>>>>>>>>>>>>>>>>>>         ] 5355/7824, 92.3 task/s, elapsed: 58s, ETA:    27s[>>>>>>>>>>>>>>>>>>         ] 5356/7824, 92.3 task/s, elapsed: 58s, ETA:    27s[>>>>>>>>>>>>>>>>>>         ] 5357/7824, 92.3 task/s, elapsed: 58s, ETA:    27s[>>>>>>>>>>>>>>>>>>         ] 5358/7824, 92.3 task/s, elapsed: 58s, ETA:    27s[>>>>>>>>>>>>>>>>>>         ] 5359/7824, 92.3 task/s, elapsed: 58s, ETA:    27s[>>>>>>>>>>>>>>>>>>         ] 5360/7824, 92.3 task/s, elapsed: 58s, ETA:    27s[>>>>>>>>>>>>>>>>>>         ] 5361/7824, 92.3 task/s, elapsed: 58s, ETA:    27s[>>>>>>>>>>>>>>>>>>         ] 5362/7824, 92.3 task/s, elapsed: 58s, ETA:    27s[>>>>>>>>>>>>>>>>>>         ] 5363/7824, 92.3 task/s, elapsed: 58s, ETA:    27s[>>>>>>>>>>>>>>>>>>         ] 5364/7824, 92.3 task/s, elapsed: 58s, ETA:    27s[>>>>>>>>>>>>>>>>>>         ] 5365/7824, 92.3 task/s, elapsed: 58s, ETA:    27s[>>>>>>>>>>>>>>>>>>         ] 5366/7824, 92.3 task/s, elapsed: 58s, ETA:    27s[>>>>>>>>>>>>>>>>>>         ] 5367/7824, 92.3 task/s, elapsed: 58s, ETA:    27s[>>>>>>>>>>>>>>>>>>         ] 5368/7824, 92.3 task/s, elapsed: 58s, ETA:    27s[>>>>>>>>>>>>>>>>>>         ] 5369/7824, 92.3 task/s, elapsed: 58s, ETA:    27s[>>>>>>>>>>>>>>>>>>         ] 5370/7824, 92.3 task/s, elapsed: 58s, ETA:    27s[>>>>>>>>>>>>>>>>>>         ] 5371/7824, 92.3 task/s, elapsed: 58s, ETA:    27s[>>>>>>>>>>>>>>>>>>         ] 5372/7824, 92.3 task/s, elapsed: 58s, ETA:    27s[>>>>>>>>>>>>>>>>>>         ] 5373/7824, 92.3 task/s, elapsed: 58s, ETA:    27s[>>>>>>>>>>>>>>>>>>         ] 5374/7824, 92.3 task/s, elapsed: 58s, ETA:    27s[>>>>>>>>>>>>>>>>>>         ] 5375/7824, 92.3 task/s, elapsed: 58s, ETA:    27s[>>>>>>>>>>>>>>>>>>         ] 5376/7824, 92.3 task/s, elapsed: 58s, ETA:    27s[>>>>>>>>>>>>>>>>>>         ] 5377/7824, 92.3 task/s, elapsed: 58s, ETA:    27s[>>>>>>>>>>>>>>>>>>         ] 5378/7824, 92.3 task/s, elapsed: 58s, ETA:    26s[>>>>>>>>>>>>>>>>>>         ] 5379/7824, 92.3 task/s, elapsed: 58s, ETA:    26s[>>>>>>>>>>>>>>>>>>         ] 5380/7824, 92.3 task/s, elapsed: 58s, ETA:    26s[>>>>>>>>>>>>>>>>>>         ] 5381/7824, 92.3 task/s, elapsed: 58s, ETA:    26s[>>>>>>>>>>>>>>>>>>         ] 5382/7824, 92.4 task/s, elapsed: 58s, ETA:    26s[>>>>>>>>>>>>>>>>>>         ] 5383/7824, 92.4 task/s, elapsed: 58s, ETA:    26s[>>>>>>>>>>>>>>>>>>         ] 5384/7824, 92.4 task/s, elapsed: 58s, ETA:    26s[>>>>>>>>>>>>>>>>>>         ] 5385/7824, 92.4 task/s, elapsed: 58s, ETA:    26s[>>>>>>>>>>>>>>>>>>         ] 5386/7824, 92.4 task/s, elapsed: 58s, ETA:    26s[>>>>>>>>>>>>>>>>>>         ] 5387/7824, 92.4 task/s, elapsed: 58s, ETA:    26s[>>>>>>>>>>>>>>>>>>         ] 5388/7824, 92.4 task/s, elapsed: 58s, ETA:    26s[>>>>>>>>>>>>>>>>>>         ] 5389/7824, 92.4 task/s, elapsed: 58s, ETA:    26s[>>>>>>>>>>>>>>>>>>         ] 5390/7824, 92.4 task/s, elapsed: 58s, ETA:    26s[>>>>>>>>>>>>>>>>>>         ] 5391/7824, 92.4 task/s, elapsed: 58s, ETA:    26s[>>>>>>>>>>>>>>>>>>         ] 5392/7824, 92.4 task/s, elapsed: 58s, ETA:    26s[>>>>>>>>>>>>>>>>>>         ] 5393/7824, 92.4 task/s, elapsed: 58s, ETA:    26s[>>>>>>>>>>>>>>>>>>         ] 5394/7824, 92.4 task/s, elapsed: 58s, ETA:    26s[>>>>>>>>>>>>>>>>>>         ] 5395/7824, 92.4 task/s, elapsed: 58s, ETA:    26s[>>>>>>>>>>>>>>>>>>         ] 5396/7824, 92.4 task/s, elapsed: 58s, ETA:    26s[>>>>>>>>>>>>>>>>>>         ] 5397/7824, 92.4 task/s, elapsed: 58s, ETA:    26s[>>>>>>>>>>>>>>>>>>         ] 5398/7824, 92.4 task/s, elapsed: 58s, ETA:    26s[>>>>>>>>>>>>>>>>>>         ] 5399/7824, 92.4 task/s, elapsed: 58s, ETA:    26s[>>>>>>>>>>>>>>>>>>         ] 5400/7824, 92.4 task/s, elapsed: 58s, ETA:    26s[>>>>>>>>>>>>>>>>>>         ] 5401/7824, 92.4 task/s, elapsed: 58s, ETA:    26s[>>>>>>>>>>>>>>>>>>         ] 5402/7824, 92.4 task/s, elapsed: 58s, ETA:    26s[>>>>>>>>>>>>>>>>>>         ] 5403/7824, 92.4 task/s, elapsed: 58s, ETA:    26s[>>>>>>>>>>>>>>>>>>         ] 5404/7824, 92.4 task/s, elapsed: 58s, ETA:    26s[>>>>>>>>>>>>>>>>>>         ] 5405/7824, 92.4 task/s, elapsed: 58s, ETA:    26s[>>>>>>>>>>>>>>>>>>         ] 5406/7824, 92.4 task/s, elapsed: 58s, ETA:    26s[>>>>>>>>>>>>>>>>>>         ] 5407/7824, 92.4 task/s, elapsed: 59s, ETA:    26s[>>>>>>>>>>>>>>>>>>         ] 5408/7824, 92.4 task/s, elapsed: 59s, ETA:    26s[>>>>>>>>>>>>>>>>>>         ] 5409/7824, 92.4 task/s, elapsed: 59s, ETA:    26s[>>>>>>>>>>>>>>>>>>         ] 5410/7824, 92.4 task/s, elapsed: 59s, ETA:    26s[>>>>>>>>>>>>>>>>>>         ] 5411/7824, 92.4 task/s, elapsed: 59s, ETA:    26s[>>>>>>>>>>>>>>>>>>         ] 5412/7824, 92.4 task/s, elapsed: 59s, ETA:    26s[>>>>>>>>>>>>>>>>>>         ] 5413/7824, 92.4 task/s, elapsed: 59s, ETA:    26s[>>>>>>>>>>>>>>>>>>         ] 5414/7824, 92.4 task/s, elapsed: 59s, ETA:    26s[>>>>>>>>>>>>>>>>>>         ] 5415/7824, 92.4 task/s, elapsed: 59s, ETA:    26s[>>>>>>>>>>>>>>>>>>         ] 5416/7824, 92.4 task/s, elapsed: 59s, ETA:    26s[>>>>>>>>>>>>>>>>>>         ] 5417/7824, 92.4 task/s, elapsed: 59s, ETA:    26s[>>>>>>>>>>>>>>>>>>         ] 5418/7824, 92.4 task/s, elapsed: 59s, ETA:    26s[>>>>>>>>>>>>>>>>>>         ] 5419/7824, 92.4 task/s, elapsed: 59s, ETA:    26s[>>>>>>>>>>>>>>>>>>         ] 5420/7824, 92.4 task/s, elapsed: 59s, ETA:    26s[>>>>>>>>>>>>>>>>>>         ] 5421/7824, 92.4 task/s, elapsed: 59s, ETA:    26s[>>>>>>>>>>>>>>>>>>         ] 5422/7824, 92.4 task/s, elapsed: 59s, ETA:    26s[>>>>>>>>>>>>>>>>>>         ] 5423/7824, 92.4 task/s, elapsed: 59s, ETA:    26s[>>>>>>>>>>>>>>>>>>         ] 5424/7824, 92.4 task/s, elapsed: 59s, ETA:    26s[>>>>>>>>>>>>>>>>>>         ] 5425/7824, 92.4 task/s, elapsed: 59s, ETA:    26s[>>>>>>>>>>>>>>>>>>         ] 5426/7824, 92.5 task/s, elapsed: 59s, ETA:    26s[>>>>>>>>>>>>>>>>>>         ] 5427/7824, 92.5 task/s, elapsed: 59s, ETA:    26s[>>>>>>>>>>>>>>>>>>         ] 5428/7824, 92.5 task/s, elapsed: 59s, ETA:    26s[>>>>>>>>>>>>>>>>>>         ] 5429/7824, 92.5 task/s, elapsed: 59s, ETA:    26s[>>>>>>>>>>>>>>>>>>         ] 5430/7824, 92.5 task/s, elapsed: 59s, ETA:    26s[>>>>>>>>>>>>>>>>>>         ] 5431/7824, 92.5 task/s, elapsed: 59s, ETA:    26s[>>>>>>>>>>>>>>>>>>         ] 5432/7824, 92.5 task/s, elapsed: 59s, ETA:    26s[>>>>>>>>>>>>>>>>>>         ] 5433/7824, 92.5 task/s, elapsed: 59s, ETA:    26s[>>>>>>>>>>>>>>>>>>         ] 5434/7824, 92.5 task/s, elapsed: 59s, ETA:    26s[>>>>>>>>>>>>>>>>>>         ] 5435/7824, 92.5 task/s, elapsed: 59s, ETA:    26s[>>>>>>>>>>>>>>>>>>         ] 5436/7824, 92.5 task/s, elapsed: 59s, ETA:    26s[>>>>>>>>>>>>>>>>>>         ] 5437/7824, 92.5 task/s, elapsed: 59s, ETA:    26s[>>>>>>>>>>>>>>>>>>         ] 5438/7824, 92.5 task/s, elapsed: 59s, ETA:    26s[>>>>>>>>>>>>>>>>>>         ] 5439/7824, 92.5 task/s, elapsed: 59s, ETA:    26s[>>>>>>>>>>>>>>>>>>         ] 5440/7824, 92.5 task/s, elapsed: 59s, ETA:    26s[>>>>>>>>>>>>>>>>>>         ] 5441/7824, 92.5 task/s, elapsed: 59s, ETA:    26s[>>>>>>>>>>>>>>>>>>         ] 5442/7824, 92.5 task/s, elapsed: 59s, ETA:    26s[>>>>>>>>>>>>>>>>>>         ] 5443/7824, 92.5 task/s, elapsed: 59s, ETA:    26s[>>>>>>>>>>>>>>>>>>         ] 5444/7824, 92.5 task/s, elapsed: 59s, ETA:    26s[>>>>>>>>>>>>>>>>>>         ] 5445/7824, 92.5 task/s, elapsed: 59s, ETA:    26s[>>>>>>>>>>>>>>>>>>         ] 5446/7824, 92.5 task/s, elapsed: 59s, ETA:    26s[>>>>>>>>>>>>>>>>>>         ] 5447/7824, 92.5 task/s, elapsed: 59s, ETA:    26s[>>>>>>>>>>>>>>>>>>         ] 5448/7824, 92.5 task/s, elapsed: 59s, ETA:    26s[>>>>>>>>>>>>>>>>>>         ] 5449/7824, 92.5 task/s, elapsed: 59s, ETA:    26s[>>>>>>>>>>>>>>>>>>         ] 5450/7824, 92.5 task/s, elapsed: 59s, ETA:    26s[>>>>>>>>>>>>>>>>>>         ] 5451/7824, 92.5 task/s, elapsed: 59s, ETA:    26s[>>>>>>>>>>>>>>>>>>         ] 5452/7824, 92.5 task/s, elapsed: 59s, ETA:    26s[>>>>>>>>>>>>>>>>>>         ] 5453/7824, 92.5 task/s, elapsed: 59s, ETA:    26s[>>>>>>>>>>>>>>>>>>         ] 5454/7824, 92.5 task/s, elapsed: 59s, ETA:    26s[>>>>>>>>>>>>>>>>>>         ] 5455/7824, 92.5 task/s, elapsed: 59s, ETA:    26s[>>>>>>>>>>>>>>>>>>         ] 5456/7824, 92.5 task/s, elapsed: 59s, ETA:    26s[>>>>>>>>>>>>>>>>>>         ] 5457/7824, 92.5 task/s, elapsed: 59s, ETA:    26s[>>>>>>>>>>>>>>>>>>         ] 5458/7824, 92.5 task/s, elapsed: 59s, ETA:    26s[>>>>>>>>>>>>>>>>>>         ] 5459/7824, 92.5 task/s, elapsed: 59s, ETA:    26s[>>>>>>>>>>>>>>>>>>         ] 5460/7824, 92.5 task/s, elapsed: 59s, ETA:    26s[>>>>>>>>>>>>>>>>>>         ] 5461/7824, 92.5 task/s, elapsed: 59s, ETA:    26s[>>>>>>>>>>>>>>>>>>         ] 5462/7824, 92.5 task/s, elapsed: 59s, ETA:    26s[>>>>>>>>>>>>>>>>>>         ] 5463/7824, 92.5 task/s, elapsed: 59s, ETA:    26s[>>>>>>>>>>>>>>>>>>         ] 5464/7824, 92.5 task/s, elapsed: 59s, ETA:    26s[>>>>>>>>>>>>>>>>>>         ] 5465/7824, 92.5 task/s, elapsed: 59s, ETA:    25s[>>>>>>>>>>>>>>>>>>         ] 5466/7824, 92.5 task/s, elapsed: 59s, ETA:    25s[>>>>>>>>>>>>>>>>>>         ] 5467/7824, 92.5 task/s, elapsed: 59s, ETA:    25s[>>>>>>>>>>>>>>>>>>         ] 5468/7824, 92.6 task/s, elapsed: 59s, ETA:    25s[>>>>>>>>>>>>>>>>>>         ] 5469/7824, 92.6 task/s, elapsed: 59s, ETA:    25s[>>>>>>>>>>>>>>>>>>         ] 5470/7824, 92.6 task/s, elapsed: 59s, ETA:    25s[>>>>>>>>>>>>>>>>>>         ] 5471/7824, 92.6 task/s, elapsed: 59s, ETA:    25s[>>>>>>>>>>>>>>>>>>         ] 5472/7824, 92.6 task/s, elapsed: 59s, ETA:    25s[>>>>>>>>>>>>>>>>>>         ] 5473/7824, 92.6 task/s, elapsed: 59s, ETA:    25s[>>>>>>>>>>>>>>>>>>         ] 5474/7824, 92.6 task/s, elapsed: 59s, ETA:    25s[>>>>>>>>>>>>>>>>>>         ] 5475/7824, 92.6 task/s, elapsed: 59s, ETA:    25s[>>>>>>>>>>>>>>>>>>         ] 5476/7824, 92.6 task/s, elapsed: 59s, ETA:    25s[>>>>>>>>>>>>>>>>>>         ] 5477/7824, 92.6 task/s, elapsed: 59s, ETA:    25s[>>>>>>>>>>>>>>>>>>         ] 5478/7824, 92.6 task/s, elapsed: 59s, ETA:    25s[>>>>>>>>>>>>>>>>>>         ] 5479/7824, 92.6 task/s, elapsed: 59s, ETA:    25s[>>>>>>>>>>>>>>>>>>         ] 5480/7824, 92.6 task/s, elapsed: 59s, ETA:    25s[>>>>>>>>>>>>>>>>>>         ] 5481/7824, 92.6 task/s, elapsed: 59s, ETA:    25s[>>>>>>>>>>>>>>>>>>         ] 5482/7824, 92.6 task/s, elapsed: 59s, ETA:    25s[>>>>>>>>>>>>>>>>>>         ] 5483/7824, 92.6 task/s, elapsed: 59s, ETA:    25s[>>>>>>>>>>>>>>>>>>         ] 5484/7824, 92.6 task/s, elapsed: 59s, ETA:    25s[>>>>>>>>>>>>>>>>>>         ] 5485/7824, 92.6 task/s, elapsed: 59s, ETA:    25s[>>>>>>>>>>>>>>>>>>         ] 5486/7824, 92.6 task/s, elapsed: 59s, ETA:    25s[>>>>>>>>>>>>>>>>>>         ] 5487/7824, 92.6 task/s, elapsed: 59s, ETA:    25s[>>>>>>>>>>>>>>>>>>         ] 5488/7824, 92.6 task/s, elapsed: 59s, ETA:    25s[>>>>>>>>>>>>>>>>>>         ] 5489/7824, 92.6 task/s, elapsed: 59s, ETA:    25s[>>>>>>>>>>>>>>>>>>         ] 5490/7824, 92.6 task/s, elapsed: 59s, ETA:    25s[>>>>>>>>>>>>>>>>>>         ] 5491/7824, 92.6 task/s, elapsed: 59s, ETA:    25s[>>>>>>>>>>>>>>>>>>         ] 5492/7824, 92.6 task/s, elapsed: 59s, ETA:    25s[>>>>>>>>>>>>>>>>>>         ] 5493/7824, 92.6 task/s, elapsed: 59s, ETA:    25s[>>>>>>>>>>>>>>>>>>         ] 5494/7824, 92.6 task/s, elapsed: 59s, ETA:    25s[>>>>>>>>>>>>>>>>>>         ] 5495/7824, 92.6 task/s, elapsed: 59s, ETA:    25s[>>>>>>>>>>>>>>>>>>         ] 5496/7824, 92.6 task/s, elapsed: 59s, ETA:    25s[>>>>>>>>>>>>>>>>>>         ] 5497/7824, 92.6 task/s, elapsed: 59s, ETA:    25s[>>>>>>>>>>>>>>>>>>         ] 5498/7824, 92.6 task/s, elapsed: 59s, ETA:    25s[>>>>>>>>>>>>>>>>>>         ] 5499/7824, 92.6 task/s, elapsed: 59s, ETA:    25s[>>>>>>>>>>>>>>>>>>         ] 5500/7824, 92.6 task/s, elapsed: 59s, ETA:    25s[>>>>>>>>>>>>>>>>>>         ] 5501/7824, 92.6 task/s, elapsed: 59s, ETA:    25s[>>>>>>>>>>>>>>>>>>         ] 5502/7824, 92.6 task/s, elapsed: 59s, ETA:    25s[>>>>>>>>>>>>>>>>>>         ] 5503/7824, 92.6 task/s, elapsed: 59s, ETA:    25s[>>>>>>>>>>>>>>>>>>         ] 5504/7824, 92.6 task/s, elapsed: 59s, ETA:    25s[>>>>>>>>>>>>>>>>>>         ] 5505/7824, 92.6 task/s, elapsed: 59s, ETA:    25s[>>>>>>>>>>>>>>>>>>>        ] 5506/7824, 92.6 task/s, elapsed: 59s, ETA:    25s[>>>>>>>>>>>>>>>>>>>        ] 5507/7824, 92.6 task/s, elapsed: 59s, ETA:    25s[>>>>>>>>>>>>>>>>>>>        ] 5508/7824, 92.6 task/s, elapsed: 59s, ETA:    25s[>>>>>>>>>>>>>>>>>>>        ] 5509/7824, 92.6 task/s, elapsed: 59s, ETA:    25s[>>>>>>>>>>>>>>>>>>>        ] 5510/7824, 92.6 task/s, elapsed: 59s, ETA:    25s[>>>>>>>>>>>>>>>>>>>        ] 5511/7824, 92.6 task/s, elapsed: 60s, ETA:    25s[>>>>>>>>>>>>>>>>>>>        ] 5512/7824, 92.6 task/s, elapsed: 60s, ETA:    25s[>>>>>>>>>>>>>>>>>>>        ] 5513/7824, 92.6 task/s, elapsed: 60s, ETA:    25s[>>>>>>>>>>>>>>>>>>>        ] 5514/7824, 92.6 task/s, elapsed: 60s, ETA:    25s[>>>>>>>>>>>>>>>>>>>        ] 5515/7824, 92.6 task/s, elapsed: 60s, ETA:    25s[>>>>>>>>>>>>>>>>>>>        ] 5516/7824, 92.6 task/s, elapsed: 60s, ETA:    25s[>>>>>>>>>>>>>>>>>>>        ] 5517/7824, 92.6 task/s, elapsed: 60s, ETA:    25s[>>>>>>>>>>>>>>>>>>>        ] 5518/7824, 92.6 task/s, elapsed: 60s, ETA:    25s[>>>>>>>>>>>>>>>>>>>        ] 5519/7824, 92.6 task/s, elapsed: 60s, ETA:    25s[>>>>>>>>>>>>>>>>>>>        ] 5520/7824, 92.6 task/s, elapsed: 60s, ETA:    25s[>>>>>>>>>>>>>>>>>>>        ] 5521/7824, 92.6 task/s, elapsed: 60s, ETA:    25s[>>>>>>>>>>>>>>>>>>>        ] 5522/7824, 92.6 task/s, elapsed: 60s, ETA:    25s[>>>>>>>>>>>>>>>>>>>        ] 5523/7824, 92.6 task/s, elapsed: 60s, ETA:    25s[>>>>>>>>>>>>>>>>>>>        ] 5524/7824, 92.6 task/s, elapsed: 60s, ETA:    25s[>>>>>>>>>>>>>>>>>>>        ] 5525/7824, 92.6 task/s, elapsed: 60s, ETA:    25s[>>>>>>>>>>>>>>>>>>>        ] 5526/7824, 92.6 task/s, elapsed: 60s, ETA:    25s[>>>>>>>>>>>>>>>>>>>        ] 5527/7824, 92.6 task/s, elapsed: 60s, ETA:    25s[>>>>>>>>>>>>>>>>>>>        ] 5528/7824, 92.6 task/s, elapsed: 60s, ETA:    25s[>>>>>>>>>>>>>>>>>>>        ] 5529/7824, 92.7 task/s, elapsed: 60s, ETA:    25s[>>>>>>>>>>>>>>>>>>>        ] 5530/7824, 92.7 task/s, elapsed: 60s, ETA:    25s[>>>>>>>>>>>>>>>>>>>        ] 5531/7824, 92.7 task/s, elapsed: 60s, ETA:    25s[>>>>>>>>>>>>>>>>>>>        ] 5532/7824, 92.7 task/s, elapsed: 60s, ETA:    25s[>>>>>>>>>>>>>>>>>>>        ] 5533/7824, 92.7 task/s, elapsed: 60s, ETA:    25s[>>>>>>>>>>>>>>>>>>>        ] 5534/7824, 92.7 task/s, elapsed: 60s, ETA:    25s[>>>>>>>>>>>>>>>>>>>        ] 5535/7824, 92.7 task/s, elapsed: 60s, ETA:    25s[>>>>>>>>>>>>>>>>>>>        ] 5536/7824, 92.7 task/s, elapsed: 60s, ETA:    25s[>>>>>>>>>>>>>>>>>>>        ] 5537/7824, 92.7 task/s, elapsed: 60s, ETA:    25s[>>>>>>>>>>>>>>>>>>>        ] 5538/7824, 92.7 task/s, elapsed: 60s, ETA:    25s[>>>>>>>>>>>>>>>>>>>        ] 5539/7824, 92.7 task/s, elapsed: 60s, ETA:    25s[>>>>>>>>>>>>>>>>>>>        ] 5540/7824, 92.7 task/s, elapsed: 60s, ETA:    25s[>>>>>>>>>>>>>>>>>>>        ] 5541/7824, 92.7 task/s, elapsed: 60s, ETA:    25s[>>>>>>>>>>>>>>>>>>>        ] 5542/7824, 92.7 task/s, elapsed: 60s, ETA:    25s[>>>>>>>>>>>>>>>>>>>        ] 5543/7824, 92.7 task/s, elapsed: 60s, ETA:    25s[>>>>>>>>>>>>>>>>>>>        ] 5544/7824, 92.7 task/s, elapsed: 60s, ETA:    25s[>>>>>>>>>>>>>>>>>>>        ] 5545/7824, 92.7 task/s, elapsed: 60s, ETA:    25s[>>>>>>>>>>>>>>>>>>>        ] 5546/7824, 92.7 task/s, elapsed: 60s, ETA:    25s[>>>>>>>>>>>>>>>>>>>        ] 5547/7824, 92.7 task/s, elapsed: 60s, ETA:    25s[>>>>>>>>>>>>>>>>>>>        ] 5548/7824, 92.7 task/s, elapsed: 60s, ETA:    25s[>>>>>>>>>>>>>>>>>>>        ] 5549/7824, 92.7 task/s, elapsed: 60s, ETA:    25s[>>>>>>>>>>>>>>>>>>>        ] 5550/7824, 92.7 task/s, elapsed: 60s, ETA:    25s[>>>>>>>>>>>>>>>>>>>        ] 5551/7824, 92.7 task/s, elapsed: 60s, ETA:    25s[>>>>>>>>>>>>>>>>>>>        ] 5552/7824, 92.7 task/s, elapsed: 60s, ETA:    25s[>>>>>>>>>>>>>>>>>>>        ] 5553/7824, 92.7 task/s, elapsed: 60s, ETA:    25s[>>>>>>>>>>>>>>>>>>>        ] 5554/7824, 92.7 task/s, elapsed: 60s, ETA:    24s[>>>>>>>>>>>>>>>>>>>        ] 5555/7824, 92.7 task/s, elapsed: 60s, ETA:    24s[>>>>>>>>>>>>>>>>>>>        ] 5556/7824, 92.7 task/s, elapsed: 60s, ETA:    24s[>>>>>>>>>>>>>>>>>>>        ] 5557/7824, 92.7 task/s, elapsed: 60s, ETA:    24s[>>>>>>>>>>>>>>>>>>>        ] 5558/7824, 92.7 task/s, elapsed: 60s, ETA:    24s[>>>>>>>>>>>>>>>>>>>        ] 5559/7824, 92.7 task/s, elapsed: 60s, ETA:    24s[>>>>>>>>>>>>>>>>>>>        ] 5560/7824, 92.7 task/s, elapsed: 60s, ETA:    24s[>>>>>>>>>>>>>>>>>>>        ] 5561/7824, 92.7 task/s, elapsed: 60s, ETA:    24s[>>>>>>>>>>>>>>>>>>>        ] 5562/7824, 92.7 task/s, elapsed: 60s, ETA:    24s[>>>>>>>>>>>>>>>>>>>        ] 5563/7824, 92.7 task/s, elapsed: 60s, ETA:    24s[>>>>>>>>>>>>>>>>>>>        ] 5564/7824, 92.7 task/s, elapsed: 60s, ETA:    24s[>>>>>>>>>>>>>>>>>>>        ] 5565/7824, 92.7 task/s, elapsed: 60s, ETA:    24s[>>>>>>>>>>>>>>>>>>>        ] 5566/7824, 92.7 task/s, elapsed: 60s, ETA:    24s[>>>>>>>>>>>>>>>>>>>        ] 5567/7824, 92.7 task/s, elapsed: 60s, ETA:    24s[>>>>>>>>>>>>>>>>>>>        ] 5568/7824, 92.7 task/s, elapsed: 60s, ETA:    24s[>>>>>>>>>>>>>>>>>>>        ] 5569/7824, 92.7 task/s, elapsed: 60s, ETA:    24s[>>>>>>>>>>>>>>>>>>>        ] 5570/7824, 92.7 task/s, elapsed: 60s, ETA:    24s[>>>>>>>>>>>>>>>>>>>        ] 5571/7824, 92.7 task/s, elapsed: 60s, ETA:    24s[>>>>>>>>>>>>>>>>>>>        ] 5572/7824, 92.7 task/s, elapsed: 60s, ETA:    24s[>>>>>>>>>>>>>>>>>>>        ] 5573/7824, 92.7 task/s, elapsed: 60s, ETA:    24s[>>>>>>>>>>>>>>>>>>>        ] 5574/7824, 92.7 task/s, elapsed: 60s, ETA:    24s[>>>>>>>>>>>>>>>>>>>        ] 5575/7824, 92.7 task/s, elapsed: 60s, ETA:    24s[>>>>>>>>>>>>>>>>>>>        ] 5576/7824, 92.7 task/s, elapsed: 60s, ETA:    24s[>>>>>>>>>>>>>>>>>>>        ] 5577/7824, 92.8 task/s, elapsed: 60s, ETA:    24s[>>>>>>>>>>>>>>>>>>>        ] 5578/7824, 92.8 task/s, elapsed: 60s, ETA:    24s[>>>>>>>>>>>>>>>>>>>        ] 5579/7824, 92.8 task/s, elapsed: 60s, ETA:    24s[>>>>>>>>>>>>>>>>>>>        ] 5580/7824, 92.8 task/s, elapsed: 60s, ETA:    24s[>>>>>>>>>>>>>>>>>>>        ] 5581/7824, 92.8 task/s, elapsed: 60s, ETA:    24s[>>>>>>>>>>>>>>>>>>>        ] 5582/7824, 92.8 task/s, elapsed: 60s, ETA:    24s[>>>>>>>>>>>>>>>>>>>        ] 5583/7824, 92.8 task/s, elapsed: 60s, ETA:    24s[>>>>>>>>>>>>>>>>>>>        ] 5584/7824, 92.8 task/s, elapsed: 60s, ETA:    24s[>>>>>>>>>>>>>>>>>>>        ] 5585/7824, 92.8 task/s, elapsed: 60s, ETA:    24s[>>>>>>>>>>>>>>>>>>>        ] 5586/7824, 92.8 task/s, elapsed: 60s, ETA:    24s[>>>>>>>>>>>>>>>>>>>        ] 5587/7824, 92.8 task/s, elapsed: 60s, ETA:    24s[>>>>>>>>>>>>>>>>>>>        ] 5588/7824, 92.8 task/s, elapsed: 60s, ETA:    24s[>>>>>>>>>>>>>>>>>>>        ] 5589/7824, 92.8 task/s, elapsed: 60s, ETA:    24s[>>>>>>>>>>>>>>>>>>>        ] 5590/7824, 92.8 task/s, elapsed: 60s, ETA:    24s[>>>>>>>>>>>>>>>>>>>        ] 5591/7824, 92.8 task/s, elapsed: 60s, ETA:    24s[>>>>>>>>>>>>>>>>>>>        ] 5592/7824, 92.8 task/s, elapsed: 60s, ETA:    24s[>>>>>>>>>>>>>>>>>>>        ] 5593/7824, 92.8 task/s, elapsed: 60s, ETA:    24s[>>>>>>>>>>>>>>>>>>>        ] 5594/7824, 92.8 task/s, elapsed: 60s, ETA:    24s[>>>>>>>>>>>>>>>>>>>        ] 5595/7824, 92.8 task/s, elapsed: 60s, ETA:    24s[>>>>>>>>>>>>>>>>>>>        ] 5596/7824, 92.8 task/s, elapsed: 60s, ETA:    24s[>>>>>>>>>>>>>>>>>>>        ] 5597/7824, 92.8 task/s, elapsed: 60s, ETA:    24s[>>>>>>>>>>>>>>>>>>>        ] 5598/7824, 92.8 task/s, elapsed: 60s, ETA:    24s[>>>>>>>>>>>>>>>>>>>        ] 5599/7824, 92.8 task/s, elapsed: 60s, ETA:    24s[>>>>>>>>>>>>>>>>>>>        ] 5600/7824, 92.8 task/s, elapsed: 60s, ETA:    24s[>>>>>>>>>>>>>>>>>>>        ] 5601/7824, 92.8 task/s, elapsed: 60s, ETA:    24s[>>>>>>>>>>>>>>>>>>>        ] 5602/7824, 92.8 task/s, elapsed: 60s, ETA:    24s[>>>>>>>>>>>>>>>>>>>        ] 5603/7824, 92.8 task/s, elapsed: 60s, ETA:    24s[>>>>>>>>>>>>>>>>>>>        ] 5604/7824, 92.8 task/s, elapsed: 60s, ETA:    24s[>>>>>>>>>>>>>>>>>>>        ] 5605/7824, 92.8 task/s, elapsed: 60s, ETA:    24s[>>>>>>>>>>>>>>>>>>>        ] 5606/7824, 92.8 task/s, elapsed: 60s, ETA:    24s[>>>>>>>>>>>>>>>>>>>        ] 5607/7824, 92.8 task/s, elapsed: 60s, ETA:    24s[>>>>>>>>>>>>>>>>>>>        ] 5608/7824, 92.8 task/s, elapsed: 60s, ETA:    24s[>>>>>>>>>>>>>>>>>>>        ] 5609/7824, 92.8 task/s, elapsed: 60s, ETA:    24s[>>>>>>>>>>>>>>>>>>>        ] 5610/7824, 92.8 task/s, elapsed: 60s, ETA:    24s[>>>>>>>>>>>>>>>>>>>        ] 5611/7824, 92.8 task/s, elapsed: 60s, ETA:    24s[>>>>>>>>>>>>>>>>>>>        ] 5612/7824, 92.8 task/s, elapsed: 60s, ETA:    24s[>>>>>>>>>>>>>>>>>>>        ] 5613/7824, 92.8 task/s, elapsed: 60s, ETA:    24s[>>>>>>>>>>>>>>>>>>>        ] 5614/7824, 92.8 task/s, elapsed: 60s, ETA:    24s[>>>>>>>>>>>>>>>>>>>        ] 5615/7824, 92.8 task/s, elapsed: 60s, ETA:    24s[>>>>>>>>>>>>>>>>>>>        ] 5616/7824, 92.8 task/s, elapsed: 60s, ETA:    24s[>>>>>>>>>>>>>>>>>>>        ] 5617/7824, 92.8 task/s, elapsed: 61s, ETA:    24s[>>>>>>>>>>>>>>>>>>>        ] 5618/7824, 92.8 task/s, elapsed: 61s, ETA:    24s[>>>>>>>>>>>>>>>>>>>        ] 5619/7824, 92.8 task/s, elapsed: 61s, ETA:    24s[>>>>>>>>>>>>>>>>>>>        ] 5620/7824, 92.8 task/s, elapsed: 61s, ETA:    24s[>>>>>>>>>>>>>>>>>>>        ] 5621/7824, 92.8 task/s, elapsed: 61s, ETA:    24s[>>>>>>>>>>>>>>>>>>>        ] 5622/7824, 92.8 task/s, elapsed: 61s, ETA:    24s[>>>>>>>>>>>>>>>>>>>        ] 5623/7824, 92.8 task/s, elapsed: 61s, ETA:    24s[>>>>>>>>>>>>>>>>>>>        ] 5624/7824, 92.8 task/s, elapsed: 61s, ETA:    24s[>>>>>>>>>>>>>>>>>>>        ] 5625/7824, 92.8 task/s, elapsed: 61s, ETA:    24s[>>>>>>>>>>>>>>>>>>>        ] 5626/7824, 92.8 task/s, elapsed: 61s, ETA:    24s[>>>>>>>>>>>>>>>>>>>        ] 5627/7824, 92.8 task/s, elapsed: 61s, ETA:    24s[>>>>>>>>>>>>>>>>>>>        ] 5628/7824, 92.8 task/s, elapsed: 61s, ETA:    24s[>>>>>>>>>>>>>>>>>>>        ] 5629/7824, 92.9 task/s, elapsed: 61s, ETA:    24s[>>>>>>>>>>>>>>>>>>>        ] 5630/7824, 92.9 task/s, elapsed: 61s, ETA:    24s[>>>>>>>>>>>>>>>>>>>        ] 5631/7824, 92.9 task/s, elapsed: 61s, ETA:    24s[>>>>>>>>>>>>>>>>>>>        ] 5632/7824, 92.9 task/s, elapsed: 61s, ETA:    24s[>>>>>>>>>>>>>>>>>>>        ] 5633/7824, 92.9 task/s, elapsed: 61s, ETA:    24s[>>>>>>>>>>>>>>>>>>>        ] 5634/7824, 92.9 task/s, elapsed: 61s, ETA:    24s[>>>>>>>>>>>>>>>>>>>        ] 5635/7824, 92.9 task/s, elapsed: 61s, ETA:    24s[>>>>>>>>>>>>>>>>>>>        ] 5636/7824, 92.9 task/s, elapsed: 61s, ETA:    24s[>>>>>>>>>>>>>>>>>>>        ] 5637/7824, 92.9 task/s, elapsed: 61s, ETA:    24s[>>>>>>>>>>>>>>>>>>>        ] 5638/7824, 92.9 task/s, elapsed: 61s, ETA:    24s[>>>>>>>>>>>>>>>>>>>        ] 5639/7824, 92.9 task/s, elapsed: 61s, ETA:    24s[>>>>>>>>>>>>>>>>>>>        ] 5640/7824, 92.9 task/s, elapsed: 61s, ETA:    24s[>>>>>>>>>>>>>>>>>>>        ] 5641/7824, 92.9 task/s, elapsed: 61s, ETA:    24s[>>>>>>>>>>>>>>>>>>>        ] 5642/7824, 92.9 task/s, elapsed: 61s, ETA:    23s[>>>>>>>>>>>>>>>>>>>        ] 5643/7824, 92.9 task/s, elapsed: 61s, ETA:    23s[>>>>>>>>>>>>>>>>>>>        ] 5644/7824, 92.9 task/s, elapsed: 61s, ETA:    23s[>>>>>>>>>>>>>>>>>>>        ] 5645/7824, 92.9 task/s, elapsed: 61s, ETA:    23s[>>>>>>>>>>>>>>>>>>>        ] 5646/7824, 92.9 task/s, elapsed: 61s, ETA:    23s[>>>>>>>>>>>>>>>>>>>        ] 5647/7824, 92.9 task/s, elapsed: 61s, ETA:    23s[>>>>>>>>>>>>>>>>>>>        ] 5648/7824, 92.9 task/s, elapsed: 61s, ETA:    23s[>>>>>>>>>>>>>>>>>>>        ] 5649/7824, 92.9 task/s, elapsed: 61s, ETA:    23s[>>>>>>>>>>>>>>>>>>>        ] 5650/7824, 92.9 task/s, elapsed: 61s, ETA:    23s[>>>>>>>>>>>>>>>>>>>        ] 5651/7824, 92.9 task/s, elapsed: 61s, ETA:    23s[>>>>>>>>>>>>>>>>>>>        ] 5652/7824, 92.9 task/s, elapsed: 61s, ETA:    23s[>>>>>>>>>>>>>>>>>>>        ] 5653/7824, 92.9 task/s, elapsed: 61s, ETA:    23s[>>>>>>>>>>>>>>>>>>>        ] 5654/7824, 92.9 task/s, elapsed: 61s, ETA:    23s[>>>>>>>>>>>>>>>>>>>        ] 5655/7824, 92.9 task/s, elapsed: 61s, ETA:    23s[>>>>>>>>>>>>>>>>>>>        ] 5656/7824, 92.9 task/s, elapsed: 61s, ETA:    23s[>>>>>>>>>>>>>>>>>>>        ] 5657/7824, 92.9 task/s, elapsed: 61s, ETA:    23s[>>>>>>>>>>>>>>>>>>>        ] 5658/7824, 92.9 task/s, elapsed: 61s, ETA:    23s[>>>>>>>>>>>>>>>>>>>        ] 5659/7824, 92.9 task/s, elapsed: 61s, ETA:    23s[>>>>>>>>>>>>>>>>>>>        ] 5660/7824, 92.9 task/s, elapsed: 61s, ETA:    23s[>>>>>>>>>>>>>>>>>>>        ] 5661/7824, 92.9 task/s, elapsed: 61s, ETA:    23s[>>>>>>>>>>>>>>>>>>>        ] 5662/7824, 92.9 task/s, elapsed: 61s, ETA:    23s[>>>>>>>>>>>>>>>>>>>        ] 5663/7824, 92.9 task/s, elapsed: 61s, ETA:    23s[>>>>>>>>>>>>>>>>>>>        ] 5664/7824, 92.9 task/s, elapsed: 61s, ETA:    23s[>>>>>>>>>>>>>>>>>>>        ] 5665/7824, 92.9 task/s, elapsed: 61s, ETA:    23s[>>>>>>>>>>>>>>>>>>>        ] 5666/7824, 92.9 task/s, elapsed: 61s, ETA:    23s[>>>>>>>>>>>>>>>>>>>        ] 5667/7824, 92.9 task/s, elapsed: 61s, ETA:    23s[>>>>>>>>>>>>>>>>>>>        ] 5668/7824, 92.9 task/s, elapsed: 61s, ETA:    23s[>>>>>>>>>>>>>>>>>>>        ] 5669/7824, 92.9 task/s, elapsed: 61s, ETA:    23s[>>>>>>>>>>>>>>>>>>>        ] 5670/7824, 92.9 task/s, elapsed: 61s, ETA:    23s[>>>>>>>>>>>>>>>>>>>        ] 5671/7824, 92.9 task/s, elapsed: 61s, ETA:    23s[>>>>>>>>>>>>>>>>>>>        ] 5672/7824, 92.9 task/s, elapsed: 61s, ETA:    23s[>>>>>>>>>>>>>>>>>>>        ] 5673/7824, 92.9 task/s, elapsed: 61s, ETA:    23s[>>>>>>>>>>>>>>>>>>>        ] 5674/7824, 92.9 task/s, elapsed: 61s, ETA:    23s[>>>>>>>>>>>>>>>>>>>        ] 5675/7824, 92.9 task/s, elapsed: 61s, ETA:    23s[>>>>>>>>>>>>>>>>>>>        ] 5676/7824, 92.9 task/s, elapsed: 61s, ETA:    23s[>>>>>>>>>>>>>>>>>>>        ] 5677/7824, 92.9 task/s, elapsed: 61s, ETA:    23s[>>>>>>>>>>>>>>>>>>>        ] 5678/7824, 92.9 task/s, elapsed: 61s, ETA:    23s[>>>>>>>>>>>>>>>>>>>        ] 5679/7824, 92.9 task/s, elapsed: 61s, ETA:    23s[>>>>>>>>>>>>>>>>>>>        ] 5680/7824, 92.9 task/s, elapsed: 61s, ETA:    23s[>>>>>>>>>>>>>>>>>>>        ] 5681/7824, 92.9 task/s, elapsed: 61s, ETA:    23s[>>>>>>>>>>>>>>>>>>>        ] 5682/7824, 92.9 task/s, elapsed: 61s, ETA:    23s[>>>>>>>>>>>>>>>>>>>        ] 5683/7824, 92.9 task/s, elapsed: 61s, ETA:    23s[>>>>>>>>>>>>>>>>>>>        ] 5684/7824, 92.9 task/s, elapsed: 61s, ETA:    23s[>>>>>>>>>>>>>>>>>>>        ] 5685/7824, 92.9 task/s, elapsed: 61s, ETA:    23s[>>>>>>>>>>>>>>>>>>>        ] 5686/7824, 92.9 task/s, elapsed: 61s, ETA:    23s[>>>>>>>>>>>>>>>>>>>        ] 5687/7824, 92.9 task/s, elapsed: 61s, ETA:    23s[>>>>>>>>>>>>>>>>>>>        ] 5688/7824, 92.9 task/s, elapsed: 61s, ETA:    23s[>>>>>>>>>>>>>>>>>>>        ] 5689/7824, 92.9 task/s, elapsed: 61s, ETA:    23s[>>>>>>>>>>>>>>>>>>>        ] 5690/7824, 92.9 task/s, elapsed: 61s, ETA:    23s[>>>>>>>>>>>>>>>>>>>        ] 5691/7824, 92.9 task/s, elapsed: 61s, ETA:    23s[>>>>>>>>>>>>>>>>>>>        ] 5692/7824, 92.9 task/s, elapsed: 61s, ETA:    23s[>>>>>>>>>>>>>>>>>>>        ] 5693/7824, 92.9 task/s, elapsed: 61s, ETA:    23s[>>>>>>>>>>>>>>>>>>>        ] 5694/7824, 92.9 task/s, elapsed: 61s, ETA:    23s[>>>>>>>>>>>>>>>>>>>        ] 5695/7824, 92.9 task/s, elapsed: 61s, ETA:    23s[>>>>>>>>>>>>>>>>>>>        ] 5696/7824, 92.9 task/s, elapsed: 61s, ETA:    23s[>>>>>>>>>>>>>>>>>>>        ] 5697/7824, 92.9 task/s, elapsed: 61s, ETA:    23s[>>>>>>>>>>>>>>>>>>>        ] 5698/7824, 92.9 task/s, elapsed: 61s, ETA:    23s[>>>>>>>>>>>>>>>>>>>        ] 5699/7824, 92.9 task/s, elapsed: 61s, ETA:    23s[>>>>>>>>>>>>>>>>>>>        ] 5700/7824, 92.9 task/s, elapsed: 61s, ETA:    23s[>>>>>>>>>>>>>>>>>>>        ] 5701/7824, 92.9 task/s, elapsed: 61s, ETA:    23s[>>>>>>>>>>>>>>>>>>>        ] 5702/7824, 92.9 task/s, elapsed: 61s, ETA:    23s[>>>>>>>>>>>>>>>>>>>        ] 5703/7824, 92.9 task/s, elapsed: 61s, ETA:    23s[>>>>>>>>>>>>>>>>>>>        ] 5704/7824, 92.9 task/s, elapsed: 61s, ETA:    23s[>>>>>>>>>>>>>>>>>>>        ] 5705/7824, 92.9 task/s, elapsed: 61s, ETA:    23s[>>>>>>>>>>>>>>>>>>>        ] 5706/7824, 93.0 task/s, elapsed: 61s, ETA:    23s[>>>>>>>>>>>>>>>>>>>        ] 5707/7824, 93.0 task/s, elapsed: 61s, ETA:    23s[>>>>>>>>>>>>>>>>>>>        ] 5708/7824, 93.0 task/s, elapsed: 61s, ETA:    23s[>>>>>>>>>>>>>>>>>>>        ] 5709/7824, 93.0 task/s, elapsed: 61s, ETA:    23s[>>>>>>>>>>>>>>>>>>>        ] 5710/7824, 93.0 task/s, elapsed: 61s, ETA:    23s[>>>>>>>>>>>>>>>>>>>        ] 5711/7824, 93.0 task/s, elapsed: 61s, ETA:    23s[>>>>>>>>>>>>>>>>>>>        ] 5712/7824, 93.0 task/s, elapsed: 61s, ETA:    23s[>>>>>>>>>>>>>>>>>>>        ] 5713/7824, 93.0 task/s, elapsed: 61s, ETA:    23s[>>>>>>>>>>>>>>>>>>>        ] 5714/7824, 93.0 task/s, elapsed: 61s, ETA:    23s[>>>>>>>>>>>>>>>>>>>        ] 5715/7824, 93.0 task/s, elapsed: 61s, ETA:    23s[>>>>>>>>>>>>>>>>>>>        ] 5716/7824, 93.0 task/s, elapsed: 61s, ETA:    23s[>>>>>>>>>>>>>>>>>>>        ] 5717/7824, 93.0 task/s, elapsed: 61s, ETA:    23s[>>>>>>>>>>>>>>>>>>>        ] 5718/7824, 93.0 task/s, elapsed: 61s, ETA:    23s[>>>>>>>>>>>>>>>>>>>        ] 5719/7824, 93.0 task/s, elapsed: 62s, ETA:    23s[>>>>>>>>>>>>>>>>>>>        ] 5720/7824, 93.0 task/s, elapsed: 62s, ETA:    23s[>>>>>>>>>>>>>>>>>>>        ] 5721/7824, 93.0 task/s, elapsed: 62s, ETA:    23s[>>>>>>>>>>>>>>>>>>>        ] 5722/7824, 93.0 task/s, elapsed: 62s, ETA:    23s[>>>>>>>>>>>>>>>>>>>        ] 5723/7824, 93.0 task/s, elapsed: 62s, ETA:    23s[>>>>>>>>>>>>>>>>>>>        ] 5724/7824, 93.0 task/s, elapsed: 62s, ETA:    23s[>>>>>>>>>>>>>>>>>>>        ] 5725/7824, 93.0 task/s, elapsed: 62s, ETA:    23s[>>>>>>>>>>>>>>>>>>>        ] 5726/7824, 93.0 task/s, elapsed: 62s, ETA:    23s[>>>>>>>>>>>>>>>>>>>        ] 5727/7824, 93.0 task/s, elapsed: 62s, ETA:    23s[>>>>>>>>>>>>>>>>>>>        ] 5728/7824, 93.0 task/s, elapsed: 62s, ETA:    23s[>>>>>>>>>>>>>>>>>>>        ] 5729/7824, 93.0 task/s, elapsed: 62s, ETA:    23s[>>>>>>>>>>>>>>>>>>>        ] 5730/7824, 93.0 task/s, elapsed: 62s, ETA:    23s[>>>>>>>>>>>>>>>>>>>        ] 5731/7824, 93.0 task/s, elapsed: 62s, ETA:    23s[>>>>>>>>>>>>>>>>>>>        ] 5732/7824, 93.0 task/s, elapsed: 62s, ETA:    22s[>>>>>>>>>>>>>>>>>>>        ] 5733/7824, 93.0 task/s, elapsed: 62s, ETA:    22s[>>>>>>>>>>>>>>>>>>>        ] 5734/7824, 93.0 task/s, elapsed: 62s, ETA:    22s[>>>>>>>>>>>>>>>>>>>        ] 5735/7824, 93.0 task/s, elapsed: 62s, ETA:    22s[>>>>>>>>>>>>>>>>>>>        ] 5736/7824, 93.0 task/s, elapsed: 62s, ETA:    22s[>>>>>>>>>>>>>>>>>>>        ] 5737/7824, 93.0 task/s, elapsed: 62s, ETA:    22s[>>>>>>>>>>>>>>>>>>>        ] 5738/7824, 93.0 task/s, elapsed: 62s, ETA:    22s[>>>>>>>>>>>>>>>>>>>        ] 5739/7824, 93.0 task/s, elapsed: 62s, ETA:    22s[>>>>>>>>>>>>>>>>>>>        ] 5740/7824, 93.0 task/s, elapsed: 62s, ETA:    22s[>>>>>>>>>>>>>>>>>>>        ] 5741/7824, 93.0 task/s, elapsed: 62s, ETA:    22s[>>>>>>>>>>>>>>>>>>>        ] 5742/7824, 93.0 task/s, elapsed: 62s, ETA:    22s[>>>>>>>>>>>>>>>>>>>        ] 5743/7824, 93.0 task/s, elapsed: 62s, ETA:    22s[>>>>>>>>>>>>>>>>>>>        ] 5744/7824, 93.0 task/s, elapsed: 62s, ETA:    22s[>>>>>>>>>>>>>>>>>>>        ] 5745/7824, 93.0 task/s, elapsed: 62s, ETA:    22s[>>>>>>>>>>>>>>>>>>>        ] 5746/7824, 93.0 task/s, elapsed: 62s, ETA:    22s[>>>>>>>>>>>>>>>>>>>        ] 5747/7824, 93.0 task/s, elapsed: 62s, ETA:    22s[>>>>>>>>>>>>>>>>>>>        ] 5748/7824, 93.0 task/s, elapsed: 62s, ETA:    22s[>>>>>>>>>>>>>>>>>>>        ] 5749/7824, 93.0 task/s, elapsed: 62s, ETA:    22s[>>>>>>>>>>>>>>>>>>>        ] 5750/7824, 93.0 task/s, elapsed: 62s, ETA:    22s[>>>>>>>>>>>>>>>>>>>        ] 5751/7824, 93.0 task/s, elapsed: 62s, ETA:    22s[>>>>>>>>>>>>>>>>>>>        ] 5752/7824, 93.0 task/s, elapsed: 62s, ETA:    22s[>>>>>>>>>>>>>>>>>>>        ] 5753/7824, 93.0 task/s, elapsed: 62s, ETA:    22s[>>>>>>>>>>>>>>>>>>>        ] 5754/7824, 93.0 task/s, elapsed: 62s, ETA:    22s[>>>>>>>>>>>>>>>>>>>        ] 5755/7824, 93.0 task/s, elapsed: 62s, ETA:    22s[>>>>>>>>>>>>>>>>>>>        ] 5756/7824, 93.0 task/s, elapsed: 62s, ETA:    22s[>>>>>>>>>>>>>>>>>>>        ] 5757/7824, 93.0 task/s, elapsed: 62s, ETA:    22s[>>>>>>>>>>>>>>>>>>>        ] 5758/7824, 93.0 task/s, elapsed: 62s, ETA:    22s[>>>>>>>>>>>>>>>>>>>        ] 5759/7824, 93.0 task/s, elapsed: 62s, ETA:    22s[>>>>>>>>>>>>>>>>>>>        ] 5760/7824, 93.0 task/s, elapsed: 62s, ETA:    22s[>>>>>>>>>>>>>>>>>>>        ] 5761/7824, 93.1 task/s, elapsed: 62s, ETA:    22s[>>>>>>>>>>>>>>>>>>>        ] 5762/7824, 93.1 task/s, elapsed: 62s, ETA:    22s[>>>>>>>>>>>>>>>>>>>        ] 5763/7824, 93.1 task/s, elapsed: 62s, ETA:    22s[>>>>>>>>>>>>>>>>>>>        ] 5764/7824, 93.1 task/s, elapsed: 62s, ETA:    22s[>>>>>>>>>>>>>>>>>>>        ] 5765/7824, 93.1 task/s, elapsed: 62s, ETA:    22s[>>>>>>>>>>>>>>>>>>>        ] 5766/7824, 93.1 task/s, elapsed: 62s, ETA:    22s[>>>>>>>>>>>>>>>>>>>        ] 5767/7824, 93.1 task/s, elapsed: 62s, ETA:    22s[>>>>>>>>>>>>>>>>>>>        ] 5768/7824, 93.1 task/s, elapsed: 62s, ETA:    22s[>>>>>>>>>>>>>>>>>>>        ] 5769/7824, 93.1 task/s, elapsed: 62s, ETA:    22s[>>>>>>>>>>>>>>>>>>>        ] 5770/7824, 93.1 task/s, elapsed: 62s, ETA:    22s[>>>>>>>>>>>>>>>>>>>        ] 5771/7824, 93.1 task/s, elapsed: 62s, ETA:    22s[>>>>>>>>>>>>>>>>>>>        ] 5772/7824, 93.1 task/s, elapsed: 62s, ETA:    22s[>>>>>>>>>>>>>>>>>>>        ] 5773/7824, 93.1 task/s, elapsed: 62s, ETA:    22s[>>>>>>>>>>>>>>>>>>>        ] 5774/7824, 93.1 task/s, elapsed: 62s, ETA:    22s[>>>>>>>>>>>>>>>>>>>        ] 5775/7824, 93.1 task/s, elapsed: 62s, ETA:    22s[>>>>>>>>>>>>>>>>>>>        ] 5776/7824, 93.1 task/s, elapsed: 62s, ETA:    22s[>>>>>>>>>>>>>>>>>>>        ] 5777/7824, 93.1 task/s, elapsed: 62s, ETA:    22s[>>>>>>>>>>>>>>>>>>>        ] 5778/7824, 93.1 task/s, elapsed: 62s, ETA:    22s[>>>>>>>>>>>>>>>>>>>        ] 5779/7824, 93.1 task/s, elapsed: 62s, ETA:    22s[>>>>>>>>>>>>>>>>>>>        ] 5780/7824, 93.1 task/s, elapsed: 62s, ETA:    22s[>>>>>>>>>>>>>>>>>>>        ] 5781/7824, 93.1 task/s, elapsed: 62s, ETA:    22s[>>>>>>>>>>>>>>>>>>>        ] 5782/7824, 93.1 task/s, elapsed: 62s, ETA:    22s[>>>>>>>>>>>>>>>>>>>        ] 5783/7824, 93.1 task/s, elapsed: 62s, ETA:    22s[>>>>>>>>>>>>>>>>>>>        ] 5784/7824, 93.1 task/s, elapsed: 62s, ETA:    22s[>>>>>>>>>>>>>>>>>>>        ] 5785/7824, 93.1 task/s, elapsed: 62s, ETA:    22s[>>>>>>>>>>>>>>>>>>>        ] 5786/7824, 93.1 task/s, elapsed: 62s, ETA:    22s[>>>>>>>>>>>>>>>>>>>        ] 5787/7824, 93.1 task/s, elapsed: 62s, ETA:    22s[>>>>>>>>>>>>>>>>>>>        ] 5788/7824, 93.1 task/s, elapsed: 62s, ETA:    22s[>>>>>>>>>>>>>>>>>>>        ] 5789/7824, 93.1 task/s, elapsed: 62s, ETA:    22s[>>>>>>>>>>>>>>>>>>>        ] 5790/7824, 93.1 task/s, elapsed: 62s, ETA:    22s[>>>>>>>>>>>>>>>>>>>        ] 5791/7824, 93.1 task/s, elapsed: 62s, ETA:    22s[>>>>>>>>>>>>>>>>>>>        ] 5792/7824, 93.1 task/s, elapsed: 62s, ETA:    22s[>>>>>>>>>>>>>>>>>>>        ] 5793/7824, 93.1 task/s, elapsed: 62s, ETA:    22s[>>>>>>>>>>>>>>>>>>>        ] 5794/7824, 93.1 task/s, elapsed: 62s, ETA:    22s[>>>>>>>>>>>>>>>>>>>        ] 5795/7824, 93.1 task/s, elapsed: 62s, ETA:    22s[>>>>>>>>>>>>>>>>>>>>       ] 5796/7824, 93.1 task/s, elapsed: 62s, ETA:    22s[>>>>>>>>>>>>>>>>>>>>       ] 5797/7824, 93.1 task/s, elapsed: 62s, ETA:    22s[>>>>>>>>>>>>>>>>>>>>       ] 5798/7824, 93.1 task/s, elapsed: 62s, ETA:    22s[>>>>>>>>>>>>>>>>>>>>       ] 5799/7824, 93.1 task/s, elapsed: 62s, ETA:    22s[>>>>>>>>>>>>>>>>>>>>       ] 5800/7824, 93.1 task/s, elapsed: 62s, ETA:    22s[>>>>>>>>>>>>>>>>>>>>       ] 5801/7824, 93.1 task/s, elapsed: 62s, ETA:    22s[>>>>>>>>>>>>>>>>>>>>       ] 5802/7824, 93.1 task/s, elapsed: 62s, ETA:    22s[>>>>>>>>>>>>>>>>>>>>       ] 5803/7824, 93.1 task/s, elapsed: 62s, ETA:    22s[>>>>>>>>>>>>>>>>>>>>       ] 5804/7824, 93.1 task/s, elapsed: 62s, ETA:    22s[>>>>>>>>>>>>>>>>>>>>       ] 5805/7824, 93.1 task/s, elapsed: 62s, ETA:    22s[>>>>>>>>>>>>>>>>>>>>       ] 5806/7824, 93.1 task/s, elapsed: 62s, ETA:    22s[>>>>>>>>>>>>>>>>>>>>       ] 5807/7824, 93.1 task/s, elapsed: 62s, ETA:    22s[>>>>>>>>>>>>>>>>>>>>       ] 5808/7824, 93.1 task/s, elapsed: 62s, ETA:    22s[>>>>>>>>>>>>>>>>>>>>       ] 5809/7824, 93.1 task/s, elapsed: 62s, ETA:    22s[>>>>>>>>>>>>>>>>>>>>       ] 5810/7824, 93.1 task/s, elapsed: 62s, ETA:    22s[>>>>>>>>>>>>>>>>>>>>       ] 5811/7824, 93.1 task/s, elapsed: 62s, ETA:    22s[>>>>>>>>>>>>>>>>>>>>       ] 5812/7824, 93.1 task/s, elapsed: 62s, ETA:    22s[>>>>>>>>>>>>>>>>>>>>       ] 5813/7824, 93.1 task/s, elapsed: 62s, ETA:    22s[>>>>>>>>>>>>>>>>>>>>       ] 5814/7824, 93.1 task/s, elapsed: 62s, ETA:    22s[>>>>>>>>>>>>>>>>>>>>       ] 5815/7824, 93.1 task/s, elapsed: 62s, ETA:    22s[>>>>>>>>>>>>>>>>>>>>       ] 5816/7824, 93.1 task/s, elapsed: 62s, ETA:    22s[>>>>>>>>>>>>>>>>>>>>       ] 5817/7824, 93.1 task/s, elapsed: 62s, ETA:    22s[>>>>>>>>>>>>>>>>>>>>       ] 5818/7824, 93.1 task/s, elapsed: 62s, ETA:    22s[>>>>>>>>>>>>>>>>>>>>       ] 5819/7824, 93.1 task/s, elapsed: 62s, ETA:    22s[>>>>>>>>>>>>>>>>>>>>       ] 5820/7824, 93.1 task/s, elapsed: 62s, ETA:    22s[>>>>>>>>>>>>>>>>>>>>       ] 5821/7824, 93.1 task/s, elapsed: 63s, ETA:    22s[>>>>>>>>>>>>>>>>>>>>       ] 5822/7824, 93.1 task/s, elapsed: 63s, ETA:    21s[>>>>>>>>>>>>>>>>>>>>       ] 5823/7824, 93.1 task/s, elapsed: 63s, ETA:    21s[>>>>>>>>>>>>>>>>>>>>       ] 5824/7824, 93.1 task/s, elapsed: 63s, ETA:    21s[>>>>>>>>>>>>>>>>>>>>       ] 5825/7824, 93.1 task/s, elapsed: 63s, ETA:    21s[>>>>>>>>>>>>>>>>>>>>       ] 5826/7824, 93.1 task/s, elapsed: 63s, ETA:    21s[>>>>>>>>>>>>>>>>>>>>       ] 5827/7824, 93.1 task/s, elapsed: 63s, ETA:    21s[>>>>>>>>>>>>>>>>>>>>       ] 5828/7824, 93.1 task/s, elapsed: 63s, ETA:    21s[>>>>>>>>>>>>>>>>>>>>       ] 5829/7824, 93.2 task/s, elapsed: 63s, ETA:    21s[>>>>>>>>>>>>>>>>>>>>       ] 5830/7824, 93.2 task/s, elapsed: 63s, ETA:    21s[>>>>>>>>>>>>>>>>>>>>       ] 5831/7824, 93.2 task/s, elapsed: 63s, ETA:    21s[>>>>>>>>>>>>>>>>>>>>       ] 5832/7824, 93.2 task/s, elapsed: 63s, ETA:    21s[>>>>>>>>>>>>>>>>>>>>       ] 5833/7824, 93.2 task/s, elapsed: 63s, ETA:    21s[>>>>>>>>>>>>>>>>>>>>       ] 5834/7824, 93.2 task/s, elapsed: 63s, ETA:    21s[>>>>>>>>>>>>>>>>>>>>       ] 5835/7824, 93.2 task/s, elapsed: 63s, ETA:    21s[>>>>>>>>>>>>>>>>>>>>       ] 5836/7824, 93.2 task/s, elapsed: 63s, ETA:    21s[>>>>>>>>>>>>>>>>>>>>       ] 5837/7824, 93.2 task/s, elapsed: 63s, ETA:    21s[>>>>>>>>>>>>>>>>>>>>       ] 5838/7824, 93.2 task/s, elapsed: 63s, ETA:    21s[>>>>>>>>>>>>>>>>>>>>       ] 5839/7824, 93.2 task/s, elapsed: 63s, ETA:    21s[>>>>>>>>>>>>>>>>>>>>       ] 5840/7824, 93.2 task/s, elapsed: 63s, ETA:    21s[>>>>>>>>>>>>>>>>>>>>       ] 5841/7824, 93.2 task/s, elapsed: 63s, ETA:    21s[>>>>>>>>>>>>>>>>>>>>       ] 5842/7824, 93.2 task/s, elapsed: 63s, ETA:    21s[>>>>>>>>>>>>>>>>>>>>       ] 5843/7824, 93.2 task/s, elapsed: 63s, ETA:    21s[>>>>>>>>>>>>>>>>>>>>       ] 5844/7824, 93.2 task/s, elapsed: 63s, ETA:    21s[>>>>>>>>>>>>>>>>>>>>       ] 5845/7824, 93.2 task/s, elapsed: 63s, ETA:    21s[>>>>>>>>>>>>>>>>>>>>       ] 5846/7824, 93.2 task/s, elapsed: 63s, ETA:    21s[>>>>>>>>>>>>>>>>>>>>       ] 5847/7824, 93.2 task/s, elapsed: 63s, ETA:    21s[>>>>>>>>>>>>>>>>>>>>       ] 5848/7824, 93.2 task/s, elapsed: 63s, ETA:    21s[>>>>>>>>>>>>>>>>>>>>       ] 5849/7824, 93.2 task/s, elapsed: 63s, ETA:    21s[>>>>>>>>>>>>>>>>>>>>       ] 5850/7824, 93.2 task/s, elapsed: 63s, ETA:    21s[>>>>>>>>>>>>>>>>>>>>       ] 5851/7824, 93.2 task/s, elapsed: 63s, ETA:    21s[>>>>>>>>>>>>>>>>>>>>       ] 5852/7824, 93.2 task/s, elapsed: 63s, ETA:    21s[>>>>>>>>>>>>>>>>>>>>       ] 5853/7824, 93.2 task/s, elapsed: 63s, ETA:    21s[>>>>>>>>>>>>>>>>>>>>       ] 5854/7824, 93.2 task/s, elapsed: 63s, ETA:    21s[>>>>>>>>>>>>>>>>>>>>       ] 5855/7824, 93.2 task/s, elapsed: 63s, ETA:    21s[>>>>>>>>>>>>>>>>>>>>       ] 5856/7824, 93.2 task/s, elapsed: 63s, ETA:    21s[>>>>>>>>>>>>>>>>>>>>       ] 5857/7824, 93.2 task/s, elapsed: 63s, ETA:    21s[>>>>>>>>>>>>>>>>>>>>       ] 5858/7824, 93.2 task/s, elapsed: 63s, ETA:    21s[>>>>>>>>>>>>>>>>>>>>       ] 5859/7824, 93.2 task/s, elapsed: 63s, ETA:    21s[>>>>>>>>>>>>>>>>>>>>       ] 5860/7824, 93.2 task/s, elapsed: 63s, ETA:    21s[>>>>>>>>>>>>>>>>>>>>       ] 5861/7824, 93.2 task/s, elapsed: 63s, ETA:    21s[>>>>>>>>>>>>>>>>>>>>       ] 5862/7824, 93.2 task/s, elapsed: 63s, ETA:    21s[>>>>>>>>>>>>>>>>>>>>       ] 5863/7824, 93.2 task/s, elapsed: 63s, ETA:    21s[>>>>>>>>>>>>>>>>>>>>       ] 5864/7824, 93.2 task/s, elapsed: 63s, ETA:    21s[>>>>>>>>>>>>>>>>>>>>       ] 5865/7824, 93.2 task/s, elapsed: 63s, ETA:    21s[>>>>>>>>>>>>>>>>>>>>       ] 5866/7824, 93.2 task/s, elapsed: 63s, ETA:    21s[>>>>>>>>>>>>>>>>>>>>       ] 5867/7824, 93.2 task/s, elapsed: 63s, ETA:    21s[>>>>>>>>>>>>>>>>>>>>       ] 5868/7824, 93.2 task/s, elapsed: 63s, ETA:    21s[>>>>>>>>>>>>>>>>>>>>       ] 5869/7824, 93.2 task/s, elapsed: 63s, ETA:    21s[>>>>>>>>>>>>>>>>>>>>       ] 5870/7824, 93.2 task/s, elapsed: 63s, ETA:    21s[>>>>>>>>>>>>>>>>>>>>       ] 5871/7824, 93.2 task/s, elapsed: 63s, ETA:    21s[>>>>>>>>>>>>>>>>>>>>       ] 5872/7824, 93.2 task/s, elapsed: 63s, ETA:    21s[>>>>>>>>>>>>>>>>>>>>       ] 5873/7824, 93.2 task/s, elapsed: 63s, ETA:    21s[>>>>>>>>>>>>>>>>>>>>       ] 5874/7824, 93.2 task/s, elapsed: 63s, ETA:    21s[>>>>>>>>>>>>>>>>>>>>       ] 5875/7824, 93.3 task/s, elapsed: 63s, ETA:    21s[>>>>>>>>>>>>>>>>>>>>       ] 5876/7824, 93.3 task/s, elapsed: 63s, ETA:    21s[>>>>>>>>>>>>>>>>>>>>       ] 5877/7824, 93.3 task/s, elapsed: 63s, ETA:    21s[>>>>>>>>>>>>>>>>>>>>       ] 5878/7824, 93.3 task/s, elapsed: 63s, ETA:    21s[>>>>>>>>>>>>>>>>>>>>       ] 5879/7824, 93.3 task/s, elapsed: 63s, ETA:    21s[>>>>>>>>>>>>>>>>>>>>       ] 5880/7824, 93.3 task/s, elapsed: 63s, ETA:    21s[>>>>>>>>>>>>>>>>>>>>       ] 5881/7824, 93.3 task/s, elapsed: 63s, ETA:    21s[>>>>>>>>>>>>>>>>>>>>       ] 5882/7824, 93.3 task/s, elapsed: 63s, ETA:    21s[>>>>>>>>>>>>>>>>>>>>       ] 5883/7824, 93.3 task/s, elapsed: 63s, ETA:    21s[>>>>>>>>>>>>>>>>>>>>       ] 5884/7824, 93.3 task/s, elapsed: 63s, ETA:    21s[>>>>>>>>>>>>>>>>>>>>       ] 5885/7824, 93.3 task/s, elapsed: 63s, ETA:    21s[>>>>>>>>>>>>>>>>>>>>       ] 5886/7824, 93.3 task/s, elapsed: 63s, ETA:    21s[>>>>>>>>>>>>>>>>>>>>       ] 5887/7824, 93.3 task/s, elapsed: 63s, ETA:    21s[>>>>>>>>>>>>>>>>>>>>       ] 5888/7824, 93.3 task/s, elapsed: 63s, ETA:    21s[>>>>>>>>>>>>>>>>>>>>       ] 5889/7824, 93.3 task/s, elapsed: 63s, ETA:    21s[>>>>>>>>>>>>>>>>>>>>       ] 5890/7824, 93.3 task/s, elapsed: 63s, ETA:    21s[>>>>>>>>>>>>>>>>>>>>       ] 5891/7824, 93.3 task/s, elapsed: 63s, ETA:    21s[>>>>>>>>>>>>>>>>>>>>       ] 5892/7824, 93.3 task/s, elapsed: 63s, ETA:    21s[>>>>>>>>>>>>>>>>>>>>       ] 5893/7824, 93.3 task/s, elapsed: 63s, ETA:    21s[>>>>>>>>>>>>>>>>>>>>       ] 5894/7824, 93.3 task/s, elapsed: 63s, ETA:    21s[>>>>>>>>>>>>>>>>>>>>       ] 5895/7824, 93.3 task/s, elapsed: 63s, ETA:    21s[>>>>>>>>>>>>>>>>>>>>       ] 5896/7824, 93.3 task/s, elapsed: 63s, ETA:    21s[>>>>>>>>>>>>>>>>>>>>       ] 5897/7824, 93.3 task/s, elapsed: 63s, ETA:    21s[>>>>>>>>>>>>>>>>>>>>       ] 5898/7824, 93.3 task/s, elapsed: 63s, ETA:    21s[>>>>>>>>>>>>>>>>>>>>       ] 5899/7824, 93.3 task/s, elapsed: 63s, ETA:    21s[>>>>>>>>>>>>>>>>>>>>       ] 5900/7824, 93.3 task/s, elapsed: 63s, ETA:    21s[>>>>>>>>>>>>>>>>>>>>       ] 5901/7824, 93.3 task/s, elapsed: 63s, ETA:    21s[>>>>>>>>>>>>>>>>>>>>       ] 5902/7824, 93.3 task/s, elapsed: 63s, ETA:    21s[>>>>>>>>>>>>>>>>>>>>       ] 5903/7824, 93.3 task/s, elapsed: 63s, ETA:    21s[>>>>>>>>>>>>>>>>>>>>       ] 5904/7824, 93.3 task/s, elapsed: 63s, ETA:    21s[>>>>>>>>>>>>>>>>>>>>       ] 5905/7824, 93.3 task/s, elapsed: 63s, ETA:    21s[>>>>>>>>>>>>>>>>>>>>       ] 5906/7824, 93.3 task/s, elapsed: 63s, ETA:    21s[>>>>>>>>>>>>>>>>>>>>       ] 5907/7824, 93.3 task/s, elapsed: 63s, ETA:    21s[>>>>>>>>>>>>>>>>>>>>       ] 5908/7824, 93.3 task/s, elapsed: 63s, ETA:    21s[>>>>>>>>>>>>>>>>>>>>       ] 5909/7824, 93.3 task/s, elapsed: 63s, ETA:    21s[>>>>>>>>>>>>>>>>>>>>       ] 5910/7824, 93.3 task/s, elapsed: 63s, ETA:    21s[>>>>>>>>>>>>>>>>>>>>       ] 5911/7824, 93.3 task/s, elapsed: 63s, ETA:    20s[>>>>>>>>>>>>>>>>>>>>       ] 5912/7824, 93.3 task/s, elapsed: 63s, ETA:    20s[>>>>>>>>>>>>>>>>>>>>       ] 5913/7824, 93.3 task/s, elapsed: 63s, ETA:    20s[>>>>>>>>>>>>>>>>>>>>       ] 5914/7824, 93.3 task/s, elapsed: 63s, ETA:    20s[>>>>>>>>>>>>>>>>>>>>       ] 5915/7824, 93.3 task/s, elapsed: 63s, ETA:    20s[>>>>>>>>>>>>>>>>>>>>       ] 5916/7824, 93.3 task/s, elapsed: 63s, ETA:    20s[>>>>>>>>>>>>>>>>>>>>       ] 5917/7824, 93.3 task/s, elapsed: 63s, ETA:    20s[>>>>>>>>>>>>>>>>>>>>       ] 5918/7824, 93.3 task/s, elapsed: 63s, ETA:    20s[>>>>>>>>>>>>>>>>>>>>       ] 5919/7824, 93.4 task/s, elapsed: 63s, ETA:    20s[>>>>>>>>>>>>>>>>>>>>       ] 5920/7824, 93.4 task/s, elapsed: 63s, ETA:    20s[>>>>>>>>>>>>>>>>>>>>       ] 5921/7824, 93.4 task/s, elapsed: 63s, ETA:    20s[>>>>>>>>>>>>>>>>>>>>       ] 5922/7824, 93.4 task/s, elapsed: 63s, ETA:    20s[>>>>>>>>>>>>>>>>>>>>       ] 5923/7824, 93.4 task/s, elapsed: 63s, ETA:    20s[>>>>>>>>>>>>>>>>>>>>       ] 5924/7824, 93.4 task/s, elapsed: 63s, ETA:    20s[>>>>>>>>>>>>>>>>>>>>       ] 5925/7824, 93.4 task/s, elapsed: 63s, ETA:    20s[>>>>>>>>>>>>>>>>>>>>       ] 5926/7824, 93.4 task/s, elapsed: 63s, ETA:    20s[>>>>>>>>>>>>>>>>>>>>       ] 5927/7824, 93.4 task/s, elapsed: 63s, ETA:    20s[>>>>>>>>>>>>>>>>>>>>       ] 5928/7824, 93.4 task/s, elapsed: 63s, ETA:    20s[>>>>>>>>>>>>>>>>>>>>       ] 5929/7824, 93.4 task/s, elapsed: 63s, ETA:    20s[>>>>>>>>>>>>>>>>>>>>       ] 5930/7824, 93.4 task/s, elapsed: 64s, ETA:    20s[>>>>>>>>>>>>>>>>>>>>       ] 5931/7824, 93.4 task/s, elapsed: 64s, ETA:    20s[>>>>>>>>>>>>>>>>>>>>       ] 5932/7824, 93.4 task/s, elapsed: 64s, ETA:    20s[>>>>>>>>>>>>>>>>>>>>       ] 5933/7824, 93.4 task/s, elapsed: 64s, ETA:    20s[>>>>>>>>>>>>>>>>>>>>       ] 5934/7824, 93.4 task/s, elapsed: 64s, ETA:    20s[>>>>>>>>>>>>>>>>>>>>       ] 5935/7824, 93.4 task/s, elapsed: 64s, ETA:    20s[>>>>>>>>>>>>>>>>>>>>       ] 5936/7824, 93.4 task/s, elapsed: 64s, ETA:    20s[>>>>>>>>>>>>>>>>>>>>       ] 5937/7824, 93.4 task/s, elapsed: 64s, ETA:    20s[>>>>>>>>>>>>>>>>>>>>       ] 5938/7824, 93.4 task/s, elapsed: 64s, ETA:    20s[>>>>>>>>>>>>>>>>>>>>       ] 5939/7824, 93.4 task/s, elapsed: 64s, ETA:    20s[>>>>>>>>>>>>>>>>>>>>       ] 5940/7824, 93.4 task/s, elapsed: 64s, ETA:    20s[>>>>>>>>>>>>>>>>>>>>       ] 5941/7824, 93.4 task/s, elapsed: 64s, ETA:    20s[>>>>>>>>>>>>>>>>>>>>       ] 5942/7824, 93.4 task/s, elapsed: 64s, ETA:    20s[>>>>>>>>>>>>>>>>>>>>       ] 5943/7824, 93.4 task/s, elapsed: 64s, ETA:    20s[>>>>>>>>>>>>>>>>>>>>       ] 5944/7824, 93.4 task/s, elapsed: 64s, ETA:    20s[>>>>>>>>>>>>>>>>>>>>       ] 5945/7824, 93.4 task/s, elapsed: 64s, ETA:    20s[>>>>>>>>>>>>>>>>>>>>       ] 5946/7824, 93.4 task/s, elapsed: 64s, ETA:    20s[>>>>>>>>>>>>>>>>>>>>       ] 5947/7824, 93.4 task/s, elapsed: 64s, ETA:    20s[>>>>>>>>>>>>>>>>>>>>       ] 5948/7824, 93.4 task/s, elapsed: 64s, ETA:    20s[>>>>>>>>>>>>>>>>>>>>       ] 5949/7824, 93.4 task/s, elapsed: 64s, ETA:    20s[>>>>>>>>>>>>>>>>>>>>       ] 5950/7824, 93.4 task/s, elapsed: 64s, ETA:    20s[>>>>>>>>>>>>>>>>>>>>       ] 5951/7824, 93.4 task/s, elapsed: 64s, ETA:    20s[>>>>>>>>>>>>>>>>>>>>       ] 5952/7824, 93.4 task/s, elapsed: 64s, ETA:    20s[>>>>>>>>>>>>>>>>>>>>       ] 5953/7824, 93.4 task/s, elapsed: 64s, ETA:    20s[>>>>>>>>>>>>>>>>>>>>       ] 5954/7824, 93.4 task/s, elapsed: 64s, ETA:    20s[>>>>>>>>>>>>>>>>>>>>       ] 5955/7824, 93.4 task/s, elapsed: 64s, ETA:    20s[>>>>>>>>>>>>>>>>>>>>       ] 5956/7824, 93.4 task/s, elapsed: 64s, ETA:    20s[>>>>>>>>>>>>>>>>>>>>       ] 5957/7824, 93.4 task/s, elapsed: 64s, ETA:    20s[>>>>>>>>>>>>>>>>>>>>       ] 5958/7824, 93.4 task/s, elapsed: 64s, ETA:    20s[>>>>>>>>>>>>>>>>>>>>       ] 5959/7824, 93.4 task/s, elapsed: 64s, ETA:    20s[>>>>>>>>>>>>>>>>>>>>       ] 5960/7824, 93.4 task/s, elapsed: 64s, ETA:    20s[>>>>>>>>>>>>>>>>>>>>       ] 5961/7824, 93.4 task/s, elapsed: 64s, ETA:    20s[>>>>>>>>>>>>>>>>>>>>       ] 5962/7824, 93.4 task/s, elapsed: 64s, ETA:    20s[>>>>>>>>>>>>>>>>>>>>       ] 5963/7824, 93.4 task/s, elapsed: 64s, ETA:    20s[>>>>>>>>>>>>>>>>>>>>       ] 5964/7824, 93.4 task/s, elapsed: 64s, ETA:    20s[>>>>>>>>>>>>>>>>>>>>       ] 5965/7824, 93.4 task/s, elapsed: 64s, ETA:    20s[>>>>>>>>>>>>>>>>>>>>       ] 5966/7824, 93.4 task/s, elapsed: 64s, ETA:    20s[>>>>>>>>>>>>>>>>>>>>       ] 5967/7824, 93.4 task/s, elapsed: 64s, ETA:    20s[>>>>>>>>>>>>>>>>>>>>       ] 5968/7824, 93.4 task/s, elapsed: 64s, ETA:    20s[>>>>>>>>>>>>>>>>>>>>       ] 5969/7824, 93.4 task/s, elapsed: 64s, ETA:    20s[>>>>>>>>>>>>>>>>>>>>       ] 5970/7824, 93.4 task/s, elapsed: 64s, ETA:    20s[>>>>>>>>>>>>>>>>>>>>       ] 5971/7824, 93.4 task/s, elapsed: 64s, ETA:    20s[>>>>>>>>>>>>>>>>>>>>       ] 5972/7824, 93.4 task/s, elapsed: 64s, ETA:    20s[>>>>>>>>>>>>>>>>>>>>       ] 5973/7824, 93.4 task/s, elapsed: 64s, ETA:    20s[>>>>>>>>>>>>>>>>>>>>       ] 5974/7824, 93.4 task/s, elapsed: 64s, ETA:    20s[>>>>>>>>>>>>>>>>>>>>       ] 5975/7824, 93.4 task/s, elapsed: 64s, ETA:    20s[>>>>>>>>>>>>>>>>>>>>       ] 5976/7824, 93.4 task/s, elapsed: 64s, ETA:    20s[>>>>>>>>>>>>>>>>>>>>       ] 5977/7824, 93.4 task/s, elapsed: 64s, ETA:    20s[>>>>>>>>>>>>>>>>>>>>       ] 5978/7824, 93.5 task/s, elapsed: 64s, ETA:    20s[>>>>>>>>>>>>>>>>>>>>       ] 5979/7824, 93.5 task/s, elapsed: 64s, ETA:    20s[>>>>>>>>>>>>>>>>>>>>       ] 5980/7824, 93.5 task/s, elapsed: 64s, ETA:    20s[>>>>>>>>>>>>>>>>>>>>       ] 5981/7824, 93.5 task/s, elapsed: 64s, ETA:    20s[>>>>>>>>>>>>>>>>>>>>       ] 5982/7824, 93.5 task/s, elapsed: 64s, ETA:    20s[>>>>>>>>>>>>>>>>>>>>       ] 5983/7824, 93.5 task/s, elapsed: 64s, ETA:    20s[>>>>>>>>>>>>>>>>>>>>       ] 5984/7824, 93.5 task/s, elapsed: 64s, ETA:    20s[>>>>>>>>>>>>>>>>>>>>       ] 5985/7824, 93.5 task/s, elapsed: 64s, ETA:    20s[>>>>>>>>>>>>>>>>>>>>       ] 5986/7824, 93.5 task/s, elapsed: 64s, ETA:    20s[>>>>>>>>>>>>>>>>>>>>       ] 5987/7824, 93.5 task/s, elapsed: 64s, ETA:    20s[>>>>>>>>>>>>>>>>>>>>       ] 5988/7824, 93.5 task/s, elapsed: 64s, ETA:    20s[>>>>>>>>>>>>>>>>>>>>       ] 5989/7824, 93.5 task/s, elapsed: 64s, ETA:    20s[>>>>>>>>>>>>>>>>>>>>       ] 5990/7824, 93.5 task/s, elapsed: 64s, ETA:    20s[>>>>>>>>>>>>>>>>>>>>       ] 5991/7824, 93.5 task/s, elapsed: 64s, ETA:    20s[>>>>>>>>>>>>>>>>>>>>       ] 5992/7824, 93.5 task/s, elapsed: 64s, ETA:    20s[>>>>>>>>>>>>>>>>>>>>       ] 5993/7824, 93.5 task/s, elapsed: 64s, ETA:    20s[>>>>>>>>>>>>>>>>>>>>       ] 5994/7824, 93.5 task/s, elapsed: 64s, ETA:    20s[>>>>>>>>>>>>>>>>>>>>       ] 5995/7824, 93.5 task/s, elapsed: 64s, ETA:    20s[>>>>>>>>>>>>>>>>>>>>       ] 5996/7824, 93.5 task/s, elapsed: 64s, ETA:    20s[>>>>>>>>>>>>>>>>>>>>       ] 5997/7824, 93.5 task/s, elapsed: 64s, ETA:    20s[>>>>>>>>>>>>>>>>>>>>       ] 5998/7824, 93.5 task/s, elapsed: 64s, ETA:    20s[>>>>>>>>>>>>>>>>>>>>       ] 5999/7824, 93.5 task/s, elapsed: 64s, ETA:    20s[>>>>>>>>>>>>>>>>>>>>       ] 6000/7824, 93.5 task/s, elapsed: 64s, ETA:    20s[>>>>>>>>>>>>>>>>>>>>       ] 6001/7824, 93.5 task/s, elapsed: 64s, ETA:    19s[>>>>>>>>>>>>>>>>>>>>       ] 6002/7824, 93.5 task/s, elapsed: 64s, ETA:    19s[>>>>>>>>>>>>>>>>>>>>       ] 6003/7824, 93.5 task/s, elapsed: 64s, ETA:    19s[>>>>>>>>>>>>>>>>>>>>       ] 6004/7824, 93.5 task/s, elapsed: 64s, ETA:    19s[>>>>>>>>>>>>>>>>>>>>       ] 6005/7824, 93.5 task/s, elapsed: 64s, ETA:    19s[>>>>>>>>>>>>>>>>>>>>       ] 6006/7824, 93.5 task/s, elapsed: 64s, ETA:    19s[>>>>>>>>>>>>>>>>>>>>       ] 6007/7824, 93.5 task/s, elapsed: 64s, ETA:    19s[>>>>>>>>>>>>>>>>>>>>       ] 6008/7824, 93.5 task/s, elapsed: 64s, ETA:    19s[>>>>>>>>>>>>>>>>>>>>       ] 6009/7824, 93.5 task/s, elapsed: 64s, ETA:    19s[>>>>>>>>>>>>>>>>>>>>       ] 6010/7824, 93.5 task/s, elapsed: 64s, ETA:    19s[>>>>>>>>>>>>>>>>>>>>       ] 6011/7824, 93.5 task/s, elapsed: 64s, ETA:    19s[>>>>>>>>>>>>>>>>>>>>       ] 6012/7824, 93.5 task/s, elapsed: 64s, ETA:    19s[>>>>>>>>>>>>>>>>>>>>       ] 6013/7824, 93.5 task/s, elapsed: 64s, ETA:    19s[>>>>>>>>>>>>>>>>>>>>       ] 6014/7824, 93.5 task/s, elapsed: 64s, ETA:    19s[>>>>>>>>>>>>>>>>>>>>       ] 6015/7824, 93.5 task/s, elapsed: 64s, ETA:    19s[>>>>>>>>>>>>>>>>>>>>       ] 6016/7824, 93.5 task/s, elapsed: 64s, ETA:    19s[>>>>>>>>>>>>>>>>>>>>       ] 6017/7824, 93.5 task/s, elapsed: 64s, ETA:    19s[>>>>>>>>>>>>>>>>>>>>       ] 6018/7824, 93.5 task/s, elapsed: 64s, ETA:    19s[>>>>>>>>>>>>>>>>>>>>       ] 6019/7824, 93.5 task/s, elapsed: 64s, ETA:    19s[>>>>>>>>>>>>>>>>>>>>       ] 6020/7824, 93.5 task/s, elapsed: 64s, ETA:    19s[>>>>>>>>>>>>>>>>>>>>       ] 6021/7824, 93.5 task/s, elapsed: 64s, ETA:    19s[>>>>>>>>>>>>>>>>>>>>       ] 6022/7824, 93.5 task/s, elapsed: 64s, ETA:    19s[>>>>>>>>>>>>>>>>>>>>       ] 6023/7824, 93.5 task/s, elapsed: 64s, ETA:    19s[>>>>>>>>>>>>>>>>>>>>       ] 6024/7824, 93.5 task/s, elapsed: 64s, ETA:    19s[>>>>>>>>>>>>>>>>>>>>       ] 6025/7824, 93.5 task/s, elapsed: 64s, ETA:    19s[>>>>>>>>>>>>>>>>>>>>       ] 6026/7824, 93.5 task/s, elapsed: 64s, ETA:    19s[>>>>>>>>>>>>>>>>>>>>       ] 6027/7824, 93.5 task/s, elapsed: 64s, ETA:    19s[>>>>>>>>>>>>>>>>>>>>       ] 6028/7824, 93.6 task/s, elapsed: 64s, ETA:    19s[>>>>>>>>>>>>>>>>>>>>       ] 6029/7824, 93.6 task/s, elapsed: 64s, ETA:    19s[>>>>>>>>>>>>>>>>>>>>       ] 6030/7824, 93.6 task/s, elapsed: 64s, ETA:    19s[>>>>>>>>>>>>>>>>>>>>       ] 6031/7824, 93.6 task/s, elapsed: 64s, ETA:    19s[>>>>>>>>>>>>>>>>>>>>       ] 6032/7824, 93.6 task/s, elapsed: 64s, ETA:    19s[>>>>>>>>>>>>>>>>>>>>       ] 6033/7824, 93.6 task/s, elapsed: 64s, ETA:    19s[>>>>>>>>>>>>>>>>>>>>       ] 6034/7824, 93.6 task/s, elapsed: 64s, ETA:    19s[>>>>>>>>>>>>>>>>>>>>       ] 6035/7824, 93.6 task/s, elapsed: 64s, ETA:    19s[>>>>>>>>>>>>>>>>>>>>       ] 6036/7824, 93.6 task/s, elapsed: 65s, ETA:    19s[>>>>>>>>>>>>>>>>>>>>       ] 6037/7824, 93.6 task/s, elapsed: 65s, ETA:    19s[>>>>>>>>>>>>>>>>>>>>       ] 6038/7824, 93.6 task/s, elapsed: 65s, ETA:    19s[>>>>>>>>>>>>>>>>>>>>       ] 6039/7824, 93.6 task/s, elapsed: 65s, ETA:    19s[>>>>>>>>>>>>>>>>>>>>       ] 6040/7824, 93.6 task/s, elapsed: 65s, ETA:    19s[>>>>>>>>>>>>>>>>>>>>       ] 6041/7824, 93.6 task/s, elapsed: 65s, ETA:    19s[>>>>>>>>>>>>>>>>>>>>       ] 6042/7824, 93.6 task/s, elapsed: 65s, ETA:    19s[>>>>>>>>>>>>>>>>>>>>       ] 6043/7824, 93.6 task/s, elapsed: 65s, ETA:    19s[>>>>>>>>>>>>>>>>>>>>       ] 6044/7824, 93.6 task/s, elapsed: 65s, ETA:    19s[>>>>>>>>>>>>>>>>>>>>       ] 6045/7824, 93.6 task/s, elapsed: 65s, ETA:    19s[>>>>>>>>>>>>>>>>>>>>       ] 6046/7824, 93.6 task/s, elapsed: 65s, ETA:    19s[>>>>>>>>>>>>>>>>>>>>       ] 6047/7824, 93.6 task/s, elapsed: 65s, ETA:    19s[>>>>>>>>>>>>>>>>>>>>       ] 6048/7824, 93.6 task/s, elapsed: 65s, ETA:    19s[>>>>>>>>>>>>>>>>>>>>       ] 6049/7824, 93.6 task/s, elapsed: 65s, ETA:    19s[>>>>>>>>>>>>>>>>>>>>       ] 6050/7824, 93.6 task/s, elapsed: 65s, ETA:    19s[>>>>>>>>>>>>>>>>>>>>       ] 6051/7824, 93.6 task/s, elapsed: 65s, ETA:    19s[>>>>>>>>>>>>>>>>>>>>       ] 6052/7824, 93.6 task/s, elapsed: 65s, ETA:    19s[>>>>>>>>>>>>>>>>>>>>       ] 6053/7824, 93.6 task/s, elapsed: 65s, ETA:    19s[>>>>>>>>>>>>>>>>>>>>       ] 6054/7824, 93.6 task/s, elapsed: 65s, ETA:    19s[>>>>>>>>>>>>>>>>>>>>       ] 6055/7824, 93.6 task/s, elapsed: 65s, ETA:    19s[>>>>>>>>>>>>>>>>>>>>       ] 6056/7824, 93.6 task/s, elapsed: 65s, ETA:    19s[>>>>>>>>>>>>>>>>>>>>       ] 6057/7824, 93.6 task/s, elapsed: 65s, ETA:    19s[>>>>>>>>>>>>>>>>>>>>       ] 6058/7824, 93.6 task/s, elapsed: 65s, ETA:    19s[>>>>>>>>>>>>>>>>>>>>       ] 6059/7824, 93.6 task/s, elapsed: 65s, ETA:    19s[>>>>>>>>>>>>>>>>>>>>       ] 6060/7824, 93.6 task/s, elapsed: 65s, ETA:    19s[>>>>>>>>>>>>>>>>>>>>       ] 6061/7824, 93.6 task/s, elapsed: 65s, ETA:    19s[>>>>>>>>>>>>>>>>>>>>       ] 6062/7824, 93.6 task/s, elapsed: 65s, ETA:    19s[>>>>>>>>>>>>>>>>>>>>       ] 6063/7824, 93.6 task/s, elapsed: 65s, ETA:    19s[>>>>>>>>>>>>>>>>>>>>       ] 6064/7824, 93.6 task/s, elapsed: 65s, ETA:    19s[>>>>>>>>>>>>>>>>>>>>       ] 6065/7824, 93.6 task/s, elapsed: 65s, ETA:    19s[>>>>>>>>>>>>>>>>>>>>       ] 6066/7824, 93.6 task/s, elapsed: 65s, ETA:    19s[>>>>>>>>>>>>>>>>>>>>       ] 6067/7824, 93.6 task/s, elapsed: 65s, ETA:    19s[>>>>>>>>>>>>>>>>>>>>       ] 6068/7824, 93.6 task/s, elapsed: 65s, ETA:    19s[>>>>>>>>>>>>>>>>>>>>       ] 6069/7824, 93.6 task/s, elapsed: 65s, ETA:    19s[>>>>>>>>>>>>>>>>>>>>       ] 6070/7824, 93.6 task/s, elapsed: 65s, ETA:    19s[>>>>>>>>>>>>>>>>>>>>       ] 6071/7824, 93.6 task/s, elapsed: 65s, ETA:    19s[>>>>>>>>>>>>>>>>>>>>       ] 6072/7824, 93.6 task/s, elapsed: 65s, ETA:    19s[>>>>>>>>>>>>>>>>>>>>       ] 6073/7824, 93.6 task/s, elapsed: 65s, ETA:    19s[>>>>>>>>>>>>>>>>>>>>       ] 6074/7824, 93.7 task/s, elapsed: 65s, ETA:    19s[>>>>>>>>>>>>>>>>>>>>       ] 6075/7824, 93.7 task/s, elapsed: 65s, ETA:    19s[>>>>>>>>>>>>>>>>>>>>       ] 6076/7824, 93.7 task/s, elapsed: 65s, ETA:    19s[>>>>>>>>>>>>>>>>>>>>       ] 6077/7824, 93.7 task/s, elapsed: 65s, ETA:    19s[>>>>>>>>>>>>>>>>>>>>       ] 6078/7824, 93.7 task/s, elapsed: 65s, ETA:    19s[>>>>>>>>>>>>>>>>>>>>       ] 6079/7824, 93.7 task/s, elapsed: 65s, ETA:    19s[>>>>>>>>>>>>>>>>>>>>       ] 6080/7824, 93.7 task/s, elapsed: 65s, ETA:    19s[>>>>>>>>>>>>>>>>>>>>       ] 6081/7824, 93.7 task/s, elapsed: 65s, ETA:    19s[>>>>>>>>>>>>>>>>>>>>       ] 6082/7824, 93.7 task/s, elapsed: 65s, ETA:    19s[>>>>>>>>>>>>>>>>>>>>       ] 6083/7824, 93.7 task/s, elapsed: 65s, ETA:    19s[>>>>>>>>>>>>>>>>>>>>       ] 6084/7824, 93.7 task/s, elapsed: 65s, ETA:    19s[>>>>>>>>>>>>>>>>>>>>       ] 6085/7824, 93.7 task/s, elapsed: 65s, ETA:    19s[>>>>>>>>>>>>>>>>>>>>>      ] 6086/7824, 93.7 task/s, elapsed: 65s, ETA:    19s[>>>>>>>>>>>>>>>>>>>>>      ] 6087/7824, 93.7 task/s, elapsed: 65s, ETA:    19s[>>>>>>>>>>>>>>>>>>>>>      ] 6088/7824, 93.7 task/s, elapsed: 65s, ETA:    19s[>>>>>>>>>>>>>>>>>>>>>      ] 6089/7824, 93.7 task/s, elapsed: 65s, ETA:    19s[>>>>>>>>>>>>>>>>>>>>>      ] 6090/7824, 93.7 task/s, elapsed: 65s, ETA:    19s[>>>>>>>>>>>>>>>>>>>>>      ] 6091/7824, 93.7 task/s, elapsed: 65s, ETA:    18s[>>>>>>>>>>>>>>>>>>>>>      ] 6092/7824, 93.7 task/s, elapsed: 65s, ETA:    18s[>>>>>>>>>>>>>>>>>>>>>      ] 6093/7824, 93.7 task/s, elapsed: 65s, ETA:    18s[>>>>>>>>>>>>>>>>>>>>>      ] 6094/7824, 93.7 task/s, elapsed: 65s, ETA:    18s[>>>>>>>>>>>>>>>>>>>>>      ] 6095/7824, 93.7 task/s, elapsed: 65s, ETA:    18s[>>>>>>>>>>>>>>>>>>>>>      ] 6096/7824, 93.7 task/s, elapsed: 65s, ETA:    18s[>>>>>>>>>>>>>>>>>>>>>      ] 6097/7824, 93.7 task/s, elapsed: 65s, ETA:    18s[>>>>>>>>>>>>>>>>>>>>>      ] 6098/7824, 93.7 task/s, elapsed: 65s, ETA:    18s[>>>>>>>>>>>>>>>>>>>>>      ] 6099/7824, 93.7 task/s, elapsed: 65s, ETA:    18s[>>>>>>>>>>>>>>>>>>>>>      ] 6100/7824, 93.7 task/s, elapsed: 65s, ETA:    18s[>>>>>>>>>>>>>>>>>>>>>      ] 6101/7824, 93.7 task/s, elapsed: 65s, ETA:    18s[>>>>>>>>>>>>>>>>>>>>>      ] 6102/7824, 93.7 task/s, elapsed: 65s, ETA:    18s[>>>>>>>>>>>>>>>>>>>>>      ] 6103/7824, 93.7 task/s, elapsed: 65s, ETA:    18s[>>>>>>>>>>>>>>>>>>>>>      ] 6104/7824, 93.7 task/s, elapsed: 65s, ETA:    18s[>>>>>>>>>>>>>>>>>>>>>      ] 6105/7824, 93.7 task/s, elapsed: 65s, ETA:    18s[>>>>>>>>>>>>>>>>>>>>>      ] 6106/7824, 93.7 task/s, elapsed: 65s, ETA:    18s[>>>>>>>>>>>>>>>>>>>>>      ] 6107/7824, 93.7 task/s, elapsed: 65s, ETA:    18s[>>>>>>>>>>>>>>>>>>>>>      ] 6108/7824, 93.7 task/s, elapsed: 65s, ETA:    18s[>>>>>>>>>>>>>>>>>>>>>      ] 6109/7824, 93.7 task/s, elapsed: 65s, ETA:    18s[>>>>>>>>>>>>>>>>>>>>>      ] 6110/7824, 93.7 task/s, elapsed: 65s, ETA:    18s[>>>>>>>>>>>>>>>>>>>>>      ] 6111/7824, 93.7 task/s, elapsed: 65s, ETA:    18s[>>>>>>>>>>>>>>>>>>>>>      ] 6112/7824, 93.7 task/s, elapsed: 65s, ETA:    18s[>>>>>>>>>>>>>>>>>>>>>      ] 6113/7824, 93.7 task/s, elapsed: 65s, ETA:    18s[>>>>>>>>>>>>>>>>>>>>>      ] 6114/7824, 93.7 task/s, elapsed: 65s, ETA:    18s[>>>>>>>>>>>>>>>>>>>>>      ] 6115/7824, 93.7 task/s, elapsed: 65s, ETA:    18s[>>>>>>>>>>>>>>>>>>>>>      ] 6116/7824, 93.7 task/s, elapsed: 65s, ETA:    18s[>>>>>>>>>>>>>>>>>>>>>      ] 6117/7824, 93.7 task/s, elapsed: 65s, ETA:    18s[>>>>>>>>>>>>>>>>>>>>>      ] 6118/7824, 93.7 task/s, elapsed: 65s, ETA:    18s[>>>>>>>>>>>>>>>>>>>>>      ] 6119/7824, 93.7 task/s, elapsed: 65s, ETA:    18s[>>>>>>>>>>>>>>>>>>>>>      ] 6120/7824, 93.7 task/s, elapsed: 65s, ETA:    18s[>>>>>>>>>>>>>>>>>>>>>      ] 6121/7824, 93.7 task/s, elapsed: 65s, ETA:    18s[>>>>>>>>>>>>>>>>>>>>>      ] 6122/7824, 93.7 task/s, elapsed: 65s, ETA:    18s[>>>>>>>>>>>>>>>>>>>>>      ] 6123/7824, 93.7 task/s, elapsed: 65s, ETA:    18s[>>>>>>>>>>>>>>>>>>>>>      ] 6124/7824, 93.7 task/s, elapsed: 65s, ETA:    18s[>>>>>>>>>>>>>>>>>>>>>      ] 6125/7824, 93.7 task/s, elapsed: 65s, ETA:    18s[>>>>>>>>>>>>>>>>>>>>>      ] 6126/7824, 93.7 task/s, elapsed: 65s, ETA:    18s[>>>>>>>>>>>>>>>>>>>>>      ] 6127/7824, 93.7 task/s, elapsed: 65s, ETA:    18s[>>>>>>>>>>>>>>>>>>>>>      ] 6128/7824, 93.7 task/s, elapsed: 65s, ETA:    18s[>>>>>>>>>>>>>>>>>>>>>      ] 6129/7824, 93.7 task/s, elapsed: 65s, ETA:    18s[>>>>>>>>>>>>>>>>>>>>>      ] 6130/7824, 93.7 task/s, elapsed: 65s, ETA:    18s[>>>>>>>>>>>>>>>>>>>>>      ] 6131/7824, 93.7 task/s, elapsed: 65s, ETA:    18s[>>>>>>>>>>>>>>>>>>>>>      ] 6132/7824, 93.7 task/s, elapsed: 65s, ETA:    18s[>>>>>>>>>>>>>>>>>>>>>      ] 6133/7824, 93.7 task/s, elapsed: 65s, ETA:    18s[>>>>>>>>>>>>>>>>>>>>>      ] 6134/7824, 93.7 task/s, elapsed: 65s, ETA:    18s[>>>>>>>>>>>>>>>>>>>>>      ] 6135/7824, 93.7 task/s, elapsed: 65s, ETA:    18s[>>>>>>>>>>>>>>>>>>>>>      ] 6136/7824, 93.8 task/s, elapsed: 65s, ETA:    18s[>>>>>>>>>>>>>>>>>>>>>      ] 6137/7824, 93.8 task/s, elapsed: 65s, ETA:    18s[>>>>>>>>>>>>>>>>>>>>>      ] 6138/7824, 93.8 task/s, elapsed: 65s, ETA:    18s[>>>>>>>>>>>>>>>>>>>>>      ] 6139/7824, 93.8 task/s, elapsed: 65s, ETA:    18s[>>>>>>>>>>>>>>>>>>>>>      ] 6140/7824, 93.8 task/s, elapsed: 65s, ETA:    18s[>>>>>>>>>>>>>>>>>>>>>      ] 6141/7824, 93.8 task/s, elapsed: 65s, ETA:    18s[>>>>>>>>>>>>>>>>>>>>>      ] 6142/7824, 93.8 task/s, elapsed: 66s, ETA:    18s[>>>>>>>>>>>>>>>>>>>>>      ] 6143/7824, 93.8 task/s, elapsed: 66s, ETA:    18s[>>>>>>>>>>>>>>>>>>>>>      ] 6144/7824, 93.8 task/s, elapsed: 66s, ETA:    18s[>>>>>>>>>>>>>>>>>>>>>      ] 6145/7824, 93.8 task/s, elapsed: 66s, ETA:    18s[>>>>>>>>>>>>>>>>>>>>>      ] 6146/7824, 93.8 task/s, elapsed: 66s, ETA:    18s[>>>>>>>>>>>>>>>>>>>>>      ] 6147/7824, 93.8 task/s, elapsed: 66s, ETA:    18s[>>>>>>>>>>>>>>>>>>>>>      ] 6148/7824, 93.8 task/s, elapsed: 66s, ETA:    18s[>>>>>>>>>>>>>>>>>>>>>      ] 6149/7824, 93.8 task/s, elapsed: 66s, ETA:    18s[>>>>>>>>>>>>>>>>>>>>>      ] 6150/7824, 93.8 task/s, elapsed: 66s, ETA:    18s[>>>>>>>>>>>>>>>>>>>>>      ] 6151/7824, 93.8 task/s, elapsed: 66s, ETA:    18s[>>>>>>>>>>>>>>>>>>>>>      ] 6152/7824, 93.8 task/s, elapsed: 66s, ETA:    18s[>>>>>>>>>>>>>>>>>>>>>      ] 6153/7824, 93.8 task/s, elapsed: 66s, ETA:    18s[>>>>>>>>>>>>>>>>>>>>>      ] 6154/7824, 93.8 task/s, elapsed: 66s, ETA:    18s[>>>>>>>>>>>>>>>>>>>>>      ] 6155/7824, 93.8 task/s, elapsed: 66s, ETA:    18s[>>>>>>>>>>>>>>>>>>>>>      ] 6156/7824, 93.8 task/s, elapsed: 66s, ETA:    18s[>>>>>>>>>>>>>>>>>>>>>      ] 6157/7824, 93.8 task/s, elapsed: 66s, ETA:    18s[>>>>>>>>>>>>>>>>>>>>>      ] 6158/7824, 93.8 task/s, elapsed: 66s, ETA:    18s[>>>>>>>>>>>>>>>>>>>>>      ] 6159/7824, 93.8 task/s, elapsed: 66s, ETA:    18s[>>>>>>>>>>>>>>>>>>>>>      ] 6160/7824, 93.8 task/s, elapsed: 66s, ETA:    18s[>>>>>>>>>>>>>>>>>>>>>      ] 6161/7824, 93.8 task/s, elapsed: 66s, ETA:    18s[>>>>>>>>>>>>>>>>>>>>>      ] 6162/7824, 93.8 task/s, elapsed: 66s, ETA:    18s[>>>>>>>>>>>>>>>>>>>>>      ] 6163/7824, 93.8 task/s, elapsed: 66s, ETA:    18s[>>>>>>>>>>>>>>>>>>>>>      ] 6164/7824, 93.8 task/s, elapsed: 66s, ETA:    18s[>>>>>>>>>>>>>>>>>>>>>      ] 6165/7824, 93.8 task/s, elapsed: 66s, ETA:    18s[>>>>>>>>>>>>>>>>>>>>>      ] 6166/7824, 93.8 task/s, elapsed: 66s, ETA:    18s[>>>>>>>>>>>>>>>>>>>>>      ] 6167/7824, 93.8 task/s, elapsed: 66s, ETA:    18s[>>>>>>>>>>>>>>>>>>>>>      ] 6168/7824, 93.8 task/s, elapsed: 66s, ETA:    18s[>>>>>>>>>>>>>>>>>>>>>      ] 6169/7824, 93.8 task/s, elapsed: 66s, ETA:    18s[>>>>>>>>>>>>>>>>>>>>>      ] 6170/7824, 93.8 task/s, elapsed: 66s, ETA:    18s[>>>>>>>>>>>>>>>>>>>>>      ] 6171/7824, 93.8 task/s, elapsed: 66s, ETA:    18s[>>>>>>>>>>>>>>>>>>>>>      ] 6172/7824, 93.8 task/s, elapsed: 66s, ETA:    18s[>>>>>>>>>>>>>>>>>>>>>      ] 6173/7824, 93.8 task/s, elapsed: 66s, ETA:    18s[>>>>>>>>>>>>>>>>>>>>>      ] 6174/7824, 93.8 task/s, elapsed: 66s, ETA:    18s[>>>>>>>>>>>>>>>>>>>>>      ] 6175/7824, 93.8 task/s, elapsed: 66s, ETA:    18s[>>>>>>>>>>>>>>>>>>>>>      ] 6176/7824, 93.8 task/s, elapsed: 66s, ETA:    18s[>>>>>>>>>>>>>>>>>>>>>      ] 6177/7824, 93.8 task/s, elapsed: 66s, ETA:    18s[>>>>>>>>>>>>>>>>>>>>>      ] 6178/7824, 93.8 task/s, elapsed: 66s, ETA:    18s[>>>>>>>>>>>>>>>>>>>>>      ] 6179/7824, 93.8 task/s, elapsed: 66s, ETA:    18s[>>>>>>>>>>>>>>>>>>>>>      ] 6180/7824, 93.8 task/s, elapsed: 66s, ETA:    18s[>>>>>>>>>>>>>>>>>>>>>      ] 6181/7824, 93.8 task/s, elapsed: 66s, ETA:    18s[>>>>>>>>>>>>>>>>>>>>>      ] 6182/7824, 93.8 task/s, elapsed: 66s, ETA:    17s[>>>>>>>>>>>>>>>>>>>>>      ] 6183/7824, 93.8 task/s, elapsed: 66s, ETA:    17s[>>>>>>>>>>>>>>>>>>>>>      ] 6184/7824, 93.8 task/s, elapsed: 66s, ETA:    17s[>>>>>>>>>>>>>>>>>>>>>      ] 6185/7824, 93.8 task/s, elapsed: 66s, ETA:    17s[>>>>>>>>>>>>>>>>>>>>>      ] 6186/7824, 93.8 task/s, elapsed: 66s, ETA:    17s[>>>>>>>>>>>>>>>>>>>>>      ] 6187/7824, 93.8 task/s, elapsed: 66s, ETA:    17s[>>>>>>>>>>>>>>>>>>>>>      ] 6188/7824, 93.9 task/s, elapsed: 66s, ETA:    17s[>>>>>>>>>>>>>>>>>>>>>      ] 6189/7824, 93.9 task/s, elapsed: 66s, ETA:    17s[>>>>>>>>>>>>>>>>>>>>>      ] 6190/7824, 93.9 task/s, elapsed: 66s, ETA:    17s[>>>>>>>>>>>>>>>>>>>>>      ] 6191/7824, 93.9 task/s, elapsed: 66s, ETA:    17s[>>>>>>>>>>>>>>>>>>>>>      ] 6192/7824, 93.9 task/s, elapsed: 66s, ETA:    17s[>>>>>>>>>>>>>>>>>>>>>      ] 6193/7824, 93.9 task/s, elapsed: 66s, ETA:    17s[>>>>>>>>>>>>>>>>>>>>>      ] 6194/7824, 93.9 task/s, elapsed: 66s, ETA:    17s[>>>>>>>>>>>>>>>>>>>>>      ] 6195/7824, 93.9 task/s, elapsed: 66s, ETA:    17s[>>>>>>>>>>>>>>>>>>>>>      ] 6196/7824, 93.9 task/s, elapsed: 66s, ETA:    17s[>>>>>>>>>>>>>>>>>>>>>      ] 6197/7824, 93.9 task/s, elapsed: 66s, ETA:    17s[>>>>>>>>>>>>>>>>>>>>>      ] 6198/7824, 93.9 task/s, elapsed: 66s, ETA:    17s[>>>>>>>>>>>>>>>>>>>>>      ] 6199/7824, 93.9 task/s, elapsed: 66s, ETA:    17s[>>>>>>>>>>>>>>>>>>>>>      ] 6200/7824, 93.9 task/s, elapsed: 66s, ETA:    17s[>>>>>>>>>>>>>>>>>>>>>      ] 6201/7824, 93.9 task/s, elapsed: 66s, ETA:    17s[>>>>>>>>>>>>>>>>>>>>>      ] 6202/7824, 93.9 task/s, elapsed: 66s, ETA:    17s[>>>>>>>>>>>>>>>>>>>>>      ] 6203/7824, 93.9 task/s, elapsed: 66s, ETA:    17s[>>>>>>>>>>>>>>>>>>>>>      ] 6204/7824, 93.9 task/s, elapsed: 66s, ETA:    17s[>>>>>>>>>>>>>>>>>>>>>      ] 6205/7824, 93.9 task/s, elapsed: 66s, ETA:    17s[>>>>>>>>>>>>>>>>>>>>>      ] 6206/7824, 93.9 task/s, elapsed: 66s, ETA:    17s[>>>>>>>>>>>>>>>>>>>>>      ] 6207/7824, 93.9 task/s, elapsed: 66s, ETA:    17s[>>>>>>>>>>>>>>>>>>>>>      ] 6208/7824, 93.9 task/s, elapsed: 66s, ETA:    17s[>>>>>>>>>>>>>>>>>>>>>      ] 6209/7824, 93.9 task/s, elapsed: 66s, ETA:    17s[>>>>>>>>>>>>>>>>>>>>>      ] 6210/7824, 93.9 task/s, elapsed: 66s, ETA:    17s[>>>>>>>>>>>>>>>>>>>>>      ] 6211/7824, 93.9 task/s, elapsed: 66s, ETA:    17s[>>>>>>>>>>>>>>>>>>>>>      ] 6212/7824, 93.9 task/s, elapsed: 66s, ETA:    17s[>>>>>>>>>>>>>>>>>>>>>      ] 6213/7824, 93.9 task/s, elapsed: 66s, ETA:    17s[>>>>>>>>>>>>>>>>>>>>>      ] 6214/7824, 93.9 task/s, elapsed: 66s, ETA:    17s[>>>>>>>>>>>>>>>>>>>>>      ] 6215/7824, 93.9 task/s, elapsed: 66s, ETA:    17s[>>>>>>>>>>>>>>>>>>>>>      ] 6216/7824, 93.9 task/s, elapsed: 66s, ETA:    17s[>>>>>>>>>>>>>>>>>>>>>      ] 6217/7824, 93.9 task/s, elapsed: 66s, ETA:    17s[>>>>>>>>>>>>>>>>>>>>>      ] 6218/7824, 93.9 task/s, elapsed: 66s, ETA:    17s[>>>>>>>>>>>>>>>>>>>>>      ] 6219/7824, 93.9 task/s, elapsed: 66s, ETA:    17s[>>>>>>>>>>>>>>>>>>>>>      ] 6220/7824, 93.9 task/s, elapsed: 66s, ETA:    17s[>>>>>>>>>>>>>>>>>>>>>      ] 6221/7824, 93.9 task/s, elapsed: 66s, ETA:    17s[>>>>>>>>>>>>>>>>>>>>>      ] 6222/7824, 93.9 task/s, elapsed: 66s, ETA:    17s[>>>>>>>>>>>>>>>>>>>>>      ] 6223/7824, 93.9 task/s, elapsed: 66s, ETA:    17s[>>>>>>>>>>>>>>>>>>>>>      ] 6224/7824, 93.9 task/s, elapsed: 66s, ETA:    17s[>>>>>>>>>>>>>>>>>>>>>      ] 6225/7824, 93.9 task/s, elapsed: 66s, ETA:    17s[>>>>>>>>>>>>>>>>>>>>>      ] 6226/7824, 93.9 task/s, elapsed: 66s, ETA:    17s[>>>>>>>>>>>>>>>>>>>>>      ] 6227/7824, 93.9 task/s, elapsed: 66s, ETA:    17s[>>>>>>>>>>>>>>>>>>>>>      ] 6228/7824, 93.9 task/s, elapsed: 66s, ETA:    17s[>>>>>>>>>>>>>>>>>>>>>      ] 6229/7824, 93.9 task/s, elapsed: 66s, ETA:    17s[>>>>>>>>>>>>>>>>>>>>>      ] 6230/7824, 93.9 task/s, elapsed: 66s, ETA:    17s[>>>>>>>>>>>>>>>>>>>>>      ] 6231/7824, 93.9 task/s, elapsed: 66s, ETA:    17s[>>>>>>>>>>>>>>>>>>>>>      ] 6232/7824, 93.9 task/s, elapsed: 66s, ETA:    17s[>>>>>>>>>>>>>>>>>>>>>      ] 6233/7824, 93.9 task/s, elapsed: 66s, ETA:    17s[>>>>>>>>>>>>>>>>>>>>>      ] 6234/7824, 93.9 task/s, elapsed: 66s, ETA:    17s[>>>>>>>>>>>>>>>>>>>>>      ] 6235/7824, 93.9 task/s, elapsed: 66s, ETA:    17s[>>>>>>>>>>>>>>>>>>>>>      ] 6236/7824, 93.9 task/s, elapsed: 66s, ETA:    17s[>>>>>>>>>>>>>>>>>>>>>      ] 6237/7824, 93.9 task/s, elapsed: 66s, ETA:    17s[>>>>>>>>>>>>>>>>>>>>>      ] 6238/7824, 93.9 task/s, elapsed: 66s, ETA:    17s[>>>>>>>>>>>>>>>>>>>>>      ] 6239/7824, 93.9 task/s, elapsed: 66s, ETA:    17s[>>>>>>>>>>>>>>>>>>>>>      ] 6240/7824, 93.9 task/s, elapsed: 66s, ETA:    17s[>>>>>>>>>>>>>>>>>>>>>      ] 6241/7824, 93.9 task/s, elapsed: 66s, ETA:    17s[>>>>>>>>>>>>>>>>>>>>>      ] 6242/7824, 93.9 task/s, elapsed: 66s, ETA:    17s[>>>>>>>>>>>>>>>>>>>>>      ] 6243/7824, 93.9 task/s, elapsed: 66s, ETA:    17s[>>>>>>>>>>>>>>>>>>>>>      ] 6244/7824, 93.9 task/s, elapsed: 66s, ETA:    17s[>>>>>>>>>>>>>>>>>>>>>      ] 6245/7824, 93.9 task/s, elapsed: 66s, ETA:    17s[>>>>>>>>>>>>>>>>>>>>>      ] 6246/7824, 93.9 task/s, elapsed: 66s, ETA:    17s[>>>>>>>>>>>>>>>>>>>>>      ] 6247/7824, 93.9 task/s, elapsed: 66s, ETA:    17s[>>>>>>>>>>>>>>>>>>>>>      ] 6248/7824, 93.9 task/s, elapsed: 67s, ETA:    17s[>>>>>>>>>>>>>>>>>>>>>      ] 6249/7824, 94.0 task/s, elapsed: 67s, ETA:    17s[>>>>>>>>>>>>>>>>>>>>>      ] 6250/7824, 94.0 task/s, elapsed: 67s, ETA:    17s[>>>>>>>>>>>>>>>>>>>>>      ] 6251/7824, 94.0 task/s, elapsed: 67s, ETA:    17s[>>>>>>>>>>>>>>>>>>>>>      ] 6252/7824, 94.0 task/s, elapsed: 67s, ETA:    17s[>>>>>>>>>>>>>>>>>>>>>      ] 6253/7824, 94.0 task/s, elapsed: 67s, ETA:    17s[>>>>>>>>>>>>>>>>>>>>>      ] 6254/7824, 94.0 task/s, elapsed: 67s, ETA:    17s[>>>>>>>>>>>>>>>>>>>>>      ] 6255/7824, 94.0 task/s, elapsed: 67s, ETA:    17s[>>>>>>>>>>>>>>>>>>>>>      ] 6256/7824, 94.0 task/s, elapsed: 67s, ETA:    17s[>>>>>>>>>>>>>>>>>>>>>      ] 6257/7824, 94.0 task/s, elapsed: 67s, ETA:    17s[>>>>>>>>>>>>>>>>>>>>>      ] 6258/7824, 94.0 task/s, elapsed: 67s, ETA:    17s[>>>>>>>>>>>>>>>>>>>>>      ] 6259/7824, 94.0 task/s, elapsed: 67s, ETA:    17s[>>>>>>>>>>>>>>>>>>>>>      ] 6260/7824, 94.0 task/s, elapsed: 67s, ETA:    17s[>>>>>>>>>>>>>>>>>>>>>      ] 6261/7824, 94.0 task/s, elapsed: 67s, ETA:    17s[>>>>>>>>>>>>>>>>>>>>>      ] 6262/7824, 94.0 task/s, elapsed: 67s, ETA:    17s[>>>>>>>>>>>>>>>>>>>>>      ] 6263/7824, 94.0 task/s, elapsed: 67s, ETA:    17s[>>>>>>>>>>>>>>>>>>>>>      ] 6264/7824, 94.0 task/s, elapsed: 67s, ETA:    17s[>>>>>>>>>>>>>>>>>>>>>      ] 6265/7824, 94.0 task/s, elapsed: 67s, ETA:    17s[>>>>>>>>>>>>>>>>>>>>>      ] 6266/7824, 94.0 task/s, elapsed: 67s, ETA:    17s[>>>>>>>>>>>>>>>>>>>>>      ] 6267/7824, 94.0 task/s, elapsed: 67s, ETA:    17s[>>>>>>>>>>>>>>>>>>>>>      ] 6268/7824, 94.0 task/s, elapsed: 67s, ETA:    17s[>>>>>>>>>>>>>>>>>>>>>      ] 6269/7824, 94.0 task/s, elapsed: 67s, ETA:    17s[>>>>>>>>>>>>>>>>>>>>>      ] 6270/7824, 94.0 task/s, elapsed: 67s, ETA:    17s[>>>>>>>>>>>>>>>>>>>>>      ] 6271/7824, 94.0 task/s, elapsed: 67s, ETA:    17s[>>>>>>>>>>>>>>>>>>>>>      ] 6272/7824, 94.0 task/s, elapsed: 67s, ETA:    17s[>>>>>>>>>>>>>>>>>>>>>      ] 6273/7824, 94.0 task/s, elapsed: 67s, ETA:    17s[>>>>>>>>>>>>>>>>>>>>>      ] 6274/7824, 94.0 task/s, elapsed: 67s, ETA:    16s[>>>>>>>>>>>>>>>>>>>>>      ] 6275/7824, 94.0 task/s, elapsed: 67s, ETA:    16s[>>>>>>>>>>>>>>>>>>>>>      ] 6276/7824, 94.0 task/s, elapsed: 67s, ETA:    16s[>>>>>>>>>>>>>>>>>>>>>      ] 6277/7824, 94.0 task/s, elapsed: 67s, ETA:    16s[>>>>>>>>>>>>>>>>>>>>>      ] 6278/7824, 94.0 task/s, elapsed: 67s, ETA:    16s[>>>>>>>>>>>>>>>>>>>>>      ] 6279/7824, 94.0 task/s, elapsed: 67s, ETA:    16s[>>>>>>>>>>>>>>>>>>>>>      ] 6280/7824, 94.0 task/s, elapsed: 67s, ETA:    16s[>>>>>>>>>>>>>>>>>>>>>      ] 6281/7824, 94.0 task/s, elapsed: 67s, ETA:    16s[>>>>>>>>>>>>>>>>>>>>>      ] 6282/7824, 94.0 task/s, elapsed: 67s, ETA:    16s[>>>>>>>>>>>>>>>>>>>>>      ] 6283/7824, 94.0 task/s, elapsed: 67s, ETA:    16s[>>>>>>>>>>>>>>>>>>>>>      ] 6284/7824, 94.0 task/s, elapsed: 67s, ETA:    16s[>>>>>>>>>>>>>>>>>>>>>      ] 6285/7824, 94.0 task/s, elapsed: 67s, ETA:    16s[>>>>>>>>>>>>>>>>>>>>>      ] 6286/7824, 94.0 task/s, elapsed: 67s, ETA:    16s[>>>>>>>>>>>>>>>>>>>>>      ] 6287/7824, 94.0 task/s, elapsed: 67s, ETA:    16s[>>>>>>>>>>>>>>>>>>>>>      ] 6288/7824, 94.0 task/s, elapsed: 67s, ETA:    16s[>>>>>>>>>>>>>>>>>>>>>      ] 6289/7824, 94.0 task/s, elapsed: 67s, ETA:    16s[>>>>>>>>>>>>>>>>>>>>>      ] 6290/7824, 94.0 task/s, elapsed: 67s, ETA:    16s[>>>>>>>>>>>>>>>>>>>>>      ] 6291/7824, 94.0 task/s, elapsed: 67s, ETA:    16s[>>>>>>>>>>>>>>>>>>>>>      ] 6292/7824, 94.0 task/s, elapsed: 67s, ETA:    16s[>>>>>>>>>>>>>>>>>>>>>      ] 6293/7824, 94.0 task/s, elapsed: 67s, ETA:    16s[>>>>>>>>>>>>>>>>>>>>>      ] 6294/7824, 94.0 task/s, elapsed: 67s, ETA:    16s[>>>>>>>>>>>>>>>>>>>>>      ] 6295/7824, 94.0 task/s, elapsed: 67s, ETA:    16s[>>>>>>>>>>>>>>>>>>>>>      ] 6296/7824, 94.0 task/s, elapsed: 67s, ETA:    16s[>>>>>>>>>>>>>>>>>>>>>      ] 6297/7824, 94.0 task/s, elapsed: 67s, ETA:    16s[>>>>>>>>>>>>>>>>>>>>>      ] 6298/7824, 94.0 task/s, elapsed: 67s, ETA:    16s[>>>>>>>>>>>>>>>>>>>>>      ] 6299/7824, 94.0 task/s, elapsed: 67s, ETA:    16s[>>>>>>>>>>>>>>>>>>>>>      ] 6300/7824, 94.0 task/s, elapsed: 67s, ETA:    16s[>>>>>>>>>>>>>>>>>>>>>      ] 6301/7824, 94.0 task/s, elapsed: 67s, ETA:    16s[>>>>>>>>>>>>>>>>>>>>>      ] 6302/7824, 94.0 task/s, elapsed: 67s, ETA:    16s[>>>>>>>>>>>>>>>>>>>>>      ] 6303/7824, 94.0 task/s, elapsed: 67s, ETA:    16s[>>>>>>>>>>>>>>>>>>>>>      ] 6304/7824, 94.0 task/s, elapsed: 67s, ETA:    16s[>>>>>>>>>>>>>>>>>>>>>      ] 6305/7824, 94.0 task/s, elapsed: 67s, ETA:    16s[>>>>>>>>>>>>>>>>>>>>>      ] 6306/7824, 94.0 task/s, elapsed: 67s, ETA:    16s[>>>>>>>>>>>>>>>>>>>>>      ] 6307/7824, 94.0 task/s, elapsed: 67s, ETA:    16s[>>>>>>>>>>>>>>>>>>>>>      ] 6308/7824, 94.0 task/s, elapsed: 67s, ETA:    16s[>>>>>>>>>>>>>>>>>>>>>      ] 6309/7824, 94.0 task/s, elapsed: 67s, ETA:    16s[>>>>>>>>>>>>>>>>>>>>>      ] 6310/7824, 94.0 task/s, elapsed: 67s, ETA:    16s[>>>>>>>>>>>>>>>>>>>>>      ] 6311/7824, 94.0 task/s, elapsed: 67s, ETA:    16s[>>>>>>>>>>>>>>>>>>>>>      ] 6312/7824, 94.1 task/s, elapsed: 67s, ETA:    16s[>>>>>>>>>>>>>>>>>>>>>      ] 6313/7824, 94.1 task/s, elapsed: 67s, ETA:    16s[>>>>>>>>>>>>>>>>>>>>>      ] 6314/7824, 94.1 task/s, elapsed: 67s, ETA:    16s[>>>>>>>>>>>>>>>>>>>>>      ] 6315/7824, 94.1 task/s, elapsed: 67s, ETA:    16s[>>>>>>>>>>>>>>>>>>>>>      ] 6316/7824, 94.1 task/s, elapsed: 67s, ETA:    16s[>>>>>>>>>>>>>>>>>>>>>      ] 6317/7824, 94.1 task/s, elapsed: 67s, ETA:    16s[>>>>>>>>>>>>>>>>>>>>>      ] 6318/7824, 94.1 task/s, elapsed: 67s, ETA:    16s[>>>>>>>>>>>>>>>>>>>>>      ] 6319/7824, 94.1 task/s, elapsed: 67s, ETA:    16s[>>>>>>>>>>>>>>>>>>>>>      ] 6320/7824, 94.1 task/s, elapsed: 67s, ETA:    16s[>>>>>>>>>>>>>>>>>>>>>      ] 6321/7824, 94.1 task/s, elapsed: 67s, ETA:    16s[>>>>>>>>>>>>>>>>>>>>>      ] 6322/7824, 94.1 task/s, elapsed: 67s, ETA:    16s[>>>>>>>>>>>>>>>>>>>>>      ] 6323/7824, 94.1 task/s, elapsed: 67s, ETA:    16s[>>>>>>>>>>>>>>>>>>>>>      ] 6324/7824, 94.1 task/s, elapsed: 67s, ETA:    16s[>>>>>>>>>>>>>>>>>>>>>      ] 6325/7824, 94.1 task/s, elapsed: 67s, ETA:    16s[>>>>>>>>>>>>>>>>>>>>>      ] 6326/7824, 94.1 task/s, elapsed: 67s, ETA:    16s[>>>>>>>>>>>>>>>>>>>>>      ] 6327/7824, 94.1 task/s, elapsed: 67s, ETA:    16s[>>>>>>>>>>>>>>>>>>>>>      ] 6328/7824, 94.1 task/s, elapsed: 67s, ETA:    16s[>>>>>>>>>>>>>>>>>>>>>      ] 6329/7824, 94.1 task/s, elapsed: 67s, ETA:    16s[>>>>>>>>>>>>>>>>>>>>>      ] 6330/7824, 94.1 task/s, elapsed: 67s, ETA:    16s[>>>>>>>>>>>>>>>>>>>>>      ] 6331/7824, 94.1 task/s, elapsed: 67s, ETA:    16s[>>>>>>>>>>>>>>>>>>>>>      ] 6332/7824, 94.1 task/s, elapsed: 67s, ETA:    16s[>>>>>>>>>>>>>>>>>>>>>      ] 6333/7824, 94.1 task/s, elapsed: 67s, ETA:    16s[>>>>>>>>>>>>>>>>>>>>>      ] 6334/7824, 94.1 task/s, elapsed: 67s, ETA:    16s[>>>>>>>>>>>>>>>>>>>>>      ] 6335/7824, 94.1 task/s, elapsed: 67s, ETA:    16s[>>>>>>>>>>>>>>>>>>>>>      ] 6336/7824, 94.1 task/s, elapsed: 67s, ETA:    16s[>>>>>>>>>>>>>>>>>>>>>      ] 6337/7824, 94.1 task/s, elapsed: 67s, ETA:    16s[>>>>>>>>>>>>>>>>>>>>>      ] 6338/7824, 94.1 task/s, elapsed: 67s, ETA:    16s[>>>>>>>>>>>>>>>>>>>>>      ] 6339/7824, 94.1 task/s, elapsed: 67s, ETA:    16s[>>>>>>>>>>>>>>>>>>>>>      ] 6340/7824, 94.1 task/s, elapsed: 67s, ETA:    16s[>>>>>>>>>>>>>>>>>>>>>      ] 6341/7824, 94.1 task/s, elapsed: 67s, ETA:    16s[>>>>>>>>>>>>>>>>>>>>>      ] 6342/7824, 94.1 task/s, elapsed: 67s, ETA:    16s[>>>>>>>>>>>>>>>>>>>>>      ] 6343/7824, 94.1 task/s, elapsed: 67s, ETA:    16s[>>>>>>>>>>>>>>>>>>>>>      ] 6344/7824, 94.1 task/s, elapsed: 67s, ETA:    16s[>>>>>>>>>>>>>>>>>>>>>      ] 6345/7824, 94.1 task/s, elapsed: 67s, ETA:    16s[>>>>>>>>>>>>>>>>>>>>>      ] 6346/7824, 94.1 task/s, elapsed: 67s, ETA:    16s[>>>>>>>>>>>>>>>>>>>>>      ] 6347/7824, 94.1 task/s, elapsed: 67s, ETA:    16s[>>>>>>>>>>>>>>>>>>>>>      ] 6348/7824, 94.1 task/s, elapsed: 67s, ETA:    16s[>>>>>>>>>>>>>>>>>>>>>      ] 6349/7824, 94.1 task/s, elapsed: 67s, ETA:    16s[>>>>>>>>>>>>>>>>>>>>>      ] 6350/7824, 94.1 task/s, elapsed: 67s, ETA:    16s[>>>>>>>>>>>>>>>>>>>>>      ] 6351/7824, 94.1 task/s, elapsed: 67s, ETA:    16s[>>>>>>>>>>>>>>>>>>>>>      ] 6352/7824, 94.1 task/s, elapsed: 67s, ETA:    16s[>>>>>>>>>>>>>>>>>>>>>      ] 6353/7824, 94.1 task/s, elapsed: 67s, ETA:    16s[>>>>>>>>>>>>>>>>>>>>>      ] 6354/7824, 94.1 task/s, elapsed: 68s, ETA:    16s[>>>>>>>>>>>>>>>>>>>>>      ] 6355/7824, 94.1 task/s, elapsed: 68s, ETA:    16s[>>>>>>>>>>>>>>>>>>>>>      ] 6356/7824, 94.1 task/s, elapsed: 68s, ETA:    16s[>>>>>>>>>>>>>>>>>>>>>      ] 6357/7824, 94.1 task/s, elapsed: 68s, ETA:    16s[>>>>>>>>>>>>>>>>>>>>>      ] 6358/7824, 94.1 task/s, elapsed: 68s, ETA:    16s[>>>>>>>>>>>>>>>>>>>>>      ] 6359/7824, 94.1 task/s, elapsed: 68s, ETA:    16s[>>>>>>>>>>>>>>>>>>>>>      ] 6360/7824, 94.1 task/s, elapsed: 68s, ETA:    16s[>>>>>>>>>>>>>>>>>>>>>      ] 6361/7824, 94.1 task/s, elapsed: 68s, ETA:    16s[>>>>>>>>>>>>>>>>>>>>>      ] 6362/7824, 94.1 task/s, elapsed: 68s, ETA:    16s[>>>>>>>>>>>>>>>>>>>>>      ] 6363/7824, 94.1 task/s, elapsed: 68s, ETA:    16s[>>>>>>>>>>>>>>>>>>>>>      ] 6364/7824, 94.1 task/s, elapsed: 68s, ETA:    16s[>>>>>>>>>>>>>>>>>>>>>      ] 6365/7824, 94.1 task/s, elapsed: 68s, ETA:    15s[>>>>>>>>>>>>>>>>>>>>>      ] 6366/7824, 94.1 task/s, elapsed: 68s, ETA:    15s[>>>>>>>>>>>>>>>>>>>>>      ] 6367/7824, 94.2 task/s, elapsed: 68s, ETA:    15s[>>>>>>>>>>>>>>>>>>>>>      ] 6368/7824, 94.2 task/s, elapsed: 68s, ETA:    15s[>>>>>>>>>>>>>>>>>>>>>      ] 6369/7824, 94.2 task/s, elapsed: 68s, ETA:    15s[>>>>>>>>>>>>>>>>>>>>>      ] 6370/7824, 94.2 task/s, elapsed: 68s, ETA:    15s[>>>>>>>>>>>>>>>>>>>>>      ] 6371/7824, 94.2 task/s, elapsed: 68s, ETA:    15s[>>>>>>>>>>>>>>>>>>>>>      ] 6372/7824, 94.2 task/s, elapsed: 68s, ETA:    15s[>>>>>>>>>>>>>>>>>>>>>      ] 6373/7824, 94.2 task/s, elapsed: 68s, ETA:    15s[>>>>>>>>>>>>>>>>>>>>>      ] 6374/7824, 94.2 task/s, elapsed: 68s, ETA:    15s[>>>>>>>>>>>>>>>>>>>>>      ] 6375/7824, 94.2 task/s, elapsed: 68s, ETA:    15s[>>>>>>>>>>>>>>>>>>>>>>     ] 6376/7824, 94.2 task/s, elapsed: 68s, ETA:    15s[>>>>>>>>>>>>>>>>>>>>>>     ] 6377/7824, 94.2 task/s, elapsed: 68s, ETA:    15s[>>>>>>>>>>>>>>>>>>>>>>     ] 6378/7824, 94.2 task/s, elapsed: 68s, ETA:    15s[>>>>>>>>>>>>>>>>>>>>>>     ] 6379/7824, 94.2 task/s, elapsed: 68s, ETA:    15s[>>>>>>>>>>>>>>>>>>>>>>     ] 6380/7824, 94.2 task/s, elapsed: 68s, ETA:    15s[>>>>>>>>>>>>>>>>>>>>>>     ] 6381/7824, 94.2 task/s, elapsed: 68s, ETA:    15s[>>>>>>>>>>>>>>>>>>>>>>     ] 6382/7824, 94.2 task/s, elapsed: 68s, ETA:    15s[>>>>>>>>>>>>>>>>>>>>>>     ] 6383/7824, 94.2 task/s, elapsed: 68s, ETA:    15s[>>>>>>>>>>>>>>>>>>>>>>     ] 6384/7824, 94.2 task/s, elapsed: 68s, ETA:    15s[>>>>>>>>>>>>>>>>>>>>>>     ] 6385/7824, 94.2 task/s, elapsed: 68s, ETA:    15s[>>>>>>>>>>>>>>>>>>>>>>     ] 6386/7824, 94.2 task/s, elapsed: 68s, ETA:    15s[>>>>>>>>>>>>>>>>>>>>>>     ] 6387/7824, 94.2 task/s, elapsed: 68s, ETA:    15s[>>>>>>>>>>>>>>>>>>>>>>     ] 6388/7824, 94.2 task/s, elapsed: 68s, ETA:    15s[>>>>>>>>>>>>>>>>>>>>>>     ] 6389/7824, 94.2 task/s, elapsed: 68s, ETA:    15s[>>>>>>>>>>>>>>>>>>>>>>     ] 6390/7824, 94.2 task/s, elapsed: 68s, ETA:    15s[>>>>>>>>>>>>>>>>>>>>>>     ] 6391/7824, 94.2 task/s, elapsed: 68s, ETA:    15s[>>>>>>>>>>>>>>>>>>>>>>     ] 6392/7824, 94.2 task/s, elapsed: 68s, ETA:    15s[>>>>>>>>>>>>>>>>>>>>>>     ] 6393/7824, 94.2 task/s, elapsed: 68s, ETA:    15s[>>>>>>>>>>>>>>>>>>>>>>     ] 6394/7824, 94.2 task/s, elapsed: 68s, ETA:    15s[>>>>>>>>>>>>>>>>>>>>>>     ] 6395/7824, 94.2 task/s, elapsed: 68s, ETA:    15s[>>>>>>>>>>>>>>>>>>>>>>     ] 6396/7824, 94.2 task/s, elapsed: 68s, ETA:    15s[>>>>>>>>>>>>>>>>>>>>>>     ] 6397/7824, 94.2 task/s, elapsed: 68s, ETA:    15s[>>>>>>>>>>>>>>>>>>>>>>     ] 6398/7824, 94.2 task/s, elapsed: 68s, ETA:    15s[>>>>>>>>>>>>>>>>>>>>>>     ] 6399/7824, 94.2 task/s, elapsed: 68s, ETA:    15s[>>>>>>>>>>>>>>>>>>>>>>     ] 6400/7824, 94.2 task/s, elapsed: 68s, ETA:    15s[>>>>>>>>>>>>>>>>>>>>>>     ] 6401/7824, 94.2 task/s, elapsed: 68s, ETA:    15s[>>>>>>>>>>>>>>>>>>>>>>     ] 6402/7824, 94.2 task/s, elapsed: 68s, ETA:    15s[>>>>>>>>>>>>>>>>>>>>>>     ] 6403/7824, 94.2 task/s, elapsed: 68s, ETA:    15s[>>>>>>>>>>>>>>>>>>>>>>     ] 6404/7824, 94.2 task/s, elapsed: 68s, ETA:    15s[>>>>>>>>>>>>>>>>>>>>>>     ] 6405/7824, 94.2 task/s, elapsed: 68s, ETA:    15s[>>>>>>>>>>>>>>>>>>>>>>     ] 6406/7824, 94.2 task/s, elapsed: 68s, ETA:    15s[>>>>>>>>>>>>>>>>>>>>>>     ] 6407/7824, 94.2 task/s, elapsed: 68s, ETA:    15s[>>>>>>>>>>>>>>>>>>>>>>     ] 6408/7824, 94.2 task/s, elapsed: 68s, ETA:    15s[>>>>>>>>>>>>>>>>>>>>>>     ] 6409/7824, 94.2 task/s, elapsed: 68s, ETA:    15s[>>>>>>>>>>>>>>>>>>>>>>     ] 6410/7824, 94.2 task/s, elapsed: 68s, ETA:    15s[>>>>>>>>>>>>>>>>>>>>>>     ] 6411/7824, 94.2 task/s, elapsed: 68s, ETA:    15s[>>>>>>>>>>>>>>>>>>>>>>     ] 6412/7824, 94.2 task/s, elapsed: 68s, ETA:    15s[>>>>>>>>>>>>>>>>>>>>>>     ] 6413/7824, 94.2 task/s, elapsed: 68s, ETA:    15s[>>>>>>>>>>>>>>>>>>>>>>     ] 6414/7824, 94.2 task/s, elapsed: 68s, ETA:    15s[>>>>>>>>>>>>>>>>>>>>>>     ] 6415/7824, 94.2 task/s, elapsed: 68s, ETA:    15s[>>>>>>>>>>>>>>>>>>>>>>     ] 6416/7824, 94.2 task/s, elapsed: 68s, ETA:    15s[>>>>>>>>>>>>>>>>>>>>>>     ] 6417/7824, 94.2 task/s, elapsed: 68s, ETA:    15s[>>>>>>>>>>>>>>>>>>>>>>     ] 6418/7824, 94.2 task/s, elapsed: 68s, ETA:    15s[>>>>>>>>>>>>>>>>>>>>>>     ] 6419/7824, 94.2 task/s, elapsed: 68s, ETA:    15s[>>>>>>>>>>>>>>>>>>>>>>     ] 6420/7824, 94.2 task/s, elapsed: 68s, ETA:    15s[>>>>>>>>>>>>>>>>>>>>>>     ] 6421/7824, 94.2 task/s, elapsed: 68s, ETA:    15s[>>>>>>>>>>>>>>>>>>>>>>     ] 6422/7824, 94.2 task/s, elapsed: 68s, ETA:    15s[>>>>>>>>>>>>>>>>>>>>>>     ] 6423/7824, 94.2 task/s, elapsed: 68s, ETA:    15s[>>>>>>>>>>>>>>>>>>>>>>     ] 6424/7824, 94.2 task/s, elapsed: 68s, ETA:    15s[>>>>>>>>>>>>>>>>>>>>>>     ] 6425/7824, 94.2 task/s, elapsed: 68s, ETA:    15s[>>>>>>>>>>>>>>>>>>>>>>     ] 6426/7824, 94.2 task/s, elapsed: 68s, ETA:    15s[>>>>>>>>>>>>>>>>>>>>>>     ] 6427/7824, 94.2 task/s, elapsed: 68s, ETA:    15s[>>>>>>>>>>>>>>>>>>>>>>     ] 6428/7824, 94.2 task/s, elapsed: 68s, ETA:    15s[>>>>>>>>>>>>>>>>>>>>>>     ] 6429/7824, 94.2 task/s, elapsed: 68s, ETA:    15s[>>>>>>>>>>>>>>>>>>>>>>     ] 6430/7824, 94.2 task/s, elapsed: 68s, ETA:    15s[>>>>>>>>>>>>>>>>>>>>>>     ] 6431/7824, 94.2 task/s, elapsed: 68s, ETA:    15s[>>>>>>>>>>>>>>>>>>>>>>     ] 6432/7824, 94.2 task/s, elapsed: 68s, ETA:    15s[>>>>>>>>>>>>>>>>>>>>>>     ] 6433/7824, 94.2 task/s, elapsed: 68s, ETA:    15s[>>>>>>>>>>>>>>>>>>>>>>     ] 6434/7824, 94.3 task/s, elapsed: 68s, ETA:    15s[>>>>>>>>>>>>>>>>>>>>>>     ] 6435/7824, 94.3 task/s, elapsed: 68s, ETA:    15s[>>>>>>>>>>>>>>>>>>>>>>     ] 6436/7824, 94.3 task/s, elapsed: 68s, ETA:    15s[>>>>>>>>>>>>>>>>>>>>>>     ] 6437/7824, 94.3 task/s, elapsed: 68s, ETA:    15s[>>>>>>>>>>>>>>>>>>>>>>     ] 6438/7824, 94.3 task/s, elapsed: 68s, ETA:    15s[>>>>>>>>>>>>>>>>>>>>>>     ] 6439/7824, 94.3 task/s, elapsed: 68s, ETA:    15s[>>>>>>>>>>>>>>>>>>>>>>     ] 6440/7824, 94.3 task/s, elapsed: 68s, ETA:    15s[>>>>>>>>>>>>>>>>>>>>>>     ] 6441/7824, 94.3 task/s, elapsed: 68s, ETA:    15s[>>>>>>>>>>>>>>>>>>>>>>     ] 6442/7824, 94.3 task/s, elapsed: 68s, ETA:    15s[>>>>>>>>>>>>>>>>>>>>>>     ] 6443/7824, 94.3 task/s, elapsed: 68s, ETA:    15s[>>>>>>>>>>>>>>>>>>>>>>     ] 6444/7824, 94.3 task/s, elapsed: 68s, ETA:    15s[>>>>>>>>>>>>>>>>>>>>>>     ] 6445/7824, 94.3 task/s, elapsed: 68s, ETA:    15s[>>>>>>>>>>>>>>>>>>>>>>     ] 6446/7824, 94.3 task/s, elapsed: 68s, ETA:    15s[>>>>>>>>>>>>>>>>>>>>>>     ] 6447/7824, 94.3 task/s, elapsed: 68s, ETA:    15s[>>>>>>>>>>>>>>>>>>>>>>     ] 6448/7824, 94.3 task/s, elapsed: 68s, ETA:    15s[>>>>>>>>>>>>>>>>>>>>>>     ] 6449/7824, 94.3 task/s, elapsed: 68s, ETA:    15s[>>>>>>>>>>>>>>>>>>>>>>     ] 6450/7824, 94.3 task/s, elapsed: 68s, ETA:    15s[>>>>>>>>>>>>>>>>>>>>>>     ] 6451/7824, 94.3 task/s, elapsed: 68s, ETA:    15s[>>>>>>>>>>>>>>>>>>>>>>     ] 6452/7824, 94.3 task/s, elapsed: 68s, ETA:    15s[>>>>>>>>>>>>>>>>>>>>>>     ] 6453/7824, 94.3 task/s, elapsed: 68s, ETA:    15s[>>>>>>>>>>>>>>>>>>>>>>     ] 6454/7824, 94.3 task/s, elapsed: 68s, ETA:    15s[>>>>>>>>>>>>>>>>>>>>>>     ] 6455/7824, 94.3 task/s, elapsed: 68s, ETA:    15s[>>>>>>>>>>>>>>>>>>>>>>     ] 6456/7824, 94.3 task/s, elapsed: 68s, ETA:    15s[>>>>>>>>>>>>>>>>>>>>>>     ] 6457/7824, 94.3 task/s, elapsed: 68s, ETA:    14s[>>>>>>>>>>>>>>>>>>>>>>     ] 6458/7824, 94.3 task/s, elapsed: 68s, ETA:    14s[>>>>>>>>>>>>>>>>>>>>>>     ] 6459/7824, 94.3 task/s, elapsed: 69s, ETA:    14s[>>>>>>>>>>>>>>>>>>>>>>     ] 6460/7824, 94.3 task/s, elapsed: 69s, ETA:    14s[>>>>>>>>>>>>>>>>>>>>>>     ] 6461/7824, 94.3 task/s, elapsed: 69s, ETA:    14s[>>>>>>>>>>>>>>>>>>>>>>     ] 6462/7824, 94.3 task/s, elapsed: 69s, ETA:    14s[>>>>>>>>>>>>>>>>>>>>>>     ] 6463/7824, 94.3 task/s, elapsed: 69s, ETA:    14s[>>>>>>>>>>>>>>>>>>>>>>     ] 6464/7824, 94.3 task/s, elapsed: 69s, ETA:    14s[>>>>>>>>>>>>>>>>>>>>>>     ] 6465/7824, 94.3 task/s, elapsed: 69s, ETA:    14s[>>>>>>>>>>>>>>>>>>>>>>     ] 6466/7824, 94.3 task/s, elapsed: 69s, ETA:    14s[>>>>>>>>>>>>>>>>>>>>>>     ] 6467/7824, 94.3 task/s, elapsed: 69s, ETA:    14s[>>>>>>>>>>>>>>>>>>>>>>     ] 6468/7824, 94.3 task/s, elapsed: 69s, ETA:    14s[>>>>>>>>>>>>>>>>>>>>>>     ] 6469/7824, 94.3 task/s, elapsed: 69s, ETA:    14s[>>>>>>>>>>>>>>>>>>>>>>     ] 6470/7824, 94.3 task/s, elapsed: 69s, ETA:    14s[>>>>>>>>>>>>>>>>>>>>>>     ] 6471/7824, 94.3 task/s, elapsed: 69s, ETA:    14s[>>>>>>>>>>>>>>>>>>>>>>     ] 6472/7824, 94.3 task/s, elapsed: 69s, ETA:    14s[>>>>>>>>>>>>>>>>>>>>>>     ] 6473/7824, 94.3 task/s, elapsed: 69s, ETA:    14s[>>>>>>>>>>>>>>>>>>>>>>     ] 6474/7824, 94.3 task/s, elapsed: 69s, ETA:    14s[>>>>>>>>>>>>>>>>>>>>>>     ] 6475/7824, 94.3 task/s, elapsed: 69s, ETA:    14s[>>>>>>>>>>>>>>>>>>>>>>     ] 6476/7824, 94.3 task/s, elapsed: 69s, ETA:    14s[>>>>>>>>>>>>>>>>>>>>>>     ] 6477/7824, 94.3 task/s, elapsed: 69s, ETA:    14s[>>>>>>>>>>>>>>>>>>>>>>     ] 6478/7824, 94.3 task/s, elapsed: 69s, ETA:    14s[>>>>>>>>>>>>>>>>>>>>>>     ] 6479/7824, 94.3 task/s, elapsed: 69s, ETA:    14s[>>>>>>>>>>>>>>>>>>>>>>     ] 6480/7824, 94.3 task/s, elapsed: 69s, ETA:    14s[>>>>>>>>>>>>>>>>>>>>>>     ] 6481/7824, 94.3 task/s, elapsed: 69s, ETA:    14s[>>>>>>>>>>>>>>>>>>>>>>     ] 6482/7824, 94.3 task/s, elapsed: 69s, ETA:    14s[>>>>>>>>>>>>>>>>>>>>>>     ] 6483/7824, 94.3 task/s, elapsed: 69s, ETA:    14s[>>>>>>>>>>>>>>>>>>>>>>     ] 6484/7824, 94.3 task/s, elapsed: 69s, ETA:    14s[>>>>>>>>>>>>>>>>>>>>>>     ] 6485/7824, 94.3 task/s, elapsed: 69s, ETA:    14s[>>>>>>>>>>>>>>>>>>>>>>     ] 6486/7824, 94.3 task/s, elapsed: 69s, ETA:    14s[>>>>>>>>>>>>>>>>>>>>>>     ] 6487/7824, 94.3 task/s, elapsed: 69s, ETA:    14s[>>>>>>>>>>>>>>>>>>>>>>     ] 6488/7824, 94.3 task/s, elapsed: 69s, ETA:    14s[>>>>>>>>>>>>>>>>>>>>>>     ] 6489/7824, 94.3 task/s, elapsed: 69s, ETA:    14s[>>>>>>>>>>>>>>>>>>>>>>     ] 6490/7824, 94.3 task/s, elapsed: 69s, ETA:    14s[>>>>>>>>>>>>>>>>>>>>>>     ] 6491/7824, 94.3 task/s, elapsed: 69s, ETA:    14s[>>>>>>>>>>>>>>>>>>>>>>     ] 6492/7824, 94.3 task/s, elapsed: 69s, ETA:    14s[>>>>>>>>>>>>>>>>>>>>>>     ] 6493/7824, 94.3 task/s, elapsed: 69s, ETA:    14s[>>>>>>>>>>>>>>>>>>>>>>     ] 6494/7824, 94.3 task/s, elapsed: 69s, ETA:    14s[>>>>>>>>>>>>>>>>>>>>>>     ] 6495/7824, 94.3 task/s, elapsed: 69s, ETA:    14s[>>>>>>>>>>>>>>>>>>>>>>     ] 6496/7824, 94.3 task/s, elapsed: 69s, ETA:    14s[>>>>>>>>>>>>>>>>>>>>>>     ] 6497/7824, 94.3 task/s, elapsed: 69s, ETA:    14s[>>>>>>>>>>>>>>>>>>>>>>     ] 6498/7824, 94.3 task/s, elapsed: 69s, ETA:    14s[>>>>>>>>>>>>>>>>>>>>>>     ] 6499/7824, 94.4 task/s, elapsed: 69s, ETA:    14s[>>>>>>>>>>>>>>>>>>>>>>     ] 6500/7824, 94.4 task/s, elapsed: 69s, ETA:    14s[>>>>>>>>>>>>>>>>>>>>>>     ] 6501/7824, 94.4 task/s, elapsed: 69s, ETA:    14s[>>>>>>>>>>>>>>>>>>>>>>     ] 6502/7824, 94.4 task/s, elapsed: 69s, ETA:    14s[>>>>>>>>>>>>>>>>>>>>>>     ] 6503/7824, 94.4 task/s, elapsed: 69s, ETA:    14s[>>>>>>>>>>>>>>>>>>>>>>     ] 6504/7824, 94.4 task/s, elapsed: 69s, ETA:    14s[>>>>>>>>>>>>>>>>>>>>>>     ] 6505/7824, 94.4 task/s, elapsed: 69s, ETA:    14s[>>>>>>>>>>>>>>>>>>>>>>     ] 6506/7824, 94.4 task/s, elapsed: 69s, ETA:    14s[>>>>>>>>>>>>>>>>>>>>>>     ] 6507/7824, 94.4 task/s, elapsed: 69s, ETA:    14s[>>>>>>>>>>>>>>>>>>>>>>     ] 6508/7824, 94.4 task/s, elapsed: 69s, ETA:    14s[>>>>>>>>>>>>>>>>>>>>>>     ] 6509/7824, 94.4 task/s, elapsed: 69s, ETA:    14s[>>>>>>>>>>>>>>>>>>>>>>     ] 6510/7824, 94.4 task/s, elapsed: 69s, ETA:    14s[>>>>>>>>>>>>>>>>>>>>>>     ] 6511/7824, 94.4 task/s, elapsed: 69s, ETA:    14s[>>>>>>>>>>>>>>>>>>>>>>     ] 6512/7824, 94.4 task/s, elapsed: 69s, ETA:    14s[>>>>>>>>>>>>>>>>>>>>>>     ] 6513/7824, 94.4 task/s, elapsed: 69s, ETA:    14s[>>>>>>>>>>>>>>>>>>>>>>     ] 6514/7824, 94.4 task/s, elapsed: 69s, ETA:    14s[>>>>>>>>>>>>>>>>>>>>>>     ] 6515/7824, 94.4 task/s, elapsed: 69s, ETA:    14s[>>>>>>>>>>>>>>>>>>>>>>     ] 6516/7824, 94.4 task/s, elapsed: 69s, ETA:    14s[>>>>>>>>>>>>>>>>>>>>>>     ] 6517/7824, 94.4 task/s, elapsed: 69s, ETA:    14s[>>>>>>>>>>>>>>>>>>>>>>     ] 6518/7824, 94.4 task/s, elapsed: 69s, ETA:    14s[>>>>>>>>>>>>>>>>>>>>>>     ] 6519/7824, 94.4 task/s, elapsed: 69s, ETA:    14s[>>>>>>>>>>>>>>>>>>>>>>     ] 6520/7824, 94.4 task/s, elapsed: 69s, ETA:    14s[>>>>>>>>>>>>>>>>>>>>>>     ] 6521/7824, 94.4 task/s, elapsed: 69s, ETA:    14s[>>>>>>>>>>>>>>>>>>>>>>     ] 6522/7824, 94.4 task/s, elapsed: 69s, ETA:    14s[>>>>>>>>>>>>>>>>>>>>>>     ] 6523/7824, 94.4 task/s, elapsed: 69s, ETA:    14s[>>>>>>>>>>>>>>>>>>>>>>     ] 6524/7824, 94.4 task/s, elapsed: 69s, ETA:    14s[>>>>>>>>>>>>>>>>>>>>>>     ] 6525/7824, 94.4 task/s, elapsed: 69s, ETA:    14s[>>>>>>>>>>>>>>>>>>>>>>     ] 6526/7824, 94.4 task/s, elapsed: 69s, ETA:    14s[>>>>>>>>>>>>>>>>>>>>>>     ] 6527/7824, 94.4 task/s, elapsed: 69s, ETA:    14s[>>>>>>>>>>>>>>>>>>>>>>     ] 6528/7824, 94.4 task/s, elapsed: 69s, ETA:    14s[>>>>>>>>>>>>>>>>>>>>>>     ] 6529/7824, 94.4 task/s, elapsed: 69s, ETA:    14s[>>>>>>>>>>>>>>>>>>>>>>     ] 6530/7824, 94.4 task/s, elapsed: 69s, ETA:    14s[>>>>>>>>>>>>>>>>>>>>>>     ] 6531/7824, 94.4 task/s, elapsed: 69s, ETA:    14s[>>>>>>>>>>>>>>>>>>>>>>     ] 6532/7824, 94.4 task/s, elapsed: 69s, ETA:    14s[>>>>>>>>>>>>>>>>>>>>>>     ] 6533/7824, 94.4 task/s, elapsed: 69s, ETA:    14s[>>>>>>>>>>>>>>>>>>>>>>     ] 6534/7824, 94.4 task/s, elapsed: 69s, ETA:    14s[>>>>>>>>>>>>>>>>>>>>>>     ] 6535/7824, 94.4 task/s, elapsed: 69s, ETA:    14s[>>>>>>>>>>>>>>>>>>>>>>     ] 6536/7824, 94.4 task/s, elapsed: 69s, ETA:    14s[>>>>>>>>>>>>>>>>>>>>>>     ] 6537/7824, 94.4 task/s, elapsed: 69s, ETA:    14s[>>>>>>>>>>>>>>>>>>>>>>     ] 6538/7824, 94.4 task/s, elapsed: 69s, ETA:    14s[>>>>>>>>>>>>>>>>>>>>>>     ] 6539/7824, 94.4 task/s, elapsed: 69s, ETA:    14s[>>>>>>>>>>>>>>>>>>>>>>     ] 6540/7824, 94.4 task/s, elapsed: 69s, ETA:    14s[>>>>>>>>>>>>>>>>>>>>>>     ] 6541/7824, 94.4 task/s, elapsed: 69s, ETA:    14s[>>>>>>>>>>>>>>>>>>>>>>     ] 6542/7824, 94.4 task/s, elapsed: 69s, ETA:    14s[>>>>>>>>>>>>>>>>>>>>>>     ] 6543/7824, 94.4 task/s, elapsed: 69s, ETA:    14s[>>>>>>>>>>>>>>>>>>>>>>     ] 6544/7824, 94.4 task/s, elapsed: 69s, ETA:    14s[>>>>>>>>>>>>>>>>>>>>>>     ] 6545/7824, 94.4 task/s, elapsed: 69s, ETA:    14s[>>>>>>>>>>>>>>>>>>>>>>     ] 6546/7824, 94.4 task/s, elapsed: 69s, ETA:    14s[>>>>>>>>>>>>>>>>>>>>>>     ] 6547/7824, 94.4 task/s, elapsed: 69s, ETA:    14s[>>>>>>>>>>>>>>>>>>>>>>     ] 6548/7824, 94.4 task/s, elapsed: 69s, ETA:    14s[>>>>>>>>>>>>>>>>>>>>>>     ] 6549/7824, 94.4 task/s, elapsed: 69s, ETA:    13s[>>>>>>>>>>>>>>>>>>>>>>     ] 6550/7824, 94.4 task/s, elapsed: 69s, ETA:    13s[>>>>>>>>>>>>>>>>>>>>>>     ] 6551/7824, 94.4 task/s, elapsed: 69s, ETA:    13s[>>>>>>>>>>>>>>>>>>>>>>     ] 6552/7824, 94.4 task/s, elapsed: 69s, ETA:    13s[>>>>>>>>>>>>>>>>>>>>>>     ] 6553/7824, 94.5 task/s, elapsed: 69s, ETA:    13s[>>>>>>>>>>>>>>>>>>>>>>     ] 6554/7824, 94.5 task/s, elapsed: 69s, ETA:    13s[>>>>>>>>>>>>>>>>>>>>>>     ] 6555/7824, 94.5 task/s, elapsed: 69s, ETA:    13s[>>>>>>>>>>>>>>>>>>>>>>     ] 6556/7824, 94.5 task/s, elapsed: 69s, ETA:    13s[>>>>>>>>>>>>>>>>>>>>>>     ] 6557/7824, 94.5 task/s, elapsed: 69s, ETA:    13s[>>>>>>>>>>>>>>>>>>>>>>     ] 6558/7824, 94.5 task/s, elapsed: 69s, ETA:    13s[>>>>>>>>>>>>>>>>>>>>>>     ] 6559/7824, 94.5 task/s, elapsed: 69s, ETA:    13s[>>>>>>>>>>>>>>>>>>>>>>     ] 6560/7824, 94.5 task/s, elapsed: 69s, ETA:    13s[>>>>>>>>>>>>>>>>>>>>>>     ] 6561/7824, 94.5 task/s, elapsed: 69s, ETA:    13s[>>>>>>>>>>>>>>>>>>>>>>     ] 6562/7824, 94.5 task/s, elapsed: 69s, ETA:    13s[>>>>>>>>>>>>>>>>>>>>>>     ] 6563/7824, 94.5 task/s, elapsed: 69s, ETA:    13s[>>>>>>>>>>>>>>>>>>>>>>     ] 6564/7824, 94.5 task/s, elapsed: 69s, ETA:    13s[>>>>>>>>>>>>>>>>>>>>>>     ] 6565/7824, 94.5 task/s, elapsed: 69s, ETA:    13s[>>>>>>>>>>>>>>>>>>>>>>     ] 6566/7824, 94.5 task/s, elapsed: 69s, ETA:    13s[>>>>>>>>>>>>>>>>>>>>>>     ] 6567/7824, 94.5 task/s, elapsed: 70s, ETA:    13s[>>>>>>>>>>>>>>>>>>>>>>     ] 6568/7824, 94.5 task/s, elapsed: 70s, ETA:    13s[>>>>>>>>>>>>>>>>>>>>>>     ] 6569/7824, 94.5 task/s, elapsed: 70s, ETA:    13s[>>>>>>>>>>>>>>>>>>>>>>     ] 6570/7824, 94.5 task/s, elapsed: 70s, ETA:    13s[>>>>>>>>>>>>>>>>>>>>>>     ] 6571/7824, 94.5 task/s, elapsed: 70s, ETA:    13s[>>>>>>>>>>>>>>>>>>>>>>     ] 6572/7824, 94.5 task/s, elapsed: 70s, ETA:    13s[>>>>>>>>>>>>>>>>>>>>>>     ] 6573/7824, 94.5 task/s, elapsed: 70s, ETA:    13s[>>>>>>>>>>>>>>>>>>>>>>     ] 6574/7824, 94.5 task/s, elapsed: 70s, ETA:    13s[>>>>>>>>>>>>>>>>>>>>>>     ] 6575/7824, 94.5 task/s, elapsed: 70s, ETA:    13s[>>>>>>>>>>>>>>>>>>>>>>     ] 6576/7824, 94.5 task/s, elapsed: 70s, ETA:    13s[>>>>>>>>>>>>>>>>>>>>>>     ] 6577/7824, 94.5 task/s, elapsed: 70s, ETA:    13s[>>>>>>>>>>>>>>>>>>>>>>     ] 6578/7824, 94.5 task/s, elapsed: 70s, ETA:    13s[>>>>>>>>>>>>>>>>>>>>>>     ] 6579/7824, 94.5 task/s, elapsed: 70s, ETA:    13s[>>>>>>>>>>>>>>>>>>>>>>     ] 6580/7824, 94.5 task/s, elapsed: 70s, ETA:    13s[>>>>>>>>>>>>>>>>>>>>>>     ] 6581/7824, 94.5 task/s, elapsed: 70s, ETA:    13s[>>>>>>>>>>>>>>>>>>>>>>     ] 6582/7824, 94.5 task/s, elapsed: 70s, ETA:    13s[>>>>>>>>>>>>>>>>>>>>>>     ] 6583/7824, 94.5 task/s, elapsed: 70s, ETA:    13s[>>>>>>>>>>>>>>>>>>>>>>     ] 6584/7824, 94.5 task/s, elapsed: 70s, ETA:    13s[>>>>>>>>>>>>>>>>>>>>>>     ] 6585/7824, 94.5 task/s, elapsed: 70s, ETA:    13s[>>>>>>>>>>>>>>>>>>>>>>     ] 6586/7824, 94.5 task/s, elapsed: 70s, ETA:    13s[>>>>>>>>>>>>>>>>>>>>>>     ] 6587/7824, 94.5 task/s, elapsed: 70s, ETA:    13s[>>>>>>>>>>>>>>>>>>>>>>     ] 6588/7824, 94.5 task/s, elapsed: 70s, ETA:    13s[>>>>>>>>>>>>>>>>>>>>>>     ] 6589/7824, 94.5 task/s, elapsed: 70s, ETA:    13s[>>>>>>>>>>>>>>>>>>>>>>     ] 6590/7824, 94.5 task/s, elapsed: 70s, ETA:    13s[>>>>>>>>>>>>>>>>>>>>>>     ] 6591/7824, 94.5 task/s, elapsed: 70s, ETA:    13s[>>>>>>>>>>>>>>>>>>>>>>     ] 6592/7824, 94.5 task/s, elapsed: 70s, ETA:    13s[>>>>>>>>>>>>>>>>>>>>>>     ] 6593/7824, 94.5 task/s, elapsed: 70s, ETA:    13s[>>>>>>>>>>>>>>>>>>>>>>     ] 6594/7824, 94.5 task/s, elapsed: 70s, ETA:    13s[>>>>>>>>>>>>>>>>>>>>>>     ] 6595/7824, 94.5 task/s, elapsed: 70s, ETA:    13s[>>>>>>>>>>>>>>>>>>>>>>     ] 6596/7824, 94.5 task/s, elapsed: 70s, ETA:    13s[>>>>>>>>>>>>>>>>>>>>>>     ] 6597/7824, 94.5 task/s, elapsed: 70s, ETA:    13s[>>>>>>>>>>>>>>>>>>>>>>     ] 6598/7824, 94.5 task/s, elapsed: 70s, ETA:    13s[>>>>>>>>>>>>>>>>>>>>>>     ] 6599/7824, 94.5 task/s, elapsed: 70s, ETA:    13s[>>>>>>>>>>>>>>>>>>>>>>     ] 6600/7824, 94.5 task/s, elapsed: 70s, ETA:    13s[>>>>>>>>>>>>>>>>>>>>>>     ] 6601/7824, 94.5 task/s, elapsed: 70s, ETA:    13s[>>>>>>>>>>>>>>>>>>>>>>     ] 6602/7824, 94.5 task/s, elapsed: 70s, ETA:    13s[>>>>>>>>>>>>>>>>>>>>>>     ] 6603/7824, 94.5 task/s, elapsed: 70s, ETA:    13s[>>>>>>>>>>>>>>>>>>>>>>     ] 6604/7824, 94.5 task/s, elapsed: 70s, ETA:    13s[>>>>>>>>>>>>>>>>>>>>>>     ] 6605/7824, 94.5 task/s, elapsed: 70s, ETA:    13s[>>>>>>>>>>>>>>>>>>>>>>     ] 6606/7824, 94.5 task/s, elapsed: 70s, ETA:    13s[>>>>>>>>>>>>>>>>>>>>>>     ] 6607/7824, 94.5 task/s, elapsed: 70s, ETA:    13s[>>>>>>>>>>>>>>>>>>>>>>     ] 6608/7824, 94.5 task/s, elapsed: 70s, ETA:    13s[>>>>>>>>>>>>>>>>>>>>>>     ] 6609/7824, 94.5 task/s, elapsed: 70s, ETA:    13s[>>>>>>>>>>>>>>>>>>>>>>     ] 6610/7824, 94.5 task/s, elapsed: 70s, ETA:    13s[>>>>>>>>>>>>>>>>>>>>>>     ] 6611/7824, 94.5 task/s, elapsed: 70s, ETA:    13s[>>>>>>>>>>>>>>>>>>>>>>     ] 6612/7824, 94.5 task/s, elapsed: 70s, ETA:    13s[>>>>>>>>>>>>>>>>>>>>>>     ] 6613/7824, 94.5 task/s, elapsed: 70s, ETA:    13s[>>>>>>>>>>>>>>>>>>>>>>     ] 6614/7824, 94.5 task/s, elapsed: 70s, ETA:    13s[>>>>>>>>>>>>>>>>>>>>>>     ] 6615/7824, 94.5 task/s, elapsed: 70s, ETA:    13s[>>>>>>>>>>>>>>>>>>>>>>     ] 6616/7824, 94.5 task/s, elapsed: 70s, ETA:    13s[>>>>>>>>>>>>>>>>>>>>>>     ] 6617/7824, 94.6 task/s, elapsed: 70s, ETA:    13s[>>>>>>>>>>>>>>>>>>>>>>     ] 6618/7824, 94.6 task/s, elapsed: 70s, ETA:    13s[>>>>>>>>>>>>>>>>>>>>>>     ] 6619/7824, 94.6 task/s, elapsed: 70s, ETA:    13s[>>>>>>>>>>>>>>>>>>>>>>     ] 6620/7824, 94.6 task/s, elapsed: 70s, ETA:    13s[>>>>>>>>>>>>>>>>>>>>>>     ] 6621/7824, 94.6 task/s, elapsed: 70s, ETA:    13s[>>>>>>>>>>>>>>>>>>>>>>     ] 6622/7824, 94.6 task/s, elapsed: 70s, ETA:    13s[>>>>>>>>>>>>>>>>>>>>>>     ] 6623/7824, 94.6 task/s, elapsed: 70s, ETA:    13s[>>>>>>>>>>>>>>>>>>>>>>     ] 6624/7824, 94.6 task/s, elapsed: 70s, ETA:    13s[>>>>>>>>>>>>>>>>>>>>>>     ] 6625/7824, 94.6 task/s, elapsed: 70s, ETA:    13s[>>>>>>>>>>>>>>>>>>>>>>     ] 6626/7824, 94.6 task/s, elapsed: 70s, ETA:    13s[>>>>>>>>>>>>>>>>>>>>>>     ] 6627/7824, 94.6 task/s, elapsed: 70s, ETA:    13s[>>>>>>>>>>>>>>>>>>>>>>     ] 6628/7824, 94.6 task/s, elapsed: 70s, ETA:    13s[>>>>>>>>>>>>>>>>>>>>>>     ] 6629/7824, 94.6 task/s, elapsed: 70s, ETA:    13s[>>>>>>>>>>>>>>>>>>>>>>     ] 6630/7824, 94.6 task/s, elapsed: 70s, ETA:    13s[>>>>>>>>>>>>>>>>>>>>>>     ] 6631/7824, 94.6 task/s, elapsed: 70s, ETA:    13s[>>>>>>>>>>>>>>>>>>>>>>     ] 6632/7824, 94.6 task/s, elapsed: 70s, ETA:    13s[>>>>>>>>>>>>>>>>>>>>>>     ] 6633/7824, 94.6 task/s, elapsed: 70s, ETA:    13s[>>>>>>>>>>>>>>>>>>>>>>     ] 6634/7824, 94.6 task/s, elapsed: 70s, ETA:    13s[>>>>>>>>>>>>>>>>>>>>>>     ] 6635/7824, 94.6 task/s, elapsed: 70s, ETA:    13s[>>>>>>>>>>>>>>>>>>>>>>     ] 6636/7824, 94.6 task/s, elapsed: 70s, ETA:    13s[>>>>>>>>>>>>>>>>>>>>>>     ] 6637/7824, 94.6 task/s, elapsed: 70s, ETA:    13s[>>>>>>>>>>>>>>>>>>>>>>     ] 6638/7824, 94.6 task/s, elapsed: 70s, ETA:    13s[>>>>>>>>>>>>>>>>>>>>>>     ] 6639/7824, 94.6 task/s, elapsed: 70s, ETA:    13s[>>>>>>>>>>>>>>>>>>>>>>     ] 6640/7824, 94.6 task/s, elapsed: 70s, ETA:    13s[>>>>>>>>>>>>>>>>>>>>>>     ] 6641/7824, 94.6 task/s, elapsed: 70s, ETA:    13s[>>>>>>>>>>>>>>>>>>>>>>     ] 6642/7824, 94.6 task/s, elapsed: 70s, ETA:    12s[>>>>>>>>>>>>>>>>>>>>>>     ] 6643/7824, 94.6 task/s, elapsed: 70s, ETA:    12s[>>>>>>>>>>>>>>>>>>>>>>     ] 6644/7824, 94.6 task/s, elapsed: 70s, ETA:    12s[>>>>>>>>>>>>>>>>>>>>>>     ] 6645/7824, 94.6 task/s, elapsed: 70s, ETA:    12s[>>>>>>>>>>>>>>>>>>>>>>     ] 6646/7824, 94.6 task/s, elapsed: 70s, ETA:    12s[>>>>>>>>>>>>>>>>>>>>>>     ] 6647/7824, 94.6 task/s, elapsed: 70s, ETA:    12s[>>>>>>>>>>>>>>>>>>>>>>     ] 6648/7824, 94.6 task/s, elapsed: 70s, ETA:    12s[>>>>>>>>>>>>>>>>>>>>>>     ] 6649/7824, 94.6 task/s, elapsed: 70s, ETA:    12s[>>>>>>>>>>>>>>>>>>>>>>     ] 6650/7824, 94.6 task/s, elapsed: 70s, ETA:    12s[>>>>>>>>>>>>>>>>>>>>>>     ] 6651/7824, 94.6 task/s, elapsed: 70s, ETA:    12s[>>>>>>>>>>>>>>>>>>>>>>     ] 6652/7824, 94.6 task/s, elapsed: 70s, ETA:    12s[>>>>>>>>>>>>>>>>>>>>>>     ] 6653/7824, 94.6 task/s, elapsed: 70s, ETA:    12s[>>>>>>>>>>>>>>>>>>>>>>     ] 6654/7824, 94.6 task/s, elapsed: 70s, ETA:    12s[>>>>>>>>>>>>>>>>>>>>>>     ] 6655/7824, 94.6 task/s, elapsed: 70s, ETA:    12s[>>>>>>>>>>>>>>>>>>>>>>     ] 6656/7824, 94.6 task/s, elapsed: 70s, ETA:    12s[>>>>>>>>>>>>>>>>>>>>>>     ] 6657/7824, 94.6 task/s, elapsed: 70s, ETA:    12s[>>>>>>>>>>>>>>>>>>>>>>     ] 6658/7824, 94.6 task/s, elapsed: 70s, ETA:    12s[>>>>>>>>>>>>>>>>>>>>>>     ] 6659/7824, 94.6 task/s, elapsed: 70s, ETA:    12s[>>>>>>>>>>>>>>>>>>>>>>     ] 6660/7824, 94.6 task/s, elapsed: 70s, ETA:    12s[>>>>>>>>>>>>>>>>>>>>>>     ] 6661/7824, 94.6 task/s, elapsed: 70s, ETA:    12s[>>>>>>>>>>>>>>>>>>>>>>     ] 6662/7824, 94.6 task/s, elapsed: 70s, ETA:    12s[>>>>>>>>>>>>>>>>>>>>>>     ] 6663/7824, 94.6 task/s, elapsed: 70s, ETA:    12s[>>>>>>>>>>>>>>>>>>>>>>     ] 6664/7824, 94.6 task/s, elapsed: 70s, ETA:    12s[>>>>>>>>>>>>>>>>>>>>>>>    ] 6665/7824, 94.6 task/s, elapsed: 70s, ETA:    12s[>>>>>>>>>>>>>>>>>>>>>>>    ] 6666/7824, 94.6 task/s, elapsed: 70s, ETA:    12s[>>>>>>>>>>>>>>>>>>>>>>>    ] 6667/7824, 94.6 task/s, elapsed: 70s, ETA:    12s[>>>>>>>>>>>>>>>>>>>>>>>    ] 6668/7824, 94.6 task/s, elapsed: 70s, ETA:    12s[>>>>>>>>>>>>>>>>>>>>>>>    ] 6669/7824, 94.7 task/s, elapsed: 70s, ETA:    12s[>>>>>>>>>>>>>>>>>>>>>>>    ] 6670/7824, 94.7 task/s, elapsed: 70s, ETA:    12s[>>>>>>>>>>>>>>>>>>>>>>>    ] 6671/7824, 94.7 task/s, elapsed: 70s, ETA:    12s[>>>>>>>>>>>>>>>>>>>>>>>    ] 6672/7824, 94.7 task/s, elapsed: 70s, ETA:    12s[>>>>>>>>>>>>>>>>>>>>>>>    ] 6673/7824, 94.7 task/s, elapsed: 70s, ETA:    12s[>>>>>>>>>>>>>>>>>>>>>>>    ] 6674/7824, 94.7 task/s, elapsed: 71s, ETA:    12s[>>>>>>>>>>>>>>>>>>>>>>>    ] 6675/7824, 94.7 task/s, elapsed: 71s, ETA:    12s[>>>>>>>>>>>>>>>>>>>>>>>    ] 6676/7824, 94.7 task/s, elapsed: 71s, ETA:    12s[>>>>>>>>>>>>>>>>>>>>>>>    ] 6677/7824, 94.7 task/s, elapsed: 71s, ETA:    12s[>>>>>>>>>>>>>>>>>>>>>>>    ] 6678/7824, 94.7 task/s, elapsed: 71s, ETA:    12s[>>>>>>>>>>>>>>>>>>>>>>>    ] 6679/7824, 94.7 task/s, elapsed: 71s, ETA:    12s[>>>>>>>>>>>>>>>>>>>>>>>    ] 6680/7824, 94.7 task/s, elapsed: 71s, ETA:    12s[>>>>>>>>>>>>>>>>>>>>>>>    ] 6681/7824, 94.7 task/s, elapsed: 71s, ETA:    12s[>>>>>>>>>>>>>>>>>>>>>>>    ] 6682/7824, 94.7 task/s, elapsed: 71s, ETA:    12s[>>>>>>>>>>>>>>>>>>>>>>>    ] 6683/7824, 94.7 task/s, elapsed: 71s, ETA:    12s[>>>>>>>>>>>>>>>>>>>>>>>    ] 6684/7824, 94.7 task/s, elapsed: 71s, ETA:    12s[>>>>>>>>>>>>>>>>>>>>>>>    ] 6685/7824, 94.7 task/s, elapsed: 71s, ETA:    12s[>>>>>>>>>>>>>>>>>>>>>>>    ] 6686/7824, 94.7 task/s, elapsed: 71s, ETA:    12s[>>>>>>>>>>>>>>>>>>>>>>>    ] 6687/7824, 94.7 task/s, elapsed: 71s, ETA:    12s[>>>>>>>>>>>>>>>>>>>>>>>    ] 6688/7824, 94.7 task/s, elapsed: 71s, ETA:    12s[>>>>>>>>>>>>>>>>>>>>>>>    ] 6689/7824, 94.7 task/s, elapsed: 71s, ETA:    12s[>>>>>>>>>>>>>>>>>>>>>>>    ] 6690/7824, 94.7 task/s, elapsed: 71s, ETA:    12s[>>>>>>>>>>>>>>>>>>>>>>>    ] 6691/7824, 94.7 task/s, elapsed: 71s, ETA:    12s[>>>>>>>>>>>>>>>>>>>>>>>    ] 6692/7824, 94.7 task/s, elapsed: 71s, ETA:    12s[>>>>>>>>>>>>>>>>>>>>>>>    ] 6693/7824, 94.7 task/s, elapsed: 71s, ETA:    12s[>>>>>>>>>>>>>>>>>>>>>>>    ] 6694/7824, 94.7 task/s, elapsed: 71s, ETA:    12s[>>>>>>>>>>>>>>>>>>>>>>>    ] 6695/7824, 94.7 task/s, elapsed: 71s, ETA:    12s[>>>>>>>>>>>>>>>>>>>>>>>    ] 6696/7824, 94.7 task/s, elapsed: 71s, ETA:    12s[>>>>>>>>>>>>>>>>>>>>>>>    ] 6697/7824, 94.7 task/s, elapsed: 71s, ETA:    12s[>>>>>>>>>>>>>>>>>>>>>>>    ] 6698/7824, 94.7 task/s, elapsed: 71s, ETA:    12s[>>>>>>>>>>>>>>>>>>>>>>>    ] 6699/7824, 94.7 task/s, elapsed: 71s, ETA:    12s[>>>>>>>>>>>>>>>>>>>>>>>    ] 6700/7824, 94.7 task/s, elapsed: 71s, ETA:    12s[>>>>>>>>>>>>>>>>>>>>>>>    ] 6701/7824, 94.7 task/s, elapsed: 71s, ETA:    12s[>>>>>>>>>>>>>>>>>>>>>>>    ] 6702/7824, 94.7 task/s, elapsed: 71s, ETA:    12s[>>>>>>>>>>>>>>>>>>>>>>>    ] 6703/7824, 94.7 task/s, elapsed: 71s, ETA:    12s[>>>>>>>>>>>>>>>>>>>>>>>    ] 6704/7824, 94.7 task/s, elapsed: 71s, ETA:    12s[>>>>>>>>>>>>>>>>>>>>>>>    ] 6705/7824, 94.7 task/s, elapsed: 71s, ETA:    12s[>>>>>>>>>>>>>>>>>>>>>>>    ] 6706/7824, 94.7 task/s, elapsed: 71s, ETA:    12s[>>>>>>>>>>>>>>>>>>>>>>>    ] 6707/7824, 94.7 task/s, elapsed: 71s, ETA:    12s[>>>>>>>>>>>>>>>>>>>>>>>    ] 6708/7824, 94.7 task/s, elapsed: 71s, ETA:    12s[>>>>>>>>>>>>>>>>>>>>>>>    ] 6709/7824, 94.7 task/s, elapsed: 71s, ETA:    12s[>>>>>>>>>>>>>>>>>>>>>>>    ] 6710/7824, 94.7 task/s, elapsed: 71s, ETA:    12s[>>>>>>>>>>>>>>>>>>>>>>>    ] 6711/7824, 94.7 task/s, elapsed: 71s, ETA:    12s[>>>>>>>>>>>>>>>>>>>>>>>    ] 6712/7824, 94.7 task/s, elapsed: 71s, ETA:    12s[>>>>>>>>>>>>>>>>>>>>>>>    ] 6713/7824, 94.7 task/s, elapsed: 71s, ETA:    12s[>>>>>>>>>>>>>>>>>>>>>>>    ] 6714/7824, 94.7 task/s, elapsed: 71s, ETA:    12s[>>>>>>>>>>>>>>>>>>>>>>>    ] 6715/7824, 94.7 task/s, elapsed: 71s, ETA:    12s[>>>>>>>>>>>>>>>>>>>>>>>    ] 6716/7824, 94.7 task/s, elapsed: 71s, ETA:    12s[>>>>>>>>>>>>>>>>>>>>>>>    ] 6717/7824, 94.7 task/s, elapsed: 71s, ETA:    12s[>>>>>>>>>>>>>>>>>>>>>>>    ] 6718/7824, 94.7 task/s, elapsed: 71s, ETA:    12s[>>>>>>>>>>>>>>>>>>>>>>>    ] 6719/7824, 94.7 task/s, elapsed: 71s, ETA:    12s[>>>>>>>>>>>>>>>>>>>>>>>    ] 6720/7824, 94.7 task/s, elapsed: 71s, ETA:    12s[>>>>>>>>>>>>>>>>>>>>>>>    ] 6721/7824, 94.7 task/s, elapsed: 71s, ETA:    12s[>>>>>>>>>>>>>>>>>>>>>>>    ] 6722/7824, 94.7 task/s, elapsed: 71s, ETA:    12s[>>>>>>>>>>>>>>>>>>>>>>>    ] 6723/7824, 94.7 task/s, elapsed: 71s, ETA:    12s[>>>>>>>>>>>>>>>>>>>>>>>    ] 6724/7824, 94.7 task/s, elapsed: 71s, ETA:    12s[>>>>>>>>>>>>>>>>>>>>>>>    ] 6725/7824, 94.7 task/s, elapsed: 71s, ETA:    12s[>>>>>>>>>>>>>>>>>>>>>>>    ] 6726/7824, 94.7 task/s, elapsed: 71s, ETA:    12s[>>>>>>>>>>>>>>>>>>>>>>>    ] 6727/7824, 94.7 task/s, elapsed: 71s, ETA:    12s[>>>>>>>>>>>>>>>>>>>>>>>    ] 6728/7824, 94.7 task/s, elapsed: 71s, ETA:    12s[>>>>>>>>>>>>>>>>>>>>>>>    ] 6729/7824, 94.7 task/s, elapsed: 71s, ETA:    12s[>>>>>>>>>>>>>>>>>>>>>>>    ] 6730/7824, 94.7 task/s, elapsed: 71s, ETA:    12s[>>>>>>>>>>>>>>>>>>>>>>>    ] 6731/7824, 94.7 task/s, elapsed: 71s, ETA:    12s[>>>>>>>>>>>>>>>>>>>>>>>    ] 6732/7824, 94.7 task/s, elapsed: 71s, ETA:    12s[>>>>>>>>>>>>>>>>>>>>>>>    ] 6733/7824, 94.7 task/s, elapsed: 71s, ETA:    12s[>>>>>>>>>>>>>>>>>>>>>>>    ] 6734/7824, 94.7 task/s, elapsed: 71s, ETA:    12s[>>>>>>>>>>>>>>>>>>>>>>>    ] 6735/7824, 94.7 task/s, elapsed: 71s, ETA:    11s[>>>>>>>>>>>>>>>>>>>>>>>    ] 6736/7824, 94.7 task/s, elapsed: 71s, ETA:    11s[>>>>>>>>>>>>>>>>>>>>>>>    ] 6737/7824, 94.7 task/s, elapsed: 71s, ETA:    11s[>>>>>>>>>>>>>>>>>>>>>>>    ] 6738/7824, 94.8 task/s, elapsed: 71s, ETA:    11s[>>>>>>>>>>>>>>>>>>>>>>>    ] 6739/7824, 94.8 task/s, elapsed: 71s, ETA:    11s[>>>>>>>>>>>>>>>>>>>>>>>    ] 6740/7824, 94.8 task/s, elapsed: 71s, ETA:    11s[>>>>>>>>>>>>>>>>>>>>>>>    ] 6741/7824, 94.8 task/s, elapsed: 71s, ETA:    11s[>>>>>>>>>>>>>>>>>>>>>>>    ] 6742/7824, 94.8 task/s, elapsed: 71s, ETA:    11s[>>>>>>>>>>>>>>>>>>>>>>>    ] 6743/7824, 94.8 task/s, elapsed: 71s, ETA:    11s[>>>>>>>>>>>>>>>>>>>>>>>    ] 6744/7824, 94.8 task/s, elapsed: 71s, ETA:    11s[>>>>>>>>>>>>>>>>>>>>>>>    ] 6745/7824, 94.8 task/s, elapsed: 71s, ETA:    11s[>>>>>>>>>>>>>>>>>>>>>>>    ] 6746/7824, 94.8 task/s, elapsed: 71s, ETA:    11s[>>>>>>>>>>>>>>>>>>>>>>>    ] 6747/7824, 94.8 task/s, elapsed: 71s, ETA:    11s[>>>>>>>>>>>>>>>>>>>>>>>    ] 6748/7824, 94.8 task/s, elapsed: 71s, ETA:    11s[>>>>>>>>>>>>>>>>>>>>>>>    ] 6749/7824, 94.8 task/s, elapsed: 71s, ETA:    11s[>>>>>>>>>>>>>>>>>>>>>>>    ] 6750/7824, 94.8 task/s, elapsed: 71s, ETA:    11s[>>>>>>>>>>>>>>>>>>>>>>>    ] 6751/7824, 94.8 task/s, elapsed: 71s, ETA:    11s[>>>>>>>>>>>>>>>>>>>>>>>    ] 6752/7824, 94.8 task/s, elapsed: 71s, ETA:    11s[>>>>>>>>>>>>>>>>>>>>>>>    ] 6753/7824, 94.8 task/s, elapsed: 71s, ETA:    11s[>>>>>>>>>>>>>>>>>>>>>>>    ] 6754/7824, 94.8 task/s, elapsed: 71s, ETA:    11s[>>>>>>>>>>>>>>>>>>>>>>>    ] 6755/7824, 94.8 task/s, elapsed: 71s, ETA:    11s[>>>>>>>>>>>>>>>>>>>>>>>    ] 6756/7824, 94.8 task/s, elapsed: 71s, ETA:    11s[>>>>>>>>>>>>>>>>>>>>>>>    ] 6757/7824, 94.8 task/s, elapsed: 71s, ETA:    11s[>>>>>>>>>>>>>>>>>>>>>>>    ] 6758/7824, 94.8 task/s, elapsed: 71s, ETA:    11s[>>>>>>>>>>>>>>>>>>>>>>>    ] 6759/7824, 94.8 task/s, elapsed: 71s, ETA:    11s[>>>>>>>>>>>>>>>>>>>>>>>    ] 6760/7824, 94.8 task/s, elapsed: 71s, ETA:    11s[>>>>>>>>>>>>>>>>>>>>>>>    ] 6761/7824, 94.8 task/s, elapsed: 71s, ETA:    11s[>>>>>>>>>>>>>>>>>>>>>>>    ] 6762/7824, 94.8 task/s, elapsed: 71s, ETA:    11s[>>>>>>>>>>>>>>>>>>>>>>>    ] 6763/7824, 94.8 task/s, elapsed: 71s, ETA:    11s[>>>>>>>>>>>>>>>>>>>>>>>    ] 6764/7824, 94.8 task/s, elapsed: 71s, ETA:    11s[>>>>>>>>>>>>>>>>>>>>>>>    ] 6765/7824, 94.8 task/s, elapsed: 71s, ETA:    11s[>>>>>>>>>>>>>>>>>>>>>>>    ] 6766/7824, 94.8 task/s, elapsed: 71s, ETA:    11s[>>>>>>>>>>>>>>>>>>>>>>>    ] 6767/7824, 94.8 task/s, elapsed: 71s, ETA:    11s[>>>>>>>>>>>>>>>>>>>>>>>    ] 6768/7824, 94.8 task/s, elapsed: 71s, ETA:    11s[>>>>>>>>>>>>>>>>>>>>>>>    ] 6769/7824, 94.8 task/s, elapsed: 71s, ETA:    11s[>>>>>>>>>>>>>>>>>>>>>>>    ] 6770/7824, 94.8 task/s, elapsed: 71s, ETA:    11s[>>>>>>>>>>>>>>>>>>>>>>>    ] 6771/7824, 94.8 task/s, elapsed: 71s, ETA:    11s[>>>>>>>>>>>>>>>>>>>>>>>    ] 6772/7824, 94.8 task/s, elapsed: 71s, ETA:    11s[>>>>>>>>>>>>>>>>>>>>>>>    ] 6773/7824, 94.8 task/s, elapsed: 71s, ETA:    11s[>>>>>>>>>>>>>>>>>>>>>>>    ] 6774/7824, 94.8 task/s, elapsed: 71s, ETA:    11s[>>>>>>>>>>>>>>>>>>>>>>>    ] 6775/7824, 94.8 task/s, elapsed: 71s, ETA:    11s[>>>>>>>>>>>>>>>>>>>>>>>    ] 6776/7824, 94.8 task/s, elapsed: 71s, ETA:    11s[>>>>>>>>>>>>>>>>>>>>>>>    ] 6777/7824, 94.8 task/s, elapsed: 71s, ETA:    11s[>>>>>>>>>>>>>>>>>>>>>>>    ] 6778/7824, 94.8 task/s, elapsed: 72s, ETA:    11s[>>>>>>>>>>>>>>>>>>>>>>>    ] 6779/7824, 94.8 task/s, elapsed: 72s, ETA:    11s[>>>>>>>>>>>>>>>>>>>>>>>    ] 6780/7824, 94.8 task/s, elapsed: 72s, ETA:    11s[>>>>>>>>>>>>>>>>>>>>>>>    ] 6781/7824, 94.8 task/s, elapsed: 72s, ETA:    11s[>>>>>>>>>>>>>>>>>>>>>>>    ] 6782/7824, 94.8 task/s, elapsed: 72s, ETA:    11s[>>>>>>>>>>>>>>>>>>>>>>>    ] 6783/7824, 94.8 task/s, elapsed: 72s, ETA:    11s[>>>>>>>>>>>>>>>>>>>>>>>    ] 6784/7824, 94.8 task/s, elapsed: 72s, ETA:    11s[>>>>>>>>>>>>>>>>>>>>>>>    ] 6785/7824, 94.8 task/s, elapsed: 72s, ETA:    11s[>>>>>>>>>>>>>>>>>>>>>>>    ] 6786/7824, 94.8 task/s, elapsed: 72s, ETA:    11s[>>>>>>>>>>>>>>>>>>>>>>>    ] 6787/7824, 94.8 task/s, elapsed: 72s, ETA:    11s[>>>>>>>>>>>>>>>>>>>>>>>    ] 6788/7824, 94.8 task/s, elapsed: 72s, ETA:    11s[>>>>>>>>>>>>>>>>>>>>>>>    ] 6789/7824, 94.8 task/s, elapsed: 72s, ETA:    11s[>>>>>>>>>>>>>>>>>>>>>>>    ] 6790/7824, 94.8 task/s, elapsed: 72s, ETA:    11s[>>>>>>>>>>>>>>>>>>>>>>>    ] 6791/7824, 94.8 task/s, elapsed: 72s, ETA:    11s[>>>>>>>>>>>>>>>>>>>>>>>    ] 6792/7824, 94.8 task/s, elapsed: 72s, ETA:    11s[>>>>>>>>>>>>>>>>>>>>>>>    ] 6793/7824, 94.8 task/s, elapsed: 72s, ETA:    11s[>>>>>>>>>>>>>>>>>>>>>>>    ] 6794/7824, 94.8 task/s, elapsed: 72s, ETA:    11s[>>>>>>>>>>>>>>>>>>>>>>>    ] 6795/7824, 94.8 task/s, elapsed: 72s, ETA:    11s[>>>>>>>>>>>>>>>>>>>>>>>    ] 6796/7824, 94.8 task/s, elapsed: 72s, ETA:    11s[>>>>>>>>>>>>>>>>>>>>>>>    ] 6797/7824, 94.8 task/s, elapsed: 72s, ETA:    11s[>>>>>>>>>>>>>>>>>>>>>>>    ] 6798/7824, 94.8 task/s, elapsed: 72s, ETA:    11s[>>>>>>>>>>>>>>>>>>>>>>>    ] 6799/7824, 94.8 task/s, elapsed: 72s, ETA:    11s[>>>>>>>>>>>>>>>>>>>>>>>    ] 6800/7824, 94.8 task/s, elapsed: 72s, ETA:    11s[>>>>>>>>>>>>>>>>>>>>>>>    ] 6801/7824, 94.8 task/s, elapsed: 72s, ETA:    11s[>>>>>>>>>>>>>>>>>>>>>>>    ] 6802/7824, 94.8 task/s, elapsed: 72s, ETA:    11s[>>>>>>>>>>>>>>>>>>>>>>>    ] 6803/7824, 94.8 task/s, elapsed: 72s, ETA:    11s[>>>>>>>>>>>>>>>>>>>>>>>    ] 6804/7824, 94.8 task/s, elapsed: 72s, ETA:    11s[>>>>>>>>>>>>>>>>>>>>>>>    ] 6805/7824, 94.8 task/s, elapsed: 72s, ETA:    11s[>>>>>>>>>>>>>>>>>>>>>>>    ] 6806/7824, 94.8 task/s, elapsed: 72s, ETA:    11s[>>>>>>>>>>>>>>>>>>>>>>>    ] 6807/7824, 94.8 task/s, elapsed: 72s, ETA:    11s[>>>>>>>>>>>>>>>>>>>>>>>    ] 6808/7824, 94.8 task/s, elapsed: 72s, ETA:    11s[>>>>>>>>>>>>>>>>>>>>>>>    ] 6809/7824, 94.8 task/s, elapsed: 72s, ETA:    11s[>>>>>>>>>>>>>>>>>>>>>>>    ] 6810/7824, 94.8 task/s, elapsed: 72s, ETA:    11s[>>>>>>>>>>>>>>>>>>>>>>>    ] 6811/7824, 94.8 task/s, elapsed: 72s, ETA:    11s[>>>>>>>>>>>>>>>>>>>>>>>    ] 6812/7824, 94.8 task/s, elapsed: 72s, ETA:    11s[>>>>>>>>>>>>>>>>>>>>>>>    ] 6813/7824, 94.8 task/s, elapsed: 72s, ETA:    11s[>>>>>>>>>>>>>>>>>>>>>>>    ] 6814/7824, 94.8 task/s, elapsed: 72s, ETA:    11s[>>>>>>>>>>>>>>>>>>>>>>>    ] 6815/7824, 94.8 task/s, elapsed: 72s, ETA:    11s[>>>>>>>>>>>>>>>>>>>>>>>    ] 6816/7824, 94.8 task/s, elapsed: 72s, ETA:    11s[>>>>>>>>>>>>>>>>>>>>>>>    ] 6817/7824, 94.8 task/s, elapsed: 72s, ETA:    11s[>>>>>>>>>>>>>>>>>>>>>>>    ] 6818/7824, 94.8 task/s, elapsed: 72s, ETA:    11s[>>>>>>>>>>>>>>>>>>>>>>>    ] 6819/7824, 94.8 task/s, elapsed: 72s, ETA:    11s[>>>>>>>>>>>>>>>>>>>>>>>    ] 6820/7824, 94.8 task/s, elapsed: 72s, ETA:    11s[>>>>>>>>>>>>>>>>>>>>>>>    ] 6821/7824, 94.8 task/s, elapsed: 72s, ETA:    11s[>>>>>>>>>>>>>>>>>>>>>>>    ] 6822/7824, 94.8 task/s, elapsed: 72s, ETA:    11s[>>>>>>>>>>>>>>>>>>>>>>>    ] 6823/7824, 94.8 task/s, elapsed: 72s, ETA:    11s[>>>>>>>>>>>>>>>>>>>>>>>    ] 6824/7824, 94.8 task/s, elapsed: 72s, ETA:    11s[>>>>>>>>>>>>>>>>>>>>>>>    ] 6825/7824, 94.8 task/s, elapsed: 72s, ETA:    11s[>>>>>>>>>>>>>>>>>>>>>>>    ] 6826/7824, 94.9 task/s, elapsed: 72s, ETA:    11s[>>>>>>>>>>>>>>>>>>>>>>>    ] 6827/7824, 94.9 task/s, elapsed: 72s, ETA:    11s[>>>>>>>>>>>>>>>>>>>>>>>    ] 6828/7824, 94.9 task/s, elapsed: 72s, ETA:    11s[>>>>>>>>>>>>>>>>>>>>>>>    ] 6829/7824, 94.9 task/s, elapsed: 72s, ETA:    10s[>>>>>>>>>>>>>>>>>>>>>>>    ] 6830/7824, 94.9 task/s, elapsed: 72s, ETA:    10s[>>>>>>>>>>>>>>>>>>>>>>>    ] 6831/7824, 94.9 task/s, elapsed: 72s, ETA:    10s[>>>>>>>>>>>>>>>>>>>>>>>    ] 6832/7824, 94.9 task/s, elapsed: 72s, ETA:    10s[>>>>>>>>>>>>>>>>>>>>>>>    ] 6833/7824, 94.9 task/s, elapsed: 72s, ETA:    10s[>>>>>>>>>>>>>>>>>>>>>>>    ] 6834/7824, 94.9 task/s, elapsed: 72s, ETA:    10s[>>>>>>>>>>>>>>>>>>>>>>>    ] 6835/7824, 94.9 task/s, elapsed: 72s, ETA:    10s[>>>>>>>>>>>>>>>>>>>>>>>    ] 6836/7824, 94.9 task/s, elapsed: 72s, ETA:    10s[>>>>>>>>>>>>>>>>>>>>>>>    ] 6837/7824, 94.9 task/s, elapsed: 72s, ETA:    10s[>>>>>>>>>>>>>>>>>>>>>>>    ] 6838/7824, 94.9 task/s, elapsed: 72s, ETA:    10s[>>>>>>>>>>>>>>>>>>>>>>>    ] 6839/7824, 94.9 task/s, elapsed: 72s, ETA:    10s[>>>>>>>>>>>>>>>>>>>>>>>    ] 6840/7824, 94.9 task/s, elapsed: 72s, ETA:    10s[>>>>>>>>>>>>>>>>>>>>>>>    ] 6841/7824, 94.9 task/s, elapsed: 72s, ETA:    10s[>>>>>>>>>>>>>>>>>>>>>>>    ] 6842/7824, 94.9 task/s, elapsed: 72s, ETA:    10s[>>>>>>>>>>>>>>>>>>>>>>>    ] 6843/7824, 94.9 task/s, elapsed: 72s, ETA:    10s[>>>>>>>>>>>>>>>>>>>>>>>    ] 6844/7824, 94.9 task/s, elapsed: 72s, ETA:    10s[>>>>>>>>>>>>>>>>>>>>>>>    ] 6845/7824, 94.9 task/s, elapsed: 72s, ETA:    10s[>>>>>>>>>>>>>>>>>>>>>>>    ] 6846/7824, 94.9 task/s, elapsed: 72s, ETA:    10s[>>>>>>>>>>>>>>>>>>>>>>>    ] 6847/7824, 94.9 task/s, elapsed: 72s, ETA:    10s[>>>>>>>>>>>>>>>>>>>>>>>    ] 6848/7824, 94.9 task/s, elapsed: 72s, ETA:    10s[>>>>>>>>>>>>>>>>>>>>>>>    ] 6849/7824, 94.9 task/s, elapsed: 72s, ETA:    10s[>>>>>>>>>>>>>>>>>>>>>>>    ] 6850/7824, 94.9 task/s, elapsed: 72s, ETA:    10s[>>>>>>>>>>>>>>>>>>>>>>>    ] 6851/7824, 94.9 task/s, elapsed: 72s, ETA:    10s[>>>>>>>>>>>>>>>>>>>>>>>    ] 6852/7824, 94.9 task/s, elapsed: 72s, ETA:    10s[>>>>>>>>>>>>>>>>>>>>>>>    ] 6853/7824, 94.9 task/s, elapsed: 72s, ETA:    10s[>>>>>>>>>>>>>>>>>>>>>>>    ] 6854/7824, 94.9 task/s, elapsed: 72s, ETA:    10s[>>>>>>>>>>>>>>>>>>>>>>>    ] 6855/7824, 94.9 task/s, elapsed: 72s, ETA:    10s[>>>>>>>>>>>>>>>>>>>>>>>    ] 6856/7824, 94.9 task/s, elapsed: 72s, ETA:    10s[>>>>>>>>>>>>>>>>>>>>>>>    ] 6857/7824, 94.9 task/s, elapsed: 72s, ETA:    10s[>>>>>>>>>>>>>>>>>>>>>>>    ] 6858/7824, 94.9 task/s, elapsed: 72s, ETA:    10s[>>>>>>>>>>>>>>>>>>>>>>>    ] 6859/7824, 94.9 task/s, elapsed: 72s, ETA:    10s[>>>>>>>>>>>>>>>>>>>>>>>    ] 6860/7824, 94.9 task/s, elapsed: 72s, ETA:    10s[>>>>>>>>>>>>>>>>>>>>>>>    ] 6861/7824, 94.9 task/s, elapsed: 72s, ETA:    10s[>>>>>>>>>>>>>>>>>>>>>>>    ] 6862/7824, 94.9 task/s, elapsed: 72s, ETA:    10s[>>>>>>>>>>>>>>>>>>>>>>>    ] 6863/7824, 94.9 task/s, elapsed: 72s, ETA:    10s[>>>>>>>>>>>>>>>>>>>>>>>    ] 6864/7824, 94.9 task/s, elapsed: 72s, ETA:    10s[>>>>>>>>>>>>>>>>>>>>>>>    ] 6865/7824, 94.9 task/s, elapsed: 72s, ETA:    10s[>>>>>>>>>>>>>>>>>>>>>>>    ] 6866/7824, 94.9 task/s, elapsed: 72s, ETA:    10s[>>>>>>>>>>>>>>>>>>>>>>>    ] 6867/7824, 94.9 task/s, elapsed: 72s, ETA:    10s[>>>>>>>>>>>>>>>>>>>>>>>    ] 6868/7824, 94.9 task/s, elapsed: 72s, ETA:    10s[>>>>>>>>>>>>>>>>>>>>>>>    ] 6869/7824, 94.9 task/s, elapsed: 72s, ETA:    10s[>>>>>>>>>>>>>>>>>>>>>>>    ] 6870/7824, 94.9 task/s, elapsed: 72s, ETA:    10s[>>>>>>>>>>>>>>>>>>>>>>>    ] 6871/7824, 94.9 task/s, elapsed: 72s, ETA:    10s[>>>>>>>>>>>>>>>>>>>>>>>    ] 6872/7824, 94.9 task/s, elapsed: 72s, ETA:    10s[>>>>>>>>>>>>>>>>>>>>>>>    ] 6873/7824, 94.9 task/s, elapsed: 72s, ETA:    10s[>>>>>>>>>>>>>>>>>>>>>>>    ] 6874/7824, 94.9 task/s, elapsed: 72s, ETA:    10s[>>>>>>>>>>>>>>>>>>>>>>>    ] 6875/7824, 94.9 task/s, elapsed: 72s, ETA:    10s[>>>>>>>>>>>>>>>>>>>>>>>    ] 6876/7824, 94.9 task/s, elapsed: 72s, ETA:    10s[>>>>>>>>>>>>>>>>>>>>>>>    ] 6877/7824, 94.9 task/s, elapsed: 72s, ETA:    10s[>>>>>>>>>>>>>>>>>>>>>>>    ] 6878/7824, 94.9 task/s, elapsed: 72s, ETA:    10s[>>>>>>>>>>>>>>>>>>>>>>>    ] 6879/7824, 94.9 task/s, elapsed: 72s, ETA:    10s[>>>>>>>>>>>>>>>>>>>>>>>    ] 6880/7824, 94.9 task/s, elapsed: 72s, ETA:    10s[>>>>>>>>>>>>>>>>>>>>>>>    ] 6881/7824, 94.9 task/s, elapsed: 72s, ETA:    10s[>>>>>>>>>>>>>>>>>>>>>>>    ] 6882/7824, 94.9 task/s, elapsed: 72s, ETA:    10s[>>>>>>>>>>>>>>>>>>>>>>>    ] 6883/7824, 94.9 task/s, elapsed: 72s, ETA:    10s[>>>>>>>>>>>>>>>>>>>>>>>    ] 6884/7824, 94.9 task/s, elapsed: 73s, ETA:    10s[>>>>>>>>>>>>>>>>>>>>>>>    ] 6885/7824, 94.9 task/s, elapsed: 73s, ETA:    10s[>>>>>>>>>>>>>>>>>>>>>>>    ] 6886/7824, 94.9 task/s, elapsed: 73s, ETA:    10s[>>>>>>>>>>>>>>>>>>>>>>>    ] 6887/7824, 94.9 task/s, elapsed: 73s, ETA:    10s[>>>>>>>>>>>>>>>>>>>>>>>    ] 6888/7824, 94.9 task/s, elapsed: 73s, ETA:    10s[>>>>>>>>>>>>>>>>>>>>>>>    ] 6889/7824, 94.9 task/s, elapsed: 73s, ETA:    10s[>>>>>>>>>>>>>>>>>>>>>>>    ] 6890/7824, 95.0 task/s, elapsed: 73s, ETA:    10s[>>>>>>>>>>>>>>>>>>>>>>>    ] 6891/7824, 95.0 task/s, elapsed: 73s, ETA:    10s[>>>>>>>>>>>>>>>>>>>>>>>    ] 6892/7824, 95.0 task/s, elapsed: 73s, ETA:    10s[>>>>>>>>>>>>>>>>>>>>>>>    ] 6893/7824, 95.0 task/s, elapsed: 73s, ETA:    10s[>>>>>>>>>>>>>>>>>>>>>>>    ] 6894/7824, 95.0 task/s, elapsed: 73s, ETA:    10s[>>>>>>>>>>>>>>>>>>>>>>>    ] 6895/7824, 95.0 task/s, elapsed: 73s, ETA:    10s[>>>>>>>>>>>>>>>>>>>>>>>    ] 6896/7824, 95.0 task/s, elapsed: 73s, ETA:    10s[>>>>>>>>>>>>>>>>>>>>>>>    ] 6897/7824, 95.0 task/s, elapsed: 73s, ETA:    10s[>>>>>>>>>>>>>>>>>>>>>>>    ] 6898/7824, 95.0 task/s, elapsed: 73s, ETA:    10s[>>>>>>>>>>>>>>>>>>>>>>>    ] 6899/7824, 95.0 task/s, elapsed: 73s, ETA:    10s[>>>>>>>>>>>>>>>>>>>>>>>    ] 6900/7824, 95.0 task/s, elapsed: 73s, ETA:    10s[>>>>>>>>>>>>>>>>>>>>>>>    ] 6901/7824, 95.0 task/s, elapsed: 73s, ETA:    10s[>>>>>>>>>>>>>>>>>>>>>>>    ] 6902/7824, 95.0 task/s, elapsed: 73s, ETA:    10s[>>>>>>>>>>>>>>>>>>>>>>>    ] 6903/7824, 95.0 task/s, elapsed: 73s, ETA:    10s[>>>>>>>>>>>>>>>>>>>>>>>    ] 6904/7824, 95.0 task/s, elapsed: 73s, ETA:    10s[>>>>>>>>>>>>>>>>>>>>>>>    ] 6905/7824, 95.0 task/s, elapsed: 73s, ETA:    10s[>>>>>>>>>>>>>>>>>>>>>>>    ] 6906/7824, 95.0 task/s, elapsed: 73s, ETA:    10s[>>>>>>>>>>>>>>>>>>>>>>>    ] 6907/7824, 95.0 task/s, elapsed: 73s, ETA:    10s[>>>>>>>>>>>>>>>>>>>>>>>    ] 6908/7824, 95.0 task/s, elapsed: 73s, ETA:    10s[>>>>>>>>>>>>>>>>>>>>>>>    ] 6909/7824, 95.0 task/s, elapsed: 73s, ETA:    10s[>>>>>>>>>>>>>>>>>>>>>>>    ] 6910/7824, 95.0 task/s, elapsed: 73s, ETA:    10s[>>>>>>>>>>>>>>>>>>>>>>>    ] 6911/7824, 95.0 task/s, elapsed: 73s, ETA:    10s[>>>>>>>>>>>>>>>>>>>>>>>    ] 6912/7824, 95.0 task/s, elapsed: 73s, ETA:    10s[>>>>>>>>>>>>>>>>>>>>>>>    ] 6913/7824, 95.0 task/s, elapsed: 73s, ETA:    10s[>>>>>>>>>>>>>>>>>>>>>>>    ] 6914/7824, 95.0 task/s, elapsed: 73s, ETA:    10s[>>>>>>>>>>>>>>>>>>>>>>>    ] 6915/7824, 95.0 task/s, elapsed: 73s, ETA:    10s[>>>>>>>>>>>>>>>>>>>>>>>    ] 6916/7824, 95.0 task/s, elapsed: 73s, ETA:    10s[>>>>>>>>>>>>>>>>>>>>>>>    ] 6917/7824, 95.0 task/s, elapsed: 73s, ETA:    10s[>>>>>>>>>>>>>>>>>>>>>>>    ] 6918/7824, 95.0 task/s, elapsed: 73s, ETA:    10s[>>>>>>>>>>>>>>>>>>>>>>>    ] 6919/7824, 95.0 task/s, elapsed: 73s, ETA:    10s[>>>>>>>>>>>>>>>>>>>>>>>    ] 6920/7824, 95.0 task/s, elapsed: 73s, ETA:    10s[>>>>>>>>>>>>>>>>>>>>>>>    ] 6921/7824, 95.0 task/s, elapsed: 73s, ETA:    10s[>>>>>>>>>>>>>>>>>>>>>>>    ] 6922/7824, 95.0 task/s, elapsed: 73s, ETA:     9s[>>>>>>>>>>>>>>>>>>>>>>>    ] 6923/7824, 95.0 task/s, elapsed: 73s, ETA:     9s[>>>>>>>>>>>>>>>>>>>>>>>    ] 6924/7824, 95.0 task/s, elapsed: 73s, ETA:     9s[>>>>>>>>>>>>>>>>>>>>>>>    ] 6925/7824, 95.0 task/s, elapsed: 73s, ETA:     9s[>>>>>>>>>>>>>>>>>>>>>>>    ] 6926/7824, 95.0 task/s, elapsed: 73s, ETA:     9s[>>>>>>>>>>>>>>>>>>>>>>>    ] 6927/7824, 95.0 task/s, elapsed: 73s, ETA:     9s[>>>>>>>>>>>>>>>>>>>>>>>    ] 6928/7824, 95.0 task/s, elapsed: 73s, ETA:     9s[>>>>>>>>>>>>>>>>>>>>>>>    ] 6929/7824, 95.0 task/s, elapsed: 73s, ETA:     9s[>>>>>>>>>>>>>>>>>>>>>>>    ] 6930/7824, 95.0 task/s, elapsed: 73s, ETA:     9s[>>>>>>>>>>>>>>>>>>>>>>>    ] 6931/7824, 95.0 task/s, elapsed: 73s, ETA:     9s[>>>>>>>>>>>>>>>>>>>>>>>    ] 6932/7824, 95.0 task/s, elapsed: 73s, ETA:     9s[>>>>>>>>>>>>>>>>>>>>>>>    ] 6933/7824, 95.0 task/s, elapsed: 73s, ETA:     9s[>>>>>>>>>>>>>>>>>>>>>>>    ] 6934/7824, 95.0 task/s, elapsed: 73s, ETA:     9s[>>>>>>>>>>>>>>>>>>>>>>>    ] 6935/7824, 95.0 task/s, elapsed: 73s, ETA:     9s[>>>>>>>>>>>>>>>>>>>>>>>    ] 6936/7824, 95.0 task/s, elapsed: 73s, ETA:     9s[>>>>>>>>>>>>>>>>>>>>>>>    ] 6937/7824, 95.0 task/s, elapsed: 73s, ETA:     9s[>>>>>>>>>>>>>>>>>>>>>>>    ] 6938/7824, 95.0 task/s, elapsed: 73s, ETA:     9s[>>>>>>>>>>>>>>>>>>>>>>>    ] 6939/7824, 95.0 task/s, elapsed: 73s, ETA:     9s[>>>>>>>>>>>>>>>>>>>>>>>    ] 6940/7824, 95.0 task/s, elapsed: 73s, ETA:     9s[>>>>>>>>>>>>>>>>>>>>>>>    ] 6941/7824, 95.0 task/s, elapsed: 73s, ETA:     9s[>>>>>>>>>>>>>>>>>>>>>>>    ] 6942/7824, 95.0 task/s, elapsed: 73s, ETA:     9s[>>>>>>>>>>>>>>>>>>>>>>>    ] 6943/7824, 95.0 task/s, elapsed: 73s, ETA:     9s[>>>>>>>>>>>>>>>>>>>>>>>    ] 6944/7824, 95.0 task/s, elapsed: 73s, ETA:     9s[>>>>>>>>>>>>>>>>>>>>>>>    ] 6945/7824, 95.0 task/s, elapsed: 73s, ETA:     9s[>>>>>>>>>>>>>>>>>>>>>>>    ] 6946/7824, 95.0 task/s, elapsed: 73s, ETA:     9s[>>>>>>>>>>>>>>>>>>>>>>>    ] 6947/7824, 95.0 task/s, elapsed: 73s, ETA:     9s[>>>>>>>>>>>>>>>>>>>>>>>    ] 6948/7824, 95.0 task/s, elapsed: 73s, ETA:     9s[>>>>>>>>>>>>>>>>>>>>>>>    ] 6949/7824, 95.0 task/s, elapsed: 73s, ETA:     9s[>>>>>>>>>>>>>>>>>>>>>>>    ] 6950/7824, 95.0 task/s, elapsed: 73s, ETA:     9s[>>>>>>>>>>>>>>>>>>>>>>>    ] 6951/7824, 95.0 task/s, elapsed: 73s, ETA:     9s[>>>>>>>>>>>>>>>>>>>>>>>    ] 6952/7824, 95.0 task/s, elapsed: 73s, ETA:     9s[>>>>>>>>>>>>>>>>>>>>>>>    ] 6953/7824, 95.0 task/s, elapsed: 73s, ETA:     9s[>>>>>>>>>>>>>>>>>>>>>>>    ] 6954/7824, 95.0 task/s, elapsed: 73s, ETA:     9s[>>>>>>>>>>>>>>>>>>>>>>>>   ] 6955/7824, 95.0 task/s, elapsed: 73s, ETA:     9s[>>>>>>>>>>>>>>>>>>>>>>>>   ] 6956/7824, 95.1 task/s, elapsed: 73s, ETA:     9s[>>>>>>>>>>>>>>>>>>>>>>>>   ] 6957/7824, 95.1 task/s, elapsed: 73s, ETA:     9s[>>>>>>>>>>>>>>>>>>>>>>>>   ] 6958/7824, 95.1 task/s, elapsed: 73s, ETA:     9s[>>>>>>>>>>>>>>>>>>>>>>>>   ] 6959/7824, 95.1 task/s, elapsed: 73s, ETA:     9s[>>>>>>>>>>>>>>>>>>>>>>>>   ] 6960/7824, 95.1 task/s, elapsed: 73s, ETA:     9s[>>>>>>>>>>>>>>>>>>>>>>>>   ] 6961/7824, 95.1 task/s, elapsed: 73s, ETA:     9s[>>>>>>>>>>>>>>>>>>>>>>>>   ] 6962/7824, 95.1 task/s, elapsed: 73s, ETA:     9s[>>>>>>>>>>>>>>>>>>>>>>>>   ] 6963/7824, 95.1 task/s, elapsed: 73s, ETA:     9s[>>>>>>>>>>>>>>>>>>>>>>>>   ] 6964/7824, 95.1 task/s, elapsed: 73s, ETA:     9s[>>>>>>>>>>>>>>>>>>>>>>>>   ] 6965/7824, 95.1 task/s, elapsed: 73s, ETA:     9s[>>>>>>>>>>>>>>>>>>>>>>>>   ] 6966/7824, 95.1 task/s, elapsed: 73s, ETA:     9s[>>>>>>>>>>>>>>>>>>>>>>>>   ] 6967/7824, 95.1 task/s, elapsed: 73s, ETA:     9s[>>>>>>>>>>>>>>>>>>>>>>>>   ] 6968/7824, 95.1 task/s, elapsed: 73s, ETA:     9s[>>>>>>>>>>>>>>>>>>>>>>>>   ] 6969/7824, 95.1 task/s, elapsed: 73s, ETA:     9s[>>>>>>>>>>>>>>>>>>>>>>>>   ] 6970/7824, 95.1 task/s, elapsed: 73s, ETA:     9s[>>>>>>>>>>>>>>>>>>>>>>>>   ] 6971/7824, 95.1 task/s, elapsed: 73s, ETA:     9s[>>>>>>>>>>>>>>>>>>>>>>>>   ] 6972/7824, 95.1 task/s, elapsed: 73s, ETA:     9s[>>>>>>>>>>>>>>>>>>>>>>>>   ] 6973/7824, 95.1 task/s, elapsed: 73s, ETA:     9s[>>>>>>>>>>>>>>>>>>>>>>>>   ] 6974/7824, 95.1 task/s, elapsed: 73s, ETA:     9s[>>>>>>>>>>>>>>>>>>>>>>>>   ] 6975/7824, 95.1 task/s, elapsed: 73s, ETA:     9s[>>>>>>>>>>>>>>>>>>>>>>>>   ] 6976/7824, 95.1 task/s, elapsed: 73s, ETA:     9s[>>>>>>>>>>>>>>>>>>>>>>>>   ] 6977/7824, 95.1 task/s, elapsed: 73s, ETA:     9s[>>>>>>>>>>>>>>>>>>>>>>>>   ] 6978/7824, 95.1 task/s, elapsed: 73s, ETA:     9s[>>>>>>>>>>>>>>>>>>>>>>>>   ] 6979/7824, 95.1 task/s, elapsed: 73s, ETA:     9s[>>>>>>>>>>>>>>>>>>>>>>>>   ] 6980/7824, 95.1 task/s, elapsed: 73s, ETA:     9s[>>>>>>>>>>>>>>>>>>>>>>>>   ] 6981/7824, 95.1 task/s, elapsed: 73s, ETA:     9s[>>>>>>>>>>>>>>>>>>>>>>>>   ] 6982/7824, 95.1 task/s, elapsed: 73s, ETA:     9s[>>>>>>>>>>>>>>>>>>>>>>>>   ] 6983/7824, 95.1 task/s, elapsed: 73s, ETA:     9s[>>>>>>>>>>>>>>>>>>>>>>>>   ] 6984/7824, 95.1 task/s, elapsed: 73s, ETA:     9s[>>>>>>>>>>>>>>>>>>>>>>>>   ] 6985/7824, 95.1 task/s, elapsed: 73s, ETA:     9s[>>>>>>>>>>>>>>>>>>>>>>>>   ] 6986/7824, 95.1 task/s, elapsed: 73s, ETA:     9s[>>>>>>>>>>>>>>>>>>>>>>>>   ] 6987/7824, 95.1 task/s, elapsed: 73s, ETA:     9s[>>>>>>>>>>>>>>>>>>>>>>>>   ] 6988/7824, 95.1 task/s, elapsed: 73s, ETA:     9s[>>>>>>>>>>>>>>>>>>>>>>>>   ] 6989/7824, 95.1 task/s, elapsed: 73s, ETA:     9s[>>>>>>>>>>>>>>>>>>>>>>>>   ] 6990/7824, 95.1 task/s, elapsed: 74s, ETA:     9s[>>>>>>>>>>>>>>>>>>>>>>>>   ] 6991/7824, 95.1 task/s, elapsed: 74s, ETA:     9s[>>>>>>>>>>>>>>>>>>>>>>>>   ] 6992/7824, 95.1 task/s, elapsed: 74s, ETA:     9s[>>>>>>>>>>>>>>>>>>>>>>>>   ] 6993/7824, 95.1 task/s, elapsed: 74s, ETA:     9s[>>>>>>>>>>>>>>>>>>>>>>>>   ] 6994/7824, 95.1 task/s, elapsed: 74s, ETA:     9s[>>>>>>>>>>>>>>>>>>>>>>>>   ] 6995/7824, 95.1 task/s, elapsed: 74s, ETA:     9s[>>>>>>>>>>>>>>>>>>>>>>>>   ] 6996/7824, 95.1 task/s, elapsed: 74s, ETA:     9s[>>>>>>>>>>>>>>>>>>>>>>>>   ] 6997/7824, 95.1 task/s, elapsed: 74s, ETA:     9s[>>>>>>>>>>>>>>>>>>>>>>>>   ] 6998/7824, 95.1 task/s, elapsed: 74s, ETA:     9s[>>>>>>>>>>>>>>>>>>>>>>>>   ] 6999/7824, 95.1 task/s, elapsed: 74s, ETA:     9s[>>>>>>>>>>>>>>>>>>>>>>>>   ] 7000/7824, 95.1 task/s, elapsed: 74s, ETA:     9s[>>>>>>>>>>>>>>>>>>>>>>>>   ] 7001/7824, 95.1 task/s, elapsed: 74s, ETA:     9s[>>>>>>>>>>>>>>>>>>>>>>>>   ] 7002/7824, 95.1 task/s, elapsed: 74s, ETA:     9s[>>>>>>>>>>>>>>>>>>>>>>>>   ] 7003/7824, 95.1 task/s, elapsed: 74s, ETA:     9s[>>>>>>>>>>>>>>>>>>>>>>>>   ] 7004/7824, 95.1 task/s, elapsed: 74s, ETA:     9s[>>>>>>>>>>>>>>>>>>>>>>>>   ] 7005/7824, 95.1 task/s, elapsed: 74s, ETA:     9s[>>>>>>>>>>>>>>>>>>>>>>>>   ] 7006/7824, 95.1 task/s, elapsed: 74s, ETA:     9s[>>>>>>>>>>>>>>>>>>>>>>>>   ] 7007/7824, 95.1 task/s, elapsed: 74s, ETA:     9s[>>>>>>>>>>>>>>>>>>>>>>>>   ] 7008/7824, 95.1 task/s, elapsed: 74s, ETA:     9s[>>>>>>>>>>>>>>>>>>>>>>>>   ] 7009/7824, 95.1 task/s, elapsed: 74s, ETA:     9s[>>>>>>>>>>>>>>>>>>>>>>>>   ] 7010/7824, 95.1 task/s, elapsed: 74s, ETA:     9s[>>>>>>>>>>>>>>>>>>>>>>>>   ] 7011/7824, 95.1 task/s, elapsed: 74s, ETA:     9s[>>>>>>>>>>>>>>>>>>>>>>>>   ] 7012/7824, 95.1 task/s, elapsed: 74s, ETA:     9s[>>>>>>>>>>>>>>>>>>>>>>>>   ] 7013/7824, 95.1 task/s, elapsed: 74s, ETA:     9s[>>>>>>>>>>>>>>>>>>>>>>>>   ] 7014/7824, 95.1 task/s, elapsed: 74s, ETA:     9s[>>>>>>>>>>>>>>>>>>>>>>>>   ] 7015/7824, 95.1 task/s, elapsed: 74s, ETA:     9s[>>>>>>>>>>>>>>>>>>>>>>>>   ] 7016/7824, 95.1 task/s, elapsed: 74s, ETA:     8s[>>>>>>>>>>>>>>>>>>>>>>>>   ] 7017/7824, 95.1 task/s, elapsed: 74s, ETA:     8s[>>>>>>>>>>>>>>>>>>>>>>>>   ] 7018/7824, 95.1 task/s, elapsed: 74s, ETA:     8s[>>>>>>>>>>>>>>>>>>>>>>>>   ] 7019/7824, 95.1 task/s, elapsed: 74s, ETA:     8s[>>>>>>>>>>>>>>>>>>>>>>>>   ] 7020/7824, 95.1 task/s, elapsed: 74s, ETA:     8s[>>>>>>>>>>>>>>>>>>>>>>>>   ] 7021/7824, 95.1 task/s, elapsed: 74s, ETA:     8s[>>>>>>>>>>>>>>>>>>>>>>>>   ] 7022/7824, 95.1 task/s, elapsed: 74s, ETA:     8s[>>>>>>>>>>>>>>>>>>>>>>>>   ] 7023/7824, 95.1 task/s, elapsed: 74s, ETA:     8s[>>>>>>>>>>>>>>>>>>>>>>>>   ] 7024/7824, 95.1 task/s, elapsed: 74s, ETA:     8s[>>>>>>>>>>>>>>>>>>>>>>>>   ] 7025/7824, 95.1 task/s, elapsed: 74s, ETA:     8s[>>>>>>>>>>>>>>>>>>>>>>>>   ] 7026/7824, 95.1 task/s, elapsed: 74s, ETA:     8s[>>>>>>>>>>>>>>>>>>>>>>>>   ] 7027/7824, 95.1 task/s, elapsed: 74s, ETA:     8s[>>>>>>>>>>>>>>>>>>>>>>>>   ] 7028/7824, 95.1 task/s, elapsed: 74s, ETA:     8s[>>>>>>>>>>>>>>>>>>>>>>>>   ] 7029/7824, 95.1 task/s, elapsed: 74s, ETA:     8s[>>>>>>>>>>>>>>>>>>>>>>>>   ] 7030/7824, 95.2 task/s, elapsed: 74s, ETA:     8s[>>>>>>>>>>>>>>>>>>>>>>>>   ] 7031/7824, 95.2 task/s, elapsed: 74s, ETA:     8s[>>>>>>>>>>>>>>>>>>>>>>>>   ] 7032/7824, 95.2 task/s, elapsed: 74s, ETA:     8s[>>>>>>>>>>>>>>>>>>>>>>>>   ] 7033/7824, 95.2 task/s, elapsed: 74s, ETA:     8s[>>>>>>>>>>>>>>>>>>>>>>>>   ] 7034/7824, 95.2 task/s, elapsed: 74s, ETA:     8s[>>>>>>>>>>>>>>>>>>>>>>>>   ] 7035/7824, 95.2 task/s, elapsed: 74s, ETA:     8s[>>>>>>>>>>>>>>>>>>>>>>>>   ] 7036/7824, 95.2 task/s, elapsed: 74s, ETA:     8s[>>>>>>>>>>>>>>>>>>>>>>>>   ] 7037/7824, 95.2 task/s, elapsed: 74s, ETA:     8s[>>>>>>>>>>>>>>>>>>>>>>>>   ] 7038/7824, 95.2 task/s, elapsed: 74s, ETA:     8s[>>>>>>>>>>>>>>>>>>>>>>>>   ] 7039/7824, 95.2 task/s, elapsed: 74s, ETA:     8s[>>>>>>>>>>>>>>>>>>>>>>>>   ] 7040/7824, 95.2 task/s, elapsed: 74s, ETA:     8s[>>>>>>>>>>>>>>>>>>>>>>>>   ] 7041/7824, 95.2 task/s, elapsed: 74s, ETA:     8s[>>>>>>>>>>>>>>>>>>>>>>>>   ] 7042/7824, 95.2 task/s, elapsed: 74s, ETA:     8s[>>>>>>>>>>>>>>>>>>>>>>>>   ] 7043/7824, 95.2 task/s, elapsed: 74s, ETA:     8s[>>>>>>>>>>>>>>>>>>>>>>>>   ] 7044/7824, 95.2 task/s, elapsed: 74s, ETA:     8s[>>>>>>>>>>>>>>>>>>>>>>>>   ] 7045/7824, 95.2 task/s, elapsed: 74s, ETA:     8s[>>>>>>>>>>>>>>>>>>>>>>>>   ] 7046/7824, 95.2 task/s, elapsed: 74s, ETA:     8s[>>>>>>>>>>>>>>>>>>>>>>>>   ] 7047/7824, 95.2 task/s, elapsed: 74s, ETA:     8s[>>>>>>>>>>>>>>>>>>>>>>>>   ] 7048/7824, 95.2 task/s, elapsed: 74s, ETA:     8s[>>>>>>>>>>>>>>>>>>>>>>>>   ] 7049/7824, 95.2 task/s, elapsed: 74s, ETA:     8s[>>>>>>>>>>>>>>>>>>>>>>>>   ] 7050/7824, 95.2 task/s, elapsed: 74s, ETA:     8s[>>>>>>>>>>>>>>>>>>>>>>>>   ] 7051/7824, 95.2 task/s, elapsed: 74s, ETA:     8s[>>>>>>>>>>>>>>>>>>>>>>>>   ] 7052/7824, 95.2 task/s, elapsed: 74s, ETA:     8s[>>>>>>>>>>>>>>>>>>>>>>>>   ] 7053/7824, 95.2 task/s, elapsed: 74s, ETA:     8s[>>>>>>>>>>>>>>>>>>>>>>>>   ] 7054/7824, 95.2 task/s, elapsed: 74s, ETA:     8s[>>>>>>>>>>>>>>>>>>>>>>>>   ] 7055/7824, 95.2 task/s, elapsed: 74s, ETA:     8s[>>>>>>>>>>>>>>>>>>>>>>>>   ] 7056/7824, 95.2 task/s, elapsed: 74s, ETA:     8s[>>>>>>>>>>>>>>>>>>>>>>>>   ] 7057/7824, 95.2 task/s, elapsed: 74s, ETA:     8s[>>>>>>>>>>>>>>>>>>>>>>>>   ] 7058/7824, 95.2 task/s, elapsed: 74s, ETA:     8s[>>>>>>>>>>>>>>>>>>>>>>>>   ] 7059/7824, 95.2 task/s, elapsed: 74s, ETA:     8s[>>>>>>>>>>>>>>>>>>>>>>>>   ] 7060/7824, 95.2 task/s, elapsed: 74s, ETA:     8s[>>>>>>>>>>>>>>>>>>>>>>>>   ] 7061/7824, 95.2 task/s, elapsed: 74s, ETA:     8s[>>>>>>>>>>>>>>>>>>>>>>>>   ] 7062/7824, 95.2 task/s, elapsed: 74s, ETA:     8s[>>>>>>>>>>>>>>>>>>>>>>>>   ] 7063/7824, 95.2 task/s, elapsed: 74s, ETA:     8s[>>>>>>>>>>>>>>>>>>>>>>>>   ] 7064/7824, 95.2 task/s, elapsed: 74s, ETA:     8s[>>>>>>>>>>>>>>>>>>>>>>>>   ] 7065/7824, 95.2 task/s, elapsed: 74s, ETA:     8s[>>>>>>>>>>>>>>>>>>>>>>>>   ] 7066/7824, 95.2 task/s, elapsed: 74s, ETA:     8s[>>>>>>>>>>>>>>>>>>>>>>>>   ] 7067/7824, 95.2 task/s, elapsed: 74s, ETA:     8s[>>>>>>>>>>>>>>>>>>>>>>>>   ] 7068/7824, 95.2 task/s, elapsed: 74s, ETA:     8s[>>>>>>>>>>>>>>>>>>>>>>>>   ] 7069/7824, 95.2 task/s, elapsed: 74s, ETA:     8s[>>>>>>>>>>>>>>>>>>>>>>>>   ] 7070/7824, 95.2 task/s, elapsed: 74s, ETA:     8s[>>>>>>>>>>>>>>>>>>>>>>>>   ] 7071/7824, 95.2 task/s, elapsed: 74s, ETA:     8s[>>>>>>>>>>>>>>>>>>>>>>>>   ] 7072/7824, 95.2 task/s, elapsed: 74s, ETA:     8s[>>>>>>>>>>>>>>>>>>>>>>>>   ] 7073/7824, 95.2 task/s, elapsed: 74s, ETA:     8s[>>>>>>>>>>>>>>>>>>>>>>>>   ] 7074/7824, 95.2 task/s, elapsed: 74s, ETA:     8s[>>>>>>>>>>>>>>>>>>>>>>>>   ] 7075/7824, 95.2 task/s, elapsed: 74s, ETA:     8s[>>>>>>>>>>>>>>>>>>>>>>>>   ] 7076/7824, 95.2 task/s, elapsed: 74s, ETA:     8s[>>>>>>>>>>>>>>>>>>>>>>>>   ] 7077/7824, 95.2 task/s, elapsed: 74s, ETA:     8s[>>>>>>>>>>>>>>>>>>>>>>>>   ] 7078/7824, 95.2 task/s, elapsed: 74s, ETA:     8s[>>>>>>>>>>>>>>>>>>>>>>>>   ] 7079/7824, 95.2 task/s, elapsed: 74s, ETA:     8s[>>>>>>>>>>>>>>>>>>>>>>>>   ] 7080/7824, 95.2 task/s, elapsed: 74s, ETA:     8s[>>>>>>>>>>>>>>>>>>>>>>>>   ] 7081/7824, 95.2 task/s, elapsed: 74s, ETA:     8s[>>>>>>>>>>>>>>>>>>>>>>>>   ] 7082/7824, 95.2 task/s, elapsed: 74s, ETA:     8s[>>>>>>>>>>>>>>>>>>>>>>>>   ] 7083/7824, 95.2 task/s, elapsed: 74s, ETA:     8s[>>>>>>>>>>>>>>>>>>>>>>>>   ] 7084/7824, 95.2 task/s, elapsed: 74s, ETA:     8s[>>>>>>>>>>>>>>>>>>>>>>>>   ] 7085/7824, 95.2 task/s, elapsed: 74s, ETA:     8s[>>>>>>>>>>>>>>>>>>>>>>>>   ] 7086/7824, 95.2 task/s, elapsed: 74s, ETA:     8s[>>>>>>>>>>>>>>>>>>>>>>>>   ] 7087/7824, 95.2 task/s, elapsed: 74s, ETA:     8s[>>>>>>>>>>>>>>>>>>>>>>>>   ] 7088/7824, 95.2 task/s, elapsed: 74s, ETA:     8s[>>>>>>>>>>>>>>>>>>>>>>>>   ] 7089/7824, 95.2 task/s, elapsed: 74s, ETA:     8s[>>>>>>>>>>>>>>>>>>>>>>>>   ] 7090/7824, 95.2 task/s, elapsed: 74s, ETA:     8s[>>>>>>>>>>>>>>>>>>>>>>>>   ] 7091/7824, 95.2 task/s, elapsed: 74s, ETA:     8s[>>>>>>>>>>>>>>>>>>>>>>>>   ] 7092/7824, 95.2 task/s, elapsed: 74s, ETA:     8s[>>>>>>>>>>>>>>>>>>>>>>>>   ] 7093/7824, 95.2 task/s, elapsed: 74s, ETA:     8s[>>>>>>>>>>>>>>>>>>>>>>>>   ] 7094/7824, 95.2 task/s, elapsed: 74s, ETA:     8s[>>>>>>>>>>>>>>>>>>>>>>>>   ] 7095/7824, 95.2 task/s, elapsed: 75s, ETA:     8s[>>>>>>>>>>>>>>>>>>>>>>>>   ] 7096/7824, 95.2 task/s, elapsed: 75s, ETA:     8s[>>>>>>>>>>>>>>>>>>>>>>>>   ] 7097/7824, 95.2 task/s, elapsed: 75s, ETA:     8s[>>>>>>>>>>>>>>>>>>>>>>>>   ] 7098/7824, 95.2 task/s, elapsed: 75s, ETA:     8s[>>>>>>>>>>>>>>>>>>>>>>>>   ] 7099/7824, 95.2 task/s, elapsed: 75s, ETA:     8s[>>>>>>>>>>>>>>>>>>>>>>>>   ] 7100/7824, 95.2 task/s, elapsed: 75s, ETA:     8s[>>>>>>>>>>>>>>>>>>>>>>>>   ] 7101/7824, 95.2 task/s, elapsed: 75s, ETA:     8s[>>>>>>>>>>>>>>>>>>>>>>>>   ] 7102/7824, 95.2 task/s, elapsed: 75s, ETA:     8s[>>>>>>>>>>>>>>>>>>>>>>>>   ] 7103/7824, 95.2 task/s, elapsed: 75s, ETA:     8s[>>>>>>>>>>>>>>>>>>>>>>>>   ] 7104/7824, 95.2 task/s, elapsed: 75s, ETA:     8s[>>>>>>>>>>>>>>>>>>>>>>>>   ] 7105/7824, 95.2 task/s, elapsed: 75s, ETA:     8s[>>>>>>>>>>>>>>>>>>>>>>>>   ] 7106/7824, 95.2 task/s, elapsed: 75s, ETA:     8s[>>>>>>>>>>>>>>>>>>>>>>>>   ] 7107/7824, 95.2 task/s, elapsed: 75s, ETA:     8s[>>>>>>>>>>>>>>>>>>>>>>>>   ] 7108/7824, 95.2 task/s, elapsed: 75s, ETA:     8s[>>>>>>>>>>>>>>>>>>>>>>>>   ] 7109/7824, 95.2 task/s, elapsed: 75s, ETA:     8s[>>>>>>>>>>>>>>>>>>>>>>>>   ] 7110/7824, 95.2 task/s, elapsed: 75s, ETA:     7s[>>>>>>>>>>>>>>>>>>>>>>>>   ] 7111/7824, 95.2 task/s, elapsed: 75s, ETA:     7s[>>>>>>>>>>>>>>>>>>>>>>>>   ] 7112/7824, 95.2 task/s, elapsed: 75s, ETA:     7s[>>>>>>>>>>>>>>>>>>>>>>>>   ] 7113/7824, 95.2 task/s, elapsed: 75s, ETA:     7s[>>>>>>>>>>>>>>>>>>>>>>>>   ] 7114/7824, 95.2 task/s, elapsed: 75s, ETA:     7s[>>>>>>>>>>>>>>>>>>>>>>>>   ] 7115/7824, 95.2 task/s, elapsed: 75s, ETA:     7s[>>>>>>>>>>>>>>>>>>>>>>>>   ] 7116/7824, 95.2 task/s, elapsed: 75s, ETA:     7s[>>>>>>>>>>>>>>>>>>>>>>>>   ] 7117/7824, 95.2 task/s, elapsed: 75s, ETA:     7s[>>>>>>>>>>>>>>>>>>>>>>>>   ] 7118/7824, 95.2 task/s, elapsed: 75s, ETA:     7s[>>>>>>>>>>>>>>>>>>>>>>>>   ] 7119/7824, 95.3 task/s, elapsed: 75s, ETA:     7s[>>>>>>>>>>>>>>>>>>>>>>>>   ] 7120/7824, 95.3 task/s, elapsed: 75s, ETA:     7s[>>>>>>>>>>>>>>>>>>>>>>>>   ] 7121/7824, 95.3 task/s, elapsed: 75s, ETA:     7s[>>>>>>>>>>>>>>>>>>>>>>>>   ] 7122/7824, 95.3 task/s, elapsed: 75s, ETA:     7s[>>>>>>>>>>>>>>>>>>>>>>>>   ] 7123/7824, 95.3 task/s, elapsed: 75s, ETA:     7s[>>>>>>>>>>>>>>>>>>>>>>>>   ] 7124/7824, 95.3 task/s, elapsed: 75s, ETA:     7s[>>>>>>>>>>>>>>>>>>>>>>>>   ] 7125/7824, 95.3 task/s, elapsed: 75s, ETA:     7s[>>>>>>>>>>>>>>>>>>>>>>>>   ] 7126/7824, 95.3 task/s, elapsed: 75s, ETA:     7s[>>>>>>>>>>>>>>>>>>>>>>>>   ] 7127/7824, 95.3 task/s, elapsed: 75s, ETA:     7s[>>>>>>>>>>>>>>>>>>>>>>>>   ] 7128/7824, 95.3 task/s, elapsed: 75s, ETA:     7s[>>>>>>>>>>>>>>>>>>>>>>>>   ] 7129/7824, 95.3 task/s, elapsed: 75s, ETA:     7s[>>>>>>>>>>>>>>>>>>>>>>>>   ] 7130/7824, 95.3 task/s, elapsed: 75s, ETA:     7s[>>>>>>>>>>>>>>>>>>>>>>>>   ] 7131/7824, 95.3 task/s, elapsed: 75s, ETA:     7s[>>>>>>>>>>>>>>>>>>>>>>>>   ] 7132/7824, 95.3 task/s, elapsed: 75s, ETA:     7s[>>>>>>>>>>>>>>>>>>>>>>>>   ] 7133/7824, 95.3 task/s, elapsed: 75s, ETA:     7s[>>>>>>>>>>>>>>>>>>>>>>>>   ] 7134/7824, 95.3 task/s, elapsed: 75s, ETA:     7s[>>>>>>>>>>>>>>>>>>>>>>>>   ] 7135/7824, 95.3 task/s, elapsed: 75s, ETA:     7s[>>>>>>>>>>>>>>>>>>>>>>>>   ] 7136/7824, 95.3 task/s, elapsed: 75s, ETA:     7s[>>>>>>>>>>>>>>>>>>>>>>>>   ] 7137/7824, 95.3 task/s, elapsed: 75s, ETA:     7s[>>>>>>>>>>>>>>>>>>>>>>>>   ] 7138/7824, 95.3 task/s, elapsed: 75s, ETA:     7s[>>>>>>>>>>>>>>>>>>>>>>>>   ] 7139/7824, 95.3 task/s, elapsed: 75s, ETA:     7s[>>>>>>>>>>>>>>>>>>>>>>>>   ] 7140/7824, 95.3 task/s, elapsed: 75s, ETA:     7s[>>>>>>>>>>>>>>>>>>>>>>>>   ] 7141/7824, 95.3 task/s, elapsed: 75s, ETA:     7s[>>>>>>>>>>>>>>>>>>>>>>>>   ] 7142/7824, 95.3 task/s, elapsed: 75s, ETA:     7s[>>>>>>>>>>>>>>>>>>>>>>>>   ] 7143/7824, 95.3 task/s, elapsed: 75s, ETA:     7s[>>>>>>>>>>>>>>>>>>>>>>>>   ] 7144/7824, 95.3 task/s, elapsed: 75s, ETA:     7s[>>>>>>>>>>>>>>>>>>>>>>>>   ] 7145/7824, 95.3 task/s, elapsed: 75s, ETA:     7s[>>>>>>>>>>>>>>>>>>>>>>>>   ] 7146/7824, 95.3 task/s, elapsed: 75s, ETA:     7s[>>>>>>>>>>>>>>>>>>>>>>>>   ] 7147/7824, 95.3 task/s, elapsed: 75s, ETA:     7s[>>>>>>>>>>>>>>>>>>>>>>>>   ] 7148/7824, 95.3 task/s, elapsed: 75s, ETA:     7s[>>>>>>>>>>>>>>>>>>>>>>>>   ] 7149/7824, 95.3 task/s, elapsed: 75s, ETA:     7s[>>>>>>>>>>>>>>>>>>>>>>>>   ] 7150/7824, 95.3 task/s, elapsed: 75s, ETA:     7s[>>>>>>>>>>>>>>>>>>>>>>>>   ] 7151/7824, 95.3 task/s, elapsed: 75s, ETA:     7s[>>>>>>>>>>>>>>>>>>>>>>>>   ] 7152/7824, 95.3 task/s, elapsed: 75s, ETA:     7s[>>>>>>>>>>>>>>>>>>>>>>>>   ] 7153/7824, 95.3 task/s, elapsed: 75s, ETA:     7s[>>>>>>>>>>>>>>>>>>>>>>>>   ] 7154/7824, 95.3 task/s, elapsed: 75s, ETA:     7s[>>>>>>>>>>>>>>>>>>>>>>>>   ] 7155/7824, 95.3 task/s, elapsed: 75s, ETA:     7s[>>>>>>>>>>>>>>>>>>>>>>>>   ] 7156/7824, 95.3 task/s, elapsed: 75s, ETA:     7s[>>>>>>>>>>>>>>>>>>>>>>>>   ] 7157/7824, 95.3 task/s, elapsed: 75s, ETA:     7s[>>>>>>>>>>>>>>>>>>>>>>>>   ] 7158/7824, 95.3 task/s, elapsed: 75s, ETA:     7s[>>>>>>>>>>>>>>>>>>>>>>>>   ] 7159/7824, 95.3 task/s, elapsed: 75s, ETA:     7s[>>>>>>>>>>>>>>>>>>>>>>>>   ] 7160/7824, 95.3 task/s, elapsed: 75s, ETA:     7s[>>>>>>>>>>>>>>>>>>>>>>>>   ] 7161/7824, 95.3 task/s, elapsed: 75s, ETA:     7s[>>>>>>>>>>>>>>>>>>>>>>>>   ] 7162/7824, 95.3 task/s, elapsed: 75s, ETA:     7s[>>>>>>>>>>>>>>>>>>>>>>>>   ] 7163/7824, 95.3 task/s, elapsed: 75s, ETA:     7s[>>>>>>>>>>>>>>>>>>>>>>>>   ] 7164/7824, 95.3 task/s, elapsed: 75s, ETA:     7s[>>>>>>>>>>>>>>>>>>>>>>>>   ] 7165/7824, 95.3 task/s, elapsed: 75s, ETA:     7s[>>>>>>>>>>>>>>>>>>>>>>>>   ] 7166/7824, 95.3 task/s, elapsed: 75s, ETA:     7s[>>>>>>>>>>>>>>>>>>>>>>>>   ] 7167/7824, 95.3 task/s, elapsed: 75s, ETA:     7s[>>>>>>>>>>>>>>>>>>>>>>>>   ] 7168/7824, 95.3 task/s, elapsed: 75s, ETA:     7s[>>>>>>>>>>>>>>>>>>>>>>>>   ] 7169/7824, 95.3 task/s, elapsed: 75s, ETA:     7s[>>>>>>>>>>>>>>>>>>>>>>>>   ] 7170/7824, 95.3 task/s, elapsed: 75s, ETA:     7s[>>>>>>>>>>>>>>>>>>>>>>>>   ] 7171/7824, 95.3 task/s, elapsed: 75s, ETA:     7s[>>>>>>>>>>>>>>>>>>>>>>>>   ] 7172/7824, 95.3 task/s, elapsed: 75s, ETA:     7s[>>>>>>>>>>>>>>>>>>>>>>>>   ] 7173/7824, 95.3 task/s, elapsed: 75s, ETA:     7s[>>>>>>>>>>>>>>>>>>>>>>>>   ] 7174/7824, 95.3 task/s, elapsed: 75s, ETA:     7s[>>>>>>>>>>>>>>>>>>>>>>>>   ] 7175/7824, 95.3 task/s, elapsed: 75s, ETA:     7s[>>>>>>>>>>>>>>>>>>>>>>>>   ] 7176/7824, 95.3 task/s, elapsed: 75s, ETA:     7s[>>>>>>>>>>>>>>>>>>>>>>>>   ] 7177/7824, 95.3 task/s, elapsed: 75s, ETA:     7s[>>>>>>>>>>>>>>>>>>>>>>>>   ] 7178/7824, 95.3 task/s, elapsed: 75s, ETA:     7s[>>>>>>>>>>>>>>>>>>>>>>>>   ] 7179/7824, 95.3 task/s, elapsed: 75s, ETA:     7s[>>>>>>>>>>>>>>>>>>>>>>>>   ] 7180/7824, 95.3 task/s, elapsed: 75s, ETA:     7s[>>>>>>>>>>>>>>>>>>>>>>>>   ] 7181/7824, 95.3 task/s, elapsed: 75s, ETA:     7s[>>>>>>>>>>>>>>>>>>>>>>>>   ] 7182/7824, 95.3 task/s, elapsed: 75s, ETA:     7s[>>>>>>>>>>>>>>>>>>>>>>>>   ] 7183/7824, 95.3 task/s, elapsed: 75s, ETA:     7s[>>>>>>>>>>>>>>>>>>>>>>>>   ] 7184/7824, 95.3 task/s, elapsed: 75s, ETA:     7s[>>>>>>>>>>>>>>>>>>>>>>>>   ] 7185/7824, 95.3 task/s, elapsed: 75s, ETA:     7s[>>>>>>>>>>>>>>>>>>>>>>>>   ] 7186/7824, 95.3 task/s, elapsed: 75s, ETA:     7s[>>>>>>>>>>>>>>>>>>>>>>>>   ] 7187/7824, 95.3 task/s, elapsed: 75s, ETA:     7s[>>>>>>>>>>>>>>>>>>>>>>>>   ] 7188/7824, 95.3 task/s, elapsed: 75s, ETA:     7s[>>>>>>>>>>>>>>>>>>>>>>>>   ] 7189/7824, 95.3 task/s, elapsed: 75s, ETA:     7s[>>>>>>>>>>>>>>>>>>>>>>>>   ] 7190/7824, 95.3 task/s, elapsed: 75s, ETA:     7s[>>>>>>>>>>>>>>>>>>>>>>>>   ] 7191/7824, 95.3 task/s, elapsed: 75s, ETA:     7s[>>>>>>>>>>>>>>>>>>>>>>>>   ] 7192/7824, 95.4 task/s, elapsed: 75s, ETA:     7s[>>>>>>>>>>>>>>>>>>>>>>>>   ] 7193/7824, 95.4 task/s, elapsed: 75s, ETA:     7s[>>>>>>>>>>>>>>>>>>>>>>>>   ] 7194/7824, 95.4 task/s, elapsed: 75s, ETA:     7s[>>>>>>>>>>>>>>>>>>>>>>>>   ] 7195/7824, 95.4 task/s, elapsed: 75s, ETA:     7s[>>>>>>>>>>>>>>>>>>>>>>>>   ] 7196/7824, 95.4 task/s, elapsed: 75s, ETA:     7s[>>>>>>>>>>>>>>>>>>>>>>>>   ] 7197/7824, 95.4 task/s, elapsed: 75s, ETA:     7s[>>>>>>>>>>>>>>>>>>>>>>>>   ] 7198/7824, 95.4 task/s, elapsed: 75s, ETA:     7s[>>>>>>>>>>>>>>>>>>>>>>>>   ] 7199/7824, 95.4 task/s, elapsed: 75s, ETA:     7s[>>>>>>>>>>>>>>>>>>>>>>>>   ] 7200/7824, 95.4 task/s, elapsed: 76s, ETA:     7s[>>>>>>>>>>>>>>>>>>>>>>>>   ] 7201/7824, 95.4 task/s, elapsed: 76s, ETA:     7s[>>>>>>>>>>>>>>>>>>>>>>>>   ] 7202/7824, 95.4 task/s, elapsed: 76s, ETA:     7s[>>>>>>>>>>>>>>>>>>>>>>>>   ] 7203/7824, 95.4 task/s, elapsed: 76s, ETA:     7s[>>>>>>>>>>>>>>>>>>>>>>>>   ] 7204/7824, 95.4 task/s, elapsed: 76s, ETA:     7s[>>>>>>>>>>>>>>>>>>>>>>>>   ] 7205/7824, 95.4 task/s, elapsed: 76s, ETA:     6s[>>>>>>>>>>>>>>>>>>>>>>>>   ] 7206/7824, 95.4 task/s, elapsed: 76s, ETA:     6s[>>>>>>>>>>>>>>>>>>>>>>>>   ] 7207/7824, 95.4 task/s, elapsed: 76s, ETA:     6s[>>>>>>>>>>>>>>>>>>>>>>>>   ] 7208/7824, 95.4 task/s, elapsed: 76s, ETA:     6s[>>>>>>>>>>>>>>>>>>>>>>>>   ] 7209/7824, 95.4 task/s, elapsed: 76s, ETA:     6s[>>>>>>>>>>>>>>>>>>>>>>>>   ] 7210/7824, 95.4 task/s, elapsed: 76s, ETA:     6s[>>>>>>>>>>>>>>>>>>>>>>>>   ] 7211/7824, 95.4 task/s, elapsed: 76s, ETA:     6s[>>>>>>>>>>>>>>>>>>>>>>>>   ] 7212/7824, 95.4 task/s, elapsed: 76s, ETA:     6s[>>>>>>>>>>>>>>>>>>>>>>>>   ] 7213/7824, 95.4 task/s, elapsed: 76s, ETA:     6s[>>>>>>>>>>>>>>>>>>>>>>>>   ] 7214/7824, 95.4 task/s, elapsed: 76s, ETA:     6s[>>>>>>>>>>>>>>>>>>>>>>>>   ] 7215/7824, 95.4 task/s, elapsed: 76s, ETA:     6s[>>>>>>>>>>>>>>>>>>>>>>>>   ] 7216/7824, 95.4 task/s, elapsed: 76s, ETA:     6s[>>>>>>>>>>>>>>>>>>>>>>>>   ] 7217/7824, 95.4 task/s, elapsed: 76s, ETA:     6s[>>>>>>>>>>>>>>>>>>>>>>>>   ] 7218/7824, 95.4 task/s, elapsed: 76s, ETA:     6s[>>>>>>>>>>>>>>>>>>>>>>>>   ] 7219/7824, 95.4 task/s, elapsed: 76s, ETA:     6s[>>>>>>>>>>>>>>>>>>>>>>>>   ] 7220/7824, 95.4 task/s, elapsed: 76s, ETA:     6s[>>>>>>>>>>>>>>>>>>>>>>>>   ] 7221/7824, 95.4 task/s, elapsed: 76s, ETA:     6s[>>>>>>>>>>>>>>>>>>>>>>>>   ] 7222/7824, 95.4 task/s, elapsed: 76s, ETA:     6s[>>>>>>>>>>>>>>>>>>>>>>>>   ] 7223/7824, 95.4 task/s, elapsed: 76s, ETA:     6s[>>>>>>>>>>>>>>>>>>>>>>>>   ] 7224/7824, 95.4 task/s, elapsed: 76s, ETA:     6s[>>>>>>>>>>>>>>>>>>>>>>>>   ] 7225/7824, 95.4 task/s, elapsed: 76s, ETA:     6s[>>>>>>>>>>>>>>>>>>>>>>>>   ] 7226/7824, 95.4 task/s, elapsed: 76s, ETA:     6s[>>>>>>>>>>>>>>>>>>>>>>>>   ] 7227/7824, 95.4 task/s, elapsed: 76s, ETA:     6s[>>>>>>>>>>>>>>>>>>>>>>>>   ] 7228/7824, 95.4 task/s, elapsed: 76s, ETA:     6s[>>>>>>>>>>>>>>>>>>>>>>>>   ] 7229/7824, 95.4 task/s, elapsed: 76s, ETA:     6s[>>>>>>>>>>>>>>>>>>>>>>>>   ] 7230/7824, 95.4 task/s, elapsed: 76s, ETA:     6s[>>>>>>>>>>>>>>>>>>>>>>>>   ] 7231/7824, 95.4 task/s, elapsed: 76s, ETA:     6s[>>>>>>>>>>>>>>>>>>>>>>>>   ] 7232/7824, 95.4 task/s, elapsed: 76s, ETA:     6s[>>>>>>>>>>>>>>>>>>>>>>>>   ] 7233/7824, 95.4 task/s, elapsed: 76s, ETA:     6s[>>>>>>>>>>>>>>>>>>>>>>>>   ] 7234/7824, 95.4 task/s, elapsed: 76s, ETA:     6s[>>>>>>>>>>>>>>>>>>>>>>>>   ] 7235/7824, 95.4 task/s, elapsed: 76s, ETA:     6s[>>>>>>>>>>>>>>>>>>>>>>>>   ] 7236/7824, 95.4 task/s, elapsed: 76s, ETA:     6s[>>>>>>>>>>>>>>>>>>>>>>>>   ] 7237/7824, 95.4 task/s, elapsed: 76s, ETA:     6s[>>>>>>>>>>>>>>>>>>>>>>>>   ] 7238/7824, 95.4 task/s, elapsed: 76s, ETA:     6s[>>>>>>>>>>>>>>>>>>>>>>>>   ] 7239/7824, 95.4 task/s, elapsed: 76s, ETA:     6s[>>>>>>>>>>>>>>>>>>>>>>>>   ] 7240/7824, 95.4 task/s, elapsed: 76s, ETA:     6s[>>>>>>>>>>>>>>>>>>>>>>>>   ] 7241/7824, 95.4 task/s, elapsed: 76s, ETA:     6s[>>>>>>>>>>>>>>>>>>>>>>>>   ] 7242/7824, 95.4 task/s, elapsed: 76s, ETA:     6s[>>>>>>>>>>>>>>>>>>>>>>>>   ] 7243/7824, 95.4 task/s, elapsed: 76s, ETA:     6s[>>>>>>>>>>>>>>>>>>>>>>>>   ] 7244/7824, 95.4 task/s, elapsed: 76s, ETA:     6s[>>>>>>>>>>>>>>>>>>>>>>>>>  ] 7245/7824, 95.4 task/s, elapsed: 76s, ETA:     6s[>>>>>>>>>>>>>>>>>>>>>>>>>  ] 7246/7824, 95.4 task/s, elapsed: 76s, ETA:     6s[>>>>>>>>>>>>>>>>>>>>>>>>>  ] 7247/7824, 95.4 task/s, elapsed: 76s, ETA:     6s[>>>>>>>>>>>>>>>>>>>>>>>>>  ] 7248/7824, 95.4 task/s, elapsed: 76s, ETA:     6s[>>>>>>>>>>>>>>>>>>>>>>>>>  ] 7249/7824, 95.4 task/s, elapsed: 76s, ETA:     6s[>>>>>>>>>>>>>>>>>>>>>>>>>  ] 7250/7824, 95.4 task/s, elapsed: 76s, ETA:     6s[>>>>>>>>>>>>>>>>>>>>>>>>>  ] 7251/7824, 95.4 task/s, elapsed: 76s, ETA:     6s[>>>>>>>>>>>>>>>>>>>>>>>>>  ] 7252/7824, 95.4 task/s, elapsed: 76s, ETA:     6s[>>>>>>>>>>>>>>>>>>>>>>>>>  ] 7253/7824, 95.4 task/s, elapsed: 76s, ETA:     6s[>>>>>>>>>>>>>>>>>>>>>>>>>  ] 7254/7824, 95.4 task/s, elapsed: 76s, ETA:     6s[>>>>>>>>>>>>>>>>>>>>>>>>>  ] 7255/7824, 95.4 task/s, elapsed: 76s, ETA:     6s[>>>>>>>>>>>>>>>>>>>>>>>>>  ] 7256/7824, 95.4 task/s, elapsed: 76s, ETA:     6s[>>>>>>>>>>>>>>>>>>>>>>>>>  ] 7257/7824, 95.4 task/s, elapsed: 76s, ETA:     6s[>>>>>>>>>>>>>>>>>>>>>>>>>  ] 7258/7824, 95.4 task/s, elapsed: 76s, ETA:     6s[>>>>>>>>>>>>>>>>>>>>>>>>>  ] 7259/7824, 95.4 task/s, elapsed: 76s, ETA:     6s[>>>>>>>>>>>>>>>>>>>>>>>>>  ] 7260/7824, 95.4 task/s, elapsed: 76s, ETA:     6s[>>>>>>>>>>>>>>>>>>>>>>>>>  ] 7261/7824, 95.4 task/s, elapsed: 76s, ETA:     6s[>>>>>>>>>>>>>>>>>>>>>>>>>  ] 7262/7824, 95.4 task/s, elapsed: 76s, ETA:     6s[>>>>>>>>>>>>>>>>>>>>>>>>>  ] 7263/7824, 95.4 task/s, elapsed: 76s, ETA:     6s[>>>>>>>>>>>>>>>>>>>>>>>>>  ] 7264/7824, 95.4 task/s, elapsed: 76s, ETA:     6s[>>>>>>>>>>>>>>>>>>>>>>>>>  ] 7265/7824, 95.4 task/s, elapsed: 76s, ETA:     6s[>>>>>>>>>>>>>>>>>>>>>>>>>  ] 7266/7824, 95.4 task/s, elapsed: 76s, ETA:     6s[>>>>>>>>>>>>>>>>>>>>>>>>>  ] 7267/7824, 95.4 task/s, elapsed: 76s, ETA:     6s[>>>>>>>>>>>>>>>>>>>>>>>>>  ] 7268/7824, 95.4 task/s, elapsed: 76s, ETA:     6s[>>>>>>>>>>>>>>>>>>>>>>>>>  ] 7269/7824, 95.4 task/s, elapsed: 76s, ETA:     6s[>>>>>>>>>>>>>>>>>>>>>>>>>  ] 7270/7824, 95.4 task/s, elapsed: 76s, ETA:     6s[>>>>>>>>>>>>>>>>>>>>>>>>>  ] 7271/7824, 95.4 task/s, elapsed: 76s, ETA:     6s[>>>>>>>>>>>>>>>>>>>>>>>>>  ] 7272/7824, 95.4 task/s, elapsed: 76s, ETA:     6s[>>>>>>>>>>>>>>>>>>>>>>>>>  ] 7273/7824, 95.4 task/s, elapsed: 76s, ETA:     6s[>>>>>>>>>>>>>>>>>>>>>>>>>  ] 7274/7824, 95.4 task/s, elapsed: 76s, ETA:     6s[>>>>>>>>>>>>>>>>>>>>>>>>>  ] 7275/7824, 95.4 task/s, elapsed: 76s, ETA:     6s[>>>>>>>>>>>>>>>>>>>>>>>>>  ] 7276/7824, 95.4 task/s, elapsed: 76s, ETA:     6s[>>>>>>>>>>>>>>>>>>>>>>>>>  ] 7277/7824, 95.4 task/s, elapsed: 76s, ETA:     6s[>>>>>>>>>>>>>>>>>>>>>>>>>  ] 7278/7824, 95.4 task/s, elapsed: 76s, ETA:     6s[>>>>>>>>>>>>>>>>>>>>>>>>>  ] 7279/7824, 95.4 task/s, elapsed: 76s, ETA:     6s[>>>>>>>>>>>>>>>>>>>>>>>>>  ] 7280/7824, 95.4 task/s, elapsed: 76s, ETA:     6s[>>>>>>>>>>>>>>>>>>>>>>>>>  ] 7281/7824, 95.4 task/s, elapsed: 76s, ETA:     6s[>>>>>>>>>>>>>>>>>>>>>>>>>  ] 7282/7824, 95.4 task/s, elapsed: 76s, ETA:     6s[>>>>>>>>>>>>>>>>>>>>>>>>>  ] 7283/7824, 95.4 task/s, elapsed: 76s, ETA:     6s[>>>>>>>>>>>>>>>>>>>>>>>>>  ] 7284/7824, 95.4 task/s, elapsed: 76s, ETA:     6s[>>>>>>>>>>>>>>>>>>>>>>>>>  ] 7285/7824, 95.4 task/s, elapsed: 76s, ETA:     6s[>>>>>>>>>>>>>>>>>>>>>>>>>  ] 7286/7824, 95.4 task/s, elapsed: 76s, ETA:     6s[>>>>>>>>>>>>>>>>>>>>>>>>>  ] 7287/7824, 95.4 task/s, elapsed: 76s, ETA:     6s[>>>>>>>>>>>>>>>>>>>>>>>>>  ] 7288/7824, 95.4 task/s, elapsed: 76s, ETA:     6s[>>>>>>>>>>>>>>>>>>>>>>>>>  ] 7289/7824, 95.4 task/s, elapsed: 76s, ETA:     6s[>>>>>>>>>>>>>>>>>>>>>>>>>  ] 7290/7824, 95.4 task/s, elapsed: 76s, ETA:     6s[>>>>>>>>>>>>>>>>>>>>>>>>>  ] 7291/7824, 95.4 task/s, elapsed: 76s, ETA:     6s[>>>>>>>>>>>>>>>>>>>>>>>>>  ] 7292/7824, 95.4 task/s, elapsed: 76s, ETA:     6s[>>>>>>>>>>>>>>>>>>>>>>>>>  ] 7293/7824, 95.4 task/s, elapsed: 76s, ETA:     6s[>>>>>>>>>>>>>>>>>>>>>>>>>  ] 7294/7824, 95.4 task/s, elapsed: 76s, ETA:     6s[>>>>>>>>>>>>>>>>>>>>>>>>>  ] 7295/7824, 95.4 task/s, elapsed: 76s, ETA:     6s[>>>>>>>>>>>>>>>>>>>>>>>>>  ] 7296/7824, 95.4 task/s, elapsed: 76s, ETA:     6s[>>>>>>>>>>>>>>>>>>>>>>>>>  ] 7297/7824, 95.4 task/s, elapsed: 76s, ETA:     6s[>>>>>>>>>>>>>>>>>>>>>>>>>  ] 7298/7824, 95.4 task/s, elapsed: 76s, ETA:     6s[>>>>>>>>>>>>>>>>>>>>>>>>>  ] 7299/7824, 95.4 task/s, elapsed: 76s, ETA:     6s[>>>>>>>>>>>>>>>>>>>>>>>>>  ] 7300/7824, 95.4 task/s, elapsed: 76s, ETA:     5s[>>>>>>>>>>>>>>>>>>>>>>>>>  ] 7301/7824, 95.4 task/s, elapsed: 77s, ETA:     5s[>>>>>>>>>>>>>>>>>>>>>>>>>  ] 7302/7824, 95.4 task/s, elapsed: 77s, ETA:     5s[>>>>>>>>>>>>>>>>>>>>>>>>>  ] 7303/7824, 95.4 task/s, elapsed: 77s, ETA:     5s[>>>>>>>>>>>>>>>>>>>>>>>>>  ] 7304/7824, 95.4 task/s, elapsed: 77s, ETA:     5s[>>>>>>>>>>>>>>>>>>>>>>>>>  ] 7305/7824, 95.4 task/s, elapsed: 77s, ETA:     5s[>>>>>>>>>>>>>>>>>>>>>>>>>  ] 7306/7824, 95.4 task/s, elapsed: 77s, ETA:     5s[>>>>>>>>>>>>>>>>>>>>>>>>>  ] 7307/7824, 95.4 task/s, elapsed: 77s, ETA:     5s[>>>>>>>>>>>>>>>>>>>>>>>>>  ] 7308/7824, 95.4 task/s, elapsed: 77s, ETA:     5s[>>>>>>>>>>>>>>>>>>>>>>>>>  ] 7309/7824, 95.4 task/s, elapsed: 77s, ETA:     5s[>>>>>>>>>>>>>>>>>>>>>>>>>  ] 7310/7824, 95.4 task/s, elapsed: 77s, ETA:     5s[>>>>>>>>>>>>>>>>>>>>>>>>>  ] 7311/7824, 95.4 task/s, elapsed: 77s, ETA:     5s[>>>>>>>>>>>>>>>>>>>>>>>>>  ] 7312/7824, 95.4 task/s, elapsed: 77s, ETA:     5s[>>>>>>>>>>>>>>>>>>>>>>>>>  ] 7313/7824, 95.4 task/s, elapsed: 77s, ETA:     5s[>>>>>>>>>>>>>>>>>>>>>>>>>  ] 7314/7824, 95.4 task/s, elapsed: 77s, ETA:     5s[>>>>>>>>>>>>>>>>>>>>>>>>>  ] 7315/7824, 95.4 task/s, elapsed: 77s, ETA:     5s[>>>>>>>>>>>>>>>>>>>>>>>>>  ] 7316/7824, 95.4 task/s, elapsed: 77s, ETA:     5s[>>>>>>>>>>>>>>>>>>>>>>>>>  ] 7317/7824, 95.5 task/s, elapsed: 77s, ETA:     5s[>>>>>>>>>>>>>>>>>>>>>>>>>  ] 7318/7824, 95.5 task/s, elapsed: 77s, ETA:     5s[>>>>>>>>>>>>>>>>>>>>>>>>>  ] 7319/7824, 95.5 task/s, elapsed: 77s, ETA:     5s[>>>>>>>>>>>>>>>>>>>>>>>>>  ] 7320/7824, 95.5 task/s, elapsed: 77s, ETA:     5s[>>>>>>>>>>>>>>>>>>>>>>>>>  ] 7321/7824, 95.5 task/s, elapsed: 77s, ETA:     5s[>>>>>>>>>>>>>>>>>>>>>>>>>  ] 7322/7824, 95.5 task/s, elapsed: 77s, ETA:     5s[>>>>>>>>>>>>>>>>>>>>>>>>>  ] 7323/7824, 95.5 task/s, elapsed: 77s, ETA:     5s[>>>>>>>>>>>>>>>>>>>>>>>>>  ] 7324/7824, 95.5 task/s, elapsed: 77s, ETA:     5s[>>>>>>>>>>>>>>>>>>>>>>>>>  ] 7325/7824, 95.5 task/s, elapsed: 77s, ETA:     5s[>>>>>>>>>>>>>>>>>>>>>>>>>  ] 7326/7824, 95.5 task/s, elapsed: 77s, ETA:     5s[>>>>>>>>>>>>>>>>>>>>>>>>>  ] 7327/7824, 95.5 task/s, elapsed: 77s, ETA:     5s[>>>>>>>>>>>>>>>>>>>>>>>>>  ] 7328/7824, 95.5 task/s, elapsed: 77s, ETA:     5s[>>>>>>>>>>>>>>>>>>>>>>>>>  ] 7329/7824, 95.5 task/s, elapsed: 77s, ETA:     5s[>>>>>>>>>>>>>>>>>>>>>>>>>  ] 7330/7824, 95.5 task/s, elapsed: 77s, ETA:     5s[>>>>>>>>>>>>>>>>>>>>>>>>>  ] 7331/7824, 95.5 task/s, elapsed: 77s, ETA:     5s[>>>>>>>>>>>>>>>>>>>>>>>>>  ] 7332/7824, 95.5 task/s, elapsed: 77s, ETA:     5s[>>>>>>>>>>>>>>>>>>>>>>>>>  ] 7333/7824, 95.5 task/s, elapsed: 77s, ETA:     5s[>>>>>>>>>>>>>>>>>>>>>>>>>  ] 7334/7824, 95.5 task/s, elapsed: 77s, ETA:     5s[>>>>>>>>>>>>>>>>>>>>>>>>>  ] 7335/7824, 95.5 task/s, elapsed: 77s, ETA:     5s[>>>>>>>>>>>>>>>>>>>>>>>>>  ] 7336/7824, 95.5 task/s, elapsed: 77s, ETA:     5s[>>>>>>>>>>>>>>>>>>>>>>>>>  ] 7337/7824, 95.5 task/s, elapsed: 77s, ETA:     5s[>>>>>>>>>>>>>>>>>>>>>>>>>  ] 7338/7824, 95.5 task/s, elapsed: 77s, ETA:     5s[>>>>>>>>>>>>>>>>>>>>>>>>>  ] 7339/7824, 95.5 task/s, elapsed: 77s, ETA:     5s[>>>>>>>>>>>>>>>>>>>>>>>>>  ] 7340/7824, 95.5 task/s, elapsed: 77s, ETA:     5s[>>>>>>>>>>>>>>>>>>>>>>>>>  ] 7341/7824, 95.5 task/s, elapsed: 77s, ETA:     5s[>>>>>>>>>>>>>>>>>>>>>>>>>  ] 7342/7824, 95.5 task/s, elapsed: 77s, ETA:     5s[>>>>>>>>>>>>>>>>>>>>>>>>>  ] 7343/7824, 95.5 task/s, elapsed: 77s, ETA:     5s[>>>>>>>>>>>>>>>>>>>>>>>>>  ] 7344/7824, 95.5 task/s, elapsed: 77s, ETA:     5s[>>>>>>>>>>>>>>>>>>>>>>>>>  ] 7345/7824, 95.5 task/s, elapsed: 77s, ETA:     5s[>>>>>>>>>>>>>>>>>>>>>>>>>  ] 7346/7824, 95.5 task/s, elapsed: 77s, ETA:     5s[>>>>>>>>>>>>>>>>>>>>>>>>>  ] 7347/7824, 95.5 task/s, elapsed: 77s, ETA:     5s[>>>>>>>>>>>>>>>>>>>>>>>>>  ] 7348/7824, 95.5 task/s, elapsed: 77s, ETA:     5s[>>>>>>>>>>>>>>>>>>>>>>>>>  ] 7349/7824, 95.5 task/s, elapsed: 77s, ETA:     5s[>>>>>>>>>>>>>>>>>>>>>>>>>  ] 7350/7824, 95.5 task/s, elapsed: 77s, ETA:     5s[>>>>>>>>>>>>>>>>>>>>>>>>>  ] 7351/7824, 95.5 task/s, elapsed: 77s, ETA:     5s[>>>>>>>>>>>>>>>>>>>>>>>>>  ] 7352/7824, 95.5 task/s, elapsed: 77s, ETA:     5s[>>>>>>>>>>>>>>>>>>>>>>>>>  ] 7353/7824, 95.5 task/s, elapsed: 77s, ETA:     5s[>>>>>>>>>>>>>>>>>>>>>>>>>  ] 7354/7824, 95.5 task/s, elapsed: 77s, ETA:     5s[>>>>>>>>>>>>>>>>>>>>>>>>>  ] 7355/7824, 95.5 task/s, elapsed: 77s, ETA:     5s[>>>>>>>>>>>>>>>>>>>>>>>>>  ] 7356/7824, 95.5 task/s, elapsed: 77s, ETA:     5s[>>>>>>>>>>>>>>>>>>>>>>>>>  ] 7357/7824, 95.5 task/s, elapsed: 77s, ETA:     5s[>>>>>>>>>>>>>>>>>>>>>>>>>  ] 7358/7824, 95.5 task/s, elapsed: 77s, ETA:     5s[>>>>>>>>>>>>>>>>>>>>>>>>>  ] 7359/7824, 95.5 task/s, elapsed: 77s, ETA:     5s[>>>>>>>>>>>>>>>>>>>>>>>>>  ] 7360/7824, 95.5 task/s, elapsed: 77s, ETA:     5s[>>>>>>>>>>>>>>>>>>>>>>>>>  ] 7361/7824, 95.5 task/s, elapsed: 77s, ETA:     5s[>>>>>>>>>>>>>>>>>>>>>>>>>  ] 7362/7824, 95.5 task/s, elapsed: 77s, ETA:     5s[>>>>>>>>>>>>>>>>>>>>>>>>>  ] 7363/7824, 95.5 task/s, elapsed: 77s, ETA:     5s[>>>>>>>>>>>>>>>>>>>>>>>>>  ] 7364/7824, 95.5 task/s, elapsed: 77s, ETA:     5s[>>>>>>>>>>>>>>>>>>>>>>>>>  ] 7365/7824, 95.5 task/s, elapsed: 77s, ETA:     5s[>>>>>>>>>>>>>>>>>>>>>>>>>  ] 7366/7824, 95.5 task/s, elapsed: 77s, ETA:     5s[>>>>>>>>>>>>>>>>>>>>>>>>>  ] 7367/7824, 95.5 task/s, elapsed: 77s, ETA:     5s[>>>>>>>>>>>>>>>>>>>>>>>>>  ] 7368/7824, 95.5 task/s, elapsed: 77s, ETA:     5s[>>>>>>>>>>>>>>>>>>>>>>>>>  ] 7369/7824, 95.5 task/s, elapsed: 77s, ETA:     5s[>>>>>>>>>>>>>>>>>>>>>>>>>  ] 7370/7824, 95.5 task/s, elapsed: 77s, ETA:     5s[>>>>>>>>>>>>>>>>>>>>>>>>>  ] 7371/7824, 95.5 task/s, elapsed: 77s, ETA:     5s[>>>>>>>>>>>>>>>>>>>>>>>>>  ] 7372/7824, 95.5 task/s, elapsed: 77s, ETA:     5s[>>>>>>>>>>>>>>>>>>>>>>>>>  ] 7373/7824, 95.5 task/s, elapsed: 77s, ETA:     5s[>>>>>>>>>>>>>>>>>>>>>>>>>  ] 7374/7824, 95.5 task/s, elapsed: 77s, ETA:     5s[>>>>>>>>>>>>>>>>>>>>>>>>>  ] 7375/7824, 95.5 task/s, elapsed: 77s, ETA:     5s[>>>>>>>>>>>>>>>>>>>>>>>>>  ] 7376/7824, 95.5 task/s, elapsed: 77s, ETA:     5s[>>>>>>>>>>>>>>>>>>>>>>>>>  ] 7377/7824, 95.5 task/s, elapsed: 77s, ETA:     5s[>>>>>>>>>>>>>>>>>>>>>>>>>  ] 7378/7824, 95.5 task/s, elapsed: 77s, ETA:     5s[>>>>>>>>>>>>>>>>>>>>>>>>>  ] 7379/7824, 95.5 task/s, elapsed: 77s, ETA:     5s[>>>>>>>>>>>>>>>>>>>>>>>>>  ] 7380/7824, 95.5 task/s, elapsed: 77s, ETA:     5s[>>>>>>>>>>>>>>>>>>>>>>>>>  ] 7381/7824, 95.5 task/s, elapsed: 77s, ETA:     5s[>>>>>>>>>>>>>>>>>>>>>>>>>  ] 7382/7824, 95.5 task/s, elapsed: 77s, ETA:     5s[>>>>>>>>>>>>>>>>>>>>>>>>>  ] 7383/7824, 95.5 task/s, elapsed: 77s, ETA:     5s[>>>>>>>>>>>>>>>>>>>>>>>>>  ] 7384/7824, 95.5 task/s, elapsed: 77s, ETA:     5s[>>>>>>>>>>>>>>>>>>>>>>>>>  ] 7385/7824, 95.5 task/s, elapsed: 77s, ETA:     5s[>>>>>>>>>>>>>>>>>>>>>>>>>  ] 7386/7824, 95.5 task/s, elapsed: 77s, ETA:     5s[>>>>>>>>>>>>>>>>>>>>>>>>>  ] 7387/7824, 95.5 task/s, elapsed: 77s, ETA:     5s[>>>>>>>>>>>>>>>>>>>>>>>>>  ] 7388/7824, 95.5 task/s, elapsed: 77s, ETA:     5s[>>>>>>>>>>>>>>>>>>>>>>>>>  ] 7389/7824, 95.5 task/s, elapsed: 77s, ETA:     5s[>>>>>>>>>>>>>>>>>>>>>>>>>  ] 7390/7824, 95.5 task/s, elapsed: 77s, ETA:     5s[>>>>>>>>>>>>>>>>>>>>>>>>>  ] 7391/7824, 95.5 task/s, elapsed: 77s, ETA:     5s[>>>>>>>>>>>>>>>>>>>>>>>>>  ] 7392/7824, 95.5 task/s, elapsed: 77s, ETA:     5s[>>>>>>>>>>>>>>>>>>>>>>>>>  ] 7393/7824, 95.5 task/s, elapsed: 77s, ETA:     5s[>>>>>>>>>>>>>>>>>>>>>>>>>  ] 7394/7824, 95.5 task/s, elapsed: 77s, ETA:     5s[>>>>>>>>>>>>>>>>>>>>>>>>>  ] 7395/7824, 95.5 task/s, elapsed: 77s, ETA:     4s[>>>>>>>>>>>>>>>>>>>>>>>>>  ] 7396/7824, 95.5 task/s, elapsed: 77s, ETA:     4s[>>>>>>>>>>>>>>>>>>>>>>>>>  ] 7397/7824, 95.5 task/s, elapsed: 77s, ETA:     4s[>>>>>>>>>>>>>>>>>>>>>>>>>  ] 7398/7824, 95.5 task/s, elapsed: 77s, ETA:     4s[>>>>>>>>>>>>>>>>>>>>>>>>>  ] 7399/7824, 95.5 task/s, elapsed: 77s, ETA:     4s[>>>>>>>>>>>>>>>>>>>>>>>>>  ] 7400/7824, 95.5 task/s, elapsed: 77s, ETA:     4s[>>>>>>>>>>>>>>>>>>>>>>>>>  ] 7401/7824, 95.5 task/s, elapsed: 77s, ETA:     4s[>>>>>>>>>>>>>>>>>>>>>>>>>  ] 7402/7824, 95.5 task/s, elapsed: 78s, ETA:     4s[>>>>>>>>>>>>>>>>>>>>>>>>>  ] 7403/7824, 95.5 task/s, elapsed: 78s, ETA:     4s[>>>>>>>>>>>>>>>>>>>>>>>>>  ] 7404/7824, 95.5 task/s, elapsed: 78s, ETA:     4s[>>>>>>>>>>>>>>>>>>>>>>>>>  ] 7405/7824, 95.5 task/s, elapsed: 78s, ETA:     4s[>>>>>>>>>>>>>>>>>>>>>>>>>  ] 7406/7824, 95.5 task/s, elapsed: 78s, ETA:     4s[>>>>>>>>>>>>>>>>>>>>>>>>>  ] 7407/7824, 95.5 task/s, elapsed: 78s, ETA:     4s[>>>>>>>>>>>>>>>>>>>>>>>>>  ] 7408/7824, 95.5 task/s, elapsed: 78s, ETA:     4s[>>>>>>>>>>>>>>>>>>>>>>>>>  ] 7409/7824, 95.5 task/s, elapsed: 78s, ETA:     4s[>>>>>>>>>>>>>>>>>>>>>>>>>  ] 7410/7824, 95.5 task/s, elapsed: 78s, ETA:     4s[>>>>>>>>>>>>>>>>>>>>>>>>>  ] 7411/7824, 95.5 task/s, elapsed: 78s, ETA:     4s[>>>>>>>>>>>>>>>>>>>>>>>>>  ] 7412/7824, 95.5 task/s, elapsed: 78s, ETA:     4s[>>>>>>>>>>>>>>>>>>>>>>>>>  ] 7413/7824, 95.5 task/s, elapsed: 78s, ETA:     4s[>>>>>>>>>>>>>>>>>>>>>>>>>  ] 7414/7824, 95.5 task/s, elapsed: 78s, ETA:     4s[>>>>>>>>>>>>>>>>>>>>>>>>>  ] 7415/7824, 95.5 task/s, elapsed: 78s, ETA:     4s[>>>>>>>>>>>>>>>>>>>>>>>>>  ] 7416/7824, 95.5 task/s, elapsed: 78s, ETA:     4s[>>>>>>>>>>>>>>>>>>>>>>>>>  ] 7417/7824, 95.5 task/s, elapsed: 78s, ETA:     4s[>>>>>>>>>>>>>>>>>>>>>>>>>  ] 7418/7824, 95.5 task/s, elapsed: 78s, ETA:     4s[>>>>>>>>>>>>>>>>>>>>>>>>>  ] 7419/7824, 95.5 task/s, elapsed: 78s, ETA:     4s[>>>>>>>>>>>>>>>>>>>>>>>>>  ] 7420/7824, 95.5 task/s, elapsed: 78s, ETA:     4s[>>>>>>>>>>>>>>>>>>>>>>>>>  ] 7421/7824, 95.5 task/s, elapsed: 78s, ETA:     4s[>>>>>>>>>>>>>>>>>>>>>>>>>  ] 7422/7824, 95.5 task/s, elapsed: 78s, ETA:     4s[>>>>>>>>>>>>>>>>>>>>>>>>>  ] 7423/7824, 95.5 task/s, elapsed: 78s, ETA:     4s[>>>>>>>>>>>>>>>>>>>>>>>>>  ] 7424/7824, 95.5 task/s, elapsed: 78s, ETA:     4s[>>>>>>>>>>>>>>>>>>>>>>>>>  ] 7425/7824, 95.5 task/s, elapsed: 78s, ETA:     4s[>>>>>>>>>>>>>>>>>>>>>>>>>  ] 7426/7824, 95.5 task/s, elapsed: 78s, ETA:     4s[>>>>>>>>>>>>>>>>>>>>>>>>>  ] 7427/7824, 95.5 task/s, elapsed: 78s, ETA:     4s[>>>>>>>>>>>>>>>>>>>>>>>>>  ] 7428/7824, 95.5 task/s, elapsed: 78s, ETA:     4s[>>>>>>>>>>>>>>>>>>>>>>>>>  ] 7429/7824, 95.5 task/s, elapsed: 78s, ETA:     4s[>>>>>>>>>>>>>>>>>>>>>>>>>  ] 7430/7824, 95.5 task/s, elapsed: 78s, ETA:     4s[>>>>>>>>>>>>>>>>>>>>>>>>>  ] 7431/7824, 95.5 task/s, elapsed: 78s, ETA:     4s[>>>>>>>>>>>>>>>>>>>>>>>>>  ] 7432/7824, 95.5 task/s, elapsed: 78s, ETA:     4s[>>>>>>>>>>>>>>>>>>>>>>>>>  ] 7433/7824, 95.5 task/s, elapsed: 78s, ETA:     4s[>>>>>>>>>>>>>>>>>>>>>>>>>  ] 7434/7824, 95.5 task/s, elapsed: 78s, ETA:     4s[>>>>>>>>>>>>>>>>>>>>>>>>>  ] 7435/7824, 95.5 task/s, elapsed: 78s, ETA:     4s[>>>>>>>>>>>>>>>>>>>>>>>>>  ] 7436/7824, 95.5 task/s, elapsed: 78s, ETA:     4s[>>>>>>>>>>>>>>>>>>>>>>>>>  ] 7437/7824, 95.5 task/s, elapsed: 78s, ETA:     4s[>>>>>>>>>>>>>>>>>>>>>>>>>  ] 7438/7824, 95.5 task/s, elapsed: 78s, ETA:     4s[>>>>>>>>>>>>>>>>>>>>>>>>>  ] 7439/7824, 95.5 task/s, elapsed: 78s, ETA:     4s[>>>>>>>>>>>>>>>>>>>>>>>>>  ] 7440/7824, 95.5 task/s, elapsed: 78s, ETA:     4s[>>>>>>>>>>>>>>>>>>>>>>>>>  ] 7441/7824, 95.5 task/s, elapsed: 78s, ETA:     4s[>>>>>>>>>>>>>>>>>>>>>>>>>  ] 7442/7824, 95.5 task/s, elapsed: 78s, ETA:     4s[>>>>>>>>>>>>>>>>>>>>>>>>>  ] 7443/7824, 95.5 task/s, elapsed: 78s, ETA:     4s[>>>>>>>>>>>>>>>>>>>>>>>>>  ] 7444/7824, 95.5 task/s, elapsed: 78s, ETA:     4s[>>>>>>>>>>>>>>>>>>>>>>>>>  ] 7445/7824, 95.5 task/s, elapsed: 78s, ETA:     4s[>>>>>>>>>>>>>>>>>>>>>>>>>  ] 7446/7824, 95.5 task/s, elapsed: 78s, ETA:     4s[>>>>>>>>>>>>>>>>>>>>>>>>>  ] 7447/7824, 95.5 task/s, elapsed: 78s, ETA:     4s[>>>>>>>>>>>>>>>>>>>>>>>>>  ] 7448/7824, 95.5 task/s, elapsed: 78s, ETA:     4s[>>>>>>>>>>>>>>>>>>>>>>>>>  ] 7449/7824, 95.5 task/s, elapsed: 78s, ETA:     4s[>>>>>>>>>>>>>>>>>>>>>>>>>  ] 7450/7824, 95.5 task/s, elapsed: 78s, ETA:     4s[>>>>>>>>>>>>>>>>>>>>>>>>>  ] 7451/7824, 95.5 task/s, elapsed: 78s, ETA:     4s[>>>>>>>>>>>>>>>>>>>>>>>>>  ] 7452/7824, 95.5 task/s, elapsed: 78s, ETA:     4s[>>>>>>>>>>>>>>>>>>>>>>>>>  ] 7453/7824, 95.5 task/s, elapsed: 78s, ETA:     4s[>>>>>>>>>>>>>>>>>>>>>>>>>  ] 7454/7824, 95.5 task/s, elapsed: 78s, ETA:     4s[>>>>>>>>>>>>>>>>>>>>>>>>>  ] 7455/7824, 95.5 task/s, elapsed: 78s, ETA:     4s[>>>>>>>>>>>>>>>>>>>>>>>>>  ] 7456/7824, 95.5 task/s, elapsed: 78s, ETA:     4s[>>>>>>>>>>>>>>>>>>>>>>>>>  ] 7457/7824, 95.6 task/s, elapsed: 78s, ETA:     4s[>>>>>>>>>>>>>>>>>>>>>>>>>  ] 7458/7824, 95.6 task/s, elapsed: 78s, ETA:     4s[>>>>>>>>>>>>>>>>>>>>>>>>>  ] 7459/7824, 95.6 task/s, elapsed: 78s, ETA:     4s[>>>>>>>>>>>>>>>>>>>>>>>>>  ] 7460/7824, 95.6 task/s, elapsed: 78s, ETA:     4s[>>>>>>>>>>>>>>>>>>>>>>>>>  ] 7461/7824, 95.6 task/s, elapsed: 78s, ETA:     4s[>>>>>>>>>>>>>>>>>>>>>>>>>  ] 7462/7824, 95.6 task/s, elapsed: 78s, ETA:     4s[>>>>>>>>>>>>>>>>>>>>>>>>>  ] 7463/7824, 95.6 task/s, elapsed: 78s, ETA:     4s[>>>>>>>>>>>>>>>>>>>>>>>>>  ] 7464/7824, 95.6 task/s, elapsed: 78s, ETA:     4s[>>>>>>>>>>>>>>>>>>>>>>>>>  ] 7465/7824, 95.6 task/s, elapsed: 78s, ETA:     4s[>>>>>>>>>>>>>>>>>>>>>>>>>  ] 7466/7824, 95.6 task/s, elapsed: 78s, ETA:     4s[>>>>>>>>>>>>>>>>>>>>>>>>>  ] 7467/7824, 95.6 task/s, elapsed: 78s, ETA:     4s[>>>>>>>>>>>>>>>>>>>>>>>>>  ] 7468/7824, 95.6 task/s, elapsed: 78s, ETA:     4s[>>>>>>>>>>>>>>>>>>>>>>>>>  ] 7469/7824, 95.6 task/s, elapsed: 78s, ETA:     4s[>>>>>>>>>>>>>>>>>>>>>>>>>  ] 7470/7824, 95.6 task/s, elapsed: 78s, ETA:     4s[>>>>>>>>>>>>>>>>>>>>>>>>>  ] 7471/7824, 95.6 task/s, elapsed: 78s, ETA:     4s[>>>>>>>>>>>>>>>>>>>>>>>>>  ] 7472/7824, 95.6 task/s, elapsed: 78s, ETA:     4s[>>>>>>>>>>>>>>>>>>>>>>>>>  ] 7473/7824, 95.6 task/s, elapsed: 78s, ETA:     4s[>>>>>>>>>>>>>>>>>>>>>>>>>  ] 7474/7824, 95.6 task/s, elapsed: 78s, ETA:     4s[>>>>>>>>>>>>>>>>>>>>>>>>>  ] 7475/7824, 95.6 task/s, elapsed: 78s, ETA:     4s[>>>>>>>>>>>>>>>>>>>>>>>>>  ] 7476/7824, 95.6 task/s, elapsed: 78s, ETA:     4s[>>>>>>>>>>>>>>>>>>>>>>>>>  ] 7477/7824, 95.6 task/s, elapsed: 78s, ETA:     4s[>>>>>>>>>>>>>>>>>>>>>>>>>  ] 7478/7824, 95.6 task/s, elapsed: 78s, ETA:     4s[>>>>>>>>>>>>>>>>>>>>>>>>>  ] 7479/7824, 95.6 task/s, elapsed: 78s, ETA:     4s[>>>>>>>>>>>>>>>>>>>>>>>>>  ] 7480/7824, 95.6 task/s, elapsed: 78s, ETA:     4s[>>>>>>>>>>>>>>>>>>>>>>>>>  ] 7481/7824, 95.6 task/s, elapsed: 78s, ETA:     4s[>>>>>>>>>>>>>>>>>>>>>>>>>  ] 7482/7824, 95.6 task/s, elapsed: 78s, ETA:     4s[>>>>>>>>>>>>>>>>>>>>>>>>>  ] 7483/7824, 95.6 task/s, elapsed: 78s, ETA:     4s[>>>>>>>>>>>>>>>>>>>>>>>>>  ] 7484/7824, 95.6 task/s, elapsed: 78s, ETA:     4s[>>>>>>>>>>>>>>>>>>>>>>>>>  ] 7485/7824, 95.6 task/s, elapsed: 78s, ETA:     4s[>>>>>>>>>>>>>>>>>>>>>>>>>  ] 7486/7824, 95.6 task/s, elapsed: 78s, ETA:     4s[>>>>>>>>>>>>>>>>>>>>>>>>>  ] 7487/7824, 95.6 task/s, elapsed: 78s, ETA:     4s[>>>>>>>>>>>>>>>>>>>>>>>>>  ] 7488/7824, 95.6 task/s, elapsed: 78s, ETA:     4s[>>>>>>>>>>>>>>>>>>>>>>>>>  ] 7489/7824, 95.6 task/s, elapsed: 78s, ETA:     4s[>>>>>>>>>>>>>>>>>>>>>>>>>  ] 7490/7824, 95.6 task/s, elapsed: 78s, ETA:     3s[>>>>>>>>>>>>>>>>>>>>>>>>>  ] 7491/7824, 95.6 task/s, elapsed: 78s, ETA:     3s[>>>>>>>>>>>>>>>>>>>>>>>>>  ] 7492/7824, 95.6 task/s, elapsed: 78s, ETA:     3s[>>>>>>>>>>>>>>>>>>>>>>>>>  ] 7493/7824, 95.6 task/s, elapsed: 78s, ETA:     3s[>>>>>>>>>>>>>>>>>>>>>>>>>  ] 7494/7824, 95.6 task/s, elapsed: 78s, ETA:     3s[>>>>>>>>>>>>>>>>>>>>>>>>>  ] 7495/7824, 95.6 task/s, elapsed: 78s, ETA:     3s[>>>>>>>>>>>>>>>>>>>>>>>>>  ] 7496/7824, 95.6 task/s, elapsed: 78s, ETA:     3s[>>>>>>>>>>>>>>>>>>>>>>>>>  ] 7497/7824, 95.6 task/s, elapsed: 78s, ETA:     3s[>>>>>>>>>>>>>>>>>>>>>>>>>  ] 7498/7824, 95.6 task/s, elapsed: 78s, ETA:     3s[>>>>>>>>>>>>>>>>>>>>>>>>>  ] 7499/7824, 95.6 task/s, elapsed: 78s, ETA:     3s[>>>>>>>>>>>>>>>>>>>>>>>>>  ] 7500/7824, 95.6 task/s, elapsed: 78s, ETA:     3s[>>>>>>>>>>>>>>>>>>>>>>>>>  ] 7501/7824, 95.6 task/s, elapsed: 78s, ETA:     3s[>>>>>>>>>>>>>>>>>>>>>>>>>  ] 7502/7824, 95.6 task/s, elapsed: 78s, ETA:     3s[>>>>>>>>>>>>>>>>>>>>>>>>>  ] 7503/7824, 95.6 task/s, elapsed: 78s, ETA:     3s[>>>>>>>>>>>>>>>>>>>>>>>>>  ] 7504/7824, 95.6 task/s, elapsed: 78s, ETA:     3s[>>>>>>>>>>>>>>>>>>>>>>>>>  ] 7505/7824, 95.6 task/s, elapsed: 79s, ETA:     3s[>>>>>>>>>>>>>>>>>>>>>>>>>  ] 7506/7824, 95.6 task/s, elapsed: 79s, ETA:     3s[>>>>>>>>>>>>>>>>>>>>>>>>>  ] 7507/7824, 95.6 task/s, elapsed: 79s, ETA:     3s[>>>>>>>>>>>>>>>>>>>>>>>>>  ] 7508/7824, 95.6 task/s, elapsed: 79s, ETA:     3s[>>>>>>>>>>>>>>>>>>>>>>>>>  ] 7509/7824, 95.6 task/s, elapsed: 79s, ETA:     3s[>>>>>>>>>>>>>>>>>>>>>>>>>  ] 7510/7824, 95.6 task/s, elapsed: 79s, ETA:     3s[>>>>>>>>>>>>>>>>>>>>>>>>>  ] 7511/7824, 95.6 task/s, elapsed: 79s, ETA:     3s[>>>>>>>>>>>>>>>>>>>>>>>>>  ] 7512/7824, 95.6 task/s, elapsed: 79s, ETA:     3s[>>>>>>>>>>>>>>>>>>>>>>>>>  ] 7513/7824, 95.6 task/s, elapsed: 79s, ETA:     3s[>>>>>>>>>>>>>>>>>>>>>>>>>  ] 7514/7824, 95.6 task/s, elapsed: 79s, ETA:     3s[>>>>>>>>>>>>>>>>>>>>>>>>>  ] 7515/7824, 95.6 task/s, elapsed: 79s, ETA:     3s[>>>>>>>>>>>>>>>>>>>>>>>>>  ] 7516/7824, 95.6 task/s, elapsed: 79s, ETA:     3s[>>>>>>>>>>>>>>>>>>>>>>>>>  ] 7517/7824, 95.6 task/s, elapsed: 79s, ETA:     3s[>>>>>>>>>>>>>>>>>>>>>>>>>  ] 7518/7824, 95.6 task/s, elapsed: 79s, ETA:     3s[>>>>>>>>>>>>>>>>>>>>>>>>>  ] 7519/7824, 95.6 task/s, elapsed: 79s, ETA:     3s[>>>>>>>>>>>>>>>>>>>>>>>>>  ] 7520/7824, 95.6 task/s, elapsed: 79s, ETA:     3s[>>>>>>>>>>>>>>>>>>>>>>>>>  ] 7521/7824, 95.6 task/s, elapsed: 79s, ETA:     3s[>>>>>>>>>>>>>>>>>>>>>>>>>  ] 7522/7824, 95.6 task/s, elapsed: 79s, ETA:     3s[>>>>>>>>>>>>>>>>>>>>>>>>>  ] 7523/7824, 95.6 task/s, elapsed: 79s, ETA:     3s[>>>>>>>>>>>>>>>>>>>>>>>>>  ] 7524/7824, 95.6 task/s, elapsed: 79s, ETA:     3s[>>>>>>>>>>>>>>>>>>>>>>>>>  ] 7525/7824, 95.6 task/s, elapsed: 79s, ETA:     3s[>>>>>>>>>>>>>>>>>>>>>>>>>  ] 7526/7824, 95.6 task/s, elapsed: 79s, ETA:     3s[>>>>>>>>>>>>>>>>>>>>>>>>>  ] 7527/7824, 95.6 task/s, elapsed: 79s, ETA:     3s[>>>>>>>>>>>>>>>>>>>>>>>>>  ] 7528/7824, 95.6 task/s, elapsed: 79s, ETA:     3s[>>>>>>>>>>>>>>>>>>>>>>>>>  ] 7529/7824, 95.6 task/s, elapsed: 79s, ETA:     3s[>>>>>>>>>>>>>>>>>>>>>>>>>  ] 7530/7824, 95.6 task/s, elapsed: 79s, ETA:     3s[>>>>>>>>>>>>>>>>>>>>>>>>>  ] 7531/7824, 95.6 task/s, elapsed: 79s, ETA:     3s[>>>>>>>>>>>>>>>>>>>>>>>>>  ] 7532/7824, 95.6 task/s, elapsed: 79s, ETA:     3s[>>>>>>>>>>>>>>>>>>>>>>>>>  ] 7533/7824, 95.6 task/s, elapsed: 79s, ETA:     3s[>>>>>>>>>>>>>>>>>>>>>>>>>  ] 7534/7824, 95.6 task/s, elapsed: 79s, ETA:     3s[>>>>>>>>>>>>>>>>>>>>>>>>>> ] 7535/7824, 95.6 task/s, elapsed: 79s, ETA:     3s[>>>>>>>>>>>>>>>>>>>>>>>>>> ] 7536/7824, 95.6 task/s, elapsed: 79s, ETA:     3s[>>>>>>>>>>>>>>>>>>>>>>>>>> ] 7537/7824, 95.6 task/s, elapsed: 79s, ETA:     3s[>>>>>>>>>>>>>>>>>>>>>>>>>> ] 7538/7824, 95.6 task/s, elapsed: 79s, ETA:     3s[>>>>>>>>>>>>>>>>>>>>>>>>>> ] 7539/7824, 95.6 task/s, elapsed: 79s, ETA:     3s[>>>>>>>>>>>>>>>>>>>>>>>>>> ] 7540/7824, 95.6 task/s, elapsed: 79s, ETA:     3s[>>>>>>>>>>>>>>>>>>>>>>>>>> ] 7541/7824, 95.6 task/s, elapsed: 79s, ETA:     3s[>>>>>>>>>>>>>>>>>>>>>>>>>> ] 7542/7824, 95.6 task/s, elapsed: 79s, ETA:     3s[>>>>>>>>>>>>>>>>>>>>>>>>>> ] 7543/7824, 95.6 task/s, elapsed: 79s, ETA:     3s[>>>>>>>>>>>>>>>>>>>>>>>>>> ] 7544/7824, 95.6 task/s, elapsed: 79s, ETA:     3s[>>>>>>>>>>>>>>>>>>>>>>>>>> ] 7545/7824, 95.6 task/s, elapsed: 79s, ETA:     3s[>>>>>>>>>>>>>>>>>>>>>>>>>> ] 7546/7824, 95.6 task/s, elapsed: 79s, ETA:     3s[>>>>>>>>>>>>>>>>>>>>>>>>>> ] 7547/7824, 95.6 task/s, elapsed: 79s, ETA:     3s[>>>>>>>>>>>>>>>>>>>>>>>>>> ] 7548/7824, 95.6 task/s, elapsed: 79s, ETA:     3s[>>>>>>>>>>>>>>>>>>>>>>>>>> ] 7549/7824, 95.6 task/s, elapsed: 79s, ETA:     3s[>>>>>>>>>>>>>>>>>>>>>>>>>> ] 7550/7824, 95.6 task/s, elapsed: 79s, ETA:     3s[>>>>>>>>>>>>>>>>>>>>>>>>>> ] 7551/7824, 95.6 task/s, elapsed: 79s, ETA:     3s[>>>>>>>>>>>>>>>>>>>>>>>>>> ] 7552/7824, 95.6 task/s, elapsed: 79s, ETA:     3s[>>>>>>>>>>>>>>>>>>>>>>>>>> ] 7553/7824, 95.6 task/s, elapsed: 79s, ETA:     3s[>>>>>>>>>>>>>>>>>>>>>>>>>> ] 7554/7824, 95.6 task/s, elapsed: 79s, ETA:     3s[>>>>>>>>>>>>>>>>>>>>>>>>>> ] 7555/7824, 95.6 task/s, elapsed: 79s, ETA:     3s[>>>>>>>>>>>>>>>>>>>>>>>>>> ] 7556/7824, 95.6 task/s, elapsed: 79s, ETA:     3s[>>>>>>>>>>>>>>>>>>>>>>>>>> ] 7557/7824, 95.6 task/s, elapsed: 79s, ETA:     3s[>>>>>>>>>>>>>>>>>>>>>>>>>> ] 7558/7824, 95.7 task/s, elapsed: 79s, ETA:     3s[>>>>>>>>>>>>>>>>>>>>>>>>>> ] 7559/7824, 95.7 task/s, elapsed: 79s, ETA:     3s[>>>>>>>>>>>>>>>>>>>>>>>>>> ] 7560/7824, 95.7 task/s, elapsed: 79s, ETA:     3s[>>>>>>>>>>>>>>>>>>>>>>>>>> ] 7561/7824, 95.7 task/s, elapsed: 79s, ETA:     3s[>>>>>>>>>>>>>>>>>>>>>>>>>> ] 7562/7824, 95.7 task/s, elapsed: 79s, ETA:     3s[>>>>>>>>>>>>>>>>>>>>>>>>>> ] 7563/7824, 95.7 task/s, elapsed: 79s, ETA:     3s[>>>>>>>>>>>>>>>>>>>>>>>>>> ] 7564/7824, 95.7 task/s, elapsed: 79s, ETA:     3s[>>>>>>>>>>>>>>>>>>>>>>>>>> ] 7565/7824, 95.7 task/s, elapsed: 79s, ETA:     3s[>>>>>>>>>>>>>>>>>>>>>>>>>> ] 7566/7824, 95.7 task/s, elapsed: 79s, ETA:     3s[>>>>>>>>>>>>>>>>>>>>>>>>>> ] 7567/7824, 95.7 task/s, elapsed: 79s, ETA:     3s[>>>>>>>>>>>>>>>>>>>>>>>>>> ] 7568/7824, 95.7 task/s, elapsed: 79s, ETA:     3s[>>>>>>>>>>>>>>>>>>>>>>>>>> ] 7569/7824, 95.7 task/s, elapsed: 79s, ETA:     3s[>>>>>>>>>>>>>>>>>>>>>>>>>> ] 7570/7824, 95.7 task/s, elapsed: 79s, ETA:     3s[>>>>>>>>>>>>>>>>>>>>>>>>>> ] 7571/7824, 95.7 task/s, elapsed: 79s, ETA:     3s[>>>>>>>>>>>>>>>>>>>>>>>>>> ] 7572/7824, 95.7 task/s, elapsed: 79s, ETA:     3s[>>>>>>>>>>>>>>>>>>>>>>>>>> ] 7573/7824, 95.7 task/s, elapsed: 79s, ETA:     3s[>>>>>>>>>>>>>>>>>>>>>>>>>> ] 7574/7824, 95.7 task/s, elapsed: 79s, ETA:     3s[>>>>>>>>>>>>>>>>>>>>>>>>>> ] 7575/7824, 95.7 task/s, elapsed: 79s, ETA:     3s[>>>>>>>>>>>>>>>>>>>>>>>>>> ] 7576/7824, 95.7 task/s, elapsed: 79s, ETA:     3s[>>>>>>>>>>>>>>>>>>>>>>>>>> ] 7577/7824, 95.7 task/s, elapsed: 79s, ETA:     3s[>>>>>>>>>>>>>>>>>>>>>>>>>> ] 7578/7824, 95.7 task/s, elapsed: 79s, ETA:     3s[>>>>>>>>>>>>>>>>>>>>>>>>>> ] 7579/7824, 95.7 task/s, elapsed: 79s, ETA:     3s[>>>>>>>>>>>>>>>>>>>>>>>>>> ] 7580/7824, 95.7 task/s, elapsed: 79s, ETA:     3s[>>>>>>>>>>>>>>>>>>>>>>>>>> ] 7581/7824, 95.7 task/s, elapsed: 79s, ETA:     3s[>>>>>>>>>>>>>>>>>>>>>>>>>> ] 7582/7824, 95.7 task/s, elapsed: 79s, ETA:     3s[>>>>>>>>>>>>>>>>>>>>>>>>>> ] 7583/7824, 95.7 task/s, elapsed: 79s, ETA:     3s[>>>>>>>>>>>>>>>>>>>>>>>>>> ] 7584/7824, 95.7 task/s, elapsed: 79s, ETA:     3s[>>>>>>>>>>>>>>>>>>>>>>>>>> ] 7585/7824, 95.7 task/s, elapsed: 79s, ETA:     2s[>>>>>>>>>>>>>>>>>>>>>>>>>> ] 7586/7824, 95.7 task/s, elapsed: 79s, ETA:     2s[>>>>>>>>>>>>>>>>>>>>>>>>>> ] 7587/7824, 95.7 task/s, elapsed: 79s, ETA:     2s[>>>>>>>>>>>>>>>>>>>>>>>>>> ] 7588/7824, 95.7 task/s, elapsed: 79s, ETA:     2s[>>>>>>>>>>>>>>>>>>>>>>>>>> ] 7589/7824, 95.7 task/s, elapsed: 79s, ETA:     2s[>>>>>>>>>>>>>>>>>>>>>>>>>> ] 7590/7824, 95.7 task/s, elapsed: 79s, ETA:     2s[>>>>>>>>>>>>>>>>>>>>>>>>>> ] 7591/7824, 95.7 task/s, elapsed: 79s, ETA:     2s[>>>>>>>>>>>>>>>>>>>>>>>>>> ] 7592/7824, 95.7 task/s, elapsed: 79s, ETA:     2s[>>>>>>>>>>>>>>>>>>>>>>>>>> ] 7593/7824, 95.7 task/s, elapsed: 79s, ETA:     2s[>>>>>>>>>>>>>>>>>>>>>>>>>> ] 7594/7824, 95.7 task/s, elapsed: 79s, ETA:     2s[>>>>>>>>>>>>>>>>>>>>>>>>>> ] 7595/7824, 95.7 task/s, elapsed: 79s, ETA:     2s[>>>>>>>>>>>>>>>>>>>>>>>>>> ] 7596/7824, 95.7 task/s, elapsed: 79s, ETA:     2s[>>>>>>>>>>>>>>>>>>>>>>>>>> ] 7597/7824, 95.7 task/s, elapsed: 79s, ETA:     2s[>>>>>>>>>>>>>>>>>>>>>>>>>> ] 7598/7824, 95.7 task/s, elapsed: 79s, ETA:     2s[>>>>>>>>>>>>>>>>>>>>>>>>>> ] 7599/7824, 95.7 task/s, elapsed: 79s, ETA:     2s[>>>>>>>>>>>>>>>>>>>>>>>>>> ] 7600/7824, 95.7 task/s, elapsed: 79s, ETA:     2s[>>>>>>>>>>>>>>>>>>>>>>>>>> ] 7601/7824, 95.7 task/s, elapsed: 79s, ETA:     2s[>>>>>>>>>>>>>>>>>>>>>>>>>> ] 7602/7824, 95.7 task/s, elapsed: 79s, ETA:     2s[>>>>>>>>>>>>>>>>>>>>>>>>>> ] 7603/7824, 95.7 task/s, elapsed: 79s, ETA:     2s[>>>>>>>>>>>>>>>>>>>>>>>>>> ] 7604/7824, 95.7 task/s, elapsed: 79s, ETA:     2s[>>>>>>>>>>>>>>>>>>>>>>>>>> ] 7605/7824, 95.7 task/s, elapsed: 79s, ETA:     2s[>>>>>>>>>>>>>>>>>>>>>>>>>> ] 7606/7824, 95.7 task/s, elapsed: 79s, ETA:     2s[>>>>>>>>>>>>>>>>>>>>>>>>>> ] 7607/7824, 95.7 task/s, elapsed: 79s, ETA:     2s[>>>>>>>>>>>>>>>>>>>>>>>>>> ] 7608/7824, 95.7 task/s, elapsed: 79s, ETA:     2s[>>>>>>>>>>>>>>>>>>>>>>>>>> ] 7609/7824, 95.7 task/s, elapsed: 80s, ETA:     2s[>>>>>>>>>>>>>>>>>>>>>>>>>> ] 7610/7824, 95.7 task/s, elapsed: 80s, ETA:     2s[>>>>>>>>>>>>>>>>>>>>>>>>>> ] 7611/7824, 95.7 task/s, elapsed: 80s, ETA:     2s[>>>>>>>>>>>>>>>>>>>>>>>>>> ] 7612/7824, 95.7 task/s, elapsed: 80s, ETA:     2s[>>>>>>>>>>>>>>>>>>>>>>>>>> ] 7613/7824, 95.7 task/s, elapsed: 80s, ETA:     2s[>>>>>>>>>>>>>>>>>>>>>>>>>> ] 7614/7824, 95.7 task/s, elapsed: 80s, ETA:     2s[>>>>>>>>>>>>>>>>>>>>>>>>>> ] 7615/7824, 95.7 task/s, elapsed: 80s, ETA:     2s[>>>>>>>>>>>>>>>>>>>>>>>>>> ] 7616/7824, 95.7 task/s, elapsed: 80s, ETA:     2s[>>>>>>>>>>>>>>>>>>>>>>>>>> ] 7617/7824, 95.7 task/s, elapsed: 80s, ETA:     2s[>>>>>>>>>>>>>>>>>>>>>>>>>> ] 7618/7824, 95.7 task/s, elapsed: 80s, ETA:     2s[>>>>>>>>>>>>>>>>>>>>>>>>>> ] 7619/7824, 95.7 task/s, elapsed: 80s, ETA:     2s[>>>>>>>>>>>>>>>>>>>>>>>>>> ] 7620/7824, 95.7 task/s, elapsed: 80s, ETA:     2s[>>>>>>>>>>>>>>>>>>>>>>>>>> ] 7621/7824, 95.7 task/s, elapsed: 80s, ETA:     2s[>>>>>>>>>>>>>>>>>>>>>>>>>> ] 7622/7824, 95.7 task/s, elapsed: 80s, ETA:     2s[>>>>>>>>>>>>>>>>>>>>>>>>>> ] 7623/7824, 95.7 task/s, elapsed: 80s, ETA:     2s[>>>>>>>>>>>>>>>>>>>>>>>>>> ] 7624/7824, 95.7 task/s, elapsed: 80s, ETA:     2s[>>>>>>>>>>>>>>>>>>>>>>>>>> ] 7625/7824, 95.7 task/s, elapsed: 80s, ETA:     2s[>>>>>>>>>>>>>>>>>>>>>>>>>> ] 7626/7824, 95.7 task/s, elapsed: 80s, ETA:     2s[>>>>>>>>>>>>>>>>>>>>>>>>>> ] 7627/7824, 95.7 task/s, elapsed: 80s, ETA:     2s[>>>>>>>>>>>>>>>>>>>>>>>>>> ] 7628/7824, 95.7 task/s, elapsed: 80s, ETA:     2s[>>>>>>>>>>>>>>>>>>>>>>>>>> ] 7629/7824, 95.7 task/s, elapsed: 80s, ETA:     2s[>>>>>>>>>>>>>>>>>>>>>>>>>> ] 7630/7824, 95.7 task/s, elapsed: 80s, ETA:     2s[>>>>>>>>>>>>>>>>>>>>>>>>>> ] 7631/7824, 95.7 task/s, elapsed: 80s, ETA:     2s[>>>>>>>>>>>>>>>>>>>>>>>>>> ] 7632/7824, 95.7 task/s, elapsed: 80s, ETA:     2s[>>>>>>>>>>>>>>>>>>>>>>>>>> ] 7633/7824, 95.7 task/s, elapsed: 80s, ETA:     2s[>>>>>>>>>>>>>>>>>>>>>>>>>> ] 7634/7824, 95.7 task/s, elapsed: 80s, ETA:     2s[>>>>>>>>>>>>>>>>>>>>>>>>>> ] 7635/7824, 95.7 task/s, elapsed: 80s, ETA:     2s[>>>>>>>>>>>>>>>>>>>>>>>>>> ] 7636/7824, 95.7 task/s, elapsed: 80s, ETA:     2s[>>>>>>>>>>>>>>>>>>>>>>>>>> ] 7637/7824, 95.7 task/s, elapsed: 80s, ETA:     2s[>>>>>>>>>>>>>>>>>>>>>>>>>> ] 7638/7824, 95.7 task/s, elapsed: 80s, ETA:     2s[>>>>>>>>>>>>>>>>>>>>>>>>>> ] 7639/7824, 95.7 task/s, elapsed: 80s, ETA:     2s[>>>>>>>>>>>>>>>>>>>>>>>>>> ] 7640/7824, 95.7 task/s, elapsed: 80s, ETA:     2s[>>>>>>>>>>>>>>>>>>>>>>>>>> ] 7641/7824, 95.7 task/s, elapsed: 80s, ETA:     2s[>>>>>>>>>>>>>>>>>>>>>>>>>> ] 7642/7824, 95.7 task/s, elapsed: 80s, ETA:     2s[>>>>>>>>>>>>>>>>>>>>>>>>>> ] 7643/7824, 95.7 task/s, elapsed: 80s, ETA:     2s[>>>>>>>>>>>>>>>>>>>>>>>>>> ] 7644/7824, 95.7 task/s, elapsed: 80s, ETA:     2s[>>>>>>>>>>>>>>>>>>>>>>>>>> ] 7645/7824, 95.8 task/s, elapsed: 80s, ETA:     2s[>>>>>>>>>>>>>>>>>>>>>>>>>> ] 7646/7824, 95.8 task/s, elapsed: 80s, ETA:     2s[>>>>>>>>>>>>>>>>>>>>>>>>>> ] 7647/7824, 95.8 task/s, elapsed: 80s, ETA:     2s[>>>>>>>>>>>>>>>>>>>>>>>>>> ] 7648/7824, 95.8 task/s, elapsed: 80s, ETA:     2s[>>>>>>>>>>>>>>>>>>>>>>>>>> ] 7649/7824, 95.8 task/s, elapsed: 80s, ETA:     2s[>>>>>>>>>>>>>>>>>>>>>>>>>> ] 7650/7824, 95.8 task/s, elapsed: 80s, ETA:     2s[>>>>>>>>>>>>>>>>>>>>>>>>>> ] 7651/7824, 95.8 task/s, elapsed: 80s, ETA:     2s[>>>>>>>>>>>>>>>>>>>>>>>>>> ] 7652/7824, 95.8 task/s, elapsed: 80s, ETA:     2s[>>>>>>>>>>>>>>>>>>>>>>>>>> ] 7653/7824, 95.8 task/s, elapsed: 80s, ETA:     2s[>>>>>>>>>>>>>>>>>>>>>>>>>> ] 7654/7824, 95.8 task/s, elapsed: 80s, ETA:     2s[>>>>>>>>>>>>>>>>>>>>>>>>>> ] 7655/7824, 95.8 task/s, elapsed: 80s, ETA:     2s[>>>>>>>>>>>>>>>>>>>>>>>>>> ] 7656/7824, 95.8 task/s, elapsed: 80s, ETA:     2s[>>>>>>>>>>>>>>>>>>>>>>>>>> ] 7657/7824, 95.8 task/s, elapsed: 80s, ETA:     2s[>>>>>>>>>>>>>>>>>>>>>>>>>> ] 7658/7824, 95.8 task/s, elapsed: 80s, ETA:     2s[>>>>>>>>>>>>>>>>>>>>>>>>>> ] 7659/7824, 95.8 task/s, elapsed: 80s, ETA:     2s[>>>>>>>>>>>>>>>>>>>>>>>>>> ] 7660/7824, 95.8 task/s, elapsed: 80s, ETA:     2s[>>>>>>>>>>>>>>>>>>>>>>>>>> ] 7661/7824, 95.8 task/s, elapsed: 80s, ETA:     2s[>>>>>>>>>>>>>>>>>>>>>>>>>> ] 7662/7824, 95.8 task/s, elapsed: 80s, ETA:     2s[>>>>>>>>>>>>>>>>>>>>>>>>>> ] 7663/7824, 95.8 task/s, elapsed: 80s, ETA:     2s[>>>>>>>>>>>>>>>>>>>>>>>>>> ] 7664/7824, 95.8 task/s, elapsed: 80s, ETA:     2s[>>>>>>>>>>>>>>>>>>>>>>>>>> ] 7665/7824, 95.8 task/s, elapsed: 80s, ETA:     2s[>>>>>>>>>>>>>>>>>>>>>>>>>> ] 7666/7824, 95.8 task/s, elapsed: 80s, ETA:     2s[>>>>>>>>>>>>>>>>>>>>>>>>>> ] 7667/7824, 95.8 task/s, elapsed: 80s, ETA:     2s[>>>>>>>>>>>>>>>>>>>>>>>>>> ] 7668/7824, 95.8 task/s, elapsed: 80s, ETA:     2s[>>>>>>>>>>>>>>>>>>>>>>>>>> ] 7669/7824, 95.8 task/s, elapsed: 80s, ETA:     2s[>>>>>>>>>>>>>>>>>>>>>>>>>> ] 7670/7824, 95.8 task/s, elapsed: 80s, ETA:     2s[>>>>>>>>>>>>>>>>>>>>>>>>>> ] 7671/7824, 95.8 task/s, elapsed: 80s, ETA:     2s[>>>>>>>>>>>>>>>>>>>>>>>>>> ] 7672/7824, 95.8 task/s, elapsed: 80s, ETA:     2s[>>>>>>>>>>>>>>>>>>>>>>>>>> ] 7673/7824, 95.8 task/s, elapsed: 80s, ETA:     2s[>>>>>>>>>>>>>>>>>>>>>>>>>> ] 7674/7824, 95.8 task/s, elapsed: 80s, ETA:     2s[>>>>>>>>>>>>>>>>>>>>>>>>>> ] 7675/7824, 95.8 task/s, elapsed: 80s, ETA:     2s[>>>>>>>>>>>>>>>>>>>>>>>>>> ] 7676/7824, 95.8 task/s, elapsed: 80s, ETA:     2s[>>>>>>>>>>>>>>>>>>>>>>>>>> ] 7677/7824, 95.8 task/s, elapsed: 80s, ETA:     2s[>>>>>>>>>>>>>>>>>>>>>>>>>> ] 7678/7824, 95.8 task/s, elapsed: 80s, ETA:     2s[>>>>>>>>>>>>>>>>>>>>>>>>>> ] 7679/7824, 95.8 task/s, elapsed: 80s, ETA:     2s[>>>>>>>>>>>>>>>>>>>>>>>>>> ] 7680/7824, 95.8 task/s, elapsed: 80s, ETA:     2s[>>>>>>>>>>>>>>>>>>>>>>>>>> ] 7681/7824, 95.8 task/s, elapsed: 80s, ETA:     1s[>>>>>>>>>>>>>>>>>>>>>>>>>> ] 7682/7824, 95.8 task/s, elapsed: 80s, ETA:     1s[>>>>>>>>>>>>>>>>>>>>>>>>>> ] 7683/7824, 95.8 task/s, elapsed: 80s, ETA:     1s[>>>>>>>>>>>>>>>>>>>>>>>>>> ] 7684/7824, 95.8 task/s, elapsed: 80s, ETA:     1s[>>>>>>>>>>>>>>>>>>>>>>>>>> ] 7685/7824, 95.8 task/s, elapsed: 80s, ETA:     1s[>>>>>>>>>>>>>>>>>>>>>>>>>> ] 7686/7824, 95.8 task/s, elapsed: 80s, ETA:     1s[>>>>>>>>>>>>>>>>>>>>>>>>>> ] 7687/7824, 95.8 task/s, elapsed: 80s, ETA:     1s[>>>>>>>>>>>>>>>>>>>>>>>>>> ] 7688/7824, 95.8 task/s, elapsed: 80s, ETA:     1s[>>>>>>>>>>>>>>>>>>>>>>>>>> ] 7689/7824, 95.8 task/s, elapsed: 80s, ETA:     1s[>>>>>>>>>>>>>>>>>>>>>>>>>> ] 7690/7824, 95.8 task/s, elapsed: 80s, ETA:     1s[>>>>>>>>>>>>>>>>>>>>>>>>>> ] 7691/7824, 95.8 task/s, elapsed: 80s, ETA:     1s[>>>>>>>>>>>>>>>>>>>>>>>>>> ] 7692/7824, 95.8 task/s, elapsed: 80s, ETA:     1s[>>>>>>>>>>>>>>>>>>>>>>>>>> ] 7693/7824, 95.8 task/s, elapsed: 80s, ETA:     1s[>>>>>>>>>>>>>>>>>>>>>>>>>> ] 7694/7824, 95.8 task/s, elapsed: 80s, ETA:     1s[>>>>>>>>>>>>>>>>>>>>>>>>>> ] 7695/7824, 95.8 task/s, elapsed: 80s, ETA:     1s[>>>>>>>>>>>>>>>>>>>>>>>>>> ] 7696/7824, 95.8 task/s, elapsed: 80s, ETA:     1s[>>>>>>>>>>>>>>>>>>>>>>>>>> ] 7697/7824, 95.8 task/s, elapsed: 80s, ETA:     1s[>>>>>>>>>>>>>>>>>>>>>>>>>> ] 7698/7824, 95.8 task/s, elapsed: 80s, ETA:     1s[>>>>>>>>>>>>>>>>>>>>>>>>>> ] 7699/7824, 95.8 task/s, elapsed: 80s, ETA:     1s[>>>>>>>>>>>>>>>>>>>>>>>>>> ] 7700/7824, 95.8 task/s, elapsed: 80s, ETA:     1s[>>>>>>>>>>>>>>>>>>>>>>>>>> ] 7701/7824, 95.8 task/s, elapsed: 80s, ETA:     1s[>>>>>>>>>>>>>>>>>>>>>>>>>> ] 7702/7824, 95.8 task/s, elapsed: 80s, ETA:     1s[>>>>>>>>>>>>>>>>>>>>>>>>>> ] 7703/7824, 95.8 task/s, elapsed: 80s, ETA:     1s[>>>>>>>>>>>>>>>>>>>>>>>>>> ] 7704/7824, 95.8 task/s, elapsed: 80s, ETA:     1s[>>>>>>>>>>>>>>>>>>>>>>>>>> ] 7705/7824, 95.8 task/s, elapsed: 80s, ETA:     1s[>>>>>>>>>>>>>>>>>>>>>>>>>> ] 7706/7824, 95.8 task/s, elapsed: 80s, ETA:     1s[>>>>>>>>>>>>>>>>>>>>>>>>>> ] 7707/7824, 95.8 task/s, elapsed: 80s, ETA:     1s[>>>>>>>>>>>>>>>>>>>>>>>>>> ] 7708/7824, 95.8 task/s, elapsed: 80s, ETA:     1s[>>>>>>>>>>>>>>>>>>>>>>>>>> ] 7709/7824, 95.8 task/s, elapsed: 80s, ETA:     1s[>>>>>>>>>>>>>>>>>>>>>>>>>> ] 7710/7824, 95.8 task/s, elapsed: 80s, ETA:     1s[>>>>>>>>>>>>>>>>>>>>>>>>>> ] 7711/7824, 95.8 task/s, elapsed: 80s, ETA:     1s[>>>>>>>>>>>>>>>>>>>>>>>>>> ] 7712/7824, 95.8 task/s, elapsed: 80s, ETA:     1s[>>>>>>>>>>>>>>>>>>>>>>>>>> ] 7713/7824, 95.8 task/s, elapsed: 80s, ETA:     1s[>>>>>>>>>>>>>>>>>>>>>>>>>> ] 7714/7824, 95.8 task/s, elapsed: 81s, ETA:     1s[>>>>>>>>>>>>>>>>>>>>>>>>>> ] 7715/7824, 95.8 task/s, elapsed: 81s, ETA:     1s[>>>>>>>>>>>>>>>>>>>>>>>>>> ] 7716/7824, 95.8 task/s, elapsed: 81s, ETA:     1s[>>>>>>>>>>>>>>>>>>>>>>>>>> ] 7717/7824, 95.8 task/s, elapsed: 81s, ETA:     1s[>>>>>>>>>>>>>>>>>>>>>>>>>> ] 7718/7824, 95.8 task/s, elapsed: 81s, ETA:     1s[>>>>>>>>>>>>>>>>>>>>>>>>>> ] 7719/7824, 95.8 task/s, elapsed: 81s, ETA:     1s[>>>>>>>>>>>>>>>>>>>>>>>>>> ] 7720/7824, 95.8 task/s, elapsed: 81s, ETA:     1s[>>>>>>>>>>>>>>>>>>>>>>>>>> ] 7721/7824, 95.8 task/s, elapsed: 81s, ETA:     1s[>>>>>>>>>>>>>>>>>>>>>>>>>> ] 7722/7824, 95.8 task/s, elapsed: 81s, ETA:     1s[>>>>>>>>>>>>>>>>>>>>>>>>>> ] 7723/7824, 95.8 task/s, elapsed: 81s, ETA:     1s[>>>>>>>>>>>>>>>>>>>>>>>>>> ] 7724/7824, 95.8 task/s, elapsed: 81s, ETA:     1s[>>>>>>>>>>>>>>>>>>>>>>>>>> ] 7725/7824, 95.8 task/s, elapsed: 81s, ETA:     1s[>>>>>>>>>>>>>>>>>>>>>>>>>> ] 7726/7824, 95.8 task/s, elapsed: 81s, ETA:     1s[>>>>>>>>>>>>>>>>>>>>>>>>>> ] 7727/7824, 95.8 task/s, elapsed: 81s, ETA:     1s[>>>>>>>>>>>>>>>>>>>>>>>>>> ] 7728/7824, 95.8 task/s, elapsed: 81s, ETA:     1s[>>>>>>>>>>>>>>>>>>>>>>>>>> ] 7729/7824, 95.8 task/s, elapsed: 81s, ETA:     1s[>>>>>>>>>>>>>>>>>>>>>>>>>> ] 7730/7824, 95.8 task/s, elapsed: 81s, ETA:     1s[>>>>>>>>>>>>>>>>>>>>>>>>>> ] 7731/7824, 95.8 task/s, elapsed: 81s, ETA:     1s[>>>>>>>>>>>>>>>>>>>>>>>>>> ] 7732/7824, 95.8 task/s, elapsed: 81s, ETA:     1s[>>>>>>>>>>>>>>>>>>>>>>>>>> ] 7733/7824, 95.8 task/s, elapsed: 81s, ETA:     1s[>>>>>>>>>>>>>>>>>>>>>>>>>> ] 7734/7824, 95.8 task/s, elapsed: 81s, ETA:     1s[>>>>>>>>>>>>>>>>>>>>>>>>>> ] 7735/7824, 95.8 task/s, elapsed: 81s, ETA:     1s[>>>>>>>>>>>>>>>>>>>>>>>>>> ] 7736/7824, 95.8 task/s, elapsed: 81s, ETA:     1s[>>>>>>>>>>>>>>>>>>>>>>>>>> ] 7737/7824, 95.8 task/s, elapsed: 81s, ETA:     1s[>>>>>>>>>>>>>>>>>>>>>>>>>> ] 7738/7824, 95.8 task/s, elapsed: 81s, ETA:     1s[>>>>>>>>>>>>>>>>>>>>>>>>>> ] 7739/7824, 95.8 task/s, elapsed: 81s, ETA:     1s[>>>>>>>>>>>>>>>>>>>>>>>>>> ] 7740/7824, 95.8 task/s, elapsed: 81s, ETA:     1s[>>>>>>>>>>>>>>>>>>>>>>>>>> ] 7741/7824, 95.8 task/s, elapsed: 81s, ETA:     1s[>>>>>>>>>>>>>>>>>>>>>>>>>> ] 7742/7824, 95.8 task/s, elapsed: 81s, ETA:     1s[>>>>>>>>>>>>>>>>>>>>>>>>>> ] 7743/7824, 95.8 task/s, elapsed: 81s, ETA:     1s[>>>>>>>>>>>>>>>>>>>>>>>>>> ] 7744/7824, 95.8 task/s, elapsed: 81s, ETA:     1s[>>>>>>>>>>>>>>>>>>>>>>>>>> ] 7745/7824, 95.8 task/s, elapsed: 81s, ETA:     1s[>>>>>>>>>>>>>>>>>>>>>>>>>> ] 7746/7824, 95.8 task/s, elapsed: 81s, ETA:     1s[>>>>>>>>>>>>>>>>>>>>>>>>>> ] 7747/7824, 95.8 task/s, elapsed: 81s, ETA:     1s[>>>>>>>>>>>>>>>>>>>>>>>>>> ] 7748/7824, 95.8 task/s, elapsed: 81s, ETA:     1s[>>>>>>>>>>>>>>>>>>>>>>>>>> ] 7749/7824, 95.8 task/s, elapsed: 81s, ETA:     1s[>>>>>>>>>>>>>>>>>>>>>>>>>> ] 7750/7824, 95.8 task/s, elapsed: 81s, ETA:     1s[>>>>>>>>>>>>>>>>>>>>>>>>>> ] 7751/7824, 95.8 task/s, elapsed: 81s, ETA:     1s[>>>>>>>>>>>>>>>>>>>>>>>>>> ] 7752/7824, 95.8 task/s, elapsed: 81s, ETA:     1s[>>>>>>>>>>>>>>>>>>>>>>>>>> ] 7753/7824, 95.8 task/s, elapsed: 81s, ETA:     1s[>>>>>>>>>>>>>>>>>>>>>>>>>> ] 7754/7824, 95.8 task/s, elapsed: 81s, ETA:     1s[>>>>>>>>>>>>>>>>>>>>>>>>>> ] 7755/7824, 95.8 task/s, elapsed: 81s, ETA:     1s[>>>>>>>>>>>>>>>>>>>>>>>>>> ] 7756/7824, 95.8 task/s, elapsed: 81s, ETA:     1s[>>>>>>>>>>>>>>>>>>>>>>>>>> ] 7757/7824, 95.8 task/s, elapsed: 81s, ETA:     1s[>>>>>>>>>>>>>>>>>>>>>>>>>> ] 7758/7824, 95.8 task/s, elapsed: 81s, ETA:     1s[>>>>>>>>>>>>>>>>>>>>>>>>>> ] 7759/7824, 95.8 task/s, elapsed: 81s, ETA:     1s[>>>>>>>>>>>>>>>>>>>>>>>>>> ] 7760/7824, 95.8 task/s, elapsed: 81s, ETA:     1s[>>>>>>>>>>>>>>>>>>>>>>>>>> ] 7761/7824, 95.8 task/s, elapsed: 81s, ETA:     1s[>>>>>>>>>>>>>>>>>>>>>>>>>> ] 7762/7824, 95.8 task/s, elapsed: 81s, ETA:     1s[>>>>>>>>>>>>>>>>>>>>>>>>>> ] 7763/7824, 95.8 task/s, elapsed: 81s, ETA:     1s[>>>>>>>>>>>>>>>>>>>>>>>>>> ] 7764/7824, 95.8 task/s, elapsed: 81s, ETA:     1s[>>>>>>>>>>>>>>>>>>>>>>>>>> ] 7765/7824, 95.8 task/s, elapsed: 81s, ETA:     1s[>>>>>>>>>>>>>>>>>>>>>>>>>> ] 7766/7824, 95.8 task/s, elapsed: 81s, ETA:     1s[>>>>>>>>>>>>>>>>>>>>>>>>>> ] 7767/7824, 95.8 task/s, elapsed: 81s, ETA:     1s[>>>>>>>>>>>>>>>>>>>>>>>>>> ] 7768/7824, 95.8 task/s, elapsed: 81s, ETA:     1s[>>>>>>>>>>>>>>>>>>>>>>>>>> ] 7769/7824, 95.8 task/s, elapsed: 81s, ETA:     1s[>>>>>>>>>>>>>>>>>>>>>>>>>> ] 7770/7824, 95.8 task/s, elapsed: 81s, ETA:     1s[>>>>>>>>>>>>>>>>>>>>>>>>>> ] 7771/7824, 95.8 task/s, elapsed: 81s, ETA:     1s[>>>>>>>>>>>>>>>>>>>>>>>>>> ] 7772/7824, 95.8 task/s, elapsed: 81s, ETA:     1s[>>>>>>>>>>>>>>>>>>>>>>>>>> ] 7773/7824, 95.8 task/s, elapsed: 81s, ETA:     1s[>>>>>>>>>>>>>>>>>>>>>>>>>> ] 7774/7824, 95.8 task/s, elapsed: 81s, ETA:     1s[>>>>>>>>>>>>>>>>>>>>>>>>>> ] 7775/7824, 95.8 task/s, elapsed: 81s, ETA:     1s[>>>>>>>>>>>>>>>>>>>>>>>>>> ] 7776/7824, 95.8 task/s, elapsed: 81s, ETA:     1s[>>>>>>>>>>>>>>>>>>>>>>>>>> ] 7777/7824, 95.8 task/s, elapsed: 81s, ETA:     0s[>>>>>>>>>>>>>>>>>>>>>>>>>> ] 7778/7824, 95.8 task/s, elapsed: 81s, ETA:     0s[>>>>>>>>>>>>>>>>>>>>>>>>>> ] 7779/7824, 95.8 task/s, elapsed: 81s, ETA:     0s[>>>>>>>>>>>>>>>>>>>>>>>>>> ] 7780/7824, 95.8 task/s, elapsed: 81s, ETA:     0s[>>>>>>>>>>>>>>>>>>>>>>>>>> ] 7781/7824, 95.8 task/s, elapsed: 81s, ETA:     0s[>>>>>>>>>>>>>>>>>>>>>>>>>> ] 7782/7824, 95.8 task/s, elapsed: 81s, ETA:     0s[>>>>>>>>>>>>>>>>>>>>>>>>>> ] 7783/7824, 95.8 task/s, elapsed: 81s, ETA:     0s[>>>>>>>>>>>>>>>>>>>>>>>>>> ] 7784/7824, 95.8 task/s, elapsed: 81s, ETA:     0s[>>>>>>>>>>>>>>>>>>>>>>>>>> ] 7785/7824, 95.8 task/s, elapsed: 81s, ETA:     0s[>>>>>>>>>>>>>>>>>>>>>>>>>> ] 7786/7824, 95.8 task/s, elapsed: 81s, ETA:     0s[>>>>>>>>>>>>>>>>>>>>>>>>>> ] 7787/7824, 95.8 task/s, elapsed: 81s, ETA:     0s[>>>>>>>>>>>>>>>>>>>>>>>>>> ] 7788/7824, 95.8 task/s, elapsed: 81s, ETA:     0s[>>>>>>>>>>>>>>>>>>>>>>>>>> ] 7789/7824, 95.8 task/s, elapsed: 81s, ETA:     0s[>>>>>>>>>>>>>>>>>>>>>>>>>> ] 7790/7824, 95.8 task/s, elapsed: 81s, ETA:     0s[>>>>>>>>>>>>>>>>>>>>>>>>>> ] 7791/7824, 95.8 task/s, elapsed: 81s, ETA:     0s[>>>>>>>>>>>>>>>>>>>>>>>>>> ] 7792/7824, 95.9 task/s, elapsed: 81s, ETA:     0s[>>>>>>>>>>>>>>>>>>>>>>>>>> ] 7793/7824, 95.9 task/s, elapsed: 81s, ETA:     0s[>>>>>>>>>>>>>>>>>>>>>>>>>> ] 7794/7824, 95.9 task/s, elapsed: 81s, ETA:     0s[>>>>>>>>>>>>>>>>>>>>>>>>>> ] 7795/7824, 95.9 task/s, elapsed: 81s, ETA:     0s[>>>>>>>>>>>>>>>>>>>>>>>>>> ] 7796/7824, 95.9 task/s, elapsed: 81s, ETA:     0s[>>>>>>>>>>>>>>>>>>>>>>>>>> ] 7797/7824, 95.9 task/s, elapsed: 81s, ETA:     0s[>>>>>>>>>>>>>>>>>>>>>>>>>> ] 7798/7824, 95.9 task/s, elapsed: 81s, ETA:     0s[>>>>>>>>>>>>>>>>>>>>>>>>>> ] 7799/7824, 95.9 task/s, elapsed: 81s, ETA:     0s[>>>>>>>>>>>>>>>>>>>>>>>>>> ] 7800/7824, 95.9 task/s, elapsed: 81s, ETA:     0s[>>>>>>>>>>>>>>>>>>>>>>>>>> ] 7801/7824, 95.9 task/s, elapsed: 81s, ETA:     0s[>>>>>>>>>>>>>>>>>>>>>>>>>> ] 7802/7824, 95.9 task/s, elapsed: 81s, ETA:     0s[>>>>>>>>>>>>>>>>>>>>>>>>>> ] 7803/7824, 95.9 task/s, elapsed: 81s, ETA:     0s[>>>>>>>>>>>>>>>>>>>>>>>>>> ] 7804/7824, 95.9 task/s, elapsed: 81s, ETA:     0s[>>>>>>>>>>>>>>>>>>>>>>>>>> ] 7805/7824, 95.9 task/s, elapsed: 81s, ETA:     0s[>>>>>>>>>>>>>>>>>>>>>>>>>> ] 7806/7824, 95.9 task/s, elapsed: 81s, ETA:     0s[>>>>>>>>>>>>>>>>>>>>>>>>>> ] 7807/7824, 95.9 task/s, elapsed: 81s, ETA:     0s[>>>>>>>>>>>>>>>>>>>>>>>>>> ] 7808/7824, 95.9 task/s, elapsed: 81s, ETA:     0s[>>>>>>>>>>>>>>>>>>>>>>>>>> ] 7809/7824, 95.9 task/s, elapsed: 81s, ETA:     0s[>>>>>>>>>>>>>>>>>>>>>>>>>> ] 7810/7824, 95.9 task/s, elapsed: 81s, ETA:     0s[>>>>>>>>>>>>>>>>>>>>>>>>>> ] 7811/7824, 95.9 task/s, elapsed: 81s, ETA:     0s[>>>>>>>>>>>>>>>>>>>>>>>>>> ] 7812/7824, 95.9 task/s, elapsed: 81s, ETA:     0s[>>>>>>>>>>>>>>>>>>>>>>>>>> ] 7813/7824, 95.9 task/s, elapsed: 81s, ETA:     0s[>>>>>>>>>>>>>>>>>>>>>>>>>> ] 7814/7824, 95.9 task/s, elapsed: 81s, ETA:     0s[>>>>>>>>>>>>>>>>>>>>>>>>>> ] 7815/7824, 95.9 task/s, elapsed: 82s, ETA:     0s[>>>>>>>>>>>>>>>>>>>>>>>>>> ] 7816/7824, 95.9 task/s, elapsed: 82s, ETA:     0s[>>>>>>>>>>>>>>>>>>>>>>>>>> ] 7817/7824, 95.9 task/s, elapsed: 82s, ETA:     0s[>>>>>>>>>>>>>>>>>>>>>>>>>> ] 7818/7824, 95.9 task/s, elapsed: 82s, ETA:     0s[>>>>>>>>>>>>>>>>>>>>>>>>>> ] 7819/7824, 95.9 task/s, elapsed: 82s, ETA:     0s[>>>>>>>>>>>>>>>>>>>>>>>>>> ] 7820/7824, 95.9 task/s, elapsed: 82s, ETA:     0s[>>>>>>>>>>>>>>>>>>>>>>>>>> ] 7821/7824, 95.9 task/s, elapsed: 82s, ETA:     0s[>>>>>>>>>>>>>>>>>>>>>>>>>> ] 7822/7824, 95.9 task/s, elapsed: 82s, ETA:     0s[>>>>>>>>>>>>>>>>>>>>>>>>>> ] 7823/7824, 95.9 task/s, elapsed: 82s, ETA:     0s[>>>>>>>>>>>>>>>>>>>>>>>>>>>] 7824/7824, 95.9 task/s, elapsed: 82s, ETA:     0s2026-06-14 05:00:40,181 - mmdet - INFO - Exp name: wi_tidir_wifi_mamba2_flattened_flow_w1.py
2026-06-14 05:00:40,181 - mmdet - INFO - Epoch(val) [5][7824]	mpjpe: 221.9208, mpjpeh: 107.6884, mpjpev: 130.5733, mpjped: 95.3628, mpjpe_1p: 172.9478, mpjpe_2p: 222.7517, mpjpe_3p: 241.6145, count_1p: 2586, count_2p: 3184, count_3p: 2054, matched_1p: 2585, matched_2p: 3184, matched_3p: 2054, total_gt_persons: 15116, predicted_persons: 782400, matched_persons: 14900, missed_persons: 216, false_positive_persons: 767500, missed_1p: 1, missed_2p: 106, missed_3p: 109, false_positive_1p: 256015, false_positive_2p: 312138, false_positive_3p: 199347, miss_penalty_mm: 500.0000, match_threshold_mm: 500.0000

============================================================
               EVALUATION REPORT
============================================================
MPJPE Overall:   221.92 mm
PJDLE (horiz):   107.69 mm
PJDLE (depth):   130.57 mm
PJDLE (vert):    95.36 mm
------------------------------------------------------------
          MPJPE BY NUMBER OF PERSONS
------------------------------------------------------------
  1-person:  172.95 mm  (n=2586, matched=2585)
  2-person:  222.75 mm  (n=3184, matched=3184)
  3-person:  241.61 mm  (n=2054, matched=2054)
  matched persons: 14900 / 15116
  missed persons:  216 (penalty=500.0 mm)
  match threshold: 500.0 mm
  false positives: 767500
------------------------------------------------------------
          PER-JOINT MPJPE (mm)
------------------------------------------------------------
R_Ankle         | 359.04
R_Wrist         | 331.08
R_Hip           | 263.51
R_Elbow         | 239.17
Neck            | 209.97
L_Shoulder      | 208.55
R_Shoulder      | 204.94
Head            | 197.33
L_Knee          | 190.74
L_Elbow         | 183.38
L_Wrist         | 182.52
R_Knee          | 180.95
L_Hip           | 178.01
L_Ankle         | 177.69
------------------------------------------------------------
          BONE LENGTH ERROR (mm)
------------------------------------------------------------
R_Knee-R_Ankle            | 157.02
R_Elbow-R_Wrist           | 119.37
L_Hip-R_Hip               | 106.11
R_Hip-R_Knee              | 98.29
L_Shoulder-R_Shoulder     | 41.03
R_Shoulder-R_Elbow        | 39.94
L_Shoulder-L_Elbow        | 39.36
L_Hip-L_Knee              | 34.33
L_Knee-L_Ankle            | 31.03
L_Elbow-L_Wrist           | 29.89
============================================================
