/usr/local/envs/opera/lib/python3.10/site-packages/mmcv/__init__.py:20: UserWarning: On January 1, 2023, MMCV will release v2.0.0, in which it will remove components related to the training process and add a data transformation module. In addition, it will rename the package names mmcv to mmcv-lite and mmcv-full to mmcv. See https://github.com/open-mmlab/mmcv/blob/master/docs/en/compatibility.md for more details.
  warnings.warn(
/root/Person-in-WiFi-3D/third_party/mmdet/mmdet/utils/setup_env.py:38: UserWarning: Setting OMP_NUM_THREADS environment variable for each process to be 1 in default, to avoid your system being overloaded, please further tune the variable for optimal performance in your application as needed.
  warnings.warn(
/root/Person-in-WiFi-3D/third_party/mmdet/mmdet/utils/setup_env.py:48: UserWarning: Setting MKL_NUM_THREADS environment variable for each process to be 1 in default, to avoid your system being overloaded, please further tune the variable for optimal performance in your application as needed.
  warnings.warn(
2026-06-14 06:43:28,877 - mmdet - INFO - Environment info:
------------------------------------------------------------
sys.platform: linux
Python: 3.10.19 | packaged by conda-forge | (main, Oct 22 2025, 22:29:10) [GCC 14.3.0]
CUDA available: True
GPU 0: NVIDIA RTX 6000 Ada Generation
CUDA_HOME: /usr/local/envs/opera
NVCC: Cuda compilation tools, release 11.7, V11.7.99
GCC: gcc (Ubuntu 9.4.0-1ubuntu1~20.04.2) 9.4.0
PyTorch: 2.1.0+cu121
PyTorch compiling details: PyTorch built with:
  - GCC 9.3
  - C++ Version: 201703
  - Intel(R) oneAPI Math Kernel Library Version 2022.2-Product Build 20220804 for Intel(R) 64 architecture applications
  - Intel(R) MKL-DNN v3.1.1 (Git Hash 64f6bcbcbab628e96f33a62c3e975f8535a7bde4)
  - OpenMP 201511 (a.k.a. OpenMP 4.5)
  - LAPACK is enabled (usually provided by MKL)
  - NNPACK is enabled
  - CPU capability usage: AVX512
  - CUDA Runtime 12.1
  - NVCC architecture flags: -gencode;arch=compute_50,code=sm_50;-gencode;arch=compute_60,code=sm_60;-gencode;arch=compute_70,code=sm_70;-gencode;arch=compute_75,code=sm_75;-gencode;arch=compute_80,code=sm_80;-gencode;arch=compute_86,code=sm_86;-gencode;arch=compute_90,code=sm_90
  - CuDNN 8.9.2
  - Magma 2.6.1
  - Build settings: BLAS_INFO=mkl, BUILD_TYPE=Release, CUDA_VERSION=12.1, CUDNN_VERSION=8.9.2, CXX_COMPILER=/opt/rh/devtoolset-9/root/usr/bin/c++, CXX_FLAGS= -D_GLIBCXX_USE_CXX11_ABI=0 -fabi-version=11 -fvisibility-inlines-hidden -DUSE_PTHREADPOOL -DNDEBUG -DUSE_KINETO -DLIBKINETO_NOROCTRACER -DUSE_FBGEMM -DUSE_QNNPACK -DUSE_PYTORCH_QNNPACK -DUSE_XNNPACK -DSYMBOLICATE_MOBILE_DEBUG_HANDLE -O2 -fPIC -Wall -Wextra -Werror=return-type -Werror=non-virtual-dtor -Werror=bool-operation -Wnarrowing -Wno-missing-field-initializers -Wno-type-limits -Wno-array-bounds -Wno-unknown-pragmas -Wno-unused-parameter -Wno-unused-function -Wno-unused-result -Wno-strict-overflow -Wno-strict-aliasing -Wno-stringop-overflow -Wno-psabi -Wno-error=pedantic -Wno-error=old-style-cast -Wno-invalid-partial-specialization -Wno-unused-private-field -Wno-aligned-allocation-unavailable -Wno-missing-braces -fdiagnostics-color=always -faligned-new -Wno-unused-but-set-variable -Wno-maybe-uninitialized -fno-math-errno -fno-trapping-math -Werror=format -Werror=cast-function-type -Wno-stringop-overflow, LAPACK_INFO=mkl, PERF_WITH_AVX=1, PERF_WITH_AVX2=1, PERF_WITH_AVX512=1, TORCH_DISABLE_GPU_ASSERTS=ON, TORCH_VERSION=2.1.0, USE_CUDA=ON, USE_CUDNN=ON, USE_EXCEPTION_PTR=1, USE_GFLAGS=OFF, USE_GLOG=OFF, USE_MKL=ON, USE_MKLDNN=ON, USE_MPI=OFF, USE_NCCL=1, USE_NNPACK=ON, USE_OPENMP=ON, USE_ROCM=OFF, 

TorchVision: 0.16.0+cu121
OpenCV: 4.9.0
MMCV: 1.7.2
MMCV Compiler: GCC 9.3
MMCV CUDA Compiler: 11.8
MMDetection: 2.25.0+e529caa
------------------------------------------------------------

2026-06-14 06:43:29,343 - mmdet - INFO - Distributed training: False
2026-06-14 06:43:29,837 - mmdet - INFO - Config:
dataset_type = 'opera.WifiPoseDataset'
data_root = 'data/wifipose'
meta_keys = []
train_pipeline = [
    dict(
        type='opera.DefaultFormatBundle',
        extra_keys=['gt_keypoints', 'gt_labels']),
    dict(
        type='mmdet.Collect',
        keys=['img', 'gt_bboxes', 'gt_labels', 'gt_keypoints', 'gt_areas'],
        meta_keys=[])
]
test_pipeline = [
    dict(
        type='mmdet.MultiScaleFlipAug',
        scale_factor=1.0,
        flip=False,
        transforms=[
            dict(
                type='opera.DefaultFormatBundle',
                extra_keys=['gt_keypoints', 'gt_labels']),
            dict(type='mmdet.Collect', keys=['img'], meta_keys=[])
        ])
]
data = dict(
    samples_per_gpu=32,
    workers_per_gpu=2,
    train=dict(
        type='opera.WifiPoseDataset',
        dataset_root='data/wifipose/train_data',
        pipeline=[
            dict(
                type='opera.DefaultFormatBundle',
                extra_keys=['gt_keypoints', 'gt_labels']),
            dict(
                type='mmdet.Collect',
                keys=[
                    'img', 'gt_bboxes', 'gt_labels', 'gt_keypoints', 'gt_areas'
                ],
                meta_keys=[])
        ],
        mode='train'),
    val=dict(
        type='opera.WifiPoseDataset',
        dataset_root='data/wifipose/test_data',
        pipeline=[
            dict(
                type='mmdet.MultiScaleFlipAug',
                scale_factor=1.0,
                flip=False,
                transforms=[
                    dict(
                        type='opera.DefaultFormatBundle',
                        extra_keys=['gt_keypoints', 'gt_labels']),
                    dict(type='mmdet.Collect', keys=['img'], meta_keys=[])
                ])
        ],
        mode='test'),
    test=dict(
        type='opera.WifiPoseDataset',
        dataset_root='data/wifipose/test_data',
        pipeline=[
            dict(
                type='mmdet.MultiScaleFlipAug',
                scale_factor=1.0,
                flip=False,
                transforms=[
                    dict(
                        type='opera.DefaultFormatBundle',
                        extra_keys=['gt_keypoints', 'gt_labels']),
                    dict(type='mmdet.Collect', keys=['img'], meta_keys=[])
                ])
        ],
        mode='test'))
evaluation = dict(interval=5, metric='mpjpe')
checkpoint_config = dict(interval=5, max_keep_ckpts=20)
log_config = dict(interval=50, hooks=[dict(type='TextLoggerHook')])
custom_hooks = [
    dict(type='NumClassCheckHook'),
    dict(
        type='BoneLossWarmupHook',
        target_weight=1.0,
        warmup_ratio=0.1,
        ramp_ratio=0.1)
]
dist_params = dict(backend='nccl')
log_level = 'INFO'
load_from = None
resume_from = None
workflow = [('train', 1)]
opencv_num_threads = 0
mp_start_method = 'fork'
auto_scale_lr = dict(enable=False, base_batch_size=16)
model = dict(
    type='opera.PETR',
    backbone=dict(
        type='WifiInputAdapter',
        in_channels=60,
        embed_dims=256,
        mode='spectral'),
    neck=None,
    bbox_head=dict(
        type='opera.WiTiDARHead',
        num_query=100,
        num_classes=1,
        in_channels=256,
        sync_cls_avg_factor=True,
        with_kpt_refine=True,
        as_two_stage=True,
        num_keypoints=14,
        transformer=dict(
            type='opera.PETRTransformer',
            num_keypoints=14,
            encoder=dict(
                type='mmcv.DetrTransformerEncoder',
                num_layers=6,
                transformerlayers=dict(
                    type='mmcv.BaseTransformerLayer',
                    attn_cfgs=dict(
                        type='mmcv.MultiheadAttention',
                        embed_dims=256,
                        num_heads=8,
                        dropout=0.1),
                    feedforward_channels=1024,
                    ffn_dropout=0.1,
                    operation_order=('self_attn', 'norm', 'ffn', 'norm'))),
            decoder=dict(
                type='opera.PetrTransformerDecoder',
                num_layers=3,
                num_keypoints=14,
                return_intermediate=True,
                transformerlayers=dict(
                    type='mmcv.DetrTransformerDecoderLayer',
                    attn_cfgs=[
                        dict(
                            type='mmcv.MultiheadAttention',
                            embed_dims=256,
                            num_heads=8,
                            dropout=0.1),
                        dict(
                            type='mmcv.MultiheadAttention',
                            embed_dims=256,
                            num_heads=8,
                            dropout=0.1)
                    ],
                    feedforward_channels=1024,
                    ffn_dropout=0.1,
                    operation_order=('self_attn', 'norm', 'cross_attn', 'norm',
                                     'ffn', 'norm'))),
            refine_decoder=dict(
                type='opera.PetrRefineTransformerDecoder',
                num_layers=2,
                return_intermediate=True,
                transformerlayers=dict(
                    type='mmcv.DetrTransformerDecoderLayer',
                    attn_cfgs=[
                        dict(
                            type='mmcv.MultiheadAttention',
                            embed_dims=256,
                            num_heads=8,
                            dropout=0.1),
                        dict(
                            type='mmcv.MultiheadAttention',
                            embed_dims=256,
                            num_heads=8,
                            dropout=0.1)
                    ],
                    feedforward_channels=1024,
                    ffn_dropout=0.1,
                    operation_order=('self_attn', 'norm', 'cross_attn', 'norm',
                                     'ffn', 'norm')))),
        positional_encoding=dict(
            type='mmcv.SinePositionalEncoding',
            num_feats=128,
            normalize=True,
            offset=-0.5),
        loss_cls=dict(
            type='mmdet.FocalLoss',
            use_sigmoid=True,
            gamma=2.0,
            alpha=0.25,
            loss_weight=2.0),
        loss_kpt=dict(type='mmdet.L1Loss', loss_weight=5.0),
        loss_bone=dict(type='BoneLengthLoss', loss_weight=2.0),
        loss_kpt_rpn=dict(type='mmdet.MSELoss', loss_weight=35.0),
        loss_oks=dict(type='opera.OKSLoss', loss_weight=2.0),
        loss_hm=dict(type='opera.CenterFocalLoss', loss_weight=4.0),
        loss_kpt_refine=dict(type='mmdet.MSELoss', loss_weight=35.0),
        loss_oks_refine=dict(type='opera.OKSLoss', loss_weight=3.0),
        embed_dims=256,
        mamba_cfg=dict(
            type='WiMamba2CSIEncoder',
            embed_dims=256,
            num_layers=3,
            d_state=64,
            d_conv=4,
            expand=2,
            headdim=64,
            dropout=0.1,
            routes=('time_major', ),
            fusion='mean',
            use_pos_embed=False,
            final_attn=False),
        flow_refine_mode='rectified_flow',
        flow_num_steps=1,
        flow_noise_strength=0.1,
        loss_flow_weight=5.0,
        train_cfg=dict(
            assigner=dict(
                type='opera.PoseHungarianAssigner',
                cls_cost=dict(type='mmdet.FocalLossCost', weight=2.0),
                kpt_cost=dict(type='opera.KptL1Cost', weight=5.0),
                oks_cost=dict(type='opera.OksCost', weight=0.0))),
        test_cfg=dict(max_per_img=100)),
    train_cfg=dict(
        assigner=dict(
            type='opera.PoseHungarianAssigner',
            cls_cost=dict(type='mmdet.FocalLossCost', weight=4.0),
            kpt_cost=dict(type='opera.KptMSECost', weight=35.0),
            oks_cost=dict(type='opera.OksCost', weight=7.0))),
    test_cfg=dict(max_per_img=100))
optimizer = dict(
    type='AdamW',
    betas=(0.9, 0.999),
    lr=2e-05,
    weight_decay=0.0001,
    paramwise_cfg=dict(
        custom_keys=dict(
            backbone=dict(lr_mult=0.1),
            sampling_offsets=dict(lr_mult=0.1),
            reference_points=dict(lr_mult=0.1))))
optimizer_config = dict(grad_clip=dict(max_norm=0.1, norm_type=2))
lr_config = dict(policy='step', step=[450])
runner = dict(type='EpochBasedRunner', max_epochs=5)
find_unused_parameters = True
work_dir = 'work_dirs/m9_flow_step2_ablation/T_FW5'
auto_resume = False
gpu_ids = [0]

2026-06-14 06:43:29,838 - mmdet - INFO - Set random seed to 42, deterministic: True
2026-06-14 06:43:29,891 - mmcv - INFO - 
backbone.head.weight - torch.Size([256, 60]): 
The value is the same before and after calling `init_weights` of PETR  
 
2026-06-14 06:43:29,891 - mmcv - INFO - 
backbone.head.bias - torch.Size([256]): 
The value is the same before and after calling `init_weights` of PETR  
 
2026-06-14 06:43:29,891 - mmcv - INFO - 
backbone.time_conv.weight - torch.Size([256, 1, 5]): 
The value is the same before and after calling `init_weights` of PETR  
 
2026-06-14 06:43:29,891 - mmcv - INFO - 
backbone.time_conv.bias - torch.Size([256]): 
The value is the same before and after calling `init_weights` of PETR  
 
2026-06-14 06:43:29,891 - mmcv - INFO - 
backbone.freq_gate.0.weight - torch.Size([22, 11]): 
The value is the same before and after calling `init_weights` of PETR  
 
2026-06-14 06:43:29,891 - mmcv - INFO - 
backbone.freq_gate.0.bias - torch.Size([22]): 
The value is the same before and after calling `init_weights` of PETR  
 
2026-06-14 06:43:29,891 - mmcv - INFO - 
backbone.freq_gate.2.weight - torch.Size([20, 22]): 
The value is the same before and after calling `init_weights` of PETR  
 
2026-06-14 06:43:29,891 - mmcv - INFO - 
backbone.freq_gate.2.bias - torch.Size([20]): 
The value is the same before and after calling `init_weights` of PETR  
 
2026-06-14 06:43:29,891 - mmcv - INFO - 
backbone.channel_proj.weight - torch.Size([256, 256]): 
The value is the same before and after calling `init_weights` of PETR  
 
2026-06-14 06:43:29,892 - mmcv - INFO - 
backbone.channel_proj.bias - torch.Size([256]): 
The value is the same before and after calling `init_weights` of PETR  
 
2026-06-14 06:43:29,892 - mmcv - INFO - 
backbone.norm.weight - torch.Size([256]): 
The value is the same before and after calling `init_weights` of PETR  
 
2026-06-14 06:43:29,892 - mmcv - INFO - 
backbone.norm.bias - torch.Size([256]): 
The value is the same before and after calling `init_weights` of PETR  
 
2026-06-14 06:43:29,892 - mmcv - INFO - 
bbox_head.encoder.layers.0.norm.weight - torch.Size([256]): 
The value is the same before and after calling `init_weights` of PETR  
 
2026-06-14 06:43:29,892 - mmcv - INFO - 
bbox_head.encoder.layers.0.norm.bias - torch.Size([256]): 
The value is the same before and after calling `init_weights` of PETR  
 
2026-06-14 06:43:29,892 - mmcv - INFO - 
bbox_head.encoder.layers.0.mamba.dt_bias - torch.Size([8]): 
The value is the same before and after calling `init_weights` of PETR  
 
2026-06-14 06:43:29,892 - mmcv - INFO - 
bbox_head.encoder.layers.0.mamba.A_log - torch.Size([8]): 
The value is the same before and after calling `init_weights` of PETR  
 
2026-06-14 06:43:29,892 - mmcv - INFO - 
bbox_head.encoder.layers.0.mamba.D - torch.Size([8]): 
The value is the same before and after calling `init_weights` of PETR  
 
2026-06-14 06:43:29,892 - mmcv - INFO - 
bbox_head.encoder.layers.0.mamba.in_proj.weight - torch.Size([1160, 256]): 
The value is the same before and after calling `init_weights` of PETR  
 
2026-06-14 06:43:29,892 - mmcv - INFO - 
bbox_head.encoder.layers.0.mamba.conv1d.weight - torch.Size([640, 1, 4]): 
The value is the same before and after calling `init_weights` of PETR  
 
2026-06-14 06:43:29,892 - mmcv - INFO - 
bbox_head.encoder.layers.0.mamba.conv1d.bias - torch.Size([640]): 
The value is the same before and after calling `init_weights` of PETR  
 
2026-06-14 06:43:29,892 - mmcv - INFO - 
bbox_head.encoder.layers.0.mamba.norm.weight - torch.Size([512]): 
The value is the same before and after calling `init_weights` of PETR  
 
2026-06-14 06:43:29,892 - mmcv - INFO - 
bbox_head.encoder.layers.0.mamba.out_proj.weight - torch.Size([256, 512]): 
The value is the same before and after calling `init_weights` of PETR  
 
2026-06-14 06:43:29,892 - mmcv - INFO - 
bbox_head.encoder.layers.1.norm.weight - torch.Size([256]): 
The value is the same before and after calling `init_weights` of PETR  
 
2026-06-14 06:43:29,892 - mmcv - INFO - 
bbox_head.encoder.layers.1.norm.bias - torch.Size([256]): 
The value is the same before and after calling `init_weights` of PETR  
 
2026-06-14 06:43:29,892 - mmcv - INFO - 
bbox_head.encoder.layers.1.mamba.dt_bias - torch.Size([8]): 
The value is the same before and after calling `init_weights` of PETR  
 
2026-06-14 06:43:29,892 - mmcv - INFO - 
bbox_head.encoder.layers.1.mamba.A_log - torch.Size([8]): 
The value is the same before and after calling `init_weights` of PETR  
 
2026-06-14 06:43:29,892 - mmcv - INFO - 
bbox_head.encoder.layers.1.mamba.D - torch.Size([8]): 
The value is the same before and after calling `init_weights` of PETR  
 
2026-06-14 06:43:29,892 - mmcv - INFO - 
bbox_head.encoder.layers.1.mamba.in_proj.weight - torch.Size([1160, 256]): 
The value is the same before and after calling `init_weights` of PETR  
 
2026-06-14 06:43:29,892 - mmcv - INFO - 
bbox_head.encoder.layers.1.mamba.conv1d.weight - torch.Size([640, 1, 4]): 
The value is the same before and after calling `init_weights` of PETR  
 
2026-06-14 06:43:29,892 - mmcv - INFO - 
bbox_head.encoder.layers.1.mamba.conv1d.bias - torch.Size([640]): 
The value is the same before and after calling `init_weights` of PETR  
 
2026-06-14 06:43:29,892 - mmcv - INFO - 
bbox_head.encoder.layers.1.mamba.norm.weight - torch.Size([512]): 
The value is the same before and after calling `init_weights` of PETR  
 
2026-06-14 06:43:29,892 - mmcv - INFO - 
bbox_head.encoder.layers.1.mamba.out_proj.weight - torch.Size([256, 512]): 
The value is the same before and after calling `init_weights` of PETR  
 
2026-06-14 06:43:29,892 - mmcv - INFO - 
bbox_head.encoder.layers.2.norm.weight - torch.Size([256]): 
The value is the same before and after calling `init_weights` of PETR  
 
2026-06-14 06:43:29,892 - mmcv - INFO - 
bbox_head.encoder.layers.2.norm.bias - torch.Size([256]): 
The value is the same before and after calling `init_weights` of PETR  
 
2026-06-14 06:43:29,892 - mmcv - INFO - 
bbox_head.encoder.layers.2.mamba.dt_bias - torch.Size([8]): 
The value is the same before and after calling `init_weights` of PETR  
 
2026-06-14 06:43:29,892 - mmcv - INFO - 
bbox_head.encoder.layers.2.mamba.A_log - torch.Size([8]): 
The value is the same before and after calling `init_weights` of PETR  
 
2026-06-14 06:43:29,893 - mmcv - INFO - 
bbox_head.encoder.layers.2.mamba.D - torch.Size([8]): 
The value is the same before and after calling `init_weights` of PETR  
 
2026-06-14 06:43:29,893 - mmcv - INFO - 
bbox_head.encoder.layers.2.mamba.in_proj.weight - torch.Size([1160, 256]): 
The value is the same before and after calling `init_weights` of PETR  
 
2026-06-14 06:43:29,893 - mmcv - INFO - 
bbox_head.encoder.layers.2.mamba.conv1d.weight - torch.Size([640, 1, 4]): 
The value is the same before and after calling `init_weights` of PETR  
 
2026-06-14 06:43:29,893 - mmcv - INFO - 
bbox_head.encoder.layers.2.mamba.conv1d.bias - torch.Size([640]): 
The value is the same before and after calling `init_weights` of PETR  
 
2026-06-14 06:43:29,893 - mmcv - INFO - 
bbox_head.encoder.layers.2.mamba.norm.weight - torch.Size([512]): 
The value is the same before and after calling `init_weights` of PETR  
 
2026-06-14 06:43:29,893 - mmcv - INFO - 
bbox_head.encoder.layers.2.mamba.out_proj.weight - torch.Size([256, 512]): 
The value is the same before and after calling `init_weights` of PETR  
 
2026-06-14 06:43:29,893 - mmcv - INFO - 
bbox_head.encoder.final_norm.weight - torch.Size([256]): 
The value is the same before and after calling `init_weights` of PETR  
 
2026-06-14 06:43:29,893 - mmcv - INFO - 
bbox_head.encoder.final_norm.bias - torch.Size([256]): 
The value is the same before and after calling `init_weights` of PETR  
 
2026-06-14 06:43:29,893 - mmcv - INFO - 
bbox_head.decoder_attn.in_proj_weight - torch.Size([768, 256]): 
The value is the same before and after calling `init_weights` of PETR  
 
2026-06-14 06:43:29,893 - mmcv - INFO - 
bbox_head.decoder_attn.in_proj_bias - torch.Size([768]): 
The value is the same before and after calling `init_weights` of PETR  
 
2026-06-14 06:43:29,893 - mmcv - INFO - 
bbox_head.decoder_attn.out_proj.weight - torch.Size([256, 256]): 
The value is the same before and after calling `init_weights` of PETR  
 
2026-06-14 06:43:29,893 - mmcv - INFO - 
bbox_head.decoder_attn.out_proj.bias - torch.Size([256]): 
The value is the same before and after calling `init_weights` of PETR  
 
2026-06-14 06:43:29,893 - mmcv - INFO - 
bbox_head.query_embedding.weight - torch.Size([100, 256]): 
Initialized by user-defined `init_weights` in WiTiDARHead  
 
2026-06-14 06:43:29,893 - mmcv - INFO - 
bbox_head.decoder_norm.weight - torch.Size([256]): 
The value is the same before and after calling `init_weights` of PETR  
 
2026-06-14 06:43:29,893 - mmcv - INFO - 
bbox_head.decoder_norm.bias - torch.Size([256]): 
The value is the same before and after calling `init_weights` of PETR  
 
2026-06-14 06:43:29,893 - mmcv - INFO - 
bbox_head.draft_regressor.0.weight - torch.Size([256, 256]): 
Initialized by user-defined `init_weights` in WiTiDARHead  
 
2026-06-14 06:43:29,893 - mmcv - INFO - 
bbox_head.draft_regressor.0.bias - torch.Size([256]): 
Initialized by user-defined `init_weights` in WiTiDARHead  
 
2026-06-14 06:43:29,893 - mmcv - INFO - 
bbox_head.draft_regressor.2.weight - torch.Size([256, 256]): 
Initialized by user-defined `init_weights` in WiTiDARHead  
 
2026-06-14 06:43:29,893 - mmcv - INFO - 
bbox_head.draft_regressor.2.bias - torch.Size([256]): 
Initialized by user-defined `init_weights` in WiTiDARHead  
 
2026-06-14 06:43:29,893 - mmcv - INFO - 
bbox_head.draft_regressor.4.weight - torch.Size([42, 256]): 
Initialized by user-defined `init_weights` in WiTiDARHead  
 
2026-06-14 06:43:29,893 - mmcv - INFO - 
bbox_head.draft_regressor.4.bias - torch.Size([42]): 
Initialized by user-defined `init_weights` in WiTiDARHead  
 
2026-06-14 06:43:29,893 - mmcv - INFO - 
bbox_head.cls_head.weight - torch.Size([1, 256]): 
The value is the same before and after calling `init_weights` of PETR  
 
2026-06-14 06:43:29,893 - mmcv - INFO - 
bbox_head.cls_head.bias - torch.Size([1]): 
Initialized by user-defined `init_weights` in WiTiDARHead  
 
2026-06-14 06:43:29,893 - mmcv - INFO - 
bbox_head.flow_model.velocity_net.time_mlp.1.weight - torch.Size([128, 64]): 
The value is the same before and after calling `init_weights` of PETR  
 
2026-06-14 06:43:29,893 - mmcv - INFO - 
bbox_head.flow_model.velocity_net.time_mlp.1.bias - torch.Size([128]): 
The value is the same before and after calling `init_weights` of PETR  
 
2026-06-14 06:43:29,893 - mmcv - INFO - 
bbox_head.flow_model.velocity_net.time_mlp.3.weight - torch.Size([64, 128]): 
The value is the same before and after calling `init_weights` of PETR  
 
2026-06-14 06:43:29,893 - mmcv - INFO - 
bbox_head.flow_model.velocity_net.time_mlp.3.bias - torch.Size([64]): 
The value is the same before and after calling `init_weights` of PETR  
 
2026-06-14 06:43:29,894 - mmcv - INFO - 
bbox_head.flow_model.velocity_net.input_proj.weight - torch.Size([512, 362]): 
The value is the same before and after calling `init_weights` of PETR  
 
2026-06-14 06:43:29,894 - mmcv - INFO - 
bbox_head.flow_model.velocity_net.input_proj.bias - torch.Size([512]): 
The value is the same before and after calling `init_weights` of PETR  
 
2026-06-14 06:43:29,894 - mmcv - INFO - 
bbox_head.flow_model.velocity_net.blocks.0.net.0.weight - torch.Size([512]): 
The value is the same before and after calling `init_weights` of PETR  
 
2026-06-14 06:43:29,894 - mmcv - INFO - 
bbox_head.flow_model.velocity_net.blocks.0.net.0.bias - torch.Size([512]): 
The value is the same before and after calling `init_weights` of PETR  
 
2026-06-14 06:43:29,894 - mmcv - INFO - 
bbox_head.flow_model.velocity_net.blocks.0.net.1.weight - torch.Size([512, 512]): 
The value is the same before and after calling `init_weights` of PETR  
 
2026-06-14 06:43:29,894 - mmcv - INFO - 
bbox_head.flow_model.velocity_net.blocks.0.net.1.bias - torch.Size([512]): 
The value is the same before and after calling `init_weights` of PETR  
 
2026-06-14 06:43:29,894 - mmcv - INFO - 
bbox_head.flow_model.velocity_net.blocks.0.net.4.weight - torch.Size([512, 512]): 
The value is the same before and after calling `init_weights` of PETR  
 
2026-06-14 06:43:29,894 - mmcv - INFO - 
bbox_head.flow_model.velocity_net.blocks.0.net.4.bias - torch.Size([512]): 
The value is the same before and after calling `init_weights` of PETR  
 
2026-06-14 06:43:29,894 - mmcv - INFO - 
bbox_head.flow_model.velocity_net.blocks.1.net.0.weight - torch.Size([512]): 
The value is the same before and after calling `init_weights` of PETR  
 
2026-06-14 06:43:29,894 - mmcv - INFO - 
bbox_head.flow_model.velocity_net.blocks.1.net.0.bias - torch.Size([512]): 
The value is the same before and after calling `init_weights` of PETR  
 
2026-06-14 06:43:29,894 - mmcv - INFO - 
bbox_head.flow_model.velocity_net.blocks.1.net.1.weight - torch.Size([512, 512]): 
The value is the same before and after calling `init_weights` of PETR  
 
2026-06-14 06:43:29,894 - mmcv - INFO - 
bbox_head.flow_model.velocity_net.blocks.1.net.1.bias - torch.Size([512]): 
The value is the same before and after calling `init_weights` of PETR  
 
2026-06-14 06:43:29,894 - mmcv - INFO - 
bbox_head.flow_model.velocity_net.blocks.1.net.4.weight - torch.Size([512, 512]): 
The value is the same before and after calling `init_weights` of PETR  
 
2026-06-14 06:43:29,894 - mmcv - INFO - 
bbox_head.flow_model.velocity_net.blocks.1.net.4.bias - torch.Size([512]): 
The value is the same before and after calling `init_weights` of PETR  
 
2026-06-14 06:43:29,894 - mmcv - INFO - 
bbox_head.flow_model.velocity_net.blocks.2.net.0.weight - torch.Size([512]): 
The value is the same before and after calling `init_weights` of PETR  
 
2026-06-14 06:43:29,894 - mmcv - INFO - 
bbox_head.flow_model.velocity_net.blocks.2.net.0.bias - torch.Size([512]): 
The value is the same before and after calling `init_weights` of PETR  
 
2026-06-14 06:43:29,894 - mmcv - INFO - 
bbox_head.flow_model.velocity_net.blocks.2.net.1.weight - torch.Size([512, 512]): 
The value is the same before and after calling `init_weights` of PETR  
 
2026-06-14 06:43:29,894 - mmcv - INFO - 
bbox_head.flow_model.velocity_net.blocks.2.net.1.bias - torch.Size([512]): 
The value is the same before and after calling `init_weights` of PETR  
 
2026-06-14 06:43:29,894 - mmcv - INFO - 
bbox_head.flow_model.velocity_net.blocks.2.net.4.weight - torch.Size([512, 512]): 
The value is the same before and after calling `init_weights` of PETR  
 
2026-06-14 06:43:29,894 - mmcv - INFO - 
bbox_head.flow_model.velocity_net.blocks.2.net.4.bias - torch.Size([512]): 
The value is the same before and after calling `init_weights` of PETR  
 
2026-06-14 06:43:29,894 - mmcv - INFO - 
bbox_head.flow_model.velocity_net.output_norm.weight - torch.Size([512]): 
The value is the same before and after calling `init_weights` of PETR  
 
2026-06-14 06:43:29,894 - mmcv - INFO - 
bbox_head.flow_model.velocity_net.output_norm.bias - torch.Size([512]): 
The value is the same before and after calling `init_weights` of PETR  
 
2026-06-14 06:43:29,894 - mmcv - INFO - 
bbox_head.flow_model.velocity_net.final_linear.weight - torch.Size([42, 512]): 
The value is the same before and after calling `init_weights` of PETR  
 
2026-06-14 06:43:29,894 - mmcv - INFO - 
bbox_head.flow_model.velocity_net.final_linear.bias - torch.Size([42]): 
The value is the same before and after calling `init_weights` of PETR  
 
2026-06-14 06:43:30,042 - mmdet - INFO - Automatic scaling of learning rate (LR) has been disabled.
2026-06-14 06:43:30,048 - mmdet - INFO - Start running, host: root@46a3f357d26a, work_dir: /root/Person-in-WiFi-3D/work_dirs/m9_flow_step2_ablation/T_FW5
2026-06-14 06:43:30,048 - mmdet - INFO - Hooks will be executed in the following order:
before_run:
(VERY_HIGH   ) StepLrUpdaterHook                  
(NORMAL      ) LatestCheckpointHook               
(LOW         ) EvalHook                           
(VERY_LOW    ) TextLoggerHook                     
 -------------------- 
before_train_epoch:
(VERY_HIGH   ) StepLrUpdaterHook                  
(NORMAL      ) NumClassCheckHook                  
(NORMAL      ) BoneLossWarmupHook                 
(LOW         ) IterTimerHook                      
(LOW         ) EvalHook                           
(VERY_LOW    ) TextLoggerHook                     
 -------------------- 
before_train_iter:
(VERY_HIGH   ) StepLrUpdaterHook                  
(LOW         ) IterTimerHook                      
(LOW         ) EvalHook                           
 -------------------- 
after_train_iter:
(ABOVE_NORMAL) OptimizerHook                      
(NORMAL      ) LatestCheckpointHook               
(LOW         ) IterTimerHook                      
(LOW         ) EvalHook                           
(VERY_LOW    ) TextLoggerHook                     
 -------------------- 
after_train_epoch:
(NORMAL      ) LatestCheckpointHook               
(LOW         ) EvalHook                           
(VERY_LOW    ) TextLoggerHook                     
 -------------------- 
before_val_epoch:
(NORMAL      ) NumClassCheckHook                  
(LOW         ) IterTimerHook                      
(VERY_LOW    ) TextLoggerHook                     
 -------------------- 
before_val_iter:
(LOW         ) IterTimerHook                      
 -------------------- 
after_val_iter:
(LOW         ) IterTimerHook                      
 -------------------- 
after_val_epoch:
(VERY_LOW    ) TextLoggerHook                     
 -------------------- 
after_run:
(VERY_LOW    ) TextLoggerHook                     
 -------------------- 
2026-06-14 06:43:30,048 - mmdet - INFO - workflow: [('train', 1)], max: 5 epochs
2026-06-14 06:43:30,049 - mmdet - INFO - Checkpoints will be saved to /root/Person-in-WiFi-3D/work_dirs/m9_flow_step2_ablation/T_FW5 by HardDiskBackend.
2026-06-14 06:43:30,049 - mmdet - INFO - [BoneLossWarmup] Epoch 1/5 | Warmup: 1e, Ramp: 1e | Bone weight -> 0.0000
>>> Successfully patched mmcv._get_stream for PyTorch 2.0 compatibility.
[WiTiDARHead] Loaded gt_bone_stats.json from /root/Person-in-WiFi-3D/gt_bone_stats.json
/usr/local/envs/opera/lib/python3.10/site-packages/mamba_ssm/ops/triton/ssd_chunk_state.py:845: UserWarning: cumsum_cuda_kernel does not have a deterministic implementation, but you set 'torch.use_deterministic_algorithms(True, warn_only=True)'. You can file an issue at https://github.com/pytorch/pytorch/issues to help us prioritize adding deterministic support for this operation. (Triggered internally at ../aten/src/ATen/Context.cpp:71.)
  torch.cumsum(ddA_cumsum, dim=-1, out=ddA_cumsum)
/usr/local/envs/opera/lib/python3.10/site-packages/mamba_ssm/ops/triton/ssd_combined.py:437: UserWarning: cumsum_cuda_kernel does not have a deterministic implementation, but you set 'torch.use_deterministic_algorithms(True, warn_only=True)'. You can file an issue at https://github.com/pytorch/pytorch/issues to help us prioritize adding deterministic support for this operation. (Triggered internally at ../aten/src/ATen/Context.cpp:71.)
  ddA_prev = ddA_cumsum_prev.flip([-1]).cumsum(dim=-1).flip([-1])
2026-06-14 06:44:01,257 - mmdet - INFO - Epoch [1][50/2811]	lr: 2.000e-06, eta: 2:25:41, time: 0.624, data_time: 0.071, memory: 693, loss_cls: 2.1006, loss_kpt: 367.2119, loss_flow: 19.2502, loss_bone: 0.0000, loss: 388.5626, grad_norm: 687.8315
2026-06-14 06:44:19,036 - mmdet - INFO - Epoch [1][100/2811]	lr: 2.000e-06, eta: 1:53:55, time: 0.356, data_time: 0.019, memory: 693, loss_cls: 2.2985, loss_kpt: 229.0681, loss_flow: 6.9515, loss_bone: 0.0000, loss: 238.3181, grad_norm: 523.4227
2026-06-14 06:44:39,375 - mmdet - INFO - Epoch [1][150/2811]	lr: 2.000e-06, eta: 1:47:06, time: 0.407, data_time: 0.021, memory: 693, loss_cls: 2.0598, loss_kpt: 148.9248, loss_flow: 2.6757, loss_bone: 0.0000, loss: 153.6602, grad_norm: 470.1028
2026-06-14 06:44:59,540 - mmdet - INFO - Epoch [1][200/2811]	lr: 2.000e-06, eta: 1:43:19, time: 0.403, data_time: 0.021, memory: 693, loss_cls: 1.7521, loss_kpt: 102.2495, loss_flow: 1.9458, loss_bone: 0.0000, loss: 105.9475, grad_norm: 359.1188
2026-06-14 06:45:19,788 - mmdet - INFO - Epoch [1][250/2811]	lr: 2.000e-06, eta: 1:40:59, time: 0.405, data_time: 0.020, memory: 693, loss_cls: 1.2542, loss_kpt: 92.7976, loss_flow: 1.2030, loss_bone: 0.0000, loss: 95.2548, grad_norm: 299.0788
2026-06-14 06:45:41,163 - mmdet - INFO - Epoch [1][300/2811]	lr: 2.000e-06, eta: 1:40:11, time: 0.428, data_time: 0.021, memory: 693, loss_cls: 0.9874, loss_kpt: 91.0446, loss_flow: 0.6961, loss_bone: 0.0000, loss: 92.7282, grad_norm: 331.8591
2026-06-14 06:46:02,216 - mmdet - INFO - Epoch [1][350/2811]	lr: 2.000e-06, eta: 1:39:18, time: 0.421, data_time: 0.021, memory: 693, loss_cls: 0.9508, loss_kpt: 89.5552, loss_flow: 0.5202, loss_bone: 0.0000, loss: 91.0262, grad_norm: 381.6793
2026-06-14 06:46:24,881 - mmdet - INFO - Epoch [1][400/2811]	lr: 2.000e-06, eta: 1:39:28, time: 0.453, data_time: 0.020, memory: 693, loss_cls: 0.9327, loss_kpt: 86.8754, loss_flow: 0.4174, loss_bone: 0.0000, loss: 88.2256, grad_norm: 425.6830
2026-06-14 06:46:44,847 - mmdet - INFO - Epoch [1][450/2811]	lr: 2.000e-06, eta: 1:38:09, time: 0.399, data_time: 0.021, memory: 693, loss_cls: 0.9223, loss_kpt: 81.8502, loss_flow: 0.3899, loss_bone: 0.0000, loss: 83.1623, grad_norm: 536.6479
2026-06-14 06:47:05,939 - mmdet - INFO - Epoch [1][500/2811]	lr: 2.000e-06, eta: 1:37:32, time: 0.422, data_time: 0.021, memory: 693, loss_cls: 0.9182, loss_kpt: 74.5319, loss_flow: 0.3698, loss_bone: 0.0000, loss: 75.8200, grad_norm: 713.2055
2026-06-14 06:47:27,136 - mmdet - INFO - Epoch [1][550/2811]	lr: 2.000e-06, eta: 1:37:01, time: 0.424, data_time: 0.021, memory: 693, loss_cls: 0.9396, loss_kpt: 59.8563, loss_flow: 0.4188, loss_bone: 0.0000, loss: 61.2147, grad_norm: 1031.1827
2026-06-14 06:47:47,531 - mmdet - INFO - Epoch [1][600/2811]	lr: 2.000e-06, eta: 1:36:13, time: 0.408, data_time: 0.021, memory: 693, loss_cls: 0.8887, loss_kpt: 51.6139, loss_flow: 0.3986, loss_bone: 0.0000, loss: 52.9012, grad_norm: 1286.2093
2026-06-14 06:48:07,683 - mmdet - INFO - Epoch [1][650/2811]	lr: 2.000e-06, eta: 1:35:25, time: 0.403, data_time: 0.021, memory: 693, loss_cls: 0.8403, loss_kpt: 48.7252, loss_flow: 0.3642, loss_bone: 0.0000, loss: 49.9297, grad_norm: 1280.7004
2026-06-14 06:48:26,220 - mmdet - INFO - Epoch [1][700/2811]	lr: 2.000e-06, eta: 1:34:10, time: 0.371, data_time: 0.020, memory: 693, loss_cls: 0.8106, loss_kpt: 46.8605, loss_flow: 0.3452, loss_bone: 0.0000, loss: 48.0163, grad_norm: 1330.0523
2026-06-14 06:48:46,087 - mmdet - INFO - Epoch [1][750/2811]	lr: 2.000e-06, eta: 1:33:26, time: 0.397, data_time: 0.020, memory: 693, loss_cls: 0.7953, loss_kpt: 46.0686, loss_flow: 0.3291, loss_bone: 0.0000, loss: 47.1930, grad_norm: 1260.9963
2026-06-14 06:49:05,144 - mmdet - INFO - Epoch [1][800/2811]	lr: 2.000e-06, eta: 1:32:32, time: 0.381, data_time: 0.020, memory: 693, loss_cls: 0.7750, loss_kpt: 45.3887, loss_flow: 0.3229, loss_bone: 0.0000, loss: 46.4865, grad_norm: 1385.6691
2026-06-14 06:49:22,327 - mmdet - INFO - Epoch [1][850/2811]	lr: 2.000e-06, eta: 1:31:12, time: 0.344, data_time: 0.018, memory: 693, loss_cls: 0.7655, loss_kpt: 43.3755, loss_flow: 0.3062, loss_bone: 0.0000, loss: 44.4472, grad_norm: 1347.7235
2026-06-14 06:49:41,939 - mmdet - INFO - Epoch [1][900/2811]	lr: 2.000e-06, eta: 1:30:35, time: 0.392, data_time: 0.020, memory: 693, loss_cls: 0.7575, loss_kpt: 43.2252, loss_flow: 0.2966, loss_bone: 0.0000, loss: 44.2793, grad_norm: 1292.4528
2026-06-14 06:50:02,752 - mmdet - INFO - Epoch [1][950/2811]	lr: 2.000e-06, eta: 1:30:17, time: 0.416, data_time: 0.021, memory: 693, loss_cls: 0.7411, loss_kpt: 42.4274, loss_flow: 0.2903, loss_bone: 0.0000, loss: 43.4588, grad_norm: 1146.2996
2026-06-14 06:50:23,027 - mmdet - INFO - Exp name: wi_tidir_wifi_mamba2_flattened_flow_w5.py
2026-06-14 06:50:23,027 - mmdet - INFO - Epoch [1][1000/2811]	lr: 2.000e-06, eta: 1:29:51, time: 0.406, data_time: 0.019, memory: 693, loss_cls: 0.7331, loss_kpt: 41.7061, loss_flow: 0.2911, loss_bone: 0.0000, loss: 42.7303, grad_norm: 1307.6663
2026-06-14 06:50:43,128 - mmdet - INFO - Epoch [1][1050/2811]	lr: 2.000e-06, eta: 1:29:23, time: 0.402, data_time: 0.020, memory: 693, loss_cls: 0.7299, loss_kpt: 40.1083, loss_flow: 0.2781, loss_bone: 0.0000, loss: 41.1162, grad_norm: 1304.7706
2026-06-14 06:51:03,247 - mmdet - INFO - Epoch [1][1100/2811]	lr: 2.000e-06, eta: 1:28:57, time: 0.402, data_time: 0.020, memory: 693, loss_cls: 0.7210, loss_kpt: 37.7383, loss_flow: 0.2654, loss_bone: 0.0000, loss: 38.7247, grad_norm: 1340.2060
2026-06-14 06:51:23,360 - mmdet - INFO - Epoch [1][1150/2811]	lr: 2.000e-06, eta: 1:28:31, time: 0.402, data_time: 0.021, memory: 693, loss_cls: 0.7147, loss_kpt: 36.6711, loss_flow: 0.2541, loss_bone: 0.0000, loss: 37.6399, grad_norm: 1334.3561
2026-06-14 06:51:44,836 - mmdet - INFO - Epoch [1][1200/2811]	lr: 2.000e-06, eta: 1:28:20, time: 0.430, data_time: 0.021, memory: 693, loss_cls: 0.7082, loss_kpt: 35.4787, loss_flow: 0.2468, loss_bone: 0.0000, loss: 36.4337, grad_norm: 1342.3662
2026-06-14 06:52:05,954 - mmdet - INFO - Epoch [1][1250/2811]	lr: 2.000e-06, eta: 1:28:04, time: 0.422, data_time: 0.021, memory: 693, loss_cls: 0.7066, loss_kpt: 34.8876, loss_flow: 0.2439, loss_bone: 0.0000, loss: 35.8381, grad_norm: 1464.1791
2026-06-14 06:52:27,063 - mmdet - INFO - Epoch [1][1300/2811]	lr: 2.000e-06, eta: 1:27:48, time: 0.422, data_time: 0.021, memory: 693, loss_cls: 0.7008, loss_kpt: 33.9757, loss_flow: 0.2335, loss_bone: 0.0000, loss: 34.9100, grad_norm: 1294.7002
2026-06-14 06:52:50,384 - mmdet - INFO - Epoch [1][1350/2811]	lr: 2.000e-06, eta: 1:27:53, time: 0.466, data_time: 0.020, memory: 693, loss_cls: 0.7002, loss_kpt: 33.7917, loss_flow: 0.2327, loss_bone: 0.0000, loss: 34.7247, grad_norm: 1285.1451
2026-06-14 06:53:12,949 - mmdet - INFO - Epoch [1][1400/2811]	lr: 2.000e-06, eta: 1:27:48, time: 0.451, data_time: 0.021, memory: 693, loss_cls: 0.6982, loss_kpt: 32.1739, loss_flow: 0.2215, loss_bone: 0.0000, loss: 33.0935, grad_norm: 1213.3596
2026-06-14 06:53:36,295 - mmdet - INFO - Epoch [1][1450/2811]	lr: 2.000e-06, eta: 1:27:50, time: 0.467, data_time: 0.021, memory: 693, loss_cls: 0.6945, loss_kpt: 32.0818, loss_flow: 0.2198, loss_bone: 0.0000, loss: 32.9962, grad_norm: 1324.3101
2026-06-14 06:53:57,343 - mmdet - INFO - Epoch [1][1500/2811]	lr: 2.000e-06, eta: 1:27:30, time: 0.421, data_time: 0.021, memory: 693, loss_cls: 0.6919, loss_kpt: 31.9114, loss_flow: 0.2132, loss_bone: 0.0000, loss: 32.8165, grad_norm: 1277.8148
2026-06-14 06:54:20,873 - mmdet - INFO - Epoch [1][1550/2811]	lr: 2.000e-06, eta: 1:27:30, time: 0.471, data_time: 0.021, memory: 693, loss_cls: 0.6898, loss_kpt: 31.1345, loss_flow: 0.2095, loss_bone: 0.0000, loss: 32.0337, grad_norm: 1149.3671
2026-06-14 06:54:41,792 - mmdet - INFO - Epoch [1][1600/2811]	lr: 2.000e-06, eta: 1:27:09, time: 0.418, data_time: 0.020, memory: 693, loss_cls: 0.6919, loss_kpt: 30.1644, loss_flow: 0.2052, loss_bone: 0.0000, loss: 31.0616, grad_norm: 1035.0427
2026-06-14 06:55:04,212 - mmdet - INFO - Epoch [1][1650/2811]	lr: 2.000e-06, eta: 1:26:58, time: 0.448, data_time: 0.020, memory: 693, loss_cls: 0.6861, loss_kpt: 29.7347, loss_flow: 0.1974, loss_bone: 0.0000, loss: 30.6182, grad_norm: 1052.8674
2026-06-14 06:55:25,507 - mmdet - INFO - Epoch [1][1700/2811]	lr: 2.000e-06, eta: 1:26:39, time: 0.426, data_time: 0.021, memory: 693, loss_cls: 0.6872, loss_kpt: 29.4440, loss_flow: 0.1967, loss_bone: 0.0000, loss: 30.3278, grad_norm: 1127.1543
2026-06-14 06:55:46,815 - mmdet - INFO - Epoch [1][1750/2811]	lr: 2.000e-06, eta: 1:26:20, time: 0.426, data_time: 0.021, memory: 693, loss_cls: 0.6871, loss_kpt: 28.8782, loss_flow: 0.1953, loss_bone: 0.0000, loss: 29.7605, grad_norm: 933.6227
2026-06-14 06:56:09,019 - mmdet - INFO - Epoch [1][1800/2811]	lr: 2.000e-06, eta: 1:26:07, time: 0.444, data_time: 0.021, memory: 693, loss_cls: 0.6784, loss_kpt: 29.3751, loss_flow: 0.1953, loss_bone: 0.0000, loss: 30.2488, grad_norm: 1111.1764
2026-06-14 06:56:30,155 - mmdet - INFO - Epoch [1][1850/2811]	lr: 2.000e-06, eta: 1:25:46, time: 0.423, data_time: 0.021, memory: 693, loss_cls: 0.6839, loss_kpt: 28.1730, loss_flow: 0.1876, loss_bone: 0.0000, loss: 29.0444, grad_norm: 1025.4977
2026-06-14 06:56:51,211 - mmdet - INFO - Epoch [1][1900/2811]	lr: 2.000e-06, eta: 1:25:25, time: 0.421, data_time: 0.021, memory: 693, loss_cls: 0.6865, loss_kpt: 28.5977, loss_flow: 0.1937, loss_bone: 0.0000, loss: 29.4779, grad_norm: 978.6364
2026-06-14 06:57:13,142 - mmdet - INFO - Epoch [1][1950/2811]	lr: 2.000e-06, eta: 1:25:09, time: 0.439, data_time: 0.021, memory: 693, loss_cls: 0.6817, loss_kpt: 28.2803, loss_flow: 0.1878, loss_bone: 0.0000, loss: 29.1499, grad_norm: 968.0882
2026-06-14 06:57:35,999 - mmdet - INFO - Exp name: wi_tidir_wifi_mamba2_flattened_flow_w5.py
2026-06-14 06:57:36,000 - mmdet - INFO - Epoch [1][2000/2811]	lr: 2.000e-06, eta: 1:24:58, time: 0.457, data_time: 0.020, memory: 693, loss_cls: 0.6774, loss_kpt: 28.3506, loss_flow: 0.1893, loss_bone: 0.0000, loss: 29.2173, grad_norm: 956.8935
2026-06-14 06:57:56,630 - mmdet - INFO - Epoch [1][2050/2811]	lr: 2.000e-06, eta: 1:24:34, time: 0.413, data_time: 0.021, memory: 693, loss_cls: 0.6806, loss_kpt: 27.7989, loss_flow: 0.1851, loss_bone: 0.0000, loss: 28.6646, grad_norm: 979.6368
2026-06-14 06:58:16,708 - mmdet - INFO - Epoch [1][2100/2811]	lr: 2.000e-06, eta: 1:24:07, time: 0.402, data_time: 0.020, memory: 693, loss_cls: 0.6732, loss_kpt: 27.5438, loss_flow: 0.1816, loss_bone: 0.0000, loss: 28.3987, grad_norm: 852.2605
2026-06-14 06:58:37,663 - mmdet - INFO - Epoch [1][2150/2811]	lr: 2.000e-06, eta: 1:23:45, time: 0.419, data_time: 0.021, memory: 693, loss_cls: 0.6734, loss_kpt: 27.6334, loss_flow: 0.1819, loss_bone: 0.0000, loss: 28.4888, grad_norm: 823.9681
2026-06-14 06:58:58,543 - mmdet - INFO - Epoch [1][2200/2811]	lr: 2.000e-06, eta: 1:23:23, time: 0.418, data_time: 0.020, memory: 693, loss_cls: 0.6705, loss_kpt: 27.1670, loss_flow: 0.1806, loss_bone: 0.0000, loss: 28.0180, grad_norm: 763.3197
2026-06-14 06:59:19,015 - mmdet - INFO - Epoch [1][2250/2811]	lr: 2.000e-06, eta: 1:22:58, time: 0.409, data_time: 0.022, memory: 693, loss_cls: 0.6673, loss_kpt: 27.1067, loss_flow: 0.1778, loss_bone: 0.0000, loss: 27.9518, grad_norm: 853.3716
2026-06-14 06:59:42,368 - mmdet - INFO - Epoch [1][2300/2811]	lr: 2.000e-06, eta: 1:22:49, time: 0.467, data_time: 0.021, memory: 693, loss_cls: 0.6730, loss_kpt: 26.9755, loss_flow: 0.1748, loss_bone: 0.0000, loss: 27.8234, grad_norm: 821.6403
2026-06-14 07:00:03,868 - mmdet - INFO - Epoch [1][2350/2811]	lr: 2.000e-06, eta: 1:22:30, time: 0.430, data_time: 0.020, memory: 693, loss_cls: 0.6721, loss_kpt: 26.5802, loss_flow: 0.1720, loss_bone: 0.0000, loss: 27.4243, grad_norm: 761.3379
2026-06-14 07:00:25,343 - mmdet - INFO - Epoch [1][2400/2811]	lr: 2.000e-06, eta: 1:22:10, time: 0.429, data_time: 0.020, memory: 693, loss_cls: 0.6685, loss_kpt: 26.3787, loss_flow: 0.1713, loss_bone: 0.0000, loss: 27.2184, grad_norm: 696.7961
2026-06-14 07:00:48,348 - mmdet - INFO - Epoch [1][2450/2811]	lr: 2.000e-06, eta: 1:21:58, time: 0.460, data_time: 0.020, memory: 693, loss_cls: 0.6599, loss_kpt: 26.7006, loss_flow: 0.1705, loss_bone: 0.0000, loss: 27.5309, grad_norm: 723.1361
2026-06-14 07:01:08,601 - mmdet - INFO - Epoch [1][2500/2811]	lr: 2.000e-06, eta: 1:21:32, time: 0.405, data_time: 0.021, memory: 693, loss_cls: 0.6629, loss_kpt: 26.4261, loss_flow: 0.1683, loss_bone: 0.0000, loss: 27.2574, grad_norm: 688.6321
2026-06-14 07:01:28,744 - mmdet - INFO - Epoch [1][2550/2811]	lr: 2.000e-06, eta: 1:21:06, time: 0.403, data_time: 0.020, memory: 693, loss_cls: 0.6604, loss_kpt: 26.6134, loss_flow: 0.1710, loss_bone: 0.0000, loss: 27.4448, grad_norm: 712.3860
2026-06-14 07:01:50,073 - mmdet - INFO - Epoch [1][2600/2811]	lr: 2.000e-06, eta: 1:20:46, time: 0.427, data_time: 0.020, memory: 693, loss_cls: 0.6620, loss_kpt: 26.6890, loss_flow: 0.1706, loss_bone: 0.0000, loss: 27.5216, grad_norm: 789.9530
2026-06-14 07:02:12,243 - mmdet - INFO - Epoch [1][2650/2811]	lr: 2.000e-06, eta: 1:20:29, time: 0.443, data_time: 0.020, memory: 693, loss_cls: 0.6599, loss_kpt: 26.1555, loss_flow: 0.1640, loss_bone: 0.0000, loss: 26.9795, grad_norm: 715.4167
2026-06-14 07:02:33,792 - mmdet - INFO - Epoch [1][2700/2811]	lr: 2.000e-06, eta: 1:20:10, time: 0.431, data_time: 0.021, memory: 693, loss_cls: 0.6531, loss_kpt: 26.2835, loss_flow: 0.1627, loss_bone: 0.0000, loss: 27.0994, grad_norm: 680.8505
2026-06-14 07:02:53,735 - mmdet - INFO - Epoch [1][2750/2811]	lr: 2.000e-06, eta: 1:19:43, time: 0.399, data_time: 0.021, memory: 693, loss_cls: 0.6595, loss_kpt: 26.0922, loss_flow: 0.1610, loss_bone: 0.0000, loss: 26.9127, grad_norm: 694.1107
2026-06-14 07:03:13,660 - mmdet - INFO - Epoch [1][2800/2811]	lr: 2.000e-06, eta: 1:19:17, time: 0.398, data_time: 0.019, memory: 693, loss_cls: 0.6515, loss_kpt: 25.8786, loss_flow: 0.1587, loss_bone: 0.0000, loss: 26.6888, grad_norm: 689.7047
2026-06-14 07:03:18,044 - mmdet - INFO - Updating latest checkpoint at 1 epochs
2026-06-14 07:03:18,165 - mmdet - INFO - [BoneLossWarmup] Epoch 2/5 | Warmup: 1e, Ramp: 1e | Bone weight -> 1.0000
2026-06-14 07:03:41,320 - mmdet - INFO - Epoch [2][50/2811]	lr: 2.000e-06, eta: 1:18:41, time: 0.463, data_time: 0.075, memory: 693, loss_cls: 0.6538, loss_kpt: 25.3437, loss_flow: 0.1523, loss_bone: 0.0922, loss: 26.2420, grad_norm: 635.0312
2026-06-14 07:04:01,328 - mmdet - INFO - Epoch [2][100/2811]	lr: 2.000e-06, eta: 1:18:16, time: 0.400, data_time: 0.024, memory: 693, loss_cls: 0.6497, loss_kpt: 25.5610, loss_flow: 0.1560, loss_bone: 0.0932, loss: 26.4600, grad_norm: 626.0635
2026-06-14 07:04:22,723 - mmdet - INFO - Epoch [2][150/2811]	lr: 2.000e-06, eta: 1:17:56, time: 0.428, data_time: 0.020, memory: 693, loss_cls: 0.6442, loss_kpt: 25.9368, loss_flow: 0.1571, loss_bone: 0.0919, loss: 26.8299, grad_norm: 641.3997
2026-06-14 07:04:45,091 - mmdet - INFO - Epoch [2][200/2811]	lr: 2.000e-06, eta: 1:17:40, time: 0.447, data_time: 0.020, memory: 693, loss_cls: 0.6454, loss_kpt: 26.1871, loss_flow: 0.1572, loss_bone: 0.0920, loss: 27.0816, grad_norm: 668.6851
2026-06-14 07:05:08,671 - mmdet - INFO - Epoch [2][250/2811]	lr: 2.000e-06, eta: 1:17:27, time: 0.472, data_time: 0.020, memory: 693, loss_cls: 0.6430, loss_kpt: 25.4464, loss_flow: 0.1505, loss_bone: 0.0913, loss: 26.3312, grad_norm: 590.1966
2026-06-14 07:05:31,889 - mmdet - INFO - Epoch [2][300/2811]	lr: 2.000e-06, eta: 1:17:14, time: 0.464, data_time: 0.019, memory: 693, loss_cls: 0.6439, loss_kpt: 25.4177, loss_flow: 0.1523, loss_bone: 0.0918, loss: 26.3057, grad_norm: 632.3230
2026-06-14 07:05:55,128 - mmdet - INFO - Epoch [2][350/2811]	lr: 2.000e-06, eta: 1:17:00, time: 0.465, data_time: 0.020, memory: 693, loss_cls: 0.6440, loss_kpt: 25.7338, loss_flow: 0.1504, loss_bone: 0.0927, loss: 26.6209, grad_norm: 659.2519
2026-06-14 07:06:18,163 - mmdet - INFO - Epoch [2][400/2811]	lr: 2.000e-06, eta: 1:16:45, time: 0.461, data_time: 0.020, memory: 693, loss_cls: 0.6391, loss_kpt: 25.6233, loss_flow: 0.1521, loss_bone: 0.0921, loss: 26.5066, grad_norm: 581.1018
2026-06-14 07:06:40,143 - mmdet - INFO - Epoch [2][450/2811]	lr: 2.000e-06, eta: 1:16:26, time: 0.440, data_time: 0.021, memory: 693, loss_cls: 0.6464, loss_kpt: 25.3688, loss_flow: 0.1447, loss_bone: 0.0910, loss: 26.2509, grad_norm: 612.1301
2026-06-14 07:07:00,267 - mmdet - INFO - Epoch [2][500/2811]	lr: 2.000e-06, eta: 1:16:01, time: 0.402, data_time: 0.021, memory: 693, loss_cls: 0.6370, loss_kpt: 25.3348, loss_flow: 0.1465, loss_bone: 0.0907, loss: 26.2091, grad_norm: 539.4846
2026-06-14 07:07:21,743 - mmdet - INFO - Epoch [2][550/2811]	lr: 2.000e-06, eta: 1:15:40, time: 0.430, data_time: 0.021, memory: 693, loss_cls: 0.6355, loss_kpt: 25.6963, loss_flow: 0.1514, loss_bone: 0.0910, loss: 26.5743, grad_norm: 670.4921
2026-06-14 07:07:42,535 - mmdet - INFO - Epoch [2][600/2811]	lr: 2.000e-06, eta: 1:15:18, time: 0.416, data_time: 0.020, memory: 693, loss_cls: 0.6337, loss_kpt: 25.5964, loss_flow: 0.1443, loss_bone: 0.0915, loss: 26.4660, grad_norm: 564.0671
2026-06-14 07:08:02,679 - mmdet - INFO - Epoch [2][650/2811]	lr: 2.000e-06, eta: 1:14:53, time: 0.403, data_time: 0.021, memory: 693, loss_cls: 0.6340, loss_kpt: 24.9893, loss_flow: 0.1461, loss_bone: 0.0901, loss: 25.8595, grad_norm: 571.4247
2026-06-14 07:08:22,540 - mmdet - INFO - Epoch [2][700/2811]	lr: 2.000e-06, eta: 1:14:28, time: 0.397, data_time: 0.020, memory: 693, loss_cls: 0.6379, loss_kpt: 24.8255, loss_flow: 0.1464, loss_bone: 0.0910, loss: 25.7008, grad_norm: 553.8142
2026-06-14 07:08:41,343 - mmdet - INFO - Epoch [2][750/2811]	lr: 2.000e-06, eta: 1:14:00, time: 0.376, data_time: 0.020, memory: 693, loss_cls: 0.6297, loss_kpt: 25.5138, loss_flow: 0.1439, loss_bone: 0.0911, loss: 26.3785, grad_norm: 642.1780
2026-06-14 07:09:01,271 - mmdet - INFO - Epoch [2][800/2811]	lr: 2.000e-06, eta: 1:13:35, time: 0.399, data_time: 0.020, memory: 693, loss_cls: 0.6300, loss_kpt: 25.2142, loss_flow: 0.1427, loss_bone: 0.0898, loss: 26.0767, grad_norm: 600.5308
2026-06-14 07:09:21,265 - mmdet - INFO - Epoch [2][850/2811]	lr: 2.000e-06, eta: 1:13:11, time: 0.400, data_time: 0.021, memory: 693, loss_cls: 0.6301, loss_kpt: 25.0360, loss_flow: 0.1407, loss_bone: 0.0883, loss: 25.8951, grad_norm: 541.2172
2026-06-14 07:09:41,411 - mmdet - INFO - Epoch [2][900/2811]	lr: 2.000e-06, eta: 1:12:47, time: 0.403, data_time: 0.021, memory: 693, loss_cls: 0.6263, loss_kpt: 24.9808, loss_flow: 0.1437, loss_bone: 0.0905, loss: 25.8413, grad_norm: 642.8533
2026-06-14 07:10:00,913 - mmdet - INFO - Epoch [2][950/2811]	lr: 2.000e-06, eta: 1:12:21, time: 0.390, data_time: 0.020, memory: 693, loss_cls: 0.6239, loss_kpt: 25.1776, loss_flow: 0.1399, loss_bone: 0.0893, loss: 26.0306, grad_norm: 632.0213
2026-06-14 07:10:20,803 - mmdet - INFO - Epoch [2][1000/2811]	lr: 2.000e-06, eta: 1:11:57, time: 0.398, data_time: 0.022, memory: 693, loss_cls: 0.6209, loss_kpt: 24.7688, loss_flow: 0.1388, loss_bone: 0.0891, loss: 25.6176, grad_norm: 517.6198
2026-06-14 07:10:40,776 - mmdet - INFO - Epoch [2][1050/2811]	lr: 2.000e-06, eta: 1:11:33, time: 0.399, data_time: 0.020, memory: 693, loss_cls: 0.6198, loss_kpt: 24.8298, loss_flow: 0.1373, loss_bone: 0.0892, loss: 25.6760, grad_norm: 553.7667
2026-06-14 07:10:58,403 - mmdet - INFO - Epoch [2][1100/2811]	lr: 2.000e-06, eta: 1:11:03, time: 0.353, data_time: 0.018, memory: 693, loss_cls: 0.6215, loss_kpt: 24.8277, loss_flow: 0.1393, loss_bone: 0.0895, loss: 25.6780, grad_norm: 553.7852
2026-06-14 07:11:16,799 - mmdet - INFO - Epoch [2][1150/2811]	lr: 2.000e-06, eta: 1:10:35, time: 0.368, data_time: 0.019, memory: 693, loss_cls: 0.6186, loss_kpt: 24.9071, loss_flow: 0.1409, loss_bone: 0.0885, loss: 25.7550, grad_norm: 534.1917
2026-06-14 07:11:36,735 - mmdet - INFO - Epoch [2][1200/2811]	lr: 2.000e-06, eta: 1:10:12, time: 0.399, data_time: 0.020, memory: 693, loss_cls: 0.6119, loss_kpt: 24.8083, loss_flow: 0.1386, loss_bone: 0.0894, loss: 25.6482, grad_norm: 518.4442
2026-06-14 07:11:58,063 - mmdet - INFO - Epoch [2][1250/2811]	lr: 2.000e-06, eta: 1:09:52, time: 0.427, data_time: 0.020, memory: 693, loss_cls: 0.6197, loss_kpt: 24.9059, loss_flow: 0.1390, loss_bone: 0.0892, loss: 25.7538, grad_norm: 539.2553
2026-06-14 07:12:17,274 - mmdet - INFO - Epoch [2][1300/2811]	lr: 2.000e-06, eta: 1:09:27, time: 0.384, data_time: 0.020, memory: 693, loss_cls: 0.6136, loss_kpt: 25.0033, loss_flow: 0.1386, loss_bone: 0.0889, loss: 25.8444, grad_norm: 550.8064
2026-06-14 07:12:37,284 - mmdet - INFO - Epoch [2][1350/2811]	lr: 2.000e-06, eta: 1:09:03, time: 0.400, data_time: 0.019, memory: 693, loss_cls: 0.6130, loss_kpt: 24.7266, loss_flow: 0.1364, loss_bone: 0.0886, loss: 25.5646, grad_norm: 553.1949
2026-06-14 07:12:59,916 - mmdet - INFO - Epoch [2][1400/2811]	lr: 2.000e-06, eta: 1:08:46, time: 0.453, data_time: 0.019, memory: 693, loss_cls: 0.6152, loss_kpt: 24.7769, loss_flow: 0.1357, loss_bone: 0.0893, loss: 25.6172, grad_norm: 481.9730
2026-06-14 07:13:21,903 - mmdet - INFO - Epoch [2][1450/2811]	lr: 2.000e-06, eta: 1:08:28, time: 0.440, data_time: 0.020, memory: 693, loss_cls: 0.6131, loss_kpt: 24.3885, loss_flow: 0.1399, loss_bone: 0.0902, loss: 25.2318, grad_norm: 510.1881
2026-06-14 07:13:41,924 - mmdet - INFO - Epoch [2][1500/2811]	lr: 2.000e-06, eta: 1:08:05, time: 0.400, data_time: 0.020, memory: 693, loss_cls: 0.6128, loss_kpt: 24.4180, loss_flow: 0.1342, loss_bone: 0.0887, loss: 25.2537, grad_norm: 494.1968
2026-06-14 07:14:01,883 - mmdet - INFO - Epoch [2][1550/2811]	lr: 2.000e-06, eta: 1:07:41, time: 0.399, data_time: 0.020, memory: 693, loss_cls: 0.6135, loss_kpt: 24.6612, loss_flow: 0.1369, loss_bone: 0.0888, loss: 25.5003, grad_norm: 501.9285
2026-06-14 07:14:21,404 - mmdet - INFO - Epoch [2][1600/2811]	lr: 2.000e-06, eta: 1:07:17, time: 0.390, data_time: 0.020, memory: 693, loss_cls: 0.6102, loss_kpt: 24.6211, loss_flow: 0.1378, loss_bone: 0.0889, loss: 25.4580, grad_norm: 480.8908
2026-06-14 07:14:38,716 - mmdet - INFO - Epoch [2][1650/2811]	lr: 2.000e-06, eta: 1:06:49, time: 0.346, data_time: 0.017, memory: 693, loss_cls: 0.6142, loss_kpt: 24.4750, loss_flow: 0.1325, loss_bone: 0.0892, loss: 25.3110, grad_norm: 548.1214
2026-06-14 07:14:57,259 - mmdet - INFO - Epoch [2][1700/2811]	lr: 2.000e-06, eta: 1:06:23, time: 0.371, data_time: 0.018, memory: 693, loss_cls: 0.6109, loss_kpt: 24.7730, loss_flow: 0.1360, loss_bone: 0.0889, loss: 25.6087, grad_norm: 482.1541
2026-06-14 07:15:17,415 - mmdet - INFO - Epoch [2][1750/2811]	lr: 2.000e-06, eta: 1:06:00, time: 0.403, data_time: 0.019, memory: 693, loss_cls: 0.6064, loss_kpt: 24.4870, loss_flow: 0.1315, loss_bone: 0.0895, loss: 25.3144, grad_norm: 552.1534
2026-06-14 07:15:40,855 - mmdet - INFO - Epoch [2][1800/2811]	lr: 2.000e-06, eta: 1:05:45, time: 0.469, data_time: 0.021, memory: 693, loss_cls: 0.6123, loss_kpt: 24.3704, loss_flow: 0.1397, loss_bone: 0.0890, loss: 25.2114, grad_norm: 552.3829
2026-06-14 07:16:04,199 - mmdet - INFO - Epoch [2][1850/2811]	lr: 2.000e-06, eta: 1:05:29, time: 0.467, data_time: 0.021, memory: 693, loss_cls: 0.6068, loss_kpt: 24.8239, loss_flow: 0.1351, loss_bone: 0.0888, loss: 25.6546, grad_norm: 501.9588
2026-06-14 07:16:27,353 - mmdet - INFO - Epoch [2][1900/2811]	lr: 2.000e-06, eta: 1:05:12, time: 0.463, data_time: 0.021, memory: 693, loss_cls: 0.6076, loss_kpt: 24.4325, loss_flow: 0.1372, loss_bone: 0.0897, loss: 25.2669, grad_norm: 514.6515
2026-06-14 07:16:48,903 - mmdet - INFO - Epoch [2][1950/2811]	lr: 2.000e-06, eta: 1:04:53, time: 0.431, data_time: 0.020, memory: 693, loss_cls: 0.6110, loss_kpt: 24.1405, loss_flow: 0.1310, loss_bone: 0.0883, loss: 24.9709, grad_norm: 464.4246
2026-06-14 07:17:07,987 - mmdet - INFO - Epoch [2][2000/2811]	lr: 2.000e-06, eta: 1:04:28, time: 0.382, data_time: 0.019, memory: 693, loss_cls: 0.6042, loss_kpt: 24.2707, loss_flow: 0.1304, loss_bone: 0.0894, loss: 25.0948, grad_norm: 489.4956
2026-06-14 07:17:28,667 - mmdet - INFO - Epoch [2][2050/2811]	lr: 2.000e-06, eta: 1:04:07, time: 0.414, data_time: 0.021, memory: 693, loss_cls: 0.6042, loss_kpt: 24.8808, loss_flow: 0.1378, loss_bone: 0.0909, loss: 25.7137, grad_norm: 478.5129
2026-06-14 07:17:52,122 - mmdet - INFO - Epoch [2][2100/2811]	lr: 2.000e-06, eta: 1:03:51, time: 0.469, data_time: 0.021, memory: 693, loss_cls: 0.6026, loss_kpt: 24.0944, loss_flow: 0.1275, loss_bone: 0.0891, loss: 24.9136, grad_norm: 495.8121
2026-06-14 07:18:14,827 - mmdet - INFO - Epoch [2][2150/2811]	lr: 2.000e-06, eta: 1:03:33, time: 0.454, data_time: 0.021, memory: 693, loss_cls: 0.6081, loss_kpt: 24.1172, loss_flow: 0.1292, loss_bone: 0.0877, loss: 24.9422, grad_norm: 502.3590
2026-06-14 07:18:33,945 - mmdet - INFO - Epoch [2][2200/2811]	lr: 2.000e-06, eta: 1:03:09, time: 0.382, data_time: 0.019, memory: 693, loss_cls: 0.5991, loss_kpt: 24.2385, loss_flow: 0.1288, loss_bone: 0.0890, loss: 25.0554, grad_norm: 495.3202
2026-06-14 07:18:54,501 - mmdet - INFO - Epoch [2][2250/2811]	lr: 2.000e-06, eta: 1:02:47, time: 0.411, data_time: 0.020, memory: 693, loss_cls: 0.6071, loss_kpt: 24.3196, loss_flow: 0.1321, loss_bone: 0.0888, loss: 25.1476, grad_norm: 472.8661
2026-06-14 07:19:17,336 - mmdet - INFO - Epoch [2][2300/2811]	lr: 2.000e-06, eta: 1:02:29, time: 0.457, data_time: 0.020, memory: 693, loss_cls: 0.6073, loss_kpt: 23.9956, loss_flow: 0.1280, loss_bone: 0.0889, loss: 24.8198, grad_norm: 481.2798
2026-06-14 07:19:41,040 - mmdet - INFO - Epoch [2][2350/2811]	lr: 2.000e-06, eta: 1:02:13, time: 0.474, data_time: 0.022, memory: 693, loss_cls: 0.6089, loss_kpt: 23.8386, loss_flow: 0.1257, loss_bone: 0.0889, loss: 24.6621, grad_norm: 479.1210
2026-06-14 07:20:02,576 - mmdet - INFO - Epoch [2][2400/2811]	lr: 2.000e-06, eta: 1:01:53, time: 0.431, data_time: 0.020, memory: 693, loss_cls: 0.6030, loss_kpt: 24.0177, loss_flow: 0.1284, loss_bone: 0.0884, loss: 24.8375, grad_norm: 481.6908
2026-06-14 07:20:25,703 - mmdet - INFO - Epoch [2][2450/2811]	lr: 2.000e-06, eta: 1:01:35, time: 0.463, data_time: 0.020, memory: 693, loss_cls: 0.6038, loss_kpt: 23.9272, loss_flow: 0.1274, loss_bone: 0.0888, loss: 24.7471, grad_norm: 451.3663
2026-06-14 07:20:47,691 - mmdet - INFO - Epoch [2][2500/2811]	lr: 2.000e-06, eta: 1:01:16, time: 0.440, data_time: 0.020, memory: 693, loss_cls: 0.6052, loss_kpt: 23.9165, loss_flow: 0.1256, loss_bone: 0.0892, loss: 24.7365, grad_norm: 446.0905
2026-06-14 07:21:08,044 - mmdet - INFO - Epoch [2][2550/2811]	lr: 2.000e-06, eta: 1:00:54, time: 0.407, data_time: 0.021, memory: 693, loss_cls: 0.6038, loss_kpt: 24.0826, loss_flow: 0.1279, loss_bone: 0.0882, loss: 24.9025, grad_norm: 427.3080
2026-06-14 07:21:28,875 - mmdet - INFO - Epoch [2][2600/2811]	lr: 2.000e-06, eta: 1:00:33, time: 0.417, data_time: 0.020, memory: 693, loss_cls: 0.5991, loss_kpt: 24.4563, loss_flow: 0.1294, loss_bone: 0.0894, loss: 25.2743, grad_norm: 489.2086
2026-06-14 07:21:50,128 - mmdet - INFO - Epoch [2][2650/2811]	lr: 2.000e-06, eta: 1:00:12, time: 0.425, data_time: 0.021, memory: 693, loss_cls: 0.5883, loss_kpt: 24.1790, loss_flow: 0.1255, loss_bone: 0.0881, loss: 24.9811, grad_norm: 408.9601
2026-06-14 07:22:10,228 - mmdet - INFO - Epoch [2][2700/2811]	lr: 2.000e-06, eta: 0:59:50, time: 0.402, data_time: 0.021, memory: 693, loss_cls: 0.6007, loss_kpt: 24.2374, loss_flow: 0.1281, loss_bone: 0.0901, loss: 25.0564, grad_norm: 437.7149
2026-06-14 07:22:30,236 - mmdet - INFO - Epoch [2][2750/2811]	lr: 2.000e-06, eta: 0:59:27, time: 0.400, data_time: 0.021, memory: 693, loss_cls: 0.6075, loss_kpt: 23.6090, loss_flow: 0.1235, loss_bone: 0.0888, loss: 24.4288, grad_norm: 407.4519
2026-06-14 07:22:50,221 - mmdet - INFO - Epoch [2][2800/2811]	lr: 2.000e-06, eta: 0:59:05, time: 0.400, data_time: 0.021, memory: 693, loss_cls: 0.5981, loss_kpt: 23.7545, loss_flow: 0.1225, loss_bone: 0.0895, loss: 24.5646, grad_norm: 403.3881
2026-06-14 07:22:54,686 - mmdet - INFO - Updating latest checkpoint at 2 epochs
2026-06-14 07:22:54,884 - mmdet - INFO - [BoneLossWarmup] Epoch 3/5 | Warmup: 1e, Ramp: 1e | Bone weight -> 1.0000
2026-06-14 07:23:18,047 - mmdet - INFO - Epoch [3][50/2811]	lr: 2.000e-06, eta: 0:58:35, time: 0.463, data_time: 0.074, memory: 693, loss_cls: 0.5976, loss_kpt: 23.6150, loss_flow: 0.1269, loss_bone: 0.0886, loss: 24.4281, grad_norm: 472.1114
2026-06-14 07:23:38,491 - mmdet - INFO - Epoch [3][100/2811]	lr: 2.000e-06, eta: 0:58:14, time: 0.409, data_time: 0.021, memory: 693, loss_cls: 0.5996, loss_kpt: 23.8158, loss_flow: 0.1242, loss_bone: 0.0887, loss: 24.6283, grad_norm: 440.8191
2026-06-14 07:23:58,515 - mmdet - INFO - Epoch [3][150/2811]	lr: 2.000e-06, eta: 0:57:51, time: 0.400, data_time: 0.021, memory: 693, loss_cls: 0.5956, loss_kpt: 23.9928, loss_flow: 0.1235, loss_bone: 0.0888, loss: 24.8006, grad_norm: 482.4877
2026-06-14 07:24:19,671 - mmdet - INFO - Epoch [3][200/2811]	lr: 2.000e-06, eta: 0:57:31, time: 0.423, data_time: 0.021, memory: 693, loss_cls: 0.5960, loss_kpt: 23.7204, loss_flow: 0.1242, loss_bone: 0.0885, loss: 24.5291, grad_norm: 447.4199
2026-06-14 07:24:41,835 - mmdet - INFO - Epoch [3][250/2811]	lr: 2.000e-06, eta: 0:57:11, time: 0.443, data_time: 0.024, memory: 693, loss_cls: 0.5898, loss_kpt: 23.6612, loss_flow: 0.1222, loss_bone: 0.0878, loss: 24.4609, grad_norm: 424.5069
2026-06-14 07:25:02,575 - mmdet - INFO - Epoch [3][300/2811]	lr: 2.000e-06, eta: 0:56:50, time: 0.415, data_time: 0.021, memory: 693, loss_cls: 0.5893, loss_kpt: 23.9186, loss_flow: 0.1239, loss_bone: 0.0903, loss: 24.7221, grad_norm: 415.2626
2026-06-14 07:25:21,575 - mmdet - INFO - Epoch [3][350/2811]	lr: 2.000e-06, eta: 0:56:26, time: 0.380, data_time: 0.021, memory: 693, loss_cls: 0.5874, loss_kpt: 23.5012, loss_flow: 0.1197, loss_bone: 0.0888, loss: 24.2971, grad_norm: 390.4386
2026-06-14 07:25:40,308 - mmdet - INFO - Epoch [3][400/2811]	lr: 2.000e-06, eta: 0:56:02, time: 0.375, data_time: 0.019, memory: 693, loss_cls: 0.5853, loss_kpt: 23.8734, loss_flow: 0.1232, loss_bone: 0.0892, loss: 24.6711, grad_norm: 437.7131
2026-06-14 07:26:00,797 - mmdet - INFO - Epoch [3][450/2811]	lr: 2.000e-06, eta: 0:55:41, time: 0.410, data_time: 0.020, memory: 693, loss_cls: 0.5802, loss_kpt: 24.1979, loss_flow: 0.1235, loss_bone: 0.0895, loss: 24.9911, grad_norm: 391.0163
2026-06-14 07:26:21,711 - mmdet - INFO - Epoch [3][500/2811]	lr: 2.000e-06, eta: 0:55:20, time: 0.418, data_time: 0.019, memory: 693, loss_cls: 0.5815, loss_kpt: 23.7047, loss_flow: 0.1235, loss_bone: 0.0886, loss: 24.4982, grad_norm: 393.6450
2026-06-14 07:26:43,759 - mmdet - INFO - Epoch [3][550/2811]	lr: 2.000e-06, eta: 0:55:00, time: 0.441, data_time: 0.021, memory: 693, loss_cls: 0.5768, loss_kpt: 24.0932, loss_flow: 0.1253, loss_bone: 0.0892, loss: 24.8845, grad_norm: 444.3213
2026-06-14 07:27:03,816 - mmdet - INFO - Epoch [3][600/2811]	lr: 2.000e-06, eta: 0:54:38, time: 0.401, data_time: 0.021, memory: 693, loss_cls: 0.5807, loss_kpt: 23.8161, loss_flow: 0.1217, loss_bone: 0.0895, loss: 24.6079, grad_norm: 423.3001
2026-06-14 07:27:23,844 - mmdet - INFO - Epoch [3][650/2811]	lr: 2.000e-06, eta: 0:54:16, time: 0.401, data_time: 0.019, memory: 693, loss_cls: 0.5725, loss_kpt: 24.3966, loss_flow: 0.1235, loss_bone: 0.0897, loss: 25.1823, grad_norm: 460.0498
2026-06-14 07:27:43,215 - mmdet - INFO - Epoch [3][700/2811]	lr: 2.000e-06, eta: 0:53:54, time: 0.387, data_time: 0.020, memory: 693, loss_cls: 0.5718, loss_kpt: 24.1924, loss_flow: 0.1252, loss_bone: 0.0901, loss: 24.9794, grad_norm: 434.4559
2026-06-14 07:28:04,405 - mmdet - INFO - Epoch [3][750/2811]	lr: 2.000e-06, eta: 0:53:33, time: 0.424, data_time: 0.020, memory: 693, loss_cls: 0.5683, loss_kpt: 24.4021, loss_flow: 0.1254, loss_bone: 0.0891, loss: 25.1849, grad_norm: 497.4567
2026-06-14 07:28:24,479 - mmdet - INFO - Epoch [3][800/2811]	lr: 2.000e-06, eta: 0:53:11, time: 0.401, data_time: 0.021, memory: 693, loss_cls: 0.5700, loss_kpt: 23.9313, loss_flow: 0.1218, loss_bone: 0.0895, loss: 24.7125, grad_norm: 459.3382
2026-06-14 07:28:47,260 - mmdet - INFO - Epoch [3][850/2811]	lr: 2.000e-06, eta: 0:52:52, time: 0.456, data_time: 0.020, memory: 693, loss_cls: 0.5658, loss_kpt: 24.3117, loss_flow: 0.1235, loss_bone: 0.0897, loss: 25.0908, grad_norm: 413.2881
2026-06-14 07:29:09,671 - mmdet - INFO - Epoch [3][900/2811]	lr: 2.000e-06, eta: 0:52:33, time: 0.448, data_time: 0.020, memory: 693, loss_cls: 0.5626, loss_kpt: 24.2318, loss_flow: 0.1196, loss_bone: 0.0895, loss: 25.0034, grad_norm: 409.9285
2026-06-14 07:29:29,885 - mmdet - INFO - Epoch [3][950/2811]	lr: 2.000e-06, eta: 0:52:11, time: 0.404, data_time: 0.020, memory: 693, loss_cls: 0.5616, loss_kpt: 24.0546, loss_flow: 0.1247, loss_bone: 0.0892, loss: 24.8300, grad_norm: 460.9932
2026-06-14 07:29:49,899 - mmdet - INFO - Epoch [3][1000/2811]	lr: 2.000e-06, eta: 0:51:49, time: 0.400, data_time: 0.021, memory: 693, loss_cls: 0.5632, loss_kpt: 24.2088, loss_flow: 0.1212, loss_bone: 0.0897, loss: 24.9830, grad_norm: 515.9295
2026-06-14 07:30:09,927 - mmdet - INFO - Epoch [3][1050/2811]	lr: 2.000e-06, eta: 0:51:28, time: 0.401, data_time: 0.019, memory: 693, loss_cls: 0.5637, loss_kpt: 23.7558, loss_flow: 0.1217, loss_bone: 0.0884, loss: 24.5295, grad_norm: 427.1239
2026-06-14 07:30:30,919 - mmdet - INFO - Epoch [3][1100/2811]	lr: 2.000e-06, eta: 0:51:07, time: 0.420, data_time: 0.023, memory: 693, loss_cls: 0.5637, loss_kpt: 24.1912, loss_flow: 0.1248, loss_bone: 0.0903, loss: 24.9701, grad_norm: 490.5744
2026-06-14 07:30:54,364 - mmdet - INFO - Epoch [3][1150/2811]	lr: 2.000e-06, eta: 0:50:49, time: 0.469, data_time: 0.021, memory: 693, loss_cls: 0.5575, loss_kpt: 24.2713, loss_flow: 0.1226, loss_bone: 0.0895, loss: 25.0410, grad_norm: 446.9652
2026-06-14 07:31:15,927 - mmdet - INFO - Epoch [3][1200/2811]	lr: 2.000e-06, eta: 0:50:28, time: 0.431, data_time: 0.020, memory: 693, loss_cls: 0.5530, loss_kpt: 24.0640, loss_flow: 0.1210, loss_bone: 0.0897, loss: 24.8278, grad_norm: 393.1203
2026-06-14 07:31:38,941 - mmdet - INFO - Epoch [3][1250/2811]	lr: 2.000e-06, eta: 0:50:10, time: 0.460, data_time: 0.020, memory: 693, loss_cls: 0.5613, loss_kpt: 24.1246, loss_flow: 0.1232, loss_bone: 0.0893, loss: 24.8984, grad_norm: 425.0867
2026-06-14 07:32:00,232 - mmdet - INFO - Epoch [3][1300/2811]	lr: 2.000e-06, eta: 0:49:49, time: 0.426, data_time: 0.020, memory: 693, loss_cls: 0.5588, loss_kpt: 23.5692, loss_flow: 0.1173, loss_bone: 0.0908, loss: 24.3361, grad_norm: 379.7004
2026-06-14 07:32:22,759 - mmdet - INFO - Epoch [3][1350/2811]	lr: 2.000e-06, eta: 0:49:30, time: 0.451, data_time: 0.020, memory: 693, loss_cls: 0.5570, loss_kpt: 23.7465, loss_flow: 0.1175, loss_bone: 0.0886, loss: 24.5096, grad_norm: 451.3961
2026-06-14 07:32:45,429 - mmdet - INFO - Epoch [3][1400/2811]	lr: 2.000e-06, eta: 0:49:10, time: 0.453, data_time: 0.020, memory: 693, loss_cls: 0.5543, loss_kpt: 23.7615, loss_flow: 0.1190, loss_bone: 0.0898, loss: 24.5246, grad_norm: 437.5043
2026-06-14 07:33:04,977 - mmdet - INFO - Epoch [3][1450/2811]	lr: 2.000e-06, eta: 0:48:48, time: 0.391, data_time: 0.019, memory: 693, loss_cls: 0.5526, loss_kpt: 23.8949, loss_flow: 0.1170, loss_bone: 0.0904, loss: 24.6549, grad_norm: 383.8137
2026-06-14 07:33:22,899 - mmdet - INFO - Epoch [3][1500/2811]	lr: 2.000e-06, eta: 0:48:24, time: 0.358, data_time: 0.020, memory: 693, loss_cls: 0.5544, loss_kpt: 23.7785, loss_flow: 0.1180, loss_bone: 0.0902, loss: 24.5411, grad_norm: 395.3730
2026-06-14 07:33:42,251 - mmdet - INFO - Epoch [3][1550/2811]	lr: 2.000e-06, eta: 0:48:01, time: 0.387, data_time: 0.020, memory: 693, loss_cls: 0.5481, loss_kpt: 23.8531, loss_flow: 0.1201, loss_bone: 0.0900, loss: 24.6113, grad_norm: 435.0019
2026-06-14 07:34:03,308 - mmdet - INFO - Epoch [3][1600/2811]	lr: 2.000e-06, eta: 0:47:41, time: 0.421, data_time: 0.021, memory: 693, loss_cls: 0.5578, loss_kpt: 23.1444, loss_flow: 0.1161, loss_bone: 0.0886, loss: 23.9068, grad_norm: 392.2455
2026-06-14 07:34:24,383 - mmdet - INFO - Epoch [3][1650/2811]	lr: 2.000e-06, eta: 0:47:20, time: 0.422, data_time: 0.020, memory: 693, loss_cls: 0.5582, loss_kpt: 23.6485, loss_flow: 0.1148, loss_bone: 0.0889, loss: 24.4103, grad_norm: 400.5303
2026-06-14 07:34:47,760 - mmdet - INFO - Epoch [3][1700/2811]	lr: 2.000e-06, eta: 0:47:01, time: 0.468, data_time: 0.020, memory: 693, loss_cls: 0.5572, loss_kpt: 23.7764, loss_flow: 0.1187, loss_bone: 0.0903, loss: 24.5426, grad_norm: 418.6579
2026-06-14 07:35:11,416 - mmdet - INFO - Epoch [3][1750/2811]	lr: 2.000e-06, eta: 0:46:43, time: 0.473, data_time: 0.019, memory: 693, loss_cls: 0.5479, loss_kpt: 23.7916, loss_flow: 0.1188, loss_bone: 0.0887, loss: 24.5470, grad_norm: 410.5476
2026-06-14 07:35:34,606 - mmdet - INFO - Epoch [3][1800/2811]	lr: 2.000e-06, eta: 0:46:24, time: 0.464, data_time: 0.019, memory: 693, loss_cls: 0.5440, loss_kpt: 23.9225, loss_flow: 0.1196, loss_bone: 0.0892, loss: 24.6753, grad_norm: 400.8020
2026-06-14 07:35:57,856 - mmdet - INFO - Epoch [3][1850/2811]	lr: 2.000e-06, eta: 0:46:05, time: 0.465, data_time: 0.020, memory: 693, loss_cls: 0.5418, loss_kpt: 23.9851, loss_flow: 0.1161, loss_bone: 0.0897, loss: 24.7326, grad_norm: 377.8850
2026-06-14 07:36:19,947 - mmdet - INFO - Epoch [3][1900/2811]	lr: 2.000e-06, eta: 0:45:45, time: 0.442, data_time: 0.021, memory: 693, loss_cls: 0.5450, loss_kpt: 23.7031, loss_flow: 0.1172, loss_bone: 0.0888, loss: 24.4541, grad_norm: 385.2951
2026-06-14 07:36:41,980 - mmdet - INFO - Epoch [3][1950/2811]	lr: 2.000e-06, eta: 0:45:24, time: 0.441, data_time: 0.020, memory: 693, loss_cls: 0.5468, loss_kpt: 24.0633, loss_flow: 0.1179, loss_bone: 0.0905, loss: 24.8184, grad_norm: 395.4765
2026-06-14 07:37:04,040 - mmdet - INFO - Epoch [3][2000/2811]	lr: 2.000e-06, eta: 0:45:04, time: 0.441, data_time: 0.021, memory: 693, loss_cls: 0.5443, loss_kpt: 23.5665, loss_flow: 0.1138, loss_bone: 0.0902, loss: 24.3148, grad_norm: 358.7704
2026-06-14 07:37:24,227 - mmdet - INFO - Epoch [3][2050/2811]	lr: 2.000e-06, eta: 0:44:43, time: 0.404, data_time: 0.021, memory: 693, loss_cls: 0.5400, loss_kpt: 23.4055, loss_flow: 0.1127, loss_bone: 0.0898, loss: 24.1480, grad_norm: 349.9810
2026-06-14 07:37:44,248 - mmdet - INFO - Epoch [3][2100/2811]	lr: 2.000e-06, eta: 0:44:21, time: 0.400, data_time: 0.020, memory: 693, loss_cls: 0.5371, loss_kpt: 24.0211, loss_flow: 0.1181, loss_bone: 0.0900, loss: 24.7663, grad_norm: 409.1249
2026-06-14 07:38:04,167 - mmdet - INFO - Epoch [3][2150/2811]	lr: 2.000e-06, eta: 0:43:59, time: 0.398, data_time: 0.021, memory: 693, loss_cls: 0.5425, loss_kpt: 23.5626, loss_flow: 0.1160, loss_bone: 0.0898, loss: 24.3110, grad_norm: 393.8692
2026-06-14 07:38:27,207 - mmdet - INFO - Epoch [3][2200/2811]	lr: 2.000e-06, eta: 0:43:40, time: 0.461, data_time: 0.020, memory: 693, loss_cls: 0.5421, loss_kpt: 23.9107, loss_flow: 0.1178, loss_bone: 0.0889, loss: 24.6594, grad_norm: 403.8873
2026-06-14 07:38:50,337 - mmdet - INFO - Epoch [3][2250/2811]	lr: 2.000e-06, eta: 0:43:20, time: 0.463, data_time: 0.021, memory: 693, loss_cls: 0.5432, loss_kpt: 23.2173, loss_flow: 0.1137, loss_bone: 0.0894, loss: 23.9636, grad_norm: 380.0100
2026-06-14 07:39:11,655 - mmdet - INFO - Epoch [3][2300/2811]	lr: 2.000e-06, eta: 0:42:59, time: 0.426, data_time: 0.021, memory: 693, loss_cls: 0.5472, loss_kpt: 23.3251, loss_flow: 0.1153, loss_bone: 0.0896, loss: 24.0772, grad_norm: 425.0984
2026-06-14 07:39:34,692 - mmdet - INFO - Epoch [3][2350/2811]	lr: 2.000e-06, eta: 0:42:40, time: 0.461, data_time: 0.021, memory: 693, loss_cls: 0.5326, loss_kpt: 23.6110, loss_flow: 0.1180, loss_bone: 0.0898, loss: 24.3514, grad_norm: 377.6531
2026-06-14 07:39:55,216 - mmdet - INFO - Epoch [3][2400/2811]	lr: 2.000e-06, eta: 0:42:18, time: 0.410, data_time: 0.021, memory: 693, loss_cls: 0.5314, loss_kpt: 23.7970, loss_flow: 0.1155, loss_bone: 0.0887, loss: 24.5327, grad_norm: 384.5883
2026-06-14 07:40:15,271 - mmdet - INFO - Epoch [3][2450/2811]	lr: 2.000e-06, eta: 0:41:57, time: 0.401, data_time: 0.021, memory: 693, loss_cls: 0.5350, loss_kpt: 23.3685, loss_flow: 0.1142, loss_bone: 0.0899, loss: 24.1076, grad_norm: 344.1805
2026-06-14 07:40:35,400 - mmdet - INFO - Epoch [3][2500/2811]	lr: 2.000e-06, eta: 0:41:35, time: 0.403, data_time: 0.021, memory: 693, loss_cls: 0.5300, loss_kpt: 23.5919, loss_flow: 0.1170, loss_bone: 0.0897, loss: 24.3286, grad_norm: 407.1712
2026-06-14 07:40:53,735 - mmdet - INFO - Epoch [3][2550/2811]	lr: 2.000e-06, eta: 0:41:12, time: 0.367, data_time: 0.019, memory: 693, loss_cls: 0.5298, loss_kpt: 23.3119, loss_flow: 0.1147, loss_bone: 0.0908, loss: 24.0473, grad_norm: 414.9039
2026-06-14 07:41:13,924 - mmdet - INFO - Epoch [3][2600/2811]	lr: 2.000e-06, eta: 0:40:50, time: 0.404, data_time: 0.020, memory: 693, loss_cls: 0.5287, loss_kpt: 23.2580, loss_flow: 0.1142, loss_bone: 0.0901, loss: 23.9910, grad_norm: 382.9775
2026-06-14 07:41:35,387 - mmdet - INFO - Epoch [3][2650/2811]	lr: 2.000e-06, eta: 0:40:30, time: 0.429, data_time: 0.020, memory: 693, loss_cls: 0.5357, loss_kpt: 23.8255, loss_flow: 0.1118, loss_bone: 0.0904, loss: 24.5635, grad_norm: 369.2810
2026-06-14 07:41:54,573 - mmdet - INFO - Epoch [3][2700/2811]	lr: 2.000e-06, eta: 0:40:07, time: 0.384, data_time: 0.020, memory: 693, loss_cls: 0.5222, loss_kpt: 23.6785, loss_flow: 0.1127, loss_bone: 0.0901, loss: 24.4036, grad_norm: 377.0422
2026-06-14 07:42:12,792 - mmdet - INFO - Epoch [3][2750/2811]	lr: 2.000e-06, eta: 0:39:45, time: 0.364, data_time: 0.020, memory: 693, loss_cls: 0.5239, loss_kpt: 23.3424, loss_flow: 0.1169, loss_bone: 0.0899, loss: 24.0731, grad_norm: 366.0120
2026-06-14 07:42:29,312 - mmdet - INFO - Epoch [3][2800/2811]	lr: 2.000e-06, eta: 0:39:21, time: 0.330, data_time: 0.018, memory: 693, loss_cls: 0.5276, loss_kpt: 23.4483, loss_flow: 0.1128, loss_bone: 0.0912, loss: 24.1799, grad_norm: 356.8680
2026-06-14 07:42:33,725 - mmdet - INFO - Updating latest checkpoint at 3 epochs
2026-06-14 07:42:33,944 - mmdet - INFO - [BoneLossWarmup] Epoch 4/5 | Warmup: 1e, Ramp: 1e | Bone weight -> 1.0000
2026-06-14 07:42:55,448 - mmdet - INFO - Epoch [4][50/2811]	lr: 2.000e-06, eta: 0:38:52, time: 0.430, data_time: 0.072, memory: 693, loss_cls: 0.5179, loss_kpt: 22.9866, loss_flow: 0.1079, loss_bone: 0.0902, loss: 23.7025, grad_norm: 392.6885
2026-06-14 07:43:18,891 - mmdet - INFO - Epoch [4][100/2811]	lr: 2.000e-06, eta: 0:38:33, time: 0.469, data_time: 0.021, memory: 693, loss_cls: 0.5302, loss_kpt: 23.4396, loss_flow: 0.1124, loss_bone: 0.0902, loss: 24.1723, grad_norm: 371.9792
2026-06-14 07:43:42,185 - mmdet - INFO - Epoch [4][150/2811]	lr: 2.000e-06, eta: 0:38:14, time: 0.466, data_time: 0.020, memory: 693, loss_cls: 0.5200, loss_kpt: 23.5028, loss_flow: 0.1141, loss_bone: 0.0910, loss: 24.2279, grad_norm: 407.1780
2026-06-14 07:44:02,571 - mmdet - INFO - Epoch [4][200/2811]	lr: 2.000e-06, eta: 0:37:52, time: 0.408, data_time: 0.021, memory: 693, loss_cls: 0.5245, loss_kpt: 23.4645, loss_flow: 0.1110, loss_bone: 0.0905, loss: 24.1905, grad_norm: 417.0232
2026-06-14 07:44:22,836 - mmdet - INFO - Epoch [4][250/2811]	lr: 2.000e-06, eta: 0:37:31, time: 0.405, data_time: 0.020, memory: 693, loss_cls: 0.5179, loss_kpt: 23.3406, loss_flow: 0.1122, loss_bone: 0.0902, loss: 24.0609, grad_norm: 410.8772
2026-06-14 07:44:42,319 - mmdet - INFO - Epoch [4][300/2811]	lr: 2.000e-06, eta: 0:37:09, time: 0.390, data_time: 0.020, memory: 693, loss_cls: 0.5158, loss_kpt: 23.8322, loss_flow: 0.1161, loss_bone: 0.0901, loss: 24.5541, grad_norm: 401.5789
2026-06-14 07:45:02,211 - mmdet - INFO - Epoch [4][350/2811]	lr: 2.000e-06, eta: 0:36:47, time: 0.398, data_time: 0.020, memory: 693, loss_cls: 0.5256, loss_kpt: 23.2434, loss_flow: 0.1130, loss_bone: 0.0906, loss: 23.9725, grad_norm: 415.2196
2026-06-14 07:45:23,607 - mmdet - INFO - Epoch [4][400/2811]	lr: 2.000e-06, eta: 0:36:27, time: 0.428, data_time: 0.021, memory: 693, loss_cls: 0.5199, loss_kpt: 23.3003, loss_flow: 0.1100, loss_bone: 0.0913, loss: 24.0215, grad_norm: 362.6796
2026-06-14 07:45:45,139 - mmdet - INFO - Epoch [4][450/2811]	lr: 2.000e-06, eta: 0:36:06, time: 0.431, data_time: 0.021, memory: 693, loss_cls: 0.5187, loss_kpt: 23.6517, loss_flow: 0.1146, loss_bone: 0.0906, loss: 24.3756, grad_norm: 386.4216
2026-06-14 07:46:07,472 - mmdet - INFO - Epoch [4][500/2811]	lr: 2.000e-06, eta: 0:35:46, time: 0.447, data_time: 0.019, memory: 693, loss_cls: 0.5196, loss_kpt: 22.9753, loss_flow: 0.1116, loss_bone: 0.0917, loss: 23.6981, grad_norm: 418.8430
2026-06-14 07:46:30,758 - mmdet - INFO - Epoch [4][550/2811]	lr: 2.000e-06, eta: 0:35:26, time: 0.466, data_time: 0.020, memory: 693, loss_cls: 0.5182, loss_kpt: 23.0217, loss_flow: 0.1095, loss_bone: 0.0901, loss: 23.7395, grad_norm: 373.4168
2026-06-14 07:46:55,060 - mmdet - INFO - Epoch [4][600/2811]	lr: 2.000e-06, eta: 0:35:07, time: 0.486, data_time: 0.020, memory: 693, loss_cls: 0.5190, loss_kpt: 23.3144, loss_flow: 0.1108, loss_bone: 0.0909, loss: 24.0351, grad_norm: 406.0091
2026-06-14 07:47:18,259 - mmdet - INFO - Epoch [4][650/2811]	lr: 2.000e-06, eta: 0:34:47, time: 0.464, data_time: 0.020, memory: 693, loss_cls: 0.5173, loss_kpt: 23.2460, loss_flow: 0.1126, loss_bone: 0.0919, loss: 23.9678, grad_norm: 411.4053
2026-06-14 07:47:41,531 - mmdet - INFO - Epoch [4][700/2811]	lr: 2.000e-06, eta: 0:34:28, time: 0.465, data_time: 0.020, memory: 693, loss_cls: 0.5149, loss_kpt: 23.3714, loss_flow: 0.1119, loss_bone: 0.0910, loss: 24.0892, grad_norm: 433.8208
2026-06-14 07:48:05,124 - mmdet - INFO - Epoch [4][750/2811]	lr: 2.000e-06, eta: 0:34:08, time: 0.472, data_time: 0.020, memory: 693, loss_cls: 0.5118, loss_kpt: 23.1600, loss_flow: 0.1090, loss_bone: 0.0903, loss: 23.8712, grad_norm: 405.9259
2026-06-14 07:48:28,463 - mmdet - INFO - Epoch [4][800/2811]	lr: 2.000e-06, eta: 0:33:48, time: 0.467, data_time: 0.020, memory: 693, loss_cls: 0.5194, loss_kpt: 22.7927, loss_flow: 0.1088, loss_bone: 0.0910, loss: 23.5118, grad_norm: 367.8535
2026-06-14 07:48:51,337 - mmdet - INFO - Epoch [4][850/2811]	lr: 2.000e-06, eta: 0:33:28, time: 0.457, data_time: 0.020, memory: 693, loss_cls: 0.5167, loss_kpt: 23.1331, loss_flow: 0.1125, loss_bone: 0.0901, loss: 23.8523, grad_norm: 378.4276
2026-06-14 07:49:11,479 - mmdet - INFO - Epoch [4][900/2811]	lr: 2.000e-06, eta: 0:33:07, time: 0.403, data_time: 0.020, memory: 693, loss_cls: 0.5108, loss_kpt: 23.2696, loss_flow: 0.1122, loss_bone: 0.0911, loss: 23.9837, grad_norm: 390.5544
2026-06-14 07:49:32,196 - mmdet - INFO - Epoch [4][950/2811]	lr: 2.000e-06, eta: 0:32:45, time: 0.414, data_time: 0.020, memory: 693, loss_cls: 0.5157, loss_kpt: 23.3168, loss_flow: 0.1110, loss_bone: 0.0916, loss: 24.0351, grad_norm: 382.8847
2026-06-14 07:49:54,676 - mmdet - INFO - Epoch [4][1000/2811]	lr: 2.000e-06, eta: 0:32:25, time: 0.450, data_time: 0.020, memory: 693, loss_cls: 0.5054, loss_kpt: 23.8123, loss_flow: 0.1166, loss_bone: 0.0920, loss: 24.5263, grad_norm: 404.1912
2026-06-14 07:50:14,980 - mmdet - INFO - Epoch [4][1050/2811]	lr: 2.000e-06, eta: 0:32:04, time: 0.406, data_time: 0.020, memory: 693, loss_cls: 0.5027, loss_kpt: 23.3050, loss_flow: 0.1083, loss_bone: 0.0910, loss: 24.0069, grad_norm: 350.0116
2026-06-14 07:50:33,486 - mmdet - INFO - Epoch [4][1100/2811]	lr: 2.000e-06, eta: 0:31:41, time: 0.370, data_time: 0.019, memory: 693, loss_cls: 0.5143, loss_kpt: 22.7336, loss_flow: 0.1087, loss_bone: 0.0925, loss: 23.4491, grad_norm: 419.8775
2026-06-14 07:50:52,919 - mmdet - INFO - Epoch [4][1150/2811]	lr: 2.000e-06, eta: 0:31:20, time: 0.389, data_time: 0.020, memory: 693, loss_cls: 0.5063, loss_kpt: 22.7627, loss_flow: 0.1069, loss_bone: 0.0912, loss: 23.4672, grad_norm: 349.3050
2026-06-14 07:51:15,033 - mmdet - INFO - Epoch [4][1200/2811]	lr: 2.000e-06, eta: 0:30:59, time: 0.442, data_time: 0.021, memory: 693, loss_cls: 0.5201, loss_kpt: 22.6430, loss_flow: 0.1055, loss_bone: 0.0922, loss: 23.3608, grad_norm: 362.3642
2026-06-14 07:51:35,272 - mmdet - INFO - Epoch [4][1250/2811]	lr: 2.000e-06, eta: 0:30:38, time: 0.405, data_time: 0.020, memory: 693, loss_cls: 0.5088, loss_kpt: 22.6561, loss_flow: 0.1058, loss_bone: 0.0900, loss: 23.3607, grad_norm: 365.1953
2026-06-14 07:51:55,919 - mmdet - INFO - Epoch [4][1300/2811]	lr: 2.000e-06, eta: 0:30:17, time: 0.413, data_time: 0.021, memory: 693, loss_cls: 0.5084, loss_kpt: 22.8255, loss_flow: 0.1063, loss_bone: 0.0916, loss: 23.5318, grad_norm: 366.7215
2026-06-14 07:52:15,864 - mmdet - INFO - Epoch [4][1350/2811]	lr: 2.000e-06, eta: 0:29:55, time: 0.399, data_time: 0.020, memory: 693, loss_cls: 0.5067, loss_kpt: 23.0877, loss_flow: 0.1152, loss_bone: 0.0920, loss: 23.8016, grad_norm: 409.3911
2026-06-14 07:52:33,472 - mmdet - INFO - Epoch [4][1400/2811]	lr: 2.000e-06, eta: 0:29:33, time: 0.352, data_time: 0.019, memory: 693, loss_cls: 0.4995, loss_kpt: 23.0874, loss_flow: 0.1110, loss_bone: 0.0923, loss: 23.7902, grad_norm: 376.7036
2026-06-14 07:52:52,191 - mmdet - INFO - Epoch [4][1450/2811]	lr: 2.000e-06, eta: 0:29:11, time: 0.374, data_time: 0.020, memory: 693, loss_cls: 0.5018, loss_kpt: 22.6477, loss_flow: 0.1074, loss_bone: 0.0908, loss: 23.3477, grad_norm: 397.2107
2026-06-14 07:53:12,915 - mmdet - INFO - Epoch [4][1500/2811]	lr: 2.000e-06, eta: 0:28:50, time: 0.414, data_time: 0.021, memory: 693, loss_cls: 0.4984, loss_kpt: 22.5478, loss_flow: 0.1090, loss_bone: 0.0913, loss: 23.2464, grad_norm: 354.2500
2026-06-14 07:53:35,033 - mmdet - INFO - Epoch [4][1550/2811]	lr: 2.000e-06, eta: 0:28:29, time: 0.442, data_time: 0.021, memory: 693, loss_cls: 0.5034, loss_kpt: 22.4870, loss_flow: 0.1070, loss_bone: 0.0918, loss: 23.1892, grad_norm: 373.2602
2026-06-14 07:53:56,060 - mmdet - INFO - Epoch [4][1600/2811]	lr: 2.000e-06, eta: 0:28:08, time: 0.421, data_time: 0.021, memory: 693, loss_cls: 0.5061, loss_kpt: 22.8691, loss_flow: 0.1124, loss_bone: 0.0915, loss: 23.5791, grad_norm: 394.7193
2026-06-14 07:54:16,492 - mmdet - INFO - Epoch [4][1650/2811]	lr: 2.000e-06, eta: 0:27:47, time: 0.409, data_time: 0.021, memory: 693, loss_cls: 0.5021, loss_kpt: 22.7886, loss_flow: 0.1066, loss_bone: 0.0916, loss: 23.4889, grad_norm: 401.5141
2026-06-14 07:54:36,456 - mmdet - INFO - Epoch [4][1700/2811]	lr: 2.000e-06, eta: 0:27:25, time: 0.399, data_time: 0.020, memory: 693, loss_cls: 0.5037, loss_kpt: 23.1119, loss_flow: 0.1077, loss_bone: 0.0923, loss: 23.8157, grad_norm: 412.6974
2026-06-14 07:54:56,376 - mmdet - INFO - Epoch [4][1750/2811]	lr: 2.000e-06, eta: 0:27:04, time: 0.398, data_time: 0.021, memory: 693, loss_cls: 0.5023, loss_kpt: 22.5042, loss_flow: 0.1072, loss_bone: 0.0917, loss: 23.2054, grad_norm: 355.0017
2026-06-14 07:55:16,480 - mmdet - INFO - Epoch [4][1800/2811]	lr: 2.000e-06, eta: 0:26:43, time: 0.402, data_time: 0.020, memory: 693, loss_cls: 0.5012, loss_kpt: 22.4280, loss_flow: 0.1070, loss_bone: 0.0917, loss: 23.1278, grad_norm: 348.1268
2026-06-14 07:55:36,552 - mmdet - INFO - Epoch [4][1850/2811]	lr: 2.000e-06, eta: 0:26:21, time: 0.401, data_time: 0.020, memory: 693, loss_cls: 0.5007, loss_kpt: 22.7146, loss_flow: 0.1074, loss_bone: 0.0916, loss: 23.4142, grad_norm: 367.5436
2026-06-14 07:55:59,023 - mmdet - INFO - Epoch [4][1900/2811]	lr: 2.000e-06, eta: 0:26:01, time: 0.449, data_time: 0.020, memory: 693, loss_cls: 0.5033, loss_kpt: 22.3776, loss_flow: 0.1058, loss_bone: 0.0924, loss: 23.0791, grad_norm: 353.2159
2026-06-14 07:56:21,239 - mmdet - INFO - Epoch [4][1950/2811]	lr: 2.000e-06, eta: 0:25:40, time: 0.444, data_time: 0.021, memory: 693, loss_cls: 0.4931, loss_kpt: 22.5799, loss_flow: 0.1060, loss_bone: 0.0916, loss: 23.2705, grad_norm: 396.8944
2026-06-14 07:56:41,375 - mmdet - INFO - Epoch [4][2000/2811]	lr: 2.000e-06, eta: 0:25:19, time: 0.403, data_time: 0.021, memory: 693, loss_cls: 0.4989, loss_kpt: 22.7559, loss_flow: 0.1047, loss_bone: 0.0924, loss: 23.4518, grad_norm: 363.7402
2026-06-14 07:57:04,841 - mmdet - INFO - Epoch [4][2050/2811]	lr: 2.000e-06, eta: 0:24:59, time: 0.469, data_time: 0.020, memory: 693, loss_cls: 0.4955, loss_kpt: 22.4671, loss_flow: 0.1047, loss_bone: 0.0921, loss: 23.1594, grad_norm: 340.5814
2026-06-14 07:57:24,924 - mmdet - INFO - Epoch [4][2100/2811]	lr: 2.000e-06, eta: 0:24:38, time: 0.402, data_time: 0.019, memory: 693, loss_cls: 0.4986, loss_kpt: 22.5289, loss_flow: 0.1068, loss_bone: 0.0914, loss: 23.2256, grad_norm: 357.5909
2026-06-14 07:57:46,620 - mmdet - INFO - Epoch [4][2150/2811]	lr: 2.000e-06, eta: 0:24:17, time: 0.434, data_time: 0.020, memory: 693, loss_cls: 0.5019, loss_kpt: 22.4216, loss_flow: 0.1060, loss_bone: 0.0917, loss: 23.1212, grad_norm: 419.9774
2026-06-14 07:58:06,942 - mmdet - INFO - Epoch [4][2200/2811]	lr: 2.000e-06, eta: 0:23:56, time: 0.406, data_time: 0.021, memory: 693, loss_cls: 0.4983, loss_kpt: 22.1907, loss_flow: 0.1060, loss_bone: 0.0924, loss: 22.8873, grad_norm: 311.0104
2026-06-14 07:58:26,869 - mmdet - INFO - Epoch [4][2250/2811]	lr: 2.000e-06, eta: 0:23:35, time: 0.399, data_time: 0.020, memory: 693, loss_cls: 0.4993, loss_kpt: 22.5273, loss_flow: 0.1100, loss_bone: 0.0918, loss: 23.2285, grad_norm: 454.4301
2026-06-14 07:58:46,883 - mmdet - INFO - Epoch [4][2300/2811]	lr: 2.000e-06, eta: 0:23:13, time: 0.400, data_time: 0.020, memory: 693, loss_cls: 0.5021, loss_kpt: 22.0421, loss_flow: 0.1020, loss_bone: 0.0927, loss: 22.7390, grad_norm: 379.4346
2026-06-14 07:59:07,007 - mmdet - INFO - Epoch [4][2350/2811]	lr: 2.000e-06, eta: 0:22:52, time: 0.402, data_time: 0.021, memory: 693, loss_cls: 0.4982, loss_kpt: 22.1777, loss_flow: 0.1012, loss_bone: 0.0920, loss: 22.8692, grad_norm: 341.9158
2026-06-14 07:59:27,384 - mmdet - INFO - Epoch [4][2400/2811]	lr: 2.000e-06, eta: 0:22:31, time: 0.408, data_time: 0.021, memory: 693, loss_cls: 0.4966, loss_kpt: 22.2367, loss_flow: 0.1038, loss_bone: 0.0922, loss: 22.9292, grad_norm: 354.6300
2026-06-14 07:59:47,232 - mmdet - INFO - Epoch [4][2450/2811]	lr: 2.000e-06, eta: 0:22:10, time: 0.397, data_time: 0.020, memory: 693, loss_cls: 0.4934, loss_kpt: 22.0417, loss_flow: 0.1033, loss_bone: 0.0901, loss: 22.7285, grad_norm: 391.5252
2026-06-14 08:00:04,988 - mmdet - INFO - Epoch [4][2500/2811]	lr: 2.000e-06, eta: 0:21:48, time: 0.355, data_time: 0.019, memory: 693, loss_cls: 0.4891, loss_kpt: 22.4691, loss_flow: 0.1043, loss_bone: 0.0922, loss: 23.1547, grad_norm: 342.5230
2026-06-14 08:00:24,916 - mmdet - INFO - Epoch [4][2550/2811]	lr: 2.000e-06, eta: 0:21:26, time: 0.399, data_time: 0.021, memory: 693, loss_cls: 0.4918, loss_kpt: 22.1709, loss_flow: 0.1050, loss_bone: 0.0927, loss: 22.8603, grad_norm: 359.6831
2026-06-14 08:00:45,212 - mmdet - INFO - Epoch [4][2600/2811]	lr: 2.000e-06, eta: 0:21:05, time: 0.406, data_time: 0.021, memory: 693, loss_cls: 0.4929, loss_kpt: 22.5766, loss_flow: 0.1050, loss_bone: 0.0928, loss: 23.2673, grad_norm: 359.4077
2026-06-14 08:01:05,584 - mmdet - INFO - Epoch [4][2650/2811]	lr: 2.000e-06, eta: 0:20:44, time: 0.407, data_time: 0.021, memory: 693, loss_cls: 0.4957, loss_kpt: 22.1667, loss_flow: 0.1029, loss_bone: 0.0926, loss: 22.8578, grad_norm: 364.4959
2026-06-14 08:01:26,002 - mmdet - INFO - Epoch [4][2700/2811]	lr: 2.000e-06, eta: 0:20:23, time: 0.408, data_time: 0.021, memory: 693, loss_cls: 0.4894, loss_kpt: 22.5456, loss_flow: 0.1037, loss_bone: 0.0925, loss: 23.2311, grad_norm: 386.1444
2026-06-14 08:01:46,483 - mmdet - INFO - Epoch [4][2750/2811]	lr: 2.000e-06, eta: 0:20:02, time: 0.410, data_time: 0.021, memory: 693, loss_cls: 0.4968, loss_kpt: 22.3197, loss_flow: 0.1021, loss_bone: 0.0918, loss: 23.0104, grad_norm: 361.6898
2026-06-14 08:02:06,727 - mmdet - INFO - Epoch [4][2800/2811]	lr: 2.000e-06, eta: 0:19:41, time: 0.405, data_time: 0.021, memory: 693, loss_cls: 0.4916, loss_kpt: 22.1998, loss_flow: 0.1004, loss_bone: 0.0932, loss: 22.8851, grad_norm: 409.4856
2026-06-14 08:02:11,352 - mmdet - INFO - Updating latest checkpoint at 4 epochs
2026-06-14 08:02:11,560 - mmdet - INFO - [BoneLossWarmup] Epoch 5/5 | Warmup: 1e, Ramp: 1e | Bone weight -> 1.0000
2026-06-14 08:02:34,315 - mmdet - INFO - Epoch [5][50/2811]	lr: 2.000e-06, eta: 0:19:15, time: 0.455, data_time: 0.074, memory: 693, loss_cls: 0.4943, loss_kpt: 21.9215, loss_flow: 0.1028, loss_bone: 0.0934, loss: 22.6121, grad_norm: 357.0918
2026-06-14 08:02:56,392 - mmdet - INFO - Epoch [5][100/2811]	lr: 2.000e-06, eta: 0:18:54, time: 0.442, data_time: 0.020, memory: 693, loss_cls: 0.4864, loss_kpt: 22.2161, loss_flow: 0.1012, loss_bone: 0.0914, loss: 22.8951, grad_norm: 343.2594
2026-06-14 08:03:16,900 - mmdet - INFO - Epoch [5][150/2811]	lr: 2.000e-06, eta: 0:18:33, time: 0.410, data_time: 0.020, memory: 693, loss_cls: 0.4932, loss_kpt: 22.2905, loss_flow: 0.1046, loss_bone: 0.0926, loss: 22.9808, grad_norm: 360.5152
2026-06-14 08:03:37,001 - mmdet - INFO - Epoch [5][200/2811]	lr: 2.000e-06, eta: 0:18:12, time: 0.402, data_time: 0.021, memory: 693, loss_cls: 0.4913, loss_kpt: 22.0224, loss_flow: 0.1029, loss_bone: 0.0929, loss: 22.7094, grad_norm: 337.3254
2026-06-14 08:03:57,272 - mmdet - INFO - Epoch [5][250/2811]	lr: 2.000e-06, eta: 0:17:51, time: 0.405, data_time: 0.020, memory: 693, loss_cls: 0.4894, loss_kpt: 22.1523, loss_flow: 0.1018, loss_bone: 0.0921, loss: 22.8356, grad_norm: 344.9352
2026-06-14 08:04:17,667 - mmdet - INFO - Epoch [5][300/2811]	lr: 2.000e-06, eta: 0:17:30, time: 0.408, data_time: 0.020, memory: 693, loss_cls: 0.4878, loss_kpt: 21.9690, loss_flow: 0.1032, loss_bone: 0.0935, loss: 22.6536, grad_norm: 417.3778
2026-06-14 08:04:38,204 - mmdet - INFO - Epoch [5][350/2811]	lr: 2.000e-06, eta: 0:17:09, time: 0.411, data_time: 0.019, memory: 693, loss_cls: 0.4901, loss_kpt: 22.2965, loss_flow: 0.1047, loss_bone: 0.0924, loss: 22.9837, grad_norm: 425.0302
2026-06-14 08:04:58,200 - mmdet - INFO - Epoch [5][400/2811]	lr: 2.000e-06, eta: 0:16:48, time: 0.400, data_time: 0.021, memory: 693, loss_cls: 0.4850, loss_kpt: 21.8425, loss_flow: 0.0991, loss_bone: 0.0933, loss: 22.5200, grad_norm: 355.3534
2026-06-14 08:05:18,508 - mmdet - INFO - Epoch [5][450/2811]	lr: 2.000e-06, eta: 0:16:27, time: 0.406, data_time: 0.021, memory: 693, loss_cls: 0.4830, loss_kpt: 22.0194, loss_flow: 0.1020, loss_bone: 0.0922, loss: 22.6967, grad_norm: 377.2765
2026-06-14 08:05:38,723 - mmdet - INFO - Epoch [5][500/2811]	lr: 2.000e-06, eta: 0:16:06, time: 0.404, data_time: 0.021, memory: 693, loss_cls: 0.4883, loss_kpt: 22.2564, loss_flow: 0.1021, loss_bone: 0.0928, loss: 22.9397, grad_norm: 364.2314
2026-06-14 08:05:59,367 - mmdet - INFO - Epoch [5][550/2811]	lr: 2.000e-06, eta: 0:15:45, time: 0.413, data_time: 0.020, memory: 693, loss_cls: 0.4878, loss_kpt: 22.0971, loss_flow: 0.1042, loss_bone: 0.0925, loss: 22.7815, grad_norm: 383.2696
2026-06-14 08:06:19,325 - mmdet - INFO - Epoch [5][600/2811]	lr: 2.000e-06, eta: 0:15:24, time: 0.399, data_time: 0.020, memory: 693, loss_cls: 0.4842, loss_kpt: 22.3201, loss_flow: 0.1042, loss_bone: 0.0933, loss: 23.0018, grad_norm: 417.7834
2026-06-14 08:06:41,563 - mmdet - INFO - Epoch [5][650/2811]	lr: 2.000e-06, eta: 0:15:03, time: 0.445, data_time: 0.020, memory: 693, loss_cls: 0.4816, loss_kpt: 22.0836, loss_flow: 0.1018, loss_bone: 0.0933, loss: 22.7604, grad_norm: 355.1099
2026-06-14 08:07:01,371 - mmdet - INFO - Epoch [5][700/2811]	lr: 2.000e-06, eta: 0:14:42, time: 0.396, data_time: 0.019, memory: 693, loss_cls: 0.4905, loss_kpt: 22.2130, loss_flow: 0.1026, loss_bone: 0.0933, loss: 22.8994, grad_norm: 412.7841
2026-06-14 08:07:18,382 - mmdet - INFO - Epoch [5][750/2811]	lr: 2.000e-06, eta: 0:14:20, time: 0.340, data_time: 0.019, memory: 693, loss_cls: 0.4839, loss_kpt: 22.3493, loss_flow: 0.0999, loss_bone: 0.0935, loss: 23.0266, grad_norm: 395.1465
2026-06-14 08:07:36,572 - mmdet - INFO - Epoch [5][800/2811]	lr: 2.000e-06, eta: 0:13:59, time: 0.364, data_time: 0.019, memory: 693, loss_cls: 0.4785, loss_kpt: 21.8150, loss_flow: 0.1011, loss_bone: 0.0935, loss: 22.4881, grad_norm: 338.7362
2026-06-14 08:07:56,599 - mmdet - INFO - Epoch [5][850/2811]	lr: 2.000e-06, eta: 0:13:38, time: 0.401, data_time: 0.023, memory: 693, loss_cls: 0.4856, loss_kpt: 21.9822, loss_flow: 0.1001, loss_bone: 0.0939, loss: 22.6619, grad_norm: 379.5148
2026-06-14 08:08:16,539 - mmdet - INFO - Epoch [5][900/2811]	lr: 2.000e-06, eta: 0:13:17, time: 0.399, data_time: 0.020, memory: 693, loss_cls: 0.4806, loss_kpt: 22.0480, loss_flow: 0.1000, loss_bone: 0.0922, loss: 22.7208, grad_norm: 381.5769
2026-06-14 08:08:36,427 - mmdet - INFO - Epoch [5][950/2811]	lr: 2.000e-06, eta: 0:12:56, time: 0.398, data_time: 0.020, memory: 693, loss_cls: 0.4900, loss_kpt: 21.6054, loss_flow: 0.0981, loss_bone: 0.0935, loss: 22.2871, grad_norm: 383.8231
2026-06-14 08:08:56,293 - mmdet - INFO - Epoch [5][1000/2811]	lr: 2.000e-06, eta: 0:12:35, time: 0.397, data_time: 0.020, memory: 693, loss_cls: 0.4817, loss_kpt: 21.8267, loss_flow: 0.1028, loss_bone: 0.0923, loss: 22.5035, grad_norm: 366.5188
2026-06-14 08:09:16,349 - mmdet - INFO - Epoch [5][1050/2811]	lr: 2.000e-06, eta: 0:12:14, time: 0.401, data_time: 0.020, memory: 693, loss_cls: 0.4831, loss_kpt: 21.7360, loss_flow: 0.1009, loss_bone: 0.0933, loss: 22.4133, grad_norm: 392.8307
2026-06-14 08:09:38,275 - mmdet - INFO - Epoch [5][1100/2811]	lr: 2.000e-06, eta: 0:11:53, time: 0.439, data_time: 0.020, memory: 693, loss_cls: 0.4832, loss_kpt: 21.5142, loss_flow: 0.0998, loss_bone: 0.0933, loss: 22.1905, grad_norm: 369.6756
2026-06-14 08:09:59,252 - mmdet - INFO - Epoch [5][1150/2811]	lr: 2.000e-06, eta: 0:11:32, time: 0.420, data_time: 0.021, memory: 693, loss_cls: 0.4854, loss_kpt: 21.5102, loss_flow: 0.0985, loss_bone: 0.0927, loss: 22.1868, grad_norm: 420.8873
2026-06-14 08:10:19,159 - mmdet - INFO - Epoch [5][1200/2811]	lr: 2.000e-06, eta: 0:11:11, time: 0.398, data_time: 0.021, memory: 693, loss_cls: 0.4787, loss_kpt: 21.4711, loss_flow: 0.0979, loss_bone: 0.0928, loss: 22.1405, grad_norm: 390.3974
2026-06-14 08:10:40,508 - mmdet - INFO - Epoch [5][1250/2811]	lr: 2.000e-06, eta: 0:10:51, time: 0.427, data_time: 0.020, memory: 693, loss_cls: 0.4786, loss_kpt: 21.5722, loss_flow: 0.0983, loss_bone: 0.0934, loss: 22.2425, grad_norm: 377.2476
2026-06-14 08:11:01,476 - mmdet - INFO - Epoch [5][1300/2811]	lr: 2.000e-06, eta: 0:10:30, time: 0.419, data_time: 0.020, memory: 693, loss_cls: 0.4809, loss_kpt: 22.0231, loss_flow: 0.0982, loss_bone: 0.0935, loss: 22.6956, grad_norm: 369.4297
2026-06-14 08:11:21,464 - mmdet - INFO - Epoch [5][1350/2811]	lr: 2.000e-06, eta: 0:10:09, time: 0.400, data_time: 0.021, memory: 693, loss_cls: 0.4720, loss_kpt: 21.7382, loss_flow: 0.0971, loss_bone: 0.0928, loss: 22.4001, grad_norm: 337.3557
2026-06-14 08:11:41,562 - mmdet - INFO - Epoch [5][1400/2811]	lr: 2.000e-06, eta: 0:09:48, time: 0.402, data_time: 0.021, memory: 693, loss_cls: 0.4717, loss_kpt: 22.0234, loss_flow: 0.1003, loss_bone: 0.0932, loss: 22.6886, grad_norm: 379.8344
2026-06-14 08:12:01,504 - mmdet - INFO - Epoch [5][1450/2811]	lr: 2.000e-06, eta: 0:09:27, time: 0.399, data_time: 0.020, memory: 693, loss_cls: 0.4822, loss_kpt: 21.2598, loss_flow: 0.0977, loss_bone: 0.0934, loss: 21.9331, grad_norm: 365.1640
2026-06-14 08:12:21,819 - mmdet - INFO - Epoch [5][1500/2811]	lr: 2.000e-06, eta: 0:09:06, time: 0.406, data_time: 0.021, memory: 693, loss_cls: 0.4823, loss_kpt: 21.4228, loss_flow: 0.0977, loss_bone: 0.0931, loss: 22.0960, grad_norm: 354.4196
2026-06-14 08:12:41,959 - mmdet - INFO - Epoch [5][1550/2811]	lr: 2.000e-06, eta: 0:08:45, time: 0.403, data_time: 0.021, memory: 693, loss_cls: 0.4819, loss_kpt: 21.3919, loss_flow: 0.0964, loss_bone: 0.0946, loss: 22.0648, grad_norm: 345.7443
2026-06-14 08:13:02,285 - mmdet - INFO - Epoch [5][1600/2811]	lr: 2.000e-06, eta: 0:08:24, time: 0.407, data_time: 0.021, memory: 693, loss_cls: 0.4774, loss_kpt: 21.2974, loss_flow: 0.0968, loss_bone: 0.0931, loss: 21.9647, grad_norm: 345.8871
2026-06-14 08:13:22,132 - mmdet - INFO - Epoch [5][1650/2811]	lr: 2.000e-06, eta: 0:08:03, time: 0.397, data_time: 0.020, memory: 693, loss_cls: 0.4840, loss_kpt: 21.5025, loss_flow: 0.0980, loss_bone: 0.0941, loss: 22.1786, grad_norm: 383.2632
2026-06-14 08:13:40,198 - mmdet - INFO - Epoch [5][1700/2811]	lr: 2.000e-06, eta: 0:07:42, time: 0.361, data_time: 0.019, memory: 693, loss_cls: 0.4764, loss_kpt: 21.5543, loss_flow: 0.0980, loss_bone: 0.0940, loss: 22.2226, grad_norm: 367.7466
2026-06-14 08:13:58,287 - mmdet - INFO - Epoch [5][1750/2811]	lr: 2.000e-06, eta: 0:07:21, time: 0.362, data_time: 0.019, memory: 693, loss_cls: 0.4768, loss_kpt: 21.7995, loss_flow: 0.1000, loss_bone: 0.0945, loss: 22.4709, grad_norm: 381.9925
2026-06-14 08:14:18,446 - mmdet - INFO - Epoch [5][1800/2811]	lr: 2.000e-06, eta: 0:07:00, time: 0.403, data_time: 0.021, memory: 693, loss_cls: 0.4774, loss_kpt: 21.2843, loss_flow: 0.0970, loss_bone: 0.0939, loss: 21.9526, grad_norm: 363.9024
2026-06-14 08:14:38,423 - mmdet - INFO - Epoch [5][1850/2811]	lr: 2.000e-06, eta: 0:06:39, time: 0.400, data_time: 0.020, memory: 693, loss_cls: 0.4763, loss_kpt: 21.2736, loss_flow: 0.0942, loss_bone: 0.0936, loss: 21.9377, grad_norm: 358.1538
2026-06-14 08:14:58,344 - mmdet - INFO - Epoch [5][1900/2811]	lr: 2.000e-06, eta: 0:06:19, time: 0.398, data_time: 0.020, memory: 693, loss_cls: 0.4722, loss_kpt: 21.7491, loss_flow: 0.0987, loss_bone: 0.0922, loss: 22.4122, grad_norm: 369.7439
2026-06-14 08:15:19,749 - mmdet - INFO - Epoch [5][1950/2811]	lr: 2.000e-06, eta: 0:05:58, time: 0.428, data_time: 0.021, memory: 693, loss_cls: 0.4695, loss_kpt: 21.4102, loss_flow: 0.0988, loss_bone: 0.0948, loss: 22.0732, grad_norm: 366.2508
2026-06-14 08:15:41,340 - mmdet - INFO - Epoch [5][2000/2811]	lr: 2.000e-06, eta: 0:05:37, time: 0.432, data_time: 0.021, memory: 693, loss_cls: 0.4755, loss_kpt: 21.4086, loss_flow: 0.0972, loss_bone: 0.0941, loss: 22.0754, grad_norm: 367.2632
2026-06-14 08:16:01,411 - mmdet - INFO - Epoch [5][2050/2811]	lr: 2.000e-06, eta: 0:05:16, time: 0.401, data_time: 0.021, memory: 693, loss_cls: 0.4760, loss_kpt: 21.1319, loss_flow: 0.0954, loss_bone: 0.0932, loss: 21.7965, grad_norm: 330.1655
2026-06-14 08:16:21,635 - mmdet - INFO - Epoch [5][2100/2811]	lr: 2.000e-06, eta: 0:04:55, time: 0.404, data_time: 0.021, memory: 693, loss_cls: 0.4754, loss_kpt: 21.5408, loss_flow: 0.1011, loss_bone: 0.0955, loss: 22.2129, grad_norm: 374.3143
2026-06-14 08:16:41,639 - mmdet - INFO - Epoch [5][2150/2811]	lr: 2.000e-06, eta: 0:04:35, time: 0.400, data_time: 0.020, memory: 693, loss_cls: 0.4694, loss_kpt: 21.4678, loss_flow: 0.0969, loss_bone: 0.0937, loss: 22.1278, grad_norm: 381.2391
2026-06-14 08:17:03,221 - mmdet - INFO - Epoch [5][2200/2811]	lr: 2.000e-06, eta: 0:04:14, time: 0.432, data_time: 0.021, memory: 693, loss_cls: 0.4764, loss_kpt: 21.0798, loss_flow: 0.0949, loss_bone: 0.0937, loss: 21.7448, grad_norm: 347.1503
2026-06-14 08:17:23,228 - mmdet - INFO - Epoch [5][2250/2811]	lr: 2.000e-06, eta: 0:03:53, time: 0.400, data_time: 0.021, memory: 693, loss_cls: 0.4733, loss_kpt: 21.2479, loss_flow: 0.0976, loss_bone: 0.0937, loss: 21.9124, grad_norm: 362.1662
2026-06-14 08:17:44,252 - mmdet - INFO - Epoch [5][2300/2811]	lr: 2.000e-06, eta: 0:03:32, time: 0.420, data_time: 0.021, memory: 693, loss_cls: 0.4713, loss_kpt: 21.3200, loss_flow: 0.0963, loss_bone: 0.0935, loss: 21.9811, grad_norm: 386.4301
2026-06-14 08:18:06,517 - mmdet - INFO - Epoch [5][2350/2811]	lr: 2.000e-06, eta: 0:03:11, time: 0.445, data_time: 0.020, memory: 693, loss_cls: 0.4779, loss_kpt: 21.0918, loss_flow: 0.0958, loss_bone: 0.0938, loss: 21.7593, grad_norm: 337.1339
2026-06-14 08:18:29,207 - mmdet - INFO - Epoch [5][2400/2811]	lr: 2.000e-06, eta: 0:02:51, time: 0.454, data_time: 0.020, memory: 693, loss_cls: 0.4703, loss_kpt: 21.6217, loss_flow: 0.0951, loss_bone: 0.0949, loss: 22.2819, grad_norm: 341.0060
2026-06-14 08:18:48,436 - mmdet - INFO - Epoch [5][2450/2811]	lr: 2.000e-06, eta: 0:02:30, time: 0.385, data_time: 0.020, memory: 693, loss_cls: 0.4767, loss_kpt: 21.5201, loss_flow: 0.0981, loss_bone: 0.0938, loss: 22.1887, grad_norm: 348.5327
2026-06-14 08:19:08,632 - mmdet - INFO - Epoch [5][2500/2811]	lr: 2.000e-06, eta: 0:02:09, time: 0.404, data_time: 0.021, memory: 693, loss_cls: 0.4752, loss_kpt: 21.4044, loss_flow: 0.0963, loss_bone: 0.0939, loss: 22.0699, grad_norm: 363.0498
2026-06-14 08:19:31,539 - mmdet - INFO - Epoch [5][2550/2811]	lr: 2.000e-06, eta: 0:01:48, time: 0.458, data_time: 0.019, memory: 693, loss_cls: 0.4666, loss_kpt: 21.5474, loss_flow: 0.0973, loss_bone: 0.0943, loss: 22.2056, grad_norm: 384.4871
2026-06-14 08:19:54,107 - mmdet - INFO - Epoch [5][2600/2811]	lr: 2.000e-06, eta: 0:01:27, time: 0.451, data_time: 0.020, memory: 693, loss_cls: 0.4691, loss_kpt: 21.4653, loss_flow: 0.0981, loss_bone: 0.0943, loss: 22.1268, grad_norm: 343.3263
2026-06-14 08:20:14,355 - mmdet - INFO - Epoch [5][2650/2811]	lr: 2.000e-06, eta: 0:01:07, time: 0.405, data_time: 0.021, memory: 693, loss_cls: 0.4800, loss_kpt: 20.9727, loss_flow: 0.0945, loss_bone: 0.0964, loss: 21.6437, grad_norm: 359.3126
2026-06-14 08:20:34,624 - mmdet - INFO - Epoch [5][2700/2811]	lr: 2.000e-06, eta: 0:00:46, time: 0.405, data_time: 0.020, memory: 693, loss_cls: 0.4683, loss_kpt: 21.2000, loss_flow: 0.0939, loss_bone: 0.0944, loss: 21.8564, grad_norm: 357.5751
2026-06-14 08:20:54,687 - mmdet - INFO - Epoch [5][2750/2811]	lr: 2.000e-06, eta: 0:00:25, time: 0.401, data_time: 0.020, memory: 693, loss_cls: 0.4702, loss_kpt: 21.4727, loss_flow: 0.0979, loss_bone: 0.0946, loss: 22.1355, grad_norm: 383.7485
2026-06-14 08:21:13,379 - mmdet - INFO - Epoch [5][2800/2811]	lr: 2.000e-06, eta: 0:00:04, time: 0.374, data_time: 0.019, memory: 693, loss_cls: 0.4657, loss_kpt: 21.0984, loss_flow: 0.0951, loss_bone: 0.0942, loss: 21.7534, grad_norm: 369.2894
2026-06-14 08:21:17,826 - mmdet - INFO - Saving checkpoint at 5 epochs
[                                                  ] 0/7824, elapsed: 0s, ETA:[                                ] 1/7824, 5.6 task/s, elapsed: 0s, ETA:  1409s[                               ] 2/7824, 10.2 task/s, elapsed: 0s, ETA:   765s[                               ] 3/7824, 14.3 task/s, elapsed: 0s, ETA:   547s[                               ] 4/7824, 17.9 task/s, elapsed: 0s, ETA:   438s[                               ] 5/7824, 21.0 task/s, elapsed: 0s, ETA:   372s[                               ] 6/7824, 23.8 task/s, elapsed: 0s, ETA:   328s[                               ] 7/7824, 26.3 task/s, elapsed: 0s, ETA:   297s[                               ] 8/7824, 28.6 task/s, elapsed: 0s, ETA:   273s[                               ] 9/7824, 30.7 task/s, elapsed: 0s, ETA:   255s[                              ] 10/7824, 32.6 task/s, elapsed: 0s, ETA:   240s[                              ] 11/7824, 34.3 task/s, elapsed: 0s, ETA:   228s[                              ] 12/7824, 35.9 task/s, elapsed: 0s, ETA:   218s[                              ] 13/7824, 37.3 task/s, elapsed: 0s, ETA:   209s[                              ] 14/7824, 38.7 task/s, elapsed: 0s, ETA:   202s[                              ] 15/7824, 39.9 task/s, elapsed: 0s, ETA:   196s[                              ] 16/7824, 41.1 task/s, elapsed: 0s, ETA:   190s[                              ] 17/7824, 42.1 task/s, elapsed: 0s, ETA:   185s[                              ] 18/7824, 43.2 task/s, elapsed: 0s, ETA:   181s[                              ] 19/7824, 44.1 task/s, elapsed: 0s, ETA:   177s[                              ] 20/7824, 45.0 task/s, elapsed: 0s, ETA:   173s[                              ] 21/7824, 45.8 task/s, elapsed: 0s, ETA:   170s[                              ] 22/7824, 46.6 task/s, elapsed: 0s, ETA:   167s[                              ] 23/7824, 47.3 task/s, elapsed: 0s, ETA:   165s[                              ] 24/7824, 48.0 task/s, elapsed: 0s, ETA:   162s[                              ] 25/7824, 48.7 task/s, elapsed: 1s, ETA:   160s[                              ] 26/7824, 49.3 task/s, elapsed: 1s, ETA:   158s[                              ] 27/7824, 49.9 task/s, elapsed: 1s, ETA:   156s[                              ] 28/7824, 50.5 task/s, elapsed: 1s, ETA:   154s[                              ] 29/7824, 51.0 task/s, elapsed: 1s, ETA:   153s[                              ] 30/7824, 51.5 task/s, elapsed: 1s, ETA:   151s[                              ] 31/7824, 52.0 task/s, elapsed: 1s, ETA:   150s[                              ] 32/7824, 52.5 task/s, elapsed: 1s, ETA:   148s[                              ] 33/7824, 52.9 task/s, elapsed: 1s, ETA:   147s[                              ] 34/7824, 53.3 task/s, elapsed: 1s, ETA:   146s[                              ] 35/7824, 53.8 task/s, elapsed: 1s, ETA:   145s[                              ] 36/7824, 54.2 task/s, elapsed: 1s, ETA:   144s[                              ] 37/7824, 54.6 task/s, elapsed: 1s, ETA:   143s[                              ] 38/7824, 54.9 task/s, elapsed: 1s, ETA:   142s[                              ] 39/7824, 55.3 task/s, elapsed: 1s, ETA:   141s[                              ] 40/7824, 55.6 task/s, elapsed: 1s, ETA:   140s[                              ] 41/7824, 56.0 task/s, elapsed: 1s, ETA:   139s[                              ] 42/7824, 56.3 task/s, elapsed: 1s, ETA:   138s[                              ] 43/7824, 56.6 task/s, elapsed: 1s, ETA:   137s[                              ] 44/7824, 56.9 task/s, elapsed: 1s, ETA:   137s[                              ] 45/7824, 57.2 task/s, elapsed: 1s, ETA:   136s[                              ] 46/7824, 57.5 task/s, elapsed: 1s, ETA:   135s[                              ] 47/7824, 57.7 task/s, elapsed: 1s, ETA:   135s[                              ] 48/7824, 58.0 task/s, elapsed: 1s, ETA:   134s[                              ] 49/7824, 58.2 task/s, elapsed: 1s, ETA:   134s[                              ] 50/7824, 58.5 task/s, elapsed: 1s, ETA:   133s[                              ] 51/7824, 58.7 task/s, elapsed: 1s, ETA:   132s[                              ] 52/7824, 58.9 task/s, elapsed: 1s, ETA:   132s[                              ] 53/7824, 59.2 task/s, elapsed: 1s, ETA:   131s[                              ] 54/7824, 59.4 task/s, elapsed: 1s, ETA:   131s[                              ] 55/7824, 59.6 task/s, elapsed: 1s, ETA:   130s[                              ] 56/7824, 59.8 task/s, elapsed: 1s, ETA:   130s[                              ] 57/7824, 59.9 task/s, elapsed: 1s, ETA:   130s[                              ] 58/7824, 60.1 task/s, elapsed: 1s, ETA:   129s[                              ] 59/7824, 60.3 task/s, elapsed: 1s, ETA:   129s[                              ] 60/7824, 60.4 task/s, elapsed: 1s, ETA:   128s[                              ] 61/7824, 60.6 task/s, elapsed: 1s, ETA:   128s[                              ] 62/7824, 60.8 task/s, elapsed: 1s, ETA:   128s[                              ] 63/7824, 60.9 task/s, elapsed: 1s, ETA:   127s[                              ] 64/7824, 61.1 task/s, elapsed: 1s, ETA:   127s[                              ] 65/7824, 61.2 task/s, elapsed: 1s, ETA:   127s[                              ] 66/7824, 61.4 task/s, elapsed: 1s, ETA:   126s[                              ] 67/7824, 61.8 task/s, elapsed: 1s, ETA:   126s[                              ] 68/7824, 62.2 task/s, elapsed: 1s, ETA:   125s[                              ] 69/7824, 62.5 task/s, elapsed: 1s, ETA:   124s[                              ] 70/7824, 62.9 task/s, elapsed: 1s, ETA:   123s[                              ] 71/7824, 63.3 task/s, elapsed: 1s, ETA:   122s[                              ] 72/7824, 63.7 task/s, elapsed: 1s, ETA:   122s[                              ] 73/7824, 64.0 task/s, elapsed: 1s, ETA:   121s[                              ] 74/7824, 64.3 task/s, elapsed: 1s, ETA:   120s[                              ] 75/7824, 64.7 task/s, elapsed: 1s, ETA:   120s[                              ] 76/7824, 65.0 task/s, elapsed: 1s, ETA:   119s[                              ] 77/7824, 65.3 task/s, elapsed: 1s, ETA:   119s[                              ] 78/7824, 65.7 task/s, elapsed: 1s, ETA:   118s[                              ] 79/7824, 66.0 task/s, elapsed: 1s, ETA:   117s[                              ] 80/7824, 66.3 task/s, elapsed: 1s, ETA:   117s[                              ] 81/7824, 66.6 task/s, elapsed: 1s, ETA:   116s[                              ] 82/7824, 66.9 task/s, elapsed: 1s, ETA:   116s[                              ] 83/7824, 67.1 task/s, elapsed: 1s, ETA:   115s[                              ] 84/7824, 67.4 task/s, elapsed: 1s, ETA:   115s[                              ] 85/7824, 67.7 task/s, elapsed: 1s, ETA:   114s[                              ] 86/7824, 68.0 task/s, elapsed: 1s, ETA:   114s[                              ] 87/7824, 68.3 task/s, elapsed: 1s, ETA:   113s[                              ] 88/7824, 68.6 task/s, elapsed: 1s, ETA:   113s[                              ] 89/7824, 68.8 task/s, elapsed: 1s, ETA:   112s[                              ] 90/7824, 69.1 task/s, elapsed: 1s, ETA:   112s[                              ] 91/7824, 69.3 task/s, elapsed: 1s, ETA:   112s[                              ] 92/7824, 69.6 task/s, elapsed: 1s, ETA:   111s[                              ] 93/7824, 69.8 task/s, elapsed: 1s, ETA:   111s[                              ] 94/7824, 70.1 task/s, elapsed: 1s, ETA:   110s[                              ] 95/7824, 70.3 task/s, elapsed: 1s, ETA:   110s[                              ] 96/7824, 70.6 task/s, elapsed: 1s, ETA:   109s[                              ] 97/7824, 70.8 task/s, elapsed: 1s, ETA:   109s[                              ] 98/7824, 71.1 task/s, elapsed: 1s, ETA:   109s[                              ] 99/7824, 71.3 task/s, elapsed: 1s, ETA:   108s[                             ] 100/7824, 71.5 task/s, elapsed: 1s, ETA:   108s[                             ] 101/7824, 71.8 task/s, elapsed: 1s, ETA:   108s[                             ] 102/7824, 72.0 task/s, elapsed: 1s, ETA:   107s[                             ] 103/7824, 72.2 task/s, elapsed: 1s, ETA:   107s[                             ] 104/7824, 72.5 task/s, elapsed: 1s, ETA:   107s[                             ] 105/7824, 72.7 task/s, elapsed: 1s, ETA:   106s[                             ] 106/7824, 72.9 task/s, elapsed: 1s, ETA:   106s[                             ] 107/7824, 73.1 task/s, elapsed: 1s, ETA:   106s[                             ] 108/7824, 73.3 task/s, elapsed: 1s, ETA:   105s[                             ] 109/7824, 73.5 task/s, elapsed: 1s, ETA:   105s[                             ] 110/7824, 73.8 task/s, elapsed: 1s, ETA:   105s[                             ] 111/7824, 74.0 task/s, elapsed: 2s, ETA:   104s[                             ] 112/7824, 74.2 task/s, elapsed: 2s, ETA:   104s[                             ] 113/7824, 74.4 task/s, elapsed: 2s, ETA:   104s[                             ] 114/7824, 74.6 task/s, elapsed: 2s, ETA:   103s[                             ] 115/7824, 74.8 task/s, elapsed: 2s, ETA:   103s[                             ] 116/7824, 75.0 task/s, elapsed: 2s, ETA:   103s[                             ] 117/7824, 75.2 task/s, elapsed: 2s, ETA:   103s[                             ] 118/7824, 75.3 task/s, elapsed: 2s, ETA:   102s[                             ] 119/7824, 75.5 task/s, elapsed: 2s, ETA:   102s[                             ] 120/7824, 75.7 task/s, elapsed: 2s, ETA:   102s[                             ] 121/7824, 75.9 task/s, elapsed: 2s, ETA:   101s[                             ] 122/7824, 76.1 task/s, elapsed: 2s, ETA:   101s[                             ] 123/7824, 76.3 task/s, elapsed: 2s, ETA:   101s[                             ] 124/7824, 76.4 task/s, elapsed: 2s, ETA:   101s[                             ] 125/7824, 76.6 task/s, elapsed: 2s, ETA:   100s[                             ] 126/7824, 76.8 task/s, elapsed: 2s, ETA:   100s[                             ] 127/7824, 77.0 task/s, elapsed: 2s, ETA:   100s[                             ] 128/7824, 77.1 task/s, elapsed: 2s, ETA:   100s[                             ] 129/7824, 77.3 task/s, elapsed: 2s, ETA:   100s[                             ] 130/7824, 77.5 task/s, elapsed: 2s, ETA:    99s[                             ] 131/7824, 77.6 task/s, elapsed: 2s, ETA:    99s[                             ] 132/7824, 77.8 task/s, elapsed: 2s, ETA:    99s[                             ] 133/7824, 77.9 task/s, elapsed: 2s, ETA:    99s[                             ] 134/7824, 78.1 task/s, elapsed: 2s, ETA:    98s[                             ] 135/7824, 78.3 task/s, elapsed: 2s, ETA:    98s[                             ] 136/7824, 78.4 task/s, elapsed: 2s, ETA:    98s[                             ] 137/7824, 78.6 task/s, elapsed: 2s, ETA:    98s[                             ] 138/7824, 78.7 task/s, elapsed: 2s, ETA:    98s[                             ] 139/7824, 78.9 task/s, elapsed: 2s, ETA:    97s[                             ] 140/7824, 79.0 task/s, elapsed: 2s, ETA:    97s[                             ] 141/7824, 79.2 task/s, elapsed: 2s, ETA:    97s[                             ] 142/7824, 79.3 task/s, elapsed: 2s, ETA:    97s[                             ] 143/7824, 79.5 task/s, elapsed: 2s, ETA:    97s[                             ] 144/7824, 79.6 task/s, elapsed: 2s, ETA:    96s[                             ] 145/7824, 79.7 task/s, elapsed: 2s, ETA:    96s[                             ] 146/7824, 79.9 task/s, elapsed: 2s, ETA:    96s[                             ] 147/7824, 80.0 task/s, elapsed: 2s, ETA:    96s[                             ] 148/7824, 80.1 task/s, elapsed: 2s, ETA:    96s[                             ] 149/7824, 80.2 task/s, elapsed: 2s, ETA:    96s[                             ] 150/7824, 80.3 task/s, elapsed: 2s, ETA:    96s[                             ] 151/7824, 80.4 task/s, elapsed: 2s, ETA:    95s[                             ] 152/7824, 80.5 task/s, elapsed: 2s, ETA:    95s[                             ] 153/7824, 80.6 task/s, elapsed: 2s, ETA:    95s[                             ] 154/7824, 80.8 task/s, elapsed: 2s, ETA:    95s[                             ] 155/7824, 80.9 task/s, elapsed: 2s, ETA:    95s[                             ] 156/7824, 81.0 task/s, elapsed: 2s, ETA:    95s[                             ] 157/7824, 81.1 task/s, elapsed: 2s, ETA:    95s[                             ] 158/7824, 81.2 task/s, elapsed: 2s, ETA:    94s[                             ] 159/7824, 81.3 task/s, elapsed: 2s, ETA:    94s[                             ] 160/7824, 81.4 task/s, elapsed: 2s, ETA:    94s[                             ] 161/7824, 81.6 task/s, elapsed: 2s, ETA:    94s[                             ] 162/7824, 81.7 task/s, elapsed: 2s, ETA:    94s[                             ] 163/7824, 81.8 task/s, elapsed: 2s, ETA:    94s[                             ] 164/7824, 81.9 task/s, elapsed: 2s, ETA:    94s[                             ] 165/7824, 82.0 task/s, elapsed: 2s, ETA:    93s[                             ] 166/7824, 82.2 task/s, elapsed: 2s, ETA:    93s[                             ] 167/7824, 82.3 task/s, elapsed: 2s, ETA:    93s[                             ] 168/7824, 82.4 task/s, elapsed: 2s, ETA:    93s[                             ] 169/7824, 82.5 task/s, elapsed: 2s, ETA:    93s[                             ] 170/7824, 82.6 task/s, elapsed: 2s, ETA:    93s[                             ] 171/7824, 82.7 task/s, elapsed: 2s, ETA:    93s[                             ] 172/7824, 82.8 task/s, elapsed: 2s, ETA:    92s[                             ] 173/7824, 82.9 task/s, elapsed: 2s, ETA:    92s[                             ] 174/7824, 83.0 task/s, elapsed: 2s, ETA:    92s[                             ] 175/7824, 83.1 task/s, elapsed: 2s, ETA:    92s[                             ] 176/7824, 83.3 task/s, elapsed: 2s, ETA:    92s[                             ] 177/7824, 83.4 task/s, elapsed: 2s, ETA:    92s[                             ] 178/7824, 83.5 task/s, elapsed: 2s, ETA:    92s[                             ] 179/7824, 83.6 task/s, elapsed: 2s, ETA:    91s[                             ] 180/7824, 83.7 task/s, elapsed: 2s, ETA:    91s[                             ] 181/7824, 83.8 task/s, elapsed: 2s, ETA:    91s[                             ] 182/7824, 83.9 task/s, elapsed: 2s, ETA:    91s[                             ] 183/7824, 84.0 task/s, elapsed: 2s, ETA:    91s[                             ] 184/7824, 84.1 task/s, elapsed: 2s, ETA:    91s[                             ] 185/7824, 84.2 task/s, elapsed: 2s, ETA:    91s[                             ] 186/7824, 84.3 task/s, elapsed: 2s, ETA:    91s[                             ] 187/7824, 84.4 task/s, elapsed: 2s, ETA:    91s[                             ] 188/7824, 84.5 task/s, elapsed: 2s, ETA:    90s[                             ] 189/7824, 84.6 task/s, elapsed: 2s, ETA:    90s[                             ] 190/7824, 84.7 task/s, elapsed: 2s, ETA:    90s[                             ] 191/7824, 84.8 task/s, elapsed: 2s, ETA:    90s[                             ] 192/7824, 84.9 task/s, elapsed: 2s, ETA:    90s[                             ] 193/7824, 85.0 task/s, elapsed: 2s, ETA:    90s[                             ] 194/7824, 85.0 task/s, elapsed: 2s, ETA:    90s[                             ] 195/7824, 85.1 task/s, elapsed: 2s, ETA:    90s[                             ] 196/7824, 85.2 task/s, elapsed: 2s, ETA:    89s[                             ] 197/7824, 85.3 task/s, elapsed: 2s, ETA:    89s[                             ] 198/7824, 85.4 task/s, elapsed: 2s, ETA:    89s[                             ] 199/7824, 85.5 task/s, elapsed: 2s, ETA:    89s[                             ] 200/7824, 85.6 task/s, elapsed: 2s, ETA:    89s[                             ] 201/7824, 85.7 task/s, elapsed: 2s, ETA:    89s[                             ] 202/7824, 85.8 task/s, elapsed: 2s, ETA:    89s[                             ] 203/7824, 85.9 task/s, elapsed: 2s, ETA:    89s[                             ] 204/7824, 86.0 task/s, elapsed: 2s, ETA:    89s[                             ] 205/7824, 86.0 task/s, elapsed: 2s, ETA:    89s[                             ] 206/7824, 86.1 task/s, elapsed: 2s, ETA:    88s[                             ] 207/7824, 86.2 task/s, elapsed: 2s, ETA:    88s[                             ] 208/7824, 86.3 task/s, elapsed: 2s, ETA:    88s[                             ] 209/7824, 86.3 task/s, elapsed: 2s, ETA:    88s[                             ] 210/7824, 86.4 task/s, elapsed: 2s, ETA:    88s[                             ] 211/7824, 86.4 task/s, elapsed: 2s, ETA:    88s[                             ] 212/7824, 86.4 task/s, elapsed: 2s, ETA:    88s[                             ] 213/7824, 86.5 task/s, elapsed: 2s, ETA:    88s[                             ] 214/7824, 86.5 task/s, elapsed: 2s, ETA:    88s[                             ] 215/7824, 86.6 task/s, elapsed: 2s, ETA:    88s[                             ] 216/7824, 86.7 task/s, elapsed: 2s, ETA:    88s[                             ] 217/7824, 86.7 task/s, elapsed: 3s, ETA:    88s[                             ] 218/7824, 86.8 task/s, elapsed: 3s, ETA:    88s[                             ] 219/7824, 86.9 task/s, elapsed: 3s, ETA:    88s[                             ] 220/7824, 87.0 task/s, elapsed: 3s, ETA:    87s[                             ] 221/7824, 87.0 task/s, elapsed: 3s, ETA:    87s[                             ] 222/7824, 87.1 task/s, elapsed: 3s, ETA:    87s[                             ] 223/7824, 87.1 task/s, elapsed: 3s, ETA:    87s[                             ] 224/7824, 87.2 task/s, elapsed: 3s, ETA:    87s[                             ] 225/7824, 87.3 task/s, elapsed: 3s, ETA:    87s[                             ] 226/7824, 87.3 task/s, elapsed: 3s, ETA:    87s[                             ] 227/7824, 87.4 task/s, elapsed: 3s, ETA:    87s[                             ] 228/7824, 87.5 task/s, elapsed: 3s, ETA:    87s[                             ] 229/7824, 87.5 task/s, elapsed: 3s, ETA:    87s[                             ] 230/7824, 87.6 task/s, elapsed: 3s, ETA:    87s[                             ] 231/7824, 87.7 task/s, elapsed: 3s, ETA:    87s[                             ] 232/7824, 87.8 task/s, elapsed: 3s, ETA:    87s[                             ] 233/7824, 87.8 task/s, elapsed: 3s, ETA:    86s[                             ] 234/7824, 87.9 task/s, elapsed: 3s, ETA:    86s[                             ] 235/7824, 88.0 task/s, elapsed: 3s, ETA:    86s[                             ] 236/7824, 88.0 task/s, elapsed: 3s, ETA:    86s[                             ] 237/7824, 88.1 task/s, elapsed: 3s, ETA:    86s[                             ] 238/7824, 88.2 task/s, elapsed: 3s, ETA:    86s[                             ] 239/7824, 88.2 task/s, elapsed: 3s, ETA:    86s[                             ] 240/7824, 88.3 task/s, elapsed: 3s, ETA:    86s[                             ] 241/7824, 88.4 task/s, elapsed: 3s, ETA:    86s[                             ] 242/7824, 88.4 task/s, elapsed: 3s, ETA:    86s[                             ] 243/7824, 88.5 task/s, elapsed: 3s, ETA:    86s[                             ] 244/7824, 88.6 task/s, elapsed: 3s, ETA:    86s[                             ] 245/7824, 88.6 task/s, elapsed: 3s, ETA:    86s[                             ] 246/7824, 88.7 task/s, elapsed: 3s, ETA:    85s[                             ] 247/7824, 88.8 task/s, elapsed: 3s, ETA:    85s[                             ] 248/7824, 88.8 task/s, elapsed: 3s, ETA:    85s[                             ] 249/7824, 88.9 task/s, elapsed: 3s, ETA:    85s[                             ] 250/7824, 88.9 task/s, elapsed: 3s, ETA:    85s[                             ] 251/7824, 89.0 task/s, elapsed: 3s, ETA:    85s[                             ] 252/7824, 89.1 task/s, elapsed: 3s, ETA:    85s[                             ] 253/7824, 89.1 task/s, elapsed: 3s, ETA:    85s[                             ] 254/7824, 89.2 task/s, elapsed: 3s, ETA:    85s[                             ] 255/7824, 89.2 task/s, elapsed: 3s, ETA:    85s[                             ] 256/7824, 89.3 task/s, elapsed: 3s, ETA:    85s[                             ] 257/7824, 89.3 task/s, elapsed: 3s, ETA:    85s[                             ] 258/7824, 89.4 task/s, elapsed: 3s, ETA:    85s[                             ] 259/7824, 89.4 task/s, elapsed: 3s, ETA:    85s[                             ] 260/7824, 89.5 task/s, elapsed: 3s, ETA:    85s[                             ] 261/7824, 89.5 task/s, elapsed: 3s, ETA:    84s[                             ] 262/7824, 89.6 task/s, elapsed: 3s, ETA:    84s[                             ] 263/7824, 89.7 task/s, elapsed: 3s, ETA:    84s[                             ] 264/7824, 89.7 task/s, elapsed: 3s, ETA:    84s[                             ] 265/7824, 89.8 task/s, elapsed: 3s, ETA:    84s[                             ] 266/7824, 89.8 task/s, elapsed: 3s, ETA:    84s[                             ] 267/7824, 89.9 task/s, elapsed: 3s, ETA:    84s[                             ] 268/7824, 89.9 task/s, elapsed: 3s, ETA:    84s[                             ] 269/7824, 90.0 task/s, elapsed: 3s, ETA:    84s[>                            ] 270/7824, 90.0 task/s, elapsed: 3s, ETA:    84s[>                            ] 271/7824, 90.1 task/s, elapsed: 3s, ETA:    84s[>                            ] 272/7824, 90.1 task/s, elapsed: 3s, ETA:    84s[>                            ] 273/7824, 90.2 task/s, elapsed: 3s, ETA:    84s[>                            ] 274/7824, 90.2 task/s, elapsed: 3s, ETA:    84s[>                            ] 275/7824, 90.3 task/s, elapsed: 3s, ETA:    84s[>                            ] 276/7824, 90.3 task/s, elapsed: 3s, ETA:    84s[>                            ] 277/7824, 90.4 task/s, elapsed: 3s, ETA:    84s[>                            ] 278/7824, 90.4 task/s, elapsed: 3s, ETA:    83s[>                            ] 279/7824, 90.5 task/s, elapsed: 3s, ETA:    83s[>                            ] 280/7824, 90.5 task/s, elapsed: 3s, ETA:    83s[>                            ] 281/7824, 90.6 task/s, elapsed: 3s, ETA:    83s[>                            ] 282/7824, 90.6 task/s, elapsed: 3s, ETA:    83s[>                            ] 283/7824, 90.7 task/s, elapsed: 3s, ETA:    83s[>                            ] 284/7824, 90.7 task/s, elapsed: 3s, ETA:    83s[>                            ] 285/7824, 90.8 task/s, elapsed: 3s, ETA:    83s[>                            ] 286/7824, 90.8 task/s, elapsed: 3s, ETA:    83s[>                            ] 287/7824, 90.8 task/s, elapsed: 3s, ETA:    83s[>                            ] 288/7824, 90.9 task/s, elapsed: 3s, ETA:    83s[>                            ] 289/7824, 90.9 task/s, elapsed: 3s, ETA:    83s[>                            ] 290/7824, 91.0 task/s, elapsed: 3s, ETA:    83s[>                            ] 291/7824, 91.0 task/s, elapsed: 3s, ETA:    83s[>                            ] 292/7824, 91.1 task/s, elapsed: 3s, ETA:    83s[>                            ] 293/7824, 91.1 task/s, elapsed: 3s, ETA:    83s[>                            ] 294/7824, 91.2 task/s, elapsed: 3s, ETA:    83s[>                            ] 295/7824, 91.2 task/s, elapsed: 3s, ETA:    83s[>                            ] 296/7824, 91.3 task/s, elapsed: 3s, ETA:    82s[>                            ] 297/7824, 91.3 task/s, elapsed: 3s, ETA:    82s[>                            ] 298/7824, 91.3 task/s, elapsed: 3s, ETA:    82s[>                            ] 299/7824, 91.4 task/s, elapsed: 3s, ETA:    82s[>                            ] 300/7824, 91.4 task/s, elapsed: 3s, ETA:    82s[>                            ] 301/7824, 91.5 task/s, elapsed: 3s, ETA:    82s[>                            ] 302/7824, 91.5 task/s, elapsed: 3s, ETA:    82s[>                            ] 303/7824, 91.6 task/s, elapsed: 3s, ETA:    82s[>                            ] 304/7824, 91.6 task/s, elapsed: 3s, ETA:    82s[>                            ] 305/7824, 91.7 task/s, elapsed: 3s, ETA:    82s[>                            ] 306/7824, 91.7 task/s, elapsed: 3s, ETA:    82s[>                            ] 307/7824, 91.7 task/s, elapsed: 3s, ETA:    82s[>                            ] 308/7824, 91.8 task/s, elapsed: 3s, ETA:    82s[>                            ] 309/7824, 91.8 task/s, elapsed: 3s, ETA:    82s[>                            ] 310/7824, 91.9 task/s, elapsed: 3s, ETA:    82s[>                            ] 311/7824, 91.9 task/s, elapsed: 3s, ETA:    82s[>                            ] 312/7824, 92.0 task/s, elapsed: 3s, ETA:    82s[>                            ] 313/7824, 92.0 task/s, elapsed: 3s, ETA:    82s[>                            ] 314/7824, 92.1 task/s, elapsed: 3s, ETA:    82s[>                            ] 315/7824, 92.1 task/s, elapsed: 3s, ETA:    82s[>                            ] 316/7824, 92.1 task/s, elapsed: 3s, ETA:    81s[>                            ] 317/7824, 92.2 task/s, elapsed: 3s, ETA:    81s[>                            ] 318/7824, 92.2 task/s, elapsed: 3s, ETA:    81s[>                            ] 319/7824, 92.3 task/s, elapsed: 3s, ETA:    81s[>                            ] 320/7824, 92.3 task/s, elapsed: 3s, ETA:    81s[>                            ] 321/7824, 92.3 task/s, elapsed: 3s, ETA:    81s[>                            ] 322/7824, 92.4 task/s, elapsed: 3s, ETA:    81s[>                            ] 323/7824, 92.4 task/s, elapsed: 3s, ETA:    81s[>                            ] 324/7824, 92.5 task/s, elapsed: 4s, ETA:    81s[>                            ] 325/7824, 92.5 task/s, elapsed: 4s, ETA:    81s[>                            ] 326/7824, 92.5 task/s, elapsed: 4s, ETA:    81s[>                            ] 327/7824, 92.6 task/s, elapsed: 4s, ETA:    81s[>                            ] 328/7824, 92.6 task/s, elapsed: 4s, ETA:    81s[>                            ] 329/7824, 92.7 task/s, elapsed: 4s, ETA:    81s[>                            ] 330/7824, 92.7 task/s, elapsed: 4s, ETA:    81s[>                            ] 331/7824, 92.7 task/s, elapsed: 4s, ETA:    81s[>                            ] 332/7824, 92.8 task/s, elapsed: 4s, ETA:    81s[>                            ] 333/7824, 92.8 task/s, elapsed: 4s, ETA:    81s[>                            ] 334/7824, 92.9 task/s, elapsed: 4s, ETA:    81s[>                            ] 335/7824, 92.9 task/s, elapsed: 4s, ETA:    81s[>                            ] 336/7824, 92.9 task/s, elapsed: 4s, ETA:    81s[>                            ] 337/7824, 93.0 task/s, elapsed: 4s, ETA:    81s[>                            ] 338/7824, 93.0 task/s, elapsed: 4s, ETA:    80s[>                            ] 339/7824, 93.1 task/s, elapsed: 4s, ETA:    80s[>                            ] 340/7824, 93.1 task/s, elapsed: 4s, ETA:    80s[>                            ] 341/7824, 93.1 task/s, elapsed: 4s, ETA:    80s[>                            ] 342/7824, 93.2 task/s, elapsed: 4s, ETA:    80s[>                            ] 343/7824, 93.2 task/s, elapsed: 4s, ETA:    80s[>                            ] 344/7824, 93.2 task/s, elapsed: 4s, ETA:    80s[>                            ] 345/7824, 93.2 task/s, elapsed: 4s, ETA:    80s[>                            ] 346/7824, 93.3 task/s, elapsed: 4s, ETA:    80s[>                            ] 347/7824, 93.3 task/s, elapsed: 4s, ETA:    80s[>                            ] 348/7824, 93.3 task/s, elapsed: 4s, ETA:    80s[>                            ] 349/7824, 93.4 task/s, elapsed: 4s, ETA:    80s[>                            ] 350/7824, 93.4 task/s, elapsed: 4s, ETA:    80s[>                            ] 351/7824, 93.4 task/s, elapsed: 4s, ETA:    80s[>                            ] 352/7824, 93.5 task/s, elapsed: 4s, ETA:    80s[>                            ] 353/7824, 93.5 task/s, elapsed: 4s, ETA:    80s[>                            ] 354/7824, 93.5 task/s, elapsed: 4s, ETA:    80s[>                            ] 355/7824, 93.6 task/s, elapsed: 4s, ETA:    80s[>                            ] 356/7824, 93.6 task/s, elapsed: 4s, ETA:    80s[>                            ] 357/7824, 93.6 task/s, elapsed: 4s, ETA:    80s[>                            ] 358/7824, 93.6 task/s, elapsed: 4s, ETA:    80s[>                            ] 359/7824, 93.7 task/s, elapsed: 4s, ETA:    80s[>                            ] 360/7824, 93.7 task/s, elapsed: 4s, ETA:    80s[>                            ] 361/7824, 93.7 task/s, elapsed: 4s, ETA:    80s[>                            ] 362/7824, 93.8 task/s, elapsed: 4s, ETA:    80s[>                            ] 363/7824, 93.8 task/s, elapsed: 4s, ETA:    80s[>                            ] 364/7824, 93.8 task/s, elapsed: 4s, ETA:    80s[>                            ] 365/7824, 93.9 task/s, elapsed: 4s, ETA:    79s[>                            ] 366/7824, 93.9 task/s, elapsed: 4s, ETA:    79s[>                            ] 367/7824, 93.9 task/s, elapsed: 4s, ETA:    79s[>                            ] 368/7824, 94.0 task/s, elapsed: 4s, ETA:    79s[>                            ] 369/7824, 94.0 task/s, elapsed: 4s, ETA:    79s[>                            ] 370/7824, 94.0 task/s, elapsed: 4s, ETA:    79s[>                            ] 371/7824, 94.0 task/s, elapsed: 4s, ETA:    79s[>                            ] 372/7824, 94.1 task/s, elapsed: 4s, ETA:    79s[>                            ] 373/7824, 94.1 task/s, elapsed: 4s, ETA:    79s[>                            ] 374/7824, 94.1 task/s, elapsed: 4s, ETA:    79s[>                            ] 375/7824, 94.2 task/s, elapsed: 4s, ETA:    79s[>                            ] 376/7824, 94.2 task/s, elapsed: 4s, ETA:    79s[>                            ] 377/7824, 94.2 task/s, elapsed: 4s, ETA:    79s[>                            ] 378/7824, 94.3 task/s, elapsed: 4s, ETA:    79s[>                            ] 379/7824, 94.3 task/s, elapsed: 4s, ETA:    79s[>                            ] 380/7824, 94.3 task/s, elapsed: 4s, ETA:    79s[>                            ] 381/7824, 94.4 task/s, elapsed: 4s, ETA:    79s[>                            ] 382/7824, 94.4 task/s, elapsed: 4s, ETA:    79s[>                            ] 383/7824, 94.4 task/s, elapsed: 4s, ETA:    79s[>                            ] 384/7824, 94.4 task/s, elapsed: 4s, ETA:    79s[>                            ] 385/7824, 94.5 task/s, elapsed: 4s, ETA:    79s[>                            ] 386/7824, 94.5 task/s, elapsed: 4s, ETA:    79s[>                            ] 387/7824, 94.5 task/s, elapsed: 4s, ETA:    79s[>                            ] 388/7824, 94.6 task/s, elapsed: 4s, ETA:    79s[>                            ] 389/7824, 94.6 task/s, elapsed: 4s, ETA:    79s[>                            ] 390/7824, 94.6 task/s, elapsed: 4s, ETA:    79s[>                            ] 391/7824, 94.7 task/s, elapsed: 4s, ETA:    79s[>                            ] 392/7824, 94.7 task/s, elapsed: 4s, ETA:    78s[>                            ] 393/7824, 94.7 task/s, elapsed: 4s, ETA:    78s[>                            ] 394/7824, 94.7 task/s, elapsed: 4s, ETA:    78s[>                            ] 395/7824, 94.8 task/s, elapsed: 4s, ETA:    78s[>                            ] 396/7824, 94.8 task/s, elapsed: 4s, ETA:    78s[>                            ] 397/7824, 94.8 task/s, elapsed: 4s, ETA:    78s[>                            ] 398/7824, 94.9 task/s, elapsed: 4s, ETA:    78s[>                            ] 399/7824, 94.9 task/s, elapsed: 4s, ETA:    78s[>                            ] 400/7824, 94.9 task/s, elapsed: 4s, ETA:    78s[>                            ] 401/7824, 94.9 task/s, elapsed: 4s, ETA:    78s[>                            ] 402/7824, 95.0 task/s, elapsed: 4s, ETA:    78s[>                            ] 403/7824, 95.0 task/s, elapsed: 4s, ETA:    78s[>                            ] 404/7824, 95.0 task/s, elapsed: 4s, ETA:    78s[>                            ] 405/7824, 95.1 task/s, elapsed: 4s, ETA:    78s[>                            ] 406/7824, 95.1 task/s, elapsed: 4s, ETA:    78s[>                            ] 407/7824, 95.1 task/s, elapsed: 4s, ETA:    78s[>                            ] 408/7824, 95.1 task/s, elapsed: 4s, ETA:    78s[>                            ] 409/7824, 95.2 task/s, elapsed: 4s, ETA:    78s[>                            ] 410/7824, 95.2 task/s, elapsed: 4s, ETA:    78s[>                            ] 411/7824, 95.2 task/s, elapsed: 4s, ETA:    78s[>                            ] 412/7824, 95.2 task/s, elapsed: 4s, ETA:    78s[>                            ] 413/7824, 95.3 task/s, elapsed: 4s, ETA:    78s[>                            ] 414/7824, 95.3 task/s, elapsed: 4s, ETA:    78s[>                            ] 415/7824, 95.3 task/s, elapsed: 4s, ETA:    78s[>                            ] 416/7824, 95.3 task/s, elapsed: 4s, ETA:    78s[>                            ] 417/7824, 95.4 task/s, elapsed: 4s, ETA:    78s[>                            ] 418/7824, 95.4 task/s, elapsed: 4s, ETA:    78s[>                            ] 419/7824, 95.4 task/s, elapsed: 4s, ETA:    78s[>                            ] 420/7824, 95.4 task/s, elapsed: 4s, ETA:    78s[>                            ] 421/7824, 95.4 task/s, elapsed: 4s, ETA:    78s[>                            ] 422/7824, 95.5 task/s, elapsed: 4s, ETA:    78s[>                            ] 423/7824, 95.5 task/s, elapsed: 4s, ETA:    78s[>                            ] 424/7824, 95.5 task/s, elapsed: 4s, ETA:    77s[>                            ] 425/7824, 95.5 task/s, elapsed: 4s, ETA:    77s[>                            ] 426/7824, 95.5 task/s, elapsed: 4s, ETA:    77s[>                            ] 427/7824, 95.6 task/s, elapsed: 4s, ETA:    77s[>                            ] 428/7824, 95.6 task/s, elapsed: 4s, ETA:    77s[>                            ] 429/7824, 95.6 task/s, elapsed: 4s, ETA:    77s[>                            ] 430/7824, 95.6 task/s, elapsed: 4s, ETA:    77s[>                            ] 431/7824, 95.6 task/s, elapsed: 5s, ETA:    77s[>                            ] 432/7824, 95.7 task/s, elapsed: 5s, ETA:    77s[>                            ] 433/7824, 95.7 task/s, elapsed: 5s, ETA:    77s[>                            ] 434/7824, 95.7 task/s, elapsed: 5s, ETA:    77s[>                            ] 435/7824, 95.7 task/s, elapsed: 5s, ETA:    77s[>                            ] 436/7824, 95.8 task/s, elapsed: 5s, ETA:    77s[>                            ] 437/7824, 95.8 task/s, elapsed: 5s, ETA:    77s[>                            ] 438/7824, 95.8 task/s, elapsed: 5s, ETA:    77s[>                            ] 439/7824, 95.8 task/s, elapsed: 5s, ETA:    77s[>                            ] 440/7824, 95.9 task/s, elapsed: 5s, ETA:    77s[>                            ] 441/7824, 95.9 task/s, elapsed: 5s, ETA:    77s[>                            ] 442/7824, 95.9 task/s, elapsed: 5s, ETA:    77s[>                            ] 443/7824, 95.9 task/s, elapsed: 5s, ETA:    77s[>                            ] 444/7824, 96.0 task/s, elapsed: 5s, ETA:    77s[>                            ] 445/7824, 96.0 task/s, elapsed: 5s, ETA:    77s[>                            ] 446/7824, 96.0 task/s, elapsed: 5s, ETA:    77s[>                            ] 447/7824, 96.0 task/s, elapsed: 5s, ETA:    77s[>                            ] 448/7824, 96.1 task/s, elapsed: 5s, ETA:    77s[>                            ] 449/7824, 96.1 task/s, elapsed: 5s, ETA:    77s[>                            ] 450/7824, 96.1 task/s, elapsed: 5s, ETA:    77s[>                            ] 451/7824, 96.2 task/s, elapsed: 5s, ETA:    77s[>                            ] 452/7824, 96.2 task/s, elapsed: 5s, ETA:    77s[>                            ] 453/7824, 96.2 task/s, elapsed: 5s, ETA:    77s[>                            ] 454/7824, 96.2 task/s, elapsed: 5s, ETA:    77s[>                            ] 455/7824, 96.3 task/s, elapsed: 5s, ETA:    77s[>                            ] 456/7824, 96.3 task/s, elapsed: 5s, ETA:    77s[>                            ] 457/7824, 96.3 task/s, elapsed: 5s, ETA:    77s[>                            ] 458/7824, 96.3 task/s, elapsed: 5s, ETA:    76s[>                            ] 459/7824, 96.3 task/s, elapsed: 5s, ETA:    76s[>                            ] 460/7824, 96.4 task/s, elapsed: 5s, ETA:    76s[>                            ] 461/7824, 96.4 task/s, elapsed: 5s, ETA:    76s[>                            ] 462/7824, 96.4 task/s, elapsed: 5s, ETA:    76s[>                            ] 463/7824, 96.4 task/s, elapsed: 5s, ETA:    76s[>                            ] 464/7824, 96.4 task/s, elapsed: 5s, ETA:    76s[>                            ] 465/7824, 96.5 task/s, elapsed: 5s, ETA:    76s[>                            ] 466/7824, 96.5 task/s, elapsed: 5s, ETA:    76s[>                            ] 467/7824, 96.5 task/s, elapsed: 5s, ETA:    76s[>                            ] 468/7824, 96.5 task/s, elapsed: 5s, ETA:    76s[>                            ] 469/7824, 96.5 task/s, elapsed: 5s, ETA:    76s[>                            ] 470/7824, 96.5 task/s, elapsed: 5s, ETA:    76s[>                            ] 471/7824, 96.5 task/s, elapsed: 5s, ETA:    76s[>                            ] 472/7824, 96.6 task/s, elapsed: 5s, ETA:    76s[>                            ] 473/7824, 96.6 task/s, elapsed: 5s, ETA:    76s[>                            ] 474/7824, 96.6 task/s, elapsed: 5s, ETA:    76s[>                            ] 475/7824, 96.6 task/s, elapsed: 5s, ETA:    76s[>                            ] 476/7824, 96.6 task/s, elapsed: 5s, ETA:    76s[>                            ] 477/7824, 96.6 task/s, elapsed: 5s, ETA:    76s[>                            ] 478/7824, 96.6 task/s, elapsed: 5s, ETA:    76s[>                            ] 479/7824, 96.6 task/s, elapsed: 5s, ETA:    76s[>                            ] 480/7824, 96.6 task/s, elapsed: 5s, ETA:    76s[>                            ] 481/7824, 96.7 task/s, elapsed: 5s, ETA:    76s[>                            ] 482/7824, 96.7 task/s, elapsed: 5s, ETA:    76s[>                            ] 483/7824, 96.7 task/s, elapsed: 5s, ETA:    76s[>                            ] 484/7824, 96.7 task/s, elapsed: 5s, ETA:    76s[>                            ] 485/7824, 96.7 task/s, elapsed: 5s, ETA:    76s[>                            ] 486/7824, 96.7 task/s, elapsed: 5s, ETA:    76s[>                            ] 487/7824, 96.8 task/s, elapsed: 5s, ETA:    76s[>                            ] 488/7824, 96.8 task/s, elapsed: 5s, ETA:    76s[>                            ] 489/7824, 96.8 task/s, elapsed: 5s, ETA:    76s[>                            ] 490/7824, 96.8 task/s, elapsed: 5s, ETA:    76s[>                            ] 491/7824, 96.8 task/s, elapsed: 5s, ETA:    76s[>                            ] 492/7824, 96.8 task/s, elapsed: 5s, ETA:    76s[>                            ] 493/7824, 96.9 task/s, elapsed: 5s, ETA:    76s[>                            ] 494/7824, 96.9 task/s, elapsed: 5s, ETA:    76s[>                            ] 495/7824, 96.9 task/s, elapsed: 5s, ETA:    76s[>                            ] 496/7824, 96.9 task/s, elapsed: 5s, ETA:    76s[>                            ] 497/7824, 96.9 task/s, elapsed: 5s, ETA:    76s[>                            ] 498/7824, 97.0 task/s, elapsed: 5s, ETA:    76s[>                            ] 499/7824, 97.0 task/s, elapsed: 5s, ETA:    76s[>                            ] 500/7824, 97.0 task/s, elapsed: 5s, ETA:    76s[>                            ] 501/7824, 97.0 task/s, elapsed: 5s, ETA:    75s[>                            ] 502/7824, 97.0 task/s, elapsed: 5s, ETA:    75s[>                            ] 503/7824, 97.0 task/s, elapsed: 5s, ETA:    75s[>                            ] 504/7824, 97.1 task/s, elapsed: 5s, ETA:    75s[>                            ] 505/7824, 97.1 task/s, elapsed: 5s, ETA:    75s[>                            ] 506/7824, 97.1 task/s, elapsed: 5s, ETA:    75s[>                            ] 507/7824, 97.1 task/s, elapsed: 5s, ETA:    75s[>                            ] 508/7824, 97.1 task/s, elapsed: 5s, ETA:    75s[>                            ] 509/7824, 97.1 task/s, elapsed: 5s, ETA:    75s[>                            ] 510/7824, 97.2 task/s, elapsed: 5s, ETA:    75s[>                            ] 511/7824, 97.2 task/s, elapsed: 5s, ETA:    75s[>                            ] 512/7824, 97.2 task/s, elapsed: 5s, ETA:    75s[>                            ] 513/7824, 97.2 task/s, elapsed: 5s, ETA:    75s[>                            ] 514/7824, 97.2 task/s, elapsed: 5s, ETA:    75s[>                            ] 515/7824, 97.2 task/s, elapsed: 5s, ETA:    75s[>                            ] 516/7824, 97.3 task/s, elapsed: 5s, ETA:    75s[>                            ] 517/7824, 97.3 task/s, elapsed: 5s, ETA:    75s[>                            ] 518/7824, 97.3 task/s, elapsed: 5s, ETA:    75s[>                            ] 519/7824, 97.3 task/s, elapsed: 5s, ETA:    75s[>                            ] 520/7824, 97.3 task/s, elapsed: 5s, ETA:    75s[>                            ] 521/7824, 97.3 task/s, elapsed: 5s, ETA:    75s[>                            ] 522/7824, 97.4 task/s, elapsed: 5s, ETA:    75s[>                            ] 523/7824, 97.4 task/s, elapsed: 5s, ETA:    75s[>                            ] 524/7824, 97.4 task/s, elapsed: 5s, ETA:    75s[>                            ] 525/7824, 97.4 task/s, elapsed: 5s, ETA:    75s[>                            ] 526/7824, 97.4 task/s, elapsed: 5s, ETA:    75s[>                            ] 527/7824, 97.4 task/s, elapsed: 5s, ETA:    75s[>                            ] 528/7824, 97.4 task/s, elapsed: 5s, ETA:    75s[>                            ] 529/7824, 97.4 task/s, elapsed: 5s, ETA:    75s[>                            ] 530/7824, 97.5 task/s, elapsed: 5s, ETA:    75s[>                            ] 531/7824, 97.5 task/s, elapsed: 5s, ETA:    75s[>                            ] 532/7824, 97.5 task/s, elapsed: 5s, ETA:    75s[>                            ] 533/7824, 97.5 task/s, elapsed: 5s, ETA:    75s[>                            ] 534/7824, 97.5 task/s, elapsed: 5s, ETA:    75s[>                            ] 535/7824, 97.5 task/s, elapsed: 5s, ETA:    75s[>                            ] 536/7824, 97.5 task/s, elapsed: 5s, ETA:    75s[>                            ] 537/7824, 97.6 task/s, elapsed: 6s, ETA:    75s[>                            ] 538/7824, 97.6 task/s, elapsed: 6s, ETA:    75s[>                            ] 539/7824, 97.6 task/s, elapsed: 6s, ETA:    75s[>>                           ] 540/7824, 97.6 task/s, elapsed: 6s, ETA:    75s[>>                           ] 541/7824, 97.6 task/s, elapsed: 6s, ETA:    75s[>>                           ] 542/7824, 97.6 task/s, elapsed: 6s, ETA:    75s[>>                           ] 543/7824, 97.6 task/s, elapsed: 6s, ETA:    75s[>>                           ] 544/7824, 97.6 task/s, elapsed: 6s, ETA:    75s[>>                           ] 545/7824, 97.6 task/s, elapsed: 6s, ETA:    75s[>>                           ] 546/7824, 97.6 task/s, elapsed: 6s, ETA:    75s[>>                           ] 547/7824, 97.6 task/s, elapsed: 6s, ETA:    75s[>>                           ] 548/7824, 97.6 task/s, elapsed: 6s, ETA:    75s[>>                           ] 549/7824, 97.6 task/s, elapsed: 6s, ETA:    75s[>>                           ] 550/7824, 97.6 task/s, elapsed: 6s, ETA:    74s[>>                           ] 551/7824, 97.7 task/s, elapsed: 6s, ETA:    74s[>>                           ] 552/7824, 97.7 task/s, elapsed: 6s, ETA:    74s[>>                           ] 553/7824, 97.7 task/s, elapsed: 6s, ETA:    74s[>>                           ] 554/7824, 97.7 task/s, elapsed: 6s, ETA:    74s[>>                           ] 555/7824, 97.7 task/s, elapsed: 6s, ETA:    74s[>>                           ] 556/7824, 97.7 task/s, elapsed: 6s, ETA:    74s[>>                           ] 557/7824, 97.7 task/s, elapsed: 6s, ETA:    74s[>>                           ] 558/7824, 97.8 task/s, elapsed: 6s, ETA:    74s[>>                           ] 559/7824, 97.8 task/s, elapsed: 6s, ETA:    74s[>>                           ] 560/7824, 97.8 task/s, elapsed: 6s, ETA:    74s[>>                           ] 561/7824, 97.8 task/s, elapsed: 6s, ETA:    74s[>>                           ] 562/7824, 97.8 task/s, elapsed: 6s, ETA:    74s[>>                           ] 563/7824, 97.8 task/s, elapsed: 6s, ETA:    74s[>>                           ] 564/7824, 97.8 task/s, elapsed: 6s, ETA:    74s[>>                           ] 565/7824, 97.9 task/s, elapsed: 6s, ETA:    74s[>>                           ] 566/7824, 97.9 task/s, elapsed: 6s, ETA:    74s[>>                           ] 567/7824, 97.9 task/s, elapsed: 6s, ETA:    74s[>>                           ] 568/7824, 97.9 task/s, elapsed: 6s, ETA:    74s[>>                           ] 569/7824, 97.9 task/s, elapsed: 6s, ETA:    74s[>>                           ] 570/7824, 97.9 task/s, elapsed: 6s, ETA:    74s[>>                           ] 571/7824, 97.9 task/s, elapsed: 6s, ETA:    74s[>>                           ] 572/7824, 98.0 task/s, elapsed: 6s, ETA:    74s[>>                           ] 573/7824, 98.0 task/s, elapsed: 6s, ETA:    74s[>>                           ] 574/7824, 98.0 task/s, elapsed: 6s, ETA:    74s[>>                           ] 575/7824, 98.0 task/s, elapsed: 6s, ETA:    74s[>>                           ] 576/7824, 98.0 task/s, elapsed: 6s, ETA:    74s[>>                           ] 577/7824, 98.0 task/s, elapsed: 6s, ETA:    74s[>>                           ] 578/7824, 98.0 task/s, elapsed: 6s, ETA:    74s[>>                           ] 579/7824, 98.0 task/s, elapsed: 6s, ETA:    74s[>>                           ] 580/7824, 98.1 task/s, elapsed: 6s, ETA:    74s[>>                           ] 581/7824, 98.1 task/s, elapsed: 6s, ETA:    74s[>>                           ] 582/7824, 98.1 task/s, elapsed: 6s, ETA:    74s[>>                           ] 583/7824, 98.1 task/s, elapsed: 6s, ETA:    74s[>>                           ] 584/7824, 98.1 task/s, elapsed: 6s, ETA:    74s[>>                           ] 585/7824, 98.1 task/s, elapsed: 6s, ETA:    74s[>>                           ] 586/7824, 98.1 task/s, elapsed: 6s, ETA:    74s[>>                           ] 587/7824, 98.1 task/s, elapsed: 6s, ETA:    74s[>>                           ] 588/7824, 98.1 task/s, elapsed: 6s, ETA:    74s[>>                           ] 589/7824, 98.1 task/s, elapsed: 6s, ETA:    74s[>>                           ] 590/7824, 98.2 task/s, elapsed: 6s, ETA:    74s[>>                           ] 591/7824, 98.2 task/s, elapsed: 6s, ETA:    74s[>>                           ] 592/7824, 98.2 task/s, elapsed: 6s, ETA:    74s[>>                           ] 593/7824, 98.2 task/s, elapsed: 6s, ETA:    74s[>>                           ] 594/7824, 98.2 task/s, elapsed: 6s, ETA:    74s[>>                           ] 595/7824, 98.2 task/s, elapsed: 6s, ETA:    74s[>>                           ] 596/7824, 98.2 task/s, elapsed: 6s, ETA:    74s[>>                           ] 597/7824, 98.2 task/s, elapsed: 6s, ETA:    74s[>>                           ] 598/7824, 98.3 task/s, elapsed: 6s, ETA:    74s[>>                           ] 599/7824, 98.3 task/s, elapsed: 6s, ETA:    74s[>>                           ] 600/7824, 98.3 task/s, elapsed: 6s, ETA:    74s[>>                           ] 601/7824, 98.3 task/s, elapsed: 6s, ETA:    73s[>>                           ] 602/7824, 98.3 task/s, elapsed: 6s, ETA:    73s[>>                           ] 603/7824, 98.3 task/s, elapsed: 6s, ETA:    73s[>>                           ] 604/7824, 98.3 task/s, elapsed: 6s, ETA:    73s[>>                           ] 605/7824, 98.3 task/s, elapsed: 6s, ETA:    73s[>>                           ] 606/7824, 98.4 task/s, elapsed: 6s, ETA:    73s[>>                           ] 607/7824, 98.4 task/s, elapsed: 6s, ETA:    73s[>>                           ] 608/7824, 98.4 task/s, elapsed: 6s, ETA:    73s[>>                           ] 609/7824, 98.4 task/s, elapsed: 6s, ETA:    73s[>>                           ] 610/7824, 98.4 task/s, elapsed: 6s, ETA:    73s[>>                           ] 611/7824, 98.4 task/s, elapsed: 6s, ETA:    73s[>>                           ] 612/7824, 98.4 task/s, elapsed: 6s, ETA:    73s[>>                           ] 613/7824, 98.4 task/s, elapsed: 6s, ETA:    73s[>>                           ] 614/7824, 98.4 task/s, elapsed: 6s, ETA:    73s[>>                           ] 615/7824, 98.4 task/s, elapsed: 6s, ETA:    73s[>>                           ] 616/7824, 98.5 task/s, elapsed: 6s, ETA:    73s[>>                           ] 617/7824, 98.5 task/s, elapsed: 6s, ETA:    73s[>>                           ] 618/7824, 98.5 task/s, elapsed: 6s, ETA:    73s[>>                           ] 619/7824, 98.5 task/s, elapsed: 6s, ETA:    73s[>>                           ] 620/7824, 98.5 task/s, elapsed: 6s, ETA:    73s[>>                           ] 621/7824, 98.5 task/s, elapsed: 6s, ETA:    73s[>>                           ] 622/7824, 98.5 task/s, elapsed: 6s, ETA:    73s[>>                           ] 623/7824, 98.5 task/s, elapsed: 6s, ETA:    73s[>>                           ] 624/7824, 98.5 task/s, elapsed: 6s, ETA:    73s[>>                           ] 625/7824, 98.6 task/s, elapsed: 6s, ETA:    73s[>>                           ] 626/7824, 98.6 task/s, elapsed: 6s, ETA:    73s[>>                           ] 627/7824, 98.6 task/s, elapsed: 6s, ETA:    73s[>>                           ] 628/7824, 98.6 task/s, elapsed: 6s, ETA:    73s[>>                           ] 629/7824, 98.6 task/s, elapsed: 6s, ETA:    73s[>>                           ] 630/7824, 98.6 task/s, elapsed: 6s, ETA:    73s[>>                           ] 631/7824, 98.6 task/s, elapsed: 6s, ETA:    73s[>>                           ] 632/7824, 98.6 task/s, elapsed: 6s, ETA:    73s[>>                           ] 633/7824, 98.6 task/s, elapsed: 6s, ETA:    73s[>>                           ] 634/7824, 98.7 task/s, elapsed: 6s, ETA:    73s[>>                           ] 635/7824, 98.7 task/s, elapsed: 6s, ETA:    73s[>>                           ] 636/7824, 98.7 task/s, elapsed: 6s, ETA:    73s[>>                           ] 637/7824, 98.7 task/s, elapsed: 6s, ETA:    73s[>>                           ] 638/7824, 98.7 task/s, elapsed: 6s, ETA:    73s[>>                           ] 639/7824, 98.7 task/s, elapsed: 6s, ETA:    73s[>>                           ] 640/7824, 98.7 task/s, elapsed: 6s, ETA:    73s[>>                           ] 641/7824, 98.7 task/s, elapsed: 6s, ETA:    73s[>>                           ] 642/7824, 98.8 task/s, elapsed: 7s, ETA:    73s[>>                           ] 643/7824, 98.8 task/s, elapsed: 7s, ETA:    73s[>>                           ] 644/7824, 98.8 task/s, elapsed: 7s, ETA:    73s[>>                           ] 645/7824, 98.8 task/s, elapsed: 7s, ETA:    73s[>>                           ] 646/7824, 98.8 task/s, elapsed: 7s, ETA:    73s[>>                           ] 647/7824, 98.8 task/s, elapsed: 7s, ETA:    73s[>>                           ] 648/7824, 98.8 task/s, elapsed: 7s, ETA:    73s[>>                           ] 649/7824, 98.8 task/s, elapsed: 7s, ETA:    73s[>>                           ] 650/7824, 98.8 task/s, elapsed: 7s, ETA:    73s[>>                           ] 651/7824, 98.9 task/s, elapsed: 7s, ETA:    73s[>>                           ] 652/7824, 98.9 task/s, elapsed: 7s, ETA:    73s[>>                           ] 653/7824, 98.9 task/s, elapsed: 7s, ETA:    73s[>>                           ] 654/7824, 98.9 task/s, elapsed: 7s, ETA:    72s[>>                           ] 655/7824, 98.9 task/s, elapsed: 7s, ETA:    72s[>>                           ] 656/7824, 98.9 task/s, elapsed: 7s, ETA:    72s[>>                           ] 657/7824, 98.9 task/s, elapsed: 7s, ETA:    72s[>>                           ] 658/7824, 98.9 task/s, elapsed: 7s, ETA:    72s[>>                           ] 659/7824, 98.9 task/s, elapsed: 7s, ETA:    72s[>>                           ] 660/7824, 99.0 task/s, elapsed: 7s, ETA:    72s[>>                           ] 661/7824, 99.0 task/s, elapsed: 7s, ETA:    72s[>>                           ] 662/7824, 99.0 task/s, elapsed: 7s, ETA:    72s[>>                           ] 663/7824, 99.0 task/s, elapsed: 7s, ETA:    72s[>>                           ] 664/7824, 99.0 task/s, elapsed: 7s, ETA:    72s[>>                           ] 665/7824, 99.0 task/s, elapsed: 7s, ETA:    72s[>>                           ] 666/7824, 99.0 task/s, elapsed: 7s, ETA:    72s[>>                           ] 667/7824, 99.0 task/s, elapsed: 7s, ETA:    72s[>>                           ] 668/7824, 99.0 task/s, elapsed: 7s, ETA:    72s[>>                           ] 669/7824, 99.0 task/s, elapsed: 7s, ETA:    72s[>>                           ] 670/7824, 99.1 task/s, elapsed: 7s, ETA:    72s[>>                           ] 671/7824, 99.1 task/s, elapsed: 7s, ETA:    72s[>>                           ] 672/7824, 99.1 task/s, elapsed: 7s, ETA:    72s[>>                           ] 673/7824, 99.1 task/s, elapsed: 7s, ETA:    72s[>>                           ] 674/7824, 99.1 task/s, elapsed: 7s, ETA:    72s[>>                           ] 675/7824, 99.1 task/s, elapsed: 7s, ETA:    72s[>>                           ] 676/7824, 99.1 task/s, elapsed: 7s, ETA:    72s[>>                           ] 677/7824, 99.1 task/s, elapsed: 7s, ETA:    72s[>>                           ] 678/7824, 99.1 task/s, elapsed: 7s, ETA:    72s[>>                           ] 679/7824, 99.1 task/s, elapsed: 7s, ETA:    72s[>>                           ] 680/7824, 99.1 task/s, elapsed: 7s, ETA:    72s[>>                           ] 681/7824, 99.1 task/s, elapsed: 7s, ETA:    72s[>>                           ] 682/7824, 99.1 task/s, elapsed: 7s, ETA:    72s[>>                           ] 683/7824, 99.2 task/s, elapsed: 7s, ETA:    72s[>>                           ] 684/7824, 99.2 task/s, elapsed: 7s, ETA:    72s[>>                           ] 685/7824, 99.2 task/s, elapsed: 7s, ETA:    72s[>>                           ] 686/7824, 99.2 task/s, elapsed: 7s, ETA:    72s[>>                           ] 687/7824, 99.2 task/s, elapsed: 7s, ETA:    72s[>>                           ] 688/7824, 99.2 task/s, elapsed: 7s, ETA:    72s[>>                           ] 689/7824, 99.2 task/s, elapsed: 7s, ETA:    72s[>>                           ] 690/7824, 99.2 task/s, elapsed: 7s, ETA:    72s[>>                           ] 691/7824, 99.2 task/s, elapsed: 7s, ETA:    72s[>>                           ] 692/7824, 99.2 task/s, elapsed: 7s, ETA:    72s[>>                           ] 693/7824, 99.3 task/s, elapsed: 7s, ETA:    72s[>>                           ] 694/7824, 99.3 task/s, elapsed: 7s, ETA:    72s[>>                           ] 695/7824, 99.3 task/s, elapsed: 7s, ETA:    72s[>>                           ] 696/7824, 99.3 task/s, elapsed: 7s, ETA:    72s[>>                           ] 697/7824, 99.3 task/s, elapsed: 7s, ETA:    72s[>>                           ] 698/7824, 99.3 task/s, elapsed: 7s, ETA:    72s[>>                           ] 699/7824, 99.3 task/s, elapsed: 7s, ETA:    72s[>>                           ] 700/7824, 99.3 task/s, elapsed: 7s, ETA:    72s[>>                           ] 701/7824, 99.3 task/s, elapsed: 7s, ETA:    72s[>>                           ] 702/7824, 99.3 task/s, elapsed: 7s, ETA:    72s[>>                           ] 703/7824, 99.3 task/s, elapsed: 7s, ETA:    72s[>>                           ] 704/7824, 99.4 task/s, elapsed: 7s, ETA:    72s[>>                           ] 705/7824, 99.4 task/s, elapsed: 7s, ETA:    72s[>>                           ] 706/7824, 99.4 task/s, elapsed: 7s, ETA:    72s[>>                           ] 707/7824, 99.4 task/s, elapsed: 7s, ETA:    72s[>>                           ] 708/7824, 99.4 task/s, elapsed: 7s, ETA:    72s[>>                           ] 709/7824, 99.4 task/s, elapsed: 7s, ETA:    72s[>>                           ] 710/7824, 99.4 task/s, elapsed: 7s, ETA:    72s[>>                           ] 711/7824, 99.4 task/s, elapsed: 7s, ETA:    72s[>>                           ] 712/7824, 99.4 task/s, elapsed: 7s, ETA:    72s[>>                           ] 713/7824, 99.4 task/s, elapsed: 7s, ETA:    72s[>>                           ] 714/7824, 99.4 task/s, elapsed: 7s, ETA:    72s[>>                           ] 715/7824, 99.4 task/s, elapsed: 7s, ETA:    72s[>>                           ] 716/7824, 99.4 task/s, elapsed: 7s, ETA:    71s[>>                           ] 717/7824, 99.4 task/s, elapsed: 7s, ETA:    71s[>>                           ] 718/7824, 99.4 task/s, elapsed: 7s, ETA:    71s[>>                           ] 719/7824, 99.5 task/s, elapsed: 7s, ETA:    71s[>>                           ] 720/7824, 99.5 task/s, elapsed: 7s, ETA:    71s[>>                           ] 721/7824, 99.5 task/s, elapsed: 7s, ETA:    71s[>>                           ] 722/7824, 99.5 task/s, elapsed: 7s, ETA:    71s[>>                           ] 723/7824, 99.5 task/s, elapsed: 7s, ETA:    71s[>>                           ] 724/7824, 99.5 task/s, elapsed: 7s, ETA:    71s[>>                           ] 725/7824, 99.5 task/s, elapsed: 7s, ETA:    71s[>>                           ] 726/7824, 99.5 task/s, elapsed: 7s, ETA:    71s[>>                           ] 727/7824, 99.5 task/s, elapsed: 7s, ETA:    71s[>>                           ] 728/7824, 99.5 task/s, elapsed: 7s, ETA:    71s[>>                           ] 729/7824, 99.5 task/s, elapsed: 7s, ETA:    71s[>>                           ] 730/7824, 99.5 task/s, elapsed: 7s, ETA:    71s[>>                           ] 731/7824, 99.5 task/s, elapsed: 7s, ETA:    71s[>>                           ] 732/7824, 99.5 task/s, elapsed: 7s, ETA:    71s[>>                           ] 733/7824, 99.6 task/s, elapsed: 7s, ETA:    71s[>>                           ] 734/7824, 99.6 task/s, elapsed: 7s, ETA:    71s[>>                           ] 735/7824, 99.6 task/s, elapsed: 7s, ETA:    71s[>>                           ] 736/7824, 99.6 task/s, elapsed: 7s, ETA:    71s[>>                           ] 737/7824, 99.6 task/s, elapsed: 7s, ETA:    71s[>>                           ] 738/7824, 99.6 task/s, elapsed: 7s, ETA:    71s[>>                           ] 739/7824, 99.6 task/s, elapsed: 7s, ETA:    71s[>>                           ] 740/7824, 99.6 task/s, elapsed: 7s, ETA:    71s[>>                           ] 741/7824, 99.6 task/s, elapsed: 7s, ETA:    71s[>>                           ] 742/7824, 99.6 task/s, elapsed: 7s, ETA:    71s[>>                           ] 743/7824, 99.6 task/s, elapsed: 7s, ETA:    71s[>>                           ] 744/7824, 99.6 task/s, elapsed: 7s, ETA:    71s[>>                           ] 745/7824, 99.6 task/s, elapsed: 7s, ETA:    71s[>>                           ] 746/7824, 99.6 task/s, elapsed: 7s, ETA:    71s[>>                           ] 747/7824, 99.6 task/s, elapsed: 7s, ETA:    71s[>>                           ] 748/7824, 99.7 task/s, elapsed: 8s, ETA:    71s[>>                           ] 749/7824, 99.7 task/s, elapsed: 8s, ETA:    71s[>>                           ] 750/7824, 99.6 task/s, elapsed: 8s, ETA:    71s[>>                           ] 751/7824, 99.7 task/s, elapsed: 8s, ETA:    71s[>>                           ] 752/7824, 99.7 task/s, elapsed: 8s, ETA:    71s[>>                           ] 753/7824, 99.7 task/s, elapsed: 8s, ETA:    71s[>>                           ] 754/7824, 99.7 task/s, elapsed: 8s, ETA:    71s[>>                           ] 755/7824, 99.7 task/s, elapsed: 8s, ETA:    71s[>>                           ] 756/7824, 99.7 task/s, elapsed: 8s, ETA:    71s[>>                           ] 757/7824, 99.7 task/s, elapsed: 8s, ETA:    71s[>>                           ] 758/7824, 99.7 task/s, elapsed: 8s, ETA:    71s[>>                           ] 759/7824, 99.7 task/s, elapsed: 8s, ETA:    71s[>>                           ] 760/7824, 99.7 task/s, elapsed: 8s, ETA:    71s[>>                           ] 761/7824, 99.7 task/s, elapsed: 8s, ETA:    71s[>>                           ] 762/7824, 99.7 task/s, elapsed: 8s, ETA:    71s[>>                           ] 763/7824, 99.8 task/s, elapsed: 8s, ETA:    71s[>>                           ] 764/7824, 99.8 task/s, elapsed: 8s, ETA:    71s[>>                           ] 765/7824, 99.8 task/s, elapsed: 8s, ETA:    71s[>>                           ] 766/7824, 99.8 task/s, elapsed: 8s, ETA:    71s[>>                           ] 767/7824, 99.8 task/s, elapsed: 8s, ETA:    71s[>>                           ] 768/7824, 99.8 task/s, elapsed: 8s, ETA:    71s[>>                           ] 769/7824, 99.8 task/s, elapsed: 8s, ETA:    71s[>>                           ] 770/7824, 99.8 task/s, elapsed: 8s, ETA:    71s[>>                           ] 771/7824, 99.8 task/s, elapsed: 8s, ETA:    71s[>>                           ] 772/7824, 99.8 task/s, elapsed: 8s, ETA:    71s[>>                           ] 773/7824, 99.8 task/s, elapsed: 8s, ETA:    71s[>>                           ] 774/7824, 99.8 task/s, elapsed: 8s, ETA:    71s[>>                           ] 775/7824, 99.8 task/s, elapsed: 8s, ETA:    71s[>>                           ] 776/7824, 99.8 task/s, elapsed: 8s, ETA:    71s[>>                           ] 777/7824, 99.8 task/s, elapsed: 8s, ETA:    71s[>>                           ] 778/7824, 99.8 task/s, elapsed: 8s, ETA:    71s[>>                           ] 779/7824, 99.8 task/s, elapsed: 8s, ETA:    71s[>>                           ] 780/7824, 99.8 task/s, elapsed: 8s, ETA:    71s[>>                           ] 781/7824, 99.8 task/s, elapsed: 8s, ETA:    71s[>>                           ] 782/7824, 99.8 task/s, elapsed: 8s, ETA:    71s[>>                           ] 783/7824, 99.8 task/s, elapsed: 8s, ETA:    71s[>>                           ] 784/7824, 99.8 task/s, elapsed: 8s, ETA:    71s[>>                           ] 785/7824, 99.8 task/s, elapsed: 8s, ETA:    71s[>>                           ] 786/7824, 99.8 task/s, elapsed: 8s, ETA:    71s[>>                           ] 787/7824, 99.8 task/s, elapsed: 8s, ETA:    71s[>>                           ] 788/7824, 99.8 task/s, elapsed: 8s, ETA:    70s[>>                           ] 789/7824, 99.8 task/s, elapsed: 8s, ETA:    70s[>>                           ] 790/7824, 99.8 task/s, elapsed: 8s, ETA:    70s[>>                           ] 791/7824, 99.8 task/s, elapsed: 8s, ETA:    70s[>>                           ] 792/7824, 99.8 task/s, elapsed: 8s, ETA:    70s[>>                           ] 793/7824, 99.8 task/s, elapsed: 8s, ETA:    70s[>>                           ] 794/7824, 99.8 task/s, elapsed: 8s, ETA:    70s[>>                           ] 795/7824, 99.8 task/s, elapsed: 8s, ETA:    70s[>>                           ] 796/7824, 99.8 task/s, elapsed: 8s, ETA:    70s[>>                           ] 797/7824, 99.9 task/s, elapsed: 8s, ETA:    70s[>>                           ] 798/7824, 99.9 task/s, elapsed: 8s, ETA:    70s[>>                           ] 799/7824, 99.9 task/s, elapsed: 8s, ETA:    70s[>>                           ] 800/7824, 99.8 task/s, elapsed: 8s, ETA:    70s[>>                           ] 801/7824, 99.8 task/s, elapsed: 8s, ETA:    70s[>>                           ] 802/7824, 99.8 task/s, elapsed: 8s, ETA:    70s[>>                           ] 803/7824, 99.9 task/s, elapsed: 8s, ETA:    70s[>>                           ] 804/7824, 99.9 task/s, elapsed: 8s, ETA:    70s[>>                           ] 805/7824, 99.9 task/s, elapsed: 8s, ETA:    70s[>>                           ] 806/7824, 99.9 task/s, elapsed: 8s, ETA:    70s[>>                           ] 807/7824, 99.9 task/s, elapsed: 8s, ETA:    70s[>>                           ] 808/7824, 99.9 task/s, elapsed: 8s, ETA:    70s[>>                           ] 809/7824, 99.9 task/s, elapsed: 8s, ETA:    70s[>>>                          ] 810/7824, 99.9 task/s, elapsed: 8s, ETA:    70s[>>>                          ] 811/7824, 99.9 task/s, elapsed: 8s, ETA:    70s[>>>                          ] 812/7824, 99.9 task/s, elapsed: 8s, ETA:    70s[>>>                          ] 813/7824, 99.9 task/s, elapsed: 8s, ETA:    70s[>>>                          ] 814/7824, 99.9 task/s, elapsed: 8s, ETA:    70s[>>>                          ] 815/7824, 99.9 task/s, elapsed: 8s, ETA:    70s[>>>                          ] 816/7824, 99.9 task/s, elapsed: 8s, ETA:    70s[>>>                          ] 817/7824, 99.9 task/s, elapsed: 8s, ETA:    70s[>>>                          ] 818/7824, 99.9 task/s, elapsed: 8s, ETA:    70s[>>>                          ] 819/7824, 99.9 task/s, elapsed: 8s, ETA:    70s[>>                          ] 820/7824, 100.0 task/s, elapsed: 8s, ETA:    70s[>>                          ] 821/7824, 100.0 task/s, elapsed: 8s, ETA:    70s[>>                          ] 822/7824, 100.0 task/s, elapsed: 8s, ETA:    70s[>>                          ] 823/7824, 100.0 task/s, elapsed: 8s, ETA:    70s[>>                          ] 824/7824, 100.0 task/s, elapsed: 8s, ETA:    70s[>>                          ] 825/7824, 100.0 task/s, elapsed: 8s, ETA:    70s[>>                          ] 826/7824, 100.0 task/s, elapsed: 8s, ETA:    70s[>>                          ] 827/7824, 100.0 task/s, elapsed: 8s, ETA:    70s[>>                          ] 828/7824, 100.0 task/s, elapsed: 8s, ETA:    70s[>>                          ] 829/7824, 100.0 task/s, elapsed: 8s, ETA:    70s[>>                          ] 830/7824, 100.0 task/s, elapsed: 8s, ETA:    70s[>>                          ] 831/7824, 100.0 task/s, elapsed: 8s, ETA:    70s[>>                          ] 832/7824, 100.0 task/s, elapsed: 8s, ETA:    70s[>>                          ] 833/7824, 100.1 task/s, elapsed: 8s, ETA:    70s[>>                          ] 834/7824, 100.1 task/s, elapsed: 8s, ETA:    70s[>>                          ] 835/7824, 100.1 task/s, elapsed: 8s, ETA:    70s[>>                          ] 836/7824, 100.1 task/s, elapsed: 8s, ETA:    70s[>>                          ] 837/7824, 100.1 task/s, elapsed: 8s, ETA:    70s[>>                          ] 838/7824, 100.1 task/s, elapsed: 8s, ETA:    70s[>>>                         ] 839/7824, 100.1 task/s, elapsed: 8s, ETA:    70s[>>>                         ] 840/7824, 100.1 task/s, elapsed: 8s, ETA:    70s[>>>                         ] 841/7824, 100.1 task/s, elapsed: 8s, ETA:    70s[>>>                         ] 842/7824, 100.1 task/s, elapsed: 8s, ETA:    70s[>>>                         ] 843/7824, 100.1 task/s, elapsed: 8s, ETA:    70s[>>>                         ] 844/7824, 100.1 task/s, elapsed: 8s, ETA:    70s[>>>                         ] 845/7824, 100.1 task/s, elapsed: 8s, ETA:    70s[>>>                         ] 846/7824, 100.1 task/s, elapsed: 8s, ETA:    70s[>>>                         ] 847/7824, 100.1 task/s, elapsed: 8s, ETA:    70s[>>>                         ] 848/7824, 100.1 task/s, elapsed: 8s, ETA:    70s[>>>                         ] 849/7824, 100.1 task/s, elapsed: 8s, ETA:    70s[>>>                         ] 850/7824, 100.1 task/s, elapsed: 8s, ETA:    70s[>>>                         ] 851/7824, 100.1 task/s, elapsed: 9s, ETA:    70s[>>>                         ] 852/7824, 100.1 task/s, elapsed: 9s, ETA:    70s[>>>                         ] 853/7824, 100.1 task/s, elapsed: 9s, ETA:    70s[>>>                         ] 854/7824, 100.1 task/s, elapsed: 9s, ETA:    70s[>>>                         ] 855/7824, 100.1 task/s, elapsed: 9s, ETA:    70s[>>>                         ] 856/7824, 100.1 task/s, elapsed: 9s, ETA:    70s[>>>                         ] 857/7824, 100.1 task/s, elapsed: 9s, ETA:    70s[>>>                         ] 858/7824, 100.1 task/s, elapsed: 9s, ETA:    70s[>>>                         ] 859/7824, 100.1 task/s, elapsed: 9s, ETA:    70s[>>>                         ] 860/7824, 100.1 task/s, elapsed: 9s, ETA:    70s[>>>                         ] 861/7824, 100.1 task/s, elapsed: 9s, ETA:    70s[>>>                         ] 862/7824, 100.1 task/s, elapsed: 9s, ETA:    70s[>>>                         ] 863/7824, 100.2 task/s, elapsed: 9s, ETA:    70s[>>>                         ] 864/7824, 100.2 task/s, elapsed: 9s, ETA:    69s[>>>                         ] 865/7824, 100.2 task/s, elapsed: 9s, ETA:    69s[>>>                         ] 866/7824, 100.1 task/s, elapsed: 9s, ETA:    69s[>>>                         ] 867/7824, 100.2 task/s, elapsed: 9s, ETA:    69s[>>>                         ] 868/7824, 100.2 task/s, elapsed: 9s, ETA:    69s[>>>                         ] 869/7824, 100.2 task/s, elapsed: 9s, ETA:    69s[>>>                         ] 870/7824, 100.2 task/s, elapsed: 9s, ETA:    69s[>>>                         ] 871/7824, 100.2 task/s, elapsed: 9s, ETA:    69s[>>>                         ] 872/7824, 100.2 task/s, elapsed: 9s, ETA:    69s[>>>                         ] 873/7824, 100.2 task/s, elapsed: 9s, ETA:    69s[>>>                         ] 874/7824, 100.2 task/s, elapsed: 9s, ETA:    69s[>>>                         ] 875/7824, 100.2 task/s, elapsed: 9s, ETA:    69s[>>>                         ] 876/7824, 100.2 task/s, elapsed: 9s, ETA:    69s[>>>                         ] 877/7824, 100.2 task/s, elapsed: 9s, ETA:    69s[>>>                         ] 878/7824, 100.2 task/s, elapsed: 9s, ETA:    69s[>>>                         ] 879/7824, 100.2 task/s, elapsed: 9s, ETA:    69s[>>>                         ] 880/7824, 100.2 task/s, elapsed: 9s, ETA:    69s[>>>                         ] 881/7824, 100.2 task/s, elapsed: 9s, ETA:    69s[>>>                         ] 882/7824, 100.2 task/s, elapsed: 9s, ETA:    69s[>>>                         ] 883/7824, 100.2 task/s, elapsed: 9s, ETA:    69s[>>>                         ] 884/7824, 100.2 task/s, elapsed: 9s, ETA:    69s[>>>                         ] 885/7824, 100.2 task/s, elapsed: 9s, ETA:    69s[>>>                         ] 886/7824, 100.2 task/s, elapsed: 9s, ETA:    69s[>>>                         ] 887/7824, 100.2 task/s, elapsed: 9s, ETA:    69s[>>>                         ] 888/7824, 100.2 task/s, elapsed: 9s, ETA:    69s[>>>                         ] 889/7824, 100.2 task/s, elapsed: 9s, ETA:    69s[>>>                         ] 890/7824, 100.2 task/s, elapsed: 9s, ETA:    69s[>>>                         ] 891/7824, 100.2 task/s, elapsed: 9s, ETA:    69s[>>>                         ] 892/7824, 100.2 task/s, elapsed: 9s, ETA:    69s[>>>                         ] 893/7824, 100.2 task/s, elapsed: 9s, ETA:    69s[>>>                         ] 894/7824, 100.2 task/s, elapsed: 9s, ETA:    69s[>>>                         ] 895/7824, 100.2 task/s, elapsed: 9s, ETA:    69s[>>>                         ] 896/7824, 100.2 task/s, elapsed: 9s, ETA:    69s[>>>                         ] 897/7824, 100.2 task/s, elapsed: 9s, ETA:    69s[>>>                         ] 898/7824, 100.2 task/s, elapsed: 9s, ETA:    69s[>>>                         ] 899/7824, 100.2 task/s, elapsed: 9s, ETA:    69s[>>>                         ] 900/7824, 100.3 task/s, elapsed: 9s, ETA:    69s[>>>                         ] 901/7824, 100.3 task/s, elapsed: 9s, ETA:    69s[>>>                         ] 902/7824, 100.3 task/s, elapsed: 9s, ETA:    69s[>>>                         ] 903/7824, 100.3 task/s, elapsed: 9s, ETA:    69s[>>>                         ] 904/7824, 100.3 task/s, elapsed: 9s, ETA:    69s[>>>                         ] 905/7824, 100.3 task/s, elapsed: 9s, ETA:    69s[>>>                         ] 906/7824, 100.3 task/s, elapsed: 9s, ETA:    69s[>>>                         ] 907/7824, 100.3 task/s, elapsed: 9s, ETA:    69s[>>>                         ] 908/7824, 100.3 task/s, elapsed: 9s, ETA:    69s[>>>                         ] 909/7824, 100.3 task/s, elapsed: 9s, ETA:    69s[>>>                         ] 910/7824, 100.3 task/s, elapsed: 9s, ETA:    69s[>>>                         ] 911/7824, 100.3 task/s, elapsed: 9s, ETA:    69s[>>>                         ] 912/7824, 100.3 task/s, elapsed: 9s, ETA:    69s[>>>                         ] 913/7824, 100.3 task/s, elapsed: 9s, ETA:    69s[>>>                         ] 914/7824, 100.3 task/s, elapsed: 9s, ETA:    69s[>>>                         ] 915/7824, 100.3 task/s, elapsed: 9s, ETA:    69s[>>>                         ] 916/7824, 100.3 task/s, elapsed: 9s, ETA:    69s[>>>                         ] 917/7824, 100.3 task/s, elapsed: 9s, ETA:    69s[>>>                         ] 918/7824, 100.3 task/s, elapsed: 9s, ETA:    69s[>>>                         ] 919/7824, 100.3 task/s, elapsed: 9s, ETA:    69s[>>>                         ] 920/7824, 100.4 task/s, elapsed: 9s, ETA:    69s[>>>                         ] 921/7824, 100.4 task/s, elapsed: 9s, ETA:    69s[>>>                         ] 922/7824, 100.4 task/s, elapsed: 9s, ETA:    69s[>>>                         ] 923/7824, 100.4 task/s, elapsed: 9s, ETA:    69s[>>>                         ] 924/7824, 100.4 task/s, elapsed: 9s, ETA:    69s[>>>                         ] 925/7824, 100.4 task/s, elapsed: 9s, ETA:    69s[>>>                         ] 926/7824, 100.4 task/s, elapsed: 9s, ETA:    69s[>>>                         ] 927/7824, 100.4 task/s, elapsed: 9s, ETA:    69s[>>>                         ] 928/7824, 100.4 task/s, elapsed: 9s, ETA:    69s[>>>                         ] 929/7824, 100.4 task/s, elapsed: 9s, ETA:    69s[>>>                         ] 930/7824, 100.4 task/s, elapsed: 9s, ETA:    69s[>>>                         ] 931/7824, 100.4 task/s, elapsed: 9s, ETA:    69s[>>>                         ] 932/7824, 100.4 task/s, elapsed: 9s, ETA:    69s[>>>                         ] 933/7824, 100.4 task/s, elapsed: 9s, ETA:    69s[>>>                         ] 934/7824, 100.4 task/s, elapsed: 9s, ETA:    69s[>>>                         ] 935/7824, 100.5 task/s, elapsed: 9s, ETA:    69s[>>>                         ] 936/7824, 100.5 task/s, elapsed: 9s, ETA:    69s[>>>                         ] 937/7824, 100.5 task/s, elapsed: 9s, ETA:    69s[>>>                         ] 938/7824, 100.4 task/s, elapsed: 9s, ETA:    69s[>>>                         ] 939/7824, 100.4 task/s, elapsed: 9s, ETA:    69s[>>>                         ] 940/7824, 100.4 task/s, elapsed: 9s, ETA:    69s[>>>                         ] 941/7824, 100.4 task/s, elapsed: 9s, ETA:    69s[>>>                         ] 942/7824, 100.4 task/s, elapsed: 9s, ETA:    69s[>>>                         ] 943/7824, 100.4 task/s, elapsed: 9s, ETA:    69s[>>>                         ] 944/7824, 100.4 task/s, elapsed: 9s, ETA:    68s[>>>                         ] 945/7824, 100.4 task/s, elapsed: 9s, ETA:    68s[>>>                         ] 946/7824, 100.4 task/s, elapsed: 9s, ETA:    68s[>>>                         ] 947/7824, 100.4 task/s, elapsed: 9s, ETA:    68s[>>>                         ] 948/7824, 100.4 task/s, elapsed: 9s, ETA:    68s[>>>                         ] 949/7824, 100.4 task/s, elapsed: 9s, ETA:    68s[>>>                         ] 950/7824, 100.5 task/s, elapsed: 9s, ETA:    68s[>>>                         ] 951/7824, 100.4 task/s, elapsed: 9s, ETA:    68s[>>>                         ] 952/7824, 100.5 task/s, elapsed: 9s, ETA:    68s[>>>                         ] 953/7824, 100.5 task/s, elapsed: 9s, ETA:    68s[>>>                         ] 954/7824, 100.5 task/s, elapsed: 9s, ETA:    68s[>>>                        ] 955/7824, 100.5 task/s, elapsed: 10s, ETA:    68s[>>>                        ] 956/7824, 100.5 task/s, elapsed: 10s, ETA:    68s[>>>                        ] 957/7824, 100.5 task/s, elapsed: 10s, ETA:    68s[>>>                        ] 958/7824, 100.5 task/s, elapsed: 10s, ETA:    68s[>>>                        ] 959/7824, 100.5 task/s, elapsed: 10s, ETA:    68s[>>>                        ] 960/7824, 100.5 task/s, elapsed: 10s, ETA:    68s[>>>                        ] 961/7824, 100.5 task/s, elapsed: 10s, ETA:    68s[>>>                        ] 962/7824, 100.5 task/s, elapsed: 10s, ETA:    68s[>>>                        ] 963/7824, 100.5 task/s, elapsed: 10s, ETA:    68s[>>>                        ] 964/7824, 100.5 task/s, elapsed: 10s, ETA:    68s[>>>                        ] 965/7824, 100.5 task/s, elapsed: 10s, ETA:    68s[>>>                        ] 966/7824, 100.5 task/s, elapsed: 10s, ETA:    68s[>>>                        ] 967/7824, 100.5 task/s, elapsed: 10s, ETA:    68s[>>>                        ] 968/7824, 100.5 task/s, elapsed: 10s, ETA:    68s[>>>                        ] 969/7824, 100.5 task/s, elapsed: 10s, ETA:    68s[>>>                        ] 970/7824, 100.6 task/s, elapsed: 10s, ETA:    68s[>>>                        ] 971/7824, 100.6 task/s, elapsed: 10s, ETA:    68s[>>>                        ] 972/7824, 100.6 task/s, elapsed: 10s, ETA:    68s[>>>                        ] 973/7824, 100.6 task/s, elapsed: 10s, ETA:    68s[>>>                        ] 974/7824, 100.6 task/s, elapsed: 10s, ETA:    68s[>>>                        ] 975/7824, 100.6 task/s, elapsed: 10s, ETA:    68s[>>>                        ] 976/7824, 100.6 task/s, elapsed: 10s, ETA:    68s[>>>                        ] 977/7824, 100.6 task/s, elapsed: 10s, ETA:    68s[>>>                        ] 978/7824, 100.6 task/s, elapsed: 10s, ETA:    68s[>>>                        ] 979/7824, 100.6 task/s, elapsed: 10s, ETA:    68s[>>>                        ] 980/7824, 100.6 task/s, elapsed: 10s, ETA:    68s[>>>                        ] 981/7824, 100.6 task/s, elapsed: 10s, ETA:    68s[>>>                        ] 982/7824, 100.6 task/s, elapsed: 10s, ETA:    68s[>>>                        ] 983/7824, 100.6 task/s, elapsed: 10s, ETA:    68s[>>>                        ] 984/7824, 100.6 task/s, elapsed: 10s, ETA:    68s[>>>                        ] 985/7824, 100.6 task/s, elapsed: 10s, ETA:    68s[>>>                        ] 986/7824, 100.6 task/s, elapsed: 10s, ETA:    68s[>>>                        ] 987/7824, 100.6 task/s, elapsed: 10s, ETA:    68s[>>>                        ] 988/7824, 100.6 task/s, elapsed: 10s, ETA:    68s[>>>                        ] 989/7824, 100.6 task/s, elapsed: 10s, ETA:    68s[>>>                        ] 990/7824, 100.6 task/s, elapsed: 10s, ETA:    68s[>>>                        ] 991/7824, 100.6 task/s, elapsed: 10s, ETA:    68s[>>>                        ] 992/7824, 100.6 task/s, elapsed: 10s, ETA:    68s[>>>                        ] 993/7824, 100.6 task/s, elapsed: 10s, ETA:    68s[>>>                        ] 994/7824, 100.6 task/s, elapsed: 10s, ETA:    68s[>>>                        ] 995/7824, 100.6 task/s, elapsed: 10s, ETA:    68s[>>>                        ] 996/7824, 100.6 task/s, elapsed: 10s, ETA:    68s[>>>                        ] 997/7824, 100.6 task/s, elapsed: 10s, ETA:    68s[>>>                        ] 998/7824, 100.6 task/s, elapsed: 10s, ETA:    68s[>>>                        ] 999/7824, 100.6 task/s, elapsed: 10s, ETA:    68s[>>>                       ] 1000/7824, 100.7 task/s, elapsed: 10s, ETA:    68s[>>>                       ] 1001/7824, 100.7 task/s, elapsed: 10s, ETA:    68s[>>>                       ] 1002/7824, 100.7 task/s, elapsed: 10s, ETA:    68s[>>>                       ] 1003/7824, 100.7 task/s, elapsed: 10s, ETA:    68s[>>>                       ] 1004/7824, 100.7 task/s, elapsed: 10s, ETA:    68s[>>>                       ] 1005/7824, 100.7 task/s, elapsed: 10s, ETA:    68s[>>>                       ] 1006/7824, 100.7 task/s, elapsed: 10s, ETA:    68s[>>>                       ] 1007/7824, 100.7 task/s, elapsed: 10s, ETA:    68s[>>>                       ] 1008/7824, 100.7 task/s, elapsed: 10s, ETA:    68s[>>>                       ] 1009/7824, 100.7 task/s, elapsed: 10s, ETA:    68s[>>>                       ] 1010/7824, 100.7 task/s, elapsed: 10s, ETA:    68s[>>>                       ] 1011/7824, 100.7 task/s, elapsed: 10s, ETA:    68s[>>>                       ] 1012/7824, 100.7 task/s, elapsed: 10s, ETA:    68s[>>>                       ] 1013/7824, 100.7 task/s, elapsed: 10s, ETA:    68s[>>>                       ] 1014/7824, 100.7 task/s, elapsed: 10s, ETA:    68s[>>>                       ] 1015/7824, 100.7 task/s, elapsed: 10s, ETA:    68s[>>>                       ] 1016/7824, 100.7 task/s, elapsed: 10s, ETA:    68s[>>>                       ] 1017/7824, 100.8 task/s, elapsed: 10s, ETA:    68s[>>>                       ] 1018/7824, 100.8 task/s, elapsed: 10s, ETA:    68s[>>>                       ] 1019/7824, 100.8 task/s, elapsed: 10s, ETA:    68s[>>>                       ] 1020/7824, 100.8 task/s, elapsed: 10s, ETA:    68s[>>>                       ] 1021/7824, 100.8 task/s, elapsed: 10s, ETA:    68s[>>>                       ] 1022/7824, 100.8 task/s, elapsed: 10s, ETA:    67s[>>>                       ] 1023/7824, 100.8 task/s, elapsed: 10s, ETA:    67s[>>>                       ] 1024/7824, 100.8 task/s, elapsed: 10s, ETA:    67s[>>>                       ] 1025/7824, 100.8 task/s, elapsed: 10s, ETA:    67s[>>>                       ] 1026/7824, 100.8 task/s, elapsed: 10s, ETA:    67s[>>>                       ] 1027/7824, 100.8 task/s, elapsed: 10s, ETA:    67s[>>>                       ] 1028/7824, 100.8 task/s, elapsed: 10s, ETA:    67s[>>>                       ] 1029/7824, 100.8 task/s, elapsed: 10s, ETA:    67s[>>>                       ] 1030/7824, 100.8 task/s, elapsed: 10s, ETA:    67s[>>>                       ] 1031/7824, 100.8 task/s, elapsed: 10s, ETA:    67s[>>>                       ] 1032/7824, 100.8 task/s, elapsed: 10s, ETA:    67s[>>>                       ] 1033/7824, 100.8 task/s, elapsed: 10s, ETA:    67s[>>>                       ] 1034/7824, 100.8 task/s, elapsed: 10s, ETA:    67s[>>>                       ] 1035/7824, 100.8 task/s, elapsed: 10s, ETA:    67s[>>>                       ] 1036/7824, 100.8 task/s, elapsed: 10s, ETA:    67s[>>>                       ] 1037/7824, 100.8 task/s, elapsed: 10s, ETA:    67s[>>>                       ] 1038/7824, 100.8 task/s, elapsed: 10s, ETA:    67s[>>>                       ] 1039/7824, 100.9 task/s, elapsed: 10s, ETA:    67s[>>>                       ] 1040/7824, 100.9 task/s, elapsed: 10s, ETA:    67s[>>>                       ] 1041/7824, 100.9 task/s, elapsed: 10s, ETA:    67s[>>>                       ] 1042/7824, 100.9 task/s, elapsed: 10s, ETA:    67s[>>>                       ] 1043/7824, 100.9 task/s, elapsed: 10s, ETA:    67s[>>>                       ] 1044/7824, 100.9 task/s, elapsed: 10s, ETA:    67s[>>>                       ] 1045/7824, 100.9 task/s, elapsed: 10s, ETA:    67s[>>>                       ] 1046/7824, 100.9 task/s, elapsed: 10s, ETA:    67s[>>>                       ] 1047/7824, 100.9 task/s, elapsed: 10s, ETA:    67s[>>>                       ] 1048/7824, 100.9 task/s, elapsed: 10s, ETA:    67s[>>>                       ] 1049/7824, 100.9 task/s, elapsed: 10s, ETA:    67s[>>>                       ] 1050/7824, 100.9 task/s, elapsed: 10s, ETA:    67s[>>>                       ] 1051/7824, 100.9 task/s, elapsed: 10s, ETA:    67s[>>>                       ] 1052/7824, 100.9 task/s, elapsed: 10s, ETA:    67s[>>>                       ] 1053/7824, 100.9 task/s, elapsed: 10s, ETA:    67s[>>>                       ] 1054/7824, 100.9 task/s, elapsed: 10s, ETA:    67s[>>>                       ] 1055/7824, 100.9 task/s, elapsed: 10s, ETA:    67s[>>>                       ] 1056/7824, 100.9 task/s, elapsed: 10s, ETA:    67s[>>>                       ] 1057/7824, 100.9 task/s, elapsed: 10s, ETA:    67s[>>>                       ] 1058/7824, 100.9 task/s, elapsed: 10s, ETA:    67s[>>>                       ] 1059/7824, 100.9 task/s, elapsed: 10s, ETA:    67s[>>>                       ] 1060/7824, 100.9 task/s, elapsed: 11s, ETA:    67s[>>>                       ] 1061/7824, 100.9 task/s, elapsed: 11s, ETA:    67s[>>>                       ] 1062/7824, 101.0 task/s, elapsed: 11s, ETA:    67s[>>>                       ] 1063/7824, 101.0 task/s, elapsed: 11s, ETA:    67s[>>>                       ] 1064/7824, 101.0 task/s, elapsed: 11s, ETA:    67s[>>>                       ] 1065/7824, 101.0 task/s, elapsed: 11s, ETA:    67s[>>>                       ] 1066/7824, 101.0 task/s, elapsed: 11s, ETA:    67s[>>>                       ] 1067/7824, 101.0 task/s, elapsed: 11s, ETA:    67s[>>>                       ] 1068/7824, 101.0 task/s, elapsed: 11s, ETA:    67s[>>>                       ] 1069/7824, 101.0 task/s, elapsed: 11s, ETA:    67s[>>>                       ] 1070/7824, 101.0 task/s, elapsed: 11s, ETA:    67s[>>>                       ] 1071/7824, 101.0 task/s, elapsed: 11s, ETA:    67s[>>>                       ] 1072/7824, 101.0 task/s, elapsed: 11s, ETA:    67s[>>>                       ] 1073/7824, 101.0 task/s, elapsed: 11s, ETA:    67s[>>>                       ] 1074/7824, 101.0 task/s, elapsed: 11s, ETA:    67s[>>>                       ] 1075/7824, 101.0 task/s, elapsed: 11s, ETA:    67s[>>>                       ] 1076/7824, 101.0 task/s, elapsed: 11s, ETA:    67s[>>>                       ] 1077/7824, 101.0 task/s, elapsed: 11s, ETA:    67s[>>>                       ] 1078/7824, 101.0 task/s, elapsed: 11s, ETA:    67s[>>>                       ] 1079/7824, 101.1 task/s, elapsed: 11s, ETA:    67s[>>>                       ] 1080/7824, 101.1 task/s, elapsed: 11s, ETA:    67s[>>>                       ] 1081/7824, 101.1 task/s, elapsed: 11s, ETA:    67s[>>>                       ] 1082/7824, 101.1 task/s, elapsed: 11s, ETA:    67s[>>>                       ] 1083/7824, 101.1 task/s, elapsed: 11s, ETA:    67s[>>>                       ] 1084/7824, 101.1 task/s, elapsed: 11s, ETA:    67s[>>>                       ] 1085/7824, 101.1 task/s, elapsed: 11s, ETA:    67s[>>>                       ] 1086/7824, 101.1 task/s, elapsed: 11s, ETA:    67s[>>>                       ] 1087/7824, 101.1 task/s, elapsed: 11s, ETA:    67s[>>>                       ] 1088/7824, 101.1 task/s, elapsed: 11s, ETA:    67s[>>>                       ] 1089/7824, 101.1 task/s, elapsed: 11s, ETA:    67s[>>>                       ] 1090/7824, 101.1 task/s, elapsed: 11s, ETA:    67s[>>>                       ] 1091/7824, 101.1 task/s, elapsed: 11s, ETA:    67s[>>>                       ] 1092/7824, 101.1 task/s, elapsed: 11s, ETA:    67s[>>>                       ] 1093/7824, 101.1 task/s, elapsed: 11s, ETA:    67s[>>>                       ] 1094/7824, 101.1 task/s, elapsed: 11s, ETA:    67s[>>>                       ] 1095/7824, 101.1 task/s, elapsed: 11s, ETA:    67s[>>>                       ] 1096/7824, 101.1 task/s, elapsed: 11s, ETA:    67s[>>>                       ] 1097/7824, 101.1 task/s, elapsed: 11s, ETA:    67s[>>>                       ] 1098/7824, 101.1 task/s, elapsed: 11s, ETA:    67s[>>>                       ] 1099/7824, 101.1 task/s, elapsed: 11s, ETA:    67s[>>>                       ] 1100/7824, 101.1 task/s, elapsed: 11s, ETA:    67s[>>>                       ] 1101/7824, 101.1 task/s, elapsed: 11s, ETA:    66s[>>>                       ] 1102/7824, 101.1 task/s, elapsed: 11s, ETA:    66s[>>>                       ] 1103/7824, 101.1 task/s, elapsed: 11s, ETA:    66s[>>>                       ] 1104/7824, 101.1 task/s, elapsed: 11s, ETA:    66s[>>>                       ] 1105/7824, 101.1 task/s, elapsed: 11s, ETA:    66s[>>>                       ] 1106/7824, 101.1 task/s, elapsed: 11s, ETA:    66s[>>>                       ] 1107/7824, 101.1 task/s, elapsed: 11s, ETA:    66s[>>>                       ] 1108/7824, 101.1 task/s, elapsed: 11s, ETA:    66s[>>>                       ] 1109/7824, 101.1 task/s, elapsed: 11s, ETA:    66s[>>>                       ] 1110/7824, 101.2 task/s, elapsed: 11s, ETA:    66s[>>>                       ] 1111/7824, 101.2 task/s, elapsed: 11s, ETA:    66s[>>>                       ] 1112/7824, 101.2 task/s, elapsed: 11s, ETA:    66s[>>>                       ] 1113/7824, 101.2 task/s, elapsed: 11s, ETA:    66s[>>>                       ] 1114/7824, 101.2 task/s, elapsed: 11s, ETA:    66s[>>>                       ] 1115/7824, 101.2 task/s, elapsed: 11s, ETA:    66s[>>>                       ] 1116/7824, 101.2 task/s, elapsed: 11s, ETA:    66s[>>>                       ] 1117/7824, 101.2 task/s, elapsed: 11s, ETA:    66s[>>>                       ] 1118/7824, 101.2 task/s, elapsed: 11s, ETA:    66s[>>>                       ] 1119/7824, 101.2 task/s, elapsed: 11s, ETA:    66s[>>>                       ] 1120/7824, 101.2 task/s, elapsed: 11s, ETA:    66s[>>>                       ] 1121/7824, 101.2 task/s, elapsed: 11s, ETA:    66s[>>>                       ] 1122/7824, 101.2 task/s, elapsed: 11s, ETA:    66s[>>>                       ] 1123/7824, 101.2 task/s, elapsed: 11s, ETA:    66s[>>>                       ] 1124/7824, 101.2 task/s, elapsed: 11s, ETA:    66s[>>>                       ] 1125/7824, 101.2 task/s, elapsed: 11s, ETA:    66s[>>>                       ] 1126/7824, 101.2 task/s, elapsed: 11s, ETA:    66s[>>>                       ] 1127/7824, 101.2 task/s, elapsed: 11s, ETA:    66s[>>>                       ] 1128/7824, 101.2 task/s, elapsed: 11s, ETA:    66s[>>>                       ] 1129/7824, 101.2 task/s, elapsed: 11s, ETA:    66s[>>>                       ] 1130/7824, 101.2 task/s, elapsed: 11s, ETA:    66s[>>>                       ] 1131/7824, 101.2 task/s, elapsed: 11s, ETA:    66s[>>>                       ] 1132/7824, 101.2 task/s, elapsed: 11s, ETA:    66s[>>>                       ] 1133/7824, 101.2 task/s, elapsed: 11s, ETA:    66s[>>>                       ] 1134/7824, 101.2 task/s, elapsed: 11s, ETA:    66s[>>>                       ] 1135/7824, 101.2 task/s, elapsed: 11s, ETA:    66s[>>>                       ] 1136/7824, 101.3 task/s, elapsed: 11s, ETA:    66s[>>>                       ] 1137/7824, 101.3 task/s, elapsed: 11s, ETA:    66s[>>>                       ] 1138/7824, 101.3 task/s, elapsed: 11s, ETA:    66s[>>>                       ] 1139/7824, 101.3 task/s, elapsed: 11s, ETA:    66s[>>>                       ] 1140/7824, 101.3 task/s, elapsed: 11s, ETA:    66s[>>>                       ] 1141/7824, 101.3 task/s, elapsed: 11s, ETA:    66s[>>>                       ] 1142/7824, 101.3 task/s, elapsed: 11s, ETA:    66s[>>>                       ] 1143/7824, 101.3 task/s, elapsed: 11s, ETA:    66s[>>>                       ] 1144/7824, 101.3 task/s, elapsed: 11s, ETA:    66s[>>>                       ] 1145/7824, 101.3 task/s, elapsed: 11s, ETA:    66s[>>>                       ] 1146/7824, 101.3 task/s, elapsed: 11s, ETA:    66s[>>>                       ] 1147/7824, 101.3 task/s, elapsed: 11s, ETA:    66s[>>>                       ] 1148/7824, 101.3 task/s, elapsed: 11s, ETA:    66s[>>>                       ] 1149/7824, 101.3 task/s, elapsed: 11s, ETA:    66s[>>>                       ] 1150/7824, 101.3 task/s, elapsed: 11s, ETA:    66s[>>>                       ] 1151/7824, 101.3 task/s, elapsed: 11s, ETA:    66s[>>>                       ] 1152/7824, 101.3 task/s, elapsed: 11s, ETA:    66s[>>>                       ] 1153/7824, 101.3 task/s, elapsed: 11s, ETA:    66s[>>>                       ] 1154/7824, 101.3 task/s, elapsed: 11s, ETA:    66s[>>>                       ] 1155/7824, 101.3 task/s, elapsed: 11s, ETA:    66s[>>>                       ] 1156/7824, 101.3 task/s, elapsed: 11s, ETA:    66s[>>>                       ] 1157/7824, 101.3 task/s, elapsed: 11s, ETA:    66s[>>>                       ] 1158/7824, 101.3 task/s, elapsed: 11s, ETA:    66s[>>>                       ] 1159/7824, 101.3 task/s, elapsed: 11s, ETA:    66s[>>>                       ] 1160/7824, 101.3 task/s, elapsed: 11s, ETA:    66s[>>>                       ] 1161/7824, 101.3 task/s, elapsed: 11s, ETA:    66s[>>>                       ] 1162/7824, 101.3 task/s, elapsed: 11s, ETA:    66s[>>>                       ] 1163/7824, 101.3 task/s, elapsed: 11s, ETA:    66s[>>>                       ] 1164/7824, 101.3 task/s, elapsed: 11s, ETA:    66s[>>>                       ] 1165/7824, 101.3 task/s, elapsed: 11s, ETA:    66s[>>>                       ] 1166/7824, 101.3 task/s, elapsed: 12s, ETA:    66s[>>>                       ] 1167/7824, 101.3 task/s, elapsed: 12s, ETA:    66s[>>>                       ] 1168/7824, 101.3 task/s, elapsed: 12s, ETA:    66s[>>>                       ] 1169/7824, 101.3 task/s, elapsed: 12s, ETA:    66s[>>>                       ] 1170/7824, 101.3 task/s, elapsed: 12s, ETA:    66s[>>>                       ] 1171/7824, 101.4 task/s, elapsed: 12s, ETA:    66s[>>>                       ] 1172/7824, 101.4 task/s, elapsed: 12s, ETA:    66s[>>>                       ] 1173/7824, 101.3 task/s, elapsed: 12s, ETA:    66s[>>>                       ] 1174/7824, 101.3 task/s, elapsed: 12s, ETA:    66s[>>>                       ] 1175/7824, 101.3 task/s, elapsed: 12s, ETA:    66s[>>>                       ] 1176/7824, 101.3 task/s, elapsed: 12s, ETA:    66s[>>>                       ] 1177/7824, 101.3 task/s, elapsed: 12s, ETA:    66s[>>>                       ] 1178/7824, 101.3 task/s, elapsed: 12s, ETA:    66s[>>>                       ] 1179/7824, 101.3 task/s, elapsed: 12s, ETA:    66s[>>>                       ] 1180/7824, 101.3 task/s, elapsed: 12s, ETA:    66s[>>>                       ] 1181/7824, 101.3 task/s, elapsed: 12s, ETA:    66s[>>>                       ] 1182/7824, 101.4 task/s, elapsed: 12s, ETA:    66s[>>>                       ] 1183/7824, 101.4 task/s, elapsed: 12s, ETA:    66s[>>>                       ] 1184/7824, 101.4 task/s, elapsed: 12s, ETA:    66s[>>>                       ] 1185/7824, 101.4 task/s, elapsed: 12s, ETA:    65s[>>>                       ] 1186/7824, 101.4 task/s, elapsed: 12s, ETA:    65s[>>>                       ] 1187/7824, 101.4 task/s, elapsed: 12s, ETA:    65s[>>>                       ] 1188/7824, 101.4 task/s, elapsed: 12s, ETA:    65s[>>>                       ] 1189/7824, 101.4 task/s, elapsed: 12s, ETA:    65s[>>>                       ] 1190/7824, 101.4 task/s, elapsed: 12s, ETA:    65s[>>>                       ] 1191/7824, 101.4 task/s, elapsed: 12s, ETA:    65s[>>>                       ] 1192/7824, 101.4 task/s, elapsed: 12s, ETA:    65s[>>>                       ] 1193/7824, 101.4 task/s, elapsed: 12s, ETA:    65s[>>>                       ] 1194/7824, 101.4 task/s, elapsed: 12s, ETA:    65s[>>>                       ] 1195/7824, 101.4 task/s, elapsed: 12s, ETA:    65s[>>>                       ] 1196/7824, 101.4 task/s, elapsed: 12s, ETA:    65s[>>>                       ] 1197/7824, 101.4 task/s, elapsed: 12s, ETA:    65s[>>>                       ] 1198/7824, 101.4 task/s, elapsed: 12s, ETA:    65s[>>>                       ] 1199/7824, 101.4 task/s, elapsed: 12s, ETA:    65s[>>>                       ] 1200/7824, 101.4 task/s, elapsed: 12s, ETA:    65s[>>>                       ] 1201/7824, 101.4 task/s, elapsed: 12s, ETA:    65s[>>>                       ] 1202/7824, 101.4 task/s, elapsed: 12s, ETA:    65s[>>>                       ] 1203/7824, 101.4 task/s, elapsed: 12s, ETA:    65s[>>>>                      ] 1204/7824, 101.4 task/s, elapsed: 12s, ETA:    65s[>>>>                      ] 1205/7824, 101.4 task/s, elapsed: 12s, ETA:    65s[>>>>                      ] 1206/7824, 101.4 task/s, elapsed: 12s, ETA:    65s[>>>>                      ] 1207/7824, 101.4 task/s, elapsed: 12s, ETA:    65s[>>>>                      ] 1208/7824, 101.4 task/s, elapsed: 12s, ETA:    65s[>>>>                      ] 1209/7824, 101.4 task/s, elapsed: 12s, ETA:    65s[>>>>                      ] 1210/7824, 101.4 task/s, elapsed: 12s, ETA:    65s[>>>>                      ] 1211/7824, 101.4 task/s, elapsed: 12s, ETA:    65s[>>>>                      ] 1212/7824, 101.4 task/s, elapsed: 12s, ETA:    65s[>>>>                      ] 1213/7824, 101.4 task/s, elapsed: 12s, ETA:    65s[>>>>                      ] 1214/7824, 101.4 task/s, elapsed: 12s, ETA:    65s[>>>>                      ] 1215/7824, 101.4 task/s, elapsed: 12s, ETA:    65s[>>>>                      ] 1216/7824, 101.4 task/s, elapsed: 12s, ETA:    65s[>>>>                      ] 1217/7824, 101.4 task/s, elapsed: 12s, ETA:    65s[>>>>                      ] 1218/7824, 101.4 task/s, elapsed: 12s, ETA:    65s[>>>>                      ] 1219/7824, 101.4 task/s, elapsed: 12s, ETA:    65s[>>>>                      ] 1220/7824, 101.4 task/s, elapsed: 12s, ETA:    65s[>>>>                      ] 1221/7824, 101.4 task/s, elapsed: 12s, ETA:    65s[>>>>                      ] 1222/7824, 101.4 task/s, elapsed: 12s, ETA:    65s[>>>>                      ] 1223/7824, 101.4 task/s, elapsed: 12s, ETA:    65s[>>>>                      ] 1224/7824, 101.4 task/s, elapsed: 12s, ETA:    65s[>>>>                      ] 1225/7824, 101.4 task/s, elapsed: 12s, ETA:    65s[>>>>                      ] 1226/7824, 101.4 task/s, elapsed: 12s, ETA:    65s[>>>>                      ] 1227/7824, 101.4 task/s, elapsed: 12s, ETA:    65s[>>>>                      ] 1228/7824, 101.4 task/s, elapsed: 12s, ETA:    65s[>>>>                      ] 1229/7824, 101.4 task/s, elapsed: 12s, ETA:    65s[>>>>                      ] 1230/7824, 101.4 task/s, elapsed: 12s, ETA:    65s[>>>>                      ] 1231/7824, 101.4 task/s, elapsed: 12s, ETA:    65s[>>>>                      ] 1232/7824, 101.4 task/s, elapsed: 12s, ETA:    65s[>>>>                      ] 1233/7824, 101.4 task/s, elapsed: 12s, ETA:    65s[>>>>                      ] 1234/7824, 101.4 task/s, elapsed: 12s, ETA:    65s[>>>>                      ] 1235/7824, 101.5 task/s, elapsed: 12s, ETA:    65s[>>>>                      ] 1236/7824, 101.5 task/s, elapsed: 12s, ETA:    65s[>>>>                      ] 1237/7824, 101.5 task/s, elapsed: 12s, ETA:    65s[>>>>                      ] 1238/7824, 101.5 task/s, elapsed: 12s, ETA:    65s[>>>>                      ] 1239/7824, 101.5 task/s, elapsed: 12s, ETA:    65s[>>>>                      ] 1240/7824, 101.5 task/s, elapsed: 12s, ETA:    65s[>>>>                      ] 1241/7824, 101.5 task/s, elapsed: 12s, ETA:    65s[>>>>                      ] 1242/7824, 101.5 task/s, elapsed: 12s, ETA:    65s[>>>>                      ] 1243/7824, 101.5 task/s, elapsed: 12s, ETA:    65s[>>>>                      ] 1244/7824, 101.5 task/s, elapsed: 12s, ETA:    65s[>>>>                      ] 1245/7824, 101.5 task/s, elapsed: 12s, ETA:    65s[>>>>                      ] 1246/7824, 101.5 task/s, elapsed: 12s, ETA:    65s[>>>>                      ] 1247/7824, 101.5 task/s, elapsed: 12s, ETA:    65s[>>>>                      ] 1248/7824, 101.5 task/s, elapsed: 12s, ETA:    65s[>>>>                      ] 1249/7824, 101.5 task/s, elapsed: 12s, ETA:    65s[>>>>                      ] 1250/7824, 101.5 task/s, elapsed: 12s, ETA:    65s[>>>>                      ] 1251/7824, 101.5 task/s, elapsed: 12s, ETA:    65s[>>>>                      ] 1252/7824, 101.5 task/s, elapsed: 12s, ETA:    65s[>>>>                      ] 1253/7824, 101.5 task/s, elapsed: 12s, ETA:    65s[>>>>                      ] 1254/7824, 101.5 task/s, elapsed: 12s, ETA:    65s[>>>>                      ] 1255/7824, 101.5 task/s, elapsed: 12s, ETA:    65s[>>>>                      ] 1256/7824, 101.5 task/s, elapsed: 12s, ETA:    65s[>>>>                      ] 1257/7824, 101.5 task/s, elapsed: 12s, ETA:    65s[>>>>                      ] 1258/7824, 101.5 task/s, elapsed: 12s, ETA:    65s[>>>>                      ] 1259/7824, 101.6 task/s, elapsed: 12s, ETA:    65s[>>>>                      ] 1260/7824, 101.6 task/s, elapsed: 12s, ETA:    65s[>>>>                      ] 1261/7824, 101.6 task/s, elapsed: 12s, ETA:    65s[>>>>                      ] 1262/7824, 101.6 task/s, elapsed: 12s, ETA:    65s[>>>>                      ] 1263/7824, 101.6 task/s, elapsed: 12s, ETA:    65s[>>>>                      ] 1264/7824, 101.6 task/s, elapsed: 12s, ETA:    65s[>>>>                      ] 1265/7824, 101.6 task/s, elapsed: 12s, ETA:    65s[>>>>                      ] 1266/7824, 101.6 task/s, elapsed: 12s, ETA:    65s[>>>>                      ] 1267/7824, 101.6 task/s, elapsed: 12s, ETA:    65s[>>>>                      ] 1268/7824, 101.6 task/s, elapsed: 12s, ETA:    65s[>>>>                      ] 1269/7824, 101.6 task/s, elapsed: 12s, ETA:    65s[>>>>                      ] 1270/7824, 101.6 task/s, elapsed: 12s, ETA:    65s[>>>>                      ] 1271/7824, 101.6 task/s, elapsed: 13s, ETA:    64s[>>>>                      ] 1272/7824, 101.6 task/s, elapsed: 13s, ETA:    64s[>>>>                      ] 1273/7824, 101.6 task/s, elapsed: 13s, ETA:    64s[>>>>                      ] 1274/7824, 101.6 task/s, elapsed: 13s, ETA:    64s[>>>>                      ] 1275/7824, 101.6 task/s, elapsed: 13s, ETA:    64s[>>>>                      ] 1276/7824, 101.6 task/s, elapsed: 13s, ETA:    64s[>>>>                      ] 1277/7824, 101.6 task/s, elapsed: 13s, ETA:    64s[>>>>                      ] 1278/7824, 101.6 task/s, elapsed: 13s, ETA:    64s[>>>>                      ] 1279/7824, 101.6 task/s, elapsed: 13s, ETA:    64s[>>>>                      ] 1280/7824, 101.7 task/s, elapsed: 13s, ETA:    64s[>>>>                      ] 1281/7824, 101.7 task/s, elapsed: 13s, ETA:    64s[>>>>                      ] 1282/7824, 101.7 task/s, elapsed: 13s, ETA:    64s[>>>>                      ] 1283/7824, 101.7 task/s, elapsed: 13s, ETA:    64s[>>>>                      ] 1284/7824, 101.7 task/s, elapsed: 13s, ETA:    64s[>>>>                      ] 1285/7824, 101.7 task/s, elapsed: 13s, ETA:    64s[>>>>                      ] 1286/7824, 101.7 task/s, elapsed: 13s, ETA:    64s[>>>>                      ] 1287/7824, 101.7 task/s, elapsed: 13s, ETA:    64s[>>>>                      ] 1288/7824, 101.7 task/s, elapsed: 13s, ETA:    64s[>>>>                      ] 1289/7824, 101.7 task/s, elapsed: 13s, ETA:    64s[>>>>                      ] 1290/7824, 101.7 task/s, elapsed: 13s, ETA:    64s[>>>>                      ] 1291/7824, 101.7 task/s, elapsed: 13s, ETA:    64s[>>>>                      ] 1292/7824, 101.7 task/s, elapsed: 13s, ETA:    64s[>>>>                      ] 1293/7824, 101.7 task/s, elapsed: 13s, ETA:    64s[>>>>                      ] 1294/7824, 101.7 task/s, elapsed: 13s, ETA:    64s[>>>>                      ] 1295/7824, 101.7 task/s, elapsed: 13s, ETA:    64s[>>>>                      ] 1296/7824, 101.7 task/s, elapsed: 13s, ETA:    64s[>>>>                      ] 1297/7824, 101.7 task/s, elapsed: 13s, ETA:    64s[>>>>                      ] 1298/7824, 101.7 task/s, elapsed: 13s, ETA:    64s[>>>>                      ] 1299/7824, 101.7 task/s, elapsed: 13s, ETA:    64s[>>>>                      ] 1300/7824, 101.7 task/s, elapsed: 13s, ETA:    64s[>>>>                      ] 1301/7824, 101.7 task/s, elapsed: 13s, ETA:    64s[>>>>                      ] 1302/7824, 101.7 task/s, elapsed: 13s, ETA:    64s[>>>>                      ] 1303/7824, 101.7 task/s, elapsed: 13s, ETA:    64s[>>>>                      ] 1304/7824, 101.7 task/s, elapsed: 13s, ETA:    64s[>>>>                      ] 1305/7824, 101.7 task/s, elapsed: 13s, ETA:    64s[>>>>                      ] 1306/7824, 101.8 task/s, elapsed: 13s, ETA:    64s[>>>>                      ] 1307/7824, 101.8 task/s, elapsed: 13s, ETA:    64s[>>>>                      ] 1308/7824, 101.8 task/s, elapsed: 13s, ETA:    64s[>>>>                      ] 1309/7824, 101.8 task/s, elapsed: 13s, ETA:    64s[>>>>                      ] 1310/7824, 101.8 task/s, elapsed: 13s, ETA:    64s[>>>>                      ] 1311/7824, 101.8 task/s, elapsed: 13s, ETA:    64s[>>>>                      ] 1312/7824, 101.8 task/s, elapsed: 13s, ETA:    64s[>>>>                      ] 1313/7824, 101.8 task/s, elapsed: 13s, ETA:    64s[>>>>                      ] 1314/7824, 101.8 task/s, elapsed: 13s, ETA:    64s[>>>>                      ] 1315/7824, 101.8 task/s, elapsed: 13s, ETA:    64s[>>>>                      ] 1316/7824, 101.8 task/s, elapsed: 13s, ETA:    64s[>>>>                      ] 1317/7824, 101.8 task/s, elapsed: 13s, ETA:    64s[>>>>                      ] 1318/7824, 101.8 task/s, elapsed: 13s, ETA:    64s[>>>>                      ] 1319/7824, 101.8 task/s, elapsed: 13s, ETA:    64s[>>>>                      ] 1320/7824, 101.8 task/s, elapsed: 13s, ETA:    64s[>>>>                      ] 1321/7824, 101.8 task/s, elapsed: 13s, ETA:    64s[>>>>                      ] 1322/7824, 101.8 task/s, elapsed: 13s, ETA:    64s[>>>>                      ] 1323/7824, 101.8 task/s, elapsed: 13s, ETA:    64s[>>>>                      ] 1324/7824, 101.8 task/s, elapsed: 13s, ETA:    64s[>>>>                      ] 1325/7824, 101.8 task/s, elapsed: 13s, ETA:    64s[>>>>                      ] 1326/7824, 101.8 task/s, elapsed: 13s, ETA:    64s[>>>>                      ] 1327/7824, 101.8 task/s, elapsed: 13s, ETA:    64s[>>>>                      ] 1328/7824, 101.8 task/s, elapsed: 13s, ETA:    64s[>>>>                      ] 1329/7824, 101.8 task/s, elapsed: 13s, ETA:    64s[>>>>                      ] 1330/7824, 101.8 task/s, elapsed: 13s, ETA:    64s[>>>>                      ] 1331/7824, 101.8 task/s, elapsed: 13s, ETA:    64s[>>>>                      ] 1332/7824, 101.8 task/s, elapsed: 13s, ETA:    64s[>>>>                      ] 1333/7824, 101.8 task/s, elapsed: 13s, ETA:    64s[>>>>                      ] 1334/7824, 101.8 task/s, elapsed: 13s, ETA:    64s[>>>>                      ] 1335/7824, 101.8 task/s, elapsed: 13s, ETA:    64s[>>>>                      ] 1336/7824, 101.8 task/s, elapsed: 13s, ETA:    64s[>>>>                      ] 1337/7824, 101.8 task/s, elapsed: 13s, ETA:    64s[>>>>                      ] 1338/7824, 101.9 task/s, elapsed: 13s, ETA:    64s[>>>>                      ] 1339/7824, 101.9 task/s, elapsed: 13s, ETA:    64s[>>>>                      ] 1340/7824, 101.9 task/s, elapsed: 13s, ETA:    64s[>>>>                      ] 1341/7824, 101.9 task/s, elapsed: 13s, ETA:    64s[>>>>                      ] 1342/7824, 101.9 task/s, elapsed: 13s, ETA:    64s[>>>>                      ] 1343/7824, 101.9 task/s, elapsed: 13s, ETA:    64s[>>>>                      ] 1344/7824, 101.9 task/s, elapsed: 13s, ETA:    64s[>>>>                      ] 1345/7824, 101.9 task/s, elapsed: 13s, ETA:    64s[>>>>                      ] 1346/7824, 101.9 task/s, elapsed: 13s, ETA:    64s[>>>>                      ] 1347/7824, 101.9 task/s, elapsed: 13s, ETA:    64s[>>>>                      ] 1348/7824, 101.9 task/s, elapsed: 13s, ETA:    64s[>>>>                      ] 1349/7824, 101.9 task/s, elapsed: 13s, ETA:    64s[>>>>                      ] 1350/7824, 101.9 task/s, elapsed: 13s, ETA:    64s[>>>>                      ] 1351/7824, 101.9 task/s, elapsed: 13s, ETA:    64s[>>>>                      ] 1352/7824, 101.9 task/s, elapsed: 13s, ETA:    64s[>>>>                      ] 1353/7824, 101.9 task/s, elapsed: 13s, ETA:    64s[>>>>                      ] 1354/7824, 101.9 task/s, elapsed: 13s, ETA:    63s[>>>>                      ] 1355/7824, 101.9 task/s, elapsed: 13s, ETA:    63s[>>>>                      ] 1356/7824, 101.9 task/s, elapsed: 13s, ETA:    63s[>>>>                      ] 1357/7824, 101.9 task/s, elapsed: 13s, ETA:    63s[>>>>                      ] 1358/7824, 101.9 task/s, elapsed: 13s, ETA:    63s[>>>>                      ] 1359/7824, 101.9 task/s, elapsed: 13s, ETA:    63s[>>>>                      ] 1360/7824, 101.9 task/s, elapsed: 13s, ETA:    63s[>>>>                      ] 1361/7824, 101.9 task/s, elapsed: 13s, ETA:    63s[>>>>                      ] 1362/7824, 101.9 task/s, elapsed: 13s, ETA:    63s[>>>>                      ] 1363/7824, 101.9 task/s, elapsed: 13s, ETA:    63s[>>>>                      ] 1364/7824, 101.9 task/s, elapsed: 13s, ETA:    63s[>>>>                      ] 1365/7824, 101.9 task/s, elapsed: 13s, ETA:    63s[>>>>                      ] 1366/7824, 101.9 task/s, elapsed: 13s, ETA:    63s[>>>>                      ] 1367/7824, 101.9 task/s, elapsed: 13s, ETA:    63s[>>>>                      ] 1368/7824, 101.9 task/s, elapsed: 13s, ETA:    63s[>>>>                      ] 1369/7824, 101.9 task/s, elapsed: 13s, ETA:    63s[>>>>                      ] 1370/7824, 101.9 task/s, elapsed: 13s, ETA:    63s[>>>>                      ] 1371/7824, 101.9 task/s, elapsed: 13s, ETA:    63s[>>>>                      ] 1372/7824, 101.9 task/s, elapsed: 13s, ETA:    63s[>>>>                      ] 1373/7824, 101.9 task/s, elapsed: 13s, ETA:    63s[>>>>                      ] 1374/7824, 101.9 task/s, elapsed: 13s, ETA:    63s[>>>>                      ] 1375/7824, 101.9 task/s, elapsed: 13s, ETA:    63s[>>>>                      ] 1376/7824, 101.9 task/s, elapsed: 14s, ETA:    63s[>>>>                      ] 1377/7824, 101.9 task/s, elapsed: 14s, ETA:    63s[>>>>                      ] 1378/7824, 101.9 task/s, elapsed: 14s, ETA:    63s[>>>>                      ] 1379/7824, 101.9 task/s, elapsed: 14s, ETA:    63s[>>>>                      ] 1380/7824, 101.9 task/s, elapsed: 14s, ETA:    63s[>>>>                      ] 1381/7824, 101.9 task/s, elapsed: 14s, ETA:    63s[>>>>                      ] 1382/7824, 101.9 task/s, elapsed: 14s, ETA:    63s[>>>>                      ] 1383/7824, 101.9 task/s, elapsed: 14s, ETA:    63s[>>>>                      ] 1384/7824, 101.9 task/s, elapsed: 14s, ETA:    63s[>>>>                      ] 1385/7824, 101.9 task/s, elapsed: 14s, ETA:    63s[>>>>                      ] 1386/7824, 101.9 task/s, elapsed: 14s, ETA:    63s[>>>>                      ] 1387/7824, 101.9 task/s, elapsed: 14s, ETA:    63s[>>>>                      ] 1388/7824, 101.9 task/s, elapsed: 14s, ETA:    63s[>>>>                      ] 1389/7824, 101.9 task/s, elapsed: 14s, ETA:    63s[>>>>                      ] 1390/7824, 101.9 task/s, elapsed: 14s, ETA:    63s[>>>>                      ] 1391/7824, 101.9 task/s, elapsed: 14s, ETA:    63s[>>>>                      ] 1392/7824, 101.9 task/s, elapsed: 14s, ETA:    63s[>>>>                      ] 1393/7824, 101.9 task/s, elapsed: 14s, ETA:    63s[>>>>                      ] 1394/7824, 101.9 task/s, elapsed: 14s, ETA:    63s[>>>>                      ] 1395/7824, 101.9 task/s, elapsed: 14s, ETA:    63s[>>>>                      ] 1396/7824, 101.9 task/s, elapsed: 14s, ETA:    63s[>>>>                      ] 1397/7824, 101.7 task/s, elapsed: 14s, ETA:    63s[>>>>                      ] 1398/7824, 101.7 task/s, elapsed: 14s, ETA:    63s[>>>>                      ] 1399/7824, 101.7 task/s, elapsed: 14s, ETA:    63s[>>>>                      ] 1400/7824, 101.7 task/s, elapsed: 14s, ETA:    63s[>>>>                      ] 1401/7824, 101.6 task/s, elapsed: 14s, ETA:    63s[>>>>                      ] 1402/7824, 101.6 task/s, elapsed: 14s, ETA:    63s[>>>>                      ] 1403/7824, 101.6 task/s, elapsed: 14s, ETA:    63s[>>>>                      ] 1404/7824, 101.5 task/s, elapsed: 14s, ETA:    63s[>>>>                      ] 1405/7824, 101.5 task/s, elapsed: 14s, ETA:    63s[>>>>                      ] 1406/7824, 101.5 task/s, elapsed: 14s, ETA:    63s[>>>>                      ] 1407/7824, 101.4 task/s, elapsed: 14s, ETA:    63s[>>>>                      ] 1408/7824, 101.4 task/s, elapsed: 14s, ETA:    63s[>>>>                      ] 1409/7824, 101.4 task/s, elapsed: 14s, ETA:    63s[>>>>                      ] 1410/7824, 101.4 task/s, elapsed: 14s, ETA:    63s[>>>>                      ] 1411/7824, 101.3 task/s, elapsed: 14s, ETA:    63s[>>>>                      ] 1412/7824, 101.3 task/s, elapsed: 14s, ETA:    63s[>>>>                      ] 1413/7824, 101.3 task/s, elapsed: 14s, ETA:    63s[>>>>                      ] 1414/7824, 101.2 task/s, elapsed: 14s, ETA:    63s[>>>>                      ] 1415/7824, 101.2 task/s, elapsed: 14s, ETA:    63s[>>>>                      ] 1416/7824, 101.2 task/s, elapsed: 14s, ETA:    63s[>>>>                      ] 1417/7824, 101.2 task/s, elapsed: 14s, ETA:    63s[>>>>                      ] 1418/7824, 101.1 task/s, elapsed: 14s, ETA:    63s[>>>>                      ] 1419/7824, 101.1 task/s, elapsed: 14s, ETA:    63s[>>>>                      ] 1420/7824, 101.1 task/s, elapsed: 14s, ETA:    63s[>>>>                      ] 1421/7824, 101.0 task/s, elapsed: 14s, ETA:    63s[>>>>                      ] 1422/7824, 101.0 task/s, elapsed: 14s, ETA:    63s[>>>>                      ] 1423/7824, 101.0 task/s, elapsed: 14s, ETA:    63s[>>>>                      ] 1424/7824, 101.0 task/s, elapsed: 14s, ETA:    63s[>>>>                      ] 1425/7824, 100.9 task/s, elapsed: 14s, ETA:    63s[>>>>                      ] 1426/7824, 100.9 task/s, elapsed: 14s, ETA:    63s[>>>>                      ] 1427/7824, 100.9 task/s, elapsed: 14s, ETA:    63s[>>>>                      ] 1428/7824, 100.8 task/s, elapsed: 14s, ETA:    63s[>>>>                      ] 1429/7824, 100.8 task/s, elapsed: 14s, ETA:    63s[>>>>                      ] 1430/7824, 100.8 task/s, elapsed: 14s, ETA:    63s[>>>>                      ] 1431/7824, 100.8 task/s, elapsed: 14s, ETA:    63s[>>>>                      ] 1432/7824, 100.7 task/s, elapsed: 14s, ETA:    63s[>>>>                      ] 1433/7824, 100.7 task/s, elapsed: 14s, ETA:    63s[>>>>                      ] 1434/7824, 100.7 task/s, elapsed: 14s, ETA:    63s[>>>>                      ] 1435/7824, 100.6 task/s, elapsed: 14s, ETA:    63s[>>>>                      ] 1436/7824, 100.6 task/s, elapsed: 14s, ETA:    63s[>>>>                      ] 1437/7824, 100.6 task/s, elapsed: 14s, ETA:    64s[>>>>                      ] 1438/7824, 100.6 task/s, elapsed: 14s, ETA:    64s[>>>>                      ] 1439/7824, 100.5 task/s, elapsed: 14s, ETA:    64s[>>>>                      ] 1440/7824, 100.5 task/s, elapsed: 14s, ETA:    64s[>>>>                      ] 1441/7824, 100.5 task/s, elapsed: 14s, ETA:    64s[>>>>                      ] 1442/7824, 100.4 task/s, elapsed: 14s, ETA:    64s[>>>>                      ] 1443/7824, 100.4 task/s, elapsed: 14s, ETA:    64s[>>>>                      ] 1444/7824, 100.4 task/s, elapsed: 14s, ETA:    64s[>>>>                      ] 1445/7824, 100.4 task/s, elapsed: 14s, ETA:    64s[>>>>                      ] 1446/7824, 100.3 task/s, elapsed: 14s, ETA:    64s[>>>>                      ] 1447/7824, 100.3 task/s, elapsed: 14s, ETA:    64s[>>>>                      ] 1448/7824, 100.3 task/s, elapsed: 14s, ETA:    64s[>>>>                      ] 1449/7824, 100.2 task/s, elapsed: 14s, ETA:    64s[>>>>                      ] 1450/7824, 100.2 task/s, elapsed: 14s, ETA:    64s[>>>>                      ] 1451/7824, 100.2 task/s, elapsed: 14s, ETA:    64s[>>>>                      ] 1452/7824, 100.2 task/s, elapsed: 14s, ETA:    64s[>>>>                      ] 1453/7824, 100.1 task/s, elapsed: 15s, ETA:    64s[>>>>                      ] 1454/7824, 100.1 task/s, elapsed: 15s, ETA:    64s[>>>>                      ] 1455/7824, 100.0 task/s, elapsed: 15s, ETA:    64s[>>>>                      ] 1456/7824, 100.0 task/s, elapsed: 15s, ETA:    64s[>>>>                      ] 1457/7824, 100.0 task/s, elapsed: 15s, ETA:    64s[>>>>>                      ] 1458/7824, 99.9 task/s, elapsed: 15s, ETA:    64s[>>>>>                      ] 1459/7824, 99.9 task/s, elapsed: 15s, ETA:    64s[>>>>>                      ] 1460/7824, 99.8 task/s, elapsed: 15s, ETA:    64s[>>>>>                      ] 1461/7824, 99.7 task/s, elapsed: 15s, ETA:    64s[>>>>>                      ] 1462/7824, 99.7 task/s, elapsed: 15s, ETA:    64s[>>>>>                      ] 1463/7824, 99.7 task/s, elapsed: 15s, ETA:    64s[>>>>>                      ] 1464/7824, 99.7 task/s, elapsed: 15s, ETA:    64s[>>>>>                      ] 1465/7824, 99.6 task/s, elapsed: 15s, ETA:    64s[>>>>>                      ] 1466/7824, 99.6 task/s, elapsed: 15s, ETA:    64s[>>>>>                      ] 1467/7824, 99.6 task/s, elapsed: 15s, ETA:    64s[>>>>>                      ] 1468/7824, 99.5 task/s, elapsed: 15s, ETA:    64s[>>>>>                      ] 1469/7824, 99.5 task/s, elapsed: 15s, ETA:    64s[>>>>>                      ] 1470/7824, 99.5 task/s, elapsed: 15s, ETA:    64s[>>>>>                      ] 1471/7824, 99.5 task/s, elapsed: 15s, ETA:    64s[>>>>>                      ] 1472/7824, 99.4 task/s, elapsed: 15s, ETA:    64s[>>>>>                      ] 1473/7824, 99.4 task/s, elapsed: 15s, ETA:    64s[>>>>>                      ] 1474/7824, 99.4 task/s, elapsed: 15s, ETA:    64s[>>>>>                      ] 1475/7824, 99.4 task/s, elapsed: 15s, ETA:    64s[>>>>>                      ] 1476/7824, 99.3 task/s, elapsed: 15s, ETA:    64s[>>>>>                      ] 1477/7824, 99.3 task/s, elapsed: 15s, ETA:    64s[>>>>>                      ] 1478/7824, 99.3 task/s, elapsed: 15s, ETA:    64s[>>>>>                      ] 1479/7824, 99.3 task/s, elapsed: 15s, ETA:    64s[>>>>>                      ] 1480/7824, 99.2 task/s, elapsed: 15s, ETA:    64s[>>>>>                      ] 1481/7824, 99.2 task/s, elapsed: 15s, ETA:    64s[>>>>>                      ] 1482/7824, 99.2 task/s, elapsed: 15s, ETA:    64s[>>>>>                      ] 1483/7824, 99.2 task/s, elapsed: 15s, ETA:    64s[>>>>>                      ] 1484/7824, 99.1 task/s, elapsed: 15s, ETA:    64s[>>>>>                      ] 1485/7824, 99.1 task/s, elapsed: 15s, ETA:    64s[>>>>>                      ] 1486/7824, 99.1 task/s, elapsed: 15s, ETA:    64s[>>>>>                      ] 1487/7824, 99.1 task/s, elapsed: 15s, ETA:    64s[>>>>>                      ] 1488/7824, 99.0 task/s, elapsed: 15s, ETA:    64s[>>>>>                      ] 1489/7824, 99.0 task/s, elapsed: 15s, ETA:    64s[>>>>>                      ] 1490/7824, 99.0 task/s, elapsed: 15s, ETA:    64s[>>>>>                      ] 1491/7824, 99.0 task/s, elapsed: 15s, ETA:    64s[>>>>>                      ] 1492/7824, 98.9 task/s, elapsed: 15s, ETA:    64s[>>>>>                      ] 1493/7824, 98.9 task/s, elapsed: 15s, ETA:    64s[>>>>>                      ] 1494/7824, 98.9 task/s, elapsed: 15s, ETA:    64s[>>>>>                      ] 1495/7824, 98.8 task/s, elapsed: 15s, ETA:    64s[>>>>>                      ] 1496/7824, 98.8 task/s, elapsed: 15s, ETA:    64s[>>>>>                      ] 1497/7824, 98.8 task/s, elapsed: 15s, ETA:    64s[>>>>>                      ] 1498/7824, 98.8 task/s, elapsed: 15s, ETA:    64s[>>>>>                      ] 1499/7824, 98.7 task/s, elapsed: 15s, ETA:    64s[>>>>>                      ] 1500/7824, 98.7 task/s, elapsed: 15s, ETA:    64s[>>>>>                      ] 1501/7824, 98.7 task/s, elapsed: 15s, ETA:    64s[>>>>>                      ] 1502/7824, 98.7 task/s, elapsed: 15s, ETA:    64s[>>>>>                      ] 1503/7824, 98.6 task/s, elapsed: 15s, ETA:    64s[>>>>>                      ] 1504/7824, 98.6 task/s, elapsed: 15s, ETA:    64s[>>>>>                      ] 1505/7824, 98.6 task/s, elapsed: 15s, ETA:    64s[>>>>>                      ] 1506/7824, 98.6 task/s, elapsed: 15s, ETA:    64s[>>>>>                      ] 1507/7824, 98.5 task/s, elapsed: 15s, ETA:    64s[>>>>>                      ] 1508/7824, 98.5 task/s, elapsed: 15s, ETA:    64s[>>>>>                      ] 1509/7824, 98.5 task/s, elapsed: 15s, ETA:    64s[>>>>>                      ] 1510/7824, 98.5 task/s, elapsed: 15s, ETA:    64s[>>>>>                      ] 1511/7824, 98.4 task/s, elapsed: 15s, ETA:    64s[>>>>>                      ] 1512/7824, 98.4 task/s, elapsed: 15s, ETA:    64s[>>>>>                      ] 1513/7824, 98.4 task/s, elapsed: 15s, ETA:    64s[>>>>>                      ] 1514/7824, 98.4 task/s, elapsed: 15s, ETA:    64s[>>>>>                      ] 1515/7824, 98.3 task/s, elapsed: 15s, ETA:    64s[>>>>>                      ] 1516/7824, 98.3 task/s, elapsed: 15s, ETA:    64s[>>>>>                      ] 1517/7824, 98.3 task/s, elapsed: 15s, ETA:    64s[>>>>>                      ] 1518/7824, 98.3 task/s, elapsed: 15s, ETA:    64s[>>>>>                      ] 1519/7824, 98.2 task/s, elapsed: 15s, ETA:    64s[>>>>>                      ] 1520/7824, 98.2 task/s, elapsed: 15s, ETA:    64s[>>>>>                      ] 1521/7824, 98.2 task/s, elapsed: 15s, ETA:    64s[>>>>>                      ] 1522/7824, 98.2 task/s, elapsed: 16s, ETA:    64s[>>>>>                      ] 1523/7824, 98.1 task/s, elapsed: 16s, ETA:    64s[>>>>>                      ] 1524/7824, 98.1 task/s, elapsed: 16s, ETA:    64s[>>>>>                      ] 1525/7824, 98.1 task/s, elapsed: 16s, ETA:    64s[>>>>>                      ] 1526/7824, 98.1 task/s, elapsed: 16s, ETA:    64s[>>>>>                      ] 1527/7824, 98.1 task/s, elapsed: 16s, ETA:    64s[>>>>>                      ] 1528/7824, 98.0 task/s, elapsed: 16s, ETA:    64s[>>>>>                      ] 1529/7824, 98.0 task/s, elapsed: 16s, ETA:    64s[>>>>>                      ] 1530/7824, 98.0 task/s, elapsed: 16s, ETA:    64s[>>>>>                      ] 1531/7824, 98.0 task/s, elapsed: 16s, ETA:    64s[>>>>>                      ] 1532/7824, 97.9 task/s, elapsed: 16s, ETA:    64s[>>>>>                      ] 1533/7824, 97.9 task/s, elapsed: 16s, ETA:    64s[>>>>>                      ] 1534/7824, 97.9 task/s, elapsed: 16s, ETA:    64s[>>>>>                      ] 1535/7824, 97.9 task/s, elapsed: 16s, ETA:    64s[>>>>>                      ] 1536/7824, 97.8 task/s, elapsed: 16s, ETA:    64s[>>>>>                      ] 1537/7824, 97.8 task/s, elapsed: 16s, ETA:    64s[>>>>>                      ] 1538/7824, 97.8 task/s, elapsed: 16s, ETA:    64s[>>>>>                      ] 1539/7824, 97.8 task/s, elapsed: 16s, ETA:    64s[>>>>>                      ] 1540/7824, 97.7 task/s, elapsed: 16s, ETA:    64s[>>>>>                      ] 1541/7824, 97.7 task/s, elapsed: 16s, ETA:    64s[>>>>>                      ] 1542/7824, 97.7 task/s, elapsed: 16s, ETA:    64s[>>>>>                      ] 1543/7824, 97.7 task/s, elapsed: 16s, ETA:    64s[>>>>>                      ] 1544/7824, 97.7 task/s, elapsed: 16s, ETA:    64s[>>>>>                      ] 1545/7824, 97.6 task/s, elapsed: 16s, ETA:    64s[>>>>>                      ] 1546/7824, 97.6 task/s, elapsed: 16s, ETA:    64s[>>>>>                      ] 1547/7824, 97.6 task/s, elapsed: 16s, ETA:    64s[>>>>>                      ] 1548/7824, 97.6 task/s, elapsed: 16s, ETA:    64s[>>>>>                      ] 1549/7824, 97.5 task/s, elapsed: 16s, ETA:    64s[>>>>>                      ] 1550/7824, 97.5 task/s, elapsed: 16s, ETA:    64s[>>>>>                      ] 1551/7824, 97.5 task/s, elapsed: 16s, ETA:    64s[>>>>>                      ] 1552/7824, 97.5 task/s, elapsed: 16s, ETA:    64s[>>>>>                      ] 1553/7824, 97.5 task/s, elapsed: 16s, ETA:    64s[>>>>>                      ] 1554/7824, 97.4 task/s, elapsed: 16s, ETA:    64s[>>>>>                      ] 1555/7824, 97.4 task/s, elapsed: 16s, ETA:    64s[>>>>>                      ] 1556/7824, 97.4 task/s, elapsed: 16s, ETA:    64s[>>>>>                      ] 1557/7824, 97.4 task/s, elapsed: 16s, ETA:    64s[>>>>>                      ] 1558/7824, 97.3 task/s, elapsed: 16s, ETA:    64s[>>>>>                      ] 1559/7824, 97.3 task/s, elapsed: 16s, ETA:    64s[>>>>>                      ] 1560/7824, 97.3 task/s, elapsed: 16s, ETA:    64s[>>>>>                      ] 1561/7824, 97.3 task/s, elapsed: 16s, ETA:    64s[>>>>>                      ] 1562/7824, 97.3 task/s, elapsed: 16s, ETA:    64s[>>>>>                      ] 1563/7824, 97.2 task/s, elapsed: 16s, ETA:    64s[>>>>>                      ] 1564/7824, 97.2 task/s, elapsed: 16s, ETA:    64s[>>>>>                      ] 1565/7824, 97.2 task/s, elapsed: 16s, ETA:    64s[>>>>>                      ] 1566/7824, 97.2 task/s, elapsed: 16s, ETA:    64s[>>>>>                      ] 1567/7824, 97.1 task/s, elapsed: 16s, ETA:    64s[>>>>>                      ] 1568/7824, 97.1 task/s, elapsed: 16s, ETA:    64s[>>>>>                      ] 1569/7824, 97.1 task/s, elapsed: 16s, ETA:    64s[>>>>>                      ] 1570/7824, 97.1 task/s, elapsed: 16s, ETA:    64s[>>>>>                      ] 1571/7824, 97.0 task/s, elapsed: 16s, ETA:    64s[>>>>>                      ] 1572/7824, 97.0 task/s, elapsed: 16s, ETA:    64s[>>>>>                      ] 1573/7824, 97.0 task/s, elapsed: 16s, ETA:    64s[>>>>>                      ] 1574/7824, 97.0 task/s, elapsed: 16s, ETA:    64s[>>>>>                      ] 1575/7824, 97.0 task/s, elapsed: 16s, ETA:    64s[>>>>>                      ] 1576/7824, 96.9 task/s, elapsed: 16s, ETA:    64s[>>>>>                      ] 1577/7824, 96.9 task/s, elapsed: 16s, ETA:    64s[>>>>>                      ] 1578/7824, 96.9 task/s, elapsed: 16s, ETA:    64s[>>>>>                      ] 1579/7824, 96.9 task/s, elapsed: 16s, ETA:    64s[>>>>>                      ] 1580/7824, 96.9 task/s, elapsed: 16s, ETA:    64s[>>>>>                      ] 1581/7824, 96.9 task/s, elapsed: 16s, ETA:    64s[>>>>>                      ] 1582/7824, 96.9 task/s, elapsed: 16s, ETA:    64s[>>>>>                      ] 1583/7824, 96.9 task/s, elapsed: 16s, ETA:    64s[>>>>>                      ] 1584/7824, 96.9 task/s, elapsed: 16s, ETA:    64s[>>>>>                      ] 1585/7824, 96.9 task/s, elapsed: 16s, ETA:    64s[>>>>>                      ] 1586/7824, 96.9 task/s, elapsed: 16s, ETA:    64s[>>>>>                      ] 1587/7824, 96.9 task/s, elapsed: 16s, ETA:    64s[>>>>>                      ] 1588/7824, 96.9 task/s, elapsed: 16s, ETA:    64s[>>>>>                      ] 1589/7824, 96.9 task/s, elapsed: 16s, ETA:    64s[>>>>>                      ] 1590/7824, 96.9 task/s, elapsed: 16s, ETA:    64s[>>>>>                      ] 1591/7824, 96.9 task/s, elapsed: 16s, ETA:    64s[>>>>>                      ] 1592/7824, 96.9 task/s, elapsed: 16s, ETA:    64s[>>>>>                      ] 1593/7824, 96.9 task/s, elapsed: 16s, ETA:    64s[>>>>>                      ] 1594/7824, 96.9 task/s, elapsed: 16s, ETA:    64s[>>>>>                      ] 1595/7824, 96.9 task/s, elapsed: 16s, ETA:    64s[>>>>>                      ] 1596/7824, 96.9 task/s, elapsed: 16s, ETA:    64s[>>>>>                      ] 1597/7824, 96.9 task/s, elapsed: 16s, ETA:    64s[>>>>>                      ] 1598/7824, 96.9 task/s, elapsed: 16s, ETA:    64s[>>>>>                      ] 1599/7824, 96.9 task/s, elapsed: 16s, ETA:    64s[>>>>>                      ] 1600/7824, 96.9 task/s, elapsed: 17s, ETA:    64s[>>>>>                      ] 1601/7824, 96.9 task/s, elapsed: 17s, ETA:    64s[>>>>>                      ] 1602/7824, 96.9 task/s, elapsed: 17s, ETA:    64s[>>>>>                      ] 1603/7824, 96.9 task/s, elapsed: 17s, ETA:    64s[>>>>>                      ] 1604/7824, 96.9 task/s, elapsed: 17s, ETA:    64s[>>>>>                      ] 1605/7824, 96.9 task/s, elapsed: 17s, ETA:    64s[>>>>>                      ] 1606/7824, 97.0 task/s, elapsed: 17s, ETA:    64s[>>>>>                      ] 1607/7824, 97.0 task/s, elapsed: 17s, ETA:    64s[>>>>>                      ] 1608/7824, 97.0 task/s, elapsed: 17s, ETA:    64s[>>>>>                      ] 1609/7824, 97.0 task/s, elapsed: 17s, ETA:    64s[>>>>>                      ] 1610/7824, 97.0 task/s, elapsed: 17s, ETA:    64s[>>>>>                      ] 1611/7824, 97.0 task/s, elapsed: 17s, ETA:    64s[>>>>>                      ] 1612/7824, 97.0 task/s, elapsed: 17s, ETA:    64s[>>>>>                      ] 1613/7824, 97.0 task/s, elapsed: 17s, ETA:    64s[>>>>>                      ] 1614/7824, 97.0 task/s, elapsed: 17s, ETA:    64s[>>>>>                      ] 1615/7824, 97.0 task/s, elapsed: 17s, ETA:    64s[>>>>>                      ] 1616/7824, 97.0 task/s, elapsed: 17s, ETA:    64s[>>>>>                      ] 1617/7824, 97.0 task/s, elapsed: 17s, ETA:    64s[>>>>>                      ] 1618/7824, 97.0 task/s, elapsed: 17s, ETA:    64s[>>>>>                      ] 1619/7824, 97.0 task/s, elapsed: 17s, ETA:    64s[>>>>>                      ] 1620/7824, 97.0 task/s, elapsed: 17s, ETA:    64s[>>>>>                      ] 1621/7824, 97.0 task/s, elapsed: 17s, ETA:    64s[>>>>>                      ] 1622/7824, 97.0 task/s, elapsed: 17s, ETA:    64s[>>>>>                      ] 1623/7824, 97.0 task/s, elapsed: 17s, ETA:    64s[>>>>>                      ] 1624/7824, 97.0 task/s, elapsed: 17s, ETA:    64s[>>>>>                      ] 1625/7824, 97.0 task/s, elapsed: 17s, ETA:    64s[>>>>>                      ] 1626/7824, 97.0 task/s, elapsed: 17s, ETA:    64s[>>>>>                      ] 1627/7824, 97.1 task/s, elapsed: 17s, ETA:    64s[>>>>>                      ] 1628/7824, 97.1 task/s, elapsed: 17s, ETA:    64s[>>>>>                      ] 1629/7824, 97.1 task/s, elapsed: 17s, ETA:    64s[>>>>>                      ] 1630/7824, 97.1 task/s, elapsed: 17s, ETA:    64s[>>>>>                      ] 1631/7824, 97.1 task/s, elapsed: 17s, ETA:    64s[>>>>>                      ] 1632/7824, 97.1 task/s, elapsed: 17s, ETA:    64s[>>>>>                      ] 1633/7824, 97.1 task/s, elapsed: 17s, ETA:    64s[>>>>>                      ] 1634/7824, 97.1 task/s, elapsed: 17s, ETA:    64s[>>>>>                      ] 1635/7824, 97.1 task/s, elapsed: 17s, ETA:    64s[>>>>>                      ] 1636/7824, 97.1 task/s, elapsed: 17s, ETA:    64s[>>>>>                      ] 1637/7824, 97.1 task/s, elapsed: 17s, ETA:    64s[>>>>>                      ] 1638/7824, 97.1 task/s, elapsed: 17s, ETA:    64s[>>>>>                      ] 1639/7824, 97.1 task/s, elapsed: 17s, ETA:    64s[>>>>>                      ] 1640/7824, 97.1 task/s, elapsed: 17s, ETA:    64s[>>>>>                      ] 1641/7824, 97.1 task/s, elapsed: 17s, ETA:    64s[>>>>>                      ] 1642/7824, 97.1 task/s, elapsed: 17s, ETA:    64s[>>>>>                      ] 1643/7824, 97.1 task/s, elapsed: 17s, ETA:    64s[>>>>>                      ] 1644/7824, 97.1 task/s, elapsed: 17s, ETA:    64s[>>>>>                      ] 1645/7824, 97.1 task/s, elapsed: 17s, ETA:    64s[>>>>>                      ] 1646/7824, 97.1 task/s, elapsed: 17s, ETA:    64s[>>>>>                      ] 1647/7824, 97.1 task/s, elapsed: 17s, ETA:    64s[>>>>>                      ] 1648/7824, 97.1 task/s, elapsed: 17s, ETA:    64s[>>>>>                      ] 1649/7824, 97.2 task/s, elapsed: 17s, ETA:    64s[>>>>>                      ] 1650/7824, 97.2 task/s, elapsed: 17s, ETA:    64s[>>>>>                      ] 1651/7824, 97.2 task/s, elapsed: 17s, ETA:    64s[>>>>>                      ] 1652/7824, 97.2 task/s, elapsed: 17s, ETA:    64s[>>>>>                      ] 1653/7824, 97.2 task/s, elapsed: 17s, ETA:    64s[>>>>>                      ] 1654/7824, 97.2 task/s, elapsed: 17s, ETA:    64s[>>>>>                      ] 1655/7824, 97.2 task/s, elapsed: 17s, ETA:    63s[>>>>>                      ] 1656/7824, 97.2 task/s, elapsed: 17s, ETA:    63s[>>>>>                      ] 1657/7824, 97.2 task/s, elapsed: 17s, ETA:    63s[>>>>>                      ] 1658/7824, 97.2 task/s, elapsed: 17s, ETA:    63s[>>>>>                      ] 1659/7824, 97.2 task/s, elapsed: 17s, ETA:    63s[>>>>>                      ] 1660/7824, 97.2 task/s, elapsed: 17s, ETA:    63s[>>>>>                      ] 1661/7824, 97.2 task/s, elapsed: 17s, ETA:    63s[>>>>>                      ] 1662/7824, 97.2 task/s, elapsed: 17s, ETA:    63s[>>>>>                      ] 1663/7824, 97.2 task/s, elapsed: 17s, ETA:    63s[>>>>>                      ] 1664/7824, 97.2 task/s, elapsed: 17s, ETA:    63s[>>>>>                      ] 1665/7824, 97.2 task/s, elapsed: 17s, ETA:    63s[>>>>>                      ] 1666/7824, 97.2 task/s, elapsed: 17s, ETA:    63s[>>>>>                      ] 1667/7824, 97.2 task/s, elapsed: 17s, ETA:    63s[>>>>>                      ] 1668/7824, 97.2 task/s, elapsed: 17s, ETA:    63s[>>>>>                      ] 1669/7824, 97.2 task/s, elapsed: 17s, ETA:    63s[>>>>>                      ] 1670/7824, 97.2 task/s, elapsed: 17s, ETA:    63s[>>>>>                      ] 1671/7824, 97.2 task/s, elapsed: 17s, ETA:    63s[>>>>>                      ] 1672/7824, 97.2 task/s, elapsed: 17s, ETA:    63s[>>>>>                      ] 1673/7824, 97.2 task/s, elapsed: 17s, ETA:    63s[>>>>>                      ] 1674/7824, 97.2 task/s, elapsed: 17s, ETA:    63s[>>>>>                      ] 1675/7824, 97.2 task/s, elapsed: 17s, ETA:    63s[>>>>>                      ] 1676/7824, 97.3 task/s, elapsed: 17s, ETA:    63s[>>>>>                      ] 1677/7824, 97.3 task/s, elapsed: 17s, ETA:    63s[>>>>>                      ] 1678/7824, 97.3 task/s, elapsed: 17s, ETA:    63s[>>>>>                      ] 1679/7824, 97.3 task/s, elapsed: 17s, ETA:    63s[>>>>>                      ] 1680/7824, 97.3 task/s, elapsed: 17s, ETA:    63s[>>>>>                      ] 1681/7824, 97.3 task/s, elapsed: 17s, ETA:    63s[>>>>>                      ] 1682/7824, 97.3 task/s, elapsed: 17s, ETA:    63s[>>>>>                      ] 1683/7824, 97.3 task/s, elapsed: 17s, ETA:    63s[>>>>>                      ] 1684/7824, 97.3 task/s, elapsed: 17s, ETA:    63s[>>>>>                      ] 1685/7824, 97.3 task/s, elapsed: 17s, ETA:    63s[>>>>>                      ] 1686/7824, 97.3 task/s, elapsed: 17s, ETA:    63s[>>>>>                      ] 1687/7824, 97.3 task/s, elapsed: 17s, ETA:    63s[>>>>>                      ] 1688/7824, 97.3 task/s, elapsed: 17s, ETA:    63s[>>>>>                      ] 1689/7824, 97.3 task/s, elapsed: 17s, ETA:    63s[>>>>>                      ] 1690/7824, 97.3 task/s, elapsed: 17s, ETA:    63s[>>>>>                      ] 1691/7824, 97.3 task/s, elapsed: 17s, ETA:    63s[>>>>>                      ] 1692/7824, 97.3 task/s, elapsed: 17s, ETA:    63s[>>>>>                      ] 1693/7824, 97.3 task/s, elapsed: 17s, ETA:    63s[>>>>>                      ] 1694/7824, 97.4 task/s, elapsed: 17s, ETA:    63s[>>>>>                      ] 1695/7824, 97.4 task/s, elapsed: 17s, ETA:    63s[>>>>>                      ] 1696/7824, 97.4 task/s, elapsed: 17s, ETA:    63s[>>>>>                      ] 1697/7824, 97.4 task/s, elapsed: 17s, ETA:    63s[>>>>>                      ] 1698/7824, 97.4 task/s, elapsed: 17s, ETA:    63s[>>>>>                      ] 1699/7824, 97.4 task/s, elapsed: 17s, ETA:    63s[>>>>>                      ] 1700/7824, 97.4 task/s, elapsed: 17s, ETA:    63s[>>>>>                      ] 1701/7824, 97.4 task/s, elapsed: 17s, ETA:    63s[>>>>>                      ] 1702/7824, 97.4 task/s, elapsed: 17s, ETA:    63s[>>>>>                      ] 1703/7824, 97.4 task/s, elapsed: 17s, ETA:    63s[>>>>>                      ] 1704/7824, 97.4 task/s, elapsed: 17s, ETA:    63s[>>>>>                      ] 1705/7824, 97.4 task/s, elapsed: 18s, ETA:    63s[>>>>>                      ] 1706/7824, 97.4 task/s, elapsed: 18s, ETA:    63s[>>>>>                      ] 1707/7824, 97.4 task/s, elapsed: 18s, ETA:    63s[>>>>>                      ] 1708/7824, 97.4 task/s, elapsed: 18s, ETA:    63s[>>>>>                      ] 1709/7824, 97.4 task/s, elapsed: 18s, ETA:    63s[>>>>>                      ] 1710/7824, 97.4 task/s, elapsed: 18s, ETA:    63s[>>>>>                      ] 1711/7824, 97.4 task/s, elapsed: 18s, ETA:    63s[>>>>>                      ] 1712/7824, 97.4 task/s, elapsed: 18s, ETA:    63s[>>>>>                      ] 1713/7824, 97.4 task/s, elapsed: 18s, ETA:    63s[>>>>>                      ] 1714/7824, 97.4 task/s, elapsed: 18s, ETA:    63s[>>>>>                      ] 1715/7824, 97.4 task/s, elapsed: 18s, ETA:    63s[>>>>>                      ] 1716/7824, 97.4 task/s, elapsed: 18s, ETA:    63s[>>>>>                      ] 1717/7824, 97.4 task/s, elapsed: 18s, ETA:    63s[>>>>>                      ] 1718/7824, 97.4 task/s, elapsed: 18s, ETA:    63s[>>>>>                      ] 1719/7824, 97.4 task/s, elapsed: 18s, ETA:    63s[>>>>>                      ] 1720/7824, 97.4 task/s, elapsed: 18s, ETA:    63s[>>>>>                      ] 1721/7824, 97.4 task/s, elapsed: 18s, ETA:    63s[>>>>>                      ] 1722/7824, 97.4 task/s, elapsed: 18s, ETA:    63s[>>>>>                      ] 1723/7824, 97.4 task/s, elapsed: 18s, ETA:    63s[>>>>>                      ] 1724/7824, 97.4 task/s, elapsed: 18s, ETA:    63s[>>>>>                      ] 1725/7824, 97.4 task/s, elapsed: 18s, ETA:    63s[>>>>>                      ] 1726/7824, 97.4 task/s, elapsed: 18s, ETA:    63s[>>>>>                      ] 1727/7824, 97.4 task/s, elapsed: 18s, ETA:    63s[>>>>>                      ] 1728/7824, 97.4 task/s, elapsed: 18s, ETA:    63s[>>>>>                      ] 1729/7824, 97.5 task/s, elapsed: 18s, ETA:    63s[>>>>>                      ] 1730/7824, 97.5 task/s, elapsed: 18s, ETA:    63s[>>>>>                      ] 1731/7824, 97.5 task/s, elapsed: 18s, ETA:    63s[>>>>>                      ] 1732/7824, 97.5 task/s, elapsed: 18s, ETA:    63s[>>>>>                      ] 1733/7824, 97.5 task/s, elapsed: 18s, ETA:    62s[>>>>>                      ] 1734/7824, 97.5 task/s, elapsed: 18s, ETA:    62s[>>>>>                      ] 1735/7824, 97.5 task/s, elapsed: 18s, ETA:    62s[>>>>>                      ] 1736/7824, 97.5 task/s, elapsed: 18s, ETA:    62s[>>>>>                      ] 1737/7824, 97.5 task/s, elapsed: 18s, ETA:    62s[>>>>>                      ] 1738/7824, 97.5 task/s, elapsed: 18s, ETA:    62s[>>>>>>                     ] 1739/7824, 97.5 task/s, elapsed: 18s, ETA:    62s[>>>>>>                     ] 1740/7824, 97.5 task/s, elapsed: 18s, ETA:    62s[>>>>>>                     ] 1741/7824, 97.5 task/s, elapsed: 18s, ETA:    62s[>>>>>>                     ] 1742/7824, 97.5 task/s, elapsed: 18s, ETA:    62s[>>>>>>                     ] 1743/7824, 97.5 task/s, elapsed: 18s, ETA:    62s[>>>>>>                     ] 1744/7824, 97.5 task/s, elapsed: 18s, ETA:    62s[>>>>>>                     ] 1745/7824, 97.5 task/s, elapsed: 18s, ETA:    62s[>>>>>>                     ] 1746/7824, 97.5 task/s, elapsed: 18s, ETA:    62s[>>>>>>                     ] 1747/7824, 97.5 task/s, elapsed: 18s, ETA:    62s[>>>>>>                     ] 1748/7824, 97.5 task/s, elapsed: 18s, ETA:    62s[>>>>>>                     ] 1749/7824, 97.5 task/s, elapsed: 18s, ETA:    62s[>>>>>>                     ] 1750/7824, 97.6 task/s, elapsed: 18s, ETA:    62s[>>>>>>                     ] 1751/7824, 97.6 task/s, elapsed: 18s, ETA:    62s[>>>>>>                     ] 1752/7824, 97.6 task/s, elapsed: 18s, ETA:    62s[>>>>>>                     ] 1753/7824, 97.6 task/s, elapsed: 18s, ETA:    62s[>>>>>>                     ] 1754/7824, 97.6 task/s, elapsed: 18s, ETA:    62s[>>>>>>                     ] 1755/7824, 97.6 task/s, elapsed: 18s, ETA:    62s[>>>>>>                     ] 1756/7824, 97.6 task/s, elapsed: 18s, ETA:    62s[>>>>>>                     ] 1757/7824, 97.6 task/s, elapsed: 18s, ETA:    62s[>>>>>>                     ] 1758/7824, 97.6 task/s, elapsed: 18s, ETA:    62s[>>>>>>                     ] 1759/7824, 97.6 task/s, elapsed: 18s, ETA:    62s[>>>>>>                     ] 1760/7824, 97.6 task/s, elapsed: 18s, ETA:    62s[>>>>>>                     ] 1761/7824, 97.6 task/s, elapsed: 18s, ETA:    62s[>>>>>>                     ] 1762/7824, 97.6 task/s, elapsed: 18s, ETA:    62s[>>>>>>                     ] 1763/7824, 97.6 task/s, elapsed: 18s, ETA:    62s[>>>>>>                     ] 1764/7824, 97.6 task/s, elapsed: 18s, ETA:    62s[>>>>>>                     ] 1765/7824, 97.6 task/s, elapsed: 18s, ETA:    62s[>>>>>>                     ] 1766/7824, 97.6 task/s, elapsed: 18s, ETA:    62s[>>>>>>                     ] 1767/7824, 97.6 task/s, elapsed: 18s, ETA:    62s[>>>>>>                     ] 1768/7824, 97.6 task/s, elapsed: 18s, ETA:    62s[>>>>>>                     ] 1769/7824, 97.6 task/s, elapsed: 18s, ETA:    62s[>>>>>>                     ] 1770/7824, 97.7 task/s, elapsed: 18s, ETA:    62s[>>>>>>                     ] 1771/7824, 97.7 task/s, elapsed: 18s, ETA:    62s[>>>>>>                     ] 1772/7824, 97.7 task/s, elapsed: 18s, ETA:    62s[>>>>>>                     ] 1773/7824, 97.7 task/s, elapsed: 18s, ETA:    62s[>>>>>>                     ] 1774/7824, 97.7 task/s, elapsed: 18s, ETA:    62s[>>>>>>                     ] 1775/7824, 97.7 task/s, elapsed: 18s, ETA:    62s[>>>>>>                     ] 1776/7824, 97.7 task/s, elapsed: 18s, ETA:    62s[>>>>>>                     ] 1777/7824, 97.7 task/s, elapsed: 18s, ETA:    62s[>>>>>>                     ] 1778/7824, 97.7 task/s, elapsed: 18s, ETA:    62s[>>>>>>                     ] 1779/7824, 97.7 task/s, elapsed: 18s, ETA:    62s[>>>>>>                     ] 1780/7824, 97.7 task/s, elapsed: 18s, ETA:    62s[>>>>>>                     ] 1781/7824, 97.7 task/s, elapsed: 18s, ETA:    62s[>>>>>>                     ] 1782/7824, 97.7 task/s, elapsed: 18s, ETA:    62s[>>>>>>                     ] 1783/7824, 97.7 task/s, elapsed: 18s, ETA:    62s[>>>>>>                     ] 1784/7824, 97.7 task/s, elapsed: 18s, ETA:    62s[>>>>>>                     ] 1785/7824, 97.7 task/s, elapsed: 18s, ETA:    62s[>>>>>>                     ] 1786/7824, 97.7 task/s, elapsed: 18s, ETA:    62s[>>>>>>                     ] 1787/7824, 97.7 task/s, elapsed: 18s, ETA:    62s[>>>>>>                     ] 1788/7824, 97.7 task/s, elapsed: 18s, ETA:    62s[>>>>>>                     ] 1789/7824, 97.7 task/s, elapsed: 18s, ETA:    62s[>>>>>>                     ] 1790/7824, 97.7 task/s, elapsed: 18s, ETA:    62s[>>>>>>                     ] 1791/7824, 97.7 task/s, elapsed: 18s, ETA:    62s[>>>>>>                     ] 1792/7824, 97.7 task/s, elapsed: 18s, ETA:    62s[>>>>>>                     ] 1793/7824, 97.7 task/s, elapsed: 18s, ETA:    62s[>>>>>>                     ] 1794/7824, 97.7 task/s, elapsed: 18s, ETA:    62s[>>>>>>                     ] 1795/7824, 97.8 task/s, elapsed: 18s, ETA:    62s[>>>>>>                     ] 1796/7824, 97.8 task/s, elapsed: 18s, ETA:    62s[>>>>>>                     ] 1797/7824, 97.8 task/s, elapsed: 18s, ETA:    62s[>>>>>>                     ] 1798/7824, 97.8 task/s, elapsed: 18s, ETA:    62s[>>>>>>                     ] 1799/7824, 97.8 task/s, elapsed: 18s, ETA:    62s[>>>>>>                     ] 1800/7824, 97.8 task/s, elapsed: 18s, ETA:    62s[>>>>>>                     ] 1801/7824, 97.8 task/s, elapsed: 18s, ETA:    62s[>>>>>>                     ] 1802/7824, 97.8 task/s, elapsed: 18s, ETA:    62s[>>>>>>                     ] 1803/7824, 97.8 task/s, elapsed: 18s, ETA:    62s[>>>>>>                     ] 1804/7824, 97.8 task/s, elapsed: 18s, ETA:    62s[>>>>>>                     ] 1805/7824, 97.8 task/s, elapsed: 18s, ETA:    62s[>>>>>>                     ] 1806/7824, 97.8 task/s, elapsed: 18s, ETA:    62s[>>>>>>                     ] 1807/7824, 97.8 task/s, elapsed: 18s, ETA:    62s[>>>>>>                     ] 1808/7824, 97.8 task/s, elapsed: 18s, ETA:    62s[>>>>>>                     ] 1809/7824, 97.8 task/s, elapsed: 18s, ETA:    61s[>>>>>>                     ] 1810/7824, 97.8 task/s, elapsed: 19s, ETA:    61s[>>>>>>                     ] 1811/7824, 97.8 task/s, elapsed: 19s, ETA:    61s[>>>>>>                     ] 1812/7824, 97.8 task/s, elapsed: 19s, ETA:    61s[>>>>>>                     ] 1813/7824, 97.8 task/s, elapsed: 19s, ETA:    61s[>>>>>>                     ] 1814/7824, 97.8 task/s, elapsed: 19s, ETA:    61s[>>>>>>                     ] 1815/7824, 97.9 task/s, elapsed: 19s, ETA:    61s[>>>>>>                     ] 1816/7824, 97.9 task/s, elapsed: 19s, ETA:    61s[>>>>>>                     ] 1817/7824, 97.9 task/s, elapsed: 19s, ETA:    61s[>>>>>>                     ] 1818/7824, 97.9 task/s, elapsed: 19s, ETA:    61s[>>>>>>                     ] 1819/7824, 97.9 task/s, elapsed: 19s, ETA:    61s[>>>>>>                     ] 1820/7824, 97.9 task/s, elapsed: 19s, ETA:    61s[>>>>>>                     ] 1821/7824, 97.9 task/s, elapsed: 19s, ETA:    61s[>>>>>>                     ] 1822/7824, 97.9 task/s, elapsed: 19s, ETA:    61s[>>>>>>                     ] 1823/7824, 97.9 task/s, elapsed: 19s, ETA:    61s[>>>>>>                     ] 1824/7824, 97.9 task/s, elapsed: 19s, ETA:    61s[>>>>>>                     ] 1825/7824, 97.9 task/s, elapsed: 19s, ETA:    61s[>>>>>>                     ] 1826/7824, 97.9 task/s, elapsed: 19s, ETA:    61s[>>>>>>                     ] 1827/7824, 97.9 task/s, elapsed: 19s, ETA:    61s[>>>>>>                     ] 1828/7824, 97.9 task/s, elapsed: 19s, ETA:    61s[>>>>>>                     ] 1829/7824, 97.9 task/s, elapsed: 19s, ETA:    61s[>>>>>>                     ] 1830/7824, 97.9 task/s, elapsed: 19s, ETA:    61s[>>>>>>                     ] 1831/7824, 97.9 task/s, elapsed: 19s, ETA:    61s[>>>>>>                     ] 1832/7824, 97.9 task/s, elapsed: 19s, ETA:    61s[>>>>>>                     ] 1833/7824, 97.9 task/s, elapsed: 19s, ETA:    61s[>>>>>>                     ] 1834/7824, 97.9 task/s, elapsed: 19s, ETA:    61s[>>>>>>                     ] 1835/7824, 98.0 task/s, elapsed: 19s, ETA:    61s[>>>>>>                     ] 1836/7824, 98.0 task/s, elapsed: 19s, ETA:    61s[>>>>>>                     ] 1837/7824, 98.0 task/s, elapsed: 19s, ETA:    61s[>>>>>>                     ] 1838/7824, 98.0 task/s, elapsed: 19s, ETA:    61s[>>>>>>                     ] 1839/7824, 98.0 task/s, elapsed: 19s, ETA:    61s[>>>>>>                     ] 1840/7824, 98.0 task/s, elapsed: 19s, ETA:    61s[>>>>>>                     ] 1841/7824, 98.0 task/s, elapsed: 19s, ETA:    61s[>>>>>>                     ] 1842/7824, 98.0 task/s, elapsed: 19s, ETA:    61s[>>>>>>                     ] 1843/7824, 98.0 task/s, elapsed: 19s, ETA:    61s[>>>>>>                     ] 1844/7824, 98.0 task/s, elapsed: 19s, ETA:    61s[>>>>>>                     ] 1845/7824, 98.0 task/s, elapsed: 19s, ETA:    61s[>>>>>>                     ] 1846/7824, 98.0 task/s, elapsed: 19s, ETA:    61s[>>>>>>                     ] 1847/7824, 98.0 task/s, elapsed: 19s, ETA:    61s[>>>>>>                     ] 1848/7824, 98.0 task/s, elapsed: 19s, ETA:    61s[>>>>>>                     ] 1849/7824, 98.0 task/s, elapsed: 19s, ETA:    61s[>>>>>>                     ] 1850/7824, 98.0 task/s, elapsed: 19s, ETA:    61s[>>>>>>                     ] 1851/7824, 98.0 task/s, elapsed: 19s, ETA:    61s[>>>>>>                     ] 1852/7824, 98.0 task/s, elapsed: 19s, ETA:    61s[>>>>>>                     ] 1853/7824, 98.0 task/s, elapsed: 19s, ETA:    61s[>>>>>>                     ] 1854/7824, 98.0 task/s, elapsed: 19s, ETA:    61s[>>>>>>                     ] 1855/7824, 98.0 task/s, elapsed: 19s, ETA:    61s[>>>>>>                     ] 1856/7824, 98.0 task/s, elapsed: 19s, ETA:    61s[>>>>>>                     ] 1857/7824, 98.0 task/s, elapsed: 19s, ETA:    61s[>>>>>>                     ] 1858/7824, 98.0 task/s, elapsed: 19s, ETA:    61s[>>>>>>                     ] 1859/7824, 98.0 task/s, elapsed: 19s, ETA:    61s[>>>>>>                     ] 1860/7824, 98.0 task/s, elapsed: 19s, ETA:    61s[>>>>>>                     ] 1861/7824, 98.0 task/s, elapsed: 19s, ETA:    61s[>>>>>>                     ] 1862/7824, 98.0 task/s, elapsed: 19s, ETA:    61s[>>>>>>                     ] 1863/7824, 98.0 task/s, elapsed: 19s, ETA:    61s[>>>>>>                     ] 1864/7824, 98.0 task/s, elapsed: 19s, ETA:    61s[>>>>>>                     ] 1865/7824, 98.0 task/s, elapsed: 19s, ETA:    61s[>>>>>>                     ] 1866/7824, 98.1 task/s, elapsed: 19s, ETA:    61s[>>>>>>                     ] 1867/7824, 98.1 task/s, elapsed: 19s, ETA:    61s[>>>>>>                     ] 1868/7824, 98.0 task/s, elapsed: 19s, ETA:    61s[>>>>>>                     ] 1869/7824, 98.0 task/s, elapsed: 19s, ETA:    61s[>>>>>>                     ] 1870/7824, 98.1 task/s, elapsed: 19s, ETA:    61s[>>>>>>                     ] 1871/7824, 98.1 task/s, elapsed: 19s, ETA:    61s[>>>>>>                     ] 1872/7824, 98.1 task/s, elapsed: 19s, ETA:    61s[>>>>>>                     ] 1873/7824, 98.1 task/s, elapsed: 19s, ETA:    61s[>>>>>>                     ] 1874/7824, 98.1 task/s, elapsed: 19s, ETA:    61s[>>>>>>                     ] 1875/7824, 98.1 task/s, elapsed: 19s, ETA:    61s[>>>>>>                     ] 1876/7824, 98.1 task/s, elapsed: 19s, ETA:    61s[>>>>>>                     ] 1877/7824, 98.1 task/s, elapsed: 19s, ETA:    61s[>>>>>>                     ] 1878/7824, 98.1 task/s, elapsed: 19s, ETA:    61s[>>>>>>                     ] 1879/7824, 98.1 task/s, elapsed: 19s, ETA:    61s[>>>>>>                     ] 1880/7824, 98.1 task/s, elapsed: 19s, ETA:    61s[>>>>>>                     ] 1881/7824, 98.1 task/s, elapsed: 19s, ETA:    61s[>>>>>>                     ] 1882/7824, 98.1 task/s, elapsed: 19s, ETA:    61s[>>>>>>                     ] 1883/7824, 98.1 task/s, elapsed: 19s, ETA:    61s[>>>>>>                     ] 1884/7824, 98.1 task/s, elapsed: 19s, ETA:    61s[>>>>>>                     ] 1885/7824, 98.1 task/s, elapsed: 19s, ETA:    61s[>>>>>>                     ] 1886/7824, 98.1 task/s, elapsed: 19s, ETA:    61s[>>>>>>                     ] 1887/7824, 98.1 task/s, elapsed: 19s, ETA:    60s[>>>>>>                     ] 1888/7824, 98.1 task/s, elapsed: 19s, ETA:    60s[>>>>>>                     ] 1889/7824, 98.2 task/s, elapsed: 19s, ETA:    60s[>>>>>>                     ] 1890/7824, 98.2 task/s, elapsed: 19s, ETA:    60s[>>>>>>                     ] 1891/7824, 98.2 task/s, elapsed: 19s, ETA:    60s[>>>>>>                     ] 1892/7824, 98.2 task/s, elapsed: 19s, ETA:    60s[>>>>>>                     ] 1893/7824, 98.2 task/s, elapsed: 19s, ETA:    60s[>>>>>>                     ] 1894/7824, 98.2 task/s, elapsed: 19s, ETA:    60s[>>>>>>                     ] 1895/7824, 98.2 task/s, elapsed: 19s, ETA:    60s[>>>>>>                     ] 1896/7824, 98.2 task/s, elapsed: 19s, ETA:    60s[>>>>>>                     ] 1897/7824, 98.2 task/s, elapsed: 19s, ETA:    60s[>>>>>>                     ] 1898/7824, 98.2 task/s, elapsed: 19s, ETA:    60s[>>>>>>                     ] 1899/7824, 98.2 task/s, elapsed: 19s, ETA:    60s[>>>>>>                     ] 1900/7824, 98.2 task/s, elapsed: 19s, ETA:    60s[>>>>>>                     ] 1901/7824, 98.2 task/s, elapsed: 19s, ETA:    60s[>>>>>>                     ] 1902/7824, 98.2 task/s, elapsed: 19s, ETA:    60s[>>>>>>                     ] 1903/7824, 98.2 task/s, elapsed: 19s, ETA:    60s[>>>>>>                     ] 1904/7824, 98.2 task/s, elapsed: 19s, ETA:    60s[>>>>>>                     ] 1905/7824, 98.2 task/s, elapsed: 19s, ETA:    60s[>>>>>>                     ] 1906/7824, 98.2 task/s, elapsed: 19s, ETA:    60s[>>>>>>                     ] 1907/7824, 98.2 task/s, elapsed: 19s, ETA:    60s[>>>>>>                     ] 1908/7824, 98.2 task/s, elapsed: 19s, ETA:    60s[>>>>>>                     ] 1909/7824, 98.2 task/s, elapsed: 19s, ETA:    60s[>>>>>>                     ] 1910/7824, 98.2 task/s, elapsed: 19s, ETA:    60s[>>>>>>                     ] 1911/7824, 98.2 task/s, elapsed: 19s, ETA:    60s[>>>>>>                     ] 1912/7824, 98.2 task/s, elapsed: 19s, ETA:    60s[>>>>>>                     ] 1913/7824, 98.2 task/s, elapsed: 19s, ETA:    60s[>>>>>>                     ] 1914/7824, 98.2 task/s, elapsed: 19s, ETA:    60s[>>>>>>                     ] 1915/7824, 98.3 task/s, elapsed: 19s, ETA:    60s[>>>>>>                     ] 1916/7824, 98.3 task/s, elapsed: 19s, ETA:    60s[>>>>>>                     ] 1917/7824, 98.3 task/s, elapsed: 20s, ETA:    60s[>>>>>>                     ] 1918/7824, 98.3 task/s, elapsed: 20s, ETA:    60s[>>>>>>                     ] 1919/7824, 98.3 task/s, elapsed: 20s, ETA:    60s[>>>>>>                     ] 1920/7824, 98.3 task/s, elapsed: 20s, ETA:    60s[>>>>>>                     ] 1921/7824, 98.3 task/s, elapsed: 20s, ETA:    60s[>>>>>>                     ] 1922/7824, 98.3 task/s, elapsed: 20s, ETA:    60s[>>>>>>                     ] 1923/7824, 98.3 task/s, elapsed: 20s, ETA:    60s[>>>>>>                     ] 1924/7824, 98.3 task/s, elapsed: 20s, ETA:    60s[>>>>>>                     ] 1925/7824, 98.3 task/s, elapsed: 20s, ETA:    60s[>>>>>>                     ] 1926/7824, 98.3 task/s, elapsed: 20s, ETA:    60s[>>>>>>                     ] 1927/7824, 98.3 task/s, elapsed: 20s, ETA:    60s[>>>>>>                     ] 1928/7824, 98.3 task/s, elapsed: 20s, ETA:    60s[>>>>>>                     ] 1929/7824, 98.3 task/s, elapsed: 20s, ETA:    60s[>>>>>>                     ] 1930/7824, 98.3 task/s, elapsed: 20s, ETA:    60s[>>>>>>                     ] 1931/7824, 98.3 task/s, elapsed: 20s, ETA:    60s[>>>>>>                     ] 1932/7824, 98.3 task/s, elapsed: 20s, ETA:    60s[>>>>>>                     ] 1933/7824, 98.3 task/s, elapsed: 20s, ETA:    60s[>>>>>>                     ] 1934/7824, 98.3 task/s, elapsed: 20s, ETA:    60s[>>>>>>                     ] 1935/7824, 98.3 task/s, elapsed: 20s, ETA:    60s[>>>>>>                     ] 1936/7824, 98.3 task/s, elapsed: 20s, ETA:    60s[>>>>>>                     ] 1937/7824, 98.3 task/s, elapsed: 20s, ETA:    60s[>>>>>>                     ] 1938/7824, 98.3 task/s, elapsed: 20s, ETA:    60s[>>>>>>                     ] 1939/7824, 98.3 task/s, elapsed: 20s, ETA:    60s[>>>>>>                     ] 1940/7824, 98.4 task/s, elapsed: 20s, ETA:    60s[>>>>>>                     ] 1941/7824, 98.4 task/s, elapsed: 20s, ETA:    60s[>>>>>>                     ] 1942/7824, 98.4 task/s, elapsed: 20s, ETA:    60s[>>>>>>                     ] 1943/7824, 98.4 task/s, elapsed: 20s, ETA:    60s[>>>>>>                     ] 1944/7824, 98.4 task/s, elapsed: 20s, ETA:    60s[>>>>>>                     ] 1945/7824, 98.4 task/s, elapsed: 20s, ETA:    60s[>>>>>>                     ] 1946/7824, 98.4 task/s, elapsed: 20s, ETA:    60s[>>>>>>                     ] 1947/7824, 98.4 task/s, elapsed: 20s, ETA:    60s[>>>>>>                     ] 1948/7824, 98.4 task/s, elapsed: 20s, ETA:    60s[>>>>>>                     ] 1949/7824, 98.4 task/s, elapsed: 20s, ETA:    60s[>>>>>>                     ] 1950/7824, 98.4 task/s, elapsed: 20s, ETA:    60s[>>>>>>                     ] 1951/7824, 98.4 task/s, elapsed: 20s, ETA:    60s[>>>>>>                     ] 1952/7824, 98.4 task/s, elapsed: 20s, ETA:    60s[>>>>>>                     ] 1953/7824, 98.4 task/s, elapsed: 20s, ETA:    60s[>>>>>>                     ] 1954/7824, 98.4 task/s, elapsed: 20s, ETA:    60s[>>>>>>                     ] 1955/7824, 98.4 task/s, elapsed: 20s, ETA:    60s[>>>>>>                     ] 1956/7824, 98.4 task/s, elapsed: 20s, ETA:    60s[>>>>>>                     ] 1957/7824, 98.4 task/s, elapsed: 20s, ETA:    60s[>>>>>>                     ] 1958/7824, 98.4 task/s, elapsed: 20s, ETA:    60s[>>>>>>                     ] 1959/7824, 98.4 task/s, elapsed: 20s, ETA:    60s[>>>>>>                     ] 1960/7824, 98.4 task/s, elapsed: 20s, ETA:    60s[>>>>>>                     ] 1961/7824, 98.4 task/s, elapsed: 20s, ETA:    60s[>>>>>>                     ] 1962/7824, 98.4 task/s, elapsed: 20s, ETA:    60s[>>>>>>                     ] 1963/7824, 98.4 task/s, elapsed: 20s, ETA:    60s[>>>>>>                     ] 1964/7824, 98.5 task/s, elapsed: 20s, ETA:    60s[>>>>>>                     ] 1965/7824, 98.5 task/s, elapsed: 20s, ETA:    60s[>>>>>>                     ] 1966/7824, 98.5 task/s, elapsed: 20s, ETA:    59s[>>>>>>                     ] 1967/7824, 98.5 task/s, elapsed: 20s, ETA:    59s[>>>>>>                     ] 1968/7824, 98.5 task/s, elapsed: 20s, ETA:    59s[>>>>>>                     ] 1969/7824, 98.5 task/s, elapsed: 20s, ETA:    59s[>>>>>>                     ] 1970/7824, 98.5 task/s, elapsed: 20s, ETA:    59s[>>>>>>                     ] 1971/7824, 98.5 task/s, elapsed: 20s, ETA:    59s[>>>>>>                     ] 1972/7824, 98.5 task/s, elapsed: 20s, ETA:    59s[>>>>>>                     ] 1973/7824, 98.5 task/s, elapsed: 20s, ETA:    59s[>>>>>>                     ] 1974/7824, 98.5 task/s, elapsed: 20s, ETA:    59s[>>>>>>                     ] 1975/7824, 98.5 task/s, elapsed: 20s, ETA:    59s[>>>>>>                     ] 1976/7824, 98.5 task/s, elapsed: 20s, ETA:    59s[>>>>>>                     ] 1977/7824, 98.5 task/s, elapsed: 20s, ETA:    59s[>>>>>>                     ] 1978/7824, 98.5 task/s, elapsed: 20s, ETA:    59s[>>>>>>                     ] 1979/7824, 98.5 task/s, elapsed: 20s, ETA:    59s[>>>>>>                     ] 1980/7824, 98.5 task/s, elapsed: 20s, ETA:    59s[>>>>>>                     ] 1981/7824, 98.5 task/s, elapsed: 20s, ETA:    59s[>>>>>>                     ] 1982/7824, 98.5 task/s, elapsed: 20s, ETA:    59s[>>>>>>                     ] 1983/7824, 98.5 task/s, elapsed: 20s, ETA:    59s[>>>>>>                     ] 1984/7824, 98.5 task/s, elapsed: 20s, ETA:    59s[>>>>>>                     ] 1985/7824, 98.5 task/s, elapsed: 20s, ETA:    59s[>>>>>>                     ] 1986/7824, 98.5 task/s, elapsed: 20s, ETA:    59s[>>>>>>                     ] 1987/7824, 98.5 task/s, elapsed: 20s, ETA:    59s[>>>>>>                     ] 1988/7824, 98.5 task/s, elapsed: 20s, ETA:    59s[>>>>>>                     ] 1989/7824, 98.5 task/s, elapsed: 20s, ETA:    59s[>>>>>>                     ] 1990/7824, 98.5 task/s, elapsed: 20s, ETA:    59s[>>>>>>                     ] 1991/7824, 98.5 task/s, elapsed: 20s, ETA:    59s[>>>>>>                     ] 1992/7824, 98.5 task/s, elapsed: 20s, ETA:    59s[>>>>>>                     ] 1993/7824, 98.5 task/s, elapsed: 20s, ETA:    59s[>>>>>>                     ] 1994/7824, 98.5 task/s, elapsed: 20s, ETA:    59s[>>>>>>                     ] 1995/7824, 98.6 task/s, elapsed: 20s, ETA:    59s[>>>>>>                     ] 1996/7824, 98.6 task/s, elapsed: 20s, ETA:    59s[>>>>>>                     ] 1997/7824, 98.6 task/s, elapsed: 20s, ETA:    59s[>>>>>>                     ] 1998/7824, 98.6 task/s, elapsed: 20s, ETA:    59s[>>>>>>                     ] 1999/7824, 98.6 task/s, elapsed: 20s, ETA:    59s[>>>>>>                     ] 2000/7824, 98.6 task/s, elapsed: 20s, ETA:    59s[>>>>>>                     ] 2001/7824, 98.6 task/s, elapsed: 20s, ETA:    59s[>>>>>>                     ] 2002/7824, 98.6 task/s, elapsed: 20s, ETA:    59s[>>>>>>                     ] 2003/7824, 98.6 task/s, elapsed: 20s, ETA:    59s[>>>>>>                     ] 2004/7824, 98.6 task/s, elapsed: 20s, ETA:    59s[>>>>>>                     ] 2005/7824, 98.6 task/s, elapsed: 20s, ETA:    59s[>>>>>>                     ] 2006/7824, 98.6 task/s, elapsed: 20s, ETA:    59s[>>>>>>                     ] 2007/7824, 98.6 task/s, elapsed: 20s, ETA:    59s[>>>>>>                     ] 2008/7824, 98.6 task/s, elapsed: 20s, ETA:    59s[>>>>>>                     ] 2009/7824, 98.6 task/s, elapsed: 20s, ETA:    59s[>>>>>>                     ] 2010/7824, 98.6 task/s, elapsed: 20s, ETA:    59s[>>>>>>                     ] 2011/7824, 98.6 task/s, elapsed: 20s, ETA:    59s[>>>>>>                     ] 2012/7824, 98.6 task/s, elapsed: 20s, ETA:    59s[>>>>>>                     ] 2013/7824, 98.6 task/s, elapsed: 20s, ETA:    59s[>>>>>>                     ] 2014/7824, 98.6 task/s, elapsed: 20s, ETA:    59s[>>>>>>                     ] 2015/7824, 98.6 task/s, elapsed: 20s, ETA:    59s[>>>>>>                     ] 2016/7824, 98.6 task/s, elapsed: 20s, ETA:    59s[>>>>>>                     ] 2017/7824, 98.6 task/s, elapsed: 20s, ETA:    59s[>>>>>>                     ] 2018/7824, 98.6 task/s, elapsed: 20s, ETA:    59s[>>>>>>                     ] 2019/7824, 98.6 task/s, elapsed: 20s, ETA:    59s[>>>>>>                     ] 2020/7824, 98.7 task/s, elapsed: 20s, ETA:    59s[>>>>>>                     ] 2021/7824, 98.7 task/s, elapsed: 20s, ETA:    59s[>>>>>>                     ] 2022/7824, 98.7 task/s, elapsed: 20s, ETA:    59s[>>>>>>                     ] 2023/7824, 98.7 task/s, elapsed: 21s, ETA:    59s[>>>>>>                     ] 2024/7824, 98.7 task/s, elapsed: 21s, ETA:    59s[>>>>>>                     ] 2025/7824, 98.7 task/s, elapsed: 21s, ETA:    59s[>>>>>>                     ] 2026/7824, 98.7 task/s, elapsed: 21s, ETA:    59s[>>>>>>                     ] 2027/7824, 98.7 task/s, elapsed: 21s, ETA:    59s[>>>>>>                     ] 2028/7824, 98.7 task/s, elapsed: 21s, ETA:    59s[>>>>>>>                    ] 2029/7824, 98.7 task/s, elapsed: 21s, ETA:    59s[>>>>>>>                    ] 2030/7824, 98.7 task/s, elapsed: 21s, ETA:    59s[>>>>>>>                    ] 2031/7824, 98.7 task/s, elapsed: 21s, ETA:    59s[>>>>>>>                    ] 2032/7824, 98.7 task/s, elapsed: 21s, ETA:    59s[>>>>>>>                    ] 2033/7824, 98.7 task/s, elapsed: 21s, ETA:    59s[>>>>>>>                    ] 2034/7824, 98.7 task/s, elapsed: 21s, ETA:    59s[>>>>>>>                    ] 2035/7824, 98.7 task/s, elapsed: 21s, ETA:    59s[>>>>>>>                    ] 2036/7824, 98.7 task/s, elapsed: 21s, ETA:    59s[>>>>>>>                    ] 2037/7824, 98.7 task/s, elapsed: 21s, ETA:    59s[>>>>>>>                    ] 2038/7824, 98.7 task/s, elapsed: 21s, ETA:    59s[>>>>>>>                    ] 2039/7824, 98.7 task/s, elapsed: 21s, ETA:    59s[>>>>>>>                    ] 2040/7824, 98.7 task/s, elapsed: 21s, ETA:    59s[>>>>>>>                    ] 2041/7824, 98.7 task/s, elapsed: 21s, ETA:    59s[>>>>>>>                    ] 2042/7824, 98.7 task/s, elapsed: 21s, ETA:    59s[>>>>>>>                    ] 2043/7824, 98.7 task/s, elapsed: 21s, ETA:    59s[>>>>>>>                    ] 2044/7824, 98.7 task/s, elapsed: 21s, ETA:    59s[>>>>>>>                    ] 2045/7824, 98.7 task/s, elapsed: 21s, ETA:    59s[>>>>>>>                    ] 2046/7824, 98.7 task/s, elapsed: 21s, ETA:    59s[>>>>>>>                    ] 2047/7824, 98.7 task/s, elapsed: 21s, ETA:    59s[>>>>>>>                    ] 2048/7824, 98.7 task/s, elapsed: 21s, ETA:    58s[>>>>>>>                    ] 2049/7824, 98.7 task/s, elapsed: 21s, ETA:    58s[>>>>>>>                    ] 2050/7824, 98.7 task/s, elapsed: 21s, ETA:    58s[>>>>>>>                    ] 2051/7824, 98.7 task/s, elapsed: 21s, ETA:    58s[>>>>>>>                    ] 2052/7824, 98.7 task/s, elapsed: 21s, ETA:    58s[>>>>>>>                    ] 2053/7824, 98.7 task/s, elapsed: 21s, ETA:    58s[>>>>>>>                    ] 2054/7824, 98.7 task/s, elapsed: 21s, ETA:    58s[>>>>>>>                    ] 2055/7824, 98.8 task/s, elapsed: 21s, ETA:    58s[>>>>>>>                    ] 2056/7824, 98.8 task/s, elapsed: 21s, ETA:    58s[>>>>>>>                    ] 2057/7824, 98.8 task/s, elapsed: 21s, ETA:    58s[>>>>>>>                    ] 2058/7824, 98.8 task/s, elapsed: 21s, ETA:    58s[>>>>>>>                    ] 2059/7824, 98.8 task/s, elapsed: 21s, ETA:    58s[>>>>>>>                    ] 2060/7824, 98.8 task/s, elapsed: 21s, ETA:    58s[>>>>>>>                    ] 2061/7824, 98.8 task/s, elapsed: 21s, ETA:    58s[>>>>>>>                    ] 2062/7824, 98.8 task/s, elapsed: 21s, ETA:    58s[>>>>>>>                    ] 2063/7824, 98.8 task/s, elapsed: 21s, ETA:    58s[>>>>>>>                    ] 2064/7824, 98.8 task/s, elapsed: 21s, ETA:    58s[>>>>>>>                    ] 2065/7824, 98.8 task/s, elapsed: 21s, ETA:    58s[>>>>>>>                    ] 2066/7824, 98.8 task/s, elapsed: 21s, ETA:    58s[>>>>>>>                    ] 2067/7824, 98.8 task/s, elapsed: 21s, ETA:    58s[>>>>>>>                    ] 2068/7824, 98.8 task/s, elapsed: 21s, ETA:    58s[>>>>>>>                    ] 2069/7824, 98.8 task/s, elapsed: 21s, ETA:    58s[>>>>>>>                    ] 2070/7824, 98.8 task/s, elapsed: 21s, ETA:    58s[>>>>>>>                    ] 2071/7824, 98.8 task/s, elapsed: 21s, ETA:    58s[>>>>>>>                    ] 2072/7824, 98.8 task/s, elapsed: 21s, ETA:    58s[>>>>>>>                    ] 2073/7824, 98.8 task/s, elapsed: 21s, ETA:    58s[>>>>>>>                    ] 2074/7824, 98.8 task/s, elapsed: 21s, ETA:    58s[>>>>>>>                    ] 2075/7824, 98.8 task/s, elapsed: 21s, ETA:    58s[>>>>>>>                    ] 2076/7824, 98.8 task/s, elapsed: 21s, ETA:    58s[>>>>>>>                    ] 2077/7824, 98.8 task/s, elapsed: 21s, ETA:    58s[>>>>>>>                    ] 2078/7824, 98.8 task/s, elapsed: 21s, ETA:    58s[>>>>>>>                    ] 2079/7824, 98.8 task/s, elapsed: 21s, ETA:    58s[>>>>>>>                    ] 2080/7824, 98.8 task/s, elapsed: 21s, ETA:    58s[>>>>>>>                    ] 2081/7824, 98.8 task/s, elapsed: 21s, ETA:    58s[>>>>>>>                    ] 2082/7824, 98.8 task/s, elapsed: 21s, ETA:    58s[>>>>>>>                    ] 2083/7824, 98.8 task/s, elapsed: 21s, ETA:    58s[>>>>>>>                    ] 2084/7824, 98.8 task/s, elapsed: 21s, ETA:    58s[>>>>>>>                    ] 2085/7824, 98.8 task/s, elapsed: 21s, ETA:    58s[>>>>>>>                    ] 2086/7824, 98.9 task/s, elapsed: 21s, ETA:    58s[>>>>>>>                    ] 2087/7824, 98.9 task/s, elapsed: 21s, ETA:    58s[>>>>>>>                    ] 2088/7824, 98.9 task/s, elapsed: 21s, ETA:    58s[>>>>>>>                    ] 2089/7824, 98.9 task/s, elapsed: 21s, ETA:    58s[>>>>>>>                    ] 2090/7824, 98.9 task/s, elapsed: 21s, ETA:    58s[>>>>>>>                    ] 2091/7824, 98.9 task/s, elapsed: 21s, ETA:    58s[>>>>>>>                    ] 2092/7824, 98.9 task/s, elapsed: 21s, ETA:    58s[>>>>>>>                    ] 2093/7824, 98.9 task/s, elapsed: 21s, ETA:    58s[>>>>>>>                    ] 2094/7824, 98.9 task/s, elapsed: 21s, ETA:    58s[>>>>>>>                    ] 2095/7824, 98.9 task/s, elapsed: 21s, ETA:    58s[>>>>>>>                    ] 2096/7824, 98.9 task/s, elapsed: 21s, ETA:    58s[>>>>>>>                    ] 2097/7824, 98.9 task/s, elapsed: 21s, ETA:    58s[>>>>>>>                    ] 2098/7824, 98.9 task/s, elapsed: 21s, ETA:    58s[>>>>>>>                    ] 2099/7824, 98.9 task/s, elapsed: 21s, ETA:    58s[>>>>>>>                    ] 2100/7824, 98.9 task/s, elapsed: 21s, ETA:    58s[>>>>>>>                    ] 2101/7824, 98.9 task/s, elapsed: 21s, ETA:    58s[>>>>>>>                    ] 2102/7824, 98.9 task/s, elapsed: 21s, ETA:    58s[>>>>>>>                    ] 2103/7824, 98.9 task/s, elapsed: 21s, ETA:    58s[>>>>>>>                    ] 2104/7824, 98.9 task/s, elapsed: 21s, ETA:    58s[>>>>>>>                    ] 2105/7824, 98.9 task/s, elapsed: 21s, ETA:    58s[>>>>>>>                    ] 2106/7824, 98.9 task/s, elapsed: 21s, ETA:    58s[>>>>>>>                    ] 2107/7824, 98.9 task/s, elapsed: 21s, ETA:    58s[>>>>>>>                    ] 2108/7824, 98.9 task/s, elapsed: 21s, ETA:    58s[>>>>>>>                    ] 2109/7824, 98.9 task/s, elapsed: 21s, ETA:    58s[>>>>>>>                    ] 2110/7824, 98.9 task/s, elapsed: 21s, ETA:    58s[>>>>>>>                    ] 2111/7824, 98.9 task/s, elapsed: 21s, ETA:    58s[>>>>>>>                    ] 2112/7824, 98.9 task/s, elapsed: 21s, ETA:    58s[>>>>>>>                    ] 2113/7824, 98.9 task/s, elapsed: 21s, ETA:    58s[>>>>>>>                    ] 2114/7824, 98.9 task/s, elapsed: 21s, ETA:    58s[>>>>>>>                    ] 2115/7824, 98.9 task/s, elapsed: 21s, ETA:    58s[>>>>>>>                    ] 2116/7824, 98.9 task/s, elapsed: 21s, ETA:    58s[>>>>>>>                    ] 2117/7824, 98.9 task/s, elapsed: 21s, ETA:    58s[>>>>>>>                    ] 2118/7824, 98.9 task/s, elapsed: 21s, ETA:    58s[>>>>>>>                    ] 2119/7824, 98.9 task/s, elapsed: 21s, ETA:    58s[>>>>>>>                    ] 2120/7824, 98.9 task/s, elapsed: 21s, ETA:    58s[>>>>>>>                    ] 2121/7824, 99.0 task/s, elapsed: 21s, ETA:    58s[>>>>>>>                    ] 2122/7824, 99.0 task/s, elapsed: 21s, ETA:    58s[>>>>>>>                    ] 2123/7824, 99.0 task/s, elapsed: 21s, ETA:    58s[>>>>>>>                    ] 2124/7824, 99.0 task/s, elapsed: 21s, ETA:    58s[>>>>>>>                    ] 2125/7824, 99.0 task/s, elapsed: 21s, ETA:    58s[>>>>>>>                    ] 2126/7824, 99.0 task/s, elapsed: 21s, ETA:    58s[>>>>>>>                    ] 2127/7824, 99.0 task/s, elapsed: 21s, ETA:    58s[>>>>>>>                    ] 2128/7824, 99.0 task/s, elapsed: 22s, ETA:    58s[>>>>>>>                    ] 2129/7824, 99.0 task/s, elapsed: 22s, ETA:    58s[>>>>>>>                    ] 2130/7824, 99.0 task/s, elapsed: 22s, ETA:    58s[>>>>>>>                    ] 2131/7824, 99.0 task/s, elapsed: 22s, ETA:    58s[>>>>>>>                    ] 2132/7824, 99.0 task/s, elapsed: 22s, ETA:    58s[>>>>>>>                    ] 2133/7824, 99.0 task/s, elapsed: 22s, ETA:    57s[>>>>>>>                    ] 2134/7824, 99.0 task/s, elapsed: 22s, ETA:    57s[>>>>>>>                    ] 2135/7824, 99.0 task/s, elapsed: 22s, ETA:    57s[>>>>>>>                    ] 2136/7824, 99.0 task/s, elapsed: 22s, ETA:    57s[>>>>>>>                    ] 2137/7824, 99.0 task/s, elapsed: 22s, ETA:    57s[>>>>>>>                    ] 2138/7824, 99.0 task/s, elapsed: 22s, ETA:    57s[>>>>>>>                    ] 2139/7824, 99.0 task/s, elapsed: 22s, ETA:    57s[>>>>>>>                    ] 2140/7824, 99.0 task/s, elapsed: 22s, ETA:    57s[>>>>>>>                    ] 2141/7824, 99.0 task/s, elapsed: 22s, ETA:    57s[>>>>>>>                    ] 2142/7824, 99.0 task/s, elapsed: 22s, ETA:    57s[>>>>>>>                    ] 2143/7824, 99.0 task/s, elapsed: 22s, ETA:    57s[>>>>>>>                    ] 2144/7824, 99.0 task/s, elapsed: 22s, ETA:    57s[>>>>>>>                    ] 2145/7824, 99.0 task/s, elapsed: 22s, ETA:    57s[>>>>>>>                    ] 2146/7824, 99.0 task/s, elapsed: 22s, ETA:    57s[>>>>>>>                    ] 2147/7824, 99.0 task/s, elapsed: 22s, ETA:    57s[>>>>>>>                    ] 2148/7824, 99.0 task/s, elapsed: 22s, ETA:    57s[>>>>>>>                    ] 2149/7824, 99.0 task/s, elapsed: 22s, ETA:    57s[>>>>>>>                    ] 2150/7824, 99.1 task/s, elapsed: 22s, ETA:    57s[>>>>>>>                    ] 2151/7824, 99.1 task/s, elapsed: 22s, ETA:    57s[>>>>>>>                    ] 2152/7824, 99.1 task/s, elapsed: 22s, ETA:    57s[>>>>>>>                    ] 2153/7824, 99.1 task/s, elapsed: 22s, ETA:    57s[>>>>>>>                    ] 2154/7824, 99.1 task/s, elapsed: 22s, ETA:    57s[>>>>>>>                    ] 2155/7824, 99.1 task/s, elapsed: 22s, ETA:    57s[>>>>>>>                    ] 2156/7824, 99.1 task/s, elapsed: 22s, ETA:    57s[>>>>>>>                    ] 2157/7824, 99.1 task/s, elapsed: 22s, ETA:    57s[>>>>>>>                    ] 2158/7824, 99.1 task/s, elapsed: 22s, ETA:    57s[>>>>>>>                    ] 2159/7824, 99.1 task/s, elapsed: 22s, ETA:    57s[>>>>>>>                    ] 2160/7824, 99.1 task/s, elapsed: 22s, ETA:    57s[>>>>>>>                    ] 2161/7824, 99.1 task/s, elapsed: 22s, ETA:    57s[>>>>>>>                    ] 2162/7824, 99.1 task/s, elapsed: 22s, ETA:    57s[>>>>>>>                    ] 2163/7824, 99.1 task/s, elapsed: 22s, ETA:    57s[>>>>>>>                    ] 2164/7824, 99.1 task/s, elapsed: 22s, ETA:    57s[>>>>>>>                    ] 2165/7824, 99.1 task/s, elapsed: 22s, ETA:    57s[>>>>>>>                    ] 2166/7824, 99.1 task/s, elapsed: 22s, ETA:    57s[>>>>>>>                    ] 2167/7824, 99.1 task/s, elapsed: 22s, ETA:    57s[>>>>>>>                    ] 2168/7824, 99.1 task/s, elapsed: 22s, ETA:    57s[>>>>>>>                    ] 2169/7824, 99.1 task/s, elapsed: 22s, ETA:    57s[>>>>>>>                    ] 2170/7824, 99.1 task/s, elapsed: 22s, ETA:    57s[>>>>>>>                    ] 2171/7824, 99.1 task/s, elapsed: 22s, ETA:    57s[>>>>>>>                    ] 2172/7824, 99.1 task/s, elapsed: 22s, ETA:    57s[>>>>>>>                    ] 2173/7824, 99.1 task/s, elapsed: 22s, ETA:    57s[>>>>>>>                    ] 2174/7824, 99.1 task/s, elapsed: 22s, ETA:    57s[>>>>>>>                    ] 2175/7824, 99.1 task/s, elapsed: 22s, ETA:    57s[>>>>>>>                    ] 2176/7824, 99.1 task/s, elapsed: 22s, ETA:    57s[>>>>>>>                    ] 2177/7824, 99.1 task/s, elapsed: 22s, ETA:    57s[>>>>>>>                    ] 2178/7824, 99.1 task/s, elapsed: 22s, ETA:    57s[>>>>>>>                    ] 2179/7824, 99.1 task/s, elapsed: 22s, ETA:    57s[>>>>>>>                    ] 2180/7824, 99.1 task/s, elapsed: 22s, ETA:    57s[>>>>>>>                    ] 2181/7824, 99.1 task/s, elapsed: 22s, ETA:    57s[>>>>>>>                    ] 2182/7824, 99.1 task/s, elapsed: 22s, ETA:    57s[>>>>>>>                    ] 2183/7824, 99.1 task/s, elapsed: 22s, ETA:    57s[>>>>>>>                    ] 2184/7824, 99.1 task/s, elapsed: 22s, ETA:    57s[>>>>>>>                    ] 2185/7824, 99.1 task/s, elapsed: 22s, ETA:    57s[>>>>>>>                    ] 2186/7824, 99.1 task/s, elapsed: 22s, ETA:    57s[>>>>>>>                    ] 2187/7824, 99.1 task/s, elapsed: 22s, ETA:    57s[>>>>>>>                    ] 2188/7824, 99.1 task/s, elapsed: 22s, ETA:    57s[>>>>>>>                    ] 2189/7824, 99.2 task/s, elapsed: 22s, ETA:    57s[>>>>>>>                    ] 2190/7824, 99.2 task/s, elapsed: 22s, ETA:    57s[>>>>>>>                    ] 2191/7824, 99.2 task/s, elapsed: 22s, ETA:    57s[>>>>>>>                    ] 2192/7824, 99.2 task/s, elapsed: 22s, ETA:    57s[>>>>>>>                    ] 2193/7824, 99.2 task/s, elapsed: 22s, ETA:    57s[>>>>>>>                    ] 2194/7824, 99.2 task/s, elapsed: 22s, ETA:    57s[>>>>>>>                    ] 2195/7824, 99.2 task/s, elapsed: 22s, ETA:    57s[>>>>>>>                    ] 2196/7824, 99.2 task/s, elapsed: 22s, ETA:    57s[>>>>>>>                    ] 2197/7824, 99.2 task/s, elapsed: 22s, ETA:    57s[>>>>>>>                    ] 2198/7824, 99.2 task/s, elapsed: 22s, ETA:    57s[>>>>>>>                    ] 2199/7824, 99.2 task/s, elapsed: 22s, ETA:    57s[>>>>>>>                    ] 2200/7824, 99.2 task/s, elapsed: 22s, ETA:    57s[>>>>>>>                    ] 2201/7824, 99.2 task/s, elapsed: 22s, ETA:    57s[>>>>>>>                    ] 2202/7824, 99.2 task/s, elapsed: 22s, ETA:    57s[>>>>>>>                    ] 2203/7824, 99.2 task/s, elapsed: 22s, ETA:    57s[>>>>>>>                    ] 2204/7824, 99.2 task/s, elapsed: 22s, ETA:    57s[>>>>>>>                    ] 2205/7824, 99.2 task/s, elapsed: 22s, ETA:    57s[>>>>>>>                    ] 2206/7824, 99.2 task/s, elapsed: 22s, ETA:    57s[>>>>>>>                    ] 2207/7824, 99.2 task/s, elapsed: 22s, ETA:    57s[>>>>>>>                    ] 2208/7824, 99.2 task/s, elapsed: 22s, ETA:    57s[>>>>>>>                    ] 2209/7824, 99.2 task/s, elapsed: 22s, ETA:    57s[>>>>>>>                    ] 2210/7824, 99.2 task/s, elapsed: 22s, ETA:    57s[>>>>>>>                    ] 2211/7824, 99.2 task/s, elapsed: 22s, ETA:    57s[>>>>>>>                    ] 2212/7824, 99.2 task/s, elapsed: 22s, ETA:    57s[>>>>>>>                    ] 2213/7824, 99.2 task/s, elapsed: 22s, ETA:    57s[>>>>>>>                    ] 2214/7824, 99.2 task/s, elapsed: 22s, ETA:    57s[>>>>>>>                    ] 2215/7824, 99.2 task/s, elapsed: 22s, ETA:    57s[>>>>>>>                    ] 2216/7824, 99.2 task/s, elapsed: 22s, ETA:    57s[>>>>>>>                    ] 2217/7824, 99.2 task/s, elapsed: 22s, ETA:    56s[>>>>>>>                    ] 2218/7824, 99.2 task/s, elapsed: 22s, ETA:    56s[>>>>>>>                    ] 2219/7824, 99.3 task/s, elapsed: 22s, ETA:    56s[>>>>>>>                    ] 2220/7824, 99.3 task/s, elapsed: 22s, ETA:    56s[>>>>>>>                    ] 2221/7824, 99.3 task/s, elapsed: 22s, ETA:    56s[>>>>>>>                    ] 2222/7824, 99.3 task/s, elapsed: 22s, ETA:    56s[>>>>>>>                    ] 2223/7824, 99.3 task/s, elapsed: 22s, ETA:    56s[>>>>>>>                    ] 2224/7824, 99.3 task/s, elapsed: 22s, ETA:    56s[>>>>>>>                    ] 2225/7824, 99.3 task/s, elapsed: 22s, ETA:    56s[>>>>>>>                    ] 2226/7824, 99.3 task/s, elapsed: 22s, ETA:    56s[>>>>>>>                    ] 2227/7824, 99.3 task/s, elapsed: 22s, ETA:    56s[>>>>>>>                    ] 2228/7824, 99.3 task/s, elapsed: 22s, ETA:    56s[>>>>>>>                    ] 2229/7824, 99.3 task/s, elapsed: 22s, ETA:    56s[>>>>>>>                    ] 2230/7824, 99.3 task/s, elapsed: 22s, ETA:    56s[>>>>>>>                    ] 2231/7824, 99.3 task/s, elapsed: 22s, ETA:    56s[>>>>>>>                    ] 2232/7824, 99.3 task/s, elapsed: 22s, ETA:    56s[>>>>>>>                    ] 2233/7824, 99.3 task/s, elapsed: 22s, ETA:    56s[>>>>>>>                    ] 2234/7824, 99.3 task/s, elapsed: 22s, ETA:    56s[>>>>>>>                    ] 2235/7824, 99.3 task/s, elapsed: 23s, ETA:    56s[>>>>>>>                    ] 2236/7824, 99.3 task/s, elapsed: 23s, ETA:    56s[>>>>>>>                    ] 2237/7824, 99.3 task/s, elapsed: 23s, ETA:    56s[>>>>>>>                    ] 2238/7824, 99.3 task/s, elapsed: 23s, ETA:    56s[>>>>>>>                    ] 2239/7824, 99.3 task/s, elapsed: 23s, ETA:    56s[>>>>>>>                    ] 2240/7824, 99.3 task/s, elapsed: 23s, ETA:    56s[>>>>>>>                    ] 2241/7824, 99.3 task/s, elapsed: 23s, ETA:    56s[>>>>>>>                    ] 2242/7824, 99.3 task/s, elapsed: 23s, ETA:    56s[>>>>>>>                    ] 2243/7824, 99.3 task/s, elapsed: 23s, ETA:    56s[>>>>>>>                    ] 2244/7824, 99.3 task/s, elapsed: 23s, ETA:    56s[>>>>>>>                    ] 2245/7824, 99.3 task/s, elapsed: 23s, ETA:    56s[>>>>>>>                    ] 2246/7824, 99.3 task/s, elapsed: 23s, ETA:    56s[>>>>>>>                    ] 2247/7824, 99.3 task/s, elapsed: 23s, ETA:    56s[>>>>>>>                    ] 2248/7824, 99.3 task/s, elapsed: 23s, ETA:    56s[>>>>>>>                    ] 2249/7824, 99.3 task/s, elapsed: 23s, ETA:    56s[>>>>>>>                    ] 2250/7824, 99.3 task/s, elapsed: 23s, ETA:    56s[>>>>>>>                    ] 2251/7824, 99.4 task/s, elapsed: 23s, ETA:    56s[>>>>>>>                    ] 2252/7824, 99.4 task/s, elapsed: 23s, ETA:    56s[>>>>>>>                    ] 2253/7824, 99.4 task/s, elapsed: 23s, ETA:    56s[>>>>>>>                    ] 2254/7824, 99.4 task/s, elapsed: 23s, ETA:    56s[>>>>>>>                    ] 2255/7824, 99.4 task/s, elapsed: 23s, ETA:    56s[>>>>>>>                    ] 2256/7824, 99.4 task/s, elapsed: 23s, ETA:    56s[>>>>>>>                    ] 2257/7824, 99.4 task/s, elapsed: 23s, ETA:    56s[>>>>>>>                    ] 2258/7824, 99.4 task/s, elapsed: 23s, ETA:    56s[>>>>>>>                    ] 2259/7824, 99.4 task/s, elapsed: 23s, ETA:    56s[>>>>>>>                    ] 2260/7824, 99.4 task/s, elapsed: 23s, ETA:    56s[>>>>>>>                    ] 2261/7824, 99.4 task/s, elapsed: 23s, ETA:    56s[>>>>>>>                    ] 2262/7824, 99.4 task/s, elapsed: 23s, ETA:    56s[>>>>>>>                    ] 2263/7824, 99.4 task/s, elapsed: 23s, ETA:    56s[>>>>>>>                    ] 2264/7824, 99.4 task/s, elapsed: 23s, ETA:    56s[>>>>>>>                    ] 2265/7824, 99.4 task/s, elapsed: 23s, ETA:    56s[>>>>>>>                    ] 2266/7824, 99.4 task/s, elapsed: 23s, ETA:    56s[>>>>>>>                    ] 2267/7824, 99.4 task/s, elapsed: 23s, ETA:    56s[>>>>>>>                    ] 2268/7824, 99.4 task/s, elapsed: 23s, ETA:    56s[>>>>>>>                    ] 2269/7824, 99.4 task/s, elapsed: 23s, ETA:    56s[>>>>>>>                    ] 2270/7824, 99.4 task/s, elapsed: 23s, ETA:    56s[>>>>>>>                    ] 2271/7824, 99.4 task/s, elapsed: 23s, ETA:    56s[>>>>>>>                    ] 2272/7824, 99.4 task/s, elapsed: 23s, ETA:    56s[>>>>>>>                    ] 2273/7824, 99.4 task/s, elapsed: 23s, ETA:    56s[>>>>>>>                    ] 2274/7824, 99.4 task/s, elapsed: 23s, ETA:    56s[>>>>>>>                    ] 2275/7824, 99.4 task/s, elapsed: 23s, ETA:    56s[>>>>>>>                    ] 2276/7824, 99.4 task/s, elapsed: 23s, ETA:    56s[>>>>>>>                    ] 2277/7824, 99.4 task/s, elapsed: 23s, ETA:    56s[>>>>>>>                    ] 2278/7824, 99.4 task/s, elapsed: 23s, ETA:    56s[>>>>>>>                    ] 2279/7824, 99.4 task/s, elapsed: 23s, ETA:    56s[>>>>>>>                    ] 2280/7824, 99.4 task/s, elapsed: 23s, ETA:    56s[>>>>>>>                    ] 2281/7824, 99.4 task/s, elapsed: 23s, ETA:    56s[>>>>>>>                    ] 2282/7824, 99.4 task/s, elapsed: 23s, ETA:    56s[>>>>>>>                    ] 2283/7824, 99.4 task/s, elapsed: 23s, ETA:    56s[>>>>>>>                    ] 2284/7824, 99.5 task/s, elapsed: 23s, ETA:    56s[>>>>>>>                    ] 2285/7824, 99.5 task/s, elapsed: 23s, ETA:    56s[>>>>>>>                    ] 2286/7824, 99.5 task/s, elapsed: 23s, ETA:    56s[>>>>>>>                    ] 2287/7824, 99.5 task/s, elapsed: 23s, ETA:    56s[>>>>>>>                    ] 2288/7824, 99.5 task/s, elapsed: 23s, ETA:    56s[>>>>>>>                    ] 2289/7824, 99.5 task/s, elapsed: 23s, ETA:    56s[>>>>>>>                    ] 2290/7824, 99.5 task/s, elapsed: 23s, ETA:    56s[>>>>>>>                    ] 2291/7824, 99.5 task/s, elapsed: 23s, ETA:    56s[>>>>>>>                    ] 2292/7824, 99.5 task/s, elapsed: 23s, ETA:    56s[>>>>>>>                    ] 2293/7824, 99.5 task/s, elapsed: 23s, ETA:    56s[>>>>>>>                    ] 2294/7824, 99.5 task/s, elapsed: 23s, ETA:    56s[>>>>>>>                    ] 2295/7824, 99.5 task/s, elapsed: 23s, ETA:    56s[>>>>>>>                    ] 2296/7824, 99.5 task/s, elapsed: 23s, ETA:    56s[>>>>>>>                    ] 2297/7824, 99.5 task/s, elapsed: 23s, ETA:    56s[>>>>>>>                    ] 2298/7824, 99.5 task/s, elapsed: 23s, ETA:    56s[>>>>>>>                    ] 2299/7824, 99.5 task/s, elapsed: 23s, ETA:    56s[>>>>>>>                    ] 2300/7824, 99.5 task/s, elapsed: 23s, ETA:    56s[>>>>>>>                    ] 2301/7824, 99.5 task/s, elapsed: 23s, ETA:    56s[>>>>>>>                    ] 2302/7824, 99.5 task/s, elapsed: 23s, ETA:    55s[>>>>>>>                    ] 2303/7824, 99.5 task/s, elapsed: 23s, ETA:    55s[>>>>>>>                    ] 2304/7824, 99.5 task/s, elapsed: 23s, ETA:    55s[>>>>>>>                    ] 2305/7824, 99.5 task/s, elapsed: 23s, ETA:    55s[>>>>>>>                    ] 2306/7824, 99.5 task/s, elapsed: 23s, ETA:    55s[>>>>>>>                    ] 2307/7824, 99.5 task/s, elapsed: 23s, ETA:    55s[>>>>>>>                    ] 2308/7824, 99.5 task/s, elapsed: 23s, ETA:    55s[>>>>>>>                    ] 2309/7824, 99.5 task/s, elapsed: 23s, ETA:    55s[>>>>>>>                    ] 2310/7824, 99.5 task/s, elapsed: 23s, ETA:    55s[>>>>>>>                    ] 2311/7824, 99.5 task/s, elapsed: 23s, ETA:    55s[>>>>>>>                    ] 2312/7824, 99.5 task/s, elapsed: 23s, ETA:    55s[>>>>>>>                    ] 2313/7824, 99.5 task/s, elapsed: 23s, ETA:    55s[>>>>>>>                    ] 2314/7824, 99.5 task/s, elapsed: 23s, ETA:    55s[>>>>>>>                    ] 2315/7824, 99.5 task/s, elapsed: 23s, ETA:    55s[>>>>>>>                    ] 2316/7824, 99.5 task/s, elapsed: 23s, ETA:    55s[>>>>>>>                    ] 2317/7824, 99.5 task/s, elapsed: 23s, ETA:    55s[>>>>>>>                    ] 2318/7824, 99.5 task/s, elapsed: 23s, ETA:    55s[>>>>>>>>                   ] 2319/7824, 99.5 task/s, elapsed: 23s, ETA:    55s[>>>>>>>>                   ] 2320/7824, 99.6 task/s, elapsed: 23s, ETA:    55s[>>>>>>>>                   ] 2321/7824, 99.6 task/s, elapsed: 23s, ETA:    55s[>>>>>>>>                   ] 2322/7824, 99.6 task/s, elapsed: 23s, ETA:    55s[>>>>>>>>                   ] 2323/7824, 99.6 task/s, elapsed: 23s, ETA:    55s[>>>>>>>>                   ] 2324/7824, 99.6 task/s, elapsed: 23s, ETA:    55s[>>>>>>>>                   ] 2325/7824, 99.6 task/s, elapsed: 23s, ETA:    55s[>>>>>>>>                   ] 2326/7824, 99.6 task/s, elapsed: 23s, ETA:    55s[>>>>>>>>                   ] 2327/7824, 99.6 task/s, elapsed: 23s, ETA:    55s[>>>>>>>>                   ] 2328/7824, 99.6 task/s, elapsed: 23s, ETA:    55s[>>>>>>>>                   ] 2329/7824, 99.6 task/s, elapsed: 23s, ETA:    55s[>>>>>>>>                   ] 2330/7824, 99.6 task/s, elapsed: 23s, ETA:    55s[>>>>>>>>                   ] 2331/7824, 99.6 task/s, elapsed: 23s, ETA:    55s[>>>>>>>>                   ] 2332/7824, 99.6 task/s, elapsed: 23s, ETA:    55s[>>>>>>>>                   ] 2333/7824, 99.6 task/s, elapsed: 23s, ETA:    55s[>>>>>>>>                   ] 2334/7824, 99.6 task/s, elapsed: 23s, ETA:    55s[>>>>>>>>                   ] 2335/7824, 99.6 task/s, elapsed: 23s, ETA:    55s[>>>>>>>>                   ] 2336/7824, 99.6 task/s, elapsed: 23s, ETA:    55s[>>>>>>>>                   ] 2337/7824, 99.6 task/s, elapsed: 23s, ETA:    55s[>>>>>>>>                   ] 2338/7824, 99.6 task/s, elapsed: 23s, ETA:    55s[>>>>>>>>                   ] 2339/7824, 99.6 task/s, elapsed: 23s, ETA:    55s[>>>>>>>>                   ] 2340/7824, 99.6 task/s, elapsed: 23s, ETA:    55s[>>>>>>>>                   ] 2341/7824, 99.6 task/s, elapsed: 24s, ETA:    55s[>>>>>>>>                   ] 2342/7824, 99.6 task/s, elapsed: 24s, ETA:    55s[>>>>>>>>                   ] 2343/7824, 99.6 task/s, elapsed: 24s, ETA:    55s[>>>>>>>>                   ] 2344/7824, 99.6 task/s, elapsed: 24s, ETA:    55s[>>>>>>>>                   ] 2345/7824, 99.6 task/s, elapsed: 24s, ETA:    55s[>>>>>>>>                   ] 2346/7824, 99.6 task/s, elapsed: 24s, ETA:    55s[>>>>>>>>                   ] 2347/7824, 99.6 task/s, elapsed: 24s, ETA:    55s[>>>>>>>>                   ] 2348/7824, 99.6 task/s, elapsed: 24s, ETA:    55s[>>>>>>>>                   ] 2349/7824, 99.6 task/s, elapsed: 24s, ETA:    55s[>>>>>>>>                   ] 2350/7824, 99.6 task/s, elapsed: 24s, ETA:    55s[>>>>>>>>                   ] 2351/7824, 99.6 task/s, elapsed: 24s, ETA:    55s[>>>>>>>>                   ] 2352/7824, 99.6 task/s, elapsed: 24s, ETA:    55s[>>>>>>>>                   ] 2353/7824, 99.6 task/s, elapsed: 24s, ETA:    55s[>>>>>>>>                   ] 2354/7824, 99.6 task/s, elapsed: 24s, ETA:    55s[>>>>>>>>                   ] 2355/7824, 99.6 task/s, elapsed: 24s, ETA:    55s[>>>>>>>>                   ] 2356/7824, 99.6 task/s, elapsed: 24s, ETA:    55s[>>>>>>>>                   ] 2357/7824, 99.6 task/s, elapsed: 24s, ETA:    55s[>>>>>>>>                   ] 2358/7824, 99.6 task/s, elapsed: 24s, ETA:    55s[>>>>>>>>                   ] 2359/7824, 99.6 task/s, elapsed: 24s, ETA:    55s[>>>>>>>>                   ] 2360/7824, 99.6 task/s, elapsed: 24s, ETA:    55s[>>>>>>>>                   ] 2361/7824, 99.5 task/s, elapsed: 24s, ETA:    55s[>>>>>>>>                   ] 2362/7824, 99.5 task/s, elapsed: 24s, ETA:    55s[>>>>>>>>                   ] 2363/7824, 99.5 task/s, elapsed: 24s, ETA:    55s[>>>>>>>>                   ] 2364/7824, 99.5 task/s, elapsed: 24s, ETA:    55s[>>>>>>>>                   ] 2365/7824, 99.5 task/s, elapsed: 24s, ETA:    55s[>>>>>>>>                   ] 2366/7824, 99.5 task/s, elapsed: 24s, ETA:    55s[>>>>>>>>                   ] 2367/7824, 99.5 task/s, elapsed: 24s, ETA:    55s[>>>>>>>>                   ] 2368/7824, 99.4 task/s, elapsed: 24s, ETA:    55s[>>>>>>>>                   ] 2369/7824, 99.4 task/s, elapsed: 24s, ETA:    55s[>>>>>>>>                   ] 2370/7824, 99.4 task/s, elapsed: 24s, ETA:    55s[>>>>>>>>                   ] 2371/7824, 99.4 task/s, elapsed: 24s, ETA:    55s[>>>>>>>>                   ] 2372/7824, 99.4 task/s, elapsed: 24s, ETA:    55s[>>>>>>>>                   ] 2373/7824, 99.4 task/s, elapsed: 24s, ETA:    55s[>>>>>>>>                   ] 2374/7824, 99.3 task/s, elapsed: 24s, ETA:    55s[>>>>>>>>                   ] 2375/7824, 99.3 task/s, elapsed: 24s, ETA:    55s[>>>>>>>>                   ] 2376/7824, 99.3 task/s, elapsed: 24s, ETA:    55s[>>>>>>>>                   ] 2377/7824, 99.3 task/s, elapsed: 24s, ETA:    55s[>>>>>>>>                   ] 2378/7824, 99.3 task/s, elapsed: 24s, ETA:    55s[>>>>>>>>                   ] 2379/7824, 99.3 task/s, elapsed: 24s, ETA:    55s[>>>>>>>>                   ] 2380/7824, 99.2 task/s, elapsed: 24s, ETA:    55s[>>>>>>>>                   ] 2381/7824, 99.2 task/s, elapsed: 24s, ETA:    55s[>>>>>>>>                   ] 2382/7824, 99.2 task/s, elapsed: 24s, ETA:    55s[>>>>>>>>                   ] 2383/7824, 99.2 task/s, elapsed: 24s, ETA:    55s[>>>>>>>>                   ] 2384/7824, 99.2 task/s, elapsed: 24s, ETA:    55s[>>>>>>>>                   ] 2385/7824, 99.2 task/s, elapsed: 24s, ETA:    55s[>>>>>>>>                   ] 2386/7824, 99.1 task/s, elapsed: 24s, ETA:    55s[>>>>>>>>                   ] 2387/7824, 99.1 task/s, elapsed: 24s, ETA:    55s[>>>>>>>>                   ] 2388/7824, 99.1 task/s, elapsed: 24s, ETA:    55s[>>>>>>>>                   ] 2389/7824, 99.1 task/s, elapsed: 24s, ETA:    55s[>>>>>>>>                   ] 2390/7824, 99.1 task/s, elapsed: 24s, ETA:    55s[>>>>>>>>                   ] 2391/7824, 99.1 task/s, elapsed: 24s, ETA:    55s[>>>>>>>>                   ] 2392/7824, 99.0 task/s, elapsed: 24s, ETA:    55s[>>>>>>>>                   ] 2393/7824, 99.0 task/s, elapsed: 24s, ETA:    55s[>>>>>>>>                   ] 2394/7824, 99.0 task/s, elapsed: 24s, ETA:    55s[>>>>>>>>                   ] 2395/7824, 99.0 task/s, elapsed: 24s, ETA:    55s[>>>>>>>>                   ] 2396/7824, 99.0 task/s, elapsed: 24s, ETA:    55s[>>>>>>>>                   ] 2397/7824, 99.0 task/s, elapsed: 24s, ETA:    55s[>>>>>>>>                   ] 2398/7824, 98.9 task/s, elapsed: 24s, ETA:    55s[>>>>>>>>                   ] 2399/7824, 98.9 task/s, elapsed: 24s, ETA:    55s[>>>>>>>>                   ] 2400/7824, 98.9 task/s, elapsed: 24s, ETA:    55s[>>>>>>>>                   ] 2401/7824, 98.9 task/s, elapsed: 24s, ETA:    55s[>>>>>>>>                   ] 2402/7824, 98.9 task/s, elapsed: 24s, ETA:    55s[>>>>>>>>                   ] 2403/7824, 98.9 task/s, elapsed: 24s, ETA:    55s[>>>>>>>>                   ] 2404/7824, 98.9 task/s, elapsed: 24s, ETA:    55s[>>>>>>>>                   ] 2405/7824, 98.8 task/s, elapsed: 24s, ETA:    55s[>>>>>>>>                   ] 2406/7824, 98.8 task/s, elapsed: 24s, ETA:    55s[>>>>>>>>                   ] 2407/7824, 98.8 task/s, elapsed: 24s, ETA:    55s[>>>>>>>>                   ] 2408/7824, 98.8 task/s, elapsed: 24s, ETA:    55s[>>>>>>>>                   ] 2409/7824, 98.8 task/s, elapsed: 24s, ETA:    55s[>>>>>>>>                   ] 2410/7824, 98.8 task/s, elapsed: 24s, ETA:    55s[>>>>>>>>                   ] 2411/7824, 98.7 task/s, elapsed: 24s, ETA:    55s[>>>>>>>>                   ] 2412/7824, 98.7 task/s, elapsed: 24s, ETA:    55s[>>>>>>>>                   ] 2413/7824, 98.7 task/s, elapsed: 24s, ETA:    55s[>>>>>>>>                   ] 2414/7824, 98.7 task/s, elapsed: 24s, ETA:    55s[>>>>>>>>                   ] 2415/7824, 98.7 task/s, elapsed: 24s, ETA:    55s[>>>>>>>>                   ] 2416/7824, 98.7 task/s, elapsed: 24s, ETA:    55s[>>>>>>>>                   ] 2417/7824, 98.7 task/s, elapsed: 24s, ETA:    55s[>>>>>>>>                   ] 2418/7824, 98.7 task/s, elapsed: 25s, ETA:    55s[>>>>>>>>                   ] 2419/7824, 98.7 task/s, elapsed: 25s, ETA:    55s[>>>>>>>>                   ] 2420/7824, 98.7 task/s, elapsed: 25s, ETA:    55s[>>>>>>>>                   ] 2421/7824, 98.7 task/s, elapsed: 25s, ETA:    55s[>>>>>>>>                   ] 2422/7824, 98.7 task/s, elapsed: 25s, ETA:    55s[>>>>>>>>                   ] 2423/7824, 98.7 task/s, elapsed: 25s, ETA:    55s[>>>>>>>>                   ] 2424/7824, 98.7 task/s, elapsed: 25s, ETA:    55s[>>>>>>>>                   ] 2425/7824, 98.7 task/s, elapsed: 25s, ETA:    55s[>>>>>>>>                   ] 2426/7824, 98.7 task/s, elapsed: 25s, ETA:    55s[>>>>>>>>                   ] 2427/7824, 98.7 task/s, elapsed: 25s, ETA:    55s[>>>>>>>>                   ] 2428/7824, 98.7 task/s, elapsed: 25s, ETA:    55s[>>>>>>>>                   ] 2429/7824, 98.7 task/s, elapsed: 25s, ETA:    55s[>>>>>>>>                   ] 2430/7824, 98.7 task/s, elapsed: 25s, ETA:    55s[>>>>>>>>                   ] 2431/7824, 98.7 task/s, elapsed: 25s, ETA:    55s[>>>>>>>>                   ] 2432/7824, 98.7 task/s, elapsed: 25s, ETA:    55s[>>>>>>>>                   ] 2433/7824, 98.7 task/s, elapsed: 25s, ETA:    55s[>>>>>>>>                   ] 2434/7824, 98.7 task/s, elapsed: 25s, ETA:    55s[>>>>>>>>                   ] 2435/7824, 98.7 task/s, elapsed: 25s, ETA:    55s[>>>>>>>>                   ] 2436/7824, 98.7 task/s, elapsed: 25s, ETA:    55s[>>>>>>>>                   ] 2437/7824, 98.7 task/s, elapsed: 25s, ETA:    55s[>>>>>>>>                   ] 2438/7824, 98.7 task/s, elapsed: 25s, ETA:    55s[>>>>>>>>                   ] 2439/7824, 98.7 task/s, elapsed: 25s, ETA:    55s[>>>>>>>>                   ] 2440/7824, 98.7 task/s, elapsed: 25s, ETA:    55s[>>>>>>>>                   ] 2441/7824, 98.7 task/s, elapsed: 25s, ETA:    55s[>>>>>>>>                   ] 2442/7824, 98.7 task/s, elapsed: 25s, ETA:    55s[>>>>>>>>                   ] 2443/7824, 98.7 task/s, elapsed: 25s, ETA:    55s[>>>>>>>>                   ] 2444/7824, 98.7 task/s, elapsed: 25s, ETA:    54s[>>>>>>>>                   ] 2445/7824, 98.7 task/s, elapsed: 25s, ETA:    54s[>>>>>>>>                   ] 2446/7824, 98.7 task/s, elapsed: 25s, ETA:    54s[>>>>>>>>                   ] 2447/7824, 98.7 task/s, elapsed: 25s, ETA:    54s[>>>>>>>>                   ] 2448/7824, 98.7 task/s, elapsed: 25s, ETA:    54s[>>>>>>>>                   ] 2449/7824, 98.7 task/s, elapsed: 25s, ETA:    54s[>>>>>>>>                   ] 2450/7824, 98.7 task/s, elapsed: 25s, ETA:    54s[>>>>>>>>                   ] 2451/7824, 98.7 task/s, elapsed: 25s, ETA:    54s[>>>>>>>>                   ] 2452/7824, 98.7 task/s, elapsed: 25s, ETA:    54s[>>>>>>>>                   ] 2453/7824, 98.8 task/s, elapsed: 25s, ETA:    54s[>>>>>>>>                   ] 2454/7824, 98.8 task/s, elapsed: 25s, ETA:    54s[>>>>>>>>                   ] 2455/7824, 98.8 task/s, elapsed: 25s, ETA:    54s[>>>>>>>>                   ] 2456/7824, 98.8 task/s, elapsed: 25s, ETA:    54s[>>>>>>>>                   ] 2457/7824, 98.8 task/s, elapsed: 25s, ETA:    54s[>>>>>>>>                   ] 2458/7824, 98.8 task/s, elapsed: 25s, ETA:    54s[>>>>>>>>                   ] 2459/7824, 98.8 task/s, elapsed: 25s, ETA:    54s[>>>>>>>>                   ] 2460/7824, 98.8 task/s, elapsed: 25s, ETA:    54s[>>>>>>>>                   ] 2461/7824, 98.8 task/s, elapsed: 25s, ETA:    54s[>>>>>>>>                   ] 2462/7824, 98.8 task/s, elapsed: 25s, ETA:    54s[>>>>>>>>                   ] 2463/7824, 98.8 task/s, elapsed: 25s, ETA:    54s[>>>>>>>>                   ] 2464/7824, 98.8 task/s, elapsed: 25s, ETA:    54s[>>>>>>>>                   ] 2465/7824, 98.8 task/s, elapsed: 25s, ETA:    54s[>>>>>>>>                   ] 2466/7824, 98.8 task/s, elapsed: 25s, ETA:    54s[>>>>>>>>                   ] 2467/7824, 98.8 task/s, elapsed: 25s, ETA:    54s[>>>>>>>>                   ] 2468/7824, 98.8 task/s, elapsed: 25s, ETA:    54s[>>>>>>>>                   ] 2469/7824, 98.8 task/s, elapsed: 25s, ETA:    54s[>>>>>>>>                   ] 2470/7824, 98.8 task/s, elapsed: 25s, ETA:    54s[>>>>>>>>                   ] 2471/7824, 98.8 task/s, elapsed: 25s, ETA:    54s[>>>>>>>>                   ] 2472/7824, 98.8 task/s, elapsed: 25s, ETA:    54s[>>>>>>>>                   ] 2473/7824, 98.8 task/s, elapsed: 25s, ETA:    54s[>>>>>>>>                   ] 2474/7824, 98.8 task/s, elapsed: 25s, ETA:    54s[>>>>>>>>                   ] 2475/7824, 98.8 task/s, elapsed: 25s, ETA:    54s[>>>>>>>>                   ] 2476/7824, 98.8 task/s, elapsed: 25s, ETA:    54s[>>>>>>>>                   ] 2477/7824, 98.8 task/s, elapsed: 25s, ETA:    54s[>>>>>>>>                   ] 2478/7824, 98.8 task/s, elapsed: 25s, ETA:    54s[>>>>>>>>                   ] 2479/7824, 98.8 task/s, elapsed: 25s, ETA:    54s[>>>>>>>>                   ] 2480/7824, 98.8 task/s, elapsed: 25s, ETA:    54s[>>>>>>>>                   ] 2481/7824, 98.8 task/s, elapsed: 25s, ETA:    54s[>>>>>>>>                   ] 2482/7824, 98.8 task/s, elapsed: 25s, ETA:    54s[>>>>>>>>                   ] 2483/7824, 98.8 task/s, elapsed: 25s, ETA:    54s[>>>>>>>>                   ] 2484/7824, 98.8 task/s, elapsed: 25s, ETA:    54s[>>>>>>>>                   ] 2485/7824, 98.8 task/s, elapsed: 25s, ETA:    54s[>>>>>>>>                   ] 2486/7824, 98.8 task/s, elapsed: 25s, ETA:    54s[>>>>>>>>                   ] 2487/7824, 98.8 task/s, elapsed: 25s, ETA:    54s[>>>>>>>>                   ] 2488/7824, 98.8 task/s, elapsed: 25s, ETA:    54s[>>>>>>>>                   ] 2489/7824, 98.8 task/s, elapsed: 25s, ETA:    54s[>>>>>>>>                   ] 2490/7824, 98.8 task/s, elapsed: 25s, ETA:    54s[>>>>>>>>                   ] 2491/7824, 98.9 task/s, elapsed: 25s, ETA:    54s[>>>>>>>>                   ] 2492/7824, 98.9 task/s, elapsed: 25s, ETA:    54s[>>>>>>>>                   ] 2493/7824, 98.9 task/s, elapsed: 25s, ETA:    54s[>>>>>>>>                   ] 2494/7824, 98.9 task/s, elapsed: 25s, ETA:    54s[>>>>>>>>                   ] 2495/7824, 98.9 task/s, elapsed: 25s, ETA:    54s[>>>>>>>>                   ] 2496/7824, 98.9 task/s, elapsed: 25s, ETA:    54s[>>>>>>>>                   ] 2497/7824, 98.9 task/s, elapsed: 25s, ETA:    54s[>>>>>>>>                   ] 2498/7824, 98.9 task/s, elapsed: 25s, ETA:    54s[>>>>>>>>                   ] 2499/7824, 98.9 task/s, elapsed: 25s, ETA:    54s[>>>>>>>>                   ] 2500/7824, 98.9 task/s, elapsed: 25s, ETA:    54s[>>>>>>>>                   ] 2501/7824, 98.9 task/s, elapsed: 25s, ETA:    54s[>>>>>>>>                   ] 2502/7824, 98.9 task/s, elapsed: 25s, ETA:    54s[>>>>>>>>                   ] 2503/7824, 98.9 task/s, elapsed: 25s, ETA:    54s[>>>>>>>>                   ] 2504/7824, 98.9 task/s, elapsed: 25s, ETA:    54s[>>>>>>>>                   ] 2505/7824, 98.9 task/s, elapsed: 25s, ETA:    54s[>>>>>>>>                   ] 2506/7824, 98.9 task/s, elapsed: 25s, ETA:    54s[>>>>>>>>                   ] 2507/7824, 98.9 task/s, elapsed: 25s, ETA:    54s[>>>>>>>>                   ] 2508/7824, 98.9 task/s, elapsed: 25s, ETA:    54s[>>>>>>>>                   ] 2509/7824, 98.9 task/s, elapsed: 25s, ETA:    54s[>>>>>>>>                   ] 2510/7824, 98.9 task/s, elapsed: 25s, ETA:    54s[>>>>>>>>                   ] 2511/7824, 98.9 task/s, elapsed: 25s, ETA:    54s[>>>>>>>>                   ] 2512/7824, 98.9 task/s, elapsed: 25s, ETA:    54s[>>>>>>>>                   ] 2513/7824, 98.9 task/s, elapsed: 25s, ETA:    54s[>>>>>>>>                   ] 2514/7824, 98.9 task/s, elapsed: 25s, ETA:    54s[>>>>>>>>                   ] 2515/7824, 98.9 task/s, elapsed: 25s, ETA:    54s[>>>>>>>>                   ] 2516/7824, 98.9 task/s, elapsed: 25s, ETA:    54s[>>>>>>>>                   ] 2517/7824, 98.9 task/s, elapsed: 25s, ETA:    54s[>>>>>>>>                   ] 2518/7824, 98.9 task/s, elapsed: 25s, ETA:    54s[>>>>>>>>                   ] 2519/7824, 98.9 task/s, elapsed: 25s, ETA:    54s[>>>>>>>>                   ] 2520/7824, 98.9 task/s, elapsed: 25s, ETA:    54s[>>>>>>>>                   ] 2521/7824, 98.9 task/s, elapsed: 25s, ETA:    54s[>>>>>>>>                   ] 2522/7824, 98.9 task/s, elapsed: 25s, ETA:    54s[>>>>>>>>                   ] 2523/7824, 98.9 task/s, elapsed: 26s, ETA:    54s[>>>>>>>>                   ] 2524/7824, 98.9 task/s, elapsed: 26s, ETA:    54s[>>>>>>>>                   ] 2525/7824, 98.9 task/s, elapsed: 26s, ETA:    54s[>>>>>>>>                   ] 2526/7824, 98.9 task/s, elapsed: 26s, ETA:    54s[>>>>>>>>                   ] 2527/7824, 98.9 task/s, elapsed: 26s, ETA:    54s[>>>>>>>>                   ] 2528/7824, 98.9 task/s, elapsed: 26s, ETA:    54s[>>>>>>>>                   ] 2529/7824, 98.9 task/s, elapsed: 26s, ETA:    54s[>>>>>>>>                   ] 2530/7824, 98.9 task/s, elapsed: 26s, ETA:    54s[>>>>>>>>                   ] 2531/7824, 99.0 task/s, elapsed: 26s, ETA:    53s[>>>>>>>>                   ] 2532/7824, 99.0 task/s, elapsed: 26s, ETA:    53s[>>>>>>>>                   ] 2533/7824, 99.0 task/s, elapsed: 26s, ETA:    53s[>>>>>>>>                   ] 2534/7824, 99.0 task/s, elapsed: 26s, ETA:    53s[>>>>>>>>                   ] 2535/7824, 99.0 task/s, elapsed: 26s, ETA:    53s[>>>>>>>>                   ] 2536/7824, 99.0 task/s, elapsed: 26s, ETA:    53s[>>>>>>>>                   ] 2537/7824, 99.0 task/s, elapsed: 26s, ETA:    53s[>>>>>>>>                   ] 2538/7824, 99.0 task/s, elapsed: 26s, ETA:    53s[>>>>>>>>                   ] 2539/7824, 99.0 task/s, elapsed: 26s, ETA:    53s[>>>>>>>>                   ] 2540/7824, 99.0 task/s, elapsed: 26s, ETA:    53s[>>>>>>>>                   ] 2541/7824, 99.0 task/s, elapsed: 26s, ETA:    53s[>>>>>>>>                   ] 2542/7824, 99.0 task/s, elapsed: 26s, ETA:    53s[>>>>>>>>                   ] 2543/7824, 99.0 task/s, elapsed: 26s, ETA:    53s[>>>>>>>>                   ] 2544/7824, 99.0 task/s, elapsed: 26s, ETA:    53s[>>>>>>>>                   ] 2545/7824, 99.0 task/s, elapsed: 26s, ETA:    53s[>>>>>>>>                   ] 2546/7824, 99.0 task/s, elapsed: 26s, ETA:    53s[>>>>>>>>                   ] 2547/7824, 99.0 task/s, elapsed: 26s, ETA:    53s[>>>>>>>>                   ] 2548/7824, 99.0 task/s, elapsed: 26s, ETA:    53s[>>>>>>>>                   ] 2549/7824, 99.0 task/s, elapsed: 26s, ETA:    53s[>>>>>>>>                   ] 2550/7824, 99.0 task/s, elapsed: 26s, ETA:    53s[>>>>>>>>                   ] 2551/7824, 99.0 task/s, elapsed: 26s, ETA:    53s[>>>>>>>>                   ] 2552/7824, 99.0 task/s, elapsed: 26s, ETA:    53s[>>>>>>>>                   ] 2553/7824, 99.0 task/s, elapsed: 26s, ETA:    53s[>>>>>>>>                   ] 2554/7824, 99.0 task/s, elapsed: 26s, ETA:    53s[>>>>>>>>                   ] 2555/7824, 99.0 task/s, elapsed: 26s, ETA:    53s[>>>>>>>>                   ] 2556/7824, 99.0 task/s, elapsed: 26s, ETA:    53s[>>>>>>>>                   ] 2557/7824, 99.0 task/s, elapsed: 26s, ETA:    53s[>>>>>>>>                   ] 2558/7824, 99.0 task/s, elapsed: 26s, ETA:    53s[>>>>>>>>                   ] 2559/7824, 99.0 task/s, elapsed: 26s, ETA:    53s[>>>>>>>>                   ] 2560/7824, 99.0 task/s, elapsed: 26s, ETA:    53s[>>>>>>>>                   ] 2561/7824, 99.0 task/s, elapsed: 26s, ETA:    53s[>>>>>>>>                   ] 2562/7824, 99.0 task/s, elapsed: 26s, ETA:    53s[>>>>>>>>                   ] 2563/7824, 99.0 task/s, elapsed: 26s, ETA:    53s[>>>>>>>>                   ] 2564/7824, 99.0 task/s, elapsed: 26s, ETA:    53s[>>>>>>>>                   ] 2565/7824, 99.0 task/s, elapsed: 26s, ETA:    53s[>>>>>>>>                   ] 2566/7824, 99.0 task/s, elapsed: 26s, ETA:    53s[>>>>>>>>                   ] 2567/7824, 99.0 task/s, elapsed: 26s, ETA:    53s[>>>>>>>>                   ] 2568/7824, 99.0 task/s, elapsed: 26s, ETA:    53s[>>>>>>>>                   ] 2569/7824, 99.0 task/s, elapsed: 26s, ETA:    53s[>>>>>>>>                   ] 2570/7824, 99.1 task/s, elapsed: 26s, ETA:    53s[>>>>>>>>                   ] 2571/7824, 99.1 task/s, elapsed: 26s, ETA:    53s[>>>>>>>>                   ] 2572/7824, 99.1 task/s, elapsed: 26s, ETA:    53s[>>>>>>>>                   ] 2573/7824, 99.1 task/s, elapsed: 26s, ETA:    53s[>>>>>>>>                   ] 2574/7824, 99.1 task/s, elapsed: 26s, ETA:    53s[>>>>>>>>                   ] 2575/7824, 99.1 task/s, elapsed: 26s, ETA:    53s[>>>>>>>>                   ] 2576/7824, 99.1 task/s, elapsed: 26s, ETA:    53s[>>>>>>>>                   ] 2577/7824, 99.1 task/s, elapsed: 26s, ETA:    53s[>>>>>>>>                   ] 2578/7824, 99.1 task/s, elapsed: 26s, ETA:    53s[>>>>>>>>                   ] 2579/7824, 99.1 task/s, elapsed: 26s, ETA:    53s[>>>>>>>>                   ] 2580/7824, 99.1 task/s, elapsed: 26s, ETA:    53s[>>>>>>>>                   ] 2581/7824, 99.1 task/s, elapsed: 26s, ETA:    53s[>>>>>>>>                   ] 2582/7824, 99.1 task/s, elapsed: 26s, ETA:    53s[>>>>>>>>                   ] 2583/7824, 99.1 task/s, elapsed: 26s, ETA:    53s[>>>>>>>>                   ] 2584/7824, 99.1 task/s, elapsed: 26s, ETA:    53s[>>>>>>>>                   ] 2585/7824, 99.1 task/s, elapsed: 26s, ETA:    53s[>>>>>>>>                   ] 2586/7824, 99.1 task/s, elapsed: 26s, ETA:    53s[>>>>>>>>                   ] 2587/7824, 99.1 task/s, elapsed: 26s, ETA:    53s[>>>>>>>>                   ] 2588/7824, 99.1 task/s, elapsed: 26s, ETA:    53s[>>>>>>>>                   ] 2589/7824, 99.1 task/s, elapsed: 26s, ETA:    53s[>>>>>>>>                   ] 2590/7824, 99.1 task/s, elapsed: 26s, ETA:    53s[>>>>>>>>                   ] 2591/7824, 99.1 task/s, elapsed: 26s, ETA:    53s[>>>>>>>>                   ] 2592/7824, 99.1 task/s, elapsed: 26s, ETA:    53s[>>>>>>>>                   ] 2593/7824, 99.1 task/s, elapsed: 26s, ETA:    53s[>>>>>>>>                   ] 2594/7824, 99.1 task/s, elapsed: 26s, ETA:    53s[>>>>>>>>                   ] 2595/7824, 99.1 task/s, elapsed: 26s, ETA:    53s[>>>>>>>>                   ] 2596/7824, 99.1 task/s, elapsed: 26s, ETA:    53s[>>>>>>>>                   ] 2597/7824, 99.1 task/s, elapsed: 26s, ETA:    53s[>>>>>>>>                   ] 2598/7824, 99.1 task/s, elapsed: 26s, ETA:    53s[>>>>>>>>                   ] 2599/7824, 99.1 task/s, elapsed: 26s, ETA:    53s[>>>>>>>>                   ] 2600/7824, 99.1 task/s, elapsed: 26s, ETA:    53s[>>>>>>>>                   ] 2601/7824, 99.1 task/s, elapsed: 26s, ETA:    53s[>>>>>>>>                   ] 2602/7824, 99.1 task/s, elapsed: 26s, ETA:    53s[>>>>>>>>                   ] 2603/7824, 99.1 task/s, elapsed: 26s, ETA:    53s[>>>>>>>>                   ] 2604/7824, 99.2 task/s, elapsed: 26s, ETA:    53s[>>>>>>>>                   ] 2605/7824, 99.2 task/s, elapsed: 26s, ETA:    53s[>>>>>>>>                   ] 2606/7824, 99.2 task/s, elapsed: 26s, ETA:    53s[>>>>>>>>                   ] 2607/7824, 99.2 task/s, elapsed: 26s, ETA:    53s[>>>>>>>>>                  ] 2608/7824, 99.2 task/s, elapsed: 26s, ETA:    53s[>>>>>>>>>                  ] 2609/7824, 99.2 task/s, elapsed: 26s, ETA:    53s[>>>>>>>>>                  ] 2610/7824, 99.2 task/s, elapsed: 26s, ETA:    53s[>>>>>>>>>                  ] 2611/7824, 99.2 task/s, elapsed: 26s, ETA:    53s[>>>>>>>>>                  ] 2612/7824, 99.2 task/s, elapsed: 26s, ETA:    53s[>>>>>>>>>                  ] 2613/7824, 99.2 task/s, elapsed: 26s, ETA:    53s[>>>>>>>>>                  ] 2614/7824, 99.2 task/s, elapsed: 26s, ETA:    53s[>>>>>>>>>                  ] 2615/7824, 99.2 task/s, elapsed: 26s, ETA:    53s[>>>>>>>>>                  ] 2616/7824, 99.2 task/s, elapsed: 26s, ETA:    53s[>>>>>>>>>                  ] 2617/7824, 99.2 task/s, elapsed: 26s, ETA:    53s[>>>>>>>>>                  ] 2618/7824, 99.2 task/s, elapsed: 26s, ETA:    52s[>>>>>>>>>                  ] 2619/7824, 99.2 task/s, elapsed: 26s, ETA:    52s[>>>>>>>>>                  ] 2620/7824, 99.2 task/s, elapsed: 26s, ETA:    52s[>>>>>>>>>                  ] 2621/7824, 99.2 task/s, elapsed: 26s, ETA:    52s[>>>>>>>>>                  ] 2622/7824, 99.2 task/s, elapsed: 26s, ETA:    52s[>>>>>>>>>                  ] 2623/7824, 99.2 task/s, elapsed: 26s, ETA:    52s[>>>>>>>>>                  ] 2624/7824, 99.2 task/s, elapsed: 26s, ETA:    52s[>>>>>>>>>                  ] 2625/7824, 99.2 task/s, elapsed: 26s, ETA:    52s[>>>>>>>>>                  ] 2626/7824, 99.2 task/s, elapsed: 26s, ETA:    52s[>>>>>>>>>                  ] 2627/7824, 99.2 task/s, elapsed: 26s, ETA:    52s[>>>>>>>>>                  ] 2628/7824, 99.2 task/s, elapsed: 26s, ETA:    52s[>>>>>>>>>                  ] 2629/7824, 99.2 task/s, elapsed: 27s, ETA:    52s[>>>>>>>>>                  ] 2630/7824, 99.2 task/s, elapsed: 27s, ETA:    52s[>>>>>>>>>                  ] 2631/7824, 99.2 task/s, elapsed: 27s, ETA:    52s[>>>>>>>>>                  ] 2632/7824, 99.2 task/s, elapsed: 27s, ETA:    52s[>>>>>>>>>                  ] 2633/7824, 99.2 task/s, elapsed: 27s, ETA:    52s[>>>>>>>>>                  ] 2634/7824, 99.2 task/s, elapsed: 27s, ETA:    52s[>>>>>>>>>                  ] 2635/7824, 99.2 task/s, elapsed: 27s, ETA:    52s[>>>>>>>>>                  ] 2636/7824, 99.2 task/s, elapsed: 27s, ETA:    52s[>>>>>>>>>                  ] 2637/7824, 99.2 task/s, elapsed: 27s, ETA:    52s[>>>>>>>>>                  ] 2638/7824, 99.2 task/s, elapsed: 27s, ETA:    52s[>>>>>>>>>                  ] 2639/7824, 99.2 task/s, elapsed: 27s, ETA:    52s[>>>>>>>>>                  ] 2640/7824, 99.2 task/s, elapsed: 27s, ETA:    52s[>>>>>>>>>                  ] 2641/7824, 99.2 task/s, elapsed: 27s, ETA:    52s[>>>>>>>>>                  ] 2642/7824, 99.2 task/s, elapsed: 27s, ETA:    52s[>>>>>>>>>                  ] 2643/7824, 99.3 task/s, elapsed: 27s, ETA:    52s[>>>>>>>>>                  ] 2644/7824, 99.3 task/s, elapsed: 27s, ETA:    52s[>>>>>>>>>                  ] 2645/7824, 99.3 task/s, elapsed: 27s, ETA:    52s[>>>>>>>>>                  ] 2646/7824, 99.3 task/s, elapsed: 27s, ETA:    52s[>>>>>>>>>                  ] 2647/7824, 99.3 task/s, elapsed: 27s, ETA:    52s[>>>>>>>>>                  ] 2648/7824, 99.3 task/s, elapsed: 27s, ETA:    52s[>>>>>>>>>                  ] 2649/7824, 99.3 task/s, elapsed: 27s, ETA:    52s[>>>>>>>>>                  ] 2650/7824, 99.3 task/s, elapsed: 27s, ETA:    52s[>>>>>>>>>                  ] 2651/7824, 99.3 task/s, elapsed: 27s, ETA:    52s[>>>>>>>>>                  ] 2652/7824, 99.3 task/s, elapsed: 27s, ETA:    52s[>>>>>>>>>                  ] 2653/7824, 99.3 task/s, elapsed: 27s, ETA:    52s[>>>>>>>>>                  ] 2654/7824, 99.3 task/s, elapsed: 27s, ETA:    52s[>>>>>>>>>                  ] 2655/7824, 99.3 task/s, elapsed: 27s, ETA:    52s[>>>>>>>>>                  ] 2656/7824, 99.3 task/s, elapsed: 27s, ETA:    52s[>>>>>>>>>                  ] 2657/7824, 99.3 task/s, elapsed: 27s, ETA:    52s[>>>>>>>>>                  ] 2658/7824, 99.3 task/s, elapsed: 27s, ETA:    52s[>>>>>>>>>                  ] 2659/7824, 99.3 task/s, elapsed: 27s, ETA:    52s[>>>>>>>>>                  ] 2660/7824, 99.3 task/s, elapsed: 27s, ETA:    52s[>>>>>>>>>                  ] 2661/7824, 99.3 task/s, elapsed: 27s, ETA:    52s[>>>>>>>>>                  ] 2662/7824, 99.3 task/s, elapsed: 27s, ETA:    52s[>>>>>>>>>                  ] 2663/7824, 99.3 task/s, elapsed: 27s, ETA:    52s[>>>>>>>>>                  ] 2664/7824, 99.3 task/s, elapsed: 27s, ETA:    52s[>>>>>>>>>                  ] 2665/7824, 99.3 task/s, elapsed: 27s, ETA:    52s[>>>>>>>>>                  ] 2666/7824, 99.3 task/s, elapsed: 27s, ETA:    52s[>>>>>>>>>                  ] 2667/7824, 99.3 task/s, elapsed: 27s, ETA:    52s[>>>>>>>>>                  ] 2668/7824, 99.3 task/s, elapsed: 27s, ETA:    52s[>>>>>>>>>                  ] 2669/7824, 99.3 task/s, elapsed: 27s, ETA:    52s[>>>>>>>>>                  ] 2670/7824, 99.3 task/s, elapsed: 27s, ETA:    52s[>>>>>>>>>                  ] 2671/7824, 99.3 task/s, elapsed: 27s, ETA:    52s[>>>>>>>>>                  ] 2672/7824, 99.3 task/s, elapsed: 27s, ETA:    52s[>>>>>>>>>                  ] 2673/7824, 99.3 task/s, elapsed: 27s, ETA:    52s[>>>>>>>>>                  ] 2674/7824, 99.3 task/s, elapsed: 27s, ETA:    52s[>>>>>>>>>                  ] 2675/7824, 99.3 task/s, elapsed: 27s, ETA:    52s[>>>>>>>>>                  ] 2676/7824, 99.3 task/s, elapsed: 27s, ETA:    52s[>>>>>>>>>                  ] 2677/7824, 99.3 task/s, elapsed: 27s, ETA:    52s[>>>>>>>>>                  ] 2678/7824, 99.3 task/s, elapsed: 27s, ETA:    52s[>>>>>>>>>                  ] 2679/7824, 99.3 task/s, elapsed: 27s, ETA:    52s[>>>>>>>>>                  ] 2680/7824, 99.3 task/s, elapsed: 27s, ETA:    52s[>>>>>>>>>                  ] 2681/7824, 99.3 task/s, elapsed: 27s, ETA:    52s[>>>>>>>>>                  ] 2682/7824, 99.3 task/s, elapsed: 27s, ETA:    52s[>>>>>>>>>                  ] 2683/7824, 99.3 task/s, elapsed: 27s, ETA:    52s[>>>>>>>>>                  ] 2684/7824, 99.3 task/s, elapsed: 27s, ETA:    52s[>>>>>>>>>                  ] 2685/7824, 99.3 task/s, elapsed: 27s, ETA:    52s[>>>>>>>>>                  ] 2686/7824, 99.3 task/s, elapsed: 27s, ETA:    52s[>>>>>>>>>                  ] 2687/7824, 99.3 task/s, elapsed: 27s, ETA:    52s[>>>>>>>>>                  ] 2688/7824, 99.3 task/s, elapsed: 27s, ETA:    52s[>>>>>>>>>                  ] 2689/7824, 99.3 task/s, elapsed: 27s, ETA:    52s[>>>>>>>>>                  ] 2690/7824, 99.4 task/s, elapsed: 27s, ETA:    52s[>>>>>>>>>                  ] 2691/7824, 99.4 task/s, elapsed: 27s, ETA:    52s[>>>>>>>>>                  ] 2692/7824, 99.4 task/s, elapsed: 27s, ETA:    52s[>>>>>>>>>                  ] 2693/7824, 99.4 task/s, elapsed: 27s, ETA:    52s[>>>>>>>>>                  ] 2694/7824, 99.4 task/s, elapsed: 27s, ETA:    52s[>>>>>>>>>                  ] 2695/7824, 99.4 task/s, elapsed: 27s, ETA:    52s[>>>>>>>>>                  ] 2696/7824, 99.4 task/s, elapsed: 27s, ETA:    52s[>>>>>>>>>                  ] 2697/7824, 99.4 task/s, elapsed: 27s, ETA:    52s[>>>>>>>>>                  ] 2698/7824, 99.4 task/s, elapsed: 27s, ETA:    52s[>>>>>>>>>                  ] 2699/7824, 99.4 task/s, elapsed: 27s, ETA:    52s[>>>>>>>>>                  ] 2700/7824, 99.4 task/s, elapsed: 27s, ETA:    52s[>>>>>>>>>                  ] 2701/7824, 99.4 task/s, elapsed: 27s, ETA:    52s[>>>>>>>>>                  ] 2702/7824, 99.4 task/s, elapsed: 27s, ETA:    52s[>>>>>>>>>                  ] 2703/7824, 99.4 task/s, elapsed: 27s, ETA:    52s[>>>>>>>>>                  ] 2704/7824, 99.4 task/s, elapsed: 27s, ETA:    52s[>>>>>>>>>                  ] 2705/7824, 99.4 task/s, elapsed: 27s, ETA:    52s[>>>>>>>>>                  ] 2706/7824, 99.4 task/s, elapsed: 27s, ETA:    51s[>>>>>>>>>                  ] 2707/7824, 99.4 task/s, elapsed: 27s, ETA:    51s[>>>>>>>>>                  ] 2708/7824, 99.4 task/s, elapsed: 27s, ETA:    51s[>>>>>>>>>                  ] 2709/7824, 99.4 task/s, elapsed: 27s, ETA:    51s[>>>>>>>>>                  ] 2710/7824, 99.4 task/s, elapsed: 27s, ETA:    51s[>>>>>>>>>                  ] 2711/7824, 99.4 task/s, elapsed: 27s, ETA:    51s[>>>>>>>>>                  ] 2712/7824, 99.4 task/s, elapsed: 27s, ETA:    51s[>>>>>>>>>                  ] 2713/7824, 99.4 task/s, elapsed: 27s, ETA:    51s[>>>>>>>>>                  ] 2714/7824, 99.4 task/s, elapsed: 27s, ETA:    51s[>>>>>>>>>                  ] 2715/7824, 99.4 task/s, elapsed: 27s, ETA:    51s[>>>>>>>>>                  ] 2716/7824, 99.4 task/s, elapsed: 27s, ETA:    51s[>>>>>>>>>                  ] 2717/7824, 99.4 task/s, elapsed: 27s, ETA:    51s[>>>>>>>>>                  ] 2718/7824, 99.4 task/s, elapsed: 27s, ETA:    51s[>>>>>>>>>                  ] 2719/7824, 99.4 task/s, elapsed: 27s, ETA:    51s[>>>>>>>>>                  ] 2720/7824, 99.4 task/s, elapsed: 27s, ETA:    51s[>>>>>>>>>                  ] 2721/7824, 99.4 task/s, elapsed: 27s, ETA:    51s[>>>>>>>>>                  ] 2722/7824, 99.4 task/s, elapsed: 27s, ETA:    51s[>>>>>>>>>                  ] 2723/7824, 99.4 task/s, elapsed: 27s, ETA:    51s[>>>>>>>>>                  ] 2724/7824, 99.4 task/s, elapsed: 27s, ETA:    51s[>>>>>>>>>                  ] 2725/7824, 99.4 task/s, elapsed: 27s, ETA:    51s[>>>>>>>>>                  ] 2726/7824, 99.4 task/s, elapsed: 27s, ETA:    51s[>>>>>>>>>                  ] 2727/7824, 99.4 task/s, elapsed: 27s, ETA:    51s[>>>>>>>>>                  ] 2728/7824, 99.4 task/s, elapsed: 27s, ETA:    51s[>>>>>>>>>                  ] 2729/7824, 99.5 task/s, elapsed: 27s, ETA:    51s[>>>>>>>>>                  ] 2730/7824, 99.5 task/s, elapsed: 27s, ETA:    51s[>>>>>>>>>                  ] 2731/7824, 99.5 task/s, elapsed: 27s, ETA:    51s[>>>>>>>>>                  ] 2732/7824, 99.5 task/s, elapsed: 27s, ETA:    51s[>>>>>>>>>                  ] 2733/7824, 99.5 task/s, elapsed: 27s, ETA:    51s[>>>>>>>>>                  ] 2734/7824, 99.5 task/s, elapsed: 27s, ETA:    51s[>>>>>>>>>                  ] 2735/7824, 99.5 task/s, elapsed: 27s, ETA:    51s[>>>>>>>>>                  ] 2736/7824, 99.5 task/s, elapsed: 28s, ETA:    51s[>>>>>>>>>                  ] 2737/7824, 99.5 task/s, elapsed: 28s, ETA:    51s[>>>>>>>>>                  ] 2738/7824, 99.5 task/s, elapsed: 28s, ETA:    51s[>>>>>>>>>                  ] 2739/7824, 99.5 task/s, elapsed: 28s, ETA:    51s[>>>>>>>>>                  ] 2740/7824, 99.5 task/s, elapsed: 28s, ETA:    51s[>>>>>>>>>                  ] 2741/7824, 99.5 task/s, elapsed: 28s, ETA:    51s[>>>>>>>>>                  ] 2742/7824, 99.5 task/s, elapsed: 28s, ETA:    51s[>>>>>>>>>                  ] 2743/7824, 99.5 task/s, elapsed: 28s, ETA:    51s[>>>>>>>>>                  ] 2744/7824, 99.5 task/s, elapsed: 28s, ETA:    51s[>>>>>>>>>                  ] 2745/7824, 99.5 task/s, elapsed: 28s, ETA:    51s[>>>>>>>>>                  ] 2746/7824, 99.5 task/s, elapsed: 28s, ETA:    51s[>>>>>>>>>                  ] 2747/7824, 99.5 task/s, elapsed: 28s, ETA:    51s[>>>>>>>>>                  ] 2748/7824, 99.5 task/s, elapsed: 28s, ETA:    51s[>>>>>>>>>                  ] 2749/7824, 99.5 task/s, elapsed: 28s, ETA:    51s[>>>>>>>>>                  ] 2750/7824, 99.5 task/s, elapsed: 28s, ETA:    51s[>>>>>>>>>                  ] 2751/7824, 99.5 task/s, elapsed: 28s, ETA:    51s[>>>>>>>>>                  ] 2752/7824, 99.5 task/s, elapsed: 28s, ETA:    51s[>>>>>>>>>                  ] 2753/7824, 99.5 task/s, elapsed: 28s, ETA:    51s[>>>>>>>>>                  ] 2754/7824, 99.5 task/s, elapsed: 28s, ETA:    51s[>>>>>>>>>                  ] 2755/7824, 99.5 task/s, elapsed: 28s, ETA:    51s[>>>>>>>>>                  ] 2756/7824, 99.5 task/s, elapsed: 28s, ETA:    51s[>>>>>>>>>                  ] 2757/7824, 99.5 task/s, elapsed: 28s, ETA:    51s[>>>>>>>>>                  ] 2758/7824, 99.5 task/s, elapsed: 28s, ETA:    51s[>>>>>>>>>                  ] 2759/7824, 99.5 task/s, elapsed: 28s, ETA:    51s[>>>>>>>>>                  ] 2760/7824, 99.5 task/s, elapsed: 28s, ETA:    51s[>>>>>>>>>                  ] 2761/7824, 99.5 task/s, elapsed: 28s, ETA:    51s[>>>>>>>>>                  ] 2762/7824, 99.5 task/s, elapsed: 28s, ETA:    51s[>>>>>>>>>                  ] 2763/7824, 99.5 task/s, elapsed: 28s, ETA:    51s[>>>>>>>>>                  ] 2764/7824, 99.5 task/s, elapsed: 28s, ETA:    51s[>>>>>>>>>                  ] 2765/7824, 99.5 task/s, elapsed: 28s, ETA:    51s[>>>>>>>>>                  ] 2766/7824, 99.5 task/s, elapsed: 28s, ETA:    51s[>>>>>>>>>                  ] 2767/7824, 99.5 task/s, elapsed: 28s, ETA:    51s[>>>>>>>>>                  ] 2768/7824, 99.5 task/s, elapsed: 28s, ETA:    51s[>>>>>>>>>                  ] 2769/7824, 99.6 task/s, elapsed: 28s, ETA:    51s[>>>>>>>>>                  ] 2770/7824, 99.6 task/s, elapsed: 28s, ETA:    51s[>>>>>>>>>                  ] 2771/7824, 99.6 task/s, elapsed: 28s, ETA:    51s[>>>>>>>>>                  ] 2772/7824, 99.6 task/s, elapsed: 28s, ETA:    51s[>>>>>>>>>                  ] 2773/7824, 99.6 task/s, elapsed: 28s, ETA:    51s[>>>>>>>>>                  ] 2774/7824, 99.6 task/s, elapsed: 28s, ETA:    51s[>>>>>>>>>                  ] 2775/7824, 99.6 task/s, elapsed: 28s, ETA:    51s[>>>>>>>>>                  ] 2776/7824, 99.6 task/s, elapsed: 28s, ETA:    51s[>>>>>>>>>                  ] 2777/7824, 99.6 task/s, elapsed: 28s, ETA:    51s[>>>>>>>>>                  ] 2778/7824, 99.6 task/s, elapsed: 28s, ETA:    51s[>>>>>>>>>                  ] 2779/7824, 99.6 task/s, elapsed: 28s, ETA:    51s[>>>>>>>>>                  ] 2780/7824, 99.6 task/s, elapsed: 28s, ETA:    51s[>>>>>>>>>                  ] 2781/7824, 99.6 task/s, elapsed: 28s, ETA:    51s[>>>>>>>>>                  ] 2782/7824, 99.6 task/s, elapsed: 28s, ETA:    51s[>>>>>>>>>                  ] 2783/7824, 99.6 task/s, elapsed: 28s, ETA:    51s[>>>>>>>>>                  ] 2784/7824, 99.6 task/s, elapsed: 28s, ETA:    51s[>>>>>>>>>                  ] 2785/7824, 99.6 task/s, elapsed: 28s, ETA:    51s[>>>>>>>>>                  ] 2786/7824, 99.6 task/s, elapsed: 28s, ETA:    51s[>>>>>>>>>                  ] 2787/7824, 99.6 task/s, elapsed: 28s, ETA:    51s[>>>>>>>>>                  ] 2788/7824, 99.6 task/s, elapsed: 28s, ETA:    51s[>>>>>>>>>                  ] 2789/7824, 99.6 task/s, elapsed: 28s, ETA:    51s[>>>>>>>>>                  ] 2790/7824, 99.6 task/s, elapsed: 28s, ETA:    51s[>>>>>>>>>                  ] 2791/7824, 99.6 task/s, elapsed: 28s, ETA:    51s[>>>>>>>>>                  ] 2792/7824, 99.6 task/s, elapsed: 28s, ETA:    51s[>>>>>>>>>                  ] 2793/7824, 99.6 task/s, elapsed: 28s, ETA:    51s[>>>>>>>>>                  ] 2794/7824, 99.6 task/s, elapsed: 28s, ETA:    50s[>>>>>>>>>                  ] 2795/7824, 99.6 task/s, elapsed: 28s, ETA:    50s[>>>>>>>>>                  ] 2796/7824, 99.6 task/s, elapsed: 28s, ETA:    50s[>>>>>>>>>                  ] 2797/7824, 99.6 task/s, elapsed: 28s, ETA:    50s[>>>>>>>>>                  ] 2798/7824, 99.6 task/s, elapsed: 28s, ETA:    50s[>>>>>>>>>                  ] 2799/7824, 99.6 task/s, elapsed: 28s, ETA:    50s[>>>>>>>>>                  ] 2800/7824, 99.6 task/s, elapsed: 28s, ETA:    50s[>>>>>>>>>                  ] 2801/7824, 99.6 task/s, elapsed: 28s, ETA:    50s[>>>>>>>>>                  ] 2802/7824, 99.6 task/s, elapsed: 28s, ETA:    50s[>>>>>>>>>                  ] 2803/7824, 99.6 task/s, elapsed: 28s, ETA:    50s[>>>>>>>>>                  ] 2804/7824, 99.6 task/s, elapsed: 28s, ETA:    50s[>>>>>>>>>                  ] 2805/7824, 99.6 task/s, elapsed: 28s, ETA:    50s[>>>>>>>>>                  ] 2806/7824, 99.6 task/s, elapsed: 28s, ETA:    50s[>>>>>>>>>                  ] 2807/7824, 99.7 task/s, elapsed: 28s, ETA:    50s[>>>>>>>>>                  ] 2808/7824, 99.7 task/s, elapsed: 28s, ETA:    50s[>>>>>>>>>                  ] 2809/7824, 99.7 task/s, elapsed: 28s, ETA:    50s[>>>>>>>>>                  ] 2810/7824, 99.7 task/s, elapsed: 28s, ETA:    50s[>>>>>>>>>                  ] 2811/7824, 99.7 task/s, elapsed: 28s, ETA:    50s[>>>>>>>>>                  ] 2812/7824, 99.7 task/s, elapsed: 28s, ETA:    50s[>>>>>>>>>                  ] 2813/7824, 99.7 task/s, elapsed: 28s, ETA:    50s[>>>>>>>>>                  ] 2814/7824, 99.7 task/s, elapsed: 28s, ETA:    50s[>>>>>>>>>                  ] 2815/7824, 99.7 task/s, elapsed: 28s, ETA:    50s[>>>>>>>>>                  ] 2816/7824, 99.7 task/s, elapsed: 28s, ETA:    50s[>>>>>>>>>                  ] 2817/7824, 99.7 task/s, elapsed: 28s, ETA:    50s[>>>>>>>>>                  ] 2818/7824, 99.7 task/s, elapsed: 28s, ETA:    50s[>>>>>>>>>                  ] 2819/7824, 99.7 task/s, elapsed: 28s, ETA:    50s[>>>>>>>>>                  ] 2820/7824, 99.7 task/s, elapsed: 28s, ETA:    50s[>>>>>>>>>                  ] 2821/7824, 99.7 task/s, elapsed: 28s, ETA:    50s[>>>>>>>>>                  ] 2822/7824, 99.7 task/s, elapsed: 28s, ETA:    50s[>>>>>>>>>                  ] 2823/7824, 99.7 task/s, elapsed: 28s, ETA:    50s[>>>>>>>>>                  ] 2824/7824, 99.7 task/s, elapsed: 28s, ETA:    50s[>>>>>>>>>                  ] 2825/7824, 99.7 task/s, elapsed: 28s, ETA:    50s[>>>>>>>>>                  ] 2826/7824, 99.7 task/s, elapsed: 28s, ETA:    50s[>>>>>>>>>                  ] 2827/7824, 99.7 task/s, elapsed: 28s, ETA:    50s[>>>>>>>>>                  ] 2828/7824, 99.7 task/s, elapsed: 28s, ETA:    50s[>>>>>>>>>                  ] 2829/7824, 99.7 task/s, elapsed: 28s, ETA:    50s[>>>>>>>>>                  ] 2830/7824, 99.7 task/s, elapsed: 28s, ETA:    50s[>>>>>>>>>                  ] 2831/7824, 99.7 task/s, elapsed: 28s, ETA:    50s[>>>>>>>>>                  ] 2832/7824, 99.7 task/s, elapsed: 28s, ETA:    50s[>>>>>>>>>                  ] 2833/7824, 99.7 task/s, elapsed: 28s, ETA:    50s[>>>>>>>>>                  ] 2834/7824, 99.7 task/s, elapsed: 28s, ETA:    50s[>>>>>>>>>                  ] 2835/7824, 99.7 task/s, elapsed: 28s, ETA:    50s[>>>>>>>>>                  ] 2836/7824, 99.7 task/s, elapsed: 28s, ETA:    50s[>>>>>>>>>                  ] 2837/7824, 99.7 task/s, elapsed: 28s, ETA:    50s[>>>>>>>>>                  ] 2838/7824, 99.7 task/s, elapsed: 28s, ETA:    50s[>>>>>>>>>                  ] 2839/7824, 99.7 task/s, elapsed: 28s, ETA:    50s[>>>>>>>>>                  ] 2840/7824, 99.7 task/s, elapsed: 28s, ETA:    50s[>>>>>>>>>                  ] 2841/7824, 99.7 task/s, elapsed: 28s, ETA:    50s[>>>>>>>>>                  ] 2842/7824, 99.7 task/s, elapsed: 28s, ETA:    50s[>>>>>>>>>                  ] 2843/7824, 99.7 task/s, elapsed: 29s, ETA:    50s[>>>>>>>>>                  ] 2844/7824, 99.7 task/s, elapsed: 29s, ETA:    50s[>>>>>>>>>                  ] 2845/7824, 99.7 task/s, elapsed: 29s, ETA:    50s[>>>>>>>>>                  ] 2846/7824, 99.8 task/s, elapsed: 29s, ETA:    50s[>>>>>>>>>                  ] 2847/7824, 99.8 task/s, elapsed: 29s, ETA:    50s[>>>>>>>>>                  ] 2848/7824, 99.8 task/s, elapsed: 29s, ETA:    50s[>>>>>>>>>                  ] 2849/7824, 99.8 task/s, elapsed: 29s, ETA:    50s[>>>>>>>>>                  ] 2850/7824, 99.8 task/s, elapsed: 29s, ETA:    50s[>>>>>>>>>                  ] 2851/7824, 99.8 task/s, elapsed: 29s, ETA:    50s[>>>>>>>>>                  ] 2852/7824, 99.8 task/s, elapsed: 29s, ETA:    50s[>>>>>>>>>                  ] 2853/7824, 99.8 task/s, elapsed: 29s, ETA:    50s[>>>>>>>>>                  ] 2854/7824, 99.8 task/s, elapsed: 29s, ETA:    50s[>>>>>>>>>                  ] 2855/7824, 99.8 task/s, elapsed: 29s, ETA:    50s[>>>>>>>>>                  ] 2856/7824, 99.8 task/s, elapsed: 29s, ETA:    50s[>>>>>>>>>                  ] 2857/7824, 99.8 task/s, elapsed: 29s, ETA:    50s[>>>>>>>>>                  ] 2858/7824, 99.8 task/s, elapsed: 29s, ETA:    50s[>>>>>>>>>                  ] 2859/7824, 99.8 task/s, elapsed: 29s, ETA:    50s[>>>>>>>>>                  ] 2860/7824, 99.8 task/s, elapsed: 29s, ETA:    50s[>>>>>>>>>                  ] 2861/7824, 99.8 task/s, elapsed: 29s, ETA:    50s[>>>>>>>>>                  ] 2862/7824, 99.8 task/s, elapsed: 29s, ETA:    50s[>>>>>>>>>                  ] 2863/7824, 99.8 task/s, elapsed: 29s, ETA:    50s[>>>>>>>>>                  ] 2864/7824, 99.8 task/s, elapsed: 29s, ETA:    50s[>>>>>>>>>                  ] 2865/7824, 99.8 task/s, elapsed: 29s, ETA:    50s[>>>>>>>>>                  ] 2866/7824, 99.8 task/s, elapsed: 29s, ETA:    50s[>>>>>>>>>                  ] 2867/7824, 99.8 task/s, elapsed: 29s, ETA:    50s[>>>>>>>>>                  ] 2868/7824, 99.8 task/s, elapsed: 29s, ETA:    50s[>>>>>>>>>                  ] 2869/7824, 99.8 task/s, elapsed: 29s, ETA:    50s[>>>>>>>>>                  ] 2870/7824, 99.8 task/s, elapsed: 29s, ETA:    50s[>>>>>>>>>                  ] 2871/7824, 99.8 task/s, elapsed: 29s, ETA:    50s[>>>>>>>>>                  ] 2872/7824, 99.8 task/s, elapsed: 29s, ETA:    50s[>>>>>>>>>                  ] 2873/7824, 99.8 task/s, elapsed: 29s, ETA:    50s[>>>>>>>>>                  ] 2874/7824, 99.8 task/s, elapsed: 29s, ETA:    50s[>>>>>>>>>                  ] 2875/7824, 99.8 task/s, elapsed: 29s, ETA:    50s[>>>>>>>>>                  ] 2876/7824, 99.8 task/s, elapsed: 29s, ETA:    50s[>>>>>>>>>                  ] 2877/7824, 99.8 task/s, elapsed: 29s, ETA:    50s[>>>>>>>>>                  ] 2878/7824, 99.8 task/s, elapsed: 29s, ETA:    50s[>>>>>>>>>                  ] 2879/7824, 99.8 task/s, elapsed: 29s, ETA:    50s[>>>>>>>>>                  ] 2880/7824, 99.8 task/s, elapsed: 29s, ETA:    50s[>>>>>>>>>                  ] 2881/7824, 99.8 task/s, elapsed: 29s, ETA:    50s[>>>>>>>>>                  ] 2882/7824, 99.8 task/s, elapsed: 29s, ETA:    50s[>>>>>>>>>                  ] 2883/7824, 99.8 task/s, elapsed: 29s, ETA:    49s[>>>>>>>>>                  ] 2884/7824, 99.8 task/s, elapsed: 29s, ETA:    49s[>>>>>>>>>                  ] 2885/7824, 99.8 task/s, elapsed: 29s, ETA:    49s[>>>>>>>>>                  ] 2886/7824, 99.8 task/s, elapsed: 29s, ETA:    49s[>>>>>>>>>                  ] 2887/7824, 99.8 task/s, elapsed: 29s, ETA:    49s[>>>>>>>>>                  ] 2888/7824, 99.8 task/s, elapsed: 29s, ETA:    49s[>>>>>>>>>                  ] 2889/7824, 99.8 task/s, elapsed: 29s, ETA:    49s[>>>>>>>>>                  ] 2890/7824, 99.8 task/s, elapsed: 29s, ETA:    49s[>>>>>>>>>                  ] 2891/7824, 99.8 task/s, elapsed: 29s, ETA:    49s[>>>>>>>>>                  ] 2892/7824, 99.8 task/s, elapsed: 29s, ETA:    49s[>>>>>>>>>                  ] 2893/7824, 99.8 task/s, elapsed: 29s, ETA:    49s[>>>>>>>>>                  ] 2894/7824, 99.8 task/s, elapsed: 29s, ETA:    49s[>>>>>>>>>                  ] 2895/7824, 99.8 task/s, elapsed: 29s, ETA:    49s[>>>>>>>>>                  ] 2896/7824, 99.8 task/s, elapsed: 29s, ETA:    49s[>>>>>>>>>                  ] 2897/7824, 99.9 task/s, elapsed: 29s, ETA:    49s[>>>>>>>>>>                 ] 2898/7824, 99.9 task/s, elapsed: 29s, ETA:    49s[>>>>>>>>>>                 ] 2899/7824, 99.9 task/s, elapsed: 29s, ETA:    49s[>>>>>>>>>>                 ] 2900/7824, 99.9 task/s, elapsed: 29s, ETA:    49s[>>>>>>>>>>                 ] 2901/7824, 99.9 task/s, elapsed: 29s, ETA:    49s[>>>>>>>>>>                 ] 2902/7824, 99.9 task/s, elapsed: 29s, ETA:    49s[>>>>>>>>>>                 ] 2903/7824, 99.9 task/s, elapsed: 29s, ETA:    49s[>>>>>>>>>>                 ] 2904/7824, 99.9 task/s, elapsed: 29s, ETA:    49s[>>>>>>>>>>                 ] 2905/7824, 99.9 task/s, elapsed: 29s, ETA:    49s[>>>>>>>>>>                 ] 2906/7824, 99.9 task/s, elapsed: 29s, ETA:    49s[>>>>>>>>>>                 ] 2907/7824, 99.9 task/s, elapsed: 29s, ETA:    49s[>>>>>>>>>>                 ] 2908/7824, 99.9 task/s, elapsed: 29s, ETA:    49s[>>>>>>>>>>                 ] 2909/7824, 99.9 task/s, elapsed: 29s, ETA:    49s[>>>>>>>>>>                 ] 2910/7824, 99.9 task/s, elapsed: 29s, ETA:    49s[>>>>>>>>>>                 ] 2911/7824, 99.9 task/s, elapsed: 29s, ETA:    49s[>>>>>>>>>>                 ] 2912/7824, 99.9 task/s, elapsed: 29s, ETA:    49s[>>>>>>>>>>                 ] 2913/7824, 99.9 task/s, elapsed: 29s, ETA:    49s[>>>>>>>>>>                 ] 2914/7824, 99.9 task/s, elapsed: 29s, ETA:    49s[>>>>>>>>>>                 ] 2915/7824, 99.9 task/s, elapsed: 29s, ETA:    49s[>>>>>>>>>>                 ] 2916/7824, 99.9 task/s, elapsed: 29s, ETA:    49s[>>>>>>>>>>                 ] 2917/7824, 99.9 task/s, elapsed: 29s, ETA:    49s[>>>>>>>>>>                 ] 2918/7824, 99.9 task/s, elapsed: 29s, ETA:    49s[>>>>>>>>>>                 ] 2919/7824, 99.9 task/s, elapsed: 29s, ETA:    49s[>>>>>>>>>>                 ] 2920/7824, 99.9 task/s, elapsed: 29s, ETA:    49s[>>>>>>>>>>                 ] 2921/7824, 99.9 task/s, elapsed: 29s, ETA:    49s[>>>>>>>>>>                 ] 2922/7824, 99.9 task/s, elapsed: 29s, ETA:    49s[>>>>>>>>>>                 ] 2923/7824, 99.9 task/s, elapsed: 29s, ETA:    49s[>>>>>>>>>>                 ] 2924/7824, 99.9 task/s, elapsed: 29s, ETA:    49s[>>>>>>>>>>                 ] 2925/7824, 99.9 task/s, elapsed: 29s, ETA:    49s[>>>>>>>>>>                 ] 2926/7824, 99.9 task/s, elapsed: 29s, ETA:    49s[>>>>>>>>>>                 ] 2927/7824, 99.9 task/s, elapsed: 29s, ETA:    49s[>>>>>>>>>>                 ] 2928/7824, 99.9 task/s, elapsed: 29s, ETA:    49s[>>>>>>>>>>                 ] 2929/7824, 99.9 task/s, elapsed: 29s, ETA:    49s[>>>>>>>>>>                 ] 2930/7824, 99.9 task/s, elapsed: 29s, ETA:    49s[>>>>>>>>>>                 ] 2931/7824, 99.9 task/s, elapsed: 29s, ETA:    49s[>>>>>>>>>>                 ] 2932/7824, 99.9 task/s, elapsed: 29s, ETA:    49s[>>>>>>>>>>                 ] 2933/7824, 99.9 task/s, elapsed: 29s, ETA:    49s[>>>>>>>>>>                 ] 2934/7824, 99.9 task/s, elapsed: 29s, ETA:    49s[>>>>>>>>>>                 ] 2935/7824, 99.9 task/s, elapsed: 29s, ETA:    49s[>>>>>>>>>>                 ] 2936/7824, 99.9 task/s, elapsed: 29s, ETA:    49s[>>>>>>>>>>                 ] 2937/7824, 99.9 task/s, elapsed: 29s, ETA:    49s[>>>>>>>>>>                 ] 2938/7824, 99.9 task/s, elapsed: 29s, ETA:    49s[>>>>>>>>>>                 ] 2939/7824, 99.9 task/s, elapsed: 29s, ETA:    49s[>>>>>>>>>>                 ] 2940/7824, 99.9 task/s, elapsed: 29s, ETA:    49s[>>>>>>>>>>                 ] 2941/7824, 99.9 task/s, elapsed: 29s, ETA:    49s[>>>>>>>>>>                 ] 2942/7824, 99.9 task/s, elapsed: 29s, ETA:    49s[>>>>>>>>>>                 ] 2943/7824, 99.9 task/s, elapsed: 29s, ETA:    49s[>>>>>>>>>>                 ] 2944/7824, 99.9 task/s, elapsed: 29s, ETA:    49s[>>>>>>>>>                 ] 2945/7824, 100.0 task/s, elapsed: 29s, ETA:    49s[>>>>>>>>>                 ] 2946/7824, 100.0 task/s, elapsed: 29s, ETA:    49s[>>>>>>>>>                 ] 2947/7824, 100.0 task/s, elapsed: 29s, ETA:    49s[>>>>>>>>>                 ] 2948/7824, 100.0 task/s, elapsed: 29s, ETA:    49s[>>>>>>>>>                 ] 2949/7824, 100.0 task/s, elapsed: 30s, ETA:    49s[>>>>>>>>>                 ] 2950/7824, 100.0 task/s, elapsed: 30s, ETA:    49s[>>>>>>>>>                 ] 2951/7824, 100.0 task/s, elapsed: 30s, ETA:    49s[>>>>>>>>>                 ] 2952/7824, 100.0 task/s, elapsed: 30s, ETA:    49s[>>>>>>>>>                 ] 2953/7824, 100.0 task/s, elapsed: 30s, ETA:    49s[>>>>>>>>>                 ] 2954/7824, 100.0 task/s, elapsed: 30s, ETA:    49s[>>>>>>>>>                 ] 2955/7824, 100.0 task/s, elapsed: 30s, ETA:    49s[>>>>>>>>>                 ] 2956/7824, 100.0 task/s, elapsed: 30s, ETA:    49s[>>>>>>>>>                 ] 2957/7824, 100.0 task/s, elapsed: 30s, ETA:    49s[>>>>>>>>>                 ] 2958/7824, 100.0 task/s, elapsed: 30s, ETA:    49s[>>>>>>>>>                 ] 2959/7824, 100.0 task/s, elapsed: 30s, ETA:    49s[>>>>>>>>>                 ] 2960/7824, 100.0 task/s, elapsed: 30s, ETA:    49s[>>>>>>>>>                 ] 2961/7824, 100.0 task/s, elapsed: 30s, ETA:    49s[>>>>>>>>>                 ] 2962/7824, 100.0 task/s, elapsed: 30s, ETA:    49s[>>>>>>>>>                 ] 2963/7824, 100.0 task/s, elapsed: 30s, ETA:    49s[>>>>>>>>>                 ] 2964/7824, 100.0 task/s, elapsed: 30s, ETA:    49s[>>>>>>>>>                 ] 2965/7824, 100.0 task/s, elapsed: 30s, ETA:    49s[>>>>>>>>>                 ] 2966/7824, 100.0 task/s, elapsed: 30s, ETA:    49s[>>>>>>>>>                 ] 2967/7824, 100.0 task/s, elapsed: 30s, ETA:    49s[>>>>>>>>>                 ] 2968/7824, 100.0 task/s, elapsed: 30s, ETA:    49s[>>>>>>>>>                 ] 2969/7824, 100.0 task/s, elapsed: 30s, ETA:    49s[>>>>>>>>>                 ] 2970/7824, 100.0 task/s, elapsed: 30s, ETA:    49s[>>>>>>>>>                 ] 2971/7824, 100.0 task/s, elapsed: 30s, ETA:    49s[>>>>>>>>>                 ] 2972/7824, 100.0 task/s, elapsed: 30s, ETA:    49s[>>>>>>>>>                 ] 2973/7824, 100.0 task/s, elapsed: 30s, ETA:    49s[>>>>>>>>>                 ] 2974/7824, 100.0 task/s, elapsed: 30s, ETA:    48s[>>>>>>>>>                 ] 2975/7824, 100.0 task/s, elapsed: 30s, ETA:    48s[>>>>>>>>>                 ] 2976/7824, 100.0 task/s, elapsed: 30s, ETA:    48s[>>>>>>>>>                 ] 2977/7824, 100.0 task/s, elapsed: 30s, ETA:    48s[>>>>>>>>>                 ] 2978/7824, 100.0 task/s, elapsed: 30s, ETA:    48s[>>>>>>>>>                 ] 2979/7824, 100.0 task/s, elapsed: 30s, ETA:    48s[>>>>>>>>>                 ] 2980/7824, 100.0 task/s, elapsed: 30s, ETA:    48s[>>>>>>>>>                 ] 2981/7824, 100.0 task/s, elapsed: 30s, ETA:    48s[>>>>>>>>>                 ] 2982/7824, 100.0 task/s, elapsed: 30s, ETA:    48s[>>>>>>>>>                 ] 2983/7824, 100.0 task/s, elapsed: 30s, ETA:    48s[>>>>>>>>>                 ] 2984/7824, 100.0 task/s, elapsed: 30s, ETA:    48s[>>>>>>>>>                 ] 2985/7824, 100.0 task/s, elapsed: 30s, ETA:    48s[>>>>>>>>>                 ] 2986/7824, 100.0 task/s, elapsed: 30s, ETA:    48s[>>>>>>>>>                 ] 2987/7824, 100.0 task/s, elapsed: 30s, ETA:    48s[>>>>>>>>>                 ] 2988/7824, 100.0 task/s, elapsed: 30s, ETA:    48s[>>>>>>>>>                 ] 2989/7824, 100.0 task/s, elapsed: 30s, ETA:    48s[>>>>>>>>>                 ] 2990/7824, 100.0 task/s, elapsed: 30s, ETA:    48s[>>>>>>>>>                 ] 2991/7824, 100.0 task/s, elapsed: 30s, ETA:    48s[>>>>>>>>>                 ] 2992/7824, 100.0 task/s, elapsed: 30s, ETA:    48s[>>>>>>>>>                 ] 2993/7824, 100.0 task/s, elapsed: 30s, ETA:    48s[>>>>>>>>>                 ] 2994/7824, 100.0 task/s, elapsed: 30s, ETA:    48s[>>>>>>>>>                 ] 2995/7824, 100.0 task/s, elapsed: 30s, ETA:    48s[>>>>>>>>>                 ] 2996/7824, 100.0 task/s, elapsed: 30s, ETA:    48s[>>>>>>>>>                 ] 2997/7824, 100.0 task/s, elapsed: 30s, ETA:    48s[>>>>>>>>>                 ] 2998/7824, 100.0 task/s, elapsed: 30s, ETA:    48s[>>>>>>>>>                 ] 2999/7824, 100.0 task/s, elapsed: 30s, ETA:    48s[>>>>>>>>>                 ] 3000/7824, 100.0 task/s, elapsed: 30s, ETA:    48s[>>>>>>>>>                 ] 3001/7824, 100.0 task/s, elapsed: 30s, ETA:    48s[>>>>>>>>>                 ] 3002/7824, 100.1 task/s, elapsed: 30s, ETA:    48s[>>>>>>>>>                 ] 3003/7824, 100.1 task/s, elapsed: 30s, ETA:    48s[>>>>>>>>>                 ] 3004/7824, 100.1 task/s, elapsed: 30s, ETA:    48s[>>>>>>>>>                 ] 3005/7824, 100.1 task/s, elapsed: 30s, ETA:    48s[>>>>>>>>>                 ] 3006/7824, 100.1 task/s, elapsed: 30s, ETA:    48s[>>>>>>>>>                 ] 3007/7824, 100.1 task/s, elapsed: 30s, ETA:    48s[>>>>>>>>>                 ] 3008/7824, 100.1 task/s, elapsed: 30s, ETA:    48s[>>>>>>>>>                 ] 3009/7824, 100.1 task/s, elapsed: 30s, ETA:    48s[>>>>>>>>>>                ] 3010/7824, 100.1 task/s, elapsed: 30s, ETA:    48s[>>>>>>>>>>                ] 3011/7824, 100.1 task/s, elapsed: 30s, ETA:    48s[>>>>>>>>>>                ] 3012/7824, 100.1 task/s, elapsed: 30s, ETA:    48s[>>>>>>>>>>                ] 3013/7824, 100.1 task/s, elapsed: 30s, ETA:    48s[>>>>>>>>>>                ] 3014/7824, 100.1 task/s, elapsed: 30s, ETA:    48s[>>>>>>>>>>                ] 3015/7824, 100.1 task/s, elapsed: 30s, ETA:    48s[>>>>>>>>>>                ] 3016/7824, 100.1 task/s, elapsed: 30s, ETA:    48s[>>>>>>>>>>                ] 3017/7824, 100.1 task/s, elapsed: 30s, ETA:    48s[>>>>>>>>>>                ] 3018/7824, 100.1 task/s, elapsed: 30s, ETA:    48s[>>>>>>>>>>                ] 3019/7824, 100.1 task/s, elapsed: 30s, ETA:    48s[>>>>>>>>>>                ] 3020/7824, 100.1 task/s, elapsed: 30s, ETA:    48s[>>>>>>>>>>                ] 3021/7824, 100.1 task/s, elapsed: 30s, ETA:    48s[>>>>>>>>>>                ] 3022/7824, 100.1 task/s, elapsed: 30s, ETA:    48s[>>>>>>>>>>                ] 3023/7824, 100.1 task/s, elapsed: 30s, ETA:    48s[>>>>>>>>>>                ] 3024/7824, 100.1 task/s, elapsed: 30s, ETA:    48s[>>>>>>>>>>                ] 3025/7824, 100.1 task/s, elapsed: 30s, ETA:    48s[>>>>>>>>>>                ] 3026/7824, 100.1 task/s, elapsed: 30s, ETA:    48s[>>>>>>>>>>                ] 3027/7824, 100.1 task/s, elapsed: 30s, ETA:    48s[>>>>>>>>>>                ] 3028/7824, 100.1 task/s, elapsed: 30s, ETA:    48s[>>>>>>>>>>                ] 3029/7824, 100.1 task/s, elapsed: 30s, ETA:    48s[>>>>>>>>>>                ] 3030/7824, 100.1 task/s, elapsed: 30s, ETA:    48s[>>>>>>>>>>                ] 3031/7824, 100.1 task/s, elapsed: 30s, ETA:    48s[>>>>>>>>>>                ] 3032/7824, 100.1 task/s, elapsed: 30s, ETA:    48s[>>>>>>>>>>                ] 3033/7824, 100.1 task/s, elapsed: 30s, ETA:    48s[>>>>>>>>>>                ] 3034/7824, 100.1 task/s, elapsed: 30s, ETA:    48s[>>>>>>>>>>                ] 3035/7824, 100.1 task/s, elapsed: 30s, ETA:    48s[>>>>>>>>>>                ] 3036/7824, 100.1 task/s, elapsed: 30s, ETA:    48s[>>>>>>>>>>                ] 3037/7824, 100.1 task/s, elapsed: 30s, ETA:    48s[>>>>>>>>>>                ] 3038/7824, 100.1 task/s, elapsed: 30s, ETA:    48s[>>>>>>>>>>                ] 3039/7824, 100.1 task/s, elapsed: 30s, ETA:    48s[>>>>>>>>>>                ] 3040/7824, 100.1 task/s, elapsed: 30s, ETA:    48s[>>>>>>>>>>                ] 3041/7824, 100.1 task/s, elapsed: 30s, ETA:    48s[>>>>>>>>>>                ] 3042/7824, 100.1 task/s, elapsed: 30s, ETA:    48s[>>>>>>>>>>                ] 3043/7824, 100.1 task/s, elapsed: 30s, ETA:    48s[>>>>>>>>>>                ] 3044/7824, 100.1 task/s, elapsed: 30s, ETA:    48s[>>>>>>>>>>                ] 3045/7824, 100.1 task/s, elapsed: 30s, ETA:    48s[>>>>>>>>>>                ] 3046/7824, 100.1 task/s, elapsed: 30s, ETA:    48s[>>>>>>>>>>                ] 3047/7824, 100.1 task/s, elapsed: 30s, ETA:    48s[>>>>>>>>>>                ] 3048/7824, 100.1 task/s, elapsed: 30s, ETA:    48s[>>>>>>>>>>                ] 3049/7824, 100.1 task/s, elapsed: 30s, ETA:    48s[>>>>>>>>>>                ] 3050/7824, 100.1 task/s, elapsed: 30s, ETA:    48s[>>>>>>>>>>                ] 3051/7824, 100.2 task/s, elapsed: 30s, ETA:    48s[>>>>>>>>>>                ] 3052/7824, 100.2 task/s, elapsed: 30s, ETA:    48s[>>>>>>>>>>                ] 3053/7824, 100.2 task/s, elapsed: 30s, ETA:    48s[>>>>>>>>>>                ] 3054/7824, 100.2 task/s, elapsed: 30s, ETA:    48s[>>>>>>>>>>                ] 3055/7824, 100.2 task/s, elapsed: 31s, ETA:    48s[>>>>>>>>>>                ] 3056/7824, 100.2 task/s, elapsed: 31s, ETA:    48s[>>>>>>>>>>                ] 3057/7824, 100.2 task/s, elapsed: 31s, ETA:    48s[>>>>>>>>>>                ] 3058/7824, 100.2 task/s, elapsed: 31s, ETA:    48s[>>>>>>>>>>                ] 3059/7824, 100.2 task/s, elapsed: 31s, ETA:    48s[>>>>>>>>>>                ] 3060/7824, 100.2 task/s, elapsed: 31s, ETA:    48s[>>>>>>>>>>                ] 3061/7824, 100.2 task/s, elapsed: 31s, ETA:    48s[>>>>>>>>>>                ] 3062/7824, 100.2 task/s, elapsed: 31s, ETA:    48s[>>>>>>>>>>                ] 3063/7824, 100.2 task/s, elapsed: 31s, ETA:    48s[>>>>>>>>>>                ] 3064/7824, 100.2 task/s, elapsed: 31s, ETA:    48s[>>>>>>>>>>                ] 3065/7824, 100.2 task/s, elapsed: 31s, ETA:    48s[>>>>>>>>>>                ] 3066/7824, 100.2 task/s, elapsed: 31s, ETA:    47s[>>>>>>>>>>                ] 3067/7824, 100.2 task/s, elapsed: 31s, ETA:    47s[>>>>>>>>>>                ] 3068/7824, 100.2 task/s, elapsed: 31s, ETA:    47s[>>>>>>>>>>                ] 3069/7824, 100.2 task/s, elapsed: 31s, ETA:    47s[>>>>>>>>>>                ] 3070/7824, 100.2 task/s, elapsed: 31s, ETA:    47s[>>>>>>>>>>                ] 3071/7824, 100.2 task/s, elapsed: 31s, ETA:    47s[>>>>>>>>>>                ] 3072/7824, 100.2 task/s, elapsed: 31s, ETA:    47s[>>>>>>>>>>                ] 3073/7824, 100.2 task/s, elapsed: 31s, ETA:    47s[>>>>>>>>>>                ] 3074/7824, 100.2 task/s, elapsed: 31s, ETA:    47s[>>>>>>>>>>                ] 3075/7824, 100.2 task/s, elapsed: 31s, ETA:    47s[>>>>>>>>>>                ] 3076/7824, 100.2 task/s, elapsed: 31s, ETA:    47s[>>>>>>>>>>                ] 3077/7824, 100.2 task/s, elapsed: 31s, ETA:    47s[>>>>>>>>>>                ] 3078/7824, 100.2 task/s, elapsed: 31s, ETA:    47s[>>>>>>>>>>                ] 3079/7824, 100.2 task/s, elapsed: 31s, ETA:    47s[>>>>>>>>>>                ] 3080/7824, 100.2 task/s, elapsed: 31s, ETA:    47s[>>>>>>>>>>                ] 3081/7824, 100.2 task/s, elapsed: 31s, ETA:    47s[>>>>>>>>>>                ] 3082/7824, 100.2 task/s, elapsed: 31s, ETA:    47s[>>>>>>>>>>                ] 3083/7824, 100.2 task/s, elapsed: 31s, ETA:    47s[>>>>>>>>>>                ] 3084/7824, 100.2 task/s, elapsed: 31s, ETA:    47s[>>>>>>>>>>                ] 3085/7824, 100.2 task/s, elapsed: 31s, ETA:    47s[>>>>>>>>>>                ] 3086/7824, 100.2 task/s, elapsed: 31s, ETA:    47s[>>>>>>>>>>                ] 3087/7824, 100.2 task/s, elapsed: 31s, ETA:    47s[>>>>>>>>>>                ] 3088/7824, 100.2 task/s, elapsed: 31s, ETA:    47s[>>>>>>>>>>                ] 3089/7824, 100.2 task/s, elapsed: 31s, ETA:    47s[>>>>>>>>>>                ] 3090/7824, 100.2 task/s, elapsed: 31s, ETA:    47s[>>>>>>>>>>                ] 3091/7824, 100.2 task/s, elapsed: 31s, ETA:    47s[>>>>>>>>>>                ] 3092/7824, 100.2 task/s, elapsed: 31s, ETA:    47s[>>>>>>>>>>                ] 3093/7824, 100.2 task/s, elapsed: 31s, ETA:    47s[>>>>>>>>>>                ] 3094/7824, 100.2 task/s, elapsed: 31s, ETA:    47s[>>>>>>>>>>                ] 3095/7824, 100.2 task/s, elapsed: 31s, ETA:    47s[>>>>>>>>>>                ] 3096/7824, 100.2 task/s, elapsed: 31s, ETA:    47s[>>>>>>>>>>                ] 3097/7824, 100.2 task/s, elapsed: 31s, ETA:    47s[>>>>>>>>>>                ] 3098/7824, 100.2 task/s, elapsed: 31s, ETA:    47s[>>>>>>>>>>                ] 3099/7824, 100.2 task/s, elapsed: 31s, ETA:    47s[>>>>>>>>>>                ] 3100/7824, 100.2 task/s, elapsed: 31s, ETA:    47s[>>>>>>>>>>                ] 3101/7824, 100.2 task/s, elapsed: 31s, ETA:    47s[>>>>>>>>>>                ] 3102/7824, 100.2 task/s, elapsed: 31s, ETA:    47s[>>>>>>>>>>                ] 3103/7824, 100.3 task/s, elapsed: 31s, ETA:    47s[>>>>>>>>>>                ] 3104/7824, 100.3 task/s, elapsed: 31s, ETA:    47s[>>>>>>>>>>                ] 3105/7824, 100.3 task/s, elapsed: 31s, ETA:    47s[>>>>>>>>>>                ] 3106/7824, 100.3 task/s, elapsed: 31s, ETA:    47s[>>>>>>>>>>                ] 3107/7824, 100.3 task/s, elapsed: 31s, ETA:    47s[>>>>>>>>>>                ] 3108/7824, 100.3 task/s, elapsed: 31s, ETA:    47s[>>>>>>>>>>                ] 3109/7824, 100.3 task/s, elapsed: 31s, ETA:    47s[>>>>>>>>>>                ] 3110/7824, 100.3 task/s, elapsed: 31s, ETA:    47s[>>>>>>>>>>                ] 3111/7824, 100.3 task/s, elapsed: 31s, ETA:    47s[>>>>>>>>>>                ] 3112/7824, 100.3 task/s, elapsed: 31s, ETA:    47s[>>>>>>>>>>                ] 3113/7824, 100.3 task/s, elapsed: 31s, ETA:    47s[>>>>>>>>>>                ] 3114/7824, 100.3 task/s, elapsed: 31s, ETA:    47s[>>>>>>>>>>                ] 3115/7824, 100.3 task/s, elapsed: 31s, ETA:    47s[>>>>>>>>>>                ] 3116/7824, 100.3 task/s, elapsed: 31s, ETA:    47s[>>>>>>>>>>                ] 3117/7824, 100.3 task/s, elapsed: 31s, ETA:    47s[>>>>>>>>>>                ] 3118/7824, 100.3 task/s, elapsed: 31s, ETA:    47s[>>>>>>>>>>                ] 3119/7824, 100.3 task/s, elapsed: 31s, ETA:    47s[>>>>>>>>>>                ] 3120/7824, 100.3 task/s, elapsed: 31s, ETA:    47s[>>>>>>>>>>                ] 3121/7824, 100.3 task/s, elapsed: 31s, ETA:    47s[>>>>>>>>>>                ] 3122/7824, 100.3 task/s, elapsed: 31s, ETA:    47s[>>>>>>>>>>                ] 3123/7824, 100.3 task/s, elapsed: 31s, ETA:    47s[>>>>>>>>>>                ] 3124/7824, 100.3 task/s, elapsed: 31s, ETA:    47s[>>>>>>>>>>                ] 3125/7824, 100.3 task/s, elapsed: 31s, ETA:    47s[>>>>>>>>>>                ] 3126/7824, 100.3 task/s, elapsed: 31s, ETA:    47s[>>>>>>>>>>                ] 3127/7824, 100.3 task/s, elapsed: 31s, ETA:    47s[>>>>>>>>>>                ] 3128/7824, 100.3 task/s, elapsed: 31s, ETA:    47s[>>>>>>>>>>                ] 3129/7824, 100.3 task/s, elapsed: 31s, ETA:    47s[>>>>>>>>>>                ] 3130/7824, 100.3 task/s, elapsed: 31s, ETA:    47s[>>>>>>>>>>                ] 3131/7824, 100.3 task/s, elapsed: 31s, ETA:    47s[>>>>>>>>>>                ] 3132/7824, 100.3 task/s, elapsed: 31s, ETA:    47s[>>>>>>>>>>                ] 3133/7824, 100.3 task/s, elapsed: 31s, ETA:    47s[>>>>>>>>>>                ] 3134/7824, 100.3 task/s, elapsed: 31s, ETA:    47s[>>>>>>>>>>                ] 3135/7824, 100.3 task/s, elapsed: 31s, ETA:    47s[>>>>>>>>>>                ] 3136/7824, 100.3 task/s, elapsed: 31s, ETA:    47s[>>>>>>>>>>                ] 3137/7824, 100.3 task/s, elapsed: 31s, ETA:    47s[>>>>>>>>>>                ] 3138/7824, 100.3 task/s, elapsed: 31s, ETA:    47s[>>>>>>>>>>                ] 3139/7824, 100.3 task/s, elapsed: 31s, ETA:    47s[>>>>>>>>>>                ] 3140/7824, 100.3 task/s, elapsed: 31s, ETA:    47s[>>>>>>>>>>                ] 3141/7824, 100.3 task/s, elapsed: 31s, ETA:    47s[>>>>>>>>>>                ] 3142/7824, 100.3 task/s, elapsed: 31s, ETA:    47s[>>>>>>>>>>                ] 3143/7824, 100.3 task/s, elapsed: 31s, ETA:    47s[>>>>>>>>>>                ] 3144/7824, 100.3 task/s, elapsed: 31s, ETA:    47s[>>>>>>>>>>                ] 3145/7824, 100.3 task/s, elapsed: 31s, ETA:    47s[>>>>>>>>>>                ] 3146/7824, 100.3 task/s, elapsed: 31s, ETA:    47s[>>>>>>>>>>                ] 3147/7824, 100.3 task/s, elapsed: 31s, ETA:    47s[>>>>>>>>>>                ] 3148/7824, 100.3 task/s, elapsed: 31s, ETA:    47s[>>>>>>>>>>                ] 3149/7824, 100.3 task/s, elapsed: 31s, ETA:    47s[>>>>>>>>>>                ] 3150/7824, 100.3 task/s, elapsed: 31s, ETA:    47s[>>>>>>>>>>                ] 3151/7824, 100.3 task/s, elapsed: 31s, ETA:    47s[>>>>>>>>>>                ] 3152/7824, 100.3 task/s, elapsed: 31s, ETA:    47s[>>>>>>>>>>                ] 3153/7824, 100.3 task/s, elapsed: 31s, ETA:    47s[>>>>>>>>>>                ] 3154/7824, 100.3 task/s, elapsed: 31s, ETA:    47s[>>>>>>>>>>                ] 3155/7824, 100.3 task/s, elapsed: 31s, ETA:    47s[>>>>>>>>>>                ] 3156/7824, 100.3 task/s, elapsed: 31s, ETA:    47s[>>>>>>>>>>                ] 3157/7824, 100.3 task/s, elapsed: 31s, ETA:    47s[>>>>>>>>>>                ] 3158/7824, 100.3 task/s, elapsed: 31s, ETA:    46s[>>>>>>>>>>                ] 3159/7824, 100.4 task/s, elapsed: 31s, ETA:    46s[>>>>>>>>>>                ] 3160/7824, 100.4 task/s, elapsed: 31s, ETA:    46s[>>>>>>>>>>                ] 3161/7824, 100.4 task/s, elapsed: 31s, ETA:    46s[>>>>>>>>>>                ] 3162/7824, 100.4 task/s, elapsed: 32s, ETA:    46s[>>>>>>>>>>                ] 3163/7824, 100.4 task/s, elapsed: 32s, ETA:    46s[>>>>>>>>>>                ] 3164/7824, 100.4 task/s, elapsed: 32s, ETA:    46s[>>>>>>>>>>                ] 3165/7824, 100.4 task/s, elapsed: 32s, ETA:    46s[>>>>>>>>>>                ] 3166/7824, 100.4 task/s, elapsed: 32s, ETA:    46s[>>>>>>>>>>                ] 3167/7824, 100.4 task/s, elapsed: 32s, ETA:    46s[>>>>>>>>>>                ] 3168/7824, 100.4 task/s, elapsed: 32s, ETA:    46s[>>>>>>>>>>                ] 3169/7824, 100.4 task/s, elapsed: 32s, ETA:    46s[>>>>>>>>>>                ] 3170/7824, 100.4 task/s, elapsed: 32s, ETA:    46s[>>>>>>>>>>                ] 3171/7824, 100.4 task/s, elapsed: 32s, ETA:    46s[>>>>>>>>>>                ] 3172/7824, 100.4 task/s, elapsed: 32s, ETA:    46s[>>>>>>>>>>                ] 3173/7824, 100.4 task/s, elapsed: 32s, ETA:    46s[>>>>>>>>>>                ] 3174/7824, 100.4 task/s, elapsed: 32s, ETA:    46s[>>>>>>>>>>                ] 3175/7824, 100.4 task/s, elapsed: 32s, ETA:    46s[>>>>>>>>>>                ] 3176/7824, 100.4 task/s, elapsed: 32s, ETA:    46s[>>>>>>>>>>                ] 3177/7824, 100.4 task/s, elapsed: 32s, ETA:    46s[>>>>>>>>>>                ] 3178/7824, 100.4 task/s, elapsed: 32s, ETA:    46s[>>>>>>>>>>                ] 3179/7824, 100.4 task/s, elapsed: 32s, ETA:    46s[>>>>>>>>>>                ] 3180/7824, 100.4 task/s, elapsed: 32s, ETA:    46s[>>>>>>>>>>                ] 3181/7824, 100.4 task/s, elapsed: 32s, ETA:    46s[>>>>>>>>>>                ] 3182/7824, 100.4 task/s, elapsed: 32s, ETA:    46s[>>>>>>>>>>                ] 3183/7824, 100.4 task/s, elapsed: 32s, ETA:    46s[>>>>>>>>>>                ] 3184/7824, 100.4 task/s, elapsed: 32s, ETA:    46s[>>>>>>>>>>                ] 3185/7824, 100.4 task/s, elapsed: 32s, ETA:    46s[>>>>>>>>>>                ] 3186/7824, 100.4 task/s, elapsed: 32s, ETA:    46s[>>>>>>>>>>                ] 3187/7824, 100.4 task/s, elapsed: 32s, ETA:    46s[>>>>>>>>>>                ] 3188/7824, 100.4 task/s, elapsed: 32s, ETA:    46s[>>>>>>>>>>                ] 3189/7824, 100.4 task/s, elapsed: 32s, ETA:    46s[>>>>>>>>>>                ] 3190/7824, 100.4 task/s, elapsed: 32s, ETA:    46s[>>>>>>>>>>                ] 3191/7824, 100.4 task/s, elapsed: 32s, ETA:    46s[>>>>>>>>>>                ] 3192/7824, 100.4 task/s, elapsed: 32s, ETA:    46s[>>>>>>>>>>                ] 3193/7824, 100.4 task/s, elapsed: 32s, ETA:    46s[>>>>>>>>>>                ] 3194/7824, 100.4 task/s, elapsed: 32s, ETA:    46s[>>>>>>>>>>                ] 3195/7824, 100.4 task/s, elapsed: 32s, ETA:    46s[>>>>>>>>>>                ] 3196/7824, 100.4 task/s, elapsed: 32s, ETA:    46s[>>>>>>>>>>                ] 3197/7824, 100.4 task/s, elapsed: 32s, ETA:    46s[>>>>>>>>>>                ] 3198/7824, 100.4 task/s, elapsed: 32s, ETA:    46s[>>>>>>>>>>                ] 3199/7824, 100.4 task/s, elapsed: 32s, ETA:    46s[>>>>>>>>>>                ] 3200/7824, 100.4 task/s, elapsed: 32s, ETA:    46s[>>>>>>>>>>                ] 3201/7824, 100.4 task/s, elapsed: 32s, ETA:    46s[>>>>>>>>>>                ] 3202/7824, 100.4 task/s, elapsed: 32s, ETA:    46s[>>>>>>>>>>                ] 3203/7824, 100.4 task/s, elapsed: 32s, ETA:    46s[>>>>>>>>>>                ] 3204/7824, 100.4 task/s, elapsed: 32s, ETA:    46s[>>>>>>>>>>                ] 3205/7824, 100.4 task/s, elapsed: 32s, ETA:    46s[>>>>>>>>>>                ] 3206/7824, 100.4 task/s, elapsed: 32s, ETA:    46s[>>>>>>>>>>                ] 3207/7824, 100.4 task/s, elapsed: 32s, ETA:    46s[>>>>>>>>>>                ] 3208/7824, 100.4 task/s, elapsed: 32s, ETA:    46s[>>>>>>>>>>                ] 3209/7824, 100.4 task/s, elapsed: 32s, ETA:    46s[>>>>>>>>>>                ] 3210/7824, 100.4 task/s, elapsed: 32s, ETA:    46s[>>>>>>>>>>                ] 3211/7824, 100.4 task/s, elapsed: 32s, ETA:    46s[>>>>>>>>>>                ] 3212/7824, 100.4 task/s, elapsed: 32s, ETA:    46s[>>>>>>>>>>                ] 3213/7824, 100.4 task/s, elapsed: 32s, ETA:    46s[>>>>>>>>>>                ] 3214/7824, 100.4 task/s, elapsed: 32s, ETA:    46s[>>>>>>>>>>                ] 3215/7824, 100.5 task/s, elapsed: 32s, ETA:    46s[>>>>>>>>>>                ] 3216/7824, 100.5 task/s, elapsed: 32s, ETA:    46s[>>>>>>>>>>                ] 3217/7824, 100.5 task/s, elapsed: 32s, ETA:    46s[>>>>>>>>>>                ] 3218/7824, 100.5 task/s, elapsed: 32s, ETA:    46s[>>>>>>>>>>                ] 3219/7824, 100.5 task/s, elapsed: 32s, ETA:    46s[>>>>>>>>>>                ] 3220/7824, 100.5 task/s, elapsed: 32s, ETA:    46s[>>>>>>>>>>                ] 3221/7824, 100.5 task/s, elapsed: 32s, ETA:    46s[>>>>>>>>>>                ] 3222/7824, 100.5 task/s, elapsed: 32s, ETA:    46s[>>>>>>>>>>                ] 3223/7824, 100.5 task/s, elapsed: 32s, ETA:    46s[>>>>>>>>>>                ] 3224/7824, 100.5 task/s, elapsed: 32s, ETA:    46s[>>>>>>>>>>                ] 3225/7824, 100.5 task/s, elapsed: 32s, ETA:    46s[>>>>>>>>>>                ] 3226/7824, 100.5 task/s, elapsed: 32s, ETA:    46s[>>>>>>>>>>                ] 3227/7824, 100.5 task/s, elapsed: 32s, ETA:    46s[>>>>>>>>>>                ] 3228/7824, 100.5 task/s, elapsed: 32s, ETA:    46s[>>>>>>>>>>                ] 3229/7824, 100.5 task/s, elapsed: 32s, ETA:    46s[>>>>>>>>>>                ] 3230/7824, 100.5 task/s, elapsed: 32s, ETA:    46s[>>>>>>>>>>                ] 3231/7824, 100.5 task/s, elapsed: 32s, ETA:    46s[>>>>>>>>>>                ] 3232/7824, 100.5 task/s, elapsed: 32s, ETA:    46s[>>>>>>>>>>                ] 3233/7824, 100.5 task/s, elapsed: 32s, ETA:    46s[>>>>>>>>>>                ] 3234/7824, 100.5 task/s, elapsed: 32s, ETA:    46s[>>>>>>>>>>                ] 3235/7824, 100.5 task/s, elapsed: 32s, ETA:    46s[>>>>>>>>>>                ] 3236/7824, 100.5 task/s, elapsed: 32s, ETA:    46s[>>>>>>>>>>                ] 3237/7824, 100.5 task/s, elapsed: 32s, ETA:    46s[>>>>>>>>>>                ] 3238/7824, 100.5 task/s, elapsed: 32s, ETA:    46s[>>>>>>>>>>                ] 3239/7824, 100.5 task/s, elapsed: 32s, ETA:    46s[>>>>>>>>>>                ] 3240/7824, 100.5 task/s, elapsed: 32s, ETA:    46s[>>>>>>>>>>                ] 3241/7824, 100.5 task/s, elapsed: 32s, ETA:    46s[>>>>>>>>>>                ] 3242/7824, 100.5 task/s, elapsed: 32s, ETA:    46s[>>>>>>>>>>                ] 3243/7824, 100.5 task/s, elapsed: 32s, ETA:    46s[>>>>>>>>>>                ] 3244/7824, 100.5 task/s, elapsed: 32s, ETA:    46s[>>>>>>>>>>                ] 3245/7824, 100.5 task/s, elapsed: 32s, ETA:    46s[>>>>>>>>>>                ] 3246/7824, 100.5 task/s, elapsed: 32s, ETA:    46s[>>>>>>>>>>                ] 3247/7824, 100.5 task/s, elapsed: 32s, ETA:    46s[>>>>>>>>>>                ] 3248/7824, 100.5 task/s, elapsed: 32s, ETA:    46s[>>>>>>>>>>                ] 3249/7824, 100.5 task/s, elapsed: 32s, ETA:    46s[>>>>>>>>>>                ] 3250/7824, 100.5 task/s, elapsed: 32s, ETA:    46s[>>>>>>>>>>                ] 3251/7824, 100.5 task/s, elapsed: 32s, ETA:    45s[>>>>>>>>>>                ] 3252/7824, 100.5 task/s, elapsed: 32s, ETA:    45s[>>>>>>>>>>                ] 3253/7824, 100.5 task/s, elapsed: 32s, ETA:    45s[>>>>>>>>>>                ] 3254/7824, 100.5 task/s, elapsed: 32s, ETA:    45s[>>>>>>>>>>                ] 3255/7824, 100.5 task/s, elapsed: 32s, ETA:    45s[>>>>>>>>>>                ] 3256/7824, 100.5 task/s, elapsed: 32s, ETA:    45s[>>>>>>>>>>                ] 3257/7824, 100.5 task/s, elapsed: 32s, ETA:    45s[>>>>>>>>>>                ] 3258/7824, 100.5 task/s, elapsed: 32s, ETA:    45s[>>>>>>>>>>                ] 3259/7824, 100.5 task/s, elapsed: 32s, ETA:    45s[>>>>>>>>>>                ] 3260/7824, 100.5 task/s, elapsed: 32s, ETA:    45s[>>>>>>>>>>                ] 3261/7824, 100.5 task/s, elapsed: 32s, ETA:    45s[>>>>>>>>>>                ] 3262/7824, 100.5 task/s, elapsed: 32s, ETA:    45s[>>>>>>>>>>                ] 3263/7824, 100.5 task/s, elapsed: 32s, ETA:    45s[>>>>>>>>>>                ] 3264/7824, 100.5 task/s, elapsed: 32s, ETA:    45s[>>>>>>>>>>                ] 3265/7824, 100.5 task/s, elapsed: 32s, ETA:    45s[>>>>>>>>>>                ] 3266/7824, 100.5 task/s, elapsed: 32s, ETA:    45s[>>>>>>>>>>                ] 3267/7824, 100.5 task/s, elapsed: 32s, ETA:    45s[>>>>>>>>>>                ] 3268/7824, 100.5 task/s, elapsed: 33s, ETA:    45s[>>>>>>>>>>                ] 3269/7824, 100.5 task/s, elapsed: 33s, ETA:    45s[>>>>>>>>>>                ] 3270/7824, 100.5 task/s, elapsed: 33s, ETA:    45s[>>>>>>>>>>                ] 3271/7824, 100.5 task/s, elapsed: 33s, ETA:    45s[>>>>>>>>>>                ] 3272/7824, 100.6 task/s, elapsed: 33s, ETA:    45s[>>>>>>>>>>                ] 3273/7824, 100.6 task/s, elapsed: 33s, ETA:    45s[>>>>>>>>>>                ] 3274/7824, 100.6 task/s, elapsed: 33s, ETA:    45s[>>>>>>>>>>                ] 3275/7824, 100.6 task/s, elapsed: 33s, ETA:    45s[>>>>>>>>>>                ] 3276/7824, 100.6 task/s, elapsed: 33s, ETA:    45s[>>>>>>>>>>                ] 3277/7824, 100.6 task/s, elapsed: 33s, ETA:    45s[>>>>>>>>>>                ] 3278/7824, 100.6 task/s, elapsed: 33s, ETA:    45s[>>>>>>>>>>                ] 3279/7824, 100.6 task/s, elapsed: 33s, ETA:    45s[>>>>>>>>>>                ] 3280/7824, 100.6 task/s, elapsed: 33s, ETA:    45s[>>>>>>>>>>                ] 3281/7824, 100.6 task/s, elapsed: 33s, ETA:    45s[>>>>>>>>>>                ] 3282/7824, 100.6 task/s, elapsed: 33s, ETA:    45s[>>>>>>>>>>                ] 3283/7824, 100.6 task/s, elapsed: 33s, ETA:    45s[>>>>>>>>>>                ] 3284/7824, 100.6 task/s, elapsed: 33s, ETA:    45s[>>>>>>>>>>                ] 3285/7824, 100.6 task/s, elapsed: 33s, ETA:    45s[>>>>>>>>>>                ] 3286/7824, 100.6 task/s, elapsed: 33s, ETA:    45s[>>>>>>>>>>                ] 3287/7824, 100.6 task/s, elapsed: 33s, ETA:    45s[>>>>>>>>>>                ] 3288/7824, 100.6 task/s, elapsed: 33s, ETA:    45s[>>>>>>>>>>                ] 3289/7824, 100.6 task/s, elapsed: 33s, ETA:    45s[>>>>>>>>>>                ] 3290/7824, 100.6 task/s, elapsed: 33s, ETA:    45s[>>>>>>>>>>                ] 3291/7824, 100.6 task/s, elapsed: 33s, ETA:    45s[>>>>>>>>>>                ] 3292/7824, 100.6 task/s, elapsed: 33s, ETA:    45s[>>>>>>>>>>                ] 3293/7824, 100.6 task/s, elapsed: 33s, ETA:    45s[>>>>>>>>>>                ] 3294/7824, 100.6 task/s, elapsed: 33s, ETA:    45s[>>>>>>>>>>                ] 3295/7824, 100.6 task/s, elapsed: 33s, ETA:    45s[>>>>>>>>>>                ] 3296/7824, 100.6 task/s, elapsed: 33s, ETA:    45s[>>>>>>>>>>                ] 3297/7824, 100.6 task/s, elapsed: 33s, ETA:    45s[>>>>>>>>>>                ] 3298/7824, 100.6 task/s, elapsed: 33s, ETA:    45s[>>>>>>>>>>                ] 3299/7824, 100.6 task/s, elapsed: 33s, ETA:    45s[>>>>>>>>>>                ] 3300/7824, 100.6 task/s, elapsed: 33s, ETA:    45s[>>>>>>>>>>                ] 3301/7824, 100.6 task/s, elapsed: 33s, ETA:    45s[>>>>>>>>>>                ] 3302/7824, 100.6 task/s, elapsed: 33s, ETA:    45s[>>>>>>>>>>                ] 3303/7824, 100.6 task/s, elapsed: 33s, ETA:    45s[>>>>>>>>>>                ] 3304/7824, 100.6 task/s, elapsed: 33s, ETA:    45s[>>>>>>>>>>                ] 3305/7824, 100.6 task/s, elapsed: 33s, ETA:    45s[>>>>>>>>>>                ] 3306/7824, 100.6 task/s, elapsed: 33s, ETA:    45s[>>>>>>>>>>                ] 3307/7824, 100.6 task/s, elapsed: 33s, ETA:    45s[>>>>>>>>>>                ] 3308/7824, 100.6 task/s, elapsed: 33s, ETA:    45s[>>>>>>>>>>                ] 3309/7824, 100.6 task/s, elapsed: 33s, ETA:    45s[>>>>>>>>>>                ] 3310/7824, 100.6 task/s, elapsed: 33s, ETA:    45s[>>>>>>>>>>>               ] 3311/7824, 100.6 task/s, elapsed: 33s, ETA:    45s[>>>>>>>>>>>               ] 3312/7824, 100.6 task/s, elapsed: 33s, ETA:    45s[>>>>>>>>>>>               ] 3313/7824, 100.6 task/s, elapsed: 33s, ETA:    45s[>>>>>>>>>>>               ] 3314/7824, 100.6 task/s, elapsed: 33s, ETA:    45s[>>>>>>>>>>>               ] 3315/7824, 100.6 task/s, elapsed: 33s, ETA:    45s[>>>>>>>>>>>               ] 3316/7824, 100.6 task/s, elapsed: 33s, ETA:    45s[>>>>>>>>>>>               ] 3317/7824, 100.6 task/s, elapsed: 33s, ETA:    45s[>>>>>>>>>>>               ] 3318/7824, 100.6 task/s, elapsed: 33s, ETA:    45s[>>>>>>>>>>>               ] 3319/7824, 100.6 task/s, elapsed: 33s, ETA:    45s[>>>>>>>>>>>               ] 3320/7824, 100.6 task/s, elapsed: 33s, ETA:    45s[>>>>>>>>>>>               ] 3321/7824, 100.6 task/s, elapsed: 33s, ETA:    45s[>>>>>>>>>>>               ] 3322/7824, 100.6 task/s, elapsed: 33s, ETA:    45s[>>>>>>>>>>>               ] 3323/7824, 100.6 task/s, elapsed: 33s, ETA:    45s[>>>>>>>>>>>               ] 3324/7824, 100.6 task/s, elapsed: 33s, ETA:    45s[>>>>>>>>>>>               ] 3325/7824, 100.6 task/s, elapsed: 33s, ETA:    45s[>>>>>>>>>>>               ] 3326/7824, 100.6 task/s, elapsed: 33s, ETA:    45s[>>>>>>>>>>>               ] 3327/7824, 100.6 task/s, elapsed: 33s, ETA:    45s[>>>>>>>>>>>               ] 3328/7824, 100.6 task/s, elapsed: 33s, ETA:    45s[>>>>>>>>>>>               ] 3329/7824, 100.6 task/s, elapsed: 33s, ETA:    45s[>>>>>>>>>>>               ] 3330/7824, 100.6 task/s, elapsed: 33s, ETA:    45s[>>>>>>>>>>>               ] 3331/7824, 100.6 task/s, elapsed: 33s, ETA:    45s[>>>>>>>>>>>               ] 3332/7824, 100.6 task/s, elapsed: 33s, ETA:    45s[>>>>>>>>>>>               ] 3333/7824, 100.6 task/s, elapsed: 33s, ETA:    45s[>>>>>>>>>>>               ] 3334/7824, 100.6 task/s, elapsed: 33s, ETA:    45s[>>>>>>>>>>>               ] 3335/7824, 100.6 task/s, elapsed: 33s, ETA:    45s[>>>>>>>>>>>               ] 3336/7824, 100.6 task/s, elapsed: 33s, ETA:    45s[>>>>>>>>>>>               ] 3337/7824, 100.6 task/s, elapsed: 33s, ETA:    45s[>>>>>>>>>>>               ] 3338/7824, 100.6 task/s, elapsed: 33s, ETA:    45s[>>>>>>>>>>>               ] 3339/7824, 100.6 task/s, elapsed: 33s, ETA:    45s[>>>>>>>>>>>               ] 3340/7824, 100.6 task/s, elapsed: 33s, ETA:    45s[>>>>>>>>>>>               ] 3341/7824, 100.7 task/s, elapsed: 33s, ETA:    45s[>>>>>>>>>>>               ] 3342/7824, 100.7 task/s, elapsed: 33s, ETA:    45s[>>>>>>>>>>>               ] 3343/7824, 100.7 task/s, elapsed: 33s, ETA:    45s[>>>>>>>>>>>               ] 3344/7824, 100.7 task/s, elapsed: 33s, ETA:    45s[>>>>>>>>>>>               ] 3345/7824, 100.7 task/s, elapsed: 33s, ETA:    44s[>>>>>>>>>>>               ] 3346/7824, 100.7 task/s, elapsed: 33s, ETA:    44s[>>>>>>>>>>>               ] 3347/7824, 100.7 task/s, elapsed: 33s, ETA:    44s[>>>>>>>>>>>               ] 3348/7824, 100.7 task/s, elapsed: 33s, ETA:    44s[>>>>>>>>>>>               ] 3349/7824, 100.7 task/s, elapsed: 33s, ETA:    44s[>>>>>>>>>>>               ] 3350/7824, 100.7 task/s, elapsed: 33s, ETA:    44s[>>>>>>>>>>>               ] 3351/7824, 100.7 task/s, elapsed: 33s, ETA:    44s[>>>>>>>>>>>               ] 3352/7824, 100.7 task/s, elapsed: 33s, ETA:    44s[>>>>>>>>>>>               ] 3353/7824, 100.7 task/s, elapsed: 33s, ETA:    44s[>>>>>>>>>>>               ] 3354/7824, 100.7 task/s, elapsed: 33s, ETA:    44s[>>>>>>>>>>>               ] 3355/7824, 100.7 task/s, elapsed: 33s, ETA:    44s[>>>>>>>>>>>               ] 3356/7824, 100.7 task/s, elapsed: 33s, ETA:    44s[>>>>>>>>>>>               ] 3357/7824, 100.7 task/s, elapsed: 33s, ETA:    44s[>>>>>>>>>>>               ] 3358/7824, 100.7 task/s, elapsed: 33s, ETA:    44s[>>>>>>>>>>>               ] 3359/7824, 100.7 task/s, elapsed: 33s, ETA:    44s[>>>>>>>>>>>               ] 3360/7824, 100.7 task/s, elapsed: 33s, ETA:    44s[>>>>>>>>>>>               ] 3361/7824, 100.7 task/s, elapsed: 33s, ETA:    44s[>>>>>>>>>>>               ] 3362/7824, 100.7 task/s, elapsed: 33s, ETA:    44s[>>>>>>>>>>>               ] 3363/7824, 100.7 task/s, elapsed: 33s, ETA:    44s[>>>>>>>>>>>               ] 3364/7824, 100.7 task/s, elapsed: 33s, ETA:    44s[>>>>>>>>>>>               ] 3365/7824, 100.7 task/s, elapsed: 33s, ETA:    44s[>>>>>>>>>>>               ] 3366/7824, 100.7 task/s, elapsed: 33s, ETA:    44s[>>>>>>>>>>>               ] 3367/7824, 100.7 task/s, elapsed: 33s, ETA:    44s[>>>>>>>>>>>               ] 3368/7824, 100.7 task/s, elapsed: 33s, ETA:    44s[>>>>>>>>>>>               ] 3369/7824, 100.7 task/s, elapsed: 33s, ETA:    44s[>>>>>>>>>>>               ] 3370/7824, 100.7 task/s, elapsed: 33s, ETA:    44s[>>>>>>>>>>>               ] 3371/7824, 100.7 task/s, elapsed: 33s, ETA:    44s[>>>>>>>>>>>               ] 3372/7824, 100.7 task/s, elapsed: 33s, ETA:    44s[>>>>>>>>>>>               ] 3373/7824, 100.7 task/s, elapsed: 33s, ETA:    44s[>>>>>>>>>>>               ] 3374/7824, 100.7 task/s, elapsed: 34s, ETA:    44s[>>>>>>>>>>>               ] 3375/7824, 100.7 task/s, elapsed: 34s, ETA:    44s[>>>>>>>>>>>               ] 3376/7824, 100.7 task/s, elapsed: 34s, ETA:    44s[>>>>>>>>>>>               ] 3377/7824, 100.7 task/s, elapsed: 34s, ETA:    44s[>>>>>>>>>>>               ] 3378/7824, 100.7 task/s, elapsed: 34s, ETA:    44s[>>>>>>>>>>>               ] 3379/7824, 100.7 task/s, elapsed: 34s, ETA:    44s[>>>>>>>>>>>               ] 3380/7824, 100.7 task/s, elapsed: 34s, ETA:    44s[>>>>>>>>>>>               ] 3381/7824, 100.7 task/s, elapsed: 34s, ETA:    44s[>>>>>>>>>>>               ] 3382/7824, 100.7 task/s, elapsed: 34s, ETA:    44s[>>>>>>>>>>>               ] 3383/7824, 100.7 task/s, elapsed: 34s, ETA:    44s[>>>>>>>>>>>               ] 3384/7824, 100.7 task/s, elapsed: 34s, ETA:    44s[>>>>>>>>>>>               ] 3385/7824, 100.7 task/s, elapsed: 34s, ETA:    44s[>>>>>>>>>>>               ] 3386/7824, 100.7 task/s, elapsed: 34s, ETA:    44s[>>>>>>>>>>>               ] 3387/7824, 100.7 task/s, elapsed: 34s, ETA:    44s[>>>>>>>>>>>               ] 3388/7824, 100.7 task/s, elapsed: 34s, ETA:    44s[>>>>>>>>>>>               ] 3389/7824, 100.7 task/s, elapsed: 34s, ETA:    44s[>>>>>>>>>>>               ] 3390/7824, 100.7 task/s, elapsed: 34s, ETA:    44s[>>>>>>>>>>>               ] 3391/7824, 100.7 task/s, elapsed: 34s, ETA:    44s[>>>>>>>>>>>               ] 3392/7824, 100.7 task/s, elapsed: 34s, ETA:    44s[>>>>>>>>>>>               ] 3393/7824, 100.7 task/s, elapsed: 34s, ETA:    44s[>>>>>>>>>>>               ] 3394/7824, 100.7 task/s, elapsed: 34s, ETA:    44s[>>>>>>>>>>>               ] 3395/7824, 100.7 task/s, elapsed: 34s, ETA:    44s[>>>>>>>>>>>               ] 3396/7824, 100.7 task/s, elapsed: 34s, ETA:    44s[>>>>>>>>>>>               ] 3397/7824, 100.8 task/s, elapsed: 34s, ETA:    44s[>>>>>>>>>>>               ] 3398/7824, 100.8 task/s, elapsed: 34s, ETA:    44s[>>>>>>>>>>>               ] 3399/7824, 100.8 task/s, elapsed: 34s, ETA:    44s[>>>>>>>>>>>               ] 3400/7824, 100.8 task/s, elapsed: 34s, ETA:    44s[>>>>>>>>>>>               ] 3401/7824, 100.8 task/s, elapsed: 34s, ETA:    44s[>>>>>>>>>>>               ] 3402/7824, 100.8 task/s, elapsed: 34s, ETA:    44s[>>>>>>>>>>>               ] 3403/7824, 100.8 task/s, elapsed: 34s, ETA:    44s[>>>>>>>>>>>               ] 3404/7824, 100.8 task/s, elapsed: 34s, ETA:    44s[>>>>>>>>>>>               ] 3405/7824, 100.8 task/s, elapsed: 34s, ETA:    44s[>>>>>>>>>>>               ] 3406/7824, 100.8 task/s, elapsed: 34s, ETA:    44s[>>>>>>>>>>>               ] 3407/7824, 100.8 task/s, elapsed: 34s, ETA:    44s[>>>>>>>>>>>               ] 3408/7824, 100.8 task/s, elapsed: 34s, ETA:    44s[>>>>>>>>>>>               ] 3409/7824, 100.8 task/s, elapsed: 34s, ETA:    44s[>>>>>>>>>>>               ] 3410/7824, 100.8 task/s, elapsed: 34s, ETA:    44s[>>>>>>>>>>>               ] 3411/7824, 100.8 task/s, elapsed: 34s, ETA:    44s[>>>>>>>>>>>               ] 3412/7824, 100.8 task/s, elapsed: 34s, ETA:    44s[>>>>>>>>>>>               ] 3413/7824, 100.8 task/s, elapsed: 34s, ETA:    44s[>>>>>>>>>>>               ] 3414/7824, 100.8 task/s, elapsed: 34s, ETA:    44s[>>>>>>>>>>>               ] 3415/7824, 100.8 task/s, elapsed: 34s, ETA:    44s[>>>>>>>>>>>               ] 3416/7824, 100.8 task/s, elapsed: 34s, ETA:    44s[>>>>>>>>>>>               ] 3417/7824, 100.8 task/s, elapsed: 34s, ETA:    44s[>>>>>>>>>>>               ] 3418/7824, 100.8 task/s, elapsed: 34s, ETA:    44s[>>>>>>>>>>>               ] 3419/7824, 100.8 task/s, elapsed: 34s, ETA:    44s[>>>>>>>>>>>               ] 3420/7824, 100.8 task/s, elapsed: 34s, ETA:    44s[>>>>>>>>>>>               ] 3421/7824, 100.8 task/s, elapsed: 34s, ETA:    44s[>>>>>>>>>>>               ] 3422/7824, 100.8 task/s, elapsed: 34s, ETA:    44s[>>>>>>>>>>>               ] 3423/7824, 100.8 task/s, elapsed: 34s, ETA:    44s[>>>>>>>>>>>               ] 3424/7824, 100.8 task/s, elapsed: 34s, ETA:    44s[>>>>>>>>>>>               ] 3425/7824, 100.8 task/s, elapsed: 34s, ETA:    44s[>>>>>>>>>>>               ] 3426/7824, 100.8 task/s, elapsed: 34s, ETA:    44s[>>>>>>>>>>>               ] 3427/7824, 100.8 task/s, elapsed: 34s, ETA:    44s[>>>>>>>>>>>               ] 3428/7824, 100.8 task/s, elapsed: 34s, ETA:    44s[>>>>>>>>>>>               ] 3429/7824, 100.8 task/s, elapsed: 34s, ETA:    44s[>>>>>>>>>>>               ] 3430/7824, 100.8 task/s, elapsed: 34s, ETA:    44s[>>>>>>>>>>>               ] 3431/7824, 100.8 task/s, elapsed: 34s, ETA:    44s[>>>>>>>>>>>               ] 3432/7824, 100.8 task/s, elapsed: 34s, ETA:    44s[>>>>>>>>>>>               ] 3433/7824, 100.8 task/s, elapsed: 34s, ETA:    44s[>>>>>>>>>>>               ] 3434/7824, 100.8 task/s, elapsed: 34s, ETA:    44s[>>>>>>>>>>>               ] 3435/7824, 100.8 task/s, elapsed: 34s, ETA:    44s[>>>>>>>>>>>               ] 3436/7824, 100.8 task/s, elapsed: 34s, ETA:    44s[>>>>>>>>>>>               ] 3437/7824, 100.8 task/s, elapsed: 34s, ETA:    44s[>>>>>>>>>>>               ] 3438/7824, 100.8 task/s, elapsed: 34s, ETA:    44s[>>>>>>>>>>>               ] 3439/7824, 100.8 task/s, elapsed: 34s, ETA:    43s[>>>>>>>>>>>               ] 3440/7824, 100.8 task/s, elapsed: 34s, ETA:    43s[>>>>>>>>>>>               ] 3441/7824, 100.8 task/s, elapsed: 34s, ETA:    43s[>>>>>>>>>>>               ] 3442/7824, 100.8 task/s, elapsed: 34s, ETA:    43s[>>>>>>>>>>>               ] 3443/7824, 100.8 task/s, elapsed: 34s, ETA:    43s[>>>>>>>>>>>               ] 3444/7824, 100.8 task/s, elapsed: 34s, ETA:    43s[>>>>>>>>>>>               ] 3445/7824, 100.8 task/s, elapsed: 34s, ETA:    43s[>>>>>>>>>>>               ] 3446/7824, 100.8 task/s, elapsed: 34s, ETA:    43s[>>>>>>>>>>>               ] 3447/7824, 100.8 task/s, elapsed: 34s, ETA:    43s[>>>>>>>>>>>               ] 3448/7824, 100.8 task/s, elapsed: 34s, ETA:    43s[>>>>>>>>>>>               ] 3449/7824, 100.8 task/s, elapsed: 34s, ETA:    43s[>>>>>>>>>>>               ] 3450/7824, 100.8 task/s, elapsed: 34s, ETA:    43s[>>>>>>>>>>>               ] 3451/7824, 100.8 task/s, elapsed: 34s, ETA:    43s[>>>>>>>>>>>               ] 3452/7824, 100.8 task/s, elapsed: 34s, ETA:    43s[>>>>>>>>>>>               ] 3453/7824, 100.8 task/s, elapsed: 34s, ETA:    43s[>>>>>>>>>>>               ] 3454/7824, 100.8 task/s, elapsed: 34s, ETA:    43s[>>>>>>>>>>>               ] 3455/7824, 100.8 task/s, elapsed: 34s, ETA:    43s[>>>>>>>>>>>               ] 3456/7824, 100.8 task/s, elapsed: 34s, ETA:    43s[>>>>>>>>>>>               ] 3457/7824, 100.8 task/s, elapsed: 34s, ETA:    43s[>>>>>>>>>>>               ] 3458/7824, 100.8 task/s, elapsed: 34s, ETA:    43s[>>>>>>>>>>>               ] 3459/7824, 100.8 task/s, elapsed: 34s, ETA:    43s[>>>>>>>>>>>               ] 3460/7824, 100.8 task/s, elapsed: 34s, ETA:    43s[>>>>>>>>>>>               ] 3461/7824, 100.9 task/s, elapsed: 34s, ETA:    43s[>>>>>>>>>>>               ] 3462/7824, 100.9 task/s, elapsed: 34s, ETA:    43s[>>>>>>>>>>>               ] 3463/7824, 100.9 task/s, elapsed: 34s, ETA:    43s[>>>>>>>>>>>               ] 3464/7824, 100.9 task/s, elapsed: 34s, ETA:    43s[>>>>>>>>>>>               ] 3465/7824, 100.9 task/s, elapsed: 34s, ETA:    43s[>>>>>>>>>>>               ] 3466/7824, 100.9 task/s, elapsed: 34s, ETA:    43s[>>>>>>>>>>>               ] 3467/7824, 100.9 task/s, elapsed: 34s, ETA:    43s[>>>>>>>>>>>               ] 3468/7824, 100.9 task/s, elapsed: 34s, ETA:    43s[>>>>>>>>>>>               ] 3469/7824, 100.9 task/s, elapsed: 34s, ETA:    43s[>>>>>>>>>>>               ] 3470/7824, 100.9 task/s, elapsed: 34s, ETA:    43s[>>>>>>>>>>>               ] 3471/7824, 100.9 task/s, elapsed: 34s, ETA:    43s[>>>>>>>>>>>               ] 3472/7824, 100.9 task/s, elapsed: 34s, ETA:    43s[>>>>>>>>>>>               ] 3473/7824, 100.9 task/s, elapsed: 34s, ETA:    43s[>>>>>>>>>>>               ] 3474/7824, 100.9 task/s, elapsed: 34s, ETA:    43s[>>>>>>>>>>>               ] 3475/7824, 100.9 task/s, elapsed: 34s, ETA:    43s[>>>>>>>>>>>               ] 3476/7824, 100.9 task/s, elapsed: 34s, ETA:    43s[>>>>>>>>>>>               ] 3477/7824, 100.9 task/s, elapsed: 34s, ETA:    43s[>>>>>>>>>>>               ] 3478/7824, 100.9 task/s, elapsed: 34s, ETA:    43s[>>>>>>>>>>>               ] 3479/7824, 100.9 task/s, elapsed: 34s, ETA:    43s[>>>>>>>>>>>               ] 3480/7824, 100.9 task/s, elapsed: 34s, ETA:    43s[>>>>>>>>>>>               ] 3481/7824, 100.9 task/s, elapsed: 35s, ETA:    43s[>>>>>>>>>>>               ] 3482/7824, 100.9 task/s, elapsed: 35s, ETA:    43s[>>>>>>>>>>>               ] 3483/7824, 100.9 task/s, elapsed: 35s, ETA:    43s[>>>>>>>>>>>               ] 3484/7824, 100.9 task/s, elapsed: 35s, ETA:    43s[>>>>>>>>>>>               ] 3485/7824, 100.9 task/s, elapsed: 35s, ETA:    43s[>>>>>>>>>>>               ] 3486/7824, 100.9 task/s, elapsed: 35s, ETA:    43s[>>>>>>>>>>>               ] 3487/7824, 100.9 task/s, elapsed: 35s, ETA:    43s[>>>>>>>>>>>               ] 3488/7824, 100.9 task/s, elapsed: 35s, ETA:    43s[>>>>>>>>>>>               ] 3489/7824, 100.9 task/s, elapsed: 35s, ETA:    43s[>>>>>>>>>>>               ] 3490/7824, 100.9 task/s, elapsed: 35s, ETA:    43s[>>>>>>>>>>>               ] 3491/7824, 100.9 task/s, elapsed: 35s, ETA:    43s[>>>>>>>>>>>               ] 3492/7824, 100.9 task/s, elapsed: 35s, ETA:    43s[>>>>>>>>>>>               ] 3493/7824, 100.9 task/s, elapsed: 35s, ETA:    43s[>>>>>>>>>>>               ] 3494/7824, 100.9 task/s, elapsed: 35s, ETA:    43s[>>>>>>>>>>>               ] 3495/7824, 100.9 task/s, elapsed: 35s, ETA:    43s[>>>>>>>>>>>               ] 3496/7824, 100.9 task/s, elapsed: 35s, ETA:    43s[>>>>>>>>>>>               ] 3497/7824, 100.9 task/s, elapsed: 35s, ETA:    43s[>>>>>>>>>>>               ] 3498/7824, 100.9 task/s, elapsed: 35s, ETA:    43s[>>>>>>>>>>>               ] 3499/7824, 100.9 task/s, elapsed: 35s, ETA:    43s[>>>>>>>>>>>               ] 3500/7824, 100.9 task/s, elapsed: 35s, ETA:    43s[>>>>>>>>>>>               ] 3501/7824, 100.9 task/s, elapsed: 35s, ETA:    43s[>>>>>>>>>>>               ] 3502/7824, 100.9 task/s, elapsed: 35s, ETA:    43s[>>>>>>>>>>>               ] 3503/7824, 100.9 task/s, elapsed: 35s, ETA:    43s[>>>>>>>>>>>               ] 3504/7824, 100.9 task/s, elapsed: 35s, ETA:    43s[>>>>>>>>>>>               ] 3505/7824, 100.9 task/s, elapsed: 35s, ETA:    43s[>>>>>>>>>>>               ] 3506/7824, 100.9 task/s, elapsed: 35s, ETA:    43s[>>>>>>>>>>>               ] 3507/7824, 100.9 task/s, elapsed: 35s, ETA:    43s[>>>>>>>>>>>               ] 3508/7824, 100.9 task/s, elapsed: 35s, ETA:    43s[>>>>>>>>>>>               ] 3509/7824, 100.9 task/s, elapsed: 35s, ETA:    43s[>>>>>>>>>>>               ] 3510/7824, 100.9 task/s, elapsed: 35s, ETA:    43s[>>>>>>>>>>>               ] 3511/7824, 100.9 task/s, elapsed: 35s, ETA:    43s[>>>>>>>>>>>               ] 3512/7824, 100.9 task/s, elapsed: 35s, ETA:    43s[>>>>>>>>>>>               ] 3513/7824, 100.9 task/s, elapsed: 35s, ETA:    43s[>>>>>>>>>>>               ] 3514/7824, 100.9 task/s, elapsed: 35s, ETA:    43s[>>>>>>>>>>>               ] 3515/7824, 100.9 task/s, elapsed: 35s, ETA:    43s[>>>>>>>>>>>               ] 3516/7824, 100.9 task/s, elapsed: 35s, ETA:    43s[>>>>>>>>>>>               ] 3517/7824, 100.9 task/s, elapsed: 35s, ETA:    43s[>>>>>>>>>>>               ] 3518/7824, 100.9 task/s, elapsed: 35s, ETA:    43s[>>>>>>>>>>>               ] 3519/7824, 100.9 task/s, elapsed: 35s, ETA:    43s[>>>>>>>>>>>               ] 3520/7824, 100.9 task/s, elapsed: 35s, ETA:    43s[>>>>>>>>>>>               ] 3521/7824, 100.9 task/s, elapsed: 35s, ETA:    43s[>>>>>>>>>>>               ] 3522/7824, 100.9 task/s, elapsed: 35s, ETA:    43s[>>>>>>>>>>>               ] 3523/7824, 100.9 task/s, elapsed: 35s, ETA:    43s[>>>>>>>>>>>               ] 3524/7824, 100.9 task/s, elapsed: 35s, ETA:    43s[>>>>>>>>>>>               ] 3525/7824, 100.9 task/s, elapsed: 35s, ETA:    43s[>>>>>>>>>>>               ] 3526/7824, 100.9 task/s, elapsed: 35s, ETA:    43s[>>>>>>>>>>>               ] 3527/7824, 100.9 task/s, elapsed: 35s, ETA:    43s[>>>>>>>>>>>               ] 3528/7824, 100.9 task/s, elapsed: 35s, ETA:    43s[>>>>>>>>>>>               ] 3529/7824, 101.0 task/s, elapsed: 35s, ETA:    43s[>>>>>>>>>>>               ] 3530/7824, 101.0 task/s, elapsed: 35s, ETA:    43s[>>>>>>>>>>>               ] 3531/7824, 101.0 task/s, elapsed: 35s, ETA:    43s[>>>>>>>>>>>               ] 3532/7824, 101.0 task/s, elapsed: 35s, ETA:    43s[>>>>>>>>>>>               ] 3533/7824, 101.0 task/s, elapsed: 35s, ETA:    43s[>>>>>>>>>>>               ] 3534/7824, 101.0 task/s, elapsed: 35s, ETA:    42s[>>>>>>>>>>>               ] 3535/7824, 101.0 task/s, elapsed: 35s, ETA:    42s[>>>>>>>>>>>               ] 3536/7824, 101.0 task/s, elapsed: 35s, ETA:    42s[>>>>>>>>>>>               ] 3537/7824, 101.0 task/s, elapsed: 35s, ETA:    42s[>>>>>>>>>>>               ] 3538/7824, 101.0 task/s, elapsed: 35s, ETA:    42s[>>>>>>>>>>>               ] 3539/7824, 101.0 task/s, elapsed: 35s, ETA:    42s[>>>>>>>>>>>               ] 3540/7824, 101.0 task/s, elapsed: 35s, ETA:    42s[>>>>>>>>>>>               ] 3541/7824, 101.0 task/s, elapsed: 35s, ETA:    42s[>>>>>>>>>>>               ] 3542/7824, 101.0 task/s, elapsed: 35s, ETA:    42s[>>>>>>>>>>>               ] 3543/7824, 101.0 task/s, elapsed: 35s, ETA:    42s[>>>>>>>>>>>               ] 3544/7824, 101.0 task/s, elapsed: 35s, ETA:    42s[>>>>>>>>>>>               ] 3545/7824, 101.0 task/s, elapsed: 35s, ETA:    42s[>>>>>>>>>>>               ] 3546/7824, 101.0 task/s, elapsed: 35s, ETA:    42s[>>>>>>>>>>>               ] 3547/7824, 101.0 task/s, elapsed: 35s, ETA:    42s[>>>>>>>>>>>               ] 3548/7824, 101.0 task/s, elapsed: 35s, ETA:    42s[>>>>>>>>>>>               ] 3549/7824, 101.0 task/s, elapsed: 35s, ETA:    42s[>>>>>>>>>>>               ] 3550/7824, 101.0 task/s, elapsed: 35s, ETA:    42s[>>>>>>>>>>>               ] 3551/7824, 101.0 task/s, elapsed: 35s, ETA:    42s[>>>>>>>>>>>               ] 3552/7824, 101.0 task/s, elapsed: 35s, ETA:    42s[>>>>>>>>>>>               ] 3553/7824, 101.0 task/s, elapsed: 35s, ETA:    42s[>>>>>>>>>>>               ] 3554/7824, 101.0 task/s, elapsed: 35s, ETA:    42s[>>>>>>>>>>>               ] 3555/7824, 101.0 task/s, elapsed: 35s, ETA:    42s[>>>>>>>>>>>               ] 3556/7824, 101.0 task/s, elapsed: 35s, ETA:    42s[>>>>>>>>>>>               ] 3557/7824, 101.0 task/s, elapsed: 35s, ETA:    42s[>>>>>>>>>>>               ] 3558/7824, 101.0 task/s, elapsed: 35s, ETA:    42s[>>>>>>>>>>>               ] 3559/7824, 101.0 task/s, elapsed: 35s, ETA:    42s[>>>>>>>>>>>               ] 3560/7824, 101.0 task/s, elapsed: 35s, ETA:    42s[>>>>>>>>>>>               ] 3561/7824, 101.0 task/s, elapsed: 35s, ETA:    42s[>>>>>>>>>>>               ] 3562/7824, 101.0 task/s, elapsed: 35s, ETA:    42s[>>>>>>>>>>>               ] 3563/7824, 101.0 task/s, elapsed: 35s, ETA:    42s[>>>>>>>>>>>               ] 3564/7824, 101.0 task/s, elapsed: 35s, ETA:    42s[>>>>>>>>>>>               ] 3565/7824, 101.0 task/s, elapsed: 35s, ETA:    42s[>>>>>>>>>>>               ] 3566/7824, 101.0 task/s, elapsed: 35s, ETA:    42s[>>>>>>>>>>>               ] 3567/7824, 101.0 task/s, elapsed: 35s, ETA:    42s[>>>>>>>>>>>               ] 3568/7824, 101.0 task/s, elapsed: 35s, ETA:    42s[>>>>>>>>>>>               ] 3569/7824, 101.0 task/s, elapsed: 35s, ETA:    42s[>>>>>>>>>>>               ] 3570/7824, 101.0 task/s, elapsed: 35s, ETA:    42s[>>>>>>>>>>>               ] 3571/7824, 101.0 task/s, elapsed: 35s, ETA:    42s[>>>>>>>>>>>               ] 3572/7824, 101.0 task/s, elapsed: 35s, ETA:    42s[>>>>>>>>>>>               ] 3573/7824, 101.0 task/s, elapsed: 35s, ETA:    42s[>>>>>>>>>>>               ] 3574/7824, 101.0 task/s, elapsed: 35s, ETA:    42s[>>>>>>>>>>>               ] 3575/7824, 101.0 task/s, elapsed: 35s, ETA:    42s[>>>>>>>>>>>               ] 3576/7824, 101.0 task/s, elapsed: 35s, ETA:    42s[>>>>>>>>>>>               ] 3577/7824, 101.0 task/s, elapsed: 35s, ETA:    42s[>>>>>>>>>>>               ] 3578/7824, 101.0 task/s, elapsed: 35s, ETA:    42s[>>>>>>>>>>>               ] 3579/7824, 101.0 task/s, elapsed: 35s, ETA:    42s[>>>>>>>>>>>               ] 3580/7824, 101.0 task/s, elapsed: 35s, ETA:    42s[>>>>>>>>>>>               ] 3581/7824, 101.0 task/s, elapsed: 35s, ETA:    42s[>>>>>>>>>>>               ] 3582/7824, 101.0 task/s, elapsed: 35s, ETA:    42s[>>>>>>>>>>>               ] 3583/7824, 101.0 task/s, elapsed: 35s, ETA:    42s[>>>>>>>>>>>               ] 3584/7824, 101.0 task/s, elapsed: 35s, ETA:    42s[>>>>>>>>>>>               ] 3585/7824, 101.0 task/s, elapsed: 35s, ETA:    42s[>>>>>>>>>>>               ] 3586/7824, 101.0 task/s, elapsed: 35s, ETA:    42s[>>>>>>>>>>>               ] 3587/7824, 101.0 task/s, elapsed: 36s, ETA:    42s[>>>>>>>>>>>               ] 3588/7824, 101.0 task/s, elapsed: 36s, ETA:    42s[>>>>>>>>>>>               ] 3589/7824, 101.0 task/s, elapsed: 36s, ETA:    42s[>>>>>>>>>>>               ] 3590/7824, 101.0 task/s, elapsed: 36s, ETA:    42s[>>>>>>>>>>>               ] 3591/7824, 101.0 task/s, elapsed: 36s, ETA:    42s[>>>>>>>>>>>               ] 3592/7824, 101.0 task/s, elapsed: 36s, ETA:    42s[>>>>>>>>>>>               ] 3593/7824, 101.0 task/s, elapsed: 36s, ETA:    42s[>>>>>>>>>>>               ] 3594/7824, 101.0 task/s, elapsed: 36s, ETA:    42s[>>>>>>>>>>>               ] 3595/7824, 101.0 task/s, elapsed: 36s, ETA:    42s[>>>>>>>>>>>               ] 3596/7824, 101.0 task/s, elapsed: 36s, ETA:    42s[>>>>>>>>>>>               ] 3597/7824, 101.0 task/s, elapsed: 36s, ETA:    42s[>>>>>>>>>>>               ] 3598/7824, 101.0 task/s, elapsed: 36s, ETA:    42s[>>>>>>>>>>>               ] 3599/7824, 101.0 task/s, elapsed: 36s, ETA:    42s[>>>>>>>>>>>               ] 3600/7824, 101.0 task/s, elapsed: 36s, ETA:    42s[>>>>>>>>>>>               ] 3601/7824, 101.0 task/s, elapsed: 36s, ETA:    42s[>>>>>>>>>>>               ] 3602/7824, 101.1 task/s, elapsed: 36s, ETA:    42s[>>>>>>>>>>>               ] 3603/7824, 101.1 task/s, elapsed: 36s, ETA:    42s[>>>>>>>>>>>               ] 3604/7824, 101.1 task/s, elapsed: 36s, ETA:    42s[>>>>>>>>>>>               ] 3605/7824, 101.1 task/s, elapsed: 36s, ETA:    42s[>>>>>>>>>>>               ] 3606/7824, 101.1 task/s, elapsed: 36s, ETA:    42s[>>>>>>>>>>>               ] 3607/7824, 101.1 task/s, elapsed: 36s, ETA:    42s[>>>>>>>>>>>               ] 3608/7824, 101.1 task/s, elapsed: 36s, ETA:    42s[>>>>>>>>>>>               ] 3609/7824, 101.1 task/s, elapsed: 36s, ETA:    42s[>>>>>>>>>>>               ] 3610/7824, 101.1 task/s, elapsed: 36s, ETA:    42s[>>>>>>>>>>>               ] 3611/7824, 101.1 task/s, elapsed: 36s, ETA:    42s[>>>>>>>>>>>>              ] 3612/7824, 101.1 task/s, elapsed: 36s, ETA:    42s[>>>>>>>>>>>>              ] 3613/7824, 101.1 task/s, elapsed: 36s, ETA:    42s[>>>>>>>>>>>>              ] 3614/7824, 101.1 task/s, elapsed: 36s, ETA:    42s[>>>>>>>>>>>>              ] 3615/7824, 101.1 task/s, elapsed: 36s, ETA:    42s[>>>>>>>>>>>>              ] 3616/7824, 101.1 task/s, elapsed: 36s, ETA:    42s[>>>>>>>>>>>>              ] 3617/7824, 101.1 task/s, elapsed: 36s, ETA:    42s[>>>>>>>>>>>>              ] 3618/7824, 101.1 task/s, elapsed: 36s, ETA:    42s[>>>>>>>>>>>>              ] 3619/7824, 101.1 task/s, elapsed: 36s, ETA:    42s[>>>>>>>>>>>>              ] 3620/7824, 101.1 task/s, elapsed: 36s, ETA:    42s[>>>>>>>>>>>>              ] 3621/7824, 101.1 task/s, elapsed: 36s, ETA:    42s[>>>>>>>>>>>>              ] 3622/7824, 101.1 task/s, elapsed: 36s, ETA:    42s[>>>>>>>>>>>>              ] 3623/7824, 101.1 task/s, elapsed: 36s, ETA:    42s[>>>>>>>>>>>>              ] 3624/7824, 101.1 task/s, elapsed: 36s, ETA:    42s[>>>>>>>>>>>>              ] 3625/7824, 101.1 task/s, elapsed: 36s, ETA:    42s[>>>>>>>>>>>>              ] 3626/7824, 101.1 task/s, elapsed: 36s, ETA:    42s[>>>>>>>>>>>>              ] 3627/7824, 101.1 task/s, elapsed: 36s, ETA:    42s[>>>>>>>>>>>>              ] 3628/7824, 101.1 task/s, elapsed: 36s, ETA:    42s[>>>>>>>>>>>>              ] 3629/7824, 101.1 task/s, elapsed: 36s, ETA:    42s[>>>>>>>>>>>>              ] 3630/7824, 101.1 task/s, elapsed: 36s, ETA:    41s[>>>>>>>>>>>>              ] 3631/7824, 101.1 task/s, elapsed: 36s, ETA:    41s[>>>>>>>>>>>>              ] 3632/7824, 101.1 task/s, elapsed: 36s, ETA:    41s[>>>>>>>>>>>>              ] 3633/7824, 101.1 task/s, elapsed: 36s, ETA:    41s[>>>>>>>>>>>>              ] 3634/7824, 101.1 task/s, elapsed: 36s, ETA:    41s[>>>>>>>>>>>>              ] 3635/7824, 101.1 task/s, elapsed: 36s, ETA:    41s[>>>>>>>>>>>>              ] 3636/7824, 101.1 task/s, elapsed: 36s, ETA:    41s[>>>>>>>>>>>>              ] 3637/7824, 101.1 task/s, elapsed: 36s, ETA:    41s[>>>>>>>>>>>>              ] 3638/7824, 101.1 task/s, elapsed: 36s, ETA:    41s[>>>>>>>>>>>>              ] 3639/7824, 101.1 task/s, elapsed: 36s, ETA:    41s[>>>>>>>>>>>>              ] 3640/7824, 101.1 task/s, elapsed: 36s, ETA:    41s[>>>>>>>>>>>>              ] 3641/7824, 101.1 task/s, elapsed: 36s, ETA:    41s[>>>>>>>>>>>>              ] 3642/7824, 101.1 task/s, elapsed: 36s, ETA:    41s[>>>>>>>>>>>>              ] 3643/7824, 101.1 task/s, elapsed: 36s, ETA:    41s[>>>>>>>>>>>>              ] 3644/7824, 101.1 task/s, elapsed: 36s, ETA:    41s[>>>>>>>>>>>>              ] 3645/7824, 101.1 task/s, elapsed: 36s, ETA:    41s[>>>>>>>>>>>>              ] 3646/7824, 101.1 task/s, elapsed: 36s, ETA:    41s[>>>>>>>>>>>>              ] 3647/7824, 101.1 task/s, elapsed: 36s, ETA:    41s[>>>>>>>>>>>>              ] 3648/7824, 101.1 task/s, elapsed: 36s, ETA:    41s[>>>>>>>>>>>>              ] 3649/7824, 101.1 task/s, elapsed: 36s, ETA:    41s[>>>>>>>>>>>>              ] 3650/7824, 101.1 task/s, elapsed: 36s, ETA:    41s[>>>>>>>>>>>>              ] 3651/7824, 101.1 task/s, elapsed: 36s, ETA:    41s[>>>>>>>>>>>>              ] 3652/7824, 101.1 task/s, elapsed: 36s, ETA:    41s[>>>>>>>>>>>>              ] 3653/7824, 101.1 task/s, elapsed: 36s, ETA:    41s[>>>>>>>>>>>>              ] 3654/7824, 101.1 task/s, elapsed: 36s, ETA:    41s[>>>>>>>>>>>>              ] 3655/7824, 101.1 task/s, elapsed: 36s, ETA:    41s[>>>>>>>>>>>>              ] 3656/7824, 101.1 task/s, elapsed: 36s, ETA:    41s[>>>>>>>>>>>>              ] 3657/7824, 101.1 task/s, elapsed: 36s, ETA:    41s[>>>>>>>>>>>>              ] 3658/7824, 101.1 task/s, elapsed: 36s, ETA:    41s[>>>>>>>>>>>>              ] 3659/7824, 101.1 task/s, elapsed: 36s, ETA:    41s[>>>>>>>>>>>>              ] 3660/7824, 101.1 task/s, elapsed: 36s, ETA:    41s[>>>>>>>>>>>>              ] 3661/7824, 101.1 task/s, elapsed: 36s, ETA:    41s[>>>>>>>>>>>>              ] 3662/7824, 101.1 task/s, elapsed: 36s, ETA:    41s[>>>>>>>>>>>>              ] 3663/7824, 101.1 task/s, elapsed: 36s, ETA:    41s[>>>>>>>>>>>>              ] 3664/7824, 101.1 task/s, elapsed: 36s, ETA:    41s[>>>>>>>>>>>>              ] 3665/7824, 101.1 task/s, elapsed: 36s, ETA:    41s[>>>>>>>>>>>>              ] 3666/7824, 101.1 task/s, elapsed: 36s, ETA:    41s[>>>>>>>>>>>>              ] 3667/7824, 101.1 task/s, elapsed: 36s, ETA:    41s[>>>>>>>>>>>>              ] 3668/7824, 101.1 task/s, elapsed: 36s, ETA:    41s[>>>>>>>>>>>>              ] 3669/7824, 101.1 task/s, elapsed: 36s, ETA:    41s[>>>>>>>>>>>>              ] 3670/7824, 101.1 task/s, elapsed: 36s, ETA:    41s[>>>>>>>>>>>>              ] 3671/7824, 101.1 task/s, elapsed: 36s, ETA:    41s[>>>>>>>>>>>>              ] 3672/7824, 101.1 task/s, elapsed: 36s, ETA:    41s[>>>>>>>>>>>>              ] 3673/7824, 101.1 task/s, elapsed: 36s, ETA:    41s[>>>>>>>>>>>>              ] 3674/7824, 101.1 task/s, elapsed: 36s, ETA:    41s[>>>>>>>>>>>>              ] 3675/7824, 101.1 task/s, elapsed: 36s, ETA:    41s[>>>>>>>>>>>>              ] 3676/7824, 101.1 task/s, elapsed: 36s, ETA:    41s[>>>>>>>>>>>>              ] 3677/7824, 101.1 task/s, elapsed: 36s, ETA:    41s[>>>>>>>>>>>>              ] 3678/7824, 101.1 task/s, elapsed: 36s, ETA:    41s[>>>>>>>>>>>>              ] 3679/7824, 101.1 task/s, elapsed: 36s, ETA:    41s[>>>>>>>>>>>>              ] 3680/7824, 101.1 task/s, elapsed: 36s, ETA:    41s[>>>>>>>>>>>>              ] 3681/7824, 101.1 task/s, elapsed: 36s, ETA:    41s[>>>>>>>>>>>>              ] 3682/7824, 101.1 task/s, elapsed: 36s, ETA:    41s[>>>>>>>>>>>>              ] 3683/7824, 101.1 task/s, elapsed: 36s, ETA:    41s[>>>>>>>>>>>>              ] 3684/7824, 101.1 task/s, elapsed: 36s, ETA:    41s[>>>>>>>>>>>>              ] 3685/7824, 101.1 task/s, elapsed: 36s, ETA:    41s[>>>>>>>>>>>>              ] 3686/7824, 101.1 task/s, elapsed: 36s, ETA:    41s[>>>>>>>>>>>>              ] 3687/7824, 101.1 task/s, elapsed: 36s, ETA:    41s[>>>>>>>>>>>>              ] 3688/7824, 101.1 task/s, elapsed: 36s, ETA:    41s[>>>>>>>>>>>>              ] 3689/7824, 101.1 task/s, elapsed: 36s, ETA:    41s[>>>>>>>>>>>>              ] 3690/7824, 101.1 task/s, elapsed: 36s, ETA:    41s[>>>>>>>>>>>>              ] 3691/7824, 101.1 task/s, elapsed: 37s, ETA:    41s[>>>>>>>>>>>>              ] 3692/7824, 101.1 task/s, elapsed: 37s, ETA:    41s[>>>>>>>>>>>>              ] 3693/7824, 101.1 task/s, elapsed: 37s, ETA:    41s[>>>>>>>>>>>>              ] 3694/7824, 101.1 task/s, elapsed: 37s, ETA:    41s[>>>>>>>>>>>>              ] 3695/7824, 101.1 task/s, elapsed: 37s, ETA:    41s[>>>>>>>>>>>>              ] 3696/7824, 101.1 task/s, elapsed: 37s, ETA:    41s[>>>>>>>>>>>>              ] 3697/7824, 101.1 task/s, elapsed: 37s, ETA:    41s[>>>>>>>>>>>>              ] 3698/7824, 101.1 task/s, elapsed: 37s, ETA:    41s[>>>>>>>>>>>>              ] 3699/7824, 101.1 task/s, elapsed: 37s, ETA:    41s[>>>>>>>>>>>>              ] 3700/7824, 101.1 task/s, elapsed: 37s, ETA:    41s[>>>>>>>>>>>>              ] 3701/7824, 101.1 task/s, elapsed: 37s, ETA:    41s[>>>>>>>>>>>>              ] 3702/7824, 101.1 task/s, elapsed: 37s, ETA:    41s[>>>>>>>>>>>>              ] 3703/7824, 101.1 task/s, elapsed: 37s, ETA:    41s[>>>>>>>>>>>>              ] 3704/7824, 101.1 task/s, elapsed: 37s, ETA:    41s[>>>>>>>>>>>>              ] 3705/7824, 101.1 task/s, elapsed: 37s, ETA:    41s[>>>>>>>>>>>>              ] 3706/7824, 101.1 task/s, elapsed: 37s, ETA:    41s[>>>>>>>>>>>>              ] 3707/7824, 101.1 task/s, elapsed: 37s, ETA:    41s[>>>>>>>>>>>>              ] 3708/7824, 101.1 task/s, elapsed: 37s, ETA:    41s[>>>>>>>>>>>>              ] 3709/7824, 101.1 task/s, elapsed: 37s, ETA:    41s[>>>>>>>>>>>>              ] 3710/7824, 101.1 task/s, elapsed: 37s, ETA:    41s[>>>>>>>>>>>>              ] 3711/7824, 101.1 task/s, elapsed: 37s, ETA:    41s[>>>>>>>>>>>>              ] 3712/7824, 101.1 task/s, elapsed: 37s, ETA:    41s[>>>>>>>>>>>>              ] 3713/7824, 101.2 task/s, elapsed: 37s, ETA:    41s[>>>>>>>>>>>>              ] 3714/7824, 101.2 task/s, elapsed: 37s, ETA:    41s[>>>>>>>>>>>>              ] 3715/7824, 101.2 task/s, elapsed: 37s, ETA:    41s[>>>>>>>>>>>>              ] 3716/7824, 101.2 task/s, elapsed: 37s, ETA:    41s[>>>>>>>>>>>>              ] 3717/7824, 101.2 task/s, elapsed: 37s, ETA:    41s[>>>>>>>>>>>>              ] 3718/7824, 101.2 task/s, elapsed: 37s, ETA:    41s[>>>>>>>>>>>>              ] 3719/7824, 101.2 task/s, elapsed: 37s, ETA:    41s[>>>>>>>>>>>>              ] 3720/7824, 101.2 task/s, elapsed: 37s, ETA:    41s[>>>>>>>>>>>>              ] 3721/7824, 101.2 task/s, elapsed: 37s, ETA:    41s[>>>>>>>>>>>>              ] 3722/7824, 101.2 task/s, elapsed: 37s, ETA:    41s[>>>>>>>>>>>>              ] 3723/7824, 101.2 task/s, elapsed: 37s, ETA:    41s[>>>>>>>>>>>>              ] 3724/7824, 101.2 task/s, elapsed: 37s, ETA:    41s[>>>>>>>>>>>>              ] 3725/7824, 101.2 task/s, elapsed: 37s, ETA:    41s[>>>>>>>>>>>>              ] 3726/7824, 101.2 task/s, elapsed: 37s, ETA:    41s[>>>>>>>>>>>>              ] 3727/7824, 101.2 task/s, elapsed: 37s, ETA:    40s[>>>>>>>>>>>>              ] 3728/7824, 101.2 task/s, elapsed: 37s, ETA:    40s[>>>>>>>>>>>>              ] 3729/7824, 101.2 task/s, elapsed: 37s, ETA:    40s[>>>>>>>>>>>>              ] 3730/7824, 101.2 task/s, elapsed: 37s, ETA:    40s[>>>>>>>>>>>>              ] 3731/7824, 101.2 task/s, elapsed: 37s, ETA:    40s[>>>>>>>>>>>>              ] 3732/7824, 101.2 task/s, elapsed: 37s, ETA:    40s[>>>>>>>>>>>>              ] 3733/7824, 101.2 task/s, elapsed: 37s, ETA:    40s[>>>>>>>>>>>>              ] 3734/7824, 101.2 task/s, elapsed: 37s, ETA:    40s[>>>>>>>>>>>>              ] 3735/7824, 101.2 task/s, elapsed: 37s, ETA:    40s[>>>>>>>>>>>>              ] 3736/7824, 101.2 task/s, elapsed: 37s, ETA:    40s[>>>>>>>>>>>>              ] 3737/7824, 101.2 task/s, elapsed: 37s, ETA:    40s[>>>>>>>>>>>>              ] 3738/7824, 101.2 task/s, elapsed: 37s, ETA:    40s[>>>>>>>>>>>>              ] 3739/7824, 101.2 task/s, elapsed: 37s, ETA:    40s[>>>>>>>>>>>>              ] 3740/7824, 101.2 task/s, elapsed: 37s, ETA:    40s[>>>>>>>>>>>>              ] 3741/7824, 101.2 task/s, elapsed: 37s, ETA:    40s[>>>>>>>>>>>>              ] 3742/7824, 101.2 task/s, elapsed: 37s, ETA:    40s[>>>>>>>>>>>>              ] 3743/7824, 101.2 task/s, elapsed: 37s, ETA:    40s[>>>>>>>>>>>>              ] 3744/7824, 101.2 task/s, elapsed: 37s, ETA:    40s[>>>>>>>>>>>>              ] 3745/7824, 101.2 task/s, elapsed: 37s, ETA:    40s[>>>>>>>>>>>>              ] 3746/7824, 101.2 task/s, elapsed: 37s, ETA:    40s[>>>>>>>>>>>>              ] 3747/7824, 101.2 task/s, elapsed: 37s, ETA:    40s[>>>>>>>>>>>>              ] 3748/7824, 101.2 task/s, elapsed: 37s, ETA:    40s[>>>>>>>>>>>>              ] 3749/7824, 101.2 task/s, elapsed: 37s, ETA:    40s[>>>>>>>>>>>>              ] 3750/7824, 101.2 task/s, elapsed: 37s, ETA:    40s[>>>>>>>>>>>>              ] 3751/7824, 101.2 task/s, elapsed: 37s, ETA:    40s[>>>>>>>>>>>>              ] 3752/7824, 101.2 task/s, elapsed: 37s, ETA:    40s[>>>>>>>>>>>>              ] 3753/7824, 101.2 task/s, elapsed: 37s, ETA:    40s[>>>>>>>>>>>>              ] 3754/7824, 101.2 task/s, elapsed: 37s, ETA:    40s[>>>>>>>>>>>>              ] 3755/7824, 101.2 task/s, elapsed: 37s, ETA:    40s[>>>>>>>>>>>>              ] 3756/7824, 101.2 task/s, elapsed: 37s, ETA:    40s[>>>>>>>>>>>>              ] 3757/7824, 101.2 task/s, elapsed: 37s, ETA:    40s[>>>>>>>>>>>>              ] 3758/7824, 101.2 task/s, elapsed: 37s, ETA:    40s[>>>>>>>>>>>>              ] 3759/7824, 101.2 task/s, elapsed: 37s, ETA:    40s[>>>>>>>>>>>>              ] 3760/7824, 101.2 task/s, elapsed: 37s, ETA:    40s[>>>>>>>>>>>>              ] 3761/7824, 101.2 task/s, elapsed: 37s, ETA:    40s[>>>>>>>>>>>>              ] 3762/7824, 101.2 task/s, elapsed: 37s, ETA:    40s[>>>>>>>>>>>>              ] 3763/7824, 101.2 task/s, elapsed: 37s, ETA:    40s[>>>>>>>>>>>>              ] 3764/7824, 101.2 task/s, elapsed: 37s, ETA:    40s[>>>>>>>>>>>>              ] 3765/7824, 101.2 task/s, elapsed: 37s, ETA:    40s[>>>>>>>>>>>>              ] 3766/7824, 101.2 task/s, elapsed: 37s, ETA:    40s[>>>>>>>>>>>>              ] 3767/7824, 101.2 task/s, elapsed: 37s, ETA:    40s[>>>>>>>>>>>>              ] 3768/7824, 101.2 task/s, elapsed: 37s, ETA:    40s[>>>>>>>>>>>>              ] 3769/7824, 101.2 task/s, elapsed: 37s, ETA:    40s[>>>>>>>>>>>>              ] 3770/7824, 101.2 task/s, elapsed: 37s, ETA:    40s[>>>>>>>>>>>>              ] 3771/7824, 101.2 task/s, elapsed: 37s, ETA:    40s[>>>>>>>>>>>>              ] 3772/7824, 101.2 task/s, elapsed: 37s, ETA:    40s[>>>>>>>>>>>>              ] 3773/7824, 101.2 task/s, elapsed: 37s, ETA:    40s[>>>>>>>>>>>>              ] 3774/7824, 101.2 task/s, elapsed: 37s, ETA:    40s[>>>>>>>>>>>>              ] 3775/7824, 101.2 task/s, elapsed: 37s, ETA:    40s[>>>>>>>>>>>>              ] 3776/7824, 101.2 task/s, elapsed: 37s, ETA:    40s[>>>>>>>>>>>>              ] 3777/7824, 101.2 task/s, elapsed: 37s, ETA:    40s[>>>>>>>>>>>>              ] 3778/7824, 101.2 task/s, elapsed: 37s, ETA:    40s[>>>>>>>>>>>>              ] 3779/7824, 101.2 task/s, elapsed: 37s, ETA:    40s[>>>>>>>>>>>>              ] 3780/7824, 101.2 task/s, elapsed: 37s, ETA:    40s[>>>>>>>>>>>>              ] 3781/7824, 101.2 task/s, elapsed: 37s, ETA:    40s[>>>>>>>>>>>>              ] 3782/7824, 101.2 task/s, elapsed: 37s, ETA:    40s[>>>>>>>>>>>>              ] 3783/7824, 101.3 task/s, elapsed: 37s, ETA:    40s[>>>>>>>>>>>>              ] 3784/7824, 101.3 task/s, elapsed: 37s, ETA:    40s[>>>>>>>>>>>>              ] 3785/7824, 101.3 task/s, elapsed: 37s, ETA:    40s[>>>>>>>>>>>>              ] 3786/7824, 101.3 task/s, elapsed: 37s, ETA:    40s[>>>>>>>>>>>>              ] 3787/7824, 101.3 task/s, elapsed: 37s, ETA:    40s[>>>>>>>>>>>>              ] 3788/7824, 101.3 task/s, elapsed: 37s, ETA:    40s[>>>>>>>>>>>>              ] 3789/7824, 101.3 task/s, elapsed: 37s, ETA:    40s[>>>>>>>>>>>>              ] 3790/7824, 101.3 task/s, elapsed: 37s, ETA:    40s[>>>>>>>>>>>>              ] 3791/7824, 101.3 task/s, elapsed: 37s, ETA:    40s[>>>>>>>>>>>>              ] 3792/7824, 101.3 task/s, elapsed: 37s, ETA:    40s[>>>>>>>>>>>>              ] 3793/7824, 101.3 task/s, elapsed: 37s, ETA:    40s[>>>>>>>>>>>>              ] 3794/7824, 101.3 task/s, elapsed: 37s, ETA:    40s[>>>>>>>>>>>>              ] 3795/7824, 101.3 task/s, elapsed: 37s, ETA:    40s[>>>>>>>>>>>>              ] 3796/7824, 101.3 task/s, elapsed: 37s, ETA:    40s[>>>>>>>>>>>>              ] 3797/7824, 101.3 task/s, elapsed: 37s, ETA:    40s[>>>>>>>>>>>>              ] 3798/7824, 101.3 task/s, elapsed: 38s, ETA:    40s[>>>>>>>>>>>>              ] 3799/7824, 101.3 task/s, elapsed: 38s, ETA:    40s[>>>>>>>>>>>>              ] 3800/7824, 101.3 task/s, elapsed: 38s, ETA:    40s[>>>>>>>>>>>>              ] 3801/7824, 101.3 task/s, elapsed: 38s, ETA:    40s[>>>>>>>>>>>>              ] 3802/7824, 101.3 task/s, elapsed: 38s, ETA:    40s[>>>>>>>>>>>>              ] 3803/7824, 101.3 task/s, elapsed: 38s, ETA:    40s[>>>>>>>>>>>>              ] 3804/7824, 101.3 task/s, elapsed: 38s, ETA:    40s[>>>>>>>>>>>>              ] 3805/7824, 101.3 task/s, elapsed: 38s, ETA:    40s[>>>>>>>>>>>>              ] 3806/7824, 101.3 task/s, elapsed: 38s, ETA:    40s[>>>>>>>>>>>>              ] 3807/7824, 101.3 task/s, elapsed: 38s, ETA:    40s[>>>>>>>>>>>>              ] 3808/7824, 101.3 task/s, elapsed: 38s, ETA:    40s[>>>>>>>>>>>>              ] 3809/7824, 101.3 task/s, elapsed: 38s, ETA:    40s[>>>>>>>>>>>>              ] 3810/7824, 101.3 task/s, elapsed: 38s, ETA:    40s[>>>>>>>>>>>>              ] 3811/7824, 101.3 task/s, elapsed: 38s, ETA:    40s[>>>>>>>>>>>>              ] 3812/7824, 101.3 task/s, elapsed: 38s, ETA:    40s[>>>>>>>>>>>>              ] 3813/7824, 101.3 task/s, elapsed: 38s, ETA:    40s[>>>>>>>>>>>>              ] 3814/7824, 101.3 task/s, elapsed: 38s, ETA:    40s[>>>>>>>>>>>>              ] 3815/7824, 101.3 task/s, elapsed: 38s, ETA:    40s[>>>>>>>>>>>>              ] 3816/7824, 101.3 task/s, elapsed: 38s, ETA:    40s[>>>>>>>>>>>>              ] 3817/7824, 101.3 task/s, elapsed: 38s, ETA:    40s[>>>>>>>>>>>>              ] 3818/7824, 101.3 task/s, elapsed: 38s, ETA:    40s[>>>>>>>>>>>>              ] 3819/7824, 101.3 task/s, elapsed: 38s, ETA:    40s[>>>>>>>>>>>>              ] 3820/7824, 101.3 task/s, elapsed: 38s, ETA:    40s[>>>>>>>>>>>>              ] 3821/7824, 101.3 task/s, elapsed: 38s, ETA:    40s[>>>>>>>>>>>>              ] 3822/7824, 101.3 task/s, elapsed: 38s, ETA:    40s[>>>>>>>>>>>>              ] 3823/7824, 101.3 task/s, elapsed: 38s, ETA:    39s[>>>>>>>>>>>>              ] 3824/7824, 101.3 task/s, elapsed: 38s, ETA:    39s[>>>>>>>>>>>>              ] 3825/7824, 101.3 task/s, elapsed: 38s, ETA:    39s[>>>>>>>>>>>>              ] 3826/7824, 101.3 task/s, elapsed: 38s, ETA:    39s[>>>>>>>>>>>>              ] 3827/7824, 101.3 task/s, elapsed: 38s, ETA:    39s[>>>>>>>>>>>>              ] 3828/7824, 101.3 task/s, elapsed: 38s, ETA:    39s[>>>>>>>>>>>>              ] 3829/7824, 101.3 task/s, elapsed: 38s, ETA:    39s[>>>>>>>>>>>>              ] 3830/7824, 101.3 task/s, elapsed: 38s, ETA:    39s[>>>>>>>>>>>>              ] 3831/7824, 101.3 task/s, elapsed: 38s, ETA:    39s[>>>>>>>>>>>>              ] 3832/7824, 101.3 task/s, elapsed: 38s, ETA:    39s[>>>>>>>>>>>>              ] 3833/7824, 101.3 task/s, elapsed: 38s, ETA:    39s[>>>>>>>>>>>>              ] 3834/7824, 101.3 task/s, elapsed: 38s, ETA:    39s[>>>>>>>>>>>>              ] 3835/7824, 101.3 task/s, elapsed: 38s, ETA:    39s[>>>>>>>>>>>>              ] 3836/7824, 101.3 task/s, elapsed: 38s, ETA:    39s[>>>>>>>>>>>>              ] 3837/7824, 101.3 task/s, elapsed: 38s, ETA:    39s[>>>>>>>>>>>>              ] 3838/7824, 101.3 task/s, elapsed: 38s, ETA:    39s[>>>>>>>>>>>>              ] 3839/7824, 101.3 task/s, elapsed: 38s, ETA:    39s[>>>>>>>>>>>>              ] 3840/7824, 101.3 task/s, elapsed: 38s, ETA:    39s[>>>>>>>>>>>>              ] 3841/7824, 101.3 task/s, elapsed: 38s, ETA:    39s[>>>>>>>>>>>>              ] 3842/7824, 101.3 task/s, elapsed: 38s, ETA:    39s[>>>>>>>>>>>>              ] 3843/7824, 101.3 task/s, elapsed: 38s, ETA:    39s[>>>>>>>>>>>>              ] 3844/7824, 101.3 task/s, elapsed: 38s, ETA:    39s[>>>>>>>>>>>>              ] 3845/7824, 101.3 task/s, elapsed: 38s, ETA:    39s[>>>>>>>>>>>>              ] 3846/7824, 101.3 task/s, elapsed: 38s, ETA:    39s[>>>>>>>>>>>>              ] 3847/7824, 101.3 task/s, elapsed: 38s, ETA:    39s[>>>>>>>>>>>>              ] 3848/7824, 101.3 task/s, elapsed: 38s, ETA:    39s[>>>>>>>>>>>>              ] 3849/7824, 101.3 task/s, elapsed: 38s, ETA:    39s[>>>>>>>>>>>>              ] 3850/7824, 101.3 task/s, elapsed: 38s, ETA:    39s[>>>>>>>>>>>>              ] 3851/7824, 101.3 task/s, elapsed: 38s, ETA:    39s[>>>>>>>>>>>>              ] 3852/7824, 101.3 task/s, elapsed: 38s, ETA:    39s[>>>>>>>>>>>>              ] 3853/7824, 101.3 task/s, elapsed: 38s, ETA:    39s[>>>>>>>>>>>>              ] 3854/7824, 101.3 task/s, elapsed: 38s, ETA:    39s[>>>>>>>>>>>>              ] 3855/7824, 101.3 task/s, elapsed: 38s, ETA:    39s[>>>>>>>>>>>>              ] 3856/7824, 101.3 task/s, elapsed: 38s, ETA:    39s[>>>>>>>>>>>>              ] 3857/7824, 101.3 task/s, elapsed: 38s, ETA:    39s[>>>>>>>>>>>>              ] 3858/7824, 101.3 task/s, elapsed: 38s, ETA:    39s[>>>>>>>>>>>>              ] 3859/7824, 101.3 task/s, elapsed: 38s, ETA:    39s[>>>>>>>>>>>>              ] 3860/7824, 101.3 task/s, elapsed: 38s, ETA:    39s[>>>>>>>>>>>>              ] 3861/7824, 101.3 task/s, elapsed: 38s, ETA:    39s[>>>>>>>>>>>>              ] 3862/7824, 101.3 task/s, elapsed: 38s, ETA:    39s[>>>>>>>>>>>>              ] 3863/7824, 101.3 task/s, elapsed: 38s, ETA:    39s[>>>>>>>>>>>>              ] 3864/7824, 101.3 task/s, elapsed: 38s, ETA:    39s[>>>>>>>>>>>>              ] 3865/7824, 101.3 task/s, elapsed: 38s, ETA:    39s[>>>>>>>>>>>>              ] 3866/7824, 101.4 task/s, elapsed: 38s, ETA:    39s[>>>>>>>>>>>>              ] 3867/7824, 101.4 task/s, elapsed: 38s, ETA:    39s[>>>>>>>>>>>>              ] 3868/7824, 101.4 task/s, elapsed: 38s, ETA:    39s[>>>>>>>>>>>>              ] 3869/7824, 101.4 task/s, elapsed: 38s, ETA:    39s[>>>>>>>>>>>>              ] 3870/7824, 101.4 task/s, elapsed: 38s, ETA:    39s[>>>>>>>>>>>>              ] 3871/7824, 101.4 task/s, elapsed: 38s, ETA:    39s[>>>>>>>>>>>>              ] 3872/7824, 101.4 task/s, elapsed: 38s, ETA:    39s[>>>>>>>>>>>>              ] 3873/7824, 101.4 task/s, elapsed: 38s, ETA:    39s[>>>>>>>>>>>>              ] 3874/7824, 101.4 task/s, elapsed: 38s, ETA:    39s[>>>>>>>>>>>>              ] 3875/7824, 101.4 task/s, elapsed: 38s, ETA:    39s[>>>>>>>>>>>>              ] 3876/7824, 101.4 task/s, elapsed: 38s, ETA:    39s[>>>>>>>>>>>>              ] 3877/7824, 101.4 task/s, elapsed: 38s, ETA:    39s[>>>>>>>>>>>>              ] 3878/7824, 101.4 task/s, elapsed: 38s, ETA:    39s[>>>>>>>>>>>>              ] 3879/7824, 101.4 task/s, elapsed: 38s, ETA:    39s[>>>>>>>>>>>>              ] 3880/7824, 101.4 task/s, elapsed: 38s, ETA:    39s[>>>>>>>>>>>>              ] 3881/7824, 101.4 task/s, elapsed: 38s, ETA:    39s[>>>>>>>>>>>>              ] 3882/7824, 101.4 task/s, elapsed: 38s, ETA:    39s[>>>>>>>>>>>>              ] 3883/7824, 101.4 task/s, elapsed: 38s, ETA:    39s[>>>>>>>>>>>>              ] 3884/7824, 101.4 task/s, elapsed: 38s, ETA:    39s[>>>>>>>>>>>>              ] 3885/7824, 101.4 task/s, elapsed: 38s, ETA:    39s[>>>>>>>>>>>>              ] 3886/7824, 101.4 task/s, elapsed: 38s, ETA:    39s[>>>>>>>>>>>>              ] 3887/7824, 101.4 task/s, elapsed: 38s, ETA:    39s[>>>>>>>>>>>>              ] 3888/7824, 101.4 task/s, elapsed: 38s, ETA:    39s[>>>>>>>>>>>>              ] 3889/7824, 101.4 task/s, elapsed: 38s, ETA:    39s[>>>>>>>>>>>>              ] 3890/7824, 101.4 task/s, elapsed: 38s, ETA:    39s[>>>>>>>>>>>>              ] 3891/7824, 101.4 task/s, elapsed: 38s, ETA:    39s[>>>>>>>>>>>>              ] 3892/7824, 101.4 task/s, elapsed: 38s, ETA:    39s[>>>>>>>>>>>>              ] 3893/7824, 101.4 task/s, elapsed: 38s, ETA:    39s[>>>>>>>>>>>>              ] 3894/7824, 101.4 task/s, elapsed: 38s, ETA:    39s[>>>>>>>>>>>>              ] 3895/7824, 101.4 task/s, elapsed: 38s, ETA:    39s[>>>>>>>>>>>>              ] 3896/7824, 101.4 task/s, elapsed: 38s, ETA:    39s[>>>>>>>>>>>>              ] 3897/7824, 101.4 task/s, elapsed: 38s, ETA:    39s[>>>>>>>>>>>>              ] 3898/7824, 101.4 task/s, elapsed: 38s, ETA:    39s[>>>>>>>>>>>>              ] 3899/7824, 101.4 task/s, elapsed: 38s, ETA:    39s[>>>>>>>>>>>>              ] 3900/7824, 101.4 task/s, elapsed: 38s, ETA:    39s[>>>>>>>>>>>>              ] 3901/7824, 101.4 task/s, elapsed: 38s, ETA:    39s[>>>>>>>>>>>>              ] 3902/7824, 101.4 task/s, elapsed: 38s, ETA:    39s[>>>>>>>>>>>>              ] 3903/7824, 101.4 task/s, elapsed: 38s, ETA:    39s[>>>>>>>>>>>>              ] 3904/7824, 101.4 task/s, elapsed: 39s, ETA:    39s[>>>>>>>>>>>>              ] 3905/7824, 101.4 task/s, elapsed: 39s, ETA:    39s[>>>>>>>>>>>>              ] 3906/7824, 101.4 task/s, elapsed: 39s, ETA:    39s[>>>>>>>>>>>>              ] 3907/7824, 101.4 task/s, elapsed: 39s, ETA:    39s[>>>>>>>>>>>>              ] 3908/7824, 101.4 task/s, elapsed: 39s, ETA:    39s[>>>>>>>>>>>>              ] 3909/7824, 101.4 task/s, elapsed: 39s, ETA:    39s[>>>>>>>>>>>>              ] 3910/7824, 101.4 task/s, elapsed: 39s, ETA:    39s[>>>>>>>>>>>>              ] 3911/7824, 101.4 task/s, elapsed: 39s, ETA:    39s[>>>>>>>>>>>>>             ] 3912/7824, 101.4 task/s, elapsed: 39s, ETA:    39s[>>>>>>>>>>>>>             ] 3913/7824, 101.4 task/s, elapsed: 39s, ETA:    39s[>>>>>>>>>>>>>             ] 3914/7824, 101.4 task/s, elapsed: 39s, ETA:    39s[>>>>>>>>>>>>>             ] 3915/7824, 101.4 task/s, elapsed: 39s, ETA:    39s[>>>>>>>>>>>>>             ] 3916/7824, 101.4 task/s, elapsed: 39s, ETA:    39s[>>>>>>>>>>>>>             ] 3917/7824, 101.4 task/s, elapsed: 39s, ETA:    39s[>>>>>>>>>>>>>             ] 3918/7824, 101.4 task/s, elapsed: 39s, ETA:    39s[>>>>>>>>>>>>>             ] 3919/7824, 101.4 task/s, elapsed: 39s, ETA:    39s[>>>>>>>>>>>>>             ] 3920/7824, 101.4 task/s, elapsed: 39s, ETA:    38s[>>>>>>>>>>>>>             ] 3921/7824, 101.4 task/s, elapsed: 39s, ETA:    38s[>>>>>>>>>>>>>             ] 3922/7824, 101.4 task/s, elapsed: 39s, ETA:    38s[>>>>>>>>>>>>>             ] 3923/7824, 101.4 task/s, elapsed: 39s, ETA:    38s[>>>>>>>>>>>>>             ] 3924/7824, 101.4 task/s, elapsed: 39s, ETA:    38s[>>>>>>>>>>>>>             ] 3925/7824, 101.4 task/s, elapsed: 39s, ETA:    38s[>>>>>>>>>>>>>             ] 3926/7824, 101.4 task/s, elapsed: 39s, ETA:    38s[>>>>>>>>>>>>>             ] 3927/7824, 101.4 task/s, elapsed: 39s, ETA:    38s[>>>>>>>>>>>>>             ] 3928/7824, 101.4 task/s, elapsed: 39s, ETA:    38s[>>>>>>>>>>>>>             ] 3929/7824, 101.4 task/s, elapsed: 39s, ETA:    38s[>>>>>>>>>>>>>             ] 3930/7824, 101.4 task/s, elapsed: 39s, ETA:    38s[>>>>>>>>>>>>>             ] 3931/7824, 101.4 task/s, elapsed: 39s, ETA:    38s[>>>>>>>>>>>>>             ] 3932/7824, 101.4 task/s, elapsed: 39s, ETA:    38s[>>>>>>>>>>>>>             ] 3933/7824, 101.4 task/s, elapsed: 39s, ETA:    38s[>>>>>>>>>>>>>             ] 3934/7824, 101.4 task/s, elapsed: 39s, ETA:    38s[>>>>>>>>>>>>>             ] 3935/7824, 101.4 task/s, elapsed: 39s, ETA:    38s[>>>>>>>>>>>>>             ] 3936/7824, 101.4 task/s, elapsed: 39s, ETA:    38s[>>>>>>>>>>>>>             ] 3937/7824, 101.4 task/s, elapsed: 39s, ETA:    38s[>>>>>>>>>>>>>             ] 3938/7824, 101.4 task/s, elapsed: 39s, ETA:    38s[>>>>>>>>>>>>>             ] 3939/7824, 101.4 task/s, elapsed: 39s, ETA:    38s[>>>>>>>>>>>>>             ] 3940/7824, 101.4 task/s, elapsed: 39s, ETA:    38s[>>>>>>>>>>>>>             ] 3941/7824, 101.4 task/s, elapsed: 39s, ETA:    38s[>>>>>>>>>>>>>             ] 3942/7824, 101.4 task/s, elapsed: 39s, ETA:    38s[>>>>>>>>>>>>>             ] 3943/7824, 101.4 task/s, elapsed: 39s, ETA:    38s[>>>>>>>>>>>>>             ] 3944/7824, 101.4 task/s, elapsed: 39s, ETA:    38s[>>>>>>>>>>>>>             ] 3945/7824, 101.4 task/s, elapsed: 39s, ETA:    38s[>>>>>>>>>>>>>             ] 3946/7824, 101.4 task/s, elapsed: 39s, ETA:    38s[>>>>>>>>>>>>>             ] 3947/7824, 101.4 task/s, elapsed: 39s, ETA:    38s[>>>>>>>>>>>>>             ] 3948/7824, 101.4 task/s, elapsed: 39s, ETA:    38s[>>>>>>>>>>>>>             ] 3949/7824, 101.4 task/s, elapsed: 39s, ETA:    38s[>>>>>>>>>>>>>             ] 3950/7824, 101.4 task/s, elapsed: 39s, ETA:    38s[>>>>>>>>>>>>>             ] 3951/7824, 101.4 task/s, elapsed: 39s, ETA:    38s[>>>>>>>>>>>>>             ] 3952/7824, 101.4 task/s, elapsed: 39s, ETA:    38s[>>>>>>>>>>>>>             ] 3953/7824, 101.4 task/s, elapsed: 39s, ETA:    38s[>>>>>>>>>>>>>             ] 3954/7824, 101.4 task/s, elapsed: 39s, ETA:    38s[>>>>>>>>>>>>>             ] 3955/7824, 101.4 task/s, elapsed: 39s, ETA:    38s[>>>>>>>>>>>>>             ] 3956/7824, 101.4 task/s, elapsed: 39s, ETA:    38s[>>>>>>>>>>>>>             ] 3957/7824, 101.4 task/s, elapsed: 39s, ETA:    38s[>>>>>>>>>>>>>             ] 3958/7824, 101.4 task/s, elapsed: 39s, ETA:    38s[>>>>>>>>>>>>>             ] 3959/7824, 101.4 task/s, elapsed: 39s, ETA:    38s[>>>>>>>>>>>>>             ] 3960/7824, 101.4 task/s, elapsed: 39s, ETA:    38s[>>>>>>>>>>>>>             ] 3961/7824, 101.4 task/s, elapsed: 39s, ETA:    38s[>>>>>>>>>>>>>             ] 3962/7824, 101.4 task/s, elapsed: 39s, ETA:    38s[>>>>>>>>>>>>>             ] 3963/7824, 101.4 task/s, elapsed: 39s, ETA:    38s[>>>>>>>>>>>>>             ] 3964/7824, 101.4 task/s, elapsed: 39s, ETA:    38s[>>>>>>>>>>>>>             ] 3965/7824, 101.4 task/s, elapsed: 39s, ETA:    38s[>>>>>>>>>>>>>             ] 3966/7824, 101.4 task/s, elapsed: 39s, ETA:    38s[>>>>>>>>>>>>>             ] 3967/7824, 101.4 task/s, elapsed: 39s, ETA:    38s[>>>>>>>>>>>>>             ] 3968/7824, 101.4 task/s, elapsed: 39s, ETA:    38s[>>>>>>>>>>>>>             ] 3969/7824, 101.4 task/s, elapsed: 39s, ETA:    38s[>>>>>>>>>>>>>             ] 3970/7824, 101.4 task/s, elapsed: 39s, ETA:    38s[>>>>>>>>>>>>>             ] 3971/7824, 101.4 task/s, elapsed: 39s, ETA:    38s[>>>>>>>>>>>>>             ] 3972/7824, 101.4 task/s, elapsed: 39s, ETA:    38s[>>>>>>>>>>>>>             ] 3973/7824, 101.4 task/s, elapsed: 39s, ETA:    38s[>>>>>>>>>>>>>             ] 3974/7824, 101.4 task/s, elapsed: 39s, ETA:    38s[>>>>>>>>>>>>>             ] 3975/7824, 101.4 task/s, elapsed: 39s, ETA:    38s[>>>>>>>>>>>>>             ] 3976/7824, 101.4 task/s, elapsed: 39s, ETA:    38s[>>>>>>>>>>>>>             ] 3977/7824, 101.4 task/s, elapsed: 39s, ETA:    38s[>>>>>>>>>>>>>             ] 3978/7824, 101.4 task/s, elapsed: 39s, ETA:    38s[>>>>>>>>>>>>>             ] 3979/7824, 101.4 task/s, elapsed: 39s, ETA:    38s[>>>>>>>>>>>>>             ] 3980/7824, 101.4 task/s, elapsed: 39s, ETA:    38s[>>>>>>>>>>>>>             ] 3981/7824, 101.4 task/s, elapsed: 39s, ETA:    38s[>>>>>>>>>>>>>             ] 3982/7824, 101.4 task/s, elapsed: 39s, ETA:    38s[>>>>>>>>>>>>>             ] 3983/7824, 101.4 task/s, elapsed: 39s, ETA:    38s[>>>>>>>>>>>>>             ] 3984/7824, 101.4 task/s, elapsed: 39s, ETA:    38s[>>>>>>>>>>>>>             ] 3985/7824, 101.5 task/s, elapsed: 39s, ETA:    38s[>>>>>>>>>>>>>             ] 3986/7824, 101.5 task/s, elapsed: 39s, ETA:    38s[>>>>>>>>>>>>>             ] 3987/7824, 101.5 task/s, elapsed: 39s, ETA:    38s[>>>>>>>>>>>>>             ] 3988/7824, 101.5 task/s, elapsed: 39s, ETA:    38s[>>>>>>>>>>>>>             ] 3989/7824, 101.5 task/s, elapsed: 39s, ETA:    38s[>>>>>>>>>>>>>             ] 3990/7824, 101.5 task/s, elapsed: 39s, ETA:    38s[>>>>>>>>>>>>>             ] 3991/7824, 101.5 task/s, elapsed: 39s, ETA:    38s[>>>>>>>>>>>>>             ] 3992/7824, 101.5 task/s, elapsed: 39s, ETA:    38s[>>>>>>>>>>>>>             ] 3993/7824, 101.5 task/s, elapsed: 39s, ETA:    38s[>>>>>>>>>>>>>             ] 3994/7824, 101.5 task/s, elapsed: 39s, ETA:    38s[>>>>>>>>>>>>>             ] 3995/7824, 101.5 task/s, elapsed: 39s, ETA:    38s[>>>>>>>>>>>>>             ] 3996/7824, 101.5 task/s, elapsed: 39s, ETA:    38s[>>>>>>>>>>>>>             ] 3997/7824, 101.5 task/s, elapsed: 39s, ETA:    38s[>>>>>>>>>>>>>             ] 3998/7824, 101.5 task/s, elapsed: 39s, ETA:    38s[>>>>>>>>>>>>>             ] 3999/7824, 101.5 task/s, elapsed: 39s, ETA:    38s[>>>>>>>>>>>>>             ] 4000/7824, 101.5 task/s, elapsed: 39s, ETA:    38s[>>>>>>>>>>>>>             ] 4001/7824, 101.5 task/s, elapsed: 39s, ETA:    38s[>>>>>>>>>>>>>             ] 4002/7824, 101.5 task/s, elapsed: 39s, ETA:    38s[>>>>>>>>>>>>>             ] 4003/7824, 101.5 task/s, elapsed: 39s, ETA:    38s[>>>>>>>>>>>>>             ] 4004/7824, 101.5 task/s, elapsed: 39s, ETA:    38s[>>>>>>>>>>>>>             ] 4005/7824, 101.5 task/s, elapsed: 39s, ETA:    38s[>>>>>>>>>>>>>             ] 4006/7824, 101.5 task/s, elapsed: 39s, ETA:    38s[>>>>>>>>>>>>>             ] 4007/7824, 101.5 task/s, elapsed: 39s, ETA:    38s[>>>>>>>>>>>>>             ] 4008/7824, 101.5 task/s, elapsed: 39s, ETA:    38s[>>>>>>>>>>>>>             ] 4009/7824, 101.5 task/s, elapsed: 40s, ETA:    38s[>>>>>>>>>>>>>             ] 4010/7824, 101.5 task/s, elapsed: 40s, ETA:    38s[>>>>>>>>>>>>>             ] 4011/7824, 101.5 task/s, elapsed: 40s, ETA:    38s[>>>>>>>>>>>>>             ] 4012/7824, 101.5 task/s, elapsed: 40s, ETA:    38s[>>>>>>>>>>>>>             ] 4013/7824, 101.5 task/s, elapsed: 40s, ETA:    38s[>>>>>>>>>>>>>             ] 4014/7824, 101.5 task/s, elapsed: 40s, ETA:    38s[>>>>>>>>>>>>>             ] 4015/7824, 101.5 task/s, elapsed: 40s, ETA:    38s[>>>>>>>>>>>>>             ] 4016/7824, 101.5 task/s, elapsed: 40s, ETA:    38s[>>>>>>>>>>>>>             ] 4017/7824, 101.5 task/s, elapsed: 40s, ETA:    38s[>>>>>>>>>>>>>             ] 4018/7824, 101.5 task/s, elapsed: 40s, ETA:    38s[>>>>>>>>>>>>>             ] 4019/7824, 101.5 task/s, elapsed: 40s, ETA:    37s[>>>>>>>>>>>>>             ] 4020/7824, 101.5 task/s, elapsed: 40s, ETA:    37s[>>>>>>>>>>>>>             ] 4021/7824, 101.5 task/s, elapsed: 40s, ETA:    37s[>>>>>>>>>>>>>             ] 4022/7824, 101.5 task/s, elapsed: 40s, ETA:    37s[>>>>>>>>>>>>>             ] 4023/7824, 101.5 task/s, elapsed: 40s, ETA:    37s[>>>>>>>>>>>>>             ] 4024/7824, 101.5 task/s, elapsed: 40s, ETA:    37s[>>>>>>>>>>>>>             ] 4025/7824, 101.5 task/s, elapsed: 40s, ETA:    37s[>>>>>>>>>>>>>             ] 4026/7824, 101.5 task/s, elapsed: 40s, ETA:    37s[>>>>>>>>>>>>>             ] 4027/7824, 101.5 task/s, elapsed: 40s, ETA:    37s[>>>>>>>>>>>>>             ] 4028/7824, 101.5 task/s, elapsed: 40s, ETA:    37s[>>>>>>>>>>>>>             ] 4029/7824, 101.5 task/s, elapsed: 40s, ETA:    37s[>>>>>>>>>>>>>             ] 4030/7824, 101.5 task/s, elapsed: 40s, ETA:    37s[>>>>>>>>>>>>>             ] 4031/7824, 101.5 task/s, elapsed: 40s, ETA:    37s[>>>>>>>>>>>>>             ] 4032/7824, 101.5 task/s, elapsed: 40s, ETA:    37s[>>>>>>>>>>>>>             ] 4033/7824, 101.5 task/s, elapsed: 40s, ETA:    37s[>>>>>>>>>>>>>             ] 4034/7824, 101.5 task/s, elapsed: 40s, ETA:    37s[>>>>>>>>>>>>>             ] 4035/7824, 101.5 task/s, elapsed: 40s, ETA:    37s[>>>>>>>>>>>>>             ] 4036/7824, 101.5 task/s, elapsed: 40s, ETA:    37s[>>>>>>>>>>>>>             ] 4037/7824, 101.5 task/s, elapsed: 40s, ETA:    37s[>>>>>>>>>>>>>             ] 4038/7824, 101.5 task/s, elapsed: 40s, ETA:    37s[>>>>>>>>>>>>>             ] 4039/7824, 101.5 task/s, elapsed: 40s, ETA:    37s[>>>>>>>>>>>>>             ] 4040/7824, 101.5 task/s, elapsed: 40s, ETA:    37s[>>>>>>>>>>>>>             ] 4041/7824, 101.5 task/s, elapsed: 40s, ETA:    37s[>>>>>>>>>>>>>             ] 4042/7824, 101.5 task/s, elapsed: 40s, ETA:    37s[>>>>>>>>>>>>>             ] 4043/7824, 101.5 task/s, elapsed: 40s, ETA:    37s[>>>>>>>>>>>>>             ] 4044/7824, 101.5 task/s, elapsed: 40s, ETA:    37s[>>>>>>>>>>>>>             ] 4045/7824, 101.5 task/s, elapsed: 40s, ETA:    37s[>>>>>>>>>>>>>             ] 4046/7824, 101.5 task/s, elapsed: 40s, ETA:    37s[>>>>>>>>>>>>>             ] 4047/7824, 101.5 task/s, elapsed: 40s, ETA:    37s[>>>>>>>>>>>>>             ] 4048/7824, 101.5 task/s, elapsed: 40s, ETA:    37s[>>>>>>>>>>>>>             ] 4049/7824, 101.5 task/s, elapsed: 40s, ETA:    37s[>>>>>>>>>>>>>             ] 4050/7824, 101.5 task/s, elapsed: 40s, ETA:    37s[>>>>>>>>>>>>>             ] 4051/7824, 101.5 task/s, elapsed: 40s, ETA:    37s[>>>>>>>>>>>>>             ] 4052/7824, 101.5 task/s, elapsed: 40s, ETA:    37s[>>>>>>>>>>>>>             ] 4053/7824, 101.5 task/s, elapsed: 40s, ETA:    37s[>>>>>>>>>>>>>             ] 4054/7824, 101.5 task/s, elapsed: 40s, ETA:    37s[>>>>>>>>>>>>>             ] 4055/7824, 101.5 task/s, elapsed: 40s, ETA:    37s[>>>>>>>>>>>>>             ] 4056/7824, 101.5 task/s, elapsed: 40s, ETA:    37s[>>>>>>>>>>>>>             ] 4057/7824, 101.5 task/s, elapsed: 40s, ETA:    37s[>>>>>>>>>>>>>             ] 4058/7824, 101.5 task/s, elapsed: 40s, ETA:    37s[>>>>>>>>>>>>>             ] 4059/7824, 101.5 task/s, elapsed: 40s, ETA:    37s[>>>>>>>>>>>>>             ] 4060/7824, 101.5 task/s, elapsed: 40s, ETA:    37s[>>>>>>>>>>>>>             ] 4061/7824, 101.5 task/s, elapsed: 40s, ETA:    37s[>>>>>>>>>>>>>             ] 4062/7824, 101.5 task/s, elapsed: 40s, ETA:    37s[>>>>>>>>>>>>>             ] 4063/7824, 101.5 task/s, elapsed: 40s, ETA:    37s[>>>>>>>>>>>>>             ] 4064/7824, 101.5 task/s, elapsed: 40s, ETA:    37s[>>>>>>>>>>>>>             ] 4065/7824, 101.5 task/s, elapsed: 40s, ETA:    37s[>>>>>>>>>>>>>             ] 4066/7824, 101.5 task/s, elapsed: 40s, ETA:    37s[>>>>>>>>>>>>>             ] 4067/7824, 101.5 task/s, elapsed: 40s, ETA:    37s[>>>>>>>>>>>>>             ] 4068/7824, 101.5 task/s, elapsed: 40s, ETA:    37s[>>>>>>>>>>>>>             ] 4069/7824, 101.5 task/s, elapsed: 40s, ETA:    37s[>>>>>>>>>>>>>             ] 4070/7824, 101.5 task/s, elapsed: 40s, ETA:    37s[>>>>>>>>>>>>>             ] 4071/7824, 101.5 task/s, elapsed: 40s, ETA:    37s[>>>>>>>>>>>>>             ] 4072/7824, 101.5 task/s, elapsed: 40s, ETA:    37s[>>>>>>>>>>>>>             ] 4073/7824, 101.5 task/s, elapsed: 40s, ETA:    37s[>>>>>>>>>>>>>             ] 4074/7824, 101.6 task/s, elapsed: 40s, ETA:    37s[>>>>>>>>>>>>>             ] 4075/7824, 101.6 task/s, elapsed: 40s, ETA:    37s[>>>>>>>>>>>>>             ] 4076/7824, 101.6 task/s, elapsed: 40s, ETA:    37s[>>>>>>>>>>>>>             ] 4077/7824, 101.6 task/s, elapsed: 40s, ETA:    37s[>>>>>>>>>>>>>             ] 4078/7824, 101.6 task/s, elapsed: 40s, ETA:    37s[>>>>>>>>>>>>>             ] 4079/7824, 101.6 task/s, elapsed: 40s, ETA:    37s[>>>>>>>>>>>>>             ] 4080/7824, 101.6 task/s, elapsed: 40s, ETA:    37s[>>>>>>>>>>>>>             ] 4081/7824, 101.6 task/s, elapsed: 40s, ETA:    37s[>>>>>>>>>>>>>             ] 4082/7824, 101.6 task/s, elapsed: 40s, ETA:    37s[>>>>>>>>>>>>>             ] 4083/7824, 101.6 task/s, elapsed: 40s, ETA:    37s[>>>>>>>>>>>>>             ] 4084/7824, 101.6 task/s, elapsed: 40s, ETA:    37s[>>>>>>>>>>>>>             ] 4085/7824, 101.6 task/s, elapsed: 40s, ETA:    37s[>>>>>>>>>>>>>             ] 4086/7824, 101.6 task/s, elapsed: 40s, ETA:    37s[>>>>>>>>>>>>>             ] 4087/7824, 101.6 task/s, elapsed: 40s, ETA:    37s[>>>>>>>>>>>>>             ] 4088/7824, 101.6 task/s, elapsed: 40s, ETA:    37s[>>>>>>>>>>>>>             ] 4089/7824, 101.6 task/s, elapsed: 40s, ETA:    37s[>>>>>>>>>>>>>             ] 4090/7824, 101.6 task/s, elapsed: 40s, ETA:    37s[>>>>>>>>>>>>>             ] 4091/7824, 101.6 task/s, elapsed: 40s, ETA:    37s[>>>>>>>>>>>>>             ] 4092/7824, 101.6 task/s, elapsed: 40s, ETA:    37s[>>>>>>>>>>>>>             ] 4093/7824, 101.6 task/s, elapsed: 40s, ETA:    37s[>>>>>>>>>>>>>             ] 4094/7824, 101.6 task/s, elapsed: 40s, ETA:    37s[>>>>>>>>>>>>>             ] 4095/7824, 101.6 task/s, elapsed: 40s, ETA:    37s[>>>>>>>>>>>>>             ] 4096/7824, 101.6 task/s, elapsed: 40s, ETA:    37s[>>>>>>>>>>>>>             ] 4097/7824, 101.6 task/s, elapsed: 40s, ETA:    37s[>>>>>>>>>>>>>             ] 4098/7824, 101.6 task/s, elapsed: 40s, ETA:    37s[>>>>>>>>>>>>>             ] 4099/7824, 101.6 task/s, elapsed: 40s, ETA:    37s[>>>>>>>>>>>>>             ] 4100/7824, 101.6 task/s, elapsed: 40s, ETA:    37s[>>>>>>>>>>>>>             ] 4101/7824, 101.6 task/s, elapsed: 40s, ETA:    37s[>>>>>>>>>>>>>             ] 4102/7824, 101.6 task/s, elapsed: 40s, ETA:    37s[>>>>>>>>>>>>>             ] 4103/7824, 101.6 task/s, elapsed: 40s, ETA:    37s[>>>>>>>>>>>>>             ] 4104/7824, 101.6 task/s, elapsed: 40s, ETA:    37s[>>>>>>>>>>>>>             ] 4105/7824, 101.6 task/s, elapsed: 40s, ETA:    37s[>>>>>>>>>>>>>             ] 4106/7824, 101.6 task/s, elapsed: 40s, ETA:    37s[>>>>>>>>>>>>>             ] 4107/7824, 101.6 task/s, elapsed: 40s, ETA:    37s[>>>>>>>>>>>>>             ] 4108/7824, 101.6 task/s, elapsed: 40s, ETA:    37s[>>>>>>>>>>>>>             ] 4109/7824, 101.6 task/s, elapsed: 40s, ETA:    37s[>>>>>>>>>>>>>             ] 4110/7824, 101.6 task/s, elapsed: 40s, ETA:    37s[>>>>>>>>>>>>>             ] 4111/7824, 101.6 task/s, elapsed: 40s, ETA:    37s[>>>>>>>>>>>>>             ] 4112/7824, 101.6 task/s, elapsed: 40s, ETA:    37s[>>>>>>>>>>>>>             ] 4113/7824, 101.6 task/s, elapsed: 40s, ETA:    37s[>>>>>>>>>>>>>             ] 4114/7824, 101.6 task/s, elapsed: 40s, ETA:    37s[>>>>>>>>>>>>>             ] 4115/7824, 101.6 task/s, elapsed: 41s, ETA:    37s[>>>>>>>>>>>>>             ] 4116/7824, 101.6 task/s, elapsed: 41s, ETA:    37s[>>>>>>>>>>>>>             ] 4117/7824, 101.6 task/s, elapsed: 41s, ETA:    36s[>>>>>>>>>>>>>             ] 4118/7824, 101.6 task/s, elapsed: 41s, ETA:    36s[>>>>>>>>>>>>>             ] 4119/7824, 101.6 task/s, elapsed: 41s, ETA:    36s[>>>>>>>>>>>>>             ] 4120/7824, 101.6 task/s, elapsed: 41s, ETA:    36s[>>>>>>>>>>>>>             ] 4121/7824, 101.6 task/s, elapsed: 41s, ETA:    36s[>>>>>>>>>>>>>             ] 4122/7824, 101.6 task/s, elapsed: 41s, ETA:    36s[>>>>>>>>>>>>>             ] 4123/7824, 101.6 task/s, elapsed: 41s, ETA:    36s[>>>>>>>>>>>>>             ] 4124/7824, 101.6 task/s, elapsed: 41s, ETA:    36s[>>>>>>>>>>>>>             ] 4125/7824, 101.6 task/s, elapsed: 41s, ETA:    36s[>>>>>>>>>>>>>             ] 4126/7824, 101.6 task/s, elapsed: 41s, ETA:    36s[>>>>>>>>>>>>>             ] 4127/7824, 101.6 task/s, elapsed: 41s, ETA:    36s[>>>>>>>>>>>>>             ] 4128/7824, 101.6 task/s, elapsed: 41s, ETA:    36s[>>>>>>>>>>>>>             ] 4129/7824, 101.6 task/s, elapsed: 41s, ETA:    36s[>>>>>>>>>>>>>             ] 4130/7824, 101.6 task/s, elapsed: 41s, ETA:    36s[>>>>>>>>>>>>>             ] 4131/7824, 101.6 task/s, elapsed: 41s, ETA:    36s[>>>>>>>>>>>>>             ] 4132/7824, 101.6 task/s, elapsed: 41s, ETA:    36s[>>>>>>>>>>>>>             ] 4133/7824, 101.6 task/s, elapsed: 41s, ETA:    36s[>>>>>>>>>>>>>             ] 4134/7824, 101.6 task/s, elapsed: 41s, ETA:    36s[>>>>>>>>>>>>>             ] 4135/7824, 101.6 task/s, elapsed: 41s, ETA:    36s[>>>>>>>>>>>>>             ] 4136/7824, 101.6 task/s, elapsed: 41s, ETA:    36s[>>>>>>>>>>>>>             ] 4137/7824, 101.6 task/s, elapsed: 41s, ETA:    36s[>>>>>>>>>>>>>             ] 4138/7824, 101.6 task/s, elapsed: 41s, ETA:    36s[>>>>>>>>>>>>>             ] 4139/7824, 101.6 task/s, elapsed: 41s, ETA:    36s[>>>>>>>>>>>>>             ] 4140/7824, 101.6 task/s, elapsed: 41s, ETA:    36s[>>>>>>>>>>>>>             ] 4141/7824, 101.6 task/s, elapsed: 41s, ETA:    36s[>>>>>>>>>>>>>             ] 4142/7824, 101.6 task/s, elapsed: 41s, ETA:    36s[>>>>>>>>>>>>>             ] 4143/7824, 101.6 task/s, elapsed: 41s, ETA:    36s[>>>>>>>>>>>>>             ] 4144/7824, 101.6 task/s, elapsed: 41s, ETA:    36s[>>>>>>>>>>>>>             ] 4145/7824, 101.6 task/s, elapsed: 41s, ETA:    36s[>>>>>>>>>>>>>             ] 4146/7824, 101.6 task/s, elapsed: 41s, ETA:    36s[>>>>>>>>>>>>>             ] 4147/7824, 101.6 task/s, elapsed: 41s, ETA:    36s[>>>>>>>>>>>>>             ] 4148/7824, 101.6 task/s, elapsed: 41s, ETA:    36s[>>>>>>>>>>>>>             ] 4149/7824, 101.6 task/s, elapsed: 41s, ETA:    36s[>>>>>>>>>>>>>             ] 4150/7824, 101.6 task/s, elapsed: 41s, ETA:    36s[>>>>>>>>>>>>>             ] 4151/7824, 101.6 task/s, elapsed: 41s, ETA:    36s[>>>>>>>>>>>>>             ] 4152/7824, 101.6 task/s, elapsed: 41s, ETA:    36s[>>>>>>>>>>>>>             ] 4153/7824, 101.6 task/s, elapsed: 41s, ETA:    36s[>>>>>>>>>>>>>             ] 4154/7824, 101.6 task/s, elapsed: 41s, ETA:    36s[>>>>>>>>>>>>>             ] 4155/7824, 101.6 task/s, elapsed: 41s, ETA:    36s[>>>>>>>>>>>>>             ] 4156/7824, 101.6 task/s, elapsed: 41s, ETA:    36s[>>>>>>>>>>>>>             ] 4157/7824, 101.6 task/s, elapsed: 41s, ETA:    36s[>>>>>>>>>>>>>             ] 4158/7824, 101.6 task/s, elapsed: 41s, ETA:    36s[>>>>>>>>>>>>>             ] 4159/7824, 101.6 task/s, elapsed: 41s, ETA:    36s[>>>>>>>>>>>>>             ] 4160/7824, 101.6 task/s, elapsed: 41s, ETA:    36s[>>>>>>>>>>>>>             ] 4161/7824, 101.6 task/s, elapsed: 41s, ETA:    36s[>>>>>>>>>>>>>             ] 4162/7824, 101.6 task/s, elapsed: 41s, ETA:    36s[>>>>>>>>>>>>>             ] 4163/7824, 101.6 task/s, elapsed: 41s, ETA:    36s[>>>>>>>>>>>>>             ] 4164/7824, 101.6 task/s, elapsed: 41s, ETA:    36s[>>>>>>>>>>>>>             ] 4165/7824, 101.6 task/s, elapsed: 41s, ETA:    36s[>>>>>>>>>>>>>             ] 4166/7824, 101.6 task/s, elapsed: 41s, ETA:    36s[>>>>>>>>>>>>>             ] 4167/7824, 101.6 task/s, elapsed: 41s, ETA:    36s[>>>>>>>>>>>>>             ] 4168/7824, 101.6 task/s, elapsed: 41s, ETA:    36s[>>>>>>>>>>>>>             ] 4169/7824, 101.6 task/s, elapsed: 41s, ETA:    36s[>>>>>>>>>>>>>             ] 4170/7824, 101.6 task/s, elapsed: 41s, ETA:    36s[>>>>>>>>>>>>>             ] 4171/7824, 101.6 task/s, elapsed: 41s, ETA:    36s[>>>>>>>>>>>>>             ] 4172/7824, 101.6 task/s, elapsed: 41s, ETA:    36s[>>>>>>>>>>>>>             ] 4173/7824, 101.6 task/s, elapsed: 41s, ETA:    36s[>>>>>>>>>>>>>             ] 4174/7824, 101.6 task/s, elapsed: 41s, ETA:    36s[>>>>>>>>>>>>>             ] 4175/7824, 101.7 task/s, elapsed: 41s, ETA:    36s[>>>>>>>>>>>>>             ] 4176/7824, 101.7 task/s, elapsed: 41s, ETA:    36s[>>>>>>>>>>>>>             ] 4177/7824, 101.7 task/s, elapsed: 41s, ETA:    36s[>>>>>>>>>>>>>             ] 4178/7824, 101.7 task/s, elapsed: 41s, ETA:    36s[>>>>>>>>>>>>>             ] 4179/7824, 101.7 task/s, elapsed: 41s, ETA:    36s[>>>>>>>>>>>>>             ] 4180/7824, 101.7 task/s, elapsed: 41s, ETA:    36s[>>>>>>>>>>>>>             ] 4181/7824, 101.7 task/s, elapsed: 41s, ETA:    36s[>>>>>>>>>>>>>             ] 4182/7824, 101.7 task/s, elapsed: 41s, ETA:    36s[>>>>>>>>>>>>>             ] 4183/7824, 101.7 task/s, elapsed: 41s, ETA:    36s[>>>>>>>>>>>>>             ] 4184/7824, 101.7 task/s, elapsed: 41s, ETA:    36s[>>>>>>>>>>>>>             ] 4185/7824, 101.7 task/s, elapsed: 41s, ETA:    36s[>>>>>>>>>>>>>             ] 4186/7824, 101.7 task/s, elapsed: 41s, ETA:    36s[>>>>>>>>>>>>>             ] 4187/7824, 101.7 task/s, elapsed: 41s, ETA:    36s[>>>>>>>>>>>>>             ] 4188/7824, 101.7 task/s, elapsed: 41s, ETA:    36s[>>>>>>>>>>>>>             ] 4189/7824, 101.7 task/s, elapsed: 41s, ETA:    36s[>>>>>>>>>>>>>             ] 4190/7824, 101.7 task/s, elapsed: 41s, ETA:    36s[>>>>>>>>>>>>>             ] 4191/7824, 101.7 task/s, elapsed: 41s, ETA:    36s[>>>>>>>>>>>>>             ] 4192/7824, 101.7 task/s, elapsed: 41s, ETA:    36s[>>>>>>>>>>>>>             ] 4193/7824, 101.7 task/s, elapsed: 41s, ETA:    36s[>>>>>>>>>>>>>             ] 4194/7824, 101.7 task/s, elapsed: 41s, ETA:    36s[>>>>>>>>>>>>>             ] 4195/7824, 101.7 task/s, elapsed: 41s, ETA:    36s[>>>>>>>>>>>>>             ] 4196/7824, 101.7 task/s, elapsed: 41s, ETA:    36s[>>>>>>>>>>>>>             ] 4197/7824, 101.7 task/s, elapsed: 41s, ETA:    36s[>>>>>>>>>>>>>             ] 4198/7824, 101.7 task/s, elapsed: 41s, ETA:    36s[>>>>>>>>>>>>>             ] 4199/7824, 101.7 task/s, elapsed: 41s, ETA:    36s[>>>>>>>>>>>>>             ] 4200/7824, 101.7 task/s, elapsed: 41s, ETA:    36s[>>>>>>>>>>>>>             ] 4201/7824, 101.7 task/s, elapsed: 41s, ETA:    36s[>>>>>>>>>>>>>             ] 4202/7824, 101.7 task/s, elapsed: 41s, ETA:    36s[>>>>>>>>>>>>>             ] 4203/7824, 101.7 task/s, elapsed: 41s, ETA:    36s[>>>>>>>>>>>>>             ] 4204/7824, 101.7 task/s, elapsed: 41s, ETA:    36s[>>>>>>>>>>>>>             ] 4205/7824, 101.7 task/s, elapsed: 41s, ETA:    36s[>>>>>>>>>>>>>             ] 4206/7824, 101.7 task/s, elapsed: 41s, ETA:    36s[>>>>>>>>>>>>>             ] 4207/7824, 101.7 task/s, elapsed: 41s, ETA:    36s[>>>>>>>>>>>>>             ] 4208/7824, 101.7 task/s, elapsed: 41s, ETA:    36s[>>>>>>>>>>>>>             ] 4209/7824, 101.7 task/s, elapsed: 41s, ETA:    36s[>>>>>>>>>>>>>             ] 4210/7824, 101.7 task/s, elapsed: 41s, ETA:    36s[>>>>>>>>>>>>>             ] 4211/7824, 101.7 task/s, elapsed: 41s, ETA:    36s[>>>>>>>>>>>>>             ] 4212/7824, 101.7 task/s, elapsed: 41s, ETA:    36s[>>>>>>>>>>>>>>            ] 4213/7824, 101.7 task/s, elapsed: 41s, ETA:    36s[>>>>>>>>>>>>>>            ] 4214/7824, 101.7 task/s, elapsed: 41s, ETA:    35s[>>>>>>>>>>>>>>            ] 4215/7824, 101.7 task/s, elapsed: 41s, ETA:    35s[>>>>>>>>>>>>>>            ] 4216/7824, 101.7 task/s, elapsed: 41s, ETA:    35s[>>>>>>>>>>>>>>            ] 4217/7824, 101.7 task/s, elapsed: 41s, ETA:    35s[>>>>>>>>>>>>>>            ] 4218/7824, 101.7 task/s, elapsed: 41s, ETA:    35s[>>>>>>>>>>>>>>            ] 4219/7824, 101.7 task/s, elapsed: 41s, ETA:    35s[>>>>>>>>>>>>>>            ] 4220/7824, 101.7 task/s, elapsed: 41s, ETA:    35s[>>>>>>>>>>>>>>            ] 4221/7824, 101.7 task/s, elapsed: 42s, ETA:    35s[>>>>>>>>>>>>>>            ] 4222/7824, 101.7 task/s, elapsed: 42s, ETA:    35s[>>>>>>>>>>>>>>            ] 4223/7824, 101.7 task/s, elapsed: 42s, ETA:    35s[>>>>>>>>>>>>>>            ] 4224/7824, 101.7 task/s, elapsed: 42s, ETA:    35s[>>>>>>>>>>>>>>            ] 4225/7824, 101.7 task/s, elapsed: 42s, ETA:    35s[>>>>>>>>>>>>>>            ] 4226/7824, 101.7 task/s, elapsed: 42s, ETA:    35s[>>>>>>>>>>>>>>            ] 4227/7824, 101.7 task/s, elapsed: 42s, ETA:    35s[>>>>>>>>>>>>>>            ] 4228/7824, 101.7 task/s, elapsed: 42s, ETA:    35s[>>>>>>>>>>>>>>            ] 4229/7824, 101.7 task/s, elapsed: 42s, ETA:    35s[>>>>>>>>>>>>>>            ] 4230/7824, 101.7 task/s, elapsed: 42s, ETA:    35s[>>>>>>>>>>>>>>            ] 4231/7824, 101.7 task/s, elapsed: 42s, ETA:    35s[>>>>>>>>>>>>>>            ] 4232/7824, 101.7 task/s, elapsed: 42s, ETA:    35s[>>>>>>>>>>>>>>            ] 4233/7824, 101.7 task/s, elapsed: 42s, ETA:    35s[>>>>>>>>>>>>>>            ] 4234/7824, 101.7 task/s, elapsed: 42s, ETA:    35s[>>>>>>>>>>>>>>            ] 4235/7824, 101.7 task/s, elapsed: 42s, ETA:    35s[>>>>>>>>>>>>>>            ] 4236/7824, 101.7 task/s, elapsed: 42s, ETA:    35s[>>>>>>>>>>>>>>            ] 4237/7824, 101.7 task/s, elapsed: 42s, ETA:    35s[>>>>>>>>>>>>>>            ] 4238/7824, 101.7 task/s, elapsed: 42s, ETA:    35s[>>>>>>>>>>>>>>            ] 4239/7824, 101.7 task/s, elapsed: 42s, ETA:    35s[>>>>>>>>>>>>>>            ] 4240/7824, 101.7 task/s, elapsed: 42s, ETA:    35s[>>>>>>>>>>>>>>            ] 4241/7824, 101.7 task/s, elapsed: 42s, ETA:    35s[>>>>>>>>>>>>>>            ] 4242/7824, 101.7 task/s, elapsed: 42s, ETA:    35s[>>>>>>>>>>>>>>            ] 4243/7824, 101.7 task/s, elapsed: 42s, ETA:    35s[>>>>>>>>>>>>>>            ] 4244/7824, 101.7 task/s, elapsed: 42s, ETA:    35s[>>>>>>>>>>>>>>            ] 4245/7824, 101.7 task/s, elapsed: 42s, ETA:    35s[>>>>>>>>>>>>>>            ] 4246/7824, 101.7 task/s, elapsed: 42s, ETA:    35s[>>>>>>>>>>>>>>            ] 4247/7824, 101.7 task/s, elapsed: 42s, ETA:    35s[>>>>>>>>>>>>>>            ] 4248/7824, 101.7 task/s, elapsed: 42s, ETA:    35s[>>>>>>>>>>>>>>            ] 4249/7824, 101.7 task/s, elapsed: 42s, ETA:    35s[>>>>>>>>>>>>>>            ] 4250/7824, 101.7 task/s, elapsed: 42s, ETA:    35s[>>>>>>>>>>>>>>            ] 4251/7824, 101.7 task/s, elapsed: 42s, ETA:    35s[>>>>>>>>>>>>>>            ] 4252/7824, 101.7 task/s, elapsed: 42s, ETA:    35s[>>>>>>>>>>>>>>            ] 4253/7824, 101.7 task/s, elapsed: 42s, ETA:    35s[>>>>>>>>>>>>>>            ] 4254/7824, 101.7 task/s, elapsed: 42s, ETA:    35s[>>>>>>>>>>>>>>            ] 4255/7824, 101.7 task/s, elapsed: 42s, ETA:    35s[>>>>>>>>>>>>>>            ] 4256/7824, 101.7 task/s, elapsed: 42s, ETA:    35s[>>>>>>>>>>>>>>            ] 4257/7824, 101.7 task/s, elapsed: 42s, ETA:    35s[>>>>>>>>>>>>>>            ] 4258/7824, 101.7 task/s, elapsed: 42s, ETA:    35s[>>>>>>>>>>>>>>            ] 4259/7824, 101.7 task/s, elapsed: 42s, ETA:    35s[>>>>>>>>>>>>>>            ] 4260/7824, 101.7 task/s, elapsed: 42s, ETA:    35s[>>>>>>>>>>>>>>            ] 4261/7824, 101.7 task/s, elapsed: 42s, ETA:    35s[>>>>>>>>>>>>>>            ] 4262/7824, 101.7 task/s, elapsed: 42s, ETA:    35s[>>>>>>>>>>>>>>            ] 4263/7824, 101.7 task/s, elapsed: 42s, ETA:    35s[>>>>>>>>>>>>>>            ] 4264/7824, 101.7 task/s, elapsed: 42s, ETA:    35s[>>>>>>>>>>>>>>            ] 4265/7824, 101.7 task/s, elapsed: 42s, ETA:    35s[>>>>>>>>>>>>>>            ] 4266/7824, 101.7 task/s, elapsed: 42s, ETA:    35s[>>>>>>>>>>>>>>            ] 4267/7824, 101.7 task/s, elapsed: 42s, ETA:    35s[>>>>>>>>>>>>>>            ] 4268/7824, 101.7 task/s, elapsed: 42s, ETA:    35s[>>>>>>>>>>>>>>            ] 4269/7824, 101.7 task/s, elapsed: 42s, ETA:    35s[>>>>>>>>>>>>>>            ] 4270/7824, 101.7 task/s, elapsed: 42s, ETA:    35s[>>>>>>>>>>>>>>            ] 4271/7824, 101.7 task/s, elapsed: 42s, ETA:    35s[>>>>>>>>>>>>>>            ] 4272/7824, 101.7 task/s, elapsed: 42s, ETA:    35s[>>>>>>>>>>>>>>            ] 4273/7824, 101.7 task/s, elapsed: 42s, ETA:    35s[>>>>>>>>>>>>>>            ] 4274/7824, 101.7 task/s, elapsed: 42s, ETA:    35s[>>>>>>>>>>>>>>            ] 4275/7824, 101.7 task/s, elapsed: 42s, ETA:    35s[>>>>>>>>>>>>>>            ] 4276/7824, 101.8 task/s, elapsed: 42s, ETA:    35s[>>>>>>>>>>>>>>            ] 4277/7824, 101.8 task/s, elapsed: 42s, ETA:    35s[>>>>>>>>>>>>>>            ] 4278/7824, 101.8 task/s, elapsed: 42s, ETA:    35s[>>>>>>>>>>>>>>            ] 4279/7824, 101.7 task/s, elapsed: 42s, ETA:    35s[>>>>>>>>>>>>>>            ] 4280/7824, 101.7 task/s, elapsed: 42s, ETA:    35s[>>>>>>>>>>>>>>            ] 4281/7824, 101.8 task/s, elapsed: 42s, ETA:    35s[>>>>>>>>>>>>>>            ] 4282/7824, 101.8 task/s, elapsed: 42s, ETA:    35s[>>>>>>>>>>>>>>            ] 4283/7824, 101.8 task/s, elapsed: 42s, ETA:    35s[>>>>>>>>>>>>>>            ] 4284/7824, 101.8 task/s, elapsed: 42s, ETA:    35s[>>>>>>>>>>>>>>            ] 4285/7824, 101.8 task/s, elapsed: 42s, ETA:    35s[>>>>>>>>>>>>>>            ] 4286/7824, 101.8 task/s, elapsed: 42s, ETA:    35s[>>>>>>>>>>>>>>            ] 4287/7824, 101.8 task/s, elapsed: 42s, ETA:    35s[>>>>>>>>>>>>>>            ] 4288/7824, 101.8 task/s, elapsed: 42s, ETA:    35s[>>>>>>>>>>>>>>            ] 4289/7824, 101.8 task/s, elapsed: 42s, ETA:    35s[>>>>>>>>>>>>>>            ] 4290/7824, 101.8 task/s, elapsed: 42s, ETA:    35s[>>>>>>>>>>>>>>            ] 4291/7824, 101.8 task/s, elapsed: 42s, ETA:    35s[>>>>>>>>>>>>>>            ] 4292/7824, 101.8 task/s, elapsed: 42s, ETA:    35s[>>>>>>>>>>>>>>            ] 4293/7824, 101.8 task/s, elapsed: 42s, ETA:    35s[>>>>>>>>>>>>>>            ] 4294/7824, 101.8 task/s, elapsed: 42s, ETA:    35s[>>>>>>>>>>>>>>            ] 4295/7824, 101.8 task/s, elapsed: 42s, ETA:    35s[>>>>>>>>>>>>>>            ] 4296/7824, 101.8 task/s, elapsed: 42s, ETA:    35s[>>>>>>>>>>>>>>            ] 4297/7824, 101.8 task/s, elapsed: 42s, ETA:    35s[>>>>>>>>>>>>>>            ] 4298/7824, 101.8 task/s, elapsed: 42s, ETA:    35s[>>>>>>>>>>>>>>            ] 4299/7824, 101.8 task/s, elapsed: 42s, ETA:    35s[>>>>>>>>>>>>>>            ] 4300/7824, 101.8 task/s, elapsed: 42s, ETA:    35s[>>>>>>>>>>>>>>            ] 4301/7824, 101.8 task/s, elapsed: 42s, ETA:    35s[>>>>>>>>>>>>>>            ] 4302/7824, 101.8 task/s, elapsed: 42s, ETA:    35s[>>>>>>>>>>>>>>            ] 4303/7824, 101.8 task/s, elapsed: 42s, ETA:    35s[>>>>>>>>>>>>>>            ] 4304/7824, 101.8 task/s, elapsed: 42s, ETA:    35s[>>>>>>>>>>>>>>            ] 4305/7824, 101.8 task/s, elapsed: 42s, ETA:    35s[>>>>>>>>>>>>>>            ] 4306/7824, 101.8 task/s, elapsed: 42s, ETA:    35s[>>>>>>>>>>>>>>            ] 4307/7824, 101.8 task/s, elapsed: 42s, ETA:    35s[>>>>>>>>>>>>>>            ] 4308/7824, 101.8 task/s, elapsed: 42s, ETA:    35s[>>>>>>>>>>>>>>            ] 4309/7824, 101.8 task/s, elapsed: 42s, ETA:    35s[>>>>>>>>>>>>>>            ] 4310/7824, 101.8 task/s, elapsed: 42s, ETA:    35s[>>>>>>>>>>>>>>            ] 4311/7824, 101.8 task/s, elapsed: 42s, ETA:    35s[>>>>>>>>>>>>>>            ] 4312/7824, 101.8 task/s, elapsed: 42s, ETA:    35s[>>>>>>>>>>>>>>            ] 4313/7824, 101.8 task/s, elapsed: 42s, ETA:    34s[>>>>>>>>>>>>>>            ] 4314/7824, 101.8 task/s, elapsed: 42s, ETA:    34s[>>>>>>>>>>>>>>            ] 4315/7824, 101.8 task/s, elapsed: 42s, ETA:    34s[>>>>>>>>>>>>>>            ] 4316/7824, 101.8 task/s, elapsed: 42s, ETA:    34s[>>>>>>>>>>>>>>            ] 4317/7824, 101.8 task/s, elapsed: 42s, ETA:    34s[>>>>>>>>>>>>>>            ] 4318/7824, 101.8 task/s, elapsed: 42s, ETA:    34s[>>>>>>>>>>>>>>            ] 4319/7824, 101.8 task/s, elapsed: 42s, ETA:    34s[>>>>>>>>>>>>>>            ] 4320/7824, 101.8 task/s, elapsed: 42s, ETA:    34s[>>>>>>>>>>>>>>            ] 4321/7824, 101.8 task/s, elapsed: 42s, ETA:    34s[>>>>>>>>>>>>>>            ] 4322/7824, 101.8 task/s, elapsed: 42s, ETA:    34s[>>>>>>>>>>>>>>            ] 4323/7824, 101.8 task/s, elapsed: 42s, ETA:    34s[>>>>>>>>>>>>>>            ] 4324/7824, 101.8 task/s, elapsed: 42s, ETA:    34s[>>>>>>>>>>>>>>            ] 4325/7824, 101.8 task/s, elapsed: 42s, ETA:    34s[>>>>>>>>>>>>>>            ] 4326/7824, 101.8 task/s, elapsed: 42s, ETA:    34s[>>>>>>>>>>>>>>            ] 4327/7824, 101.8 task/s, elapsed: 43s, ETA:    34s[>>>>>>>>>>>>>>            ] 4328/7824, 101.8 task/s, elapsed: 43s, ETA:    34s[>>>>>>>>>>>>>>            ] 4329/7824, 101.8 task/s, elapsed: 43s, ETA:    34s[>>>>>>>>>>>>>>            ] 4330/7824, 101.8 task/s, elapsed: 43s, ETA:    34s[>>>>>>>>>>>>>>            ] 4331/7824, 101.8 task/s, elapsed: 43s, ETA:    34s[>>>>>>>>>>>>>>            ] 4332/7824, 101.8 task/s, elapsed: 43s, ETA:    34s[>>>>>>>>>>>>>>            ] 4333/7824, 101.8 task/s, elapsed: 43s, ETA:    34s[>>>>>>>>>>>>>>            ] 4334/7824, 101.8 task/s, elapsed: 43s, ETA:    34s[>>>>>>>>>>>>>>            ] 4335/7824, 101.8 task/s, elapsed: 43s, ETA:    34s[>>>>>>>>>>>>>>            ] 4336/7824, 101.8 task/s, elapsed: 43s, ETA:    34s[>>>>>>>>>>>>>>            ] 4337/7824, 101.8 task/s, elapsed: 43s, ETA:    34s[>>>>>>>>>>>>>>            ] 4338/7824, 101.8 task/s, elapsed: 43s, ETA:    34s[>>>>>>>>>>>>>>            ] 4339/7824, 101.8 task/s, elapsed: 43s, ETA:    34s[>>>>>>>>>>>>>>            ] 4340/7824, 101.8 task/s, elapsed: 43s, ETA:    34s[>>>>>>>>>>>>>>            ] 4341/7824, 101.8 task/s, elapsed: 43s, ETA:    34s[>>>>>>>>>>>>>>            ] 4342/7824, 101.8 task/s, elapsed: 43s, ETA:    34s[>>>>>>>>>>>>>>            ] 4343/7824, 101.8 task/s, elapsed: 43s, ETA:    34s[>>>>>>>>>>>>>>            ] 4344/7824, 101.8 task/s, elapsed: 43s, ETA:    34s[>>>>>>>>>>>>>>            ] 4345/7824, 101.8 task/s, elapsed: 43s, ETA:    34s[>>>>>>>>>>>>>>            ] 4346/7824, 101.8 task/s, elapsed: 43s, ETA:    34s[>>>>>>>>>>>>>>            ] 4347/7824, 101.8 task/s, elapsed: 43s, ETA:    34s[>>>>>>>>>>>>>>            ] 4348/7824, 101.8 task/s, elapsed: 43s, ETA:    34s[>>>>>>>>>>>>>>            ] 4349/7824, 101.8 task/s, elapsed: 43s, ETA:    34s[>>>>>>>>>>>>>>            ] 4350/7824, 101.8 task/s, elapsed: 43s, ETA:    34s[>>>>>>>>>>>>>>            ] 4351/7824, 101.8 task/s, elapsed: 43s, ETA:    34s[>>>>>>>>>>>>>>            ] 4352/7824, 101.8 task/s, elapsed: 43s, ETA:    34s[>>>>>>>>>>>>>>            ] 4353/7824, 101.8 task/s, elapsed: 43s, ETA:    34s[>>>>>>>>>>>>>>            ] 4354/7824, 101.8 task/s, elapsed: 43s, ETA:    34s[>>>>>>>>>>>>>>            ] 4355/7824, 101.8 task/s, elapsed: 43s, ETA:    34s[>>>>>>>>>>>>>>            ] 4356/7824, 101.8 task/s, elapsed: 43s, ETA:    34s[>>>>>>>>>>>>>>            ] 4357/7824, 101.8 task/s, elapsed: 43s, ETA:    34s[>>>>>>>>>>>>>>            ] 4358/7824, 101.8 task/s, elapsed: 43s, ETA:    34s[>>>>>>>>>>>>>>            ] 4359/7824, 101.8 task/s, elapsed: 43s, ETA:    34s[>>>>>>>>>>>>>>            ] 4360/7824, 101.8 task/s, elapsed: 43s, ETA:    34s[>>>>>>>>>>>>>>            ] 4361/7824, 101.8 task/s, elapsed: 43s, ETA:    34s[>>>>>>>>>>>>>>            ] 4362/7824, 101.8 task/s, elapsed: 43s, ETA:    34s[>>>>>>>>>>>>>>            ] 4363/7824, 101.8 task/s, elapsed: 43s, ETA:    34s[>>>>>>>>>>>>>>            ] 4364/7824, 101.8 task/s, elapsed: 43s, ETA:    34s[>>>>>>>>>>>>>>            ] 4365/7824, 101.8 task/s, elapsed: 43s, ETA:    34s[>>>>>>>>>>>>>>            ] 4366/7824, 101.8 task/s, elapsed: 43s, ETA:    34s[>>>>>>>>>>>>>>            ] 4367/7824, 101.8 task/s, elapsed: 43s, ETA:    34s[>>>>>>>>>>>>>>            ] 4368/7824, 101.8 task/s, elapsed: 43s, ETA:    34s[>>>>>>>>>>>>>>            ] 4369/7824, 101.8 task/s, elapsed: 43s, ETA:    34s[>>>>>>>>>>>>>>            ] 4370/7824, 101.8 task/s, elapsed: 43s, ETA:    34s[>>>>>>>>>>>>>>            ] 4371/7824, 101.8 task/s, elapsed: 43s, ETA:    34s[>>>>>>>>>>>>>>            ] 4372/7824, 101.8 task/s, elapsed: 43s, ETA:    34s[>>>>>>>>>>>>>>            ] 4373/7824, 101.8 task/s, elapsed: 43s, ETA:    34s[>>>>>>>>>>>>>>            ] 4374/7824, 101.8 task/s, elapsed: 43s, ETA:    34s[>>>>>>>>>>>>>>            ] 4375/7824, 101.8 task/s, elapsed: 43s, ETA:    34s[>>>>>>>>>>>>>>            ] 4376/7824, 101.8 task/s, elapsed: 43s, ETA:    34s[>>>>>>>>>>>>>>            ] 4377/7824, 101.9 task/s, elapsed: 43s, ETA:    34s[>>>>>>>>>>>>>>            ] 4378/7824, 101.9 task/s, elapsed: 43s, ETA:    34s[>>>>>>>>>>>>>>            ] 4379/7824, 101.9 task/s, elapsed: 43s, ETA:    34s[>>>>>>>>>>>>>>            ] 4380/7824, 101.9 task/s, elapsed: 43s, ETA:    34s[>>>>>>>>>>>>>>            ] 4381/7824, 101.9 task/s, elapsed: 43s, ETA:    34s[>>>>>>>>>>>>>>            ] 4382/7824, 101.9 task/s, elapsed: 43s, ETA:    34s[>>>>>>>>>>>>>>            ] 4383/7824, 101.9 task/s, elapsed: 43s, ETA:    34s[>>>>>>>>>>>>>>            ] 4384/7824, 101.9 task/s, elapsed: 43s, ETA:    34s[>>>>>>>>>>>>>>            ] 4385/7824, 101.9 task/s, elapsed: 43s, ETA:    34s[>>>>>>>>>>>>>>            ] 4386/7824, 101.9 task/s, elapsed: 43s, ETA:    34s[>>>>>>>>>>>>>>            ] 4387/7824, 101.9 task/s, elapsed: 43s, ETA:    34s[>>>>>>>>>>>>>>            ] 4388/7824, 101.9 task/s, elapsed: 43s, ETA:    34s[>>>>>>>>>>>>>>            ] 4389/7824, 101.9 task/s, elapsed: 43s, ETA:    34s[>>>>>>>>>>>>>>            ] 4390/7824, 101.9 task/s, elapsed: 43s, ETA:    34s[>>>>>>>>>>>>>>            ] 4391/7824, 101.9 task/s, elapsed: 43s, ETA:    34s[>>>>>>>>>>>>>>            ] 4392/7824, 101.9 task/s, elapsed: 43s, ETA:    34s[>>>>>>>>>>>>>>            ] 4393/7824, 101.9 task/s, elapsed: 43s, ETA:    34s[>>>>>>>>>>>>>>            ] 4394/7824, 101.9 task/s, elapsed: 43s, ETA:    34s[>>>>>>>>>>>>>>            ] 4395/7824, 101.9 task/s, elapsed: 43s, ETA:    34s[>>>>>>>>>>>>>>            ] 4396/7824, 101.9 task/s, elapsed: 43s, ETA:    34s[>>>>>>>>>>>>>>            ] 4397/7824, 101.9 task/s, elapsed: 43s, ETA:    34s[>>>>>>>>>>>>>>            ] 4398/7824, 101.9 task/s, elapsed: 43s, ETA:    34s[>>>>>>>>>>>>>>            ] 4399/7824, 101.9 task/s, elapsed: 43s, ETA:    34s[>>>>>>>>>>>>>>            ] 4400/7824, 101.9 task/s, elapsed: 43s, ETA:    34s[>>>>>>>>>>>>>>            ] 4401/7824, 101.9 task/s, elapsed: 43s, ETA:    34s[>>>>>>>>>>>>>>            ] 4402/7824, 101.9 task/s, elapsed: 43s, ETA:    34s[>>>>>>>>>>>>>>            ] 4403/7824, 101.9 task/s, elapsed: 43s, ETA:    34s[>>>>>>>>>>>>>>            ] 4404/7824, 101.9 task/s, elapsed: 43s, ETA:    34s[>>>>>>>>>>>>>>            ] 4405/7824, 101.9 task/s, elapsed: 43s, ETA:    34s[>>>>>>>>>>>>>>            ] 4406/7824, 101.9 task/s, elapsed: 43s, ETA:    34s[>>>>>>>>>>>>>>            ] 4407/7824, 101.9 task/s, elapsed: 43s, ETA:    34s[>>>>>>>>>>>>>>            ] 4408/7824, 101.9 task/s, elapsed: 43s, ETA:    34s[>>>>>>>>>>>>>>            ] 4409/7824, 101.9 task/s, elapsed: 43s, ETA:    34s[>>>>>>>>>>>>>>            ] 4410/7824, 101.9 task/s, elapsed: 43s, ETA:    34s[>>>>>>>>>>>>>>            ] 4411/7824, 101.9 task/s, elapsed: 43s, ETA:    34s[>>>>>>>>>>>>>>            ] 4412/7824, 101.9 task/s, elapsed: 43s, ETA:    33s[>>>>>>>>>>>>>>            ] 4413/7824, 101.9 task/s, elapsed: 43s, ETA:    33s[>>>>>>>>>>>>>>            ] 4414/7824, 101.9 task/s, elapsed: 43s, ETA:    33s[>>>>>>>>>>>>>>            ] 4415/7824, 101.9 task/s, elapsed: 43s, ETA:    33s[>>>>>>>>>>>>>>            ] 4416/7824, 101.9 task/s, elapsed: 43s, ETA:    33s[>>>>>>>>>>>>>>            ] 4417/7824, 101.9 task/s, elapsed: 43s, ETA:    33s[>>>>>>>>>>>>>>            ] 4418/7824, 101.9 task/s, elapsed: 43s, ETA:    33s[>>>>>>>>>>>>>>            ] 4419/7824, 101.9 task/s, elapsed: 43s, ETA:    33s[>>>>>>>>>>>>>>            ] 4420/7824, 101.9 task/s, elapsed: 43s, ETA:    33s[>>>>>>>>>>>>>>            ] 4421/7824, 101.9 task/s, elapsed: 43s, ETA:    33s[>>>>>>>>>>>>>>            ] 4422/7824, 101.9 task/s, elapsed: 43s, ETA:    33s[>>>>>>>>>>>>>>            ] 4423/7824, 101.9 task/s, elapsed: 43s, ETA:    33s[>>>>>>>>>>>>>>            ] 4424/7824, 101.9 task/s, elapsed: 43s, ETA:    33s[>>>>>>>>>>>>>>            ] 4425/7824, 101.9 task/s, elapsed: 43s, ETA:    33s[>>>>>>>>>>>>>>            ] 4426/7824, 101.9 task/s, elapsed: 43s, ETA:    33s[>>>>>>>>>>>>>>            ] 4427/7824, 101.9 task/s, elapsed: 43s, ETA:    33s[>>>>>>>>>>>>>>            ] 4428/7824, 101.9 task/s, elapsed: 43s, ETA:    33s[>>>>>>>>>>>>>>            ] 4429/7824, 101.9 task/s, elapsed: 43s, ETA:    33s[>>>>>>>>>>>>>>            ] 4430/7824, 101.9 task/s, elapsed: 43s, ETA:    33s[>>>>>>>>>>>>>>            ] 4431/7824, 101.9 task/s, elapsed: 43s, ETA:    33s[>>>>>>>>>>>>>>            ] 4432/7824, 101.9 task/s, elapsed: 43s, ETA:    33s[>>>>>>>>>>>>>>            ] 4433/7824, 101.9 task/s, elapsed: 44s, ETA:    33s[>>>>>>>>>>>>>>            ] 4434/7824, 101.9 task/s, elapsed: 44s, ETA:    33s[>>>>>>>>>>>>>>            ] 4435/7824, 101.9 task/s, elapsed: 44s, ETA:    33s[>>>>>>>>>>>>>>            ] 4436/7824, 101.9 task/s, elapsed: 44s, ETA:    33s[>>>>>>>>>>>>>>            ] 4437/7824, 101.9 task/s, elapsed: 44s, ETA:    33s[>>>>>>>>>>>>>>            ] 4438/7824, 101.9 task/s, elapsed: 44s, ETA:    33s[>>>>>>>>>>>>>>            ] 4439/7824, 101.9 task/s, elapsed: 44s, ETA:    33s[>>>>>>>>>>>>>>            ] 4440/7824, 101.9 task/s, elapsed: 44s, ETA:    33s[>>>>>>>>>>>>>>            ] 4441/7824, 101.9 task/s, elapsed: 44s, ETA:    33s[>>>>>>>>>>>>>>            ] 4442/7824, 101.9 task/s, elapsed: 44s, ETA:    33s[>>>>>>>>>>>>>>            ] 4443/7824, 101.9 task/s, elapsed: 44s, ETA:    33s[>>>>>>>>>>>>>>            ] 4444/7824, 101.9 task/s, elapsed: 44s, ETA:    33s[>>>>>>>>>>>>>>            ] 4445/7824, 101.9 task/s, elapsed: 44s, ETA:    33s[>>>>>>>>>>>>>>            ] 4446/7824, 101.9 task/s, elapsed: 44s, ETA:    33s[>>>>>>>>>>>>>>            ] 4447/7824, 101.9 task/s, elapsed: 44s, ETA:    33s[>>>>>>>>>>>>>>            ] 4448/7824, 101.9 task/s, elapsed: 44s, ETA:    33s[>>>>>>>>>>>>>>            ] 4449/7824, 101.9 task/s, elapsed: 44s, ETA:    33s[>>>>>>>>>>>>>>            ] 4450/7824, 101.9 task/s, elapsed: 44s, ETA:    33s[>>>>>>>>>>>>>>            ] 4451/7824, 101.9 task/s, elapsed: 44s, ETA:    33s[>>>>>>>>>>>>>>            ] 4452/7824, 101.9 task/s, elapsed: 44s, ETA:    33s[>>>>>>>>>>>>>>            ] 4453/7824, 101.9 task/s, elapsed: 44s, ETA:    33s[>>>>>>>>>>>>>>            ] 4454/7824, 101.9 task/s, elapsed: 44s, ETA:    33s[>>>>>>>>>>>>>>            ] 4455/7824, 101.9 task/s, elapsed: 44s, ETA:    33s[>>>>>>>>>>>>>>            ] 4456/7824, 101.9 task/s, elapsed: 44s, ETA:    33s[>>>>>>>>>>>>>>            ] 4457/7824, 101.9 task/s, elapsed: 44s, ETA:    33s[>>>>>>>>>>>>>>            ] 4458/7824, 101.9 task/s, elapsed: 44s, ETA:    33s[>>>>>>>>>>>>>>            ] 4459/7824, 101.9 task/s, elapsed: 44s, ETA:    33s[>>>>>>>>>>>>>>            ] 4460/7824, 101.9 task/s, elapsed: 44s, ETA:    33s[>>>>>>>>>>>>>>            ] 4461/7824, 101.9 task/s, elapsed: 44s, ETA:    33s[>>>>>>>>>>>>>>            ] 4462/7824, 101.9 task/s, elapsed: 44s, ETA:    33s[>>>>>>>>>>>>>>            ] 4463/7824, 101.9 task/s, elapsed: 44s, ETA:    33s[>>>>>>>>>>>>>>            ] 4464/7824, 101.9 task/s, elapsed: 44s, ETA:    33s[>>>>>>>>>>>>>>            ] 4465/7824, 101.9 task/s, elapsed: 44s, ETA:    33s[>>>>>>>>>>>>>>            ] 4466/7824, 101.9 task/s, elapsed: 44s, ETA:    33s[>>>>>>>>>>>>>>            ] 4467/7824, 101.9 task/s, elapsed: 44s, ETA:    33s[>>>>>>>>>>>>>>            ] 4468/7824, 101.9 task/s, elapsed: 44s, ETA:    33s[>>>>>>>>>>>>>>            ] 4469/7824, 101.9 task/s, elapsed: 44s, ETA:    33s[>>>>>>>>>>>>>>            ] 4470/7824, 101.9 task/s, elapsed: 44s, ETA:    33s[>>>>>>>>>>>>>>            ] 4471/7824, 101.9 task/s, elapsed: 44s, ETA:    33s[>>>>>>>>>>>>>>            ] 4472/7824, 101.9 task/s, elapsed: 44s, ETA:    33s[>>>>>>>>>>>>>>            ] 4473/7824, 101.9 task/s, elapsed: 44s, ETA:    33s[>>>>>>>>>>>>>>            ] 4474/7824, 101.9 task/s, elapsed: 44s, ETA:    33s[>>>>>>>>>>>>>>            ] 4475/7824, 101.9 task/s, elapsed: 44s, ETA:    33s[>>>>>>>>>>>>>>            ] 4476/7824, 101.9 task/s, elapsed: 44s, ETA:    33s[>>>>>>>>>>>>>>            ] 4477/7824, 101.9 task/s, elapsed: 44s, ETA:    33s[>>>>>>>>>>>>>>            ] 4478/7824, 101.9 task/s, elapsed: 44s, ETA:    33s[>>>>>>>>>>>>>>            ] 4479/7824, 101.9 task/s, elapsed: 44s, ETA:    33s[>>>>>>>>>>>>>>            ] 4480/7824, 101.9 task/s, elapsed: 44s, ETA:    33s[>>>>>>>>>>>>>>            ] 4481/7824, 101.9 task/s, elapsed: 44s, ETA:    33s[>>>>>>>>>>>>>>            ] 4482/7824, 101.9 task/s, elapsed: 44s, ETA:    33s[>>>>>>>>>>>>>>            ] 4483/7824, 101.9 task/s, elapsed: 44s, ETA:    33s[>>>>>>>>>>>>>>            ] 4484/7824, 101.9 task/s, elapsed: 44s, ETA:    33s[>>>>>>>>>>>>>>            ] 4485/7824, 101.9 task/s, elapsed: 44s, ETA:    33s[>>>>>>>>>>>>>>            ] 4486/7824, 101.9 task/s, elapsed: 44s, ETA:    33s[>>>>>>>>>>>>>>            ] 4487/7824, 101.9 task/s, elapsed: 44s, ETA:    33s[>>>>>>>>>>>>>>            ] 4488/7824, 101.9 task/s, elapsed: 44s, ETA:    33s[>>>>>>>>>>>>>>            ] 4489/7824, 101.9 task/s, elapsed: 44s, ETA:    33s[>>>>>>>>>>>>>>            ] 4490/7824, 101.9 task/s, elapsed: 44s, ETA:    33s[>>>>>>>>>>>>>>            ] 4491/7824, 101.9 task/s, elapsed: 44s, ETA:    33s[>>>>>>>>>>>>>>            ] 4492/7824, 101.9 task/s, elapsed: 44s, ETA:    33s[>>>>>>>>>>>>>>            ] 4493/7824, 101.9 task/s, elapsed: 44s, ETA:    33s[>>>>>>>>>>>>>>            ] 4494/7824, 101.9 task/s, elapsed: 44s, ETA:    33s[>>>>>>>>>>>>>>            ] 4495/7824, 102.0 task/s, elapsed: 44s, ETA:    33s[>>>>>>>>>>>>>>            ] 4496/7824, 102.0 task/s, elapsed: 44s, ETA:    33s[>>>>>>>>>>>>>>            ] 4497/7824, 102.0 task/s, elapsed: 44s, ETA:    33s[>>>>>>>>>>>>>>            ] 4498/7824, 102.0 task/s, elapsed: 44s, ETA:    33s[>>>>>>>>>>>>>>            ] 4499/7824, 102.0 task/s, elapsed: 44s, ETA:    33s[>>>>>>>>>>>>>>            ] 4500/7824, 102.0 task/s, elapsed: 44s, ETA:    33s[>>>>>>>>>>>>>>            ] 4501/7824, 102.0 task/s, elapsed: 44s, ETA:    33s[>>>>>>>>>>>>>>            ] 4502/7824, 102.0 task/s, elapsed: 44s, ETA:    33s[>>>>>>>>>>>>>>            ] 4503/7824, 102.0 task/s, elapsed: 44s, ETA:    33s[>>>>>>>>>>>>>>            ] 4504/7824, 102.0 task/s, elapsed: 44s, ETA:    33s[>>>>>>>>>>>>>>            ] 4505/7824, 102.0 task/s, elapsed: 44s, ETA:    33s[>>>>>>>>>>>>>>            ] 4506/7824, 102.0 task/s, elapsed: 44s, ETA:    33s[>>>>>>>>>>>>>>            ] 4507/7824, 102.0 task/s, elapsed: 44s, ETA:    33s[>>>>>>>>>>>>>>            ] 4508/7824, 102.0 task/s, elapsed: 44s, ETA:    33s[>>>>>>>>>>>>>>            ] 4509/7824, 102.0 task/s, elapsed: 44s, ETA:    33s[>>>>>>>>>>>>>>            ] 4510/7824, 102.0 task/s, elapsed: 44s, ETA:    33s[>>>>>>>>>>>>>>            ] 4511/7824, 102.0 task/s, elapsed: 44s, ETA:    32s[>>>>>>>>>>>>>>            ] 4512/7824, 102.0 task/s, elapsed: 44s, ETA:    32s[>>>>>>>>>>>>>>            ] 4513/7824, 102.0 task/s, elapsed: 44s, ETA:    32s[>>>>>>>>>>>>>>>           ] 4514/7824, 102.0 task/s, elapsed: 44s, ETA:    32s[>>>>>>>>>>>>>>>           ] 4515/7824, 102.0 task/s, elapsed: 44s, ETA:    32s[>>>>>>>>>>>>>>>           ] 4516/7824, 102.0 task/s, elapsed: 44s, ETA:    32s[>>>>>>>>>>>>>>>           ] 4517/7824, 102.0 task/s, elapsed: 44s, ETA:    32s[>>>>>>>>>>>>>>>           ] 4518/7824, 102.0 task/s, elapsed: 44s, ETA:    32s[>>>>>>>>>>>>>>>           ] 4519/7824, 102.0 task/s, elapsed: 44s, ETA:    32s[>>>>>>>>>>>>>>>           ] 4520/7824, 102.0 task/s, elapsed: 44s, ETA:    32s[>>>>>>>>>>>>>>>           ] 4521/7824, 102.0 task/s, elapsed: 44s, ETA:    32s[>>>>>>>>>>>>>>>           ] 4522/7824, 102.0 task/s, elapsed: 44s, ETA:    32s[>>>>>>>>>>>>>>>           ] 4523/7824, 102.0 task/s, elapsed: 44s, ETA:    32s[>>>>>>>>>>>>>>>           ] 4524/7824, 102.0 task/s, elapsed: 44s, ETA:    32s[>>>>>>>>>>>>>>>           ] 4525/7824, 102.0 task/s, elapsed: 44s, ETA:    32s[>>>>>>>>>>>>>>>           ] 4526/7824, 102.0 task/s, elapsed: 44s, ETA:    32s[>>>>>>>>>>>>>>>           ] 4527/7824, 102.0 task/s, elapsed: 44s, ETA:    32s[>>>>>>>>>>>>>>>           ] 4528/7824, 102.0 task/s, elapsed: 44s, ETA:    32s[>>>>>>>>>>>>>>>           ] 4529/7824, 102.0 task/s, elapsed: 44s, ETA:    32s[>>>>>>>>>>>>>>>           ] 4530/7824, 102.0 task/s, elapsed: 44s, ETA:    32s[>>>>>>>>>>>>>>>           ] 4531/7824, 102.0 task/s, elapsed: 44s, ETA:    32s[>>>>>>>>>>>>>>>           ] 4532/7824, 102.0 task/s, elapsed: 44s, ETA:    32s[>>>>>>>>>>>>>>>           ] 4533/7824, 102.0 task/s, elapsed: 44s, ETA:    32s[>>>>>>>>>>>>>>>           ] 4534/7824, 102.0 task/s, elapsed: 44s, ETA:    32s[>>>>>>>>>>>>>>>           ] 4535/7824, 102.0 task/s, elapsed: 44s, ETA:    32s[>>>>>>>>>>>>>>>           ] 4536/7824, 102.0 task/s, elapsed: 44s, ETA:    32s[>>>>>>>>>>>>>>>           ] 4537/7824, 102.0 task/s, elapsed: 44s, ETA:    32s[>>>>>>>>>>>>>>>           ] 4538/7824, 102.0 task/s, elapsed: 44s, ETA:    32s[>>>>>>>>>>>>>>>           ] 4539/7824, 102.0 task/s, elapsed: 44s, ETA:    32s[>>>>>>>>>>>>>>>           ] 4540/7824, 102.0 task/s, elapsed: 45s, ETA:    32s[>>>>>>>>>>>>>>>           ] 4541/7824, 102.0 task/s, elapsed: 45s, ETA:    32s[>>>>>>>>>>>>>>>           ] 4542/7824, 102.0 task/s, elapsed: 45s, ETA:    32s[>>>>>>>>>>>>>>>           ] 4543/7824, 102.0 task/s, elapsed: 45s, ETA:    32s[>>>>>>>>>>>>>>>           ] 4544/7824, 102.0 task/s, elapsed: 45s, ETA:    32s[>>>>>>>>>>>>>>>           ] 4545/7824, 102.0 task/s, elapsed: 45s, ETA:    32s[>>>>>>>>>>>>>>>           ] 4546/7824, 102.0 task/s, elapsed: 45s, ETA:    32s[>>>>>>>>>>>>>>>           ] 4547/7824, 102.0 task/s, elapsed: 45s, ETA:    32s[>>>>>>>>>>>>>>>           ] 4548/7824, 102.0 task/s, elapsed: 45s, ETA:    32s[>>>>>>>>>>>>>>>           ] 4549/7824, 102.0 task/s, elapsed: 45s, ETA:    32s[>>>>>>>>>>>>>>>           ] 4550/7824, 102.0 task/s, elapsed: 45s, ETA:    32s[>>>>>>>>>>>>>>>           ] 4551/7824, 102.0 task/s, elapsed: 45s, ETA:    32s[>>>>>>>>>>>>>>>           ] 4552/7824, 102.0 task/s, elapsed: 45s, ETA:    32s[>>>>>>>>>>>>>>>           ] 4553/7824, 102.0 task/s, elapsed: 45s, ETA:    32s[>>>>>>>>>>>>>>>           ] 4554/7824, 102.0 task/s, elapsed: 45s, ETA:    32s[>>>>>>>>>>>>>>>           ] 4555/7824, 102.0 task/s, elapsed: 45s, ETA:    32s[>>>>>>>>>>>>>>>           ] 4556/7824, 102.0 task/s, elapsed: 45s, ETA:    32s[>>>>>>>>>>>>>>>           ] 4557/7824, 102.0 task/s, elapsed: 45s, ETA:    32s[>>>>>>>>>>>>>>>           ] 4558/7824, 102.0 task/s, elapsed: 45s, ETA:    32s[>>>>>>>>>>>>>>>           ] 4559/7824, 102.0 task/s, elapsed: 45s, ETA:    32s[>>>>>>>>>>>>>>>           ] 4560/7824, 102.0 task/s, elapsed: 45s, ETA:    32s[>>>>>>>>>>>>>>>           ] 4561/7824, 102.0 task/s, elapsed: 45s, ETA:    32s[>>>>>>>>>>>>>>>           ] 4562/7824, 102.0 task/s, elapsed: 45s, ETA:    32s[>>>>>>>>>>>>>>>           ] 4563/7824, 102.0 task/s, elapsed: 45s, ETA:    32s[>>>>>>>>>>>>>>>           ] 4564/7824, 102.0 task/s, elapsed: 45s, ETA:    32s[>>>>>>>>>>>>>>>           ] 4565/7824, 102.0 task/s, elapsed: 45s, ETA:    32s[>>>>>>>>>>>>>>>           ] 4566/7824, 102.0 task/s, elapsed: 45s, ETA:    32s[>>>>>>>>>>>>>>>           ] 4567/7824, 102.0 task/s, elapsed: 45s, ETA:    32s[>>>>>>>>>>>>>>>           ] 4568/7824, 102.0 task/s, elapsed: 45s, ETA:    32s[>>>>>>>>>>>>>>>           ] 4569/7824, 102.0 task/s, elapsed: 45s, ETA:    32s[>>>>>>>>>>>>>>>           ] 4570/7824, 102.0 task/s, elapsed: 45s, ETA:    32s[>>>>>>>>>>>>>>>           ] 4571/7824, 102.0 task/s, elapsed: 45s, ETA:    32s[>>>>>>>>>>>>>>>           ] 4572/7824, 102.0 task/s, elapsed: 45s, ETA:    32s[>>>>>>>>>>>>>>>           ] 4573/7824, 102.0 task/s, elapsed: 45s, ETA:    32s[>>>>>>>>>>>>>>>           ] 4574/7824, 102.0 task/s, elapsed: 45s, ETA:    32s[>>>>>>>>>>>>>>>           ] 4575/7824, 102.0 task/s, elapsed: 45s, ETA:    32s[>>>>>>>>>>>>>>>           ] 4576/7824, 102.0 task/s, elapsed: 45s, ETA:    32s[>>>>>>>>>>>>>>>           ] 4577/7824, 102.0 task/s, elapsed: 45s, ETA:    32s[>>>>>>>>>>>>>>>           ] 4578/7824, 102.0 task/s, elapsed: 45s, ETA:    32s[>>>>>>>>>>>>>>>           ] 4579/7824, 102.0 task/s, elapsed: 45s, ETA:    32s[>>>>>>>>>>>>>>>           ] 4580/7824, 102.0 task/s, elapsed: 45s, ETA:    32s[>>>>>>>>>>>>>>>           ] 4581/7824, 102.0 task/s, elapsed: 45s, ETA:    32s[>>>>>>>>>>>>>>>           ] 4582/7824, 102.0 task/s, elapsed: 45s, ETA:    32s[>>>>>>>>>>>>>>>           ] 4583/7824, 102.0 task/s, elapsed: 45s, ETA:    32s[>>>>>>>>>>>>>>>           ] 4584/7824, 102.0 task/s, elapsed: 45s, ETA:    32s[>>>>>>>>>>>>>>>           ] 4585/7824, 102.0 task/s, elapsed: 45s, ETA:    32s[>>>>>>>>>>>>>>>           ] 4586/7824, 102.0 task/s, elapsed: 45s, ETA:    32s[>>>>>>>>>>>>>>>           ] 4587/7824, 102.0 task/s, elapsed: 45s, ETA:    32s[>>>>>>>>>>>>>>>           ] 4588/7824, 102.0 task/s, elapsed: 45s, ETA:    32s[>>>>>>>>>>>>>>>           ] 4589/7824, 102.0 task/s, elapsed: 45s, ETA:    32s[>>>>>>>>>>>>>>>           ] 4590/7824, 102.0 task/s, elapsed: 45s, ETA:    32s[>>>>>>>>>>>>>>>           ] 4591/7824, 102.0 task/s, elapsed: 45s, ETA:    32s[>>>>>>>>>>>>>>>           ] 4592/7824, 102.0 task/s, elapsed: 45s, ETA:    32s[>>>>>>>>>>>>>>>           ] 4593/7824, 102.0 task/s, elapsed: 45s, ETA:    32s[>>>>>>>>>>>>>>>           ] 4594/7824, 102.0 task/s, elapsed: 45s, ETA:    32s[>>>>>>>>>>>>>>>           ] 4595/7824, 102.1 task/s, elapsed: 45s, ETA:    32s[>>>>>>>>>>>>>>>           ] 4596/7824, 102.1 task/s, elapsed: 45s, ETA:    32s[>>>>>>>>>>>>>>>           ] 4597/7824, 102.1 task/s, elapsed: 45s, ETA:    32s[>>>>>>>>>>>>>>>           ] 4598/7824, 102.1 task/s, elapsed: 45s, ETA:    32s[>>>>>>>>>>>>>>>           ] 4599/7824, 102.1 task/s, elapsed: 45s, ETA:    32s[>>>>>>>>>>>>>>>           ] 4600/7824, 102.1 task/s, elapsed: 45s, ETA:    32s[>>>>>>>>>>>>>>>           ] 4601/7824, 102.1 task/s, elapsed: 45s, ETA:    32s[>>>>>>>>>>>>>>>           ] 4602/7824, 102.1 task/s, elapsed: 45s, ETA:    32s[>>>>>>>>>>>>>>>           ] 4603/7824, 102.1 task/s, elapsed: 45s, ETA:    32s[>>>>>>>>>>>>>>>           ] 4604/7824, 102.1 task/s, elapsed: 45s, ETA:    32s[>>>>>>>>>>>>>>>           ] 4605/7824, 102.1 task/s, elapsed: 45s, ETA:    32s[>>>>>>>>>>>>>>>           ] 4606/7824, 102.1 task/s, elapsed: 45s, ETA:    32s[>>>>>>>>>>>>>>>           ] 4607/7824, 102.1 task/s, elapsed: 45s, ETA:    32s[>>>>>>>>>>>>>>>           ] 4608/7824, 102.1 task/s, elapsed: 45s, ETA:    32s[>>>>>>>>>>>>>>>           ] 4609/7824, 102.1 task/s, elapsed: 45s, ETA:    31s[>>>>>>>>>>>>>>>           ] 4610/7824, 102.1 task/s, elapsed: 45s, ETA:    31s[>>>>>>>>>>>>>>>           ] 4611/7824, 102.1 task/s, elapsed: 45s, ETA:    31s[>>>>>>>>>>>>>>>           ] 4612/7824, 102.1 task/s, elapsed: 45s, ETA:    31s[>>>>>>>>>>>>>>>           ] 4613/7824, 102.1 task/s, elapsed: 45s, ETA:    31s[>>>>>>>>>>>>>>>           ] 4614/7824, 102.1 task/s, elapsed: 45s, ETA:    31s[>>>>>>>>>>>>>>>           ] 4615/7824, 102.1 task/s, elapsed: 45s, ETA:    31s[>>>>>>>>>>>>>>>           ] 4616/7824, 102.1 task/s, elapsed: 45s, ETA:    31s[>>>>>>>>>>>>>>>           ] 4617/7824, 102.1 task/s, elapsed: 45s, ETA:    31s[>>>>>>>>>>>>>>>           ] 4618/7824, 102.1 task/s, elapsed: 45s, ETA:    31s[>>>>>>>>>>>>>>>           ] 4619/7824, 102.1 task/s, elapsed: 45s, ETA:    31s[>>>>>>>>>>>>>>>           ] 4620/7824, 102.1 task/s, elapsed: 45s, ETA:    31s[>>>>>>>>>>>>>>>           ] 4621/7824, 102.1 task/s, elapsed: 45s, ETA:    31s[>>>>>>>>>>>>>>>           ] 4622/7824, 102.1 task/s, elapsed: 45s, ETA:    31s[>>>>>>>>>>>>>>>           ] 4623/7824, 102.1 task/s, elapsed: 45s, ETA:    31s[>>>>>>>>>>>>>>>           ] 4624/7824, 102.1 task/s, elapsed: 45s, ETA:    31s[>>>>>>>>>>>>>>>           ] 4625/7824, 102.1 task/s, elapsed: 45s, ETA:    31s[>>>>>>>>>>>>>>>           ] 4626/7824, 102.1 task/s, elapsed: 45s, ETA:    31s[>>>>>>>>>>>>>>>           ] 4627/7824, 102.1 task/s, elapsed: 45s, ETA:    31s[>>>>>>>>>>>>>>>           ] 4628/7824, 102.1 task/s, elapsed: 45s, ETA:    31s[>>>>>>>>>>>>>>>           ] 4629/7824, 102.1 task/s, elapsed: 45s, ETA:    31s[>>>>>>>>>>>>>>>           ] 4630/7824, 102.1 task/s, elapsed: 45s, ETA:    31s[>>>>>>>>>>>>>>>           ] 4631/7824, 102.1 task/s, elapsed: 45s, ETA:    31s[>>>>>>>>>>>>>>>           ] 4632/7824, 102.1 task/s, elapsed: 45s, ETA:    31s[>>>>>>>>>>>>>>>           ] 4633/7824, 102.1 task/s, elapsed: 45s, ETA:    31s[>>>>>>>>>>>>>>>           ] 4634/7824, 102.1 task/s, elapsed: 45s, ETA:    31s[>>>>>>>>>>>>>>>           ] 4635/7824, 102.1 task/s, elapsed: 45s, ETA:    31s[>>>>>>>>>>>>>>>           ] 4636/7824, 102.1 task/s, elapsed: 45s, ETA:    31s[>>>>>>>>>>>>>>>           ] 4637/7824, 102.1 task/s, elapsed: 45s, ETA:    31s[>>>>>>>>>>>>>>>           ] 4638/7824, 102.1 task/s, elapsed: 45s, ETA:    31s[>>>>>>>>>>>>>>>           ] 4639/7824, 102.1 task/s, elapsed: 45s, ETA:    31s[>>>>>>>>>>>>>>>           ] 4640/7824, 102.1 task/s, elapsed: 45s, ETA:    31s[>>>>>>>>>>>>>>>           ] 4641/7824, 102.1 task/s, elapsed: 45s, ETA:    31s[>>>>>>>>>>>>>>>           ] 4642/7824, 102.1 task/s, elapsed: 45s, ETA:    31s[>>>>>>>>>>>>>>>           ] 4643/7824, 102.1 task/s, elapsed: 45s, ETA:    31s[>>>>>>>>>>>>>>>           ] 4644/7824, 102.1 task/s, elapsed: 45s, ETA:    31s[>>>>>>>>>>>>>>>           ] 4645/7824, 102.1 task/s, elapsed: 45s, ETA:    31s[>>>>>>>>>>>>>>>           ] 4646/7824, 102.1 task/s, elapsed: 46s, ETA:    31s[>>>>>>>>>>>>>>>           ] 4647/7824, 102.1 task/s, elapsed: 46s, ETA:    31s[>>>>>>>>>>>>>>>           ] 4648/7824, 102.1 task/s, elapsed: 46s, ETA:    31s[>>>>>>>>>>>>>>>           ] 4649/7824, 102.1 task/s, elapsed: 46s, ETA:    31s[>>>>>>>>>>>>>>>           ] 4650/7824, 102.1 task/s, elapsed: 46s, ETA:    31s[>>>>>>>>>>>>>>>           ] 4651/7824, 102.1 task/s, elapsed: 46s, ETA:    31s[>>>>>>>>>>>>>>>           ] 4652/7824, 102.1 task/s, elapsed: 46s, ETA:    31s[>>>>>>>>>>>>>>>           ] 4653/7824, 102.1 task/s, elapsed: 46s, ETA:    31s[>>>>>>>>>>>>>>>           ] 4654/7824, 102.1 task/s, elapsed: 46s, ETA:    31s[>>>>>>>>>>>>>>>           ] 4655/7824, 102.1 task/s, elapsed: 46s, ETA:    31s[>>>>>>>>>>>>>>>           ] 4656/7824, 102.1 task/s, elapsed: 46s, ETA:    31s[>>>>>>>>>>>>>>>           ] 4657/7824, 102.1 task/s, elapsed: 46s, ETA:    31s[>>>>>>>>>>>>>>>           ] 4658/7824, 102.1 task/s, elapsed: 46s, ETA:    31s[>>>>>>>>>>>>>>>           ] 4659/7824, 102.1 task/s, elapsed: 46s, ETA:    31s[>>>>>>>>>>>>>>>           ] 4660/7824, 102.1 task/s, elapsed: 46s, ETA:    31s[>>>>>>>>>>>>>>>           ] 4661/7824, 102.1 task/s, elapsed: 46s, ETA:    31s[>>>>>>>>>>>>>>>           ] 4662/7824, 102.1 task/s, elapsed: 46s, ETA:    31s[>>>>>>>>>>>>>>>           ] 4663/7824, 102.1 task/s, elapsed: 46s, ETA:    31s[>>>>>>>>>>>>>>>           ] 4664/7824, 102.1 task/s, elapsed: 46s, ETA:    31s[>>>>>>>>>>>>>>>           ] 4665/7824, 102.1 task/s, elapsed: 46s, ETA:    31s[>>>>>>>>>>>>>>>           ] 4666/7824, 102.1 task/s, elapsed: 46s, ETA:    31s[>>>>>>>>>>>>>>>           ] 4667/7824, 102.1 task/s, elapsed: 46s, ETA:    31s[>>>>>>>>>>>>>>>           ] 4668/7824, 102.1 task/s, elapsed: 46s, ETA:    31s[>>>>>>>>>>>>>>>           ] 4669/7824, 102.1 task/s, elapsed: 46s, ETA:    31s[>>>>>>>>>>>>>>>           ] 4670/7824, 102.1 task/s, elapsed: 46s, ETA:    31s[>>>>>>>>>>>>>>>           ] 4671/7824, 102.1 task/s, elapsed: 46s, ETA:    31s[>>>>>>>>>>>>>>>           ] 4672/7824, 102.1 task/s, elapsed: 46s, ETA:    31s[>>>>>>>>>>>>>>>           ] 4673/7824, 102.1 task/s, elapsed: 46s, ETA:    31s[>>>>>>>>>>>>>>>           ] 4674/7824, 102.1 task/s, elapsed: 46s, ETA:    31s[>>>>>>>>>>>>>>>           ] 4675/7824, 102.1 task/s, elapsed: 46s, ETA:    31s[>>>>>>>>>>>>>>>           ] 4676/7824, 102.1 task/s, elapsed: 46s, ETA:    31s[>>>>>>>>>>>>>>>           ] 4677/7824, 102.1 task/s, elapsed: 46s, ETA:    31s[>>>>>>>>>>>>>>>           ] 4678/7824, 102.1 task/s, elapsed: 46s, ETA:    31s[>>>>>>>>>>>>>>>           ] 4679/7824, 102.1 task/s, elapsed: 46s, ETA:    31s[>>>>>>>>>>>>>>>           ] 4680/7824, 102.1 task/s, elapsed: 46s, ETA:    31s[>>>>>>>>>>>>>>>           ] 4681/7824, 102.1 task/s, elapsed: 46s, ETA:    31s[>>>>>>>>>>>>>>>           ] 4682/7824, 102.1 task/s, elapsed: 46s, ETA:    31s[>>>>>>>>>>>>>>>           ] 4683/7824, 102.1 task/s, elapsed: 46s, ETA:    31s[>>>>>>>>>>>>>>>           ] 4684/7824, 102.1 task/s, elapsed: 46s, ETA:    31s[>>>>>>>>>>>>>>>           ] 4685/7824, 102.1 task/s, elapsed: 46s, ETA:    31s[>>>>>>>>>>>>>>>           ] 4686/7824, 102.1 task/s, elapsed: 46s, ETA:    31s[>>>>>>>>>>>>>>>           ] 4687/7824, 102.1 task/s, elapsed: 46s, ETA:    31s[>>>>>>>>>>>>>>>           ] 4688/7824, 102.1 task/s, elapsed: 46s, ETA:    31s[>>>>>>>>>>>>>>>           ] 4689/7824, 102.1 task/s, elapsed: 46s, ETA:    31s[>>>>>>>>>>>>>>>           ] 4690/7824, 102.1 task/s, elapsed: 46s, ETA:    31s[>>>>>>>>>>>>>>>           ] 4691/7824, 102.1 task/s, elapsed: 46s, ETA:    31s[>>>>>>>>>>>>>>>           ] 4692/7824, 102.1 task/s, elapsed: 46s, ETA:    31s[>>>>>>>>>>>>>>>           ] 4693/7824, 102.1 task/s, elapsed: 46s, ETA:    31s[>>>>>>>>>>>>>>>           ] 4694/7824, 102.1 task/s, elapsed: 46s, ETA:    31s[>>>>>>>>>>>>>>>           ] 4695/7824, 102.1 task/s, elapsed: 46s, ETA:    31s[>>>>>>>>>>>>>>>           ] 4696/7824, 102.1 task/s, elapsed: 46s, ETA:    31s[>>>>>>>>>>>>>>>           ] 4697/7824, 102.1 task/s, elapsed: 46s, ETA:    31s[>>>>>>>>>>>>>>>           ] 4698/7824, 102.1 task/s, elapsed: 46s, ETA:    31s[>>>>>>>>>>>>>>>           ] 4699/7824, 102.1 task/s, elapsed: 46s, ETA:    31s[>>>>>>>>>>>>>>>           ] 4700/7824, 102.1 task/s, elapsed: 46s, ETA:    31s[>>>>>>>>>>>>>>>           ] 4701/7824, 102.1 task/s, elapsed: 46s, ETA:    31s[>>>>>>>>>>>>>>>           ] 4702/7824, 102.1 task/s, elapsed: 46s, ETA:    31s[>>>>>>>>>>>>>>>           ] 4703/7824, 102.2 task/s, elapsed: 46s, ETA:    31s[>>>>>>>>>>>>>>>           ] 4704/7824, 102.2 task/s, elapsed: 46s, ETA:    31s[>>>>>>>>>>>>>>>           ] 4705/7824, 102.2 task/s, elapsed: 46s, ETA:    31s[>>>>>>>>>>>>>>>           ] 4706/7824, 102.2 task/s, elapsed: 46s, ETA:    31s[>>>>>>>>>>>>>>>           ] 4707/7824, 102.2 task/s, elapsed: 46s, ETA:    31s[>>>>>>>>>>>>>>>           ] 4708/7824, 102.2 task/s, elapsed: 46s, ETA:    31s[>>>>>>>>>>>>>>>           ] 4709/7824, 102.2 task/s, elapsed: 46s, ETA:    30s[>>>>>>>>>>>>>>>           ] 4710/7824, 102.2 task/s, elapsed: 46s, ETA:    30s[>>>>>>>>>>>>>>>           ] 4711/7824, 102.2 task/s, elapsed: 46s, ETA:    30s[>>>>>>>>>>>>>>>           ] 4712/7824, 102.2 task/s, elapsed: 46s, ETA:    30s[>>>>>>>>>>>>>>>           ] 4713/7824, 102.2 task/s, elapsed: 46s, ETA:    30s[>>>>>>>>>>>>>>>           ] 4714/7824, 102.2 task/s, elapsed: 46s, ETA:    30s[>>>>>>>>>>>>>>>           ] 4715/7824, 102.2 task/s, elapsed: 46s, ETA:    30s[>>>>>>>>>>>>>>>           ] 4716/7824, 102.2 task/s, elapsed: 46s, ETA:    30s[>>>>>>>>>>>>>>>           ] 4717/7824, 102.2 task/s, elapsed: 46s, ETA:    30s[>>>>>>>>>>>>>>>           ] 4718/7824, 102.2 task/s, elapsed: 46s, ETA:    30s[>>>>>>>>>>>>>>>           ] 4719/7824, 102.2 task/s, elapsed: 46s, ETA:    30s[>>>>>>>>>>>>>>>           ] 4720/7824, 102.2 task/s, elapsed: 46s, ETA:    30s[>>>>>>>>>>>>>>>           ] 4721/7824, 102.2 task/s, elapsed: 46s, ETA:    30s[>>>>>>>>>>>>>>>           ] 4722/7824, 102.2 task/s, elapsed: 46s, ETA:    30s[>>>>>>>>>>>>>>>           ] 4723/7824, 102.2 task/s, elapsed: 46s, ETA:    30s[>>>>>>>>>>>>>>>           ] 4724/7824, 102.2 task/s, elapsed: 46s, ETA:    30s[>>>>>>>>>>>>>>>           ] 4725/7824, 102.2 task/s, elapsed: 46s, ETA:    30s[>>>>>>>>>>>>>>>           ] 4726/7824, 102.2 task/s, elapsed: 46s, ETA:    30s[>>>>>>>>>>>>>>>           ] 4727/7824, 102.2 task/s, elapsed: 46s, ETA:    30s[>>>>>>>>>>>>>>>           ] 4728/7824, 102.2 task/s, elapsed: 46s, ETA:    30s[>>>>>>>>>>>>>>>           ] 4729/7824, 102.2 task/s, elapsed: 46s, ETA:    30s[>>>>>>>>>>>>>>>           ] 4730/7824, 102.2 task/s, elapsed: 46s, ETA:    30s[>>>>>>>>>>>>>>>           ] 4731/7824, 102.2 task/s, elapsed: 46s, ETA:    30s[>>>>>>>>>>>>>>>           ] 4732/7824, 102.2 task/s, elapsed: 46s, ETA:    30s[>>>>>>>>>>>>>>>           ] 4733/7824, 102.2 task/s, elapsed: 46s, ETA:    30s[>>>>>>>>>>>>>>>           ] 4734/7824, 102.2 task/s, elapsed: 46s, ETA:    30s[>>>>>>>>>>>>>>>           ] 4735/7824, 102.2 task/s, elapsed: 46s, ETA:    30s[>>>>>>>>>>>>>>>           ] 4736/7824, 102.2 task/s, elapsed: 46s, ETA:    30s[>>>>>>>>>>>>>>>           ] 4737/7824, 102.2 task/s, elapsed: 46s, ETA:    30s[>>>>>>>>>>>>>>>           ] 4738/7824, 102.2 task/s, elapsed: 46s, ETA:    30s[>>>>>>>>>>>>>>>           ] 4739/7824, 102.2 task/s, elapsed: 46s, ETA:    30s[>>>>>>>>>>>>>>>           ] 4740/7824, 102.2 task/s, elapsed: 46s, ETA:    30s[>>>>>>>>>>>>>>>           ] 4741/7824, 102.2 task/s, elapsed: 46s, ETA:    30s[>>>>>>>>>>>>>>>           ] 4742/7824, 102.2 task/s, elapsed: 46s, ETA:    30s[>>>>>>>>>>>>>>>           ] 4743/7824, 102.2 task/s, elapsed: 46s, ETA:    30s[>>>>>>>>>>>>>>>           ] 4744/7824, 102.2 task/s, elapsed: 46s, ETA:    30s[>>>>>>>>>>>>>>>           ] 4745/7824, 102.2 task/s, elapsed: 46s, ETA:    30s[>>>>>>>>>>>>>>>           ] 4746/7824, 102.2 task/s, elapsed: 46s, ETA:    30s[>>>>>>>>>>>>>>>           ] 4747/7824, 102.2 task/s, elapsed: 46s, ETA:    30s[>>>>>>>>>>>>>>>           ] 4748/7824, 102.2 task/s, elapsed: 46s, ETA:    30s[>>>>>>>>>>>>>>>           ] 4749/7824, 102.2 task/s, elapsed: 46s, ETA:    30s[>>>>>>>>>>>>>>>           ] 4750/7824, 102.2 task/s, elapsed: 46s, ETA:    30s[>>>>>>>>>>>>>>>           ] 4751/7824, 102.2 task/s, elapsed: 46s, ETA:    30s[>>>>>>>>>>>>>>>           ] 4752/7824, 102.2 task/s, elapsed: 46s, ETA:    30s[>>>>>>>>>>>>>>>           ] 4753/7824, 102.2 task/s, elapsed: 47s, ETA:    30s[>>>>>>>>>>>>>>>           ] 4754/7824, 102.2 task/s, elapsed: 47s, ETA:    30s[>>>>>>>>>>>>>>>           ] 4755/7824, 102.2 task/s, elapsed: 47s, ETA:    30s[>>>>>>>>>>>>>>>           ] 4756/7824, 102.2 task/s, elapsed: 47s, ETA:    30s[>>>>>>>>>>>>>>>           ] 4757/7824, 102.2 task/s, elapsed: 47s, ETA:    30s[>>>>>>>>>>>>>>>           ] 4758/7824, 102.2 task/s, elapsed: 47s, ETA:    30s[>>>>>>>>>>>>>>>           ] 4759/7824, 102.2 task/s, elapsed: 47s, ETA:    30s[>>>>>>>>>>>>>>>           ] 4760/7824, 102.2 task/s, elapsed: 47s, ETA:    30s[>>>>>>>>>>>>>>>           ] 4761/7824, 102.2 task/s, elapsed: 47s, ETA:    30s[>>>>>>>>>>>>>>>           ] 4762/7824, 102.2 task/s, elapsed: 47s, ETA:    30s[>>>>>>>>>>>>>>>           ] 4763/7824, 102.2 task/s, elapsed: 47s, ETA:    30s[>>>>>>>>>>>>>>>           ] 4764/7824, 102.2 task/s, elapsed: 47s, ETA:    30s[>>>>>>>>>>>>>>>           ] 4765/7824, 102.2 task/s, elapsed: 47s, ETA:    30s[>>>>>>>>>>>>>>>           ] 4766/7824, 102.2 task/s, elapsed: 47s, ETA:    30s[>>>>>>>>>>>>>>>           ] 4767/7824, 102.2 task/s, elapsed: 47s, ETA:    30s[>>>>>>>>>>>>>>>           ] 4768/7824, 102.2 task/s, elapsed: 47s, ETA:    30s[>>>>>>>>>>>>>>>           ] 4769/7824, 102.2 task/s, elapsed: 47s, ETA:    30s[>>>>>>>>>>>>>>>           ] 4770/7824, 102.2 task/s, elapsed: 47s, ETA:    30s[>>>>>>>>>>>>>>>           ] 4771/7824, 102.2 task/s, elapsed: 47s, ETA:    30s[>>>>>>>>>>>>>>>           ] 4772/7824, 102.2 task/s, elapsed: 47s, ETA:    30s[>>>>>>>>>>>>>>>           ] 4773/7824, 102.2 task/s, elapsed: 47s, ETA:    30s[>>>>>>>>>>>>>>>           ] 4774/7824, 102.2 task/s, elapsed: 47s, ETA:    30s[>>>>>>>>>>>>>>>           ] 4775/7824, 102.2 task/s, elapsed: 47s, ETA:    30s[>>>>>>>>>>>>>>>           ] 4776/7824, 102.2 task/s, elapsed: 47s, ETA:    30s[>>>>>>>>>>>>>>>           ] 4777/7824, 102.2 task/s, elapsed: 47s, ETA:    30s[>>>>>>>>>>>>>>>           ] 4778/7824, 102.2 task/s, elapsed: 47s, ETA:    30s[>>>>>>>>>>>>>>>           ] 4779/7824, 102.2 task/s, elapsed: 47s, ETA:    30s[>>>>>>>>>>>>>>>           ] 4780/7824, 102.2 task/s, elapsed: 47s, ETA:    30s[>>>>>>>>>>>>>>>           ] 4781/7824, 102.2 task/s, elapsed: 47s, ETA:    30s[>>>>>>>>>>>>>>>           ] 4782/7824, 102.2 task/s, elapsed: 47s, ETA:    30s[>>>>>>>>>>>>>>>           ] 4783/7824, 102.2 task/s, elapsed: 47s, ETA:    30s[>>>>>>>>>>>>>>>           ] 4784/7824, 102.2 task/s, elapsed: 47s, ETA:    30s[>>>>>>>>>>>>>>>           ] 4785/7824, 102.2 task/s, elapsed: 47s, ETA:    30s[>>>>>>>>>>>>>>>           ] 4786/7824, 102.2 task/s, elapsed: 47s, ETA:    30s[>>>>>>>>>>>>>>>           ] 4787/7824, 102.2 task/s, elapsed: 47s, ETA:    30s[>>>>>>>>>>>>>>>           ] 4788/7824, 102.2 task/s, elapsed: 47s, ETA:    30s[>>>>>>>>>>>>>>>           ] 4789/7824, 102.2 task/s, elapsed: 47s, ETA:    30s[>>>>>>>>>>>>>>>           ] 4790/7824, 102.2 task/s, elapsed: 47s, ETA:    30s[>>>>>>>>>>>>>>>           ] 4791/7824, 102.2 task/s, elapsed: 47s, ETA:    30s[>>>>>>>>>>>>>>>           ] 4792/7824, 102.2 task/s, elapsed: 47s, ETA:    30s[>>>>>>>>>>>>>>>           ] 4793/7824, 102.2 task/s, elapsed: 47s, ETA:    30s[>>>>>>>>>>>>>>>           ] 4794/7824, 102.2 task/s, elapsed: 47s, ETA:    30s[>>>>>>>>>>>>>>>           ] 4795/7824, 102.2 task/s, elapsed: 47s, ETA:    30s[>>>>>>>>>>>>>>>           ] 4796/7824, 102.2 task/s, elapsed: 47s, ETA:    30s[>>>>>>>>>>>>>>>           ] 4797/7824, 102.2 task/s, elapsed: 47s, ETA:    30s[>>>>>>>>>>>>>>>           ] 4798/7824, 102.2 task/s, elapsed: 47s, ETA:    30s[>>>>>>>>>>>>>>>           ] 4799/7824, 102.2 task/s, elapsed: 47s, ETA:    30s[>>>>>>>>>>>>>>>           ] 4800/7824, 102.2 task/s, elapsed: 47s, ETA:    30s[>>>>>>>>>>>>>>>           ] 4801/7824, 102.2 task/s, elapsed: 47s, ETA:    30s[>>>>>>>>>>>>>>>           ] 4802/7824, 102.2 task/s, elapsed: 47s, ETA:    30s[>>>>>>>>>>>>>>>           ] 4803/7824, 102.3 task/s, elapsed: 47s, ETA:    30s[>>>>>>>>>>>>>>>           ] 4804/7824, 102.3 task/s, elapsed: 47s, ETA:    30s[>>>>>>>>>>>>>>>           ] 4805/7824, 102.3 task/s, elapsed: 47s, ETA:    30s[>>>>>>>>>>>>>>>           ] 4806/7824, 102.3 task/s, elapsed: 47s, ETA:    30s[>>>>>>>>>>>>>>>           ] 4807/7824, 102.3 task/s, elapsed: 47s, ETA:    30s[>>>>>>>>>>>>>>>           ] 4808/7824, 102.3 task/s, elapsed: 47s, ETA:    29s[>>>>>>>>>>>>>>>           ] 4809/7824, 102.3 task/s, elapsed: 47s, ETA:    29s[>>>>>>>>>>>>>>>           ] 4810/7824, 102.3 task/s, elapsed: 47s, ETA:    29s[>>>>>>>>>>>>>>>           ] 4811/7824, 102.3 task/s, elapsed: 47s, ETA:    29s[>>>>>>>>>>>>>>>           ] 4812/7824, 102.3 task/s, elapsed: 47s, ETA:    29s[>>>>>>>>>>>>>>>           ] 4813/7824, 102.3 task/s, elapsed: 47s, ETA:    29s[>>>>>>>>>>>>>>>           ] 4814/7824, 102.3 task/s, elapsed: 47s, ETA:    29s[>>>>>>>>>>>>>>>>          ] 4815/7824, 102.3 task/s, elapsed: 47s, ETA:    29s[>>>>>>>>>>>>>>>>          ] 4816/7824, 102.3 task/s, elapsed: 47s, ETA:    29s[>>>>>>>>>>>>>>>>          ] 4817/7824, 102.3 task/s, elapsed: 47s, ETA:    29s[>>>>>>>>>>>>>>>>          ] 4818/7824, 102.3 task/s, elapsed: 47s, ETA:    29s[>>>>>>>>>>>>>>>>          ] 4819/7824, 102.3 task/s, elapsed: 47s, ETA:    29s[>>>>>>>>>>>>>>>>          ] 4820/7824, 102.3 task/s, elapsed: 47s, ETA:    29s[>>>>>>>>>>>>>>>>          ] 4821/7824, 102.3 task/s, elapsed: 47s, ETA:    29s[>>>>>>>>>>>>>>>>          ] 4822/7824, 102.3 task/s, elapsed: 47s, ETA:    29s[>>>>>>>>>>>>>>>>          ] 4823/7824, 102.3 task/s, elapsed: 47s, ETA:    29s[>>>>>>>>>>>>>>>>          ] 4824/7824, 102.3 task/s, elapsed: 47s, ETA:    29s[>>>>>>>>>>>>>>>>          ] 4825/7824, 102.3 task/s, elapsed: 47s, ETA:    29s[>>>>>>>>>>>>>>>>          ] 4826/7824, 102.3 task/s, elapsed: 47s, ETA:    29s[>>>>>>>>>>>>>>>>          ] 4827/7824, 102.3 task/s, elapsed: 47s, ETA:    29s[>>>>>>>>>>>>>>>>          ] 4828/7824, 102.3 task/s, elapsed: 47s, ETA:    29s[>>>>>>>>>>>>>>>>          ] 4829/7824, 102.3 task/s, elapsed: 47s, ETA:    29s[>>>>>>>>>>>>>>>>          ] 4830/7824, 102.3 task/s, elapsed: 47s, ETA:    29s[>>>>>>>>>>>>>>>>          ] 4831/7824, 102.3 task/s, elapsed: 47s, ETA:    29s[>>>>>>>>>>>>>>>>          ] 4832/7824, 102.3 task/s, elapsed: 47s, ETA:    29s[>>>>>>>>>>>>>>>>          ] 4833/7824, 102.3 task/s, elapsed: 47s, ETA:    29s[>>>>>>>>>>>>>>>>          ] 4834/7824, 102.3 task/s, elapsed: 47s, ETA:    29s[>>>>>>>>>>>>>>>>          ] 4835/7824, 102.3 task/s, elapsed: 47s, ETA:    29s[>>>>>>>>>>>>>>>>          ] 4836/7824, 102.3 task/s, elapsed: 47s, ETA:    29s[>>>>>>>>>>>>>>>>          ] 4837/7824, 102.3 task/s, elapsed: 47s, ETA:    29s[>>>>>>>>>>>>>>>>          ] 4838/7824, 102.3 task/s, elapsed: 47s, ETA:    29s[>>>>>>>>>>>>>>>>          ] 4839/7824, 102.3 task/s, elapsed: 47s, ETA:    29s[>>>>>>>>>>>>>>>>          ] 4840/7824, 102.3 task/s, elapsed: 47s, ETA:    29s[>>>>>>>>>>>>>>>>          ] 4841/7824, 102.3 task/s, elapsed: 47s, ETA:    29s[>>>>>>>>>>>>>>>>          ] 4842/7824, 102.3 task/s, elapsed: 47s, ETA:    29s[>>>>>>>>>>>>>>>>          ] 4843/7824, 102.3 task/s, elapsed: 47s, ETA:    29s[>>>>>>>>>>>>>>>>          ] 4844/7824, 102.3 task/s, elapsed: 47s, ETA:    29s[>>>>>>>>>>>>>>>>          ] 4845/7824, 102.3 task/s, elapsed: 47s, ETA:    29s[>>>>>>>>>>>>>>>>          ] 4846/7824, 102.3 task/s, elapsed: 47s, ETA:    29s[>>>>>>>>>>>>>>>>          ] 4847/7824, 102.3 task/s, elapsed: 47s, ETA:    29s[>>>>>>>>>>>>>>>>          ] 4848/7824, 102.3 task/s, elapsed: 47s, ETA:    29s[>>>>>>>>>>>>>>>>          ] 4849/7824, 102.3 task/s, elapsed: 47s, ETA:    29s[>>>>>>>>>>>>>>>>          ] 4850/7824, 102.3 task/s, elapsed: 47s, ETA:    29s[>>>>>>>>>>>>>>>>          ] 4851/7824, 102.3 task/s, elapsed: 47s, ETA:    29s[>>>>>>>>>>>>>>>>          ] 4852/7824, 102.3 task/s, elapsed: 47s, ETA:    29s[>>>>>>>>>>>>>>>>          ] 4853/7824, 102.3 task/s, elapsed: 47s, ETA:    29s[>>>>>>>>>>>>>>>>          ] 4854/7824, 102.3 task/s, elapsed: 47s, ETA:    29s[>>>>>>>>>>>>>>>>          ] 4855/7824, 102.3 task/s, elapsed: 47s, ETA:    29s[>>>>>>>>>>>>>>>>          ] 4856/7824, 102.3 task/s, elapsed: 47s, ETA:    29s[>>>>>>>>>>>>>>>>          ] 4857/7824, 102.3 task/s, elapsed: 47s, ETA:    29s[>>>>>>>>>>>>>>>>          ] 4858/7824, 102.3 task/s, elapsed: 47s, ETA:    29s[>>>>>>>>>>>>>>>>          ] 4859/7824, 102.3 task/s, elapsed: 47s, ETA:    29s[>>>>>>>>>>>>>>>>          ] 4860/7824, 102.3 task/s, elapsed: 48s, ETA:    29s[>>>>>>>>>>>>>>>>          ] 4861/7824, 102.3 task/s, elapsed: 48s, ETA:    29s[>>>>>>>>>>>>>>>>          ] 4862/7824, 102.3 task/s, elapsed: 48s, ETA:    29s[>>>>>>>>>>>>>>>>          ] 4863/7824, 102.3 task/s, elapsed: 48s, ETA:    29s[>>>>>>>>>>>>>>>>          ] 4864/7824, 102.3 task/s, elapsed: 48s, ETA:    29s[>>>>>>>>>>>>>>>>          ] 4865/7824, 102.3 task/s, elapsed: 48s, ETA:    29s[>>>>>>>>>>>>>>>>          ] 4866/7824, 102.3 task/s, elapsed: 48s, ETA:    29s[>>>>>>>>>>>>>>>>          ] 4867/7824, 102.3 task/s, elapsed: 48s, ETA:    29s[>>>>>>>>>>>>>>>>          ] 4868/7824, 102.3 task/s, elapsed: 48s, ETA:    29s[>>>>>>>>>>>>>>>>          ] 4869/7824, 102.3 task/s, elapsed: 48s, ETA:    29s[>>>>>>>>>>>>>>>>          ] 4870/7824, 102.3 task/s, elapsed: 48s, ETA:    29s[>>>>>>>>>>>>>>>>          ] 4871/7824, 102.3 task/s, elapsed: 48s, ETA:    29s[>>>>>>>>>>>>>>>>          ] 4872/7824, 102.3 task/s, elapsed: 48s, ETA:    29s[>>>>>>>>>>>>>>>>          ] 4873/7824, 102.3 task/s, elapsed: 48s, ETA:    29s[>>>>>>>>>>>>>>>>          ] 4874/7824, 102.3 task/s, elapsed: 48s, ETA:    29s[>>>>>>>>>>>>>>>>          ] 4875/7824, 102.3 task/s, elapsed: 48s, ETA:    29s[>>>>>>>>>>>>>>>>          ] 4876/7824, 102.3 task/s, elapsed: 48s, ETA:    29s[>>>>>>>>>>>>>>>>          ] 4877/7824, 102.3 task/s, elapsed: 48s, ETA:    29s[>>>>>>>>>>>>>>>>          ] 4878/7824, 102.3 task/s, elapsed: 48s, ETA:    29s[>>>>>>>>>>>>>>>>          ] 4879/7824, 102.3 task/s, elapsed: 48s, ETA:    29s[>>>>>>>>>>>>>>>>          ] 4880/7824, 102.3 task/s, elapsed: 48s, ETA:    29s[>>>>>>>>>>>>>>>>          ] 4881/7824, 102.3 task/s, elapsed: 48s, ETA:    29s[>>>>>>>>>>>>>>>>          ] 4882/7824, 102.3 task/s, elapsed: 48s, ETA:    29s[>>>>>>>>>>>>>>>>          ] 4883/7824, 102.3 task/s, elapsed: 48s, ETA:    29s[>>>>>>>>>>>>>>>>          ] 4884/7824, 102.3 task/s, elapsed: 48s, ETA:    29s[>>>>>>>>>>>>>>>>          ] 4885/7824, 102.3 task/s, elapsed: 48s, ETA:    29s[>>>>>>>>>>>>>>>>          ] 4886/7824, 102.3 task/s, elapsed: 48s, ETA:    29s[>>>>>>>>>>>>>>>>          ] 4887/7824, 102.3 task/s, elapsed: 48s, ETA:    29s[>>>>>>>>>>>>>>>>          ] 4888/7824, 102.3 task/s, elapsed: 48s, ETA:    29s[>>>>>>>>>>>>>>>>          ] 4889/7824, 102.3 task/s, elapsed: 48s, ETA:    29s[>>>>>>>>>>>>>>>>          ] 4890/7824, 102.3 task/s, elapsed: 48s, ETA:    29s[>>>>>>>>>>>>>>>>          ] 4891/7824, 102.3 task/s, elapsed: 48s, ETA:    29s[>>>>>>>>>>>>>>>>          ] 4892/7824, 102.3 task/s, elapsed: 48s, ETA:    29s[>>>>>>>>>>>>>>>>          ] 4893/7824, 102.3 task/s, elapsed: 48s, ETA:    29s[>>>>>>>>>>>>>>>>          ] 4894/7824, 102.3 task/s, elapsed: 48s, ETA:    29s[>>>>>>>>>>>>>>>>          ] 4895/7824, 102.3 task/s, elapsed: 48s, ETA:    29s[>>>>>>>>>>>>>>>>          ] 4896/7824, 102.3 task/s, elapsed: 48s, ETA:    29s[>>>>>>>>>>>>>>>>          ] 4897/7824, 102.3 task/s, elapsed: 48s, ETA:    29s[>>>>>>>>>>>>>>>>          ] 4898/7824, 102.3 task/s, elapsed: 48s, ETA:    29s[>>>>>>>>>>>>>>>>          ] 4899/7824, 102.3 task/s, elapsed: 48s, ETA:    29s[>>>>>>>>>>>>>>>>          ] 4900/7824, 102.3 task/s, elapsed: 48s, ETA:    29s[>>>>>>>>>>>>>>>>          ] 4901/7824, 102.3 task/s, elapsed: 48s, ETA:    29s[>>>>>>>>>>>>>>>>          ] 4902/7824, 102.3 task/s, elapsed: 48s, ETA:    29s[>>>>>>>>>>>>>>>>          ] 4903/7824, 102.3 task/s, elapsed: 48s, ETA:    29s[>>>>>>>>>>>>>>>>          ] 4904/7824, 102.3 task/s, elapsed: 48s, ETA:    29s[>>>>>>>>>>>>>>>>          ] 4905/7824, 102.3 task/s, elapsed: 48s, ETA:    29s[>>>>>>>>>>>>>>>>          ] 4906/7824, 102.3 task/s, elapsed: 48s, ETA:    29s[>>>>>>>>>>>>>>>>          ] 4907/7824, 102.3 task/s, elapsed: 48s, ETA:    29s[>>>>>>>>>>>>>>>>          ] 4908/7824, 102.3 task/s, elapsed: 48s, ETA:    28s[>>>>>>>>>>>>>>>>          ] 4909/7824, 102.3 task/s, elapsed: 48s, ETA:    28s[>>>>>>>>>>>>>>>>          ] 4910/7824, 102.3 task/s, elapsed: 48s, ETA:    28s[>>>>>>>>>>>>>>>>          ] 4911/7824, 102.3 task/s, elapsed: 48s, ETA:    28s[>>>>>>>>>>>>>>>>          ] 4912/7824, 102.3 task/s, elapsed: 48s, ETA:    28s[>>>>>>>>>>>>>>>>          ] 4913/7824, 102.3 task/s, elapsed: 48s, ETA:    28s[>>>>>>>>>>>>>>>>          ] 4914/7824, 102.3 task/s, elapsed: 48s, ETA:    28s[>>>>>>>>>>>>>>>>          ] 4915/7824, 102.3 task/s, elapsed: 48s, ETA:    28s[>>>>>>>>>>>>>>>>          ] 4916/7824, 102.3 task/s, elapsed: 48s, ETA:    28s[>>>>>>>>>>>>>>>>          ] 4917/7824, 102.3 task/s, elapsed: 48s, ETA:    28s[>>>>>>>>>>>>>>>>          ] 4918/7824, 102.3 task/s, elapsed: 48s, ETA:    28s[>>>>>>>>>>>>>>>>          ] 4919/7824, 102.3 task/s, elapsed: 48s, ETA:    28s[>>>>>>>>>>>>>>>>          ] 4920/7824, 102.3 task/s, elapsed: 48s, ETA:    28s[>>>>>>>>>>>>>>>>          ] 4921/7824, 102.3 task/s, elapsed: 48s, ETA:    28s[>>>>>>>>>>>>>>>>          ] 4922/7824, 102.3 task/s, elapsed: 48s, ETA:    28s[>>>>>>>>>>>>>>>>          ] 4923/7824, 102.3 task/s, elapsed: 48s, ETA:    28s[>>>>>>>>>>>>>>>>          ] 4924/7824, 102.3 task/s, elapsed: 48s, ETA:    28s[>>>>>>>>>>>>>>>>          ] 4925/7824, 102.3 task/s, elapsed: 48s, ETA:    28s[>>>>>>>>>>>>>>>>          ] 4926/7824, 102.3 task/s, elapsed: 48s, ETA:    28s[>>>>>>>>>>>>>>>>          ] 4927/7824, 102.3 task/s, elapsed: 48s, ETA:    28s[>>>>>>>>>>>>>>>>          ] 4928/7824, 102.3 task/s, elapsed: 48s, ETA:    28s[>>>>>>>>>>>>>>>>          ] 4929/7824, 102.3 task/s, elapsed: 48s, ETA:    28s[>>>>>>>>>>>>>>>>          ] 4930/7824, 102.4 task/s, elapsed: 48s, ETA:    28s[>>>>>>>>>>>>>>>>          ] 4931/7824, 102.4 task/s, elapsed: 48s, ETA:    28s[>>>>>>>>>>>>>>>>          ] 4932/7824, 102.4 task/s, elapsed: 48s, ETA:    28s[>>>>>>>>>>>>>>>>          ] 4933/7824, 102.4 task/s, elapsed: 48s, ETA:    28s[>>>>>>>>>>>>>>>>          ] 4934/7824, 102.4 task/s, elapsed: 48s, ETA:    28s[>>>>>>>>>>>>>>>>          ] 4935/7824, 102.4 task/s, elapsed: 48s, ETA:    28s[>>>>>>>>>>>>>>>>          ] 4936/7824, 102.4 task/s, elapsed: 48s, ETA:    28s[>>>>>>>>>>>>>>>>          ] 4937/7824, 102.4 task/s, elapsed: 48s, ETA:    28s[>>>>>>>>>>>>>>>>          ] 4938/7824, 102.4 task/s, elapsed: 48s, ETA:    28s[>>>>>>>>>>>>>>>>          ] 4939/7824, 102.4 task/s, elapsed: 48s, ETA:    28s[>>>>>>>>>>>>>>>>          ] 4940/7824, 102.4 task/s, elapsed: 48s, ETA:    28s[>>>>>>>>>>>>>>>>          ] 4941/7824, 102.4 task/s, elapsed: 48s, ETA:    28s[>>>>>>>>>>>>>>>>          ] 4942/7824, 102.4 task/s, elapsed: 48s, ETA:    28s[>>>>>>>>>>>>>>>>          ] 4943/7824, 102.4 task/s, elapsed: 48s, ETA:    28s[>>>>>>>>>>>>>>>>          ] 4944/7824, 102.4 task/s, elapsed: 48s, ETA:    28s[>>>>>>>>>>>>>>>>          ] 4945/7824, 102.4 task/s, elapsed: 48s, ETA:    28s[>>>>>>>>>>>>>>>>          ] 4946/7824, 102.4 task/s, elapsed: 48s, ETA:    28s[>>>>>>>>>>>>>>>>          ] 4947/7824, 102.4 task/s, elapsed: 48s, ETA:    28s[>>>>>>>>>>>>>>>>          ] 4948/7824, 102.4 task/s, elapsed: 48s, ETA:    28s[>>>>>>>>>>>>>>>>          ] 4949/7824, 102.4 task/s, elapsed: 48s, ETA:    28s[>>>>>>>>>>>>>>>>          ] 4950/7824, 102.4 task/s, elapsed: 48s, ETA:    28s[>>>>>>>>>>>>>>>>          ] 4951/7824, 102.4 task/s, elapsed: 48s, ETA:    28s[>>>>>>>>>>>>>>>>          ] 4952/7824, 102.4 task/s, elapsed: 48s, ETA:    28s[>>>>>>>>>>>>>>>>          ] 4953/7824, 102.4 task/s, elapsed: 48s, ETA:    28s[>>>>>>>>>>>>>>>>          ] 4954/7824, 102.4 task/s, elapsed: 48s, ETA:    28s[>>>>>>>>>>>>>>>>          ] 4955/7824, 102.4 task/s, elapsed: 48s, ETA:    28s[>>>>>>>>>>>>>>>>          ] 4956/7824, 102.4 task/s, elapsed: 48s, ETA:    28s[>>>>>>>>>>>>>>>>          ] 4957/7824, 102.4 task/s, elapsed: 48s, ETA:    28s[>>>>>>>>>>>>>>>>          ] 4958/7824, 102.4 task/s, elapsed: 48s, ETA:    28s[>>>>>>>>>>>>>>>>          ] 4959/7824, 102.4 task/s, elapsed: 48s, ETA:    28s[>>>>>>>>>>>>>>>>          ] 4960/7824, 102.4 task/s, elapsed: 48s, ETA:    28s[>>>>>>>>>>>>>>>>          ] 4961/7824, 102.4 task/s, elapsed: 48s, ETA:    28s[>>>>>>>>>>>>>>>>          ] 4962/7824, 102.4 task/s, elapsed: 48s, ETA:    28s[>>>>>>>>>>>>>>>>          ] 4963/7824, 102.4 task/s, elapsed: 48s, ETA:    28s[>>>>>>>>>>>>>>>>          ] 4964/7824, 102.4 task/s, elapsed: 48s, ETA:    28s[>>>>>>>>>>>>>>>>          ] 4965/7824, 102.4 task/s, elapsed: 48s, ETA:    28s[>>>>>>>>>>>>>>>>          ] 4966/7824, 102.4 task/s, elapsed: 49s, ETA:    28s[>>>>>>>>>>>>>>>>          ] 4967/7824, 102.4 task/s, elapsed: 49s, ETA:    28s[>>>>>>>>>>>>>>>>          ] 4968/7824, 102.4 task/s, elapsed: 49s, ETA:    28s[>>>>>>>>>>>>>>>>          ] 4969/7824, 102.4 task/s, elapsed: 49s, ETA:    28s[>>>>>>>>>>>>>>>>          ] 4970/7824, 102.4 task/s, elapsed: 49s, ETA:    28s[>>>>>>>>>>>>>>>>          ] 4971/7824, 102.4 task/s, elapsed: 49s, ETA:    28s[>>>>>>>>>>>>>>>>          ] 4972/7824, 102.4 task/s, elapsed: 49s, ETA:    28s[>>>>>>>>>>>>>>>>          ] 4973/7824, 102.4 task/s, elapsed: 49s, ETA:    28s[>>>>>>>>>>>>>>>>          ] 4974/7824, 102.4 task/s, elapsed: 49s, ETA:    28s[>>>>>>>>>>>>>>>>          ] 4975/7824, 102.4 task/s, elapsed: 49s, ETA:    28s[>>>>>>>>>>>>>>>>          ] 4976/7824, 102.4 task/s, elapsed: 49s, ETA:    28s[>>>>>>>>>>>>>>>>          ] 4977/7824, 102.4 task/s, elapsed: 49s, ETA:    28s[>>>>>>>>>>>>>>>>          ] 4978/7824, 102.4 task/s, elapsed: 49s, ETA:    28s[>>>>>>>>>>>>>>>>          ] 4979/7824, 102.4 task/s, elapsed: 49s, ETA:    28s[>>>>>>>>>>>>>>>>          ] 4980/7824, 102.4 task/s, elapsed: 49s, ETA:    28s[>>>>>>>>>>>>>>>>          ] 4981/7824, 102.4 task/s, elapsed: 49s, ETA:    28s[>>>>>>>>>>>>>>>>          ] 4982/7824, 102.4 task/s, elapsed: 49s, ETA:    28s[>>>>>>>>>>>>>>>>          ] 4983/7824, 102.4 task/s, elapsed: 49s, ETA:    28s[>>>>>>>>>>>>>>>>          ] 4984/7824, 102.4 task/s, elapsed: 49s, ETA:    28s[>>>>>>>>>>>>>>>>          ] 4985/7824, 102.4 task/s, elapsed: 49s, ETA:    28s[>>>>>>>>>>>>>>>>          ] 4986/7824, 102.4 task/s, elapsed: 49s, ETA:    28s[>>>>>>>>>>>>>>>>          ] 4987/7824, 102.4 task/s, elapsed: 49s, ETA:    28s[>>>>>>>>>>>>>>>>          ] 4988/7824, 102.4 task/s, elapsed: 49s, ETA:    28s[>>>>>>>>>>>>>>>>          ] 4989/7824, 102.4 task/s, elapsed: 49s, ETA:    28s[>>>>>>>>>>>>>>>>          ] 4990/7824, 102.4 task/s, elapsed: 49s, ETA:    28s[>>>>>>>>>>>>>>>>          ] 4991/7824, 102.4 task/s, elapsed: 49s, ETA:    28s[>>>>>>>>>>>>>>>>          ] 4992/7824, 102.4 task/s, elapsed: 49s, ETA:    28s[>>>>>>>>>>>>>>>>          ] 4993/7824, 102.4 task/s, elapsed: 49s, ETA:    28s[>>>>>>>>>>>>>>>>          ] 4994/7824, 102.4 task/s, elapsed: 49s, ETA:    28s[>>>>>>>>>>>>>>>>          ] 4995/7824, 102.4 task/s, elapsed: 49s, ETA:    28s[>>>>>>>>>>>>>>>>          ] 4996/7824, 102.4 task/s, elapsed: 49s, ETA:    28s[>>>>>>>>>>>>>>>>          ] 4997/7824, 102.4 task/s, elapsed: 49s, ETA:    28s[>>>>>>>>>>>>>>>>          ] 4998/7824, 102.4 task/s, elapsed: 49s, ETA:    28s[>>>>>>>>>>>>>>>>          ] 4999/7824, 102.4 task/s, elapsed: 49s, ETA:    28s[>>>>>>>>>>>>>>>>          ] 5000/7824, 102.4 task/s, elapsed: 49s, ETA:    28s[>>>>>>>>>>>>>>>>          ] 5001/7824, 102.4 task/s, elapsed: 49s, ETA:    28s[>>>>>>>>>>>>>>>>          ] 5002/7824, 102.4 task/s, elapsed: 49s, ETA:    28s[>>>>>>>>>>>>>>>>          ] 5003/7824, 102.4 task/s, elapsed: 49s, ETA:    28s[>>>>>>>>>>>>>>>>          ] 5004/7824, 102.4 task/s, elapsed: 49s, ETA:    28s[>>>>>>>>>>>>>>>>          ] 5005/7824, 102.4 task/s, elapsed: 49s, ETA:    28s[>>>>>>>>>>>>>>>>          ] 5006/7824, 102.4 task/s, elapsed: 49s, ETA:    28s[>>>>>>>>>>>>>>>>          ] 5007/7824, 102.4 task/s, elapsed: 49s, ETA:    28s[>>>>>>>>>>>>>>>>          ] 5008/7824, 102.4 task/s, elapsed: 49s, ETA:    27s[>>>>>>>>>>>>>>>>          ] 5009/7824, 102.4 task/s, elapsed: 49s, ETA:    27s[>>>>>>>>>>>>>>>>          ] 5010/7824, 102.4 task/s, elapsed: 49s, ETA:    27s[>>>>>>>>>>>>>>>>          ] 5011/7824, 102.4 task/s, elapsed: 49s, ETA:    27s[>>>>>>>>>>>>>>>>          ] 5012/7824, 102.4 task/s, elapsed: 49s, ETA:    27s[>>>>>>>>>>>>>>>>          ] 5013/7824, 102.4 task/s, elapsed: 49s, ETA:    27s[>>>>>>>>>>>>>>>>          ] 5014/7824, 102.4 task/s, elapsed: 49s, ETA:    27s[>>>>>>>>>>>>>>>>          ] 5015/7824, 102.4 task/s, elapsed: 49s, ETA:    27s[>>>>>>>>>>>>>>>>          ] 5016/7824, 102.4 task/s, elapsed: 49s, ETA:    27s[>>>>>>>>>>>>>>>>          ] 5017/7824, 102.4 task/s, elapsed: 49s, ETA:    27s[>>>>>>>>>>>>>>>>          ] 5018/7824, 102.4 task/s, elapsed: 49s, ETA:    27s[>>>>>>>>>>>>>>>>          ] 5019/7824, 102.4 task/s, elapsed: 49s, ETA:    27s[>>>>>>>>>>>>>>>>          ] 5020/7824, 102.4 task/s, elapsed: 49s, ETA:    27s[>>>>>>>>>>>>>>>>          ] 5021/7824, 102.4 task/s, elapsed: 49s, ETA:    27s[>>>>>>>>>>>>>>>>          ] 5022/7824, 102.4 task/s, elapsed: 49s, ETA:    27s[>>>>>>>>>>>>>>>>          ] 5023/7824, 102.4 task/s, elapsed: 49s, ETA:    27s[>>>>>>>>>>>>>>>>          ] 5024/7824, 102.4 task/s, elapsed: 49s, ETA:    27s[>>>>>>>>>>>>>>>>          ] 5025/7824, 102.4 task/s, elapsed: 49s, ETA:    27s[>>>>>>>>>>>>>>>>          ] 5026/7824, 102.4 task/s, elapsed: 49s, ETA:    27s[>>>>>>>>>>>>>>>>          ] 5027/7824, 102.4 task/s, elapsed: 49s, ETA:    27s[>>>>>>>>>>>>>>>>          ] 5028/7824, 102.4 task/s, elapsed: 49s, ETA:    27s[>>>>>>>>>>>>>>>>          ] 5029/7824, 102.4 task/s, elapsed: 49s, ETA:    27s[>>>>>>>>>>>>>>>>          ] 5030/7824, 102.4 task/s, elapsed: 49s, ETA:    27s[>>>>>>>>>>>>>>>>          ] 5031/7824, 102.4 task/s, elapsed: 49s, ETA:    27s[>>>>>>>>>>>>>>>>          ] 5032/7824, 102.4 task/s, elapsed: 49s, ETA:    27s[>>>>>>>>>>>>>>>>          ] 5033/7824, 102.4 task/s, elapsed: 49s, ETA:    27s[>>>>>>>>>>>>>>>>          ] 5034/7824, 102.4 task/s, elapsed: 49s, ETA:    27s[>>>>>>>>>>>>>>>>          ] 5035/7824, 102.4 task/s, elapsed: 49s, ETA:    27s[>>>>>>>>>>>>>>>>          ] 5036/7824, 102.4 task/s, elapsed: 49s, ETA:    27s[>>>>>>>>>>>>>>>>          ] 5037/7824, 102.4 task/s, elapsed: 49s, ETA:    27s[>>>>>>>>>>>>>>>>          ] 5038/7824, 102.4 task/s, elapsed: 49s, ETA:    27s[>>>>>>>>>>>>>>>>          ] 5039/7824, 102.4 task/s, elapsed: 49s, ETA:    27s[>>>>>>>>>>>>>>>>          ] 5040/7824, 102.4 task/s, elapsed: 49s, ETA:    27s[>>>>>>>>>>>>>>>>          ] 5041/7824, 102.4 task/s, elapsed: 49s, ETA:    27s[>>>>>>>>>>>>>>>>          ] 5042/7824, 102.4 task/s, elapsed: 49s, ETA:    27s[>>>>>>>>>>>>>>>>          ] 5043/7824, 102.4 task/s, elapsed: 49s, ETA:    27s[>>>>>>>>>>>>>>>>          ] 5044/7824, 102.4 task/s, elapsed: 49s, ETA:    27s[>>>>>>>>>>>>>>>>          ] 5045/7824, 102.4 task/s, elapsed: 49s, ETA:    27s[>>>>>>>>>>>>>>>>          ] 5046/7824, 102.4 task/s, elapsed: 49s, ETA:    27s[>>>>>>>>>>>>>>>>          ] 5047/7824, 102.4 task/s, elapsed: 49s, ETA:    27s[>>>>>>>>>>>>>>>>          ] 5048/7824, 102.4 task/s, elapsed: 49s, ETA:    27s[>>>>>>>>>>>>>>>>          ] 5049/7824, 102.4 task/s, elapsed: 49s, ETA:    27s[>>>>>>>>>>>>>>>>          ] 5050/7824, 102.4 task/s, elapsed: 49s, ETA:    27s[>>>>>>>>>>>>>>>>          ] 5051/7824, 102.4 task/s, elapsed: 49s, ETA:    27s[>>>>>>>>>>>>>>>>          ] 5052/7824, 102.4 task/s, elapsed: 49s, ETA:    27s[>>>>>>>>>>>>>>>>          ] 5053/7824, 102.4 task/s, elapsed: 49s, ETA:    27s[>>>>>>>>>>>>>>>>          ] 5054/7824, 102.4 task/s, elapsed: 49s, ETA:    27s[>>>>>>>>>>>>>>>>          ] 5055/7824, 102.4 task/s, elapsed: 49s, ETA:    27s[>>>>>>>>>>>>>>>>          ] 5056/7824, 102.4 task/s, elapsed: 49s, ETA:    27s[>>>>>>>>>>>>>>>>          ] 5057/7824, 102.4 task/s, elapsed: 49s, ETA:    27s[>>>>>>>>>>>>>>>>          ] 5058/7824, 102.4 task/s, elapsed: 49s, ETA:    27s[>>>>>>>>>>>>>>>>          ] 5059/7824, 102.4 task/s, elapsed: 49s, ETA:    27s[>>>>>>>>>>>>>>>>          ] 5060/7824, 102.5 task/s, elapsed: 49s, ETA:    27s[>>>>>>>>>>>>>>>>          ] 5061/7824, 102.5 task/s, elapsed: 49s, ETA:    27s[>>>>>>>>>>>>>>>>          ] 5062/7824, 102.5 task/s, elapsed: 49s, ETA:    27s[>>>>>>>>>>>>>>>>          ] 5063/7824, 102.5 task/s, elapsed: 49s, ETA:    27s[>>>>>>>>>>>>>>>>          ] 5064/7824, 102.5 task/s, elapsed: 49s, ETA:    27s[>>>>>>>>>>>>>>>>          ] 5065/7824, 102.5 task/s, elapsed: 49s, ETA:    27s[>>>>>>>>>>>>>>>>          ] 5066/7824, 102.5 task/s, elapsed: 49s, ETA:    27s[>>>>>>>>>>>>>>>>          ] 5067/7824, 102.5 task/s, elapsed: 49s, ETA:    27s[>>>>>>>>>>>>>>>>          ] 5068/7824, 102.5 task/s, elapsed: 49s, ETA:    27s[>>>>>>>>>>>>>>>>          ] 5069/7824, 102.5 task/s, elapsed: 49s, ETA:    27s[>>>>>>>>>>>>>>>>          ] 5070/7824, 102.5 task/s, elapsed: 49s, ETA:    27s[>>>>>>>>>>>>>>>>          ] 5071/7824, 102.5 task/s, elapsed: 49s, ETA:    27s[>>>>>>>>>>>>>>>>          ] 5072/7824, 102.5 task/s, elapsed: 50s, ETA:    27s[>>>>>>>>>>>>>>>>          ] 5073/7824, 102.5 task/s, elapsed: 50s, ETA:    27s[>>>>>>>>>>>>>>>>          ] 5074/7824, 102.5 task/s, elapsed: 50s, ETA:    27s[>>>>>>>>>>>>>>>>          ] 5075/7824, 102.5 task/s, elapsed: 50s, ETA:    27s[>>>>>>>>>>>>>>>>          ] 5076/7824, 102.5 task/s, elapsed: 50s, ETA:    27s[>>>>>>>>>>>>>>>>          ] 5077/7824, 102.5 task/s, elapsed: 50s, ETA:    27s[>>>>>>>>>>>>>>>>          ] 5078/7824, 102.5 task/s, elapsed: 50s, ETA:    27s[>>>>>>>>>>>>>>>>          ] 5079/7824, 102.5 task/s, elapsed: 50s, ETA:    27s[>>>>>>>>>>>>>>>>          ] 5080/7824, 102.5 task/s, elapsed: 50s, ETA:    27s[>>>>>>>>>>>>>>>>          ] 5081/7824, 102.5 task/s, elapsed: 50s, ETA:    27s[>>>>>>>>>>>>>>>>          ] 5082/7824, 102.5 task/s, elapsed: 50s, ETA:    27s[>>>>>>>>>>>>>>>>          ] 5083/7824, 102.5 task/s, elapsed: 50s, ETA:    27s[>>>>>>>>>>>>>>>>          ] 5084/7824, 102.5 task/s, elapsed: 50s, ETA:    27s[>>>>>>>>>>>>>>>>          ] 5085/7824, 102.5 task/s, elapsed: 50s, ETA:    27s[>>>>>>>>>>>>>>>>          ] 5086/7824, 102.5 task/s, elapsed: 50s, ETA:    27s[>>>>>>>>>>>>>>>>          ] 5087/7824, 102.5 task/s, elapsed: 50s, ETA:    27s[>>>>>>>>>>>>>>>>          ] 5088/7824, 102.5 task/s, elapsed: 50s, ETA:    27s[>>>>>>>>>>>>>>>>          ] 5089/7824, 102.5 task/s, elapsed: 50s, ETA:    27s[>>>>>>>>>>>>>>>>          ] 5090/7824, 102.5 task/s, elapsed: 50s, ETA:    27s[>>>>>>>>>>>>>>>>          ] 5091/7824, 102.5 task/s, elapsed: 50s, ETA:    27s[>>>>>>>>>>>>>>>>          ] 5092/7824, 102.5 task/s, elapsed: 50s, ETA:    27s[>>>>>>>>>>>>>>>>          ] 5093/7824, 102.5 task/s, elapsed: 50s, ETA:    27s[>>>>>>>>>>>>>>>>          ] 5094/7824, 102.5 task/s, elapsed: 50s, ETA:    27s[>>>>>>>>>>>>>>>>          ] 5095/7824, 102.5 task/s, elapsed: 50s, ETA:    27s[>>>>>>>>>>>>>>>>          ] 5096/7824, 102.5 task/s, elapsed: 50s, ETA:    27s[>>>>>>>>>>>>>>>>          ] 5097/7824, 102.5 task/s, elapsed: 50s, ETA:    27s[>>>>>>>>>>>>>>>>          ] 5098/7824, 102.5 task/s, elapsed: 50s, ETA:    27s[>>>>>>>>>>>>>>>>          ] 5099/7824, 102.5 task/s, elapsed: 50s, ETA:    27s[>>>>>>>>>>>>>>>>          ] 5100/7824, 102.5 task/s, elapsed: 50s, ETA:    27s[>>>>>>>>>>>>>>>>          ] 5101/7824, 102.5 task/s, elapsed: 50s, ETA:    27s[>>>>>>>>>>>>>>>>          ] 5102/7824, 102.5 task/s, elapsed: 50s, ETA:    27s[>>>>>>>>>>>>>>>>          ] 5103/7824, 102.5 task/s, elapsed: 50s, ETA:    27s[>>>>>>>>>>>>>>>>          ] 5104/7824, 102.5 task/s, elapsed: 50s, ETA:    27s[>>>>>>>>>>>>>>>>          ] 5105/7824, 102.5 task/s, elapsed: 50s, ETA:    27s[>>>>>>>>>>>>>>>>          ] 5106/7824, 102.5 task/s, elapsed: 50s, ETA:    27s[>>>>>>>>>>>>>>>>          ] 5107/7824, 102.5 task/s, elapsed: 50s, ETA:    27s[>>>>>>>>>>>>>>>>          ] 5108/7824, 102.5 task/s, elapsed: 50s, ETA:    27s[>>>>>>>>>>>>>>>>          ] 5109/7824, 102.5 task/s, elapsed: 50s, ETA:    26s[>>>>>>>>>>>>>>>>          ] 5110/7824, 102.5 task/s, elapsed: 50s, ETA:    26s[>>>>>>>>>>>>>>>>          ] 5111/7824, 102.5 task/s, elapsed: 50s, ETA:    26s[>>>>>>>>>>>>>>>>          ] 5112/7824, 102.5 task/s, elapsed: 50s, ETA:    26s[>>>>>>>>>>>>>>>>          ] 5113/7824, 102.5 task/s, elapsed: 50s, ETA:    26s[>>>>>>>>>>>>>>>>          ] 5114/7824, 102.5 task/s, elapsed: 50s, ETA:    26s[>>>>>>>>>>>>>>>>          ] 5115/7824, 102.5 task/s, elapsed: 50s, ETA:    26s[>>>>>>>>>>>>>>>>>         ] 5116/7824, 102.5 task/s, elapsed: 50s, ETA:    26s[>>>>>>>>>>>>>>>>>         ] 5117/7824, 102.5 task/s, elapsed: 50s, ETA:    26s[>>>>>>>>>>>>>>>>>         ] 5118/7824, 102.5 task/s, elapsed: 50s, ETA:    26s[>>>>>>>>>>>>>>>>>         ] 5119/7824, 102.5 task/s, elapsed: 50s, ETA:    26s[>>>>>>>>>>>>>>>>>         ] 5120/7824, 102.5 task/s, elapsed: 50s, ETA:    26s[>>>>>>>>>>>>>>>>>         ] 5121/7824, 102.5 task/s, elapsed: 50s, ETA:    26s[>>>>>>>>>>>>>>>>>         ] 5122/7824, 102.5 task/s, elapsed: 50s, ETA:    26s[>>>>>>>>>>>>>>>>>         ] 5123/7824, 102.5 task/s, elapsed: 50s, ETA:    26s[>>>>>>>>>>>>>>>>>         ] 5124/7824, 102.5 task/s, elapsed: 50s, ETA:    26s[>>>>>>>>>>>>>>>>>         ] 5125/7824, 102.5 task/s, elapsed: 50s, ETA:    26s[>>>>>>>>>>>>>>>>>         ] 5126/7824, 102.5 task/s, elapsed: 50s, ETA:    26s[>>>>>>>>>>>>>>>>>         ] 5127/7824, 102.5 task/s, elapsed: 50s, ETA:    26s[>>>>>>>>>>>>>>>>>         ] 5128/7824, 102.5 task/s, elapsed: 50s, ETA:    26s[>>>>>>>>>>>>>>>>>         ] 5129/7824, 102.5 task/s, elapsed: 50s, ETA:    26s[>>>>>>>>>>>>>>>>>         ] 5130/7824, 102.5 task/s, elapsed: 50s, ETA:    26s[>>>>>>>>>>>>>>>>>         ] 5131/7824, 102.5 task/s, elapsed: 50s, ETA:    26s[>>>>>>>>>>>>>>>>>         ] 5132/7824, 102.5 task/s, elapsed: 50s, ETA:    26s[>>>>>>>>>>>>>>>>>         ] 5133/7824, 102.5 task/s, elapsed: 50s, ETA:    26s[>>>>>>>>>>>>>>>>>         ] 5134/7824, 102.5 task/s, elapsed: 50s, ETA:    26s[>>>>>>>>>>>>>>>>>         ] 5135/7824, 102.5 task/s, elapsed: 50s, ETA:    26s[>>>>>>>>>>>>>>>>>         ] 5136/7824, 102.5 task/s, elapsed: 50s, ETA:    26s[>>>>>>>>>>>>>>>>>         ] 5137/7824, 102.5 task/s, elapsed: 50s, ETA:    26s[>>>>>>>>>>>>>>>>>         ] 5138/7824, 102.5 task/s, elapsed: 50s, ETA:    26s[>>>>>>>>>>>>>>>>>         ] 5139/7824, 102.5 task/s, elapsed: 50s, ETA:    26s[>>>>>>>>>>>>>>>>>         ] 5140/7824, 102.5 task/s, elapsed: 50s, ETA:    26s[>>>>>>>>>>>>>>>>>         ] 5141/7824, 102.5 task/s, elapsed: 50s, ETA:    26s[>>>>>>>>>>>>>>>>>         ] 5142/7824, 102.5 task/s, elapsed: 50s, ETA:    26s[>>>>>>>>>>>>>>>>>         ] 5143/7824, 102.5 task/s, elapsed: 50s, ETA:    26s[>>>>>>>>>>>>>>>>>         ] 5144/7824, 102.5 task/s, elapsed: 50s, ETA:    26s[>>>>>>>>>>>>>>>>>         ] 5145/7824, 102.5 task/s, elapsed: 50s, ETA:    26s[>>>>>>>>>>>>>>>>>         ] 5146/7824, 102.5 task/s, elapsed: 50s, ETA:    26s[>>>>>>>>>>>>>>>>>         ] 5147/7824, 102.5 task/s, elapsed: 50s, ETA:    26s[>>>>>>>>>>>>>>>>>         ] 5148/7824, 102.5 task/s, elapsed: 50s, ETA:    26s[>>>>>>>>>>>>>>>>>         ] 5149/7824, 102.5 task/s, elapsed: 50s, ETA:    26s[>>>>>>>>>>>>>>>>>         ] 5150/7824, 102.5 task/s, elapsed: 50s, ETA:    26s[>>>>>>>>>>>>>>>>>         ] 5151/7824, 102.5 task/s, elapsed: 50s, ETA:    26s[>>>>>>>>>>>>>>>>>         ] 5152/7824, 102.5 task/s, elapsed: 50s, ETA:    26s[>>>>>>>>>>>>>>>>>         ] 5153/7824, 102.5 task/s, elapsed: 50s, ETA:    26s[>>>>>>>>>>>>>>>>>         ] 5154/7824, 102.5 task/s, elapsed: 50s, ETA:    26s[>>>>>>>>>>>>>>>>>         ] 5155/7824, 102.5 task/s, elapsed: 50s, ETA:    26s[>>>>>>>>>>>>>>>>>         ] 5156/7824, 102.5 task/s, elapsed: 50s, ETA:    26s[>>>>>>>>>>>>>>>>>         ] 5157/7824, 102.5 task/s, elapsed: 50s, ETA:    26s[>>>>>>>>>>>>>>>>>         ] 5158/7824, 102.5 task/s, elapsed: 50s, ETA:    26s[>>>>>>>>>>>>>>>>>         ] 5159/7824, 102.5 task/s, elapsed: 50s, ETA:    26s[>>>>>>>>>>>>>>>>>         ] 5160/7824, 102.5 task/s, elapsed: 50s, ETA:    26s[>>>>>>>>>>>>>>>>>         ] 5161/7824, 102.5 task/s, elapsed: 50s, ETA:    26s[>>>>>>>>>>>>>>>>>         ] 5162/7824, 102.5 task/s, elapsed: 50s, ETA:    26s[>>>>>>>>>>>>>>>>>         ] 5163/7824, 102.5 task/s, elapsed: 50s, ETA:    26s[>>>>>>>>>>>>>>>>>         ] 5164/7824, 102.5 task/s, elapsed: 50s, ETA:    26s[>>>>>>>>>>>>>>>>>         ] 5165/7824, 102.5 task/s, elapsed: 50s, ETA:    26s[>>>>>>>>>>>>>>>>>         ] 5166/7824, 102.5 task/s, elapsed: 50s, ETA:    26s[>>>>>>>>>>>>>>>>>         ] 5167/7824, 102.5 task/s, elapsed: 50s, ETA:    26s[>>>>>>>>>>>>>>>>>         ] 5168/7824, 102.5 task/s, elapsed: 50s, ETA:    26s[>>>>>>>>>>>>>>>>>         ] 5169/7824, 102.5 task/s, elapsed: 50s, ETA:    26s[>>>>>>>>>>>>>>>>>         ] 5170/7824, 102.5 task/s, elapsed: 50s, ETA:    26s[>>>>>>>>>>>>>>>>>         ] 5171/7824, 102.5 task/s, elapsed: 50s, ETA:    26s[>>>>>>>>>>>>>>>>>         ] 5172/7824, 102.5 task/s, elapsed: 50s, ETA:    26s[>>>>>>>>>>>>>>>>>         ] 5173/7824, 102.5 task/s, elapsed: 50s, ETA:    26s[>>>>>>>>>>>>>>>>>         ] 5174/7824, 102.5 task/s, elapsed: 50s, ETA:    26s[>>>>>>>>>>>>>>>>>         ] 5175/7824, 102.5 task/s, elapsed: 50s, ETA:    26s[>>>>>>>>>>>>>>>>>         ] 5176/7824, 102.5 task/s, elapsed: 50s, ETA:    26s[>>>>>>>>>>>>>>>>>         ] 5177/7824, 102.5 task/s, elapsed: 50s, ETA:    26s[>>>>>>>>>>>>>>>>>         ] 5178/7824, 102.5 task/s, elapsed: 51s, ETA:    26s[>>>>>>>>>>>>>>>>>         ] 5179/7824, 102.5 task/s, elapsed: 51s, ETA:    26s[>>>>>>>>>>>>>>>>>         ] 5180/7824, 102.5 task/s, elapsed: 51s, ETA:    26s[>>>>>>>>>>>>>>>>>         ] 5181/7824, 102.5 task/s, elapsed: 51s, ETA:    26s[>>>>>>>>>>>>>>>>>         ] 5182/7824, 102.5 task/s, elapsed: 51s, ETA:    26s[>>>>>>>>>>>>>>>>>         ] 5183/7824, 102.5 task/s, elapsed: 51s, ETA:    26s[>>>>>>>>>>>>>>>>>         ] 5184/7824, 102.5 task/s, elapsed: 51s, ETA:    26s[>>>>>>>>>>>>>>>>>         ] 5185/7824, 102.5 task/s, elapsed: 51s, ETA:    26s[>>>>>>>>>>>>>>>>>         ] 5186/7824, 102.5 task/s, elapsed: 51s, ETA:    26s[>>>>>>>>>>>>>>>>>         ] 5187/7824, 102.5 task/s, elapsed: 51s, ETA:    26s[>>>>>>>>>>>>>>>>>         ] 5188/7824, 102.5 task/s, elapsed: 51s, ETA:    26s[>>>>>>>>>>>>>>>>>         ] 5189/7824, 102.5 task/s, elapsed: 51s, ETA:    26s[>>>>>>>>>>>>>>>>>         ] 5190/7824, 102.5 task/s, elapsed: 51s, ETA:    26s[>>>>>>>>>>>>>>>>>         ] 5191/7824, 102.5 task/s, elapsed: 51s, ETA:    26s[>>>>>>>>>>>>>>>>>         ] 5192/7824, 102.5 task/s, elapsed: 51s, ETA:    26s[>>>>>>>>>>>>>>>>>         ] 5193/7824, 102.5 task/s, elapsed: 51s, ETA:    26s[>>>>>>>>>>>>>>>>>         ] 5194/7824, 102.5 task/s, elapsed: 51s, ETA:    26s[>>>>>>>>>>>>>>>>>         ] 5195/7824, 102.5 task/s, elapsed: 51s, ETA:    26s[>>>>>>>>>>>>>>>>>         ] 5196/7824, 102.5 task/s, elapsed: 51s, ETA:    26s[>>>>>>>>>>>>>>>>>         ] 5197/7824, 102.6 task/s, elapsed: 51s, ETA:    26s[>>>>>>>>>>>>>>>>>         ] 5198/7824, 102.6 task/s, elapsed: 51s, ETA:    26s[>>>>>>>>>>>>>>>>>         ] 5199/7824, 102.6 task/s, elapsed: 51s, ETA:    26s[>>>>>>>>>>>>>>>>>         ] 5200/7824, 102.6 task/s, elapsed: 51s, ETA:    26s[>>>>>>>>>>>>>>>>>         ] 5201/7824, 102.6 task/s, elapsed: 51s, ETA:    26s[>>>>>>>>>>>>>>>>>         ] 5202/7824, 102.6 task/s, elapsed: 51s, ETA:    26s[>>>>>>>>>>>>>>>>>         ] 5203/7824, 102.6 task/s, elapsed: 51s, ETA:    26s[>>>>>>>>>>>>>>>>>         ] 5204/7824, 102.6 task/s, elapsed: 51s, ETA:    26s[>>>>>>>>>>>>>>>>>         ] 5205/7824, 102.6 task/s, elapsed: 51s, ETA:    26s[>>>>>>>>>>>>>>>>>         ] 5206/7824, 102.6 task/s, elapsed: 51s, ETA:    26s[>>>>>>>>>>>>>>>>>         ] 5207/7824, 102.6 task/s, elapsed: 51s, ETA:    26s[>>>>>>>>>>>>>>>>>         ] 5208/7824, 102.6 task/s, elapsed: 51s, ETA:    26s[>>>>>>>>>>>>>>>>>         ] 5209/7824, 102.6 task/s, elapsed: 51s, ETA:    25s[>>>>>>>>>>>>>>>>>         ] 5210/7824, 102.6 task/s, elapsed: 51s, ETA:    25s[>>>>>>>>>>>>>>>>>         ] 5211/7824, 102.6 task/s, elapsed: 51s, ETA:    25s[>>>>>>>>>>>>>>>>>         ] 5212/7824, 102.6 task/s, elapsed: 51s, ETA:    25s[>>>>>>>>>>>>>>>>>         ] 5213/7824, 102.6 task/s, elapsed: 51s, ETA:    25s[>>>>>>>>>>>>>>>>>         ] 5214/7824, 102.6 task/s, elapsed: 51s, ETA:    25s[>>>>>>>>>>>>>>>>>         ] 5215/7824, 102.6 task/s, elapsed: 51s, ETA:    25s[>>>>>>>>>>>>>>>>>         ] 5216/7824, 102.6 task/s, elapsed: 51s, ETA:    25s[>>>>>>>>>>>>>>>>>         ] 5217/7824, 102.6 task/s, elapsed: 51s, ETA:    25s[>>>>>>>>>>>>>>>>>         ] 5218/7824, 102.6 task/s, elapsed: 51s, ETA:    25s[>>>>>>>>>>>>>>>>>         ] 5219/7824, 102.6 task/s, elapsed: 51s, ETA:    25s[>>>>>>>>>>>>>>>>>         ] 5220/7824, 102.6 task/s, elapsed: 51s, ETA:    25s[>>>>>>>>>>>>>>>>>         ] 5221/7824, 102.6 task/s, elapsed: 51s, ETA:    25s[>>>>>>>>>>>>>>>>>         ] 5222/7824, 102.6 task/s, elapsed: 51s, ETA:    25s[>>>>>>>>>>>>>>>>>         ] 5223/7824, 102.6 task/s, elapsed: 51s, ETA:    25s[>>>>>>>>>>>>>>>>>         ] 5224/7824, 102.6 task/s, elapsed: 51s, ETA:    25s[>>>>>>>>>>>>>>>>>         ] 5225/7824, 102.6 task/s, elapsed: 51s, ETA:    25s[>>>>>>>>>>>>>>>>>         ] 5226/7824, 102.6 task/s, elapsed: 51s, ETA:    25s[>>>>>>>>>>>>>>>>>         ] 5227/7824, 102.6 task/s, elapsed: 51s, ETA:    25s[>>>>>>>>>>>>>>>>>         ] 5228/7824, 102.6 task/s, elapsed: 51s, ETA:    25s[>>>>>>>>>>>>>>>>>         ] 5229/7824, 102.6 task/s, elapsed: 51s, ETA:    25s[>>>>>>>>>>>>>>>>>         ] 5230/7824, 102.6 task/s, elapsed: 51s, ETA:    25s[>>>>>>>>>>>>>>>>>         ] 5231/7824, 102.6 task/s, elapsed: 51s, ETA:    25s[>>>>>>>>>>>>>>>>>         ] 5232/7824, 102.6 task/s, elapsed: 51s, ETA:    25s[>>>>>>>>>>>>>>>>>         ] 5233/7824, 102.6 task/s, elapsed: 51s, ETA:    25s[>>>>>>>>>>>>>>>>>         ] 5234/7824, 102.6 task/s, elapsed: 51s, ETA:    25s[>>>>>>>>>>>>>>>>>         ] 5235/7824, 102.6 task/s, elapsed: 51s, ETA:    25s[>>>>>>>>>>>>>>>>>         ] 5236/7824, 102.6 task/s, elapsed: 51s, ETA:    25s[>>>>>>>>>>>>>>>>>         ] 5237/7824, 102.6 task/s, elapsed: 51s, ETA:    25s[>>>>>>>>>>>>>>>>>         ] 5238/7824, 102.6 task/s, elapsed: 51s, ETA:    25s[>>>>>>>>>>>>>>>>>         ] 5239/7824, 102.6 task/s, elapsed: 51s, ETA:    25s[>>>>>>>>>>>>>>>>>         ] 5240/7824, 102.6 task/s, elapsed: 51s, ETA:    25s[>>>>>>>>>>>>>>>>>         ] 5241/7824, 102.6 task/s, elapsed: 51s, ETA:    25s[>>>>>>>>>>>>>>>>>         ] 5242/7824, 102.6 task/s, elapsed: 51s, ETA:    25s[>>>>>>>>>>>>>>>>>         ] 5243/7824, 102.6 task/s, elapsed: 51s, ETA:    25s[>>>>>>>>>>>>>>>>>         ] 5244/7824, 102.6 task/s, elapsed: 51s, ETA:    25s[>>>>>>>>>>>>>>>>>         ] 5245/7824, 102.6 task/s, elapsed: 51s, ETA:    25s[>>>>>>>>>>>>>>>>>         ] 5246/7824, 102.6 task/s, elapsed: 51s, ETA:    25s[>>>>>>>>>>>>>>>>>         ] 5247/7824, 102.6 task/s, elapsed: 51s, ETA:    25s[>>>>>>>>>>>>>>>>>         ] 5248/7824, 102.6 task/s, elapsed: 51s, ETA:    25s[>>>>>>>>>>>>>>>>>         ] 5249/7824, 102.6 task/s, elapsed: 51s, ETA:    25s[>>>>>>>>>>>>>>>>>         ] 5250/7824, 102.6 task/s, elapsed: 51s, ETA:    25s[>>>>>>>>>>>>>>>>>         ] 5251/7824, 102.6 task/s, elapsed: 51s, ETA:    25s[>>>>>>>>>>>>>>>>>         ] 5252/7824, 102.6 task/s, elapsed: 51s, ETA:    25s[>>>>>>>>>>>>>>>>>         ] 5253/7824, 102.6 task/s, elapsed: 51s, ETA:    25s[>>>>>>>>>>>>>>>>>         ] 5254/7824, 102.6 task/s, elapsed: 51s, ETA:    25s[>>>>>>>>>>>>>>>>>         ] 5255/7824, 102.6 task/s, elapsed: 51s, ETA:    25s[>>>>>>>>>>>>>>>>>         ] 5256/7824, 102.6 task/s, elapsed: 51s, ETA:    25s[>>>>>>>>>>>>>>>>>         ] 5257/7824, 102.6 task/s, elapsed: 51s, ETA:    25s[>>>>>>>>>>>>>>>>>         ] 5258/7824, 102.6 task/s, elapsed: 51s, ETA:    25s[>>>>>>>>>>>>>>>>>         ] 5259/7824, 102.6 task/s, elapsed: 51s, ETA:    25s[>>>>>>>>>>>>>>>>>         ] 5260/7824, 102.6 task/s, elapsed: 51s, ETA:    25s[>>>>>>>>>>>>>>>>>         ] 5261/7824, 102.6 task/s, elapsed: 51s, ETA:    25s[>>>>>>>>>>>>>>>>>         ] 5262/7824, 102.6 task/s, elapsed: 51s, ETA:    25s[>>>>>>>>>>>>>>>>>         ] 5263/7824, 102.6 task/s, elapsed: 51s, ETA:    25s[>>>>>>>>>>>>>>>>>         ] 5264/7824, 102.6 task/s, elapsed: 51s, ETA:    25s[>>>>>>>>>>>>>>>>>         ] 5265/7824, 102.6 task/s, elapsed: 51s, ETA:    25s[>>>>>>>>>>>>>>>>>         ] 5266/7824, 102.6 task/s, elapsed: 51s, ETA:    25s[>>>>>>>>>>>>>>>>>         ] 5267/7824, 102.6 task/s, elapsed: 51s, ETA:    25s[>>>>>>>>>>>>>>>>>         ] 5268/7824, 102.6 task/s, elapsed: 51s, ETA:    25s[>>>>>>>>>>>>>>>>>         ] 5269/7824, 102.6 task/s, elapsed: 51s, ETA:    25s[>>>>>>>>>>>>>>>>>         ] 5270/7824, 102.6 task/s, elapsed: 51s, ETA:    25s[>>>>>>>>>>>>>>>>>         ] 5271/7824, 102.6 task/s, elapsed: 51s, ETA:    25s[>>>>>>>>>>>>>>>>>         ] 5272/7824, 102.6 task/s, elapsed: 51s, ETA:    25s[>>>>>>>>>>>>>>>>>         ] 5273/7824, 102.6 task/s, elapsed: 51s, ETA:    25s[>>>>>>>>>>>>>>>>>         ] 5274/7824, 102.6 task/s, elapsed: 51s, ETA:    25s[>>>>>>>>>>>>>>>>>         ] 5275/7824, 102.6 task/s, elapsed: 51s, ETA:    25s[>>>>>>>>>>>>>>>>>         ] 5276/7824, 102.6 task/s, elapsed: 51s, ETA:    25s[>>>>>>>>>>>>>>>>>         ] 5277/7824, 102.6 task/s, elapsed: 51s, ETA:    25s[>>>>>>>>>>>>>>>>>         ] 5278/7824, 102.6 task/s, elapsed: 51s, ETA:    25s[>>>>>>>>>>>>>>>>>         ] 5279/7824, 102.6 task/s, elapsed: 51s, ETA:    25s[>>>>>>>>>>>>>>>>>         ] 5280/7824, 102.6 task/s, elapsed: 51s, ETA:    25s[>>>>>>>>>>>>>>>>>         ] 5281/7824, 102.6 task/s, elapsed: 51s, ETA:    25s[>>>>>>>>>>>>>>>>>         ] 5282/7824, 102.6 task/s, elapsed: 51s, ETA:    25s[>>>>>>>>>>>>>>>>>         ] 5283/7824, 102.6 task/s, elapsed: 51s, ETA:    25s[>>>>>>>>>>>>>>>>>         ] 5284/7824, 102.6 task/s, elapsed: 51s, ETA:    25s[>>>>>>>>>>>>>>>>>         ] 5285/7824, 102.6 task/s, elapsed: 52s, ETA:    25s[>>>>>>>>>>>>>>>>>         ] 5286/7824, 102.6 task/s, elapsed: 52s, ETA:    25s[>>>>>>>>>>>>>>>>>         ] 5287/7824, 102.6 task/s, elapsed: 52s, ETA:    25s[>>>>>>>>>>>>>>>>>         ] 5288/7824, 102.6 task/s, elapsed: 52s, ETA:    25s[>>>>>>>>>>>>>>>>>         ] 5289/7824, 102.6 task/s, elapsed: 52s, ETA:    25s[>>>>>>>>>>>>>>>>>         ] 5290/7824, 102.6 task/s, elapsed: 52s, ETA:    25s[>>>>>>>>>>>>>>>>>         ] 5291/7824, 102.6 task/s, elapsed: 52s, ETA:    25s[>>>>>>>>>>>>>>>>>         ] 5292/7824, 102.6 task/s, elapsed: 52s, ETA:    25s[>>>>>>>>>>>>>>>>>         ] 5293/7824, 102.6 task/s, elapsed: 52s, ETA:    25s[>>>>>>>>>>>>>>>>>         ] 5294/7824, 102.6 task/s, elapsed: 52s, ETA:    25s[>>>>>>>>>>>>>>>>>         ] 5295/7824, 102.6 task/s, elapsed: 52s, ETA:    25s[>>>>>>>>>>>>>>>>>         ] 5296/7824, 102.6 task/s, elapsed: 52s, ETA:    25s[>>>>>>>>>>>>>>>>>         ] 5297/7824, 102.6 task/s, elapsed: 52s, ETA:    25s[>>>>>>>>>>>>>>>>>         ] 5298/7824, 102.6 task/s, elapsed: 52s, ETA:    25s[>>>>>>>>>>>>>>>>>         ] 5299/7824, 102.6 task/s, elapsed: 52s, ETA:    25s[>>>>>>>>>>>>>>>>>         ] 5300/7824, 102.6 task/s, elapsed: 52s, ETA:    25s[>>>>>>>>>>>>>>>>>         ] 5301/7824, 102.6 task/s, elapsed: 52s, ETA:    25s[>>>>>>>>>>>>>>>>>         ] 5302/7824, 102.6 task/s, elapsed: 52s, ETA:    25s[>>>>>>>>>>>>>>>>>         ] 5303/7824, 102.6 task/s, elapsed: 52s, ETA:    25s[>>>>>>>>>>>>>>>>>         ] 5304/7824, 102.6 task/s, elapsed: 52s, ETA:    25s[>>>>>>>>>>>>>>>>>         ] 5305/7824, 102.6 task/s, elapsed: 52s, ETA:    25s[>>>>>>>>>>>>>>>>>         ] 5306/7824, 102.6 task/s, elapsed: 52s, ETA:    25s[>>>>>>>>>>>>>>>>>         ] 5307/7824, 102.6 task/s, elapsed: 52s, ETA:    25s[>>>>>>>>>>>>>>>>>         ] 5308/7824, 102.6 task/s, elapsed: 52s, ETA:    25s[>>>>>>>>>>>>>>>>>         ] 5309/7824, 102.6 task/s, elapsed: 52s, ETA:    25s[>>>>>>>>>>>>>>>>>         ] 5310/7824, 102.6 task/s, elapsed: 52s, ETA:    24s[>>>>>>>>>>>>>>>>>         ] 5311/7824, 102.6 task/s, elapsed: 52s, ETA:    24s[>>>>>>>>>>>>>>>>>         ] 5312/7824, 102.6 task/s, elapsed: 52s, ETA:    24s[>>>>>>>>>>>>>>>>>         ] 5313/7824, 102.6 task/s, elapsed: 52s, ETA:    24s[>>>>>>>>>>>>>>>>>         ] 5314/7824, 102.6 task/s, elapsed: 52s, ETA:    24s[>>>>>>>>>>>>>>>>>         ] 5315/7824, 102.6 task/s, elapsed: 52s, ETA:    24s[>>>>>>>>>>>>>>>>>         ] 5316/7824, 102.6 task/s, elapsed: 52s, ETA:    24s[>>>>>>>>>>>>>>>>>         ] 5317/7824, 102.6 task/s, elapsed: 52s, ETA:    24s[>>>>>>>>>>>>>>>>>         ] 5318/7824, 102.6 task/s, elapsed: 52s, ETA:    24s[>>>>>>>>>>>>>>>>>         ] 5319/7824, 102.6 task/s, elapsed: 52s, ETA:    24s[>>>>>>>>>>>>>>>>>         ] 5320/7824, 102.6 task/s, elapsed: 52s, ETA:    24s[>>>>>>>>>>>>>>>>>         ] 5321/7824, 102.6 task/s, elapsed: 52s, ETA:    24s[>>>>>>>>>>>>>>>>>         ] 5322/7824, 102.6 task/s, elapsed: 52s, ETA:    24s[>>>>>>>>>>>>>>>>>         ] 5323/7824, 102.6 task/s, elapsed: 52s, ETA:    24s[>>>>>>>>>>>>>>>>>         ] 5324/7824, 102.6 task/s, elapsed: 52s, ETA:    24s[>>>>>>>>>>>>>>>>>         ] 5325/7824, 102.6 task/s, elapsed: 52s, ETA:    24s[>>>>>>>>>>>>>>>>>         ] 5326/7824, 102.6 task/s, elapsed: 52s, ETA:    24s[>>>>>>>>>>>>>>>>>         ] 5327/7824, 102.6 task/s, elapsed: 52s, ETA:    24s[>>>>>>>>>>>>>>>>>         ] 5328/7824, 102.6 task/s, elapsed: 52s, ETA:    24s[>>>>>>>>>>>>>>>>>         ] 5329/7824, 102.6 task/s, elapsed: 52s, ETA:    24s[>>>>>>>>>>>>>>>>>         ] 5330/7824, 102.6 task/s, elapsed: 52s, ETA:    24s[>>>>>>>>>>>>>>>>>         ] 5331/7824, 102.6 task/s, elapsed: 52s, ETA:    24s[>>>>>>>>>>>>>>>>>         ] 5332/7824, 102.6 task/s, elapsed: 52s, ETA:    24s[>>>>>>>>>>>>>>>>>         ] 5333/7824, 102.6 task/s, elapsed: 52s, ETA:    24s[>>>>>>>>>>>>>>>>>         ] 5334/7824, 102.6 task/s, elapsed: 52s, ETA:    24s[>>>>>>>>>>>>>>>>>         ] 5335/7824, 102.6 task/s, elapsed: 52s, ETA:    24s[>>>>>>>>>>>>>>>>>         ] 5336/7824, 102.6 task/s, elapsed: 52s, ETA:    24s[>>>>>>>>>>>>>>>>>         ] 5337/7824, 102.6 task/s, elapsed: 52s, ETA:    24s[>>>>>>>>>>>>>>>>>         ] 5338/7824, 102.6 task/s, elapsed: 52s, ETA:    24s[>>>>>>>>>>>>>>>>>         ] 5339/7824, 102.6 task/s, elapsed: 52s, ETA:    24s[>>>>>>>>>>>>>>>>>         ] 5340/7824, 102.6 task/s, elapsed: 52s, ETA:    24s[>>>>>>>>>>>>>>>>>         ] 5341/7824, 102.6 task/s, elapsed: 52s, ETA:    24s[>>>>>>>>>>>>>>>>>         ] 5342/7824, 102.6 task/s, elapsed: 52s, ETA:    24s[>>>>>>>>>>>>>>>>>         ] 5343/7824, 102.6 task/s, elapsed: 52s, ETA:    24s[>>>>>>>>>>>>>>>>>         ] 5344/7824, 102.6 task/s, elapsed: 52s, ETA:    24s[>>>>>>>>>>>>>>>>>         ] 5345/7824, 102.6 task/s, elapsed: 52s, ETA:    24s[>>>>>>>>>>>>>>>>>         ] 5346/7824, 102.6 task/s, elapsed: 52s, ETA:    24s[>>>>>>>>>>>>>>>>>         ] 5347/7824, 102.7 task/s, elapsed: 52s, ETA:    24s[>>>>>>>>>>>>>>>>>         ] 5348/7824, 102.7 task/s, elapsed: 52s, ETA:    24s[>>>>>>>>>>>>>>>>>         ] 5349/7824, 102.7 task/s, elapsed: 52s, ETA:    24s[>>>>>>>>>>>>>>>>>         ] 5350/7824, 102.7 task/s, elapsed: 52s, ETA:    24s[>>>>>>>>>>>>>>>>>         ] 5351/7824, 102.7 task/s, elapsed: 52s, ETA:    24s[>>>>>>>>>>>>>>>>>         ] 5352/7824, 102.7 task/s, elapsed: 52s, ETA:    24s[>>>>>>>>>>>>>>>>>         ] 5353/7824, 102.7 task/s, elapsed: 52s, ETA:    24s[>>>>>>>>>>>>>>>>>         ] 5354/7824, 102.7 task/s, elapsed: 52s, ETA:    24s[>>>>>>>>>>>>>>>>>         ] 5355/7824, 102.7 task/s, elapsed: 52s, ETA:    24s[>>>>>>>>>>>>>>>>>         ] 5356/7824, 102.7 task/s, elapsed: 52s, ETA:    24s[>>>>>>>>>>>>>>>>>         ] 5357/7824, 102.7 task/s, elapsed: 52s, ETA:    24s[>>>>>>>>>>>>>>>>>         ] 5358/7824, 102.7 task/s, elapsed: 52s, ETA:    24s[>>>>>>>>>>>>>>>>>         ] 5359/7824, 102.7 task/s, elapsed: 52s, ETA:    24s[>>>>>>>>>>>>>>>>>         ] 5360/7824, 102.7 task/s, elapsed: 52s, ETA:    24s[>>>>>>>>>>>>>>>>>         ] 5361/7824, 102.7 task/s, elapsed: 52s, ETA:    24s[>>>>>>>>>>>>>>>>>         ] 5362/7824, 102.7 task/s, elapsed: 52s, ETA:    24s[>>>>>>>>>>>>>>>>>         ] 5363/7824, 102.7 task/s, elapsed: 52s, ETA:    24s[>>>>>>>>>>>>>>>>>         ] 5364/7824, 102.7 task/s, elapsed: 52s, ETA:    24s[>>>>>>>>>>>>>>>>>         ] 5365/7824, 102.7 task/s, elapsed: 52s, ETA:    24s[>>>>>>>>>>>>>>>>>         ] 5366/7824, 102.7 task/s, elapsed: 52s, ETA:    24s[>>>>>>>>>>>>>>>>>         ] 5367/7824, 102.7 task/s, elapsed: 52s, ETA:    24s[>>>>>>>>>>>>>>>>>         ] 5368/7824, 102.7 task/s, elapsed: 52s, ETA:    24s[>>>>>>>>>>>>>>>>>         ] 5369/7824, 102.7 task/s, elapsed: 52s, ETA:    24s[>>>>>>>>>>>>>>>>>         ] 5370/7824, 102.7 task/s, elapsed: 52s, ETA:    24s[>>>>>>>>>>>>>>>>>         ] 5371/7824, 102.7 task/s, elapsed: 52s, ETA:    24s[>>>>>>>>>>>>>>>>>         ] 5372/7824, 102.7 task/s, elapsed: 52s, ETA:    24s[>>>>>>>>>>>>>>>>>         ] 5373/7824, 102.7 task/s, elapsed: 52s, ETA:    24s[>>>>>>>>>>>>>>>>>         ] 5374/7824, 102.7 task/s, elapsed: 52s, ETA:    24s[>>>>>>>>>>>>>>>>>         ] 5375/7824, 102.7 task/s, elapsed: 52s, ETA:    24s[>>>>>>>>>>>>>>>>>         ] 5376/7824, 102.7 task/s, elapsed: 52s, ETA:    24s[>>>>>>>>>>>>>>>>>         ] 5377/7824, 102.7 task/s, elapsed: 52s, ETA:    24s[>>>>>>>>>>>>>>>>>         ] 5378/7824, 102.7 task/s, elapsed: 52s, ETA:    24s[>>>>>>>>>>>>>>>>>         ] 5379/7824, 102.7 task/s, elapsed: 52s, ETA:    24s[>>>>>>>>>>>>>>>>>         ] 5380/7824, 102.7 task/s, elapsed: 52s, ETA:    24s[>>>>>>>>>>>>>>>>>         ] 5381/7824, 102.7 task/s, elapsed: 52s, ETA:    24s[>>>>>>>>>>>>>>>>>         ] 5382/7824, 102.7 task/s, elapsed: 52s, ETA:    24s[>>>>>>>>>>>>>>>>>         ] 5383/7824, 102.7 task/s, elapsed: 52s, ETA:    24s[>>>>>>>>>>>>>>>>>         ] 5384/7824, 102.7 task/s, elapsed: 52s, ETA:    24s[>>>>>>>>>>>>>>>>>         ] 5385/7824, 102.7 task/s, elapsed: 52s, ETA:    24s[>>>>>>>>>>>>>>>>>         ] 5386/7824, 102.7 task/s, elapsed: 52s, ETA:    24s[>>>>>>>>>>>>>>>>>         ] 5387/7824, 102.7 task/s, elapsed: 52s, ETA:    24s[>>>>>>>>>>>>>>>>>         ] 5388/7824, 102.7 task/s, elapsed: 52s, ETA:    24s[>>>>>>>>>>>>>>>>>         ] 5389/7824, 102.7 task/s, elapsed: 52s, ETA:    24s[>>>>>>>>>>>>>>>>>         ] 5390/7824, 102.7 task/s, elapsed: 52s, ETA:    24s[>>>>>>>>>>>>>>>>>         ] 5391/7824, 102.7 task/s, elapsed: 53s, ETA:    24s[>>>>>>>>>>>>>>>>>         ] 5392/7824, 102.7 task/s, elapsed: 53s, ETA:    24s[>>>>>>>>>>>>>>>>>         ] 5393/7824, 102.7 task/s, elapsed: 53s, ETA:    24s[>>>>>>>>>>>>>>>>>         ] 5394/7824, 102.7 task/s, elapsed: 53s, ETA:    24s[>>>>>>>>>>>>>>>>>         ] 5395/7824, 102.7 task/s, elapsed: 53s, ETA:    24s[>>>>>>>>>>>>>>>>>         ] 5396/7824, 102.7 task/s, elapsed: 53s, ETA:    24s[>>>>>>>>>>>>>>>>>         ] 5397/7824, 102.7 task/s, elapsed: 53s, ETA:    24s[>>>>>>>>>>>>>>>>>         ] 5398/7824, 102.7 task/s, elapsed: 53s, ETA:    24s[>>>>>>>>>>>>>>>>>         ] 5399/7824, 102.7 task/s, elapsed: 53s, ETA:    24s[>>>>>>>>>>>>>>>>>         ] 5400/7824, 102.7 task/s, elapsed: 53s, ETA:    24s[>>>>>>>>>>>>>>>>>         ] 5401/7824, 102.7 task/s, elapsed: 53s, ETA:    24s[>>>>>>>>>>>>>>>>>         ] 5402/7824, 102.7 task/s, elapsed: 53s, ETA:    24s[>>>>>>>>>>>>>>>>>         ] 5403/7824, 102.7 task/s, elapsed: 53s, ETA:    24s[>>>>>>>>>>>>>>>>>         ] 5404/7824, 102.7 task/s, elapsed: 53s, ETA:    24s[>>>>>>>>>>>>>>>>>         ] 5405/7824, 102.7 task/s, elapsed: 53s, ETA:    24s[>>>>>>>>>>>>>>>>>         ] 5406/7824, 102.7 task/s, elapsed: 53s, ETA:    24s[>>>>>>>>>>>>>>>>>         ] 5407/7824, 102.7 task/s, elapsed: 53s, ETA:    24s[>>>>>>>>>>>>>>>>>         ] 5408/7824, 102.7 task/s, elapsed: 53s, ETA:    24s[>>>>>>>>>>>>>>>>>         ] 5409/7824, 102.7 task/s, elapsed: 53s, ETA:    24s[>>>>>>>>>>>>>>>>>         ] 5410/7824, 102.7 task/s, elapsed: 53s, ETA:    24s[>>>>>>>>>>>>>>>>>         ] 5411/7824, 102.7 task/s, elapsed: 53s, ETA:    23s[>>>>>>>>>>>>>>>>>         ] 5412/7824, 102.7 task/s, elapsed: 53s, ETA:    23s[>>>>>>>>>>>>>>>>>         ] 5413/7824, 102.7 task/s, elapsed: 53s, ETA:    23s[>>>>>>>>>>>>>>>>>         ] 5414/7824, 102.7 task/s, elapsed: 53s, ETA:    23s[>>>>>>>>>>>>>>>>>         ] 5415/7824, 102.7 task/s, elapsed: 53s, ETA:    23s[>>>>>>>>>>>>>>>>>         ] 5416/7824, 102.7 task/s, elapsed: 53s, ETA:    23s[>>>>>>>>>>>>>>>>>>        ] 5417/7824, 102.7 task/s, elapsed: 53s, ETA:    23s[>>>>>>>>>>>>>>>>>>        ] 5418/7824, 102.7 task/s, elapsed: 53s, ETA:    23s[>>>>>>>>>>>>>>>>>>        ] 5419/7824, 102.7 task/s, elapsed: 53s, ETA:    23s[>>>>>>>>>>>>>>>>>>        ] 5420/7824, 102.7 task/s, elapsed: 53s, ETA:    23s[>>>>>>>>>>>>>>>>>>        ] 5421/7824, 102.7 task/s, elapsed: 53s, ETA:    23s[>>>>>>>>>>>>>>>>>>        ] 5422/7824, 102.7 task/s, elapsed: 53s, ETA:    23s[>>>>>>>>>>>>>>>>>>        ] 5423/7824, 102.7 task/s, elapsed: 53s, ETA:    23s[>>>>>>>>>>>>>>>>>>        ] 5424/7824, 102.7 task/s, elapsed: 53s, ETA:    23s[>>>>>>>>>>>>>>>>>>        ] 5425/7824, 102.7 task/s, elapsed: 53s, ETA:    23s[>>>>>>>>>>>>>>>>>>        ] 5426/7824, 102.7 task/s, elapsed: 53s, ETA:    23s[>>>>>>>>>>>>>>>>>>        ] 5427/7824, 102.7 task/s, elapsed: 53s, ETA:    23s[>>>>>>>>>>>>>>>>>>        ] 5428/7824, 102.7 task/s, elapsed: 53s, ETA:    23s[>>>>>>>>>>>>>>>>>>        ] 5429/7824, 102.7 task/s, elapsed: 53s, ETA:    23s[>>>>>>>>>>>>>>>>>>        ] 5430/7824, 102.7 task/s, elapsed: 53s, ETA:    23s[>>>>>>>>>>>>>>>>>>        ] 5431/7824, 102.7 task/s, elapsed: 53s, ETA:    23s[>>>>>>>>>>>>>>>>>>        ] 5432/7824, 102.7 task/s, elapsed: 53s, ETA:    23s[>>>>>>>>>>>>>>>>>>        ] 5433/7824, 102.7 task/s, elapsed: 53s, ETA:    23s[>>>>>>>>>>>>>>>>>>        ] 5434/7824, 102.7 task/s, elapsed: 53s, ETA:    23s[>>>>>>>>>>>>>>>>>>        ] 5435/7824, 102.7 task/s, elapsed: 53s, ETA:    23s[>>>>>>>>>>>>>>>>>>        ] 5436/7824, 102.7 task/s, elapsed: 53s, ETA:    23s[>>>>>>>>>>>>>>>>>>        ] 5437/7824, 102.7 task/s, elapsed: 53s, ETA:    23s[>>>>>>>>>>>>>>>>>>        ] 5438/7824, 102.7 task/s, elapsed: 53s, ETA:    23s[>>>>>>>>>>>>>>>>>>        ] 5439/7824, 102.7 task/s, elapsed: 53s, ETA:    23s[>>>>>>>>>>>>>>>>>>        ] 5440/7824, 102.7 task/s, elapsed: 53s, ETA:    23s[>>>>>>>>>>>>>>>>>>        ] 5441/7824, 102.7 task/s, elapsed: 53s, ETA:    23s[>>>>>>>>>>>>>>>>>>        ] 5442/7824, 102.7 task/s, elapsed: 53s, ETA:    23s[>>>>>>>>>>>>>>>>>>        ] 5443/7824, 102.7 task/s, elapsed: 53s, ETA:    23s[>>>>>>>>>>>>>>>>>>        ] 5444/7824, 102.7 task/s, elapsed: 53s, ETA:    23s[>>>>>>>>>>>>>>>>>>        ] 5445/7824, 102.7 task/s, elapsed: 53s, ETA:    23s[>>>>>>>>>>>>>>>>>>        ] 5446/7824, 102.7 task/s, elapsed: 53s, ETA:    23s[>>>>>>>>>>>>>>>>>>        ] 5447/7824, 102.7 task/s, elapsed: 53s, ETA:    23s[>>>>>>>>>>>>>>>>>>        ] 5448/7824, 102.7 task/s, elapsed: 53s, ETA:    23s[>>>>>>>>>>>>>>>>>>        ] 5449/7824, 102.7 task/s, elapsed: 53s, ETA:    23s[>>>>>>>>>>>>>>>>>>        ] 5450/7824, 102.7 task/s, elapsed: 53s, ETA:    23s[>>>>>>>>>>>>>>>>>>        ] 5451/7824, 102.7 task/s, elapsed: 53s, ETA:    23s[>>>>>>>>>>>>>>>>>>        ] 5452/7824, 102.7 task/s, elapsed: 53s, ETA:    23s[>>>>>>>>>>>>>>>>>>        ] 5453/7824, 102.7 task/s, elapsed: 53s, ETA:    23s[>>>>>>>>>>>>>>>>>>        ] 5454/7824, 102.7 task/s, elapsed: 53s, ETA:    23s[>>>>>>>>>>>>>>>>>>        ] 5455/7824, 102.7 task/s, elapsed: 53s, ETA:    23s[>>>>>>>>>>>>>>>>>>        ] 5456/7824, 102.7 task/s, elapsed: 53s, ETA:    23s[>>>>>>>>>>>>>>>>>>        ] 5457/7824, 102.7 task/s, elapsed: 53s, ETA:    23s[>>>>>>>>>>>>>>>>>>        ] 5458/7824, 102.7 task/s, elapsed: 53s, ETA:    23s[>>>>>>>>>>>>>>>>>>        ] 5459/7824, 102.7 task/s, elapsed: 53s, ETA:    23s[>>>>>>>>>>>>>>>>>>        ] 5460/7824, 102.7 task/s, elapsed: 53s, ETA:    23s[>>>>>>>>>>>>>>>>>>        ] 5461/7824, 102.7 task/s, elapsed: 53s, ETA:    23s[>>>>>>>>>>>>>>>>>>        ] 5462/7824, 102.7 task/s, elapsed: 53s, ETA:    23s[>>>>>>>>>>>>>>>>>>        ] 5463/7824, 102.7 task/s, elapsed: 53s, ETA:    23s[>>>>>>>>>>>>>>>>>>        ] 5464/7824, 102.7 task/s, elapsed: 53s, ETA:    23s[>>>>>>>>>>>>>>>>>>        ] 5465/7824, 102.7 task/s, elapsed: 53s, ETA:    23s[>>>>>>>>>>>>>>>>>>        ] 5466/7824, 102.7 task/s, elapsed: 53s, ETA:    23s[>>>>>>>>>>>>>>>>>>        ] 5467/7824, 102.7 task/s, elapsed: 53s, ETA:    23s[>>>>>>>>>>>>>>>>>>        ] 5468/7824, 102.7 task/s, elapsed: 53s, ETA:    23s[>>>>>>>>>>>>>>>>>>        ] 5469/7824, 102.7 task/s, elapsed: 53s, ETA:    23s[>>>>>>>>>>>>>>>>>>        ] 5470/7824, 102.7 task/s, elapsed: 53s, ETA:    23s[>>>>>>>>>>>>>>>>>>        ] 5471/7824, 102.7 task/s, elapsed: 53s, ETA:    23s[>>>>>>>>>>>>>>>>>>        ] 5472/7824, 102.7 task/s, elapsed: 53s, ETA:    23s[>>>>>>>>>>>>>>>>>>        ] 5473/7824, 102.7 task/s, elapsed: 53s, ETA:    23s[>>>>>>>>>>>>>>>>>>        ] 5474/7824, 102.7 task/s, elapsed: 53s, ETA:    23s[>>>>>>>>>>>>>>>>>>        ] 5475/7824, 102.8 task/s, elapsed: 53s, ETA:    23s[>>>>>>>>>>>>>>>>>>        ] 5476/7824, 102.8 task/s, elapsed: 53s, ETA:    23s[>>>>>>>>>>>>>>>>>>        ] 5477/7824, 102.8 task/s, elapsed: 53s, ETA:    23s[>>>>>>>>>>>>>>>>>>        ] 5478/7824, 102.8 task/s, elapsed: 53s, ETA:    23s[>>>>>>>>>>>>>>>>>>        ] 5479/7824, 102.8 task/s, elapsed: 53s, ETA:    23s[>>>>>>>>>>>>>>>>>>        ] 5480/7824, 102.8 task/s, elapsed: 53s, ETA:    23s[>>>>>>>>>>>>>>>>>>        ] 5481/7824, 102.8 task/s, elapsed: 53s, ETA:    23s[>>>>>>>>>>>>>>>>>>        ] 5482/7824, 102.8 task/s, elapsed: 53s, ETA:    23s[>>>>>>>>>>>>>>>>>>        ] 5483/7824, 102.8 task/s, elapsed: 53s, ETA:    23s[>>>>>>>>>>>>>>>>>>        ] 5484/7824, 102.8 task/s, elapsed: 53s, ETA:    23s[>>>>>>>>>>>>>>>>>>        ] 5485/7824, 102.8 task/s, elapsed: 53s, ETA:    23s[>>>>>>>>>>>>>>>>>>        ] 5486/7824, 102.8 task/s, elapsed: 53s, ETA:    23s[>>>>>>>>>>>>>>>>>>        ] 5487/7824, 102.8 task/s, elapsed: 53s, ETA:    23s[>>>>>>>>>>>>>>>>>>        ] 5488/7824, 102.8 task/s, elapsed: 53s, ETA:    23s[>>>>>>>>>>>>>>>>>>        ] 5489/7824, 102.8 task/s, elapsed: 53s, ETA:    23s[>>>>>>>>>>>>>>>>>>        ] 5490/7824, 102.8 task/s, elapsed: 53s, ETA:    23s[>>>>>>>>>>>>>>>>>>        ] 5491/7824, 102.8 task/s, elapsed: 53s, ETA:    23s[>>>>>>>>>>>>>>>>>>        ] 5492/7824, 102.8 task/s, elapsed: 53s, ETA:    23s[>>>>>>>>>>>>>>>>>>        ] 5493/7824, 102.8 task/s, elapsed: 53s, ETA:    23s[>>>>>>>>>>>>>>>>>>        ] 5494/7824, 102.8 task/s, elapsed: 53s, ETA:    23s[>>>>>>>>>>>>>>>>>>        ] 5495/7824, 102.8 task/s, elapsed: 53s, ETA:    23s[>>>>>>>>>>>>>>>>>>        ] 5496/7824, 102.8 task/s, elapsed: 53s, ETA:    23s[>>>>>>>>>>>>>>>>>>        ] 5497/7824, 102.8 task/s, elapsed: 53s, ETA:    23s[>>>>>>>>>>>>>>>>>>        ] 5498/7824, 102.8 task/s, elapsed: 54s, ETA:    23s[>>>>>>>>>>>>>>>>>>        ] 5499/7824, 102.8 task/s, elapsed: 54s, ETA:    23s[>>>>>>>>>>>>>>>>>>        ] 5500/7824, 102.8 task/s, elapsed: 54s, ETA:    23s[>>>>>>>>>>>>>>>>>>        ] 5501/7824, 102.8 task/s, elapsed: 54s, ETA:    23s[>>>>>>>>>>>>>>>>>>        ] 5502/7824, 102.8 task/s, elapsed: 54s, ETA:    23s[>>>>>>>>>>>>>>>>>>        ] 5503/7824, 102.8 task/s, elapsed: 54s, ETA:    23s[>>>>>>>>>>>>>>>>>>        ] 5504/7824, 102.8 task/s, elapsed: 54s, ETA:    23s[>>>>>>>>>>>>>>>>>>        ] 5505/7824, 102.8 task/s, elapsed: 54s, ETA:    23s[>>>>>>>>>>>>>>>>>>        ] 5506/7824, 102.8 task/s, elapsed: 54s, ETA:    23s[>>>>>>>>>>>>>>>>>>        ] 5507/7824, 102.8 task/s, elapsed: 54s, ETA:    23s[>>>>>>>>>>>>>>>>>>        ] 5508/7824, 102.8 task/s, elapsed: 54s, ETA:    23s[>>>>>>>>>>>>>>>>>>        ] 5509/7824, 102.8 task/s, elapsed: 54s, ETA:    23s[>>>>>>>>>>>>>>>>>>        ] 5510/7824, 102.8 task/s, elapsed: 54s, ETA:    23s[>>>>>>>>>>>>>>>>>>        ] 5511/7824, 102.8 task/s, elapsed: 54s, ETA:    23s[>>>>>>>>>>>>>>>>>>        ] 5512/7824, 102.8 task/s, elapsed: 54s, ETA:    22s[>>>>>>>>>>>>>>>>>>        ] 5513/7824, 102.8 task/s, elapsed: 54s, ETA:    22s[>>>>>>>>>>>>>>>>>>        ] 5514/7824, 102.8 task/s, elapsed: 54s, ETA:    22s[>>>>>>>>>>>>>>>>>>        ] 5515/7824, 102.8 task/s, elapsed: 54s, ETA:    22s[>>>>>>>>>>>>>>>>>>        ] 5516/7824, 102.8 task/s, elapsed: 54s, ETA:    22s[>>>>>>>>>>>>>>>>>>        ] 5517/7824, 102.8 task/s, elapsed: 54s, ETA:    22s[>>>>>>>>>>>>>>>>>>        ] 5518/7824, 102.8 task/s, elapsed: 54s, ETA:    22s[>>>>>>>>>>>>>>>>>>        ] 5519/7824, 102.8 task/s, elapsed: 54s, ETA:    22s[>>>>>>>>>>>>>>>>>>        ] 5520/7824, 102.8 task/s, elapsed: 54s, ETA:    22s[>>>>>>>>>>>>>>>>>>        ] 5521/7824, 102.8 task/s, elapsed: 54s, ETA:    22s[>>>>>>>>>>>>>>>>>>        ] 5522/7824, 102.8 task/s, elapsed: 54s, ETA:    22s[>>>>>>>>>>>>>>>>>>        ] 5523/7824, 102.8 task/s, elapsed: 54s, ETA:    22s[>>>>>>>>>>>>>>>>>>        ] 5524/7824, 102.8 task/s, elapsed: 54s, ETA:    22s[>>>>>>>>>>>>>>>>>>        ] 5525/7824, 102.8 task/s, elapsed: 54s, ETA:    22s[>>>>>>>>>>>>>>>>>>        ] 5526/7824, 102.8 task/s, elapsed: 54s, ETA:    22s[>>>>>>>>>>>>>>>>>>        ] 5527/7824, 102.8 task/s, elapsed: 54s, ETA:    22s[>>>>>>>>>>>>>>>>>>        ] 5528/7824, 102.8 task/s, elapsed: 54s, ETA:    22s[>>>>>>>>>>>>>>>>>>        ] 5529/7824, 102.8 task/s, elapsed: 54s, ETA:    22s[>>>>>>>>>>>>>>>>>>        ] 5530/7824, 102.8 task/s, elapsed: 54s, ETA:    22s[>>>>>>>>>>>>>>>>>>        ] 5531/7824, 102.8 task/s, elapsed: 54s, ETA:    22s[>>>>>>>>>>>>>>>>>>        ] 5532/7824, 102.8 task/s, elapsed: 54s, ETA:    22s[>>>>>>>>>>>>>>>>>>        ] 5533/7824, 102.8 task/s, elapsed: 54s, ETA:    22s[>>>>>>>>>>>>>>>>>>        ] 5534/7824, 102.8 task/s, elapsed: 54s, ETA:    22s[>>>>>>>>>>>>>>>>>>        ] 5535/7824, 102.8 task/s, elapsed: 54s, ETA:    22s[>>>>>>>>>>>>>>>>>>        ] 5536/7824, 102.8 task/s, elapsed: 54s, ETA:    22s[>>>>>>>>>>>>>>>>>>        ] 5537/7824, 102.8 task/s, elapsed: 54s, ETA:    22s[>>>>>>>>>>>>>>>>>>        ] 5538/7824, 102.8 task/s, elapsed: 54s, ETA:    22s[>>>>>>>>>>>>>>>>>>        ] 5539/7824, 102.8 task/s, elapsed: 54s, ETA:    22s[>>>>>>>>>>>>>>>>>>        ] 5540/7824, 102.8 task/s, elapsed: 54s, ETA:    22s[>>>>>>>>>>>>>>>>>>        ] 5541/7824, 102.8 task/s, elapsed: 54s, ETA:    22s[>>>>>>>>>>>>>>>>>>        ] 5542/7824, 102.8 task/s, elapsed: 54s, ETA:    22s[>>>>>>>>>>>>>>>>>>        ] 5543/7824, 102.8 task/s, elapsed: 54s, ETA:    22s[>>>>>>>>>>>>>>>>>>        ] 5544/7824, 102.8 task/s, elapsed: 54s, ETA:    22s[>>>>>>>>>>>>>>>>>>        ] 5545/7824, 102.8 task/s, elapsed: 54s, ETA:    22s[>>>>>>>>>>>>>>>>>>        ] 5546/7824, 102.8 task/s, elapsed: 54s, ETA:    22s[>>>>>>>>>>>>>>>>>>        ] 5547/7824, 102.8 task/s, elapsed: 54s, ETA:    22s[>>>>>>>>>>>>>>>>>>        ] 5548/7824, 102.8 task/s, elapsed: 54s, ETA:    22s[>>>>>>>>>>>>>>>>>>        ] 5549/7824, 102.8 task/s, elapsed: 54s, ETA:    22s[>>>>>>>>>>>>>>>>>>        ] 5550/7824, 102.8 task/s, elapsed: 54s, ETA:    22s[>>>>>>>>>>>>>>>>>>        ] 5551/7824, 102.8 task/s, elapsed: 54s, ETA:    22s[>>>>>>>>>>>>>>>>>>        ] 5552/7824, 102.8 task/s, elapsed: 54s, ETA:    22s[>>>>>>>>>>>>>>>>>>        ] 5553/7824, 102.8 task/s, elapsed: 54s, ETA:    22s[>>>>>>>>>>>>>>>>>>        ] 5554/7824, 102.8 task/s, elapsed: 54s, ETA:    22s[>>>>>>>>>>>>>>>>>>        ] 5555/7824, 102.8 task/s, elapsed: 54s, ETA:    22s[>>>>>>>>>>>>>>>>>>        ] 5556/7824, 102.8 task/s, elapsed: 54s, ETA:    22s[>>>>>>>>>>>>>>>>>>        ] 5557/7824, 102.8 task/s, elapsed: 54s, ETA:    22s[>>>>>>>>>>>>>>>>>>        ] 5558/7824, 102.8 task/s, elapsed: 54s, ETA:    22s[>>>>>>>>>>>>>>>>>>        ] 5559/7824, 102.8 task/s, elapsed: 54s, ETA:    22s[>>>>>>>>>>>>>>>>>>        ] 5560/7824, 102.8 task/s, elapsed: 54s, ETA:    22s[>>>>>>>>>>>>>>>>>>        ] 5561/7824, 102.8 task/s, elapsed: 54s, ETA:    22s[>>>>>>>>>>>>>>>>>>        ] 5562/7824, 102.8 task/s, elapsed: 54s, ETA:    22s[>>>>>>>>>>>>>>>>>>        ] 5563/7824, 102.8 task/s, elapsed: 54s, ETA:    22s[>>>>>>>>>>>>>>>>>>        ] 5564/7824, 102.8 task/s, elapsed: 54s, ETA:    22s[>>>>>>>>>>>>>>>>>>        ] 5565/7824, 102.8 task/s, elapsed: 54s, ETA:    22s[>>>>>>>>>>>>>>>>>>        ] 5566/7824, 102.8 task/s, elapsed: 54s, ETA:    22s[>>>>>>>>>>>>>>>>>>        ] 5567/7824, 102.8 task/s, elapsed: 54s, ETA:    22s[>>>>>>>>>>>>>>>>>>        ] 5568/7824, 102.8 task/s, elapsed: 54s, ETA:    22s[>>>>>>>>>>>>>>>>>>        ] 5569/7824, 102.8 task/s, elapsed: 54s, ETA:    22s[>>>>>>>>>>>>>>>>>>        ] 5570/7824, 102.8 task/s, elapsed: 54s, ETA:    22s[>>>>>>>>>>>>>>>>>>        ] 5571/7824, 102.8 task/s, elapsed: 54s, ETA:    22s[>>>>>>>>>>>>>>>>>>        ] 5572/7824, 102.8 task/s, elapsed: 54s, ETA:    22s[>>>>>>>>>>>>>>>>>>        ] 5573/7824, 102.8 task/s, elapsed: 54s, ETA:    22s[>>>>>>>>>>>>>>>>>>        ] 5574/7824, 102.8 task/s, elapsed: 54s, ETA:    22s[>>>>>>>>>>>>>>>>>>        ] 5575/7824, 102.8 task/s, elapsed: 54s, ETA:    22s[>>>>>>>>>>>>>>>>>>        ] 5576/7824, 102.8 task/s, elapsed: 54s, ETA:    22s[>>>>>>>>>>>>>>>>>>        ] 5577/7824, 102.8 task/s, elapsed: 54s, ETA:    22s[>>>>>>>>>>>>>>>>>>        ] 5578/7824, 102.8 task/s, elapsed: 54s, ETA:    22s[>>>>>>>>>>>>>>>>>>        ] 5579/7824, 102.8 task/s, elapsed: 54s, ETA:    22s[>>>>>>>>>>>>>>>>>>        ] 5580/7824, 102.8 task/s, elapsed: 54s, ETA:    22s[>>>>>>>>>>>>>>>>>>        ] 5581/7824, 102.8 task/s, elapsed: 54s, ETA:    22s[>>>>>>>>>>>>>>>>>>        ] 5582/7824, 102.8 task/s, elapsed: 54s, ETA:    22s[>>>>>>>>>>>>>>>>>>        ] 5583/7824, 102.8 task/s, elapsed: 54s, ETA:    22s[>>>>>>>>>>>>>>>>>>        ] 5584/7824, 102.8 task/s, elapsed: 54s, ETA:    22s[>>>>>>>>>>>>>>>>>>        ] 5585/7824, 102.8 task/s, elapsed: 54s, ETA:    22s[>>>>>>>>>>>>>>>>>>        ] 5586/7824, 102.8 task/s, elapsed: 54s, ETA:    22s[>>>>>>>>>>>>>>>>>>        ] 5587/7824, 102.8 task/s, elapsed: 54s, ETA:    22s[>>>>>>>>>>>>>>>>>>        ] 5588/7824, 102.8 task/s, elapsed: 54s, ETA:    22s[>>>>>>>>>>>>>>>>>>        ] 5589/7824, 102.8 task/s, elapsed: 54s, ETA:    22s[>>>>>>>>>>>>>>>>>>        ] 5590/7824, 102.8 task/s, elapsed: 54s, ETA:    22s[>>>>>>>>>>>>>>>>>>        ] 5591/7824, 102.8 task/s, elapsed: 54s, ETA:    22s[>>>>>>>>>>>>>>>>>>        ] 5592/7824, 102.8 task/s, elapsed: 54s, ETA:    22s[>>>>>>>>>>>>>>>>>>        ] 5593/7824, 102.8 task/s, elapsed: 54s, ETA:    22s[>>>>>>>>>>>>>>>>>>        ] 5594/7824, 102.8 task/s, elapsed: 54s, ETA:    22s[>>>>>>>>>>>>>>>>>>        ] 5595/7824, 102.8 task/s, elapsed: 54s, ETA:    22s[>>>>>>>>>>>>>>>>>>        ] 5596/7824, 102.8 task/s, elapsed: 54s, ETA:    22s[>>>>>>>>>>>>>>>>>>        ] 5597/7824, 102.8 task/s, elapsed: 54s, ETA:    22s[>>>>>>>>>>>>>>>>>>        ] 5598/7824, 102.8 task/s, elapsed: 54s, ETA:    22s[>>>>>>>>>>>>>>>>>>        ] 5599/7824, 102.8 task/s, elapsed: 54s, ETA:    22s[>>>>>>>>>>>>>>>>>>        ] 5600/7824, 102.8 task/s, elapsed: 54s, ETA:    22s[>>>>>>>>>>>>>>>>>>        ] 5601/7824, 102.8 task/s, elapsed: 54s, ETA:    22s[>>>>>>>>>>>>>>>>>>        ] 5602/7824, 102.8 task/s, elapsed: 54s, ETA:    22s[>>>>>>>>>>>>>>>>>>        ] 5603/7824, 102.8 task/s, elapsed: 54s, ETA:    22s[>>>>>>>>>>>>>>>>>>        ] 5604/7824, 102.8 task/s, elapsed: 55s, ETA:    22s[>>>>>>>>>>>>>>>>>>        ] 5605/7824, 102.8 task/s, elapsed: 55s, ETA:    22s[>>>>>>>>>>>>>>>>>>        ] 5606/7824, 102.8 task/s, elapsed: 55s, ETA:    22s[>>>>>>>>>>>>>>>>>>        ] 5607/7824, 102.8 task/s, elapsed: 55s, ETA:    22s[>>>>>>>>>>>>>>>>>>        ] 5608/7824, 102.8 task/s, elapsed: 55s, ETA:    22s[>>>>>>>>>>>>>>>>>>        ] 5609/7824, 102.8 task/s, elapsed: 55s, ETA:    22s[>>>>>>>>>>>>>>>>>>        ] 5610/7824, 102.8 task/s, elapsed: 55s, ETA:    22s[>>>>>>>>>>>>>>>>>>        ] 5611/7824, 102.8 task/s, elapsed: 55s, ETA:    22s[>>>>>>>>>>>>>>>>>>        ] 5612/7824, 102.8 task/s, elapsed: 55s, ETA:    22s[>>>>>>>>>>>>>>>>>>        ] 5613/7824, 102.8 task/s, elapsed: 55s, ETA:    22s[>>>>>>>>>>>>>>>>>>        ] 5614/7824, 102.8 task/s, elapsed: 55s, ETA:    21s[>>>>>>>>>>>>>>>>>>        ] 5615/7824, 102.8 task/s, elapsed: 55s, ETA:    21s[>>>>>>>>>>>>>>>>>>        ] 5616/7824, 102.8 task/s, elapsed: 55s, ETA:    21s[>>>>>>>>>>>>>>>>>>        ] 5617/7824, 102.8 task/s, elapsed: 55s, ETA:    21s[>>>>>>>>>>>>>>>>>>        ] 5618/7824, 102.8 task/s, elapsed: 55s, ETA:    21s[>>>>>>>>>>>>>>>>>>        ] 5619/7824, 102.8 task/s, elapsed: 55s, ETA:    21s[>>>>>>>>>>>>>>>>>>        ] 5620/7824, 102.8 task/s, elapsed: 55s, ETA:    21s[>>>>>>>>>>>>>>>>>>        ] 5621/7824, 102.8 task/s, elapsed: 55s, ETA:    21s[>>>>>>>>>>>>>>>>>>        ] 5622/7824, 102.8 task/s, elapsed: 55s, ETA:    21s[>>>>>>>>>>>>>>>>>>        ] 5623/7824, 102.8 task/s, elapsed: 55s, ETA:    21s[>>>>>>>>>>>>>>>>>>        ] 5624/7824, 102.8 task/s, elapsed: 55s, ETA:    21s[>>>>>>>>>>>>>>>>>>        ] 5625/7824, 102.8 task/s, elapsed: 55s, ETA:    21s[>>>>>>>>>>>>>>>>>>        ] 5626/7824, 102.8 task/s, elapsed: 55s, ETA:    21s[>>>>>>>>>>>>>>>>>>        ] 5627/7824, 102.8 task/s, elapsed: 55s, ETA:    21s[>>>>>>>>>>>>>>>>>>        ] 5628/7824, 102.8 task/s, elapsed: 55s, ETA:    21s[>>>>>>>>>>>>>>>>>>        ] 5629/7824, 102.8 task/s, elapsed: 55s, ETA:    21s[>>>>>>>>>>>>>>>>>>        ] 5630/7824, 102.8 task/s, elapsed: 55s, ETA:    21s[>>>>>>>>>>>>>>>>>>        ] 5631/7824, 102.8 task/s, elapsed: 55s, ETA:    21s[>>>>>>>>>>>>>>>>>>        ] 5632/7824, 102.8 task/s, elapsed: 55s, ETA:    21s[>>>>>>>>>>>>>>>>>>        ] 5633/7824, 102.8 task/s, elapsed: 55s, ETA:    21s[>>>>>>>>>>>>>>>>>>        ] 5634/7824, 102.8 task/s, elapsed: 55s, ETA:    21s[>>>>>>>>>>>>>>>>>>        ] 5635/7824, 102.8 task/s, elapsed: 55s, ETA:    21s[>>>>>>>>>>>>>>>>>>        ] 5636/7824, 102.8 task/s, elapsed: 55s, ETA:    21s[>>>>>>>>>>>>>>>>>>        ] 5637/7824, 102.8 task/s, elapsed: 55s, ETA:    21s[>>>>>>>>>>>>>>>>>>        ] 5638/7824, 102.8 task/s, elapsed: 55s, ETA:    21s[>>>>>>>>>>>>>>>>>>        ] 5639/7824, 102.8 task/s, elapsed: 55s, ETA:    21s[>>>>>>>>>>>>>>>>>>        ] 5640/7824, 102.8 task/s, elapsed: 55s, ETA:    21s[>>>>>>>>>>>>>>>>>>        ] 5641/7824, 102.8 task/s, elapsed: 55s, ETA:    21s[>>>>>>>>>>>>>>>>>>        ] 5642/7824, 102.8 task/s, elapsed: 55s, ETA:    21s[>>>>>>>>>>>>>>>>>>        ] 5643/7824, 102.8 task/s, elapsed: 55s, ETA:    21s[>>>>>>>>>>>>>>>>>>        ] 5644/7824, 102.8 task/s, elapsed: 55s, ETA:    21s[>>>>>>>>>>>>>>>>>>        ] 5645/7824, 102.8 task/s, elapsed: 55s, ETA:    21s[>>>>>>>>>>>>>>>>>>        ] 5646/7824, 102.8 task/s, elapsed: 55s, ETA:    21s[>>>>>>>>>>>>>>>>>>        ] 5647/7824, 102.8 task/s, elapsed: 55s, ETA:    21s[>>>>>>>>>>>>>>>>>>        ] 5648/7824, 102.8 task/s, elapsed: 55s, ETA:    21s[>>>>>>>>>>>>>>>>>>        ] 5649/7824, 102.8 task/s, elapsed: 55s, ETA:    21s[>>>>>>>>>>>>>>>>>>        ] 5650/7824, 102.8 task/s, elapsed: 55s, ETA:    21s[>>>>>>>>>>>>>>>>>>        ] 5651/7824, 102.9 task/s, elapsed: 55s, ETA:    21s[>>>>>>>>>>>>>>>>>>        ] 5652/7824, 102.9 task/s, elapsed: 55s, ETA:    21s[>>>>>>>>>>>>>>>>>>        ] 5653/7824, 102.9 task/s, elapsed: 55s, ETA:    21s[>>>>>>>>>>>>>>>>>>        ] 5654/7824, 102.9 task/s, elapsed: 55s, ETA:    21s[>>>>>>>>>>>>>>>>>>        ] 5655/7824, 102.9 task/s, elapsed: 55s, ETA:    21s[>>>>>>>>>>>>>>>>>>        ] 5656/7824, 102.9 task/s, elapsed: 55s, ETA:    21s[>>>>>>>>>>>>>>>>>>        ] 5657/7824, 102.9 task/s, elapsed: 55s, ETA:    21s[>>>>>>>>>>>>>>>>>>        ] 5658/7824, 102.9 task/s, elapsed: 55s, ETA:    21s[>>>>>>>>>>>>>>>>>>        ] 5659/7824, 102.9 task/s, elapsed: 55s, ETA:    21s[>>>>>>>>>>>>>>>>>>        ] 5660/7824, 102.9 task/s, elapsed: 55s, ETA:    21s[>>>>>>>>>>>>>>>>>>        ] 5661/7824, 102.9 task/s, elapsed: 55s, ETA:    21s[>>>>>>>>>>>>>>>>>>        ] 5662/7824, 102.9 task/s, elapsed: 55s, ETA:    21s[>>>>>>>>>>>>>>>>>>        ] 5663/7824, 102.9 task/s, elapsed: 55s, ETA:    21s[>>>>>>>>>>>>>>>>>>        ] 5664/7824, 102.9 task/s, elapsed: 55s, ETA:    21s[>>>>>>>>>>>>>>>>>>        ] 5665/7824, 102.9 task/s, elapsed: 55s, ETA:    21s[>>>>>>>>>>>>>>>>>>        ] 5666/7824, 102.9 task/s, elapsed: 55s, ETA:    21s[>>>>>>>>>>>>>>>>>>        ] 5667/7824, 102.9 task/s, elapsed: 55s, ETA:    21s[>>>>>>>>>>>>>>>>>>        ] 5668/7824, 102.9 task/s, elapsed: 55s, ETA:    21s[>>>>>>>>>>>>>>>>>>        ] 5669/7824, 102.9 task/s, elapsed: 55s, ETA:    21s[>>>>>>>>>>>>>>>>>>        ] 5670/7824, 102.9 task/s, elapsed: 55s, ETA:    21s[>>>>>>>>>>>>>>>>>>        ] 5671/7824, 102.9 task/s, elapsed: 55s, ETA:    21s[>>>>>>>>>>>>>>>>>>        ] 5672/7824, 102.9 task/s, elapsed: 55s, ETA:    21s[>>>>>>>>>>>>>>>>>>        ] 5673/7824, 102.9 task/s, elapsed: 55s, ETA:    21s[>>>>>>>>>>>>>>>>>>        ] 5674/7824, 102.9 task/s, elapsed: 55s, ETA:    21s[>>>>>>>>>>>>>>>>>>        ] 5675/7824, 102.9 task/s, elapsed: 55s, ETA:    21s[>>>>>>>>>>>>>>>>>>        ] 5676/7824, 102.9 task/s, elapsed: 55s, ETA:    21s[>>>>>>>>>>>>>>>>>>        ] 5677/7824, 102.9 task/s, elapsed: 55s, ETA:    21s[>>>>>>>>>>>>>>>>>>        ] 5678/7824, 102.9 task/s, elapsed: 55s, ETA:    21s[>>>>>>>>>>>>>>>>>>        ] 5679/7824, 102.9 task/s, elapsed: 55s, ETA:    21s[>>>>>>>>>>>>>>>>>>        ] 5680/7824, 102.9 task/s, elapsed: 55s, ETA:    21s[>>>>>>>>>>>>>>>>>>        ] 5681/7824, 102.9 task/s, elapsed: 55s, ETA:    21s[>>>>>>>>>>>>>>>>>>        ] 5682/7824, 102.9 task/s, elapsed: 55s, ETA:    21s[>>>>>>>>>>>>>>>>>>        ] 5683/7824, 102.9 task/s, elapsed: 55s, ETA:    21s[>>>>>>>>>>>>>>>>>>        ] 5684/7824, 102.9 task/s, elapsed: 55s, ETA:    21s[>>>>>>>>>>>>>>>>>>        ] 5685/7824, 102.9 task/s, elapsed: 55s, ETA:    21s[>>>>>>>>>>>>>>>>>>        ] 5686/7824, 102.9 task/s, elapsed: 55s, ETA:    21s[>>>>>>>>>>>>>>>>>>        ] 5687/7824, 102.9 task/s, elapsed: 55s, ETA:    21s[>>>>>>>>>>>>>>>>>>        ] 5688/7824, 102.9 task/s, elapsed: 55s, ETA:    21s[>>>>>>>>>>>>>>>>>>        ] 5689/7824, 102.9 task/s, elapsed: 55s, ETA:    21s[>>>>>>>>>>>>>>>>>>        ] 5690/7824, 102.9 task/s, elapsed: 55s, ETA:    21s[>>>>>>>>>>>>>>>>>>        ] 5691/7824, 102.9 task/s, elapsed: 55s, ETA:    21s[>>>>>>>>>>>>>>>>>>        ] 5692/7824, 102.9 task/s, elapsed: 55s, ETA:    21s[>>>>>>>>>>>>>>>>>>        ] 5693/7824, 102.9 task/s, elapsed: 55s, ETA:    21s[>>>>>>>>>>>>>>>>>>        ] 5694/7824, 102.9 task/s, elapsed: 55s, ETA:    21s[>>>>>>>>>>>>>>>>>>        ] 5695/7824, 102.9 task/s, elapsed: 55s, ETA:    21s[>>>>>>>>>>>>>>>>>>        ] 5696/7824, 102.9 task/s, elapsed: 55s, ETA:    21s[>>>>>>>>>>>>>>>>>>        ] 5697/7824, 102.9 task/s, elapsed: 55s, ETA:    21s[>>>>>>>>>>>>>>>>>>        ] 5698/7824, 102.9 task/s, elapsed: 55s, ETA:    21s[>>>>>>>>>>>>>>>>>>        ] 5699/7824, 102.9 task/s, elapsed: 55s, ETA:    21s[>>>>>>>>>>>>>>>>>>        ] 5700/7824, 102.9 task/s, elapsed: 55s, ETA:    21s[>>>>>>>>>>>>>>>>>>        ] 5701/7824, 102.9 task/s, elapsed: 55s, ETA:    21s[>>>>>>>>>>>>>>>>>>        ] 5702/7824, 102.9 task/s, elapsed: 55s, ETA:    21s[>>>>>>>>>>>>>>>>>>        ] 5703/7824, 102.9 task/s, elapsed: 55s, ETA:    21s[>>>>>>>>>>>>>>>>>>        ] 5704/7824, 102.9 task/s, elapsed: 55s, ETA:    21s[>>>>>>>>>>>>>>>>>>        ] 5705/7824, 102.9 task/s, elapsed: 55s, ETA:    21s[>>>>>>>>>>>>>>>>>>        ] 5706/7824, 102.9 task/s, elapsed: 55s, ETA:    21s[>>>>>>>>>>>>>>>>>>        ] 5707/7824, 102.9 task/s, elapsed: 55s, ETA:    21s[>>>>>>>>>>>>>>>>>>        ] 5708/7824, 102.9 task/s, elapsed: 55s, ETA:    21s[>>>>>>>>>>>>>>>>>>        ] 5709/7824, 102.9 task/s, elapsed: 55s, ETA:    21s[>>>>>>>>>>>>>>>>>>        ] 5710/7824, 102.9 task/s, elapsed: 55s, ETA:    21s[>>>>>>>>>>>>>>>>>>        ] 5711/7824, 102.9 task/s, elapsed: 56s, ETA:    21s[>>>>>>>>>>>>>>>>>>        ] 5712/7824, 102.9 task/s, elapsed: 56s, ETA:    21s[>>>>>>>>>>>>>>>>>>        ] 5713/7824, 102.9 task/s, elapsed: 56s, ETA:    21s[>>>>>>>>>>>>>>>>>>        ] 5714/7824, 102.9 task/s, elapsed: 56s, ETA:    21s[>>>>>>>>>>>>>>>>>>        ] 5715/7824, 102.9 task/s, elapsed: 56s, ETA:    20s[>>>>>>>>>>>>>>>>>>        ] 5716/7824, 102.9 task/s, elapsed: 56s, ETA:    20s[>>>>>>>>>>>>>>>>>>        ] 5717/7824, 102.9 task/s, elapsed: 56s, ETA:    20s[>>>>>>>>>>>>>>>>>>>       ] 5718/7824, 102.9 task/s, elapsed: 56s, ETA:    20s[>>>>>>>>>>>>>>>>>>>       ] 5719/7824, 102.9 task/s, elapsed: 56s, ETA:    20s[>>>>>>>>>>>>>>>>>>>       ] 5720/7824, 102.9 task/s, elapsed: 56s, ETA:    20s[>>>>>>>>>>>>>>>>>>>       ] 5721/7824, 102.9 task/s, elapsed: 56s, ETA:    20s[>>>>>>>>>>>>>>>>>>>       ] 5722/7824, 102.9 task/s, elapsed: 56s, ETA:    20s[>>>>>>>>>>>>>>>>>>>       ] 5723/7824, 102.9 task/s, elapsed: 56s, ETA:    20s[>>>>>>>>>>>>>>>>>>>       ] 5724/7824, 102.9 task/s, elapsed: 56s, ETA:    20s[>>>>>>>>>>>>>>>>>>>       ] 5725/7824, 102.9 task/s, elapsed: 56s, ETA:    20s[>>>>>>>>>>>>>>>>>>>       ] 5726/7824, 102.9 task/s, elapsed: 56s, ETA:    20s[>>>>>>>>>>>>>>>>>>>       ] 5727/7824, 102.9 task/s, elapsed: 56s, ETA:    20s[>>>>>>>>>>>>>>>>>>>       ] 5728/7824, 102.9 task/s, elapsed: 56s, ETA:    20s[>>>>>>>>>>>>>>>>>>>       ] 5729/7824, 102.9 task/s, elapsed: 56s, ETA:    20s[>>>>>>>>>>>>>>>>>>>       ] 5730/7824, 102.9 task/s, elapsed: 56s, ETA:    20s[>>>>>>>>>>>>>>>>>>>       ] 5731/7824, 102.9 task/s, elapsed: 56s, ETA:    20s[>>>>>>>>>>>>>>>>>>>       ] 5732/7824, 102.9 task/s, elapsed: 56s, ETA:    20s[>>>>>>>>>>>>>>>>>>>       ] 5733/7824, 102.9 task/s, elapsed: 56s, ETA:    20s[>>>>>>>>>>>>>>>>>>>       ] 5734/7824, 102.9 task/s, elapsed: 56s, ETA:    20s[>>>>>>>>>>>>>>>>>>>       ] 5735/7824, 102.9 task/s, elapsed: 56s, ETA:    20s[>>>>>>>>>>>>>>>>>>>       ] 5736/7824, 102.9 task/s, elapsed: 56s, ETA:    20s[>>>>>>>>>>>>>>>>>>>       ] 5737/7824, 102.9 task/s, elapsed: 56s, ETA:    20s[>>>>>>>>>>>>>>>>>>>       ] 5738/7824, 102.9 task/s, elapsed: 56s, ETA:    20s[>>>>>>>>>>>>>>>>>>>       ] 5739/7824, 102.9 task/s, elapsed: 56s, ETA:    20s[>>>>>>>>>>>>>>>>>>>       ] 5740/7824, 102.9 task/s, elapsed: 56s, ETA:    20s[>>>>>>>>>>>>>>>>>>>       ] 5741/7824, 102.9 task/s, elapsed: 56s, ETA:    20s[>>>>>>>>>>>>>>>>>>>       ] 5742/7824, 102.9 task/s, elapsed: 56s, ETA:    20s[>>>>>>>>>>>>>>>>>>>       ] 5743/7824, 102.9 task/s, elapsed: 56s, ETA:    20s[>>>>>>>>>>>>>>>>>>>       ] 5744/7824, 102.9 task/s, elapsed: 56s, ETA:    20s[>>>>>>>>>>>>>>>>>>>       ] 5745/7824, 102.9 task/s, elapsed: 56s, ETA:    20s[>>>>>>>>>>>>>>>>>>>       ] 5746/7824, 102.9 task/s, elapsed: 56s, ETA:    20s[>>>>>>>>>>>>>>>>>>>       ] 5747/7824, 102.9 task/s, elapsed: 56s, ETA:    20s[>>>>>>>>>>>>>>>>>>>       ] 5748/7824, 102.9 task/s, elapsed: 56s, ETA:    20s[>>>>>>>>>>>>>>>>>>>       ] 5749/7824, 102.9 task/s, elapsed: 56s, ETA:    20s[>>>>>>>>>>>>>>>>>>>       ] 5750/7824, 102.9 task/s, elapsed: 56s, ETA:    20s[>>>>>>>>>>>>>>>>>>>       ] 5751/7824, 102.9 task/s, elapsed: 56s, ETA:    20s[>>>>>>>>>>>>>>>>>>>       ] 5752/7824, 102.9 task/s, elapsed: 56s, ETA:    20s[>>>>>>>>>>>>>>>>>>>       ] 5753/7824, 102.9 task/s, elapsed: 56s, ETA:    20s[>>>>>>>>>>>>>>>>>>>       ] 5754/7824, 102.9 task/s, elapsed: 56s, ETA:    20s[>>>>>>>>>>>>>>>>>>>       ] 5755/7824, 102.9 task/s, elapsed: 56s, ETA:    20s[>>>>>>>>>>>>>>>>>>>       ] 5756/7824, 102.9 task/s, elapsed: 56s, ETA:    20s[>>>>>>>>>>>>>>>>>>>       ] 5757/7824, 102.9 task/s, elapsed: 56s, ETA:    20s[>>>>>>>>>>>>>>>>>>>       ] 5758/7824, 102.9 task/s, elapsed: 56s, ETA:    20s[>>>>>>>>>>>>>>>>>>>       ] 5759/7824, 102.9 task/s, elapsed: 56s, ETA:    20s[>>>>>>>>>>>>>>>>>>>       ] 5760/7824, 102.9 task/s, elapsed: 56s, ETA:    20s[>>>>>>>>>>>>>>>>>>>       ] 5761/7824, 102.9 task/s, elapsed: 56s, ETA:    20s[>>>>>>>>>>>>>>>>>>>       ] 5762/7824, 102.9 task/s, elapsed: 56s, ETA:    20s[>>>>>>>>>>>>>>>>>>>       ] 5763/7824, 102.9 task/s, elapsed: 56s, ETA:    20s[>>>>>>>>>>>>>>>>>>>       ] 5764/7824, 102.9 task/s, elapsed: 56s, ETA:    20s[>>>>>>>>>>>>>>>>>>>       ] 5765/7824, 102.9 task/s, elapsed: 56s, ETA:    20s[>>>>>>>>>>>>>>>>>>>       ] 5766/7824, 102.9 task/s, elapsed: 56s, ETA:    20s[>>>>>>>>>>>>>>>>>>>       ] 5767/7824, 102.9 task/s, elapsed: 56s, ETA:    20s[>>>>>>>>>>>>>>>>>>>       ] 5768/7824, 102.9 task/s, elapsed: 56s, ETA:    20s[>>>>>>>>>>>>>>>>>>>       ] 5769/7824, 102.9 task/s, elapsed: 56s, ETA:    20s[>>>>>>>>>>>>>>>>>>>       ] 5770/7824, 102.9 task/s, elapsed: 56s, ETA:    20s[>>>>>>>>>>>>>>>>>>>       ] 5771/7824, 102.9 task/s, elapsed: 56s, ETA:    20s[>>>>>>>>>>>>>>>>>>>       ] 5772/7824, 102.9 task/s, elapsed: 56s, ETA:    20s[>>>>>>>>>>>>>>>>>>>       ] 5773/7824, 102.9 task/s, elapsed: 56s, ETA:    20s[>>>>>>>>>>>>>>>>>>>       ] 5774/7824, 102.9 task/s, elapsed: 56s, ETA:    20s[>>>>>>>>>>>>>>>>>>>       ] 5775/7824, 102.9 task/s, elapsed: 56s, ETA:    20s[>>>>>>>>>>>>>>>>>>>       ] 5776/7824, 102.9 task/s, elapsed: 56s, ETA:    20s[>>>>>>>>>>>>>>>>>>>       ] 5777/7824, 102.9 task/s, elapsed: 56s, ETA:    20s[>>>>>>>>>>>>>>>>>>>       ] 5778/7824, 102.9 task/s, elapsed: 56s, ETA:    20s[>>>>>>>>>>>>>>>>>>>       ] 5779/7824, 102.9 task/s, elapsed: 56s, ETA:    20s[>>>>>>>>>>>>>>>>>>>       ] 5780/7824, 102.9 task/s, elapsed: 56s, ETA:    20s[>>>>>>>>>>>>>>>>>>>       ] 5781/7824, 102.9 task/s, elapsed: 56s, ETA:    20s[>>>>>>>>>>>>>>>>>>>       ] 5782/7824, 102.9 task/s, elapsed: 56s, ETA:    20s[>>>>>>>>>>>>>>>>>>>       ] 5783/7824, 102.9 task/s, elapsed: 56s, ETA:    20s[>>>>>>>>>>>>>>>>>>>       ] 5784/7824, 102.9 task/s, elapsed: 56s, ETA:    20s[>>>>>>>>>>>>>>>>>>>       ] 5785/7824, 102.9 task/s, elapsed: 56s, ETA:    20s[>>>>>>>>>>>>>>>>>>>       ] 5786/7824, 102.9 task/s, elapsed: 56s, ETA:    20s[>>>>>>>>>>>>>>>>>>>       ] 5787/7824, 102.9 task/s, elapsed: 56s, ETA:    20s[>>>>>>>>>>>>>>>>>>>       ] 5788/7824, 102.9 task/s, elapsed: 56s, ETA:    20s[>>>>>>>>>>>>>>>>>>>       ] 5789/7824, 102.9 task/s, elapsed: 56s, ETA:    20s[>>>>>>>>>>>>>>>>>>>       ] 5790/7824, 102.9 task/s, elapsed: 56s, ETA:    20s[>>>>>>>>>>>>>>>>>>>       ] 5791/7824, 102.9 task/s, elapsed: 56s, ETA:    20s[>>>>>>>>>>>>>>>>>>>       ] 5792/7824, 102.9 task/s, elapsed: 56s, ETA:    20s[>>>>>>>>>>>>>>>>>>>       ] 5793/7824, 102.9 task/s, elapsed: 56s, ETA:    20s[>>>>>>>>>>>>>>>>>>>       ] 5794/7824, 102.9 task/s, elapsed: 56s, ETA:    20s[>>>>>>>>>>>>>>>>>>>       ] 5795/7824, 102.9 task/s, elapsed: 56s, ETA:    20s[>>>>>>>>>>>>>>>>>>>       ] 5796/7824, 102.9 task/s, elapsed: 56s, ETA:    20s[>>>>>>>>>>>>>>>>>>>       ] 5797/7824, 102.9 task/s, elapsed: 56s, ETA:    20s[>>>>>>>>>>>>>>>>>>>       ] 5798/7824, 102.9 task/s, elapsed: 56s, ETA:    20s[>>>>>>>>>>>>>>>>>>>       ] 5799/7824, 102.9 task/s, elapsed: 56s, ETA:    20s[>>>>>>>>>>>>>>>>>>>       ] 5800/7824, 102.9 task/s, elapsed: 56s, ETA:    20s[>>>>>>>>>>>>>>>>>>>       ] 5801/7824, 102.9 task/s, elapsed: 56s, ETA:    20s[>>>>>>>>>>>>>>>>>>>       ] 5802/7824, 102.9 task/s, elapsed: 56s, ETA:    20s[>>>>>>>>>>>>>>>>>>>       ] 5803/7824, 103.0 task/s, elapsed: 56s, ETA:    20s[>>>>>>>>>>>>>>>>>>>       ] 5804/7824, 103.0 task/s, elapsed: 56s, ETA:    20s[>>>>>>>>>>>>>>>>>>>       ] 5805/7824, 103.0 task/s, elapsed: 56s, ETA:    20s[>>>>>>>>>>>>>>>>>>>       ] 5806/7824, 103.0 task/s, elapsed: 56s, ETA:    20s[>>>>>>>>>>>>>>>>>>>       ] 5807/7824, 103.0 task/s, elapsed: 56s, ETA:    20s[>>>>>>>>>>>>>>>>>>>       ] 5808/7824, 103.0 task/s, elapsed: 56s, ETA:    20s[>>>>>>>>>>>>>>>>>>>       ] 5809/7824, 103.0 task/s, elapsed: 56s, ETA:    20s[>>>>>>>>>>>>>>>>>>>       ] 5810/7824, 103.0 task/s, elapsed: 56s, ETA:    20s[>>>>>>>>>>>>>>>>>>>       ] 5811/7824, 103.0 task/s, elapsed: 56s, ETA:    20s[>>>>>>>>>>>>>>>>>>>       ] 5812/7824, 103.0 task/s, elapsed: 56s, ETA:    20s[>>>>>>>>>>>>>>>>>>>       ] 5813/7824, 103.0 task/s, elapsed: 56s, ETA:    20s[>>>>>>>>>>>>>>>>>>>       ] 5814/7824, 103.0 task/s, elapsed: 56s, ETA:    20s[>>>>>>>>>>>>>>>>>>>       ] 5815/7824, 103.0 task/s, elapsed: 56s, ETA:    20s[>>>>>>>>>>>>>>>>>>>       ] 5816/7824, 103.0 task/s, elapsed: 56s, ETA:    20s[>>>>>>>>>>>>>>>>>>>       ] 5817/7824, 103.0 task/s, elapsed: 56s, ETA:    19s[>>>>>>>>>>>>>>>>>>>       ] 5818/7824, 103.0 task/s, elapsed: 57s, ETA:    19s[>>>>>>>>>>>>>>>>>>>       ] 5819/7824, 103.0 task/s, elapsed: 57s, ETA:    19s[>>>>>>>>>>>>>>>>>>>       ] 5820/7824, 103.0 task/s, elapsed: 57s, ETA:    19s[>>>>>>>>>>>>>>>>>>>       ] 5821/7824, 103.0 task/s, elapsed: 57s, ETA:    19s[>>>>>>>>>>>>>>>>>>>       ] 5822/7824, 103.0 task/s, elapsed: 57s, ETA:    19s[>>>>>>>>>>>>>>>>>>>       ] 5823/7824, 103.0 task/s, elapsed: 57s, ETA:    19s[>>>>>>>>>>>>>>>>>>>       ] 5824/7824, 103.0 task/s, elapsed: 57s, ETA:    19s[>>>>>>>>>>>>>>>>>>>       ] 5825/7824, 103.0 task/s, elapsed: 57s, ETA:    19s[>>>>>>>>>>>>>>>>>>>       ] 5826/7824, 103.0 task/s, elapsed: 57s, ETA:    19s[>>>>>>>>>>>>>>>>>>>       ] 5827/7824, 103.0 task/s, elapsed: 57s, ETA:    19s[>>>>>>>>>>>>>>>>>>>       ] 5828/7824, 103.0 task/s, elapsed: 57s, ETA:    19s[>>>>>>>>>>>>>>>>>>>       ] 5829/7824, 103.0 task/s, elapsed: 57s, ETA:    19s[>>>>>>>>>>>>>>>>>>>       ] 5830/7824, 103.0 task/s, elapsed: 57s, ETA:    19s[>>>>>>>>>>>>>>>>>>>       ] 5831/7824, 103.0 task/s, elapsed: 57s, ETA:    19s[>>>>>>>>>>>>>>>>>>>       ] 5832/7824, 103.0 task/s, elapsed: 57s, ETA:    19s[>>>>>>>>>>>>>>>>>>>       ] 5833/7824, 103.0 task/s, elapsed: 57s, ETA:    19s[>>>>>>>>>>>>>>>>>>>       ] 5834/7824, 103.0 task/s, elapsed: 57s, ETA:    19s[>>>>>>>>>>>>>>>>>>>       ] 5835/7824, 103.0 task/s, elapsed: 57s, ETA:    19s[>>>>>>>>>>>>>>>>>>>       ] 5836/7824, 103.0 task/s, elapsed: 57s, ETA:    19s[>>>>>>>>>>>>>>>>>>>       ] 5837/7824, 103.0 task/s, elapsed: 57s, ETA:    19s[>>>>>>>>>>>>>>>>>>>       ] 5838/7824, 103.0 task/s, elapsed: 57s, ETA:    19s[>>>>>>>>>>>>>>>>>>>       ] 5839/7824, 103.0 task/s, elapsed: 57s, ETA:    19s[>>>>>>>>>>>>>>>>>>>       ] 5840/7824, 103.0 task/s, elapsed: 57s, ETA:    19s[>>>>>>>>>>>>>>>>>>>       ] 5841/7824, 103.0 task/s, elapsed: 57s, ETA:    19s[>>>>>>>>>>>>>>>>>>>       ] 5842/7824, 103.0 task/s, elapsed: 57s, ETA:    19s[>>>>>>>>>>>>>>>>>>>       ] 5843/7824, 103.0 task/s, elapsed: 57s, ETA:    19s[>>>>>>>>>>>>>>>>>>>       ] 5844/7824, 103.0 task/s, elapsed: 57s, ETA:    19s[>>>>>>>>>>>>>>>>>>>       ] 5845/7824, 103.0 task/s, elapsed: 57s, ETA:    19s[>>>>>>>>>>>>>>>>>>>       ] 5846/7824, 103.0 task/s, elapsed: 57s, ETA:    19s[>>>>>>>>>>>>>>>>>>>       ] 5847/7824, 103.0 task/s, elapsed: 57s, ETA:    19s[>>>>>>>>>>>>>>>>>>>       ] 5848/7824, 103.0 task/s, elapsed: 57s, ETA:    19s[>>>>>>>>>>>>>>>>>>>       ] 5849/7824, 103.0 task/s, elapsed: 57s, ETA:    19s[>>>>>>>>>>>>>>>>>>>       ] 5850/7824, 103.0 task/s, elapsed: 57s, ETA:    19s[>>>>>>>>>>>>>>>>>>>       ] 5851/7824, 103.0 task/s, elapsed: 57s, ETA:    19s[>>>>>>>>>>>>>>>>>>>       ] 5852/7824, 103.0 task/s, elapsed: 57s, ETA:    19s[>>>>>>>>>>>>>>>>>>>       ] 5853/7824, 103.0 task/s, elapsed: 57s, ETA:    19s[>>>>>>>>>>>>>>>>>>>       ] 5854/7824, 103.0 task/s, elapsed: 57s, ETA:    19s[>>>>>>>>>>>>>>>>>>>       ] 5855/7824, 103.0 task/s, elapsed: 57s, ETA:    19s[>>>>>>>>>>>>>>>>>>>       ] 5856/7824, 103.0 task/s, elapsed: 57s, ETA:    19s[>>>>>>>>>>>>>>>>>>>       ] 5857/7824, 103.0 task/s, elapsed: 57s, ETA:    19s[>>>>>>>>>>>>>>>>>>>       ] 5858/7824, 103.0 task/s, elapsed: 57s, ETA:    19s[>>>>>>>>>>>>>>>>>>>       ] 5859/7824, 103.0 task/s, elapsed: 57s, ETA:    19s[>>>>>>>>>>>>>>>>>>>       ] 5860/7824, 103.0 task/s, elapsed: 57s, ETA:    19s[>>>>>>>>>>>>>>>>>>>       ] 5861/7824, 103.0 task/s, elapsed: 57s, ETA:    19s[>>>>>>>>>>>>>>>>>>>       ] 5862/7824, 103.0 task/s, elapsed: 57s, ETA:    19s[>>>>>>>>>>>>>>>>>>>       ] 5863/7824, 103.0 task/s, elapsed: 57s, ETA:    19s[>>>>>>>>>>>>>>>>>>>       ] 5864/7824, 103.0 task/s, elapsed: 57s, ETA:    19s[>>>>>>>>>>>>>>>>>>>       ] 5865/7824, 103.0 task/s, elapsed: 57s, ETA:    19s[>>>>>>>>>>>>>>>>>>>       ] 5866/7824, 103.0 task/s, elapsed: 57s, ETA:    19s[>>>>>>>>>>>>>>>>>>>       ] 5867/7824, 103.0 task/s, elapsed: 57s, ETA:    19s[>>>>>>>>>>>>>>>>>>>       ] 5868/7824, 103.0 task/s, elapsed: 57s, ETA:    19s[>>>>>>>>>>>>>>>>>>>       ] 5869/7824, 103.0 task/s, elapsed: 57s, ETA:    19s[>>>>>>>>>>>>>>>>>>>       ] 5870/7824, 103.0 task/s, elapsed: 57s, ETA:    19s[>>>>>>>>>>>>>>>>>>>       ] 5871/7824, 103.0 task/s, elapsed: 57s, ETA:    19s[>>>>>>>>>>>>>>>>>>>       ] 5872/7824, 103.0 task/s, elapsed: 57s, ETA:    19s[>>>>>>>>>>>>>>>>>>>       ] 5873/7824, 103.0 task/s, elapsed: 57s, ETA:    19s[>>>>>>>>>>>>>>>>>>>       ] 5874/7824, 103.0 task/s, elapsed: 57s, ETA:    19s[>>>>>>>>>>>>>>>>>>>       ] 5875/7824, 103.0 task/s, elapsed: 57s, ETA:    19s[>>>>>>>>>>>>>>>>>>>       ] 5876/7824, 103.0 task/s, elapsed: 57s, ETA:    19s[>>>>>>>>>>>>>>>>>>>       ] 5877/7824, 103.0 task/s, elapsed: 57s, ETA:    19s[>>>>>>>>>>>>>>>>>>>       ] 5878/7824, 103.0 task/s, elapsed: 57s, ETA:    19s[>>>>>>>>>>>>>>>>>>>       ] 5879/7824, 103.0 task/s, elapsed: 57s, ETA:    19s[>>>>>>>>>>>>>>>>>>>       ] 5880/7824, 103.0 task/s, elapsed: 57s, ETA:    19s[>>>>>>>>>>>>>>>>>>>       ] 5881/7824, 103.0 task/s, elapsed: 57s, ETA:    19s[>>>>>>>>>>>>>>>>>>>       ] 5882/7824, 103.0 task/s, elapsed: 57s, ETA:    19s[>>>>>>>>>>>>>>>>>>>       ] 5883/7824, 103.0 task/s, elapsed: 57s, ETA:    19s[>>>>>>>>>>>>>>>>>>>       ] 5884/7824, 103.0 task/s, elapsed: 57s, ETA:    19s[>>>>>>>>>>>>>>>>>>>       ] 5885/7824, 103.0 task/s, elapsed: 57s, ETA:    19s[>>>>>>>>>>>>>>>>>>>       ] 5886/7824, 103.0 task/s, elapsed: 57s, ETA:    19s[>>>>>>>>>>>>>>>>>>>       ] 5887/7824, 103.0 task/s, elapsed: 57s, ETA:    19s[>>>>>>>>>>>>>>>>>>>       ] 5888/7824, 103.0 task/s, elapsed: 57s, ETA:    19s[>>>>>>>>>>>>>>>>>>>       ] 5889/7824, 103.0 task/s, elapsed: 57s, ETA:    19s[>>>>>>>>>>>>>>>>>>>       ] 5890/7824, 103.0 task/s, elapsed: 57s, ETA:    19s[>>>>>>>>>>>>>>>>>>>       ] 5891/7824, 103.0 task/s, elapsed: 57s, ETA:    19s[>>>>>>>>>>>>>>>>>>>       ] 5892/7824, 103.0 task/s, elapsed: 57s, ETA:    19s[>>>>>>>>>>>>>>>>>>>       ] 5893/7824, 103.0 task/s, elapsed: 57s, ETA:    19s[>>>>>>>>>>>>>>>>>>>       ] 5894/7824, 103.0 task/s, elapsed: 57s, ETA:    19s[>>>>>>>>>>>>>>>>>>>       ] 5895/7824, 103.0 task/s, elapsed: 57s, ETA:    19s[>>>>>>>>>>>>>>>>>>>       ] 5896/7824, 103.0 task/s, elapsed: 57s, ETA:    19s[>>>>>>>>>>>>>>>>>>>       ] 5897/7824, 103.0 task/s, elapsed: 57s, ETA:    19s[>>>>>>>>>>>>>>>>>>>       ] 5898/7824, 103.0 task/s, elapsed: 57s, ETA:    19s[>>>>>>>>>>>>>>>>>>>       ] 5899/7824, 103.0 task/s, elapsed: 57s, ETA:    19s[>>>>>>>>>>>>>>>>>>>       ] 5900/7824, 103.0 task/s, elapsed: 57s, ETA:    19s[>>>>>>>>>>>>>>>>>>>       ] 5901/7824, 103.0 task/s, elapsed: 57s, ETA:    19s[>>>>>>>>>>>>>>>>>>>       ] 5902/7824, 103.0 task/s, elapsed: 57s, ETA:    19s[>>>>>>>>>>>>>>>>>>>       ] 5903/7824, 103.0 task/s, elapsed: 57s, ETA:    19s[>>>>>>>>>>>>>>>>>>>       ] 5904/7824, 103.0 task/s, elapsed: 57s, ETA:    19s[>>>>>>>>>>>>>>>>>>>       ] 5905/7824, 103.0 task/s, elapsed: 57s, ETA:    19s[>>>>>>>>>>>>>>>>>>>       ] 5906/7824, 103.0 task/s, elapsed: 57s, ETA:    19s[>>>>>>>>>>>>>>>>>>>       ] 5907/7824, 103.0 task/s, elapsed: 57s, ETA:    19s[>>>>>>>>>>>>>>>>>>>       ] 5908/7824, 103.0 task/s, elapsed: 57s, ETA:    19s[>>>>>>>>>>>>>>>>>>>       ] 5909/7824, 103.0 task/s, elapsed: 57s, ETA:    19s[>>>>>>>>>>>>>>>>>>>       ] 5910/7824, 103.0 task/s, elapsed: 57s, ETA:    19s[>>>>>>>>>>>>>>>>>>>       ] 5911/7824, 103.0 task/s, elapsed: 57s, ETA:    19s[>>>>>>>>>>>>>>>>>>>       ] 5912/7824, 103.0 task/s, elapsed: 57s, ETA:    19s[>>>>>>>>>>>>>>>>>>>       ] 5913/7824, 103.0 task/s, elapsed: 57s, ETA:    19s[>>>>>>>>>>>>>>>>>>>       ] 5914/7824, 103.0 task/s, elapsed: 57s, ETA:    19s[>>>>>>>>>>>>>>>>>>>       ] 5915/7824, 103.0 task/s, elapsed: 57s, ETA:    19s[>>>>>>>>>>>>>>>>>>>       ] 5916/7824, 103.0 task/s, elapsed: 57s, ETA:    19s[>>>>>>>>>>>>>>>>>>>       ] 5917/7824, 103.0 task/s, elapsed: 57s, ETA:    19s[>>>>>>>>>>>>>>>>>>>       ] 5918/7824, 103.0 task/s, elapsed: 57s, ETA:    19s[>>>>>>>>>>>>>>>>>>>       ] 5919/7824, 103.0 task/s, elapsed: 57s, ETA:    18s[>>>>>>>>>>>>>>>>>>>       ] 5920/7824, 103.0 task/s, elapsed: 57s, ETA:    18s[>>>>>>>>>>>>>>>>>>>       ] 5921/7824, 103.0 task/s, elapsed: 57s, ETA:    18s[>>>>>>>>>>>>>>>>>>>       ] 5922/7824, 103.0 task/s, elapsed: 57s, ETA:    18s[>>>>>>>>>>>>>>>>>>>       ] 5923/7824, 103.0 task/s, elapsed: 57s, ETA:    18s[>>>>>>>>>>>>>>>>>>>       ] 5924/7824, 103.0 task/s, elapsed: 58s, ETA:    18s[>>>>>>>>>>>>>>>>>>>       ] 5925/7824, 103.0 task/s, elapsed: 58s, ETA:    18s[>>>>>>>>>>>>>>>>>>>       ] 5926/7824, 103.0 task/s, elapsed: 58s, ETA:    18s[>>>>>>>>>>>>>>>>>>>       ] 5927/7824, 103.0 task/s, elapsed: 58s, ETA:    18s[>>>>>>>>>>>>>>>>>>>       ] 5928/7824, 103.0 task/s, elapsed: 58s, ETA:    18s[>>>>>>>>>>>>>>>>>>>       ] 5929/7824, 103.0 task/s, elapsed: 58s, ETA:    18s[>>>>>>>>>>>>>>>>>>>       ] 5930/7824, 103.0 task/s, elapsed: 58s, ETA:    18s[>>>>>>>>>>>>>>>>>>>       ] 5931/7824, 103.0 task/s, elapsed: 58s, ETA:    18s[>>>>>>>>>>>>>>>>>>>       ] 5932/7824, 103.0 task/s, elapsed: 58s, ETA:    18s[>>>>>>>>>>>>>>>>>>>       ] 5933/7824, 103.0 task/s, elapsed: 58s, ETA:    18s[>>>>>>>>>>>>>>>>>>>       ] 5934/7824, 103.0 task/s, elapsed: 58s, ETA:    18s[>>>>>>>>>>>>>>>>>>>       ] 5935/7824, 103.0 task/s, elapsed: 58s, ETA:    18s[>>>>>>>>>>>>>>>>>>>       ] 5936/7824, 103.0 task/s, elapsed: 58s, ETA:    18s[>>>>>>>>>>>>>>>>>>>       ] 5937/7824, 103.0 task/s, elapsed: 58s, ETA:    18s[>>>>>>>>>>>>>>>>>>>       ] 5938/7824, 103.0 task/s, elapsed: 58s, ETA:    18s[>>>>>>>>>>>>>>>>>>>       ] 5939/7824, 103.0 task/s, elapsed: 58s, ETA:    18s[>>>>>>>>>>>>>>>>>>>       ] 5940/7824, 103.0 task/s, elapsed: 58s, ETA:    18s[>>>>>>>>>>>>>>>>>>>       ] 5941/7824, 103.0 task/s, elapsed: 58s, ETA:    18s[>>>>>>>>>>>>>>>>>>>       ] 5942/7824, 103.0 task/s, elapsed: 58s, ETA:    18s[>>>>>>>>>>>>>>>>>>>       ] 5943/7824, 103.0 task/s, elapsed: 58s, ETA:    18s[>>>>>>>>>>>>>>>>>>>       ] 5944/7824, 103.0 task/s, elapsed: 58s, ETA:    18s[>>>>>>>>>>>>>>>>>>>       ] 5945/7824, 103.0 task/s, elapsed: 58s, ETA:    18s[>>>>>>>>>>>>>>>>>>>       ] 5946/7824, 103.0 task/s, elapsed: 58s, ETA:    18s[>>>>>>>>>>>>>>>>>>>       ] 5947/7824, 103.0 task/s, elapsed: 58s, ETA:    18s[>>>>>>>>>>>>>>>>>>>       ] 5948/7824, 103.0 task/s, elapsed: 58s, ETA:    18s[>>>>>>>>>>>>>>>>>>>       ] 5949/7824, 103.0 task/s, elapsed: 58s, ETA:    18s[>>>>>>>>>>>>>>>>>>>       ] 5950/7824, 103.0 task/s, elapsed: 58s, ETA:    18s[>>>>>>>>>>>>>>>>>>>       ] 5951/7824, 103.0 task/s, elapsed: 58s, ETA:    18s[>>>>>>>>>>>>>>>>>>>       ] 5952/7824, 103.0 task/s, elapsed: 58s, ETA:    18s[>>>>>>>>>>>>>>>>>>>       ] 5953/7824, 103.0 task/s, elapsed: 58s, ETA:    18s[>>>>>>>>>>>>>>>>>>>       ] 5954/7824, 103.0 task/s, elapsed: 58s, ETA:    18s[>>>>>>>>>>>>>>>>>>>       ] 5955/7824, 103.0 task/s, elapsed: 58s, ETA:    18s[>>>>>>>>>>>>>>>>>>>       ] 5956/7824, 103.0 task/s, elapsed: 58s, ETA:    18s[>>>>>>>>>>>>>>>>>>>       ] 5957/7824, 103.0 task/s, elapsed: 58s, ETA:    18s[>>>>>>>>>>>>>>>>>>>       ] 5958/7824, 103.0 task/s, elapsed: 58s, ETA:    18s[>>>>>>>>>>>>>>>>>>>       ] 5959/7824, 103.0 task/s, elapsed: 58s, ETA:    18s[>>>>>>>>>>>>>>>>>>>       ] 5960/7824, 103.0 task/s, elapsed: 58s, ETA:    18s[>>>>>>>>>>>>>>>>>>>       ] 5961/7824, 103.0 task/s, elapsed: 58s, ETA:    18s[>>>>>>>>>>>>>>>>>>>       ] 5962/7824, 103.0 task/s, elapsed: 58s, ETA:    18s[>>>>>>>>>>>>>>>>>>>       ] 5963/7824, 103.0 task/s, elapsed: 58s, ETA:    18s[>>>>>>>>>>>>>>>>>>>       ] 5964/7824, 103.0 task/s, elapsed: 58s, ETA:    18s[>>>>>>>>>>>>>>>>>>>       ] 5965/7824, 103.0 task/s, elapsed: 58s, ETA:    18s[>>>>>>>>>>>>>>>>>>>       ] 5966/7824, 103.0 task/s, elapsed: 58s, ETA:    18s[>>>>>>>>>>>>>>>>>>>       ] 5967/7824, 103.0 task/s, elapsed: 58s, ETA:    18s[>>>>>>>>>>>>>>>>>>>       ] 5968/7824, 103.0 task/s, elapsed: 58s, ETA:    18s[>>>>>>>>>>>>>>>>>>>       ] 5969/7824, 103.0 task/s, elapsed: 58s, ETA:    18s[>>>>>>>>>>>>>>>>>>>       ] 5970/7824, 103.0 task/s, elapsed: 58s, ETA:    18s[>>>>>>>>>>>>>>>>>>>       ] 5971/7824, 103.0 task/s, elapsed: 58s, ETA:    18s[>>>>>>>>>>>>>>>>>>>       ] 5972/7824, 103.0 task/s, elapsed: 58s, ETA:    18s[>>>>>>>>>>>>>>>>>>>       ] 5973/7824, 103.0 task/s, elapsed: 58s, ETA:    18s[>>>>>>>>>>>>>>>>>>>       ] 5974/7824, 103.0 task/s, elapsed: 58s, ETA:    18s[>>>>>>>>>>>>>>>>>>>       ] 5975/7824, 103.1 task/s, elapsed: 58s, ETA:    18s[>>>>>>>>>>>>>>>>>>>       ] 5976/7824, 103.1 task/s, elapsed: 58s, ETA:    18s[>>>>>>>>>>>>>>>>>>>       ] 5977/7824, 103.1 task/s, elapsed: 58s, ETA:    18s[>>>>>>>>>>>>>>>>>>>       ] 5978/7824, 103.1 task/s, elapsed: 58s, ETA:    18s[>>>>>>>>>>>>>>>>>>>       ] 5979/7824, 103.1 task/s, elapsed: 58s, ETA:    18s[>>>>>>>>>>>>>>>>>>>       ] 5980/7824, 103.1 task/s, elapsed: 58s, ETA:    18s[>>>>>>>>>>>>>>>>>>>       ] 5981/7824, 103.1 task/s, elapsed: 58s, ETA:    18s[>>>>>>>>>>>>>>>>>>>       ] 5982/7824, 103.1 task/s, elapsed: 58s, ETA:    18s[>>>>>>>>>>>>>>>>>>>       ] 5983/7824, 103.1 task/s, elapsed: 58s, ETA:    18s[>>>>>>>>>>>>>>>>>>>       ] 5984/7824, 103.1 task/s, elapsed: 58s, ETA:    18s[>>>>>>>>>>>>>>>>>>>       ] 5985/7824, 103.1 task/s, elapsed: 58s, ETA:    18s[>>>>>>>>>>>>>>>>>>>       ] 5986/7824, 103.1 task/s, elapsed: 58s, ETA:    18s[>>>>>>>>>>>>>>>>>>>       ] 5987/7824, 103.1 task/s, elapsed: 58s, ETA:    18s[>>>>>>>>>>>>>>>>>>>       ] 5988/7824, 103.1 task/s, elapsed: 58s, ETA:    18s[>>>>>>>>>>>>>>>>>>>       ] 5989/7824, 103.1 task/s, elapsed: 58s, ETA:    18s[>>>>>>>>>>>>>>>>>>>       ] 5990/7824, 103.1 task/s, elapsed: 58s, ETA:    18s[>>>>>>>>>>>>>>>>>>>       ] 5991/7824, 103.1 task/s, elapsed: 58s, ETA:    18s[>>>>>>>>>>>>>>>>>>>       ] 5992/7824, 103.1 task/s, elapsed: 58s, ETA:    18s[>>>>>>>>>>>>>>>>>>>       ] 5993/7824, 103.1 task/s, elapsed: 58s, ETA:    18s[>>>>>>>>>>>>>>>>>>>       ] 5994/7824, 103.1 task/s, elapsed: 58s, ETA:    18s[>>>>>>>>>>>>>>>>>>>       ] 5995/7824, 103.1 task/s, elapsed: 58s, ETA:    18s[>>>>>>>>>>>>>>>>>>>       ] 5996/7824, 103.1 task/s, elapsed: 58s, ETA:    18s[>>>>>>>>>>>>>>>>>>>       ] 5997/7824, 103.1 task/s, elapsed: 58s, ETA:    18s[>>>>>>>>>>>>>>>>>>>       ] 5998/7824, 103.1 task/s, elapsed: 58s, ETA:    18s[>>>>>>>>>>>>>>>>>>>       ] 5999/7824, 103.1 task/s, elapsed: 58s, ETA:    18s[>>>>>>>>>>>>>>>>>>>       ] 6000/7824, 103.1 task/s, elapsed: 58s, ETA:    18s[>>>>>>>>>>>>>>>>>>>       ] 6001/7824, 103.1 task/s, elapsed: 58s, ETA:    18s[>>>>>>>>>>>>>>>>>>>       ] 6002/7824, 103.1 task/s, elapsed: 58s, ETA:    18s[>>>>>>>>>>>>>>>>>>>       ] 6003/7824, 103.1 task/s, elapsed: 58s, ETA:    18s[>>>>>>>>>>>>>>>>>>>       ] 6004/7824, 103.1 task/s, elapsed: 58s, ETA:    18s[>>>>>>>>>>>>>>>>>>>       ] 6005/7824, 103.1 task/s, elapsed: 58s, ETA:    18s[>>>>>>>>>>>>>>>>>>>       ] 6006/7824, 103.1 task/s, elapsed: 58s, ETA:    18s[>>>>>>>>>>>>>>>>>>>       ] 6007/7824, 103.1 task/s, elapsed: 58s, ETA:    18s[>>>>>>>>>>>>>>>>>>>       ] 6008/7824, 103.1 task/s, elapsed: 58s, ETA:    18s[>>>>>>>>>>>>>>>>>>>       ] 6009/7824, 103.1 task/s, elapsed: 58s, ETA:    18s[>>>>>>>>>>>>>>>>>>>       ] 6010/7824, 103.1 task/s, elapsed: 58s, ETA:    18s[>>>>>>>>>>>>>>>>>>>       ] 6011/7824, 103.1 task/s, elapsed: 58s, ETA:    18s[>>>>>>>>>>>>>>>>>>>       ] 6012/7824, 103.1 task/s, elapsed: 58s, ETA:    18s[>>>>>>>>>>>>>>>>>>>       ] 6013/7824, 103.1 task/s, elapsed: 58s, ETA:    18s[>>>>>>>>>>>>>>>>>>>       ] 6014/7824, 103.1 task/s, elapsed: 58s, ETA:    18s[>>>>>>>>>>>>>>>>>>>       ] 6015/7824, 103.1 task/s, elapsed: 58s, ETA:    18s[>>>>>>>>>>>>>>>>>>>       ] 6016/7824, 103.1 task/s, elapsed: 58s, ETA:    18s[>>>>>>>>>>>>>>>>>>>       ] 6017/7824, 103.1 task/s, elapsed: 58s, ETA:    18s[>>>>>>>>>>>>>>>>>>>       ] 6018/7824, 103.1 task/s, elapsed: 58s, ETA:    18s[>>>>>>>>>>>>>>>>>>>>      ] 6019/7824, 103.1 task/s, elapsed: 58s, ETA:    18s[>>>>>>>>>>>>>>>>>>>>      ] 6020/7824, 103.1 task/s, elapsed: 58s, ETA:    18s[>>>>>>>>>>>>>>>>>>>>      ] 6021/7824, 103.1 task/s, elapsed: 58s, ETA:    17s[>>>>>>>>>>>>>>>>>>>>      ] 6022/7824, 103.1 task/s, elapsed: 58s, ETA:    17s[>>>>>>>>>>>>>>>>>>>>      ] 6023/7824, 103.1 task/s, elapsed: 58s, ETA:    17s[>>>>>>>>>>>>>>>>>>>>      ] 6024/7824, 103.1 task/s, elapsed: 58s, ETA:    17s[>>>>>>>>>>>>>>>>>>>>      ] 6025/7824, 103.1 task/s, elapsed: 58s, ETA:    17s[>>>>>>>>>>>>>>>>>>>>      ] 6026/7824, 103.1 task/s, elapsed: 58s, ETA:    17s[>>>>>>>>>>>>>>>>>>>>      ] 6027/7824, 103.1 task/s, elapsed: 58s, ETA:    17s[>>>>>>>>>>>>>>>>>>>>      ] 6028/7824, 103.1 task/s, elapsed: 58s, ETA:    17s[>>>>>>>>>>>>>>>>>>>>      ] 6029/7824, 103.1 task/s, elapsed: 58s, ETA:    17s[>>>>>>>>>>>>>>>>>>>>      ] 6030/7824, 103.1 task/s, elapsed: 58s, ETA:    17s[>>>>>>>>>>>>>>>>>>>>      ] 6031/7824, 103.1 task/s, elapsed: 59s, ETA:    17s[>>>>>>>>>>>>>>>>>>>>      ] 6032/7824, 103.1 task/s, elapsed: 59s, ETA:    17s[>>>>>>>>>>>>>>>>>>>>      ] 6033/7824, 103.1 task/s, elapsed: 59s, ETA:    17s[>>>>>>>>>>>>>>>>>>>>      ] 6034/7824, 103.1 task/s, elapsed: 59s, ETA:    17s[>>>>>>>>>>>>>>>>>>>>      ] 6035/7824, 103.1 task/s, elapsed: 59s, ETA:    17s[>>>>>>>>>>>>>>>>>>>>      ] 6036/7824, 103.1 task/s, elapsed: 59s, ETA:    17s[>>>>>>>>>>>>>>>>>>>>      ] 6037/7824, 103.1 task/s, elapsed: 59s, ETA:    17s[>>>>>>>>>>>>>>>>>>>>      ] 6038/7824, 103.1 task/s, elapsed: 59s, ETA:    17s[>>>>>>>>>>>>>>>>>>>>      ] 6039/7824, 103.1 task/s, elapsed: 59s, ETA:    17s[>>>>>>>>>>>>>>>>>>>>      ] 6040/7824, 103.1 task/s, elapsed: 59s, ETA:    17s[>>>>>>>>>>>>>>>>>>>>      ] 6041/7824, 103.1 task/s, elapsed: 59s, ETA:    17s[>>>>>>>>>>>>>>>>>>>>      ] 6042/7824, 103.1 task/s, elapsed: 59s, ETA:    17s[>>>>>>>>>>>>>>>>>>>>      ] 6043/7824, 103.1 task/s, elapsed: 59s, ETA:    17s[>>>>>>>>>>>>>>>>>>>>      ] 6044/7824, 103.1 task/s, elapsed: 59s, ETA:    17s[>>>>>>>>>>>>>>>>>>>>      ] 6045/7824, 103.1 task/s, elapsed: 59s, ETA:    17s[>>>>>>>>>>>>>>>>>>>>      ] 6046/7824, 103.1 task/s, elapsed: 59s, ETA:    17s[>>>>>>>>>>>>>>>>>>>>      ] 6047/7824, 103.1 task/s, elapsed: 59s, ETA:    17s[>>>>>>>>>>>>>>>>>>>>      ] 6048/7824, 103.1 task/s, elapsed: 59s, ETA:    17s[>>>>>>>>>>>>>>>>>>>>      ] 6049/7824, 103.1 task/s, elapsed: 59s, ETA:    17s[>>>>>>>>>>>>>>>>>>>>      ] 6050/7824, 103.1 task/s, elapsed: 59s, ETA:    17s[>>>>>>>>>>>>>>>>>>>>      ] 6051/7824, 103.1 task/s, elapsed: 59s, ETA:    17s[>>>>>>>>>>>>>>>>>>>>      ] 6052/7824, 103.1 task/s, elapsed: 59s, ETA:    17s[>>>>>>>>>>>>>>>>>>>>      ] 6053/7824, 103.1 task/s, elapsed: 59s, ETA:    17s[>>>>>>>>>>>>>>>>>>>>      ] 6054/7824, 103.1 task/s, elapsed: 59s, ETA:    17s[>>>>>>>>>>>>>>>>>>>>      ] 6055/7824, 103.1 task/s, elapsed: 59s, ETA:    17s[>>>>>>>>>>>>>>>>>>>>      ] 6056/7824, 103.1 task/s, elapsed: 59s, ETA:    17s[>>>>>>>>>>>>>>>>>>>>      ] 6057/7824, 103.1 task/s, elapsed: 59s, ETA:    17s[>>>>>>>>>>>>>>>>>>>>      ] 6058/7824, 103.1 task/s, elapsed: 59s, ETA:    17s[>>>>>>>>>>>>>>>>>>>>      ] 6059/7824, 103.1 task/s, elapsed: 59s, ETA:    17s[>>>>>>>>>>>>>>>>>>>>      ] 6060/7824, 103.1 task/s, elapsed: 59s, ETA:    17s[>>>>>>>>>>>>>>>>>>>>      ] 6061/7824, 103.1 task/s, elapsed: 59s, ETA:    17s[>>>>>>>>>>>>>>>>>>>>      ] 6062/7824, 103.1 task/s, elapsed: 59s, ETA:    17s[>>>>>>>>>>>>>>>>>>>>      ] 6063/7824, 103.1 task/s, elapsed: 59s, ETA:    17s[>>>>>>>>>>>>>>>>>>>>      ] 6064/7824, 103.1 task/s, elapsed: 59s, ETA:    17s[>>>>>>>>>>>>>>>>>>>>      ] 6065/7824, 103.1 task/s, elapsed: 59s, ETA:    17s[>>>>>>>>>>>>>>>>>>>>      ] 6066/7824, 103.1 task/s, elapsed: 59s, ETA:    17s[>>>>>>>>>>>>>>>>>>>>      ] 6067/7824, 103.1 task/s, elapsed: 59s, ETA:    17s[>>>>>>>>>>>>>>>>>>>>      ] 6068/7824, 103.1 task/s, elapsed: 59s, ETA:    17s[>>>>>>>>>>>>>>>>>>>>      ] 6069/7824, 103.1 task/s, elapsed: 59s, ETA:    17s[>>>>>>>>>>>>>>>>>>>>      ] 6070/7824, 103.1 task/s, elapsed: 59s, ETA:    17s[>>>>>>>>>>>>>>>>>>>>      ] 6071/7824, 103.1 task/s, elapsed: 59s, ETA:    17s[>>>>>>>>>>>>>>>>>>>>      ] 6072/7824, 103.1 task/s, elapsed: 59s, ETA:    17s[>>>>>>>>>>>>>>>>>>>>      ] 6073/7824, 103.1 task/s, elapsed: 59s, ETA:    17s[>>>>>>>>>>>>>>>>>>>>      ] 6074/7824, 103.1 task/s, elapsed: 59s, ETA:    17s[>>>>>>>>>>>>>>>>>>>>      ] 6075/7824, 103.1 task/s, elapsed: 59s, ETA:    17s[>>>>>>>>>>>>>>>>>>>>      ] 6076/7824, 103.1 task/s, elapsed: 59s, ETA:    17s[>>>>>>>>>>>>>>>>>>>>      ] 6077/7824, 103.1 task/s, elapsed: 59s, ETA:    17s[>>>>>>>>>>>>>>>>>>>>      ] 6078/7824, 103.1 task/s, elapsed: 59s, ETA:    17s[>>>>>>>>>>>>>>>>>>>>      ] 6079/7824, 103.1 task/s, elapsed: 59s, ETA:    17s[>>>>>>>>>>>>>>>>>>>>      ] 6080/7824, 103.1 task/s, elapsed: 59s, ETA:    17s[>>>>>>>>>>>>>>>>>>>>      ] 6081/7824, 103.1 task/s, elapsed: 59s, ETA:    17s[>>>>>>>>>>>>>>>>>>>>      ] 6082/7824, 103.1 task/s, elapsed: 59s, ETA:    17s[>>>>>>>>>>>>>>>>>>>>      ] 6083/7824, 103.1 task/s, elapsed: 59s, ETA:    17s[>>>>>>>>>>>>>>>>>>>>      ] 6084/7824, 103.1 task/s, elapsed: 59s, ETA:    17s[>>>>>>>>>>>>>>>>>>>>      ] 6085/7824, 103.1 task/s, elapsed: 59s, ETA:    17s[>>>>>>>>>>>>>>>>>>>>      ] 6086/7824, 103.1 task/s, elapsed: 59s, ETA:    17s[>>>>>>>>>>>>>>>>>>>>      ] 6087/7824, 103.1 task/s, elapsed: 59s, ETA:    17s[>>>>>>>>>>>>>>>>>>>>      ] 6088/7824, 103.1 task/s, elapsed: 59s, ETA:    17s[>>>>>>>>>>>>>>>>>>>>      ] 6089/7824, 103.1 task/s, elapsed: 59s, ETA:    17s[>>>>>>>>>>>>>>>>>>>>      ] 6090/7824, 103.1 task/s, elapsed: 59s, ETA:    17s[>>>>>>>>>>>>>>>>>>>>      ] 6091/7824, 103.1 task/s, elapsed: 59s, ETA:    17s[>>>>>>>>>>>>>>>>>>>>      ] 6092/7824, 103.1 task/s, elapsed: 59s, ETA:    17s[>>>>>>>>>>>>>>>>>>>>      ] 6093/7824, 103.1 task/s, elapsed: 59s, ETA:    17s[>>>>>>>>>>>>>>>>>>>>      ] 6094/7824, 103.1 task/s, elapsed: 59s, ETA:    17s[>>>>>>>>>>>>>>>>>>>>      ] 6095/7824, 103.1 task/s, elapsed: 59s, ETA:    17s[>>>>>>>>>>>>>>>>>>>>      ] 6096/7824, 103.1 task/s, elapsed: 59s, ETA:    17s[>>>>>>>>>>>>>>>>>>>>      ] 6097/7824, 103.1 task/s, elapsed: 59s, ETA:    17s[>>>>>>>>>>>>>>>>>>>>      ] 6098/7824, 103.1 task/s, elapsed: 59s, ETA:    17s[>>>>>>>>>>>>>>>>>>>>      ] 6099/7824, 103.1 task/s, elapsed: 59s, ETA:    17s[>>>>>>>>>>>>>>>>>>>>      ] 6100/7824, 103.1 task/s, elapsed: 59s, ETA:    17s[>>>>>>>>>>>>>>>>>>>>      ] 6101/7824, 103.1 task/s, elapsed: 59s, ETA:    17s[>>>>>>>>>>>>>>>>>>>>      ] 6102/7824, 103.1 task/s, elapsed: 59s, ETA:    17s[>>>>>>>>>>>>>>>>>>>>      ] 6103/7824, 103.1 task/s, elapsed: 59s, ETA:    17s[>>>>>>>>>>>>>>>>>>>>      ] 6104/7824, 103.1 task/s, elapsed: 59s, ETA:    17s[>>>>>>>>>>>>>>>>>>>>      ] 6105/7824, 103.1 task/s, elapsed: 59s, ETA:    17s[>>>>>>>>>>>>>>>>>>>>      ] 6106/7824, 103.1 task/s, elapsed: 59s, ETA:    17s[>>>>>>>>>>>>>>>>>>>>      ] 6107/7824, 103.1 task/s, elapsed: 59s, ETA:    17s[>>>>>>>>>>>>>>>>>>>>      ] 6108/7824, 103.1 task/s, elapsed: 59s, ETA:    17s[>>>>>>>>>>>>>>>>>>>>      ] 6109/7824, 103.1 task/s, elapsed: 59s, ETA:    17s[>>>>>>>>>>>>>>>>>>>>      ] 6110/7824, 103.1 task/s, elapsed: 59s, ETA:    17s[>>>>>>>>>>>>>>>>>>>>      ] 6111/7824, 103.1 task/s, elapsed: 59s, ETA:    17s[>>>>>>>>>>>>>>>>>>>>      ] 6112/7824, 103.1 task/s, elapsed: 59s, ETA:    17s[>>>>>>>>>>>>>>>>>>>>      ] 6113/7824, 103.1 task/s, elapsed: 59s, ETA:    17s[>>>>>>>>>>>>>>>>>>>>      ] 6114/7824, 103.1 task/s, elapsed: 59s, ETA:    17s[>>>>>>>>>>>>>>>>>>>>      ] 6115/7824, 103.1 task/s, elapsed: 59s, ETA:    17s[>>>>>>>>>>>>>>>>>>>>      ] 6116/7824, 103.1 task/s, elapsed: 59s, ETA:    17s[>>>>>>>>>>>>>>>>>>>>      ] 6117/7824, 103.1 task/s, elapsed: 59s, ETA:    17s[>>>>>>>>>>>>>>>>>>>>      ] 6118/7824, 103.1 task/s, elapsed: 59s, ETA:    17s[>>>>>>>>>>>>>>>>>>>>      ] 6119/7824, 103.1 task/s, elapsed: 59s, ETA:    17s[>>>>>>>>>>>>>>>>>>>>      ] 6120/7824, 103.1 task/s, elapsed: 59s, ETA:    17s[>>>>>>>>>>>>>>>>>>>>      ] 6121/7824, 103.1 task/s, elapsed: 59s, ETA:    17s[>>>>>>>>>>>>>>>>>>>>      ] 6122/7824, 103.1 task/s, elapsed: 59s, ETA:    17s[>>>>>>>>>>>>>>>>>>>>      ] 6123/7824, 103.1 task/s, elapsed: 59s, ETA:    16s[>>>>>>>>>>>>>>>>>>>>      ] 6124/7824, 103.1 task/s, elapsed: 59s, ETA:    16s[>>>>>>>>>>>>>>>>>>>>      ] 6125/7824, 103.1 task/s, elapsed: 59s, ETA:    16s[>>>>>>>>>>>>>>>>>>>>      ] 6126/7824, 103.1 task/s, elapsed: 59s, ETA:    16s[>>>>>>>>>>>>>>>>>>>>      ] 6127/7824, 103.1 task/s, elapsed: 59s, ETA:    16s[>>>>>>>>>>>>>>>>>>>>      ] 6128/7824, 103.1 task/s, elapsed: 59s, ETA:    16s[>>>>>>>>>>>>>>>>>>>>      ] 6129/7824, 103.1 task/s, elapsed: 59s, ETA:    16s[>>>>>>>>>>>>>>>>>>>>      ] 6130/7824, 103.1 task/s, elapsed: 59s, ETA:    16s[>>>>>>>>>>>>>>>>>>>>      ] 6131/7824, 103.1 task/s, elapsed: 59s, ETA:    16s[>>>>>>>>>>>>>>>>>>>>      ] 6132/7824, 103.1 task/s, elapsed: 59s, ETA:    16s[>>>>>>>>>>>>>>>>>>>>      ] 6133/7824, 103.1 task/s, elapsed: 59s, ETA:    16s[>>>>>>>>>>>>>>>>>>>>      ] 6134/7824, 103.1 task/s, elapsed: 59s, ETA:    16s[>>>>>>>>>>>>>>>>>>>>      ] 6135/7824, 103.1 task/s, elapsed: 59s, ETA:    16s[>>>>>>>>>>>>>>>>>>>>      ] 6136/7824, 103.1 task/s, elapsed: 59s, ETA:    16s[>>>>>>>>>>>>>>>>>>>>      ] 6137/7824, 103.1 task/s, elapsed: 59s, ETA:    16s[>>>>>>>>>>>>>>>>>>>>      ] 6138/7824, 103.1 task/s, elapsed: 60s, ETA:    16s[>>>>>>>>>>>>>>>>>>>>      ] 6139/7824, 103.1 task/s, elapsed: 60s, ETA:    16s[>>>>>>>>>>>>>>>>>>>>      ] 6140/7824, 103.1 task/s, elapsed: 60s, ETA:    16s[>>>>>>>>>>>>>>>>>>>>      ] 6141/7824, 103.1 task/s, elapsed: 60s, ETA:    16s[>>>>>>>>>>>>>>>>>>>>      ] 6142/7824, 103.2 task/s, elapsed: 60s, ETA:    16s[>>>>>>>>>>>>>>>>>>>>      ] 6143/7824, 103.2 task/s, elapsed: 60s, ETA:    16s[>>>>>>>>>>>>>>>>>>>>      ] 6144/7824, 103.2 task/s, elapsed: 60s, ETA:    16s[>>>>>>>>>>>>>>>>>>>>      ] 6145/7824, 103.2 task/s, elapsed: 60s, ETA:    16s[>>>>>>>>>>>>>>>>>>>>      ] 6146/7824, 103.2 task/s, elapsed: 60s, ETA:    16s[>>>>>>>>>>>>>>>>>>>>      ] 6147/7824, 103.2 task/s, elapsed: 60s, ETA:    16s[>>>>>>>>>>>>>>>>>>>>      ] 6148/7824, 103.2 task/s, elapsed: 60s, ETA:    16s[>>>>>>>>>>>>>>>>>>>>      ] 6149/7824, 103.2 task/s, elapsed: 60s, ETA:    16s[>>>>>>>>>>>>>>>>>>>>      ] 6150/7824, 103.2 task/s, elapsed: 60s, ETA:    16s[>>>>>>>>>>>>>>>>>>>>      ] 6151/7824, 103.2 task/s, elapsed: 60s, ETA:    16s[>>>>>>>>>>>>>>>>>>>>      ] 6152/7824, 103.2 task/s, elapsed: 60s, ETA:    16s[>>>>>>>>>>>>>>>>>>>>      ] 6153/7824, 103.2 task/s, elapsed: 60s, ETA:    16s[>>>>>>>>>>>>>>>>>>>>      ] 6154/7824, 103.2 task/s, elapsed: 60s, ETA:    16s[>>>>>>>>>>>>>>>>>>>>      ] 6155/7824, 103.2 task/s, elapsed: 60s, ETA:    16s[>>>>>>>>>>>>>>>>>>>>      ] 6156/7824, 103.2 task/s, elapsed: 60s, ETA:    16s[>>>>>>>>>>>>>>>>>>>>      ] 6157/7824, 103.2 task/s, elapsed: 60s, ETA:    16s[>>>>>>>>>>>>>>>>>>>>      ] 6158/7824, 103.2 task/s, elapsed: 60s, ETA:    16s[>>>>>>>>>>>>>>>>>>>>      ] 6159/7824, 103.2 task/s, elapsed: 60s, ETA:    16s[>>>>>>>>>>>>>>>>>>>>      ] 6160/7824, 103.2 task/s, elapsed: 60s, ETA:    16s[>>>>>>>>>>>>>>>>>>>>      ] 6161/7824, 103.2 task/s, elapsed: 60s, ETA:    16s[>>>>>>>>>>>>>>>>>>>>      ] 6162/7824, 103.2 task/s, elapsed: 60s, ETA:    16s[>>>>>>>>>>>>>>>>>>>>      ] 6163/7824, 103.2 task/s, elapsed: 60s, ETA:    16s[>>>>>>>>>>>>>>>>>>>>      ] 6164/7824, 103.2 task/s, elapsed: 60s, ETA:    16s[>>>>>>>>>>>>>>>>>>>>      ] 6165/7824, 103.2 task/s, elapsed: 60s, ETA:    16s[>>>>>>>>>>>>>>>>>>>>      ] 6166/7824, 103.2 task/s, elapsed: 60s, ETA:    16s[>>>>>>>>>>>>>>>>>>>>      ] 6167/7824, 103.2 task/s, elapsed: 60s, ETA:    16s[>>>>>>>>>>>>>>>>>>>>      ] 6168/7824, 103.2 task/s, elapsed: 60s, ETA:    16s[>>>>>>>>>>>>>>>>>>>>      ] 6169/7824, 103.2 task/s, elapsed: 60s, ETA:    16s[>>>>>>>>>>>>>>>>>>>>      ] 6170/7824, 103.2 task/s, elapsed: 60s, ETA:    16s[>>>>>>>>>>>>>>>>>>>>      ] 6171/7824, 103.2 task/s, elapsed: 60s, ETA:    16s[>>>>>>>>>>>>>>>>>>>>      ] 6172/7824, 103.2 task/s, elapsed: 60s, ETA:    16s[>>>>>>>>>>>>>>>>>>>>      ] 6173/7824, 103.2 task/s, elapsed: 60s, ETA:    16s[>>>>>>>>>>>>>>>>>>>>      ] 6174/7824, 103.2 task/s, elapsed: 60s, ETA:    16s[>>>>>>>>>>>>>>>>>>>>      ] 6175/7824, 103.2 task/s, elapsed: 60s, ETA:    16s[>>>>>>>>>>>>>>>>>>>>      ] 6176/7824, 103.2 task/s, elapsed: 60s, ETA:    16s[>>>>>>>>>>>>>>>>>>>>      ] 6177/7824, 103.2 task/s, elapsed: 60s, ETA:    16s[>>>>>>>>>>>>>>>>>>>>      ] 6178/7824, 103.2 task/s, elapsed: 60s, ETA:    16s[>>>>>>>>>>>>>>>>>>>>      ] 6179/7824, 103.2 task/s, elapsed: 60s, ETA:    16s[>>>>>>>>>>>>>>>>>>>>      ] 6180/7824, 103.2 task/s, elapsed: 60s, ETA:    16s[>>>>>>>>>>>>>>>>>>>>      ] 6181/7824, 103.2 task/s, elapsed: 60s, ETA:    16s[>>>>>>>>>>>>>>>>>>>>      ] 6182/7824, 103.2 task/s, elapsed: 60s, ETA:    16s[>>>>>>>>>>>>>>>>>>>>      ] 6183/7824, 103.2 task/s, elapsed: 60s, ETA:    16s[>>>>>>>>>>>>>>>>>>>>      ] 6184/7824, 103.2 task/s, elapsed: 60s, ETA:    16s[>>>>>>>>>>>>>>>>>>>>      ] 6185/7824, 103.2 task/s, elapsed: 60s, ETA:    16s[>>>>>>>>>>>>>>>>>>>>      ] 6186/7824, 103.2 task/s, elapsed: 60s, ETA:    16s[>>>>>>>>>>>>>>>>>>>>      ] 6187/7824, 103.2 task/s, elapsed: 60s, ETA:    16s[>>>>>>>>>>>>>>>>>>>>      ] 6188/7824, 103.2 task/s, elapsed: 60s, ETA:    16s[>>>>>>>>>>>>>>>>>>>>      ] 6189/7824, 103.2 task/s, elapsed: 60s, ETA:    16s[>>>>>>>>>>>>>>>>>>>>      ] 6190/7824, 103.2 task/s, elapsed: 60s, ETA:    16s[>>>>>>>>>>>>>>>>>>>>      ] 6191/7824, 103.2 task/s, elapsed: 60s, ETA:    16s[>>>>>>>>>>>>>>>>>>>>      ] 6192/7824, 103.2 task/s, elapsed: 60s, ETA:    16s[>>>>>>>>>>>>>>>>>>>>      ] 6193/7824, 103.2 task/s, elapsed: 60s, ETA:    16s[>>>>>>>>>>>>>>>>>>>>      ] 6194/7824, 103.2 task/s, elapsed: 60s, ETA:    16s[>>>>>>>>>>>>>>>>>>>>      ] 6195/7824, 103.2 task/s, elapsed: 60s, ETA:    16s[>>>>>>>>>>>>>>>>>>>>      ] 6196/7824, 103.2 task/s, elapsed: 60s, ETA:    16s[>>>>>>>>>>>>>>>>>>>>      ] 6197/7824, 103.2 task/s, elapsed: 60s, ETA:    16s[>>>>>>>>>>>>>>>>>>>>      ] 6198/7824, 103.2 task/s, elapsed: 60s, ETA:    16s[>>>>>>>>>>>>>>>>>>>>      ] 6199/7824, 103.2 task/s, elapsed: 60s, ETA:    16s[>>>>>>>>>>>>>>>>>>>>      ] 6200/7824, 103.2 task/s, elapsed: 60s, ETA:    16s[>>>>>>>>>>>>>>>>>>>>      ] 6201/7824, 103.2 task/s, elapsed: 60s, ETA:    16s[>>>>>>>>>>>>>>>>>>>>      ] 6202/7824, 103.2 task/s, elapsed: 60s, ETA:    16s[>>>>>>>>>>>>>>>>>>>>      ] 6203/7824, 103.2 task/s, elapsed: 60s, ETA:    16s[>>>>>>>>>>>>>>>>>>>>      ] 6204/7824, 103.2 task/s, elapsed: 60s, ETA:    16s[>>>>>>>>>>>>>>>>>>>>      ] 6205/7824, 103.2 task/s, elapsed: 60s, ETA:    16s[>>>>>>>>>>>>>>>>>>>>      ] 6206/7824, 103.2 task/s, elapsed: 60s, ETA:    16s[>>>>>>>>>>>>>>>>>>>>      ] 6207/7824, 103.2 task/s, elapsed: 60s, ETA:    16s[>>>>>>>>>>>>>>>>>>>>      ] 6208/7824, 103.2 task/s, elapsed: 60s, ETA:    16s[>>>>>>>>>>>>>>>>>>>>      ] 6209/7824, 103.2 task/s, elapsed: 60s, ETA:    16s[>>>>>>>>>>>>>>>>>>>>      ] 6210/7824, 103.2 task/s, elapsed: 60s, ETA:    16s[>>>>>>>>>>>>>>>>>>>>      ] 6211/7824, 103.2 task/s, elapsed: 60s, ETA:    16s[>>>>>>>>>>>>>>>>>>>>      ] 6212/7824, 103.2 task/s, elapsed: 60s, ETA:    16s[>>>>>>>>>>>>>>>>>>>>      ] 6213/7824, 103.2 task/s, elapsed: 60s, ETA:    16s[>>>>>>>>>>>>>>>>>>>>      ] 6214/7824, 103.2 task/s, elapsed: 60s, ETA:    16s[>>>>>>>>>>>>>>>>>>>>      ] 6215/7824, 103.2 task/s, elapsed: 60s, ETA:    16s[>>>>>>>>>>>>>>>>>>>>      ] 6216/7824, 103.2 task/s, elapsed: 60s, ETA:    16s[>>>>>>>>>>>>>>>>>>>>      ] 6217/7824, 103.2 task/s, elapsed: 60s, ETA:    16s[>>>>>>>>>>>>>>>>>>>>      ] 6218/7824, 103.2 task/s, elapsed: 60s, ETA:    16s[>>>>>>>>>>>>>>>>>>>>      ] 6219/7824, 103.2 task/s, elapsed: 60s, ETA:    16s[>>>>>>>>>>>>>>>>>>>>      ] 6220/7824, 103.2 task/s, elapsed: 60s, ETA:    16s[>>>>>>>>>>>>>>>>>>>>      ] 6221/7824, 103.2 task/s, elapsed: 60s, ETA:    16s[>>>>>>>>>>>>>>>>>>>>      ] 6222/7824, 103.2 task/s, elapsed: 60s, ETA:    16s[>>>>>>>>>>>>>>>>>>>>      ] 6223/7824, 103.2 task/s, elapsed: 60s, ETA:    16s[>>>>>>>>>>>>>>>>>>>>      ] 6224/7824, 103.2 task/s, elapsed: 60s, ETA:    16s[>>>>>>>>>>>>>>>>>>>>      ] 6225/7824, 103.2 task/s, elapsed: 60s, ETA:    15s[>>>>>>>>>>>>>>>>>>>>      ] 6226/7824, 103.2 task/s, elapsed: 60s, ETA:    15s[>>>>>>>>>>>>>>>>>>>>      ] 6227/7824, 103.2 task/s, elapsed: 60s, ETA:    15s[>>>>>>>>>>>>>>>>>>>>      ] 6228/7824, 103.2 task/s, elapsed: 60s, ETA:    15s[>>>>>>>>>>>>>>>>>>>>      ] 6229/7824, 103.2 task/s, elapsed: 60s, ETA:    15s[>>>>>>>>>>>>>>>>>>>>      ] 6230/7824, 103.2 task/s, elapsed: 60s, ETA:    15s[>>>>>>>>>>>>>>>>>>>>      ] 6231/7824, 103.2 task/s, elapsed: 60s, ETA:    15s[>>>>>>>>>>>>>>>>>>>>      ] 6232/7824, 103.2 task/s, elapsed: 60s, ETA:    15s[>>>>>>>>>>>>>>>>>>>>      ] 6233/7824, 103.2 task/s, elapsed: 60s, ETA:    15s[>>>>>>>>>>>>>>>>>>>>      ] 6234/7824, 103.2 task/s, elapsed: 60s, ETA:    15s[>>>>>>>>>>>>>>>>>>>>      ] 6235/7824, 103.2 task/s, elapsed: 60s, ETA:    15s[>>>>>>>>>>>>>>>>>>>>      ] 6236/7824, 103.2 task/s, elapsed: 60s, ETA:    15s[>>>>>>>>>>>>>>>>>>>>      ] 6237/7824, 103.2 task/s, elapsed: 60s, ETA:    15s[>>>>>>>>>>>>>>>>>>>>      ] 6238/7824, 103.2 task/s, elapsed: 60s, ETA:    15s[>>>>>>>>>>>>>>>>>>>>      ] 6239/7824, 103.2 task/s, elapsed: 60s, ETA:    15s[>>>>>>>>>>>>>>>>>>>>      ] 6240/7824, 103.2 task/s, elapsed: 60s, ETA:    15s[>>>>>>>>>>>>>>>>>>>>      ] 6241/7824, 103.2 task/s, elapsed: 60s, ETA:    15s[>>>>>>>>>>>>>>>>>>>>      ] 6242/7824, 103.2 task/s, elapsed: 60s, ETA:    15s[>>>>>>>>>>>>>>>>>>>>      ] 6243/7824, 103.2 task/s, elapsed: 60s, ETA:    15s[>>>>>>>>>>>>>>>>>>>>      ] 6244/7824, 103.2 task/s, elapsed: 61s, ETA:    15s[>>>>>>>>>>>>>>>>>>>>      ] 6245/7824, 103.2 task/s, elapsed: 61s, ETA:    15s[>>>>>>>>>>>>>>>>>>>>      ] 6246/7824, 103.2 task/s, elapsed: 61s, ETA:    15s[>>>>>>>>>>>>>>>>>>>>      ] 6247/7824, 103.2 task/s, elapsed: 61s, ETA:    15s[>>>>>>>>>>>>>>>>>>>>      ] 6248/7824, 103.2 task/s, elapsed: 61s, ETA:    15s[>>>>>>>>>>>>>>>>>>>>      ] 6249/7824, 103.2 task/s, elapsed: 61s, ETA:    15s[>>>>>>>>>>>>>>>>>>>>      ] 6250/7824, 103.2 task/s, elapsed: 61s, ETA:    15s[>>>>>>>>>>>>>>>>>>>>      ] 6251/7824, 103.2 task/s, elapsed: 61s, ETA:    15s[>>>>>>>>>>>>>>>>>>>>      ] 6252/7824, 103.2 task/s, elapsed: 61s, ETA:    15s[>>>>>>>>>>>>>>>>>>>>      ] 6253/7824, 103.2 task/s, elapsed: 61s, ETA:    15s[>>>>>>>>>>>>>>>>>>>>      ] 6254/7824, 103.2 task/s, elapsed: 61s, ETA:    15s[>>>>>>>>>>>>>>>>>>>>      ] 6255/7824, 103.2 task/s, elapsed: 61s, ETA:    15s[>>>>>>>>>>>>>>>>>>>>      ] 6256/7824, 103.2 task/s, elapsed: 61s, ETA:    15s[>>>>>>>>>>>>>>>>>>>>      ] 6257/7824, 103.2 task/s, elapsed: 61s, ETA:    15s[>>>>>>>>>>>>>>>>>>>>      ] 6258/7824, 103.2 task/s, elapsed: 61s, ETA:    15s[>>>>>>>>>>>>>>>>>>>>      ] 6259/7824, 103.2 task/s, elapsed: 61s, ETA:    15s[>>>>>>>>>>>>>>>>>>>>      ] 6260/7824, 103.2 task/s, elapsed: 61s, ETA:    15s[>>>>>>>>>>>>>>>>>>>>      ] 6261/7824, 103.2 task/s, elapsed: 61s, ETA:    15s[>>>>>>>>>>>>>>>>>>>>      ] 6262/7824, 103.2 task/s, elapsed: 61s, ETA:    15s[>>>>>>>>>>>>>>>>>>>>      ] 6263/7824, 103.2 task/s, elapsed: 61s, ETA:    15s[>>>>>>>>>>>>>>>>>>>>      ] 6264/7824, 103.2 task/s, elapsed: 61s, ETA:    15s[>>>>>>>>>>>>>>>>>>>>      ] 6265/7824, 103.2 task/s, elapsed: 61s, ETA:    15s[>>>>>>>>>>>>>>>>>>>>      ] 6266/7824, 103.2 task/s, elapsed: 61s, ETA:    15s[>>>>>>>>>>>>>>>>>>>>      ] 6267/7824, 103.2 task/s, elapsed: 61s, ETA:    15s[>>>>>>>>>>>>>>>>>>>>      ] 6268/7824, 103.2 task/s, elapsed: 61s, ETA:    15s[>>>>>>>>>>>>>>>>>>>>      ] 6269/7824, 103.2 task/s, elapsed: 61s, ETA:    15s[>>>>>>>>>>>>>>>>>>>>      ] 6270/7824, 103.2 task/s, elapsed: 61s, ETA:    15s[>>>>>>>>>>>>>>>>>>>>      ] 6271/7824, 103.2 task/s, elapsed: 61s, ETA:    15s[>>>>>>>>>>>>>>>>>>>>      ] 6272/7824, 103.2 task/s, elapsed: 61s, ETA:    15s[>>>>>>>>>>>>>>>>>>>>      ] 6273/7824, 103.2 task/s, elapsed: 61s, ETA:    15s[>>>>>>>>>>>>>>>>>>>>      ] 6274/7824, 103.2 task/s, elapsed: 61s, ETA:    15s[>>>>>>>>>>>>>>>>>>>>      ] 6275/7824, 103.2 task/s, elapsed: 61s, ETA:    15s[>>>>>>>>>>>>>>>>>>>>      ] 6276/7824, 103.2 task/s, elapsed: 61s, ETA:    15s[>>>>>>>>>>>>>>>>>>>>      ] 6277/7824, 103.2 task/s, elapsed: 61s, ETA:    15s[>>>>>>>>>>>>>>>>>>>>      ] 6278/7824, 103.2 task/s, elapsed: 61s, ETA:    15s[>>>>>>>>>>>>>>>>>>>>      ] 6279/7824, 103.2 task/s, elapsed: 61s, ETA:    15s[>>>>>>>>>>>>>>>>>>>>      ] 6280/7824, 103.2 task/s, elapsed: 61s, ETA:    15s[>>>>>>>>>>>>>>>>>>>>      ] 6281/7824, 103.2 task/s, elapsed: 61s, ETA:    15s[>>>>>>>>>>>>>>>>>>>>      ] 6282/7824, 103.2 task/s, elapsed: 61s, ETA:    15s[>>>>>>>>>>>>>>>>>>>>      ] 6283/7824, 103.2 task/s, elapsed: 61s, ETA:    15s[>>>>>>>>>>>>>>>>>>>>      ] 6284/7824, 103.2 task/s, elapsed: 61s, ETA:    15s[>>>>>>>>>>>>>>>>>>>>      ] 6285/7824, 103.2 task/s, elapsed: 61s, ETA:    15s[>>>>>>>>>>>>>>>>>>>>      ] 6286/7824, 103.2 task/s, elapsed: 61s, ETA:    15s[>>>>>>>>>>>>>>>>>>>>      ] 6287/7824, 103.2 task/s, elapsed: 61s, ETA:    15s[>>>>>>>>>>>>>>>>>>>>      ] 6288/7824, 103.2 task/s, elapsed: 61s, ETA:    15s[>>>>>>>>>>>>>>>>>>>>      ] 6289/7824, 103.2 task/s, elapsed: 61s, ETA:    15s[>>>>>>>>>>>>>>>>>>>>      ] 6290/7824, 103.2 task/s, elapsed: 61s, ETA:    15s[>>>>>>>>>>>>>>>>>>>>      ] 6291/7824, 103.2 task/s, elapsed: 61s, ETA:    15s[>>>>>>>>>>>>>>>>>>>>      ] 6292/7824, 103.2 task/s, elapsed: 61s, ETA:    15s[>>>>>>>>>>>>>>>>>>>>      ] 6293/7824, 103.2 task/s, elapsed: 61s, ETA:    15s[>>>>>>>>>>>>>>>>>>>>      ] 6294/7824, 103.2 task/s, elapsed: 61s, ETA:    15s[>>>>>>>>>>>>>>>>>>>>      ] 6295/7824, 103.2 task/s, elapsed: 61s, ETA:    15s[>>>>>>>>>>>>>>>>>>>>      ] 6296/7824, 103.2 task/s, elapsed: 61s, ETA:    15s[>>>>>>>>>>>>>>>>>>>>      ] 6297/7824, 103.2 task/s, elapsed: 61s, ETA:    15s[>>>>>>>>>>>>>>>>>>>>      ] 6298/7824, 103.2 task/s, elapsed: 61s, ETA:    15s[>>>>>>>>>>>>>>>>>>>>      ] 6299/7824, 103.2 task/s, elapsed: 61s, ETA:    15s[>>>>>>>>>>>>>>>>>>>>      ] 6300/7824, 103.2 task/s, elapsed: 61s, ETA:    15s[>>>>>>>>>>>>>>>>>>>>      ] 6301/7824, 103.2 task/s, elapsed: 61s, ETA:    15s[>>>>>>>>>>>>>>>>>>>>      ] 6302/7824, 103.2 task/s, elapsed: 61s, ETA:    15s[>>>>>>>>>>>>>>>>>>>>      ] 6303/7824, 103.2 task/s, elapsed: 61s, ETA:    15s[>>>>>>>>>>>>>>>>>>>>      ] 6304/7824, 103.2 task/s, elapsed: 61s, ETA:    15s[>>>>>>>>>>>>>>>>>>>>      ] 6305/7824, 103.2 task/s, elapsed: 61s, ETA:    15s[>>>>>>>>>>>>>>>>>>>>      ] 6306/7824, 103.2 task/s, elapsed: 61s, ETA:    15s[>>>>>>>>>>>>>>>>>>>>      ] 6307/7824, 103.2 task/s, elapsed: 61s, ETA:    15s[>>>>>>>>>>>>>>>>>>>>      ] 6308/7824, 103.2 task/s, elapsed: 61s, ETA:    15s[>>>>>>>>>>>>>>>>>>>>      ] 6309/7824, 103.2 task/s, elapsed: 61s, ETA:    15s[>>>>>>>>>>>>>>>>>>>>      ] 6310/7824, 103.2 task/s, elapsed: 61s, ETA:    15s[>>>>>>>>>>>>>>>>>>>>      ] 6311/7824, 103.2 task/s, elapsed: 61s, ETA:    15s[>>>>>>>>>>>>>>>>>>>>      ] 6312/7824, 103.2 task/s, elapsed: 61s, ETA:    15s[>>>>>>>>>>>>>>>>>>>>      ] 6313/7824, 103.2 task/s, elapsed: 61s, ETA:    15s[>>>>>>>>>>>>>>>>>>>>      ] 6314/7824, 103.2 task/s, elapsed: 61s, ETA:    15s[>>>>>>>>>>>>>>>>>>>>      ] 6315/7824, 103.2 task/s, elapsed: 61s, ETA:    15s[>>>>>>>>>>>>>>>>>>>>      ] 6316/7824, 103.2 task/s, elapsed: 61s, ETA:    15s[>>>>>>>>>>>>>>>>>>>>      ] 6317/7824, 103.2 task/s, elapsed: 61s, ETA:    15s[>>>>>>>>>>>>>>>>>>>>      ] 6318/7824, 103.2 task/s, elapsed: 61s, ETA:    15s[>>>>>>>>>>>>>>>>>>>>      ] 6319/7824, 103.2 task/s, elapsed: 61s, ETA:    15s[>>>>>>>>>>>>>>>>>>>>>     ] 6320/7824, 103.2 task/s, elapsed: 61s, ETA:    15s[>>>>>>>>>>>>>>>>>>>>>     ] 6321/7824, 103.2 task/s, elapsed: 61s, ETA:    15s[>>>>>>>>>>>>>>>>>>>>>     ] 6322/7824, 103.2 task/s, elapsed: 61s, ETA:    15s[>>>>>>>>>>>>>>>>>>>>>     ] 6323/7824, 103.2 task/s, elapsed: 61s, ETA:    15s[>>>>>>>>>>>>>>>>>>>>>     ] 6324/7824, 103.2 task/s, elapsed: 61s, ETA:    15s[>>>>>>>>>>>>>>>>>>>>>     ] 6325/7824, 103.2 task/s, elapsed: 61s, ETA:    15s[>>>>>>>>>>>>>>>>>>>>>     ] 6326/7824, 103.2 task/s, elapsed: 61s, ETA:    15s[>>>>>>>>>>>>>>>>>>>>>     ] 6327/7824, 103.2 task/s, elapsed: 61s, ETA:    15s[>>>>>>>>>>>>>>>>>>>>>     ] 6328/7824, 103.2 task/s, elapsed: 61s, ETA:    14s[>>>>>>>>>>>>>>>>>>>>>     ] 6329/7824, 103.2 task/s, elapsed: 61s, ETA:    14s[>>>>>>>>>>>>>>>>>>>>>     ] 6330/7824, 103.2 task/s, elapsed: 61s, ETA:    14s[>>>>>>>>>>>>>>>>>>>>>     ] 6331/7824, 103.2 task/s, elapsed: 61s, ETA:    14s[>>>>>>>>>>>>>>>>>>>>>     ] 6332/7824, 103.2 task/s, elapsed: 61s, ETA:    14s[>>>>>>>>>>>>>>>>>>>>>     ] 6333/7824, 103.2 task/s, elapsed: 61s, ETA:    14s[>>>>>>>>>>>>>>>>>>>>>     ] 6334/7824, 103.2 task/s, elapsed: 61s, ETA:    14s[>>>>>>>>>>>>>>>>>>>>>     ] 6335/7824, 103.2 task/s, elapsed: 61s, ETA:    14s[>>>>>>>>>>>>>>>>>>>>>     ] 6336/7824, 103.2 task/s, elapsed: 61s, ETA:    14s[>>>>>>>>>>>>>>>>>>>>>     ] 6337/7824, 103.2 task/s, elapsed: 61s, ETA:    14s[>>>>>>>>>>>>>>>>>>>>>     ] 6338/7824, 103.2 task/s, elapsed: 61s, ETA:    14s[>>>>>>>>>>>>>>>>>>>>>     ] 6339/7824, 103.2 task/s, elapsed: 61s, ETA:    14s[>>>>>>>>>>>>>>>>>>>>>     ] 6340/7824, 103.2 task/s, elapsed: 61s, ETA:    14s[>>>>>>>>>>>>>>>>>>>>>     ] 6341/7824, 103.2 task/s, elapsed: 61s, ETA:    14s[>>>>>>>>>>>>>>>>>>>>>     ] 6342/7824, 103.2 task/s, elapsed: 61s, ETA:    14s[>>>>>>>>>>>>>>>>>>>>>     ] 6343/7824, 103.2 task/s, elapsed: 61s, ETA:    14s[>>>>>>>>>>>>>>>>>>>>>     ] 6344/7824, 103.2 task/s, elapsed: 61s, ETA:    14s[>>>>>>>>>>>>>>>>>>>>>     ] 6345/7824, 103.2 task/s, elapsed: 61s, ETA:    14s[>>>>>>>>>>>>>>>>>>>>>     ] 6346/7824, 103.2 task/s, elapsed: 61s, ETA:    14s[>>>>>>>>>>>>>>>>>>>>>     ] 6347/7824, 103.2 task/s, elapsed: 61s, ETA:    14s[>>>>>>>>>>>>>>>>>>>>>     ] 6348/7824, 103.2 task/s, elapsed: 61s, ETA:    14s[>>>>>>>>>>>>>>>>>>>>>     ] 6349/7824, 103.2 task/s, elapsed: 61s, ETA:    14s[>>>>>>>>>>>>>>>>>>>>>     ] 6350/7824, 103.2 task/s, elapsed: 62s, ETA:    14s[>>>>>>>>>>>>>>>>>>>>>     ] 6351/7824, 103.2 task/s, elapsed: 62s, ETA:    14s[>>>>>>>>>>>>>>>>>>>>>     ] 6352/7824, 103.2 task/s, elapsed: 62s, ETA:    14s[>>>>>>>>>>>>>>>>>>>>>     ] 6353/7824, 103.2 task/s, elapsed: 62s, ETA:    14s[>>>>>>>>>>>>>>>>>>>>>     ] 6354/7824, 103.2 task/s, elapsed: 62s, ETA:    14s[>>>>>>>>>>>>>>>>>>>>>     ] 6355/7824, 103.2 task/s, elapsed: 62s, ETA:    14s[>>>>>>>>>>>>>>>>>>>>>     ] 6356/7824, 103.2 task/s, elapsed: 62s, ETA:    14s[>>>>>>>>>>>>>>>>>>>>>     ] 6357/7824, 103.2 task/s, elapsed: 62s, ETA:    14s[>>>>>>>>>>>>>>>>>>>>>     ] 6358/7824, 103.2 task/s, elapsed: 62s, ETA:    14s[>>>>>>>>>>>>>>>>>>>>>     ] 6359/7824, 103.2 task/s, elapsed: 62s, ETA:    14s[>>>>>>>>>>>>>>>>>>>>>     ] 6360/7824, 103.2 task/s, elapsed: 62s, ETA:    14s[>>>>>>>>>>>>>>>>>>>>>     ] 6361/7824, 103.2 task/s, elapsed: 62s, ETA:    14s[>>>>>>>>>>>>>>>>>>>>>     ] 6362/7824, 103.2 task/s, elapsed: 62s, ETA:    14s[>>>>>>>>>>>>>>>>>>>>>     ] 6363/7824, 103.2 task/s, elapsed: 62s, ETA:    14s[>>>>>>>>>>>>>>>>>>>>>     ] 6364/7824, 103.2 task/s, elapsed: 62s, ETA:    14s[>>>>>>>>>>>>>>>>>>>>>     ] 6365/7824, 103.2 task/s, elapsed: 62s, ETA:    14s[>>>>>>>>>>>>>>>>>>>>>     ] 6366/7824, 103.2 task/s, elapsed: 62s, ETA:    14s[>>>>>>>>>>>>>>>>>>>>>     ] 6367/7824, 103.2 task/s, elapsed: 62s, ETA:    14s[>>>>>>>>>>>>>>>>>>>>>     ] 6368/7824, 103.2 task/s, elapsed: 62s, ETA:    14s[>>>>>>>>>>>>>>>>>>>>>     ] 6369/7824, 103.2 task/s, elapsed: 62s, ETA:    14s[>>>>>>>>>>>>>>>>>>>>>     ] 6370/7824, 103.3 task/s, elapsed: 62s, ETA:    14s[>>>>>>>>>>>>>>>>>>>>>     ] 6371/7824, 103.3 task/s, elapsed: 62s, ETA:    14s[>>>>>>>>>>>>>>>>>>>>>     ] 6372/7824, 103.3 task/s, elapsed: 62s, ETA:    14s[>>>>>>>>>>>>>>>>>>>>>     ] 6373/7824, 103.3 task/s, elapsed: 62s, ETA:    14s[>>>>>>>>>>>>>>>>>>>>>     ] 6374/7824, 103.3 task/s, elapsed: 62s, ETA:    14s[>>>>>>>>>>>>>>>>>>>>>     ] 6375/7824, 103.3 task/s, elapsed: 62s, ETA:    14s[>>>>>>>>>>>>>>>>>>>>>     ] 6376/7824, 103.3 task/s, elapsed: 62s, ETA:    14s[>>>>>>>>>>>>>>>>>>>>>     ] 6377/7824, 103.3 task/s, elapsed: 62s, ETA:    14s[>>>>>>>>>>>>>>>>>>>>>     ] 6378/7824, 103.3 task/s, elapsed: 62s, ETA:    14s[>>>>>>>>>>>>>>>>>>>>>     ] 6379/7824, 103.3 task/s, elapsed: 62s, ETA:    14s[>>>>>>>>>>>>>>>>>>>>>     ] 6380/7824, 103.3 task/s, elapsed: 62s, ETA:    14s[>>>>>>>>>>>>>>>>>>>>>     ] 6381/7824, 103.3 task/s, elapsed: 62s, ETA:    14s[>>>>>>>>>>>>>>>>>>>>>     ] 6382/7824, 103.3 task/s, elapsed: 62s, ETA:    14s[>>>>>>>>>>>>>>>>>>>>>     ] 6383/7824, 103.3 task/s, elapsed: 62s, ETA:    14s[>>>>>>>>>>>>>>>>>>>>>     ] 6384/7824, 103.3 task/s, elapsed: 62s, ETA:    14s[>>>>>>>>>>>>>>>>>>>>>     ] 6385/7824, 103.3 task/s, elapsed: 62s, ETA:    14s[>>>>>>>>>>>>>>>>>>>>>     ] 6386/7824, 103.3 task/s, elapsed: 62s, ETA:    14s[>>>>>>>>>>>>>>>>>>>>>     ] 6387/7824, 103.3 task/s, elapsed: 62s, ETA:    14s[>>>>>>>>>>>>>>>>>>>>>     ] 6388/7824, 103.3 task/s, elapsed: 62s, ETA:    14s[>>>>>>>>>>>>>>>>>>>>>     ] 6389/7824, 103.3 task/s, elapsed: 62s, ETA:    14s[>>>>>>>>>>>>>>>>>>>>>     ] 6390/7824, 103.3 task/s, elapsed: 62s, ETA:    14s[>>>>>>>>>>>>>>>>>>>>>     ] 6391/7824, 103.3 task/s, elapsed: 62s, ETA:    14s[>>>>>>>>>>>>>>>>>>>>>     ] 6392/7824, 103.3 task/s, elapsed: 62s, ETA:    14s[>>>>>>>>>>>>>>>>>>>>>     ] 6393/7824, 103.3 task/s, elapsed: 62s, ETA:    14s[>>>>>>>>>>>>>>>>>>>>>     ] 6394/7824, 103.3 task/s, elapsed: 62s, ETA:    14s[>>>>>>>>>>>>>>>>>>>>>     ] 6395/7824, 103.3 task/s, elapsed: 62s, ETA:    14s[>>>>>>>>>>>>>>>>>>>>>     ] 6396/7824, 103.3 task/s, elapsed: 62s, ETA:    14s[>>>>>>>>>>>>>>>>>>>>>     ] 6397/7824, 103.3 task/s, elapsed: 62s, ETA:    14s[>>>>>>>>>>>>>>>>>>>>>     ] 6398/7824, 103.3 task/s, elapsed: 62s, ETA:    14s[>>>>>>>>>>>>>>>>>>>>>     ] 6399/7824, 103.3 task/s, elapsed: 62s, ETA:    14s[>>>>>>>>>>>>>>>>>>>>>     ] 6400/7824, 103.3 task/s, elapsed: 62s, ETA:    14s[>>>>>>>>>>>>>>>>>>>>>     ] 6401/7824, 103.3 task/s, elapsed: 62s, ETA:    14s[>>>>>>>>>>>>>>>>>>>>>     ] 6402/7824, 103.3 task/s, elapsed: 62s, ETA:    14s[>>>>>>>>>>>>>>>>>>>>>     ] 6403/7824, 103.3 task/s, elapsed: 62s, ETA:    14s[>>>>>>>>>>>>>>>>>>>>>     ] 6404/7824, 103.3 task/s, elapsed: 62s, ETA:    14s[>>>>>>>>>>>>>>>>>>>>>     ] 6405/7824, 103.3 task/s, elapsed: 62s, ETA:    14s[>>>>>>>>>>>>>>>>>>>>>     ] 6406/7824, 103.3 task/s, elapsed: 62s, ETA:    14s[>>>>>>>>>>>>>>>>>>>>>     ] 6407/7824, 103.3 task/s, elapsed: 62s, ETA:    14s[>>>>>>>>>>>>>>>>>>>>>     ] 6408/7824, 103.3 task/s, elapsed: 62s, ETA:    14s[>>>>>>>>>>>>>>>>>>>>>     ] 6409/7824, 103.3 task/s, elapsed: 62s, ETA:    14s[>>>>>>>>>>>>>>>>>>>>>     ] 6410/7824, 103.3 task/s, elapsed: 62s, ETA:    14s[>>>>>>>>>>>>>>>>>>>>>     ] 6411/7824, 103.3 task/s, elapsed: 62s, ETA:    14s[>>>>>>>>>>>>>>>>>>>>>     ] 6412/7824, 103.3 task/s, elapsed: 62s, ETA:    14s[>>>>>>>>>>>>>>>>>>>>>     ] 6413/7824, 103.3 task/s, elapsed: 62s, ETA:    14s[>>>>>>>>>>>>>>>>>>>>>     ] 6414/7824, 103.3 task/s, elapsed: 62s, ETA:    14s[>>>>>>>>>>>>>>>>>>>>>     ] 6415/7824, 103.3 task/s, elapsed: 62s, ETA:    14s[>>>>>>>>>>>>>>>>>>>>>     ] 6416/7824, 103.3 task/s, elapsed: 62s, ETA:    14s[>>>>>>>>>>>>>>>>>>>>>     ] 6417/7824, 103.3 task/s, elapsed: 62s, ETA:    14s[>>>>>>>>>>>>>>>>>>>>>     ] 6418/7824, 103.3 task/s, elapsed: 62s, ETA:    14s[>>>>>>>>>>>>>>>>>>>>>     ] 6419/7824, 103.3 task/s, elapsed: 62s, ETA:    14s[>>>>>>>>>>>>>>>>>>>>>     ] 6420/7824, 103.3 task/s, elapsed: 62s, ETA:    14s[>>>>>>>>>>>>>>>>>>>>>     ] 6421/7824, 103.3 task/s, elapsed: 62s, ETA:    14s[>>>>>>>>>>>>>>>>>>>>>     ] 6422/7824, 103.3 task/s, elapsed: 62s, ETA:    14s[>>>>>>>>>>>>>>>>>>>>>     ] 6423/7824, 103.3 task/s, elapsed: 62s, ETA:    14s[>>>>>>>>>>>>>>>>>>>>>     ] 6424/7824, 103.3 task/s, elapsed: 62s, ETA:    14s[>>>>>>>>>>>>>>>>>>>>>     ] 6425/7824, 103.3 task/s, elapsed: 62s, ETA:    14s[>>>>>>>>>>>>>>>>>>>>>     ] 6426/7824, 103.3 task/s, elapsed: 62s, ETA:    14s[>>>>>>>>>>>>>>>>>>>>>     ] 6427/7824, 103.3 task/s, elapsed: 62s, ETA:    14s[>>>>>>>>>>>>>>>>>>>>>     ] 6428/7824, 103.3 task/s, elapsed: 62s, ETA:    14s[>>>>>>>>>>>>>>>>>>>>>     ] 6429/7824, 103.3 task/s, elapsed: 62s, ETA:    14s[>>>>>>>>>>>>>>>>>>>>>     ] 6430/7824, 103.3 task/s, elapsed: 62s, ETA:    13s[>>>>>>>>>>>>>>>>>>>>>     ] 6431/7824, 103.3 task/s, elapsed: 62s, ETA:    13s[>>>>>>>>>>>>>>>>>>>>>     ] 6432/7824, 103.3 task/s, elapsed: 62s, ETA:    13s[>>>>>>>>>>>>>>>>>>>>>     ] 6433/7824, 103.3 task/s, elapsed: 62s, ETA:    13s[>>>>>>>>>>>>>>>>>>>>>     ] 6434/7824, 103.3 task/s, elapsed: 62s, ETA:    13s[>>>>>>>>>>>>>>>>>>>>>     ] 6435/7824, 103.3 task/s, elapsed: 62s, ETA:    13s[>>>>>>>>>>>>>>>>>>>>>     ] 6436/7824, 103.3 task/s, elapsed: 62s, ETA:    13s[>>>>>>>>>>>>>>>>>>>>>     ] 6437/7824, 103.3 task/s, elapsed: 62s, ETA:    13s[>>>>>>>>>>>>>>>>>>>>>     ] 6438/7824, 103.3 task/s, elapsed: 62s, ETA:    13s[>>>>>>>>>>>>>>>>>>>>>     ] 6439/7824, 103.3 task/s, elapsed: 62s, ETA:    13s[>>>>>>>>>>>>>>>>>>>>>     ] 6440/7824, 103.3 task/s, elapsed: 62s, ETA:    13s[>>>>>>>>>>>>>>>>>>>>>     ] 6441/7824, 103.3 task/s, elapsed: 62s, ETA:    13s[>>>>>>>>>>>>>>>>>>>>>     ] 6442/7824, 103.3 task/s, elapsed: 62s, ETA:    13s[>>>>>>>>>>>>>>>>>>>>>     ] 6443/7824, 103.3 task/s, elapsed: 62s, ETA:    13s[>>>>>>>>>>>>>>>>>>>>>     ] 6444/7824, 103.3 task/s, elapsed: 62s, ETA:    13s[>>>>>>>>>>>>>>>>>>>>>     ] 6445/7824, 103.3 task/s, elapsed: 62s, ETA:    13s[>>>>>>>>>>>>>>>>>>>>>     ] 6446/7824, 103.3 task/s, elapsed: 62s, ETA:    13s[>>>>>>>>>>>>>>>>>>>>>     ] 6447/7824, 103.3 task/s, elapsed: 62s, ETA:    13s[>>>>>>>>>>>>>>>>>>>>>     ] 6448/7824, 103.3 task/s, elapsed: 62s, ETA:    13s[>>>>>>>>>>>>>>>>>>>>>     ] 6449/7824, 103.3 task/s, elapsed: 62s, ETA:    13s[>>>>>>>>>>>>>>>>>>>>>     ] 6450/7824, 103.3 task/s, elapsed: 62s, ETA:    13s[>>>>>>>>>>>>>>>>>>>>>     ] 6451/7824, 103.3 task/s, elapsed: 62s, ETA:    13s[>>>>>>>>>>>>>>>>>>>>>     ] 6452/7824, 103.3 task/s, elapsed: 62s, ETA:    13s[>>>>>>>>>>>>>>>>>>>>>     ] 6453/7824, 103.3 task/s, elapsed: 62s, ETA:    13s[>>>>>>>>>>>>>>>>>>>>>     ] 6454/7824, 103.3 task/s, elapsed: 62s, ETA:    13s[>>>>>>>>>>>>>>>>>>>>>     ] 6455/7824, 103.3 task/s, elapsed: 62s, ETA:    13s[>>>>>>>>>>>>>>>>>>>>>     ] 6456/7824, 103.3 task/s, elapsed: 63s, ETA:    13s[>>>>>>>>>>>>>>>>>>>>>     ] 6457/7824, 103.3 task/s, elapsed: 63s, ETA:    13s[>>>>>>>>>>>>>>>>>>>>>     ] 6458/7824, 103.3 task/s, elapsed: 63s, ETA:    13s[>>>>>>>>>>>>>>>>>>>>>     ] 6459/7824, 103.3 task/s, elapsed: 63s, ETA:    13s[>>>>>>>>>>>>>>>>>>>>>     ] 6460/7824, 103.3 task/s, elapsed: 63s, ETA:    13s[>>>>>>>>>>>>>>>>>>>>>     ] 6461/7824, 103.3 task/s, elapsed: 63s, ETA:    13s[>>>>>>>>>>>>>>>>>>>>>     ] 6462/7824, 103.3 task/s, elapsed: 63s, ETA:    13s[>>>>>>>>>>>>>>>>>>>>>     ] 6463/7824, 103.3 task/s, elapsed: 63s, ETA:    13s[>>>>>>>>>>>>>>>>>>>>>     ] 6464/7824, 103.3 task/s, elapsed: 63s, ETA:    13s[>>>>>>>>>>>>>>>>>>>>>     ] 6465/7824, 103.3 task/s, elapsed: 63s, ETA:    13s[>>>>>>>>>>>>>>>>>>>>>     ] 6466/7824, 103.3 task/s, elapsed: 63s, ETA:    13s[>>>>>>>>>>>>>>>>>>>>>     ] 6467/7824, 103.3 task/s, elapsed: 63s, ETA:    13s[>>>>>>>>>>>>>>>>>>>>>     ] 6468/7824, 103.3 task/s, elapsed: 63s, ETA:    13s[>>>>>>>>>>>>>>>>>>>>>     ] 6469/7824, 103.3 task/s, elapsed: 63s, ETA:    13s[>>>>>>>>>>>>>>>>>>>>>     ] 6470/7824, 103.3 task/s, elapsed: 63s, ETA:    13s[>>>>>>>>>>>>>>>>>>>>>     ] 6471/7824, 103.3 task/s, elapsed: 63s, ETA:    13s[>>>>>>>>>>>>>>>>>>>>>     ] 6472/7824, 103.3 task/s, elapsed: 63s, ETA:    13s[>>>>>>>>>>>>>>>>>>>>>     ] 6473/7824, 103.3 task/s, elapsed: 63s, ETA:    13s[>>>>>>>>>>>>>>>>>>>>>     ] 6474/7824, 103.3 task/s, elapsed: 63s, ETA:    13s[>>>>>>>>>>>>>>>>>>>>>     ] 6475/7824, 103.3 task/s, elapsed: 63s, ETA:    13s[>>>>>>>>>>>>>>>>>>>>>     ] 6476/7824, 103.3 task/s, elapsed: 63s, ETA:    13s[>>>>>>>>>>>>>>>>>>>>>     ] 6477/7824, 103.3 task/s, elapsed: 63s, ETA:    13s[>>>>>>>>>>>>>>>>>>>>>     ] 6478/7824, 103.3 task/s, elapsed: 63s, ETA:    13s[>>>>>>>>>>>>>>>>>>>>>     ] 6479/7824, 103.3 task/s, elapsed: 63s, ETA:    13s[>>>>>>>>>>>>>>>>>>>>>     ] 6480/7824, 103.3 task/s, elapsed: 63s, ETA:    13s[>>>>>>>>>>>>>>>>>>>>>     ] 6481/7824, 103.3 task/s, elapsed: 63s, ETA:    13s[>>>>>>>>>>>>>>>>>>>>>     ] 6482/7824, 103.3 task/s, elapsed: 63s, ETA:    13s[>>>>>>>>>>>>>>>>>>>>>     ] 6483/7824, 103.3 task/s, elapsed: 63s, ETA:    13s[>>>>>>>>>>>>>>>>>>>>>     ] 6484/7824, 103.3 task/s, elapsed: 63s, ETA:    13s[>>>>>>>>>>>>>>>>>>>>>     ] 6485/7824, 103.3 task/s, elapsed: 63s, ETA:    13s[>>>>>>>>>>>>>>>>>>>>>     ] 6486/7824, 103.3 task/s, elapsed: 63s, ETA:    13s[>>>>>>>>>>>>>>>>>>>>>     ] 6487/7824, 103.3 task/s, elapsed: 63s, ETA:    13s[>>>>>>>>>>>>>>>>>>>>>     ] 6488/7824, 103.3 task/s, elapsed: 63s, ETA:    13s[>>>>>>>>>>>>>>>>>>>>>     ] 6489/7824, 103.3 task/s, elapsed: 63s, ETA:    13s[>>>>>>>>>>>>>>>>>>>>>     ] 6490/7824, 103.3 task/s, elapsed: 63s, ETA:    13s[>>>>>>>>>>>>>>>>>>>>>     ] 6491/7824, 103.3 task/s, elapsed: 63s, ETA:    13s[>>>>>>>>>>>>>>>>>>>>>     ] 6492/7824, 103.3 task/s, elapsed: 63s, ETA:    13s[>>>>>>>>>>>>>>>>>>>>>     ] 6493/7824, 103.3 task/s, elapsed: 63s, ETA:    13s[>>>>>>>>>>>>>>>>>>>>>     ] 6494/7824, 103.3 task/s, elapsed: 63s, ETA:    13s[>>>>>>>>>>>>>>>>>>>>>     ] 6495/7824, 103.3 task/s, elapsed: 63s, ETA:    13s[>>>>>>>>>>>>>>>>>>>>>     ] 6496/7824, 103.3 task/s, elapsed: 63s, ETA:    13s[>>>>>>>>>>>>>>>>>>>>>     ] 6497/7824, 103.3 task/s, elapsed: 63s, ETA:    13s[>>>>>>>>>>>>>>>>>>>>>     ] 6498/7824, 103.3 task/s, elapsed: 63s, ETA:    13s[>>>>>>>>>>>>>>>>>>>>>     ] 6499/7824, 103.3 task/s, elapsed: 63s, ETA:    13s[>>>>>>>>>>>>>>>>>>>>>     ] 6500/7824, 103.3 task/s, elapsed: 63s, ETA:    13s[>>>>>>>>>>>>>>>>>>>>>     ] 6501/7824, 103.3 task/s, elapsed: 63s, ETA:    13s[>>>>>>>>>>>>>>>>>>>>>     ] 6502/7824, 103.3 task/s, elapsed: 63s, ETA:    13s[>>>>>>>>>>>>>>>>>>>>>     ] 6503/7824, 103.3 task/s, elapsed: 63s, ETA:    13s[>>>>>>>>>>>>>>>>>>>>>     ] 6504/7824, 103.3 task/s, elapsed: 63s, ETA:    13s[>>>>>>>>>>>>>>>>>>>>>     ] 6505/7824, 103.3 task/s, elapsed: 63s, ETA:    13s[>>>>>>>>>>>>>>>>>>>>>     ] 6506/7824, 103.3 task/s, elapsed: 63s, ETA:    13s[>>>>>>>>>>>>>>>>>>>>>     ] 6507/7824, 103.3 task/s, elapsed: 63s, ETA:    13s[>>>>>>>>>>>>>>>>>>>>>     ] 6508/7824, 103.3 task/s, elapsed: 63s, ETA:    13s[>>>>>>>>>>>>>>>>>>>>>     ] 6509/7824, 103.3 task/s, elapsed: 63s, ETA:    13s[>>>>>>>>>>>>>>>>>>>>>     ] 6510/7824, 103.3 task/s, elapsed: 63s, ETA:    13s[>>>>>>>>>>>>>>>>>>>>>     ] 6511/7824, 103.3 task/s, elapsed: 63s, ETA:    13s[>>>>>>>>>>>>>>>>>>>>>     ] 6512/7824, 103.3 task/s, elapsed: 63s, ETA:    13s[>>>>>>>>>>>>>>>>>>>>>     ] 6513/7824, 103.3 task/s, elapsed: 63s, ETA:    13s[>>>>>>>>>>>>>>>>>>>>>     ] 6514/7824, 103.3 task/s, elapsed: 63s, ETA:    13s[>>>>>>>>>>>>>>>>>>>>>     ] 6515/7824, 103.3 task/s, elapsed: 63s, ETA:    13s[>>>>>>>>>>>>>>>>>>>>>     ] 6516/7824, 103.3 task/s, elapsed: 63s, ETA:    13s[>>>>>>>>>>>>>>>>>>>>>     ] 6517/7824, 103.3 task/s, elapsed: 63s, ETA:    13s[>>>>>>>>>>>>>>>>>>>>>     ] 6518/7824, 103.3 task/s, elapsed: 63s, ETA:    13s[>>>>>>>>>>>>>>>>>>>>>     ] 6519/7824, 103.3 task/s, elapsed: 63s, ETA:    13s[>>>>>>>>>>>>>>>>>>>>>     ] 6520/7824, 103.3 task/s, elapsed: 63s, ETA:    13s[>>>>>>>>>>>>>>>>>>>>>     ] 6521/7824, 103.3 task/s, elapsed: 63s, ETA:    13s[>>>>>>>>>>>>>>>>>>>>>     ] 6522/7824, 103.3 task/s, elapsed: 63s, ETA:    13s[>>>>>>>>>>>>>>>>>>>>>     ] 6523/7824, 103.3 task/s, elapsed: 63s, ETA:    13s[>>>>>>>>>>>>>>>>>>>>>     ] 6524/7824, 103.3 task/s, elapsed: 63s, ETA:    13s[>>>>>>>>>>>>>>>>>>>>>     ] 6525/7824, 103.3 task/s, elapsed: 63s, ETA:    13s[>>>>>>>>>>>>>>>>>>>>>     ] 6526/7824, 103.3 task/s, elapsed: 63s, ETA:    13s[>>>>>>>>>>>>>>>>>>>>>     ] 6527/7824, 103.3 task/s, elapsed: 63s, ETA:    13s[>>>>>>>>>>>>>>>>>>>>>     ] 6528/7824, 103.3 task/s, elapsed: 63s, ETA:    13s[>>>>>>>>>>>>>>>>>>>>>     ] 6529/7824, 103.3 task/s, elapsed: 63s, ETA:    13s[>>>>>>>>>>>>>>>>>>>>>     ] 6530/7824, 103.3 task/s, elapsed: 63s, ETA:    13s[>>>>>>>>>>>>>>>>>>>>>     ] 6531/7824, 103.3 task/s, elapsed: 63s, ETA:    13s[>>>>>>>>>>>>>>>>>>>>>     ] 6532/7824, 103.3 task/s, elapsed: 63s, ETA:    13s[>>>>>>>>>>>>>>>>>>>>>     ] 6533/7824, 103.3 task/s, elapsed: 63s, ETA:    12s[>>>>>>>>>>>>>>>>>>>>>     ] 6534/7824, 103.3 task/s, elapsed: 63s, ETA:    12s[>>>>>>>>>>>>>>>>>>>>>     ] 6535/7824, 103.3 task/s, elapsed: 63s, ETA:    12s[>>>>>>>>>>>>>>>>>>>>>     ] 6536/7824, 103.3 task/s, elapsed: 63s, ETA:    12s[>>>>>>>>>>>>>>>>>>>>>     ] 6537/7824, 103.3 task/s, elapsed: 63s, ETA:    12s[>>>>>>>>>>>>>>>>>>>>>     ] 6538/7824, 103.3 task/s, elapsed: 63s, ETA:    12s[>>>>>>>>>>>>>>>>>>>>>     ] 6539/7824, 103.3 task/s, elapsed: 63s, ETA:    12s[>>>>>>>>>>>>>>>>>>>>>     ] 6540/7824, 103.3 task/s, elapsed: 63s, ETA:    12s[>>>>>>>>>>>>>>>>>>>>>     ] 6541/7824, 103.3 task/s, elapsed: 63s, ETA:    12s[>>>>>>>>>>>>>>>>>>>>>     ] 6542/7824, 103.3 task/s, elapsed: 63s, ETA:    12s[>>>>>>>>>>>>>>>>>>>>>     ] 6543/7824, 103.3 task/s, elapsed: 63s, ETA:    12s[>>>>>>>>>>>>>>>>>>>>>     ] 6544/7824, 103.3 task/s, elapsed: 63s, ETA:    12s[>>>>>>>>>>>>>>>>>>>>>     ] 6545/7824, 103.3 task/s, elapsed: 63s, ETA:    12s[>>>>>>>>>>>>>>>>>>>>>     ] 6546/7824, 103.3 task/s, elapsed: 63s, ETA:    12s[>>>>>>>>>>>>>>>>>>>>>     ] 6547/7824, 103.3 task/s, elapsed: 63s, ETA:    12s[>>>>>>>>>>>>>>>>>>>>>     ] 6548/7824, 103.3 task/s, elapsed: 63s, ETA:    12s[>>>>>>>>>>>>>>>>>>>>>     ] 6549/7824, 103.3 task/s, elapsed: 63s, ETA:    12s[>>>>>>>>>>>>>>>>>>>>>     ] 6550/7824, 103.3 task/s, elapsed: 63s, ETA:    12s[>>>>>>>>>>>>>>>>>>>>>     ] 6551/7824, 103.3 task/s, elapsed: 63s, ETA:    12s[>>>>>>>>>>>>>>>>>>>>>     ] 6552/7824, 103.3 task/s, elapsed: 63s, ETA:    12s[>>>>>>>>>>>>>>>>>>>>>     ] 6553/7824, 103.3 task/s, elapsed: 63s, ETA:    12s[>>>>>>>>>>>>>>>>>>>>>     ] 6554/7824, 103.3 task/s, elapsed: 63s, ETA:    12s[>>>>>>>>>>>>>>>>>>>>>     ] 6555/7824, 103.3 task/s, elapsed: 63s, ETA:    12s[>>>>>>>>>>>>>>>>>>>>>     ] 6556/7824, 103.3 task/s, elapsed: 63s, ETA:    12s[>>>>>>>>>>>>>>>>>>>>>     ] 6557/7824, 103.3 task/s, elapsed: 63s, ETA:    12s[>>>>>>>>>>>>>>>>>>>>>     ] 6558/7824, 103.3 task/s, elapsed: 63s, ETA:    12s[>>>>>>>>>>>>>>>>>>>>>     ] 6559/7824, 103.3 task/s, elapsed: 63s, ETA:    12s[>>>>>>>>>>>>>>>>>>>>>     ] 6560/7824, 103.3 task/s, elapsed: 63s, ETA:    12s[>>>>>>>>>>>>>>>>>>>>>     ] 6561/7824, 103.3 task/s, elapsed: 64s, ETA:    12s[>>>>>>>>>>>>>>>>>>>>>     ] 6562/7824, 103.3 task/s, elapsed: 64s, ETA:    12s[>>>>>>>>>>>>>>>>>>>>>     ] 6563/7824, 103.3 task/s, elapsed: 64s, ETA:    12s[>>>>>>>>>>>>>>>>>>>>>     ] 6564/7824, 103.3 task/s, elapsed: 64s, ETA:    12s[>>>>>>>>>>>>>>>>>>>>>     ] 6565/7824, 103.3 task/s, elapsed: 64s, ETA:    12s[>>>>>>>>>>>>>>>>>>>>>     ] 6566/7824, 103.3 task/s, elapsed: 64s, ETA:    12s[>>>>>>>>>>>>>>>>>>>>>     ] 6567/7824, 103.3 task/s, elapsed: 64s, ETA:    12s[>>>>>>>>>>>>>>>>>>>>>     ] 6568/7824, 103.3 task/s, elapsed: 64s, ETA:    12s[>>>>>>>>>>>>>>>>>>>>>     ] 6569/7824, 103.3 task/s, elapsed: 64s, ETA:    12s[>>>>>>>>>>>>>>>>>>>>>     ] 6570/7824, 103.3 task/s, elapsed: 64s, ETA:    12s[>>>>>>>>>>>>>>>>>>>>>     ] 6571/7824, 103.3 task/s, elapsed: 64s, ETA:    12s[>>>>>>>>>>>>>>>>>>>>>     ] 6572/7824, 103.3 task/s, elapsed: 64s, ETA:    12s[>>>>>>>>>>>>>>>>>>>>>     ] 6573/7824, 103.3 task/s, elapsed: 64s, ETA:    12s[>>>>>>>>>>>>>>>>>>>>>     ] 6574/7824, 103.3 task/s, elapsed: 64s, ETA:    12s[>>>>>>>>>>>>>>>>>>>>>     ] 6575/7824, 103.3 task/s, elapsed: 64s, ETA:    12s[>>>>>>>>>>>>>>>>>>>>>     ] 6576/7824, 103.3 task/s, elapsed: 64s, ETA:    12s[>>>>>>>>>>>>>>>>>>>>>     ] 6577/7824, 103.3 task/s, elapsed: 64s, ETA:    12s[>>>>>>>>>>>>>>>>>>>>>     ] 6578/7824, 103.3 task/s, elapsed: 64s, ETA:    12s[>>>>>>>>>>>>>>>>>>>>>     ] 6579/7824, 103.3 task/s, elapsed: 64s, ETA:    12s[>>>>>>>>>>>>>>>>>>>>>     ] 6580/7824, 103.3 task/s, elapsed: 64s, ETA:    12s[>>>>>>>>>>>>>>>>>>>>>     ] 6581/7824, 103.3 task/s, elapsed: 64s, ETA:    12s[>>>>>>>>>>>>>>>>>>>>>     ] 6582/7824, 103.3 task/s, elapsed: 64s, ETA:    12s[>>>>>>>>>>>>>>>>>>>>>     ] 6583/7824, 103.3 task/s, elapsed: 64s, ETA:    12s[>>>>>>>>>>>>>>>>>>>>>     ] 6584/7824, 103.3 task/s, elapsed: 64s, ETA:    12s[>>>>>>>>>>>>>>>>>>>>>     ] 6585/7824, 103.3 task/s, elapsed: 64s, ETA:    12s[>>>>>>>>>>>>>>>>>>>>>     ] 6586/7824, 103.3 task/s, elapsed: 64s, ETA:    12s[>>>>>>>>>>>>>>>>>>>>>     ] 6587/7824, 103.3 task/s, elapsed: 64s, ETA:    12s[>>>>>>>>>>>>>>>>>>>>>     ] 6588/7824, 103.3 task/s, elapsed: 64s, ETA:    12s[>>>>>>>>>>>>>>>>>>>>>     ] 6589/7824, 103.3 task/s, elapsed: 64s, ETA:    12s[>>>>>>>>>>>>>>>>>>>>>     ] 6590/7824, 103.3 task/s, elapsed: 64s, ETA:    12s[>>>>>>>>>>>>>>>>>>>>>     ] 6591/7824, 103.3 task/s, elapsed: 64s, ETA:    12s[>>>>>>>>>>>>>>>>>>>>>     ] 6592/7824, 103.3 task/s, elapsed: 64s, ETA:    12s[>>>>>>>>>>>>>>>>>>>>>     ] 6593/7824, 103.3 task/s, elapsed: 64s, ETA:    12s[>>>>>>>>>>>>>>>>>>>>>     ] 6594/7824, 103.3 task/s, elapsed: 64s, ETA:    12s[>>>>>>>>>>>>>>>>>>>>>     ] 6595/7824, 103.3 task/s, elapsed: 64s, ETA:    12s[>>>>>>>>>>>>>>>>>>>>>     ] 6596/7824, 103.3 task/s, elapsed: 64s, ETA:    12s[>>>>>>>>>>>>>>>>>>>>>     ] 6597/7824, 103.3 task/s, elapsed: 64s, ETA:    12s[>>>>>>>>>>>>>>>>>>>>>     ] 6598/7824, 103.3 task/s, elapsed: 64s, ETA:    12s[>>>>>>>>>>>>>>>>>>>>>     ] 6599/7824, 103.3 task/s, elapsed: 64s, ETA:    12s[>>>>>>>>>>>>>>>>>>>>>     ] 6600/7824, 103.3 task/s, elapsed: 64s, ETA:    12s[>>>>>>>>>>>>>>>>>>>>>     ] 6601/7824, 103.3 task/s, elapsed: 64s, ETA:    12s[>>>>>>>>>>>>>>>>>>>>>     ] 6602/7824, 103.3 task/s, elapsed: 64s, ETA:    12s[>>>>>>>>>>>>>>>>>>>>>     ] 6603/7824, 103.3 task/s, elapsed: 64s, ETA:    12s[>>>>>>>>>>>>>>>>>>>>>     ] 6604/7824, 103.3 task/s, elapsed: 64s, ETA:    12s[>>>>>>>>>>>>>>>>>>>>>     ] 6605/7824, 103.3 task/s, elapsed: 64s, ETA:    12s[>>>>>>>>>>>>>>>>>>>>>     ] 6606/7824, 103.3 task/s, elapsed: 64s, ETA:    12s[>>>>>>>>>>>>>>>>>>>>>     ] 6607/7824, 103.3 task/s, elapsed: 64s, ETA:    12s[>>>>>>>>>>>>>>>>>>>>>     ] 6608/7824, 103.3 task/s, elapsed: 64s, ETA:    12s[>>>>>>>>>>>>>>>>>>>>>     ] 6609/7824, 103.3 task/s, elapsed: 64s, ETA:    12s[>>>>>>>>>>>>>>>>>>>>>     ] 6610/7824, 103.3 task/s, elapsed: 64s, ETA:    12s[>>>>>>>>>>>>>>>>>>>>>     ] 6611/7824, 103.3 task/s, elapsed: 64s, ETA:    12s[>>>>>>>>>>>>>>>>>>>>>     ] 6612/7824, 103.3 task/s, elapsed: 64s, ETA:    12s[>>>>>>>>>>>>>>>>>>>>>     ] 6613/7824, 103.3 task/s, elapsed: 64s, ETA:    12s[>>>>>>>>>>>>>>>>>>>>>     ] 6614/7824, 103.3 task/s, elapsed: 64s, ETA:    12s[>>>>>>>>>>>>>>>>>>>>>     ] 6615/7824, 103.3 task/s, elapsed: 64s, ETA:    12s[>>>>>>>>>>>>>>>>>>>>>     ] 6616/7824, 103.3 task/s, elapsed: 64s, ETA:    12s[>>>>>>>>>>>>>>>>>>>>>     ] 6617/7824, 103.3 task/s, elapsed: 64s, ETA:    12s[>>>>>>>>>>>>>>>>>>>>>     ] 6618/7824, 103.3 task/s, elapsed: 64s, ETA:    12s[>>>>>>>>>>>>>>>>>>>>>     ] 6619/7824, 103.3 task/s, elapsed: 64s, ETA:    12s[>>>>>>>>>>>>>>>>>>>>>     ] 6620/7824, 103.3 task/s, elapsed: 64s, ETA:    12s[>>>>>>>>>>>>>>>>>>>>>>    ] 6621/7824, 103.3 task/s, elapsed: 64s, ETA:    12s[>>>>>>>>>>>>>>>>>>>>>>    ] 6622/7824, 103.3 task/s, elapsed: 64s, ETA:    12s[>>>>>>>>>>>>>>>>>>>>>>    ] 6623/7824, 103.3 task/s, elapsed: 64s, ETA:    12s[>>>>>>>>>>>>>>>>>>>>>>    ] 6624/7824, 103.3 task/s, elapsed: 64s, ETA:    12s[>>>>>>>>>>>>>>>>>>>>>>    ] 6625/7824, 103.3 task/s, elapsed: 64s, ETA:    12s[>>>>>>>>>>>>>>>>>>>>>>    ] 6626/7824, 103.3 task/s, elapsed: 64s, ETA:    12s[>>>>>>>>>>>>>>>>>>>>>>    ] 6627/7824, 103.3 task/s, elapsed: 64s, ETA:    12s[>>>>>>>>>>>>>>>>>>>>>>    ] 6628/7824, 103.4 task/s, elapsed: 64s, ETA:    12s[>>>>>>>>>>>>>>>>>>>>>>    ] 6629/7824, 103.4 task/s, elapsed: 64s, ETA:    12s[>>>>>>>>>>>>>>>>>>>>>>    ] 6630/7824, 103.4 task/s, elapsed: 64s, ETA:    12s[>>>>>>>>>>>>>>>>>>>>>>    ] 6631/7824, 103.4 task/s, elapsed: 64s, ETA:    12s[>>>>>>>>>>>>>>>>>>>>>>    ] 6632/7824, 103.4 task/s, elapsed: 64s, ETA:    12s[>>>>>>>>>>>>>>>>>>>>>>    ] 6633/7824, 103.4 task/s, elapsed: 64s, ETA:    12s[>>>>>>>>>>>>>>>>>>>>>>    ] 6634/7824, 103.4 task/s, elapsed: 64s, ETA:    12s[>>>>>>>>>>>>>>>>>>>>>>    ] 6635/7824, 103.4 task/s, elapsed: 64s, ETA:    12s[>>>>>>>>>>>>>>>>>>>>>>    ] 6636/7824, 103.4 task/s, elapsed: 64s, ETA:    11s[>>>>>>>>>>>>>>>>>>>>>>    ] 6637/7824, 103.4 task/s, elapsed: 64s, ETA:    11s[>>>>>>>>>>>>>>>>>>>>>>    ] 6638/7824, 103.4 task/s, elapsed: 64s, ETA:    11s[>>>>>>>>>>>>>>>>>>>>>>    ] 6639/7824, 103.4 task/s, elapsed: 64s, ETA:    11s[>>>>>>>>>>>>>>>>>>>>>>    ] 6640/7824, 103.4 task/s, elapsed: 64s, ETA:    11s[>>>>>>>>>>>>>>>>>>>>>>    ] 6641/7824, 103.4 task/s, elapsed: 64s, ETA:    11s[>>>>>>>>>>>>>>>>>>>>>>    ] 6642/7824, 103.4 task/s, elapsed: 64s, ETA:    11s[>>>>>>>>>>>>>>>>>>>>>>    ] 6643/7824, 103.4 task/s, elapsed: 64s, ETA:    11s[>>>>>>>>>>>>>>>>>>>>>>    ] 6644/7824, 103.4 task/s, elapsed: 64s, ETA:    11s[>>>>>>>>>>>>>>>>>>>>>>    ] 6645/7824, 103.4 task/s, elapsed: 64s, ETA:    11s[>>>>>>>>>>>>>>>>>>>>>>    ] 6646/7824, 103.4 task/s, elapsed: 64s, ETA:    11s[>>>>>>>>>>>>>>>>>>>>>>    ] 6647/7824, 103.4 task/s, elapsed: 64s, ETA:    11s[>>>>>>>>>>>>>>>>>>>>>>    ] 6648/7824, 103.4 task/s, elapsed: 64s, ETA:    11s[>>>>>>>>>>>>>>>>>>>>>>    ] 6649/7824, 103.4 task/s, elapsed: 64s, ETA:    11s[>>>>>>>>>>>>>>>>>>>>>>    ] 6650/7824, 103.4 task/s, elapsed: 64s, ETA:    11s[>>>>>>>>>>>>>>>>>>>>>>    ] 6651/7824, 103.4 task/s, elapsed: 64s, ETA:    11s[>>>>>>>>>>>>>>>>>>>>>>    ] 6652/7824, 103.4 task/s, elapsed: 64s, ETA:    11s[>>>>>>>>>>>>>>>>>>>>>>    ] 6653/7824, 103.4 task/s, elapsed: 64s, ETA:    11s[>>>>>>>>>>>>>>>>>>>>>>    ] 6654/7824, 103.4 task/s, elapsed: 64s, ETA:    11s[>>>>>>>>>>>>>>>>>>>>>>    ] 6655/7824, 103.4 task/s, elapsed: 64s, ETA:    11s[>>>>>>>>>>>>>>>>>>>>>>    ] 6656/7824, 103.4 task/s, elapsed: 64s, ETA:    11s[>>>>>>>>>>>>>>>>>>>>>>    ] 6657/7824, 103.4 task/s, elapsed: 64s, ETA:    11s[>>>>>>>>>>>>>>>>>>>>>>    ] 6658/7824, 103.4 task/s, elapsed: 64s, ETA:    11s[>>>>>>>>>>>>>>>>>>>>>>    ] 6659/7824, 103.4 task/s, elapsed: 64s, ETA:    11s[>>>>>>>>>>>>>>>>>>>>>>    ] 6660/7824, 103.4 task/s, elapsed: 64s, ETA:    11s[>>>>>>>>>>>>>>>>>>>>>>    ] 6661/7824, 103.4 task/s, elapsed: 64s, ETA:    11s[>>>>>>>>>>>>>>>>>>>>>>    ] 6662/7824, 103.4 task/s, elapsed: 64s, ETA:    11s[>>>>>>>>>>>>>>>>>>>>>>    ] 6663/7824, 103.4 task/s, elapsed: 64s, ETA:    11s[>>>>>>>>>>>>>>>>>>>>>>    ] 6664/7824, 103.4 task/s, elapsed: 64s, ETA:    11s[>>>>>>>>>>>>>>>>>>>>>>    ] 6665/7824, 103.4 task/s, elapsed: 64s, ETA:    11s[>>>>>>>>>>>>>>>>>>>>>>    ] 6666/7824, 103.4 task/s, elapsed: 64s, ETA:    11s[>>>>>>>>>>>>>>>>>>>>>>    ] 6667/7824, 103.4 task/s, elapsed: 64s, ETA:    11s[>>>>>>>>>>>>>>>>>>>>>>    ] 6668/7824, 103.4 task/s, elapsed: 65s, ETA:    11s[>>>>>>>>>>>>>>>>>>>>>>    ] 6669/7824, 103.4 task/s, elapsed: 65s, ETA:    11s[>>>>>>>>>>>>>>>>>>>>>>    ] 6670/7824, 103.4 task/s, elapsed: 65s, ETA:    11s[>>>>>>>>>>>>>>>>>>>>>>    ] 6671/7824, 103.4 task/s, elapsed: 65s, ETA:    11s[>>>>>>>>>>>>>>>>>>>>>>    ] 6672/7824, 103.4 task/s, elapsed: 65s, ETA:    11s[>>>>>>>>>>>>>>>>>>>>>>    ] 6673/7824, 103.4 task/s, elapsed: 65s, ETA:    11s[>>>>>>>>>>>>>>>>>>>>>>    ] 6674/7824, 103.4 task/s, elapsed: 65s, ETA:    11s[>>>>>>>>>>>>>>>>>>>>>>    ] 6675/7824, 103.4 task/s, elapsed: 65s, ETA:    11s[>>>>>>>>>>>>>>>>>>>>>>    ] 6676/7824, 103.4 task/s, elapsed: 65s, ETA:    11s[>>>>>>>>>>>>>>>>>>>>>>    ] 6677/7824, 103.4 task/s, elapsed: 65s, ETA:    11s[>>>>>>>>>>>>>>>>>>>>>>    ] 6678/7824, 103.4 task/s, elapsed: 65s, ETA:    11s[>>>>>>>>>>>>>>>>>>>>>>    ] 6679/7824, 103.4 task/s, elapsed: 65s, ETA:    11s[>>>>>>>>>>>>>>>>>>>>>>    ] 6680/7824, 103.4 task/s, elapsed: 65s, ETA:    11s[>>>>>>>>>>>>>>>>>>>>>>    ] 6681/7824, 103.4 task/s, elapsed: 65s, ETA:    11s[>>>>>>>>>>>>>>>>>>>>>>    ] 6682/7824, 103.4 task/s, elapsed: 65s, ETA:    11s[>>>>>>>>>>>>>>>>>>>>>>    ] 6683/7824, 103.4 task/s, elapsed: 65s, ETA:    11s[>>>>>>>>>>>>>>>>>>>>>>    ] 6684/7824, 103.4 task/s, elapsed: 65s, ETA:    11s[>>>>>>>>>>>>>>>>>>>>>>    ] 6685/7824, 103.4 task/s, elapsed: 65s, ETA:    11s[>>>>>>>>>>>>>>>>>>>>>>    ] 6686/7824, 103.4 task/s, elapsed: 65s, ETA:    11s[>>>>>>>>>>>>>>>>>>>>>>    ] 6687/7824, 103.4 task/s, elapsed: 65s, ETA:    11s[>>>>>>>>>>>>>>>>>>>>>>    ] 6688/7824, 103.4 task/s, elapsed: 65s, ETA:    11s[>>>>>>>>>>>>>>>>>>>>>>    ] 6689/7824, 103.4 task/s, elapsed: 65s, ETA:    11s[>>>>>>>>>>>>>>>>>>>>>>    ] 6690/7824, 103.4 task/s, elapsed: 65s, ETA:    11s[>>>>>>>>>>>>>>>>>>>>>>    ] 6691/7824, 103.4 task/s, elapsed: 65s, ETA:    11s[>>>>>>>>>>>>>>>>>>>>>>    ] 6692/7824, 103.4 task/s, elapsed: 65s, ETA:    11s[>>>>>>>>>>>>>>>>>>>>>>    ] 6693/7824, 103.4 task/s, elapsed: 65s, ETA:    11s[>>>>>>>>>>>>>>>>>>>>>>    ] 6694/7824, 103.4 task/s, elapsed: 65s, ETA:    11s[>>>>>>>>>>>>>>>>>>>>>>    ] 6695/7824, 103.4 task/s, elapsed: 65s, ETA:    11s[>>>>>>>>>>>>>>>>>>>>>>    ] 6696/7824, 103.4 task/s, elapsed: 65s, ETA:    11s[>>>>>>>>>>>>>>>>>>>>>>    ] 6697/7824, 103.4 task/s, elapsed: 65s, ETA:    11s[>>>>>>>>>>>>>>>>>>>>>>    ] 6698/7824, 103.4 task/s, elapsed: 65s, ETA:    11s[>>>>>>>>>>>>>>>>>>>>>>    ] 6699/7824, 103.4 task/s, elapsed: 65s, ETA:    11s[>>>>>>>>>>>>>>>>>>>>>>    ] 6700/7824, 103.4 task/s, elapsed: 65s, ETA:    11s[>>>>>>>>>>>>>>>>>>>>>>    ] 6701/7824, 103.4 task/s, elapsed: 65s, ETA:    11s[>>>>>>>>>>>>>>>>>>>>>>    ] 6702/7824, 103.4 task/s, elapsed: 65s, ETA:    11s[>>>>>>>>>>>>>>>>>>>>>>    ] 6703/7824, 103.4 task/s, elapsed: 65s, ETA:    11s[>>>>>>>>>>>>>>>>>>>>>>    ] 6704/7824, 103.4 task/s, elapsed: 65s, ETA:    11s[>>>>>>>>>>>>>>>>>>>>>>    ] 6705/7824, 103.4 task/s, elapsed: 65s, ETA:    11s[>>>>>>>>>>>>>>>>>>>>>>    ] 6706/7824, 103.4 task/s, elapsed: 65s, ETA:    11s[>>>>>>>>>>>>>>>>>>>>>>    ] 6707/7824, 103.4 task/s, elapsed: 65s, ETA:    11s[>>>>>>>>>>>>>>>>>>>>>>    ] 6708/7824, 103.4 task/s, elapsed: 65s, ETA:    11s[>>>>>>>>>>>>>>>>>>>>>>    ] 6709/7824, 103.4 task/s, elapsed: 65s, ETA:    11s[>>>>>>>>>>>>>>>>>>>>>>    ] 6710/7824, 103.4 task/s, elapsed: 65s, ETA:    11s[>>>>>>>>>>>>>>>>>>>>>>    ] 6711/7824, 103.4 task/s, elapsed: 65s, ETA:    11s[>>>>>>>>>>>>>>>>>>>>>>    ] 6712/7824, 103.4 task/s, elapsed: 65s, ETA:    11s[>>>>>>>>>>>>>>>>>>>>>>    ] 6713/7824, 103.4 task/s, elapsed: 65s, ETA:    11s[>>>>>>>>>>>>>>>>>>>>>>    ] 6714/7824, 103.4 task/s, elapsed: 65s, ETA:    11s[>>>>>>>>>>>>>>>>>>>>>>    ] 6715/7824, 103.4 task/s, elapsed: 65s, ETA:    11s[>>>>>>>>>>>>>>>>>>>>>>    ] 6716/7824, 103.4 task/s, elapsed: 65s, ETA:    11s[>>>>>>>>>>>>>>>>>>>>>>    ] 6717/7824, 103.4 task/s, elapsed: 65s, ETA:    11s[>>>>>>>>>>>>>>>>>>>>>>    ] 6718/7824, 103.4 task/s, elapsed: 65s, ETA:    11s[>>>>>>>>>>>>>>>>>>>>>>    ] 6719/7824, 103.4 task/s, elapsed: 65s, ETA:    11s[>>>>>>>>>>>>>>>>>>>>>>    ] 6720/7824, 103.4 task/s, elapsed: 65s, ETA:    11s[>>>>>>>>>>>>>>>>>>>>>>    ] 6721/7824, 103.4 task/s, elapsed: 65s, ETA:    11s[>>>>>>>>>>>>>>>>>>>>>>    ] 6722/7824, 103.4 task/s, elapsed: 65s, ETA:    11s[>>>>>>>>>>>>>>>>>>>>>>    ] 6723/7824, 103.4 task/s, elapsed: 65s, ETA:    11s[>>>>>>>>>>>>>>>>>>>>>>    ] 6724/7824, 103.4 task/s, elapsed: 65s, ETA:    11s[>>>>>>>>>>>>>>>>>>>>>>    ] 6725/7824, 103.4 task/s, elapsed: 65s, ETA:    11s[>>>>>>>>>>>>>>>>>>>>>>    ] 6726/7824, 103.4 task/s, elapsed: 65s, ETA:    11s[>>>>>>>>>>>>>>>>>>>>>>    ] 6727/7824, 103.4 task/s, elapsed: 65s, ETA:    11s[>>>>>>>>>>>>>>>>>>>>>>    ] 6728/7824, 103.4 task/s, elapsed: 65s, ETA:    11s[>>>>>>>>>>>>>>>>>>>>>>    ] 6729/7824, 103.4 task/s, elapsed: 65s, ETA:    11s[>>>>>>>>>>>>>>>>>>>>>>    ] 6730/7824, 103.4 task/s, elapsed: 65s, ETA:    11s[>>>>>>>>>>>>>>>>>>>>>>    ] 6731/7824, 103.4 task/s, elapsed: 65s, ETA:    11s[>>>>>>>>>>>>>>>>>>>>>>    ] 6732/7824, 103.4 task/s, elapsed: 65s, ETA:    11s[>>>>>>>>>>>>>>>>>>>>>>    ] 6733/7824, 103.4 task/s, elapsed: 65s, ETA:    11s[>>>>>>>>>>>>>>>>>>>>>>    ] 6734/7824, 103.4 task/s, elapsed: 65s, ETA:    11s[>>>>>>>>>>>>>>>>>>>>>>    ] 6735/7824, 103.4 task/s, elapsed: 65s, ETA:    11s[>>>>>>>>>>>>>>>>>>>>>>    ] 6736/7824, 103.4 task/s, elapsed: 65s, ETA:    11s[>>>>>>>>>>>>>>>>>>>>>>    ] 6737/7824, 103.4 task/s, elapsed: 65s, ETA:    11s[>>>>>>>>>>>>>>>>>>>>>>    ] 6738/7824, 103.4 task/s, elapsed: 65s, ETA:    11s[>>>>>>>>>>>>>>>>>>>>>>    ] 6739/7824, 103.4 task/s, elapsed: 65s, ETA:    10s[>>>>>>>>>>>>>>>>>>>>>>    ] 6740/7824, 103.4 task/s, elapsed: 65s, ETA:    10s[>>>>>>>>>>>>>>>>>>>>>>    ] 6741/7824, 103.4 task/s, elapsed: 65s, ETA:    10s[>>>>>>>>>>>>>>>>>>>>>>    ] 6742/7824, 103.4 task/s, elapsed: 65s, ETA:    10s[>>>>>>>>>>>>>>>>>>>>>>    ] 6743/7824, 103.4 task/s, elapsed: 65s, ETA:    10s[>>>>>>>>>>>>>>>>>>>>>>    ] 6744/7824, 103.4 task/s, elapsed: 65s, ETA:    10s[>>>>>>>>>>>>>>>>>>>>>>    ] 6745/7824, 103.4 task/s, elapsed: 65s, ETA:    10s[>>>>>>>>>>>>>>>>>>>>>>    ] 6746/7824, 103.4 task/s, elapsed: 65s, ETA:    10s[>>>>>>>>>>>>>>>>>>>>>>    ] 6747/7824, 103.4 task/s, elapsed: 65s, ETA:    10s[>>>>>>>>>>>>>>>>>>>>>>    ] 6748/7824, 103.4 task/s, elapsed: 65s, ETA:    10s[>>>>>>>>>>>>>>>>>>>>>>    ] 6749/7824, 103.4 task/s, elapsed: 65s, ETA:    10s[>>>>>>>>>>>>>>>>>>>>>>    ] 6750/7824, 103.4 task/s, elapsed: 65s, ETA:    10s[>>>>>>>>>>>>>>>>>>>>>>    ] 6751/7824, 103.4 task/s, elapsed: 65s, ETA:    10s[>>>>>>>>>>>>>>>>>>>>>>    ] 6752/7824, 103.4 task/s, elapsed: 65s, ETA:    10s[>>>>>>>>>>>>>>>>>>>>>>    ] 6753/7824, 103.4 task/s, elapsed: 65s, ETA:    10s[>>>>>>>>>>>>>>>>>>>>>>    ] 6754/7824, 103.4 task/s, elapsed: 65s, ETA:    10s[>>>>>>>>>>>>>>>>>>>>>>    ] 6755/7824, 103.4 task/s, elapsed: 65s, ETA:    10s[>>>>>>>>>>>>>>>>>>>>>>    ] 6756/7824, 103.4 task/s, elapsed: 65s, ETA:    10s[>>>>>>>>>>>>>>>>>>>>>>    ] 6757/7824, 103.4 task/s, elapsed: 65s, ETA:    10s[>>>>>>>>>>>>>>>>>>>>>>    ] 6758/7824, 103.4 task/s, elapsed: 65s, ETA:    10s[>>>>>>>>>>>>>>>>>>>>>>    ] 6759/7824, 103.4 task/s, elapsed: 65s, ETA:    10s[>>>>>>>>>>>>>>>>>>>>>>    ] 6760/7824, 103.4 task/s, elapsed: 65s, ETA:    10s[>>>>>>>>>>>>>>>>>>>>>>    ] 6761/7824, 103.4 task/s, elapsed: 65s, ETA:    10s[>>>>>>>>>>>>>>>>>>>>>>    ] 6762/7824, 103.4 task/s, elapsed: 65s, ETA:    10s[>>>>>>>>>>>>>>>>>>>>>>    ] 6763/7824, 103.4 task/s, elapsed: 65s, ETA:    10s[>>>>>>>>>>>>>>>>>>>>>>    ] 6764/7824, 103.4 task/s, elapsed: 65s, ETA:    10s[>>>>>>>>>>>>>>>>>>>>>>    ] 6765/7824, 103.4 task/s, elapsed: 65s, ETA:    10s[>>>>>>>>>>>>>>>>>>>>>>    ] 6766/7824, 103.4 task/s, elapsed: 65s, ETA:    10s[>>>>>>>>>>>>>>>>>>>>>>    ] 6767/7824, 103.4 task/s, elapsed: 65s, ETA:    10s[>>>>>>>>>>>>>>>>>>>>>>    ] 6768/7824, 103.4 task/s, elapsed: 65s, ETA:    10s[>>>>>>>>>>>>>>>>>>>>>>    ] 6769/7824, 103.4 task/s, elapsed: 65s, ETA:    10s[>>>>>>>>>>>>>>>>>>>>>>    ] 6770/7824, 103.4 task/s, elapsed: 65s, ETA:    10s[>>>>>>>>>>>>>>>>>>>>>>    ] 6771/7824, 103.4 task/s, elapsed: 65s, ETA:    10s[>>>>>>>>>>>>>>>>>>>>>>    ] 6772/7824, 103.4 task/s, elapsed: 65s, ETA:    10s[>>>>>>>>>>>>>>>>>>>>>>    ] 6773/7824, 103.4 task/s, elapsed: 65s, ETA:    10s[>>>>>>>>>>>>>>>>>>>>>>    ] 6774/7824, 103.4 task/s, elapsed: 66s, ETA:    10s[>>>>>>>>>>>>>>>>>>>>>>    ] 6775/7824, 103.4 task/s, elapsed: 66s, ETA:    10s[>>>>>>>>>>>>>>>>>>>>>>    ] 6776/7824, 103.4 task/s, elapsed: 66s, ETA:    10s[>>>>>>>>>>>>>>>>>>>>>>    ] 6777/7824, 103.4 task/s, elapsed: 66s, ETA:    10s[>>>>>>>>>>>>>>>>>>>>>>    ] 6778/7824, 103.4 task/s, elapsed: 66s, ETA:    10s[>>>>>>>>>>>>>>>>>>>>>>    ] 6779/7824, 103.4 task/s, elapsed: 66s, ETA:    10s[>>>>>>>>>>>>>>>>>>>>>>    ] 6780/7824, 103.4 task/s, elapsed: 66s, ETA:    10s[>>>>>>>>>>>>>>>>>>>>>>    ] 6781/7824, 103.4 task/s, elapsed: 66s, ETA:    10s[>>>>>>>>>>>>>>>>>>>>>>    ] 6782/7824, 103.4 task/s, elapsed: 66s, ETA:    10s[>>>>>>>>>>>>>>>>>>>>>>    ] 6783/7824, 103.4 task/s, elapsed: 66s, ETA:    10s[>>>>>>>>>>>>>>>>>>>>>>    ] 6784/7824, 103.4 task/s, elapsed: 66s, ETA:    10s[>>>>>>>>>>>>>>>>>>>>>>    ] 6785/7824, 103.4 task/s, elapsed: 66s, ETA:    10s[>>>>>>>>>>>>>>>>>>>>>>    ] 6786/7824, 103.4 task/s, elapsed: 66s, ETA:    10s[>>>>>>>>>>>>>>>>>>>>>>    ] 6787/7824, 103.4 task/s, elapsed: 66s, ETA:    10s[>>>>>>>>>>>>>>>>>>>>>>    ] 6788/7824, 103.4 task/s, elapsed: 66s, ETA:    10s[>>>>>>>>>>>>>>>>>>>>>>    ] 6789/7824, 103.4 task/s, elapsed: 66s, ETA:    10s[>>>>>>>>>>>>>>>>>>>>>>    ] 6790/7824, 103.4 task/s, elapsed: 66s, ETA:    10s[>>>>>>>>>>>>>>>>>>>>>>    ] 6791/7824, 103.4 task/s, elapsed: 66s, ETA:    10s[>>>>>>>>>>>>>>>>>>>>>>    ] 6792/7824, 103.4 task/s, elapsed: 66s, ETA:    10s[>>>>>>>>>>>>>>>>>>>>>>    ] 6793/7824, 103.4 task/s, elapsed: 66s, ETA:    10s[>>>>>>>>>>>>>>>>>>>>>>    ] 6794/7824, 103.4 task/s, elapsed: 66s, ETA:    10s[>>>>>>>>>>>>>>>>>>>>>>    ] 6795/7824, 103.4 task/s, elapsed: 66s, ETA:    10s[>>>>>>>>>>>>>>>>>>>>>>    ] 6796/7824, 103.4 task/s, elapsed: 66s, ETA:    10s[>>>>>>>>>>>>>>>>>>>>>>    ] 6797/7824, 103.4 task/s, elapsed: 66s, ETA:    10s[>>>>>>>>>>>>>>>>>>>>>>    ] 6798/7824, 103.4 task/s, elapsed: 66s, ETA:    10s[>>>>>>>>>>>>>>>>>>>>>>    ] 6799/7824, 103.4 task/s, elapsed: 66s, ETA:    10s[>>>>>>>>>>>>>>>>>>>>>>    ] 6800/7824, 103.4 task/s, elapsed: 66s, ETA:    10s[>>>>>>>>>>>>>>>>>>>>>>    ] 6801/7824, 103.4 task/s, elapsed: 66s, ETA:    10s[>>>>>>>>>>>>>>>>>>>>>>    ] 6802/7824, 103.4 task/s, elapsed: 66s, ETA:    10s[>>>>>>>>>>>>>>>>>>>>>>    ] 6803/7824, 103.4 task/s, elapsed: 66s, ETA:    10s[>>>>>>>>>>>>>>>>>>>>>>    ] 6804/7824, 103.4 task/s, elapsed: 66s, ETA:    10s[>>>>>>>>>>>>>>>>>>>>>>    ] 6805/7824, 103.4 task/s, elapsed: 66s, ETA:    10s[>>>>>>>>>>>>>>>>>>>>>>    ] 6806/7824, 103.4 task/s, elapsed: 66s, ETA:    10s[>>>>>>>>>>>>>>>>>>>>>>    ] 6807/7824, 103.4 task/s, elapsed: 66s, ETA:    10s[>>>>>>>>>>>>>>>>>>>>>>    ] 6808/7824, 103.4 task/s, elapsed: 66s, ETA:    10s[>>>>>>>>>>>>>>>>>>>>>>    ] 6809/7824, 103.4 task/s, elapsed: 66s, ETA:    10s[>>>>>>>>>>>>>>>>>>>>>>    ] 6810/7824, 103.4 task/s, elapsed: 66s, ETA:    10s[>>>>>>>>>>>>>>>>>>>>>>    ] 6811/7824, 103.4 task/s, elapsed: 66s, ETA:    10s[>>>>>>>>>>>>>>>>>>>>>>    ] 6812/7824, 103.4 task/s, elapsed: 66s, ETA:    10s[>>>>>>>>>>>>>>>>>>>>>>    ] 6813/7824, 103.4 task/s, elapsed: 66s, ETA:    10s[>>>>>>>>>>>>>>>>>>>>>>    ] 6814/7824, 103.4 task/s, elapsed: 66s, ETA:    10s[>>>>>>>>>>>>>>>>>>>>>>    ] 6815/7824, 103.4 task/s, elapsed: 66s, ETA:    10s[>>>>>>>>>>>>>>>>>>>>>>    ] 6816/7824, 103.4 task/s, elapsed: 66s, ETA:    10s[>>>>>>>>>>>>>>>>>>>>>>    ] 6817/7824, 103.4 task/s, elapsed: 66s, ETA:    10s[>>>>>>>>>>>>>>>>>>>>>>    ] 6818/7824, 103.4 task/s, elapsed: 66s, ETA:    10s[>>>>>>>>>>>>>>>>>>>>>>    ] 6819/7824, 103.4 task/s, elapsed: 66s, ETA:    10s[>>>>>>>>>>>>>>>>>>>>>>    ] 6820/7824, 103.4 task/s, elapsed: 66s, ETA:    10s[>>>>>>>>>>>>>>>>>>>>>>    ] 6821/7824, 103.4 task/s, elapsed: 66s, ETA:    10s[>>>>>>>>>>>>>>>>>>>>>>    ] 6822/7824, 103.4 task/s, elapsed: 66s, ETA:    10s[>>>>>>>>>>>>>>>>>>>>>>    ] 6823/7824, 103.4 task/s, elapsed: 66s, ETA:    10s[>>>>>>>>>>>>>>>>>>>>>>    ] 6824/7824, 103.4 task/s, elapsed: 66s, ETA:    10s[>>>>>>>>>>>>>>>>>>>>>>    ] 6825/7824, 103.4 task/s, elapsed: 66s, ETA:    10s[>>>>>>>>>>>>>>>>>>>>>>    ] 6826/7824, 103.4 task/s, elapsed: 66s, ETA:    10s[>>>>>>>>>>>>>>>>>>>>>>    ] 6827/7824, 103.4 task/s, elapsed: 66s, ETA:    10s[>>>>>>>>>>>>>>>>>>>>>>    ] 6828/7824, 103.4 task/s, elapsed: 66s, ETA:    10s[>>>>>>>>>>>>>>>>>>>>>>    ] 6829/7824, 103.4 task/s, elapsed: 66s, ETA:    10s[>>>>>>>>>>>>>>>>>>>>>>    ] 6830/7824, 103.4 task/s, elapsed: 66s, ETA:    10s[>>>>>>>>>>>>>>>>>>>>>>    ] 6831/7824, 103.4 task/s, elapsed: 66s, ETA:    10s[>>>>>>>>>>>>>>>>>>>>>>    ] 6832/7824, 103.4 task/s, elapsed: 66s, ETA:    10s[>>>>>>>>>>>>>>>>>>>>>>    ] 6833/7824, 103.4 task/s, elapsed: 66s, ETA:    10s[>>>>>>>>>>>>>>>>>>>>>>    ] 6834/7824, 103.4 task/s, elapsed: 66s, ETA:    10s[>>>>>>>>>>>>>>>>>>>>>>    ] 6835/7824, 103.4 task/s, elapsed: 66s, ETA:    10s[>>>>>>>>>>>>>>>>>>>>>>    ] 6836/7824, 103.4 task/s, elapsed: 66s, ETA:    10s[>>>>>>>>>>>>>>>>>>>>>>    ] 6837/7824, 103.4 task/s, elapsed: 66s, ETA:    10s[>>>>>>>>>>>>>>>>>>>>>>    ] 6838/7824, 103.4 task/s, elapsed: 66s, ETA:    10s[>>>>>>>>>>>>>>>>>>>>>>    ] 6839/7824, 103.4 task/s, elapsed: 66s, ETA:    10s[>>>>>>>>>>>>>>>>>>>>>>    ] 6840/7824, 103.4 task/s, elapsed: 66s, ETA:    10s[>>>>>>>>>>>>>>>>>>>>>>    ] 6841/7824, 103.4 task/s, elapsed: 66s, ETA:    10s[>>>>>>>>>>>>>>>>>>>>>>    ] 6842/7824, 103.4 task/s, elapsed: 66s, ETA:     9s[>>>>>>>>>>>>>>>>>>>>>>    ] 6843/7824, 103.4 task/s, elapsed: 66s, ETA:     9s[>>>>>>>>>>>>>>>>>>>>>>    ] 6844/7824, 103.4 task/s, elapsed: 66s, ETA:     9s[>>>>>>>>>>>>>>>>>>>>>>    ] 6845/7824, 103.4 task/s, elapsed: 66s, ETA:     9s[>>>>>>>>>>>>>>>>>>>>>>    ] 6846/7824, 103.4 task/s, elapsed: 66s, ETA:     9s[>>>>>>>>>>>>>>>>>>>>>>    ] 6847/7824, 103.4 task/s, elapsed: 66s, ETA:     9s[>>>>>>>>>>>>>>>>>>>>>>    ] 6848/7824, 103.4 task/s, elapsed: 66s, ETA:     9s[>>>>>>>>>>>>>>>>>>>>>>    ] 6849/7824, 103.4 task/s, elapsed: 66s, ETA:     9s[>>>>>>>>>>>>>>>>>>>>>>    ] 6850/7824, 103.4 task/s, elapsed: 66s, ETA:     9s[>>>>>>>>>>>>>>>>>>>>>>    ] 6851/7824, 103.4 task/s, elapsed: 66s, ETA:     9s[>>>>>>>>>>>>>>>>>>>>>>    ] 6852/7824, 103.4 task/s, elapsed: 66s, ETA:     9s[>>>>>>>>>>>>>>>>>>>>>>    ] 6853/7824, 103.4 task/s, elapsed: 66s, ETA:     9s[>>>>>>>>>>>>>>>>>>>>>>    ] 6854/7824, 103.4 task/s, elapsed: 66s, ETA:     9s[>>>>>>>>>>>>>>>>>>>>>>    ] 6855/7824, 103.4 task/s, elapsed: 66s, ETA:     9s[>>>>>>>>>>>>>>>>>>>>>>    ] 6856/7824, 103.4 task/s, elapsed: 66s, ETA:     9s[>>>>>>>>>>>>>>>>>>>>>>    ] 6857/7824, 103.4 task/s, elapsed: 66s, ETA:     9s[>>>>>>>>>>>>>>>>>>>>>>    ] 6858/7824, 103.4 task/s, elapsed: 66s, ETA:     9s[>>>>>>>>>>>>>>>>>>>>>>    ] 6859/7824, 103.4 task/s, elapsed: 66s, ETA:     9s[>>>>>>>>>>>>>>>>>>>>>>    ] 6860/7824, 103.4 task/s, elapsed: 66s, ETA:     9s[>>>>>>>>>>>>>>>>>>>>>>    ] 6861/7824, 103.4 task/s, elapsed: 66s, ETA:     9s[>>>>>>>>>>>>>>>>>>>>>>    ] 6862/7824, 103.4 task/s, elapsed: 66s, ETA:     9s[>>>>>>>>>>>>>>>>>>>>>>    ] 6863/7824, 103.4 task/s, elapsed: 66s, ETA:     9s[>>>>>>>>>>>>>>>>>>>>>>    ] 6864/7824, 103.4 task/s, elapsed: 66s, ETA:     9s[>>>>>>>>>>>>>>>>>>>>>>    ] 6865/7824, 103.4 task/s, elapsed: 66s, ETA:     9s[>>>>>>>>>>>>>>>>>>>>>>    ] 6866/7824, 103.4 task/s, elapsed: 66s, ETA:     9s[>>>>>>>>>>>>>>>>>>>>>>    ] 6867/7824, 103.4 task/s, elapsed: 66s, ETA:     9s[>>>>>>>>>>>>>>>>>>>>>>    ] 6868/7824, 103.4 task/s, elapsed: 66s, ETA:     9s[>>>>>>>>>>>>>>>>>>>>>>    ] 6869/7824, 103.4 task/s, elapsed: 66s, ETA:     9s[>>>>>>>>>>>>>>>>>>>>>>    ] 6870/7824, 103.4 task/s, elapsed: 66s, ETA:     9s[>>>>>>>>>>>>>>>>>>>>>>    ] 6871/7824, 103.4 task/s, elapsed: 66s, ETA:     9s[>>>>>>>>>>>>>>>>>>>>>>    ] 6872/7824, 103.4 task/s, elapsed: 66s, ETA:     9s[>>>>>>>>>>>>>>>>>>>>>>    ] 6873/7824, 103.4 task/s, elapsed: 66s, ETA:     9s[>>>>>>>>>>>>>>>>>>>>>>    ] 6874/7824, 103.4 task/s, elapsed: 66s, ETA:     9s[>>>>>>>>>>>>>>>>>>>>>>    ] 6875/7824, 103.4 task/s, elapsed: 66s, ETA:     9s[>>>>>>>>>>>>>>>>>>>>>>    ] 6876/7824, 103.4 task/s, elapsed: 66s, ETA:     9s[>>>>>>>>>>>>>>>>>>>>>>    ] 6877/7824, 103.4 task/s, elapsed: 66s, ETA:     9s[>>>>>>>>>>>>>>>>>>>>>>    ] 6878/7824, 103.4 task/s, elapsed: 66s, ETA:     9s[>>>>>>>>>>>>>>>>>>>>>>    ] 6879/7824, 103.4 task/s, elapsed: 66s, ETA:     9s[>>>>>>>>>>>>>>>>>>>>>>    ] 6880/7824, 103.4 task/s, elapsed: 67s, ETA:     9s[>>>>>>>>>>>>>>>>>>>>>>    ] 6881/7824, 103.4 task/s, elapsed: 67s, ETA:     9s[>>>>>>>>>>>>>>>>>>>>>>    ] 6882/7824, 103.4 task/s, elapsed: 67s, ETA:     9s[>>>>>>>>>>>>>>>>>>>>>>    ] 6883/7824, 103.4 task/s, elapsed: 67s, ETA:     9s[>>>>>>>>>>>>>>>>>>>>>>    ] 6884/7824, 103.4 task/s, elapsed: 67s, ETA:     9s[>>>>>>>>>>>>>>>>>>>>>>    ] 6885/7824, 103.4 task/s, elapsed: 67s, ETA:     9s[>>>>>>>>>>>>>>>>>>>>>>    ] 6886/7824, 103.4 task/s, elapsed: 67s, ETA:     9s[>>>>>>>>>>>>>>>>>>>>>>    ] 6887/7824, 103.4 task/s, elapsed: 67s, ETA:     9s[>>>>>>>>>>>>>>>>>>>>>>    ] 6888/7824, 103.4 task/s, elapsed: 67s, ETA:     9s[>>>>>>>>>>>>>>>>>>>>>>    ] 6889/7824, 103.4 task/s, elapsed: 67s, ETA:     9s[>>>>>>>>>>>>>>>>>>>>>>    ] 6890/7824, 103.4 task/s, elapsed: 67s, ETA:     9s[>>>>>>>>>>>>>>>>>>>>>>    ] 6891/7824, 103.4 task/s, elapsed: 67s, ETA:     9s[>>>>>>>>>>>>>>>>>>>>>>    ] 6892/7824, 103.4 task/s, elapsed: 67s, ETA:     9s[>>>>>>>>>>>>>>>>>>>>>>    ] 6893/7824, 103.4 task/s, elapsed: 67s, ETA:     9s[>>>>>>>>>>>>>>>>>>>>>>    ] 6894/7824, 103.4 task/s, elapsed: 67s, ETA:     9s[>>>>>>>>>>>>>>>>>>>>>>    ] 6895/7824, 103.4 task/s, elapsed: 67s, ETA:     9s[>>>>>>>>>>>>>>>>>>>>>>    ] 6896/7824, 103.4 task/s, elapsed: 67s, ETA:     9s[>>>>>>>>>>>>>>>>>>>>>>    ] 6897/7824, 103.4 task/s, elapsed: 67s, ETA:     9s[>>>>>>>>>>>>>>>>>>>>>>    ] 6898/7824, 103.4 task/s, elapsed: 67s, ETA:     9s[>>>>>>>>>>>>>>>>>>>>>>    ] 6899/7824, 103.4 task/s, elapsed: 67s, ETA:     9s[>>>>>>>>>>>>>>>>>>>>>>    ] 6900/7824, 103.4 task/s, elapsed: 67s, ETA:     9s[>>>>>>>>>>>>>>>>>>>>>>    ] 6901/7824, 103.4 task/s, elapsed: 67s, ETA:     9s[>>>>>>>>>>>>>>>>>>>>>>    ] 6902/7824, 103.4 task/s, elapsed: 67s, ETA:     9s[>>>>>>>>>>>>>>>>>>>>>>    ] 6903/7824, 103.4 task/s, elapsed: 67s, ETA:     9s[>>>>>>>>>>>>>>>>>>>>>>    ] 6904/7824, 103.4 task/s, elapsed: 67s, ETA:     9s[>>>>>>>>>>>>>>>>>>>>>>    ] 6905/7824, 103.4 task/s, elapsed: 67s, ETA:     9s[>>>>>>>>>>>>>>>>>>>>>>    ] 6906/7824, 103.4 task/s, elapsed: 67s, ETA:     9s[>>>>>>>>>>>>>>>>>>>>>>    ] 6907/7824, 103.5 task/s, elapsed: 67s, ETA:     9s[>>>>>>>>>>>>>>>>>>>>>>    ] 6908/7824, 103.5 task/s, elapsed: 67s, ETA:     9s[>>>>>>>>>>>>>>>>>>>>>>    ] 6909/7824, 103.5 task/s, elapsed: 67s, ETA:     9s[>>>>>>>>>>>>>>>>>>>>>>    ] 6910/7824, 103.5 task/s, elapsed: 67s, ETA:     9s[>>>>>>>>>>>>>>>>>>>>>>    ] 6911/7824, 103.5 task/s, elapsed: 67s, ETA:     9s[>>>>>>>>>>>>>>>>>>>>>>    ] 6912/7824, 103.5 task/s, elapsed: 67s, ETA:     9s[>>>>>>>>>>>>>>>>>>>>>>    ] 6913/7824, 103.5 task/s, elapsed: 67s, ETA:     9s[>>>>>>>>>>>>>>>>>>>>>>    ] 6914/7824, 103.5 task/s, elapsed: 67s, ETA:     9s[>>>>>>>>>>>>>>>>>>>>>>    ] 6915/7824, 103.5 task/s, elapsed: 67s, ETA:     9s[>>>>>>>>>>>>>>>>>>>>>>    ] 6916/7824, 103.5 task/s, elapsed: 67s, ETA:     9s[>>>>>>>>>>>>>>>>>>>>>>    ] 6917/7824, 103.5 task/s, elapsed: 67s, ETA:     9s[>>>>>>>>>>>>>>>>>>>>>>    ] 6918/7824, 103.5 task/s, elapsed: 67s, ETA:     9s[>>>>>>>>>>>>>>>>>>>>>>    ] 6919/7824, 103.5 task/s, elapsed: 67s, ETA:     9s[>>>>>>>>>>>>>>>>>>>>>>    ] 6920/7824, 103.5 task/s, elapsed: 67s, ETA:     9s[>>>>>>>>>>>>>>>>>>>>>>    ] 6921/7824, 103.5 task/s, elapsed: 67s, ETA:     9s[>>>>>>>>>>>>>>>>>>>>>>>   ] 6922/7824, 103.5 task/s, elapsed: 67s, ETA:     9s[>>>>>>>>>>>>>>>>>>>>>>>   ] 6923/7824, 103.5 task/s, elapsed: 67s, ETA:     9s[>>>>>>>>>>>>>>>>>>>>>>>   ] 6924/7824, 103.5 task/s, elapsed: 67s, ETA:     9s[>>>>>>>>>>>>>>>>>>>>>>>   ] 6925/7824, 103.5 task/s, elapsed: 67s, ETA:     9s[>>>>>>>>>>>>>>>>>>>>>>>   ] 6926/7824, 103.5 task/s, elapsed: 67s, ETA:     9s[>>>>>>>>>>>>>>>>>>>>>>>   ] 6927/7824, 103.5 task/s, elapsed: 67s, ETA:     9s[>>>>>>>>>>>>>>>>>>>>>>>   ] 6928/7824, 103.5 task/s, elapsed: 67s, ETA:     9s[>>>>>>>>>>>>>>>>>>>>>>>   ] 6929/7824, 103.5 task/s, elapsed: 67s, ETA:     9s[>>>>>>>>>>>>>>>>>>>>>>>   ] 6930/7824, 103.5 task/s, elapsed: 67s, ETA:     9s[>>>>>>>>>>>>>>>>>>>>>>>   ] 6931/7824, 103.5 task/s, elapsed: 67s, ETA:     9s[>>>>>>>>>>>>>>>>>>>>>>>   ] 6932/7824, 103.5 task/s, elapsed: 67s, ETA:     9s[>>>>>>>>>>>>>>>>>>>>>>>   ] 6933/7824, 103.5 task/s, elapsed: 67s, ETA:     9s[>>>>>>>>>>>>>>>>>>>>>>>   ] 6934/7824, 103.5 task/s, elapsed: 67s, ETA:     9s[>>>>>>>>>>>>>>>>>>>>>>>   ] 6935/7824, 103.5 task/s, elapsed: 67s, ETA:     9s[>>>>>>>>>>>>>>>>>>>>>>>   ] 6936/7824, 103.5 task/s, elapsed: 67s, ETA:     9s[>>>>>>>>>>>>>>>>>>>>>>>   ] 6937/7824, 103.5 task/s, elapsed: 67s, ETA:     9s[>>>>>>>>>>>>>>>>>>>>>>>   ] 6938/7824, 103.5 task/s, elapsed: 67s, ETA:     9s[>>>>>>>>>>>>>>>>>>>>>>>   ] 6939/7824, 103.5 task/s, elapsed: 67s, ETA:     9s[>>>>>>>>>>>>>>>>>>>>>>>   ] 6940/7824, 103.5 task/s, elapsed: 67s, ETA:     9s[>>>>>>>>>>>>>>>>>>>>>>>   ] 6941/7824, 103.5 task/s, elapsed: 67s, ETA:     9s[>>>>>>>>>>>>>>>>>>>>>>>   ] 6942/7824, 103.5 task/s, elapsed: 67s, ETA:     9s[>>>>>>>>>>>>>>>>>>>>>>>   ] 6943/7824, 103.5 task/s, elapsed: 67s, ETA:     9s[>>>>>>>>>>>>>>>>>>>>>>>   ] 6944/7824, 103.5 task/s, elapsed: 67s, ETA:     9s[>>>>>>>>>>>>>>>>>>>>>>>   ] 6945/7824, 103.5 task/s, elapsed: 67s, ETA:     8s[>>>>>>>>>>>>>>>>>>>>>>>   ] 6946/7824, 103.5 task/s, elapsed: 67s, ETA:     8s[>>>>>>>>>>>>>>>>>>>>>>>   ] 6947/7824, 103.5 task/s, elapsed: 67s, ETA:     8s[>>>>>>>>>>>>>>>>>>>>>>>   ] 6948/7824, 103.5 task/s, elapsed: 67s, ETA:     8s[>>>>>>>>>>>>>>>>>>>>>>>   ] 6949/7824, 103.5 task/s, elapsed: 67s, ETA:     8s[>>>>>>>>>>>>>>>>>>>>>>>   ] 6950/7824, 103.5 task/s, elapsed: 67s, ETA:     8s[>>>>>>>>>>>>>>>>>>>>>>>   ] 6951/7824, 103.5 task/s, elapsed: 67s, ETA:     8s[>>>>>>>>>>>>>>>>>>>>>>>   ] 6952/7824, 103.5 task/s, elapsed: 67s, ETA:     8s[>>>>>>>>>>>>>>>>>>>>>>>   ] 6953/7824, 103.5 task/s, elapsed: 67s, ETA:     8s[>>>>>>>>>>>>>>>>>>>>>>>   ] 6954/7824, 103.5 task/s, elapsed: 67s, ETA:     8s[>>>>>>>>>>>>>>>>>>>>>>>   ] 6955/7824, 103.5 task/s, elapsed: 67s, ETA:     8s[>>>>>>>>>>>>>>>>>>>>>>>   ] 6956/7824, 103.5 task/s, elapsed: 67s, ETA:     8s[>>>>>>>>>>>>>>>>>>>>>>>   ] 6957/7824, 103.5 task/s, elapsed: 67s, ETA:     8s[>>>>>>>>>>>>>>>>>>>>>>>   ] 6958/7824, 103.5 task/s, elapsed: 67s, ETA:     8s[>>>>>>>>>>>>>>>>>>>>>>>   ] 6959/7824, 103.5 task/s, elapsed: 67s, ETA:     8s[>>>>>>>>>>>>>>>>>>>>>>>   ] 6960/7824, 103.5 task/s, elapsed: 67s, ETA:     8s[>>>>>>>>>>>>>>>>>>>>>>>   ] 6961/7824, 103.5 task/s, elapsed: 67s, ETA:     8s[>>>>>>>>>>>>>>>>>>>>>>>   ] 6962/7824, 103.5 task/s, elapsed: 67s, ETA:     8s[>>>>>>>>>>>>>>>>>>>>>>>   ] 6963/7824, 103.5 task/s, elapsed: 67s, ETA:     8s[>>>>>>>>>>>>>>>>>>>>>>>   ] 6964/7824, 103.5 task/s, elapsed: 67s, ETA:     8s[>>>>>>>>>>>>>>>>>>>>>>>   ] 6965/7824, 103.5 task/s, elapsed: 67s, ETA:     8s[>>>>>>>>>>>>>>>>>>>>>>>   ] 6966/7824, 103.5 task/s, elapsed: 67s, ETA:     8s[>>>>>>>>>>>>>>>>>>>>>>>   ] 6967/7824, 103.5 task/s, elapsed: 67s, ETA:     8s[>>>>>>>>>>>>>>>>>>>>>>>   ] 6968/7824, 103.5 task/s, elapsed: 67s, ETA:     8s[>>>>>>>>>>>>>>>>>>>>>>>   ] 6969/7824, 103.5 task/s, elapsed: 67s, ETA:     8s[>>>>>>>>>>>>>>>>>>>>>>>   ] 6970/7824, 103.5 task/s, elapsed: 67s, ETA:     8s[>>>>>>>>>>>>>>>>>>>>>>>   ] 6971/7824, 103.5 task/s, elapsed: 67s, ETA:     8s[>>>>>>>>>>>>>>>>>>>>>>>   ] 6972/7824, 103.5 task/s, elapsed: 67s, ETA:     8s[>>>>>>>>>>>>>>>>>>>>>>>   ] 6973/7824, 103.5 task/s, elapsed: 67s, ETA:     8s[>>>>>>>>>>>>>>>>>>>>>>>   ] 6974/7824, 103.5 task/s, elapsed: 67s, ETA:     8s[>>>>>>>>>>>>>>>>>>>>>>>   ] 6975/7824, 103.5 task/s, elapsed: 67s, ETA:     8s[>>>>>>>>>>>>>>>>>>>>>>>   ] 6976/7824, 103.5 task/s, elapsed: 67s, ETA:     8s[>>>>>>>>>>>>>>>>>>>>>>>   ] 6977/7824, 103.5 task/s, elapsed: 67s, ETA:     8s[>>>>>>>>>>>>>>>>>>>>>>>   ] 6978/7824, 103.5 task/s, elapsed: 67s, ETA:     8s[>>>>>>>>>>>>>>>>>>>>>>>   ] 6979/7824, 103.5 task/s, elapsed: 67s, ETA:     8s[>>>>>>>>>>>>>>>>>>>>>>>   ] 6980/7824, 103.5 task/s, elapsed: 67s, ETA:     8s[>>>>>>>>>>>>>>>>>>>>>>>   ] 6981/7824, 103.5 task/s, elapsed: 67s, ETA:     8s[>>>>>>>>>>>>>>>>>>>>>>>   ] 6982/7824, 103.5 task/s, elapsed: 67s, ETA:     8s[>>>>>>>>>>>>>>>>>>>>>>>   ] 6983/7824, 103.5 task/s, elapsed: 67s, ETA:     8s[>>>>>>>>>>>>>>>>>>>>>>>   ] 6984/7824, 103.5 task/s, elapsed: 67s, ETA:     8s[>>>>>>>>>>>>>>>>>>>>>>>   ] 6985/7824, 103.5 task/s, elapsed: 68s, ETA:     8s[>>>>>>>>>>>>>>>>>>>>>>>   ] 6986/7824, 103.5 task/s, elapsed: 68s, ETA:     8s[>>>>>>>>>>>>>>>>>>>>>>>   ] 6987/7824, 103.5 task/s, elapsed: 68s, ETA:     8s[>>>>>>>>>>>>>>>>>>>>>>>   ] 6988/7824, 103.5 task/s, elapsed: 68s, ETA:     8s[>>>>>>>>>>>>>>>>>>>>>>>   ] 6989/7824, 103.5 task/s, elapsed: 68s, ETA:     8s[>>>>>>>>>>>>>>>>>>>>>>>   ] 6990/7824, 103.5 task/s, elapsed: 68s, ETA:     8s[>>>>>>>>>>>>>>>>>>>>>>>   ] 6991/7824, 103.5 task/s, elapsed: 68s, ETA:     8s[>>>>>>>>>>>>>>>>>>>>>>>   ] 6992/7824, 103.5 task/s, elapsed: 68s, ETA:     8s[>>>>>>>>>>>>>>>>>>>>>>>   ] 6993/7824, 103.5 task/s, elapsed: 68s, ETA:     8s[>>>>>>>>>>>>>>>>>>>>>>>   ] 6994/7824, 103.5 task/s, elapsed: 68s, ETA:     8s[>>>>>>>>>>>>>>>>>>>>>>>   ] 6995/7824, 103.5 task/s, elapsed: 68s, ETA:     8s[>>>>>>>>>>>>>>>>>>>>>>>   ] 6996/7824, 103.5 task/s, elapsed: 68s, ETA:     8s[>>>>>>>>>>>>>>>>>>>>>>>   ] 6997/7824, 103.5 task/s, elapsed: 68s, ETA:     8s[>>>>>>>>>>>>>>>>>>>>>>>   ] 6998/7824, 103.5 task/s, elapsed: 68s, ETA:     8s[>>>>>>>>>>>>>>>>>>>>>>>   ] 6999/7824, 103.5 task/s, elapsed: 68s, ETA:     8s[>>>>>>>>>>>>>>>>>>>>>>>   ] 7000/7824, 103.5 task/s, elapsed: 68s, ETA:     8s[>>>>>>>>>>>>>>>>>>>>>>>   ] 7001/7824, 103.5 task/s, elapsed: 68s, ETA:     8s[>>>>>>>>>>>>>>>>>>>>>>>   ] 7002/7824, 103.5 task/s, elapsed: 68s, ETA:     8s[>>>>>>>>>>>>>>>>>>>>>>>   ] 7003/7824, 103.5 task/s, elapsed: 68s, ETA:     8s[>>>>>>>>>>>>>>>>>>>>>>>   ] 7004/7824, 103.5 task/s, elapsed: 68s, ETA:     8s[>>>>>>>>>>>>>>>>>>>>>>>   ] 7005/7824, 103.5 task/s, elapsed: 68s, ETA:     8s[>>>>>>>>>>>>>>>>>>>>>>>   ] 7006/7824, 103.5 task/s, elapsed: 68s, ETA:     8s[>>>>>>>>>>>>>>>>>>>>>>>   ] 7007/7824, 103.5 task/s, elapsed: 68s, ETA:     8s[>>>>>>>>>>>>>>>>>>>>>>>   ] 7008/7824, 103.5 task/s, elapsed: 68s, ETA:     8s[>>>>>>>>>>>>>>>>>>>>>>>   ] 7009/7824, 103.5 task/s, elapsed: 68s, ETA:     8s[>>>>>>>>>>>>>>>>>>>>>>>   ] 7010/7824, 103.5 task/s, elapsed: 68s, ETA:     8s[>>>>>>>>>>>>>>>>>>>>>>>   ] 7011/7824, 103.5 task/s, elapsed: 68s, ETA:     8s[>>>>>>>>>>>>>>>>>>>>>>>   ] 7012/7824, 103.5 task/s, elapsed: 68s, ETA:     8s[>>>>>>>>>>>>>>>>>>>>>>>   ] 7013/7824, 103.5 task/s, elapsed: 68s, ETA:     8s[>>>>>>>>>>>>>>>>>>>>>>>   ] 7014/7824, 103.5 task/s, elapsed: 68s, ETA:     8s[>>>>>>>>>>>>>>>>>>>>>>>   ] 7015/7824, 103.5 task/s, elapsed: 68s, ETA:     8s[>>>>>>>>>>>>>>>>>>>>>>>   ] 7016/7824, 103.5 task/s, elapsed: 68s, ETA:     8s[>>>>>>>>>>>>>>>>>>>>>>>   ] 7017/7824, 103.5 task/s, elapsed: 68s, ETA:     8s[>>>>>>>>>>>>>>>>>>>>>>>   ] 7018/7824, 103.5 task/s, elapsed: 68s, ETA:     8s[>>>>>>>>>>>>>>>>>>>>>>>   ] 7019/7824, 103.5 task/s, elapsed: 68s, ETA:     8s[>>>>>>>>>>>>>>>>>>>>>>>   ] 7020/7824, 103.5 task/s, elapsed: 68s, ETA:     8s[>>>>>>>>>>>>>>>>>>>>>>>   ] 7021/7824, 103.5 task/s, elapsed: 68s, ETA:     8s[>>>>>>>>>>>>>>>>>>>>>>>   ] 7022/7824, 103.5 task/s, elapsed: 68s, ETA:     8s[>>>>>>>>>>>>>>>>>>>>>>>   ] 7023/7824, 103.5 task/s, elapsed: 68s, ETA:     8s[>>>>>>>>>>>>>>>>>>>>>>>   ] 7024/7824, 103.5 task/s, elapsed: 68s, ETA:     8s[>>>>>>>>>>>>>>>>>>>>>>>   ] 7025/7824, 103.5 task/s, elapsed: 68s, ETA:     8s[>>>>>>>>>>>>>>>>>>>>>>>   ] 7026/7824, 103.5 task/s, elapsed: 68s, ETA:     8s[>>>>>>>>>>>>>>>>>>>>>>>   ] 7027/7824, 103.5 task/s, elapsed: 68s, ETA:     8s[>>>>>>>>>>>>>>>>>>>>>>>   ] 7028/7824, 103.5 task/s, elapsed: 68s, ETA:     8s[>>>>>>>>>>>>>>>>>>>>>>>   ] 7029/7824, 103.5 task/s, elapsed: 68s, ETA:     8s[>>>>>>>>>>>>>>>>>>>>>>>   ] 7030/7824, 103.5 task/s, elapsed: 68s, ETA:     8s[>>>>>>>>>>>>>>>>>>>>>>>   ] 7031/7824, 103.5 task/s, elapsed: 68s, ETA:     8s[>>>>>>>>>>>>>>>>>>>>>>>   ] 7032/7824, 103.5 task/s, elapsed: 68s, ETA:     8s[>>>>>>>>>>>>>>>>>>>>>>>   ] 7033/7824, 103.5 task/s, elapsed: 68s, ETA:     8s[>>>>>>>>>>>>>>>>>>>>>>>   ] 7034/7824, 103.5 task/s, elapsed: 68s, ETA:     8s[>>>>>>>>>>>>>>>>>>>>>>>   ] 7035/7824, 103.5 task/s, elapsed: 68s, ETA:     8s[>>>>>>>>>>>>>>>>>>>>>>>   ] 7036/7824, 103.5 task/s, elapsed: 68s, ETA:     8s[>>>>>>>>>>>>>>>>>>>>>>>   ] 7037/7824, 103.5 task/s, elapsed: 68s, ETA:     8s[>>>>>>>>>>>>>>>>>>>>>>>   ] 7038/7824, 103.5 task/s, elapsed: 68s, ETA:     8s[>>>>>>>>>>>>>>>>>>>>>>>   ] 7039/7824, 103.5 task/s, elapsed: 68s, ETA:     8s[>>>>>>>>>>>>>>>>>>>>>>>   ] 7040/7824, 103.5 task/s, elapsed: 68s, ETA:     8s[>>>>>>>>>>>>>>>>>>>>>>>   ] 7041/7824, 103.5 task/s, elapsed: 68s, ETA:     8s[>>>>>>>>>>>>>>>>>>>>>>>   ] 7042/7824, 103.5 task/s, elapsed: 68s, ETA:     8s[>>>>>>>>>>>>>>>>>>>>>>>   ] 7043/7824, 103.5 task/s, elapsed: 68s, ETA:     8s[>>>>>>>>>>>>>>>>>>>>>>>   ] 7044/7824, 103.5 task/s, elapsed: 68s, ETA:     8s[>>>>>>>>>>>>>>>>>>>>>>>   ] 7045/7824, 103.5 task/s, elapsed: 68s, ETA:     8s[>>>>>>>>>>>>>>>>>>>>>>>   ] 7046/7824, 103.5 task/s, elapsed: 68s, ETA:     8s[>>>>>>>>>>>>>>>>>>>>>>>   ] 7047/7824, 103.5 task/s, elapsed: 68s, ETA:     8s[>>>>>>>>>>>>>>>>>>>>>>>   ] 7048/7824, 103.5 task/s, elapsed: 68s, ETA:     7s[>>>>>>>>>>>>>>>>>>>>>>>   ] 7049/7824, 103.5 task/s, elapsed: 68s, ETA:     7s[>>>>>>>>>>>>>>>>>>>>>>>   ] 7050/7824, 103.5 task/s, elapsed: 68s, ETA:     7s[>>>>>>>>>>>>>>>>>>>>>>>   ] 7051/7824, 103.5 task/s, elapsed: 68s, ETA:     7s[>>>>>>>>>>>>>>>>>>>>>>>   ] 7052/7824, 103.5 task/s, elapsed: 68s, ETA:     7s[>>>>>>>>>>>>>>>>>>>>>>>   ] 7053/7824, 103.5 task/s, elapsed: 68s, ETA:     7s[>>>>>>>>>>>>>>>>>>>>>>>   ] 7054/7824, 103.5 task/s, elapsed: 68s, ETA:     7s[>>>>>>>>>>>>>>>>>>>>>>>   ] 7055/7824, 103.5 task/s, elapsed: 68s, ETA:     7s[>>>>>>>>>>>>>>>>>>>>>>>   ] 7056/7824, 103.5 task/s, elapsed: 68s, ETA:     7s[>>>>>>>>>>>>>>>>>>>>>>>   ] 7057/7824, 103.5 task/s, elapsed: 68s, ETA:     7s[>>>>>>>>>>>>>>>>>>>>>>>   ] 7058/7824, 103.5 task/s, elapsed: 68s, ETA:     7s[>>>>>>>>>>>>>>>>>>>>>>>   ] 7059/7824, 103.5 task/s, elapsed: 68s, ETA:     7s[>>>>>>>>>>>>>>>>>>>>>>>   ] 7060/7824, 103.5 task/s, elapsed: 68s, ETA:     7s[>>>>>>>>>>>>>>>>>>>>>>>   ] 7061/7824, 103.5 task/s, elapsed: 68s, ETA:     7s[>>>>>>>>>>>>>>>>>>>>>>>   ] 7062/7824, 103.5 task/s, elapsed: 68s, ETA:     7s[>>>>>>>>>>>>>>>>>>>>>>>   ] 7063/7824, 103.5 task/s, elapsed: 68s, ETA:     7s[>>>>>>>>>>>>>>>>>>>>>>>   ] 7064/7824, 103.5 task/s, elapsed: 68s, ETA:     7s[>>>>>>>>>>>>>>>>>>>>>>>   ] 7065/7824, 103.5 task/s, elapsed: 68s, ETA:     7s[>>>>>>>>>>>>>>>>>>>>>>>   ] 7066/7824, 103.5 task/s, elapsed: 68s, ETA:     7s[>>>>>>>>>>>>>>>>>>>>>>>   ] 7067/7824, 103.5 task/s, elapsed: 68s, ETA:     7s[>>>>>>>>>>>>>>>>>>>>>>>   ] 7068/7824, 103.5 task/s, elapsed: 68s, ETA:     7s[>>>>>>>>>>>>>>>>>>>>>>>   ] 7069/7824, 103.5 task/s, elapsed: 68s, ETA:     7s[>>>>>>>>>>>>>>>>>>>>>>>   ] 7070/7824, 103.5 task/s, elapsed: 68s, ETA:     7s[>>>>>>>>>>>>>>>>>>>>>>>   ] 7071/7824, 103.5 task/s, elapsed: 68s, ETA:     7s[>>>>>>>>>>>>>>>>>>>>>>>   ] 7072/7824, 103.5 task/s, elapsed: 68s, ETA:     7s[>>>>>>>>>>>>>>>>>>>>>>>   ] 7073/7824, 103.5 task/s, elapsed: 68s, ETA:     7s[>>>>>>>>>>>>>>>>>>>>>>>   ] 7074/7824, 103.5 task/s, elapsed: 68s, ETA:     7s[>>>>>>>>>>>>>>>>>>>>>>>   ] 7075/7824, 103.5 task/s, elapsed: 68s, ETA:     7s[>>>>>>>>>>>>>>>>>>>>>>>   ] 7076/7824, 103.5 task/s, elapsed: 68s, ETA:     7s[>>>>>>>>>>>>>>>>>>>>>>>   ] 7077/7824, 103.5 task/s, elapsed: 68s, ETA:     7s[>>>>>>>>>>>>>>>>>>>>>>>   ] 7078/7824, 103.5 task/s, elapsed: 68s, ETA:     7s[>>>>>>>>>>>>>>>>>>>>>>>   ] 7079/7824, 103.5 task/s, elapsed: 68s, ETA:     7s[>>>>>>>>>>>>>>>>>>>>>>>   ] 7080/7824, 103.5 task/s, elapsed: 68s, ETA:     7s[>>>>>>>>>>>>>>>>>>>>>>>   ] 7081/7824, 103.5 task/s, elapsed: 68s, ETA:     7s[>>>>>>>>>>>>>>>>>>>>>>>   ] 7082/7824, 103.5 task/s, elapsed: 68s, ETA:     7s[>>>>>>>>>>>>>>>>>>>>>>>   ] 7083/7824, 103.5 task/s, elapsed: 68s, ETA:     7s[>>>>>>>>>>>>>>>>>>>>>>>   ] 7084/7824, 103.5 task/s, elapsed: 68s, ETA:     7s[>>>>>>>>>>>>>>>>>>>>>>>   ] 7085/7824, 103.5 task/s, elapsed: 68s, ETA:     7s[>>>>>>>>>>>>>>>>>>>>>>>   ] 7086/7824, 103.5 task/s, elapsed: 68s, ETA:     7s[>>>>>>>>>>>>>>>>>>>>>>>   ] 7087/7824, 103.5 task/s, elapsed: 68s, ETA:     7s[>>>>>>>>>>>>>>>>>>>>>>>   ] 7088/7824, 103.5 task/s, elapsed: 68s, ETA:     7s[>>>>>>>>>>>>>>>>>>>>>>>   ] 7089/7824, 103.5 task/s, elapsed: 68s, ETA:     7s[>>>>>>>>>>>>>>>>>>>>>>>   ] 7090/7824, 103.5 task/s, elapsed: 68s, ETA:     7s[>>>>>>>>>>>>>>>>>>>>>>>   ] 7091/7824, 103.5 task/s, elapsed: 69s, ETA:     7s[>>>>>>>>>>>>>>>>>>>>>>>   ] 7092/7824, 103.5 task/s, elapsed: 69s, ETA:     7s[>>>>>>>>>>>>>>>>>>>>>>>   ] 7093/7824, 103.5 task/s, elapsed: 69s, ETA:     7s[>>>>>>>>>>>>>>>>>>>>>>>   ] 7094/7824, 103.5 task/s, elapsed: 69s, ETA:     7s[>>>>>>>>>>>>>>>>>>>>>>>   ] 7095/7824, 103.5 task/s, elapsed: 69s, ETA:     7s[>>>>>>>>>>>>>>>>>>>>>>>   ] 7096/7824, 103.5 task/s, elapsed: 69s, ETA:     7s[>>>>>>>>>>>>>>>>>>>>>>>   ] 7097/7824, 103.5 task/s, elapsed: 69s, ETA:     7s[>>>>>>>>>>>>>>>>>>>>>>>   ] 7098/7824, 103.5 task/s, elapsed: 69s, ETA:     7s[>>>>>>>>>>>>>>>>>>>>>>>   ] 7099/7824, 103.5 task/s, elapsed: 69s, ETA:     7s[>>>>>>>>>>>>>>>>>>>>>>>   ] 7100/7824, 103.5 task/s, elapsed: 69s, ETA:     7s[>>>>>>>>>>>>>>>>>>>>>>>   ] 7101/7824, 103.5 task/s, elapsed: 69s, ETA:     7s[>>>>>>>>>>>>>>>>>>>>>>>   ] 7102/7824, 103.5 task/s, elapsed: 69s, ETA:     7s[>>>>>>>>>>>>>>>>>>>>>>>   ] 7103/7824, 103.5 task/s, elapsed: 69s, ETA:     7s[>>>>>>>>>>>>>>>>>>>>>>>   ] 7104/7824, 103.5 task/s, elapsed: 69s, ETA:     7s[>>>>>>>>>>>>>>>>>>>>>>>   ] 7105/7824, 103.5 task/s, elapsed: 69s, ETA:     7s[>>>>>>>>>>>>>>>>>>>>>>>   ] 7106/7824, 103.5 task/s, elapsed: 69s, ETA:     7s[>>>>>>>>>>>>>>>>>>>>>>>   ] 7107/7824, 103.5 task/s, elapsed: 69s, ETA:     7s[>>>>>>>>>>>>>>>>>>>>>>>   ] 7108/7824, 103.5 task/s, elapsed: 69s, ETA:     7s[>>>>>>>>>>>>>>>>>>>>>>>   ] 7109/7824, 103.5 task/s, elapsed: 69s, ETA:     7s[>>>>>>>>>>>>>>>>>>>>>>>   ] 7110/7824, 103.5 task/s, elapsed: 69s, ETA:     7s[>>>>>>>>>>>>>>>>>>>>>>>   ] 7111/7824, 103.5 task/s, elapsed: 69s, ETA:     7s[>>>>>>>>>>>>>>>>>>>>>>>   ] 7112/7824, 103.5 task/s, elapsed: 69s, ETA:     7s[>>>>>>>>>>>>>>>>>>>>>>>   ] 7113/7824, 103.5 task/s, elapsed: 69s, ETA:     7s[>>>>>>>>>>>>>>>>>>>>>>>   ] 7114/7824, 103.5 task/s, elapsed: 69s, ETA:     7s[>>>>>>>>>>>>>>>>>>>>>>>   ] 7115/7824, 103.5 task/s, elapsed: 69s, ETA:     7s[>>>>>>>>>>>>>>>>>>>>>>>   ] 7116/7824, 103.5 task/s, elapsed: 69s, ETA:     7s[>>>>>>>>>>>>>>>>>>>>>>>   ] 7117/7824, 103.5 task/s, elapsed: 69s, ETA:     7s[>>>>>>>>>>>>>>>>>>>>>>>   ] 7118/7824, 103.5 task/s, elapsed: 69s, ETA:     7s[>>>>>>>>>>>>>>>>>>>>>>>   ] 7119/7824, 103.5 task/s, elapsed: 69s, ETA:     7s[>>>>>>>>>>>>>>>>>>>>>>>   ] 7120/7824, 103.5 task/s, elapsed: 69s, ETA:     7s[>>>>>>>>>>>>>>>>>>>>>>>   ] 7121/7824, 103.5 task/s, elapsed: 69s, ETA:     7s[>>>>>>>>>>>>>>>>>>>>>>>   ] 7122/7824, 103.5 task/s, elapsed: 69s, ETA:     7s[>>>>>>>>>>>>>>>>>>>>>>>   ] 7123/7824, 103.5 task/s, elapsed: 69s, ETA:     7s[>>>>>>>>>>>>>>>>>>>>>>>   ] 7124/7824, 103.5 task/s, elapsed: 69s, ETA:     7s[>>>>>>>>>>>>>>>>>>>>>>>   ] 7125/7824, 103.5 task/s, elapsed: 69s, ETA:     7s[>>>>>>>>>>>>>>>>>>>>>>>   ] 7126/7824, 103.5 task/s, elapsed: 69s, ETA:     7s[>>>>>>>>>>>>>>>>>>>>>>>   ] 7127/7824, 103.5 task/s, elapsed: 69s, ETA:     7s[>>>>>>>>>>>>>>>>>>>>>>>   ] 7128/7824, 103.5 task/s, elapsed: 69s, ETA:     7s[>>>>>>>>>>>>>>>>>>>>>>>   ] 7129/7824, 103.5 task/s, elapsed: 69s, ETA:     7s[>>>>>>>>>>>>>>>>>>>>>>>   ] 7130/7824, 103.5 task/s, elapsed: 69s, ETA:     7s[>>>>>>>>>>>>>>>>>>>>>>>   ] 7131/7824, 103.5 task/s, elapsed: 69s, ETA:     7s[>>>>>>>>>>>>>>>>>>>>>>>   ] 7132/7824, 103.5 task/s, elapsed: 69s, ETA:     7s[>>>>>>>>>>>>>>>>>>>>>>>   ] 7133/7824, 103.5 task/s, elapsed: 69s, ETA:     7s[>>>>>>>>>>>>>>>>>>>>>>>   ] 7134/7824, 103.5 task/s, elapsed: 69s, ETA:     7s[>>>>>>>>>>>>>>>>>>>>>>>   ] 7135/7824, 103.5 task/s, elapsed: 69s, ETA:     7s[>>>>>>>>>>>>>>>>>>>>>>>   ] 7136/7824, 103.5 task/s, elapsed: 69s, ETA:     7s[>>>>>>>>>>>>>>>>>>>>>>>   ] 7137/7824, 103.5 task/s, elapsed: 69s, ETA:     7s[>>>>>>>>>>>>>>>>>>>>>>>   ] 7138/7824, 103.5 task/s, elapsed: 69s, ETA:     7s[>>>>>>>>>>>>>>>>>>>>>>>   ] 7139/7824, 103.5 task/s, elapsed: 69s, ETA:     7s[>>>>>>>>>>>>>>>>>>>>>>>   ] 7140/7824, 103.5 task/s, elapsed: 69s, ETA:     7s[>>>>>>>>>>>>>>>>>>>>>>>   ] 7141/7824, 103.5 task/s, elapsed: 69s, ETA:     7s[>>>>>>>>>>>>>>>>>>>>>>>   ] 7142/7824, 103.5 task/s, elapsed: 69s, ETA:     7s[>>>>>>>>>>>>>>>>>>>>>>>   ] 7143/7824, 103.5 task/s, elapsed: 69s, ETA:     7s[>>>>>>>>>>>>>>>>>>>>>>>   ] 7144/7824, 103.5 task/s, elapsed: 69s, ETA:     7s[>>>>>>>>>>>>>>>>>>>>>>>   ] 7145/7824, 103.5 task/s, elapsed: 69s, ETA:     7s[>>>>>>>>>>>>>>>>>>>>>>>   ] 7146/7824, 103.5 task/s, elapsed: 69s, ETA:     7s[>>>>>>>>>>>>>>>>>>>>>>>   ] 7147/7824, 103.5 task/s, elapsed: 69s, ETA:     7s[>>>>>>>>>>>>>>>>>>>>>>>   ] 7148/7824, 103.5 task/s, elapsed: 69s, ETA:     7s[>>>>>>>>>>>>>>>>>>>>>>>   ] 7149/7824, 103.5 task/s, elapsed: 69s, ETA:     7s[>>>>>>>>>>>>>>>>>>>>>>>   ] 7150/7824, 103.5 task/s, elapsed: 69s, ETA:     7s[>>>>>>>>>>>>>>>>>>>>>>>   ] 7151/7824, 103.5 task/s, elapsed: 69s, ETA:     7s[>>>>>>>>>>>>>>>>>>>>>>>   ] 7152/7824, 103.5 task/s, elapsed: 69s, ETA:     6s[>>>>>>>>>>>>>>>>>>>>>>>   ] 7153/7824, 103.5 task/s, elapsed: 69s, ETA:     6s[>>>>>>>>>>>>>>>>>>>>>>>   ] 7154/7824, 103.5 task/s, elapsed: 69s, ETA:     6s[>>>>>>>>>>>>>>>>>>>>>>>   ] 7155/7824, 103.5 task/s, elapsed: 69s, ETA:     6s[>>>>>>>>>>>>>>>>>>>>>>>   ] 7156/7824, 103.5 task/s, elapsed: 69s, ETA:     6s[>>>>>>>>>>>>>>>>>>>>>>>   ] 7157/7824, 103.5 task/s, elapsed: 69s, ETA:     6s[>>>>>>>>>>>>>>>>>>>>>>>   ] 7158/7824, 103.5 task/s, elapsed: 69s, ETA:     6s[>>>>>>>>>>>>>>>>>>>>>>>   ] 7159/7824, 103.5 task/s, elapsed: 69s, ETA:     6s[>>>>>>>>>>>>>>>>>>>>>>>   ] 7160/7824, 103.5 task/s, elapsed: 69s, ETA:     6s[>>>>>>>>>>>>>>>>>>>>>>>   ] 7161/7824, 103.5 task/s, elapsed: 69s, ETA:     6s[>>>>>>>>>>>>>>>>>>>>>>>   ] 7162/7824, 103.5 task/s, elapsed: 69s, ETA:     6s[>>>>>>>>>>>>>>>>>>>>>>>   ] 7163/7824, 103.5 task/s, elapsed: 69s, ETA:     6s[>>>>>>>>>>>>>>>>>>>>>>>   ] 7164/7824, 103.5 task/s, elapsed: 69s, ETA:     6s[>>>>>>>>>>>>>>>>>>>>>>>   ] 7165/7824, 103.5 task/s, elapsed: 69s, ETA:     6s[>>>>>>>>>>>>>>>>>>>>>>>   ] 7166/7824, 103.5 task/s, elapsed: 69s, ETA:     6s[>>>>>>>>>>>>>>>>>>>>>>>   ] 7167/7824, 103.5 task/s, elapsed: 69s, ETA:     6s[>>>>>>>>>>>>>>>>>>>>>>>   ] 7168/7824, 103.5 task/s, elapsed: 69s, ETA:     6s[>>>>>>>>>>>>>>>>>>>>>>>   ] 7169/7824, 103.5 task/s, elapsed: 69s, ETA:     6s[>>>>>>>>>>>>>>>>>>>>>>>   ] 7170/7824, 103.5 task/s, elapsed: 69s, ETA:     6s[>>>>>>>>>>>>>>>>>>>>>>>   ] 7171/7824, 103.5 task/s, elapsed: 69s, ETA:     6s[>>>>>>>>>>>>>>>>>>>>>>>   ] 7172/7824, 103.5 task/s, elapsed: 69s, ETA:     6s[>>>>>>>>>>>>>>>>>>>>>>>   ] 7173/7824, 103.5 task/s, elapsed: 69s, ETA:     6s[>>>>>>>>>>>>>>>>>>>>>>>   ] 7174/7824, 103.5 task/s, elapsed: 69s, ETA:     6s[>>>>>>>>>>>>>>>>>>>>>>>   ] 7175/7824, 103.5 task/s, elapsed: 69s, ETA:     6s[>>>>>>>>>>>>>>>>>>>>>>>   ] 7176/7824, 103.5 task/s, elapsed: 69s, ETA:     6s[>>>>>>>>>>>>>>>>>>>>>>>   ] 7177/7824, 103.5 task/s, elapsed: 69s, ETA:     6s[>>>>>>>>>>>>>>>>>>>>>>>   ] 7178/7824, 103.5 task/s, elapsed: 69s, ETA:     6s[>>>>>>>>>>>>>>>>>>>>>>>   ] 7179/7824, 103.5 task/s, elapsed: 69s, ETA:     6s[>>>>>>>>>>>>>>>>>>>>>>>   ] 7180/7824, 103.5 task/s, elapsed: 69s, ETA:     6s[>>>>>>>>>>>>>>>>>>>>>>>   ] 7181/7824, 103.5 task/s, elapsed: 69s, ETA:     6s[>>>>>>>>>>>>>>>>>>>>>>>   ] 7182/7824, 103.5 task/s, elapsed: 69s, ETA:     6s[>>>>>>>>>>>>>>>>>>>>>>>   ] 7183/7824, 103.5 task/s, elapsed: 69s, ETA:     6s[>>>>>>>>>>>>>>>>>>>>>>>   ] 7184/7824, 103.5 task/s, elapsed: 69s, ETA:     6s[>>>>>>>>>>>>>>>>>>>>>>>   ] 7185/7824, 103.5 task/s, elapsed: 69s, ETA:     6s[>>>>>>>>>>>>>>>>>>>>>>>   ] 7186/7824, 103.5 task/s, elapsed: 69s, ETA:     6s[>>>>>>>>>>>>>>>>>>>>>>>   ] 7187/7824, 103.5 task/s, elapsed: 69s, ETA:     6s[>>>>>>>>>>>>>>>>>>>>>>>   ] 7188/7824, 103.5 task/s, elapsed: 69s, ETA:     6s[>>>>>>>>>>>>>>>>>>>>>>>   ] 7189/7824, 103.5 task/s, elapsed: 69s, ETA:     6s[>>>>>>>>>>>>>>>>>>>>>>>   ] 7190/7824, 103.5 task/s, elapsed: 69s, ETA:     6s[>>>>>>>>>>>>>>>>>>>>>>>   ] 7191/7824, 103.5 task/s, elapsed: 69s, ETA:     6s[>>>>>>>>>>>>>>>>>>>>>>>   ] 7192/7824, 103.5 task/s, elapsed: 69s, ETA:     6s[>>>>>>>>>>>>>>>>>>>>>>>   ] 7193/7824, 103.5 task/s, elapsed: 69s, ETA:     6s[>>>>>>>>>>>>>>>>>>>>>>>   ] 7194/7824, 103.5 task/s, elapsed: 69s, ETA:     6s[>>>>>>>>>>>>>>>>>>>>>>>   ] 7195/7824, 103.5 task/s, elapsed: 69s, ETA:     6s[>>>>>>>>>>>>>>>>>>>>>>>   ] 7196/7824, 103.5 task/s, elapsed: 70s, ETA:     6s[>>>>>>>>>>>>>>>>>>>>>>>   ] 7197/7824, 103.5 task/s, elapsed: 70s, ETA:     6s[>>>>>>>>>>>>>>>>>>>>>>>   ] 7198/7824, 103.5 task/s, elapsed: 70s, ETA:     6s[>>>>>>>>>>>>>>>>>>>>>>>   ] 7199/7824, 103.5 task/s, elapsed: 70s, ETA:     6s[>>>>>>>>>>>>>>>>>>>>>>>   ] 7200/7824, 103.5 task/s, elapsed: 70s, ETA:     6s[>>>>>>>>>>>>>>>>>>>>>>>   ] 7201/7824, 103.5 task/s, elapsed: 70s, ETA:     6s[>>>>>>>>>>>>>>>>>>>>>>>   ] 7202/7824, 103.5 task/s, elapsed: 70s, ETA:     6s[>>>>>>>>>>>>>>>>>>>>>>>   ] 7203/7824, 103.5 task/s, elapsed: 70s, ETA:     6s[>>>>>>>>>>>>>>>>>>>>>>>   ] 7204/7824, 103.5 task/s, elapsed: 70s, ETA:     6s[>>>>>>>>>>>>>>>>>>>>>>>   ] 7205/7824, 103.5 task/s, elapsed: 70s, ETA:     6s[>>>>>>>>>>>>>>>>>>>>>>>   ] 7206/7824, 103.5 task/s, elapsed: 70s, ETA:     6s[>>>>>>>>>>>>>>>>>>>>>>>   ] 7207/7824, 103.5 task/s, elapsed: 70s, ETA:     6s[>>>>>>>>>>>>>>>>>>>>>>>   ] 7208/7824, 103.5 task/s, elapsed: 70s, ETA:     6s[>>>>>>>>>>>>>>>>>>>>>>>   ] 7209/7824, 103.5 task/s, elapsed: 70s, ETA:     6s[>>>>>>>>>>>>>>>>>>>>>>>   ] 7210/7824, 103.5 task/s, elapsed: 70s, ETA:     6s[>>>>>>>>>>>>>>>>>>>>>>>   ] 7211/7824, 103.5 task/s, elapsed: 70s, ETA:     6s[>>>>>>>>>>>>>>>>>>>>>>>   ] 7212/7824, 103.5 task/s, elapsed: 70s, ETA:     6s[>>>>>>>>>>>>>>>>>>>>>>>   ] 7213/7824, 103.5 task/s, elapsed: 70s, ETA:     6s[>>>>>>>>>>>>>>>>>>>>>>>   ] 7214/7824, 103.5 task/s, elapsed: 70s, ETA:     6s[>>>>>>>>>>>>>>>>>>>>>>>   ] 7215/7824, 103.5 task/s, elapsed: 70s, ETA:     6s[>>>>>>>>>>>>>>>>>>>>>>>   ] 7216/7824, 103.5 task/s, elapsed: 70s, ETA:     6s[>>>>>>>>>>>>>>>>>>>>>>>   ] 7217/7824, 103.5 task/s, elapsed: 70s, ETA:     6s[>>>>>>>>>>>>>>>>>>>>>>>   ] 7218/7824, 103.5 task/s, elapsed: 70s, ETA:     6s[>>>>>>>>>>>>>>>>>>>>>>>   ] 7219/7824, 103.5 task/s, elapsed: 70s, ETA:     6s[>>>>>>>>>>>>>>>>>>>>>>>   ] 7220/7824, 103.5 task/s, elapsed: 70s, ETA:     6s[>>>>>>>>>>>>>>>>>>>>>>>   ] 7221/7824, 103.5 task/s, elapsed: 70s, ETA:     6s[>>>>>>>>>>>>>>>>>>>>>>>   ] 7222/7824, 103.5 task/s, elapsed: 70s, ETA:     6s[>>>>>>>>>>>>>>>>>>>>>>>>  ] 7223/7824, 103.5 task/s, elapsed: 70s, ETA:     6s[>>>>>>>>>>>>>>>>>>>>>>>>  ] 7224/7824, 103.5 task/s, elapsed: 70s, ETA:     6s[>>>>>>>>>>>>>>>>>>>>>>>>  ] 7225/7824, 103.5 task/s, elapsed: 70s, ETA:     6s[>>>>>>>>>>>>>>>>>>>>>>>>  ] 7226/7824, 103.5 task/s, elapsed: 70s, ETA:     6s[>>>>>>>>>>>>>>>>>>>>>>>>  ] 7227/7824, 103.5 task/s, elapsed: 70s, ETA:     6s[>>>>>>>>>>>>>>>>>>>>>>>>  ] 7228/7824, 103.5 task/s, elapsed: 70s, ETA:     6s[>>>>>>>>>>>>>>>>>>>>>>>>  ] 7229/7824, 103.5 task/s, elapsed: 70s, ETA:     6s[>>>>>>>>>>>>>>>>>>>>>>>>  ] 7230/7824, 103.5 task/s, elapsed: 70s, ETA:     6s[>>>>>>>>>>>>>>>>>>>>>>>>  ] 7231/7824, 103.5 task/s, elapsed: 70s, ETA:     6s[>>>>>>>>>>>>>>>>>>>>>>>>  ] 7232/7824, 103.5 task/s, elapsed: 70s, ETA:     6s[>>>>>>>>>>>>>>>>>>>>>>>>  ] 7233/7824, 103.5 task/s, elapsed: 70s, ETA:     6s[>>>>>>>>>>>>>>>>>>>>>>>>  ] 7234/7824, 103.5 task/s, elapsed: 70s, ETA:     6s[>>>>>>>>>>>>>>>>>>>>>>>>  ] 7235/7824, 103.5 task/s, elapsed: 70s, ETA:     6s[>>>>>>>>>>>>>>>>>>>>>>>>  ] 7236/7824, 103.5 task/s, elapsed: 70s, ETA:     6s[>>>>>>>>>>>>>>>>>>>>>>>>  ] 7237/7824, 103.5 task/s, elapsed: 70s, ETA:     6s[>>>>>>>>>>>>>>>>>>>>>>>>  ] 7238/7824, 103.5 task/s, elapsed: 70s, ETA:     6s[>>>>>>>>>>>>>>>>>>>>>>>>  ] 7239/7824, 103.5 task/s, elapsed: 70s, ETA:     6s[>>>>>>>>>>>>>>>>>>>>>>>>  ] 7240/7824, 103.5 task/s, elapsed: 70s, ETA:     6s[>>>>>>>>>>>>>>>>>>>>>>>>  ] 7241/7824, 103.5 task/s, elapsed: 70s, ETA:     6s[>>>>>>>>>>>>>>>>>>>>>>>>  ] 7242/7824, 103.5 task/s, elapsed: 70s, ETA:     6s[>>>>>>>>>>>>>>>>>>>>>>>>  ] 7243/7824, 103.5 task/s, elapsed: 70s, ETA:     6s[>>>>>>>>>>>>>>>>>>>>>>>>  ] 7244/7824, 103.5 task/s, elapsed: 70s, ETA:     6s[>>>>>>>>>>>>>>>>>>>>>>>>  ] 7245/7824, 103.5 task/s, elapsed: 70s, ETA:     6s[>>>>>>>>>>>>>>>>>>>>>>>>  ] 7246/7824, 103.5 task/s, elapsed: 70s, ETA:     6s[>>>>>>>>>>>>>>>>>>>>>>>>  ] 7247/7824, 103.5 task/s, elapsed: 70s, ETA:     6s[>>>>>>>>>>>>>>>>>>>>>>>>  ] 7248/7824, 103.5 task/s, elapsed: 70s, ETA:     6s[>>>>>>>>>>>>>>>>>>>>>>>>  ] 7249/7824, 103.5 task/s, elapsed: 70s, ETA:     6s[>>>>>>>>>>>>>>>>>>>>>>>>  ] 7250/7824, 103.5 task/s, elapsed: 70s, ETA:     6s[>>>>>>>>>>>>>>>>>>>>>>>>  ] 7251/7824, 103.5 task/s, elapsed: 70s, ETA:     6s[>>>>>>>>>>>>>>>>>>>>>>>>  ] 7252/7824, 103.5 task/s, elapsed: 70s, ETA:     6s[>>>>>>>>>>>>>>>>>>>>>>>>  ] 7253/7824, 103.5 task/s, elapsed: 70s, ETA:     6s[>>>>>>>>>>>>>>>>>>>>>>>>  ] 7254/7824, 103.5 task/s, elapsed: 70s, ETA:     6s[>>>>>>>>>>>>>>>>>>>>>>>>  ] 7255/7824, 103.5 task/s, elapsed: 70s, ETA:     5s[>>>>>>>>>>>>>>>>>>>>>>>>  ] 7256/7824, 103.5 task/s, elapsed: 70s, ETA:     5s[>>>>>>>>>>>>>>>>>>>>>>>>  ] 7257/7824, 103.5 task/s, elapsed: 70s, ETA:     5s[>>>>>>>>>>>>>>>>>>>>>>>>  ] 7258/7824, 103.5 task/s, elapsed: 70s, ETA:     5s[>>>>>>>>>>>>>>>>>>>>>>>>  ] 7259/7824, 103.5 task/s, elapsed: 70s, ETA:     5s[>>>>>>>>>>>>>>>>>>>>>>>>  ] 7260/7824, 103.5 task/s, elapsed: 70s, ETA:     5s[>>>>>>>>>>>>>>>>>>>>>>>>  ] 7261/7824, 103.5 task/s, elapsed: 70s, ETA:     5s[>>>>>>>>>>>>>>>>>>>>>>>>  ] 7262/7824, 103.5 task/s, elapsed: 70s, ETA:     5s[>>>>>>>>>>>>>>>>>>>>>>>>  ] 7263/7824, 103.5 task/s, elapsed: 70s, ETA:     5s[>>>>>>>>>>>>>>>>>>>>>>>>  ] 7264/7824, 103.5 task/s, elapsed: 70s, ETA:     5s[>>>>>>>>>>>>>>>>>>>>>>>>  ] 7265/7824, 103.5 task/s, elapsed: 70s, ETA:     5s[>>>>>>>>>>>>>>>>>>>>>>>>  ] 7266/7824, 103.5 task/s, elapsed: 70s, ETA:     5s[>>>>>>>>>>>>>>>>>>>>>>>>  ] 7267/7824, 103.5 task/s, elapsed: 70s, ETA:     5s[>>>>>>>>>>>>>>>>>>>>>>>>  ] 7268/7824, 103.5 task/s, elapsed: 70s, ETA:     5s[>>>>>>>>>>>>>>>>>>>>>>>>  ] 7269/7824, 103.5 task/s, elapsed: 70s, ETA:     5s[>>>>>>>>>>>>>>>>>>>>>>>>  ] 7270/7824, 103.5 task/s, elapsed: 70s, ETA:     5s[>>>>>>>>>>>>>>>>>>>>>>>>  ] 7271/7824, 103.5 task/s, elapsed: 70s, ETA:     5s[>>>>>>>>>>>>>>>>>>>>>>>>  ] 7272/7824, 103.5 task/s, elapsed: 70s, ETA:     5s[>>>>>>>>>>>>>>>>>>>>>>>>  ] 7273/7824, 103.5 task/s, elapsed: 70s, ETA:     5s[>>>>>>>>>>>>>>>>>>>>>>>>  ] 7274/7824, 103.5 task/s, elapsed: 70s, ETA:     5s[>>>>>>>>>>>>>>>>>>>>>>>>  ] 7275/7824, 103.5 task/s, elapsed: 70s, ETA:     5s[>>>>>>>>>>>>>>>>>>>>>>>>  ] 7276/7824, 103.5 task/s, elapsed: 70s, ETA:     5s[>>>>>>>>>>>>>>>>>>>>>>>>  ] 7277/7824, 103.5 task/s, elapsed: 70s, ETA:     5s[>>>>>>>>>>>>>>>>>>>>>>>>  ] 7278/7824, 103.5 task/s, elapsed: 70s, ETA:     5s[>>>>>>>>>>>>>>>>>>>>>>>>  ] 7279/7824, 103.5 task/s, elapsed: 70s, ETA:     5s[>>>>>>>>>>>>>>>>>>>>>>>>  ] 7280/7824, 103.5 task/s, elapsed: 70s, ETA:     5s[>>>>>>>>>>>>>>>>>>>>>>>>  ] 7281/7824, 103.5 task/s, elapsed: 70s, ETA:     5s[>>>>>>>>>>>>>>>>>>>>>>>>  ] 7282/7824, 103.5 task/s, elapsed: 70s, ETA:     5s[>>>>>>>>>>>>>>>>>>>>>>>>  ] 7283/7824, 103.5 task/s, elapsed: 70s, ETA:     5s[>>>>>>>>>>>>>>>>>>>>>>>>  ] 7284/7824, 103.5 task/s, elapsed: 70s, ETA:     5s[>>>>>>>>>>>>>>>>>>>>>>>>  ] 7285/7824, 103.5 task/s, elapsed: 70s, ETA:     5s[>>>>>>>>>>>>>>>>>>>>>>>>  ] 7286/7824, 103.5 task/s, elapsed: 70s, ETA:     5s[>>>>>>>>>>>>>>>>>>>>>>>>  ] 7287/7824, 103.5 task/s, elapsed: 70s, ETA:     5s[>>>>>>>>>>>>>>>>>>>>>>>>  ] 7288/7824, 103.5 task/s, elapsed: 70s, ETA:     5s[>>>>>>>>>>>>>>>>>>>>>>>>  ] 7289/7824, 103.5 task/s, elapsed: 70s, ETA:     5s[>>>>>>>>>>>>>>>>>>>>>>>>  ] 7290/7824, 103.5 task/s, elapsed: 70s, ETA:     5s[>>>>>>>>>>>>>>>>>>>>>>>>  ] 7291/7824, 103.5 task/s, elapsed: 70s, ETA:     5s[>>>>>>>>>>>>>>>>>>>>>>>>  ] 7292/7824, 103.5 task/s, elapsed: 70s, ETA:     5s[>>>>>>>>>>>>>>>>>>>>>>>>  ] 7293/7824, 103.5 task/s, elapsed: 70s, ETA:     5s[>>>>>>>>>>>>>>>>>>>>>>>>  ] 7294/7824, 103.5 task/s, elapsed: 70s, ETA:     5s[>>>>>>>>>>>>>>>>>>>>>>>>  ] 7295/7824, 103.5 task/s, elapsed: 70s, ETA:     5s[>>>>>>>>>>>>>>>>>>>>>>>>  ] 7296/7824, 103.5 task/s, elapsed: 70s, ETA:     5s[>>>>>>>>>>>>>>>>>>>>>>>>  ] 7297/7824, 103.5 task/s, elapsed: 70s, ETA:     5s[>>>>>>>>>>>>>>>>>>>>>>>>  ] 7298/7824, 103.5 task/s, elapsed: 70s, ETA:     5s[>>>>>>>>>>>>>>>>>>>>>>>>  ] 7299/7824, 103.5 task/s, elapsed: 71s, ETA:     5s[>>>>>>>>>>>>>>>>>>>>>>>>  ] 7300/7824, 103.5 task/s, elapsed: 71s, ETA:     5s[>>>>>>>>>>>>>>>>>>>>>>>>  ] 7301/7824, 103.5 task/s, elapsed: 71s, ETA:     5s[>>>>>>>>>>>>>>>>>>>>>>>>  ] 7302/7824, 103.5 task/s, elapsed: 71s, ETA:     5s[>>>>>>>>>>>>>>>>>>>>>>>>  ] 7303/7824, 103.5 task/s, elapsed: 71s, ETA:     5s[>>>>>>>>>>>>>>>>>>>>>>>>  ] 7304/7824, 103.5 task/s, elapsed: 71s, ETA:     5s[>>>>>>>>>>>>>>>>>>>>>>>>  ] 7305/7824, 103.5 task/s, elapsed: 71s, ETA:     5s[>>>>>>>>>>>>>>>>>>>>>>>>  ] 7306/7824, 103.5 task/s, elapsed: 71s, ETA:     5s[>>>>>>>>>>>>>>>>>>>>>>>>  ] 7307/7824, 103.5 task/s, elapsed: 71s, ETA:     5s[>>>>>>>>>>>>>>>>>>>>>>>>  ] 7308/7824, 103.5 task/s, elapsed: 71s, ETA:     5s[>>>>>>>>>>>>>>>>>>>>>>>>  ] 7309/7824, 103.5 task/s, elapsed: 71s, ETA:     5s[>>>>>>>>>>>>>>>>>>>>>>>>  ] 7310/7824, 103.5 task/s, elapsed: 71s, ETA:     5s[>>>>>>>>>>>>>>>>>>>>>>>>  ] 7311/7824, 103.5 task/s, elapsed: 71s, ETA:     5s[>>>>>>>>>>>>>>>>>>>>>>>>  ] 7312/7824, 103.5 task/s, elapsed: 71s, ETA:     5s[>>>>>>>>>>>>>>>>>>>>>>>>  ] 7313/7824, 103.5 task/s, elapsed: 71s, ETA:     5s[>>>>>>>>>>>>>>>>>>>>>>>>  ] 7314/7824, 103.5 task/s, elapsed: 71s, ETA:     5s[>>>>>>>>>>>>>>>>>>>>>>>>  ] 7315/7824, 103.5 task/s, elapsed: 71s, ETA:     5s[>>>>>>>>>>>>>>>>>>>>>>>>  ] 7316/7824, 103.5 task/s, elapsed: 71s, ETA:     5s[>>>>>>>>>>>>>>>>>>>>>>>>  ] 7317/7824, 103.5 task/s, elapsed: 71s, ETA:     5s[>>>>>>>>>>>>>>>>>>>>>>>>  ] 7318/7824, 103.5 task/s, elapsed: 71s, ETA:     5s[>>>>>>>>>>>>>>>>>>>>>>>>  ] 7319/7824, 103.5 task/s, elapsed: 71s, ETA:     5s[>>>>>>>>>>>>>>>>>>>>>>>>  ] 7320/7824, 103.5 task/s, elapsed: 71s, ETA:     5s[>>>>>>>>>>>>>>>>>>>>>>>>  ] 7321/7824, 103.5 task/s, elapsed: 71s, ETA:     5s[>>>>>>>>>>>>>>>>>>>>>>>>  ] 7322/7824, 103.5 task/s, elapsed: 71s, ETA:     5s[>>>>>>>>>>>>>>>>>>>>>>>>  ] 7323/7824, 103.5 task/s, elapsed: 71s, ETA:     5s[>>>>>>>>>>>>>>>>>>>>>>>>  ] 7324/7824, 103.5 task/s, elapsed: 71s, ETA:     5s[>>>>>>>>>>>>>>>>>>>>>>>>  ] 7325/7824, 103.5 task/s, elapsed: 71s, ETA:     5s[>>>>>>>>>>>>>>>>>>>>>>>>  ] 7326/7824, 103.5 task/s, elapsed: 71s, ETA:     5s[>>>>>>>>>>>>>>>>>>>>>>>>  ] 7327/7824, 103.5 task/s, elapsed: 71s, ETA:     5s[>>>>>>>>>>>>>>>>>>>>>>>>  ] 7328/7824, 103.5 task/s, elapsed: 71s, ETA:     5s[>>>>>>>>>>>>>>>>>>>>>>>>  ] 7329/7824, 103.5 task/s, elapsed: 71s, ETA:     5s[>>>>>>>>>>>>>>>>>>>>>>>>  ] 7330/7824, 103.5 task/s, elapsed: 71s, ETA:     5s[>>>>>>>>>>>>>>>>>>>>>>>>  ] 7331/7824, 103.5 task/s, elapsed: 71s, ETA:     5s[>>>>>>>>>>>>>>>>>>>>>>>>  ] 7332/7824, 103.5 task/s, elapsed: 71s, ETA:     5s[>>>>>>>>>>>>>>>>>>>>>>>>  ] 7333/7824, 103.5 task/s, elapsed: 71s, ETA:     5s[>>>>>>>>>>>>>>>>>>>>>>>>  ] 7334/7824, 103.5 task/s, elapsed: 71s, ETA:     5s[>>>>>>>>>>>>>>>>>>>>>>>>  ] 7335/7824, 103.5 task/s, elapsed: 71s, ETA:     5s[>>>>>>>>>>>>>>>>>>>>>>>>  ] 7336/7824, 103.5 task/s, elapsed: 71s, ETA:     5s[>>>>>>>>>>>>>>>>>>>>>>>>  ] 7337/7824, 103.5 task/s, elapsed: 71s, ETA:     5s[>>>>>>>>>>>>>>>>>>>>>>>>  ] 7338/7824, 103.5 task/s, elapsed: 71s, ETA:     5s[>>>>>>>>>>>>>>>>>>>>>>>>  ] 7339/7824, 103.5 task/s, elapsed: 71s, ETA:     5s[>>>>>>>>>>>>>>>>>>>>>>>>  ] 7340/7824, 103.5 task/s, elapsed: 71s, ETA:     5s[>>>>>>>>>>>>>>>>>>>>>>>>  ] 7341/7824, 103.5 task/s, elapsed: 71s, ETA:     5s[>>>>>>>>>>>>>>>>>>>>>>>>  ] 7342/7824, 103.5 task/s, elapsed: 71s, ETA:     5s[>>>>>>>>>>>>>>>>>>>>>>>>  ] 7343/7824, 103.5 task/s, elapsed: 71s, ETA:     5s[>>>>>>>>>>>>>>>>>>>>>>>>  ] 7344/7824, 103.5 task/s, elapsed: 71s, ETA:     5s[>>>>>>>>>>>>>>>>>>>>>>>>  ] 7345/7824, 103.5 task/s, elapsed: 71s, ETA:     5s[>>>>>>>>>>>>>>>>>>>>>>>>  ] 7346/7824, 103.5 task/s, elapsed: 71s, ETA:     5s[>>>>>>>>>>>>>>>>>>>>>>>>  ] 7347/7824, 103.5 task/s, elapsed: 71s, ETA:     5s[>>>>>>>>>>>>>>>>>>>>>>>>  ] 7348/7824, 103.5 task/s, elapsed: 71s, ETA:     5s[>>>>>>>>>>>>>>>>>>>>>>>>  ] 7349/7824, 103.5 task/s, elapsed: 71s, ETA:     5s[>>>>>>>>>>>>>>>>>>>>>>>>  ] 7350/7824, 103.5 task/s, elapsed: 71s, ETA:     5s[>>>>>>>>>>>>>>>>>>>>>>>>  ] 7351/7824, 103.5 task/s, elapsed: 71s, ETA:     5s[>>>>>>>>>>>>>>>>>>>>>>>>  ] 7352/7824, 103.5 task/s, elapsed: 71s, ETA:     5s[>>>>>>>>>>>>>>>>>>>>>>>>  ] 7353/7824, 103.5 task/s, elapsed: 71s, ETA:     5s[>>>>>>>>>>>>>>>>>>>>>>>>  ] 7354/7824, 103.5 task/s, elapsed: 71s, ETA:     5s[>>>>>>>>>>>>>>>>>>>>>>>>  ] 7355/7824, 103.5 task/s, elapsed: 71s, ETA:     5s[>>>>>>>>>>>>>>>>>>>>>>>>  ] 7356/7824, 103.5 task/s, elapsed: 71s, ETA:     5s[>>>>>>>>>>>>>>>>>>>>>>>>  ] 7357/7824, 103.5 task/s, elapsed: 71s, ETA:     5s[>>>>>>>>>>>>>>>>>>>>>>>>  ] 7358/7824, 103.5 task/s, elapsed: 71s, ETA:     5s[>>>>>>>>>>>>>>>>>>>>>>>>  ] 7359/7824, 103.5 task/s, elapsed: 71s, ETA:     4s[>>>>>>>>>>>>>>>>>>>>>>>>  ] 7360/7824, 103.5 task/s, elapsed: 71s, ETA:     4s[>>>>>>>>>>>>>>>>>>>>>>>>  ] 7361/7824, 103.5 task/s, elapsed: 71s, ETA:     4s[>>>>>>>>>>>>>>>>>>>>>>>>  ] 7362/7824, 103.5 task/s, elapsed: 71s, ETA:     4s[>>>>>>>>>>>>>>>>>>>>>>>>  ] 7363/7824, 103.5 task/s, elapsed: 71s, ETA:     4s[>>>>>>>>>>>>>>>>>>>>>>>>  ] 7364/7824, 103.5 task/s, elapsed: 71s, ETA:     4s[>>>>>>>>>>>>>>>>>>>>>>>>  ] 7365/7824, 103.5 task/s, elapsed: 71s, ETA:     4s[>>>>>>>>>>>>>>>>>>>>>>>>  ] 7366/7824, 103.5 task/s, elapsed: 71s, ETA:     4s[>>>>>>>>>>>>>>>>>>>>>>>>  ] 7367/7824, 103.5 task/s, elapsed: 71s, ETA:     4s[>>>>>>>>>>>>>>>>>>>>>>>>  ] 7368/7824, 103.5 task/s, elapsed: 71s, ETA:     4s[>>>>>>>>>>>>>>>>>>>>>>>>  ] 7369/7824, 103.5 task/s, elapsed: 71s, ETA:     4s[>>>>>>>>>>>>>>>>>>>>>>>>  ] 7370/7824, 103.5 task/s, elapsed: 71s, ETA:     4s[>>>>>>>>>>>>>>>>>>>>>>>>  ] 7371/7824, 103.5 task/s, elapsed: 71s, ETA:     4s[>>>>>>>>>>>>>>>>>>>>>>>>  ] 7372/7824, 103.5 task/s, elapsed: 71s, ETA:     4s[>>>>>>>>>>>>>>>>>>>>>>>>  ] 7373/7824, 103.5 task/s, elapsed: 71s, ETA:     4s[>>>>>>>>>>>>>>>>>>>>>>>>  ] 7374/7824, 103.5 task/s, elapsed: 71s, ETA:     4s[>>>>>>>>>>>>>>>>>>>>>>>>  ] 7375/7824, 103.5 task/s, elapsed: 71s, ETA:     4s[>>>>>>>>>>>>>>>>>>>>>>>>  ] 7376/7824, 103.5 task/s, elapsed: 71s, ETA:     4s[>>>>>>>>>>>>>>>>>>>>>>>>  ] 7377/7824, 103.5 task/s, elapsed: 71s, ETA:     4s[>>>>>>>>>>>>>>>>>>>>>>>>  ] 7378/7824, 103.5 task/s, elapsed: 71s, ETA:     4s[>>>>>>>>>>>>>>>>>>>>>>>>  ] 7379/7824, 103.5 task/s, elapsed: 71s, ETA:     4s[>>>>>>>>>>>>>>>>>>>>>>>>  ] 7380/7824, 103.5 task/s, elapsed: 71s, ETA:     4s[>>>>>>>>>>>>>>>>>>>>>>>>  ] 7381/7824, 103.5 task/s, elapsed: 71s, ETA:     4s[>>>>>>>>>>>>>>>>>>>>>>>>  ] 7382/7824, 103.5 task/s, elapsed: 71s, ETA:     4s[>>>>>>>>>>>>>>>>>>>>>>>>  ] 7383/7824, 103.5 task/s, elapsed: 71s, ETA:     4s[>>>>>>>>>>>>>>>>>>>>>>>>  ] 7384/7824, 103.5 task/s, elapsed: 71s, ETA:     4s[>>>>>>>>>>>>>>>>>>>>>>>>  ] 7385/7824, 103.5 task/s, elapsed: 71s, ETA:     4s[>>>>>>>>>>>>>>>>>>>>>>>>  ] 7386/7824, 103.5 task/s, elapsed: 71s, ETA:     4s[>>>>>>>>>>>>>>>>>>>>>>>>  ] 7387/7824, 103.5 task/s, elapsed: 71s, ETA:     4s[>>>>>>>>>>>>>>>>>>>>>>>>  ] 7388/7824, 103.5 task/s, elapsed: 71s, ETA:     4s[>>>>>>>>>>>>>>>>>>>>>>>>  ] 7389/7824, 103.5 task/s, elapsed: 71s, ETA:     4s[>>>>>>>>>>>>>>>>>>>>>>>>  ] 7390/7824, 103.5 task/s, elapsed: 71s, ETA:     4s[>>>>>>>>>>>>>>>>>>>>>>>>  ] 7391/7824, 103.5 task/s, elapsed: 71s, ETA:     4s[>>>>>>>>>>>>>>>>>>>>>>>>  ] 7392/7824, 103.5 task/s, elapsed: 71s, ETA:     4s[>>>>>>>>>>>>>>>>>>>>>>>>  ] 7393/7824, 103.5 task/s, elapsed: 71s, ETA:     4s[>>>>>>>>>>>>>>>>>>>>>>>>  ] 7394/7824, 103.5 task/s, elapsed: 71s, ETA:     4s[>>>>>>>>>>>>>>>>>>>>>>>>  ] 7395/7824, 103.5 task/s, elapsed: 71s, ETA:     4s[>>>>>>>>>>>>>>>>>>>>>>>>  ] 7396/7824, 103.5 task/s, elapsed: 71s, ETA:     4s[>>>>>>>>>>>>>>>>>>>>>>>>  ] 7397/7824, 103.5 task/s, elapsed: 71s, ETA:     4s[>>>>>>>>>>>>>>>>>>>>>>>>  ] 7398/7824, 103.5 task/s, elapsed: 71s, ETA:     4s[>>>>>>>>>>>>>>>>>>>>>>>>  ] 7399/7824, 103.5 task/s, elapsed: 71s, ETA:     4s[>>>>>>>>>>>>>>>>>>>>>>>>  ] 7400/7824, 103.6 task/s, elapsed: 71s, ETA:     4s[>>>>>>>>>>>>>>>>>>>>>>>>  ] 7401/7824, 103.6 task/s, elapsed: 71s, ETA:     4s[>>>>>>>>>>>>>>>>>>>>>>>>  ] 7402/7824, 103.6 task/s, elapsed: 71s, ETA:     4s[>>>>>>>>>>>>>>>>>>>>>>>>  ] 7403/7824, 103.6 task/s, elapsed: 71s, ETA:     4s[>>>>>>>>>>>>>>>>>>>>>>>>  ] 7404/7824, 103.6 task/s, elapsed: 71s, ETA:     4s[>>>>>>>>>>>>>>>>>>>>>>>>  ] 7405/7824, 103.6 task/s, elapsed: 72s, ETA:     4s[>>>>>>>>>>>>>>>>>>>>>>>>  ] 7406/7824, 103.6 task/s, elapsed: 72s, ETA:     4s[>>>>>>>>>>>>>>>>>>>>>>>>  ] 7407/7824, 103.6 task/s, elapsed: 72s, ETA:     4s[>>>>>>>>>>>>>>>>>>>>>>>>  ] 7408/7824, 103.6 task/s, elapsed: 72s, ETA:     4s[>>>>>>>>>>>>>>>>>>>>>>>>  ] 7409/7824, 103.6 task/s, elapsed: 72s, ETA:     4s[>>>>>>>>>>>>>>>>>>>>>>>>  ] 7410/7824, 103.6 task/s, elapsed: 72s, ETA:     4s[>>>>>>>>>>>>>>>>>>>>>>>>  ] 7411/7824, 103.6 task/s, elapsed: 72s, ETA:     4s[>>>>>>>>>>>>>>>>>>>>>>>>  ] 7412/7824, 103.6 task/s, elapsed: 72s, ETA:     4s[>>>>>>>>>>>>>>>>>>>>>>>>  ] 7413/7824, 103.6 task/s, elapsed: 72s, ETA:     4s[>>>>>>>>>>>>>>>>>>>>>>>>  ] 7414/7824, 103.6 task/s, elapsed: 72s, ETA:     4s[>>>>>>>>>>>>>>>>>>>>>>>>  ] 7415/7824, 103.6 task/s, elapsed: 72s, ETA:     4s[>>>>>>>>>>>>>>>>>>>>>>>>  ] 7416/7824, 103.6 task/s, elapsed: 72s, ETA:     4s[>>>>>>>>>>>>>>>>>>>>>>>>  ] 7417/7824, 103.6 task/s, elapsed: 72s, ETA:     4s[>>>>>>>>>>>>>>>>>>>>>>>>  ] 7418/7824, 103.6 task/s, elapsed: 72s, ETA:     4s[>>>>>>>>>>>>>>>>>>>>>>>>  ] 7419/7824, 103.6 task/s, elapsed: 72s, ETA:     4s[>>>>>>>>>>>>>>>>>>>>>>>>  ] 7420/7824, 103.6 task/s, elapsed: 72s, ETA:     4s[>>>>>>>>>>>>>>>>>>>>>>>>  ] 7421/7824, 103.6 task/s, elapsed: 72s, ETA:     4s[>>>>>>>>>>>>>>>>>>>>>>>>  ] 7422/7824, 103.6 task/s, elapsed: 72s, ETA:     4s[>>>>>>>>>>>>>>>>>>>>>>>>  ] 7423/7824, 103.5 task/s, elapsed: 72s, ETA:     4s[>>>>>>>>>>>>>>>>>>>>>>>>  ] 7424/7824, 103.5 task/s, elapsed: 72s, ETA:     4s[>>>>>>>>>>>>>>>>>>>>>>>>  ] 7425/7824, 103.5 task/s, elapsed: 72s, ETA:     4s[>>>>>>>>>>>>>>>>>>>>>>>>  ] 7426/7824, 103.5 task/s, elapsed: 72s, ETA:     4s[>>>>>>>>>>>>>>>>>>>>>>>>  ] 7427/7824, 103.5 task/s, elapsed: 72s, ETA:     4s[>>>>>>>>>>>>>>>>>>>>>>>>  ] 7428/7824, 103.5 task/s, elapsed: 72s, ETA:     4s[>>>>>>>>>>>>>>>>>>>>>>>>  ] 7429/7824, 103.5 task/s, elapsed: 72s, ETA:     4s[>>>>>>>>>>>>>>>>>>>>>>>>  ] 7430/7824, 103.5 task/s, elapsed: 72s, ETA:     4s[>>>>>>>>>>>>>>>>>>>>>>>>  ] 7431/7824, 103.5 task/s, elapsed: 72s, ETA:     4s[>>>>>>>>>>>>>>>>>>>>>>>>  ] 7432/7824, 103.5 task/s, elapsed: 72s, ETA:     4s[>>>>>>>>>>>>>>>>>>>>>>>>  ] 7433/7824, 103.5 task/s, elapsed: 72s, ETA:     4s[>>>>>>>>>>>>>>>>>>>>>>>>  ] 7434/7824, 103.5 task/s, elapsed: 72s, ETA:     4s[>>>>>>>>>>>>>>>>>>>>>>>>  ] 7435/7824, 103.5 task/s, elapsed: 72s, ETA:     4s[>>>>>>>>>>>>>>>>>>>>>>>>  ] 7436/7824, 103.5 task/s, elapsed: 72s, ETA:     4s[>>>>>>>>>>>>>>>>>>>>>>>>  ] 7437/7824, 103.5 task/s, elapsed: 72s, ETA:     4s[>>>>>>>>>>>>>>>>>>>>>>>>  ] 7438/7824, 103.5 task/s, elapsed: 72s, ETA:     4s[>>>>>>>>>>>>>>>>>>>>>>>>  ] 7439/7824, 103.5 task/s, elapsed: 72s, ETA:     4s[>>>>>>>>>>>>>>>>>>>>>>>>  ] 7440/7824, 103.5 task/s, elapsed: 72s, ETA:     4s[>>>>>>>>>>>>>>>>>>>>>>>>  ] 7441/7824, 103.5 task/s, elapsed: 72s, ETA:     4s[>>>>>>>>>>>>>>>>>>>>>>>>  ] 7442/7824, 103.5 task/s, elapsed: 72s, ETA:     4s[>>>>>>>>>>>>>>>>>>>>>>>>  ] 7443/7824, 103.5 task/s, elapsed: 72s, ETA:     4s[>>>>>>>>>>>>>>>>>>>>>>>>  ] 7444/7824, 103.5 task/s, elapsed: 72s, ETA:     4s[>>>>>>>>>>>>>>>>>>>>>>>>  ] 7445/7824, 103.5 task/s, elapsed: 72s, ETA:     4s[>>>>>>>>>>>>>>>>>>>>>>>>  ] 7446/7824, 103.5 task/s, elapsed: 72s, ETA:     4s[>>>>>>>>>>>>>>>>>>>>>>>>  ] 7447/7824, 103.5 task/s, elapsed: 72s, ETA:     4s[>>>>>>>>>>>>>>>>>>>>>>>>  ] 7448/7824, 103.5 task/s, elapsed: 72s, ETA:     4s[>>>>>>>>>>>>>>>>>>>>>>>>  ] 7449/7824, 103.5 task/s, elapsed: 72s, ETA:     4s[>>>>>>>>>>>>>>>>>>>>>>>>  ] 7450/7824, 103.5 task/s, elapsed: 72s, ETA:     4s[>>>>>>>>>>>>>>>>>>>>>>>>  ] 7451/7824, 103.5 task/s, elapsed: 72s, ETA:     4s[>>>>>>>>>>>>>>>>>>>>>>>>  ] 7452/7824, 103.5 task/s, elapsed: 72s, ETA:     4s[>>>>>>>>>>>>>>>>>>>>>>>>  ] 7453/7824, 103.5 task/s, elapsed: 72s, ETA:     4s[>>>>>>>>>>>>>>>>>>>>>>>>  ] 7454/7824, 103.5 task/s, elapsed: 72s, ETA:     4s[>>>>>>>>>>>>>>>>>>>>>>>>  ] 7455/7824, 103.5 task/s, elapsed: 72s, ETA:     4s[>>>>>>>>>>>>>>>>>>>>>>>>  ] 7456/7824, 103.5 task/s, elapsed: 72s, ETA:     4s[>>>>>>>>>>>>>>>>>>>>>>>>  ] 7457/7824, 103.5 task/s, elapsed: 72s, ETA:     4s[>>>>>>>>>>>>>>>>>>>>>>>>  ] 7458/7824, 103.5 task/s, elapsed: 72s, ETA:     4s[>>>>>>>>>>>>>>>>>>>>>>>>  ] 7459/7824, 103.5 task/s, elapsed: 72s, ETA:     4s[>>>>>>>>>>>>>>>>>>>>>>>>  ] 7460/7824, 103.5 task/s, elapsed: 72s, ETA:     4s[>>>>>>>>>>>>>>>>>>>>>>>>  ] 7461/7824, 103.5 task/s, elapsed: 72s, ETA:     4s[>>>>>>>>>>>>>>>>>>>>>>>>  ] 7462/7824, 103.5 task/s, elapsed: 72s, ETA:     3s[>>>>>>>>>>>>>>>>>>>>>>>>  ] 7463/7824, 103.5 task/s, elapsed: 72s, ETA:     3s[>>>>>>>>>>>>>>>>>>>>>>>>  ] 7464/7824, 103.6 task/s, elapsed: 72s, ETA:     3s[>>>>>>>>>>>>>>>>>>>>>>>>  ] 7465/7824, 103.6 task/s, elapsed: 72s, ETA:     3s[>>>>>>>>>>>>>>>>>>>>>>>>  ] 7466/7824, 103.6 task/s, elapsed: 72s, ETA:     3s[>>>>>>>>>>>>>>>>>>>>>>>>  ] 7467/7824, 103.6 task/s, elapsed: 72s, ETA:     3s[>>>>>>>>>>>>>>>>>>>>>>>>  ] 7468/7824, 103.6 task/s, elapsed: 72s, ETA:     3s[>>>>>>>>>>>>>>>>>>>>>>>>  ] 7469/7824, 103.6 task/s, elapsed: 72s, ETA:     3s[>>>>>>>>>>>>>>>>>>>>>>>>  ] 7470/7824, 103.6 task/s, elapsed: 72s, ETA:     3s[>>>>>>>>>>>>>>>>>>>>>>>>  ] 7471/7824, 103.6 task/s, elapsed: 72s, ETA:     3s[>>>>>>>>>>>>>>>>>>>>>>>>  ] 7472/7824, 103.6 task/s, elapsed: 72s, ETA:     3s[>>>>>>>>>>>>>>>>>>>>>>>>  ] 7473/7824, 103.6 task/s, elapsed: 72s, ETA:     3s[>>>>>>>>>>>>>>>>>>>>>>>>  ] 7474/7824, 103.6 task/s, elapsed: 72s, ETA:     3s[>>>>>>>>>>>>>>>>>>>>>>>>  ] 7475/7824, 103.6 task/s, elapsed: 72s, ETA:     3s[>>>>>>>>>>>>>>>>>>>>>>>>  ] 7476/7824, 103.6 task/s, elapsed: 72s, ETA:     3s[>>>>>>>>>>>>>>>>>>>>>>>>  ] 7477/7824, 103.6 task/s, elapsed: 72s, ETA:     3s[>>>>>>>>>>>>>>>>>>>>>>>>  ] 7478/7824, 103.6 task/s, elapsed: 72s, ETA:     3s[>>>>>>>>>>>>>>>>>>>>>>>>  ] 7479/7824, 103.6 task/s, elapsed: 72s, ETA:     3s[>>>>>>>>>>>>>>>>>>>>>>>>  ] 7480/7824, 103.6 task/s, elapsed: 72s, ETA:     3s[>>>>>>>>>>>>>>>>>>>>>>>>  ] 7481/7824, 103.6 task/s, elapsed: 72s, ETA:     3s[>>>>>>>>>>>>>>>>>>>>>>>>  ] 7482/7824, 103.6 task/s, elapsed: 72s, ETA:     3s[>>>>>>>>>>>>>>>>>>>>>>>>  ] 7483/7824, 103.6 task/s, elapsed: 72s, ETA:     3s[>>>>>>>>>>>>>>>>>>>>>>>>  ] 7484/7824, 103.6 task/s, elapsed: 72s, ETA:     3s[>>>>>>>>>>>>>>>>>>>>>>>>  ] 7485/7824, 103.6 task/s, elapsed: 72s, ETA:     3s[>>>>>>>>>>>>>>>>>>>>>>>>  ] 7486/7824, 103.6 task/s, elapsed: 72s, ETA:     3s[>>>>>>>>>>>>>>>>>>>>>>>>  ] 7487/7824, 103.6 task/s, elapsed: 72s, ETA:     3s[>>>>>>>>>>>>>>>>>>>>>>>>  ] 7488/7824, 103.5 task/s, elapsed: 72s, ETA:     3s[>>>>>>>>>>>>>>>>>>>>>>>>  ] 7489/7824, 103.5 task/s, elapsed: 72s, ETA:     3s[>>>>>>>>>>>>>>>>>>>>>>>>  ] 7490/7824, 103.5 task/s, elapsed: 72s, ETA:     3s[>>>>>>>>>>>>>>>>>>>>>>>>  ] 7491/7824, 103.5 task/s, elapsed: 72s, ETA:     3s[>>>>>>>>>>>>>>>>>>>>>>>>  ] 7492/7824, 103.5 task/s, elapsed: 72s, ETA:     3s[>>>>>>>>>>>>>>>>>>>>>>>>  ] 7493/7824, 103.5 task/s, elapsed: 72s, ETA:     3s[>>>>>>>>>>>>>>>>>>>>>>>>  ] 7494/7824, 103.5 task/s, elapsed: 72s, ETA:     3s[>>>>>>>>>>>>>>>>>>>>>>>>  ] 7495/7824, 103.5 task/s, elapsed: 72s, ETA:     3s[>>>>>>>>>>>>>>>>>>>>>>>>  ] 7496/7824, 103.5 task/s, elapsed: 72s, ETA:     3s[>>>>>>>>>>>>>>>>>>>>>>>>  ] 7497/7824, 103.5 task/s, elapsed: 72s, ETA:     3s[>>>>>>>>>>>>>>>>>>>>>>>>  ] 7498/7824, 103.5 task/s, elapsed: 72s, ETA:     3s[>>>>>>>>>>>>>>>>>>>>>>>>  ] 7499/7824, 103.5 task/s, elapsed: 72s, ETA:     3s[>>>>>>>>>>>>>>>>>>>>>>>>  ] 7500/7824, 103.5 task/s, elapsed: 72s, ETA:     3s[>>>>>>>>>>>>>>>>>>>>>>>>  ] 7501/7824, 103.5 task/s, elapsed: 72s, ETA:     3s[>>>>>>>>>>>>>>>>>>>>>>>>  ] 7502/7824, 103.5 task/s, elapsed: 72s, ETA:     3s[>>>>>>>>>>>>>>>>>>>>>>>>  ] 7503/7824, 103.5 task/s, elapsed: 72s, ETA:     3s[>>>>>>>>>>>>>>>>>>>>>>>>  ] 7504/7824, 103.5 task/s, elapsed: 72s, ETA:     3s[>>>>>>>>>>>>>>>>>>>>>>>>  ] 7505/7824, 103.5 task/s, elapsed: 72s, ETA:     3s[>>>>>>>>>>>>>>>>>>>>>>>>  ] 7506/7824, 103.5 task/s, elapsed: 72s, ETA:     3s[>>>>>>>>>>>>>>>>>>>>>>>>  ] 7507/7824, 103.5 task/s, elapsed: 73s, ETA:     3s[>>>>>>>>>>>>>>>>>>>>>>>>  ] 7508/7824, 103.5 task/s, elapsed: 73s, ETA:     3s[>>>>>>>>>>>>>>>>>>>>>>>>  ] 7509/7824, 103.5 task/s, elapsed: 73s, ETA:     3s[>>>>>>>>>>>>>>>>>>>>>>>>  ] 7510/7824, 103.5 task/s, elapsed: 73s, ETA:     3s[>>>>>>>>>>>>>>>>>>>>>>>>  ] 7511/7824, 103.5 task/s, elapsed: 73s, ETA:     3s[>>>>>>>>>>>>>>>>>>>>>>>>  ] 7512/7824, 103.5 task/s, elapsed: 73s, ETA:     3s[>>>>>>>>>>>>>>>>>>>>>>>>  ] 7513/7824, 103.5 task/s, elapsed: 73s, ETA:     3s[>>>>>>>>>>>>>>>>>>>>>>>>  ] 7514/7824, 103.5 task/s, elapsed: 73s, ETA:     3s[>>>>>>>>>>>>>>>>>>>>>>>>  ] 7515/7824, 103.5 task/s, elapsed: 73s, ETA:     3s[>>>>>>>>>>>>>>>>>>>>>>>>  ] 7516/7824, 103.5 task/s, elapsed: 73s, ETA:     3s[>>>>>>>>>>>>>>>>>>>>>>>>  ] 7517/7824, 103.5 task/s, elapsed: 73s, ETA:     3s[>>>>>>>>>>>>>>>>>>>>>>>>  ] 7518/7824, 103.5 task/s, elapsed: 73s, ETA:     3s[>>>>>>>>>>>>>>>>>>>>>>>>  ] 7519/7824, 103.5 task/s, elapsed: 73s, ETA:     3s[>>>>>>>>>>>>>>>>>>>>>>>>  ] 7520/7824, 103.5 task/s, elapsed: 73s, ETA:     3s[>>>>>>>>>>>>>>>>>>>>>>>>  ] 7521/7824, 103.5 task/s, elapsed: 73s, ETA:     3s[>>>>>>>>>>>>>>>>>>>>>>>>  ] 7522/7824, 103.5 task/s, elapsed: 73s, ETA:     3s[>>>>>>>>>>>>>>>>>>>>>>>>  ] 7523/7824, 103.5 task/s, elapsed: 73s, ETA:     3s[>>>>>>>>>>>>>>>>>>>>>>>>> ] 7524/7824, 103.5 task/s, elapsed: 73s, ETA:     3s[>>>>>>>>>>>>>>>>>>>>>>>>> ] 7525/7824, 103.5 task/s, elapsed: 73s, ETA:     3s[>>>>>>>>>>>>>>>>>>>>>>>>> ] 7526/7824, 103.6 task/s, elapsed: 73s, ETA:     3s[>>>>>>>>>>>>>>>>>>>>>>>>> ] 7527/7824, 103.6 task/s, elapsed: 73s, ETA:     3s[>>>>>>>>>>>>>>>>>>>>>>>>> ] 7528/7824, 103.6 task/s, elapsed: 73s, ETA:     3s[>>>>>>>>>>>>>>>>>>>>>>>>> ] 7529/7824, 103.6 task/s, elapsed: 73s, ETA:     3s[>>>>>>>>>>>>>>>>>>>>>>>>> ] 7530/7824, 103.6 task/s, elapsed: 73s, ETA:     3s[>>>>>>>>>>>>>>>>>>>>>>>>> ] 7531/7824, 103.6 task/s, elapsed: 73s, ETA:     3s[>>>>>>>>>>>>>>>>>>>>>>>>> ] 7532/7824, 103.6 task/s, elapsed: 73s, ETA:     3s[>>>>>>>>>>>>>>>>>>>>>>>>> ] 7533/7824, 103.6 task/s, elapsed: 73s, ETA:     3s[>>>>>>>>>>>>>>>>>>>>>>>>> ] 7534/7824, 103.6 task/s, elapsed: 73s, ETA:     3s[>>>>>>>>>>>>>>>>>>>>>>>>> ] 7535/7824, 103.6 task/s, elapsed: 73s, ETA:     3s[>>>>>>>>>>>>>>>>>>>>>>>>> ] 7536/7824, 103.6 task/s, elapsed: 73s, ETA:     3s[>>>>>>>>>>>>>>>>>>>>>>>>> ] 7537/7824, 103.6 task/s, elapsed: 73s, ETA:     3s[>>>>>>>>>>>>>>>>>>>>>>>>> ] 7538/7824, 103.6 task/s, elapsed: 73s, ETA:     3s[>>>>>>>>>>>>>>>>>>>>>>>>> ] 7539/7824, 103.6 task/s, elapsed: 73s, ETA:     3s[>>>>>>>>>>>>>>>>>>>>>>>>> ] 7540/7824, 103.6 task/s, elapsed: 73s, ETA:     3s[>>>>>>>>>>>>>>>>>>>>>>>>> ] 7541/7824, 103.6 task/s, elapsed: 73s, ETA:     3s[>>>>>>>>>>>>>>>>>>>>>>>>> ] 7542/7824, 103.6 task/s, elapsed: 73s, ETA:     3s[>>>>>>>>>>>>>>>>>>>>>>>>> ] 7543/7824, 103.6 task/s, elapsed: 73s, ETA:     3s[>>>>>>>>>>>>>>>>>>>>>>>>> ] 7544/7824, 103.6 task/s, elapsed: 73s, ETA:     3s[>>>>>>>>>>>>>>>>>>>>>>>>> ] 7545/7824, 103.6 task/s, elapsed: 73s, ETA:     3s[>>>>>>>>>>>>>>>>>>>>>>>>> ] 7546/7824, 103.6 task/s, elapsed: 73s, ETA:     3s[>>>>>>>>>>>>>>>>>>>>>>>>> ] 7547/7824, 103.6 task/s, elapsed: 73s, ETA:     3s[>>>>>>>>>>>>>>>>>>>>>>>>> ] 7548/7824, 103.6 task/s, elapsed: 73s, ETA:     3s[>>>>>>>>>>>>>>>>>>>>>>>>> ] 7549/7824, 103.6 task/s, elapsed: 73s, ETA:     3s[>>>>>>>>>>>>>>>>>>>>>>>>> ] 7550/7824, 103.6 task/s, elapsed: 73s, ETA:     3s[>>>>>>>>>>>>>>>>>>>>>>>>> ] 7551/7824, 103.6 task/s, elapsed: 73s, ETA:     3s[>>>>>>>>>>>>>>>>>>>>>>>>> ] 7552/7824, 103.6 task/s, elapsed: 73s, ETA:     3s[>>>>>>>>>>>>>>>>>>>>>>>>> ] 7553/7824, 103.6 task/s, elapsed: 73s, ETA:     3s[>>>>>>>>>>>>>>>>>>>>>>>>> ] 7554/7824, 103.6 task/s, elapsed: 73s, ETA:     3s[>>>>>>>>>>>>>>>>>>>>>>>>> ] 7555/7824, 103.6 task/s, elapsed: 73s, ETA:     3s[>>>>>>>>>>>>>>>>>>>>>>>>> ] 7556/7824, 103.6 task/s, elapsed: 73s, ETA:     3s[>>>>>>>>>>>>>>>>>>>>>>>>> ] 7557/7824, 103.6 task/s, elapsed: 73s, ETA:     3s[>>>>>>>>>>>>>>>>>>>>>>>>> ] 7558/7824, 103.6 task/s, elapsed: 73s, ETA:     3s[>>>>>>>>>>>>>>>>>>>>>>>>> ] 7559/7824, 103.6 task/s, elapsed: 73s, ETA:     3s[>>>>>>>>>>>>>>>>>>>>>>>>> ] 7560/7824, 103.6 task/s, elapsed: 73s, ETA:     3s[>>>>>>>>>>>>>>>>>>>>>>>>> ] 7561/7824, 103.6 task/s, elapsed: 73s, ETA:     3s[>>>>>>>>>>>>>>>>>>>>>>>>> ] 7562/7824, 103.6 task/s, elapsed: 73s, ETA:     3s[>>>>>>>>>>>>>>>>>>>>>>>>> ] 7563/7824, 103.6 task/s, elapsed: 73s, ETA:     3s[>>>>>>>>>>>>>>>>>>>>>>>>> ] 7564/7824, 103.6 task/s, elapsed: 73s, ETA:     3s[>>>>>>>>>>>>>>>>>>>>>>>>> ] 7565/7824, 103.6 task/s, elapsed: 73s, ETA:     3s[>>>>>>>>>>>>>>>>>>>>>>>>> ] 7566/7824, 103.6 task/s, elapsed: 73s, ETA:     2s[>>>>>>>>>>>>>>>>>>>>>>>>> ] 7567/7824, 103.6 task/s, elapsed: 73s, ETA:     2s[>>>>>>>>>>>>>>>>>>>>>>>>> ] 7568/7824, 103.6 task/s, elapsed: 73s, ETA:     2s[>>>>>>>>>>>>>>>>>>>>>>>>> ] 7569/7824, 103.6 task/s, elapsed: 73s, ETA:     2s[>>>>>>>>>>>>>>>>>>>>>>>>> ] 7570/7824, 103.6 task/s, elapsed: 73s, ETA:     2s[>>>>>>>>>>>>>>>>>>>>>>>>> ] 7571/7824, 103.6 task/s, elapsed: 73s, ETA:     2s[>>>>>>>>>>>>>>>>>>>>>>>>> ] 7572/7824, 103.6 task/s, elapsed: 73s, ETA:     2s[>>>>>>>>>>>>>>>>>>>>>>>>> ] 7573/7824, 103.6 task/s, elapsed: 73s, ETA:     2s[>>>>>>>>>>>>>>>>>>>>>>>>> ] 7574/7824, 103.6 task/s, elapsed: 73s, ETA:     2s[>>>>>>>>>>>>>>>>>>>>>>>>> ] 7575/7824, 103.6 task/s, elapsed: 73s, ETA:     2s[>>>>>>>>>>>>>>>>>>>>>>>>> ] 7576/7824, 103.6 task/s, elapsed: 73s, ETA:     2s[>>>>>>>>>>>>>>>>>>>>>>>>> ] 7577/7824, 103.6 task/s, elapsed: 73s, ETA:     2s[>>>>>>>>>>>>>>>>>>>>>>>>> ] 7578/7824, 103.6 task/s, elapsed: 73s, ETA:     2s[>>>>>>>>>>>>>>>>>>>>>>>>> ] 7579/7824, 103.6 task/s, elapsed: 73s, ETA:     2s[>>>>>>>>>>>>>>>>>>>>>>>>> ] 7580/7824, 103.6 task/s, elapsed: 73s, ETA:     2s[>>>>>>>>>>>>>>>>>>>>>>>>> ] 7581/7824, 103.6 task/s, elapsed: 73s, ETA:     2s[>>>>>>>>>>>>>>>>>>>>>>>>> ] 7582/7824, 103.6 task/s, elapsed: 73s, ETA:     2s[>>>>>>>>>>>>>>>>>>>>>>>>> ] 7583/7824, 103.6 task/s, elapsed: 73s, ETA:     2s[>>>>>>>>>>>>>>>>>>>>>>>>> ] 7584/7824, 103.6 task/s, elapsed: 73s, ETA:     2s[>>>>>>>>>>>>>>>>>>>>>>>>> ] 7585/7824, 103.6 task/s, elapsed: 73s, ETA:     2s[>>>>>>>>>>>>>>>>>>>>>>>>> ] 7586/7824, 103.6 task/s, elapsed: 73s, ETA:     2s[>>>>>>>>>>>>>>>>>>>>>>>>> ] 7587/7824, 103.6 task/s, elapsed: 73s, ETA:     2s[>>>>>>>>>>>>>>>>>>>>>>>>> ] 7588/7824, 103.6 task/s, elapsed: 73s, ETA:     2s[>>>>>>>>>>>>>>>>>>>>>>>>> ] 7589/7824, 103.6 task/s, elapsed: 73s, ETA:     2s[>>>>>>>>>>>>>>>>>>>>>>>>> ] 7590/7824, 103.6 task/s, elapsed: 73s, ETA:     2s[>>>>>>>>>>>>>>>>>>>>>>>>> ] 7591/7824, 103.6 task/s, elapsed: 73s, ETA:     2s[>>>>>>>>>>>>>>>>>>>>>>>>> ] 7592/7824, 103.6 task/s, elapsed: 73s, ETA:     2s[>>>>>>>>>>>>>>>>>>>>>>>>> ] 7593/7824, 103.6 task/s, elapsed: 73s, ETA:     2s[>>>>>>>>>>>>>>>>>>>>>>>>> ] 7594/7824, 103.6 task/s, elapsed: 73s, ETA:     2s[>>>>>>>>>>>>>>>>>>>>>>>>> ] 7595/7824, 103.6 task/s, elapsed: 73s, ETA:     2s[>>>>>>>>>>>>>>>>>>>>>>>>> ] 7596/7824, 103.6 task/s, elapsed: 73s, ETA:     2s[>>>>>>>>>>>>>>>>>>>>>>>>> ] 7597/7824, 103.6 task/s, elapsed: 73s, ETA:     2s[>>>>>>>>>>>>>>>>>>>>>>>>> ] 7598/7824, 103.6 task/s, elapsed: 73s, ETA:     2s[>>>>>>>>>>>>>>>>>>>>>>>>> ] 7599/7824, 103.6 task/s, elapsed: 73s, ETA:     2s[>>>>>>>>>>>>>>>>>>>>>>>>> ] 7600/7824, 103.6 task/s, elapsed: 73s, ETA:     2s[>>>>>>>>>>>>>>>>>>>>>>>>> ] 7601/7824, 103.6 task/s, elapsed: 73s, ETA:     2s[>>>>>>>>>>>>>>>>>>>>>>>>> ] 7602/7824, 103.6 task/s, elapsed: 73s, ETA:     2s[>>>>>>>>>>>>>>>>>>>>>>>>> ] 7603/7824, 103.6 task/s, elapsed: 73s, ETA:     2s[>>>>>>>>>>>>>>>>>>>>>>>>> ] 7604/7824, 103.6 task/s, elapsed: 73s, ETA:     2s[>>>>>>>>>>>>>>>>>>>>>>>>> ] 7605/7824, 103.6 task/s, elapsed: 73s, ETA:     2s[>>>>>>>>>>>>>>>>>>>>>>>>> ] 7606/7824, 103.6 task/s, elapsed: 73s, ETA:     2s[>>>>>>>>>>>>>>>>>>>>>>>>> ] 7607/7824, 103.6 task/s, elapsed: 73s, ETA:     2s[>>>>>>>>>>>>>>>>>>>>>>>>> ] 7608/7824, 103.6 task/s, elapsed: 73s, ETA:     2s[>>>>>>>>>>>>>>>>>>>>>>>>> ] 7609/7824, 103.6 task/s, elapsed: 73s, ETA:     2s[>>>>>>>>>>>>>>>>>>>>>>>>> ] 7610/7824, 103.6 task/s, elapsed: 73s, ETA:     2s[>>>>>>>>>>>>>>>>>>>>>>>>> ] 7611/7824, 103.6 task/s, elapsed: 73s, ETA:     2s[>>>>>>>>>>>>>>>>>>>>>>>>> ] 7612/7824, 103.6 task/s, elapsed: 74s, ETA:     2s[>>>>>>>>>>>>>>>>>>>>>>>>> ] 7613/7824, 103.6 task/s, elapsed: 74s, ETA:     2s[>>>>>>>>>>>>>>>>>>>>>>>>> ] 7614/7824, 103.6 task/s, elapsed: 74s, ETA:     2s[>>>>>>>>>>>>>>>>>>>>>>>>> ] 7615/7824, 103.6 task/s, elapsed: 74s, ETA:     2s[>>>>>>>>>>>>>>>>>>>>>>>>> ] 7616/7824, 103.6 task/s, elapsed: 74s, ETA:     2s[>>>>>>>>>>>>>>>>>>>>>>>>> ] 7617/7824, 103.6 task/s, elapsed: 74s, ETA:     2s[>>>>>>>>>>>>>>>>>>>>>>>>> ] 7618/7824, 103.6 task/s, elapsed: 74s, ETA:     2s[>>>>>>>>>>>>>>>>>>>>>>>>> ] 7619/7824, 103.6 task/s, elapsed: 74s, ETA:     2s[>>>>>>>>>>>>>>>>>>>>>>>>> ] 7620/7824, 103.6 task/s, elapsed: 74s, ETA:     2s[>>>>>>>>>>>>>>>>>>>>>>>>> ] 7621/7824, 103.6 task/s, elapsed: 74s, ETA:     2s[>>>>>>>>>>>>>>>>>>>>>>>>> ] 7622/7824, 103.6 task/s, elapsed: 74s, ETA:     2s[>>>>>>>>>>>>>>>>>>>>>>>>> ] 7623/7824, 103.6 task/s, elapsed: 74s, ETA:     2s[>>>>>>>>>>>>>>>>>>>>>>>>> ] 7624/7824, 103.6 task/s, elapsed: 74s, ETA:     2s[>>>>>>>>>>>>>>>>>>>>>>>>> ] 7625/7824, 103.6 task/s, elapsed: 74s, ETA:     2s[>>>>>>>>>>>>>>>>>>>>>>>>> ] 7626/7824, 103.5 task/s, elapsed: 74s, ETA:     2s[>>>>>>>>>>>>>>>>>>>>>>>>> ] 7627/7824, 103.5 task/s, elapsed: 74s, ETA:     2s[>>>>>>>>>>>>>>>>>>>>>>>>> ] 7628/7824, 103.5 task/s, elapsed: 74s, ETA:     2s[>>>>>>>>>>>>>>>>>>>>>>>>> ] 7629/7824, 103.5 task/s, elapsed: 74s, ETA:     2s[>>>>>>>>>>>>>>>>>>>>>>>>> ] 7630/7824, 103.5 task/s, elapsed: 74s, ETA:     2s[>>>>>>>>>>>>>>>>>>>>>>>>> ] 7631/7824, 103.5 task/s, elapsed: 74s, ETA:     2s[>>>>>>>>>>>>>>>>>>>>>>>>> ] 7632/7824, 103.5 task/s, elapsed: 74s, ETA:     2s[>>>>>>>>>>>>>>>>>>>>>>>>> ] 7633/7824, 103.5 task/s, elapsed: 74s, ETA:     2s[>>>>>>>>>>>>>>>>>>>>>>>>> ] 7634/7824, 103.5 task/s, elapsed: 74s, ETA:     2s[>>>>>>>>>>>>>>>>>>>>>>>>> ] 7635/7824, 103.5 task/s, elapsed: 74s, ETA:     2s[>>>>>>>>>>>>>>>>>>>>>>>>> ] 7636/7824, 103.5 task/s, elapsed: 74s, ETA:     2s[>>>>>>>>>>>>>>>>>>>>>>>>> ] 7637/7824, 103.5 task/s, elapsed: 74s, ETA:     2s[>>>>>>>>>>>>>>>>>>>>>>>>> ] 7638/7824, 103.5 task/s, elapsed: 74s, ETA:     2s[>>>>>>>>>>>>>>>>>>>>>>>>> ] 7639/7824, 103.5 task/s, elapsed: 74s, ETA:     2s[>>>>>>>>>>>>>>>>>>>>>>>>> ] 7640/7824, 103.6 task/s, elapsed: 74s, ETA:     2s[>>>>>>>>>>>>>>>>>>>>>>>>> ] 7641/7824, 103.5 task/s, elapsed: 74s, ETA:     2s[>>>>>>>>>>>>>>>>>>>>>>>>> ] 7642/7824, 103.5 task/s, elapsed: 74s, ETA:     2s[>>>>>>>>>>>>>>>>>>>>>>>>> ] 7643/7824, 103.6 task/s, elapsed: 74s, ETA:     2s[>>>>>>>>>>>>>>>>>>>>>>>>> ] 7644/7824, 103.6 task/s, elapsed: 74s, ETA:     2s[>>>>>>>>>>>>>>>>>>>>>>>>> ] 7645/7824, 103.6 task/s, elapsed: 74s, ETA:     2s[>>>>>>>>>>>>>>>>>>>>>>>>> ] 7646/7824, 103.6 task/s, elapsed: 74s, ETA:     2s[>>>>>>>>>>>>>>>>>>>>>>>>> ] 7647/7824, 103.6 task/s, elapsed: 74s, ETA:     2s[>>>>>>>>>>>>>>>>>>>>>>>>> ] 7648/7824, 103.6 task/s, elapsed: 74s, ETA:     2s[>>>>>>>>>>>>>>>>>>>>>>>>> ] 7649/7824, 103.6 task/s, elapsed: 74s, ETA:     2s[>>>>>>>>>>>>>>>>>>>>>>>>> ] 7650/7824, 103.6 task/s, elapsed: 74s, ETA:     2s[>>>>>>>>>>>>>>>>>>>>>>>>> ] 7651/7824, 103.6 task/s, elapsed: 74s, ETA:     2s[>>>>>>>>>>>>>>>>>>>>>>>>> ] 7652/7824, 103.6 task/s, elapsed: 74s, ETA:     2s[>>>>>>>>>>>>>>>>>>>>>>>>> ] 7653/7824, 103.6 task/s, elapsed: 74s, ETA:     2s[>>>>>>>>>>>>>>>>>>>>>>>>> ] 7654/7824, 103.6 task/s, elapsed: 74s, ETA:     2s[>>>>>>>>>>>>>>>>>>>>>>>>> ] 7655/7824, 103.6 task/s, elapsed: 74s, ETA:     2s[>>>>>>>>>>>>>>>>>>>>>>>>> ] 7656/7824, 103.6 task/s, elapsed: 74s, ETA:     2s[>>>>>>>>>>>>>>>>>>>>>>>>> ] 7657/7824, 103.6 task/s, elapsed: 74s, ETA:     2s[>>>>>>>>>>>>>>>>>>>>>>>>> ] 7658/7824, 103.6 task/s, elapsed: 74s, ETA:     2s[>>>>>>>>>>>>>>>>>>>>>>>>> ] 7659/7824, 103.6 task/s, elapsed: 74s, ETA:     2s[>>>>>>>>>>>>>>>>>>>>>>>>> ] 7660/7824, 103.6 task/s, elapsed: 74s, ETA:     2s[>>>>>>>>>>>>>>>>>>>>>>>>> ] 7661/7824, 103.6 task/s, elapsed: 74s, ETA:     2s[>>>>>>>>>>>>>>>>>>>>>>>>> ] 7662/7824, 103.6 task/s, elapsed: 74s, ETA:     2s[>>>>>>>>>>>>>>>>>>>>>>>>> ] 7663/7824, 103.6 task/s, elapsed: 74s, ETA:     2s[>>>>>>>>>>>>>>>>>>>>>>>>> ] 7664/7824, 103.6 task/s, elapsed: 74s, ETA:     2s[>>>>>>>>>>>>>>>>>>>>>>>>> ] 7665/7824, 103.6 task/s, elapsed: 74s, ETA:     2s[>>>>>>>>>>>>>>>>>>>>>>>>> ] 7666/7824, 103.6 task/s, elapsed: 74s, ETA:     2s[>>>>>>>>>>>>>>>>>>>>>>>>> ] 7667/7824, 103.6 task/s, elapsed: 74s, ETA:     2s[>>>>>>>>>>>>>>>>>>>>>>>>> ] 7668/7824, 103.6 task/s, elapsed: 74s, ETA:     2s[>>>>>>>>>>>>>>>>>>>>>>>>> ] 7669/7824, 103.6 task/s, elapsed: 74s, ETA:     1s[>>>>>>>>>>>>>>>>>>>>>>>>> ] 7670/7824, 103.6 task/s, elapsed: 74s, ETA:     1s[>>>>>>>>>>>>>>>>>>>>>>>>> ] 7671/7824, 103.6 task/s, elapsed: 74s, ETA:     1s[>>>>>>>>>>>>>>>>>>>>>>>>> ] 7672/7824, 103.6 task/s, elapsed: 74s, ETA:     1s[>>>>>>>>>>>>>>>>>>>>>>>>> ] 7673/7824, 103.6 task/s, elapsed: 74s, ETA:     1s[>>>>>>>>>>>>>>>>>>>>>>>>> ] 7674/7824, 103.6 task/s, elapsed: 74s, ETA:     1s[>>>>>>>>>>>>>>>>>>>>>>>>> ] 7675/7824, 103.6 task/s, elapsed: 74s, ETA:     1s[>>>>>>>>>>>>>>>>>>>>>>>>> ] 7676/7824, 103.6 task/s, elapsed: 74s, ETA:     1s[>>>>>>>>>>>>>>>>>>>>>>>>> ] 7677/7824, 103.6 task/s, elapsed: 74s, ETA:     1s[>>>>>>>>>>>>>>>>>>>>>>>>> ] 7678/7824, 103.6 task/s, elapsed: 74s, ETA:     1s[>>>>>>>>>>>>>>>>>>>>>>>>> ] 7679/7824, 103.6 task/s, elapsed: 74s, ETA:     1s[>>>>>>>>>>>>>>>>>>>>>>>>> ] 7680/7824, 103.6 task/s, elapsed: 74s, ETA:     1s[>>>>>>>>>>>>>>>>>>>>>>>>> ] 7681/7824, 103.6 task/s, elapsed: 74s, ETA:     1s[>>>>>>>>>>>>>>>>>>>>>>>>> ] 7682/7824, 103.6 task/s, elapsed: 74s, ETA:     1s[>>>>>>>>>>>>>>>>>>>>>>>>> ] 7683/7824, 103.6 task/s, elapsed: 74s, ETA:     1s[>>>>>>>>>>>>>>>>>>>>>>>>> ] 7684/7824, 103.6 task/s, elapsed: 74s, ETA:     1s[>>>>>>>>>>>>>>>>>>>>>>>>> ] 7685/7824, 103.6 task/s, elapsed: 74s, ETA:     1s[>>>>>>>>>>>>>>>>>>>>>>>>> ] 7686/7824, 103.6 task/s, elapsed: 74s, ETA:     1s[>>>>>>>>>>>>>>>>>>>>>>>>> ] 7687/7824, 103.6 task/s, elapsed: 74s, ETA:     1s[>>>>>>>>>>>>>>>>>>>>>>>>> ] 7688/7824, 103.6 task/s, elapsed: 74s, ETA:     1s[>>>>>>>>>>>>>>>>>>>>>>>>> ] 7689/7824, 103.6 task/s, elapsed: 74s, ETA:     1s[>>>>>>>>>>>>>>>>>>>>>>>>> ] 7690/7824, 103.6 task/s, elapsed: 74s, ETA:     1s[>>>>>>>>>>>>>>>>>>>>>>>>> ] 7691/7824, 103.6 task/s, elapsed: 74s, ETA:     1s[>>>>>>>>>>>>>>>>>>>>>>>>> ] 7692/7824, 103.6 task/s, elapsed: 74s, ETA:     1s[>>>>>>>>>>>>>>>>>>>>>>>>> ] 7693/7824, 103.6 task/s, elapsed: 74s, ETA:     1s[>>>>>>>>>>>>>>>>>>>>>>>>> ] 7694/7824, 103.6 task/s, elapsed: 74s, ETA:     1s[>>>>>>>>>>>>>>>>>>>>>>>>> ] 7695/7824, 103.6 task/s, elapsed: 74s, ETA:     1s[>>>>>>>>>>>>>>>>>>>>>>>>> ] 7696/7824, 103.6 task/s, elapsed: 74s, ETA:     1s[>>>>>>>>>>>>>>>>>>>>>>>>> ] 7697/7824, 103.6 task/s, elapsed: 74s, ETA:     1s[>>>>>>>>>>>>>>>>>>>>>>>>> ] 7698/7824, 103.6 task/s, elapsed: 74s, ETA:     1s[>>>>>>>>>>>>>>>>>>>>>>>>> ] 7699/7824, 103.6 task/s, elapsed: 74s, ETA:     1s[>>>>>>>>>>>>>>>>>>>>>>>>> ] 7700/7824, 103.6 task/s, elapsed: 74s, ETA:     1s[>>>>>>>>>>>>>>>>>>>>>>>>> ] 7701/7824, 103.6 task/s, elapsed: 74s, ETA:     1s[>>>>>>>>>>>>>>>>>>>>>>>>> ] 7702/7824, 103.6 task/s, elapsed: 74s, ETA:     1s[>>>>>>>>>>>>>>>>>>>>>>>>> ] 7703/7824, 103.6 task/s, elapsed: 74s, ETA:     1s[>>>>>>>>>>>>>>>>>>>>>>>>> ] 7704/7824, 103.6 task/s, elapsed: 74s, ETA:     1s[>>>>>>>>>>>>>>>>>>>>>>>>> ] 7705/7824, 103.6 task/s, elapsed: 74s, ETA:     1s[>>>>>>>>>>>>>>>>>>>>>>>>> ] 7706/7824, 103.6 task/s, elapsed: 74s, ETA:     1s[>>>>>>>>>>>>>>>>>>>>>>>>> ] 7707/7824, 103.6 task/s, elapsed: 74s, ETA:     1s[>>>>>>>>>>>>>>>>>>>>>>>>> ] 7708/7824, 103.6 task/s, elapsed: 74s, ETA:     1s[>>>>>>>>>>>>>>>>>>>>>>>>> ] 7709/7824, 103.6 task/s, elapsed: 74s, ETA:     1s[>>>>>>>>>>>>>>>>>>>>>>>>> ] 7710/7824, 103.6 task/s, elapsed: 74s, ETA:     1s[>>>>>>>>>>>>>>>>>>>>>>>>> ] 7711/7824, 103.6 task/s, elapsed: 74s, ETA:     1s[>>>>>>>>>>>>>>>>>>>>>>>>> ] 7712/7824, 103.6 task/s, elapsed: 74s, ETA:     1s[>>>>>>>>>>>>>>>>>>>>>>>>> ] 7713/7824, 103.6 task/s, elapsed: 74s, ETA:     1s[>>>>>>>>>>>>>>>>>>>>>>>>> ] 7714/7824, 103.6 task/s, elapsed: 74s, ETA:     1s[>>>>>>>>>>>>>>>>>>>>>>>>> ] 7715/7824, 103.6 task/s, elapsed: 74s, ETA:     1s[>>>>>>>>>>>>>>>>>>>>>>>>> ] 7716/7824, 103.6 task/s, elapsed: 75s, ETA:     1s[>>>>>>>>>>>>>>>>>>>>>>>>> ] 7717/7824, 103.6 task/s, elapsed: 75s, ETA:     1s[>>>>>>>>>>>>>>>>>>>>>>>>> ] 7718/7824, 103.6 task/s, elapsed: 75s, ETA:     1s[>>>>>>>>>>>>>>>>>>>>>>>>> ] 7719/7824, 103.6 task/s, elapsed: 75s, ETA:     1s[>>>>>>>>>>>>>>>>>>>>>>>>> ] 7720/7824, 103.6 task/s, elapsed: 75s, ETA:     1s[>>>>>>>>>>>>>>>>>>>>>>>>> ] 7721/7824, 103.6 task/s, elapsed: 75s, ETA:     1s[>>>>>>>>>>>>>>>>>>>>>>>>> ] 7722/7824, 103.6 task/s, elapsed: 75s, ETA:     1s[>>>>>>>>>>>>>>>>>>>>>>>>> ] 7723/7824, 103.6 task/s, elapsed: 75s, ETA:     1s[>>>>>>>>>>>>>>>>>>>>>>>>> ] 7724/7824, 103.6 task/s, elapsed: 75s, ETA:     1s[>>>>>>>>>>>>>>>>>>>>>>>>> ] 7725/7824, 103.6 task/s, elapsed: 75s, ETA:     1s[>>>>>>>>>>>>>>>>>>>>>>>>> ] 7726/7824, 103.6 task/s, elapsed: 75s, ETA:     1s[>>>>>>>>>>>>>>>>>>>>>>>>> ] 7727/7824, 103.6 task/s, elapsed: 75s, ETA:     1s[>>>>>>>>>>>>>>>>>>>>>>>>> ] 7728/7824, 103.6 task/s, elapsed: 75s, ETA:     1s[>>>>>>>>>>>>>>>>>>>>>>>>> ] 7729/7824, 103.6 task/s, elapsed: 75s, ETA:     1s[>>>>>>>>>>>>>>>>>>>>>>>>> ] 7730/7824, 103.6 task/s, elapsed: 75s, ETA:     1s[>>>>>>>>>>>>>>>>>>>>>>>>> ] 7731/7824, 103.6 task/s, elapsed: 75s, ETA:     1s[>>>>>>>>>>>>>>>>>>>>>>>>> ] 7732/7824, 103.6 task/s, elapsed: 75s, ETA:     1s[>>>>>>>>>>>>>>>>>>>>>>>>> ] 7733/7824, 103.6 task/s, elapsed: 75s, ETA:     1s[>>>>>>>>>>>>>>>>>>>>>>>>> ] 7734/7824, 103.6 task/s, elapsed: 75s, ETA:     1s[>>>>>>>>>>>>>>>>>>>>>>>>> ] 7735/7824, 103.6 task/s, elapsed: 75s, ETA:     1s[>>>>>>>>>>>>>>>>>>>>>>>>> ] 7736/7824, 103.6 task/s, elapsed: 75s, ETA:     1s[>>>>>>>>>>>>>>>>>>>>>>>>> ] 7737/7824, 103.6 task/s, elapsed: 75s, ETA:     1s[>>>>>>>>>>>>>>>>>>>>>>>>> ] 7738/7824, 103.6 task/s, elapsed: 75s, ETA:     1s[>>>>>>>>>>>>>>>>>>>>>>>>> ] 7739/7824, 103.6 task/s, elapsed: 75s, ETA:     1s[>>>>>>>>>>>>>>>>>>>>>>>>> ] 7740/7824, 103.6 task/s, elapsed: 75s, ETA:     1s[>>>>>>>>>>>>>>>>>>>>>>>>> ] 7741/7824, 103.6 task/s, elapsed: 75s, ETA:     1s[>>>>>>>>>>>>>>>>>>>>>>>>> ] 7742/7824, 103.6 task/s, elapsed: 75s, ETA:     1s[>>>>>>>>>>>>>>>>>>>>>>>>> ] 7743/7824, 103.6 task/s, elapsed: 75s, ETA:     1s[>>>>>>>>>>>>>>>>>>>>>>>>> ] 7744/7824, 103.6 task/s, elapsed: 75s, ETA:     1s[>>>>>>>>>>>>>>>>>>>>>>>>> ] 7745/7824, 103.6 task/s, elapsed: 75s, ETA:     1s[>>>>>>>>>>>>>>>>>>>>>>>>> ] 7746/7824, 103.6 task/s, elapsed: 75s, ETA:     1s[>>>>>>>>>>>>>>>>>>>>>>>>> ] 7747/7824, 103.6 task/s, elapsed: 75s, ETA:     1s[>>>>>>>>>>>>>>>>>>>>>>>>> ] 7748/7824, 103.6 task/s, elapsed: 75s, ETA:     1s[>>>>>>>>>>>>>>>>>>>>>>>>> ] 7749/7824, 103.6 task/s, elapsed: 75s, ETA:     1s[>>>>>>>>>>>>>>>>>>>>>>>>> ] 7750/7824, 103.6 task/s, elapsed: 75s, ETA:     1s[>>>>>>>>>>>>>>>>>>>>>>>>> ] 7751/7824, 103.6 task/s, elapsed: 75s, ETA:     1s[>>>>>>>>>>>>>>>>>>>>>>>>> ] 7752/7824, 103.6 task/s, elapsed: 75s, ETA:     1s[>>>>>>>>>>>>>>>>>>>>>>>>> ] 7753/7824, 103.6 task/s, elapsed: 75s, ETA:     1s[>>>>>>>>>>>>>>>>>>>>>>>>> ] 7754/7824, 103.6 task/s, elapsed: 75s, ETA:     1s[>>>>>>>>>>>>>>>>>>>>>>>>> ] 7755/7824, 103.6 task/s, elapsed: 75s, ETA:     1s[>>>>>>>>>>>>>>>>>>>>>>>>> ] 7756/7824, 103.6 task/s, elapsed: 75s, ETA:     1s[>>>>>>>>>>>>>>>>>>>>>>>>> ] 7757/7824, 103.6 task/s, elapsed: 75s, ETA:     1s[>>>>>>>>>>>>>>>>>>>>>>>>> ] 7758/7824, 103.6 task/s, elapsed: 75s, ETA:     1s[>>>>>>>>>>>>>>>>>>>>>>>>> ] 7759/7824, 103.6 task/s, elapsed: 75s, ETA:     1s[>>>>>>>>>>>>>>>>>>>>>>>>> ] 7760/7824, 103.6 task/s, elapsed: 75s, ETA:     1s[>>>>>>>>>>>>>>>>>>>>>>>>> ] 7761/7824, 103.6 task/s, elapsed: 75s, ETA:     1s[>>>>>>>>>>>>>>>>>>>>>>>>> ] 7762/7824, 103.6 task/s, elapsed: 75s, ETA:     1s[>>>>>>>>>>>>>>>>>>>>>>>>> ] 7763/7824, 103.6 task/s, elapsed: 75s, ETA:     1s[>>>>>>>>>>>>>>>>>>>>>>>>> ] 7764/7824, 103.6 task/s, elapsed: 75s, ETA:     1s[>>>>>>>>>>>>>>>>>>>>>>>>> ] 7765/7824, 103.6 task/s, elapsed: 75s, ETA:     1s[>>>>>>>>>>>>>>>>>>>>>>>>> ] 7766/7824, 103.6 task/s, elapsed: 75s, ETA:     1s[>>>>>>>>>>>>>>>>>>>>>>>>> ] 7767/7824, 103.6 task/s, elapsed: 75s, ETA:     1s[>>>>>>>>>>>>>>>>>>>>>>>>> ] 7768/7824, 103.6 task/s, elapsed: 75s, ETA:     1s[>>>>>>>>>>>>>>>>>>>>>>>>> ] 7769/7824, 103.6 task/s, elapsed: 75s, ETA:     1s[>>>>>>>>>>>>>>>>>>>>>>>>> ] 7770/7824, 103.6 task/s, elapsed: 75s, ETA:     1s[>>>>>>>>>>>>>>>>>>>>>>>>> ] 7771/7824, 103.6 task/s, elapsed: 75s, ETA:     1s[>>>>>>>>>>>>>>>>>>>>>>>>> ] 7772/7824, 103.6 task/s, elapsed: 75s, ETA:     1s[>>>>>>>>>>>>>>>>>>>>>>>>> ] 7773/7824, 103.6 task/s, elapsed: 75s, ETA:     0s[>>>>>>>>>>>>>>>>>>>>>>>>> ] 7774/7824, 103.6 task/s, elapsed: 75s, ETA:     0s[>>>>>>>>>>>>>>>>>>>>>>>>> ] 7775/7824, 103.6 task/s, elapsed: 75s, ETA:     0s[>>>>>>>>>>>>>>>>>>>>>>>>> ] 7776/7824, 103.6 task/s, elapsed: 75s, ETA:     0s[>>>>>>>>>>>>>>>>>>>>>>>>> ] 7777/7824, 103.6 task/s, elapsed: 75s, ETA:     0s[>>>>>>>>>>>>>>>>>>>>>>>>> ] 7778/7824, 103.6 task/s, elapsed: 75s, ETA:     0s[>>>>>>>>>>>>>>>>>>>>>>>>> ] 7779/7824, 103.6 task/s, elapsed: 75s, ETA:     0s[>>>>>>>>>>>>>>>>>>>>>>>>> ] 7780/7824, 103.6 task/s, elapsed: 75s, ETA:     0s[>>>>>>>>>>>>>>>>>>>>>>>>> ] 7781/7824, 103.6 task/s, elapsed: 75s, ETA:     0s[>>>>>>>>>>>>>>>>>>>>>>>>> ] 7782/7824, 103.6 task/s, elapsed: 75s, ETA:     0s[>>>>>>>>>>>>>>>>>>>>>>>>> ] 7783/7824, 103.6 task/s, elapsed: 75s, ETA:     0s[>>>>>>>>>>>>>>>>>>>>>>>>> ] 7784/7824, 103.6 task/s, elapsed: 75s, ETA:     0s[>>>>>>>>>>>>>>>>>>>>>>>>> ] 7785/7824, 103.6 task/s, elapsed: 75s, ETA:     0s[>>>>>>>>>>>>>>>>>>>>>>>>> ] 7786/7824, 103.6 task/s, elapsed: 75s, ETA:     0s[>>>>>>>>>>>>>>>>>>>>>>>>> ] 7787/7824, 103.6 task/s, elapsed: 75s, ETA:     0s[>>>>>>>>>>>>>>>>>>>>>>>>> ] 7788/7824, 103.6 task/s, elapsed: 75s, ETA:     0s[>>>>>>>>>>>>>>>>>>>>>>>>> ] 7789/7824, 103.6 task/s, elapsed: 75s, ETA:     0s[>>>>>>>>>>>>>>>>>>>>>>>>> ] 7790/7824, 103.6 task/s, elapsed: 75s, ETA:     0s[>>>>>>>>>>>>>>>>>>>>>>>>> ] 7791/7824, 103.6 task/s, elapsed: 75s, ETA:     0s[>>>>>>>>>>>>>>>>>>>>>>>>> ] 7792/7824, 103.6 task/s, elapsed: 75s, ETA:     0s[>>>>>>>>>>>>>>>>>>>>>>>>> ] 7793/7824, 103.6 task/s, elapsed: 75s, ETA:     0s[>>>>>>>>>>>>>>>>>>>>>>>>> ] 7794/7824, 103.6 task/s, elapsed: 75s, ETA:     0s[>>>>>>>>>>>>>>>>>>>>>>>>> ] 7795/7824, 103.6 task/s, elapsed: 75s, ETA:     0s[>>>>>>>>>>>>>>>>>>>>>>>>> ] 7796/7824, 103.6 task/s, elapsed: 75s, ETA:     0s[>>>>>>>>>>>>>>>>>>>>>>>>> ] 7797/7824, 103.6 task/s, elapsed: 75s, ETA:     0s[>>>>>>>>>>>>>>>>>>>>>>>>> ] 7798/7824, 103.6 task/s, elapsed: 75s, ETA:     0s[>>>>>>>>>>>>>>>>>>>>>>>>> ] 7799/7824, 103.6 task/s, elapsed: 75s, ETA:     0s[>>>>>>>>>>>>>>>>>>>>>>>>> ] 7800/7824, 103.6 task/s, elapsed: 75s, ETA:     0s[>>>>>>>>>>>>>>>>>>>>>>>>> ] 7801/7824, 103.6 task/s, elapsed: 75s, ETA:     0s[>>>>>>>>>>>>>>>>>>>>>>>>> ] 7802/7824, 103.6 task/s, elapsed: 75s, ETA:     0s[>>>>>>>>>>>>>>>>>>>>>>>>> ] 7803/7824, 103.6 task/s, elapsed: 75s, ETA:     0s[>>>>>>>>>>>>>>>>>>>>>>>>> ] 7804/7824, 103.6 task/s, elapsed: 75s, ETA:     0s[>>>>>>>>>>>>>>>>>>>>>>>>> ] 7805/7824, 103.6 task/s, elapsed: 75s, ETA:     0s[>>>>>>>>>>>>>>>>>>>>>>>>> ] 7806/7824, 103.6 task/s, elapsed: 75s, ETA:     0s[>>>>>>>>>>>>>>>>>>>>>>>>> ] 7807/7824, 103.6 task/s, elapsed: 75s, ETA:     0s[>>>>>>>>>>>>>>>>>>>>>>>>> ] 7808/7824, 103.6 task/s, elapsed: 75s, ETA:     0s[>>>>>>>>>>>>>>>>>>>>>>>>> ] 7809/7824, 103.5 task/s, elapsed: 75s, ETA:     0s[>>>>>>>>>>>>>>>>>>>>>>>>> ] 7810/7824, 103.5 task/s, elapsed: 75s, ETA:     0s[>>>>>>>>>>>>>>>>>>>>>>>>> ] 7811/7824, 103.5 task/s, elapsed: 75s, ETA:     0s[>>>>>>>>>>>>>>>>>>>>>>>>> ] 7812/7824, 103.5 task/s, elapsed: 75s, ETA:     0s[>>>>>>>>>>>>>>>>>>>>>>>>> ] 7813/7824, 103.5 task/s, elapsed: 75s, ETA:     0s[>>>>>>>>>>>>>>>>>>>>>>>>> ] 7814/7824, 103.5 task/s, elapsed: 75s, ETA:     0s[>>>>>>>>>>>>>>>>>>>>>>>>> ] 7815/7824, 103.5 task/s, elapsed: 75s, ETA:     0s[>>>>>>>>>>>>>>>>>>>>>>>>> ] 7816/7824, 103.5 task/s, elapsed: 75s, ETA:     0s[>>>>>>>>>>>>>>>>>>>>>>>>> ] 7817/7824, 103.5 task/s, elapsed: 75s, ETA:     0s[>>>>>>>>>>>>>>>>>>>>>>>>> ] 7818/7824, 103.5 task/s, elapsed: 76s, ETA:     0s[>>>>>>>>>>>>>>>>>>>>>>>>> ] 7819/7824, 103.5 task/s, elapsed: 76s, ETA:     0s[>>>>>>>>>>>>>>>>>>>>>>>>> ] 7820/7824, 103.5 task/s, elapsed: 76s, ETA:     0s[>>>>>>>>>>>>>>>>>>>>>>>>> ] 7821/7824, 103.5 task/s, elapsed: 76s, ETA:     0s[>>>>>>>>>>>>>>>>>>>>>>>>> ] 7822/7824, 103.5 task/s, elapsed: 76s, ETA:     0s[>>>>>>>>>>>>>>>>>>>>>>>>> ] 7823/7824, 103.5 task/s, elapsed: 76s, ETA:     0s[>>>>>>>>>>>>>>>>>>>>>>>>>>] 7824/7824, 103.5 task/s, elapsed: 76s, ETA:     0s2026-06-14 08:23:40,013 - mmdet - INFO - Exp name: wi_tidir_wifi_mamba2_flattened_flow_w5.py
2026-06-14 08:23:40,013 - mmdet - INFO - Epoch(val) [5][7824]	mpjpe: 220.1982, mpjpeh: 110.9796, mpjpev: 120.9866, mpjped: 98.0883, mpjpe_1p: 171.7381, mpjpe_2p: 223.4241, mpjpe_3p: 237.2016, count_1p: 2586, count_2p: 3184, count_3p: 2054, matched_1p: 2585, matched_2p: 3184, matched_3p: 2054, total_gt_persons: 15116, predicted_persons: 782400, matched_persons: 14932, missed_persons: 184, false_positive_persons: 767468, missed_1p: 1, missed_2p: 79, missed_3p: 104, false_positive_1p: 256015, false_positive_2p: 312111, false_positive_3p: 199342, miss_penalty_mm: 500.0000, match_threshold_mm: 500.0000

============================================================
               EVALUATION REPORT
============================================================
MPJPE Overall:   220.20 mm
PJDLE (horiz):   110.98 mm
PJDLE (depth):   120.99 mm
PJDLE (vert):    98.09 mm
------------------------------------------------------------
          MPJPE BY NUMBER OF PERSONS
------------------------------------------------------------
  1-person:  171.74 mm  (n=2586, matched=2585)
  2-person:  223.42 mm  (n=3184, matched=3184)
  3-person:  237.20 mm  (n=2054, matched=2054)
  matched persons: 14932 / 15116
  missed persons:  184 (penalty=500.0 mm)
  match threshold: 500.0 mm
  false positives: 767468
------------------------------------------------------------
          PER-JOINT MPJPE (mm)
------------------------------------------------------------
R_Ankle         | 356.88
R_Wrist         | 325.83
R_Hip           | 261.03
R_Elbow         | 248.56
L_Shoulder      | 212.08
Neck            | 208.42
R_Shoulder      | 208.09
Head            | 201.19
L_Elbow         | 185.19
R_Knee          | 178.82
L_Wrist         | 174.62
L_Ankle         | 174.46
L_Hip           | 174.11
L_Knee          | 173.49
------------------------------------------------------------
          BONE LENGTH ERROR (mm)
------------------------------------------------------------
R_Knee-R_Ankle            | 165.06
L_Hip-R_Hip               | 97.11
R_Elbow-R_Wrist           | 89.99
R_Hip-R_Knee              | 86.89
R_Shoulder-R_Elbow        | 47.37
L_Shoulder-L_Elbow        | 41.79
L_Hip-L_Knee              | 40.29
L_Elbow-L_Wrist           | 34.84
L_Shoulder-R_Shoulder     | 34.23
L_Knee-L_Ankle            | 31.84
============================================================
