/usr/local/envs/opera/lib/python3.10/site-packages/mmcv/__init__.py:20: UserWarning: On January 1, 2023, MMCV will release v2.0.0, in which it will remove components related to the training process and add a data transformation module. In addition, it will rename the package names mmcv to mmcv-lite and mmcv-full to mmcv. See https://github.com/open-mmlab/mmcv/blob/master/docs/en/compatibility.md for more details.
  warnings.warn(
/root/Person-in-WiFi-3D/third_party/mmdet/mmdet/utils/setup_env.py:38: UserWarning: Setting OMP_NUM_THREADS environment variable for each process to be 1 in default, to avoid your system being overloaded, please further tune the variable for optimal performance in your application as needed.
  warnings.warn(
/root/Person-in-WiFi-3D/third_party/mmdet/mmdet/utils/setup_env.py:48: UserWarning: Setting MKL_NUM_THREADS environment variable for each process to be 1 in default, to avoid your system being overloaded, please further tune the variable for optimal performance in your application as needed.
  warnings.warn(
2026-06-14 08:26:10,600 - mmdet - INFO - Environment info:
------------------------------------------------------------
sys.platform: linux
Python: 3.10.19 | packaged by conda-forge | (main, Oct 22 2025, 22:29:10) [GCC 14.3.0]
CUDA available: True
GPU 0: NVIDIA RTX 6000 Ada Generation
CUDA_HOME: /usr/local/envs/opera
NVCC: Cuda compilation tools, release 11.7, V11.7.99
GCC: gcc (Ubuntu 9.4.0-1ubuntu1~20.04.2) 9.4.0
PyTorch: 2.1.0+cu121
PyTorch compiling details: PyTorch built with:
  - GCC 9.3
  - C++ Version: 201703
  - Intel(R) oneAPI Math Kernel Library Version 2022.2-Product Build 20220804 for Intel(R) 64 architecture applications
  - Intel(R) MKL-DNN v3.1.1 (Git Hash 64f6bcbcbab628e96f33a62c3e975f8535a7bde4)
  - OpenMP 201511 (a.k.a. OpenMP 4.5)
  - LAPACK is enabled (usually provided by MKL)
  - NNPACK is enabled
  - CPU capability usage: AVX512
  - CUDA Runtime 12.1
  - NVCC architecture flags: -gencode;arch=compute_50,code=sm_50;-gencode;arch=compute_60,code=sm_60;-gencode;arch=compute_70,code=sm_70;-gencode;arch=compute_75,code=sm_75;-gencode;arch=compute_80,code=sm_80;-gencode;arch=compute_86,code=sm_86;-gencode;arch=compute_90,code=sm_90
  - CuDNN 8.9.2
  - Magma 2.6.1
  - Build settings: BLAS_INFO=mkl, BUILD_TYPE=Release, CUDA_VERSION=12.1, CUDNN_VERSION=8.9.2, CXX_COMPILER=/opt/rh/devtoolset-9/root/usr/bin/c++, CXX_FLAGS= -D_GLIBCXX_USE_CXX11_ABI=0 -fabi-version=11 -fvisibility-inlines-hidden -DUSE_PTHREADPOOL -DNDEBUG -DUSE_KINETO -DLIBKINETO_NOROCTRACER -DUSE_FBGEMM -DUSE_QNNPACK -DUSE_PYTORCH_QNNPACK -DUSE_XNNPACK -DSYMBOLICATE_MOBILE_DEBUG_HANDLE -O2 -fPIC -Wall -Wextra -Werror=return-type -Werror=non-virtual-dtor -Werror=bool-operation -Wnarrowing -Wno-missing-field-initializers -Wno-type-limits -Wno-array-bounds -Wno-unknown-pragmas -Wno-unused-parameter -Wno-unused-function -Wno-unused-result -Wno-strict-overflow -Wno-strict-aliasing -Wno-stringop-overflow -Wno-psabi -Wno-error=pedantic -Wno-error=old-style-cast -Wno-invalid-partial-specialization -Wno-unused-private-field -Wno-aligned-allocation-unavailable -Wno-missing-braces -fdiagnostics-color=always -faligned-new -Wno-unused-but-set-variable -Wno-maybe-uninitialized -fno-math-errno -fno-trapping-math -Werror=format -Werror=cast-function-type -Wno-stringop-overflow, LAPACK_INFO=mkl, PERF_WITH_AVX=1, PERF_WITH_AVX2=1, PERF_WITH_AVX512=1, TORCH_DISABLE_GPU_ASSERTS=ON, TORCH_VERSION=2.1.0, USE_CUDA=ON, USE_CUDNN=ON, USE_EXCEPTION_PTR=1, USE_GFLAGS=OFF, USE_GLOG=OFF, USE_MKL=ON, USE_MKLDNN=ON, USE_MPI=OFF, USE_NCCL=1, USE_NNPACK=ON, USE_OPENMP=ON, USE_ROCM=OFF, 

TorchVision: 0.16.0+cu121
OpenCV: 4.9.0
MMCV: 1.7.2
MMCV Compiler: GCC 9.3
MMCV CUDA Compiler: 11.8
MMDetection: 2.25.0+e529caa
------------------------------------------------------------

2026-06-14 08:26:11,069 - mmdet - INFO - Distributed training: False
2026-06-14 08:26:11,578 - mmdet - INFO - Config:
dataset_type = 'opera.WifiPoseDataset'
data_root = 'data/wifipose'
meta_keys = []
train_pipeline = [
    dict(
        type='opera.DefaultFormatBundle',
        extra_keys=['gt_keypoints', 'gt_labels']),
    dict(
        type='mmdet.Collect',
        keys=['img', 'gt_bboxes', 'gt_labels', 'gt_keypoints', 'gt_areas'],
        meta_keys=[])
]
test_pipeline = [
    dict(
        type='mmdet.MultiScaleFlipAug',
        scale_factor=1.0,
        flip=False,
        transforms=[
            dict(
                type='opera.DefaultFormatBundle',
                extra_keys=['gt_keypoints', 'gt_labels']),
            dict(type='mmdet.Collect', keys=['img'], meta_keys=[])
        ])
]
data = dict(
    samples_per_gpu=32,
    workers_per_gpu=2,
    train=dict(
        type='opera.WifiPoseDataset',
        dataset_root='data/wifipose/train_data',
        pipeline=[
            dict(
                type='opera.DefaultFormatBundle',
                extra_keys=['gt_keypoints', 'gt_labels']),
            dict(
                type='mmdet.Collect',
                keys=[
                    'img', 'gt_bboxes', 'gt_labels', 'gt_keypoints', 'gt_areas'
                ],
                meta_keys=[])
        ],
        mode='train'),
    val=dict(
        type='opera.WifiPoseDataset',
        dataset_root='data/wifipose/test_data',
        pipeline=[
            dict(
                type='mmdet.MultiScaleFlipAug',
                scale_factor=1.0,
                flip=False,
                transforms=[
                    dict(
                        type='opera.DefaultFormatBundle',
                        extra_keys=['gt_keypoints', 'gt_labels']),
                    dict(type='mmdet.Collect', keys=['img'], meta_keys=[])
                ])
        ],
        mode='test'),
    test=dict(
        type='opera.WifiPoseDataset',
        dataset_root='data/wifipose/test_data',
        pipeline=[
            dict(
                type='mmdet.MultiScaleFlipAug',
                scale_factor=1.0,
                flip=False,
                transforms=[
                    dict(
                        type='opera.DefaultFormatBundle',
                        extra_keys=['gt_keypoints', 'gt_labels']),
                    dict(type='mmdet.Collect', keys=['img'], meta_keys=[])
                ])
        ],
        mode='test'))
evaluation = dict(interval=5, metric='mpjpe')
checkpoint_config = dict(interval=5, max_keep_ckpts=20)
log_config = dict(interval=50, hooks=[dict(type='TextLoggerHook')])
custom_hooks = [
    dict(type='NumClassCheckHook'),
    dict(
        type='BoneLossWarmupHook',
        target_weight=1.0,
        warmup_ratio=0.1,
        ramp_ratio=0.1)
]
dist_params = dict(backend='nccl')
log_level = 'INFO'
load_from = None
resume_from = None
workflow = [('train', 1)]
opencv_num_threads = 0
mp_start_method = 'fork'
auto_scale_lr = dict(enable=False, base_batch_size=16)
model = dict(
    type='opera.PETR',
    backbone=dict(
        type='WifiInputAdapter',
        in_channels=60,
        embed_dims=256,
        mode='spectral'),
    neck=None,
    bbox_head=dict(
        type='opera.WiTiDARHead',
        num_query=100,
        num_classes=1,
        in_channels=256,
        sync_cls_avg_factor=True,
        with_kpt_refine=True,
        as_two_stage=True,
        num_keypoints=14,
        transformer=dict(
            type='opera.PETRTransformer',
            num_keypoints=14,
            encoder=dict(
                type='mmcv.DetrTransformerEncoder',
                num_layers=6,
                transformerlayers=dict(
                    type='mmcv.BaseTransformerLayer',
                    attn_cfgs=dict(
                        type='mmcv.MultiheadAttention',
                        embed_dims=256,
                        num_heads=8,
                        dropout=0.1),
                    feedforward_channels=1024,
                    ffn_dropout=0.1,
                    operation_order=('self_attn', 'norm', 'ffn', 'norm'))),
            decoder=dict(
                type='opera.PetrTransformerDecoder',
                num_layers=3,
                num_keypoints=14,
                return_intermediate=True,
                transformerlayers=dict(
                    type='mmcv.DetrTransformerDecoderLayer',
                    attn_cfgs=[
                        dict(
                            type='mmcv.MultiheadAttention',
                            embed_dims=256,
                            num_heads=8,
                            dropout=0.1),
                        dict(
                            type='mmcv.MultiheadAttention',
                            embed_dims=256,
                            num_heads=8,
                            dropout=0.1)
                    ],
                    feedforward_channels=1024,
                    ffn_dropout=0.1,
                    operation_order=('self_attn', 'norm', 'cross_attn', 'norm',
                                     'ffn', 'norm'))),
            refine_decoder=dict(
                type='opera.PetrRefineTransformerDecoder',
                num_layers=2,
                return_intermediate=True,
                transformerlayers=dict(
                    type='mmcv.DetrTransformerDecoderLayer',
                    attn_cfgs=[
                        dict(
                            type='mmcv.MultiheadAttention',
                            embed_dims=256,
                            num_heads=8,
                            dropout=0.1),
                        dict(
                            type='mmcv.MultiheadAttention',
                            embed_dims=256,
                            num_heads=8,
                            dropout=0.1)
                    ],
                    feedforward_channels=1024,
                    ffn_dropout=0.1,
                    operation_order=('self_attn', 'norm', 'cross_attn', 'norm',
                                     'ffn', 'norm')))),
        positional_encoding=dict(
            type='mmcv.SinePositionalEncoding',
            num_feats=128,
            normalize=True,
            offset=-0.5),
        loss_cls=dict(
            type='mmdet.FocalLoss',
            use_sigmoid=True,
            gamma=2.0,
            alpha=0.25,
            loss_weight=2.0),
        loss_kpt=dict(type='mmdet.L1Loss', loss_weight=5.0),
        loss_bone=dict(type='BoneLengthLoss', loss_weight=2.0),
        loss_kpt_rpn=dict(type='mmdet.MSELoss', loss_weight=35.0),
        loss_oks=dict(type='opera.OKSLoss', loss_weight=2.0),
        loss_hm=dict(type='opera.CenterFocalLoss', loss_weight=4.0),
        loss_kpt_refine=dict(type='mmdet.MSELoss', loss_weight=35.0),
        loss_oks_refine=dict(type='opera.OKSLoss', loss_weight=3.0),
        embed_dims=256,
        mamba_cfg=dict(
            type='WiMamba2CSIEncoder',
            embed_dims=256,
            num_layers=3,
            d_state=64,
            d_conv=4,
            expand=2,
            headdim=64,
            dropout=0.1,
            routes=('time_major', ),
            fusion='mean',
            use_pos_embed=False,
            final_attn=False),
        flow_refine_mode='rectified_flow',
        flow_num_steps=1,
        flow_noise_strength=0.0,
        loss_flow_weight=10.0,
        train_cfg=dict(
            assigner=dict(
                type='opera.PoseHungarianAssigner',
                cls_cost=dict(type='mmdet.FocalLossCost', weight=2.0),
                kpt_cost=dict(type='opera.KptL1Cost', weight=5.0),
                oks_cost=dict(type='opera.OksCost', weight=0.0))),
        test_cfg=dict(max_per_img=100)),
    train_cfg=dict(
        assigner=dict(
            type='opera.PoseHungarianAssigner',
            cls_cost=dict(type='mmdet.FocalLossCost', weight=4.0),
            kpt_cost=dict(type='opera.KptMSECost', weight=35.0),
            oks_cost=dict(type='opera.OksCost', weight=7.0))),
    test_cfg=dict(max_per_img=100))
optimizer = dict(
    type='AdamW',
    betas=(0.9, 0.999),
    lr=2e-05,
    weight_decay=0.0001,
    paramwise_cfg=dict(
        custom_keys=dict(
            backbone=dict(lr_mult=0.1),
            sampling_offsets=dict(lr_mult=0.1),
            reference_points=dict(lr_mult=0.1))))
optimizer_config = dict(grad_clip=dict(max_norm=0.1, norm_type=2))
lr_config = dict(policy='step', step=[450])
runner = dict(type='EpochBasedRunner', max_epochs=5)
find_unused_parameters = True
work_dir = 'work_dirs/m9_flow_step2_ablation/T_N0'
auto_resume = False
gpu_ids = [0]

2026-06-14 08:26:11,578 - mmdet - INFO - Set random seed to 42, deterministic: True
2026-06-14 08:26:11,630 - mmcv - INFO - 
backbone.head.weight - torch.Size([256, 60]): 
The value is the same before and after calling `init_weights` of PETR  
 
2026-06-14 08:26:11,630 - mmcv - INFO - 
backbone.head.bias - torch.Size([256]): 
The value is the same before and after calling `init_weights` of PETR  
 
2026-06-14 08:26:11,630 - mmcv - INFO - 
backbone.time_conv.weight - torch.Size([256, 1, 5]): 
The value is the same before and after calling `init_weights` of PETR  
 
2026-06-14 08:26:11,630 - mmcv - INFO - 
backbone.time_conv.bias - torch.Size([256]): 
The value is the same before and after calling `init_weights` of PETR  
 
2026-06-14 08:26:11,630 - mmcv - INFO - 
backbone.freq_gate.0.weight - torch.Size([22, 11]): 
The value is the same before and after calling `init_weights` of PETR  
 
2026-06-14 08:26:11,630 - mmcv - INFO - 
backbone.freq_gate.0.bias - torch.Size([22]): 
The value is the same before and after calling `init_weights` of PETR  
 
2026-06-14 08:26:11,630 - mmcv - INFO - 
backbone.freq_gate.2.weight - torch.Size([20, 22]): 
The value is the same before and after calling `init_weights` of PETR  
 
2026-06-14 08:26:11,630 - mmcv - INFO - 
backbone.freq_gate.2.bias - torch.Size([20]): 
The value is the same before and after calling `init_weights` of PETR  
 
2026-06-14 08:26:11,630 - mmcv - INFO - 
backbone.channel_proj.weight - torch.Size([256, 256]): 
The value is the same before and after calling `init_weights` of PETR  
 
2026-06-14 08:26:11,630 - mmcv - INFO - 
backbone.channel_proj.bias - torch.Size([256]): 
The value is the same before and after calling `init_weights` of PETR  
 
2026-06-14 08:26:11,630 - mmcv - INFO - 
backbone.norm.weight - torch.Size([256]): 
The value is the same before and after calling `init_weights` of PETR  
 
2026-06-14 08:26:11,630 - mmcv - INFO - 
backbone.norm.bias - torch.Size([256]): 
The value is the same before and after calling `init_weights` of PETR  
 
2026-06-14 08:26:11,630 - mmcv - INFO - 
bbox_head.encoder.layers.0.norm.weight - torch.Size([256]): 
The value is the same before and after calling `init_weights` of PETR  
 
2026-06-14 08:26:11,630 - mmcv - INFO - 
bbox_head.encoder.layers.0.norm.bias - torch.Size([256]): 
The value is the same before and after calling `init_weights` of PETR  
 
2026-06-14 08:26:11,630 - mmcv - INFO - 
bbox_head.encoder.layers.0.mamba.dt_bias - torch.Size([8]): 
The value is the same before and after calling `init_weights` of PETR  
 
2026-06-14 08:26:11,630 - mmcv - INFO - 
bbox_head.encoder.layers.0.mamba.A_log - torch.Size([8]): 
The value is the same before and after calling `init_weights` of PETR  
 
2026-06-14 08:26:11,631 - mmcv - INFO - 
bbox_head.encoder.layers.0.mamba.D - torch.Size([8]): 
The value is the same before and after calling `init_weights` of PETR  
 
2026-06-14 08:26:11,631 - mmcv - INFO - 
bbox_head.encoder.layers.0.mamba.in_proj.weight - torch.Size([1160, 256]): 
The value is the same before and after calling `init_weights` of PETR  
 
2026-06-14 08:26:11,631 - mmcv - INFO - 
bbox_head.encoder.layers.0.mamba.conv1d.weight - torch.Size([640, 1, 4]): 
The value is the same before and after calling `init_weights` of PETR  
 
2026-06-14 08:26:11,631 - mmcv - INFO - 
bbox_head.encoder.layers.0.mamba.conv1d.bias - torch.Size([640]): 
The value is the same before and after calling `init_weights` of PETR  
 
2026-06-14 08:26:11,631 - mmcv - INFO - 
bbox_head.encoder.layers.0.mamba.norm.weight - torch.Size([512]): 
The value is the same before and after calling `init_weights` of PETR  
 
2026-06-14 08:26:11,631 - mmcv - INFO - 
bbox_head.encoder.layers.0.mamba.out_proj.weight - torch.Size([256, 512]): 
The value is the same before and after calling `init_weights` of PETR  
 
2026-06-14 08:26:11,631 - mmcv - INFO - 
bbox_head.encoder.layers.1.norm.weight - torch.Size([256]): 
The value is the same before and after calling `init_weights` of PETR  
 
2026-06-14 08:26:11,631 - mmcv - INFO - 
bbox_head.encoder.layers.1.norm.bias - torch.Size([256]): 
The value is the same before and after calling `init_weights` of PETR  
 
2026-06-14 08:26:11,631 - mmcv - INFO - 
bbox_head.encoder.layers.1.mamba.dt_bias - torch.Size([8]): 
The value is the same before and after calling `init_weights` of PETR  
 
2026-06-14 08:26:11,631 - mmcv - INFO - 
bbox_head.encoder.layers.1.mamba.A_log - torch.Size([8]): 
The value is the same before and after calling `init_weights` of PETR  
 
2026-06-14 08:26:11,631 - mmcv - INFO - 
bbox_head.encoder.layers.1.mamba.D - torch.Size([8]): 
The value is the same before and after calling `init_weights` of PETR  
 
2026-06-14 08:26:11,631 - mmcv - INFO - 
bbox_head.encoder.layers.1.mamba.in_proj.weight - torch.Size([1160, 256]): 
The value is the same before and after calling `init_weights` of PETR  
 
2026-06-14 08:26:11,631 - mmcv - INFO - 
bbox_head.encoder.layers.1.mamba.conv1d.weight - torch.Size([640, 1, 4]): 
The value is the same before and after calling `init_weights` of PETR  
 
2026-06-14 08:26:11,631 - mmcv - INFO - 
bbox_head.encoder.layers.1.mamba.conv1d.bias - torch.Size([640]): 
The value is the same before and after calling `init_weights` of PETR  
 
2026-06-14 08:26:11,631 - mmcv - INFO - 
bbox_head.encoder.layers.1.mamba.norm.weight - torch.Size([512]): 
The value is the same before and after calling `init_weights` of PETR  
 
2026-06-14 08:26:11,631 - mmcv - INFO - 
bbox_head.encoder.layers.1.mamba.out_proj.weight - torch.Size([256, 512]): 
The value is the same before and after calling `init_weights` of PETR  
 
2026-06-14 08:26:11,631 - mmcv - INFO - 
bbox_head.encoder.layers.2.norm.weight - torch.Size([256]): 
The value is the same before and after calling `init_weights` of PETR  
 
2026-06-14 08:26:11,631 - mmcv - INFO - 
bbox_head.encoder.layers.2.norm.bias - torch.Size([256]): 
The value is the same before and after calling `init_weights` of PETR  
 
2026-06-14 08:26:11,631 - mmcv - INFO - 
bbox_head.encoder.layers.2.mamba.dt_bias - torch.Size([8]): 
The value is the same before and after calling `init_weights` of PETR  
 
2026-06-14 08:26:11,631 - mmcv - INFO - 
bbox_head.encoder.layers.2.mamba.A_log - torch.Size([8]): 
The value is the same before and after calling `init_weights` of PETR  
 
2026-06-14 08:26:11,631 - mmcv - INFO - 
bbox_head.encoder.layers.2.mamba.D - torch.Size([8]): 
The value is the same before and after calling `init_weights` of PETR  
 
2026-06-14 08:26:11,631 - mmcv - INFO - 
bbox_head.encoder.layers.2.mamba.in_proj.weight - torch.Size([1160, 256]): 
The value is the same before and after calling `init_weights` of PETR  
 
2026-06-14 08:26:11,631 - mmcv - INFO - 
bbox_head.encoder.layers.2.mamba.conv1d.weight - torch.Size([640, 1, 4]): 
The value is the same before and after calling `init_weights` of PETR  
 
2026-06-14 08:26:11,631 - mmcv - INFO - 
bbox_head.encoder.layers.2.mamba.conv1d.bias - torch.Size([640]): 
The value is the same before and after calling `init_weights` of PETR  
 
2026-06-14 08:26:11,631 - mmcv - INFO - 
bbox_head.encoder.layers.2.mamba.norm.weight - torch.Size([512]): 
The value is the same before and after calling `init_weights` of PETR  
 
2026-06-14 08:26:11,631 - mmcv - INFO - 
bbox_head.encoder.layers.2.mamba.out_proj.weight - torch.Size([256, 512]): 
The value is the same before and after calling `init_weights` of PETR  
 
2026-06-14 08:26:11,631 - mmcv - INFO - 
bbox_head.encoder.final_norm.weight - torch.Size([256]): 
The value is the same before and after calling `init_weights` of PETR  
 
2026-06-14 08:26:11,632 - mmcv - INFO - 
bbox_head.encoder.final_norm.bias - torch.Size([256]): 
The value is the same before and after calling `init_weights` of PETR  
 
2026-06-14 08:26:11,632 - mmcv - INFO - 
bbox_head.decoder_attn.in_proj_weight - torch.Size([768, 256]): 
The value is the same before and after calling `init_weights` of PETR  
 
2026-06-14 08:26:11,632 - mmcv - INFO - 
bbox_head.decoder_attn.in_proj_bias - torch.Size([768]): 
The value is the same before and after calling `init_weights` of PETR  
 
2026-06-14 08:26:11,632 - mmcv - INFO - 
bbox_head.decoder_attn.out_proj.weight - torch.Size([256, 256]): 
The value is the same before and after calling `init_weights` of PETR  
 
2026-06-14 08:26:11,632 - mmcv - INFO - 
bbox_head.decoder_attn.out_proj.bias - torch.Size([256]): 
The value is the same before and after calling `init_weights` of PETR  
 
2026-06-14 08:26:11,632 - mmcv - INFO - 
bbox_head.query_embedding.weight - torch.Size([100, 256]): 
Initialized by user-defined `init_weights` in WiTiDARHead  
 
2026-06-14 08:26:11,632 - mmcv - INFO - 
bbox_head.decoder_norm.weight - torch.Size([256]): 
The value is the same before and after calling `init_weights` of PETR  
 
2026-06-14 08:26:11,632 - mmcv - INFO - 
bbox_head.decoder_norm.bias - torch.Size([256]): 
The value is the same before and after calling `init_weights` of PETR  
 
2026-06-14 08:26:11,632 - mmcv - INFO - 
bbox_head.draft_regressor.0.weight - torch.Size([256, 256]): 
Initialized by user-defined `init_weights` in WiTiDARHead  
 
2026-06-14 08:26:11,632 - mmcv - INFO - 
bbox_head.draft_regressor.0.bias - torch.Size([256]): 
Initialized by user-defined `init_weights` in WiTiDARHead  
 
2026-06-14 08:26:11,632 - mmcv - INFO - 
bbox_head.draft_regressor.2.weight - torch.Size([256, 256]): 
Initialized by user-defined `init_weights` in WiTiDARHead  
 
2026-06-14 08:26:11,632 - mmcv - INFO - 
bbox_head.draft_regressor.2.bias - torch.Size([256]): 
Initialized by user-defined `init_weights` in WiTiDARHead  
 
2026-06-14 08:26:11,632 - mmcv - INFO - 
bbox_head.draft_regressor.4.weight - torch.Size([42, 256]): 
Initialized by user-defined `init_weights` in WiTiDARHead  
 
2026-06-14 08:26:11,632 - mmcv - INFO - 
bbox_head.draft_regressor.4.bias - torch.Size([42]): 
Initialized by user-defined `init_weights` in WiTiDARHead  
 
2026-06-14 08:26:11,632 - mmcv - INFO - 
bbox_head.cls_head.weight - torch.Size([1, 256]): 
The value is the same before and after calling `init_weights` of PETR  
 
2026-06-14 08:26:11,632 - mmcv - INFO - 
bbox_head.cls_head.bias - torch.Size([1]): 
Initialized by user-defined `init_weights` in WiTiDARHead  
 
2026-06-14 08:26:11,632 - mmcv - INFO - 
bbox_head.flow_model.velocity_net.time_mlp.1.weight - torch.Size([128, 64]): 
The value is the same before and after calling `init_weights` of PETR  
 
2026-06-14 08:26:11,632 - mmcv - INFO - 
bbox_head.flow_model.velocity_net.time_mlp.1.bias - torch.Size([128]): 
The value is the same before and after calling `init_weights` of PETR  
 
2026-06-14 08:26:11,632 - mmcv - INFO - 
bbox_head.flow_model.velocity_net.time_mlp.3.weight - torch.Size([64, 128]): 
The value is the same before and after calling `init_weights` of PETR  
 
2026-06-14 08:26:11,632 - mmcv - INFO - 
bbox_head.flow_model.velocity_net.time_mlp.3.bias - torch.Size([64]): 
The value is the same before and after calling `init_weights` of PETR  
 
2026-06-14 08:26:11,632 - mmcv - INFO - 
bbox_head.flow_model.velocity_net.input_proj.weight - torch.Size([512, 362]): 
The value is the same before and after calling `init_weights` of PETR  
 
2026-06-14 08:26:11,632 - mmcv - INFO - 
bbox_head.flow_model.velocity_net.input_proj.bias - torch.Size([512]): 
The value is the same before and after calling `init_weights` of PETR  
 
2026-06-14 08:26:11,632 - mmcv - INFO - 
bbox_head.flow_model.velocity_net.blocks.0.net.0.weight - torch.Size([512]): 
The value is the same before and after calling `init_weights` of PETR  
 
2026-06-14 08:26:11,632 - mmcv - INFO - 
bbox_head.flow_model.velocity_net.blocks.0.net.0.bias - torch.Size([512]): 
The value is the same before and after calling `init_weights` of PETR  
 
2026-06-14 08:26:11,632 - mmcv - INFO - 
bbox_head.flow_model.velocity_net.blocks.0.net.1.weight - torch.Size([512, 512]): 
The value is the same before and after calling `init_weights` of PETR  
 
2026-06-14 08:26:11,632 - mmcv - INFO - 
bbox_head.flow_model.velocity_net.blocks.0.net.1.bias - torch.Size([512]): 
The value is the same before and after calling `init_weights` of PETR  
 
2026-06-14 08:26:11,632 - mmcv - INFO - 
bbox_head.flow_model.velocity_net.blocks.0.net.4.weight - torch.Size([512, 512]): 
The value is the same before and after calling `init_weights` of PETR  
 
2026-06-14 08:26:11,633 - mmcv - INFO - 
bbox_head.flow_model.velocity_net.blocks.0.net.4.bias - torch.Size([512]): 
The value is the same before and after calling `init_weights` of PETR  
 
2026-06-14 08:26:11,633 - mmcv - INFO - 
bbox_head.flow_model.velocity_net.blocks.1.net.0.weight - torch.Size([512]): 
The value is the same before and after calling `init_weights` of PETR  
 
2026-06-14 08:26:11,633 - mmcv - INFO - 
bbox_head.flow_model.velocity_net.blocks.1.net.0.bias - torch.Size([512]): 
The value is the same before and after calling `init_weights` of PETR  
 
2026-06-14 08:26:11,633 - mmcv - INFO - 
bbox_head.flow_model.velocity_net.blocks.1.net.1.weight - torch.Size([512, 512]): 
The value is the same before and after calling `init_weights` of PETR  
 
2026-06-14 08:26:11,633 - mmcv - INFO - 
bbox_head.flow_model.velocity_net.blocks.1.net.1.bias - torch.Size([512]): 
The value is the same before and after calling `init_weights` of PETR  
 
2026-06-14 08:26:11,633 - mmcv - INFO - 
bbox_head.flow_model.velocity_net.blocks.1.net.4.weight - torch.Size([512, 512]): 
The value is the same before and after calling `init_weights` of PETR  
 
2026-06-14 08:26:11,633 - mmcv - INFO - 
bbox_head.flow_model.velocity_net.blocks.1.net.4.bias - torch.Size([512]): 
The value is the same before and after calling `init_weights` of PETR  
 
2026-06-14 08:26:11,633 - mmcv - INFO - 
bbox_head.flow_model.velocity_net.blocks.2.net.0.weight - torch.Size([512]): 
The value is the same before and after calling `init_weights` of PETR  
 
2026-06-14 08:26:11,633 - mmcv - INFO - 
bbox_head.flow_model.velocity_net.blocks.2.net.0.bias - torch.Size([512]): 
The value is the same before and after calling `init_weights` of PETR  
 
2026-06-14 08:26:11,633 - mmcv - INFO - 
bbox_head.flow_model.velocity_net.blocks.2.net.1.weight - torch.Size([512, 512]): 
The value is the same before and after calling `init_weights` of PETR  
 
2026-06-14 08:26:11,633 - mmcv - INFO - 
bbox_head.flow_model.velocity_net.blocks.2.net.1.bias - torch.Size([512]): 
The value is the same before and after calling `init_weights` of PETR  
 
2026-06-14 08:26:11,633 - mmcv - INFO - 
bbox_head.flow_model.velocity_net.blocks.2.net.4.weight - torch.Size([512, 512]): 
The value is the same before and after calling `init_weights` of PETR  
 
2026-06-14 08:26:11,633 - mmcv - INFO - 
bbox_head.flow_model.velocity_net.blocks.2.net.4.bias - torch.Size([512]): 
The value is the same before and after calling `init_weights` of PETR  
 
2026-06-14 08:26:11,633 - mmcv - INFO - 
bbox_head.flow_model.velocity_net.output_norm.weight - torch.Size([512]): 
The value is the same before and after calling `init_weights` of PETR  
 
2026-06-14 08:26:11,633 - mmcv - INFO - 
bbox_head.flow_model.velocity_net.output_norm.bias - torch.Size([512]): 
The value is the same before and after calling `init_weights` of PETR  
 
2026-06-14 08:26:11,633 - mmcv - INFO - 
bbox_head.flow_model.velocity_net.final_linear.weight - torch.Size([42, 512]): 
The value is the same before and after calling `init_weights` of PETR  
 
2026-06-14 08:26:11,633 - mmcv - INFO - 
bbox_head.flow_model.velocity_net.final_linear.bias - torch.Size([42]): 
The value is the same before and after calling `init_weights` of PETR  
 
2026-06-14 08:26:11,776 - mmdet - INFO - Automatic scaling of learning rate (LR) has been disabled.
2026-06-14 08:26:11,783 - mmdet - INFO - Start running, host: root@46a3f357d26a, work_dir: /root/Person-in-WiFi-3D/work_dirs/m9_flow_step2_ablation/T_N0
2026-06-14 08:26:11,783 - mmdet - INFO - Hooks will be executed in the following order:
before_run:
(VERY_HIGH   ) StepLrUpdaterHook                  
(NORMAL      ) LatestCheckpointHook               
(LOW         ) EvalHook                           
(VERY_LOW    ) TextLoggerHook                     
 -------------------- 
before_train_epoch:
(VERY_HIGH   ) StepLrUpdaterHook                  
(NORMAL      ) NumClassCheckHook                  
(NORMAL      ) BoneLossWarmupHook                 
(LOW         ) IterTimerHook                      
(LOW         ) EvalHook                           
(VERY_LOW    ) TextLoggerHook                     
 -------------------- 
before_train_iter:
(VERY_HIGH   ) StepLrUpdaterHook                  
(LOW         ) IterTimerHook                      
(LOW         ) EvalHook                           
 -------------------- 
after_train_iter:
(ABOVE_NORMAL) OptimizerHook                      
(NORMAL      ) LatestCheckpointHook               
(LOW         ) IterTimerHook                      
(LOW         ) EvalHook                           
(VERY_LOW    ) TextLoggerHook                     
 -------------------- 
after_train_epoch:
(NORMAL      ) LatestCheckpointHook               
(LOW         ) EvalHook                           
(VERY_LOW    ) TextLoggerHook                     
 -------------------- 
before_val_epoch:
(NORMAL      ) NumClassCheckHook                  
(LOW         ) IterTimerHook                      
(VERY_LOW    ) TextLoggerHook                     
 -------------------- 
before_val_iter:
(LOW         ) IterTimerHook                      
 -------------------- 
after_val_iter:
(LOW         ) IterTimerHook                      
 -------------------- 
after_val_epoch:
(VERY_LOW    ) TextLoggerHook                     
 -------------------- 
after_run:
(VERY_LOW    ) TextLoggerHook                     
 -------------------- 
2026-06-14 08:26:11,783 - mmdet - INFO - workflow: [('train', 1)], max: 5 epochs
2026-06-14 08:26:11,783 - mmdet - INFO - Checkpoints will be saved to /root/Person-in-WiFi-3D/work_dirs/m9_flow_step2_ablation/T_N0 by HardDiskBackend.
2026-06-14 08:26:11,784 - mmdet - INFO - [BoneLossWarmup] Epoch 1/5 | Warmup: 1e, Ramp: 1e | Bone weight -> 0.0000
>>> Successfully patched mmcv._get_stream for PyTorch 2.0 compatibility.
[WiTiDARHead] Loaded gt_bone_stats.json from /root/Person-in-WiFi-3D/gt_bone_stats.json
/usr/local/envs/opera/lib/python3.10/site-packages/mamba_ssm/ops/triton/ssd_chunk_state.py:845: UserWarning: cumsum_cuda_kernel does not have a deterministic implementation, but you set 'torch.use_deterministic_algorithms(True, warn_only=True)'. You can file an issue at https://github.com/pytorch/pytorch/issues to help us prioritize adding deterministic support for this operation. (Triggered internally at ../aten/src/ATen/Context.cpp:71.)
  torch.cumsum(ddA_cumsum, dim=-1, out=ddA_cumsum)
/usr/local/envs/opera/lib/python3.10/site-packages/mamba_ssm/ops/triton/ssd_combined.py:437: UserWarning: cumsum_cuda_kernel does not have a deterministic implementation, but you set 'torch.use_deterministic_algorithms(True, warn_only=True)'. You can file an issue at https://github.com/pytorch/pytorch/issues to help us prioritize adding deterministic support for this operation. (Triggered internally at ../aten/src/ATen/Context.cpp:71.)
  ddA_prev = ddA_cumsum_prev.flip([-1]).cumsum(dim=-1).flip([-1])
2026-06-14 08:26:43,418 - mmdet - INFO - Epoch [1][50/2811]	lr: 2.000e-06, eta: 2:27:40, time: 0.633, data_time: 0.071, memory: 693, loss_cls: 2.1027, loss_kpt: 367.0815, loss_flow: 38.3621, loss_bone: 0.0000, loss: 407.5463, grad_norm: 696.0894
2026-06-14 08:27:02,703 - mmdet - INFO - Epoch [1][100/2811]	lr: 2.000e-06, eta: 1:58:25, time: 0.386, data_time: 0.021, memory: 693, loss_cls: 2.3015, loss_kpt: 228.9215, loss_flow: 13.7787, loss_bone: 0.0000, loss: 245.0017, grad_norm: 527.0198
2026-06-14 08:27:21,915 - mmdet - INFO - Epoch [1][150/2811]	lr: 2.000e-06, eta: 1:48:21, time: 0.384, data_time: 0.021, memory: 693, loss_cls: 2.0652, loss_kpt: 148.6016, loss_flow: 5.2219, loss_bone: 0.0000, loss: 155.8887, grad_norm: 469.9535
2026-06-14 08:27:41,231 - mmdet - INFO - Epoch [1][200/2811]	lr: 2.000e-06, eta: 1:43:16, time: 0.386, data_time: 0.021, memory: 693, loss_cls: 1.7649, loss_kpt: 101.8004, loss_flow: 3.7241, loss_bone: 0.0000, loss: 107.2894, grad_norm: 360.3406
2026-06-14 08:28:01,246 - mmdet - INFO - Epoch [1][250/2811]	lr: 2.000e-06, eta: 1:40:44, time: 0.400, data_time: 0.018, memory: 693, loss_cls: 1.2552, loss_kpt: 92.9064, loss_flow: 2.1579, loss_bone: 0.0000, loss: 96.3195, grad_norm: 313.4677
2026-06-14 08:28:23,247 - mmdet - INFO - Epoch [1][300/2811]	lr: 2.000e-06, eta: 1:40:27, time: 0.440, data_time: 0.018, memory: 693, loss_cls: 0.9866, loss_kpt: 91.1495, loss_flow: 1.2403, loss_bone: 0.0000, loss: 93.3765, grad_norm: 318.2299
2026-06-14 08:28:44,356 - mmdet - INFO - Epoch [1][350/2811]	lr: 2.000e-06, eta: 1:39:34, time: 0.422, data_time: 0.019, memory: 693, loss_cls: 0.9497, loss_kpt: 89.4818, loss_flow: 0.9052, loss_bone: 0.0000, loss: 91.3367, grad_norm: 373.1200
2026-06-14 08:29:01,198 - mmdet - INFO - Epoch [1][400/2811]	lr: 2.000e-06, eta: 1:36:23, time: 0.337, data_time: 0.018, memory: 693, loss_cls: 0.9300, loss_kpt: 86.6221, loss_flow: 0.6989, loss_bone: 0.0000, loss: 88.2509, grad_norm: 416.1522
2026-06-14 08:29:18,269 - mmdet - INFO - Epoch [1][450/2811]	lr: 2.000e-06, eta: 1:33:57, time: 0.341, data_time: 0.019, memory: 693, loss_cls: 0.9195, loss_kpt: 81.1271, loss_flow: 0.6481, loss_bone: 0.0000, loss: 82.6947, grad_norm: 562.1035
2026-06-14 08:29:36,724 - mmdet - INFO - Epoch [1][500/2811]	lr: 2.000e-06, eta: 1:32:35, time: 0.369, data_time: 0.021, memory: 693, loss_cls: 0.9249, loss_kpt: 72.7250, loss_flow: 0.6519, loss_bone: 0.0000, loss: 74.3017, grad_norm: 798.4032
2026-06-14 08:29:55,951 - mmdet - INFO - Epoch [1][550/2811]	lr: 2.000e-06, eta: 1:31:44, time: 0.385, data_time: 0.021, memory: 693, loss_cls: 0.9434, loss_kpt: 58.6401, loss_flow: 0.7155, loss_bone: 0.0000, loss: 60.2990, grad_norm: 1031.4871
2026-06-14 08:30:15,263 - mmdet - INFO - Epoch [1][600/2811]	lr: 2.000e-06, eta: 1:30:59, time: 0.386, data_time: 0.024, memory: 693, loss_cls: 0.8676, loss_kpt: 51.9327, loss_flow: 0.6742, loss_bone: 0.0000, loss: 53.4745, grad_norm: 1259.5628
2026-06-14 08:30:34,587 - mmdet - INFO - Epoch [1][650/2811]	lr: 2.000e-06, eta: 1:30:19, time: 0.386, data_time: 0.021, memory: 693, loss_cls: 0.8345, loss_kpt: 48.5927, loss_flow: 0.6104, loss_bone: 0.0000, loss: 50.0376, grad_norm: 1212.4160
2026-06-14 08:30:53,944 - mmdet - INFO - Epoch [1][700/2811]	lr: 2.000e-06, eta: 1:29:43, time: 0.387, data_time: 0.020, memory: 693, loss_cls: 0.8083, loss_kpt: 46.4945, loss_flow: 0.5585, loss_bone: 0.0000, loss: 47.8612, grad_norm: 1225.1783
2026-06-14 08:31:13,247 - mmdet - INFO - Epoch [1][750/2811]	lr: 2.000e-06, eta: 1:29:07, time: 0.386, data_time: 0.021, memory: 693, loss_cls: 0.7919, loss_kpt: 45.9181, loss_flow: 0.5320, loss_bone: 0.0000, loss: 47.2420, grad_norm: 1192.4862
2026-06-14 08:31:32,660 - mmdet - INFO - Epoch [1][800/2811]	lr: 2.000e-06, eta: 1:28:36, time: 0.388, data_time: 0.021, memory: 693, loss_cls: 0.7669, loss_kpt: 45.2943, loss_flow: 0.5357, loss_bone: 0.0000, loss: 46.5970, grad_norm: 1421.5684
2026-06-14 08:31:53,327 - mmdet - INFO - Epoch [1][850/2811]	lr: 2.000e-06, eta: 1:28:25, time: 0.413, data_time: 0.022, memory: 693, loss_cls: 0.7586, loss_kpt: 43.0350, loss_flow: 0.4910, loss_bone: 0.0000, loss: 44.2846, grad_norm: 1289.7195
2026-06-14 08:32:12,430 - mmdet - INFO - Epoch [1][900/2811]	lr: 2.000e-06, eta: 1:27:51, time: 0.382, data_time: 0.019, memory: 693, loss_cls: 0.7519, loss_kpt: 43.0201, loss_flow: 0.4919, loss_bone: 0.0000, loss: 44.2640, grad_norm: 1303.5792
2026-06-14 08:32:30,759 - mmdet - INFO - Epoch [1][950/2811]	lr: 2.000e-06, eta: 1:27:07, time: 0.367, data_time: 0.019, memory: 693, loss_cls: 0.7305, loss_kpt: 41.9780, loss_flow: 0.4829, loss_bone: 0.0000, loss: 43.1914, grad_norm: 1259.8668
2026-06-14 08:32:50,039 - mmdet - INFO - Exp name: wi_tidir_wifi_mamba2_flattened_flow_noise_0.py
2026-06-14 08:32:50,039 - mmdet - INFO - Epoch [1][1000/2811]	lr: 2.000e-06, eta: 1:26:39, time: 0.386, data_time: 0.020, memory: 693, loss_cls: 0.7278, loss_kpt: 39.3290, loss_flow: 0.4377, loss_bone: 0.0000, loss: 40.4945, grad_norm: 1224.5138
2026-06-14 08:33:09,112 - mmdet - INFO - Epoch [1][1050/2811]	lr: 2.000e-06, eta: 1:26:08, time: 0.381, data_time: 0.019, memory: 693, loss_cls: 0.7230, loss_kpt: 38.6362, loss_flow: 0.4223, loss_bone: 0.0000, loss: 39.7816, grad_norm: 1297.7318
2026-06-14 08:33:28,694 - mmdet - INFO - Epoch [1][1100/2811]	lr: 2.000e-06, eta: 1:25:45, time: 0.392, data_time: 0.020, memory: 693, loss_cls: 0.7187, loss_kpt: 37.2085, loss_flow: 0.4085, loss_bone: 0.0000, loss: 38.3357, grad_norm: 1398.0836
2026-06-14 08:33:48,843 - mmdet - INFO - Epoch [1][1150/2811]	lr: 2.000e-06, eta: 1:25:28, time: 0.403, data_time: 0.019, memory: 693, loss_cls: 0.7137, loss_kpt: 36.5048, loss_flow: 0.3975, loss_bone: 0.0000, loss: 37.6161, grad_norm: 1275.6609
2026-06-14 08:34:10,664 - mmdet - INFO - Epoch [1][1200/2811]	lr: 2.000e-06, eta: 1:25:29, time: 0.436, data_time: 0.019, memory: 693, loss_cls: 0.7097, loss_kpt: 35.5983, loss_flow: 0.3831, loss_bone: 0.0000, loss: 36.6911, grad_norm: 1300.9186
2026-06-14 08:34:31,142 - mmdet - INFO - Epoch [1][1250/2811]	lr: 2.000e-06, eta: 1:25:15, time: 0.410, data_time: 0.019, memory: 693, loss_cls: 0.7071, loss_kpt: 34.5350, loss_flow: 0.3653, loss_bone: 0.0000, loss: 35.6074, grad_norm: 1295.8027
2026-06-14 08:34:50,661 - mmdet - INFO - Epoch [1][1300/2811]	lr: 2.000e-06, eta: 1:24:50, time: 0.390, data_time: 0.019, memory: 693, loss_cls: 0.6997, loss_kpt: 34.0453, loss_flow: 0.3515, loss_bone: 0.0000, loss: 35.0964, grad_norm: 1277.8028
2026-06-14 08:35:10,120 - mmdet - INFO - Epoch [1][1350/2811]	lr: 2.000e-06, eta: 1:24:26, time: 0.389, data_time: 0.020, memory: 693, loss_cls: 0.6963, loss_kpt: 33.3413, loss_flow: 0.3467, loss_bone: 0.0000, loss: 34.3843, grad_norm: 1318.1544
2026-06-14 08:35:31,565 - mmdet - INFO - Epoch [1][1400/2811]	lr: 2.000e-06, eta: 1:24:19, time: 0.429, data_time: 0.021, memory: 693, loss_cls: 0.6969, loss_kpt: 32.8536, loss_flow: 0.3400, loss_bone: 0.0000, loss: 33.8904, grad_norm: 1474.0754
2026-06-14 08:35:51,239 - mmdet - INFO - Epoch [1][1450/2811]	lr: 2.000e-06, eta: 1:23:57, time: 0.393, data_time: 0.020, memory: 693, loss_cls: 0.6956, loss_kpt: 31.9167, loss_flow: 0.3306, loss_bone: 0.0000, loss: 32.9430, grad_norm: 1197.8031
2026-06-14 08:36:11,582 - mmdet - INFO - Epoch [1][1500/2811]	lr: 2.000e-06, eta: 1:23:40, time: 0.407, data_time: 0.019, memory: 693, loss_cls: 0.6913, loss_kpt: 31.5477, loss_flow: 0.3149, loss_bone: 0.0000, loss: 32.5539, grad_norm: 1213.8829
2026-06-14 08:36:31,091 - mmdet - INFO - Epoch [1][1550/2811]	lr: 2.000e-06, eta: 1:23:16, time: 0.390, data_time: 0.019, memory: 693, loss_cls: 0.6877, loss_kpt: 31.5995, loss_flow: 0.3204, loss_bone: 0.0000, loss: 32.6077, grad_norm: 1273.9854
2026-06-14 08:36:51,003 - mmdet - INFO - Epoch [1][1600/2811]	lr: 2.000e-06, eta: 1:22:55, time: 0.398, data_time: 0.019, memory: 693, loss_cls: 0.6920, loss_kpt: 31.0152, loss_flow: 0.3144, loss_bone: 0.0000, loss: 32.0216, grad_norm: 1284.5493
2026-06-14 08:37:13,110 - mmdet - INFO - Epoch [1][1650/2811]	lr: 2.000e-06, eta: 1:22:51, time: 0.442, data_time: 0.018, memory: 693, loss_cls: 0.6874, loss_kpt: 30.4567, loss_flow: 0.3001, loss_bone: 0.0000, loss: 31.4442, grad_norm: 1269.0998
2026-06-14 08:37:35,496 - mmdet - INFO - Epoch [1][1700/2811]	lr: 2.000e-06, eta: 1:22:48, time: 0.448, data_time: 0.019, memory: 693, loss_cls: 0.6854, loss_kpt: 29.8626, loss_flow: 0.2905, loss_bone: 0.0000, loss: 30.8385, grad_norm: 1106.3678
2026-06-14 08:37:57,750 - mmdet - INFO - Epoch [1][1750/2811]	lr: 2.000e-06, eta: 1:22:43, time: 0.445, data_time: 0.020, memory: 693, loss_cls: 0.6892, loss_kpt: 29.7101, loss_flow: 0.2985, loss_bone: 0.0000, loss: 30.6978, grad_norm: 1060.9714
2026-06-14 08:38:17,936 - mmdet - INFO - Epoch [1][1800/2811]	lr: 2.000e-06, eta: 1:22:23, time: 0.404, data_time: 0.019, memory: 693, loss_cls: 0.6823, loss_kpt: 29.3439, loss_flow: 0.2864, loss_bone: 0.0000, loss: 30.3125, grad_norm: 1085.7906
2026-06-14 08:38:39,549 - mmdet - INFO - Epoch [1][1850/2811]	lr: 2.000e-06, eta: 1:22:13, time: 0.432, data_time: 0.019, memory: 693, loss_cls: 0.6834, loss_kpt: 28.5859, loss_flow: 0.2726, loss_bone: 0.0000, loss: 29.5419, grad_norm: 1122.8916
2026-06-14 08:39:00,928 - mmdet - INFO - Epoch [1][1900/2811]	lr: 2.000e-06, eta: 1:22:00, time: 0.428, data_time: 0.020, memory: 693, loss_cls: 0.6864, loss_kpt: 28.6569, loss_flow: 0.2819, loss_bone: 0.0000, loss: 29.6252, grad_norm: 1069.1532
2026-06-14 08:39:20,246 - mmdet - INFO - Epoch [1][1950/2811]	lr: 2.000e-06, eta: 1:21:34, time: 0.386, data_time: 0.020, memory: 693, loss_cls: 0.6817, loss_kpt: 28.6118, loss_flow: 0.2733, loss_bone: 0.0000, loss: 29.5668, grad_norm: 1009.0120
2026-06-14 08:39:39,572 - mmdet - INFO - Exp name: wi_tidir_wifi_mamba2_flattened_flow_noise_0.py
2026-06-14 08:39:39,572 - mmdet - INFO - Epoch [1][2000/2811]	lr: 2.000e-06, eta: 1:21:08, time: 0.387, data_time: 0.019, memory: 693, loss_cls: 0.6816, loss_kpt: 28.2119, loss_flow: 0.2654, loss_bone: 0.0000, loss: 29.1589, grad_norm: 1061.9433
2026-06-14 08:39:58,614 - mmdet - INFO - Epoch [1][2050/2811]	lr: 2.000e-06, eta: 1:20:41, time: 0.381, data_time: 0.020, memory: 693, loss_cls: 0.6853, loss_kpt: 27.4196, loss_flow: 0.2581, loss_bone: 0.0000, loss: 28.3629, grad_norm: 1049.8577
2026-06-14 08:40:17,247 - mmdet - INFO - Epoch [1][2100/2811]	lr: 2.000e-06, eta: 1:20:13, time: 0.373, data_time: 0.019, memory: 693, loss_cls: 0.6786, loss_kpt: 27.4021, loss_flow: 0.2563, loss_bone: 0.0000, loss: 28.3370, grad_norm: 1004.5890
2026-06-14 08:40:36,258 - mmdet - INFO - Epoch [1][2150/2811]	lr: 2.000e-06, eta: 1:19:46, time: 0.380, data_time: 0.020, memory: 693, loss_cls: 0.6777, loss_kpt: 27.6964, loss_flow: 0.2549, loss_bone: 0.0000, loss: 28.6291, grad_norm: 1001.8374
2026-06-14 08:40:56,314 - mmdet - INFO - Epoch [1][2200/2811]	lr: 2.000e-06, eta: 1:19:26, time: 0.401, data_time: 0.020, memory: 693, loss_cls: 0.6771, loss_kpt: 27.3293, loss_flow: 0.2519, loss_bone: 0.0000, loss: 28.2583, grad_norm: 971.8384
2026-06-14 08:41:18,611 - mmdet - INFO - Epoch [1][2250/2811]	lr: 2.000e-06, eta: 1:19:17, time: 0.446, data_time: 0.018, memory: 693, loss_cls: 0.6742, loss_kpt: 26.9164, loss_flow: 0.2437, loss_bone: 0.0000, loss: 27.8344, grad_norm: 877.3870
2026-06-14 08:41:37,897 - mmdet - INFO - Epoch [1][2300/2811]	lr: 2.000e-06, eta: 1:18:53, time: 0.386, data_time: 0.020, memory: 693, loss_cls: 0.6805, loss_kpt: 27.0370, loss_flow: 0.2414, loss_bone: 0.0000, loss: 27.9589, grad_norm: 866.7689
2026-06-14 08:41:57,094 - mmdet - INFO - Epoch [1][2350/2811]	lr: 2.000e-06, eta: 1:18:28, time: 0.384, data_time: 0.021, memory: 693, loss_cls: 0.6764, loss_kpt: 26.8048, loss_flow: 0.2378, loss_bone: 0.0000, loss: 27.7191, grad_norm: 846.6773
2026-06-14 08:42:16,283 - mmdet - INFO - Epoch [1][2400/2811]	lr: 2.000e-06, eta: 1:18:03, time: 0.384, data_time: 0.020, memory: 693, loss_cls: 0.6758, loss_kpt: 26.6570, loss_flow: 0.2329, loss_bone: 0.0000, loss: 27.5656, grad_norm: 866.4993
2026-06-14 08:42:35,603 - mmdet - INFO - Epoch [1][2450/2811]	lr: 2.000e-06, eta: 1:17:40, time: 0.386, data_time: 0.019, memory: 693, loss_cls: 0.6697, loss_kpt: 26.7225, loss_flow: 0.2280, loss_bone: 0.0000, loss: 27.6203, grad_norm: 854.0561
2026-06-14 08:42:54,734 - mmdet - INFO - Epoch [1][2500/2811]	lr: 2.000e-06, eta: 1:17:15, time: 0.383, data_time: 0.019, memory: 693, loss_cls: 0.6727, loss_kpt: 26.9330, loss_flow: 0.2365, loss_bone: 0.0000, loss: 27.8422, grad_norm: 980.7849
2026-06-14 08:43:13,270 - mmdet - INFO - Epoch [1][2550/2811]	lr: 2.000e-06, eta: 1:16:48, time: 0.371, data_time: 0.020, memory: 693, loss_cls: 0.6700, loss_kpt: 26.5301, loss_flow: 0.2284, loss_bone: 0.0000, loss: 27.4285, grad_norm: 865.6637
2026-06-14 08:43:32,620 - mmdet - INFO - Epoch [1][2600/2811]	lr: 2.000e-06, eta: 1:16:25, time: 0.387, data_time: 0.021, memory: 693, loss_cls: 0.6712, loss_kpt: 26.7774, loss_flow: 0.2292, loss_bone: 0.0000, loss: 27.6779, grad_norm: 903.2127
2026-06-14 08:43:51,739 - mmdet - INFO - Epoch [1][2650/2811]	lr: 2.000e-06, eta: 1:16:01, time: 0.382, data_time: 0.020, memory: 693, loss_cls: 0.6719, loss_kpt: 26.7331, loss_flow: 0.2245, loss_bone: 0.0000, loss: 27.6296, grad_norm: 922.8391
2026-06-14 08:44:10,919 - mmdet - INFO - Epoch [1][2700/2811]	lr: 2.000e-06, eta: 1:15:38, time: 0.384, data_time: 0.021, memory: 693, loss_cls: 0.6641, loss_kpt: 26.0537, loss_flow: 0.2126, loss_bone: 0.0000, loss: 26.9305, grad_norm: 788.7174
2026-06-14 08:44:30,280 - mmdet - INFO - Epoch [1][2750/2811]	lr: 2.000e-06, eta: 1:15:15, time: 0.387, data_time: 0.021, memory: 693, loss_cls: 0.6718, loss_kpt: 26.1627, loss_flow: 0.2086, loss_bone: 0.0000, loss: 27.0431, grad_norm: 876.9362
2026-06-14 08:44:49,355 - mmdet - INFO - Epoch [1][2800/2811]	lr: 2.000e-06, eta: 1:14:52, time: 0.381, data_time: 0.020, memory: 693, loss_cls: 0.6640, loss_kpt: 25.8111, loss_flow: 0.2086, loss_bone: 0.0000, loss: 26.6837, grad_norm: 823.3348
2026-06-14 08:44:53,591 - mmdet - INFO - Updating latest checkpoint at 1 epochs
2026-06-14 08:44:53,709 - mmdet - INFO - [BoneLossWarmup] Epoch 2/5 | Warmup: 1e, Ramp: 1e | Bone weight -> 1.0000
2026-06-14 08:45:15,403 - mmdet - INFO - Epoch [2][50/2811]	lr: 2.000e-06, eta: 1:14:17, time: 0.434, data_time: 0.072, memory: 693, loss_cls: 0.6707, loss_kpt: 25.2978, loss_flow: 0.1923, loss_bone: 0.0947, loss: 26.2555, grad_norm: 777.7874
2026-06-14 08:45:35,351 - mmdet - INFO - Epoch [2][100/2811]	lr: 2.000e-06, eta: 1:13:57, time: 0.399, data_time: 0.019, memory: 693, loss_cls: 0.6666, loss_kpt: 25.4400, loss_flow: 0.1960, loss_bone: 0.0958, loss: 26.3984, grad_norm: 760.2622
2026-06-14 08:45:56,059 - mmdet - INFO - Epoch [2][150/2811]	lr: 2.000e-06, eta: 1:13:40, time: 0.414, data_time: 0.020, memory: 693, loss_cls: 0.6604, loss_kpt: 25.8965, loss_flow: 0.2015, loss_bone: 0.0934, loss: 26.8519, grad_norm: 787.3322
2026-06-14 08:46:18,143 - mmdet - INFO - Epoch [2][200/2811]	lr: 2.000e-06, eta: 1:13:28, time: 0.442, data_time: 0.020, memory: 693, loss_cls: 0.6638, loss_kpt: 25.5713, loss_flow: 0.1923, loss_bone: 0.0922, loss: 26.5195, grad_norm: 746.1654
2026-06-14 08:46:40,870 - mmdet - INFO - Epoch [2][250/2811]	lr: 2.000e-06, eta: 1:13:18, time: 0.455, data_time: 0.021, memory: 693, loss_cls: 0.6609, loss_kpt: 25.1057, loss_flow: 0.1827, loss_bone: 0.0933, loss: 26.0427, grad_norm: 702.5884
2026-06-14 08:47:03,158 - mmdet - INFO - Epoch [2][300/2811]	lr: 2.000e-06, eta: 1:13:06, time: 0.446, data_time: 0.021, memory: 693, loss_cls: 0.6611, loss_kpt: 25.5013, loss_flow: 0.1956, loss_bone: 0.0944, loss: 26.4523, grad_norm: 822.1936
2026-06-14 08:47:23,528 - mmdet - INFO - Epoch [2][350/2811]	lr: 2.000e-06, eta: 1:12:47, time: 0.407, data_time: 0.019, memory: 693, loss_cls: 0.6618, loss_kpt: 25.5004, loss_flow: 0.1884, loss_bone: 0.0921, loss: 26.4427, grad_norm: 831.0253
2026-06-14 08:47:45,727 - mmdet - INFO - Epoch [2][400/2811]	lr: 2.000e-06, eta: 1:12:35, time: 0.444, data_time: 0.018, memory: 693, loss_cls: 0.6603, loss_kpt: 25.4927, loss_flow: 0.1885, loss_bone: 0.0925, loss: 26.4340, grad_norm: 744.9699
2026-06-14 08:48:07,911 - mmdet - INFO - Epoch [2][450/2811]	lr: 2.000e-06, eta: 1:12:21, time: 0.444, data_time: 0.019, memory: 693, loss_cls: 0.6647, loss_kpt: 25.2519, loss_flow: 0.1835, loss_bone: 0.0942, loss: 26.1943, grad_norm: 854.7649
2026-06-14 08:48:24,533 - mmdet - INFO - Epoch [2][500/2811]	lr: 2.000e-06, eta: 1:11:50, time: 0.332, data_time: 0.018, memory: 693, loss_cls: 0.6608, loss_kpt: 25.1507, loss_flow: 0.1896, loss_bone: 0.0938, loss: 26.0950, grad_norm: 674.2860
2026-06-14 08:48:42,371 - mmdet - INFO - Epoch [2][550/2811]	lr: 2.000e-06, eta: 1:11:23, time: 0.357, data_time: 0.018, memory: 693, loss_cls: 0.6600, loss_kpt: 25.2051, loss_flow: 0.1777, loss_bone: 0.0923, loss: 26.1352, grad_norm: 772.0315
2026-06-14 08:49:02,827 - mmdet - INFO - Epoch [2][600/2811]	lr: 2.000e-06, eta: 1:11:04, time: 0.409, data_time: 0.019, memory: 693, loss_cls: 0.6596, loss_kpt: 25.2802, loss_flow: 0.1802, loss_bone: 0.0920, loss: 26.2121, grad_norm: 754.1793
2026-06-14 08:49:25,177 - mmdet - INFO - Epoch [2][650/2811]	lr: 2.000e-06, eta: 1:10:51, time: 0.447, data_time: 0.021, memory: 693, loss_cls: 0.6573, loss_kpt: 24.9662, loss_flow: 0.1694, loss_bone: 0.0911, loss: 25.8840, grad_norm: 735.2399
2026-06-14 08:49:44,827 - mmdet - INFO - Epoch [2][700/2811]	lr: 2.000e-06, eta: 1:10:30, time: 0.393, data_time: 0.021, memory: 693, loss_cls: 0.6611, loss_kpt: 24.6030, loss_flow: 0.1782, loss_bone: 0.0935, loss: 25.5357, grad_norm: 718.7429
2026-06-14 08:50:04,183 - mmdet - INFO - Epoch [2][750/2811]	lr: 2.000e-06, eta: 1:10:08, time: 0.387, data_time: 0.021, memory: 693, loss_cls: 0.6596, loss_kpt: 24.6948, loss_flow: 0.1763, loss_bone: 0.0904, loss: 25.6211, grad_norm: 739.7841
2026-06-14 08:50:24,081 - mmdet - INFO - Epoch [2][800/2811]	lr: 2.000e-06, eta: 1:09:47, time: 0.398, data_time: 0.020, memory: 693, loss_cls: 0.6583, loss_kpt: 24.5412, loss_flow: 0.1694, loss_bone: 0.0914, loss: 25.4603, grad_norm: 667.2758
2026-06-14 08:50:45,923 - mmdet - INFO - Epoch [2][850/2811]	lr: 2.000e-06, eta: 1:09:32, time: 0.437, data_time: 0.023, memory: 693, loss_cls: 0.6566, loss_kpt: 24.7523, loss_flow: 0.1668, loss_bone: 0.0914, loss: 25.6671, grad_norm: 662.5605
2026-06-14 08:51:06,337 - mmdet - INFO - Epoch [2][900/2811]	lr: 2.000e-06, eta: 1:09:13, time: 0.408, data_time: 0.019, memory: 693, loss_cls: 0.6540, loss_kpt: 24.4229, loss_flow: 0.1654, loss_bone: 0.0910, loss: 25.3333, grad_norm: 685.9549
2026-06-14 08:51:26,526 - mmdet - INFO - Epoch [2][950/2811]	lr: 2.000e-06, eta: 1:08:53, time: 0.404, data_time: 0.020, memory: 693, loss_cls: 0.6499, loss_kpt: 24.6178, loss_flow: 0.1658, loss_bone: 0.0919, loss: 25.5254, grad_norm: 607.8413
2026-06-14 08:51:48,994 - mmdet - INFO - Epoch [2][1000/2811]	lr: 2.000e-06, eta: 1:08:40, time: 0.449, data_time: 0.020, memory: 693, loss_cls: 0.6508, loss_kpt: 24.3616, loss_flow: 0.1647, loss_bone: 0.0907, loss: 25.2678, grad_norm: 609.7477
2026-06-14 08:52:09,102 - mmdet - INFO - Epoch [2][1050/2811]	lr: 2.000e-06, eta: 1:08:20, time: 0.402, data_time: 0.020, memory: 693, loss_cls: 0.6472, loss_kpt: 24.6469, loss_flow: 0.1664, loss_bone: 0.0903, loss: 25.5509, grad_norm: 627.5214
2026-06-14 08:52:28,567 - mmdet - INFO - Epoch [2][1100/2811]	lr: 2.000e-06, eta: 1:07:58, time: 0.389, data_time: 0.020, memory: 693, loss_cls: 0.6495, loss_kpt: 24.3665, loss_flow: 0.1656, loss_bone: 0.0925, loss: 25.2741, grad_norm: 660.5466
2026-06-14 08:52:51,512 - mmdet - INFO - Epoch [2][1150/2811]	lr: 2.000e-06, eta: 1:07:45, time: 0.459, data_time: 0.021, memory: 693, loss_cls: 0.6493, loss_kpt: 24.0258, loss_flow: 0.1579, loss_bone: 0.0903, loss: 24.9233, grad_norm: 604.6568
2026-06-14 08:53:13,976 - mmdet - INFO - Epoch [2][1200/2811]	lr: 2.000e-06, eta: 1:07:31, time: 0.449, data_time: 0.021, memory: 693, loss_cls: 0.6448, loss_kpt: 23.9518, loss_flow: 0.1532, loss_bone: 0.0909, loss: 24.8408, grad_norm: 571.0419
2026-06-14 08:53:35,954 - mmdet - INFO - Epoch [2][1250/2811]	lr: 2.000e-06, eta: 1:07:15, time: 0.440, data_time: 0.021, memory: 693, loss_cls: 0.6504, loss_kpt: 24.3516, loss_flow: 0.1552, loss_bone: 0.0926, loss: 25.2497, grad_norm: 695.3329
2026-06-14 08:53:55,211 - mmdet - INFO - Epoch [2][1300/2811]	lr: 2.000e-06, eta: 1:06:53, time: 0.385, data_time: 0.021, memory: 693, loss_cls: 0.6465, loss_kpt: 24.1514, loss_flow: 0.1478, loss_bone: 0.0903, loss: 25.0359, grad_norm: 677.8688
2026-06-14 08:54:16,135 - mmdet - INFO - Epoch [2][1350/2811]	lr: 2.000e-06, eta: 1:06:34, time: 0.418, data_time: 0.021, memory: 693, loss_cls: 0.6423, loss_kpt: 23.9495, loss_flow: 0.1516, loss_bone: 0.0908, loss: 24.8343, grad_norm: 588.4626
2026-06-14 08:54:36,495 - mmdet - INFO - Epoch [2][1400/2811]	lr: 2.000e-06, eta: 1:06:14, time: 0.407, data_time: 0.020, memory: 693, loss_cls: 0.6445, loss_kpt: 24.3655, loss_flow: 0.1584, loss_bone: 0.0905, loss: 25.2589, grad_norm: 646.9647
2026-06-14 08:54:55,947 - mmdet - INFO - Epoch [2][1450/2811]	lr: 2.000e-06, eta: 1:05:52, time: 0.389, data_time: 0.019, memory: 693, loss_cls: 0.6413, loss_kpt: 23.9918, loss_flow: 0.1491, loss_bone: 0.0911, loss: 24.8733, grad_norm: 568.3038
2026-06-14 08:55:15,100 - mmdet - INFO - Epoch [2][1500/2811]	lr: 2.000e-06, eta: 1:05:30, time: 0.383, data_time: 0.019, memory: 693, loss_cls: 0.6416, loss_kpt: 24.1696, loss_flow: 0.1498, loss_bone: 0.0905, loss: 25.0515, grad_norm: 554.7235
2026-06-14 08:55:33,768 - mmdet - INFO - Epoch [2][1550/2811]	lr: 2.000e-06, eta: 1:05:06, time: 0.373, data_time: 0.020, memory: 693, loss_cls: 0.6418, loss_kpt: 24.0482, loss_flow: 0.1530, loss_bone: 0.0894, loss: 24.9324, grad_norm: 585.6305
2026-06-14 08:55:54,608 - mmdet - INFO - Epoch [2][1600/2811]	lr: 2.000e-06, eta: 1:04:48, time: 0.417, data_time: 0.020, memory: 693, loss_cls: 0.6433, loss_kpt: 23.8686, loss_flow: 0.1477, loss_bone: 0.0894, loss: 24.7490, grad_norm: 580.0097
2026-06-14 08:56:14,436 - mmdet - INFO - Epoch [2][1650/2811]	lr: 2.000e-06, eta: 1:04:27, time: 0.397, data_time: 0.020, memory: 693, loss_cls: 0.6454, loss_kpt: 23.7409, loss_flow: 0.1473, loss_bone: 0.0895, loss: 24.6231, grad_norm: 615.7539
2026-06-14 08:56:36,920 - mmdet - INFO - Epoch [2][1700/2811]	lr: 2.000e-06, eta: 1:04:12, time: 0.450, data_time: 0.020, memory: 693, loss_cls: 0.6410, loss_kpt: 23.9834, loss_flow: 0.1427, loss_bone: 0.0915, loss: 24.8586, grad_norm: 562.1843
2026-06-14 08:56:56,931 - mmdet - INFO - Epoch [2][1750/2811]	lr: 2.000e-06, eta: 1:03:51, time: 0.400, data_time: 0.020, memory: 693, loss_cls: 0.6380, loss_kpt: 23.7019, loss_flow: 0.1417, loss_bone: 0.0906, loss: 24.5722, grad_norm: 544.0465
2026-06-14 08:57:16,176 - mmdet - INFO - Epoch [2][1800/2811]	lr: 2.000e-06, eta: 1:03:29, time: 0.385, data_time: 0.019, memory: 693, loss_cls: 0.6408, loss_kpt: 23.6450, loss_flow: 0.1456, loss_bone: 0.0899, loss: 24.5213, grad_norm: 636.4372
2026-06-14 08:57:35,472 - mmdet - INFO - Epoch [2][1850/2811]	lr: 2.000e-06, eta: 1:03:07, time: 0.386, data_time: 0.019, memory: 693, loss_cls: 0.6354, loss_kpt: 24.2110, loss_flow: 0.1435, loss_bone: 0.0898, loss: 25.0798, grad_norm: 553.3435
2026-06-14 08:57:55,308 - mmdet - INFO - Epoch [2][1900/2811]	lr: 2.000e-06, eta: 1:02:46, time: 0.397, data_time: 0.018, memory: 693, loss_cls: 0.6365, loss_kpt: 23.7555, loss_flow: 0.1447, loss_bone: 0.0895, loss: 24.6262, grad_norm: 621.8609
2026-06-14 08:58:16,898 - mmdet - INFO - Epoch [2][1950/2811]	lr: 2.000e-06, eta: 1:02:29, time: 0.432, data_time: 0.018, memory: 693, loss_cls: 0.6352, loss_kpt: 23.7879, loss_flow: 0.1380, loss_bone: 0.0893, loss: 24.6504, grad_norm: 607.2681
2026-06-14 08:58:39,340 - mmdet - INFO - Epoch [2][2000/2811]	lr: 2.000e-06, eta: 1:02:13, time: 0.449, data_time: 0.021, memory: 693, loss_cls: 0.6340, loss_kpt: 23.4887, loss_flow: 0.1309, loss_bone: 0.0915, loss: 24.3451, grad_norm: 598.1655
2026-06-14 08:59:00,536 - mmdet - INFO - Epoch [2][2050/2811]	lr: 2.000e-06, eta: 1:01:55, time: 0.424, data_time: 0.020, memory: 693, loss_cls: 0.6363, loss_kpt: 23.8245, loss_flow: 0.1301, loss_bone: 0.0908, loss: 24.6816, grad_norm: 572.1605
2026-06-14 08:59:17,508 - mmdet - INFO - Epoch [2][2100/2811]	lr: 2.000e-06, eta: 1:01:29, time: 0.339, data_time: 0.017, memory: 693, loss_cls: 0.6310, loss_kpt: 23.3767, loss_flow: 0.1298, loss_bone: 0.0894, loss: 24.2269, grad_norm: 539.5248
2026-06-14 08:59:38,624 - mmdet - INFO - Epoch [2][2150/2811]	lr: 2.000e-06, eta: 1:01:10, time: 0.422, data_time: 0.020, memory: 693, loss_cls: 0.6339, loss_kpt: 23.7695, loss_flow: 0.1353, loss_bone: 0.0887, loss: 24.6274, grad_norm: 663.8406
2026-06-14 08:59:58,954 - mmdet - INFO - Epoch [2][2200/2811]	lr: 2.000e-06, eta: 1:00:50, time: 0.407, data_time: 0.020, memory: 693, loss_cls: 0.6261, loss_kpt: 23.4924, loss_flow: 0.1319, loss_bone: 0.0910, loss: 24.3413, grad_norm: 513.9964
2026-06-14 09:00:19,240 - mmdet - INFO - Epoch [2][2250/2811]	lr: 2.000e-06, eta: 1:00:30, time: 0.406, data_time: 0.020, memory: 693, loss_cls: 0.6350, loss_kpt: 24.0914, loss_flow: 0.1342, loss_bone: 0.0904, loss: 24.9510, grad_norm: 620.6842
2026-06-14 09:00:36,710 - mmdet - INFO - Epoch [2][2300/2811]	lr: 2.000e-06, eta: 1:00:05, time: 0.349, data_time: 0.019, memory: 693, loss_cls: 0.6370, loss_kpt: 23.3357, loss_flow: 0.1275, loss_bone: 0.0899, loss: 24.1901, grad_norm: 503.0638
2026-06-14 09:00:56,264 - mmdet - INFO - Epoch [2][2350/2811]	lr: 2.000e-06, eta: 0:59:44, time: 0.391, data_time: 0.020, memory: 693, loss_cls: 0.6337, loss_kpt: 23.5552, loss_flow: 0.1287, loss_bone: 0.0921, loss: 24.4097, grad_norm: 573.4161
2026-06-14 09:01:16,867 - mmdet - INFO - Epoch [2][2400/2811]	lr: 2.000e-06, eta: 0:59:25, time: 0.412, data_time: 0.021, memory: 693, loss_cls: 0.6296, loss_kpt: 23.4145, loss_flow: 0.1247, loss_bone: 0.0895, loss: 24.2582, grad_norm: 474.0671
2026-06-14 09:01:37,018 - mmdet - INFO - Epoch [2][2450/2811]	lr: 2.000e-06, eta: 0:59:05, time: 0.403, data_time: 0.020, memory: 693, loss_cls: 0.6303, loss_kpt: 23.8455, loss_flow: 0.1280, loss_bone: 0.0907, loss: 24.6944, grad_norm: 628.7447
2026-06-14 09:01:56,410 - mmdet - INFO - Epoch [2][2500/2811]	lr: 2.000e-06, eta: 0:58:43, time: 0.388, data_time: 0.021, memory: 693, loss_cls: 0.6300, loss_kpt: 23.8148, loss_flow: 0.1425, loss_bone: 0.0910, loss: 24.6783, grad_norm: 570.8530
2026-06-14 09:02:15,847 - mmdet - INFO - Epoch [2][2550/2811]	lr: 2.000e-06, eta: 0:58:22, time: 0.389, data_time: 0.021, memory: 693, loss_cls: 0.6329, loss_kpt: 23.6056, loss_flow: 0.1255, loss_bone: 0.0901, loss: 24.4541, grad_norm: 538.2910
2026-06-14 09:02:35,819 - mmdet - INFO - Epoch [2][2600/2811]	lr: 2.000e-06, eta: 0:58:01, time: 0.399, data_time: 0.020, memory: 693, loss_cls: 0.6260, loss_kpt: 24.0635, loss_flow: 0.1330, loss_bone: 0.0901, loss: 24.9127, grad_norm: 627.2825
2026-06-14 09:02:55,070 - mmdet - INFO - Epoch [2][2650/2811]	lr: 2.000e-06, eta: 0:57:40, time: 0.385, data_time: 0.020, memory: 693, loss_cls: 0.6215, loss_kpt: 23.5169, loss_flow: 0.1197, loss_bone: 0.0897, loss: 24.3478, grad_norm: 484.0015
2026-06-14 09:03:14,654 - mmdet - INFO - Epoch [2][2700/2811]	lr: 2.000e-06, eta: 0:57:19, time: 0.392, data_time: 0.020, memory: 693, loss_cls: 0.6265, loss_kpt: 23.7023, loss_flow: 0.1223, loss_bone: 0.0905, loss: 24.5417, grad_norm: 487.9301
2026-06-14 09:03:34,002 - mmdet - INFO - Epoch [2][2750/2811]	lr: 2.000e-06, eta: 0:56:58, time: 0.387, data_time: 0.020, memory: 693, loss_cls: 0.6329, loss_kpt: 23.2943, loss_flow: 0.1175, loss_bone: 0.0905, loss: 24.1352, grad_norm: 514.5870
2026-06-14 09:03:54,276 - mmdet - INFO - Epoch [2][2800/2811]	lr: 2.000e-06, eta: 0:56:38, time: 0.405, data_time: 0.020, memory: 693, loss_cls: 0.6255, loss_kpt: 23.3269, loss_flow: 0.1247, loss_bone: 0.0896, loss: 24.1667, grad_norm: 540.7019
2026-06-14 09:03:58,550 - mmdet - INFO - Updating latest checkpoint at 2 epochs
2026-06-14 09:03:58,756 - mmdet - INFO - [BoneLossWarmup] Epoch 3/5 | Warmup: 1e, Ramp: 1e | Bone weight -> 1.0000
2026-06-14 09:04:20,615 - mmdet - INFO - Epoch [3][50/2811]	lr: 2.000e-06, eta: 0:56:09, time: 0.437, data_time: 0.073, memory: 693, loss_cls: 0.6274, loss_kpt: 22.9279, loss_flow: 0.1243, loss_bone: 0.0897, loss: 23.7694, grad_norm: 550.1742
2026-06-14 09:04:41,533 - mmdet - INFO - Epoch [3][100/2811]	lr: 2.000e-06, eta: 0:55:50, time: 0.418, data_time: 0.020, memory: 693, loss_cls: 0.6283, loss_kpt: 23.2336, loss_flow: 0.1121, loss_bone: 0.0892, loss: 24.0632, grad_norm: 471.0247
2026-06-14 09:05:01,075 - mmdet - INFO - Epoch [3][150/2811]	lr: 2.000e-06, eta: 0:55:29, time: 0.391, data_time: 0.020, memory: 693, loss_cls: 0.6242, loss_kpt: 23.1868, loss_flow: 0.1158, loss_bone: 0.0894, loss: 24.0162, grad_norm: 506.6168
2026-06-14 09:05:20,607 - mmdet - INFO - Epoch [3][200/2811]	lr: 2.000e-06, eta: 0:55:08, time: 0.391, data_time: 0.021, memory: 693, loss_cls: 0.6234, loss_kpt: 23.1290, loss_flow: 0.1121, loss_bone: 0.0895, loss: 23.9540, grad_norm: 477.1144
2026-06-14 09:05:41,039 - mmdet - INFO - Epoch [3][250/2811]	lr: 2.000e-06, eta: 0:54:49, time: 0.409, data_time: 0.021, memory: 693, loss_cls: 0.6172, loss_kpt: 23.1226, loss_flow: 0.1123, loss_bone: 0.0887, loss: 23.9408, grad_norm: 481.5699
2026-06-14 09:06:01,747 - mmdet - INFO - Epoch [3][300/2811]	lr: 2.000e-06, eta: 0:54:30, time: 0.414, data_time: 0.021, memory: 693, loss_cls: 0.6205, loss_kpt: 23.2738, loss_flow: 0.1162, loss_bone: 0.0906, loss: 24.1011, grad_norm: 464.3776
2026-06-14 09:06:24,295 - mmdet - INFO - Epoch [3][350/2811]	lr: 2.000e-06, eta: 0:54:13, time: 0.451, data_time: 0.021, memory: 693, loss_cls: 0.6198, loss_kpt: 22.9934, loss_flow: 0.1142, loss_bone: 0.0896, loss: 23.8171, grad_norm: 481.9381
2026-06-14 09:06:45,267 - mmdet - INFO - Epoch [3][400/2811]	lr: 2.000e-06, eta: 0:53:54, time: 0.419, data_time: 0.020, memory: 693, loss_cls: 0.6207, loss_kpt: 23.2393, loss_flow: 0.1089, loss_bone: 0.0916, loss: 24.0606, grad_norm: 540.5057
2026-06-14 09:07:05,039 - mmdet - INFO - Epoch [3][450/2811]	lr: 2.000e-06, eta: 0:53:33, time: 0.395, data_time: 0.020, memory: 693, loss_cls: 0.6198, loss_kpt: 23.3781, loss_flow: 0.1143, loss_bone: 0.0902, loss: 24.2024, grad_norm: 528.3931
2026-06-14 09:07:24,827 - mmdet - INFO - Epoch [3][500/2811]	lr: 2.000e-06, eta: 0:53:13, time: 0.396, data_time: 0.021, memory: 693, loss_cls: 0.6214, loss_kpt: 23.1844, loss_flow: 0.1255, loss_bone: 0.0891, loss: 24.0204, grad_norm: 547.0378
2026-06-14 09:07:47,452 - mmdet - INFO - Epoch [3][550/2811]	lr: 2.000e-06, eta: 0:52:56, time: 0.452, data_time: 0.021, memory: 693, loss_cls: 0.6133, loss_kpt: 23.6998, loss_flow: 0.1247, loss_bone: 0.0891, loss: 24.5269, grad_norm: 520.3074
2026-06-14 09:08:09,982 - mmdet - INFO - Epoch [3][600/2811]	lr: 2.000e-06, eta: 0:52:39, time: 0.451, data_time: 0.020, memory: 693, loss_cls: 0.6165, loss_kpt: 23.1231, loss_flow: 0.1072, loss_bone: 0.0894, loss: 23.9361, grad_norm: 456.3376
2026-06-14 09:08:32,294 - mmdet - INFO - Epoch [3][650/2811]	lr: 2.000e-06, eta: 0:52:21, time: 0.446, data_time: 0.019, memory: 693, loss_cls: 0.6190, loss_kpt: 23.1505, loss_flow: 0.1126, loss_bone: 0.0904, loss: 23.9725, grad_norm: 482.1028
2026-06-14 09:08:53,352 - mmdet - INFO - Epoch [3][700/2811]	lr: 2.000e-06, eta: 0:52:02, time: 0.421, data_time: 0.020, memory: 693, loss_cls: 0.6193, loss_kpt: 23.0641, loss_flow: 0.1081, loss_bone: 0.0911, loss: 23.8826, grad_norm: 505.3560
2026-06-14 09:09:14,075 - mmdet - INFO - Epoch [3][750/2811]	lr: 2.000e-06, eta: 0:51:42, time: 0.414, data_time: 0.020, memory: 693, loss_cls: 0.6175, loss_kpt: 22.8554, loss_flow: 0.1100, loss_bone: 0.0896, loss: 23.6724, grad_norm: 437.2971
2026-06-14 09:09:34,439 - mmdet - INFO - Epoch [3][800/2811]	lr: 2.000e-06, eta: 0:51:22, time: 0.407, data_time: 0.020, memory: 693, loss_cls: 0.6185, loss_kpt: 22.3319, loss_flow: 0.0968, loss_bone: 0.0897, loss: 23.1369, grad_norm: 444.8390
2026-06-14 09:09:55,157 - mmdet - INFO - Epoch [3][850/2811]	lr: 2.000e-06, eta: 0:51:03, time: 0.414, data_time: 0.021, memory: 693, loss_cls: 0.6121, loss_kpt: 23.1243, loss_flow: 0.1081, loss_bone: 0.0890, loss: 23.9335, grad_norm: 462.8989
2026-06-14 09:10:16,230 - mmdet - INFO - Epoch [3][900/2811]	lr: 2.000e-06, eta: 0:50:44, time: 0.421, data_time: 0.020, memory: 693, loss_cls: 0.6136, loss_kpt: 23.3281, loss_flow: 0.1132, loss_bone: 0.0876, loss: 24.1425, grad_norm: 494.7219
2026-06-14 09:10:36,580 - mmdet - INFO - Epoch [3][950/2811]	lr: 2.000e-06, eta: 0:50:24, time: 0.407, data_time: 0.020, memory: 693, loss_cls: 0.6123, loss_kpt: 22.9835, loss_flow: 0.1147, loss_bone: 0.0897, loss: 23.8003, grad_norm: 459.4251
2026-06-14 09:10:56,491 - mmdet - INFO - Epoch [3][1000/2811]	lr: 2.000e-06, eta: 0:50:03, time: 0.398, data_time: 0.020, memory: 693, loss_cls: 0.6126, loss_kpt: 22.7472, loss_flow: 0.1052, loss_bone: 0.0893, loss: 23.5544, grad_norm: 465.5950
2026-06-14 09:11:16,237 - mmdet - INFO - Epoch [3][1050/2811]	lr: 2.000e-06, eta: 0:49:42, time: 0.395, data_time: 0.020, memory: 693, loss_cls: 0.6145, loss_kpt: 22.6623, loss_flow: 0.1083, loss_bone: 0.0900, loss: 23.4751, grad_norm: 474.5892
2026-06-14 09:11:38,543 - mmdet - INFO - Epoch [3][1100/2811]	lr: 2.000e-06, eta: 0:49:24, time: 0.446, data_time: 0.021, memory: 693, loss_cls: 0.6148, loss_kpt: 22.5073, loss_flow: 0.1035, loss_bone: 0.0906, loss: 23.3163, grad_norm: 466.9610
2026-06-14 09:11:57,918 - mmdet - INFO - Epoch [3][1150/2811]	lr: 2.000e-06, eta: 0:49:03, time: 0.387, data_time: 0.020, memory: 693, loss_cls: 0.6081, loss_kpt: 22.8001, loss_flow: 0.0996, loss_bone: 0.0899, loss: 23.5977, grad_norm: 456.5186
2026-06-14 09:12:16,191 - mmdet - INFO - Epoch [3][1200/2811]	lr: 2.000e-06, eta: 0:48:41, time: 0.365, data_time: 0.019, memory: 693, loss_cls: 0.6098, loss_kpt: 22.6586, loss_flow: 0.1069, loss_bone: 0.0897, loss: 23.4651, grad_norm: 429.8456
2026-06-14 09:12:36,223 - mmdet - INFO - Epoch [3][1250/2811]	lr: 2.000e-06, eta: 0:48:21, time: 0.401, data_time: 0.019, memory: 693, loss_cls: 0.6136, loss_kpt: 22.7524, loss_flow: 0.1030, loss_bone: 0.0908, loss: 23.5598, grad_norm: 457.1892
2026-06-14 09:12:55,843 - mmdet - INFO - Epoch [3][1300/2811]	lr: 2.000e-06, eta: 0:48:00, time: 0.392, data_time: 0.020, memory: 693, loss_cls: 0.6129, loss_kpt: 22.4888, loss_flow: 0.1004, loss_bone: 0.0906, loss: 23.2926, grad_norm: 428.2294
2026-06-14 09:13:17,200 - mmdet - INFO - Epoch [3][1350/2811]	lr: 2.000e-06, eta: 0:47:41, time: 0.427, data_time: 0.022, memory: 693, loss_cls: 0.6106, loss_kpt: 22.5788, loss_flow: 0.1036, loss_bone: 0.0903, loss: 23.3834, grad_norm: 496.7959
2026-06-14 09:13:38,087 - mmdet - INFO - Epoch [3][1400/2811]	lr: 2.000e-06, eta: 0:47:21, time: 0.418, data_time: 0.022, memory: 693, loss_cls: 0.6101, loss_kpt: 22.6166, loss_flow: 0.1094, loss_bone: 0.0893, loss: 23.4255, grad_norm: 414.7954
2026-06-14 09:13:56,504 - mmdet - INFO - Epoch [3][1450/2811]	lr: 2.000e-06, eta: 0:46:59, time: 0.368, data_time: 0.021, memory: 693, loss_cls: 0.6107, loss_kpt: 22.4365, loss_flow: 0.1026, loss_bone: 0.0908, loss: 23.2406, grad_norm: 419.7386
2026-06-14 09:14:18,603 - mmdet - INFO - Epoch [3][1500/2811]	lr: 2.000e-06, eta: 0:46:41, time: 0.442, data_time: 0.020, memory: 693, loss_cls: 0.6061, loss_kpt: 22.6687, loss_flow: 0.0984, loss_bone: 0.0898, loss: 23.4631, grad_norm: 409.8836
2026-06-14 09:14:40,926 - mmdet - INFO - Epoch [3][1550/2811]	lr: 2.000e-06, eta: 0:46:23, time: 0.446, data_time: 0.021, memory: 693, loss_cls: 0.6082, loss_kpt: 22.4035, loss_flow: 0.0975, loss_bone: 0.0900, loss: 23.1992, grad_norm: 430.9213
2026-06-14 09:15:00,899 - mmdet - INFO - Epoch [3][1600/2811]	lr: 2.000e-06, eta: 0:46:02, time: 0.399, data_time: 0.021, memory: 693, loss_cls: 0.6106, loss_kpt: 22.2077, loss_flow: 0.0969, loss_bone: 0.0891, loss: 23.0042, grad_norm: 423.8375
2026-06-14 09:15:20,658 - mmdet - INFO - Epoch [3][1650/2811]	lr: 2.000e-06, eta: 0:45:42, time: 0.395, data_time: 0.021, memory: 693, loss_cls: 0.6121, loss_kpt: 22.6068, loss_flow: 0.0961, loss_bone: 0.0895, loss: 23.4045, grad_norm: 423.3509
2026-06-14 09:15:40,038 - mmdet - INFO - Epoch [3][1700/2811]	lr: 2.000e-06, eta: 0:45:21, time: 0.388, data_time: 0.021, memory: 693, loss_cls: 0.6083, loss_kpt: 22.4991, loss_flow: 0.1004, loss_bone: 0.0898, loss: 23.2975, grad_norm: 422.8061
2026-06-14 09:16:00,827 - mmdet - INFO - Epoch [3][1750/2811]	lr: 2.000e-06, eta: 0:45:01, time: 0.416, data_time: 0.020, memory: 693, loss_cls: 0.6080, loss_kpt: 22.5115, loss_flow: 0.1030, loss_bone: 0.0890, loss: 23.3115, grad_norm: 470.6229
2026-06-14 09:16:23,109 - mmdet - INFO - Epoch [3][1800/2811]	lr: 2.000e-06, eta: 0:44:43, time: 0.446, data_time: 0.020, memory: 693, loss_cls: 0.6026, loss_kpt: 22.7416, loss_flow: 0.0989, loss_bone: 0.0911, loss: 23.5342, grad_norm: 469.6692
2026-06-14 09:16:44,660 - mmdet - INFO - Epoch [3][1850/2811]	lr: 2.000e-06, eta: 0:44:24, time: 0.431, data_time: 0.020, memory: 693, loss_cls: 0.6029, loss_kpt: 22.7098, loss_flow: 0.1009, loss_bone: 0.0899, loss: 23.5035, grad_norm: 439.5008
2026-06-14 09:17:00,696 - mmdet - INFO - Epoch [3][1900/2811]	lr: 2.000e-06, eta: 0:44:00, time: 0.321, data_time: 0.017, memory: 693, loss_cls: 0.5989, loss_kpt: 23.0898, loss_flow: 0.1078, loss_bone: 0.0889, loss: 23.8854, grad_norm: 479.5521
2026-06-14 09:17:18,500 - mmdet - INFO - Epoch [3][1950/2811]	lr: 2.000e-06, eta: 0:43:38, time: 0.356, data_time: 0.019, memory: 693, loss_cls: 0.6071, loss_kpt: 22.7513, loss_flow: 0.1004, loss_bone: 0.0904, loss: 23.5493, grad_norm: 467.0397
2026-06-14 09:17:39,003 - mmdet - INFO - Epoch [3][2000/2811]	lr: 2.000e-06, eta: 0:43:18, time: 0.410, data_time: 0.021, memory: 693, loss_cls: 0.6047, loss_kpt: 22.3783, loss_flow: 0.0893, loss_bone: 0.0898, loss: 23.1622, grad_norm: 402.7995
2026-06-14 09:17:58,182 - mmdet - INFO - Epoch [3][2050/2811]	lr: 2.000e-06, eta: 0:42:57, time: 0.384, data_time: 0.021, memory: 693, loss_cls: 0.6021, loss_kpt: 22.1073, loss_flow: 0.0922, loss_bone: 0.0910, loss: 22.8926, grad_norm: 440.7464
2026-06-14 09:18:17,394 - mmdet - INFO - Epoch [3][2100/2811]	lr: 2.000e-06, eta: 0:42:36, time: 0.384, data_time: 0.021, memory: 693, loss_cls: 0.6020, loss_kpt: 22.3064, loss_flow: 0.0939, loss_bone: 0.0902, loss: 23.0924, grad_norm: 443.9322
2026-06-14 09:18:37,971 - mmdet - INFO - Epoch [3][2150/2811]	lr: 2.000e-06, eta: 0:42:16, time: 0.412, data_time: 0.020, memory: 693, loss_cls: 0.6016, loss_kpt: 22.3805, loss_flow: 0.0967, loss_bone: 0.0905, loss: 23.1694, grad_norm: 453.1472
2026-06-14 09:18:59,114 - mmdet - INFO - Epoch [3][2200/2811]	lr: 2.000e-06, eta: 0:41:56, time: 0.423, data_time: 0.020, memory: 693, loss_cls: 0.6049, loss_kpt: 22.4763, loss_flow: 0.0928, loss_bone: 0.0898, loss: 23.2638, grad_norm: 406.4348
2026-06-14 09:19:18,511 - mmdet - INFO - Epoch [3][2250/2811]	lr: 2.000e-06, eta: 0:41:36, time: 0.388, data_time: 0.020, memory: 693, loss_cls: 0.6019, loss_kpt: 21.8982, loss_flow: 0.0886, loss_bone: 0.0900, loss: 22.6787, grad_norm: 384.1233
2026-06-14 09:19:37,803 - mmdet - INFO - Epoch [3][2300/2811]	lr: 2.000e-06, eta: 0:41:15, time: 0.386, data_time: 0.020, memory: 693, loss_cls: 0.6061, loss_kpt: 21.8713, loss_flow: 0.0932, loss_bone: 0.0919, loss: 22.6625, grad_norm: 394.2923
2026-06-14 09:19:57,083 - mmdet - INFO - Epoch [3][2350/2811]	lr: 2.000e-06, eta: 0:40:54, time: 0.386, data_time: 0.019, memory: 693, loss_cls: 0.5943, loss_kpt: 22.4265, loss_flow: 0.0940, loss_bone: 0.0915, loss: 23.2062, grad_norm: 416.9011
2026-06-14 09:20:16,499 - mmdet - INFO - Epoch [3][2400/2811]	lr: 2.000e-06, eta: 0:40:33, time: 0.388, data_time: 0.020, memory: 693, loss_cls: 0.5975, loss_kpt: 22.3837, loss_flow: 0.0936, loss_bone: 0.0893, loss: 23.1641, grad_norm: 401.4904
2026-06-14 09:20:36,987 - mmdet - INFO - Epoch [3][2450/2811]	lr: 2.000e-06, eta: 0:40:13, time: 0.410, data_time: 0.020, memory: 693, loss_cls: 0.5992, loss_kpt: 22.2304, loss_flow: 0.0934, loss_bone: 0.0910, loss: 23.0141, grad_norm: 379.9981
2026-06-14 09:20:57,188 - mmdet - INFO - Epoch [3][2500/2811]	lr: 2.000e-06, eta: 0:39:53, time: 0.404, data_time: 0.020, memory: 693, loss_cls: 0.5956, loss_kpt: 22.3440, loss_flow: 0.0975, loss_bone: 0.0900, loss: 23.1271, grad_norm: 433.8295
2026-06-14 09:21:18,549 - mmdet - INFO - Epoch [3][2550/2811]	lr: 2.000e-06, eta: 0:39:34, time: 0.427, data_time: 0.020, memory: 693, loss_cls: 0.5920, loss_kpt: 22.3015, loss_flow: 0.0958, loss_bone: 0.0909, loss: 23.0802, grad_norm: 482.9646
2026-06-14 09:21:37,756 - mmdet - INFO - Epoch [3][2600/2811]	lr: 2.000e-06, eta: 0:39:13, time: 0.384, data_time: 0.020, memory: 693, loss_cls: 0.5945, loss_kpt: 21.9187, loss_flow: 0.0917, loss_bone: 0.0904, loss: 22.6953, grad_norm: 369.5445
2026-06-14 09:21:57,194 - mmdet - INFO - Epoch [3][2650/2811]	lr: 2.000e-06, eta: 0:38:52, time: 0.389, data_time: 0.021, memory: 693, loss_cls: 0.5982, loss_kpt: 22.4592, loss_flow: 0.0968, loss_bone: 0.0908, loss: 23.2450, grad_norm: 390.7425
2026-06-14 09:22:19,055 - mmdet - INFO - Epoch [3][2700/2811]	lr: 2.000e-06, eta: 0:38:33, time: 0.437, data_time: 0.021, memory: 693, loss_cls: 0.5908, loss_kpt: 22.2224, loss_flow: 0.0865, loss_bone: 0.0916, loss: 22.9913, grad_norm: 406.9128
2026-06-14 09:22:39,142 - mmdet - INFO - Epoch [3][2750/2811]	lr: 2.000e-06, eta: 0:38:13, time: 0.402, data_time: 0.020, memory: 693, loss_cls: 0.5967, loss_kpt: 21.8220, loss_flow: 0.0891, loss_bone: 0.0903, loss: 22.5980, grad_norm: 395.9813
2026-06-14 09:22:56,895 - mmdet - INFO - Epoch [3][2800/2811]	lr: 2.000e-06, eta: 0:37:51, time: 0.355, data_time: 0.020, memory: 693, loss_cls: 0.5932, loss_kpt: 22.2112, loss_flow: 0.0896, loss_bone: 0.0912, loss: 22.9853, grad_norm: 362.7871
2026-06-14 09:23:00,696 - mmdet - INFO - Updating latest checkpoint at 3 epochs
2026-06-14 09:23:00,863 - mmdet - INFO - [BoneLossWarmup] Epoch 4/5 | Warmup: 1e, Ramp: 1e | Bone weight -> 1.0000
2026-06-14 09:23:23,203 - mmdet - INFO - Epoch [4][50/2811]	lr: 2.000e-06, eta: 0:37:25, time: 0.447, data_time: 0.075, memory: 693, loss_cls: 0.5821, loss_kpt: 21.8813, loss_flow: 0.0879, loss_bone: 0.0910, loss: 22.6423, grad_norm: 397.6478
2026-06-14 09:23:43,099 - mmdet - INFO - Epoch [4][100/2811]	lr: 2.000e-06, eta: 0:37:05, time: 0.398, data_time: 0.021, memory: 693, loss_cls: 0.5937, loss_kpt: 22.3347, loss_flow: 0.0959, loss_bone: 0.0912, loss: 23.1156, grad_norm: 434.4151
2026-06-14 09:24:05,695 - mmdet - INFO - Epoch [4][150/2811]	lr: 2.000e-06, eta: 0:36:46, time: 0.452, data_time: 0.020, memory: 693, loss_cls: 0.5890, loss_kpt: 22.0698, loss_flow: 0.0925, loss_bone: 0.0909, loss: 22.8422, grad_norm: 376.2876
2026-06-14 09:24:28,055 - mmdet - INFO - Epoch [4][200/2811]	lr: 2.000e-06, eta: 0:36:27, time: 0.447, data_time: 0.020, memory: 693, loss_cls: 0.5948, loss_kpt: 22.0424, loss_flow: 0.0916, loss_bone: 0.0908, loss: 22.8196, grad_norm: 399.9275
2026-06-14 09:24:50,703 - mmdet - INFO - Epoch [4][250/2811]	lr: 2.000e-06, eta: 0:36:09, time: 0.453, data_time: 0.025, memory: 693, loss_cls: 0.5843, loss_kpt: 21.9207, loss_flow: 0.0889, loss_bone: 0.0914, loss: 22.6852, grad_norm: 400.0180
2026-06-14 09:25:13,101 - mmdet - INFO - Epoch [4][300/2811]	lr: 2.000e-06, eta: 0:35:50, time: 0.448, data_time: 0.020, memory: 693, loss_cls: 0.5871, loss_kpt: 22.1449, loss_flow: 0.0859, loss_bone: 0.0906, loss: 22.9085, grad_norm: 376.7313
2026-06-14 09:25:34,819 - mmdet - INFO - Epoch [4][350/2811]	lr: 2.000e-06, eta: 0:35:31, time: 0.434, data_time: 0.020, memory: 693, loss_cls: 0.5912, loss_kpt: 21.8974, loss_flow: 0.0866, loss_bone: 0.0907, loss: 22.6659, grad_norm: 382.7214
2026-06-14 09:25:57,103 - mmdet - INFO - Epoch [4][400/2811]	lr: 2.000e-06, eta: 0:35:12, time: 0.446, data_time: 0.020, memory: 693, loss_cls: 0.5939, loss_kpt: 21.6995, loss_flow: 0.0843, loss_bone: 0.0911, loss: 22.4686, grad_norm: 385.8634
2026-06-14 09:26:19,506 - mmdet - INFO - Epoch [4][450/2811]	lr: 2.000e-06, eta: 0:34:53, time: 0.448, data_time: 0.021, memory: 693, loss_cls: 0.5905, loss_kpt: 22.2226, loss_flow: 0.0862, loss_bone: 0.0912, loss: 22.9905, grad_norm: 439.8458
2026-06-14 09:26:37,863 - mmdet - INFO - Epoch [4][500/2811]	lr: 2.000e-06, eta: 0:34:31, time: 0.367, data_time: 0.020, memory: 693, loss_cls: 0.5871, loss_kpt: 21.6229, loss_flow: 0.0829, loss_bone: 0.0924, loss: 22.3853, grad_norm: 419.5560
2026-06-14 09:26:55,843 - mmdet - INFO - Epoch [4][550/2811]	lr: 2.000e-06, eta: 0:34:10, time: 0.360, data_time: 0.019, memory: 693, loss_cls: 0.5848, loss_kpt: 22.0681, loss_flow: 0.0897, loss_bone: 0.0914, loss: 22.8341, grad_norm: 434.4246
2026-06-14 09:27:14,367 - mmdet - INFO - Epoch [4][600/2811]	lr: 2.000e-06, eta: 0:33:49, time: 0.370, data_time: 0.020, memory: 693, loss_cls: 0.5891, loss_kpt: 21.8345, loss_flow: 0.0860, loss_bone: 0.0903, loss: 22.5999, grad_norm: 412.7576
2026-06-14 09:27:34,126 - mmdet - INFO - Epoch [4][650/2811]	lr: 2.000e-06, eta: 0:33:28, time: 0.395, data_time: 0.020, memory: 693, loss_cls: 0.5867, loss_kpt: 21.8498, loss_flow: 0.0905, loss_bone: 0.0916, loss: 22.6186, grad_norm: 400.7958
2026-06-14 09:27:53,379 - mmdet - INFO - Epoch [4][700/2811]	lr: 2.000e-06, eta: 0:33:07, time: 0.385, data_time: 0.021, memory: 693, loss_cls: 0.5854, loss_kpt: 22.0394, loss_flow: 0.0911, loss_bone: 0.0908, loss: 22.8067, grad_norm: 440.0526
2026-06-14 09:28:12,727 - mmdet - INFO - Epoch [4][750/2811]	lr: 2.000e-06, eta: 0:32:47, time: 0.387, data_time: 0.021, memory: 693, loss_cls: 0.5789, loss_kpt: 21.7742, loss_flow: 0.0879, loss_bone: 0.0915, loss: 22.5325, grad_norm: 386.4040
2026-06-14 09:28:31,987 - mmdet - INFO - Epoch [4][800/2811]	lr: 2.000e-06, eta: 0:32:26, time: 0.385, data_time: 0.020, memory: 693, loss_cls: 0.5854, loss_kpt: 21.7834, loss_flow: 0.0866, loss_bone: 0.0914, loss: 22.5469, grad_norm: 409.5689
2026-06-14 09:28:51,670 - mmdet - INFO - Epoch [4][850/2811]	lr: 2.000e-06, eta: 0:32:06, time: 0.394, data_time: 0.021, memory: 693, loss_cls: 0.5787, loss_kpt: 22.1391, loss_flow: 0.0895, loss_bone: 0.0915, loss: 22.8988, grad_norm: 398.0850
2026-06-14 09:29:11,187 - mmdet - INFO - Epoch [4][900/2811]	lr: 2.000e-06, eta: 0:31:45, time: 0.390, data_time: 0.020, memory: 693, loss_cls: 0.5780, loss_kpt: 21.8677, loss_flow: 0.0856, loss_bone: 0.0924, loss: 22.6237, grad_norm: 371.0759
2026-06-14 09:29:29,839 - mmdet - INFO - Epoch [4][950/2811]	lr: 2.000e-06, eta: 0:31:24, time: 0.373, data_time: 0.020, memory: 693, loss_cls: 0.5876, loss_kpt: 21.7896, loss_flow: 0.0878, loss_bone: 0.0908, loss: 22.5559, grad_norm: 443.2937
2026-06-14 09:29:51,614 - mmdet - INFO - Epoch [4][1000/2811]	lr: 2.000e-06, eta: 0:31:05, time: 0.435, data_time: 0.020, memory: 693, loss_cls: 0.5831, loss_kpt: 22.1437, loss_flow: 0.0988, loss_bone: 0.0918, loss: 22.9174, grad_norm: 399.3609
2026-06-14 09:30:10,771 - mmdet - INFO - Epoch [4][1050/2811]	lr: 2.000e-06, eta: 0:30:44, time: 0.383, data_time: 0.021, memory: 693, loss_cls: 0.5754, loss_kpt: 21.8234, loss_flow: 0.0903, loss_bone: 0.0899, loss: 22.5791, grad_norm: 413.1943
2026-06-14 09:30:30,764 - mmdet - INFO - Epoch [4][1100/2811]	lr: 2.000e-06, eta: 0:30:24, time: 0.400, data_time: 0.024, memory: 693, loss_cls: 0.5843, loss_kpt: 21.5541, loss_flow: 0.0856, loss_bone: 0.0930, loss: 22.3170, grad_norm: 376.8404
2026-06-14 09:30:49,347 - mmdet - INFO - Epoch [4][1150/2811]	lr: 2.000e-06, eta: 0:30:03, time: 0.372, data_time: 0.019, memory: 693, loss_cls: 0.5754, loss_kpt: 21.7384, loss_flow: 0.0804, loss_bone: 0.0927, loss: 22.4868, grad_norm: 382.4093
2026-06-14 09:31:08,616 - mmdet - INFO - Epoch [4][1200/2811]	lr: 2.000e-06, eta: 0:29:42, time: 0.385, data_time: 0.020, memory: 693, loss_cls: 0.5865, loss_kpt: 21.7262, loss_flow: 0.0861, loss_bone: 0.0927, loss: 22.4914, grad_norm: 415.7577
2026-06-14 09:31:30,530 - mmdet - INFO - Epoch [4][1250/2811]	lr: 2.000e-06, eta: 0:29:23, time: 0.438, data_time: 0.019, memory: 693, loss_cls: 0.5753, loss_kpt: 21.7908, loss_flow: 0.0896, loss_bone: 0.0917, loss: 22.5474, grad_norm: 399.9690
2026-06-14 09:31:52,751 - mmdet - INFO - Epoch [4][1300/2811]	lr: 2.000e-06, eta: 0:29:04, time: 0.444, data_time: 0.019, memory: 693, loss_cls: 0.5743, loss_kpt: 22.0216, loss_flow: 0.0889, loss_bone: 0.0923, loss: 22.7771, grad_norm: 484.2025
2026-06-14 09:32:15,112 - mmdet - INFO - Epoch [4][1350/2811]	lr: 2.000e-06, eta: 0:28:45, time: 0.447, data_time: 0.020, memory: 693, loss_cls: 0.5802, loss_kpt: 21.8114, loss_flow: 0.0848, loss_bone: 0.0911, loss: 22.5676, grad_norm: 403.7986
2026-06-14 09:32:34,706 - mmdet - INFO - Epoch [4][1400/2811]	lr: 2.000e-06, eta: 0:28:24, time: 0.392, data_time: 0.020, memory: 693, loss_cls: 0.5687, loss_kpt: 22.0399, loss_flow: 0.0864, loss_bone: 0.0924, loss: 22.7874, grad_norm: 417.4165
2026-06-14 09:32:56,939 - mmdet - INFO - Epoch [4][1450/2811]	lr: 2.000e-06, eta: 0:28:05, time: 0.445, data_time: 0.021, memory: 693, loss_cls: 0.5773, loss_kpt: 21.4483, loss_flow: 0.0831, loss_bone: 0.0916, loss: 22.2003, grad_norm: 375.9017
2026-06-14 09:33:19,263 - mmdet - INFO - Epoch [4][1500/2811]	lr: 2.000e-06, eta: 0:27:45, time: 0.446, data_time: 0.020, memory: 693, loss_cls: 0.5713, loss_kpt: 21.3907, loss_flow: 0.0858, loss_bone: 0.0918, loss: 22.1397, grad_norm: 379.2664
2026-06-14 09:33:41,579 - mmdet - INFO - Epoch [4][1550/2811]	lr: 2.000e-06, eta: 0:27:26, time: 0.446, data_time: 0.020, memory: 693, loss_cls: 0.5707, loss_kpt: 21.4830, loss_flow: 0.0833, loss_bone: 0.0927, loss: 22.2297, grad_norm: 390.3985
2026-06-14 09:34:03,579 - mmdet - INFO - Epoch [4][1600/2811]	lr: 2.000e-06, eta: 0:27:07, time: 0.440, data_time: 0.021, memory: 693, loss_cls: 0.5740, loss_kpt: 21.6924, loss_flow: 0.0884, loss_bone: 0.0920, loss: 22.4468, grad_norm: 398.9759
2026-06-14 09:34:23,959 - mmdet - INFO - Epoch [4][1650/2811]	lr: 2.000e-06, eta: 0:26:46, time: 0.408, data_time: 0.021, memory: 693, loss_cls: 0.5774, loss_kpt: 21.5736, loss_flow: 0.0845, loss_bone: 0.0930, loss: 22.3286, grad_norm: 369.8885
2026-06-14 09:34:43,626 - mmdet - INFO - Epoch [4][1700/2811]	lr: 2.000e-06, eta: 0:26:26, time: 0.393, data_time: 0.020, memory: 693, loss_cls: 0.5722, loss_kpt: 22.0754, loss_flow: 0.0979, loss_bone: 0.0917, loss: 22.8373, grad_norm: 417.7056
2026-06-14 09:35:03,267 - mmdet - INFO - Epoch [4][1750/2811]	lr: 2.000e-06, eta: 0:26:06, time: 0.393, data_time: 0.020, memory: 693, loss_cls: 0.5709, loss_kpt: 21.4731, loss_flow: 0.0805, loss_bone: 0.0930, loss: 22.2174, grad_norm: 366.8945
2026-06-14 09:35:27,303 - mmdet - INFO - Epoch [4][1800/2811]	lr: 2.000e-06, eta: 0:25:47, time: 0.481, data_time: 0.022, memory: 693, loss_cls: 0.5696, loss_kpt: 21.7071, loss_flow: 0.0800, loss_bone: 0.0928, loss: 22.4494, grad_norm: 376.9815
2026-06-14 09:35:48,394 - mmdet - INFO - Epoch [4][1850/2811]	lr: 2.000e-06, eta: 0:25:27, time: 0.422, data_time: 0.021, memory: 693, loss_cls: 0.5683, loss_kpt: 22.0567, loss_flow: 0.0882, loss_bone: 0.0928, loss: 22.8061, grad_norm: 427.1212
2026-06-14 09:36:11,123 - mmdet - INFO - Epoch [4][1900/2811]	lr: 2.000e-06, eta: 0:25:07, time: 0.455, data_time: 0.021, memory: 693, loss_cls: 0.5693, loss_kpt: 21.4697, loss_flow: 0.0822, loss_bone: 0.0924, loss: 22.2136, grad_norm: 381.7669
2026-06-14 09:36:34,418 - mmdet - INFO - Epoch [4][1950/2811]	lr: 2.000e-06, eta: 0:24:48, time: 0.466, data_time: 0.021, memory: 693, loss_cls: 0.5650, loss_kpt: 21.4409, loss_flow: 0.0841, loss_bone: 0.0935, loss: 22.1836, grad_norm: 348.5196
2026-06-14 09:36:56,357 - mmdet - INFO - Epoch [4][2000/2811]	lr: 2.000e-06, eta: 0:24:29, time: 0.439, data_time: 0.020, memory: 693, loss_cls: 0.5664, loss_kpt: 21.4867, loss_flow: 0.0803, loss_bone: 0.0925, loss: 22.2259, grad_norm: 330.1398
2026-06-14 09:37:15,875 - mmdet - INFO - Epoch [4][2050/2811]	lr: 2.000e-06, eta: 0:24:08, time: 0.390, data_time: 0.019, memory: 693, loss_cls: 0.5628, loss_kpt: 21.6216, loss_flow: 0.0789, loss_bone: 0.0926, loss: 22.3559, grad_norm: 379.5953
2026-06-14 09:37:35,587 - mmdet - INFO - Epoch [4][2100/2811]	lr: 2.000e-06, eta: 0:23:48, time: 0.394, data_time: 0.020, memory: 693, loss_cls: 0.5605, loss_kpt: 21.8836, loss_flow: 0.0816, loss_bone: 0.0922, loss: 22.6178, grad_norm: 400.5790
2026-06-14 09:37:54,793 - mmdet - INFO - Epoch [4][2150/2811]	lr: 2.000e-06, eta: 0:23:27, time: 0.384, data_time: 0.019, memory: 693, loss_cls: 0.5653, loss_kpt: 21.4562, loss_flow: 0.0792, loss_bone: 0.0940, loss: 22.1947, grad_norm: 420.2867
2026-06-14 09:38:16,299 - mmdet - INFO - Epoch [4][2200/2811]	lr: 2.000e-06, eta: 0:23:07, time: 0.430, data_time: 0.020, memory: 693, loss_cls: 0.5607, loss_kpt: 21.6764, loss_flow: 0.0810, loss_bone: 0.0927, loss: 22.4108, grad_norm: 406.4965
2026-06-14 09:38:34,470 - mmdet - INFO - Epoch [4][2250/2811]	lr: 2.000e-06, eta: 0:22:46, time: 0.363, data_time: 0.019, memory: 693, loss_cls: 0.5646, loss_kpt: 21.5463, loss_flow: 0.0856, loss_bone: 0.0929, loss: 22.2895, grad_norm: 396.4776
2026-06-14 09:38:53,596 - mmdet - INFO - Epoch [4][2300/2811]	lr: 2.000e-06, eta: 0:22:26, time: 0.383, data_time: 0.020, memory: 693, loss_cls: 0.5635, loss_kpt: 21.4754, loss_flow: 0.0826, loss_bone: 0.0919, loss: 22.2135, grad_norm: 389.4027
2026-06-14 09:39:13,747 - mmdet - INFO - Epoch [4][2350/2811]	lr: 2.000e-06, eta: 0:22:05, time: 0.403, data_time: 0.020, memory: 693, loss_cls: 0.5583, loss_kpt: 21.6273, loss_flow: 0.0844, loss_bone: 0.0926, loss: 22.3626, grad_norm: 386.0237
2026-06-14 09:39:34,198 - mmdet - INFO - Epoch [4][2400/2811]	lr: 2.000e-06, eta: 0:21:45, time: 0.409, data_time: 0.020, memory: 693, loss_cls: 0.5586, loss_kpt: 21.5926, loss_flow: 0.0829, loss_bone: 0.0923, loss: 22.3264, grad_norm: 382.9537
2026-06-14 09:39:53,904 - mmdet - INFO - Epoch [4][2450/2811]	lr: 2.000e-06, eta: 0:21:25, time: 0.394, data_time: 0.020, memory: 693, loss_cls: 0.5567, loss_kpt: 21.2357, loss_flow: 0.0789, loss_bone: 0.0915, loss: 21.9629, grad_norm: 390.7896
2026-06-14 09:40:16,186 - mmdet - INFO - Epoch [4][2500/2811]	lr: 2.000e-06, eta: 0:21:05, time: 0.446, data_time: 0.019, memory: 693, loss_cls: 0.5532, loss_kpt: 21.6617, loss_flow: 0.0843, loss_bone: 0.0935, loss: 22.3926, grad_norm: 369.3674
2026-06-14 09:40:37,307 - mmdet - INFO - Epoch [4][2550/2811]	lr: 2.000e-06, eta: 0:20:45, time: 0.422, data_time: 0.020, memory: 693, loss_cls: 0.5579, loss_kpt: 21.3706, loss_flow: 0.0814, loss_bone: 0.0937, loss: 22.1037, grad_norm: 399.0789
2026-06-14 09:40:56,570 - mmdet - INFO - Epoch [4][2600/2811]	lr: 2.000e-06, eta: 0:20:24, time: 0.385, data_time: 0.020, memory: 693, loss_cls: 0.5560, loss_kpt: 21.6774, loss_flow: 0.0786, loss_bone: 0.0930, loss: 22.4050, grad_norm: 371.2477
2026-06-14 09:41:16,011 - mmdet - INFO - Epoch [4][2650/2811]	lr: 2.000e-06, eta: 0:20:04, time: 0.389, data_time: 0.019, memory: 693, loss_cls: 0.5590, loss_kpt: 21.5493, loss_flow: 0.0782, loss_bone: 0.0924, loss: 22.2789, grad_norm: 349.8308
2026-06-14 09:41:35,471 - mmdet - INFO - Epoch [4][2700/2811]	lr: 2.000e-06, eta: 0:19:43, time: 0.389, data_time: 0.019, memory: 693, loss_cls: 0.5485, loss_kpt: 21.9217, loss_flow: 0.0822, loss_bone: 0.0933, loss: 22.6457, grad_norm: 391.8822
2026-06-14 09:41:56,671 - mmdet - INFO - Epoch [4][2750/2811]	lr: 2.000e-06, eta: 0:19:23, time: 0.424, data_time: 0.021, memory: 693, loss_cls: 0.5541, loss_kpt: 21.5047, loss_flow: 0.0796, loss_bone: 0.0923, loss: 22.2307, grad_norm: 369.1179
2026-06-14 09:42:18,539 - mmdet - INFO - Epoch [4][2800/2811]	lr: 2.000e-06, eta: 0:19:04, time: 0.437, data_time: 0.021, memory: 693, loss_cls: 0.5566, loss_kpt: 21.2723, loss_flow: 0.0772, loss_bone: 0.0950, loss: 22.0010, grad_norm: 394.9979
2026-06-14 09:42:22,790 - mmdet - INFO - Updating latest checkpoint at 4 epochs
2026-06-14 09:42:22,993 - mmdet - INFO - [BoneLossWarmup] Epoch 5/5 | Warmup: 1e, Ramp: 1e | Bone weight -> 1.0000
2026-06-14 09:42:46,640 - mmdet - INFO - Epoch [5][50/2811]	lr: 2.000e-06, eta: 0:18:39, time: 0.473, data_time: 0.074, memory: 693, loss_cls: 0.5539, loss_kpt: 21.0348, loss_flow: 0.0783, loss_bone: 0.0930, loss: 21.7599, grad_norm: 338.5893
2026-06-14 09:43:06,937 - mmdet - INFO - Epoch [5][100/2811]	lr: 2.000e-06, eta: 0:18:18, time: 0.406, data_time: 0.025, memory: 693, loss_cls: 0.5460, loss_kpt: 21.4360, loss_flow: 0.0799, loss_bone: 0.0927, loss: 22.1546, grad_norm: 345.6710
2026-06-14 09:43:26,092 - mmdet - INFO - Epoch [5][150/2811]	lr: 2.000e-06, eta: 0:17:58, time: 0.383, data_time: 0.020, memory: 693, loss_cls: 0.5535, loss_kpt: 21.5473, loss_flow: 0.0824, loss_bone: 0.0939, loss: 22.2770, grad_norm: 414.2204
2026-06-14 09:43:45,647 - mmdet - INFO - Epoch [5][200/2811]	lr: 2.000e-06, eta: 0:17:37, time: 0.391, data_time: 0.021, memory: 693, loss_cls: 0.5543, loss_kpt: 21.2194, loss_flow: 0.0760, loss_bone: 0.0945, loss: 21.9441, grad_norm: 349.5003
2026-06-14 09:44:05,090 - mmdet - INFO - Epoch [5][250/2811]	lr: 2.000e-06, eta: 0:17:17, time: 0.389, data_time: 0.021, memory: 693, loss_cls: 0.5526, loss_kpt: 21.1925, loss_flow: 0.0747, loss_bone: 0.0928, loss: 21.9126, grad_norm: 334.6416
2026-06-14 09:44:24,433 - mmdet - INFO - Epoch [5][300/2811]	lr: 2.000e-06, eta: 0:16:56, time: 0.387, data_time: 0.021, memory: 693, loss_cls: 0.5488, loss_kpt: 21.1288, loss_flow: 0.0751, loss_bone: 0.0950, loss: 21.8477, grad_norm: 375.8546
2026-06-14 09:44:43,764 - mmdet - INFO - Epoch [5][350/2811]	lr: 2.000e-06, eta: 0:16:36, time: 0.387, data_time: 0.021, memory: 693, loss_cls: 0.5483, loss_kpt: 21.4164, loss_flow: 0.0833, loss_bone: 0.0929, loss: 22.1408, grad_norm: 394.5622
2026-06-14 09:45:03,139 - mmdet - INFO - Epoch [5][400/2811]	lr: 2.000e-06, eta: 0:16:16, time: 0.388, data_time: 0.019, memory: 693, loss_cls: 0.5440, loss_kpt: 21.3014, loss_flow: 0.0907, loss_bone: 0.0937, loss: 22.0298, grad_norm: 381.8359
2026-06-14 09:45:23,935 - mmdet - INFO - Epoch [5][450/2811]	lr: 2.000e-06, eta: 0:15:55, time: 0.416, data_time: 0.020, memory: 693, loss_cls: 0.5419, loss_kpt: 21.5076, loss_flow: 0.0822, loss_bone: 0.0934, loss: 22.2251, grad_norm: 405.1757
2026-06-14 09:45:43,992 - mmdet - INFO - Epoch [5][500/2811]	lr: 2.000e-06, eta: 0:15:35, time: 0.401, data_time: 0.021, memory: 693, loss_cls: 0.5514, loss_kpt: 21.2109, loss_flow: 0.0727, loss_bone: 0.0937, loss: 21.9286, grad_norm: 352.7881
2026-06-14 09:46:03,394 - mmdet - INFO - Epoch [5][550/2811]	lr: 2.000e-06, eta: 0:15:15, time: 0.388, data_time: 0.021, memory: 693, loss_cls: 0.5435, loss_kpt: 21.3063, loss_flow: 0.0767, loss_bone: 0.0929, loss: 22.0193, grad_norm: 364.6305
2026-06-14 09:46:23,339 - mmdet - INFO - Epoch [5][600/2811]	lr: 2.000e-06, eta: 0:14:54, time: 0.399, data_time: 0.021, memory: 693, loss_cls: 0.5422, loss_kpt: 21.7524, loss_flow: 0.0856, loss_bone: 0.0934, loss: 22.4736, grad_norm: 412.2908
2026-06-14 09:46:42,755 - mmdet - INFO - Epoch [5][650/2811]	lr: 2.000e-06, eta: 0:14:34, time: 0.388, data_time: 0.021, memory: 693, loss_cls: 0.5443, loss_kpt: 21.2234, loss_flow: 0.0827, loss_bone: 0.0938, loss: 21.9443, grad_norm: 389.8786
2026-06-14 09:47:02,002 - mmdet - INFO - Epoch [5][700/2811]	lr: 2.000e-06, eta: 0:14:14, time: 0.385, data_time: 0.020, memory: 693, loss_cls: 0.5507, loss_kpt: 21.3742, loss_flow: 0.0793, loss_bone: 0.0945, loss: 22.0987, grad_norm: 393.0702
2026-06-14 09:47:22,387 - mmdet - INFO - Epoch [5][750/2811]	lr: 2.000e-06, eta: 0:13:53, time: 0.408, data_time: 0.020, memory: 693, loss_cls: 0.5469, loss_kpt: 21.3798, loss_flow: 0.0788, loss_bone: 0.0941, loss: 22.0996, grad_norm: 367.9481
2026-06-14 09:47:41,907 - mmdet - INFO - Epoch [5][800/2811]	lr: 2.000e-06, eta: 0:13:33, time: 0.390, data_time: 0.021, memory: 693, loss_cls: 0.5388, loss_kpt: 21.0419, loss_flow: 0.0793, loss_bone: 0.0931, loss: 21.7531, grad_norm: 347.9942
2026-06-14 09:48:02,855 - mmdet - INFO - Epoch [5][850/2811]	lr: 2.000e-06, eta: 0:13:13, time: 0.419, data_time: 0.019, memory: 693, loss_cls: 0.5460, loss_kpt: 21.2841, loss_flow: 0.0775, loss_bone: 0.0946, loss: 22.0022, grad_norm: 333.7829
2026-06-14 09:48:21,395 - mmdet - INFO - Epoch [5][900/2811]	lr: 2.000e-06, eta: 0:12:53, time: 0.371, data_time: 0.020, memory: 693, loss_cls: 0.5385, loss_kpt: 21.3745, loss_flow: 0.0747, loss_bone: 0.0920, loss: 22.0797, grad_norm: 384.9754
2026-06-14 09:48:40,474 - mmdet - INFO - Epoch [5][950/2811]	lr: 2.000e-06, eta: 0:12:32, time: 0.382, data_time: 0.020, memory: 693, loss_cls: 0.5407, loss_kpt: 20.9029, loss_flow: 0.0718, loss_bone: 0.0939, loss: 21.6093, grad_norm: 376.1977
2026-06-14 09:48:57,956 - mmdet - INFO - Epoch [5][1000/2811]	lr: 2.000e-06, eta: 0:12:11, time: 0.350, data_time: 0.022, memory: 693, loss_cls: 0.5394, loss_kpt: 21.0999, loss_flow: 0.0733, loss_bone: 0.0934, loss: 21.8061, grad_norm: 332.2592
2026-06-14 09:49:15,139 - mmdet - INFO - Epoch [5][1050/2811]	lr: 2.000e-06, eta: 0:11:51, time: 0.344, data_time: 0.018, memory: 693, loss_cls: 0.5399, loss_kpt: 21.1878, loss_flow: 0.0752, loss_bone: 0.0937, loss: 21.8966, grad_norm: 381.9791
2026-06-14 09:49:34,422 - mmdet - INFO - Epoch [5][1100/2811]	lr: 2.000e-06, eta: 0:11:31, time: 0.386, data_time: 0.020, memory: 693, loss_cls: 0.5370, loss_kpt: 21.1737, loss_flow: 0.0716, loss_bone: 0.0938, loss: 21.8762, grad_norm: 355.9891
2026-06-14 09:49:51,823 - mmdet - INFO - Epoch [5][1150/2811]	lr: 2.000e-06, eta: 0:11:10, time: 0.348, data_time: 0.019, memory: 693, loss_cls: 0.5394, loss_kpt: 20.6993, loss_flow: 0.0740, loss_bone: 0.0933, loss: 21.4061, grad_norm: 390.6144
2026-06-14 09:50:10,968 - mmdet - INFO - Epoch [5][1200/2811]	lr: 2.000e-06, eta: 0:10:50, time: 0.383, data_time: 0.021, memory: 693, loss_cls: 0.5335, loss_kpt: 20.8320, loss_flow: 0.0722, loss_bone: 0.0942, loss: 21.5320, grad_norm: 357.8554
2026-06-14 09:50:28,943 - mmdet - INFO - Epoch [5][1250/2811]	lr: 2.000e-06, eta: 0:10:29, time: 0.359, data_time: 0.019, memory: 693, loss_cls: 0.5324, loss_kpt: 21.2628, loss_flow: 0.0818, loss_bone: 0.0936, loss: 21.9705, grad_norm: 379.0576
2026-06-14 09:50:51,543 - mmdet - INFO - Epoch [5][1300/2811]	lr: 2.000e-06, eta: 0:10:09, time: 0.452, data_time: 0.021, memory: 693, loss_cls: 0.5367, loss_kpt: 21.5515, loss_flow: 0.0839, loss_bone: 0.0938, loss: 22.2659, grad_norm: 361.2191
2026-06-14 09:51:10,958 - mmdet - INFO - Epoch [5][1350/2811]	lr: 2.000e-06, eta: 0:09:49, time: 0.388, data_time: 0.020, memory: 693, loss_cls: 0.5323, loss_kpt: 21.1047, loss_flow: 0.0768, loss_bone: 0.0936, loss: 21.8074, grad_norm: 376.1752
2026-06-14 09:51:28,571 - mmdet - INFO - Epoch [5][1400/2811]	lr: 2.000e-06, eta: 0:09:29, time: 0.352, data_time: 0.020, memory: 693, loss_cls: 0.5287, loss_kpt: 21.3435, loss_flow: 0.0779, loss_bone: 0.0938, loss: 22.0440, grad_norm: 355.3977
2026-06-14 09:51:47,717 - mmdet - INFO - Epoch [5][1450/2811]	lr: 2.000e-06, eta: 0:09:08, time: 0.383, data_time: 0.021, memory: 693, loss_cls: 0.5361, loss_kpt: 20.9835, loss_flow: 0.0762, loss_bone: 0.0949, loss: 21.6907, grad_norm: 377.9480
2026-06-14 09:52:07,015 - mmdet - INFO - Epoch [5][1500/2811]	lr: 2.000e-06, eta: 0:08:48, time: 0.386, data_time: 0.020, memory: 693, loss_cls: 0.5288, loss_kpt: 21.0473, loss_flow: 0.0768, loss_bone: 0.0941, loss: 21.7470, grad_norm: 359.3818
2026-06-14 09:52:26,151 - mmdet - INFO - Epoch [5][1550/2811]	lr: 2.000e-06, eta: 0:08:28, time: 0.383, data_time: 0.021, memory: 693, loss_cls: 0.5371, loss_kpt: 21.1085, loss_flow: 0.0770, loss_bone: 0.0948, loss: 21.8175, grad_norm: 400.9801
2026-06-14 09:52:46,397 - mmdet - INFO - Epoch [5][1600/2811]	lr: 2.000e-06, eta: 0:08:08, time: 0.405, data_time: 0.020, memory: 693, loss_cls: 0.5317, loss_kpt: 20.8740, loss_flow: 0.0754, loss_bone: 0.0919, loss: 21.5731, grad_norm: 364.7247
2026-06-14 09:53:05,687 - mmdet - INFO - Epoch [5][1650/2811]	lr: 2.000e-06, eta: 0:07:47, time: 0.386, data_time: 0.020, memory: 693, loss_cls: 0.5396, loss_kpt: 20.7341, loss_flow: 0.0750, loss_bone: 0.0945, loss: 21.4432, grad_norm: 364.1182
2026-06-14 09:53:24,891 - mmdet - INFO - Epoch [5][1700/2811]	lr: 2.000e-06, eta: 0:07:27, time: 0.384, data_time: 0.021, memory: 693, loss_cls: 0.5272, loss_kpt: 20.9967, loss_flow: 0.0742, loss_bone: 0.0946, loss: 21.6928, grad_norm: 361.8571
2026-06-14 09:53:43,876 - mmdet - INFO - Epoch [5][1750/2811]	lr: 2.000e-06, eta: 0:07:07, time: 0.380, data_time: 0.019, memory: 693, loss_cls: 0.5278, loss_kpt: 21.1198, loss_flow: 0.0827, loss_bone: 0.0938, loss: 21.8242, grad_norm: 350.6065
2026-06-14 09:54:03,223 - mmdet - INFO - Epoch [5][1800/2811]	lr: 2.000e-06, eta: 0:06:47, time: 0.387, data_time: 0.020, memory: 693, loss_cls: 0.5259, loss_kpt: 21.0131, loss_flow: 0.0729, loss_bone: 0.0932, loss: 21.7052, grad_norm: 351.0450
2026-06-14 09:54:22,527 - mmdet - INFO - Epoch [5][1850/2811]	lr: 2.000e-06, eta: 0:06:27, time: 0.386, data_time: 0.021, memory: 693, loss_cls: 0.5232, loss_kpt: 20.9875, loss_flow: 0.0730, loss_bone: 0.0944, loss: 21.6780, grad_norm: 371.7314
2026-06-14 09:54:42,875 - mmdet - INFO - Epoch [5][1900/2811]	lr: 2.000e-06, eta: 0:06:06, time: 0.407, data_time: 0.021, memory: 693, loss_cls: 0.5214, loss_kpt: 21.4073, loss_flow: 0.0750, loss_bone: 0.0926, loss: 22.0964, grad_norm: 379.0825
2026-06-14 09:55:04,695 - mmdet - INFO - Epoch [5][1950/2811]	lr: 2.000e-06, eta: 0:05:46, time: 0.436, data_time: 0.019, memory: 693, loss_cls: 0.5211, loss_kpt: 21.2013, loss_flow: 0.0804, loss_bone: 0.0952, loss: 21.8980, grad_norm: 410.9496
2026-06-14 09:55:26,974 - mmdet - INFO - Epoch [5][2000/2811]	lr: 2.000e-06, eta: 0:05:26, time: 0.446, data_time: 0.020, memory: 693, loss_cls: 0.5262, loss_kpt: 20.9308, loss_flow: 0.0745, loss_bone: 0.0946, loss: 21.6261, grad_norm: 366.8680
2026-06-14 09:55:49,290 - mmdet - INFO - Epoch [5][2050/2811]	lr: 2.000e-06, eta: 0:05:06, time: 0.446, data_time: 0.020, memory: 693, loss_cls: 0.5270, loss_kpt: 20.8321, loss_flow: 0.0762, loss_bone: 0.0937, loss: 21.5291, grad_norm: 342.9149
2026-06-14 09:56:10,802 - mmdet - INFO - Epoch [5][2100/2811]	lr: 2.000e-06, eta: 0:04:46, time: 0.430, data_time: 0.020, memory: 693, loss_cls: 0.5240, loss_kpt: 21.1197, loss_flow: 0.0787, loss_bone: 0.0951, loss: 21.8175, grad_norm: 399.5963
2026-06-14 09:56:32,803 - mmdet - INFO - Epoch [5][2150/2811]	lr: 2.000e-06, eta: 0:04:26, time: 0.440, data_time: 0.020, memory: 693, loss_cls: 0.5211, loss_kpt: 20.9565, loss_flow: 0.0735, loss_bone: 0.0942, loss: 21.6454, grad_norm: 370.3262
2026-06-14 09:56:53,370 - mmdet - INFO - Epoch [5][2200/2811]	lr: 2.000e-06, eta: 0:04:06, time: 0.411, data_time: 0.020, memory: 693, loss_cls: 0.5201, loss_kpt: 20.9468, loss_flow: 0.0765, loss_bone: 0.0940, loss: 21.6374, grad_norm: 369.9061
2026-06-14 09:57:13,550 - mmdet - INFO - Epoch [5][2250/2811]	lr: 2.000e-06, eta: 0:03:46, time: 0.404, data_time: 0.020, memory: 693, loss_cls: 0.5264, loss_kpt: 20.6609, loss_flow: 0.0713, loss_bone: 0.0942, loss: 21.3528, grad_norm: 364.9791
2026-06-14 09:57:35,824 - mmdet - INFO - Epoch [5][2300/2811]	lr: 2.000e-06, eta: 0:03:26, time: 0.445, data_time: 0.020, memory: 693, loss_cls: 0.5193, loss_kpt: 20.9978, loss_flow: 0.0790, loss_bone: 0.0939, loss: 21.6900, grad_norm: 394.2246
2026-06-14 09:57:58,215 - mmdet - INFO - Epoch [5][2350/2811]	lr: 2.000e-06, eta: 0:03:06, time: 0.448, data_time: 0.021, memory: 693, loss_cls: 0.5199, loss_kpt: 20.7506, loss_flow: 0.0741, loss_bone: 0.0946, loss: 21.4392, grad_norm: 361.2615
2026-06-14 09:58:20,579 - mmdet - INFO - Epoch [5][2400/2811]	lr: 2.000e-06, eta: 0:02:46, time: 0.447, data_time: 0.021, memory: 693, loss_cls: 0.5195, loss_kpt: 21.3034, loss_flow: 0.0770, loss_bone: 0.0944, loss: 21.9943, grad_norm: 362.9683
2026-06-14 09:58:42,343 - mmdet - INFO - Epoch [5][2450/2811]	lr: 2.000e-06, eta: 0:02:25, time: 0.435, data_time: 0.021, memory: 693, loss_cls: 0.5245, loss_kpt: 21.0999, loss_flow: 0.0758, loss_bone: 0.0949, loss: 21.7951, grad_norm: 358.3628
2026-06-14 09:59:02,122 - mmdet - INFO - Epoch [5][2500/2811]	lr: 2.000e-06, eta: 0:02:05, time: 0.396, data_time: 0.021, memory: 693, loss_cls: 0.5256, loss_kpt: 21.0828, loss_flow: 0.0740, loss_bone: 0.0940, loss: 21.7765, grad_norm: 407.9827
2026-06-14 09:59:21,382 - mmdet - INFO - Epoch [5][2550/2811]	lr: 2.000e-06, eta: 0:01:45, time: 0.385, data_time: 0.021, memory: 693, loss_cls: 0.5194, loss_kpt: 20.9432, loss_flow: 0.0779, loss_bone: 0.0954, loss: 21.6358, grad_norm: 386.7586
2026-06-14 09:59:42,255 - mmdet - INFO - Epoch [5][2600/2811]	lr: 2.000e-06, eta: 0:01:25, time: 0.417, data_time: 0.021, memory: 693, loss_cls: 0.5183, loss_kpt: 21.0545, loss_flow: 0.0791, loss_bone: 0.0951, loss: 21.7470, grad_norm: 371.5612
2026-06-14 10:00:01,394 - mmdet - INFO - Epoch [5][2650/2811]	lr: 2.000e-06, eta: 0:01:05, time: 0.383, data_time: 0.021, memory: 693, loss_cls: 0.5275, loss_kpt: 20.5887, loss_flow: 0.0694, loss_bone: 0.0960, loss: 21.2816, grad_norm: 374.3502
2026-06-14 10:00:20,728 - mmdet - INFO - Epoch [5][2700/2811]	lr: 2.000e-06, eta: 0:00:44, time: 0.387, data_time: 0.021, memory: 693, loss_cls: 0.5130, loss_kpt: 20.9625, loss_flow: 0.0763, loss_bone: 0.0958, loss: 21.6477, grad_norm: 355.9839
2026-06-14 10:00:41,708 - mmdet - INFO - Epoch [5][2750/2811]	lr: 2.000e-06, eta: 0:00:24, time: 0.420, data_time: 0.019, memory: 693, loss_cls: 0.5138, loss_kpt: 21.1761, loss_flow: 0.0777, loss_bone: 0.0953, loss: 21.8628, grad_norm: 356.7123
2026-06-14 10:01:00,572 - mmdet - INFO - Epoch [5][2800/2811]	lr: 2.000e-06, eta: 0:00:04, time: 0.377, data_time: 0.020, memory: 693, loss_cls: 0.5155, loss_kpt: 20.4894, loss_flow: 0.0742, loss_bone: 0.0956, loss: 21.1747, grad_norm: 370.2175
2026-06-14 10:01:05,230 - mmdet - INFO - Saving checkpoint at 5 epochs
[                                                  ] 0/7824, elapsed: 0s, ETA:[                                ] 1/7824, 5.6 task/s, elapsed: 0s, ETA:  1402s[                               ] 2/7824, 10.3 task/s, elapsed: 0s, ETA:   760s[                               ] 3/7824, 14.4 task/s, elapsed: 0s, ETA:   542s[                               ] 4/7824, 18.0 task/s, elapsed: 0s, ETA:   433s[                               ] 5/7824, 21.3 task/s, elapsed: 0s, ETA:   367s[                               ] 6/7824, 24.2 task/s, elapsed: 0s, ETA:   323s[                               ] 7/7824, 26.8 task/s, elapsed: 0s, ETA:   292s[                               ] 8/7824, 29.2 task/s, elapsed: 0s, ETA:   268s[                               ] 9/7824, 31.3 task/s, elapsed: 0s, ETA:   250s[                              ] 10/7824, 33.3 task/s, elapsed: 0s, ETA:   235s[                              ] 11/7824, 35.1 task/s, elapsed: 0s, ETA:   223s[                              ] 12/7824, 36.7 task/s, elapsed: 0s, ETA:   213s[                              ] 13/7824, 38.2 task/s, elapsed: 0s, ETA:   204s[                              ] 14/7824, 39.7 task/s, elapsed: 0s, ETA:   197s[                              ] 15/7824, 41.0 task/s, elapsed: 0s, ETA:   191s[                              ] 16/7824, 42.2 task/s, elapsed: 0s, ETA:   185s[                              ] 17/7824, 43.3 task/s, elapsed: 0s, ETA:   180s[                              ] 18/7824, 44.4 task/s, elapsed: 0s, ETA:   176s[                              ] 19/7824, 45.4 task/s, elapsed: 0s, ETA:   172s[                              ] 20/7824, 46.3 task/s, elapsed: 0s, ETA:   168s[                              ] 21/7824, 47.2 task/s, elapsed: 0s, ETA:   165s[                              ] 22/7824, 48.0 task/s, elapsed: 0s, ETA:   162s[                              ] 23/7824, 48.8 task/s, elapsed: 0s, ETA:   160s[                              ] 24/7824, 49.6 task/s, elapsed: 0s, ETA:   157s[                              ] 25/7824, 50.3 task/s, elapsed: 0s, ETA:   155s[                              ] 26/7824, 51.0 task/s, elapsed: 1s, ETA:   153s[                              ] 27/7824, 51.6 task/s, elapsed: 1s, ETA:   151s[                              ] 28/7824, 52.2 task/s, elapsed: 1s, ETA:   149s[                              ] 29/7824, 52.8 task/s, elapsed: 1s, ETA:   148s[                              ] 30/7824, 53.4 task/s, elapsed: 1s, ETA:   146s[                              ] 31/7824, 53.9 task/s, elapsed: 1s, ETA:   145s[                              ] 32/7824, 54.4 task/s, elapsed: 1s, ETA:   143s[                              ] 33/7824, 54.8 task/s, elapsed: 1s, ETA:   142s[                              ] 34/7824, 55.3 task/s, elapsed: 1s, ETA:   141s[                              ] 35/7824, 55.7 task/s, elapsed: 1s, ETA:   140s[                              ] 36/7824, 56.1 task/s, elapsed: 1s, ETA:   139s[                              ] 37/7824, 56.5 task/s, elapsed: 1s, ETA:   138s[                              ] 38/7824, 56.9 task/s, elapsed: 1s, ETA:   137s[                              ] 39/7824, 57.3 task/s, elapsed: 1s, ETA:   136s[                              ] 40/7824, 57.7 task/s, elapsed: 1s, ETA:   135s[                              ] 41/7824, 58.0 task/s, elapsed: 1s, ETA:   134s[                              ] 42/7824, 58.4 task/s, elapsed: 1s, ETA:   133s[                              ] 43/7824, 58.7 task/s, elapsed: 1s, ETA:   133s[                              ] 44/7824, 59.0 task/s, elapsed: 1s, ETA:   132s[                              ] 45/7824, 59.3 task/s, elapsed: 1s, ETA:   131s[                              ] 46/7824, 59.6 task/s, elapsed: 1s, ETA:   131s[                              ] 47/7824, 59.9 task/s, elapsed: 1s, ETA:   130s[                              ] 48/7824, 60.1 task/s, elapsed: 1s, ETA:   129s[                              ] 49/7824, 60.4 task/s, elapsed: 1s, ETA:   129s[                              ] 50/7824, 60.7 task/s, elapsed: 1s, ETA:   128s[                              ] 51/7824, 60.9 task/s, elapsed: 1s, ETA:   128s[                              ] 52/7824, 61.2 task/s, elapsed: 1s, ETA:   127s[                              ] 53/7824, 61.4 task/s, elapsed: 1s, ETA:   127s[                              ] 54/7824, 61.6 task/s, elapsed: 1s, ETA:   126s[                              ] 55/7824, 61.8 task/s, elapsed: 1s, ETA:   126s[                              ] 56/7824, 62.0 task/s, elapsed: 1s, ETA:   125s[                              ] 57/7824, 62.2 task/s, elapsed: 1s, ETA:   125s[                              ] 58/7824, 62.4 task/s, elapsed: 1s, ETA:   124s[                              ] 59/7824, 62.6 task/s, elapsed: 1s, ETA:   124s[                              ] 60/7824, 62.8 task/s, elapsed: 1s, ETA:   124s[                              ] 61/7824, 63.0 task/s, elapsed: 1s, ETA:   123s[                              ] 62/7824, 63.2 task/s, elapsed: 1s, ETA:   123s[                              ] 63/7824, 63.3 task/s, elapsed: 1s, ETA:   123s[                              ] 64/7824, 63.5 task/s, elapsed: 1s, ETA:   122s[                              ] 65/7824, 63.6 task/s, elapsed: 1s, ETA:   122s[                              ] 66/7824, 63.8 task/s, elapsed: 1s, ETA:   122s[                              ] 67/7824, 63.9 task/s, elapsed: 1s, ETA:   121s[                              ] 68/7824, 64.1 task/s, elapsed: 1s, ETA:   121s[                              ] 69/7824, 64.2 task/s, elapsed: 1s, ETA:   121s[                              ] 70/7824, 64.4 task/s, elapsed: 1s, ETA:   120s[                              ] 71/7824, 64.5 task/s, elapsed: 1s, ETA:   120s[                              ] 72/7824, 64.6 task/s, elapsed: 1s, ETA:   120s[                              ] 73/7824, 64.8 task/s, elapsed: 1s, ETA:   120s[                              ] 74/7824, 64.9 task/s, elapsed: 1s, ETA:   119s[                              ] 75/7824, 65.0 task/s, elapsed: 1s, ETA:   119s[                              ] 76/7824, 65.2 task/s, elapsed: 1s, ETA:   119s[                              ] 77/7824, 65.3 task/s, elapsed: 1s, ETA:   119s[                              ] 78/7824, 65.4 task/s, elapsed: 1s, ETA:   118s[                              ] 79/7824, 65.5 task/s, elapsed: 1s, ETA:   118s[                              ] 80/7824, 65.7 task/s, elapsed: 1s, ETA:   118s[                              ] 81/7824, 65.8 task/s, elapsed: 1s, ETA:   118s[                              ] 82/7824, 65.9 task/s, elapsed: 1s, ETA:   118s[                              ] 83/7824, 66.0 task/s, elapsed: 1s, ETA:   117s[                              ] 84/7824, 66.1 task/s, elapsed: 1s, ETA:   117s[                              ] 85/7824, 66.2 task/s, elapsed: 1s, ETA:   117s[                              ] 86/7824, 66.3 task/s, elapsed: 1s, ETA:   117s[                              ] 87/7824, 66.4 task/s, elapsed: 1s, ETA:   117s[                              ] 88/7824, 66.5 task/s, elapsed: 1s, ETA:   116s[                              ] 89/7824, 66.6 task/s, elapsed: 1s, ETA:   116s[                              ] 90/7824, 66.7 task/s, elapsed: 1s, ETA:   116s[                              ] 91/7824, 66.8 task/s, elapsed: 1s, ETA:   116s[                              ] 92/7824, 66.9 task/s, elapsed: 1s, ETA:   116s[                              ] 93/7824, 67.0 task/s, elapsed: 1s, ETA:   115s[                              ] 94/7824, 67.0 task/s, elapsed: 1s, ETA:   115s[                              ] 95/7824, 67.1 task/s, elapsed: 1s, ETA:   115s[                              ] 96/7824, 67.2 task/s, elapsed: 1s, ETA:   115s[                              ] 97/7824, 67.3 task/s, elapsed: 1s, ETA:   115s[                              ] 98/7824, 67.4 task/s, elapsed: 1s, ETA:   115s[                              ] 99/7824, 67.5 task/s, elapsed: 1s, ETA:   115s[                             ] 100/7824, 67.5 task/s, elapsed: 1s, ETA:   114s[                             ] 101/7824, 67.6 task/s, elapsed: 1s, ETA:   114s[                             ] 102/7824, 67.7 task/s, elapsed: 2s, ETA:   114s[                             ] 103/7824, 67.8 task/s, elapsed: 2s, ETA:   114s[                             ] 104/7824, 67.8 task/s, elapsed: 2s, ETA:   114s[                             ] 105/7824, 67.9 task/s, elapsed: 2s, ETA:   114s[                             ] 106/7824, 68.0 task/s, elapsed: 2s, ETA:   114s[                             ] 107/7824, 68.0 task/s, elapsed: 2s, ETA:   113s[                             ] 108/7824, 68.1 task/s, elapsed: 2s, ETA:   113s[                             ] 109/7824, 68.2 task/s, elapsed: 2s, ETA:   113s[                             ] 110/7824, 68.2 task/s, elapsed: 2s, ETA:   113s[                             ] 111/7824, 68.3 task/s, elapsed: 2s, ETA:   113s[                             ] 112/7824, 68.4 task/s, elapsed: 2s, ETA:   113s[                             ] 113/7824, 68.4 task/s, elapsed: 2s, ETA:   113s[                             ] 114/7824, 68.5 task/s, elapsed: 2s, ETA:   113s[                             ] 115/7824, 68.6 task/s, elapsed: 2s, ETA:   112s[                             ] 116/7824, 68.6 task/s, elapsed: 2s, ETA:   112s[                             ] 117/7824, 68.7 task/s, elapsed: 2s, ETA:   112s[                             ] 118/7824, 68.7 task/s, elapsed: 2s, ETA:   112s[                             ] 119/7824, 68.8 task/s, elapsed: 2s, ETA:   112s[                             ] 120/7824, 68.8 task/s, elapsed: 2s, ETA:   112s[                             ] 121/7824, 68.9 task/s, elapsed: 2s, ETA:   112s[                             ] 122/7824, 69.0 task/s, elapsed: 2s, ETA:   112s[                             ] 123/7824, 69.2 task/s, elapsed: 2s, ETA:   111s[                             ] 124/7824, 69.4 task/s, elapsed: 2s, ETA:   111s[                             ] 125/7824, 69.6 task/s, elapsed: 2s, ETA:   111s[                             ] 126/7824, 69.7 task/s, elapsed: 2s, ETA:   110s[                             ] 127/7824, 69.9 task/s, elapsed: 2s, ETA:   110s[                             ] 128/7824, 70.1 task/s, elapsed: 2s, ETA:   110s[                             ] 129/7824, 70.3 task/s, elapsed: 2s, ETA:   110s[                             ] 130/7824, 70.5 task/s, elapsed: 2s, ETA:   109s[                             ] 131/7824, 70.6 task/s, elapsed: 2s, ETA:   109s[                             ] 132/7824, 70.8 task/s, elapsed: 2s, ETA:   109s[                             ] 133/7824, 71.0 task/s, elapsed: 2s, ETA:   108s[                             ] 134/7824, 71.2 task/s, elapsed: 2s, ETA:   108s[                             ] 135/7824, 71.4 task/s, elapsed: 2s, ETA:   108s[                             ] 136/7824, 71.6 task/s, elapsed: 2s, ETA:   107s[                             ] 137/7824, 71.8 task/s, elapsed: 2s, ETA:   107s[                             ] 138/7824, 72.0 task/s, elapsed: 2s, ETA:   107s[                             ] 139/7824, 72.2 task/s, elapsed: 2s, ETA:   106s[                             ] 140/7824, 72.3 task/s, elapsed: 2s, ETA:   106s[                             ] 141/7824, 72.5 task/s, elapsed: 2s, ETA:   106s[                             ] 142/7824, 72.7 task/s, elapsed: 2s, ETA:   106s[                             ] 143/7824, 72.9 task/s, elapsed: 2s, ETA:   105s[                             ] 144/7824, 73.0 task/s, elapsed: 2s, ETA:   105s[                             ] 145/7824, 73.2 task/s, elapsed: 2s, ETA:   105s[                             ] 146/7824, 73.3 task/s, elapsed: 2s, ETA:   105s[                             ] 147/7824, 73.5 task/s, elapsed: 2s, ETA:   104s[                             ] 148/7824, 73.6 task/s, elapsed: 2s, ETA:   104s[                             ] 149/7824, 73.7 task/s, elapsed: 2s, ETA:   104s[                             ] 150/7824, 73.9 task/s, elapsed: 2s, ETA:   104s[                             ] 151/7824, 74.0 task/s, elapsed: 2s, ETA:   104s[                             ] 152/7824, 74.1 task/s, elapsed: 2s, ETA:   104s[                             ] 153/7824, 74.2 task/s, elapsed: 2s, ETA:   103s[                             ] 154/7824, 74.3 task/s, elapsed: 2s, ETA:   103s[                             ] 155/7824, 74.4 task/s, elapsed: 2s, ETA:   103s[                             ] 156/7824, 74.5 task/s, elapsed: 2s, ETA:   103s[                             ] 157/7824, 74.6 task/s, elapsed: 2s, ETA:   103s[                             ] 158/7824, 74.8 task/s, elapsed: 2s, ETA:   103s[                             ] 159/7824, 74.9 task/s, elapsed: 2s, ETA:   102s[                             ] 160/7824, 74.9 task/s, elapsed: 2s, ETA:   102s[                             ] 161/7824, 75.1 task/s, elapsed: 2s, ETA:   102s[                             ] 162/7824, 75.2 task/s, elapsed: 2s, ETA:   102s[                             ] 163/7824, 75.3 task/s, elapsed: 2s, ETA:   102s[                             ] 164/7824, 75.5 task/s, elapsed: 2s, ETA:   102s[                             ] 165/7824, 75.6 task/s, elapsed: 2s, ETA:   101s[                             ] 166/7824, 75.7 task/s, elapsed: 2s, ETA:   101s[                             ] 167/7824, 75.9 task/s, elapsed: 2s, ETA:   101s[                             ] 168/7824, 76.0 task/s, elapsed: 2s, ETA:   101s[                             ] 169/7824, 76.1 task/s, elapsed: 2s, ETA:   101s[                             ] 170/7824, 76.3 task/s, elapsed: 2s, ETA:   100s[                             ] 171/7824, 76.4 task/s, elapsed: 2s, ETA:   100s[                             ] 172/7824, 76.5 task/s, elapsed: 2s, ETA:   100s[                             ] 173/7824, 76.6 task/s, elapsed: 2s, ETA:   100s[                             ] 174/7824, 76.7 task/s, elapsed: 2s, ETA:   100s[                             ] 175/7824, 76.8 task/s, elapsed: 2s, ETA:   100s[                             ] 176/7824, 76.9 task/s, elapsed: 2s, ETA:    99s[                             ] 177/7824, 77.0 task/s, elapsed: 2s, ETA:    99s[                             ] 178/7824, 77.1 task/s, elapsed: 2s, ETA:    99s[                             ] 179/7824, 77.2 task/s, elapsed: 2s, ETA:    99s[                             ] 180/7824, 77.3 task/s, elapsed: 2s, ETA:    99s[                             ] 181/7824, 77.5 task/s, elapsed: 2s, ETA:    99s[                             ] 182/7824, 77.6 task/s, elapsed: 2s, ETA:    99s[                             ] 183/7824, 77.7 task/s, elapsed: 2s, ETA:    98s[                             ] 184/7824, 77.8 task/s, elapsed: 2s, ETA:    98s[                             ] 185/7824, 77.9 task/s, elapsed: 2s, ETA:    98s[                             ] 186/7824, 77.9 task/s, elapsed: 2s, ETA:    98s[                             ] 187/7824, 78.1 task/s, elapsed: 2s, ETA:    98s[                             ] 188/7824, 78.1 task/s, elapsed: 2s, ETA:    98s[                             ] 189/7824, 78.2 task/s, elapsed: 2s, ETA:    98s[                             ] 190/7824, 78.4 task/s, elapsed: 2s, ETA:    97s[                             ] 191/7824, 78.5 task/s, elapsed: 2s, ETA:    97s[                             ] 192/7824, 78.6 task/s, elapsed: 2s, ETA:    97s[                             ] 193/7824, 78.7 task/s, elapsed: 2s, ETA:    97s[                             ] 194/7824, 78.8 task/s, elapsed: 2s, ETA:    97s[                             ] 195/7824, 78.9 task/s, elapsed: 2s, ETA:    97s[                             ] 196/7824, 78.9 task/s, elapsed: 2s, ETA:    97s[                             ] 197/7824, 79.0 task/s, elapsed: 2s, ETA:    97s[                             ] 198/7824, 79.1 task/s, elapsed: 3s, ETA:    96s[                             ] 199/7824, 79.2 task/s, elapsed: 3s, ETA:    96s[                             ] 200/7824, 79.2 task/s, elapsed: 3s, ETA:    96s[                             ] 201/7824, 79.3 task/s, elapsed: 3s, ETA:    96s[                             ] 202/7824, 79.4 task/s, elapsed: 3s, ETA:    96s[                             ] 203/7824, 79.5 task/s, elapsed: 3s, ETA:    96s[                             ] 204/7824, 79.5 task/s, elapsed: 3s, ETA:    96s[                             ] 205/7824, 79.6 task/s, elapsed: 3s, ETA:    96s[                             ] 206/7824, 79.7 task/s, elapsed: 3s, ETA:    96s[                             ] 207/7824, 79.8 task/s, elapsed: 3s, ETA:    95s[                             ] 208/7824, 79.8 task/s, elapsed: 3s, ETA:    95s[                             ] 209/7824, 79.9 task/s, elapsed: 3s, ETA:    95s[                             ] 210/7824, 79.6 task/s, elapsed: 3s, ETA:    96s[                             ] 211/7824, 79.6 task/s, elapsed: 3s, ETA:    96s[                             ] 212/7824, 79.6 task/s, elapsed: 3s, ETA:    96s[                             ] 213/7824, 79.6 task/s, elapsed: 3s, ETA:    96s[                             ] 214/7824, 79.6 task/s, elapsed: 3s, ETA:    96s[                             ] 215/7824, 79.5 task/s, elapsed: 3s, ETA:    96s[                             ] 216/7824, 79.5 task/s, elapsed: 3s, ETA:    96s[                             ] 217/7824, 79.5 task/s, elapsed: 3s, ETA:    96s[                             ] 218/7824, 79.5 task/s, elapsed: 3s, ETA:    96s[                             ] 219/7824, 79.5 task/s, elapsed: 3s, ETA:    96s[                             ] 220/7824, 79.5 task/s, elapsed: 3s, ETA:    96s[                             ] 221/7824, 79.4 task/s, elapsed: 3s, ETA:    96s[                             ] 222/7824, 79.4 task/s, elapsed: 3s, ETA:    96s[                             ] 223/7824, 79.4 task/s, elapsed: 3s, ETA:    96s[                             ] 224/7824, 79.4 task/s, elapsed: 3s, ETA:    96s[                             ] 225/7824, 79.4 task/s, elapsed: 3s, ETA:    96s[                             ] 226/7824, 79.4 task/s, elapsed: 3s, ETA:    96s[                             ] 227/7824, 79.4 task/s, elapsed: 3s, ETA:    96s[                             ] 228/7824, 79.3 task/s, elapsed: 3s, ETA:    96s[                             ] 229/7824, 79.3 task/s, elapsed: 3s, ETA:    96s[                             ] 230/7824, 79.3 task/s, elapsed: 3s, ETA:    96s[                             ] 231/7824, 79.3 task/s, elapsed: 3s, ETA:    96s[                             ] 232/7824, 79.3 task/s, elapsed: 3s, ETA:    96s[                             ] 233/7824, 79.3 task/s, elapsed: 3s, ETA:    96s[                             ] 234/7824, 79.2 task/s, elapsed: 3s, ETA:    96s[                             ] 235/7824, 79.2 task/s, elapsed: 3s, ETA:    96s[                             ] 236/7824, 79.2 task/s, elapsed: 3s, ETA:    96s[                             ] 237/7824, 79.2 task/s, elapsed: 3s, ETA:    96s[                             ] 238/7824, 79.2 task/s, elapsed: 3s, ETA:    96s[                             ] 239/7824, 79.2 task/s, elapsed: 3s, ETA:    96s[                             ] 240/7824, 79.1 task/s, elapsed: 3s, ETA:    96s[                             ] 241/7824, 79.1 task/s, elapsed: 3s, ETA:    96s[                             ] 242/7824, 79.1 task/s, elapsed: 3s, ETA:    96s[                             ] 243/7824, 79.1 task/s, elapsed: 3s, ETA:    96s[                             ] 244/7824, 79.1 task/s, elapsed: 3s, ETA:    96s[                             ] 245/7824, 79.1 task/s, elapsed: 3s, ETA:    96s[                             ] 246/7824, 79.1 task/s, elapsed: 3s, ETA:    96s[                             ] 247/7824, 79.1 task/s, elapsed: 3s, ETA:    96s[                             ] 248/7824, 79.0 task/s, elapsed: 3s, ETA:    96s[                             ] 249/7824, 79.0 task/s, elapsed: 3s, ETA:    96s[                             ] 250/7824, 79.0 task/s, elapsed: 3s, ETA:    96s[                             ] 251/7824, 79.0 task/s, elapsed: 3s, ETA:    96s[                             ] 252/7824, 79.0 task/s, elapsed: 3s, ETA:    96s[                             ] 253/7824, 79.0 task/s, elapsed: 3s, ETA:    96s[                             ] 254/7824, 79.0 task/s, elapsed: 3s, ETA:    96s[                             ] 255/7824, 79.0 task/s, elapsed: 3s, ETA:    96s[                             ] 256/7824, 78.9 task/s, elapsed: 3s, ETA:    96s[                             ] 257/7824, 78.9 task/s, elapsed: 3s, ETA:    96s[                             ] 258/7824, 78.9 task/s, elapsed: 3s, ETA:    96s[                             ] 259/7824, 78.9 task/s, elapsed: 3s, ETA:    96s[                             ] 260/7824, 78.9 task/s, elapsed: 3s, ETA:    96s[                             ] 261/7824, 78.9 task/s, elapsed: 3s, ETA:    96s[                             ] 262/7824, 78.8 task/s, elapsed: 3s, ETA:    96s[                             ] 263/7824, 78.8 task/s, elapsed: 3s, ETA:    96s[                             ] 264/7824, 78.8 task/s, elapsed: 3s, ETA:    96s[                             ] 265/7824, 78.8 task/s, elapsed: 3s, ETA:    96s[                             ] 266/7824, 78.8 task/s, elapsed: 3s, ETA:    96s[                             ] 267/7824, 78.9 task/s, elapsed: 3s, ETA:    96s[                             ] 268/7824, 78.9 task/s, elapsed: 3s, ETA:    96s[                             ] 269/7824, 79.0 task/s, elapsed: 3s, ETA:    96s[>                            ] 270/7824, 79.0 task/s, elapsed: 3s, ETA:    96s[>                            ] 271/7824, 79.1 task/s, elapsed: 3s, ETA:    95s[>                            ] 272/7824, 79.1 task/s, elapsed: 3s, ETA:    95s[>                            ] 273/7824, 79.2 task/s, elapsed: 3s, ETA:    95s[>                            ] 274/7824, 79.3 task/s, elapsed: 3s, ETA:    95s[>                            ] 275/7824, 79.4 task/s, elapsed: 3s, ETA:    95s[>                            ] 276/7824, 79.4 task/s, elapsed: 3s, ETA:    95s[>                            ] 277/7824, 79.4 task/s, elapsed: 3s, ETA:    95s[>                            ] 278/7824, 79.5 task/s, elapsed: 3s, ETA:    95s[>                            ] 279/7824, 79.6 task/s, elapsed: 4s, ETA:    95s[>                            ] 280/7824, 79.6 task/s, elapsed: 4s, ETA:    95s[>                            ] 281/7824, 79.7 task/s, elapsed: 4s, ETA:    95s[>                            ] 282/7824, 79.8 task/s, elapsed: 4s, ETA:    95s[>                            ] 283/7824, 79.8 task/s, elapsed: 4s, ETA:    94s[>                            ] 284/7824, 79.9 task/s, elapsed: 4s, ETA:    94s[>                            ] 285/7824, 79.9 task/s, elapsed: 4s, ETA:    94s[>                            ] 286/7824, 80.0 task/s, elapsed: 4s, ETA:    94s[>                            ] 287/7824, 80.1 task/s, elapsed: 4s, ETA:    94s[>                            ] 288/7824, 80.1 task/s, elapsed: 4s, ETA:    94s[>                            ] 289/7824, 80.2 task/s, elapsed: 4s, ETA:    94s[>                            ] 290/7824, 80.3 task/s, elapsed: 4s, ETA:    94s[>                            ] 291/7824, 80.3 task/s, elapsed: 4s, ETA:    94s[>                            ] 292/7824, 80.4 task/s, elapsed: 4s, ETA:    94s[>                            ] 293/7824, 80.5 task/s, elapsed: 4s, ETA:    94s[>                            ] 294/7824, 80.5 task/s, elapsed: 4s, ETA:    94s[>                            ] 295/7824, 80.5 task/s, elapsed: 4s, ETA:    93s[>                            ] 296/7824, 80.6 task/s, elapsed: 4s, ETA:    93s[>                            ] 297/7824, 80.6 task/s, elapsed: 4s, ETA:    93s[>                            ] 298/7824, 80.7 task/s, elapsed: 4s, ETA:    93s[>                            ] 299/7824, 80.7 task/s, elapsed: 4s, ETA:    93s[>                            ] 300/7824, 80.8 task/s, elapsed: 4s, ETA:    93s[>                            ] 301/7824, 80.9 task/s, elapsed: 4s, ETA:    93s[>                            ] 302/7824, 80.8 task/s, elapsed: 4s, ETA:    93s[>                            ] 303/7824, 80.9 task/s, elapsed: 4s, ETA:    93s[>                            ] 304/7824, 80.9 task/s, elapsed: 4s, ETA:    93s[>                            ] 305/7824, 81.0 task/s, elapsed: 4s, ETA:    93s[>                            ] 306/7824, 81.1 task/s, elapsed: 4s, ETA:    93s[>                            ] 307/7824, 81.1 task/s, elapsed: 4s, ETA:    93s[>                            ] 308/7824, 81.2 task/s, elapsed: 4s, ETA:    93s[>                            ] 309/7824, 81.3 task/s, elapsed: 4s, ETA:    92s[>                            ] 310/7824, 81.3 task/s, elapsed: 4s, ETA:    92s[>                            ] 311/7824, 81.4 task/s, elapsed: 4s, ETA:    92s[>                            ] 312/7824, 81.4 task/s, elapsed: 4s, ETA:    92s[>                            ] 313/7824, 81.5 task/s, elapsed: 4s, ETA:    92s[>                            ] 314/7824, 81.5 task/s, elapsed: 4s, ETA:    92s[>                            ] 315/7824, 81.6 task/s, elapsed: 4s, ETA:    92s[>                            ] 316/7824, 81.6 task/s, elapsed: 4s, ETA:    92s[>                            ] 317/7824, 81.7 task/s, elapsed: 4s, ETA:    92s[>                            ] 318/7824, 81.7 task/s, elapsed: 4s, ETA:    92s[>                            ] 319/7824, 81.8 task/s, elapsed: 4s, ETA:    92s[>                            ] 320/7824, 81.8 task/s, elapsed: 4s, ETA:    92s[>                            ] 321/7824, 81.9 task/s, elapsed: 4s, ETA:    92s[>                            ] 322/7824, 82.0 task/s, elapsed: 4s, ETA:    92s[>                            ] 323/7824, 82.0 task/s, elapsed: 4s, ETA:    91s[>                            ] 324/7824, 82.1 task/s, elapsed: 4s, ETA:    91s[>                            ] 325/7824, 82.1 task/s, elapsed: 4s, ETA:    91s[>                            ] 326/7824, 82.1 task/s, elapsed: 4s, ETA:    91s[>                            ] 327/7824, 82.1 task/s, elapsed: 4s, ETA:    91s[>                            ] 328/7824, 82.2 task/s, elapsed: 4s, ETA:    91s[>                            ] 329/7824, 82.2 task/s, elapsed: 4s, ETA:    91s[>                            ] 330/7824, 82.3 task/s, elapsed: 4s, ETA:    91s[>                            ] 331/7824, 82.3 task/s, elapsed: 4s, ETA:    91s[>                            ] 332/7824, 82.3 task/s, elapsed: 4s, ETA:    91s[>                            ] 333/7824, 82.4 task/s, elapsed: 4s, ETA:    91s[>                            ] 334/7824, 82.4 task/s, elapsed: 4s, ETA:    91s[>                            ] 335/7824, 82.5 task/s, elapsed: 4s, ETA:    91s[>                            ] 336/7824, 82.5 task/s, elapsed: 4s, ETA:    91s[>                            ] 337/7824, 82.5 task/s, elapsed: 4s, ETA:    91s[>                            ] 338/7824, 82.5 task/s, elapsed: 4s, ETA:    91s[>                            ] 339/7824, 82.6 task/s, elapsed: 4s, ETA:    91s[>                            ] 340/7824, 82.6 task/s, elapsed: 4s, ETA:    91s[>                            ] 341/7824, 82.7 task/s, elapsed: 4s, ETA:    90s[>                            ] 342/7824, 82.7 task/s, elapsed: 4s, ETA:    90s[>                            ] 343/7824, 82.8 task/s, elapsed: 4s, ETA:    90s[>                            ] 344/7824, 82.9 task/s, elapsed: 4s, ETA:    90s[>                            ] 345/7824, 82.9 task/s, elapsed: 4s, ETA:    90s[>                            ] 346/7824, 82.9 task/s, elapsed: 4s, ETA:    90s[>                            ] 347/7824, 83.0 task/s, elapsed: 4s, ETA:    90s[>                            ] 348/7824, 83.0 task/s, elapsed: 4s, ETA:    90s[>                            ] 349/7824, 83.0 task/s, elapsed: 4s, ETA:    90s[>                            ] 350/7824, 83.1 task/s, elapsed: 4s, ETA:    90s[>                            ] 351/7824, 83.1 task/s, elapsed: 4s, ETA:    90s[>                            ] 352/7824, 83.2 task/s, elapsed: 4s, ETA:    90s[>                            ] 353/7824, 83.2 task/s, elapsed: 4s, ETA:    90s[>                            ] 354/7824, 83.2 task/s, elapsed: 4s, ETA:    90s[>                            ] 355/7824, 83.3 task/s, elapsed: 4s, ETA:    90s[>                            ] 356/7824, 83.3 task/s, elapsed: 4s, ETA:    90s[>                            ] 357/7824, 83.4 task/s, elapsed: 4s, ETA:    90s[>                            ] 358/7824, 83.4 task/s, elapsed: 4s, ETA:    90s[>                            ] 359/7824, 83.5 task/s, elapsed: 4s, ETA:    89s[>                            ] 360/7824, 83.5 task/s, elapsed: 4s, ETA:    89s[>                            ] 361/7824, 83.5 task/s, elapsed: 4s, ETA:    89s[>                            ] 362/7824, 83.6 task/s, elapsed: 4s, ETA:    89s[>                            ] 363/7824, 83.6 task/s, elapsed: 4s, ETA:    89s[>                            ] 364/7824, 83.6 task/s, elapsed: 4s, ETA:    89s[>                            ] 365/7824, 83.7 task/s, elapsed: 4s, ETA:    89s[>                            ] 366/7824, 83.7 task/s, elapsed: 4s, ETA:    89s[>                            ] 367/7824, 83.8 task/s, elapsed: 4s, ETA:    89s[>                            ] 368/7824, 83.8 task/s, elapsed: 4s, ETA:    89s[>                            ] 369/7824, 83.9 task/s, elapsed: 4s, ETA:    89s[>                            ] 370/7824, 83.9 task/s, elapsed: 4s, ETA:    89s[>                            ] 371/7824, 84.0 task/s, elapsed: 4s, ETA:    89s[>                            ] 372/7824, 84.0 task/s, elapsed: 4s, ETA:    89s[>                            ] 373/7824, 84.0 task/s, elapsed: 4s, ETA:    89s[>                            ] 374/7824, 84.0 task/s, elapsed: 4s, ETA:    89s[>                            ] 375/7824, 84.0 task/s, elapsed: 4s, ETA:    89s[>                            ] 376/7824, 84.0 task/s, elapsed: 4s, ETA:    89s[>                            ] 377/7824, 84.0 task/s, elapsed: 4s, ETA:    89s[>                            ] 378/7824, 84.1 task/s, elapsed: 4s, ETA:    89s[>                            ] 379/7824, 84.1 task/s, elapsed: 5s, ETA:    89s[>                            ] 380/7824, 84.1 task/s, elapsed: 5s, ETA:    88s[>                            ] 381/7824, 84.2 task/s, elapsed: 5s, ETA:    88s[>                            ] 382/7824, 84.2 task/s, elapsed: 5s, ETA:    88s[>                            ] 383/7824, 84.2 task/s, elapsed: 5s, ETA:    88s[>                            ] 384/7824, 84.3 task/s, elapsed: 5s, ETA:    88s[>                            ] 385/7824, 84.3 task/s, elapsed: 5s, ETA:    88s[>                            ] 386/7824, 84.4 task/s, elapsed: 5s, ETA:    88s[>                            ] 387/7824, 84.4 task/s, elapsed: 5s, ETA:    88s[>                            ] 388/7824, 84.5 task/s, elapsed: 5s, ETA:    88s[>                            ] 389/7824, 84.5 task/s, elapsed: 5s, ETA:    88s[>                            ] 390/7824, 84.6 task/s, elapsed: 5s, ETA:    88s[>                            ] 391/7824, 84.6 task/s, elapsed: 5s, ETA:    88s[>                            ] 392/7824, 84.7 task/s, elapsed: 5s, ETA:    88s[>                            ] 393/7824, 84.7 task/s, elapsed: 5s, ETA:    88s[>                            ] 394/7824, 84.7 task/s, elapsed: 5s, ETA:    88s[>                            ] 395/7824, 84.8 task/s, elapsed: 5s, ETA:    88s[>                            ] 396/7824, 84.8 task/s, elapsed: 5s, ETA:    88s[>                            ] 397/7824, 84.9 task/s, elapsed: 5s, ETA:    88s[>                            ] 398/7824, 84.9 task/s, elapsed: 5s, ETA:    87s[>                            ] 399/7824, 85.0 task/s, elapsed: 5s, ETA:    87s[>                            ] 400/7824, 85.0 task/s, elapsed: 5s, ETA:    87s[>                            ] 401/7824, 85.0 task/s, elapsed: 5s, ETA:    87s[>                            ] 402/7824, 85.1 task/s, elapsed: 5s, ETA:    87s[>                            ] 403/7824, 85.1 task/s, elapsed: 5s, ETA:    87s[>                            ] 404/7824, 85.1 task/s, elapsed: 5s, ETA:    87s[>                            ] 405/7824, 85.2 task/s, elapsed: 5s, ETA:    87s[>                            ] 406/7824, 85.2 task/s, elapsed: 5s, ETA:    87s[>                            ] 407/7824, 85.3 task/s, elapsed: 5s, ETA:    87s[>                            ] 408/7824, 85.3 task/s, elapsed: 5s, ETA:    87s[>                            ] 409/7824, 85.4 task/s, elapsed: 5s, ETA:    87s[>                            ] 410/7824, 85.4 task/s, elapsed: 5s, ETA:    87s[>                            ] 411/7824, 85.4 task/s, elapsed: 5s, ETA:    87s[>                            ] 412/7824, 85.5 task/s, elapsed: 5s, ETA:    87s[>                            ] 413/7824, 85.5 task/s, elapsed: 5s, ETA:    87s[>                            ] 414/7824, 85.6 task/s, elapsed: 5s, ETA:    87s[>                            ] 415/7824, 85.6 task/s, elapsed: 5s, ETA:    87s[>                            ] 416/7824, 85.7 task/s, elapsed: 5s, ETA:    86s[>                            ] 417/7824, 85.7 task/s, elapsed: 5s, ETA:    86s[>                            ] 418/7824, 85.7 task/s, elapsed: 5s, ETA:    86s[>                            ] 419/7824, 85.8 task/s, elapsed: 5s, ETA:    86s[>                            ] 420/7824, 85.8 task/s, elapsed: 5s, ETA:    86s[>                            ] 421/7824, 85.9 task/s, elapsed: 5s, ETA:    86s[>                            ] 422/7824, 85.9 task/s, elapsed: 5s, ETA:    86s[>                            ] 423/7824, 86.0 task/s, elapsed: 5s, ETA:    86s[>                            ] 424/7824, 86.0 task/s, elapsed: 5s, ETA:    86s[>                            ] 425/7824, 86.0 task/s, elapsed: 5s, ETA:    86s[>                            ] 426/7824, 86.0 task/s, elapsed: 5s, ETA:    86s[>                            ] 427/7824, 86.1 task/s, elapsed: 5s, ETA:    86s[>                            ] 428/7824, 86.1 task/s, elapsed: 5s, ETA:    86s[>                            ] 429/7824, 86.1 task/s, elapsed: 5s, ETA:    86s[>                            ] 430/7824, 86.1 task/s, elapsed: 5s, ETA:    86s[>                            ] 431/7824, 86.2 task/s, elapsed: 5s, ETA:    86s[>                            ] 432/7824, 86.2 task/s, elapsed: 5s, ETA:    86s[>                            ] 433/7824, 86.2 task/s, elapsed: 5s, ETA:    86s[>                            ] 434/7824, 86.2 task/s, elapsed: 5s, ETA:    86s[>                            ] 435/7824, 86.2 task/s, elapsed: 5s, ETA:    86s[>                            ] 436/7824, 86.2 task/s, elapsed: 5s, ETA:    86s[>                            ] 437/7824, 86.2 task/s, elapsed: 5s, ETA:    86s[>                            ] 438/7824, 86.3 task/s, elapsed: 5s, ETA:    86s[>                            ] 439/7824, 86.3 task/s, elapsed: 5s, ETA:    86s[>                            ] 440/7824, 86.3 task/s, elapsed: 5s, ETA:    86s[>                            ] 441/7824, 86.4 task/s, elapsed: 5s, ETA:    85s[>                            ] 442/7824, 86.4 task/s, elapsed: 5s, ETA:    85s[>                            ] 443/7824, 86.4 task/s, elapsed: 5s, ETA:    85s[>                            ] 444/7824, 86.5 task/s, elapsed: 5s, ETA:    85s[>                            ] 445/7824, 86.5 task/s, elapsed: 5s, ETA:    85s[>                            ] 446/7824, 86.5 task/s, elapsed: 5s, ETA:    85s[>                            ] 447/7824, 86.6 task/s, elapsed: 5s, ETA:    85s[>                            ] 448/7824, 86.5 task/s, elapsed: 5s, ETA:    85s[>                            ] 449/7824, 86.6 task/s, elapsed: 5s, ETA:    85s[>                            ] 450/7824, 86.6 task/s, elapsed: 5s, ETA:    85s[>                            ] 451/7824, 86.7 task/s, elapsed: 5s, ETA:    85s[>                            ] 452/7824, 86.7 task/s, elapsed: 5s, ETA:    85s[>                            ] 453/7824, 86.7 task/s, elapsed: 5s, ETA:    85s[>                            ] 454/7824, 86.7 task/s, elapsed: 5s, ETA:    85s[>                            ] 455/7824, 86.7 task/s, elapsed: 5s, ETA:    85s[>                            ] 456/7824, 86.7 task/s, elapsed: 5s, ETA:    85s[>                            ] 457/7824, 86.8 task/s, elapsed: 5s, ETA:    85s[>                            ] 458/7824, 86.8 task/s, elapsed: 5s, ETA:    85s[>                            ] 459/7824, 86.8 task/s, elapsed: 5s, ETA:    85s[>                            ] 460/7824, 86.8 task/s, elapsed: 5s, ETA:    85s[>                            ] 461/7824, 86.9 task/s, elapsed: 5s, ETA:    85s[>                            ] 462/7824, 86.9 task/s, elapsed: 5s, ETA:    85s[>                            ] 463/7824, 86.9 task/s, elapsed: 5s, ETA:    85s[>                            ] 464/7824, 86.9 task/s, elapsed: 5s, ETA:    85s[>                            ] 465/7824, 87.0 task/s, elapsed: 5s, ETA:    85s[>                            ] 466/7824, 87.0 task/s, elapsed: 5s, ETA:    85s[>                            ] 467/7824, 87.0 task/s, elapsed: 5s, ETA:    85s[>                            ] 468/7824, 87.0 task/s, elapsed: 5s, ETA:    85s[>                            ] 469/7824, 87.0 task/s, elapsed: 5s, ETA:    85s[>                            ] 470/7824, 87.0 task/s, elapsed: 5s, ETA:    84s[>                            ] 471/7824, 87.1 task/s, elapsed: 5s, ETA:    84s[>                            ] 472/7824, 87.1 task/s, elapsed: 5s, ETA:    84s[>                            ] 473/7824, 87.1 task/s, elapsed: 5s, ETA:    84s[>                            ] 474/7824, 87.2 task/s, elapsed: 5s, ETA:    84s[>                            ] 475/7824, 87.2 task/s, elapsed: 5s, ETA:    84s[>                            ] 476/7824, 87.2 task/s, elapsed: 5s, ETA:    84s[>                            ] 477/7824, 87.3 task/s, elapsed: 5s, ETA:    84s[>                            ] 478/7824, 87.3 task/s, elapsed: 5s, ETA:    84s[>                            ] 479/7824, 87.3 task/s, elapsed: 5s, ETA:    84s[>                            ] 480/7824, 87.4 task/s, elapsed: 5s, ETA:    84s[>                            ] 481/7824, 87.4 task/s, elapsed: 6s, ETA:    84s[>                            ] 482/7824, 87.4 task/s, elapsed: 6s, ETA:    84s[>                            ] 483/7824, 87.5 task/s, elapsed: 6s, ETA:    84s[>                            ] 484/7824, 87.5 task/s, elapsed: 6s, ETA:    84s[>                            ] 485/7824, 87.5 task/s, elapsed: 6s, ETA:    84s[>                            ] 486/7824, 87.6 task/s, elapsed: 6s, ETA:    84s[>                            ] 487/7824, 87.6 task/s, elapsed: 6s, ETA:    84s[>                            ] 488/7824, 87.7 task/s, elapsed: 6s, ETA:    84s[>                            ] 489/7824, 87.7 task/s, elapsed: 6s, ETA:    84s[>                            ] 490/7824, 87.7 task/s, elapsed: 6s, ETA:    84s[>                            ] 491/7824, 87.8 task/s, elapsed: 6s, ETA:    84s[>                            ] 492/7824, 87.8 task/s, elapsed: 6s, ETA:    84s[>                            ] 493/7824, 87.8 task/s, elapsed: 6s, ETA:    83s[>                            ] 494/7824, 87.9 task/s, elapsed: 6s, ETA:    83s[>                            ] 495/7824, 87.9 task/s, elapsed: 6s, ETA:    83s[>                            ] 496/7824, 87.9 task/s, elapsed: 6s, ETA:    83s[>                            ] 497/7824, 87.9 task/s, elapsed: 6s, ETA:    83s[>                            ] 498/7824, 88.0 task/s, elapsed: 6s, ETA:    83s[>                            ] 499/7824, 88.0 task/s, elapsed: 6s, ETA:    83s[>                            ] 500/7824, 88.0 task/s, elapsed: 6s, ETA:    83s[>                            ] 501/7824, 88.1 task/s, elapsed: 6s, ETA:    83s[>                            ] 502/7824, 88.1 task/s, elapsed: 6s, ETA:    83s[>                            ] 503/7824, 88.1 task/s, elapsed: 6s, ETA:    83s[>                            ] 504/7824, 88.1 task/s, elapsed: 6s, ETA:    83s[>                            ] 505/7824, 88.2 task/s, elapsed: 6s, ETA:    83s[>                            ] 506/7824, 88.2 task/s, elapsed: 6s, ETA:    83s[>                            ] 507/7824, 88.2 task/s, elapsed: 6s, ETA:    83s[>                            ] 508/7824, 88.3 task/s, elapsed: 6s, ETA:    83s[>                            ] 509/7824, 88.3 task/s, elapsed: 6s, ETA:    83s[>                            ] 510/7824, 88.3 task/s, elapsed: 6s, ETA:    83s[>                            ] 511/7824, 88.4 task/s, elapsed: 6s, ETA:    83s[>                            ] 512/7824, 88.4 task/s, elapsed: 6s, ETA:    83s[>                            ] 513/7824, 88.4 task/s, elapsed: 6s, ETA:    83s[>                            ] 514/7824, 88.4 task/s, elapsed: 6s, ETA:    83s[>                            ] 515/7824, 88.4 task/s, elapsed: 6s, ETA:    83s[>                            ] 516/7824, 88.4 task/s, elapsed: 6s, ETA:    83s[>                            ] 517/7824, 88.4 task/s, elapsed: 6s, ETA:    83s[>                            ] 518/7824, 88.4 task/s, elapsed: 6s, ETA:    83s[>                            ] 519/7824, 88.4 task/s, elapsed: 6s, ETA:    83s[>                            ] 520/7824, 88.4 task/s, elapsed: 6s, ETA:    83s[>                            ] 521/7824, 88.5 task/s, elapsed: 6s, ETA:    83s[>                            ] 522/7824, 88.5 task/s, elapsed: 6s, ETA:    83s[>                            ] 523/7824, 88.5 task/s, elapsed: 6s, ETA:    82s[>                            ] 524/7824, 88.5 task/s, elapsed: 6s, ETA:    82s[>                            ] 525/7824, 88.6 task/s, elapsed: 6s, ETA:    82s[>                            ] 526/7824, 88.5 task/s, elapsed: 6s, ETA:    82s[>                            ] 527/7824, 88.6 task/s, elapsed: 6s, ETA:    82s[>                            ] 528/7824, 88.6 task/s, elapsed: 6s, ETA:    82s[>                            ] 529/7824, 88.6 task/s, elapsed: 6s, ETA:    82s[>                            ] 530/7824, 88.6 task/s, elapsed: 6s, ETA:    82s[>                            ] 531/7824, 88.6 task/s, elapsed: 6s, ETA:    82s[>                            ] 532/7824, 88.7 task/s, elapsed: 6s, ETA:    82s[>                            ] 533/7824, 88.7 task/s, elapsed: 6s, ETA:    82s[>                            ] 534/7824, 88.7 task/s, elapsed: 6s, ETA:    82s[>                            ] 535/7824, 88.7 task/s, elapsed: 6s, ETA:    82s[>                            ] 536/7824, 88.8 task/s, elapsed: 6s, ETA:    82s[>                            ] 537/7824, 88.8 task/s, elapsed: 6s, ETA:    82s[>                            ] 538/7824, 88.8 task/s, elapsed: 6s, ETA:    82s[>                            ] 539/7824, 88.9 task/s, elapsed: 6s, ETA:    82s[>>                           ] 540/7824, 88.9 task/s, elapsed: 6s, ETA:    82s[>>                           ] 541/7824, 88.9 task/s, elapsed: 6s, ETA:    82s[>>                           ] 542/7824, 89.0 task/s, elapsed: 6s, ETA:    82s[>>                           ] 543/7824, 89.0 task/s, elapsed: 6s, ETA:    82s[>>                           ] 544/7824, 89.0 task/s, elapsed: 6s, ETA:    82s[>>                           ] 545/7824, 89.1 task/s, elapsed: 6s, ETA:    82s[>>                           ] 546/7824, 89.1 task/s, elapsed: 6s, ETA:    82s[>>                           ] 547/7824, 89.1 task/s, elapsed: 6s, ETA:    82s[>>                           ] 548/7824, 89.2 task/s, elapsed: 6s, ETA:    82s[>>                           ] 549/7824, 89.2 task/s, elapsed: 6s, ETA:    82s[>>                           ] 550/7824, 89.2 task/s, elapsed: 6s, ETA:    82s[>>                           ] 551/7824, 89.2 task/s, elapsed: 6s, ETA:    82s[>>                           ] 552/7824, 89.3 task/s, elapsed: 6s, ETA:    81s[>>                           ] 553/7824, 89.3 task/s, elapsed: 6s, ETA:    81s[>>                           ] 554/7824, 89.3 task/s, elapsed: 6s, ETA:    81s[>>                           ] 555/7824, 89.3 task/s, elapsed: 6s, ETA:    81s[>>                           ] 556/7824, 89.3 task/s, elapsed: 6s, ETA:    81s[>>                           ] 557/7824, 89.4 task/s, elapsed: 6s, ETA:    81s[>>                           ] 558/7824, 89.4 task/s, elapsed: 6s, ETA:    81s[>>                           ] 559/7824, 89.4 task/s, elapsed: 6s, ETA:    81s[>>                           ] 560/7824, 89.4 task/s, elapsed: 6s, ETA:    81s[>>                           ] 561/7824, 89.5 task/s, elapsed: 6s, ETA:    81s[>>                           ] 562/7824, 89.4 task/s, elapsed: 6s, ETA:    81s[>>                           ] 563/7824, 89.4 task/s, elapsed: 6s, ETA:    81s[>>                           ] 564/7824, 89.5 task/s, elapsed: 6s, ETA:    81s[>>                           ] 565/7824, 89.5 task/s, elapsed: 6s, ETA:    81s[>>                           ] 566/7824, 89.5 task/s, elapsed: 6s, ETA:    81s[>>                           ] 567/7824, 89.5 task/s, elapsed: 6s, ETA:    81s[>>                           ] 568/7824, 89.5 task/s, elapsed: 6s, ETA:    81s[>>                           ] 569/7824, 89.5 task/s, elapsed: 6s, ETA:    81s[>>                           ] 570/7824, 89.6 task/s, elapsed: 6s, ETA:    81s[>>                           ] 571/7824, 89.6 task/s, elapsed: 6s, ETA:    81s[>>                           ] 572/7824, 89.6 task/s, elapsed: 6s, ETA:    81s[>>                           ] 573/7824, 89.6 task/s, elapsed: 6s, ETA:    81s[>>                           ] 574/7824, 89.6 task/s, elapsed: 6s, ETA:    81s[>>                           ] 575/7824, 89.7 task/s, elapsed: 6s, ETA:    81s[>>                           ] 576/7824, 89.7 task/s, elapsed: 6s, ETA:    81s[>>                           ] 577/7824, 89.7 task/s, elapsed: 6s, ETA:    81s[>>                           ] 578/7824, 89.7 task/s, elapsed: 6s, ETA:    81s[>>                           ] 579/7824, 89.7 task/s, elapsed: 6s, ETA:    81s[>>                           ] 580/7824, 89.7 task/s, elapsed: 6s, ETA:    81s[>>                           ] 581/7824, 89.7 task/s, elapsed: 6s, ETA:    81s[>>                           ] 582/7824, 89.8 task/s, elapsed: 6s, ETA:    81s[>>                           ] 583/7824, 89.8 task/s, elapsed: 6s, ETA:    81s[>>                           ] 584/7824, 89.8 task/s, elapsed: 7s, ETA:    81s[>>                           ] 585/7824, 89.8 task/s, elapsed: 7s, ETA:    81s[>>                           ] 586/7824, 89.8 task/s, elapsed: 7s, ETA:    81s[>>                           ] 587/7824, 89.8 task/s, elapsed: 7s, ETA:    81s[>>                           ] 588/7824, 89.9 task/s, elapsed: 7s, ETA:    81s[>>                           ] 589/7824, 89.9 task/s, elapsed: 7s, ETA:    80s[>>                           ] 590/7824, 89.9 task/s, elapsed: 7s, ETA:    80s[>>                           ] 591/7824, 89.9 task/s, elapsed: 7s, ETA:    80s[>>                           ] 592/7824, 90.0 task/s, elapsed: 7s, ETA:    80s[>>                           ] 593/7824, 90.0 task/s, elapsed: 7s, ETA:    80s[>>                           ] 594/7824, 90.0 task/s, elapsed: 7s, ETA:    80s[>>                           ] 595/7824, 90.0 task/s, elapsed: 7s, ETA:    80s[>>                           ] 596/7824, 90.0 task/s, elapsed: 7s, ETA:    80s[>>                           ] 597/7824, 90.1 task/s, elapsed: 7s, ETA:    80s[>>                           ] 598/7824, 90.0 task/s, elapsed: 7s, ETA:    80s[>>                           ] 599/7824, 90.1 task/s, elapsed: 7s, ETA:    80s[>>                           ] 600/7824, 90.1 task/s, elapsed: 7s, ETA:    80s[>>                           ] 601/7824, 90.1 task/s, elapsed: 7s, ETA:    80s[>>                           ] 602/7824, 90.1 task/s, elapsed: 7s, ETA:    80s[>>                           ] 603/7824, 90.2 task/s, elapsed: 7s, ETA:    80s[>>                           ] 604/7824, 90.2 task/s, elapsed: 7s, ETA:    80s[>>                           ] 605/7824, 90.2 task/s, elapsed: 7s, ETA:    80s[>>                           ] 606/7824, 90.2 task/s, elapsed: 7s, ETA:    80s[>>                           ] 607/7824, 90.2 task/s, elapsed: 7s, ETA:    80s[>>                           ] 608/7824, 90.3 task/s, elapsed: 7s, ETA:    80s[>>                           ] 609/7824, 90.3 task/s, elapsed: 7s, ETA:    80s[>>                           ] 610/7824, 90.3 task/s, elapsed: 7s, ETA:    80s[>>                           ] 611/7824, 90.3 task/s, elapsed: 7s, ETA:    80s[>>                           ] 612/7824, 90.4 task/s, elapsed: 7s, ETA:    80s[>>                           ] 613/7824, 90.4 task/s, elapsed: 7s, ETA:    80s[>>                           ] 614/7824, 90.4 task/s, elapsed: 7s, ETA:    80s[>>                           ] 615/7824, 90.4 task/s, elapsed: 7s, ETA:    80s[>>                           ] 616/7824, 90.4 task/s, elapsed: 7s, ETA:    80s[>>                           ] 617/7824, 90.4 task/s, elapsed: 7s, ETA:    80s[>>                           ] 618/7824, 90.5 task/s, elapsed: 7s, ETA:    80s[>>                           ] 619/7824, 90.5 task/s, elapsed: 7s, ETA:    80s[>>                           ] 620/7824, 90.5 task/s, elapsed: 7s, ETA:    80s[>>                           ] 621/7824, 90.5 task/s, elapsed: 7s, ETA:    80s[>>                           ] 622/7824, 90.6 task/s, elapsed: 7s, ETA:    80s[>>                           ] 623/7824, 90.6 task/s, elapsed: 7s, ETA:    79s[>>                           ] 624/7824, 90.6 task/s, elapsed: 7s, ETA:    79s[>>                           ] 625/7824, 90.6 task/s, elapsed: 7s, ETA:    79s[>>                           ] 626/7824, 90.6 task/s, elapsed: 7s, ETA:    79s[>>                           ] 627/7824, 90.6 task/s, elapsed: 7s, ETA:    79s[>>                           ] 628/7824, 90.6 task/s, elapsed: 7s, ETA:    79s[>>                           ] 629/7824, 90.7 task/s, elapsed: 7s, ETA:    79s[>>                           ] 630/7824, 90.7 task/s, elapsed: 7s, ETA:    79s[>>                           ] 631/7824, 90.7 task/s, elapsed: 7s, ETA:    79s[>>                           ] 632/7824, 90.7 task/s, elapsed: 7s, ETA:    79s[>>                           ] 633/7824, 90.7 task/s, elapsed: 7s, ETA:    79s[>>                           ] 634/7824, 90.8 task/s, elapsed: 7s, ETA:    79s[>>                           ] 635/7824, 90.8 task/s, elapsed: 7s, ETA:    79s[>>                           ] 636/7824, 90.8 task/s, elapsed: 7s, ETA:    79s[>>                           ] 637/7824, 90.8 task/s, elapsed: 7s, ETA:    79s[>>                           ] 638/7824, 90.8 task/s, elapsed: 7s, ETA:    79s[>>                           ] 639/7824, 90.9 task/s, elapsed: 7s, ETA:    79s[>>                           ] 640/7824, 90.8 task/s, elapsed: 7s, ETA:    79s[>>                           ] 641/7824, 90.9 task/s, elapsed: 7s, ETA:    79s[>>                           ] 642/7824, 90.9 task/s, elapsed: 7s, ETA:    79s[>>                           ] 643/7824, 90.9 task/s, elapsed: 7s, ETA:    79s[>>                           ] 644/7824, 90.9 task/s, elapsed: 7s, ETA:    79s[>>                           ] 645/7824, 91.0 task/s, elapsed: 7s, ETA:    79s[>>                           ] 646/7824, 91.0 task/s, elapsed: 7s, ETA:    79s[>>                           ] 647/7824, 91.0 task/s, elapsed: 7s, ETA:    79s[>>                           ] 648/7824, 91.0 task/s, elapsed: 7s, ETA:    79s[>>                           ] 649/7824, 91.0 task/s, elapsed: 7s, ETA:    79s[>>                           ] 650/7824, 91.0 task/s, elapsed: 7s, ETA:    79s[>>                           ] 651/7824, 91.1 task/s, elapsed: 7s, ETA:    79s[>>                           ] 652/7824, 91.1 task/s, elapsed: 7s, ETA:    79s[>>                           ] 653/7824, 91.1 task/s, elapsed: 7s, ETA:    79s[>>                           ] 654/7824, 91.1 task/s, elapsed: 7s, ETA:    79s[>>                           ] 655/7824, 91.1 task/s, elapsed: 7s, ETA:    79s[>>                           ] 656/7824, 91.1 task/s, elapsed: 7s, ETA:    79s[>>                           ] 657/7824, 91.1 task/s, elapsed: 7s, ETA:    79s[>>                           ] 658/7824, 91.1 task/s, elapsed: 7s, ETA:    79s[>>                           ] 659/7824, 91.2 task/s, elapsed: 7s, ETA:    79s[>>                           ] 660/7824, 91.2 task/s, elapsed: 7s, ETA:    79s[>>                           ] 661/7824, 91.2 task/s, elapsed: 7s, ETA:    79s[>>                           ] 662/7824, 91.2 task/s, elapsed: 7s, ETA:    79s[>>                           ] 663/7824, 91.2 task/s, elapsed: 7s, ETA:    78s[>>                           ] 664/7824, 91.3 task/s, elapsed: 7s, ETA:    78s[>>                           ] 665/7824, 91.3 task/s, elapsed: 7s, ETA:    78s[>>                           ] 666/7824, 91.3 task/s, elapsed: 7s, ETA:    78s[>>                           ] 667/7824, 91.3 task/s, elapsed: 7s, ETA:    78s[>>                           ] 668/7824, 91.3 task/s, elapsed: 7s, ETA:    78s[>>                           ] 669/7824, 91.3 task/s, elapsed: 7s, ETA:    78s[>>                           ] 670/7824, 91.3 task/s, elapsed: 7s, ETA:    78s[>>                           ] 671/7824, 91.3 task/s, elapsed: 7s, ETA:    78s[>>                           ] 672/7824, 91.3 task/s, elapsed: 7s, ETA:    78s[>>                           ] 673/7824, 91.4 task/s, elapsed: 7s, ETA:    78s[>>                           ] 674/7824, 91.3 task/s, elapsed: 7s, ETA:    78s[>>                           ] 675/7824, 91.4 task/s, elapsed: 7s, ETA:    78s[>>                           ] 676/7824, 91.4 task/s, elapsed: 7s, ETA:    78s[>>                           ] 677/7824, 91.4 task/s, elapsed: 7s, ETA:    78s[>>                           ] 678/7824, 91.4 task/s, elapsed: 7s, ETA:    78s[>>                           ] 679/7824, 91.4 task/s, elapsed: 7s, ETA:    78s[>>                           ] 680/7824, 91.4 task/s, elapsed: 7s, ETA:    78s[>>                           ] 681/7824, 91.5 task/s, elapsed: 7s, ETA:    78s[>>                           ] 682/7824, 91.5 task/s, elapsed: 7s, ETA:    78s[>>                           ] 683/7824, 91.5 task/s, elapsed: 7s, ETA:    78s[>>                           ] 684/7824, 91.5 task/s, elapsed: 7s, ETA:    78s[>>                           ] 685/7824, 91.5 task/s, elapsed: 7s, ETA:    78s[>>                           ] 686/7824, 91.6 task/s, elapsed: 7s, ETA:    78s[>>                           ] 687/7824, 91.6 task/s, elapsed: 8s, ETA:    78s[>>                           ] 688/7824, 91.6 task/s, elapsed: 8s, ETA:    78s[>>                           ] 689/7824, 91.6 task/s, elapsed: 8s, ETA:    78s[>>                           ] 690/7824, 91.6 task/s, elapsed: 8s, ETA:    78s[>>                           ] 691/7824, 91.6 task/s, elapsed: 8s, ETA:    78s[>>                           ] 692/7824, 91.7 task/s, elapsed: 8s, ETA:    78s[>>                           ] 693/7824, 91.7 task/s, elapsed: 8s, ETA:    78s[>>                           ] 694/7824, 91.7 task/s, elapsed: 8s, ETA:    78s[>>                           ] 695/7824, 91.7 task/s, elapsed: 8s, ETA:    78s[>>                           ] 696/7824, 91.7 task/s, elapsed: 8s, ETA:    78s[>>                           ] 697/7824, 91.7 task/s, elapsed: 8s, ETA:    78s[>>                           ] 698/7824, 91.8 task/s, elapsed: 8s, ETA:    78s[>>                           ] 699/7824, 91.8 task/s, elapsed: 8s, ETA:    78s[>>                           ] 700/7824, 91.8 task/s, elapsed: 8s, ETA:    78s[>>                           ] 701/7824, 91.8 task/s, elapsed: 8s, ETA:    78s[>>                           ] 702/7824, 91.8 task/s, elapsed: 8s, ETA:    78s[>>                           ] 703/7824, 91.9 task/s, elapsed: 8s, ETA:    78s[>>                           ] 704/7824, 91.9 task/s, elapsed: 8s, ETA:    77s[>>                           ] 705/7824, 91.9 task/s, elapsed: 8s, ETA:    77s[>>                           ] 706/7824, 91.9 task/s, elapsed: 8s, ETA:    77s[>>                           ] 707/7824, 91.9 task/s, elapsed: 8s, ETA:    77s[>>                           ] 708/7824, 92.0 task/s, elapsed: 8s, ETA:    77s[>>                           ] 709/7824, 92.0 task/s, elapsed: 8s, ETA:    77s[>>                           ] 710/7824, 92.0 task/s, elapsed: 8s, ETA:    77s[>>                           ] 711/7824, 92.0 task/s, elapsed: 8s, ETA:    77s[>>                           ] 712/7824, 92.1 task/s, elapsed: 8s, ETA:    77s[>>                           ] 713/7824, 92.1 task/s, elapsed: 8s, ETA:    77s[>>                           ] 714/7824, 92.1 task/s, elapsed: 8s, ETA:    77s[>>                           ] 715/7824, 92.1 task/s, elapsed: 8s, ETA:    77s[>>                           ] 716/7824, 92.1 task/s, elapsed: 8s, ETA:    77s[>>                           ] 717/7824, 92.2 task/s, elapsed: 8s, ETA:    77s[>>                           ] 718/7824, 92.2 task/s, elapsed: 8s, ETA:    77s[>>                           ] 719/7824, 92.2 task/s, elapsed: 8s, ETA:    77s[>>                           ] 720/7824, 92.2 task/s, elapsed: 8s, ETA:    77s[>>                           ] 721/7824, 92.2 task/s, elapsed: 8s, ETA:    77s[>>                           ] 722/7824, 92.2 task/s, elapsed: 8s, ETA:    77s[>>                           ] 723/7824, 92.3 task/s, elapsed: 8s, ETA:    77s[>>                           ] 724/7824, 92.3 task/s, elapsed: 8s, ETA:    77s[>>                           ] 725/7824, 92.3 task/s, elapsed: 8s, ETA:    77s[>>                           ] 726/7824, 92.3 task/s, elapsed: 8s, ETA:    77s[>>                           ] 727/7824, 92.3 task/s, elapsed: 8s, ETA:    77s[>>                           ] 728/7824, 92.3 task/s, elapsed: 8s, ETA:    77s[>>                           ] 729/7824, 92.4 task/s, elapsed: 8s, ETA:    77s[>>                           ] 730/7824, 92.4 task/s, elapsed: 8s, ETA:    77s[>>                           ] 731/7824, 92.4 task/s, elapsed: 8s, ETA:    77s[>>                           ] 732/7824, 92.4 task/s, elapsed: 8s, ETA:    77s[>>                           ] 733/7824, 92.4 task/s, elapsed: 8s, ETA:    77s[>>                           ] 734/7824, 92.4 task/s, elapsed: 8s, ETA:    77s[>>                           ] 735/7824, 92.5 task/s, elapsed: 8s, ETA:    77s[>>                           ] 736/7824, 92.5 task/s, elapsed: 8s, ETA:    77s[>>                           ] 737/7824, 92.5 task/s, elapsed: 8s, ETA:    77s[>>                           ] 738/7824, 92.5 task/s, elapsed: 8s, ETA:    77s[>>                           ] 739/7824, 92.5 task/s, elapsed: 8s, ETA:    77s[>>                           ] 740/7824, 92.6 task/s, elapsed: 8s, ETA:    77s[>>                           ] 741/7824, 92.6 task/s, elapsed: 8s, ETA:    77s[>>                           ] 742/7824, 92.6 task/s, elapsed: 8s, ETA:    76s[>>                           ] 743/7824, 92.6 task/s, elapsed: 8s, ETA:    76s[>>                           ] 744/7824, 92.6 task/s, elapsed: 8s, ETA:    76s[>>                           ] 745/7824, 92.6 task/s, elapsed: 8s, ETA:    76s[>>                           ] 746/7824, 92.6 task/s, elapsed: 8s, ETA:    76s[>>                           ] 747/7824, 92.7 task/s, elapsed: 8s, ETA:    76s[>>                           ] 748/7824, 92.7 task/s, elapsed: 8s, ETA:    76s[>>                           ] 749/7824, 92.7 task/s, elapsed: 8s, ETA:    76s[>>                           ] 750/7824, 92.7 task/s, elapsed: 8s, ETA:    76s[>>                           ] 751/7824, 92.7 task/s, elapsed: 8s, ETA:    76s[>>                           ] 752/7824, 92.7 task/s, elapsed: 8s, ETA:    76s[>>                           ] 753/7824, 92.8 task/s, elapsed: 8s, ETA:    76s[>>                           ] 754/7824, 92.8 task/s, elapsed: 8s, ETA:    76s[>>                           ] 755/7824, 92.8 task/s, elapsed: 8s, ETA:    76s[>>                           ] 756/7824, 92.8 task/s, elapsed: 8s, ETA:    76s[>>                           ] 757/7824, 92.8 task/s, elapsed: 8s, ETA:    76s[>>                           ] 758/7824, 92.9 task/s, elapsed: 8s, ETA:    76s[>>                           ] 759/7824, 92.9 task/s, elapsed: 8s, ETA:    76s[>>                           ] 760/7824, 92.9 task/s, elapsed: 8s, ETA:    76s[>>                           ] 761/7824, 92.9 task/s, elapsed: 8s, ETA:    76s[>>                           ] 762/7824, 92.9 task/s, elapsed: 8s, ETA:    76s[>>                           ] 763/7824, 93.0 task/s, elapsed: 8s, ETA:    76s[>>                           ] 764/7824, 93.0 task/s, elapsed: 8s, ETA:    76s[>>                           ] 765/7824, 93.0 task/s, elapsed: 8s, ETA:    76s[>>                           ] 766/7824, 93.0 task/s, elapsed: 8s, ETA:    76s[>>                           ] 767/7824, 93.0 task/s, elapsed: 8s, ETA:    76s[>>                           ] 768/7824, 93.1 task/s, elapsed: 8s, ETA:    76s[>>                           ] 769/7824, 93.1 task/s, elapsed: 8s, ETA:    76s[>>                           ] 770/7824, 93.1 task/s, elapsed: 8s, ETA:    76s[>>                           ] 771/7824, 93.1 task/s, elapsed: 8s, ETA:    76s[>>                           ] 772/7824, 93.1 task/s, elapsed: 8s, ETA:    76s[>>                           ] 773/7824, 93.2 task/s, elapsed: 8s, ETA:    76s[>>                           ] 774/7824, 93.2 task/s, elapsed: 8s, ETA:    76s[>>                           ] 775/7824, 93.2 task/s, elapsed: 8s, ETA:    76s[>>                           ] 776/7824, 93.2 task/s, elapsed: 8s, ETA:    76s[>>                           ] 777/7824, 93.2 task/s, elapsed: 8s, ETA:    76s[>>                           ] 778/7824, 93.2 task/s, elapsed: 8s, ETA:    76s[>>                           ] 779/7824, 93.3 task/s, elapsed: 8s, ETA:    76s[>>                           ] 780/7824, 93.3 task/s, elapsed: 8s, ETA:    76s[>>                           ] 781/7824, 93.3 task/s, elapsed: 8s, ETA:    75s[>>                           ] 782/7824, 93.3 task/s, elapsed: 8s, ETA:    75s[>>                           ] 783/7824, 93.3 task/s, elapsed: 8s, ETA:    75s[>>                           ] 784/7824, 93.3 task/s, elapsed: 8s, ETA:    75s[>>                           ] 785/7824, 93.4 task/s, elapsed: 8s, ETA:    75s[>>                           ] 786/7824, 93.4 task/s, elapsed: 8s, ETA:    75s[>>                           ] 787/7824, 93.4 task/s, elapsed: 8s, ETA:    75s[>>                           ] 788/7824, 93.4 task/s, elapsed: 8s, ETA:    75s[>>                           ] 789/7824, 93.4 task/s, elapsed: 8s, ETA:    75s[>>                           ] 790/7824, 93.4 task/s, elapsed: 8s, ETA:    75s[>>                           ] 791/7824, 93.5 task/s, elapsed: 8s, ETA:    75s[>>                           ] 792/7824, 93.5 task/s, elapsed: 8s, ETA:    75s[>>                           ] 793/7824, 93.5 task/s, elapsed: 8s, ETA:    75s[>>                           ] 794/7824, 93.5 task/s, elapsed: 8s, ETA:    75s[>>                           ] 795/7824, 93.5 task/s, elapsed: 9s, ETA:    75s[>>                           ] 796/7824, 93.5 task/s, elapsed: 9s, ETA:    75s[>>                           ] 797/7824, 93.6 task/s, elapsed: 9s, ETA:    75s[>>                           ] 798/7824, 93.6 task/s, elapsed: 9s, ETA:    75s[>>                           ] 799/7824, 93.6 task/s, elapsed: 9s, ETA:    75s[>>                           ] 800/7824, 93.6 task/s, elapsed: 9s, ETA:    75s[>>                           ] 801/7824, 93.6 task/s, elapsed: 9s, ETA:    75s[>>                           ] 802/7824, 93.6 task/s, elapsed: 9s, ETA:    75s[>>                           ] 803/7824, 93.7 task/s, elapsed: 9s, ETA:    75s[>>                           ] 804/7824, 93.7 task/s, elapsed: 9s, ETA:    75s[>>                           ] 805/7824, 93.7 task/s, elapsed: 9s, ETA:    75s[>>                           ] 806/7824, 93.7 task/s, elapsed: 9s, ETA:    75s[>>                           ] 807/7824, 93.7 task/s, elapsed: 9s, ETA:    75s[>>                           ] 808/7824, 93.7 task/s, elapsed: 9s, ETA:    75s[>>                           ] 809/7824, 93.8 task/s, elapsed: 9s, ETA:    75s[>>>                          ] 810/7824, 93.8 task/s, elapsed: 9s, ETA:    75s[>>>                          ] 811/7824, 93.8 task/s, elapsed: 9s, ETA:    75s[>>>                          ] 812/7824, 93.8 task/s, elapsed: 9s, ETA:    75s[>>>                          ] 813/7824, 93.8 task/s, elapsed: 9s, ETA:    75s[>>>                          ] 814/7824, 93.9 task/s, elapsed: 9s, ETA:    75s[>>>                          ] 815/7824, 93.9 task/s, elapsed: 9s, ETA:    75s[>>>                          ] 816/7824, 93.9 task/s, elapsed: 9s, ETA:    75s[>>>                          ] 817/7824, 93.9 task/s, elapsed: 9s, ETA:    75s[>>>                          ] 818/7824, 93.9 task/s, elapsed: 9s, ETA:    75s[>>>                          ] 819/7824, 93.9 task/s, elapsed: 9s, ETA:    75s[>>>                          ] 820/7824, 94.0 task/s, elapsed: 9s, ETA:    75s[>>>                          ] 821/7824, 94.0 task/s, elapsed: 9s, ETA:    75s[>>>                          ] 822/7824, 94.0 task/s, elapsed: 9s, ETA:    74s[>>>                          ] 823/7824, 94.0 task/s, elapsed: 9s, ETA:    74s[>>>                          ] 824/7824, 94.0 task/s, elapsed: 9s, ETA:    74s[>>>                          ] 825/7824, 94.0 task/s, elapsed: 9s, ETA:    74s[>>>                          ] 826/7824, 94.0 task/s, elapsed: 9s, ETA:    74s[>>>                          ] 827/7824, 94.1 task/s, elapsed: 9s, ETA:    74s[>>>                          ] 828/7824, 94.0 task/s, elapsed: 9s, ETA:    74s[>>>                          ] 829/7824, 94.1 task/s, elapsed: 9s, ETA:    74s[>>>                          ] 830/7824, 94.1 task/s, elapsed: 9s, ETA:    74s[>>>                          ] 831/7824, 94.1 task/s, elapsed: 9s, ETA:    74s[>>>                          ] 832/7824, 94.1 task/s, elapsed: 9s, ETA:    74s[>>>                          ] 833/7824, 94.1 task/s, elapsed: 9s, ETA:    74s[>>>                          ] 834/7824, 94.1 task/s, elapsed: 9s, ETA:    74s[>>>                          ] 835/7824, 94.1 task/s, elapsed: 9s, ETA:    74s[>>>                          ] 836/7824, 94.1 task/s, elapsed: 9s, ETA:    74s[>>>                          ] 837/7824, 94.1 task/s, elapsed: 9s, ETA:    74s[>>>                          ] 838/7824, 94.1 task/s, elapsed: 9s, ETA:    74s[>>>                          ] 839/7824, 94.2 task/s, elapsed: 9s, ETA:    74s[>>>                          ] 840/7824, 94.2 task/s, elapsed: 9s, ETA:    74s[>>>                          ] 841/7824, 94.2 task/s, elapsed: 9s, ETA:    74s[>>>                          ] 842/7824, 94.2 task/s, elapsed: 9s, ETA:    74s[>>>                          ] 843/7824, 94.2 task/s, elapsed: 9s, ETA:    74s[>>>                          ] 844/7824, 94.2 task/s, elapsed: 9s, ETA:    74s[>>>                          ] 845/7824, 94.2 task/s, elapsed: 9s, ETA:    74s[>>>                          ] 846/7824, 94.3 task/s, elapsed: 9s, ETA:    74s[>>>                          ] 847/7824, 94.3 task/s, elapsed: 9s, ETA:    74s[>>>                          ] 848/7824, 94.3 task/s, elapsed: 9s, ETA:    74s[>>>                          ] 849/7824, 94.3 task/s, elapsed: 9s, ETA:    74s[>>>                          ] 850/7824, 94.3 task/s, elapsed: 9s, ETA:    74s[>>>                          ] 851/7824, 94.3 task/s, elapsed: 9s, ETA:    74s[>>>                          ] 852/7824, 94.3 task/s, elapsed: 9s, ETA:    74s[>>>                          ] 853/7824, 94.3 task/s, elapsed: 9s, ETA:    74s[>>>                          ] 854/7824, 94.3 task/s, elapsed: 9s, ETA:    74s[>>>                          ] 855/7824, 94.4 task/s, elapsed: 9s, ETA:    74s[>>>                          ] 856/7824, 94.4 task/s, elapsed: 9s, ETA:    74s[>>>                          ] 857/7824, 94.4 task/s, elapsed: 9s, ETA:    74s[>>>                          ] 858/7824, 94.4 task/s, elapsed: 9s, ETA:    74s[>>>                          ] 859/7824, 94.4 task/s, elapsed: 9s, ETA:    74s[>>>                          ] 860/7824, 94.4 task/s, elapsed: 9s, ETA:    74s[>>>                          ] 861/7824, 94.4 task/s, elapsed: 9s, ETA:    74s[>>>                          ] 862/7824, 94.5 task/s, elapsed: 9s, ETA:    74s[>>>                          ] 863/7824, 94.5 task/s, elapsed: 9s, ETA:    74s[>>>                          ] 864/7824, 94.5 task/s, elapsed: 9s, ETA:    74s[>>>                          ] 865/7824, 94.5 task/s, elapsed: 9s, ETA:    74s[>>>                          ] 866/7824, 94.5 task/s, elapsed: 9s, ETA:    74s[>>>                          ] 867/7824, 94.5 task/s, elapsed: 9s, ETA:    74s[>>>                          ] 868/7824, 94.5 task/s, elapsed: 9s, ETA:    74s[>>>                          ] 869/7824, 94.5 task/s, elapsed: 9s, ETA:    74s[>>>                          ] 870/7824, 94.5 task/s, elapsed: 9s, ETA:    74s[>>>                          ] 871/7824, 94.5 task/s, elapsed: 9s, ETA:    74s[>>>                          ] 872/7824, 94.5 task/s, elapsed: 9s, ETA:    74s[>>>                          ] 873/7824, 94.6 task/s, elapsed: 9s, ETA:    74s[>>>                          ] 874/7824, 94.6 task/s, elapsed: 9s, ETA:    73s[>>>                          ] 875/7824, 94.6 task/s, elapsed: 9s, ETA:    73s[>>>                          ] 876/7824, 94.6 task/s, elapsed: 9s, ETA:    73s[>>>                          ] 877/7824, 94.6 task/s, elapsed: 9s, ETA:    73s[>>>                          ] 878/7824, 94.6 task/s, elapsed: 9s, ETA:    73s[>>>                          ] 879/7824, 94.6 task/s, elapsed: 9s, ETA:    73s[>>>                          ] 880/7824, 94.6 task/s, elapsed: 9s, ETA:    73s[>>>                          ] 881/7824, 94.7 task/s, elapsed: 9s, ETA:    73s[>>>                          ] 882/7824, 94.7 task/s, elapsed: 9s, ETA:    73s[>>>                          ] 883/7824, 94.7 task/s, elapsed: 9s, ETA:    73s[>>>                          ] 884/7824, 94.7 task/s, elapsed: 9s, ETA:    73s[>>>                          ] 885/7824, 94.7 task/s, elapsed: 9s, ETA:    73s[>>>                          ] 886/7824, 94.7 task/s, elapsed: 9s, ETA:    73s[>>>                          ] 887/7824, 94.8 task/s, elapsed: 9s, ETA:    73s[>>>                          ] 888/7824, 94.8 task/s, elapsed: 9s, ETA:    73s[>>>                          ] 889/7824, 94.8 task/s, elapsed: 9s, ETA:    73s[>>>                          ] 890/7824, 94.8 task/s, elapsed: 9s, ETA:    73s[>>>                          ] 891/7824, 94.8 task/s, elapsed: 9s, ETA:    73s[>>>                          ] 892/7824, 94.8 task/s, elapsed: 9s, ETA:    73s[>>>                          ] 893/7824, 94.8 task/s, elapsed: 9s, ETA:    73s[>>>                          ] 894/7824, 94.9 task/s, elapsed: 9s, ETA:    73s[>>>                          ] 895/7824, 94.9 task/s, elapsed: 9s, ETA:    73s[>>>                          ] 896/7824, 94.9 task/s, elapsed: 9s, ETA:    73s[>>>                          ] 897/7824, 94.9 task/s, elapsed: 9s, ETA:    73s[>>>                          ] 898/7824, 94.9 task/s, elapsed: 9s, ETA:    73s[>>>                          ] 899/7824, 94.9 task/s, elapsed: 9s, ETA:    73s[>>>                          ] 900/7824, 94.9 task/s, elapsed: 9s, ETA:    73s[>>>                          ] 901/7824, 94.9 task/s, elapsed: 9s, ETA:    73s[>>>                         ] 902/7824, 94.9 task/s, elapsed: 10s, ETA:    73s[>>>                         ] 903/7824, 95.0 task/s, elapsed: 10s, ETA:    73s[>>>                         ] 904/7824, 95.0 task/s, elapsed: 10s, ETA:    73s[>>>                         ] 905/7824, 95.0 task/s, elapsed: 10s, ETA:    73s[>>>                         ] 906/7824, 95.0 task/s, elapsed: 10s, ETA:    73s[>>>                         ] 907/7824, 95.0 task/s, elapsed: 10s, ETA:    73s[>>>                         ] 908/7824, 95.0 task/s, elapsed: 10s, ETA:    73s[>>>                         ] 909/7824, 95.1 task/s, elapsed: 10s, ETA:    73s[>>>                         ] 910/7824, 95.1 task/s, elapsed: 10s, ETA:    73s[>>>                         ] 911/7824, 95.1 task/s, elapsed: 10s, ETA:    73s[>>>                         ] 912/7824, 95.1 task/s, elapsed: 10s, ETA:    73s[>>>                         ] 913/7824, 95.1 task/s, elapsed: 10s, ETA:    73s[>>>                         ] 914/7824, 95.1 task/s, elapsed: 10s, ETA:    73s[>>>                         ] 915/7824, 95.1 task/s, elapsed: 10s, ETA:    73s[>>>                         ] 916/7824, 95.2 task/s, elapsed: 10s, ETA:    73s[>>>                         ] 917/7824, 95.2 task/s, elapsed: 10s, ETA:    73s[>>>                         ] 918/7824, 95.2 task/s, elapsed: 10s, ETA:    73s[>>>                         ] 919/7824, 95.2 task/s, elapsed: 10s, ETA:    73s[>>>                         ] 920/7824, 95.2 task/s, elapsed: 10s, ETA:    73s[>>>                         ] 921/7824, 95.2 task/s, elapsed: 10s, ETA:    72s[>>>                         ] 922/7824, 95.2 task/s, elapsed: 10s, ETA:    72s[>>>                         ] 923/7824, 95.3 task/s, elapsed: 10s, ETA:    72s[>>>                         ] 924/7824, 95.3 task/s, elapsed: 10s, ETA:    72s[>>>                         ] 925/7824, 95.3 task/s, elapsed: 10s, ETA:    72s[>>>                         ] 926/7824, 95.3 task/s, elapsed: 10s, ETA:    72s[>>>                         ] 927/7824, 95.3 task/s, elapsed: 10s, ETA:    72s[>>>                         ] 928/7824, 95.3 task/s, elapsed: 10s, ETA:    72s[>>>                         ] 929/7824, 95.3 task/s, elapsed: 10s, ETA:    72s[>>>                         ] 930/7824, 95.4 task/s, elapsed: 10s, ETA:    72s[>>>                         ] 931/7824, 95.4 task/s, elapsed: 10s, ETA:    72s[>>>                         ] 932/7824, 95.4 task/s, elapsed: 10s, ETA:    72s[>>>                         ] 933/7824, 95.4 task/s, elapsed: 10s, ETA:    72s[>>>                         ] 934/7824, 95.4 task/s, elapsed: 10s, ETA:    72s[>>>                         ] 935/7824, 95.4 task/s, elapsed: 10s, ETA:    72s[>>>                         ] 936/7824, 95.4 task/s, elapsed: 10s, ETA:    72s[>>>                         ] 937/7824, 95.4 task/s, elapsed: 10s, ETA:    72s[>>>                         ] 938/7824, 95.5 task/s, elapsed: 10s, ETA:    72s[>>>                         ] 939/7824, 95.5 task/s, elapsed: 10s, ETA:    72s[>>>                         ] 940/7824, 95.5 task/s, elapsed: 10s, ETA:    72s[>>>                         ] 941/7824, 95.5 task/s, elapsed: 10s, ETA:    72s[>>>                         ] 942/7824, 95.5 task/s, elapsed: 10s, ETA:    72s[>>>                         ] 943/7824, 95.5 task/s, elapsed: 10s, ETA:    72s[>>>                         ] 944/7824, 95.5 task/s, elapsed: 10s, ETA:    72s[>>>                         ] 945/7824, 95.5 task/s, elapsed: 10s, ETA:    72s[>>>                         ] 946/7824, 95.5 task/s, elapsed: 10s, ETA:    72s[>>>                         ] 947/7824, 95.5 task/s, elapsed: 10s, ETA:    72s[>>>                         ] 948/7824, 95.5 task/s, elapsed: 10s, ETA:    72s[>>>                         ] 949/7824, 95.6 task/s, elapsed: 10s, ETA:    72s[>>>                         ] 950/7824, 95.6 task/s, elapsed: 10s, ETA:    72s[>>>                         ] 951/7824, 95.6 task/s, elapsed: 10s, ETA:    72s[>>>                         ] 952/7824, 95.6 task/s, elapsed: 10s, ETA:    72s[>>>                         ] 953/7824, 95.6 task/s, elapsed: 10s, ETA:    72s[>>>                         ] 954/7824, 95.6 task/s, elapsed: 10s, ETA:    72s[>>>                         ] 955/7824, 95.6 task/s, elapsed: 10s, ETA:    72s[>>>                         ] 956/7824, 95.7 task/s, elapsed: 10s, ETA:    72s[>>>                         ] 957/7824, 95.7 task/s, elapsed: 10s, ETA:    72s[>>>                         ] 958/7824, 95.7 task/s, elapsed: 10s, ETA:    72s[>>>                         ] 959/7824, 95.7 task/s, elapsed: 10s, ETA:    72s[>>>                         ] 960/7824, 95.7 task/s, elapsed: 10s, ETA:    72s[>>>                         ] 961/7824, 95.7 task/s, elapsed: 10s, ETA:    72s[>>>                         ] 962/7824, 95.7 task/s, elapsed: 10s, ETA:    72s[>>>                         ] 963/7824, 95.8 task/s, elapsed: 10s, ETA:    72s[>>>                         ] 964/7824, 95.8 task/s, elapsed: 10s, ETA:    72s[>>>                         ] 965/7824, 95.8 task/s, elapsed: 10s, ETA:    72s[>>>                         ] 966/7824, 95.8 task/s, elapsed: 10s, ETA:    72s[>>>                         ] 967/7824, 95.8 task/s, elapsed: 10s, ETA:    72s[>>>                         ] 968/7824, 95.8 task/s, elapsed: 10s, ETA:    72s[>>>                         ] 969/7824, 95.8 task/s, elapsed: 10s, ETA:    72s[>>>                         ] 970/7824, 95.8 task/s, elapsed: 10s, ETA:    72s[>>>                         ] 971/7824, 95.8 task/s, elapsed: 10s, ETA:    72s[>>>                         ] 972/7824, 95.8 task/s, elapsed: 10s, ETA:    71s[>>>                         ] 973/7824, 95.8 task/s, elapsed: 10s, ETA:    71s[>>>                         ] 974/7824, 95.9 task/s, elapsed: 10s, ETA:    71s[>>>                         ] 975/7824, 95.9 task/s, elapsed: 10s, ETA:    71s[>>>                         ] 976/7824, 95.9 task/s, elapsed: 10s, ETA:    71s[>>>                         ] 977/7824, 95.9 task/s, elapsed: 10s, ETA:    71s[>>>                         ] 978/7824, 95.9 task/s, elapsed: 10s, ETA:    71s[>>>                         ] 979/7824, 95.9 task/s, elapsed: 10s, ETA:    71s[>>>                         ] 980/7824, 95.9 task/s, elapsed: 10s, ETA:    71s[>>>                         ] 981/7824, 96.0 task/s, elapsed: 10s, ETA:    71s[>>>                         ] 982/7824, 96.0 task/s, elapsed: 10s, ETA:    71s[>>>                         ] 983/7824, 96.0 task/s, elapsed: 10s, ETA:    71s[>>>                         ] 984/7824, 96.0 task/s, elapsed: 10s, ETA:    71s[>>>                         ] 985/7824, 96.0 task/s, elapsed: 10s, ETA:    71s[>>>                         ] 986/7824, 96.0 task/s, elapsed: 10s, ETA:    71s[>>>                         ] 987/7824, 96.0 task/s, elapsed: 10s, ETA:    71s[>>>                         ] 988/7824, 96.0 task/s, elapsed: 10s, ETA:    71s[>>>                         ] 989/7824, 96.0 task/s, elapsed: 10s, ETA:    71s[>>>                         ] 990/7824, 96.0 task/s, elapsed: 10s, ETA:    71s[>>>                         ] 991/7824, 96.0 task/s, elapsed: 10s, ETA:    71s[>>>                         ] 992/7824, 96.1 task/s, elapsed: 10s, ETA:    71s[>>>                         ] 993/7824, 96.0 task/s, elapsed: 10s, ETA:    71s[>>>                         ] 994/7824, 96.1 task/s, elapsed: 10s, ETA:    71s[>>>                         ] 995/7824, 96.1 task/s, elapsed: 10s, ETA:    71s[>>>                         ] 996/7824, 96.1 task/s, elapsed: 10s, ETA:    71s[>>>                         ] 997/7824, 96.1 task/s, elapsed: 10s, ETA:    71s[>>>                         ] 998/7824, 96.1 task/s, elapsed: 10s, ETA:    71s[>>>                         ] 999/7824, 96.1 task/s, elapsed: 10s, ETA:    71s[>>>                        ] 1000/7824, 96.1 task/s, elapsed: 10s, ETA:    71s[>>>                        ] 1001/7824, 96.1 task/s, elapsed: 10s, ETA:    71s[>>>                        ] 1002/7824, 96.1 task/s, elapsed: 10s, ETA:    71s[>>>                        ] 1003/7824, 96.1 task/s, elapsed: 10s, ETA:    71s[>>>                        ] 1004/7824, 96.1 task/s, elapsed: 10s, ETA:    71s[>>>                        ] 1005/7824, 96.1 task/s, elapsed: 10s, ETA:    71s[>>>                        ] 1006/7824, 96.1 task/s, elapsed: 10s, ETA:    71s[>>>                        ] 1007/7824, 96.1 task/s, elapsed: 10s, ETA:    71s[>>>                        ] 1008/7824, 96.1 task/s, elapsed: 10s, ETA:    71s[>>>                        ] 1009/7824, 96.1 task/s, elapsed: 10s, ETA:    71s[>>>                        ] 1010/7824, 96.1 task/s, elapsed: 11s, ETA:    71s[>>>                        ] 1011/7824, 96.2 task/s, elapsed: 11s, ETA:    71s[>>>                        ] 1012/7824, 96.2 task/s, elapsed: 11s, ETA:    71s[>>>                        ] 1013/7824, 96.2 task/s, elapsed: 11s, ETA:    71s[>>>                        ] 1014/7824, 96.2 task/s, elapsed: 11s, ETA:    71s[>>>                        ] 1015/7824, 96.2 task/s, elapsed: 11s, ETA:    71s[>>>                        ] 1016/7824, 96.2 task/s, elapsed: 11s, ETA:    71s[>>>                        ] 1017/7824, 96.2 task/s, elapsed: 11s, ETA:    71s[>>>                        ] 1018/7824, 96.2 task/s, elapsed: 11s, ETA:    71s[>>>                        ] 1019/7824, 96.2 task/s, elapsed: 11s, ETA:    71s[>>>                        ] 1020/7824, 96.2 task/s, elapsed: 11s, ETA:    71s[>>>                        ] 1021/7824, 96.2 task/s, elapsed: 11s, ETA:    71s[>>>                        ] 1022/7824, 96.2 task/s, elapsed: 11s, ETA:    71s[>>>                        ] 1023/7824, 96.2 task/s, elapsed: 11s, ETA:    71s[>>>                        ] 1024/7824, 96.2 task/s, elapsed: 11s, ETA:    71s[>>>                        ] 1025/7824, 96.2 task/s, elapsed: 11s, ETA:    71s[>>>                        ] 1026/7824, 96.2 task/s, elapsed: 11s, ETA:    71s[>>>                        ] 1027/7824, 96.2 task/s, elapsed: 11s, ETA:    71s[>>>                        ] 1028/7824, 96.2 task/s, elapsed: 11s, ETA:    71s[>>>                        ] 1029/7824, 96.3 task/s, elapsed: 11s, ETA:    71s[>>>                        ] 1030/7824, 96.2 task/s, elapsed: 11s, ETA:    71s[>>>                        ] 1031/7824, 96.2 task/s, elapsed: 11s, ETA:    71s[>>>                        ] 1032/7824, 96.2 task/s, elapsed: 11s, ETA:    71s[>>>                        ] 1033/7824, 96.3 task/s, elapsed: 11s, ETA:    71s[>>>                        ] 1034/7824, 96.3 task/s, elapsed: 11s, ETA:    71s[>>>                        ] 1035/7824, 96.3 task/s, elapsed: 11s, ETA:    71s[>>>                        ] 1036/7824, 96.3 task/s, elapsed: 11s, ETA:    71s[>>>                        ] 1037/7824, 96.3 task/s, elapsed: 11s, ETA:    70s[>>>                        ] 1038/7824, 96.3 task/s, elapsed: 11s, ETA:    70s[>>>                        ] 1039/7824, 96.3 task/s, elapsed: 11s, ETA:    70s[>>>                        ] 1040/7824, 96.3 task/s, elapsed: 11s, ETA:    70s[>>>                        ] 1041/7824, 96.3 task/s, elapsed: 11s, ETA:    70s[>>>                        ] 1042/7824, 96.3 task/s, elapsed: 11s, ETA:    70s[>>>                        ] 1043/7824, 96.3 task/s, elapsed: 11s, ETA:    70s[>>>                        ] 1044/7824, 96.3 task/s, elapsed: 11s, ETA:    70s[>>>                        ] 1045/7824, 96.3 task/s, elapsed: 11s, ETA:    70s[>>>                        ] 1046/7824, 96.4 task/s, elapsed: 11s, ETA:    70s[>>>                        ] 1047/7824, 96.4 task/s, elapsed: 11s, ETA:    70s[>>>                        ] 1048/7824, 96.4 task/s, elapsed: 11s, ETA:    70s[>>>                        ] 1049/7824, 96.4 task/s, elapsed: 11s, ETA:    70s[>>>                        ] 1050/7824, 96.4 task/s, elapsed: 11s, ETA:    70s[>>>                        ] 1051/7824, 96.4 task/s, elapsed: 11s, ETA:    70s[>>>                        ] 1052/7824, 96.4 task/s, elapsed: 11s, ETA:    70s[>>>                        ] 1053/7824, 96.4 task/s, elapsed: 11s, ETA:    70s[>>>                        ] 1054/7824, 96.4 task/s, elapsed: 11s, ETA:    70s[>>>                        ] 1055/7824, 96.4 task/s, elapsed: 11s, ETA:    70s[>>>                        ] 1056/7824, 96.4 task/s, elapsed: 11s, ETA:    70s[>>>                        ] 1057/7824, 96.4 task/s, elapsed: 11s, ETA:    70s[>>>                        ] 1058/7824, 96.4 task/s, elapsed: 11s, ETA:    70s[>>>                        ] 1059/7824, 96.4 task/s, elapsed: 11s, ETA:    70s[>>>                        ] 1060/7824, 96.4 task/s, elapsed: 11s, ETA:    70s[>>>                        ] 1061/7824, 96.4 task/s, elapsed: 11s, ETA:    70s[>>>                        ] 1062/7824, 96.4 task/s, elapsed: 11s, ETA:    70s[>>>                        ] 1063/7824, 96.5 task/s, elapsed: 11s, ETA:    70s[>>>                        ] 1064/7824, 96.5 task/s, elapsed: 11s, ETA:    70s[>>>                        ] 1065/7824, 96.5 task/s, elapsed: 11s, ETA:    70s[>>>                        ] 1066/7824, 96.5 task/s, elapsed: 11s, ETA:    70s[>>>                        ] 1067/7824, 96.5 task/s, elapsed: 11s, ETA:    70s[>>>                        ] 1068/7824, 96.5 task/s, elapsed: 11s, ETA:    70s[>>>                        ] 1069/7824, 96.5 task/s, elapsed: 11s, ETA:    70s[>>>                        ] 1070/7824, 96.5 task/s, elapsed: 11s, ETA:    70s[>>>                        ] 1071/7824, 96.5 task/s, elapsed: 11s, ETA:    70s[>>>                        ] 1072/7824, 96.5 task/s, elapsed: 11s, ETA:    70s[>>>                        ] 1073/7824, 96.5 task/s, elapsed: 11s, ETA:    70s[>>>                        ] 1074/7824, 96.5 task/s, elapsed: 11s, ETA:    70s[>>>                        ] 1075/7824, 96.6 task/s, elapsed: 11s, ETA:    70s[>>>                        ] 1076/7824, 96.6 task/s, elapsed: 11s, ETA:    70s[>>>                        ] 1077/7824, 96.6 task/s, elapsed: 11s, ETA:    70s[>>>                        ] 1078/7824, 96.6 task/s, elapsed: 11s, ETA:    70s[>>>                        ] 1079/7824, 96.6 task/s, elapsed: 11s, ETA:    70s[>>>                        ] 1080/7824, 96.6 task/s, elapsed: 11s, ETA:    70s[>>>                        ] 1081/7824, 96.6 task/s, elapsed: 11s, ETA:    70s[>>>                        ] 1082/7824, 96.6 task/s, elapsed: 11s, ETA:    70s[>>>                        ] 1083/7824, 96.6 task/s, elapsed: 11s, ETA:    70s[>>>                        ] 1084/7824, 96.7 task/s, elapsed: 11s, ETA:    70s[>>>                        ] 1085/7824, 96.7 task/s, elapsed: 11s, ETA:    70s[>>>                        ] 1086/7824, 96.7 task/s, elapsed: 11s, ETA:    70s[>>>                        ] 1087/7824, 96.7 task/s, elapsed: 11s, ETA:    70s[>>>                        ] 1088/7824, 96.7 task/s, elapsed: 11s, ETA:    70s[>>>                        ] 1089/7824, 96.7 task/s, elapsed: 11s, ETA:    70s[>>>                        ] 1090/7824, 96.7 task/s, elapsed: 11s, ETA:    70s[>>>                        ] 1091/7824, 96.7 task/s, elapsed: 11s, ETA:    70s[>>>                        ] 1092/7824, 96.7 task/s, elapsed: 11s, ETA:    70s[>>>                        ] 1093/7824, 96.7 task/s, elapsed: 11s, ETA:    70s[>>>                        ] 1094/7824, 96.8 task/s, elapsed: 11s, ETA:    70s[>>>                        ] 1095/7824, 96.8 task/s, elapsed: 11s, ETA:    70s[>>>                        ] 1096/7824, 96.7 task/s, elapsed: 11s, ETA:    70s[>>>                        ] 1097/7824, 96.8 task/s, elapsed: 11s, ETA:    70s[>>>                        ] 1098/7824, 96.8 task/s, elapsed: 11s, ETA:    70s[>>>                        ] 1099/7824, 96.8 task/s, elapsed: 11s, ETA:    69s[>>>                        ] 1100/7824, 96.8 task/s, elapsed: 11s, ETA:    69s[>>>                        ] 1101/7824, 96.8 task/s, elapsed: 11s, ETA:    69s[>>>                        ] 1102/7824, 96.8 task/s, elapsed: 11s, ETA:    69s[>>>                        ] 1103/7824, 96.8 task/s, elapsed: 11s, ETA:    69s[>>>                        ] 1104/7824, 96.8 task/s, elapsed: 11s, ETA:    69s[>>>                        ] 1105/7824, 96.8 task/s, elapsed: 11s, ETA:    69s[>>>                        ] 1106/7824, 96.8 task/s, elapsed: 11s, ETA:    69s[>>>                        ] 1107/7824, 96.8 task/s, elapsed: 11s, ETA:    69s[>>>                        ] 1108/7824, 96.8 task/s, elapsed: 11s, ETA:    69s[>>>                        ] 1109/7824, 96.8 task/s, elapsed: 11s, ETA:    69s[>>>                        ] 1110/7824, 96.8 task/s, elapsed: 11s, ETA:    69s[>>>                        ] 1111/7824, 96.8 task/s, elapsed: 11s, ETA:    69s[>>>                        ] 1112/7824, 96.8 task/s, elapsed: 11s, ETA:    69s[>>>                        ] 1113/7824, 96.8 task/s, elapsed: 11s, ETA:    69s[>>>                        ] 1114/7824, 96.8 task/s, elapsed: 12s, ETA:    69s[>>>                        ] 1115/7824, 96.9 task/s, elapsed: 12s, ETA:    69s[>>>                        ] 1116/7824, 96.9 task/s, elapsed: 12s, ETA:    69s[>>>                        ] 1117/7824, 96.9 task/s, elapsed: 12s, ETA:    69s[>>>                        ] 1118/7824, 96.9 task/s, elapsed: 12s, ETA:    69s[>>>                        ] 1119/7824, 96.9 task/s, elapsed: 12s, ETA:    69s[>>>                        ] 1120/7824, 96.9 task/s, elapsed: 12s, ETA:    69s[>>>                        ] 1121/7824, 96.9 task/s, elapsed: 12s, ETA:    69s[>>>                        ] 1122/7824, 96.9 task/s, elapsed: 12s, ETA:    69s[>>>                        ] 1123/7824, 96.9 task/s, elapsed: 12s, ETA:    69s[>>>                        ] 1124/7824, 96.9 task/s, elapsed: 12s, ETA:    69s[>>>                        ] 1125/7824, 96.9 task/s, elapsed: 12s, ETA:    69s[>>>                        ] 1126/7824, 96.9 task/s, elapsed: 12s, ETA:    69s[>>>                        ] 1127/7824, 96.9 task/s, elapsed: 12s, ETA:    69s[>>>                        ] 1128/7824, 97.0 task/s, elapsed: 12s, ETA:    69s[>>>                        ] 1129/7824, 97.0 task/s, elapsed: 12s, ETA:    69s[>>>                        ] 1130/7824, 97.0 task/s, elapsed: 12s, ETA:    69s[>>>                        ] 1131/7824, 97.0 task/s, elapsed: 12s, ETA:    69s[>>>                        ] 1132/7824, 97.0 task/s, elapsed: 12s, ETA:    69s[>>>                        ] 1133/7824, 97.0 task/s, elapsed: 12s, ETA:    69s[>>>                        ] 1134/7824, 97.0 task/s, elapsed: 12s, ETA:    69s[>>>                        ] 1135/7824, 97.0 task/s, elapsed: 12s, ETA:    69s[>>>                        ] 1136/7824, 97.0 task/s, elapsed: 12s, ETA:    69s[>>>                        ] 1137/7824, 97.0 task/s, elapsed: 12s, ETA:    69s[>>>                        ] 1138/7824, 97.0 task/s, elapsed: 12s, ETA:    69s[>>>                        ] 1139/7824, 97.1 task/s, elapsed: 12s, ETA:    69s[>>>                        ] 1140/7824, 97.1 task/s, elapsed: 12s, ETA:    69s[>>>                        ] 1141/7824, 97.1 task/s, elapsed: 12s, ETA:    69s[>>>                        ] 1142/7824, 97.1 task/s, elapsed: 12s, ETA:    69s[>>>                        ] 1143/7824, 97.1 task/s, elapsed: 12s, ETA:    69s[>>>                        ] 1144/7824, 97.1 task/s, elapsed: 12s, ETA:    69s[>>>                        ] 1145/7824, 97.1 task/s, elapsed: 12s, ETA:    69s[>>>                        ] 1146/7824, 97.1 task/s, elapsed: 12s, ETA:    69s[>>>                        ] 1147/7824, 97.1 task/s, elapsed: 12s, ETA:    69s[>>>                        ] 1148/7824, 97.1 task/s, elapsed: 12s, ETA:    69s[>>>                        ] 1149/7824, 97.1 task/s, elapsed: 12s, ETA:    69s[>>>                        ] 1150/7824, 97.1 task/s, elapsed: 12s, ETA:    69s[>>>                        ] 1151/7824, 97.2 task/s, elapsed: 12s, ETA:    69s[>>>                        ] 1152/7824, 97.2 task/s, elapsed: 12s, ETA:    69s[>>>                        ] 1153/7824, 97.2 task/s, elapsed: 12s, ETA:    69s[>>>                        ] 1154/7824, 97.2 task/s, elapsed: 12s, ETA:    69s[>>>                        ] 1155/7824, 97.2 task/s, elapsed: 12s, ETA:    69s[>>>                        ] 1156/7824, 97.2 task/s, elapsed: 12s, ETA:    69s[>>>                        ] 1157/7824, 97.2 task/s, elapsed: 12s, ETA:    69s[>>>                        ] 1158/7824, 97.2 task/s, elapsed: 12s, ETA:    69s[>>>                        ] 1159/7824, 97.2 task/s, elapsed: 12s, ETA:    69s[>>>>                       ] 1160/7824, 97.3 task/s, elapsed: 12s, ETA:    69s[>>>>                       ] 1161/7824, 97.3 task/s, elapsed: 12s, ETA:    69s[>>>>                       ] 1162/7824, 97.3 task/s, elapsed: 12s, ETA:    68s[>>>>                       ] 1163/7824, 97.3 task/s, elapsed: 12s, ETA:    68s[>>>>                       ] 1164/7824, 97.3 task/s, elapsed: 12s, ETA:    68s[>>>>                       ] 1165/7824, 97.3 task/s, elapsed: 12s, ETA:    68s[>>>>                       ] 1166/7824, 97.3 task/s, elapsed: 12s, ETA:    68s[>>>>                       ] 1167/7824, 97.3 task/s, elapsed: 12s, ETA:    68s[>>>>                       ] 1168/7824, 97.3 task/s, elapsed: 12s, ETA:    68s[>>>>                       ] 1169/7824, 97.3 task/s, elapsed: 12s, ETA:    68s[>>>>                       ] 1170/7824, 97.4 task/s, elapsed: 12s, ETA:    68s[>>>>                       ] 1171/7824, 97.4 task/s, elapsed: 12s, ETA:    68s[>>>>                       ] 1172/7824, 97.4 task/s, elapsed: 12s, ETA:    68s[>>>>                       ] 1173/7824, 97.4 task/s, elapsed: 12s, ETA:    68s[>>>>                       ] 1174/7824, 97.4 task/s, elapsed: 12s, ETA:    68s[>>>>                       ] 1175/7824, 97.4 task/s, elapsed: 12s, ETA:    68s[>>>>                       ] 1176/7824, 97.4 task/s, elapsed: 12s, ETA:    68s[>>>>                       ] 1177/7824, 97.4 task/s, elapsed: 12s, ETA:    68s[>>>>                       ] 1178/7824, 97.4 task/s, elapsed: 12s, ETA:    68s[>>>>                       ] 1179/7824, 97.5 task/s, elapsed: 12s, ETA:    68s[>>>>                       ] 1180/7824, 97.5 task/s, elapsed: 12s, ETA:    68s[>>>>                       ] 1181/7824, 97.5 task/s, elapsed: 12s, ETA:    68s[>>>>                       ] 1182/7824, 97.5 task/s, elapsed: 12s, ETA:    68s[>>>>                       ] 1183/7824, 97.5 task/s, elapsed: 12s, ETA:    68s[>>>>                       ] 1184/7824, 97.5 task/s, elapsed: 12s, ETA:    68s[>>>>                       ] 1185/7824, 97.5 task/s, elapsed: 12s, ETA:    68s[>>>>                       ] 1186/7824, 97.5 task/s, elapsed: 12s, ETA:    68s[>>>>                       ] 1187/7824, 97.5 task/s, elapsed: 12s, ETA:    68s[>>>>                       ] 1188/7824, 97.6 task/s, elapsed: 12s, ETA:    68s[>>>>                       ] 1189/7824, 97.6 task/s, elapsed: 12s, ETA:    68s[>>>>                       ] 1190/7824, 97.6 task/s, elapsed: 12s, ETA:    68s[>>>>                       ] 1191/7824, 97.6 task/s, elapsed: 12s, ETA:    68s[>>>>                       ] 1192/7824, 97.6 task/s, elapsed: 12s, ETA:    68s[>>>>                       ] 1193/7824, 97.6 task/s, elapsed: 12s, ETA:    68s[>>>>                       ] 1194/7824, 97.6 task/s, elapsed: 12s, ETA:    68s[>>>>                       ] 1195/7824, 97.6 task/s, elapsed: 12s, ETA:    68s[>>>>                       ] 1196/7824, 97.6 task/s, elapsed: 12s, ETA:    68s[>>>>                       ] 1197/7824, 97.6 task/s, elapsed: 12s, ETA:    68s[>>>>                       ] 1198/7824, 97.6 task/s, elapsed: 12s, ETA:    68s[>>>>                       ] 1199/7824, 97.6 task/s, elapsed: 12s, ETA:    68s[>>>>                       ] 1200/7824, 97.6 task/s, elapsed: 12s, ETA:    68s[>>>>                       ] 1201/7824, 97.7 task/s, elapsed: 12s, ETA:    68s[>>>>                       ] 1202/7824, 97.7 task/s, elapsed: 12s, ETA:    68s[>>>>                       ] 1203/7824, 97.7 task/s, elapsed: 12s, ETA:    68s[>>>>                       ] 1204/7824, 97.7 task/s, elapsed: 12s, ETA:    68s[>>>>                       ] 1205/7824, 97.7 task/s, elapsed: 12s, ETA:    68s[>>>>                       ] 1206/7824, 97.7 task/s, elapsed: 12s, ETA:    68s[>>>>                       ] 1207/7824, 97.7 task/s, elapsed: 12s, ETA:    68s[>>>>                       ] 1208/7824, 97.7 task/s, elapsed: 12s, ETA:    68s[>>>>                       ] 1209/7824, 97.7 task/s, elapsed: 12s, ETA:    68s[>>>>                       ] 1210/7824, 97.7 task/s, elapsed: 12s, ETA:    68s[>>>>                       ] 1211/7824, 97.8 task/s, elapsed: 12s, ETA:    68s[>>>>                       ] 1212/7824, 97.8 task/s, elapsed: 12s, ETA:    68s[>>>>                       ] 1213/7824, 97.8 task/s, elapsed: 12s, ETA:    68s[>>>>                       ] 1214/7824, 97.8 task/s, elapsed: 12s, ETA:    68s[>>>>                       ] 1215/7824, 97.8 task/s, elapsed: 12s, ETA:    68s[>>>>                       ] 1216/7824, 97.8 task/s, elapsed: 12s, ETA:    68s[>>>>                       ] 1217/7824, 97.8 task/s, elapsed: 12s, ETA:    68s[>>>>                       ] 1218/7824, 97.8 task/s, elapsed: 12s, ETA:    68s[>>>>                       ] 1219/7824, 97.8 task/s, elapsed: 12s, ETA:    68s[>>>>                       ] 1220/7824, 97.8 task/s, elapsed: 12s, ETA:    67s[>>>>                       ] 1221/7824, 97.9 task/s, elapsed: 12s, ETA:    67s[>>>>                       ] 1222/7824, 97.9 task/s, elapsed: 12s, ETA:    67s[>>>>                       ] 1223/7824, 97.9 task/s, elapsed: 12s, ETA:    67s[>>>>                       ] 1224/7824, 97.9 task/s, elapsed: 13s, ETA:    67s[>>>>                       ] 1225/7824, 97.9 task/s, elapsed: 13s, ETA:    67s[>>>>                       ] 1226/7824, 97.9 task/s, elapsed: 13s, ETA:    67s[>>>>                       ] 1227/7824, 97.9 task/s, elapsed: 13s, ETA:    67s[>>>>                       ] 1228/7824, 97.9 task/s, elapsed: 13s, ETA:    67s[>>>>                       ] 1229/7824, 97.9 task/s, elapsed: 13s, ETA:    67s[>>>>                       ] 1230/7824, 97.9 task/s, elapsed: 13s, ETA:    67s[>>>>                       ] 1231/7824, 98.0 task/s, elapsed: 13s, ETA:    67s[>>>>                       ] 1232/7824, 98.0 task/s, elapsed: 13s, ETA:    67s[>>>>                       ] 1233/7824, 98.0 task/s, elapsed: 13s, ETA:    67s[>>>>                       ] 1234/7824, 98.0 task/s, elapsed: 13s, ETA:    67s[>>>>                       ] 1235/7824, 98.0 task/s, elapsed: 13s, ETA:    67s[>>>>                       ] 1236/7824, 98.0 task/s, elapsed: 13s, ETA:    67s[>>>>                       ] 1237/7824, 98.0 task/s, elapsed: 13s, ETA:    67s[>>>>                       ] 1238/7824, 98.0 task/s, elapsed: 13s, ETA:    67s[>>>>                       ] 1239/7824, 98.0 task/s, elapsed: 13s, ETA:    67s[>>>>                       ] 1240/7824, 98.1 task/s, elapsed: 13s, ETA:    67s[>>>>                       ] 1241/7824, 98.1 task/s, elapsed: 13s, ETA:    67s[>>>>                       ] 1242/7824, 98.1 task/s, elapsed: 13s, ETA:    67s[>>>>                       ] 1243/7824, 98.1 task/s, elapsed: 13s, ETA:    67s[>>>>                       ] 1244/7824, 98.1 task/s, elapsed: 13s, ETA:    67s[>>>>                       ] 1245/7824, 98.1 task/s, elapsed: 13s, ETA:    67s[>>>>                       ] 1246/7824, 98.1 task/s, elapsed: 13s, ETA:    67s[>>>>                       ] 1247/7824, 98.1 task/s, elapsed: 13s, ETA:    67s[>>>>                       ] 1248/7824, 98.1 task/s, elapsed: 13s, ETA:    67s[>>>>                       ] 1249/7824, 98.1 task/s, elapsed: 13s, ETA:    67s[>>>>                       ] 1250/7824, 98.1 task/s, elapsed: 13s, ETA:    67s[>>>>                       ] 1251/7824, 98.2 task/s, elapsed: 13s, ETA:    67s[>>>>                       ] 1252/7824, 98.2 task/s, elapsed: 13s, ETA:    67s[>>>>                       ] 1253/7824, 98.2 task/s, elapsed: 13s, ETA:    67s[>>>>                       ] 1254/7824, 98.2 task/s, elapsed: 13s, ETA:    67s[>>>>                       ] 1255/7824, 98.2 task/s, elapsed: 13s, ETA:    67s[>>>>                       ] 1256/7824, 98.2 task/s, elapsed: 13s, ETA:    67s[>>>>                       ] 1257/7824, 98.2 task/s, elapsed: 13s, ETA:    67s[>>>>                       ] 1258/7824, 98.2 task/s, elapsed: 13s, ETA:    67s[>>>>                       ] 1259/7824, 98.2 task/s, elapsed: 13s, ETA:    67s[>>>>                       ] 1260/7824, 98.2 task/s, elapsed: 13s, ETA:    67s[>>>>                       ] 1261/7824, 98.3 task/s, elapsed: 13s, ETA:    67s[>>>>                       ] 1262/7824, 98.3 task/s, elapsed: 13s, ETA:    67s[>>>>                       ] 1263/7824, 98.3 task/s, elapsed: 13s, ETA:    67s[>>>>                       ] 1264/7824, 98.3 task/s, elapsed: 13s, ETA:    67s[>>>>                       ] 1265/7824, 98.3 task/s, elapsed: 13s, ETA:    67s[>>>>                       ] 1266/7824, 98.3 task/s, elapsed: 13s, ETA:    67s[>>>>                       ] 1267/7824, 98.3 task/s, elapsed: 13s, ETA:    67s[>>>>                       ] 1268/7824, 98.3 task/s, elapsed: 13s, ETA:    67s[>>>>                       ] 1269/7824, 98.3 task/s, elapsed: 13s, ETA:    67s[>>>>                       ] 1270/7824, 98.3 task/s, elapsed: 13s, ETA:    67s[>>>>                       ] 1271/7824, 98.3 task/s, elapsed: 13s, ETA:    67s[>>>>                       ] 1272/7824, 98.3 task/s, elapsed: 13s, ETA:    67s[>>>>                       ] 1273/7824, 98.3 task/s, elapsed: 13s, ETA:    67s[>>>>                       ] 1274/7824, 98.3 task/s, elapsed: 13s, ETA:    67s[>>>>                       ] 1275/7824, 98.4 task/s, elapsed: 13s, ETA:    67s[>>>>                       ] 1276/7824, 98.4 task/s, elapsed: 13s, ETA:    67s[>>>>                       ] 1277/7824, 98.4 task/s, elapsed: 13s, ETA:    67s[>>>>                       ] 1278/7824, 98.4 task/s, elapsed: 13s, ETA:    67s[>>>>                       ] 1279/7824, 98.4 task/s, elapsed: 13s, ETA:    67s[>>>>                       ] 1280/7824, 98.4 task/s, elapsed: 13s, ETA:    67s[>>>>                       ] 1281/7824, 98.4 task/s, elapsed: 13s, ETA:    66s[>>>>                       ] 1282/7824, 98.4 task/s, elapsed: 13s, ETA:    66s[>>>>                       ] 1283/7824, 98.4 task/s, elapsed: 13s, ETA:    66s[>>>>                       ] 1284/7824, 98.4 task/s, elapsed: 13s, ETA:    66s[>>>>                       ] 1285/7824, 98.5 task/s, elapsed: 13s, ETA:    66s[>>>>                       ] 1286/7824, 98.5 task/s, elapsed: 13s, ETA:    66s[>>>>                       ] 1287/7824, 98.5 task/s, elapsed: 13s, ETA:    66s[>>>>                       ] 1288/7824, 98.5 task/s, elapsed: 13s, ETA:    66s[>>>>                       ] 1289/7824, 98.5 task/s, elapsed: 13s, ETA:    66s[>>>>                       ] 1290/7824, 98.5 task/s, elapsed: 13s, ETA:    66s[>>>>                       ] 1291/7824, 98.5 task/s, elapsed: 13s, ETA:    66s[>>>>                       ] 1292/7824, 98.5 task/s, elapsed: 13s, ETA:    66s[>>>>                       ] 1293/7824, 98.5 task/s, elapsed: 13s, ETA:    66s[>>>>                       ] 1294/7824, 98.5 task/s, elapsed: 13s, ETA:    66s[>>>>                       ] 1295/7824, 98.5 task/s, elapsed: 13s, ETA:    66s[>>>>                       ] 1296/7824, 98.6 task/s, elapsed: 13s, ETA:    66s[>>>>                       ] 1297/7824, 98.6 task/s, elapsed: 13s, ETA:    66s[>>>>                       ] 1298/7824, 98.6 task/s, elapsed: 13s, ETA:    66s[>>>>                       ] 1299/7824, 98.6 task/s, elapsed: 13s, ETA:    66s[>>>>                       ] 1300/7824, 98.6 task/s, elapsed: 13s, ETA:    66s[>>>>                       ] 1301/7824, 98.6 task/s, elapsed: 13s, ETA:    66s[>>>>                       ] 1302/7824, 98.6 task/s, elapsed: 13s, ETA:    66s[>>>>                       ] 1303/7824, 98.6 task/s, elapsed: 13s, ETA:    66s[>>>>                       ] 1304/7824, 98.6 task/s, elapsed: 13s, ETA:    66s[>>>>                       ] 1305/7824, 98.6 task/s, elapsed: 13s, ETA:    66s[>>>>                       ] 1306/7824, 98.7 task/s, elapsed: 13s, ETA:    66s[>>>>                       ] 1307/7824, 98.7 task/s, elapsed: 13s, ETA:    66s[>>>>                       ] 1308/7824, 98.7 task/s, elapsed: 13s, ETA:    66s[>>>>                       ] 1309/7824, 98.7 task/s, elapsed: 13s, ETA:    66s[>>>>                       ] 1310/7824, 98.7 task/s, elapsed: 13s, ETA:    66s[>>>>                       ] 1311/7824, 98.7 task/s, elapsed: 13s, ETA:    66s[>>>>                       ] 1312/7824, 98.7 task/s, elapsed: 13s, ETA:    66s[>>>>                       ] 1313/7824, 98.7 task/s, elapsed: 13s, ETA:    66s[>>>>                       ] 1314/7824, 98.7 task/s, elapsed: 13s, ETA:    66s[>>>>                       ] 1315/7824, 98.7 task/s, elapsed: 13s, ETA:    66s[>>>>                       ] 1316/7824, 98.7 task/s, elapsed: 13s, ETA:    66s[>>>>                       ] 1317/7824, 98.8 task/s, elapsed: 13s, ETA:    66s[>>>>                       ] 1318/7824, 98.8 task/s, elapsed: 13s, ETA:    66s[>>>>                       ] 1319/7824, 98.8 task/s, elapsed: 13s, ETA:    66s[>>>>                       ] 1320/7824, 98.8 task/s, elapsed: 13s, ETA:    66s[>>>>                       ] 1321/7824, 98.8 task/s, elapsed: 13s, ETA:    66s[>>>>                       ] 1322/7824, 98.8 task/s, elapsed: 13s, ETA:    66s[>>>>                       ] 1323/7824, 98.8 task/s, elapsed: 13s, ETA:    66s[>>>>                       ] 1324/7824, 98.8 task/s, elapsed: 13s, ETA:    66s[>>>>                       ] 1325/7824, 98.8 task/s, elapsed: 13s, ETA:    66s[>>>>                       ] 1326/7824, 98.8 task/s, elapsed: 13s, ETA:    66s[>>>>                       ] 1327/7824, 98.8 task/s, elapsed: 13s, ETA:    66s[>>>>                       ] 1328/7824, 98.9 task/s, elapsed: 13s, ETA:    66s[>>>>                       ] 1329/7824, 98.9 task/s, elapsed: 13s, ETA:    66s[>>>>                       ] 1330/7824, 98.9 task/s, elapsed: 13s, ETA:    66s[>>>>                       ] 1331/7824, 98.9 task/s, elapsed: 13s, ETA:    66s[>>>>                       ] 1332/7824, 98.9 task/s, elapsed: 13s, ETA:    66s[>>>>                       ] 1333/7824, 98.9 task/s, elapsed: 13s, ETA:    66s[>>>>                       ] 1334/7824, 98.9 task/s, elapsed: 13s, ETA:    66s[>>>>                       ] 1335/7824, 98.9 task/s, elapsed: 13s, ETA:    66s[>>>>                       ] 1336/7824, 98.9 task/s, elapsed: 14s, ETA:    66s[>>>>                       ] 1337/7824, 98.9 task/s, elapsed: 14s, ETA:    66s[>>>>                       ] 1338/7824, 98.9 task/s, elapsed: 14s, ETA:    66s[>>>>                       ] 1339/7824, 98.9 task/s, elapsed: 14s, ETA:    66s[>>>>                       ] 1340/7824, 98.9 task/s, elapsed: 14s, ETA:    66s[>>>>                       ] 1341/7824, 98.9 task/s, elapsed: 14s, ETA:    66s[>>>>                       ] 1342/7824, 98.9 task/s, elapsed: 14s, ETA:    66s[>>>>                       ] 1343/7824, 98.9 task/s, elapsed: 14s, ETA:    66s[>>>>                       ] 1344/7824, 98.9 task/s, elapsed: 14s, ETA:    65s[>>>>                       ] 1345/7824, 99.0 task/s, elapsed: 14s, ETA:    65s[>>>>                       ] 1346/7824, 99.0 task/s, elapsed: 14s, ETA:    65s[>>>>                       ] 1347/7824, 99.0 task/s, elapsed: 14s, ETA:    65s[>>>>                       ] 1348/7824, 99.0 task/s, elapsed: 14s, ETA:    65s[>>>>                       ] 1349/7824, 99.0 task/s, elapsed: 14s, ETA:    65s[>>>>                       ] 1350/7824, 99.0 task/s, elapsed: 14s, ETA:    65s[>>>>                       ] 1351/7824, 99.0 task/s, elapsed: 14s, ETA:    65s[>>>>                       ] 1352/7824, 99.0 task/s, elapsed: 14s, ETA:    65s[>>>>                       ] 1353/7824, 99.0 task/s, elapsed: 14s, ETA:    65s[>>>>                       ] 1354/7824, 99.0 task/s, elapsed: 14s, ETA:    65s[>>>>                       ] 1355/7824, 99.0 task/s, elapsed: 14s, ETA:    65s[>>>>                       ] 1356/7824, 99.0 task/s, elapsed: 14s, ETA:    65s[>>>>                       ] 1357/7824, 99.0 task/s, elapsed: 14s, ETA:    65s[>>>>                       ] 1358/7824, 99.0 task/s, elapsed: 14s, ETA:    65s[>>>>                       ] 1359/7824, 99.1 task/s, elapsed: 14s, ETA:    65s[>>>>                       ] 1360/7824, 99.1 task/s, elapsed: 14s, ETA:    65s[>>>>                       ] 1361/7824, 99.1 task/s, elapsed: 14s, ETA:    65s[>>>>                       ] 1362/7824, 99.1 task/s, elapsed: 14s, ETA:    65s[>>>>                       ] 1363/7824, 99.1 task/s, elapsed: 14s, ETA:    65s[>>>>                       ] 1364/7824, 99.1 task/s, elapsed: 14s, ETA:    65s[>>>>                       ] 1365/7824, 99.1 task/s, elapsed: 14s, ETA:    65s[>>>>                       ] 1366/7824, 99.1 task/s, elapsed: 14s, ETA:    65s[>>>>                       ] 1367/7824, 99.1 task/s, elapsed: 14s, ETA:    65s[>>>>                       ] 1368/7824, 99.1 task/s, elapsed: 14s, ETA:    65s[>>>>                       ] 1369/7824, 99.1 task/s, elapsed: 14s, ETA:    65s[>>>>                       ] 1370/7824, 99.2 task/s, elapsed: 14s, ETA:    65s[>>>>                       ] 1371/7824, 99.2 task/s, elapsed: 14s, ETA:    65s[>>>>                       ] 1372/7824, 99.2 task/s, elapsed: 14s, ETA:    65s[>>>>                       ] 1373/7824, 99.2 task/s, elapsed: 14s, ETA:    65s[>>>>                       ] 1374/7824, 99.2 task/s, elapsed: 14s, ETA:    65s[>>>>                       ] 1375/7824, 99.2 task/s, elapsed: 14s, ETA:    65s[>>>>                       ] 1376/7824, 99.2 task/s, elapsed: 14s, ETA:    65s[>>>>                       ] 1377/7824, 99.2 task/s, elapsed: 14s, ETA:    65s[>>>>                       ] 1378/7824, 99.2 task/s, elapsed: 14s, ETA:    65s[>>>>                       ] 1379/7824, 99.2 task/s, elapsed: 14s, ETA:    65s[>>>>                       ] 1380/7824, 99.2 task/s, elapsed: 14s, ETA:    65s[>>>>                       ] 1381/7824, 99.3 task/s, elapsed: 14s, ETA:    65s[>>>>                       ] 1382/7824, 99.3 task/s, elapsed: 14s, ETA:    65s[>>>>                       ] 1383/7824, 99.3 task/s, elapsed: 14s, ETA:    65s[>>>>                       ] 1384/7824, 99.3 task/s, elapsed: 14s, ETA:    65s[>>>>                       ] 1385/7824, 99.3 task/s, elapsed: 14s, ETA:    65s[>>>>                       ] 1386/7824, 99.3 task/s, elapsed: 14s, ETA:    65s[>>>>                       ] 1387/7824, 99.3 task/s, elapsed: 14s, ETA:    65s[>>>>                       ] 1388/7824, 99.3 task/s, elapsed: 14s, ETA:    65s[>>>>                       ] 1389/7824, 99.3 task/s, elapsed: 14s, ETA:    65s[>>>>                       ] 1390/7824, 99.3 task/s, elapsed: 14s, ETA:    65s[>>>>                       ] 1391/7824, 99.3 task/s, elapsed: 14s, ETA:    65s[>>>>                       ] 1392/7824, 99.3 task/s, elapsed: 14s, ETA:    65s[>>>>                       ] 1393/7824, 99.4 task/s, elapsed: 14s, ETA:    65s[>>>>                       ] 1394/7824, 99.4 task/s, elapsed: 14s, ETA:    65s[>>>>                       ] 1395/7824, 99.4 task/s, elapsed: 14s, ETA:    65s[>>>>                       ] 1396/7824, 99.4 task/s, elapsed: 14s, ETA:    65s[>>>>                       ] 1397/7824, 99.4 task/s, elapsed: 14s, ETA:    65s[>>>>                       ] 1398/7824, 99.4 task/s, elapsed: 14s, ETA:    65s[>>>>                       ] 1399/7824, 99.4 task/s, elapsed: 14s, ETA:    65s[>>>>                       ] 1400/7824, 99.4 task/s, elapsed: 14s, ETA:    65s[>>>>                       ] 1401/7824, 99.4 task/s, elapsed: 14s, ETA:    65s[>>>>                       ] 1402/7824, 99.4 task/s, elapsed: 14s, ETA:    65s[>>>>                       ] 1403/7824, 99.4 task/s, elapsed: 14s, ETA:    65s[>>>>                       ] 1404/7824, 99.4 task/s, elapsed: 14s, ETA:    65s[>>>>                       ] 1405/7824, 99.4 task/s, elapsed: 14s, ETA:    65s[>>>>                       ] 1406/7824, 99.5 task/s, elapsed: 14s, ETA:    65s[>>>>                       ] 1407/7824, 99.5 task/s, elapsed: 14s, ETA:    65s[>>>>                       ] 1408/7824, 99.5 task/s, elapsed: 14s, ETA:    65s[>>>>                       ] 1409/7824, 99.5 task/s, elapsed: 14s, ETA:    64s[>>>>                       ] 1410/7824, 99.5 task/s, elapsed: 14s, ETA:    64s[>>>>                       ] 1411/7824, 99.5 task/s, elapsed: 14s, ETA:    64s[>>>>                       ] 1412/7824, 99.5 task/s, elapsed: 14s, ETA:    64s[>>>>                       ] 1413/7824, 99.5 task/s, elapsed: 14s, ETA:    64s[>>>>                       ] 1414/7824, 99.5 task/s, elapsed: 14s, ETA:    64s[>>>>                       ] 1415/7824, 99.5 task/s, elapsed: 14s, ETA:    64s[>>>>                       ] 1416/7824, 99.5 task/s, elapsed: 14s, ETA:    64s[>>>>                       ] 1417/7824, 99.5 task/s, elapsed: 14s, ETA:    64s[>>>>                       ] 1418/7824, 99.5 task/s, elapsed: 14s, ETA:    64s[>>>>                       ] 1419/7824, 99.5 task/s, elapsed: 14s, ETA:    64s[>>>>                       ] 1420/7824, 99.5 task/s, elapsed: 14s, ETA:    64s[>>>>                       ] 1421/7824, 99.5 task/s, elapsed: 14s, ETA:    64s[>>>>                       ] 1422/7824, 99.5 task/s, elapsed: 14s, ETA:    64s[>>>>                       ] 1423/7824, 99.5 task/s, elapsed: 14s, ETA:    64s[>>>>                       ] 1424/7824, 99.5 task/s, elapsed: 14s, ETA:    64s[>>>>                       ] 1425/7824, 99.5 task/s, elapsed: 14s, ETA:    64s[>>>>                       ] 1426/7824, 99.6 task/s, elapsed: 14s, ETA:    64s[>>>>                       ] 1427/7824, 99.6 task/s, elapsed: 14s, ETA:    64s[>>>>                       ] 1428/7824, 99.6 task/s, elapsed: 14s, ETA:    64s[>>>>                       ] 1429/7824, 99.6 task/s, elapsed: 14s, ETA:    64s[>>>>                       ] 1430/7824, 99.6 task/s, elapsed: 14s, ETA:    64s[>>>>                       ] 1431/7824, 99.6 task/s, elapsed: 14s, ETA:    64s[>>>>                       ] 1432/7824, 99.6 task/s, elapsed: 14s, ETA:    64s[>>>>                       ] 1433/7824, 99.6 task/s, elapsed: 14s, ETA:    64s[>>>>                       ] 1434/7824, 99.6 task/s, elapsed: 14s, ETA:    64s[>>>>                       ] 1435/7824, 99.6 task/s, elapsed: 14s, ETA:    64s[>>>>                       ] 1436/7824, 99.6 task/s, elapsed: 14s, ETA:    64s[>>>>                       ] 1437/7824, 99.6 task/s, elapsed: 14s, ETA:    64s[>>>>                       ] 1438/7824, 99.7 task/s, elapsed: 14s, ETA:    64s[>>>>                       ] 1439/7824, 99.7 task/s, elapsed: 14s, ETA:    64s[>>>>                       ] 1440/7824, 99.7 task/s, elapsed: 14s, ETA:    64s[>>>>                       ] 1441/7824, 99.7 task/s, elapsed: 14s, ETA:    64s[>>>>                       ] 1442/7824, 99.7 task/s, elapsed: 14s, ETA:    64s[>>>>                       ] 1443/7824, 99.7 task/s, elapsed: 14s, ETA:    64s[>>>>                       ] 1444/7824, 99.7 task/s, elapsed: 14s, ETA:    64s[>>>>                       ] 1445/7824, 99.7 task/s, elapsed: 14s, ETA:    64s[>>>>                       ] 1446/7824, 99.7 task/s, elapsed: 15s, ETA:    64s[>>>>                       ] 1447/7824, 99.7 task/s, elapsed: 15s, ETA:    64s[>>>>                       ] 1448/7824, 99.7 task/s, elapsed: 15s, ETA:    64s[>>>>>                      ] 1449/7824, 99.7 task/s, elapsed: 15s, ETA:    64s[>>>>>                      ] 1450/7824, 99.8 task/s, elapsed: 15s, ETA:    64s[>>>>>                      ] 1451/7824, 99.8 task/s, elapsed: 15s, ETA:    64s[>>>>>                      ] 1452/7824, 99.8 task/s, elapsed: 15s, ETA:    64s[>>>>>                      ] 1453/7824, 99.8 task/s, elapsed: 15s, ETA:    64s[>>>>>                      ] 1454/7824, 99.8 task/s, elapsed: 15s, ETA:    64s[>>>>>                      ] 1455/7824, 99.8 task/s, elapsed: 15s, ETA:    64s[>>>>>                      ] 1456/7824, 99.8 task/s, elapsed: 15s, ETA:    64s[>>>>>                      ] 1457/7824, 99.8 task/s, elapsed: 15s, ETA:    64s[>>>>>                      ] 1458/7824, 99.8 task/s, elapsed: 15s, ETA:    64s[>>>>>                      ] 1459/7824, 99.8 task/s, elapsed: 15s, ETA:    64s[>>>>>                      ] 1460/7824, 99.8 task/s, elapsed: 15s, ETA:    64s[>>>>>                      ] 1461/7824, 99.8 task/s, elapsed: 15s, ETA:    64s[>>>>>                      ] 1462/7824, 99.9 task/s, elapsed: 15s, ETA:    64s[>>>>>                      ] 1463/7824, 99.9 task/s, elapsed: 15s, ETA:    64s[>>>>>                      ] 1464/7824, 99.9 task/s, elapsed: 15s, ETA:    64s[>>>>>                      ] 1465/7824, 99.9 task/s, elapsed: 15s, ETA:    64s[>>>>>                      ] 1466/7824, 99.9 task/s, elapsed: 15s, ETA:    64s[>>>>>                      ] 1467/7824, 99.9 task/s, elapsed: 15s, ETA:    64s[>>>>>                      ] 1468/7824, 99.9 task/s, elapsed: 15s, ETA:    64s[>>>>>                      ] 1469/7824, 99.9 task/s, elapsed: 15s, ETA:    64s[>>>>>                      ] 1470/7824, 99.9 task/s, elapsed: 15s, ETA:    64s[>>>>>                      ] 1471/7824, 99.9 task/s, elapsed: 15s, ETA:    64s[>>>>>                      ] 1472/7824, 99.9 task/s, elapsed: 15s, ETA:    64s[>>>>>                      ] 1473/7824, 99.9 task/s, elapsed: 15s, ETA:    64s[>>>>>                      ] 1474/7824, 99.9 task/s, elapsed: 15s, ETA:    64s[>>>>                      ] 1475/7824, 100.0 task/s, elapsed: 15s, ETA:    64s[>>>>                      ] 1476/7824, 100.0 task/s, elapsed: 15s, ETA:    64s[>>>>                      ] 1477/7824, 100.0 task/s, elapsed: 15s, ETA:    63s[>>>>                      ] 1478/7824, 100.0 task/s, elapsed: 15s, ETA:    63s[>>>>                      ] 1479/7824, 100.0 task/s, elapsed: 15s, ETA:    63s[>>>>                      ] 1480/7824, 100.0 task/s, elapsed: 15s, ETA:    63s[>>>>                      ] 1481/7824, 100.0 task/s, elapsed: 15s, ETA:    63s[>>>>                      ] 1482/7824, 100.0 task/s, elapsed: 15s, ETA:    63s[>>>>                      ] 1483/7824, 100.0 task/s, elapsed: 15s, ETA:    63s[>>>>                      ] 1484/7824, 100.0 task/s, elapsed: 15s, ETA:    63s[>>>>                      ] 1485/7824, 100.0 task/s, elapsed: 15s, ETA:    63s[>>>>                      ] 1486/7824, 100.0 task/s, elapsed: 15s, ETA:    63s[>>>>                      ] 1487/7824, 100.0 task/s, elapsed: 15s, ETA:    63s[>>>>                      ] 1488/7824, 100.0 task/s, elapsed: 15s, ETA:    63s[>>>>                      ] 1489/7824, 100.0 task/s, elapsed: 15s, ETA:    63s[>>>>                      ] 1490/7824, 100.0 task/s, elapsed: 15s, ETA:    63s[>>>>                      ] 1491/7824, 100.0 task/s, elapsed: 15s, ETA:    63s[>>>>                      ] 1492/7824, 100.0 task/s, elapsed: 15s, ETA:    63s[>>>>                      ] 1493/7824, 100.0 task/s, elapsed: 15s, ETA:    63s[>>>>                      ] 1494/7824, 100.0 task/s, elapsed: 15s, ETA:    63s[>>>>                      ] 1495/7824, 100.0 task/s, elapsed: 15s, ETA:    63s[>>>>                      ] 1496/7824, 100.0 task/s, elapsed: 15s, ETA:    63s[>>>>                      ] 1497/7824, 100.0 task/s, elapsed: 15s, ETA:    63s[>>>>                      ] 1498/7824, 100.0 task/s, elapsed: 15s, ETA:    63s[>>>>                      ] 1499/7824, 100.0 task/s, elapsed: 15s, ETA:    63s[>>>>                      ] 1500/7824, 100.1 task/s, elapsed: 15s, ETA:    63s[>>>>                      ] 1501/7824, 100.1 task/s, elapsed: 15s, ETA:    63s[>>>>                      ] 1502/7824, 100.1 task/s, elapsed: 15s, ETA:    63s[>>>>                      ] 1503/7824, 100.1 task/s, elapsed: 15s, ETA:    63s[>>>>                      ] 1504/7824, 100.1 task/s, elapsed: 15s, ETA:    63s[>>>>>                     ] 1505/7824, 100.1 task/s, elapsed: 15s, ETA:    63s[>>>>>                     ] 1506/7824, 100.1 task/s, elapsed: 15s, ETA:    63s[>>>>>                     ] 1507/7824, 100.1 task/s, elapsed: 15s, ETA:    63s[>>>>>                     ] 1508/7824, 100.1 task/s, elapsed: 15s, ETA:    63s[>>>>>                     ] 1509/7824, 100.1 task/s, elapsed: 15s, ETA:    63s[>>>>>                     ] 1510/7824, 100.1 task/s, elapsed: 15s, ETA:    63s[>>>>>                     ] 1511/7824, 100.1 task/s, elapsed: 15s, ETA:    63s[>>>>>                     ] 1512/7824, 100.1 task/s, elapsed: 15s, ETA:    63s[>>>>>                     ] 1513/7824, 100.1 task/s, elapsed: 15s, ETA:    63s[>>>>>                     ] 1514/7824, 100.2 task/s, elapsed: 15s, ETA:    63s[>>>>>                     ] 1515/7824, 100.2 task/s, elapsed: 15s, ETA:    63s[>>>>>                     ] 1516/7824, 100.2 task/s, elapsed: 15s, ETA:    63s[>>>>>                     ] 1517/7824, 100.2 task/s, elapsed: 15s, ETA:    63s[>>>>>                     ] 1518/7824, 100.2 task/s, elapsed: 15s, ETA:    63s[>>>>>                     ] 1519/7824, 100.2 task/s, elapsed: 15s, ETA:    63s[>>>>>                     ] 1520/7824, 100.2 task/s, elapsed: 15s, ETA:    63s[>>>>>                     ] 1521/7824, 100.2 task/s, elapsed: 15s, ETA:    63s[>>>>>                     ] 1522/7824, 100.2 task/s, elapsed: 15s, ETA:    63s[>>>>>                     ] 1523/7824, 100.2 task/s, elapsed: 15s, ETA:    63s[>>>>>                     ] 1524/7824, 100.2 task/s, elapsed: 15s, ETA:    63s[>>>>>                     ] 1525/7824, 100.2 task/s, elapsed: 15s, ETA:    63s[>>>>>                     ] 1526/7824, 100.2 task/s, elapsed: 15s, ETA:    63s[>>>>>                     ] 1527/7824, 100.3 task/s, elapsed: 15s, ETA:    63s[>>>>>                     ] 1528/7824, 100.3 task/s, elapsed: 15s, ETA:    63s[>>>>>                     ] 1529/7824, 100.3 task/s, elapsed: 15s, ETA:    63s[>>>>>                     ] 1530/7824, 100.3 task/s, elapsed: 15s, ETA:    63s[>>>>>                     ] 1531/7824, 100.3 task/s, elapsed: 15s, ETA:    63s[>>>>>                     ] 1532/7824, 100.3 task/s, elapsed: 15s, ETA:    63s[>>>>>                     ] 1533/7824, 100.3 task/s, elapsed: 15s, ETA:    63s[>>>>>                     ] 1534/7824, 100.3 task/s, elapsed: 15s, ETA:    63s[>>>>>                     ] 1535/7824, 100.3 task/s, elapsed: 15s, ETA:    63s[>>>>>                     ] 1536/7824, 100.3 task/s, elapsed: 15s, ETA:    63s[>>>>>                     ] 1537/7824, 100.3 task/s, elapsed: 15s, ETA:    63s[>>>>>                     ] 1538/7824, 100.3 task/s, elapsed: 15s, ETA:    63s[>>>>>                     ] 1539/7824, 100.3 task/s, elapsed: 15s, ETA:    63s[>>>>>                     ] 1540/7824, 100.3 task/s, elapsed: 15s, ETA:    63s[>>>>>                     ] 1541/7824, 100.3 task/s, elapsed: 15s, ETA:    63s[>>>>>                     ] 1542/7824, 100.4 task/s, elapsed: 15s, ETA:    63s[>>>>>                     ] 1543/7824, 100.4 task/s, elapsed: 15s, ETA:    63s[>>>>>                     ] 1544/7824, 100.4 task/s, elapsed: 15s, ETA:    63s[>>>>>                     ] 1545/7824, 100.4 task/s, elapsed: 15s, ETA:    63s[>>>>>                     ] 1546/7824, 100.4 task/s, elapsed: 15s, ETA:    63s[>>>>>                     ] 1547/7824, 100.4 task/s, elapsed: 15s, ETA:    63s[>>>>>                     ] 1548/7824, 100.4 task/s, elapsed: 15s, ETA:    63s[>>>>>                     ] 1549/7824, 100.4 task/s, elapsed: 15s, ETA:    63s[>>>>>                     ] 1550/7824, 100.4 task/s, elapsed: 15s, ETA:    62s[>>>>>                     ] 1551/7824, 100.4 task/s, elapsed: 15s, ETA:    62s[>>>>>                     ] 1552/7824, 100.4 task/s, elapsed: 15s, ETA:    62s[>>>>>                     ] 1553/7824, 100.4 task/s, elapsed: 15s, ETA:    62s[>>>>>                     ] 1554/7824, 100.4 task/s, elapsed: 15s, ETA:    62s[>>>>>                     ] 1555/7824, 100.4 task/s, elapsed: 15s, ETA:    62s[>>>>>                     ] 1556/7824, 100.4 task/s, elapsed: 15s, ETA:    62s[>>>>>                     ] 1557/7824, 100.4 task/s, elapsed: 16s, ETA:    62s[>>>>>                     ] 1558/7824, 100.4 task/s, elapsed: 16s, ETA:    62s[>>>>>                     ] 1559/7824, 100.4 task/s, elapsed: 16s, ETA:    62s[>>>>>                     ] 1560/7824, 100.4 task/s, elapsed: 16s, ETA:    62s[>>>>>                     ] 1561/7824, 100.4 task/s, elapsed: 16s, ETA:    62s[>>>>>                     ] 1562/7824, 100.4 task/s, elapsed: 16s, ETA:    62s[>>>>>                     ] 1563/7824, 100.4 task/s, elapsed: 16s, ETA:    62s[>>>>>                     ] 1564/7824, 100.4 task/s, elapsed: 16s, ETA:    62s[>>>>>                     ] 1565/7824, 100.5 task/s, elapsed: 16s, ETA:    62s[>>>>>                     ] 1566/7824, 100.5 task/s, elapsed: 16s, ETA:    62s[>>>>>                     ] 1567/7824, 100.5 task/s, elapsed: 16s, ETA:    62s[>>>>>                     ] 1568/7824, 100.5 task/s, elapsed: 16s, ETA:    62s[>>>>>                     ] 1569/7824, 100.5 task/s, elapsed: 16s, ETA:    62s[>>>>>                     ] 1570/7824, 100.5 task/s, elapsed: 16s, ETA:    62s[>>>>>                     ] 1571/7824, 100.5 task/s, elapsed: 16s, ETA:    62s[>>>>>                     ] 1572/7824, 100.5 task/s, elapsed: 16s, ETA:    62s[>>>>>                     ] 1573/7824, 100.5 task/s, elapsed: 16s, ETA:    62s[>>>>>                     ] 1574/7824, 100.5 task/s, elapsed: 16s, ETA:    62s[>>>>>                     ] 1575/7824, 100.5 task/s, elapsed: 16s, ETA:    62s[>>>>>                     ] 1576/7824, 100.5 task/s, elapsed: 16s, ETA:    62s[>>>>>                     ] 1577/7824, 100.5 task/s, elapsed: 16s, ETA:    62s[>>>>>                     ] 1578/7824, 100.6 task/s, elapsed: 16s, ETA:    62s[>>>>>                     ] 1579/7824, 100.6 task/s, elapsed: 16s, ETA:    62s[>>>>>                     ] 1580/7824, 100.6 task/s, elapsed: 16s, ETA:    62s[>>>>>                     ] 1581/7824, 100.6 task/s, elapsed: 16s, ETA:    62s[>>>>>                     ] 1582/7824, 100.6 task/s, elapsed: 16s, ETA:    62s[>>>>>                     ] 1583/7824, 100.6 task/s, elapsed: 16s, ETA:    62s[>>>>>                     ] 1584/7824, 100.6 task/s, elapsed: 16s, ETA:    62s[>>>>>                     ] 1585/7824, 100.6 task/s, elapsed: 16s, ETA:    62s[>>>>>                     ] 1586/7824, 100.6 task/s, elapsed: 16s, ETA:    62s[>>>>>                     ] 1587/7824, 100.6 task/s, elapsed: 16s, ETA:    62s[>>>>>                     ] 1588/7824, 100.6 task/s, elapsed: 16s, ETA:    62s[>>>>>                     ] 1589/7824, 100.6 task/s, elapsed: 16s, ETA:    62s[>>>>>                     ] 1590/7824, 100.6 task/s, elapsed: 16s, ETA:    62s[>>>>>                     ] 1591/7824, 100.6 task/s, elapsed: 16s, ETA:    62s[>>>>>                     ] 1592/7824, 100.7 task/s, elapsed: 16s, ETA:    62s[>>>>>                     ] 1593/7824, 100.7 task/s, elapsed: 16s, ETA:    62s[>>>>>                     ] 1594/7824, 100.7 task/s, elapsed: 16s, ETA:    62s[>>>>>                     ] 1595/7824, 100.7 task/s, elapsed: 16s, ETA:    62s[>>>>>                     ] 1596/7824, 100.7 task/s, elapsed: 16s, ETA:    62s[>>>>>                     ] 1597/7824, 100.7 task/s, elapsed: 16s, ETA:    62s[>>>>>                     ] 1598/7824, 100.7 task/s, elapsed: 16s, ETA:    62s[>>>>>                     ] 1599/7824, 100.7 task/s, elapsed: 16s, ETA:    62s[>>>>>                     ] 1600/7824, 100.7 task/s, elapsed: 16s, ETA:    62s[>>>>>                     ] 1601/7824, 100.7 task/s, elapsed: 16s, ETA:    62s[>>>>>                     ] 1602/7824, 100.7 task/s, elapsed: 16s, ETA:    62s[>>>>>                     ] 1603/7824, 100.7 task/s, elapsed: 16s, ETA:    62s[>>>>>                     ] 1604/7824, 100.7 task/s, elapsed: 16s, ETA:    62s[>>>>>                     ] 1605/7824, 100.7 task/s, elapsed: 16s, ETA:    62s[>>>>>                     ] 1606/7824, 100.7 task/s, elapsed: 16s, ETA:    62s[>>>>>                     ] 1607/7824, 100.8 task/s, elapsed: 16s, ETA:    62s[>>>>>                     ] 1608/7824, 100.8 task/s, elapsed: 16s, ETA:    62s[>>>>>                     ] 1609/7824, 100.8 task/s, elapsed: 16s, ETA:    62s[>>>>>                     ] 1610/7824, 100.8 task/s, elapsed: 16s, ETA:    62s[>>>>>                     ] 1611/7824, 100.8 task/s, elapsed: 16s, ETA:    62s[>>>>>                     ] 1612/7824, 100.8 task/s, elapsed: 16s, ETA:    62s[>>>>>                     ] 1613/7824, 100.8 task/s, elapsed: 16s, ETA:    62s[>>>>>                     ] 1614/7824, 100.8 task/s, elapsed: 16s, ETA:    62s[>>>>>                     ] 1615/7824, 100.8 task/s, elapsed: 16s, ETA:    62s[>>>>>                     ] 1616/7824, 100.8 task/s, elapsed: 16s, ETA:    62s[>>>>>                     ] 1617/7824, 100.8 task/s, elapsed: 16s, ETA:    62s[>>>>>                     ] 1618/7824, 100.8 task/s, elapsed: 16s, ETA:    62s[>>>>>                     ] 1619/7824, 100.8 task/s, elapsed: 16s, ETA:    62s[>>>>>                     ] 1620/7824, 100.8 task/s, elapsed: 16s, ETA:    62s[>>>>>                     ] 1621/7824, 100.8 task/s, elapsed: 16s, ETA:    62s[>>>>>                     ] 1622/7824, 100.8 task/s, elapsed: 16s, ETA:    62s[>>>>>                     ] 1623/7824, 100.8 task/s, elapsed: 16s, ETA:    61s[>>>>>                     ] 1624/7824, 100.8 task/s, elapsed: 16s, ETA:    61s[>>>>>                     ] 1625/7824, 100.9 task/s, elapsed: 16s, ETA:    61s[>>>>>                     ] 1626/7824, 100.9 task/s, elapsed: 16s, ETA:    61s[>>>>>                     ] 1627/7824, 100.9 task/s, elapsed: 16s, ETA:    61s[>>>>>                     ] 1628/7824, 100.9 task/s, elapsed: 16s, ETA:    61s[>>>>>                     ] 1629/7824, 100.9 task/s, elapsed: 16s, ETA:    61s[>>>>>                     ] 1630/7824, 100.9 task/s, elapsed: 16s, ETA:    61s[>>>>>                     ] 1631/7824, 100.9 task/s, elapsed: 16s, ETA:    61s[>>>>>                     ] 1632/7824, 100.9 task/s, elapsed: 16s, ETA:    61s[>>>>>                     ] 1633/7824, 100.9 task/s, elapsed: 16s, ETA:    61s[>>>>>                     ] 1634/7824, 100.9 task/s, elapsed: 16s, ETA:    61s[>>>>>                     ] 1635/7824, 100.9 task/s, elapsed: 16s, ETA:    61s[>>>>>                     ] 1636/7824, 100.9 task/s, elapsed: 16s, ETA:    61s[>>>>>                     ] 1637/7824, 100.9 task/s, elapsed: 16s, ETA:    61s[>>>>>                     ] 1638/7824, 100.9 task/s, elapsed: 16s, ETA:    61s[>>>>>                     ] 1639/7824, 100.9 task/s, elapsed: 16s, ETA:    61s[>>>>>                     ] 1640/7824, 100.9 task/s, elapsed: 16s, ETA:    61s[>>>>>                     ] 1641/7824, 100.9 task/s, elapsed: 16s, ETA:    61s[>>>>>                     ] 1642/7824, 100.9 task/s, elapsed: 16s, ETA:    61s[>>>>>                     ] 1643/7824, 100.9 task/s, elapsed: 16s, ETA:    61s[>>>>>                     ] 1644/7824, 101.0 task/s, elapsed: 16s, ETA:    61s[>>>>>                     ] 1645/7824, 101.0 task/s, elapsed: 16s, ETA:    61s[>>>>>                     ] 1646/7824, 101.0 task/s, elapsed: 16s, ETA:    61s[>>>>>                     ] 1647/7824, 101.0 task/s, elapsed: 16s, ETA:    61s[>>>>>                     ] 1648/7824, 101.0 task/s, elapsed: 16s, ETA:    61s[>>>>>                     ] 1649/7824, 101.0 task/s, elapsed: 16s, ETA:    61s[>>>>>                     ] 1650/7824, 101.0 task/s, elapsed: 16s, ETA:    61s[>>>>>                     ] 1651/7824, 101.0 task/s, elapsed: 16s, ETA:    61s[>>>>>                     ] 1652/7824, 101.0 task/s, elapsed: 16s, ETA:    61s[>>>>>                     ] 1653/7824, 101.0 task/s, elapsed: 16s, ETA:    61s[>>>>>                     ] 1654/7824, 101.0 task/s, elapsed: 16s, ETA:    61s[>>>>>                     ] 1655/7824, 101.0 task/s, elapsed: 16s, ETA:    61s[>>>>>                     ] 1656/7824, 101.0 task/s, elapsed: 16s, ETA:    61s[>>>>>                     ] 1657/7824, 101.0 task/s, elapsed: 16s, ETA:    61s[>>>>>                     ] 1658/7824, 101.0 task/s, elapsed: 16s, ETA:    61s[>>>>>                     ] 1659/7824, 101.0 task/s, elapsed: 16s, ETA:    61s[>>>>>                     ] 1660/7824, 101.1 task/s, elapsed: 16s, ETA:    61s[>>>>>                     ] 1661/7824, 101.1 task/s, elapsed: 16s, ETA:    61s[>>>>>                     ] 1662/7824, 101.1 task/s, elapsed: 16s, ETA:    61s[>>>>>                     ] 1663/7824, 101.1 task/s, elapsed: 16s, ETA:    61s[>>>>>                     ] 1664/7824, 101.1 task/s, elapsed: 16s, ETA:    61s[>>>>>                     ] 1665/7824, 101.1 task/s, elapsed: 16s, ETA:    61s[>>>>>                     ] 1666/7824, 101.1 task/s, elapsed: 16s, ETA:    61s[>>>>>                     ] 1667/7824, 101.1 task/s, elapsed: 16s, ETA:    61s[>>>>>                     ] 1668/7824, 101.1 task/s, elapsed: 16s, ETA:    61s[>>>>>                     ] 1669/7824, 101.1 task/s, elapsed: 17s, ETA:    61s[>>>>>                     ] 1670/7824, 101.1 task/s, elapsed: 17s, ETA:    61s[>>>>>                     ] 1671/7824, 101.1 task/s, elapsed: 17s, ETA:    61s[>>>>>                     ] 1672/7824, 101.1 task/s, elapsed: 17s, ETA:    61s[>>>>>                     ] 1673/7824, 101.1 task/s, elapsed: 17s, ETA:    61s[>>>>>                     ] 1674/7824, 101.1 task/s, elapsed: 17s, ETA:    61s[>>>>>                     ] 1675/7824, 101.2 task/s, elapsed: 17s, ETA:    61s[>>>>>                     ] 1676/7824, 101.2 task/s, elapsed: 17s, ETA:    61s[>>>>>                     ] 1677/7824, 101.2 task/s, elapsed: 17s, ETA:    61s[>>>>>                     ] 1678/7824, 101.2 task/s, elapsed: 17s, ETA:    61s[>>>>>                     ] 1679/7824, 101.2 task/s, elapsed: 17s, ETA:    61s[>>>>>                     ] 1680/7824, 101.2 task/s, elapsed: 17s, ETA:    61s[>>>>>                     ] 1681/7824, 101.2 task/s, elapsed: 17s, ETA:    61s[>>>>>                     ] 1682/7824, 101.2 task/s, elapsed: 17s, ETA:    61s[>>>>>                     ] 1683/7824, 101.2 task/s, elapsed: 17s, ETA:    61s[>>>>>                     ] 1684/7824, 101.2 task/s, elapsed: 17s, ETA:    61s[>>>>>                     ] 1685/7824, 101.2 task/s, elapsed: 17s, ETA:    61s[>>>>>                     ] 1686/7824, 101.2 task/s, elapsed: 17s, ETA:    61s[>>>>>                     ] 1687/7824, 101.2 task/s, elapsed: 17s, ETA:    61s[>>>>>                     ] 1688/7824, 101.2 task/s, elapsed: 17s, ETA:    61s[>>>>>                     ] 1689/7824, 101.2 task/s, elapsed: 17s, ETA:    61s[>>>>>                     ] 1690/7824, 101.2 task/s, elapsed: 17s, ETA:    61s[>>>>>                     ] 1691/7824, 101.2 task/s, elapsed: 17s, ETA:    61s[>>>>>                     ] 1692/7824, 101.2 task/s, elapsed: 17s, ETA:    61s[>>>>>                     ] 1693/7824, 101.2 task/s, elapsed: 17s, ETA:    61s[>>>>>                     ] 1694/7824, 101.2 task/s, elapsed: 17s, ETA:    61s[>>>>>                     ] 1695/7824, 101.2 task/s, elapsed: 17s, ETA:    61s[>>>>>                     ] 1696/7824, 101.2 task/s, elapsed: 17s, ETA:    61s[>>>>>                     ] 1697/7824, 101.2 task/s, elapsed: 17s, ETA:    61s[>>>>>                     ] 1698/7824, 101.2 task/s, elapsed: 17s, ETA:    61s[>>>>>                     ] 1699/7824, 101.2 task/s, elapsed: 17s, ETA:    60s[>>>>>                     ] 1700/7824, 101.2 task/s, elapsed: 17s, ETA:    60s[>>>>>                     ] 1701/7824, 101.2 task/s, elapsed: 17s, ETA:    60s[>>>>>                     ] 1702/7824, 101.2 task/s, elapsed: 17s, ETA:    60s[>>>>>                     ] 1703/7824, 101.3 task/s, elapsed: 17s, ETA:    60s[>>>>>                     ] 1704/7824, 101.3 task/s, elapsed: 17s, ETA:    60s[>>>>>                     ] 1705/7824, 101.3 task/s, elapsed: 17s, ETA:    60s[>>>>>                     ] 1706/7824, 101.3 task/s, elapsed: 17s, ETA:    60s[>>>>>                     ] 1707/7824, 101.3 task/s, elapsed: 17s, ETA:    60s[>>>>>                     ] 1708/7824, 101.3 task/s, elapsed: 17s, ETA:    60s[>>>>>                     ] 1709/7824, 101.3 task/s, elapsed: 17s, ETA:    60s[>>>>>                     ] 1710/7824, 101.3 task/s, elapsed: 17s, ETA:    60s[>>>>>                     ] 1711/7824, 101.3 task/s, elapsed: 17s, ETA:    60s[>>>>>                     ] 1712/7824, 101.3 task/s, elapsed: 17s, ETA:    60s[>>>>>                     ] 1713/7824, 101.3 task/s, elapsed: 17s, ETA:    60s[>>>>>                     ] 1714/7824, 101.3 task/s, elapsed: 17s, ETA:    60s[>>>>>                     ] 1715/7824, 101.3 task/s, elapsed: 17s, ETA:    60s[>>>>>                     ] 1716/7824, 101.3 task/s, elapsed: 17s, ETA:    60s[>>>>>                     ] 1717/7824, 101.3 task/s, elapsed: 17s, ETA:    60s[>>>>>                     ] 1718/7824, 101.3 task/s, elapsed: 17s, ETA:    60s[>>>>>                     ] 1719/7824, 101.4 task/s, elapsed: 17s, ETA:    60s[>>>>>                     ] 1720/7824, 101.4 task/s, elapsed: 17s, ETA:    60s[>>>>>                     ] 1721/7824, 101.4 task/s, elapsed: 17s, ETA:    60s[>>>>>                     ] 1722/7824, 101.4 task/s, elapsed: 17s, ETA:    60s[>>>>>                     ] 1723/7824, 101.4 task/s, elapsed: 17s, ETA:    60s[>>>>>                     ] 1724/7824, 101.4 task/s, elapsed: 17s, ETA:    60s[>>>>>                     ] 1725/7824, 101.4 task/s, elapsed: 17s, ETA:    60s[>>>>>                     ] 1726/7824, 101.4 task/s, elapsed: 17s, ETA:    60s[>>>>>                     ] 1727/7824, 101.4 task/s, elapsed: 17s, ETA:    60s[>>>>>                     ] 1728/7824, 101.4 task/s, elapsed: 17s, ETA:    60s[>>>>>                     ] 1729/7824, 101.4 task/s, elapsed: 17s, ETA:    60s[>>>>>                     ] 1730/7824, 101.4 task/s, elapsed: 17s, ETA:    60s[>>>>>                     ] 1731/7824, 101.4 task/s, elapsed: 17s, ETA:    60s[>>>>>                     ] 1732/7824, 101.4 task/s, elapsed: 17s, ETA:    60s[>>>>>                     ] 1733/7824, 101.4 task/s, elapsed: 17s, ETA:    60s[>>>>>                     ] 1734/7824, 101.4 task/s, elapsed: 17s, ETA:    60s[>>>>>                     ] 1735/7824, 101.4 task/s, elapsed: 17s, ETA:    60s[>>>>>                     ] 1736/7824, 101.4 task/s, elapsed: 17s, ETA:    60s[>>>>>                     ] 1737/7824, 101.5 task/s, elapsed: 17s, ETA:    60s[>>>>>                     ] 1738/7824, 101.5 task/s, elapsed: 17s, ETA:    60s[>>>>>                     ] 1739/7824, 101.5 task/s, elapsed: 17s, ETA:    60s[>>>>>                     ] 1740/7824, 101.5 task/s, elapsed: 17s, ETA:    60s[>>>>>                     ] 1741/7824, 101.5 task/s, elapsed: 17s, ETA:    60s[>>>>>                     ] 1742/7824, 101.5 task/s, elapsed: 17s, ETA:    60s[>>>>>                     ] 1743/7824, 101.5 task/s, elapsed: 17s, ETA:    60s[>>>>>                     ] 1744/7824, 101.5 task/s, elapsed: 17s, ETA:    60s[>>>>>                     ] 1745/7824, 101.5 task/s, elapsed: 17s, ETA:    60s[>>>>>                     ] 1746/7824, 101.5 task/s, elapsed: 17s, ETA:    60s[>>>>>                     ] 1747/7824, 101.5 task/s, elapsed: 17s, ETA:    60s[>>>>>                     ] 1748/7824, 101.5 task/s, elapsed: 17s, ETA:    60s[>>>>>                     ] 1749/7824, 101.5 task/s, elapsed: 17s, ETA:    60s[>>>>>                     ] 1750/7824, 101.5 task/s, elapsed: 17s, ETA:    60s[>>>>>                     ] 1751/7824, 101.5 task/s, elapsed: 17s, ETA:    60s[>>>>>                     ] 1752/7824, 101.5 task/s, elapsed: 17s, ETA:    60s[>>>>>                     ] 1753/7824, 101.5 task/s, elapsed: 17s, ETA:    60s[>>>>>                     ] 1754/7824, 101.5 task/s, elapsed: 17s, ETA:    60s[>>>>>                     ] 1755/7824, 101.5 task/s, elapsed: 17s, ETA:    60s[>>>>>                     ] 1756/7824, 101.5 task/s, elapsed: 17s, ETA:    60s[>>>>>                     ] 1757/7824, 101.5 task/s, elapsed: 17s, ETA:    60s[>>>>>                     ] 1758/7824, 101.5 task/s, elapsed: 17s, ETA:    60s[>>>>>                     ] 1759/7824, 101.5 task/s, elapsed: 17s, ETA:    60s[>>>>>                     ] 1760/7824, 101.5 task/s, elapsed: 17s, ETA:    60s[>>>>>                     ] 1761/7824, 101.5 task/s, elapsed: 17s, ETA:    60s[>>>>>                     ] 1762/7824, 101.5 task/s, elapsed: 17s, ETA:    60s[>>>>>                     ] 1763/7824, 101.5 task/s, elapsed: 17s, ETA:    60s[>>>>>                     ] 1764/7824, 101.5 task/s, elapsed: 17s, ETA:    60s[>>>>>                     ] 1765/7824, 101.6 task/s, elapsed: 17s, ETA:    60s[>>>>>                     ] 1766/7824, 101.6 task/s, elapsed: 17s, ETA:    60s[>>>>>                     ] 1767/7824, 101.6 task/s, elapsed: 17s, ETA:    60s[>>>>>                     ] 1768/7824, 101.6 task/s, elapsed: 17s, ETA:    60s[>>>>>                     ] 1769/7824, 101.6 task/s, elapsed: 17s, ETA:    60s[>>>>>                     ] 1770/7824, 101.6 task/s, elapsed: 17s, ETA:    60s[>>>>>                     ] 1771/7824, 101.6 task/s, elapsed: 17s, ETA:    60s[>>>>>                     ] 1772/7824, 101.6 task/s, elapsed: 17s, ETA:    60s[>>>>>                     ] 1773/7824, 101.6 task/s, elapsed: 17s, ETA:    60s[>>>>>                     ] 1774/7824, 101.6 task/s, elapsed: 17s, ETA:    60s[>>>>>                     ] 1775/7824, 101.6 task/s, elapsed: 17s, ETA:    60s[>>>>>                     ] 1776/7824, 101.6 task/s, elapsed: 17s, ETA:    60s[>>>>>                     ] 1777/7824, 101.6 task/s, elapsed: 17s, ETA:    60s[>>>>>                     ] 1778/7824, 101.6 task/s, elapsed: 18s, ETA:    60s[>>>>>                     ] 1779/7824, 101.6 task/s, elapsed: 18s, ETA:    59s[>>>>>                     ] 1780/7824, 101.6 task/s, elapsed: 18s, ETA:    59s[>>>>>                     ] 1781/7824, 101.6 task/s, elapsed: 18s, ETA:    59s[>>>>>                     ] 1782/7824, 101.6 task/s, elapsed: 18s, ETA:    59s[>>>>>                     ] 1783/7824, 101.6 task/s, elapsed: 18s, ETA:    59s[>>>>>                     ] 1784/7824, 101.6 task/s, elapsed: 18s, ETA:    59s[>>>>>                     ] 1785/7824, 101.6 task/s, elapsed: 18s, ETA:    59s[>>>>>                     ] 1786/7824, 101.6 task/s, elapsed: 18s, ETA:    59s[>>>>>                     ] 1787/7824, 101.6 task/s, elapsed: 18s, ETA:    59s[>>>>>                     ] 1788/7824, 101.6 task/s, elapsed: 18s, ETA:    59s[>>>>>                     ] 1789/7824, 101.6 task/s, elapsed: 18s, ETA:    59s[>>>>>                     ] 1790/7824, 101.6 task/s, elapsed: 18s, ETA:    59s[>>>>>                     ] 1791/7824, 101.6 task/s, elapsed: 18s, ETA:    59s[>>>>>                     ] 1792/7824, 101.6 task/s, elapsed: 18s, ETA:    59s[>>>>>                     ] 1793/7824, 101.6 task/s, elapsed: 18s, ETA:    59s[>>>>>                     ] 1794/7824, 101.7 task/s, elapsed: 18s, ETA:    59s[>>>>>                     ] 1795/7824, 101.7 task/s, elapsed: 18s, ETA:    59s[>>>>>                     ] 1796/7824, 101.7 task/s, elapsed: 18s, ETA:    59s[>>>>>                     ] 1797/7824, 101.7 task/s, elapsed: 18s, ETA:    59s[>>>>>                     ] 1798/7824, 101.7 task/s, elapsed: 18s, ETA:    59s[>>>>>                     ] 1799/7824, 101.7 task/s, elapsed: 18s, ETA:    59s[>>>>>                     ] 1800/7824, 101.7 task/s, elapsed: 18s, ETA:    59s[>>>>>                     ] 1801/7824, 101.7 task/s, elapsed: 18s, ETA:    59s[>>>>>                     ] 1802/7824, 101.7 task/s, elapsed: 18s, ETA:    59s[>>>>>                     ] 1803/7824, 101.7 task/s, elapsed: 18s, ETA:    59s[>>>>>                     ] 1804/7824, 101.7 task/s, elapsed: 18s, ETA:    59s[>>>>>                     ] 1805/7824, 101.7 task/s, elapsed: 18s, ETA:    59s[>>>>>>                    ] 1806/7824, 101.7 task/s, elapsed: 18s, ETA:    59s[>>>>>>                    ] 1807/7824, 101.7 task/s, elapsed: 18s, ETA:    59s[>>>>>>                    ] 1808/7824, 101.7 task/s, elapsed: 18s, ETA:    59s[>>>>>>                    ] 1809/7824, 101.7 task/s, elapsed: 18s, ETA:    59s[>>>>>>                    ] 1810/7824, 101.7 task/s, elapsed: 18s, ETA:    59s[>>>>>>                    ] 1811/7824, 101.8 task/s, elapsed: 18s, ETA:    59s[>>>>>>                    ] 1812/7824, 101.8 task/s, elapsed: 18s, ETA:    59s[>>>>>>                    ] 1813/7824, 101.8 task/s, elapsed: 18s, ETA:    59s[>>>>>>                    ] 1814/7824, 101.8 task/s, elapsed: 18s, ETA:    59s[>>>>>>                    ] 1815/7824, 101.8 task/s, elapsed: 18s, ETA:    59s[>>>>>>                    ] 1816/7824, 101.8 task/s, elapsed: 18s, ETA:    59s[>>>>>>                    ] 1817/7824, 101.8 task/s, elapsed: 18s, ETA:    59s[>>>>>>                    ] 1818/7824, 101.8 task/s, elapsed: 18s, ETA:    59s[>>>>>>                    ] 1819/7824, 101.8 task/s, elapsed: 18s, ETA:    59s[>>>>>>                    ] 1820/7824, 101.8 task/s, elapsed: 18s, ETA:    59s[>>>>>>                    ] 1821/7824, 101.8 task/s, elapsed: 18s, ETA:    59s[>>>>>>                    ] 1822/7824, 101.8 task/s, elapsed: 18s, ETA:    59s[>>>>>>                    ] 1823/7824, 101.8 task/s, elapsed: 18s, ETA:    59s[>>>>>>                    ] 1824/7824, 101.8 task/s, elapsed: 18s, ETA:    59s[>>>>>>                    ] 1825/7824, 101.8 task/s, elapsed: 18s, ETA:    59s[>>>>>>                    ] 1826/7824, 101.8 task/s, elapsed: 18s, ETA:    59s[>>>>>>                    ] 1827/7824, 101.8 task/s, elapsed: 18s, ETA:    59s[>>>>>>                    ] 1828/7824, 101.8 task/s, elapsed: 18s, ETA:    59s[>>>>>>                    ] 1829/7824, 101.8 task/s, elapsed: 18s, ETA:    59s[>>>>>>                    ] 1830/7824, 101.8 task/s, elapsed: 18s, ETA:    59s[>>>>>>                    ] 1831/7824, 101.8 task/s, elapsed: 18s, ETA:    59s[>>>>>>                    ] 1832/7824, 101.8 task/s, elapsed: 18s, ETA:    59s[>>>>>>                    ] 1833/7824, 101.8 task/s, elapsed: 18s, ETA:    59s[>>>>>>                    ] 1834/7824, 101.8 task/s, elapsed: 18s, ETA:    59s[>>>>>>                    ] 1835/7824, 101.8 task/s, elapsed: 18s, ETA:    59s[>>>>>>                    ] 1836/7824, 101.8 task/s, elapsed: 18s, ETA:    59s[>>>>>>                    ] 1837/7824, 101.8 task/s, elapsed: 18s, ETA:    59s[>>>>>>                    ] 1838/7824, 101.8 task/s, elapsed: 18s, ETA:    59s[>>>>>>                    ] 1839/7824, 101.8 task/s, elapsed: 18s, ETA:    59s[>>>>>>                    ] 1840/7824, 101.8 task/s, elapsed: 18s, ETA:    59s[>>>>>>                    ] 1841/7824, 101.8 task/s, elapsed: 18s, ETA:    59s[>>>>>>                    ] 1842/7824, 101.8 task/s, elapsed: 18s, ETA:    59s[>>>>>>                    ] 1843/7824, 101.8 task/s, elapsed: 18s, ETA:    59s[>>>>>>                    ] 1844/7824, 101.8 task/s, elapsed: 18s, ETA:    59s[>>>>>>                    ] 1845/7824, 101.8 task/s, elapsed: 18s, ETA:    59s[>>>>>>                    ] 1846/7824, 101.8 task/s, elapsed: 18s, ETA:    59s[>>>>>>                    ] 1847/7824, 101.8 task/s, elapsed: 18s, ETA:    59s[>>>>>>                    ] 1848/7824, 101.9 task/s, elapsed: 18s, ETA:    59s[>>>>>>                    ] 1849/7824, 101.9 task/s, elapsed: 18s, ETA:    59s[>>>>>>                    ] 1850/7824, 101.9 task/s, elapsed: 18s, ETA:    59s[>>>>>>                    ] 1851/7824, 101.9 task/s, elapsed: 18s, ETA:    59s[>>>>>>                    ] 1852/7824, 101.9 task/s, elapsed: 18s, ETA:    59s[>>>>>>                    ] 1853/7824, 101.9 task/s, elapsed: 18s, ETA:    59s[>>>>>>                    ] 1854/7824, 101.9 task/s, elapsed: 18s, ETA:    59s[>>>>>>                    ] 1855/7824, 101.9 task/s, elapsed: 18s, ETA:    59s[>>>>>>                    ] 1856/7824, 101.9 task/s, elapsed: 18s, ETA:    59s[>>>>>>                    ] 1857/7824, 101.9 task/s, elapsed: 18s, ETA:    59s[>>>>>>                    ] 1858/7824, 101.9 task/s, elapsed: 18s, ETA:    59s[>>>>>>                    ] 1859/7824, 101.9 task/s, elapsed: 18s, ETA:    59s[>>>>>>                    ] 1860/7824, 101.9 task/s, elapsed: 18s, ETA:    59s[>>>>>>                    ] 1861/7824, 101.9 task/s, elapsed: 18s, ETA:    59s[>>>>>>                    ] 1862/7824, 101.9 task/s, elapsed: 18s, ETA:    58s[>>>>>>                    ] 1863/7824, 101.9 task/s, elapsed: 18s, ETA:    58s[>>>>>>                    ] 1864/7824, 101.9 task/s, elapsed: 18s, ETA:    58s[>>>>>>                    ] 1865/7824, 101.9 task/s, elapsed: 18s, ETA:    58s[>>>>>>                    ] 1866/7824, 101.9 task/s, elapsed: 18s, ETA:    58s[>>>>>>                    ] 1867/7824, 101.9 task/s, elapsed: 18s, ETA:    58s[>>>>>>                    ] 1868/7824, 102.0 task/s, elapsed: 18s, ETA:    58s[>>>>>>                    ] 1869/7824, 102.0 task/s, elapsed: 18s, ETA:    58s[>>>>>>                    ] 1870/7824, 102.0 task/s, elapsed: 18s, ETA:    58s[>>>>>>                    ] 1871/7824, 102.0 task/s, elapsed: 18s, ETA:    58s[>>>>>>                    ] 1872/7824, 102.0 task/s, elapsed: 18s, ETA:    58s[>>>>>>                    ] 1873/7824, 102.0 task/s, elapsed: 18s, ETA:    58s[>>>>>>                    ] 1874/7824, 102.0 task/s, elapsed: 18s, ETA:    58s[>>>>>>                    ] 1875/7824, 102.0 task/s, elapsed: 18s, ETA:    58s[>>>>>>                    ] 1876/7824, 102.0 task/s, elapsed: 18s, ETA:    58s[>>>>>>                    ] 1877/7824, 102.0 task/s, elapsed: 18s, ETA:    58s[>>>>>>                    ] 1878/7824, 102.0 task/s, elapsed: 18s, ETA:    58s[>>>>>>                    ] 1879/7824, 102.0 task/s, elapsed: 18s, ETA:    58s[>>>>>>                    ] 1880/7824, 102.0 task/s, elapsed: 18s, ETA:    58s[>>>>>>                    ] 1881/7824, 102.0 task/s, elapsed: 18s, ETA:    58s[>>>>>>                    ] 1882/7824, 102.0 task/s, elapsed: 18s, ETA:    58s[>>>>>>                    ] 1883/7824, 102.0 task/s, elapsed: 18s, ETA:    58s[>>>>>>                    ] 1884/7824, 102.0 task/s, elapsed: 18s, ETA:    58s[>>>>>>                    ] 1885/7824, 102.0 task/s, elapsed: 18s, ETA:    58s[>>>>>>                    ] 1886/7824, 102.0 task/s, elapsed: 18s, ETA:    58s[>>>>>>                    ] 1887/7824, 102.0 task/s, elapsed: 18s, ETA:    58s[>>>>>>                    ] 1888/7824, 102.0 task/s, elapsed: 19s, ETA:    58s[>>>>>>                    ] 1889/7824, 102.1 task/s, elapsed: 19s, ETA:    58s[>>>>>>                    ] 1890/7824, 102.1 task/s, elapsed: 19s, ETA:    58s[>>>>>>                    ] 1891/7824, 102.1 task/s, elapsed: 19s, ETA:    58s[>>>>>>                    ] 1892/7824, 102.1 task/s, elapsed: 19s, ETA:    58s[>>>>>>                    ] 1893/7824, 102.1 task/s, elapsed: 19s, ETA:    58s[>>>>>>                    ] 1894/7824, 102.1 task/s, elapsed: 19s, ETA:    58s[>>>>>>                    ] 1895/7824, 102.1 task/s, elapsed: 19s, ETA:    58s[>>>>>>                    ] 1896/7824, 102.1 task/s, elapsed: 19s, ETA:    58s[>>>>>>                    ] 1897/7824, 102.1 task/s, elapsed: 19s, ETA:    58s[>>>>>>                    ] 1898/7824, 102.1 task/s, elapsed: 19s, ETA:    58s[>>>>>>                    ] 1899/7824, 102.1 task/s, elapsed: 19s, ETA:    58s[>>>>>>                    ] 1900/7824, 102.1 task/s, elapsed: 19s, ETA:    58s[>>>>>>                    ] 1901/7824, 102.1 task/s, elapsed: 19s, ETA:    58s[>>>>>>                    ] 1902/7824, 102.1 task/s, elapsed: 19s, ETA:    58s[>>>>>>                    ] 1903/7824, 102.1 task/s, elapsed: 19s, ETA:    58s[>>>>>>                    ] 1904/7824, 102.1 task/s, elapsed: 19s, ETA:    58s[>>>>>>                    ] 1905/7824, 102.1 task/s, elapsed: 19s, ETA:    58s[>>>>>>                    ] 1906/7824, 102.1 task/s, elapsed: 19s, ETA:    58s[>>>>>>                    ] 1907/7824, 102.1 task/s, elapsed: 19s, ETA:    58s[>>>>>>                    ] 1908/7824, 102.1 task/s, elapsed: 19s, ETA:    58s[>>>>>>                    ] 1909/7824, 102.1 task/s, elapsed: 19s, ETA:    58s[>>>>>>                    ] 1910/7824, 102.1 task/s, elapsed: 19s, ETA:    58s[>>>>>>                    ] 1911/7824, 102.1 task/s, elapsed: 19s, ETA:    58s[>>>>>>                    ] 1912/7824, 102.1 task/s, elapsed: 19s, ETA:    58s[>>>>>>                    ] 1913/7824, 102.1 task/s, elapsed: 19s, ETA:    58s[>>>>>>                    ] 1914/7824, 102.1 task/s, elapsed: 19s, ETA:    58s[>>>>>>                    ] 1915/7824, 102.1 task/s, elapsed: 19s, ETA:    58s[>>>>>>                    ] 1916/7824, 102.1 task/s, elapsed: 19s, ETA:    58s[>>>>>>                    ] 1917/7824, 102.2 task/s, elapsed: 19s, ETA:    58s[>>>>>>                    ] 1918/7824, 102.2 task/s, elapsed: 19s, ETA:    58s[>>>>>>                    ] 1919/7824, 102.2 task/s, elapsed: 19s, ETA:    58s[>>>>>>                    ] 1920/7824, 102.2 task/s, elapsed: 19s, ETA:    58s[>>>>>>                    ] 1921/7824, 102.2 task/s, elapsed: 19s, ETA:    58s[>>>>>>                    ] 1922/7824, 102.2 task/s, elapsed: 19s, ETA:    58s[>>>>>>                    ] 1923/7824, 102.2 task/s, elapsed: 19s, ETA:    58s[>>>>>>                    ] 1924/7824, 102.2 task/s, elapsed: 19s, ETA:    58s[>>>>>>                    ] 1925/7824, 102.2 task/s, elapsed: 19s, ETA:    58s[>>>>>>                    ] 1926/7824, 102.2 task/s, elapsed: 19s, ETA:    58s[>>>>>>                    ] 1927/7824, 102.2 task/s, elapsed: 19s, ETA:    58s[>>>>>>                    ] 1928/7824, 102.2 task/s, elapsed: 19s, ETA:    58s[>>>>>>                    ] 1929/7824, 102.2 task/s, elapsed: 19s, ETA:    58s[>>>>>>                    ] 1930/7824, 102.2 task/s, elapsed: 19s, ETA:    58s[>>>>>>                    ] 1931/7824, 102.2 task/s, elapsed: 19s, ETA:    58s[>>>>>>                    ] 1932/7824, 102.2 task/s, elapsed: 19s, ETA:    58s[>>>>>>                    ] 1933/7824, 102.2 task/s, elapsed: 19s, ETA:    58s[>>>>>>                    ] 1934/7824, 102.2 task/s, elapsed: 19s, ETA:    58s[>>>>>>                    ] 1935/7824, 102.2 task/s, elapsed: 19s, ETA:    58s[>>>>>>                    ] 1936/7824, 102.2 task/s, elapsed: 19s, ETA:    58s[>>>>>>                    ] 1937/7824, 102.2 task/s, elapsed: 19s, ETA:    58s[>>>>>>                    ] 1938/7824, 102.2 task/s, elapsed: 19s, ETA:    58s[>>>>>>                    ] 1939/7824, 102.2 task/s, elapsed: 19s, ETA:    58s[>>>>>>                    ] 1940/7824, 102.2 task/s, elapsed: 19s, ETA:    58s[>>>>>>                    ] 1941/7824, 102.3 task/s, elapsed: 19s, ETA:    58s[>>>>>>                    ] 1942/7824, 102.3 task/s, elapsed: 19s, ETA:    58s[>>>>>>                    ] 1943/7824, 102.3 task/s, elapsed: 19s, ETA:    58s[>>>>>>                    ] 1944/7824, 102.3 task/s, elapsed: 19s, ETA:    57s[>>>>>>                    ] 1945/7824, 102.3 task/s, elapsed: 19s, ETA:    57s[>>>>>>                    ] 1946/7824, 102.3 task/s, elapsed: 19s, ETA:    57s[>>>>>>                    ] 1947/7824, 102.3 task/s, elapsed: 19s, ETA:    57s[>>>>>>                    ] 1948/7824, 102.3 task/s, elapsed: 19s, ETA:    57s[>>>>>>                    ] 1949/7824, 102.3 task/s, elapsed: 19s, ETA:    57s[>>>>>>                    ] 1950/7824, 102.3 task/s, elapsed: 19s, ETA:    57s[>>>>>>                    ] 1951/7824, 102.3 task/s, elapsed: 19s, ETA:    57s[>>>>>>                    ] 1952/7824, 102.3 task/s, elapsed: 19s, ETA:    57s[>>>>>>                    ] 1953/7824, 102.3 task/s, elapsed: 19s, ETA:    57s[>>>>>>                    ] 1954/7824, 102.3 task/s, elapsed: 19s, ETA:    57s[>>>>>>                    ] 1955/7824, 102.3 task/s, elapsed: 19s, ETA:    57s[>>>>>>                    ] 1956/7824, 102.3 task/s, elapsed: 19s, ETA:    57s[>>>>>>                    ] 1957/7824, 102.3 task/s, elapsed: 19s, ETA:    57s[>>>>>>                    ] 1958/7824, 102.3 task/s, elapsed: 19s, ETA:    57s[>>>>>>                    ] 1959/7824, 102.3 task/s, elapsed: 19s, ETA:    57s[>>>>>>                    ] 1960/7824, 102.3 task/s, elapsed: 19s, ETA:    57s[>>>>>>                    ] 1961/7824, 102.4 task/s, elapsed: 19s, ETA:    57s[>>>>>>                    ] 1962/7824, 102.4 task/s, elapsed: 19s, ETA:    57s[>>>>>>                    ] 1963/7824, 102.4 task/s, elapsed: 19s, ETA:    57s[>>>>>>                    ] 1964/7824, 102.4 task/s, elapsed: 19s, ETA:    57s[>>>>>>                    ] 1965/7824, 102.4 task/s, elapsed: 19s, ETA:    57s[>>>>>>                    ] 1966/7824, 102.4 task/s, elapsed: 19s, ETA:    57s[>>>>>>                    ] 1967/7824, 102.4 task/s, elapsed: 19s, ETA:    57s[>>>>>>                    ] 1968/7824, 102.4 task/s, elapsed: 19s, ETA:    57s[>>>>>>                    ] 1969/7824, 102.4 task/s, elapsed: 19s, ETA:    57s[>>>>>>                    ] 1970/7824, 102.4 task/s, elapsed: 19s, ETA:    57s[>>>>>>                    ] 1971/7824, 102.4 task/s, elapsed: 19s, ETA:    57s[>>>>>>                    ] 1972/7824, 102.4 task/s, elapsed: 19s, ETA:    57s[>>>>>>                    ] 1973/7824, 102.4 task/s, elapsed: 19s, ETA:    57s[>>>>>>                    ] 1974/7824, 102.4 task/s, elapsed: 19s, ETA:    57s[>>>>>>                    ] 1975/7824, 102.4 task/s, elapsed: 19s, ETA:    57s[>>>>>>                    ] 1976/7824, 102.4 task/s, elapsed: 19s, ETA:    57s[>>>>>>                    ] 1977/7824, 102.4 task/s, elapsed: 19s, ETA:    57s[>>>>>>                    ] 1978/7824, 102.4 task/s, elapsed: 19s, ETA:    57s[>>>>>>                    ] 1979/7824, 102.4 task/s, elapsed: 19s, ETA:    57s[>>>>>>                    ] 1980/7824, 102.4 task/s, elapsed: 19s, ETA:    57s[>>>>>>                    ] 1981/7824, 102.4 task/s, elapsed: 19s, ETA:    57s[>>>>>>                    ] 1982/7824, 102.4 task/s, elapsed: 19s, ETA:    57s[>>>>>>                    ] 1983/7824, 102.4 task/s, elapsed: 19s, ETA:    57s[>>>>>>                    ] 1984/7824, 102.4 task/s, elapsed: 19s, ETA:    57s[>>>>>>                    ] 1985/7824, 102.5 task/s, elapsed: 19s, ETA:    57s[>>>>>>                    ] 1986/7824, 102.5 task/s, elapsed: 19s, ETA:    57s[>>>>>>                    ] 1987/7824, 102.5 task/s, elapsed: 19s, ETA:    57s[>>>>>>                    ] 1988/7824, 102.5 task/s, elapsed: 19s, ETA:    57s[>>>>>>                    ] 1989/7824, 102.5 task/s, elapsed: 19s, ETA:    57s[>>>>>>                    ] 1990/7824, 102.5 task/s, elapsed: 19s, ETA:    57s[>>>>>>                    ] 1991/7824, 102.5 task/s, elapsed: 19s, ETA:    57s[>>>>>>                    ] 1992/7824, 102.5 task/s, elapsed: 19s, ETA:    57s[>>>>>>                    ] 1993/7824, 102.5 task/s, elapsed: 19s, ETA:    57s[>>>>>>                    ] 1994/7824, 102.5 task/s, elapsed: 19s, ETA:    57s[>>>>>>                    ] 1995/7824, 102.5 task/s, elapsed: 19s, ETA:    57s[>>>>>>                    ] 1996/7824, 102.5 task/s, elapsed: 19s, ETA:    57s[>>>>>>                    ] 1997/7824, 102.5 task/s, elapsed: 19s, ETA:    57s[>>>>>>                    ] 1998/7824, 102.5 task/s, elapsed: 19s, ETA:    57s[>>>>>>                    ] 1999/7824, 102.5 task/s, elapsed: 19s, ETA:    57s[>>>>>>                    ] 2000/7824, 102.5 task/s, elapsed: 20s, ETA:    57s[>>>>>>                    ] 2001/7824, 102.5 task/s, elapsed: 20s, ETA:    57s[>>>>>>                    ] 2002/7824, 102.5 task/s, elapsed: 20s, ETA:    57s[>>>>>>                    ] 2003/7824, 102.5 task/s, elapsed: 20s, ETA:    57s[>>>>>>                    ] 2004/7824, 102.5 task/s, elapsed: 20s, ETA:    57s[>>>>>>                    ] 2005/7824, 102.5 task/s, elapsed: 20s, ETA:    57s[>>>>>>                    ] 2006/7824, 102.5 task/s, elapsed: 20s, ETA:    57s[>>>>>>                    ] 2007/7824, 102.5 task/s, elapsed: 20s, ETA:    57s[>>>>>>                    ] 2008/7824, 102.5 task/s, elapsed: 20s, ETA:    57s[>>>>>>                    ] 2009/7824, 102.5 task/s, elapsed: 20s, ETA:    57s[>>>>>>                    ] 2010/7824, 102.5 task/s, elapsed: 20s, ETA:    57s[>>>>>>                    ] 2011/7824, 102.5 task/s, elapsed: 20s, ETA:    57s[>>>>>>                    ] 2012/7824, 102.5 task/s, elapsed: 20s, ETA:    57s[>>>>>>                    ] 2013/7824, 102.5 task/s, elapsed: 20s, ETA:    57s[>>>>>>                    ] 2014/7824, 102.5 task/s, elapsed: 20s, ETA:    57s[>>>>>>                    ] 2015/7824, 102.5 task/s, elapsed: 20s, ETA:    57s[>>>>>>                    ] 2016/7824, 102.5 task/s, elapsed: 20s, ETA:    57s[>>>>>>                    ] 2017/7824, 102.5 task/s, elapsed: 20s, ETA:    57s[>>>>>>                    ] 2018/7824, 102.5 task/s, elapsed: 20s, ETA:    57s[>>>>>>                    ] 2019/7824, 102.5 task/s, elapsed: 20s, ETA:    57s[>>>>>>                    ] 2020/7824, 102.5 task/s, elapsed: 20s, ETA:    57s[>>>>>>                    ] 2021/7824, 102.5 task/s, elapsed: 20s, ETA:    57s[>>>>>>                    ] 2022/7824, 102.6 task/s, elapsed: 20s, ETA:    57s[>>>>>>                    ] 2023/7824, 102.6 task/s, elapsed: 20s, ETA:    57s[>>>>>>                    ] 2024/7824, 102.5 task/s, elapsed: 20s, ETA:    57s[>>>>>>                    ] 2025/7824, 102.5 task/s, elapsed: 20s, ETA:    57s[>>>>>>                    ] 2026/7824, 102.5 task/s, elapsed: 20s, ETA:    57s[>>>>>>                    ] 2027/7824, 102.5 task/s, elapsed: 20s, ETA:    57s[>>>>>>                    ] 2028/7824, 102.5 task/s, elapsed: 20s, ETA:    57s[>>>>>>                    ] 2029/7824, 102.5 task/s, elapsed: 20s, ETA:    57s[>>>>>>                    ] 2030/7824, 102.5 task/s, elapsed: 20s, ETA:    57s[>>>>>>                    ] 2031/7824, 102.5 task/s, elapsed: 20s, ETA:    57s[>>>>>>                    ] 2032/7824, 102.5 task/s, elapsed: 20s, ETA:    56s[>>>>>>                    ] 2033/7824, 102.5 task/s, elapsed: 20s, ETA:    56s[>>>>>>                    ] 2034/7824, 102.5 task/s, elapsed: 20s, ETA:    56s[>>>>>>                    ] 2035/7824, 102.5 task/s, elapsed: 20s, ETA:    56s[>>>>>>                    ] 2036/7824, 102.5 task/s, elapsed: 20s, ETA:    56s[>>>>>>                    ] 2037/7824, 102.5 task/s, elapsed: 20s, ETA:    56s[>>>>>>                    ] 2038/7824, 102.5 task/s, elapsed: 20s, ETA:    56s[>>>>>>                    ] 2039/7824, 102.5 task/s, elapsed: 20s, ETA:    56s[>>>>>>                    ] 2040/7824, 102.5 task/s, elapsed: 20s, ETA:    56s[>>>>>>                    ] 2041/7824, 102.5 task/s, elapsed: 20s, ETA:    56s[>>>>>>                    ] 2042/7824, 102.5 task/s, elapsed: 20s, ETA:    56s[>>>>>>                    ] 2043/7824, 102.5 task/s, elapsed: 20s, ETA:    56s[>>>>>>                    ] 2044/7824, 102.6 task/s, elapsed: 20s, ETA:    56s[>>>>>>                    ] 2045/7824, 102.6 task/s, elapsed: 20s, ETA:    56s[>>>>>>                    ] 2046/7824, 102.6 task/s, elapsed: 20s, ETA:    56s[>>>>>>                    ] 2047/7824, 102.6 task/s, elapsed: 20s, ETA:    56s[>>>>>>                    ] 2048/7824, 102.6 task/s, elapsed: 20s, ETA:    56s[>>>>>>                    ] 2049/7824, 102.6 task/s, elapsed: 20s, ETA:    56s[>>>>>>                    ] 2050/7824, 102.6 task/s, elapsed: 20s, ETA:    56s[>>>>>>                    ] 2051/7824, 102.6 task/s, elapsed: 20s, ETA:    56s[>>>>>>                    ] 2052/7824, 102.6 task/s, elapsed: 20s, ETA:    56s[>>>>>>                    ] 2053/7824, 102.6 task/s, elapsed: 20s, ETA:    56s[>>>>>>                    ] 2054/7824, 102.6 task/s, elapsed: 20s, ETA:    56s[>>>>>>                    ] 2055/7824, 102.6 task/s, elapsed: 20s, ETA:    56s[>>>>>>                    ] 2056/7824, 102.6 task/s, elapsed: 20s, ETA:    56s[>>>>>>                    ] 2057/7824, 102.6 task/s, elapsed: 20s, ETA:    56s[>>>>>>                    ] 2058/7824, 102.6 task/s, elapsed: 20s, ETA:    56s[>>>>>>                    ] 2059/7824, 102.6 task/s, elapsed: 20s, ETA:    56s[>>>>>>                    ] 2060/7824, 102.6 task/s, elapsed: 20s, ETA:    56s[>>>>>>                    ] 2061/7824, 102.6 task/s, elapsed: 20s, ETA:    56s[>>>>>>                    ] 2062/7824, 102.6 task/s, elapsed: 20s, ETA:    56s[>>>>>>                    ] 2063/7824, 102.6 task/s, elapsed: 20s, ETA:    56s[>>>>>>                    ] 2064/7824, 102.6 task/s, elapsed: 20s, ETA:    56s[>>>>>>                    ] 2065/7824, 102.6 task/s, elapsed: 20s, ETA:    56s[>>>>>>                    ] 2066/7824, 102.6 task/s, elapsed: 20s, ETA:    56s[>>>>>>                    ] 2067/7824, 102.6 task/s, elapsed: 20s, ETA:    56s[>>>>>>                    ] 2068/7824, 102.6 task/s, elapsed: 20s, ETA:    56s[>>>>>>                    ] 2069/7824, 102.6 task/s, elapsed: 20s, ETA:    56s[>>>>>>                    ] 2070/7824, 102.6 task/s, elapsed: 20s, ETA:    56s[>>>>>>                    ] 2071/7824, 102.6 task/s, elapsed: 20s, ETA:    56s[>>>>>>                    ] 2072/7824, 102.6 task/s, elapsed: 20s, ETA:    56s[>>>>>>                    ] 2073/7824, 102.6 task/s, elapsed: 20s, ETA:    56s[>>>>>>                    ] 2074/7824, 102.7 task/s, elapsed: 20s, ETA:    56s[>>>>>>                    ] 2075/7824, 102.7 task/s, elapsed: 20s, ETA:    56s[>>>>>>                    ] 2076/7824, 102.7 task/s, elapsed: 20s, ETA:    56s[>>>>>>                    ] 2077/7824, 102.7 task/s, elapsed: 20s, ETA:    56s[>>>>>>                    ] 2078/7824, 102.7 task/s, elapsed: 20s, ETA:    56s[>>>>>>                    ] 2079/7824, 102.7 task/s, elapsed: 20s, ETA:    56s[>>>>>>                    ] 2080/7824, 102.7 task/s, elapsed: 20s, ETA:    56s[>>>>>>                    ] 2081/7824, 102.7 task/s, elapsed: 20s, ETA:    56s[>>>>>>                    ] 2082/7824, 102.7 task/s, elapsed: 20s, ETA:    56s[>>>>>>                    ] 2083/7824, 102.7 task/s, elapsed: 20s, ETA:    56s[>>>>>>                    ] 2084/7824, 102.7 task/s, elapsed: 20s, ETA:    56s[>>>>>>                    ] 2085/7824, 102.7 task/s, elapsed: 20s, ETA:    56s[>>>>>>                    ] 2086/7824, 102.7 task/s, elapsed: 20s, ETA:    56s[>>>>>>                    ] 2087/7824, 102.7 task/s, elapsed: 20s, ETA:    56s[>>>>>>                    ] 2088/7824, 102.7 task/s, elapsed: 20s, ETA:    56s[>>>>>>                    ] 2089/7824, 102.7 task/s, elapsed: 20s, ETA:    56s[>>>>>>                    ] 2090/7824, 102.7 task/s, elapsed: 20s, ETA:    56s[>>>>>>                    ] 2091/7824, 102.7 task/s, elapsed: 20s, ETA:    56s[>>>>>>                    ] 2092/7824, 102.7 task/s, elapsed: 20s, ETA:    56s[>>>>>>                    ] 2093/7824, 102.7 task/s, elapsed: 20s, ETA:    56s[>>>>>>                    ] 2094/7824, 102.7 task/s, elapsed: 20s, ETA:    56s[>>>>>>                    ] 2095/7824, 102.7 task/s, elapsed: 20s, ETA:    56s[>>>>>>                    ] 2096/7824, 102.7 task/s, elapsed: 20s, ETA:    56s[>>>>>>                    ] 2097/7824, 102.7 task/s, elapsed: 20s, ETA:    56s[>>>>>>                    ] 2098/7824, 102.7 task/s, elapsed: 20s, ETA:    56s[>>>>>>                    ] 2099/7824, 102.7 task/s, elapsed: 20s, ETA:    56s[>>>>>>                    ] 2100/7824, 102.7 task/s, elapsed: 20s, ETA:    56s[>>>>>>                    ] 2101/7824, 102.8 task/s, elapsed: 20s, ETA:    56s[>>>>>>                    ] 2102/7824, 102.8 task/s, elapsed: 20s, ETA:    56s[>>>>>>                    ] 2103/7824, 102.8 task/s, elapsed: 20s, ETA:    56s[>>>>>>                    ] 2104/7824, 102.8 task/s, elapsed: 20s, ETA:    56s[>>>>>>                    ] 2105/7824, 102.8 task/s, elapsed: 20s, ETA:    56s[>>>>>>                    ] 2106/7824, 102.7 task/s, elapsed: 20s, ETA:    56s[>>>>>>>                   ] 2107/7824, 102.7 task/s, elapsed: 21s, ETA:    56s[>>>>>>>                   ] 2108/7824, 102.8 task/s, elapsed: 21s, ETA:    56s[>>>>>>>                   ] 2109/7824, 102.8 task/s, elapsed: 21s, ETA:    56s[>>>>>>>                   ] 2110/7824, 102.8 task/s, elapsed: 21s, ETA:    56s[>>>>>>>                   ] 2111/7824, 102.8 task/s, elapsed: 21s, ETA:    56s[>>>>>>>                   ] 2112/7824, 102.8 task/s, elapsed: 21s, ETA:    56s[>>>>>>>                   ] 2113/7824, 102.8 task/s, elapsed: 21s, ETA:    56s[>>>>>>>                   ] 2114/7824, 102.8 task/s, elapsed: 21s, ETA:    56s[>>>>>>>                   ] 2115/7824, 102.8 task/s, elapsed: 21s, ETA:    56s[>>>>>>>                   ] 2116/7824, 102.8 task/s, elapsed: 21s, ETA:    56s[>>>>>>>                   ] 2117/7824, 102.8 task/s, elapsed: 21s, ETA:    56s[>>>>>>>                   ] 2118/7824, 102.8 task/s, elapsed: 21s, ETA:    56s[>>>>>>>                   ] 2119/7824, 102.8 task/s, elapsed: 21s, ETA:    56s[>>>>>>>                   ] 2120/7824, 102.8 task/s, elapsed: 21s, ETA:    56s[>>>>>>>                   ] 2121/7824, 102.8 task/s, elapsed: 21s, ETA:    56s[>>>>>>>                   ] 2122/7824, 102.8 task/s, elapsed: 21s, ETA:    55s[>>>>>>>                   ] 2123/7824, 102.8 task/s, elapsed: 21s, ETA:    55s[>>>>>>>                   ] 2124/7824, 102.8 task/s, elapsed: 21s, ETA:    55s[>>>>>>>                   ] 2125/7824, 102.8 task/s, elapsed: 21s, ETA:    55s[>>>>>>>                   ] 2126/7824, 102.8 task/s, elapsed: 21s, ETA:    55s[>>>>>>>                   ] 2127/7824, 102.8 task/s, elapsed: 21s, ETA:    55s[>>>>>>>                   ] 2128/7824, 102.8 task/s, elapsed: 21s, ETA:    55s[>>>>>>>                   ] 2129/7824, 102.8 task/s, elapsed: 21s, ETA:    55s[>>>>>>>                   ] 2130/7824, 102.8 task/s, elapsed: 21s, ETA:    55s[>>>>>>>                   ] 2131/7824, 102.8 task/s, elapsed: 21s, ETA:    55s[>>>>>>>                   ] 2132/7824, 102.8 task/s, elapsed: 21s, ETA:    55s[>>>>>>>                   ] 2133/7824, 102.8 task/s, elapsed: 21s, ETA:    55s[>>>>>>>                   ] 2134/7824, 102.8 task/s, elapsed: 21s, ETA:    55s[>>>>>>>                   ] 2135/7824, 102.8 task/s, elapsed: 21s, ETA:    55s[>>>>>>>                   ] 2136/7824, 102.8 task/s, elapsed: 21s, ETA:    55s[>>>>>>>                   ] 2137/7824, 102.8 task/s, elapsed: 21s, ETA:    55s[>>>>>>>                   ] 2138/7824, 102.8 task/s, elapsed: 21s, ETA:    55s[>>>>>>>                   ] 2139/7824, 102.8 task/s, elapsed: 21s, ETA:    55s[>>>>>>>                   ] 2140/7824, 102.8 task/s, elapsed: 21s, ETA:    55s[>>>>>>>                   ] 2141/7824, 102.8 task/s, elapsed: 21s, ETA:    55s[>>>>>>>                   ] 2142/7824, 102.8 task/s, elapsed: 21s, ETA:    55s[>>>>>>>                   ] 2143/7824, 102.8 task/s, elapsed: 21s, ETA:    55s[>>>>>>>                   ] 2144/7824, 102.8 task/s, elapsed: 21s, ETA:    55s[>>>>>>>                   ] 2145/7824, 102.8 task/s, elapsed: 21s, ETA:    55s[>>>>>>>                   ] 2146/7824, 102.8 task/s, elapsed: 21s, ETA:    55s[>>>>>>>                   ] 2147/7824, 102.8 task/s, elapsed: 21s, ETA:    55s[>>>>>>>                   ] 2148/7824, 102.8 task/s, elapsed: 21s, ETA:    55s[>>>>>>>                   ] 2149/7824, 102.8 task/s, elapsed: 21s, ETA:    55s[>>>>>>>                   ] 2150/7824, 102.8 task/s, elapsed: 21s, ETA:    55s[>>>>>>>                   ] 2151/7824, 102.8 task/s, elapsed: 21s, ETA:    55s[>>>>>>>                   ] 2152/7824, 102.8 task/s, elapsed: 21s, ETA:    55s[>>>>>>>                   ] 2153/7824, 102.8 task/s, elapsed: 21s, ETA:    55s[>>>>>>>                   ] 2154/7824, 102.8 task/s, elapsed: 21s, ETA:    55s[>>>>>>>                   ] 2155/7824, 102.8 task/s, elapsed: 21s, ETA:    55s[>>>>>>>                   ] 2156/7824, 102.8 task/s, elapsed: 21s, ETA:    55s[>>>>>>>                   ] 2157/7824, 102.8 task/s, elapsed: 21s, ETA:    55s[>>>>>>>                   ] 2158/7824, 102.8 task/s, elapsed: 21s, ETA:    55s[>>>>>>>                   ] 2159/7824, 102.8 task/s, elapsed: 21s, ETA:    55s[>>>>>>>                   ] 2160/7824, 102.8 task/s, elapsed: 21s, ETA:    55s[>>>>>>>                   ] 2161/7824, 102.8 task/s, elapsed: 21s, ETA:    55s[>>>>>>>                   ] 2162/7824, 102.9 task/s, elapsed: 21s, ETA:    55s[>>>>>>>                   ] 2163/7824, 102.9 task/s, elapsed: 21s, ETA:    55s[>>>>>>>                   ] 2164/7824, 102.9 task/s, elapsed: 21s, ETA:    55s[>>>>>>>                   ] 2165/7824, 102.9 task/s, elapsed: 21s, ETA:    55s[>>>>>>>                   ] 2166/7824, 102.9 task/s, elapsed: 21s, ETA:    55s[>>>>>>>                   ] 2167/7824, 102.9 task/s, elapsed: 21s, ETA:    55s[>>>>>>>                   ] 2168/7824, 102.9 task/s, elapsed: 21s, ETA:    55s[>>>>>>>                   ] 2169/7824, 102.9 task/s, elapsed: 21s, ETA:    55s[>>>>>>>                   ] 2170/7824, 102.9 task/s, elapsed: 21s, ETA:    55s[>>>>>>>                   ] 2171/7824, 102.9 task/s, elapsed: 21s, ETA:    55s[>>>>>>>                   ] 2172/7824, 102.9 task/s, elapsed: 21s, ETA:    55s[>>>>>>>                   ] 2173/7824, 102.9 task/s, elapsed: 21s, ETA:    55s[>>>>>>>                   ] 2174/7824, 102.9 task/s, elapsed: 21s, ETA:    55s[>>>>>>>                   ] 2175/7824, 102.9 task/s, elapsed: 21s, ETA:    55s[>>>>>>>                   ] 2176/7824, 102.9 task/s, elapsed: 21s, ETA:    55s[>>>>>>>                   ] 2177/7824, 102.9 task/s, elapsed: 21s, ETA:    55s[>>>>>>>                   ] 2178/7824, 102.9 task/s, elapsed: 21s, ETA:    55s[>>>>>>>                   ] 2179/7824, 102.9 task/s, elapsed: 21s, ETA:    55s[>>>>>>>                   ] 2180/7824, 102.9 task/s, elapsed: 21s, ETA:    55s[>>>>>>>                   ] 2181/7824, 102.9 task/s, elapsed: 21s, ETA:    55s[>>>>>>>                   ] 2182/7824, 102.9 task/s, elapsed: 21s, ETA:    55s[>>>>>>>                   ] 2183/7824, 102.9 task/s, elapsed: 21s, ETA:    55s[>>>>>>>                   ] 2184/7824, 102.9 task/s, elapsed: 21s, ETA:    55s[>>>>>>>                   ] 2185/7824, 102.9 task/s, elapsed: 21s, ETA:    55s[>>>>>>>                   ] 2186/7824, 102.9 task/s, elapsed: 21s, ETA:    55s[>>>>>>>                   ] 2187/7824, 102.9 task/s, elapsed: 21s, ETA:    55s[>>>>>>>                   ] 2188/7824, 102.9 task/s, elapsed: 21s, ETA:    55s[>>>>>>>                   ] 2189/7824, 102.9 task/s, elapsed: 21s, ETA:    55s[>>>>>>>                   ] 2190/7824, 102.9 task/s, elapsed: 21s, ETA:    55s[>>>>>>>                   ] 2191/7824, 102.9 task/s, elapsed: 21s, ETA:    55s[>>>>>>>                   ] 2192/7824, 102.9 task/s, elapsed: 21s, ETA:    55s[>>>>>>>                   ] 2193/7824, 102.9 task/s, elapsed: 21s, ETA:    55s[>>>>>>>                   ] 2194/7824, 102.9 task/s, elapsed: 21s, ETA:    55s[>>>>>>>                   ] 2195/7824, 102.9 task/s, elapsed: 21s, ETA:    55s[>>>>>>>                   ] 2196/7824, 102.9 task/s, elapsed: 21s, ETA:    55s[>>>>>>>                   ] 2197/7824, 102.9 task/s, elapsed: 21s, ETA:    55s[>>>>>>>                   ] 2198/7824, 102.9 task/s, elapsed: 21s, ETA:    55s[>>>>>>>                   ] 2199/7824, 102.9 task/s, elapsed: 21s, ETA:    55s[>>>>>>>                   ] 2200/7824, 102.9 task/s, elapsed: 21s, ETA:    55s[>>>>>>>                   ] 2201/7824, 102.9 task/s, elapsed: 21s, ETA:    55s[>>>>>>>                   ] 2202/7824, 102.9 task/s, elapsed: 21s, ETA:    55s[>>>>>>>                   ] 2203/7824, 102.9 task/s, elapsed: 21s, ETA:    55s[>>>>>>>                   ] 2204/7824, 102.9 task/s, elapsed: 21s, ETA:    55s[>>>>>>>                   ] 2205/7824, 102.9 task/s, elapsed: 21s, ETA:    55s[>>>>>>>                   ] 2206/7824, 102.9 task/s, elapsed: 21s, ETA:    55s[>>>>>>>                   ] 2207/7824, 102.9 task/s, elapsed: 21s, ETA:    55s[>>>>>>>                   ] 2208/7824, 102.9 task/s, elapsed: 21s, ETA:    55s[>>>>>>>                   ] 2209/7824, 102.9 task/s, elapsed: 21s, ETA:    55s[>>>>>>>                   ] 2210/7824, 102.9 task/s, elapsed: 21s, ETA:    55s[>>>>>>>                   ] 2211/7824, 102.9 task/s, elapsed: 21s, ETA:    55s[>>>>>>>                   ] 2212/7824, 102.9 task/s, elapsed: 21s, ETA:    55s[>>>>>>>                   ] 2213/7824, 102.9 task/s, elapsed: 21s, ETA:    55s[>>>>>>>                   ] 2214/7824, 102.9 task/s, elapsed: 22s, ETA:    54s[>>>>>>>                   ] 2215/7824, 102.9 task/s, elapsed: 22s, ETA:    54s[>>>>>>>                   ] 2216/7824, 102.9 task/s, elapsed: 22s, ETA:    54s[>>>>>>>                   ] 2217/7824, 103.0 task/s, elapsed: 22s, ETA:    54s[>>>>>>>                   ] 2218/7824, 103.0 task/s, elapsed: 22s, ETA:    54s[>>>>>>>                   ] 2219/7824, 103.0 task/s, elapsed: 22s, ETA:    54s[>>>>>>>                   ] 2220/7824, 103.0 task/s, elapsed: 22s, ETA:    54s[>>>>>>>                   ] 2221/7824, 103.0 task/s, elapsed: 22s, ETA:    54s[>>>>>>>                   ] 2222/7824, 103.0 task/s, elapsed: 22s, ETA:    54s[>>>>>>>                   ] 2223/7824, 103.0 task/s, elapsed: 22s, ETA:    54s[>>>>>>>                   ] 2224/7824, 103.0 task/s, elapsed: 22s, ETA:    54s[>>>>>>>                   ] 2225/7824, 103.0 task/s, elapsed: 22s, ETA:    54s[>>>>>>>                   ] 2226/7824, 103.0 task/s, elapsed: 22s, ETA:    54s[>>>>>>>                   ] 2227/7824, 103.0 task/s, elapsed: 22s, ETA:    54s[>>>>>>>                   ] 2228/7824, 103.0 task/s, elapsed: 22s, ETA:    54s[>>>>>>>                   ] 2229/7824, 103.0 task/s, elapsed: 22s, ETA:    54s[>>>>>>>                   ] 2230/7824, 103.0 task/s, elapsed: 22s, ETA:    54s[>>>>>>>                   ] 2231/7824, 103.0 task/s, elapsed: 22s, ETA:    54s[>>>>>>>                   ] 2232/7824, 103.0 task/s, elapsed: 22s, ETA:    54s[>>>>>>>                   ] 2233/7824, 103.0 task/s, elapsed: 22s, ETA:    54s[>>>>>>>                   ] 2234/7824, 103.0 task/s, elapsed: 22s, ETA:    54s[>>>>>>>                   ] 2235/7824, 103.0 task/s, elapsed: 22s, ETA:    54s[>>>>>>>                   ] 2236/7824, 103.0 task/s, elapsed: 22s, ETA:    54s[>>>>>>>                   ] 2237/7824, 103.0 task/s, elapsed: 22s, ETA:    54s[>>>>>>>                   ] 2238/7824, 103.0 task/s, elapsed: 22s, ETA:    54s[>>>>>>>                   ] 2239/7824, 103.0 task/s, elapsed: 22s, ETA:    54s[>>>>>>>                   ] 2240/7824, 103.0 task/s, elapsed: 22s, ETA:    54s[>>>>>>>                   ] 2241/7824, 103.0 task/s, elapsed: 22s, ETA:    54s[>>>>>>>                   ] 2242/7824, 103.0 task/s, elapsed: 22s, ETA:    54s[>>>>>>>                   ] 2243/7824, 103.0 task/s, elapsed: 22s, ETA:    54s[>>>>>>>                   ] 2244/7824, 103.0 task/s, elapsed: 22s, ETA:    54s[>>>>>>>                   ] 2245/7824, 103.0 task/s, elapsed: 22s, ETA:    54s[>>>>>>>                   ] 2246/7824, 103.0 task/s, elapsed: 22s, ETA:    54s[>>>>>>>                   ] 2247/7824, 103.0 task/s, elapsed: 22s, ETA:    54s[>>>>>>>                   ] 2248/7824, 103.0 task/s, elapsed: 22s, ETA:    54s[>>>>>>>                   ] 2249/7824, 103.0 task/s, elapsed: 22s, ETA:    54s[>>>>>>>                   ] 2250/7824, 103.0 task/s, elapsed: 22s, ETA:    54s[>>>>>>>                   ] 2251/7824, 103.0 task/s, elapsed: 22s, ETA:    54s[>>>>>>>                   ] 2252/7824, 103.0 task/s, elapsed: 22s, ETA:    54s[>>>>>>>                   ] 2253/7824, 103.0 task/s, elapsed: 22s, ETA:    54s[>>>>>>>                   ] 2254/7824, 103.0 task/s, elapsed: 22s, ETA:    54s[>>>>>>>                   ] 2255/7824, 103.0 task/s, elapsed: 22s, ETA:    54s[>>>>>>>                   ] 2256/7824, 103.0 task/s, elapsed: 22s, ETA:    54s[>>>>>>>                   ] 2257/7824, 103.0 task/s, elapsed: 22s, ETA:    54s[>>>>>>>                   ] 2258/7824, 103.0 task/s, elapsed: 22s, ETA:    54s[>>>>>>>                   ] 2259/7824, 103.0 task/s, elapsed: 22s, ETA:    54s[>>>>>>>                   ] 2260/7824, 103.0 task/s, elapsed: 22s, ETA:    54s[>>>>>>>                   ] 2261/7824, 103.0 task/s, elapsed: 22s, ETA:    54s[>>>>>>>                   ] 2262/7824, 103.0 task/s, elapsed: 22s, ETA:    54s[>>>>>>>                   ] 2263/7824, 103.0 task/s, elapsed: 22s, ETA:    54s[>>>>>>>                   ] 2264/7824, 103.0 task/s, elapsed: 22s, ETA:    54s[>>>>>>>                   ] 2265/7824, 103.0 task/s, elapsed: 22s, ETA:    54s[>>>>>>>                   ] 2266/7824, 103.0 task/s, elapsed: 22s, ETA:    54s[>>>>>>>                   ] 2267/7824, 103.0 task/s, elapsed: 22s, ETA:    54s[>>>>>>>                   ] 2268/7824, 102.9 task/s, elapsed: 22s, ETA:    54s[>>>>>>>                   ] 2269/7824, 102.9 task/s, elapsed: 22s, ETA:    54s[>>>>>>>                   ] 2270/7824, 102.9 task/s, elapsed: 22s, ETA:    54s[>>>>>>>                   ] 2271/7824, 102.9 task/s, elapsed: 22s, ETA:    54s[>>>>>>>                   ] 2272/7824, 102.9 task/s, elapsed: 22s, ETA:    54s[>>>>>>>                   ] 2273/7824, 102.9 task/s, elapsed: 22s, ETA:    54s[>>>>>>>                   ] 2274/7824, 102.8 task/s, elapsed: 22s, ETA:    54s[>>>>>>>                   ] 2275/7824, 102.8 task/s, elapsed: 22s, ETA:    54s[>>>>>>>                   ] 2276/7824, 102.8 task/s, elapsed: 22s, ETA:    54s[>>>>>>>                   ] 2277/7824, 102.8 task/s, elapsed: 22s, ETA:    54s[>>>>>>>                   ] 2278/7824, 102.8 task/s, elapsed: 22s, ETA:    54s[>>>>>>>                   ] 2279/7824, 102.8 task/s, elapsed: 22s, ETA:    54s[>>>>>>>                   ] 2280/7824, 102.8 task/s, elapsed: 22s, ETA:    54s[>>>>>>>                   ] 2281/7824, 102.7 task/s, elapsed: 22s, ETA:    54s[>>>>>>>                   ] 2282/7824, 102.7 task/s, elapsed: 22s, ETA:    54s[>>>>>>>                   ] 2283/7824, 102.7 task/s, elapsed: 22s, ETA:    54s[>>>>>>>                   ] 2284/7824, 102.7 task/s, elapsed: 22s, ETA:    54s[>>>>>>>                   ] 2285/7824, 102.7 task/s, elapsed: 22s, ETA:    54s[>>>>>>>                   ] 2286/7824, 102.7 task/s, elapsed: 22s, ETA:    54s[>>>>>>>                   ] 2287/7824, 102.7 task/s, elapsed: 22s, ETA:    54s[>>>>>>>                   ] 2288/7824, 102.6 task/s, elapsed: 22s, ETA:    54s[>>>>>>>                   ] 2289/7824, 102.6 task/s, elapsed: 22s, ETA:    54s[>>>>>>>                   ] 2290/7824, 102.6 task/s, elapsed: 22s, ETA:    54s[>>>>>>>                   ] 2291/7824, 102.6 task/s, elapsed: 22s, ETA:    54s[>>>>>>>                   ] 2292/7824, 102.6 task/s, elapsed: 22s, ETA:    54s[>>>>>>>                   ] 2293/7824, 102.6 task/s, elapsed: 22s, ETA:    54s[>>>>>>>                   ] 2294/7824, 102.5 task/s, elapsed: 22s, ETA:    54s[>>>>>>>                   ] 2295/7824, 102.5 task/s, elapsed: 22s, ETA:    54s[>>>>>>>                   ] 2296/7824, 102.5 task/s, elapsed: 22s, ETA:    54s[>>>>>>>                   ] 2297/7824, 102.5 task/s, elapsed: 22s, ETA:    54s[>>>>>>>                   ] 2298/7824, 102.5 task/s, elapsed: 22s, ETA:    54s[>>>>>>>                   ] 2299/7824, 102.5 task/s, elapsed: 22s, ETA:    54s[>>>>>>>                   ] 2300/7824, 102.4 task/s, elapsed: 22s, ETA:    54s[>>>>>>>                   ] 2301/7824, 102.4 task/s, elapsed: 22s, ETA:    54s[>>>>>>>                   ] 2302/7824, 102.4 task/s, elapsed: 22s, ETA:    54s[>>>>>>>                   ] 2303/7824, 102.4 task/s, elapsed: 22s, ETA:    54s[>>>>>>>                   ] 2304/7824, 102.4 task/s, elapsed: 23s, ETA:    54s[>>>>>>>                   ] 2305/7824, 102.4 task/s, elapsed: 23s, ETA:    54s[>>>>>>>                   ] 2306/7824, 102.4 task/s, elapsed: 23s, ETA:    54s[>>>>>>>                   ] 2307/7824, 102.3 task/s, elapsed: 23s, ETA:    54s[>>>>>>>                   ] 2308/7824, 102.3 task/s, elapsed: 23s, ETA:    54s[>>>>>>>                   ] 2309/7824, 102.3 task/s, elapsed: 23s, ETA:    54s[>>>>>>>                   ] 2310/7824, 102.3 task/s, elapsed: 23s, ETA:    54s[>>>>>>>                   ] 2311/7824, 102.3 task/s, elapsed: 23s, ETA:    54s[>>>>>>>                   ] 2312/7824, 102.3 task/s, elapsed: 23s, ETA:    54s[>>>>>>>                   ] 2313/7824, 102.3 task/s, elapsed: 23s, ETA:    54s[>>>>>>>                   ] 2314/7824, 102.2 task/s, elapsed: 23s, ETA:    54s[>>>>>>>                   ] 2315/7824, 102.2 task/s, elapsed: 23s, ETA:    54s[>>>>>>>                   ] 2316/7824, 102.2 task/s, elapsed: 23s, ETA:    54s[>>>>>>>                   ] 2317/7824, 102.2 task/s, elapsed: 23s, ETA:    54s[>>>>>>>                   ] 2318/7824, 102.2 task/s, elapsed: 23s, ETA:    54s[>>>>>>>                   ] 2319/7824, 102.2 task/s, elapsed: 23s, ETA:    54s[>>>>>>>                   ] 2320/7824, 102.1 task/s, elapsed: 23s, ETA:    54s[>>>>>>>                   ] 2321/7824, 102.1 task/s, elapsed: 23s, ETA:    54s[>>>>>>>                   ] 2322/7824, 102.1 task/s, elapsed: 23s, ETA:    54s[>>>>>>>                   ] 2323/7824, 102.1 task/s, elapsed: 23s, ETA:    54s[>>>>>>>                   ] 2324/7824, 102.1 task/s, elapsed: 23s, ETA:    54s[>>>>>>>                   ] 2325/7824, 102.1 task/s, elapsed: 23s, ETA:    54s[>>>>>>>                   ] 2326/7824, 102.0 task/s, elapsed: 23s, ETA:    54s[>>>>>>>                   ] 2327/7824, 102.0 task/s, elapsed: 23s, ETA:    54s[>>>>>>>                   ] 2328/7824, 102.0 task/s, elapsed: 23s, ETA:    54s[>>>>>>>                   ] 2329/7824, 102.0 task/s, elapsed: 23s, ETA:    54s[>>>>>>>                   ] 2330/7824, 102.0 task/s, elapsed: 23s, ETA:    54s[>>>>>>>                   ] 2331/7824, 102.0 task/s, elapsed: 23s, ETA:    54s[>>>>>>>                   ] 2332/7824, 102.0 task/s, elapsed: 23s, ETA:    54s[>>>>>>>                   ] 2333/7824, 102.0 task/s, elapsed: 23s, ETA:    54s[>>>>>>>                   ] 2334/7824, 101.9 task/s, elapsed: 23s, ETA:    54s[>>>>>>>                   ] 2335/7824, 101.9 task/s, elapsed: 23s, ETA:    54s[>>>>>>>                   ] 2336/7824, 101.9 task/s, elapsed: 23s, ETA:    54s[>>>>>>>                   ] 2337/7824, 101.9 task/s, elapsed: 23s, ETA:    54s[>>>>>>>                   ] 2338/7824, 101.9 task/s, elapsed: 23s, ETA:    54s[>>>>>>>                   ] 2339/7824, 101.9 task/s, elapsed: 23s, ETA:    54s[>>>>>>>                   ] 2340/7824, 101.9 task/s, elapsed: 23s, ETA:    54s[>>>>>>>                   ] 2341/7824, 101.8 task/s, elapsed: 23s, ETA:    54s[>>>>>>>                   ] 2342/7824, 101.8 task/s, elapsed: 23s, ETA:    54s[>>>>>>>                   ] 2343/7824, 101.8 task/s, elapsed: 23s, ETA:    54s[>>>>>>>                   ] 2344/7824, 101.8 task/s, elapsed: 23s, ETA:    54s[>>>>>>>                   ] 2345/7824, 101.8 task/s, elapsed: 23s, ETA:    54s[>>>>>>>                   ] 2346/7824, 101.8 task/s, elapsed: 23s, ETA:    54s[>>>>>>>                   ] 2347/7824, 101.8 task/s, elapsed: 23s, ETA:    54s[>>>>>>>                   ] 2348/7824, 101.8 task/s, elapsed: 23s, ETA:    54s[>>>>>>>                   ] 2349/7824, 101.8 task/s, elapsed: 23s, ETA:    54s[>>>>>>>                   ] 2350/7824, 101.8 task/s, elapsed: 23s, ETA:    54s[>>>>>>>                   ] 2351/7824, 101.8 task/s, elapsed: 23s, ETA:    54s[>>>>>>>                   ] 2352/7824, 101.8 task/s, elapsed: 23s, ETA:    54s[>>>>>>>                   ] 2353/7824, 101.8 task/s, elapsed: 23s, ETA:    54s[>>>>>>>                   ] 2354/7824, 101.8 task/s, elapsed: 23s, ETA:    54s[>>>>>>>                   ] 2355/7824, 101.8 task/s, elapsed: 23s, ETA:    54s[>>>>>>>                   ] 2356/7824, 101.8 task/s, elapsed: 23s, ETA:    54s[>>>>>>>                   ] 2357/7824, 101.8 task/s, elapsed: 23s, ETA:    54s[>>>>>>>                   ] 2358/7824, 101.8 task/s, elapsed: 23s, ETA:    54s[>>>>>>>                   ] 2359/7824, 101.8 task/s, elapsed: 23s, ETA:    54s[>>>>>>>                   ] 2360/7824, 101.8 task/s, elapsed: 23s, ETA:    54s[>>>>>>>                   ] 2361/7824, 101.8 task/s, elapsed: 23s, ETA:    54s[>>>>>>>                   ] 2362/7824, 101.8 task/s, elapsed: 23s, ETA:    54s[>>>>>>>                   ] 2363/7824, 101.8 task/s, elapsed: 23s, ETA:    54s[>>>>>>>                   ] 2364/7824, 101.8 task/s, elapsed: 23s, ETA:    54s[>>>>>>>                   ] 2365/7824, 101.8 task/s, elapsed: 23s, ETA:    54s[>>>>>>>                   ] 2366/7824, 101.9 task/s, elapsed: 23s, ETA:    54s[>>>>>>>                   ] 2367/7824, 101.9 task/s, elapsed: 23s, ETA:    54s[>>>>>>>                   ] 2368/7824, 101.9 task/s, elapsed: 23s, ETA:    54s[>>>>>>>                   ] 2369/7824, 101.9 task/s, elapsed: 23s, ETA:    54s[>>>>>>>                   ] 2370/7824, 101.9 task/s, elapsed: 23s, ETA:    54s[>>>>>>>                   ] 2371/7824, 101.9 task/s, elapsed: 23s, ETA:    54s[>>>>>>>                   ] 2372/7824, 101.9 task/s, elapsed: 23s, ETA:    54s[>>>>>>>                   ] 2373/7824, 101.9 task/s, elapsed: 23s, ETA:    54s[>>>>>>>                   ] 2374/7824, 101.9 task/s, elapsed: 23s, ETA:    54s[>>>>>>>                   ] 2375/7824, 101.9 task/s, elapsed: 23s, ETA:    53s[>>>>>>>                   ] 2376/7824, 101.9 task/s, elapsed: 23s, ETA:    53s[>>>>>>>                   ] 2377/7824, 101.9 task/s, elapsed: 23s, ETA:    53s[>>>>>>>                   ] 2378/7824, 101.9 task/s, elapsed: 23s, ETA:    53s[>>>>>>>                   ] 2379/7824, 101.9 task/s, elapsed: 23s, ETA:    53s[>>>>>>>                   ] 2380/7824, 101.9 task/s, elapsed: 23s, ETA:    53s[>>>>>>>                   ] 2381/7824, 101.9 task/s, elapsed: 23s, ETA:    53s[>>>>>>>                   ] 2382/7824, 101.9 task/s, elapsed: 23s, ETA:    53s[>>>>>>>                   ] 2383/7824, 101.9 task/s, elapsed: 23s, ETA:    53s[>>>>>>>                   ] 2384/7824, 101.9 task/s, elapsed: 23s, ETA:    53s[>>>>>>>                   ] 2385/7824, 101.9 task/s, elapsed: 23s, ETA:    53s[>>>>>>>                   ] 2386/7824, 101.9 task/s, elapsed: 23s, ETA:    53s[>>>>>>>                   ] 2387/7824, 101.9 task/s, elapsed: 23s, ETA:    53s[>>>>>>>                   ] 2388/7824, 101.9 task/s, elapsed: 23s, ETA:    53s[>>>>>>>                   ] 2389/7824, 101.9 task/s, elapsed: 23s, ETA:    53s[>>>>>>>                   ] 2390/7824, 101.9 task/s, elapsed: 23s, ETA:    53s[>>>>>>>                   ] 2391/7824, 101.9 task/s, elapsed: 23s, ETA:    53s[>>>>>>>                   ] 2392/7824, 101.9 task/s, elapsed: 23s, ETA:    53s[>>>>>>>                   ] 2393/7824, 101.9 task/s, elapsed: 23s, ETA:    53s[>>>>>>>                   ] 2394/7824, 101.9 task/s, elapsed: 23s, ETA:    53s[>>>>>>>                   ] 2395/7824, 101.9 task/s, elapsed: 23s, ETA:    53s[>>>>>>>                   ] 2396/7824, 101.9 task/s, elapsed: 24s, ETA:    53s[>>>>>>>                   ] 2397/7824, 101.9 task/s, elapsed: 24s, ETA:    53s[>>>>>>>                   ] 2398/7824, 102.0 task/s, elapsed: 24s, ETA:    53s[>>>>>>>                   ] 2399/7824, 102.0 task/s, elapsed: 24s, ETA:    53s[>>>>>>>                   ] 2400/7824, 101.9 task/s, elapsed: 24s, ETA:    53s[>>>>>>>                   ] 2401/7824, 101.9 task/s, elapsed: 24s, ETA:    53s[>>>>>>>                   ] 2402/7824, 101.9 task/s, elapsed: 24s, ETA:    53s[>>>>>>>                   ] 2403/7824, 102.0 task/s, elapsed: 24s, ETA:    53s[>>>>>>>                   ] 2404/7824, 102.0 task/s, elapsed: 24s, ETA:    53s[>>>>>>>                   ] 2405/7824, 102.0 task/s, elapsed: 24s, ETA:    53s[>>>>>>>                   ] 2406/7824, 102.0 task/s, elapsed: 24s, ETA:    53s[>>>>>>>                   ] 2407/7824, 102.0 task/s, elapsed: 24s, ETA:    53s[>>>>>>>>                  ] 2408/7824, 102.0 task/s, elapsed: 24s, ETA:    53s[>>>>>>>>                  ] 2409/7824, 102.0 task/s, elapsed: 24s, ETA:    53s[>>>>>>>>                  ] 2410/7824, 102.0 task/s, elapsed: 24s, ETA:    53s[>>>>>>>>                  ] 2411/7824, 102.0 task/s, elapsed: 24s, ETA:    53s[>>>>>>>>                  ] 2412/7824, 102.0 task/s, elapsed: 24s, ETA:    53s[>>>>>>>>                  ] 2413/7824, 102.0 task/s, elapsed: 24s, ETA:    53s[>>>>>>>>                  ] 2414/7824, 102.0 task/s, elapsed: 24s, ETA:    53s[>>>>>>>>                  ] 2415/7824, 102.0 task/s, elapsed: 24s, ETA:    53s[>>>>>>>>                  ] 2416/7824, 102.0 task/s, elapsed: 24s, ETA:    53s[>>>>>>>>                  ] 2417/7824, 102.0 task/s, elapsed: 24s, ETA:    53s[>>>>>>>>                  ] 2418/7824, 102.0 task/s, elapsed: 24s, ETA:    53s[>>>>>>>>                  ] 2419/7824, 102.0 task/s, elapsed: 24s, ETA:    53s[>>>>>>>>                  ] 2420/7824, 102.0 task/s, elapsed: 24s, ETA:    53s[>>>>>>>>                  ] 2421/7824, 102.0 task/s, elapsed: 24s, ETA:    53s[>>>>>>>>                  ] 2422/7824, 102.0 task/s, elapsed: 24s, ETA:    53s[>>>>>>>>                  ] 2423/7824, 102.0 task/s, elapsed: 24s, ETA:    53s[>>>>>>>>                  ] 2424/7824, 102.0 task/s, elapsed: 24s, ETA:    53s[>>>>>>>>                  ] 2425/7824, 102.0 task/s, elapsed: 24s, ETA:    53s[>>>>>>>>                  ] 2426/7824, 102.0 task/s, elapsed: 24s, ETA:    53s[>>>>>>>>                  ] 2427/7824, 102.0 task/s, elapsed: 24s, ETA:    53s[>>>>>>>>                  ] 2428/7824, 102.0 task/s, elapsed: 24s, ETA:    53s[>>>>>>>>                  ] 2429/7824, 102.0 task/s, elapsed: 24s, ETA:    53s[>>>>>>>>                  ] 2430/7824, 102.0 task/s, elapsed: 24s, ETA:    53s[>>>>>>>>                  ] 2431/7824, 102.0 task/s, elapsed: 24s, ETA:    53s[>>>>>>>>                  ] 2432/7824, 102.0 task/s, elapsed: 24s, ETA:    53s[>>>>>>>>                  ] 2433/7824, 102.0 task/s, elapsed: 24s, ETA:    53s[>>>>>>>>                  ] 2434/7824, 102.0 task/s, elapsed: 24s, ETA:    53s[>>>>>>>>                  ] 2435/7824, 102.0 task/s, elapsed: 24s, ETA:    53s[>>>>>>>>                  ] 2436/7824, 102.0 task/s, elapsed: 24s, ETA:    53s[>>>>>>>>                  ] 2437/7824, 102.0 task/s, elapsed: 24s, ETA:    53s[>>>>>>>>                  ] 2438/7824, 102.0 task/s, elapsed: 24s, ETA:    53s[>>>>>>>>                  ] 2439/7824, 102.0 task/s, elapsed: 24s, ETA:    53s[>>>>>>>>                  ] 2440/7824, 102.0 task/s, elapsed: 24s, ETA:    53s[>>>>>>>>                  ] 2441/7824, 102.0 task/s, elapsed: 24s, ETA:    53s[>>>>>>>>                  ] 2442/7824, 102.0 task/s, elapsed: 24s, ETA:    53s[>>>>>>>>                  ] 2443/7824, 102.0 task/s, elapsed: 24s, ETA:    53s[>>>>>>>>                  ] 2444/7824, 102.0 task/s, elapsed: 24s, ETA:    53s[>>>>>>>>                  ] 2445/7824, 102.0 task/s, elapsed: 24s, ETA:    53s[>>>>>>>>                  ] 2446/7824, 102.0 task/s, elapsed: 24s, ETA:    53s[>>>>>>>>                  ] 2447/7824, 102.0 task/s, elapsed: 24s, ETA:    53s[>>>>>>>>                  ] 2448/7824, 102.0 task/s, elapsed: 24s, ETA:    53s[>>>>>>>>                  ] 2449/7824, 102.0 task/s, elapsed: 24s, ETA:    53s[>>>>>>>>                  ] 2450/7824, 102.0 task/s, elapsed: 24s, ETA:    53s[>>>>>>>>                  ] 2451/7824, 102.1 task/s, elapsed: 24s, ETA:    53s[>>>>>>>>                  ] 2452/7824, 102.1 task/s, elapsed: 24s, ETA:    53s[>>>>>>>>                  ] 2453/7824, 102.1 task/s, elapsed: 24s, ETA:    53s[>>>>>>>>                  ] 2454/7824, 102.1 task/s, elapsed: 24s, ETA:    53s[>>>>>>>>                  ] 2455/7824, 102.1 task/s, elapsed: 24s, ETA:    53s[>>>>>>>>                  ] 2456/7824, 102.1 task/s, elapsed: 24s, ETA:    53s[>>>>>>>>                  ] 2457/7824, 102.1 task/s, elapsed: 24s, ETA:    53s[>>>>>>>>                  ] 2458/7824, 102.1 task/s, elapsed: 24s, ETA:    53s[>>>>>>>>                  ] 2459/7824, 102.1 task/s, elapsed: 24s, ETA:    53s[>>>>>>>>                  ] 2460/7824, 102.1 task/s, elapsed: 24s, ETA:    53s[>>>>>>>>                  ] 2461/7824, 102.1 task/s, elapsed: 24s, ETA:    53s[>>>>>>>>                  ] 2462/7824, 102.1 task/s, elapsed: 24s, ETA:    53s[>>>>>>>>                  ] 2463/7824, 102.1 task/s, elapsed: 24s, ETA:    53s[>>>>>>>>                  ] 2464/7824, 102.1 task/s, elapsed: 24s, ETA:    53s[>>>>>>>>                  ] 2465/7824, 102.1 task/s, elapsed: 24s, ETA:    52s[>>>>>>>>                  ] 2466/7824, 102.1 task/s, elapsed: 24s, ETA:    52s[>>>>>>>>                  ] 2467/7824, 102.1 task/s, elapsed: 24s, ETA:    52s[>>>>>>>>                  ] 2468/7824, 102.1 task/s, elapsed: 24s, ETA:    52s[>>>>>>>>                  ] 2469/7824, 102.1 task/s, elapsed: 24s, ETA:    52s[>>>>>>>>                  ] 2470/7824, 102.1 task/s, elapsed: 24s, ETA:    52s[>>>>>>>>                  ] 2471/7824, 102.1 task/s, elapsed: 24s, ETA:    52s[>>>>>>>>                  ] 2472/7824, 102.1 task/s, elapsed: 24s, ETA:    52s[>>>>>>>>                  ] 2473/7824, 102.1 task/s, elapsed: 24s, ETA:    52s[>>>>>>>>                  ] 2474/7824, 102.1 task/s, elapsed: 24s, ETA:    52s[>>>>>>>>                  ] 2475/7824, 102.1 task/s, elapsed: 24s, ETA:    52s[>>>>>>>>                  ] 2476/7824, 102.1 task/s, elapsed: 24s, ETA:    52s[>>>>>>>>                  ] 2477/7824, 102.1 task/s, elapsed: 24s, ETA:    52s[>>>>>>>>                  ] 2478/7824, 102.1 task/s, elapsed: 24s, ETA:    52s[>>>>>>>>                  ] 2479/7824, 102.1 task/s, elapsed: 24s, ETA:    52s[>>>>>>>>                  ] 2480/7824, 102.1 task/s, elapsed: 24s, ETA:    52s[>>>>>>>>                  ] 2481/7824, 102.1 task/s, elapsed: 24s, ETA:    52s[>>>>>>>>                  ] 2482/7824, 102.1 task/s, elapsed: 24s, ETA:    52s[>>>>>>>>                  ] 2483/7824, 102.1 task/s, elapsed: 24s, ETA:    52s[>>>>>>>>                  ] 2484/7824, 102.1 task/s, elapsed: 24s, ETA:    52s[>>>>>>>>                  ] 2485/7824, 102.1 task/s, elapsed: 24s, ETA:    52s[>>>>>>>>                  ] 2486/7824, 102.1 task/s, elapsed: 24s, ETA:    52s[>>>>>>>>                  ] 2487/7824, 102.1 task/s, elapsed: 24s, ETA:    52s[>>>>>>>>                  ] 2488/7824, 102.1 task/s, elapsed: 24s, ETA:    52s[>>>>>>>>                  ] 2489/7824, 102.2 task/s, elapsed: 24s, ETA:    52s[>>>>>>>>                  ] 2490/7824, 102.2 task/s, elapsed: 24s, ETA:    52s[>>>>>>>>                  ] 2491/7824, 102.2 task/s, elapsed: 24s, ETA:    52s[>>>>>>>>                  ] 2492/7824, 102.2 task/s, elapsed: 24s, ETA:    52s[>>>>>>>>                  ] 2493/7824, 102.2 task/s, elapsed: 24s, ETA:    52s[>>>>>>>>                  ] 2494/7824, 102.2 task/s, elapsed: 24s, ETA:    52s[>>>>>>>>                  ] 2495/7824, 102.2 task/s, elapsed: 24s, ETA:    52s[>>>>>>>>                  ] 2496/7824, 102.2 task/s, elapsed: 24s, ETA:    52s[>>>>>>>>                  ] 2497/7824, 102.2 task/s, elapsed: 24s, ETA:    52s[>>>>>>>>                  ] 2498/7824, 102.2 task/s, elapsed: 24s, ETA:    52s[>>>>>>>>                  ] 2499/7824, 102.2 task/s, elapsed: 24s, ETA:    52s[>>>>>>>>                  ] 2500/7824, 102.2 task/s, elapsed: 24s, ETA:    52s[>>>>>>>>                  ] 2501/7824, 102.2 task/s, elapsed: 24s, ETA:    52s[>>>>>>>>                  ] 2502/7824, 102.2 task/s, elapsed: 24s, ETA:    52s[>>>>>>>>                  ] 2503/7824, 102.2 task/s, elapsed: 24s, ETA:    52s[>>>>>>>>                  ] 2504/7824, 102.2 task/s, elapsed: 25s, ETA:    52s[>>>>>>>>                  ] 2505/7824, 102.2 task/s, elapsed: 25s, ETA:    52s[>>>>>>>>                  ] 2506/7824, 102.2 task/s, elapsed: 25s, ETA:    52s[>>>>>>>>                  ] 2507/7824, 102.2 task/s, elapsed: 25s, ETA:    52s[>>>>>>>>                  ] 2508/7824, 102.2 task/s, elapsed: 25s, ETA:    52s[>>>>>>>>                  ] 2509/7824, 102.2 task/s, elapsed: 25s, ETA:    52s[>>>>>>>>                  ] 2510/7824, 102.2 task/s, elapsed: 25s, ETA:    52s[>>>>>>>>                  ] 2511/7824, 102.2 task/s, elapsed: 25s, ETA:    52s[>>>>>>>>                  ] 2512/7824, 102.2 task/s, elapsed: 25s, ETA:    52s[>>>>>>>>                  ] 2513/7824, 102.2 task/s, elapsed: 25s, ETA:    52s[>>>>>>>>                  ] 2514/7824, 102.2 task/s, elapsed: 25s, ETA:    52s[>>>>>>>>                  ] 2515/7824, 102.2 task/s, elapsed: 25s, ETA:    52s[>>>>>>>>                  ] 2516/7824, 102.2 task/s, elapsed: 25s, ETA:    52s[>>>>>>>>                  ] 2517/7824, 102.2 task/s, elapsed: 25s, ETA:    52s[>>>>>>>>                  ] 2518/7824, 102.2 task/s, elapsed: 25s, ETA:    52s[>>>>>>>>                  ] 2519/7824, 102.2 task/s, elapsed: 25s, ETA:    52s[>>>>>>>>                  ] 2520/7824, 102.2 task/s, elapsed: 25s, ETA:    52s[>>>>>>>>                  ] 2521/7824, 102.3 task/s, elapsed: 25s, ETA:    52s[>>>>>>>>                  ] 2522/7824, 102.3 task/s, elapsed: 25s, ETA:    52s[>>>>>>>>                  ] 2523/7824, 102.3 task/s, elapsed: 25s, ETA:    52s[>>>>>>>>                  ] 2524/7824, 102.3 task/s, elapsed: 25s, ETA:    52s[>>>>>>>>                  ] 2525/7824, 102.3 task/s, elapsed: 25s, ETA:    52s[>>>>>>>>                  ] 2526/7824, 102.3 task/s, elapsed: 25s, ETA:    52s[>>>>>>>>                  ] 2527/7824, 102.3 task/s, elapsed: 25s, ETA:    52s[>>>>>>>>                  ] 2528/7824, 102.3 task/s, elapsed: 25s, ETA:    52s[>>>>>>>>                  ] 2529/7824, 102.3 task/s, elapsed: 25s, ETA:    52s[>>>>>>>>                  ] 2530/7824, 102.3 task/s, elapsed: 25s, ETA:    52s[>>>>>>>>                  ] 2531/7824, 102.3 task/s, elapsed: 25s, ETA:    52s[>>>>>>>>                  ] 2532/7824, 102.3 task/s, elapsed: 25s, ETA:    52s[>>>>>>>>                  ] 2533/7824, 102.3 task/s, elapsed: 25s, ETA:    52s[>>>>>>>>                  ] 2534/7824, 102.3 task/s, elapsed: 25s, ETA:    52s[>>>>>>>>                  ] 2535/7824, 102.3 task/s, elapsed: 25s, ETA:    52s[>>>>>>>>                  ] 2536/7824, 102.3 task/s, elapsed: 25s, ETA:    52s[>>>>>>>>                  ] 2537/7824, 102.3 task/s, elapsed: 25s, ETA:    52s[>>>>>>>>                  ] 2538/7824, 102.3 task/s, elapsed: 25s, ETA:    52s[>>>>>>>>                  ] 2539/7824, 102.3 task/s, elapsed: 25s, ETA:    52s[>>>>>>>>                  ] 2540/7824, 102.3 task/s, elapsed: 25s, ETA:    52s[>>>>>>>>                  ] 2541/7824, 102.3 task/s, elapsed: 25s, ETA:    52s[>>>>>>>>                  ] 2542/7824, 102.3 task/s, elapsed: 25s, ETA:    52s[>>>>>>>>                  ] 2543/7824, 102.3 task/s, elapsed: 25s, ETA:    52s[>>>>>>>>                  ] 2544/7824, 102.3 task/s, elapsed: 25s, ETA:    52s[>>>>>>>>                  ] 2545/7824, 102.4 task/s, elapsed: 25s, ETA:    52s[>>>>>>>>                  ] 2546/7824, 102.4 task/s, elapsed: 25s, ETA:    52s[>>>>>>>>                  ] 2547/7824, 102.4 task/s, elapsed: 25s, ETA:    52s[>>>>>>>>                  ] 2548/7824, 102.4 task/s, elapsed: 25s, ETA:    52s[>>>>>>>>                  ] 2549/7824, 102.4 task/s, elapsed: 25s, ETA:    52s[>>>>>>>>                  ] 2550/7824, 102.4 task/s, elapsed: 25s, ETA:    52s[>>>>>>>>                  ] 2551/7824, 102.4 task/s, elapsed: 25s, ETA:    52s[>>>>>>>>                  ] 2552/7824, 102.4 task/s, elapsed: 25s, ETA:    51s[>>>>>>>>                  ] 2553/7824, 102.4 task/s, elapsed: 25s, ETA:    51s[>>>>>>>>                  ] 2554/7824, 102.4 task/s, elapsed: 25s, ETA:    51s[>>>>>>>>                  ] 2555/7824, 102.4 task/s, elapsed: 25s, ETA:    51s[>>>>>>>>                  ] 2556/7824, 102.4 task/s, elapsed: 25s, ETA:    51s[>>>>>>>>                  ] 2557/7824, 102.4 task/s, elapsed: 25s, ETA:    51s[>>>>>>>>                  ] 2558/7824, 102.4 task/s, elapsed: 25s, ETA:    51s[>>>>>>>>                  ] 2559/7824, 102.4 task/s, elapsed: 25s, ETA:    51s[>>>>>>>>                  ] 2560/7824, 102.4 task/s, elapsed: 25s, ETA:    51s[>>>>>>>>                  ] 2561/7824, 102.4 task/s, elapsed: 25s, ETA:    51s[>>>>>>>>                  ] 2562/7824, 102.4 task/s, elapsed: 25s, ETA:    51s[>>>>>>>>                  ] 2563/7824, 102.4 task/s, elapsed: 25s, ETA:    51s[>>>>>>>>                  ] 2564/7824, 102.4 task/s, elapsed: 25s, ETA:    51s[>>>>>>>>                  ] 2565/7824, 102.4 task/s, elapsed: 25s, ETA:    51s[>>>>>>>>                  ] 2566/7824, 102.4 task/s, elapsed: 25s, ETA:    51s[>>>>>>>>                  ] 2567/7824, 102.4 task/s, elapsed: 25s, ETA:    51s[>>>>>>>>                  ] 2568/7824, 102.4 task/s, elapsed: 25s, ETA:    51s[>>>>>>>>                  ] 2569/7824, 102.4 task/s, elapsed: 25s, ETA:    51s[>>>>>>>>                  ] 2570/7824, 102.4 task/s, elapsed: 25s, ETA:    51s[>>>>>>>>                  ] 2571/7824, 102.4 task/s, elapsed: 25s, ETA:    51s[>>>>>>>>                  ] 2572/7824, 102.4 task/s, elapsed: 25s, ETA:    51s[>>>>>>>>                  ] 2573/7824, 102.4 task/s, elapsed: 25s, ETA:    51s[>>>>>>>>                  ] 2574/7824, 102.4 task/s, elapsed: 25s, ETA:    51s[>>>>>>>>                  ] 2575/7824, 102.4 task/s, elapsed: 25s, ETA:    51s[>>>>>>>>                  ] 2576/7824, 102.4 task/s, elapsed: 25s, ETA:    51s[>>>>>>>>                  ] 2577/7824, 102.4 task/s, elapsed: 25s, ETA:    51s[>>>>>>>>                  ] 2578/7824, 102.4 task/s, elapsed: 25s, ETA:    51s[>>>>>>>>                  ] 2579/7824, 102.4 task/s, elapsed: 25s, ETA:    51s[>>>>>>>>                  ] 2580/7824, 102.4 task/s, elapsed: 25s, ETA:    51s[>>>>>>>>                  ] 2581/7824, 102.5 task/s, elapsed: 25s, ETA:    51s[>>>>>>>>                  ] 2582/7824, 102.5 task/s, elapsed: 25s, ETA:    51s[>>>>>>>>                  ] 2583/7824, 102.5 task/s, elapsed: 25s, ETA:    51s[>>>>>>>>                  ] 2584/7824, 102.5 task/s, elapsed: 25s, ETA:    51s[>>>>>>>>                  ] 2585/7824, 102.5 task/s, elapsed: 25s, ETA:    51s[>>>>>>>>                  ] 2586/7824, 102.5 task/s, elapsed: 25s, ETA:    51s[>>>>>>>>                  ] 2587/7824, 102.5 task/s, elapsed: 25s, ETA:    51s[>>>>>>>>                  ] 2588/7824, 102.5 task/s, elapsed: 25s, ETA:    51s[>>>>>>>>                  ] 2589/7824, 102.5 task/s, elapsed: 25s, ETA:    51s[>>>>>>>>                  ] 2590/7824, 102.5 task/s, elapsed: 25s, ETA:    51s[>>>>>>>>                  ] 2591/7824, 102.5 task/s, elapsed: 25s, ETA:    51s[>>>>>>>>                  ] 2592/7824, 102.5 task/s, elapsed: 25s, ETA:    51s[>>>>>>>>                  ] 2593/7824, 102.5 task/s, elapsed: 25s, ETA:    51s[>>>>>>>>                  ] 2594/7824, 102.5 task/s, elapsed: 25s, ETA:    51s[>>>>>>>>                  ] 2595/7824, 102.5 task/s, elapsed: 25s, ETA:    51s[>>>>>>>>                  ] 2596/7824, 102.5 task/s, elapsed: 25s, ETA:    51s[>>>>>>>>                  ] 2597/7824, 102.5 task/s, elapsed: 25s, ETA:    51s[>>>>>>>>                  ] 2598/7824, 102.5 task/s, elapsed: 25s, ETA:    51s[>>>>>>>>                  ] 2599/7824, 102.5 task/s, elapsed: 25s, ETA:    51s[>>>>>>>>                  ] 2600/7824, 102.5 task/s, elapsed: 25s, ETA:    51s[>>>>>>>>                  ] 2601/7824, 102.5 task/s, elapsed: 25s, ETA:    51s[>>>>>>>>                  ] 2602/7824, 102.5 task/s, elapsed: 25s, ETA:    51s[>>>>>>>>                  ] 2603/7824, 102.5 task/s, elapsed: 25s, ETA:    51s[>>>>>>>>                  ] 2604/7824, 102.5 task/s, elapsed: 25s, ETA:    51s[>>>>>>>>                  ] 2605/7824, 102.5 task/s, elapsed: 25s, ETA:    51s[>>>>>>>>                  ] 2606/7824, 102.5 task/s, elapsed: 25s, ETA:    51s[>>>>>>>>                  ] 2607/7824, 102.5 task/s, elapsed: 25s, ETA:    51s[>>>>>>>>                  ] 2608/7824, 102.5 task/s, elapsed: 25s, ETA:    51s[>>>>>>>>                  ] 2609/7824, 102.5 task/s, elapsed: 25s, ETA:    51s[>>>>>>>>                  ] 2610/7824, 102.5 task/s, elapsed: 25s, ETA:    51s[>>>>>>>>                  ] 2611/7824, 102.5 task/s, elapsed: 25s, ETA:    51s[>>>>>>>>                  ] 2612/7824, 102.5 task/s, elapsed: 25s, ETA:    51s[>>>>>>>>                  ] 2613/7824, 102.5 task/s, elapsed: 25s, ETA:    51s[>>>>>>>>                  ] 2614/7824, 102.5 task/s, elapsed: 25s, ETA:    51s[>>>>>>>>                  ] 2615/7824, 102.5 task/s, elapsed: 26s, ETA:    51s[>>>>>>>>                  ] 2616/7824, 102.5 task/s, elapsed: 26s, ETA:    51s[>>>>>>>>                  ] 2617/7824, 102.5 task/s, elapsed: 26s, ETA:    51s[>>>>>>>>                  ] 2618/7824, 102.5 task/s, elapsed: 26s, ETA:    51s[>>>>>>>>                  ] 2619/7824, 102.5 task/s, elapsed: 26s, ETA:    51s[>>>>>>>>                  ] 2620/7824, 102.5 task/s, elapsed: 26s, ETA:    51s[>>>>>>>>                  ] 2621/7824, 102.5 task/s, elapsed: 26s, ETA:    51s[>>>>>>>>                  ] 2622/7824, 102.5 task/s, elapsed: 26s, ETA:    51s[>>>>>>>>                  ] 2623/7824, 102.5 task/s, elapsed: 26s, ETA:    51s[>>>>>>>>                  ] 2624/7824, 102.5 task/s, elapsed: 26s, ETA:    51s[>>>>>>>>                  ] 2625/7824, 102.5 task/s, elapsed: 26s, ETA:    51s[>>>>>>>>                  ] 2626/7824, 102.6 task/s, elapsed: 26s, ETA:    51s[>>>>>>>>                  ] 2627/7824, 102.6 task/s, elapsed: 26s, ETA:    51s[>>>>>>>>                  ] 2628/7824, 102.6 task/s, elapsed: 26s, ETA:    51s[>>>>>>>>                  ] 2629/7824, 102.6 task/s, elapsed: 26s, ETA:    51s[>>>>>>>>                  ] 2630/7824, 102.6 task/s, elapsed: 26s, ETA:    51s[>>>>>>>>                  ] 2631/7824, 102.6 task/s, elapsed: 26s, ETA:    51s[>>>>>>>>                  ] 2632/7824, 102.6 task/s, elapsed: 26s, ETA:    51s[>>>>>>>>                  ] 2633/7824, 102.6 task/s, elapsed: 26s, ETA:    51s[>>>>>>>>                  ] 2634/7824, 102.6 task/s, elapsed: 26s, ETA:    51s[>>>>>>>>                  ] 2635/7824, 102.6 task/s, elapsed: 26s, ETA:    51s[>>>>>>>>                  ] 2636/7824, 102.6 task/s, elapsed: 26s, ETA:    51s[>>>>>>>>                  ] 2637/7824, 102.6 task/s, elapsed: 26s, ETA:    51s[>>>>>>>>                  ] 2638/7824, 102.6 task/s, elapsed: 26s, ETA:    51s[>>>>>>>>                  ] 2639/7824, 102.6 task/s, elapsed: 26s, ETA:    51s[>>>>>>>>                  ] 2640/7824, 102.6 task/s, elapsed: 26s, ETA:    51s[>>>>>>>>                  ] 2641/7824, 102.6 task/s, elapsed: 26s, ETA:    51s[>>>>>>>>                  ] 2642/7824, 102.6 task/s, elapsed: 26s, ETA:    51s[>>>>>>>>                  ] 2643/7824, 102.6 task/s, elapsed: 26s, ETA:    51s[>>>>>>>>                  ] 2644/7824, 102.6 task/s, elapsed: 26s, ETA:    50s[>>>>>>>>                  ] 2645/7824, 102.6 task/s, elapsed: 26s, ETA:    50s[>>>>>>>>                  ] 2646/7824, 102.6 task/s, elapsed: 26s, ETA:    50s[>>>>>>>>                  ] 2647/7824, 102.6 task/s, elapsed: 26s, ETA:    50s[>>>>>>>>                  ] 2648/7824, 102.6 task/s, elapsed: 26s, ETA:    50s[>>>>>>>>                  ] 2649/7824, 102.6 task/s, elapsed: 26s, ETA:    50s[>>>>>>>>                  ] 2650/7824, 102.6 task/s, elapsed: 26s, ETA:    50s[>>>>>>>>                  ] 2651/7824, 102.6 task/s, elapsed: 26s, ETA:    50s[>>>>>>>>                  ] 2652/7824, 102.6 task/s, elapsed: 26s, ETA:    50s[>>>>>>>>                  ] 2653/7824, 102.6 task/s, elapsed: 26s, ETA:    50s[>>>>>>>>                  ] 2654/7824, 102.6 task/s, elapsed: 26s, ETA:    50s[>>>>>>>>                  ] 2655/7824, 102.6 task/s, elapsed: 26s, ETA:    50s[>>>>>>>>                  ] 2656/7824, 102.6 task/s, elapsed: 26s, ETA:    50s[>>>>>>>>                  ] 2657/7824, 102.6 task/s, elapsed: 26s, ETA:    50s[>>>>>>>>                  ] 2658/7824, 102.6 task/s, elapsed: 26s, ETA:    50s[>>>>>>>>                  ] 2659/7824, 102.6 task/s, elapsed: 26s, ETA:    50s[>>>>>>>>                  ] 2660/7824, 102.6 task/s, elapsed: 26s, ETA:    50s[>>>>>>>>                  ] 2661/7824, 102.6 task/s, elapsed: 26s, ETA:    50s[>>>>>>>>                  ] 2662/7824, 102.6 task/s, elapsed: 26s, ETA:    50s[>>>>>>>>                  ] 2663/7824, 102.7 task/s, elapsed: 26s, ETA:    50s[>>>>>>>>                  ] 2664/7824, 102.7 task/s, elapsed: 26s, ETA:    50s[>>>>>>>>                  ] 2665/7824, 102.7 task/s, elapsed: 26s, ETA:    50s[>>>>>>>>                  ] 2666/7824, 102.7 task/s, elapsed: 26s, ETA:    50s[>>>>>>>>                  ] 2667/7824, 102.7 task/s, elapsed: 26s, ETA:    50s[>>>>>>>>                  ] 2668/7824, 102.7 task/s, elapsed: 26s, ETA:    50s[>>>>>>>>                  ] 2669/7824, 102.7 task/s, elapsed: 26s, ETA:    50s[>>>>>>>>                  ] 2670/7824, 102.7 task/s, elapsed: 26s, ETA:    50s[>>>>>>>>                  ] 2671/7824, 102.7 task/s, elapsed: 26s, ETA:    50s[>>>>>>>>                  ] 2672/7824, 102.7 task/s, elapsed: 26s, ETA:    50s[>>>>>>>>                  ] 2673/7824, 102.7 task/s, elapsed: 26s, ETA:    50s[>>>>>>>>                  ] 2674/7824, 102.7 task/s, elapsed: 26s, ETA:    50s[>>>>>>>>                  ] 2675/7824, 102.7 task/s, elapsed: 26s, ETA:    50s[>>>>>>>>                  ] 2676/7824, 102.7 task/s, elapsed: 26s, ETA:    50s[>>>>>>>>                  ] 2677/7824, 102.7 task/s, elapsed: 26s, ETA:    50s[>>>>>>>>                  ] 2678/7824, 102.7 task/s, elapsed: 26s, ETA:    50s[>>>>>>>>                  ] 2679/7824, 102.7 task/s, elapsed: 26s, ETA:    50s[>>>>>>>>                  ] 2680/7824, 102.7 task/s, elapsed: 26s, ETA:    50s[>>>>>>>>                  ] 2681/7824, 102.7 task/s, elapsed: 26s, ETA:    50s[>>>>>>>>                  ] 2682/7824, 102.7 task/s, elapsed: 26s, ETA:    50s[>>>>>>>>                  ] 2683/7824, 102.7 task/s, elapsed: 26s, ETA:    50s[>>>>>>>>                  ] 2684/7824, 102.7 task/s, elapsed: 26s, ETA:    50s[>>>>>>>>                  ] 2685/7824, 102.7 task/s, elapsed: 26s, ETA:    50s[>>>>>>>>                  ] 2686/7824, 102.7 task/s, elapsed: 26s, ETA:    50s[>>>>>>>>                  ] 2687/7824, 102.7 task/s, elapsed: 26s, ETA:    50s[>>>>>>>>                  ] 2688/7824, 102.7 task/s, elapsed: 26s, ETA:    50s[>>>>>>>>                  ] 2689/7824, 102.7 task/s, elapsed: 26s, ETA:    50s[>>>>>>>>                  ] 2690/7824, 102.7 task/s, elapsed: 26s, ETA:    50s[>>>>>>>>                  ] 2691/7824, 102.7 task/s, elapsed: 26s, ETA:    50s[>>>>>>>>                  ] 2692/7824, 102.7 task/s, elapsed: 26s, ETA:    50s[>>>>>>>>                  ] 2693/7824, 102.7 task/s, elapsed: 26s, ETA:    50s[>>>>>>>>                  ] 2694/7824, 102.7 task/s, elapsed: 26s, ETA:    50s[>>>>>>>>                  ] 2695/7824, 102.8 task/s, elapsed: 26s, ETA:    50s[>>>>>>>>                  ] 2696/7824, 102.8 task/s, elapsed: 26s, ETA:    50s[>>>>>>>>                  ] 2697/7824, 102.8 task/s, elapsed: 26s, ETA:    50s[>>>>>>>>                  ] 2698/7824, 102.8 task/s, elapsed: 26s, ETA:    50s[>>>>>>>>                  ] 2699/7824, 102.8 task/s, elapsed: 26s, ETA:    50s[>>>>>>>>                  ] 2700/7824, 102.8 task/s, elapsed: 26s, ETA:    50s[>>>>>>>>                  ] 2701/7824, 102.8 task/s, elapsed: 26s, ETA:    50s[>>>>>>>>                  ] 2702/7824, 102.8 task/s, elapsed: 26s, ETA:    50s[>>>>>>>>                  ] 2703/7824, 102.8 task/s, elapsed: 26s, ETA:    50s[>>>>>>>>                  ] 2704/7824, 102.8 task/s, elapsed: 26s, ETA:    50s[>>>>>>>>                  ] 2705/7824, 102.8 task/s, elapsed: 26s, ETA:    50s[>>>>>>>>                  ] 2706/7824, 102.8 task/s, elapsed: 26s, ETA:    50s[>>>>>>>>                  ] 2707/7824, 102.8 task/s, elapsed: 26s, ETA:    50s[>>>>>>>>                  ] 2708/7824, 102.8 task/s, elapsed: 26s, ETA:    50s[>>>>>>>>>                 ] 2709/7824, 102.8 task/s, elapsed: 26s, ETA:    50s[>>>>>>>>>                 ] 2710/7824, 102.8 task/s, elapsed: 26s, ETA:    50s[>>>>>>>>>                 ] 2711/7824, 102.8 task/s, elapsed: 26s, ETA:    50s[>>>>>>>>>                 ] 2712/7824, 102.8 task/s, elapsed: 26s, ETA:    50s[>>>>>>>>>                 ] 2713/7824, 102.8 task/s, elapsed: 26s, ETA:    50s[>>>>>>>>>                 ] 2714/7824, 102.8 task/s, elapsed: 26s, ETA:    50s[>>>>>>>>>                 ] 2715/7824, 102.8 task/s, elapsed: 26s, ETA:    50s[>>>>>>>>>                 ] 2716/7824, 102.8 task/s, elapsed: 26s, ETA:    50s[>>>>>>>>>                 ] 2717/7824, 102.8 task/s, elapsed: 26s, ETA:    50s[>>>>>>>>>                 ] 2718/7824, 102.8 task/s, elapsed: 26s, ETA:    50s[>>>>>>>>>                 ] 2719/7824, 102.8 task/s, elapsed: 26s, ETA:    50s[>>>>>>>>>                 ] 2720/7824, 102.8 task/s, elapsed: 26s, ETA:    50s[>>>>>>>>>                 ] 2721/7824, 102.8 task/s, elapsed: 26s, ETA:    50s[>>>>>>>>>                 ] 2722/7824, 102.8 task/s, elapsed: 26s, ETA:    50s[>>>>>>>>>                 ] 2723/7824, 102.8 task/s, elapsed: 26s, ETA:    50s[>>>>>>>>>                 ] 2724/7824, 102.8 task/s, elapsed: 26s, ETA:    50s[>>>>>>>>>                 ] 2725/7824, 102.8 task/s, elapsed: 27s, ETA:    50s[>>>>>>>>>                 ] 2726/7824, 102.8 task/s, elapsed: 27s, ETA:    50s[>>>>>>>>>                 ] 2727/7824, 102.8 task/s, elapsed: 27s, ETA:    50s[>>>>>>>>>                 ] 2728/7824, 102.8 task/s, elapsed: 27s, ETA:    50s[>>>>>>>>>                 ] 2729/7824, 102.8 task/s, elapsed: 27s, ETA:    50s[>>>>>>>>>                 ] 2730/7824, 102.8 task/s, elapsed: 27s, ETA:    50s[>>>>>>>>>                 ] 2731/7824, 102.8 task/s, elapsed: 27s, ETA:    50s[>>>>>>>>>                 ] 2732/7824, 102.8 task/s, elapsed: 27s, ETA:    50s[>>>>>>>>>                 ] 2733/7824, 102.8 task/s, elapsed: 27s, ETA:    50s[>>>>>>>>>                 ] 2734/7824, 102.8 task/s, elapsed: 27s, ETA:    50s[>>>>>>>>>                 ] 2735/7824, 102.8 task/s, elapsed: 27s, ETA:    49s[>>>>>>>>>                 ] 2736/7824, 102.8 task/s, elapsed: 27s, ETA:    49s[>>>>>>>>>                 ] 2737/7824, 102.8 task/s, elapsed: 27s, ETA:    49s[>>>>>>>>>                 ] 2738/7824, 102.8 task/s, elapsed: 27s, ETA:    49s[>>>>>>>>>                 ] 2739/7824, 102.8 task/s, elapsed: 27s, ETA:    49s[>>>>>>>>>                 ] 2740/7824, 102.8 task/s, elapsed: 27s, ETA:    49s[>>>>>>>>>                 ] 2741/7824, 102.8 task/s, elapsed: 27s, ETA:    49s[>>>>>>>>>                 ] 2742/7824, 102.8 task/s, elapsed: 27s, ETA:    49s[>>>>>>>>>                 ] 2743/7824, 102.8 task/s, elapsed: 27s, ETA:    49s[>>>>>>>>>                 ] 2744/7824, 102.9 task/s, elapsed: 27s, ETA:    49s[>>>>>>>>>                 ] 2745/7824, 102.9 task/s, elapsed: 27s, ETA:    49s[>>>>>>>>>                 ] 2746/7824, 102.9 task/s, elapsed: 27s, ETA:    49s[>>>>>>>>>                 ] 2747/7824, 102.9 task/s, elapsed: 27s, ETA:    49s[>>>>>>>>>                 ] 2748/7824, 102.9 task/s, elapsed: 27s, ETA:    49s[>>>>>>>>>                 ] 2749/7824, 102.9 task/s, elapsed: 27s, ETA:    49s[>>>>>>>>>                 ] 2750/7824, 102.9 task/s, elapsed: 27s, ETA:    49s[>>>>>>>>>                 ] 2751/7824, 102.9 task/s, elapsed: 27s, ETA:    49s[>>>>>>>>>                 ] 2752/7824, 102.9 task/s, elapsed: 27s, ETA:    49s[>>>>>>>>>                 ] 2753/7824, 102.9 task/s, elapsed: 27s, ETA:    49s[>>>>>>>>>                 ] 2754/7824, 102.9 task/s, elapsed: 27s, ETA:    49s[>>>>>>>>>                 ] 2755/7824, 102.9 task/s, elapsed: 27s, ETA:    49s[>>>>>>>>>                 ] 2756/7824, 102.9 task/s, elapsed: 27s, ETA:    49s[>>>>>>>>>                 ] 2757/7824, 102.9 task/s, elapsed: 27s, ETA:    49s[>>>>>>>>>                 ] 2758/7824, 102.9 task/s, elapsed: 27s, ETA:    49s[>>>>>>>>>                 ] 2759/7824, 102.9 task/s, elapsed: 27s, ETA:    49s[>>>>>>>>>                 ] 2760/7824, 102.9 task/s, elapsed: 27s, ETA:    49s[>>>>>>>>>                 ] 2761/7824, 102.9 task/s, elapsed: 27s, ETA:    49s[>>>>>>>>>                 ] 2762/7824, 102.9 task/s, elapsed: 27s, ETA:    49s[>>>>>>>>>                 ] 2763/7824, 102.9 task/s, elapsed: 27s, ETA:    49s[>>>>>>>>>                 ] 2764/7824, 102.9 task/s, elapsed: 27s, ETA:    49s[>>>>>>>>>                 ] 2765/7824, 102.9 task/s, elapsed: 27s, ETA:    49s[>>>>>>>>>                 ] 2766/7824, 102.9 task/s, elapsed: 27s, ETA:    49s[>>>>>>>>>                 ] 2767/7824, 102.9 task/s, elapsed: 27s, ETA:    49s[>>>>>>>>>                 ] 2768/7824, 102.9 task/s, elapsed: 27s, ETA:    49s[>>>>>>>>>                 ] 2769/7824, 102.9 task/s, elapsed: 27s, ETA:    49s[>>>>>>>>>                 ] 2770/7824, 102.9 task/s, elapsed: 27s, ETA:    49s[>>>>>>>>>                 ] 2771/7824, 102.9 task/s, elapsed: 27s, ETA:    49s[>>>>>>>>>                 ] 2772/7824, 102.9 task/s, elapsed: 27s, ETA:    49s[>>>>>>>>>                 ] 2773/7824, 102.9 task/s, elapsed: 27s, ETA:    49s[>>>>>>>>>                 ] 2774/7824, 102.9 task/s, elapsed: 27s, ETA:    49s[>>>>>>>>>                 ] 2775/7824, 102.9 task/s, elapsed: 27s, ETA:    49s[>>>>>>>>>                 ] 2776/7824, 102.9 task/s, elapsed: 27s, ETA:    49s[>>>>>>>>>                 ] 2777/7824, 102.9 task/s, elapsed: 27s, ETA:    49s[>>>>>>>>>                 ] 2778/7824, 102.9 task/s, elapsed: 27s, ETA:    49s[>>>>>>>>>                 ] 2779/7824, 102.9 task/s, elapsed: 27s, ETA:    49s[>>>>>>>>>                 ] 2780/7824, 102.9 task/s, elapsed: 27s, ETA:    49s[>>>>>>>>>                 ] 2781/7824, 102.9 task/s, elapsed: 27s, ETA:    49s[>>>>>>>>>                 ] 2782/7824, 102.9 task/s, elapsed: 27s, ETA:    49s[>>>>>>>>>                 ] 2783/7824, 102.9 task/s, elapsed: 27s, ETA:    49s[>>>>>>>>>                 ] 2784/7824, 102.9 task/s, elapsed: 27s, ETA:    49s[>>>>>>>>>                 ] 2785/7824, 102.9 task/s, elapsed: 27s, ETA:    49s[>>>>>>>>>                 ] 2786/7824, 102.9 task/s, elapsed: 27s, ETA:    49s[>>>>>>>>>                 ] 2787/7824, 102.9 task/s, elapsed: 27s, ETA:    49s[>>>>>>>>>                 ] 2788/7824, 102.9 task/s, elapsed: 27s, ETA:    49s[>>>>>>>>>                 ] 2789/7824, 102.9 task/s, elapsed: 27s, ETA:    49s[>>>>>>>>>                 ] 2790/7824, 102.9 task/s, elapsed: 27s, ETA:    49s[>>>>>>>>>                 ] 2791/7824, 103.0 task/s, elapsed: 27s, ETA:    49s[>>>>>>>>>                 ] 2792/7824, 103.0 task/s, elapsed: 27s, ETA:    49s[>>>>>>>>>                 ] 2793/7824, 103.0 task/s, elapsed: 27s, ETA:    49s[>>>>>>>>>                 ] 2794/7824, 103.0 task/s, elapsed: 27s, ETA:    49s[>>>>>>>>>                 ] 2795/7824, 103.0 task/s, elapsed: 27s, ETA:    49s[>>>>>>>>>                 ] 2796/7824, 103.0 task/s, elapsed: 27s, ETA:    49s[>>>>>>>>>                 ] 2797/7824, 103.0 task/s, elapsed: 27s, ETA:    49s[>>>>>>>>>                 ] 2798/7824, 103.0 task/s, elapsed: 27s, ETA:    49s[>>>>>>>>>                 ] 2799/7824, 103.0 task/s, elapsed: 27s, ETA:    49s[>>>>>>>>>                 ] 2800/7824, 103.0 task/s, elapsed: 27s, ETA:    49s[>>>>>>>>>                 ] 2801/7824, 103.0 task/s, elapsed: 27s, ETA:    49s[>>>>>>>>>                 ] 2802/7824, 103.0 task/s, elapsed: 27s, ETA:    49s[>>>>>>>>>                 ] 2803/7824, 103.0 task/s, elapsed: 27s, ETA:    49s[>>>>>>>>>                 ] 2804/7824, 103.0 task/s, elapsed: 27s, ETA:    49s[>>>>>>>>>                 ] 2805/7824, 103.0 task/s, elapsed: 27s, ETA:    49s[>>>>>>>>>                 ] 2806/7824, 103.0 task/s, elapsed: 27s, ETA:    49s[>>>>>>>>>                 ] 2807/7824, 103.0 task/s, elapsed: 27s, ETA:    49s[>>>>>>>>>                 ] 2808/7824, 103.0 task/s, elapsed: 27s, ETA:    49s[>>>>>>>>>                 ] 2809/7824, 103.0 task/s, elapsed: 27s, ETA:    49s[>>>>>>>>>                 ] 2810/7824, 103.0 task/s, elapsed: 27s, ETA:    49s[>>>>>>>>>                 ] 2811/7824, 103.0 task/s, elapsed: 27s, ETA:    49s[>>>>>>>>>                 ] 2812/7824, 103.0 task/s, elapsed: 27s, ETA:    49s[>>>>>>>>>                 ] 2813/7824, 103.0 task/s, elapsed: 27s, ETA:    49s[>>>>>>>>>                 ] 2814/7824, 103.0 task/s, elapsed: 27s, ETA:    49s[>>>>>>>>>                 ] 2815/7824, 103.0 task/s, elapsed: 27s, ETA:    49s[>>>>>>>>>                 ] 2816/7824, 103.0 task/s, elapsed: 27s, ETA:    49s[>>>>>>>>>                 ] 2817/7824, 103.0 task/s, elapsed: 27s, ETA:    49s[>>>>>>>>>                 ] 2818/7824, 103.0 task/s, elapsed: 27s, ETA:    49s[>>>>>>>>>                 ] 2819/7824, 103.0 task/s, elapsed: 27s, ETA:    49s[>>>>>>>>>                 ] 2820/7824, 103.0 task/s, elapsed: 27s, ETA:    49s[>>>>>>>>>                 ] 2821/7824, 103.0 task/s, elapsed: 27s, ETA:    49s[>>>>>>>>>                 ] 2822/7824, 103.1 task/s, elapsed: 27s, ETA:    49s[>>>>>>>>>                 ] 2823/7824, 103.1 task/s, elapsed: 27s, ETA:    49s[>>>>>>>>>                 ] 2824/7824, 103.1 task/s, elapsed: 27s, ETA:    49s[>>>>>>>>>                 ] 2825/7824, 103.1 task/s, elapsed: 27s, ETA:    49s[>>>>>>>>>                 ] 2826/7824, 103.1 task/s, elapsed: 27s, ETA:    48s[>>>>>>>>>                 ] 2827/7824, 103.1 task/s, elapsed: 27s, ETA:    48s[>>>>>>>>>                 ] 2828/7824, 103.1 task/s, elapsed: 27s, ETA:    48s[>>>>>>>>>                 ] 2829/7824, 103.1 task/s, elapsed: 27s, ETA:    48s[>>>>>>>>>                 ] 2830/7824, 103.1 task/s, elapsed: 27s, ETA:    48s[>>>>>>>>>                 ] 2831/7824, 103.1 task/s, elapsed: 27s, ETA:    48s[>>>>>>>>>                 ] 2832/7824, 103.1 task/s, elapsed: 27s, ETA:    48s[>>>>>>>>>                 ] 2833/7824, 103.1 task/s, elapsed: 27s, ETA:    48s[>>>>>>>>>                 ] 2834/7824, 103.1 task/s, elapsed: 27s, ETA:    48s[>>>>>>>>>                 ] 2835/7824, 103.1 task/s, elapsed: 28s, ETA:    48s[>>>>>>>>>                 ] 2836/7824, 103.1 task/s, elapsed: 28s, ETA:    48s[>>>>>>>>>                 ] 2837/7824, 103.1 task/s, elapsed: 28s, ETA:    48s[>>>>>>>>>                 ] 2838/7824, 103.1 task/s, elapsed: 28s, ETA:    48s[>>>>>>>>>                 ] 2839/7824, 103.1 task/s, elapsed: 28s, ETA:    48s[>>>>>>>>>                 ] 2840/7824, 103.1 task/s, elapsed: 28s, ETA:    48s[>>>>>>>>>                 ] 2841/7824, 103.1 task/s, elapsed: 28s, ETA:    48s[>>>>>>>>>                 ] 2842/7824, 103.1 task/s, elapsed: 28s, ETA:    48s[>>>>>>>>>                 ] 2843/7824, 103.1 task/s, elapsed: 28s, ETA:    48s[>>>>>>>>>                 ] 2844/7824, 103.1 task/s, elapsed: 28s, ETA:    48s[>>>>>>>>>                 ] 2845/7824, 103.1 task/s, elapsed: 28s, ETA:    48s[>>>>>>>>>                 ] 2846/7824, 103.1 task/s, elapsed: 28s, ETA:    48s[>>>>>>>>>                 ] 2847/7824, 103.1 task/s, elapsed: 28s, ETA:    48s[>>>>>>>>>                 ] 2848/7824, 103.1 task/s, elapsed: 28s, ETA:    48s[>>>>>>>>>                 ] 2849/7824, 103.1 task/s, elapsed: 28s, ETA:    48s[>>>>>>>>>                 ] 2850/7824, 103.1 task/s, elapsed: 28s, ETA:    48s[>>>>>>>>>                 ] 2851/7824, 103.1 task/s, elapsed: 28s, ETA:    48s[>>>>>>>>>                 ] 2852/7824, 103.1 task/s, elapsed: 28s, ETA:    48s[>>>>>>>>>                 ] 2853/7824, 103.1 task/s, elapsed: 28s, ETA:    48s[>>>>>>>>>                 ] 2854/7824, 103.1 task/s, elapsed: 28s, ETA:    48s[>>>>>>>>>                 ] 2855/7824, 103.1 task/s, elapsed: 28s, ETA:    48s[>>>>>>>>>                 ] 2856/7824, 103.1 task/s, elapsed: 28s, ETA:    48s[>>>>>>>>>                 ] 2857/7824, 103.1 task/s, elapsed: 28s, ETA:    48s[>>>>>>>>>                 ] 2858/7824, 103.1 task/s, elapsed: 28s, ETA:    48s[>>>>>>>>>                 ] 2859/7824, 103.1 task/s, elapsed: 28s, ETA:    48s[>>>>>>>>>                 ] 2860/7824, 103.1 task/s, elapsed: 28s, ETA:    48s[>>>>>>>>>                 ] 2861/7824, 103.1 task/s, elapsed: 28s, ETA:    48s[>>>>>>>>>                 ] 2862/7824, 103.2 task/s, elapsed: 28s, ETA:    48s[>>>>>>>>>                 ] 2863/7824, 103.2 task/s, elapsed: 28s, ETA:    48s[>>>>>>>>>                 ] 2864/7824, 103.2 task/s, elapsed: 28s, ETA:    48s[>>>>>>>>>                 ] 2865/7824, 103.2 task/s, elapsed: 28s, ETA:    48s[>>>>>>>>>                 ] 2866/7824, 103.2 task/s, elapsed: 28s, ETA:    48s[>>>>>>>>>                 ] 2867/7824, 103.2 task/s, elapsed: 28s, ETA:    48s[>>>>>>>>>                 ] 2868/7824, 103.2 task/s, elapsed: 28s, ETA:    48s[>>>>>>>>>                 ] 2869/7824, 103.2 task/s, elapsed: 28s, ETA:    48s[>>>>>>>>>                 ] 2870/7824, 103.2 task/s, elapsed: 28s, ETA:    48s[>>>>>>>>>                 ] 2871/7824, 103.2 task/s, elapsed: 28s, ETA:    48s[>>>>>>>>>                 ] 2872/7824, 103.2 task/s, elapsed: 28s, ETA:    48s[>>>>>>>>>                 ] 2873/7824, 103.2 task/s, elapsed: 28s, ETA:    48s[>>>>>>>>>                 ] 2874/7824, 103.2 task/s, elapsed: 28s, ETA:    48s[>>>>>>>>>                 ] 2875/7824, 103.2 task/s, elapsed: 28s, ETA:    48s[>>>>>>>>>                 ] 2876/7824, 103.2 task/s, elapsed: 28s, ETA:    48s[>>>>>>>>>                 ] 2877/7824, 103.2 task/s, elapsed: 28s, ETA:    48s[>>>>>>>>>                 ] 2878/7824, 103.2 task/s, elapsed: 28s, ETA:    48s[>>>>>>>>>                 ] 2879/7824, 103.2 task/s, elapsed: 28s, ETA:    48s[>>>>>>>>>                 ] 2880/7824, 103.2 task/s, elapsed: 28s, ETA:    48s[>>>>>>>>>                 ] 2881/7824, 103.2 task/s, elapsed: 28s, ETA:    48s[>>>>>>>>>                 ] 2882/7824, 103.2 task/s, elapsed: 28s, ETA:    48s[>>>>>>>>>                 ] 2883/7824, 103.2 task/s, elapsed: 28s, ETA:    48s[>>>>>>>>>                 ] 2884/7824, 103.2 task/s, elapsed: 28s, ETA:    48s[>>>>>>>>>                 ] 2885/7824, 103.2 task/s, elapsed: 28s, ETA:    48s[>>>>>>>>>                 ] 2886/7824, 103.2 task/s, elapsed: 28s, ETA:    48s[>>>>>>>>>                 ] 2887/7824, 103.2 task/s, elapsed: 28s, ETA:    48s[>>>>>>>>>                 ] 2888/7824, 103.2 task/s, elapsed: 28s, ETA:    48s[>>>>>>>>>                 ] 2889/7824, 103.2 task/s, elapsed: 28s, ETA:    48s[>>>>>>>>>                 ] 2890/7824, 103.2 task/s, elapsed: 28s, ETA:    48s[>>>>>>>>>                 ] 2891/7824, 103.2 task/s, elapsed: 28s, ETA:    48s[>>>>>>>>>                 ] 2892/7824, 103.2 task/s, elapsed: 28s, ETA:    48s[>>>>>>>>>                 ] 2893/7824, 103.2 task/s, elapsed: 28s, ETA:    48s[>>>>>>>>>                 ] 2894/7824, 103.2 task/s, elapsed: 28s, ETA:    48s[>>>>>>>>>                 ] 2895/7824, 103.2 task/s, elapsed: 28s, ETA:    48s[>>>>>>>>>                 ] 2896/7824, 103.2 task/s, elapsed: 28s, ETA:    48s[>>>>>>>>>                 ] 2897/7824, 103.2 task/s, elapsed: 28s, ETA:    48s[>>>>>>>>>                 ] 2898/7824, 103.2 task/s, elapsed: 28s, ETA:    48s[>>>>>>>>>                 ] 2899/7824, 103.3 task/s, elapsed: 28s, ETA:    48s[>>>>>>>>>                 ] 2900/7824, 103.2 task/s, elapsed: 28s, ETA:    48s[>>>>>>>>>                 ] 2901/7824, 103.2 task/s, elapsed: 28s, ETA:    48s[>>>>>>>>>                 ] 2902/7824, 103.2 task/s, elapsed: 28s, ETA:    48s[>>>>>>>>>                 ] 2903/7824, 103.2 task/s, elapsed: 28s, ETA:    48s[>>>>>>>>>                 ] 2904/7824, 103.3 task/s, elapsed: 28s, ETA:    48s[>>>>>>>>>                 ] 2905/7824, 103.3 task/s, elapsed: 28s, ETA:    48s[>>>>>>>>>                 ] 2906/7824, 103.3 task/s, elapsed: 28s, ETA:    48s[>>>>>>>>>                 ] 2907/7824, 103.3 task/s, elapsed: 28s, ETA:    48s[>>>>>>>>>                 ] 2908/7824, 103.3 task/s, elapsed: 28s, ETA:    48s[>>>>>>>>>                 ] 2909/7824, 103.3 task/s, elapsed: 28s, ETA:    48s[>>>>>>>>>                 ] 2910/7824, 103.3 task/s, elapsed: 28s, ETA:    48s[>>>>>>>>>                 ] 2911/7824, 103.3 task/s, elapsed: 28s, ETA:    48s[>>>>>>>>>                 ] 2912/7824, 103.3 task/s, elapsed: 28s, ETA:    48s[>>>>>>>>>                 ] 2913/7824, 103.3 task/s, elapsed: 28s, ETA:    48s[>>>>>>>>>                 ] 2914/7824, 103.3 task/s, elapsed: 28s, ETA:    48s[>>>>>>>>>                 ] 2915/7824, 103.3 task/s, elapsed: 28s, ETA:    48s[>>>>>>>>>                 ] 2916/7824, 103.3 task/s, elapsed: 28s, ETA:    48s[>>>>>>>>>                 ] 2917/7824, 103.3 task/s, elapsed: 28s, ETA:    48s[>>>>>>>>>                 ] 2918/7824, 103.3 task/s, elapsed: 28s, ETA:    48s[>>>>>>>>>                 ] 2919/7824, 103.3 task/s, elapsed: 28s, ETA:    48s[>>>>>>>>>                 ] 2920/7824, 103.3 task/s, elapsed: 28s, ETA:    47s[>>>>>>>>>                 ] 2921/7824, 103.3 task/s, elapsed: 28s, ETA:    47s[>>>>>>>>>                 ] 2922/7824, 103.3 task/s, elapsed: 28s, ETA:    47s[>>>>>>>>>                 ] 2923/7824, 103.3 task/s, elapsed: 28s, ETA:    47s[>>>>>>>>>                 ] 2924/7824, 103.3 task/s, elapsed: 28s, ETA:    47s[>>>>>>>>>                 ] 2925/7824, 103.3 task/s, elapsed: 28s, ETA:    47s[>>>>>>>>>                 ] 2926/7824, 103.3 task/s, elapsed: 28s, ETA:    47s[>>>>>>>>>                 ] 2927/7824, 103.3 task/s, elapsed: 28s, ETA:    47s[>>>>>>>>>                 ] 2928/7824, 103.3 task/s, elapsed: 28s, ETA:    47s[>>>>>>>>>                 ] 2929/7824, 103.3 task/s, elapsed: 28s, ETA:    47s[>>>>>>>>>                 ] 2930/7824, 103.3 task/s, elapsed: 28s, ETA:    47s[>>>>>>>>>                 ] 2931/7824, 103.3 task/s, elapsed: 28s, ETA:    47s[>>>>>>>>>                 ] 2932/7824, 103.3 task/s, elapsed: 28s, ETA:    47s[>>>>>>>>>                 ] 2933/7824, 103.3 task/s, elapsed: 28s, ETA:    47s[>>>>>>>>>                 ] 2934/7824, 103.3 task/s, elapsed: 28s, ETA:    47s[>>>>>>>>>                 ] 2935/7824, 103.3 task/s, elapsed: 28s, ETA:    47s[>>>>>>>>>                 ] 2936/7824, 103.3 task/s, elapsed: 28s, ETA:    47s[>>>>>>>>>                 ] 2937/7824, 103.3 task/s, elapsed: 28s, ETA:    47s[>>>>>>>>>                 ] 2938/7824, 103.3 task/s, elapsed: 28s, ETA:    47s[>>>>>>>>>                 ] 2939/7824, 103.3 task/s, elapsed: 28s, ETA:    47s[>>>>>>>>>                 ] 2940/7824, 103.3 task/s, elapsed: 28s, ETA:    47s[>>>>>>>>>                 ] 2941/7824, 103.3 task/s, elapsed: 28s, ETA:    47s[>>>>>>>>>                 ] 2942/7824, 103.3 task/s, elapsed: 28s, ETA:    47s[>>>>>>>>>                 ] 2943/7824, 103.3 task/s, elapsed: 28s, ETA:    47s[>>>>>>>>>                 ] 2944/7824, 103.3 task/s, elapsed: 28s, ETA:    47s[>>>>>>>>>                 ] 2945/7824, 103.3 task/s, elapsed: 29s, ETA:    47s[>>>>>>>>>                 ] 2946/7824, 103.3 task/s, elapsed: 29s, ETA:    47s[>>>>>>>>>                 ] 2947/7824, 103.3 task/s, elapsed: 29s, ETA:    47s[>>>>>>>>>                 ] 2948/7824, 103.3 task/s, elapsed: 29s, ETA:    47s[>>>>>>>>>                 ] 2949/7824, 103.3 task/s, elapsed: 29s, ETA:    47s[>>>>>>>>>                 ] 2950/7824, 103.3 task/s, elapsed: 29s, ETA:    47s[>>>>>>>>>                 ] 2951/7824, 103.3 task/s, elapsed: 29s, ETA:    47s[>>>>>>>>>                 ] 2952/7824, 103.3 task/s, elapsed: 29s, ETA:    47s[>>>>>>>>>                 ] 2953/7824, 103.3 task/s, elapsed: 29s, ETA:    47s[>>>>>>>>>                 ] 2954/7824, 103.3 task/s, elapsed: 29s, ETA:    47s[>>>>>>>>>                 ] 2955/7824, 103.3 task/s, elapsed: 29s, ETA:    47s[>>>>>>>>>                 ] 2956/7824, 103.3 task/s, elapsed: 29s, ETA:    47s[>>>>>>>>>                 ] 2957/7824, 103.3 task/s, elapsed: 29s, ETA:    47s[>>>>>>>>>                 ] 2958/7824, 103.3 task/s, elapsed: 29s, ETA:    47s[>>>>>>>>>                 ] 2959/7824, 103.3 task/s, elapsed: 29s, ETA:    47s[>>>>>>>>>                 ] 2960/7824, 103.3 task/s, elapsed: 29s, ETA:    47s[>>>>>>>>>                 ] 2961/7824, 103.3 task/s, elapsed: 29s, ETA:    47s[>>>>>>>>>                 ] 2962/7824, 103.3 task/s, elapsed: 29s, ETA:    47s[>>>>>>>>>                 ] 2963/7824, 103.3 task/s, elapsed: 29s, ETA:    47s[>>>>>>>>>                 ] 2964/7824, 103.3 task/s, elapsed: 29s, ETA:    47s[>>>>>>>>>                 ] 2965/7824, 103.3 task/s, elapsed: 29s, ETA:    47s[>>>>>>>>>                 ] 2966/7824, 103.3 task/s, elapsed: 29s, ETA:    47s[>>>>>>>>>                 ] 2967/7824, 103.3 task/s, elapsed: 29s, ETA:    47s[>>>>>>>>>                 ] 2968/7824, 103.3 task/s, elapsed: 29s, ETA:    47s[>>>>>>>>>                 ] 2969/7824, 103.3 task/s, elapsed: 29s, ETA:    47s[>>>>>>>>>                 ] 2970/7824, 103.3 task/s, elapsed: 29s, ETA:    47s[>>>>>>>>>                 ] 2971/7824, 103.3 task/s, elapsed: 29s, ETA:    47s[>>>>>>>>>                 ] 2972/7824, 103.3 task/s, elapsed: 29s, ETA:    47s[>>>>>>>>>                 ] 2973/7824, 103.3 task/s, elapsed: 29s, ETA:    47s[>>>>>>>>>                 ] 2974/7824, 103.3 task/s, elapsed: 29s, ETA:    47s[>>>>>>>>>                 ] 2975/7824, 103.3 task/s, elapsed: 29s, ETA:    47s[>>>>>>>>>                 ] 2976/7824, 103.3 task/s, elapsed: 29s, ETA:    47s[>>>>>>>>>                 ] 2977/7824, 103.3 task/s, elapsed: 29s, ETA:    47s[>>>>>>>>>                 ] 2978/7824, 103.3 task/s, elapsed: 29s, ETA:    47s[>>>>>>>>>                 ] 2979/7824, 103.3 task/s, elapsed: 29s, ETA:    47s[>>>>>>>>>                 ] 2980/7824, 103.2 task/s, elapsed: 29s, ETA:    47s[>>>>>>>>>                 ] 2981/7824, 103.2 task/s, elapsed: 29s, ETA:    47s[>>>>>>>>>                 ] 2982/7824, 103.2 task/s, elapsed: 29s, ETA:    47s[>>>>>>>>>                 ] 2983/7824, 103.2 task/s, elapsed: 29s, ETA:    47s[>>>>>>>>>                 ] 2984/7824, 103.2 task/s, elapsed: 29s, ETA:    47s[>>>>>>>>>                 ] 2985/7824, 103.2 task/s, elapsed: 29s, ETA:    47s[>>>>>>>>>                 ] 2986/7824, 103.2 task/s, elapsed: 29s, ETA:    47s[>>>>>>>>>                 ] 2987/7824, 103.2 task/s, elapsed: 29s, ETA:    47s[>>>>>>>>>                 ] 2988/7824, 103.1 task/s, elapsed: 29s, ETA:    47s[>>>>>>>>>                 ] 2989/7824, 103.1 task/s, elapsed: 29s, ETA:    47s[>>>>>>>>>                 ] 2990/7824, 103.1 task/s, elapsed: 29s, ETA:    47s[>>>>>>>>>                 ] 2991/7824, 103.1 task/s, elapsed: 29s, ETA:    47s[>>>>>>>>>                 ] 2992/7824, 103.1 task/s, elapsed: 29s, ETA:    47s[>>>>>>>>>                 ] 2993/7824, 103.1 task/s, elapsed: 29s, ETA:    47s[>>>>>>>>>                 ] 2994/7824, 103.1 task/s, elapsed: 29s, ETA:    47s[>>>>>>>>>                 ] 2995/7824, 103.1 task/s, elapsed: 29s, ETA:    47s[>>>>>>>>>                 ] 2996/7824, 103.0 task/s, elapsed: 29s, ETA:    47s[>>>>>>>>>                 ] 2997/7824, 103.0 task/s, elapsed: 29s, ETA:    47s[>>>>>>>>>                 ] 2998/7824, 103.0 task/s, elapsed: 29s, ETA:    47s[>>>>>>>>>                 ] 2999/7824, 103.0 task/s, elapsed: 29s, ETA:    47s[>>>>>>>>>                 ] 3000/7824, 103.0 task/s, elapsed: 29s, ETA:    47s[>>>>>>>>>                 ] 3001/7824, 103.0 task/s, elapsed: 29s, ETA:    47s[>>>>>>>>>                 ] 3002/7824, 103.0 task/s, elapsed: 29s, ETA:    47s[>>>>>>>>>                 ] 3003/7824, 103.0 task/s, elapsed: 29s, ETA:    47s[>>>>>>>>>                 ] 3004/7824, 103.0 task/s, elapsed: 29s, ETA:    47s[>>>>>>>>>                 ] 3005/7824, 102.9 task/s, elapsed: 29s, ETA:    47s[>>>>>>>>>                 ] 3006/7824, 102.9 task/s, elapsed: 29s, ETA:    47s[>>>>>>>>>                 ] 3007/7824, 102.9 task/s, elapsed: 29s, ETA:    47s[>>>>>>>>>                 ] 3008/7824, 102.9 task/s, elapsed: 29s, ETA:    47s[>>>>>>>>>                 ] 3009/7824, 102.9 task/s, elapsed: 29s, ETA:    47s[>>>>>>>>>>                ] 3010/7824, 102.9 task/s, elapsed: 29s, ETA:    47s[>>>>>>>>>>                ] 3011/7824, 102.9 task/s, elapsed: 29s, ETA:    47s[>>>>>>>>>>                ] 3012/7824, 102.9 task/s, elapsed: 29s, ETA:    47s[>>>>>>>>>>                ] 3013/7824, 102.9 task/s, elapsed: 29s, ETA:    47s[>>>>>>>>>>                ] 3014/7824, 102.9 task/s, elapsed: 29s, ETA:    47s[>>>>>>>>>>                ] 3015/7824, 102.9 task/s, elapsed: 29s, ETA:    47s[>>>>>>>>>>                ] 3016/7824, 102.9 task/s, elapsed: 29s, ETA:    47s[>>>>>>>>>>                ] 3017/7824, 102.9 task/s, elapsed: 29s, ETA:    47s[>>>>>>>>>>                ] 3018/7824, 102.9 task/s, elapsed: 29s, ETA:    47s[>>>>>>>>>>                ] 3019/7824, 102.9 task/s, elapsed: 29s, ETA:    47s[>>>>>>>>>>                ] 3020/7824, 102.9 task/s, elapsed: 29s, ETA:    47s[>>>>>>>>>>                ] 3021/7824, 102.9 task/s, elapsed: 29s, ETA:    47s[>>>>>>>>>>                ] 3022/7824, 102.9 task/s, elapsed: 29s, ETA:    47s[>>>>>>>>>>                ] 3023/7824, 102.9 task/s, elapsed: 29s, ETA:    47s[>>>>>>>>>>                ] 3024/7824, 102.9 task/s, elapsed: 29s, ETA:    47s[>>>>>>>>>>                ] 3025/7824, 102.9 task/s, elapsed: 29s, ETA:    47s[>>>>>>>>>>                ] 3026/7824, 102.9 task/s, elapsed: 29s, ETA:    47s[>>>>>>>>>>                ] 3027/7824, 102.9 task/s, elapsed: 29s, ETA:    47s[>>>>>>>>>>                ] 3028/7824, 102.9 task/s, elapsed: 29s, ETA:    47s[>>>>>>>>>>                ] 3029/7824, 102.9 task/s, elapsed: 29s, ETA:    47s[>>>>>>>>>>                ] 3030/7824, 102.9 task/s, elapsed: 29s, ETA:    47s[>>>>>>>>>>                ] 3031/7824, 102.9 task/s, elapsed: 29s, ETA:    47s[>>>>>>>>>>                ] 3032/7824, 102.9 task/s, elapsed: 29s, ETA:    47s[>>>>>>>>>>                ] 3033/7824, 102.9 task/s, elapsed: 29s, ETA:    47s[>>>>>>>>>>                ] 3034/7824, 102.9 task/s, elapsed: 29s, ETA:    47s[>>>>>>>>>>                ] 3035/7824, 102.9 task/s, elapsed: 29s, ETA:    47s[>>>>>>>>>>                ] 3036/7824, 102.9 task/s, elapsed: 30s, ETA:    47s[>>>>>>>>>>                ] 3037/7824, 102.9 task/s, elapsed: 30s, ETA:    47s[>>>>>>>>>>                ] 3038/7824, 102.9 task/s, elapsed: 30s, ETA:    47s[>>>>>>>>>>                ] 3039/7824, 102.9 task/s, elapsed: 30s, ETA:    46s[>>>>>>>>>>                ] 3040/7824, 102.9 task/s, elapsed: 30s, ETA:    46s[>>>>>>>>>>                ] 3041/7824, 102.9 task/s, elapsed: 30s, ETA:    46s[>>>>>>>>>>                ] 3042/7824, 102.9 task/s, elapsed: 30s, ETA:    46s[>>>>>>>>>>                ] 3043/7824, 102.9 task/s, elapsed: 30s, ETA:    46s[>>>>>>>>>>                ] 3044/7824, 102.9 task/s, elapsed: 30s, ETA:    46s[>>>>>>>>>>                ] 3045/7824, 102.9 task/s, elapsed: 30s, ETA:    46s[>>>>>>>>>>                ] 3046/7824, 102.9 task/s, elapsed: 30s, ETA:    46s[>>>>>>>>>>                ] 3047/7824, 102.9 task/s, elapsed: 30s, ETA:    46s[>>>>>>>>>>                ] 3048/7824, 102.9 task/s, elapsed: 30s, ETA:    46s[>>>>>>>>>>                ] 3049/7824, 102.9 task/s, elapsed: 30s, ETA:    46s[>>>>>>>>>>                ] 3050/7824, 102.9 task/s, elapsed: 30s, ETA:    46s[>>>>>>>>>>                ] 3051/7824, 102.9 task/s, elapsed: 30s, ETA:    46s[>>>>>>>>>>                ] 3052/7824, 102.9 task/s, elapsed: 30s, ETA:    46s[>>>>>>>>>>                ] 3053/7824, 102.9 task/s, elapsed: 30s, ETA:    46s[>>>>>>>>>>                ] 3054/7824, 102.9 task/s, elapsed: 30s, ETA:    46s[>>>>>>>>>>                ] 3055/7824, 102.9 task/s, elapsed: 30s, ETA:    46s[>>>>>>>>>>                ] 3056/7824, 102.9 task/s, elapsed: 30s, ETA:    46s[>>>>>>>>>>                ] 3057/7824, 102.9 task/s, elapsed: 30s, ETA:    46s[>>>>>>>>>>                ] 3058/7824, 103.0 task/s, elapsed: 30s, ETA:    46s[>>>>>>>>>>                ] 3059/7824, 103.0 task/s, elapsed: 30s, ETA:    46s[>>>>>>>>>>                ] 3060/7824, 103.0 task/s, elapsed: 30s, ETA:    46s[>>>>>>>>>>                ] 3061/7824, 103.0 task/s, elapsed: 30s, ETA:    46s[>>>>>>>>>>                ] 3062/7824, 103.0 task/s, elapsed: 30s, ETA:    46s[>>>>>>>>>>                ] 3063/7824, 103.0 task/s, elapsed: 30s, ETA:    46s[>>>>>>>>>>                ] 3064/7824, 103.0 task/s, elapsed: 30s, ETA:    46s[>>>>>>>>>>                ] 3065/7824, 103.0 task/s, elapsed: 30s, ETA:    46s[>>>>>>>>>>                ] 3066/7824, 103.0 task/s, elapsed: 30s, ETA:    46s[>>>>>>>>>>                ] 3067/7824, 103.0 task/s, elapsed: 30s, ETA:    46s[>>>>>>>>>>                ] 3068/7824, 103.0 task/s, elapsed: 30s, ETA:    46s[>>>>>>>>>>                ] 3069/7824, 103.0 task/s, elapsed: 30s, ETA:    46s[>>>>>>>>>>                ] 3070/7824, 103.0 task/s, elapsed: 30s, ETA:    46s[>>>>>>>>>>                ] 3071/7824, 103.0 task/s, elapsed: 30s, ETA:    46s[>>>>>>>>>>                ] 3072/7824, 103.0 task/s, elapsed: 30s, ETA:    46s[>>>>>>>>>>                ] 3073/7824, 103.0 task/s, elapsed: 30s, ETA:    46s[>>>>>>>>>>                ] 3074/7824, 103.0 task/s, elapsed: 30s, ETA:    46s[>>>>>>>>>>                ] 3075/7824, 103.0 task/s, elapsed: 30s, ETA:    46s[>>>>>>>>>>                ] 3076/7824, 103.0 task/s, elapsed: 30s, ETA:    46s[>>>>>>>>>>                ] 3077/7824, 103.0 task/s, elapsed: 30s, ETA:    46s[>>>>>>>>>>                ] 3078/7824, 103.0 task/s, elapsed: 30s, ETA:    46s[>>>>>>>>>>                ] 3079/7824, 103.0 task/s, elapsed: 30s, ETA:    46s[>>>>>>>>>>                ] 3080/7824, 103.0 task/s, elapsed: 30s, ETA:    46s[>>>>>>>>>>                ] 3081/7824, 103.0 task/s, elapsed: 30s, ETA:    46s[>>>>>>>>>>                ] 3082/7824, 103.0 task/s, elapsed: 30s, ETA:    46s[>>>>>>>>>>                ] 3083/7824, 103.0 task/s, elapsed: 30s, ETA:    46s[>>>>>>>>>>                ] 3084/7824, 103.0 task/s, elapsed: 30s, ETA:    46s[>>>>>>>>>>                ] 3085/7824, 103.0 task/s, elapsed: 30s, ETA:    46s[>>>>>>>>>>                ] 3086/7824, 103.0 task/s, elapsed: 30s, ETA:    46s[>>>>>>>>>>                ] 3087/7824, 103.0 task/s, elapsed: 30s, ETA:    46s[>>>>>>>>>>                ] 3088/7824, 103.0 task/s, elapsed: 30s, ETA:    46s[>>>>>>>>>>                ] 3089/7824, 103.0 task/s, elapsed: 30s, ETA:    46s[>>>>>>>>>>                ] 3090/7824, 103.0 task/s, elapsed: 30s, ETA:    46s[>>>>>>>>>>                ] 3091/7824, 103.0 task/s, elapsed: 30s, ETA:    46s[>>>>>>>>>>                ] 3092/7824, 103.0 task/s, elapsed: 30s, ETA:    46s[>>>>>>>>>>                ] 3093/7824, 103.0 task/s, elapsed: 30s, ETA:    46s[>>>>>>>>>>                ] 3094/7824, 103.0 task/s, elapsed: 30s, ETA:    46s[>>>>>>>>>>                ] 3095/7824, 103.0 task/s, elapsed: 30s, ETA:    46s[>>>>>>>>>>                ] 3096/7824, 103.0 task/s, elapsed: 30s, ETA:    46s[>>>>>>>>>>                ] 3097/7824, 103.0 task/s, elapsed: 30s, ETA:    46s[>>>>>>>>>>                ] 3098/7824, 103.0 task/s, elapsed: 30s, ETA:    46s[>>>>>>>>>>                ] 3099/7824, 103.0 task/s, elapsed: 30s, ETA:    46s[>>>>>>>>>>                ] 3100/7824, 103.0 task/s, elapsed: 30s, ETA:    46s[>>>>>>>>>>                ] 3101/7824, 103.0 task/s, elapsed: 30s, ETA:    46s[>>>>>>>>>>                ] 3102/7824, 103.0 task/s, elapsed: 30s, ETA:    46s[>>>>>>>>>>                ] 3103/7824, 103.0 task/s, elapsed: 30s, ETA:    46s[>>>>>>>>>>                ] 3104/7824, 103.0 task/s, elapsed: 30s, ETA:    46s[>>>>>>>>>>                ] 3105/7824, 103.0 task/s, elapsed: 30s, ETA:    46s[>>>>>>>>>>                ] 3106/7824, 103.1 task/s, elapsed: 30s, ETA:    46s[>>>>>>>>>>                ] 3107/7824, 103.1 task/s, elapsed: 30s, ETA:    46s[>>>>>>>>>>                ] 3108/7824, 103.1 task/s, elapsed: 30s, ETA:    46s[>>>>>>>>>>                ] 3109/7824, 103.1 task/s, elapsed: 30s, ETA:    46s[>>>>>>>>>>                ] 3110/7824, 103.1 task/s, elapsed: 30s, ETA:    46s[>>>>>>>>>>                ] 3111/7824, 103.1 task/s, elapsed: 30s, ETA:    46s[>>>>>>>>>>                ] 3112/7824, 103.1 task/s, elapsed: 30s, ETA:    46s[>>>>>>>>>>                ] 3113/7824, 103.1 task/s, elapsed: 30s, ETA:    46s[>>>>>>>>>>                ] 3114/7824, 103.1 task/s, elapsed: 30s, ETA:    46s[>>>>>>>>>>                ] 3115/7824, 103.1 task/s, elapsed: 30s, ETA:    46s[>>>>>>>>>>                ] 3116/7824, 103.1 task/s, elapsed: 30s, ETA:    46s[>>>>>>>>>>                ] 3117/7824, 103.1 task/s, elapsed: 30s, ETA:    46s[>>>>>>>>>>                ] 3118/7824, 103.1 task/s, elapsed: 30s, ETA:    46s[>>>>>>>>>>                ] 3119/7824, 103.1 task/s, elapsed: 30s, ETA:    46s[>>>>>>>>>>                ] 3120/7824, 103.1 task/s, elapsed: 30s, ETA:    46s[>>>>>>>>>>                ] 3121/7824, 103.1 task/s, elapsed: 30s, ETA:    46s[>>>>>>>>>>                ] 3122/7824, 103.1 task/s, elapsed: 30s, ETA:    46s[>>>>>>>>>>                ] 3123/7824, 103.1 task/s, elapsed: 30s, ETA:    46s[>>>>>>>>>>                ] 3124/7824, 103.1 task/s, elapsed: 30s, ETA:    46s[>>>>>>>>>>                ] 3125/7824, 103.1 task/s, elapsed: 30s, ETA:    46s[>>>>>>>>>>                ] 3126/7824, 103.1 task/s, elapsed: 30s, ETA:    46s[>>>>>>>>>>                ] 3127/7824, 103.1 task/s, elapsed: 30s, ETA:    46s[>>>>>>>>>>                ] 3128/7824, 103.1 task/s, elapsed: 30s, ETA:    46s[>>>>>>>>>>                ] 3129/7824, 103.1 task/s, elapsed: 30s, ETA:    46s[>>>>>>>>>>                ] 3130/7824, 103.1 task/s, elapsed: 30s, ETA:    46s[>>>>>>>>>>                ] 3131/7824, 103.1 task/s, elapsed: 30s, ETA:    46s[>>>>>>>>>>                ] 3132/7824, 103.1 task/s, elapsed: 30s, ETA:    45s[>>>>>>>>>>                ] 3133/7824, 103.1 task/s, elapsed: 30s, ETA:    45s[>>>>>>>>>>                ] 3134/7824, 103.1 task/s, elapsed: 30s, ETA:    45s[>>>>>>>>>>                ] 3135/7824, 103.1 task/s, elapsed: 30s, ETA:    45s[>>>>>>>>>>                ] 3136/7824, 103.1 task/s, elapsed: 30s, ETA:    45s[>>>>>>>>>>                ] 3137/7824, 103.1 task/s, elapsed: 30s, ETA:    45s[>>>>>>>>>>                ] 3138/7824, 103.1 task/s, elapsed: 30s, ETA:    45s[>>>>>>>>>>                ] 3139/7824, 103.1 task/s, elapsed: 30s, ETA:    45s[>>>>>>>>>>                ] 3140/7824, 103.2 task/s, elapsed: 30s, ETA:    45s[>>>>>>>>>>                ] 3141/7824, 103.2 task/s, elapsed: 30s, ETA:    45s[>>>>>>>>>>                ] 3142/7824, 103.2 task/s, elapsed: 30s, ETA:    45s[>>>>>>>>>>                ] 3143/7824, 103.2 task/s, elapsed: 30s, ETA:    45s[>>>>>>>>>>                ] 3144/7824, 103.2 task/s, elapsed: 30s, ETA:    45s[>>>>>>>>>>                ] 3145/7824, 103.2 task/s, elapsed: 30s, ETA:    45s[>>>>>>>>>>                ] 3146/7824, 103.2 task/s, elapsed: 30s, ETA:    45s[>>>>>>>>>>                ] 3147/7824, 103.2 task/s, elapsed: 31s, ETA:    45s[>>>>>>>>>>                ] 3148/7824, 103.2 task/s, elapsed: 31s, ETA:    45s[>>>>>>>>>>                ] 3149/7824, 103.2 task/s, elapsed: 31s, ETA:    45s[>>>>>>>>>>                ] 3150/7824, 103.2 task/s, elapsed: 31s, ETA:    45s[>>>>>>>>>>                ] 3151/7824, 103.2 task/s, elapsed: 31s, ETA:    45s[>>>>>>>>>>                ] 3152/7824, 103.2 task/s, elapsed: 31s, ETA:    45s[>>>>>>>>>>                ] 3153/7824, 103.2 task/s, elapsed: 31s, ETA:    45s[>>>>>>>>>>                ] 3154/7824, 103.2 task/s, elapsed: 31s, ETA:    45s[>>>>>>>>>>                ] 3155/7824, 103.2 task/s, elapsed: 31s, ETA:    45s[>>>>>>>>>>                ] 3156/7824, 103.2 task/s, elapsed: 31s, ETA:    45s[>>>>>>>>>>                ] 3157/7824, 103.2 task/s, elapsed: 31s, ETA:    45s[>>>>>>>>>>                ] 3158/7824, 103.2 task/s, elapsed: 31s, ETA:    45s[>>>>>>>>>>                ] 3159/7824, 103.2 task/s, elapsed: 31s, ETA:    45s[>>>>>>>>>>                ] 3160/7824, 103.2 task/s, elapsed: 31s, ETA:    45s[>>>>>>>>>>                ] 3161/7824, 103.2 task/s, elapsed: 31s, ETA:    45s[>>>>>>>>>>                ] 3162/7824, 103.2 task/s, elapsed: 31s, ETA:    45s[>>>>>>>>>>                ] 3163/7824, 103.2 task/s, elapsed: 31s, ETA:    45s[>>>>>>>>>>                ] 3164/7824, 103.2 task/s, elapsed: 31s, ETA:    45s[>>>>>>>>>>                ] 3165/7824, 103.2 task/s, elapsed: 31s, ETA:    45s[>>>>>>>>>>                ] 3166/7824, 103.2 task/s, elapsed: 31s, ETA:    45s[>>>>>>>>>>                ] 3167/7824, 103.2 task/s, elapsed: 31s, ETA:    45s[>>>>>>>>>>                ] 3168/7824, 103.2 task/s, elapsed: 31s, ETA:    45s[>>>>>>>>>>                ] 3169/7824, 103.2 task/s, elapsed: 31s, ETA:    45s[>>>>>>>>>>                ] 3170/7824, 103.2 task/s, elapsed: 31s, ETA:    45s[>>>>>>>>>>                ] 3171/7824, 103.2 task/s, elapsed: 31s, ETA:    45s[>>>>>>>>>>                ] 3172/7824, 103.2 task/s, elapsed: 31s, ETA:    45s[>>>>>>>>>>                ] 3173/7824, 103.3 task/s, elapsed: 31s, ETA:    45s[>>>>>>>>>>                ] 3174/7824, 103.3 task/s, elapsed: 31s, ETA:    45s[>>>>>>>>>>                ] 3175/7824, 103.3 task/s, elapsed: 31s, ETA:    45s[>>>>>>>>>>                ] 3176/7824, 103.3 task/s, elapsed: 31s, ETA:    45s[>>>>>>>>>>                ] 3177/7824, 103.3 task/s, elapsed: 31s, ETA:    45s[>>>>>>>>>>                ] 3178/7824, 103.3 task/s, elapsed: 31s, ETA:    45s[>>>>>>>>>>                ] 3179/7824, 103.3 task/s, elapsed: 31s, ETA:    45s[>>>>>>>>>>                ] 3180/7824, 103.3 task/s, elapsed: 31s, ETA:    45s[>>>>>>>>>>                ] 3181/7824, 103.3 task/s, elapsed: 31s, ETA:    45s[>>>>>>>>>>                ] 3182/7824, 103.3 task/s, elapsed: 31s, ETA:    45s[>>>>>>>>>>                ] 3183/7824, 103.3 task/s, elapsed: 31s, ETA:    45s[>>>>>>>>>>                ] 3184/7824, 103.3 task/s, elapsed: 31s, ETA:    45s[>>>>>>>>>>                ] 3185/7824, 103.3 task/s, elapsed: 31s, ETA:    45s[>>>>>>>>>>                ] 3186/7824, 103.3 task/s, elapsed: 31s, ETA:    45s[>>>>>>>>>>                ] 3187/7824, 103.3 task/s, elapsed: 31s, ETA:    45s[>>>>>>>>>>                ] 3188/7824, 103.3 task/s, elapsed: 31s, ETA:    45s[>>>>>>>>>>                ] 3189/7824, 103.3 task/s, elapsed: 31s, ETA:    45s[>>>>>>>>>>                ] 3190/7824, 103.3 task/s, elapsed: 31s, ETA:    45s[>>>>>>>>>>                ] 3191/7824, 103.3 task/s, elapsed: 31s, ETA:    45s[>>>>>>>>>>                ] 3192/7824, 103.3 task/s, elapsed: 31s, ETA:    45s[>>>>>>>>>>                ] 3193/7824, 103.3 task/s, elapsed: 31s, ETA:    45s[>>>>>>>>>>                ] 3194/7824, 103.3 task/s, elapsed: 31s, ETA:    45s[>>>>>>>>>>                ] 3195/7824, 103.3 task/s, elapsed: 31s, ETA:    45s[>>>>>>>>>>                ] 3196/7824, 103.3 task/s, elapsed: 31s, ETA:    45s[>>>>>>>>>>                ] 3197/7824, 103.3 task/s, elapsed: 31s, ETA:    45s[>>>>>>>>>>                ] 3198/7824, 103.3 task/s, elapsed: 31s, ETA:    45s[>>>>>>>>>>                ] 3199/7824, 103.3 task/s, elapsed: 31s, ETA:    45s[>>>>>>>>>>                ] 3200/7824, 103.3 task/s, elapsed: 31s, ETA:    45s[>>>>>>>>>>                ] 3201/7824, 103.3 task/s, elapsed: 31s, ETA:    45s[>>>>>>>>>>                ] 3202/7824, 103.3 task/s, elapsed: 31s, ETA:    45s[>>>>>>>>>>                ] 3203/7824, 103.3 task/s, elapsed: 31s, ETA:    45s[>>>>>>>>>>                ] 3204/7824, 103.3 task/s, elapsed: 31s, ETA:    45s[>>>>>>>>>>                ] 3205/7824, 103.3 task/s, elapsed: 31s, ETA:    45s[>>>>>>>>>>                ] 3206/7824, 103.4 task/s, elapsed: 31s, ETA:    45s[>>>>>>>>>>                ] 3207/7824, 103.4 task/s, elapsed: 31s, ETA:    45s[>>>>>>>>>>                ] 3208/7824, 103.4 task/s, elapsed: 31s, ETA:    45s[>>>>>>>>>>                ] 3209/7824, 103.4 task/s, elapsed: 31s, ETA:    45s[>>>>>>>>>>                ] 3210/7824, 103.4 task/s, elapsed: 31s, ETA:    45s[>>>>>>>>>>                ] 3211/7824, 103.4 task/s, elapsed: 31s, ETA:    45s[>>>>>>>>>>                ] 3212/7824, 103.4 task/s, elapsed: 31s, ETA:    45s[>>>>>>>>>>                ] 3213/7824, 103.4 task/s, elapsed: 31s, ETA:    45s[>>>>>>>>>>                ] 3214/7824, 103.4 task/s, elapsed: 31s, ETA:    45s[>>>>>>>>>>                ] 3215/7824, 103.4 task/s, elapsed: 31s, ETA:    45s[>>>>>>>>>>                ] 3216/7824, 103.4 task/s, elapsed: 31s, ETA:    45s[>>>>>>>>>>                ] 3217/7824, 103.4 task/s, elapsed: 31s, ETA:    45s[>>>>>>>>>>                ] 3218/7824, 103.4 task/s, elapsed: 31s, ETA:    45s[>>>>>>>>>>                ] 3219/7824, 103.4 task/s, elapsed: 31s, ETA:    45s[>>>>>>>>>>                ] 3220/7824, 103.4 task/s, elapsed: 31s, ETA:    45s[>>>>>>>>>>                ] 3221/7824, 103.4 task/s, elapsed: 31s, ETA:    45s[>>>>>>>>>>                ] 3222/7824, 103.4 task/s, elapsed: 31s, ETA:    45s[>>>>>>>>>>                ] 3223/7824, 103.4 task/s, elapsed: 31s, ETA:    44s[>>>>>>>>>>                ] 3224/7824, 103.4 task/s, elapsed: 31s, ETA:    44s[>>>>>>>>>>                ] 3225/7824, 103.4 task/s, elapsed: 31s, ETA:    44s[>>>>>>>>>>                ] 3226/7824, 103.4 task/s, elapsed: 31s, ETA:    44s[>>>>>>>>>>                ] 3227/7824, 103.4 task/s, elapsed: 31s, ETA:    44s[>>>>>>>>>>                ] 3228/7824, 103.4 task/s, elapsed: 31s, ETA:    44s[>>>>>>>>>>                ] 3229/7824, 103.4 task/s, elapsed: 31s, ETA:    44s[>>>>>>>>>>                ] 3230/7824, 103.4 task/s, elapsed: 31s, ETA:    44s[>>>>>>>>>>                ] 3231/7824, 103.4 task/s, elapsed: 31s, ETA:    44s[>>>>>>>>>>                ] 3232/7824, 103.4 task/s, elapsed: 31s, ETA:    44s[>>>>>>>>>>                ] 3233/7824, 103.4 task/s, elapsed: 31s, ETA:    44s[>>>>>>>>>>                ] 3234/7824, 103.4 task/s, elapsed: 31s, ETA:    44s[>>>>>>>>>>                ] 3235/7824, 103.4 task/s, elapsed: 31s, ETA:    44s[>>>>>>>>>>                ] 3236/7824, 103.4 task/s, elapsed: 31s, ETA:    44s[>>>>>>>>>>                ] 3237/7824, 103.4 task/s, elapsed: 31s, ETA:    44s[>>>>>>>>>>                ] 3238/7824, 103.4 task/s, elapsed: 31s, ETA:    44s[>>>>>>>>>>                ] 3239/7824, 103.4 task/s, elapsed: 31s, ETA:    44s[>>>>>>>>>>                ] 3240/7824, 103.4 task/s, elapsed: 31s, ETA:    44s[>>>>>>>>>>                ] 3241/7824, 103.4 task/s, elapsed: 31s, ETA:    44s[>>>>>>>>>>                ] 3242/7824, 103.4 task/s, elapsed: 31s, ETA:    44s[>>>>>>>>>>                ] 3243/7824, 103.4 task/s, elapsed: 31s, ETA:    44s[>>>>>>>>>>                ] 3244/7824, 103.4 task/s, elapsed: 31s, ETA:    44s[>>>>>>>>>>                ] 3245/7824, 103.4 task/s, elapsed: 31s, ETA:    44s[>>>>>>>>>>                ] 3246/7824, 103.5 task/s, elapsed: 31s, ETA:    44s[>>>>>>>>>>                ] 3247/7824, 103.5 task/s, elapsed: 31s, ETA:    44s[>>>>>>>>>>                ] 3248/7824, 103.5 task/s, elapsed: 31s, ETA:    44s[>>>>>>>>>>                ] 3249/7824, 103.5 task/s, elapsed: 31s, ETA:    44s[>>>>>>>>>>                ] 3250/7824, 103.5 task/s, elapsed: 31s, ETA:    44s[>>>>>>>>>>                ] 3251/7824, 103.5 task/s, elapsed: 31s, ETA:    44s[>>>>>>>>>>                ] 3252/7824, 103.5 task/s, elapsed: 31s, ETA:    44s[>>>>>>>>>>                ] 3253/7824, 103.5 task/s, elapsed: 31s, ETA:    44s[>>>>>>>>>>                ] 3254/7824, 103.5 task/s, elapsed: 31s, ETA:    44s[>>>>>>>>>>                ] 3255/7824, 103.5 task/s, elapsed: 31s, ETA:    44s[>>>>>>>>>>                ] 3256/7824, 103.5 task/s, elapsed: 31s, ETA:    44s[>>>>>>>>>>                ] 3257/7824, 103.5 task/s, elapsed: 31s, ETA:    44s[>>>>>>>>>>                ] 3258/7824, 103.5 task/s, elapsed: 31s, ETA:    44s[>>>>>>>>>>                ] 3259/7824, 103.5 task/s, elapsed: 31s, ETA:    44s[>>>>>>>>>>                ] 3260/7824, 103.5 task/s, elapsed: 32s, ETA:    44s[>>>>>>>>>>                ] 3261/7824, 103.5 task/s, elapsed: 32s, ETA:    44s[>>>>>>>>>>                ] 3262/7824, 103.5 task/s, elapsed: 32s, ETA:    44s[>>>>>>>>>>                ] 3263/7824, 103.5 task/s, elapsed: 32s, ETA:    44s[>>>>>>>>>>                ] 3264/7824, 103.5 task/s, elapsed: 32s, ETA:    44s[>>>>>>>>>>                ] 3265/7824, 103.5 task/s, elapsed: 32s, ETA:    44s[>>>>>>>>>>                ] 3266/7824, 103.5 task/s, elapsed: 32s, ETA:    44s[>>>>>>>>>>                ] 3267/7824, 103.5 task/s, elapsed: 32s, ETA:    44s[>>>>>>>>>>                ] 3268/7824, 103.5 task/s, elapsed: 32s, ETA:    44s[>>>>>>>>>>                ] 3269/7824, 103.5 task/s, elapsed: 32s, ETA:    44s[>>>>>>>>>>                ] 3270/7824, 103.5 task/s, elapsed: 32s, ETA:    44s[>>>>>>>>>>                ] 3271/7824, 103.5 task/s, elapsed: 32s, ETA:    44s[>>>>>>>>>>                ] 3272/7824, 103.5 task/s, elapsed: 32s, ETA:    44s[>>>>>>>>>>                ] 3273/7824, 103.5 task/s, elapsed: 32s, ETA:    44s[>>>>>>>>>>                ] 3274/7824, 103.5 task/s, elapsed: 32s, ETA:    44s[>>>>>>>>>>                ] 3275/7824, 103.5 task/s, elapsed: 32s, ETA:    44s[>>>>>>>>>>                ] 3276/7824, 103.5 task/s, elapsed: 32s, ETA:    44s[>>>>>>>>>>                ] 3277/7824, 103.5 task/s, elapsed: 32s, ETA:    44s[>>>>>>>>>>                ] 3278/7824, 103.5 task/s, elapsed: 32s, ETA:    44s[>>>>>>>>>>                ] 3279/7824, 103.5 task/s, elapsed: 32s, ETA:    44s[>>>>>>>>>>                ] 3280/7824, 103.5 task/s, elapsed: 32s, ETA:    44s[>>>>>>>>>>                ] 3281/7824, 103.5 task/s, elapsed: 32s, ETA:    44s[>>>>>>>>>>                ] 3282/7824, 103.5 task/s, elapsed: 32s, ETA:    44s[>>>>>>>>>>                ] 3283/7824, 103.6 task/s, elapsed: 32s, ETA:    44s[>>>>>>>>>>                ] 3284/7824, 103.6 task/s, elapsed: 32s, ETA:    44s[>>>>>>>>>>                ] 3285/7824, 103.6 task/s, elapsed: 32s, ETA:    44s[>>>>>>>>>>                ] 3286/7824, 103.6 task/s, elapsed: 32s, ETA:    44s[>>>>>>>>>>                ] 3287/7824, 103.6 task/s, elapsed: 32s, ETA:    44s[>>>>>>>>>>                ] 3288/7824, 103.6 task/s, elapsed: 32s, ETA:    44s[>>>>>>>>>>                ] 3289/7824, 103.6 task/s, elapsed: 32s, ETA:    44s[>>>>>>>>>>                ] 3290/7824, 103.6 task/s, elapsed: 32s, ETA:    44s[>>>>>>>>>>                ] 3291/7824, 103.6 task/s, elapsed: 32s, ETA:    44s[>>>>>>>>>>                ] 3292/7824, 103.6 task/s, elapsed: 32s, ETA:    44s[>>>>>>>>>>                ] 3293/7824, 103.6 task/s, elapsed: 32s, ETA:    44s[>>>>>>>>>>                ] 3294/7824, 103.6 task/s, elapsed: 32s, ETA:    44s[>>>>>>>>>>                ] 3295/7824, 103.6 task/s, elapsed: 32s, ETA:    44s[>>>>>>>>>>                ] 3296/7824, 103.6 task/s, elapsed: 32s, ETA:    44s[>>>>>>>>>>                ] 3297/7824, 103.6 task/s, elapsed: 32s, ETA:    44s[>>>>>>>>>>                ] 3298/7824, 103.6 task/s, elapsed: 32s, ETA:    44s[>>>>>>>>>>                ] 3299/7824, 103.6 task/s, elapsed: 32s, ETA:    44s[>>>>>>>>>>                ] 3300/7824, 103.6 task/s, elapsed: 32s, ETA:    44s[>>>>>>>>>>                ] 3301/7824, 103.6 task/s, elapsed: 32s, ETA:    44s[>>>>>>>>>>                ] 3302/7824, 103.6 task/s, elapsed: 32s, ETA:    44s[>>>>>>>>>>                ] 3303/7824, 103.6 task/s, elapsed: 32s, ETA:    44s[>>>>>>>>>>                ] 3304/7824, 103.6 task/s, elapsed: 32s, ETA:    44s[>>>>>>>>>>                ] 3305/7824, 103.6 task/s, elapsed: 32s, ETA:    44s[>>>>>>>>>>                ] 3306/7824, 103.6 task/s, elapsed: 32s, ETA:    44s[>>>>>>>>>>                ] 3307/7824, 103.6 task/s, elapsed: 32s, ETA:    44s[>>>>>>>>>>                ] 3308/7824, 103.6 task/s, elapsed: 32s, ETA:    44s[>>>>>>>>>>                ] 3309/7824, 103.6 task/s, elapsed: 32s, ETA:    44s[>>>>>>>>>>                ] 3310/7824, 103.6 task/s, elapsed: 32s, ETA:    44s[>>>>>>>>>>>               ] 3311/7824, 103.6 task/s, elapsed: 32s, ETA:    44s[>>>>>>>>>>>               ] 3312/7824, 103.6 task/s, elapsed: 32s, ETA:    44s[>>>>>>>>>>>               ] 3313/7824, 103.6 task/s, elapsed: 32s, ETA:    44s[>>>>>>>>>>>               ] 3314/7824, 103.6 task/s, elapsed: 32s, ETA:    44s[>>>>>>>>>>>               ] 3315/7824, 103.6 task/s, elapsed: 32s, ETA:    44s[>>>>>>>>>>>               ] 3316/7824, 103.6 task/s, elapsed: 32s, ETA:    44s[>>>>>>>>>>>               ] 3317/7824, 103.6 task/s, elapsed: 32s, ETA:    43s[>>>>>>>>>>>               ] 3318/7824, 103.6 task/s, elapsed: 32s, ETA:    43s[>>>>>>>>>>>               ] 3319/7824, 103.6 task/s, elapsed: 32s, ETA:    43s[>>>>>>>>>>>               ] 3320/7824, 103.6 task/s, elapsed: 32s, ETA:    43s[>>>>>>>>>>>               ] 3321/7824, 103.6 task/s, elapsed: 32s, ETA:    43s[>>>>>>>>>>>               ] 3322/7824, 103.6 task/s, elapsed: 32s, ETA:    43s[>>>>>>>>>>>               ] 3323/7824, 103.6 task/s, elapsed: 32s, ETA:    43s[>>>>>>>>>>>               ] 3324/7824, 103.6 task/s, elapsed: 32s, ETA:    43s[>>>>>>>>>>>               ] 3325/7824, 103.6 task/s, elapsed: 32s, ETA:    43s[>>>>>>>>>>>               ] 3326/7824, 103.6 task/s, elapsed: 32s, ETA:    43s[>>>>>>>>>>>               ] 3327/7824, 103.6 task/s, elapsed: 32s, ETA:    43s[>>>>>>>>>>>               ] 3328/7824, 103.6 task/s, elapsed: 32s, ETA:    43s[>>>>>>>>>>>               ] 3329/7824, 103.6 task/s, elapsed: 32s, ETA:    43s[>>>>>>>>>>>               ] 3330/7824, 103.6 task/s, elapsed: 32s, ETA:    43s[>>>>>>>>>>>               ] 3331/7824, 103.7 task/s, elapsed: 32s, ETA:    43s[>>>>>>>>>>>               ] 3332/7824, 103.7 task/s, elapsed: 32s, ETA:    43s[>>>>>>>>>>>               ] 3333/7824, 103.7 task/s, elapsed: 32s, ETA:    43s[>>>>>>>>>>>               ] 3334/7824, 103.7 task/s, elapsed: 32s, ETA:    43s[>>>>>>>>>>>               ] 3335/7824, 103.7 task/s, elapsed: 32s, ETA:    43s[>>>>>>>>>>>               ] 3336/7824, 103.7 task/s, elapsed: 32s, ETA:    43s[>>>>>>>>>>>               ] 3337/7824, 103.7 task/s, elapsed: 32s, ETA:    43s[>>>>>>>>>>>               ] 3338/7824, 103.7 task/s, elapsed: 32s, ETA:    43s[>>>>>>>>>>>               ] 3339/7824, 103.7 task/s, elapsed: 32s, ETA:    43s[>>>>>>>>>>>               ] 3340/7824, 103.7 task/s, elapsed: 32s, ETA:    43s[>>>>>>>>>>>               ] 3341/7824, 103.7 task/s, elapsed: 32s, ETA:    43s[>>>>>>>>>>>               ] 3342/7824, 103.7 task/s, elapsed: 32s, ETA:    43s[>>>>>>>>>>>               ] 3343/7824, 103.7 task/s, elapsed: 32s, ETA:    43s[>>>>>>>>>>>               ] 3344/7824, 103.7 task/s, elapsed: 32s, ETA:    43s[>>>>>>>>>>>               ] 3345/7824, 103.7 task/s, elapsed: 32s, ETA:    43s[>>>>>>>>>>>               ] 3346/7824, 103.7 task/s, elapsed: 32s, ETA:    43s[>>>>>>>>>>>               ] 3347/7824, 103.7 task/s, elapsed: 32s, ETA:    43s[>>>>>>>>>>>               ] 3348/7824, 103.7 task/s, elapsed: 32s, ETA:    43s[>>>>>>>>>>>               ] 3349/7824, 103.7 task/s, elapsed: 32s, ETA:    43s[>>>>>>>>>>>               ] 3350/7824, 103.7 task/s, elapsed: 32s, ETA:    43s[>>>>>>>>>>>               ] 3351/7824, 103.7 task/s, elapsed: 32s, ETA:    43s[>>>>>>>>>>>               ] 3352/7824, 103.7 task/s, elapsed: 32s, ETA:    43s[>>>>>>>>>>>               ] 3353/7824, 103.7 task/s, elapsed: 32s, ETA:    43s[>>>>>>>>>>>               ] 3354/7824, 103.7 task/s, elapsed: 32s, ETA:    43s[>>>>>>>>>>>               ] 3355/7824, 103.7 task/s, elapsed: 32s, ETA:    43s[>>>>>>>>>>>               ] 3356/7824, 103.7 task/s, elapsed: 32s, ETA:    43s[>>>>>>>>>>>               ] 3357/7824, 103.7 task/s, elapsed: 32s, ETA:    43s[>>>>>>>>>>>               ] 3358/7824, 103.7 task/s, elapsed: 32s, ETA:    43s[>>>>>>>>>>>               ] 3359/7824, 103.7 task/s, elapsed: 32s, ETA:    43s[>>>>>>>>>>>               ] 3360/7824, 103.7 task/s, elapsed: 32s, ETA:    43s[>>>>>>>>>>>               ] 3361/7824, 103.7 task/s, elapsed: 32s, ETA:    43s[>>>>>>>>>>>               ] 3362/7824, 103.7 task/s, elapsed: 32s, ETA:    43s[>>>>>>>>>>>               ] 3363/7824, 103.7 task/s, elapsed: 32s, ETA:    43s[>>>>>>>>>>>               ] 3364/7824, 103.7 task/s, elapsed: 32s, ETA:    43s[>>>>>>>>>>>               ] 3365/7824, 103.7 task/s, elapsed: 32s, ETA:    43s[>>>>>>>>>>>               ] 3366/7824, 103.7 task/s, elapsed: 32s, ETA:    43s[>>>>>>>>>>>               ] 3367/7824, 103.7 task/s, elapsed: 32s, ETA:    43s[>>>>>>>>>>>               ] 3368/7824, 103.7 task/s, elapsed: 32s, ETA:    43s[>>>>>>>>>>>               ] 3369/7824, 103.7 task/s, elapsed: 32s, ETA:    43s[>>>>>>>>>>>               ] 3370/7824, 103.7 task/s, elapsed: 32s, ETA:    43s[>>>>>>>>>>>               ] 3371/7824, 103.8 task/s, elapsed: 32s, ETA:    43s[>>>>>>>>>>>               ] 3372/7824, 103.8 task/s, elapsed: 32s, ETA:    43s[>>>>>>>>>>>               ] 3373/7824, 103.8 task/s, elapsed: 33s, ETA:    43s[>>>>>>>>>>>               ] 3374/7824, 103.8 task/s, elapsed: 33s, ETA:    43s[>>>>>>>>>>>               ] 3375/7824, 103.8 task/s, elapsed: 33s, ETA:    43s[>>>>>>>>>>>               ] 3376/7824, 103.8 task/s, elapsed: 33s, ETA:    43s[>>>>>>>>>>>               ] 3377/7824, 103.8 task/s, elapsed: 33s, ETA:    43s[>>>>>>>>>>>               ] 3378/7824, 103.8 task/s, elapsed: 33s, ETA:    43s[>>>>>>>>>>>               ] 3379/7824, 103.8 task/s, elapsed: 33s, ETA:    43s[>>>>>>>>>>>               ] 3380/7824, 103.8 task/s, elapsed: 33s, ETA:    43s[>>>>>>>>>>>               ] 3381/7824, 103.8 task/s, elapsed: 33s, ETA:    43s[>>>>>>>>>>>               ] 3382/7824, 103.8 task/s, elapsed: 33s, ETA:    43s[>>>>>>>>>>>               ] 3383/7824, 103.8 task/s, elapsed: 33s, ETA:    43s[>>>>>>>>>>>               ] 3384/7824, 103.8 task/s, elapsed: 33s, ETA:    43s[>>>>>>>>>>>               ] 3385/7824, 103.8 task/s, elapsed: 33s, ETA:    43s[>>>>>>>>>>>               ] 3386/7824, 103.8 task/s, elapsed: 33s, ETA:    43s[>>>>>>>>>>>               ] 3387/7824, 103.8 task/s, elapsed: 33s, ETA:    43s[>>>>>>>>>>>               ] 3388/7824, 103.8 task/s, elapsed: 33s, ETA:    43s[>>>>>>>>>>>               ] 3389/7824, 103.8 task/s, elapsed: 33s, ETA:    43s[>>>>>>>>>>>               ] 3390/7824, 103.8 task/s, elapsed: 33s, ETA:    43s[>>>>>>>>>>>               ] 3391/7824, 103.8 task/s, elapsed: 33s, ETA:    43s[>>>>>>>>>>>               ] 3392/7824, 103.8 task/s, elapsed: 33s, ETA:    43s[>>>>>>>>>>>               ] 3393/7824, 103.8 task/s, elapsed: 33s, ETA:    43s[>>>>>>>>>>>               ] 3394/7824, 103.8 task/s, elapsed: 33s, ETA:    43s[>>>>>>>>>>>               ] 3395/7824, 103.8 task/s, elapsed: 33s, ETA:    43s[>>>>>>>>>>>               ] 3396/7824, 103.8 task/s, elapsed: 33s, ETA:    43s[>>>>>>>>>>>               ] 3397/7824, 103.8 task/s, elapsed: 33s, ETA:    43s[>>>>>>>>>>>               ] 3398/7824, 103.8 task/s, elapsed: 33s, ETA:    43s[>>>>>>>>>>>               ] 3399/7824, 103.8 task/s, elapsed: 33s, ETA:    43s[>>>>>>>>>>>               ] 3400/7824, 103.8 task/s, elapsed: 33s, ETA:    43s[>>>>>>>>>>>               ] 3401/7824, 103.8 task/s, elapsed: 33s, ETA:    43s[>>>>>>>>>>>               ] 3402/7824, 103.8 task/s, elapsed: 33s, ETA:    43s[>>>>>>>>>>>               ] 3403/7824, 103.8 task/s, elapsed: 33s, ETA:    43s[>>>>>>>>>>>               ] 3404/7824, 103.8 task/s, elapsed: 33s, ETA:    43s[>>>>>>>>>>>               ] 3405/7824, 103.8 task/s, elapsed: 33s, ETA:    43s[>>>>>>>>>>>               ] 3406/7824, 103.8 task/s, elapsed: 33s, ETA:    43s[>>>>>>>>>>>               ] 3407/7824, 103.8 task/s, elapsed: 33s, ETA:    43s[>>>>>>>>>>>               ] 3408/7824, 103.8 task/s, elapsed: 33s, ETA:    43s[>>>>>>>>>>>               ] 3409/7824, 103.8 task/s, elapsed: 33s, ETA:    43s[>>>>>>>>>>>               ] 3410/7824, 103.8 task/s, elapsed: 33s, ETA:    43s[>>>>>>>>>>>               ] 3411/7824, 103.8 task/s, elapsed: 33s, ETA:    43s[>>>>>>>>>>>               ] 3412/7824, 103.8 task/s, elapsed: 33s, ETA:    42s[>>>>>>>>>>>               ] 3413/7824, 103.8 task/s, elapsed: 33s, ETA:    42s[>>>>>>>>>>>               ] 3414/7824, 103.8 task/s, elapsed: 33s, ETA:    42s[>>>>>>>>>>>               ] 3415/7824, 103.8 task/s, elapsed: 33s, ETA:    42s[>>>>>>>>>>>               ] 3416/7824, 103.8 task/s, elapsed: 33s, ETA:    42s[>>>>>>>>>>>               ] 3417/7824, 103.8 task/s, elapsed: 33s, ETA:    42s[>>>>>>>>>>>               ] 3418/7824, 103.9 task/s, elapsed: 33s, ETA:    42s[>>>>>>>>>>>               ] 3419/7824, 103.9 task/s, elapsed: 33s, ETA:    42s[>>>>>>>>>>>               ] 3420/7824, 103.9 task/s, elapsed: 33s, ETA:    42s[>>>>>>>>>>>               ] 3421/7824, 103.9 task/s, elapsed: 33s, ETA:    42s[>>>>>>>>>>>               ] 3422/7824, 103.9 task/s, elapsed: 33s, ETA:    42s[>>>>>>>>>>>               ] 3423/7824, 103.9 task/s, elapsed: 33s, ETA:    42s[>>>>>>>>>>>               ] 3424/7824, 103.9 task/s, elapsed: 33s, ETA:    42s[>>>>>>>>>>>               ] 3425/7824, 103.9 task/s, elapsed: 33s, ETA:    42s[>>>>>>>>>>>               ] 3426/7824, 103.9 task/s, elapsed: 33s, ETA:    42s[>>>>>>>>>>>               ] 3427/7824, 103.9 task/s, elapsed: 33s, ETA:    42s[>>>>>>>>>>>               ] 3428/7824, 103.9 task/s, elapsed: 33s, ETA:    42s[>>>>>>>>>>>               ] 3429/7824, 103.9 task/s, elapsed: 33s, ETA:    42s[>>>>>>>>>>>               ] 3430/7824, 103.9 task/s, elapsed: 33s, ETA:    42s[>>>>>>>>>>>               ] 3431/7824, 103.9 task/s, elapsed: 33s, ETA:    42s[>>>>>>>>>>>               ] 3432/7824, 103.9 task/s, elapsed: 33s, ETA:    42s[>>>>>>>>>>>               ] 3433/7824, 103.9 task/s, elapsed: 33s, ETA:    42s[>>>>>>>>>>>               ] 3434/7824, 103.9 task/s, elapsed: 33s, ETA:    42s[>>>>>>>>>>>               ] 3435/7824, 103.9 task/s, elapsed: 33s, ETA:    42s[>>>>>>>>>>>               ] 3436/7824, 103.9 task/s, elapsed: 33s, ETA:    42s[>>>>>>>>>>>               ] 3437/7824, 103.9 task/s, elapsed: 33s, ETA:    42s[>>>>>>>>>>>               ] 3438/7824, 103.9 task/s, elapsed: 33s, ETA:    42s[>>>>>>>>>>>               ] 3439/7824, 103.9 task/s, elapsed: 33s, ETA:    42s[>>>>>>>>>>>               ] 3440/7824, 103.9 task/s, elapsed: 33s, ETA:    42s[>>>>>>>>>>>               ] 3441/7824, 103.9 task/s, elapsed: 33s, ETA:    42s[>>>>>>>>>>>               ] 3442/7824, 103.9 task/s, elapsed: 33s, ETA:    42s[>>>>>>>>>>>               ] 3443/7824, 103.9 task/s, elapsed: 33s, ETA:    42s[>>>>>>>>>>>               ] 3444/7824, 103.9 task/s, elapsed: 33s, ETA:    42s[>>>>>>>>>>>               ] 3445/7824, 103.9 task/s, elapsed: 33s, ETA:    42s[>>>>>>>>>>>               ] 3446/7824, 103.9 task/s, elapsed: 33s, ETA:    42s[>>>>>>>>>>>               ] 3447/7824, 103.9 task/s, elapsed: 33s, ETA:    42s[>>>>>>>>>>>               ] 3448/7824, 103.9 task/s, elapsed: 33s, ETA:    42s[>>>>>>>>>>>               ] 3449/7824, 103.9 task/s, elapsed: 33s, ETA:    42s[>>>>>>>>>>>               ] 3450/7824, 103.9 task/s, elapsed: 33s, ETA:    42s[>>>>>>>>>>>               ] 3451/7824, 103.9 task/s, elapsed: 33s, ETA:    42s[>>>>>>>>>>>               ] 3452/7824, 103.9 task/s, elapsed: 33s, ETA:    42s[>>>>>>>>>>>               ] 3453/7824, 103.9 task/s, elapsed: 33s, ETA:    42s[>>>>>>>>>>>               ] 3454/7824, 103.9 task/s, elapsed: 33s, ETA:    42s[>>>>>>>>>>>               ] 3455/7824, 103.9 task/s, elapsed: 33s, ETA:    42s[>>>>>>>>>>>               ] 3456/7824, 103.9 task/s, elapsed: 33s, ETA:    42s[>>>>>>>>>>>               ] 3457/7824, 103.9 task/s, elapsed: 33s, ETA:    42s[>>>>>>>>>>>               ] 3458/7824, 103.9 task/s, elapsed: 33s, ETA:    42s[>>>>>>>>>>>               ] 3459/7824, 103.9 task/s, elapsed: 33s, ETA:    42s[>>>>>>>>>>>               ] 3460/7824, 103.9 task/s, elapsed: 33s, ETA:    42s[>>>>>>>>>>>               ] 3461/7824, 103.9 task/s, elapsed: 33s, ETA:    42s[>>>>>>>>>>>               ] 3462/7824, 103.9 task/s, elapsed: 33s, ETA:    42s[>>>>>>>>>>>               ] 3463/7824, 103.9 task/s, elapsed: 33s, ETA:    42s[>>>>>>>>>>>               ] 3464/7824, 103.9 task/s, elapsed: 33s, ETA:    42s[>>>>>>>>>>>               ] 3465/7824, 103.9 task/s, elapsed: 33s, ETA:    42s[>>>>>>>>>>>               ] 3466/7824, 103.9 task/s, elapsed: 33s, ETA:    42s[>>>>>>>>>>>               ] 3467/7824, 103.9 task/s, elapsed: 33s, ETA:    42s[>>>>>>>>>>>               ] 3468/7824, 103.9 task/s, elapsed: 33s, ETA:    42s[>>>>>>>>>>>               ] 3469/7824, 103.9 task/s, elapsed: 33s, ETA:    42s[>>>>>>>>>>>               ] 3470/7824, 103.9 task/s, elapsed: 33s, ETA:    42s[>>>>>>>>>>>               ] 3471/7824, 103.9 task/s, elapsed: 33s, ETA:    42s[>>>>>>>>>>>               ] 3472/7824, 103.9 task/s, elapsed: 33s, ETA:    42s[>>>>>>>>>>>               ] 3473/7824, 103.9 task/s, elapsed: 33s, ETA:    42s[>>>>>>>>>>>               ] 3474/7824, 103.9 task/s, elapsed: 33s, ETA:    42s[>>>>>>>>>>>               ] 3475/7824, 104.0 task/s, elapsed: 33s, ETA:    42s[>>>>>>>>>>>               ] 3476/7824, 104.0 task/s, elapsed: 33s, ETA:    42s[>>>>>>>>>>>               ] 3477/7824, 104.0 task/s, elapsed: 33s, ETA:    42s[>>>>>>>>>>>               ] 3478/7824, 104.0 task/s, elapsed: 33s, ETA:    42s[>>>>>>>>>>>               ] 3479/7824, 104.0 task/s, elapsed: 33s, ETA:    42s[>>>>>>>>>>>               ] 3480/7824, 104.0 task/s, elapsed: 33s, ETA:    42s[>>>>>>>>>>>               ] 3481/7824, 104.0 task/s, elapsed: 33s, ETA:    42s[>>>>>>>>>>>               ] 3482/7824, 104.0 task/s, elapsed: 33s, ETA:    42s[>>>>>>>>>>>               ] 3483/7824, 104.0 task/s, elapsed: 33s, ETA:    42s[>>>>>>>>>>>               ] 3484/7824, 104.0 task/s, elapsed: 34s, ETA:    42s[>>>>>>>>>>>               ] 3485/7824, 104.0 task/s, elapsed: 34s, ETA:    42s[>>>>>>>>>>>               ] 3486/7824, 104.0 task/s, elapsed: 34s, ETA:    42s[>>>>>>>>>>>               ] 3487/7824, 104.0 task/s, elapsed: 34s, ETA:    42s[>>>>>>>>>>>               ] 3488/7824, 104.0 task/s, elapsed: 34s, ETA:    42s[>>>>>>>>>>>               ] 3489/7824, 104.0 task/s, elapsed: 34s, ETA:    42s[>>>>>>>>>>>               ] 3490/7824, 104.0 task/s, elapsed: 34s, ETA:    42s[>>>>>>>>>>>               ] 3491/7824, 104.0 task/s, elapsed: 34s, ETA:    42s[>>>>>>>>>>>               ] 3492/7824, 104.0 task/s, elapsed: 34s, ETA:    42s[>>>>>>>>>>>               ] 3493/7824, 104.0 task/s, elapsed: 34s, ETA:    42s[>>>>>>>>>>>               ] 3494/7824, 104.0 task/s, elapsed: 34s, ETA:    42s[>>>>>>>>>>>               ] 3495/7824, 104.0 task/s, elapsed: 34s, ETA:    42s[>>>>>>>>>>>               ] 3496/7824, 104.0 task/s, elapsed: 34s, ETA:    42s[>>>>>>>>>>>               ] 3497/7824, 104.0 task/s, elapsed: 34s, ETA:    42s[>>>>>>>>>>>               ] 3498/7824, 104.0 task/s, elapsed: 34s, ETA:    42s[>>>>>>>>>>>               ] 3499/7824, 104.0 task/s, elapsed: 34s, ETA:    42s[>>>>>>>>>>>               ] 3500/7824, 104.0 task/s, elapsed: 34s, ETA:    42s[>>>>>>>>>>>               ] 3501/7824, 104.0 task/s, elapsed: 34s, ETA:    42s[>>>>>>>>>>>               ] 3502/7824, 104.0 task/s, elapsed: 34s, ETA:    42s[>>>>>>>>>>>               ] 3503/7824, 104.0 task/s, elapsed: 34s, ETA:    42s[>>>>>>>>>>>               ] 3504/7824, 104.0 task/s, elapsed: 34s, ETA:    42s[>>>>>>>>>>>               ] 3505/7824, 104.0 task/s, elapsed: 34s, ETA:    42s[>>>>>>>>>>>               ] 3506/7824, 104.0 task/s, elapsed: 34s, ETA:    42s[>>>>>>>>>>>               ] 3507/7824, 104.0 task/s, elapsed: 34s, ETA:    41s[>>>>>>>>>>>               ] 3508/7824, 104.0 task/s, elapsed: 34s, ETA:    41s[>>>>>>>>>>>               ] 3509/7824, 104.0 task/s, elapsed: 34s, ETA:    41s[>>>>>>>>>>>               ] 3510/7824, 104.0 task/s, elapsed: 34s, ETA:    41s[>>>>>>>>>>>               ] 3511/7824, 104.0 task/s, elapsed: 34s, ETA:    41s[>>>>>>>>>>>               ] 3512/7824, 104.0 task/s, elapsed: 34s, ETA:    41s[>>>>>>>>>>>               ] 3513/7824, 104.1 task/s, elapsed: 34s, ETA:    41s[>>>>>>>>>>>               ] 3514/7824, 104.1 task/s, elapsed: 34s, ETA:    41s[>>>>>>>>>>>               ] 3515/7824, 104.1 task/s, elapsed: 34s, ETA:    41s[>>>>>>>>>>>               ] 3516/7824, 104.1 task/s, elapsed: 34s, ETA:    41s[>>>>>>>>>>>               ] 3517/7824, 104.1 task/s, elapsed: 34s, ETA:    41s[>>>>>>>>>>>               ] 3518/7824, 104.1 task/s, elapsed: 34s, ETA:    41s[>>>>>>>>>>>               ] 3519/7824, 104.1 task/s, elapsed: 34s, ETA:    41s[>>>>>>>>>>>               ] 3520/7824, 104.1 task/s, elapsed: 34s, ETA:    41s[>>>>>>>>>>>               ] 3521/7824, 104.1 task/s, elapsed: 34s, ETA:    41s[>>>>>>>>>>>               ] 3522/7824, 104.1 task/s, elapsed: 34s, ETA:    41s[>>>>>>>>>>>               ] 3523/7824, 104.1 task/s, elapsed: 34s, ETA:    41s[>>>>>>>>>>>               ] 3524/7824, 104.1 task/s, elapsed: 34s, ETA:    41s[>>>>>>>>>>>               ] 3525/7824, 104.1 task/s, elapsed: 34s, ETA:    41s[>>>>>>>>>>>               ] 3526/7824, 104.1 task/s, elapsed: 34s, ETA:    41s[>>>>>>>>>>>               ] 3527/7824, 104.1 task/s, elapsed: 34s, ETA:    41s[>>>>>>>>>>>               ] 3528/7824, 104.1 task/s, elapsed: 34s, ETA:    41s[>>>>>>>>>>>               ] 3529/7824, 104.1 task/s, elapsed: 34s, ETA:    41s[>>>>>>>>>>>               ] 3530/7824, 104.1 task/s, elapsed: 34s, ETA:    41s[>>>>>>>>>>>               ] 3531/7824, 104.1 task/s, elapsed: 34s, ETA:    41s[>>>>>>>>>>>               ] 3532/7824, 104.1 task/s, elapsed: 34s, ETA:    41s[>>>>>>>>>>>               ] 3533/7824, 104.1 task/s, elapsed: 34s, ETA:    41s[>>>>>>>>>>>               ] 3534/7824, 104.1 task/s, elapsed: 34s, ETA:    41s[>>>>>>>>>>>               ] 3535/7824, 104.1 task/s, elapsed: 34s, ETA:    41s[>>>>>>>>>>>               ] 3536/7824, 104.1 task/s, elapsed: 34s, ETA:    41s[>>>>>>>>>>>               ] 3537/7824, 104.1 task/s, elapsed: 34s, ETA:    41s[>>>>>>>>>>>               ] 3538/7824, 104.1 task/s, elapsed: 34s, ETA:    41s[>>>>>>>>>>>               ] 3539/7824, 104.1 task/s, elapsed: 34s, ETA:    41s[>>>>>>>>>>>               ] 3540/7824, 104.1 task/s, elapsed: 34s, ETA:    41s[>>>>>>>>>>>               ] 3541/7824, 104.1 task/s, elapsed: 34s, ETA:    41s[>>>>>>>>>>>               ] 3542/7824, 104.1 task/s, elapsed: 34s, ETA:    41s[>>>>>>>>>>>               ] 3543/7824, 104.1 task/s, elapsed: 34s, ETA:    41s[>>>>>>>>>>>               ] 3544/7824, 104.1 task/s, elapsed: 34s, ETA:    41s[>>>>>>>>>>>               ] 3545/7824, 104.1 task/s, elapsed: 34s, ETA:    41s[>>>>>>>>>>>               ] 3546/7824, 104.1 task/s, elapsed: 34s, ETA:    41s[>>>>>>>>>>>               ] 3547/7824, 104.1 task/s, elapsed: 34s, ETA:    41s[>>>>>>>>>>>               ] 3548/7824, 104.1 task/s, elapsed: 34s, ETA:    41s[>>>>>>>>>>>               ] 3549/7824, 104.1 task/s, elapsed: 34s, ETA:    41s[>>>>>>>>>>>               ] 3550/7824, 104.1 task/s, elapsed: 34s, ETA:    41s[>>>>>>>>>>>               ] 3551/7824, 104.1 task/s, elapsed: 34s, ETA:    41s[>>>>>>>>>>>               ] 3552/7824, 104.1 task/s, elapsed: 34s, ETA:    41s[>>>>>>>>>>>               ] 3553/7824, 104.1 task/s, elapsed: 34s, ETA:    41s[>>>>>>>>>>>               ] 3554/7824, 104.1 task/s, elapsed: 34s, ETA:    41s[>>>>>>>>>>>               ] 3555/7824, 104.1 task/s, elapsed: 34s, ETA:    41s[>>>>>>>>>>>               ] 3556/7824, 104.1 task/s, elapsed: 34s, ETA:    41s[>>>>>>>>>>>               ] 3557/7824, 104.1 task/s, elapsed: 34s, ETA:    41s[>>>>>>>>>>>               ] 3558/7824, 104.1 task/s, elapsed: 34s, ETA:    41s[>>>>>>>>>>>               ] 3559/7824, 104.1 task/s, elapsed: 34s, ETA:    41s[>>>>>>>>>>>               ] 3560/7824, 104.1 task/s, elapsed: 34s, ETA:    41s[>>>>>>>>>>>               ] 3561/7824, 104.1 task/s, elapsed: 34s, ETA:    41s[>>>>>>>>>>>               ] 3562/7824, 104.1 task/s, elapsed: 34s, ETA:    41s[>>>>>>>>>>>               ] 3563/7824, 104.1 task/s, elapsed: 34s, ETA:    41s[>>>>>>>>>>>               ] 3564/7824, 104.2 task/s, elapsed: 34s, ETA:    41s[>>>>>>>>>>>               ] 3565/7824, 104.2 task/s, elapsed: 34s, ETA:    41s[>>>>>>>>>>>               ] 3566/7824, 104.2 task/s, elapsed: 34s, ETA:    41s[>>>>>>>>>>>               ] 3567/7824, 104.2 task/s, elapsed: 34s, ETA:    41s[>>>>>>>>>>>               ] 3568/7824, 104.2 task/s, elapsed: 34s, ETA:    41s[>>>>>>>>>>>               ] 3569/7824, 104.2 task/s, elapsed: 34s, ETA:    41s[>>>>>>>>>>>               ] 3570/7824, 104.2 task/s, elapsed: 34s, ETA:    41s[>>>>>>>>>>>               ] 3571/7824, 104.2 task/s, elapsed: 34s, ETA:    41s[>>>>>>>>>>>               ] 3572/7824, 104.2 task/s, elapsed: 34s, ETA:    41s[>>>>>>>>>>>               ] 3573/7824, 104.2 task/s, elapsed: 34s, ETA:    41s[>>>>>>>>>>>               ] 3574/7824, 104.2 task/s, elapsed: 34s, ETA:    41s[>>>>>>>>>>>               ] 3575/7824, 104.2 task/s, elapsed: 34s, ETA:    41s[>>>>>>>>>>>               ] 3576/7824, 104.2 task/s, elapsed: 34s, ETA:    41s[>>>>>>>>>>>               ] 3577/7824, 104.2 task/s, elapsed: 34s, ETA:    41s[>>>>>>>>>>>               ] 3578/7824, 104.2 task/s, elapsed: 34s, ETA:    41s[>>>>>>>>>>>               ] 3579/7824, 104.2 task/s, elapsed: 34s, ETA:    41s[>>>>>>>>>>>               ] 3580/7824, 104.2 task/s, elapsed: 34s, ETA:    41s[>>>>>>>>>>>               ] 3581/7824, 104.2 task/s, elapsed: 34s, ETA:    41s[>>>>>>>>>>>               ] 3582/7824, 104.2 task/s, elapsed: 34s, ETA:    41s[>>>>>>>>>>>               ] 3583/7824, 104.2 task/s, elapsed: 34s, ETA:    41s[>>>>>>>>>>>               ] 3584/7824, 104.2 task/s, elapsed: 34s, ETA:    41s[>>>>>>>>>>>               ] 3585/7824, 104.2 task/s, elapsed: 34s, ETA:    41s[>>>>>>>>>>>               ] 3586/7824, 104.2 task/s, elapsed: 34s, ETA:    41s[>>>>>>>>>>>               ] 3587/7824, 104.2 task/s, elapsed: 34s, ETA:    41s[>>>>>>>>>>>               ] 3588/7824, 104.2 task/s, elapsed: 34s, ETA:    41s[>>>>>>>>>>>               ] 3589/7824, 104.2 task/s, elapsed: 34s, ETA:    41s[>>>>>>>>>>>               ] 3590/7824, 104.2 task/s, elapsed: 34s, ETA:    41s[>>>>>>>>>>>               ] 3591/7824, 104.2 task/s, elapsed: 34s, ETA:    41s[>>>>>>>>>>>               ] 3592/7824, 104.2 task/s, elapsed: 34s, ETA:    41s[>>>>>>>>>>>               ] 3593/7824, 104.2 task/s, elapsed: 34s, ETA:    41s[>>>>>>>>>>>               ] 3594/7824, 104.2 task/s, elapsed: 34s, ETA:    41s[>>>>>>>>>>>               ] 3595/7824, 104.2 task/s, elapsed: 34s, ETA:    41s[>>>>>>>>>>>               ] 3596/7824, 104.2 task/s, elapsed: 35s, ETA:    41s[>>>>>>>>>>>               ] 3597/7824, 104.2 task/s, elapsed: 35s, ETA:    41s[>>>>>>>>>>>               ] 3598/7824, 104.2 task/s, elapsed: 35s, ETA:    41s[>>>>>>>>>>>               ] 3599/7824, 104.2 task/s, elapsed: 35s, ETA:    41s[>>>>>>>>>>>               ] 3600/7824, 104.2 task/s, elapsed: 35s, ETA:    41s[>>>>>>>>>>>               ] 3601/7824, 104.2 task/s, elapsed: 35s, ETA:    41s[>>>>>>>>>>>               ] 3602/7824, 104.2 task/s, elapsed: 35s, ETA:    41s[>>>>>>>>>>>               ] 3603/7824, 104.2 task/s, elapsed: 35s, ETA:    40s[>>>>>>>>>>>               ] 3604/7824, 104.2 task/s, elapsed: 35s, ETA:    40s[>>>>>>>>>>>               ] 3605/7824, 104.2 task/s, elapsed: 35s, ETA:    40s[>>>>>>>>>>>               ] 3606/7824, 104.2 task/s, elapsed: 35s, ETA:    40s[>>>>>>>>>>>               ] 3607/7824, 104.2 task/s, elapsed: 35s, ETA:    40s[>>>>>>>>>>>               ] 3608/7824, 104.2 task/s, elapsed: 35s, ETA:    40s[>>>>>>>>>>>               ] 3609/7824, 104.2 task/s, elapsed: 35s, ETA:    40s[>>>>>>>>>>>               ] 3610/7824, 104.2 task/s, elapsed: 35s, ETA:    40s[>>>>>>>>>>>               ] 3611/7824, 104.2 task/s, elapsed: 35s, ETA:    40s[>>>>>>>>>>>>              ] 3612/7824, 104.3 task/s, elapsed: 35s, ETA:    40s[>>>>>>>>>>>>              ] 3613/7824, 104.3 task/s, elapsed: 35s, ETA:    40s[>>>>>>>>>>>>              ] 3614/7824, 104.3 task/s, elapsed: 35s, ETA:    40s[>>>>>>>>>>>>              ] 3615/7824, 104.3 task/s, elapsed: 35s, ETA:    40s[>>>>>>>>>>>>              ] 3616/7824, 104.3 task/s, elapsed: 35s, ETA:    40s[>>>>>>>>>>>>              ] 3617/7824, 104.3 task/s, elapsed: 35s, ETA:    40s[>>>>>>>>>>>>              ] 3618/7824, 104.3 task/s, elapsed: 35s, ETA:    40s[>>>>>>>>>>>>              ] 3619/7824, 104.3 task/s, elapsed: 35s, ETA:    40s[>>>>>>>>>>>>              ] 3620/7824, 104.3 task/s, elapsed: 35s, ETA:    40s[>>>>>>>>>>>>              ] 3621/7824, 104.3 task/s, elapsed: 35s, ETA:    40s[>>>>>>>>>>>>              ] 3622/7824, 104.3 task/s, elapsed: 35s, ETA:    40s[>>>>>>>>>>>>              ] 3623/7824, 104.3 task/s, elapsed: 35s, ETA:    40s[>>>>>>>>>>>>              ] 3624/7824, 104.3 task/s, elapsed: 35s, ETA:    40s[>>>>>>>>>>>>              ] 3625/7824, 104.3 task/s, elapsed: 35s, ETA:    40s[>>>>>>>>>>>>              ] 3626/7824, 104.3 task/s, elapsed: 35s, ETA:    40s[>>>>>>>>>>>>              ] 3627/7824, 104.3 task/s, elapsed: 35s, ETA:    40s[>>>>>>>>>>>>              ] 3628/7824, 104.3 task/s, elapsed: 35s, ETA:    40s[>>>>>>>>>>>>              ] 3629/7824, 104.3 task/s, elapsed: 35s, ETA:    40s[>>>>>>>>>>>>              ] 3630/7824, 104.3 task/s, elapsed: 35s, ETA:    40s[>>>>>>>>>>>>              ] 3631/7824, 104.3 task/s, elapsed: 35s, ETA:    40s[>>>>>>>>>>>>              ] 3632/7824, 104.3 task/s, elapsed: 35s, ETA:    40s[>>>>>>>>>>>>              ] 3633/7824, 104.3 task/s, elapsed: 35s, ETA:    40s[>>>>>>>>>>>>              ] 3634/7824, 104.3 task/s, elapsed: 35s, ETA:    40s[>>>>>>>>>>>>              ] 3635/7824, 104.3 task/s, elapsed: 35s, ETA:    40s[>>>>>>>>>>>>              ] 3636/7824, 104.3 task/s, elapsed: 35s, ETA:    40s[>>>>>>>>>>>>              ] 3637/7824, 104.3 task/s, elapsed: 35s, ETA:    40s[>>>>>>>>>>>>              ] 3638/7824, 104.3 task/s, elapsed: 35s, ETA:    40s[>>>>>>>>>>>>              ] 3639/7824, 104.3 task/s, elapsed: 35s, ETA:    40s[>>>>>>>>>>>>              ] 3640/7824, 104.3 task/s, elapsed: 35s, ETA:    40s[>>>>>>>>>>>>              ] 3641/7824, 104.3 task/s, elapsed: 35s, ETA:    40s[>>>>>>>>>>>>              ] 3642/7824, 104.3 task/s, elapsed: 35s, ETA:    40s[>>>>>>>>>>>>              ] 3643/7824, 104.3 task/s, elapsed: 35s, ETA:    40s[>>>>>>>>>>>>              ] 3644/7824, 104.3 task/s, elapsed: 35s, ETA:    40s[>>>>>>>>>>>>              ] 3645/7824, 104.3 task/s, elapsed: 35s, ETA:    40s[>>>>>>>>>>>>              ] 3646/7824, 104.3 task/s, elapsed: 35s, ETA:    40s[>>>>>>>>>>>>              ] 3647/7824, 104.3 task/s, elapsed: 35s, ETA:    40s[>>>>>>>>>>>>              ] 3648/7824, 104.3 task/s, elapsed: 35s, ETA:    40s[>>>>>>>>>>>>              ] 3649/7824, 104.3 task/s, elapsed: 35s, ETA:    40s[>>>>>>>>>>>>              ] 3650/7824, 104.3 task/s, elapsed: 35s, ETA:    40s[>>>>>>>>>>>>              ] 3651/7824, 104.3 task/s, elapsed: 35s, ETA:    40s[>>>>>>>>>>>>              ] 3652/7824, 104.3 task/s, elapsed: 35s, ETA:    40s[>>>>>>>>>>>>              ] 3653/7824, 104.3 task/s, elapsed: 35s, ETA:    40s[>>>>>>>>>>>>              ] 3654/7824, 104.3 task/s, elapsed: 35s, ETA:    40s[>>>>>>>>>>>>              ] 3655/7824, 104.3 task/s, elapsed: 35s, ETA:    40s[>>>>>>>>>>>>              ] 3656/7824, 104.3 task/s, elapsed: 35s, ETA:    40s[>>>>>>>>>>>>              ] 3657/7824, 104.3 task/s, elapsed: 35s, ETA:    40s[>>>>>>>>>>>>              ] 3658/7824, 104.3 task/s, elapsed: 35s, ETA:    40s[>>>>>>>>>>>>              ] 3659/7824, 104.3 task/s, elapsed: 35s, ETA:    40s[>>>>>>>>>>>>              ] 3660/7824, 104.3 task/s, elapsed: 35s, ETA:    40s[>>>>>>>>>>>>              ] 3661/7824, 104.3 task/s, elapsed: 35s, ETA:    40s[>>>>>>>>>>>>              ] 3662/7824, 104.3 task/s, elapsed: 35s, ETA:    40s[>>>>>>>>>>>>              ] 3663/7824, 104.3 task/s, elapsed: 35s, ETA:    40s[>>>>>>>>>>>>              ] 3664/7824, 104.3 task/s, elapsed: 35s, ETA:    40s[>>>>>>>>>>>>              ] 3665/7824, 104.3 task/s, elapsed: 35s, ETA:    40s[>>>>>>>>>>>>              ] 3666/7824, 104.3 task/s, elapsed: 35s, ETA:    40s[>>>>>>>>>>>>              ] 3667/7824, 104.4 task/s, elapsed: 35s, ETA:    40s[>>>>>>>>>>>>              ] 3668/7824, 104.4 task/s, elapsed: 35s, ETA:    40s[>>>>>>>>>>>>              ] 3669/7824, 104.4 task/s, elapsed: 35s, ETA:    40s[>>>>>>>>>>>>              ] 3670/7824, 104.4 task/s, elapsed: 35s, ETA:    40s[>>>>>>>>>>>>              ] 3671/7824, 104.4 task/s, elapsed: 35s, ETA:    40s[>>>>>>>>>>>>              ] 3672/7824, 104.4 task/s, elapsed: 35s, ETA:    40s[>>>>>>>>>>>>              ] 3673/7824, 104.4 task/s, elapsed: 35s, ETA:    40s[>>>>>>>>>>>>              ] 3674/7824, 104.4 task/s, elapsed: 35s, ETA:    40s[>>>>>>>>>>>>              ] 3675/7824, 104.4 task/s, elapsed: 35s, ETA:    40s[>>>>>>>>>>>>              ] 3676/7824, 104.4 task/s, elapsed: 35s, ETA:    40s[>>>>>>>>>>>>              ] 3677/7824, 104.4 task/s, elapsed: 35s, ETA:    40s[>>>>>>>>>>>>              ] 3678/7824, 104.4 task/s, elapsed: 35s, ETA:    40s[>>>>>>>>>>>>              ] 3679/7824, 104.4 task/s, elapsed: 35s, ETA:    40s[>>>>>>>>>>>>              ] 3680/7824, 104.4 task/s, elapsed: 35s, ETA:    40s[>>>>>>>>>>>>              ] 3681/7824, 104.4 task/s, elapsed: 35s, ETA:    40s[>>>>>>>>>>>>              ] 3682/7824, 104.4 task/s, elapsed: 35s, ETA:    40s[>>>>>>>>>>>>              ] 3683/7824, 104.4 task/s, elapsed: 35s, ETA:    40s[>>>>>>>>>>>>              ] 3684/7824, 104.4 task/s, elapsed: 35s, ETA:    40s[>>>>>>>>>>>>              ] 3685/7824, 104.4 task/s, elapsed: 35s, ETA:    40s[>>>>>>>>>>>>              ] 3686/7824, 104.4 task/s, elapsed: 35s, ETA:    40s[>>>>>>>>>>>>              ] 3687/7824, 104.4 task/s, elapsed: 35s, ETA:    40s[>>>>>>>>>>>>              ] 3688/7824, 104.4 task/s, elapsed: 35s, ETA:    40s[>>>>>>>>>>>>              ] 3689/7824, 104.4 task/s, elapsed: 35s, ETA:    40s[>>>>>>>>>>>>              ] 3690/7824, 104.4 task/s, elapsed: 35s, ETA:    40s[>>>>>>>>>>>>              ] 3691/7824, 104.4 task/s, elapsed: 35s, ETA:    40s[>>>>>>>>>>>>              ] 3692/7824, 104.4 task/s, elapsed: 35s, ETA:    40s[>>>>>>>>>>>>              ] 3693/7824, 104.4 task/s, elapsed: 35s, ETA:    40s[>>>>>>>>>>>>              ] 3694/7824, 104.4 task/s, elapsed: 35s, ETA:    40s[>>>>>>>>>>>>              ] 3695/7824, 104.4 task/s, elapsed: 35s, ETA:    40s[>>>>>>>>>>>>              ] 3696/7824, 104.4 task/s, elapsed: 35s, ETA:    40s[>>>>>>>>>>>>              ] 3697/7824, 104.4 task/s, elapsed: 35s, ETA:    40s[>>>>>>>>>>>>              ] 3698/7824, 104.4 task/s, elapsed: 35s, ETA:    40s[>>>>>>>>>>>>              ] 3699/7824, 104.4 task/s, elapsed: 35s, ETA:    40s[>>>>>>>>>>>>              ] 3700/7824, 104.4 task/s, elapsed: 35s, ETA:    39s[>>>>>>>>>>>>              ] 3701/7824, 104.4 task/s, elapsed: 35s, ETA:    39s[>>>>>>>>>>>>              ] 3702/7824, 104.4 task/s, elapsed: 35s, ETA:    39s[>>>>>>>>>>>>              ] 3703/7824, 104.4 task/s, elapsed: 35s, ETA:    39s[>>>>>>>>>>>>              ] 3704/7824, 104.4 task/s, elapsed: 35s, ETA:    39s[>>>>>>>>>>>>              ] 3705/7824, 104.4 task/s, elapsed: 35s, ETA:    39s[>>>>>>>>>>>>              ] 3706/7824, 104.4 task/s, elapsed: 35s, ETA:    39s[>>>>>>>>>>>>              ] 3707/7824, 104.4 task/s, elapsed: 35s, ETA:    39s[>>>>>>>>>>>>              ] 3708/7824, 104.4 task/s, elapsed: 36s, ETA:    39s[>>>>>>>>>>>>              ] 3709/7824, 104.4 task/s, elapsed: 36s, ETA:    39s[>>>>>>>>>>>>              ] 3710/7824, 104.4 task/s, elapsed: 36s, ETA:    39s[>>>>>>>>>>>>              ] 3711/7824, 104.4 task/s, elapsed: 36s, ETA:    39s[>>>>>>>>>>>>              ] 3712/7824, 104.4 task/s, elapsed: 36s, ETA:    39s[>>>>>>>>>>>>              ] 3713/7824, 104.4 task/s, elapsed: 36s, ETA:    39s[>>>>>>>>>>>>              ] 3714/7824, 104.4 task/s, elapsed: 36s, ETA:    39s[>>>>>>>>>>>>              ] 3715/7824, 104.4 task/s, elapsed: 36s, ETA:    39s[>>>>>>>>>>>>              ] 3716/7824, 104.4 task/s, elapsed: 36s, ETA:    39s[>>>>>>>>>>>>              ] 3717/7824, 104.4 task/s, elapsed: 36s, ETA:    39s[>>>>>>>>>>>>              ] 3718/7824, 104.4 task/s, elapsed: 36s, ETA:    39s[>>>>>>>>>>>>              ] 3719/7824, 104.4 task/s, elapsed: 36s, ETA:    39s[>>>>>>>>>>>>              ] 3720/7824, 104.4 task/s, elapsed: 36s, ETA:    39s[>>>>>>>>>>>>              ] 3721/7824, 104.4 task/s, elapsed: 36s, ETA:    39s[>>>>>>>>>>>>              ] 3722/7824, 104.4 task/s, elapsed: 36s, ETA:    39s[>>>>>>>>>>>>              ] 3723/7824, 104.5 task/s, elapsed: 36s, ETA:    39s[>>>>>>>>>>>>              ] 3724/7824, 104.5 task/s, elapsed: 36s, ETA:    39s[>>>>>>>>>>>>              ] 3725/7824, 104.5 task/s, elapsed: 36s, ETA:    39s[>>>>>>>>>>>>              ] 3726/7824, 104.5 task/s, elapsed: 36s, ETA:    39s[>>>>>>>>>>>>              ] 3727/7824, 104.5 task/s, elapsed: 36s, ETA:    39s[>>>>>>>>>>>>              ] 3728/7824, 104.5 task/s, elapsed: 36s, ETA:    39s[>>>>>>>>>>>>              ] 3729/7824, 104.5 task/s, elapsed: 36s, ETA:    39s[>>>>>>>>>>>>              ] 3730/7824, 104.5 task/s, elapsed: 36s, ETA:    39s[>>>>>>>>>>>>              ] 3731/7824, 104.5 task/s, elapsed: 36s, ETA:    39s[>>>>>>>>>>>>              ] 3732/7824, 104.5 task/s, elapsed: 36s, ETA:    39s[>>>>>>>>>>>>              ] 3733/7824, 104.5 task/s, elapsed: 36s, ETA:    39s[>>>>>>>>>>>>              ] 3734/7824, 104.5 task/s, elapsed: 36s, ETA:    39s[>>>>>>>>>>>>              ] 3735/7824, 104.5 task/s, elapsed: 36s, ETA:    39s[>>>>>>>>>>>>              ] 3736/7824, 104.5 task/s, elapsed: 36s, ETA:    39s[>>>>>>>>>>>>              ] 3737/7824, 104.5 task/s, elapsed: 36s, ETA:    39s[>>>>>>>>>>>>              ] 3738/7824, 104.5 task/s, elapsed: 36s, ETA:    39s[>>>>>>>>>>>>              ] 3739/7824, 104.5 task/s, elapsed: 36s, ETA:    39s[>>>>>>>>>>>>              ] 3740/7824, 104.5 task/s, elapsed: 36s, ETA:    39s[>>>>>>>>>>>>              ] 3741/7824, 104.5 task/s, elapsed: 36s, ETA:    39s[>>>>>>>>>>>>              ] 3742/7824, 104.5 task/s, elapsed: 36s, ETA:    39s[>>>>>>>>>>>>              ] 3743/7824, 104.5 task/s, elapsed: 36s, ETA:    39s[>>>>>>>>>>>>              ] 3744/7824, 104.5 task/s, elapsed: 36s, ETA:    39s[>>>>>>>>>>>>              ] 3745/7824, 104.5 task/s, elapsed: 36s, ETA:    39s[>>>>>>>>>>>>              ] 3746/7824, 104.5 task/s, elapsed: 36s, ETA:    39s[>>>>>>>>>>>>              ] 3747/7824, 104.5 task/s, elapsed: 36s, ETA:    39s[>>>>>>>>>>>>              ] 3748/7824, 104.5 task/s, elapsed: 36s, ETA:    39s[>>>>>>>>>>>>              ] 3749/7824, 104.5 task/s, elapsed: 36s, ETA:    39s[>>>>>>>>>>>>              ] 3750/7824, 104.5 task/s, elapsed: 36s, ETA:    39s[>>>>>>>>>>>>              ] 3751/7824, 104.5 task/s, elapsed: 36s, ETA:    39s[>>>>>>>>>>>>              ] 3752/7824, 104.5 task/s, elapsed: 36s, ETA:    39s[>>>>>>>>>>>>              ] 3753/7824, 104.5 task/s, elapsed: 36s, ETA:    39s[>>>>>>>>>>>>              ] 3754/7824, 104.5 task/s, elapsed: 36s, ETA:    39s[>>>>>>>>>>>>              ] 3755/7824, 104.5 task/s, elapsed: 36s, ETA:    39s[>>>>>>>>>>>>              ] 3756/7824, 104.5 task/s, elapsed: 36s, ETA:    39s[>>>>>>>>>>>>              ] 3757/7824, 104.5 task/s, elapsed: 36s, ETA:    39s[>>>>>>>>>>>>              ] 3758/7824, 104.5 task/s, elapsed: 36s, ETA:    39s[>>>>>>>>>>>>              ] 3759/7824, 104.5 task/s, elapsed: 36s, ETA:    39s[>>>>>>>>>>>>              ] 3760/7824, 104.5 task/s, elapsed: 36s, ETA:    39s[>>>>>>>>>>>>              ] 3761/7824, 104.5 task/s, elapsed: 36s, ETA:    39s[>>>>>>>>>>>>              ] 3762/7824, 104.5 task/s, elapsed: 36s, ETA:    39s[>>>>>>>>>>>>              ] 3763/7824, 104.5 task/s, elapsed: 36s, ETA:    39s[>>>>>>>>>>>>              ] 3764/7824, 104.5 task/s, elapsed: 36s, ETA:    39s[>>>>>>>>>>>>              ] 3765/7824, 104.5 task/s, elapsed: 36s, ETA:    39s[>>>>>>>>>>>>              ] 3766/7824, 104.5 task/s, elapsed: 36s, ETA:    39s[>>>>>>>>>>>>              ] 3767/7824, 104.5 task/s, elapsed: 36s, ETA:    39s[>>>>>>>>>>>>              ] 3768/7824, 104.5 task/s, elapsed: 36s, ETA:    39s[>>>>>>>>>>>>              ] 3769/7824, 104.5 task/s, elapsed: 36s, ETA:    39s[>>>>>>>>>>>>              ] 3770/7824, 104.5 task/s, elapsed: 36s, ETA:    39s[>>>>>>>>>>>>              ] 3771/7824, 104.5 task/s, elapsed: 36s, ETA:    39s[>>>>>>>>>>>>              ] 3772/7824, 104.5 task/s, elapsed: 36s, ETA:    39s[>>>>>>>>>>>>              ] 3773/7824, 104.5 task/s, elapsed: 36s, ETA:    39s[>>>>>>>>>>>>              ] 3774/7824, 104.5 task/s, elapsed: 36s, ETA:    39s[>>>>>>>>>>>>              ] 3775/7824, 104.5 task/s, elapsed: 36s, ETA:    39s[>>>>>>>>>>>>              ] 3776/7824, 104.6 task/s, elapsed: 36s, ETA:    39s[>>>>>>>>>>>>              ] 3777/7824, 104.6 task/s, elapsed: 36s, ETA:    39s[>>>>>>>>>>>>              ] 3778/7824, 104.6 task/s, elapsed: 36s, ETA:    39s[>>>>>>>>>>>>              ] 3779/7824, 104.6 task/s, elapsed: 36s, ETA:    39s[>>>>>>>>>>>>              ] 3780/7824, 104.6 task/s, elapsed: 36s, ETA:    39s[>>>>>>>>>>>>              ] 3781/7824, 104.6 task/s, elapsed: 36s, ETA:    39s[>>>>>>>>>>>>              ] 3782/7824, 104.6 task/s, elapsed: 36s, ETA:    39s[>>>>>>>>>>>>              ] 3783/7824, 104.6 task/s, elapsed: 36s, ETA:    39s[>>>>>>>>>>>>              ] 3784/7824, 104.6 task/s, elapsed: 36s, ETA:    39s[>>>>>>>>>>>>              ] 3785/7824, 104.6 task/s, elapsed: 36s, ETA:    39s[>>>>>>>>>>>>              ] 3786/7824, 104.6 task/s, elapsed: 36s, ETA:    39s[>>>>>>>>>>>>              ] 3787/7824, 104.6 task/s, elapsed: 36s, ETA:    39s[>>>>>>>>>>>>              ] 3788/7824, 104.6 task/s, elapsed: 36s, ETA:    39s[>>>>>>>>>>>>              ] 3789/7824, 104.6 task/s, elapsed: 36s, ETA:    39s[>>>>>>>>>>>>              ] 3790/7824, 104.6 task/s, elapsed: 36s, ETA:    39s[>>>>>>>>>>>>              ] 3791/7824, 104.6 task/s, elapsed: 36s, ETA:    39s[>>>>>>>>>>>>              ] 3792/7824, 104.6 task/s, elapsed: 36s, ETA:    39s[>>>>>>>>>>>>              ] 3793/7824, 104.6 task/s, elapsed: 36s, ETA:    39s[>>>>>>>>>>>>              ] 3794/7824, 104.6 task/s, elapsed: 36s, ETA:    39s[>>>>>>>>>>>>              ] 3795/7824, 104.6 task/s, elapsed: 36s, ETA:    39s[>>>>>>>>>>>>              ] 3796/7824, 104.6 task/s, elapsed: 36s, ETA:    39s[>>>>>>>>>>>>              ] 3797/7824, 104.6 task/s, elapsed: 36s, ETA:    39s[>>>>>>>>>>>>              ] 3798/7824, 104.6 task/s, elapsed: 36s, ETA:    38s[>>>>>>>>>>>>              ] 3799/7824, 104.6 task/s, elapsed: 36s, ETA:    38s[>>>>>>>>>>>>              ] 3800/7824, 104.6 task/s, elapsed: 36s, ETA:    38s[>>>>>>>>>>>>              ] 3801/7824, 104.6 task/s, elapsed: 36s, ETA:    38s[>>>>>>>>>>>>              ] 3802/7824, 104.6 task/s, elapsed: 36s, ETA:    38s[>>>>>>>>>>>>              ] 3803/7824, 104.6 task/s, elapsed: 36s, ETA:    38s[>>>>>>>>>>>>              ] 3804/7824, 104.6 task/s, elapsed: 36s, ETA:    38s[>>>>>>>>>>>>              ] 3805/7824, 104.6 task/s, elapsed: 36s, ETA:    38s[>>>>>>>>>>>>              ] 3806/7824, 104.6 task/s, elapsed: 36s, ETA:    38s[>>>>>>>>>>>>              ] 3807/7824, 104.6 task/s, elapsed: 36s, ETA:    38s[>>>>>>>>>>>>              ] 3808/7824, 104.6 task/s, elapsed: 36s, ETA:    38s[>>>>>>>>>>>>              ] 3809/7824, 104.6 task/s, elapsed: 36s, ETA:    38s[>>>>>>>>>>>>              ] 3810/7824, 104.6 task/s, elapsed: 36s, ETA:    38s[>>>>>>>>>>>>              ] 3811/7824, 104.6 task/s, elapsed: 36s, ETA:    38s[>>>>>>>>>>>>              ] 3812/7824, 104.6 task/s, elapsed: 36s, ETA:    38s[>>>>>>>>>>>>              ] 3813/7824, 104.6 task/s, elapsed: 36s, ETA:    38s[>>>>>>>>>>>>              ] 3814/7824, 104.6 task/s, elapsed: 36s, ETA:    38s[>>>>>>>>>>>>              ] 3815/7824, 104.6 task/s, elapsed: 36s, ETA:    38s[>>>>>>>>>>>>              ] 3816/7824, 104.6 task/s, elapsed: 36s, ETA:    38s[>>>>>>>>>>>>              ] 3817/7824, 104.6 task/s, elapsed: 36s, ETA:    38s[>>>>>>>>>>>>              ] 3818/7824, 104.6 task/s, elapsed: 36s, ETA:    38s[>>>>>>>>>>>>              ] 3819/7824, 104.6 task/s, elapsed: 36s, ETA:    38s[>>>>>>>>>>>>              ] 3820/7824, 104.6 task/s, elapsed: 37s, ETA:    38s[>>>>>>>>>>>>              ] 3821/7824, 104.6 task/s, elapsed: 37s, ETA:    38s[>>>>>>>>>>>>              ] 3822/7824, 104.6 task/s, elapsed: 37s, ETA:    38s[>>>>>>>>>>>>              ] 3823/7824, 104.6 task/s, elapsed: 37s, ETA:    38s[>>>>>>>>>>>>              ] 3824/7824, 104.6 task/s, elapsed: 37s, ETA:    38s[>>>>>>>>>>>>              ] 3825/7824, 104.7 task/s, elapsed: 37s, ETA:    38s[>>>>>>>>>>>>              ] 3826/7824, 104.7 task/s, elapsed: 37s, ETA:    38s[>>>>>>>>>>>>              ] 3827/7824, 104.7 task/s, elapsed: 37s, ETA:    38s[>>>>>>>>>>>>              ] 3828/7824, 104.7 task/s, elapsed: 37s, ETA:    38s[>>>>>>>>>>>>              ] 3829/7824, 104.7 task/s, elapsed: 37s, ETA:    38s[>>>>>>>>>>>>              ] 3830/7824, 104.7 task/s, elapsed: 37s, ETA:    38s[>>>>>>>>>>>>              ] 3831/7824, 104.7 task/s, elapsed: 37s, ETA:    38s[>>>>>>>>>>>>              ] 3832/7824, 104.7 task/s, elapsed: 37s, ETA:    38s[>>>>>>>>>>>>              ] 3833/7824, 104.7 task/s, elapsed: 37s, ETA:    38s[>>>>>>>>>>>>              ] 3834/7824, 104.7 task/s, elapsed: 37s, ETA:    38s[>>>>>>>>>>>>              ] 3835/7824, 104.7 task/s, elapsed: 37s, ETA:    38s[>>>>>>>>>>>>              ] 3836/7824, 104.7 task/s, elapsed: 37s, ETA:    38s[>>>>>>>>>>>>              ] 3837/7824, 104.7 task/s, elapsed: 37s, ETA:    38s[>>>>>>>>>>>>              ] 3838/7824, 104.6 task/s, elapsed: 37s, ETA:    38s[>>>>>>>>>>>>              ] 3839/7824, 104.6 task/s, elapsed: 37s, ETA:    38s[>>>>>>>>>>>>              ] 3840/7824, 104.6 task/s, elapsed: 37s, ETA:    38s[>>>>>>>>>>>>              ] 3841/7824, 104.6 task/s, elapsed: 37s, ETA:    38s[>>>>>>>>>>>>              ] 3842/7824, 104.6 task/s, elapsed: 37s, ETA:    38s[>>>>>>>>>>>>              ] 3843/7824, 104.6 task/s, elapsed: 37s, ETA:    38s[>>>>>>>>>>>>              ] 3844/7824, 104.6 task/s, elapsed: 37s, ETA:    38s[>>>>>>>>>>>>              ] 3845/7824, 104.6 task/s, elapsed: 37s, ETA:    38s[>>>>>>>>>>>>              ] 3846/7824, 104.6 task/s, elapsed: 37s, ETA:    38s[>>>>>>>>>>>>              ] 3847/7824, 104.5 task/s, elapsed: 37s, ETA:    38s[>>>>>>>>>>>>              ] 3848/7824, 104.5 task/s, elapsed: 37s, ETA:    38s[>>>>>>>>>>>>              ] 3849/7824, 104.5 task/s, elapsed: 37s, ETA:    38s[>>>>>>>>>>>>              ] 3850/7824, 104.5 task/s, elapsed: 37s, ETA:    38s[>>>>>>>>>>>>              ] 3851/7824, 104.5 task/s, elapsed: 37s, ETA:    38s[>>>>>>>>>>>>              ] 3852/7824, 104.5 task/s, elapsed: 37s, ETA:    38s[>>>>>>>>>>>>              ] 3853/7824, 104.5 task/s, elapsed: 37s, ETA:    38s[>>>>>>>>>>>>              ] 3854/7824, 104.5 task/s, elapsed: 37s, ETA:    38s[>>>>>>>>>>>>              ] 3855/7824, 104.5 task/s, elapsed: 37s, ETA:    38s[>>>>>>>>>>>>              ] 3856/7824, 104.5 task/s, elapsed: 37s, ETA:    38s[>>>>>>>>>>>>              ] 3857/7824, 104.5 task/s, elapsed: 37s, ETA:    38s[>>>>>>>>>>>>              ] 3858/7824, 104.4 task/s, elapsed: 37s, ETA:    38s[>>>>>>>>>>>>              ] 3859/7824, 104.4 task/s, elapsed: 37s, ETA:    38s[>>>>>>>>>>>>              ] 3860/7824, 104.4 task/s, elapsed: 37s, ETA:    38s[>>>>>>>>>>>>              ] 3861/7824, 104.4 task/s, elapsed: 37s, ETA:    38s[>>>>>>>>>>>>              ] 3862/7824, 104.4 task/s, elapsed: 37s, ETA:    38s[>>>>>>>>>>>>              ] 3863/7824, 104.4 task/s, elapsed: 37s, ETA:    38s[>>>>>>>>>>>>              ] 3864/7824, 104.4 task/s, elapsed: 37s, ETA:    38s[>>>>>>>>>>>>              ] 3865/7824, 104.3 task/s, elapsed: 37s, ETA:    38s[>>>>>>>>>>>>              ] 3866/7824, 104.3 task/s, elapsed: 37s, ETA:    38s[>>>>>>>>>>>>              ] 3867/7824, 104.3 task/s, elapsed: 37s, ETA:    38s[>>>>>>>>>>>>              ] 3868/7824, 104.3 task/s, elapsed: 37s, ETA:    38s[>>>>>>>>>>>>              ] 3869/7824, 104.3 task/s, elapsed: 37s, ETA:    38s[>>>>>>>>>>>>              ] 3870/7824, 104.3 task/s, elapsed: 37s, ETA:    38s[>>>>>>>>>>>>              ] 3871/7824, 104.3 task/s, elapsed: 37s, ETA:    38s[>>>>>>>>>>>>              ] 3872/7824, 104.3 task/s, elapsed: 37s, ETA:    38s[>>>>>>>>>>>>              ] 3873/7824, 104.2 task/s, elapsed: 37s, ETA:    38s[>>>>>>>>>>>>              ] 3874/7824, 104.2 task/s, elapsed: 37s, ETA:    38s[>>>>>>>>>>>>              ] 3875/7824, 104.2 task/s, elapsed: 37s, ETA:    38s[>>>>>>>>>>>>              ] 3876/7824, 104.2 task/s, elapsed: 37s, ETA:    38s[>>>>>>>>>>>>              ] 3877/7824, 104.2 task/s, elapsed: 37s, ETA:    38s[>>>>>>>>>>>>              ] 3878/7824, 104.2 task/s, elapsed: 37s, ETA:    38s[>>>>>>>>>>>>              ] 3879/7824, 104.2 task/s, elapsed: 37s, ETA:    38s[>>>>>>>>>>>>              ] 3880/7824, 104.2 task/s, elapsed: 37s, ETA:    38s[>>>>>>>>>>>>              ] 3881/7824, 104.2 task/s, elapsed: 37s, ETA:    38s[>>>>>>>>>>>>              ] 3882/7824, 104.2 task/s, elapsed: 37s, ETA:    38s[>>>>>>>>>>>>              ] 3883/7824, 104.2 task/s, elapsed: 37s, ETA:    38s[>>>>>>>>>>>>              ] 3884/7824, 104.1 task/s, elapsed: 37s, ETA:    38s[>>>>>>>>>>>>              ] 3885/7824, 104.1 task/s, elapsed: 37s, ETA:    38s[>>>>>>>>>>>>              ] 3886/7824, 104.1 task/s, elapsed: 37s, ETA:    38s[>>>>>>>>>>>>              ] 3887/7824, 104.1 task/s, elapsed: 37s, ETA:    38s[>>>>>>>>>>>>              ] 3888/7824, 104.1 task/s, elapsed: 37s, ETA:    38s[>>>>>>>>>>>>              ] 3889/7824, 104.1 task/s, elapsed: 37s, ETA:    38s[>>>>>>>>>>>>              ] 3890/7824, 104.1 task/s, elapsed: 37s, ETA:    38s[>>>>>>>>>>>>              ] 3891/7824, 104.1 task/s, elapsed: 37s, ETA:    38s[>>>>>>>>>>>>              ] 3892/7824, 104.1 task/s, elapsed: 37s, ETA:    38s[>>>>>>>>>>>>              ] 3893/7824, 104.1 task/s, elapsed: 37s, ETA:    38s[>>>>>>>>>>>>              ] 3894/7824, 104.0 task/s, elapsed: 37s, ETA:    38s[>>>>>>>>>>>>              ] 3895/7824, 104.0 task/s, elapsed: 37s, ETA:    38s[>>>>>>>>>>>>              ] 3896/7824, 104.0 task/s, elapsed: 37s, ETA:    38s[>>>>>>>>>>>>              ] 3897/7824, 104.0 task/s, elapsed: 37s, ETA:    38s[>>>>>>>>>>>>              ] 3898/7824, 104.0 task/s, elapsed: 37s, ETA:    38s[>>>>>>>>>>>>              ] 3899/7824, 104.0 task/s, elapsed: 37s, ETA:    38s[>>>>>>>>>>>>              ] 3900/7824, 104.0 task/s, elapsed: 38s, ETA:    38s[>>>>>>>>>>>>              ] 3901/7824, 104.0 task/s, elapsed: 38s, ETA:    38s[>>>>>>>>>>>>              ] 3902/7824, 104.0 task/s, elapsed: 38s, ETA:    38s[>>>>>>>>>>>>              ] 3903/7824, 104.0 task/s, elapsed: 38s, ETA:    38s[>>>>>>>>>>>>              ] 3904/7824, 104.0 task/s, elapsed: 38s, ETA:    38s[>>>>>>>>>>>>              ] 3905/7824, 103.9 task/s, elapsed: 38s, ETA:    38s[>>>>>>>>>>>>              ] 3906/7824, 103.9 task/s, elapsed: 38s, ETA:    38s[>>>>>>>>>>>>              ] 3907/7824, 103.9 task/s, elapsed: 38s, ETA:    38s[>>>>>>>>>>>>              ] 3908/7824, 103.9 task/s, elapsed: 38s, ETA:    38s[>>>>>>>>>>>>              ] 3909/7824, 103.9 task/s, elapsed: 38s, ETA:    38s[>>>>>>>>>>>>              ] 3910/7824, 103.9 task/s, elapsed: 38s, ETA:    38s[>>>>>>>>>>>>              ] 3911/7824, 103.9 task/s, elapsed: 38s, ETA:    38s[>>>>>>>>>>>>>             ] 3912/7824, 103.9 task/s, elapsed: 38s, ETA:    38s[>>>>>>>>>>>>>             ] 3913/7824, 103.9 task/s, elapsed: 38s, ETA:    38s[>>>>>>>>>>>>>             ] 3914/7824, 103.9 task/s, elapsed: 38s, ETA:    38s[>>>>>>>>>>>>>             ] 3915/7824, 103.8 task/s, elapsed: 38s, ETA:    38s[>>>>>>>>>>>>>             ] 3916/7824, 103.8 task/s, elapsed: 38s, ETA:    38s[>>>>>>>>>>>>>             ] 3917/7824, 103.8 task/s, elapsed: 38s, ETA:    38s[>>>>>>>>>>>>>             ] 3918/7824, 103.8 task/s, elapsed: 38s, ETA:    38s[>>>>>>>>>>>>>             ] 3919/7824, 103.8 task/s, elapsed: 38s, ETA:    38s[>>>>>>>>>>>>>             ] 3920/7824, 103.8 task/s, elapsed: 38s, ETA:    38s[>>>>>>>>>>>>>             ] 3921/7824, 103.8 task/s, elapsed: 38s, ETA:    38s[>>>>>>>>>>>>>             ] 3922/7824, 103.8 task/s, elapsed: 38s, ETA:    38s[>>>>>>>>>>>>>             ] 3923/7824, 103.8 task/s, elapsed: 38s, ETA:    38s[>>>>>>>>>>>>>             ] 3924/7824, 103.8 task/s, elapsed: 38s, ETA:    38s[>>>>>>>>>>>>>             ] 3925/7824, 103.7 task/s, elapsed: 38s, ETA:    38s[>>>>>>>>>>>>>             ] 3926/7824, 103.7 task/s, elapsed: 38s, ETA:    38s[>>>>>>>>>>>>>             ] 3927/7824, 103.7 task/s, elapsed: 38s, ETA:    38s[>>>>>>>>>>>>>             ] 3928/7824, 103.7 task/s, elapsed: 38s, ETA:    38s[>>>>>>>>>>>>>             ] 3929/7824, 103.7 task/s, elapsed: 38s, ETA:    38s[>>>>>>>>>>>>>             ] 3930/7824, 103.7 task/s, elapsed: 38s, ETA:    38s[>>>>>>>>>>>>>             ] 3931/7824, 103.7 task/s, elapsed: 38s, ETA:    38s[>>>>>>>>>>>>>             ] 3932/7824, 103.7 task/s, elapsed: 38s, ETA:    38s[>>>>>>>>>>>>>             ] 3933/7824, 103.7 task/s, elapsed: 38s, ETA:    38s[>>>>>>>>>>>>>             ] 3934/7824, 103.7 task/s, elapsed: 38s, ETA:    38s[>>>>>>>>>>>>>             ] 3935/7824, 103.7 task/s, elapsed: 38s, ETA:    38s[>>>>>>>>>>>>>             ] 3936/7824, 103.6 task/s, elapsed: 38s, ETA:    38s[>>>>>>>>>>>>>             ] 3937/7824, 103.6 task/s, elapsed: 38s, ETA:    38s[>>>>>>>>>>>>>             ] 3938/7824, 103.6 task/s, elapsed: 38s, ETA:    37s[>>>>>>>>>>>>>             ] 3939/7824, 103.6 task/s, elapsed: 38s, ETA:    37s[>>>>>>>>>>>>>             ] 3940/7824, 103.6 task/s, elapsed: 38s, ETA:    37s[>>>>>>>>>>>>>             ] 3941/7824, 103.6 task/s, elapsed: 38s, ETA:    37s[>>>>>>>>>>>>>             ] 3942/7824, 103.6 task/s, elapsed: 38s, ETA:    37s[>>>>>>>>>>>>>             ] 3943/7824, 103.6 task/s, elapsed: 38s, ETA:    37s[>>>>>>>>>>>>>             ] 3944/7824, 103.6 task/s, elapsed: 38s, ETA:    37s[>>>>>>>>>>>>>             ] 3945/7824, 103.6 task/s, elapsed: 38s, ETA:    37s[>>>>>>>>>>>>>             ] 3946/7824, 103.6 task/s, elapsed: 38s, ETA:    37s[>>>>>>>>>>>>>             ] 3947/7824, 103.5 task/s, elapsed: 38s, ETA:    37s[>>>>>>>>>>>>>             ] 3948/7824, 103.5 task/s, elapsed: 38s, ETA:    37s[>>>>>>>>>>>>>             ] 3949/7824, 103.5 task/s, elapsed: 38s, ETA:    37s[>>>>>>>>>>>>>             ] 3950/7824, 103.5 task/s, elapsed: 38s, ETA:    37s[>>>>>>>>>>>>>             ] 3951/7824, 103.5 task/s, elapsed: 38s, ETA:    37s[>>>>>>>>>>>>>             ] 3952/7824, 103.5 task/s, elapsed: 38s, ETA:    37s[>>>>>>>>>>>>>             ] 3953/7824, 103.5 task/s, elapsed: 38s, ETA:    37s[>>>>>>>>>>>>>             ] 3954/7824, 103.5 task/s, elapsed: 38s, ETA:    37s[>>>>>>>>>>>>>             ] 3955/7824, 103.5 task/s, elapsed: 38s, ETA:    37s[>>>>>>>>>>>>>             ] 3956/7824, 103.5 task/s, elapsed: 38s, ETA:    37s[>>>>>>>>>>>>>             ] 3957/7824, 103.5 task/s, elapsed: 38s, ETA:    37s[>>>>>>>>>>>>>             ] 3958/7824, 103.4 task/s, elapsed: 38s, ETA:    37s[>>>>>>>>>>>>>             ] 3959/7824, 103.4 task/s, elapsed: 38s, ETA:    37s[>>>>>>>>>>>>>             ] 3960/7824, 103.4 task/s, elapsed: 38s, ETA:    37s[>>>>>>>>>>>>>             ] 3961/7824, 103.4 task/s, elapsed: 38s, ETA:    37s[>>>>>>>>>>>>>             ] 3962/7824, 103.4 task/s, elapsed: 38s, ETA:    37s[>>>>>>>>>>>>>             ] 3963/7824, 103.4 task/s, elapsed: 38s, ETA:    37s[>>>>>>>>>>>>>             ] 3964/7824, 103.4 task/s, elapsed: 38s, ETA:    37s[>>>>>>>>>>>>>             ] 3965/7824, 103.4 task/s, elapsed: 38s, ETA:    37s[>>>>>>>>>>>>>             ] 3966/7824, 103.4 task/s, elapsed: 38s, ETA:    37s[>>>>>>>>>>>>>             ] 3967/7824, 103.4 task/s, elapsed: 38s, ETA:    37s[>>>>>>>>>>>>>             ] 3968/7824, 103.4 task/s, elapsed: 38s, ETA:    37s[>>>>>>>>>>>>>             ] 3969/7824, 103.4 task/s, elapsed: 38s, ETA:    37s[>>>>>>>>>>>>>             ] 3970/7824, 103.4 task/s, elapsed: 38s, ETA:    37s[>>>>>>>>>>>>>             ] 3971/7824, 103.3 task/s, elapsed: 38s, ETA:    37s[>>>>>>>>>>>>>             ] 3972/7824, 103.3 task/s, elapsed: 38s, ETA:    37s[>>>>>>>>>>>>>             ] 3973/7824, 103.3 task/s, elapsed: 38s, ETA:    37s[>>>>>>>>>>>>>             ] 3974/7824, 103.3 task/s, elapsed: 38s, ETA:    37s[>>>>>>>>>>>>>             ] 3975/7824, 103.3 task/s, elapsed: 38s, ETA:    37s[>>>>>>>>>>>>>             ] 3976/7824, 103.3 task/s, elapsed: 38s, ETA:    37s[>>>>>>>>>>>>>             ] 3977/7824, 103.3 task/s, elapsed: 39s, ETA:    37s[>>>>>>>>>>>>>             ] 3978/7824, 103.3 task/s, elapsed: 39s, ETA:    37s[>>>>>>>>>>>>>             ] 3979/7824, 103.3 task/s, elapsed: 39s, ETA:    37s[>>>>>>>>>>>>>             ] 3980/7824, 103.3 task/s, elapsed: 39s, ETA:    37s[>>>>>>>>>>>>>             ] 3981/7824, 103.3 task/s, elapsed: 39s, ETA:    37s[>>>>>>>>>>>>>             ] 3982/7824, 103.2 task/s, elapsed: 39s, ETA:    37s[>>>>>>>>>>>>>             ] 3983/7824, 103.2 task/s, elapsed: 39s, ETA:    37s[>>>>>>>>>>>>>             ] 3984/7824, 103.2 task/s, elapsed: 39s, ETA:    37s[>>>>>>>>>>>>>             ] 3985/7824, 103.2 task/s, elapsed: 39s, ETA:    37s[>>>>>>>>>>>>>             ] 3986/7824, 103.2 task/s, elapsed: 39s, ETA:    37s[>>>>>>>>>>>>>             ] 3987/7824, 103.2 task/s, elapsed: 39s, ETA:    37s[>>>>>>>>>>>>>             ] 3988/7824, 103.2 task/s, elapsed: 39s, ETA:    37s[>>>>>>>>>>>>>             ] 3989/7824, 103.2 task/s, elapsed: 39s, ETA:    37s[>>>>>>>>>>>>>             ] 3990/7824, 103.2 task/s, elapsed: 39s, ETA:    37s[>>>>>>>>>>>>>             ] 3991/7824, 103.2 task/s, elapsed: 39s, ETA:    37s[>>>>>>>>>>>>>             ] 3992/7824, 103.2 task/s, elapsed: 39s, ETA:    37s[>>>>>>>>>>>>>             ] 3993/7824, 103.1 task/s, elapsed: 39s, ETA:    37s[>>>>>>>>>>>>>             ] 3994/7824, 103.1 task/s, elapsed: 39s, ETA:    37s[>>>>>>>>>>>>>             ] 3995/7824, 103.1 task/s, elapsed: 39s, ETA:    37s[>>>>>>>>>>>>>             ] 3996/7824, 103.1 task/s, elapsed: 39s, ETA:    37s[>>>>>>>>>>>>>             ] 3997/7824, 103.1 task/s, elapsed: 39s, ETA:    37s[>>>>>>>>>>>>>             ] 3998/7824, 103.1 task/s, elapsed: 39s, ETA:    37s[>>>>>>>>>>>>>             ] 3999/7824, 103.1 task/s, elapsed: 39s, ETA:    37s[>>>>>>>>>>>>>             ] 4000/7824, 103.1 task/s, elapsed: 39s, ETA:    37s[>>>>>>>>>>>>>             ] 4001/7824, 103.1 task/s, elapsed: 39s, ETA:    37s[>>>>>>>>>>>>>             ] 4002/7824, 103.1 task/s, elapsed: 39s, ETA:    37s[>>>>>>>>>>>>>             ] 4003/7824, 103.1 task/s, elapsed: 39s, ETA:    37s[>>>>>>>>>>>>>             ] 4004/7824, 103.0 task/s, elapsed: 39s, ETA:    37s[>>>>>>>>>>>>>             ] 4005/7824, 103.0 task/s, elapsed: 39s, ETA:    37s[>>>>>>>>>>>>>             ] 4006/7824, 103.0 task/s, elapsed: 39s, ETA:    37s[>>>>>>>>>>>>>             ] 4007/7824, 103.0 task/s, elapsed: 39s, ETA:    37s[>>>>>>>>>>>>>             ] 4008/7824, 103.0 task/s, elapsed: 39s, ETA:    37s[>>>>>>>>>>>>>             ] 4009/7824, 103.0 task/s, elapsed: 39s, ETA:    37s[>>>>>>>>>>>>>             ] 4010/7824, 103.0 task/s, elapsed: 39s, ETA:    37s[>>>>>>>>>>>>>             ] 4011/7824, 103.0 task/s, elapsed: 39s, ETA:    37s[>>>>>>>>>>>>>             ] 4012/7824, 103.0 task/s, elapsed: 39s, ETA:    37s[>>>>>>>>>>>>>             ] 4013/7824, 103.0 task/s, elapsed: 39s, ETA:    37s[>>>>>>>>>>>>>             ] 4014/7824, 103.0 task/s, elapsed: 39s, ETA:    37s[>>>>>>>>>>>>>             ] 4015/7824, 102.9 task/s, elapsed: 39s, ETA:    37s[>>>>>>>>>>>>>             ] 4016/7824, 102.9 task/s, elapsed: 39s, ETA:    37s[>>>>>>>>>>>>>             ] 4017/7824, 102.9 task/s, elapsed: 39s, ETA:    37s[>>>>>>>>>>>>>             ] 4018/7824, 102.9 task/s, elapsed: 39s, ETA:    37s[>>>>>>>>>>>>>             ] 4019/7824, 102.9 task/s, elapsed: 39s, ETA:    37s[>>>>>>>>>>>>>             ] 4020/7824, 102.9 task/s, elapsed: 39s, ETA:    37s[>>>>>>>>>>>>>             ] 4021/7824, 102.9 task/s, elapsed: 39s, ETA:    37s[>>>>>>>>>>>>>             ] 4022/7824, 102.9 task/s, elapsed: 39s, ETA:    37s[>>>>>>>>>>>>>             ] 4023/7824, 102.9 task/s, elapsed: 39s, ETA:    37s[>>>>>>>>>>>>>             ] 4024/7824, 102.9 task/s, elapsed: 39s, ETA:    37s[>>>>>>>>>>>>>             ] 4025/7824, 102.9 task/s, elapsed: 39s, ETA:    37s[>>>>>>>>>>>>>             ] 4026/7824, 102.8 task/s, elapsed: 39s, ETA:    37s[>>>>>>>>>>>>>             ] 4027/7824, 102.8 task/s, elapsed: 39s, ETA:    37s[>>>>>>>>>>>>>             ] 4028/7824, 102.8 task/s, elapsed: 39s, ETA:    37s[>>>>>>>>>>>>>             ] 4029/7824, 102.8 task/s, elapsed: 39s, ETA:    37s[>>>>>>>>>>>>>             ] 4030/7824, 102.8 task/s, elapsed: 39s, ETA:    37s[>>>>>>>>>>>>>             ] 4031/7824, 102.8 task/s, elapsed: 39s, ETA:    37s[>>>>>>>>>>>>>             ] 4032/7824, 102.8 task/s, elapsed: 39s, ETA:    37s[>>>>>>>>>>>>>             ] 4033/7824, 102.8 task/s, elapsed: 39s, ETA:    37s[>>>>>>>>>>>>>             ] 4034/7824, 102.8 task/s, elapsed: 39s, ETA:    37s[>>>>>>>>>>>>>             ] 4035/7824, 102.8 task/s, elapsed: 39s, ETA:    37s[>>>>>>>>>>>>>             ] 4036/7824, 102.8 task/s, elapsed: 39s, ETA:    37s[>>>>>>>>>>>>>             ] 4037/7824, 102.8 task/s, elapsed: 39s, ETA:    37s[>>>>>>>>>>>>>             ] 4038/7824, 102.7 task/s, elapsed: 39s, ETA:    37s[>>>>>>>>>>>>>             ] 4039/7824, 102.7 task/s, elapsed: 39s, ETA:    37s[>>>>>>>>>>>>>             ] 4040/7824, 102.7 task/s, elapsed: 39s, ETA:    37s[>>>>>>>>>>>>>             ] 4041/7824, 102.7 task/s, elapsed: 39s, ETA:    37s[>>>>>>>>>>>>>             ] 4042/7824, 102.7 task/s, elapsed: 39s, ETA:    37s[>>>>>>>>>>>>>             ] 4043/7824, 102.7 task/s, elapsed: 39s, ETA:    37s[>>>>>>>>>>>>>             ] 4044/7824, 102.7 task/s, elapsed: 39s, ETA:    37s[>>>>>>>>>>>>>             ] 4045/7824, 102.7 task/s, elapsed: 39s, ETA:    37s[>>>>>>>>>>>>>             ] 4046/7824, 102.7 task/s, elapsed: 39s, ETA:    37s[>>>>>>>>>>>>>             ] 4047/7824, 102.7 task/s, elapsed: 39s, ETA:    37s[>>>>>>>>>>>>>             ] 4048/7824, 102.7 task/s, elapsed: 39s, ETA:    37s[>>>>>>>>>>>>>             ] 4049/7824, 102.7 task/s, elapsed: 39s, ETA:    37s[>>>>>>>>>>>>>             ] 4050/7824, 102.6 task/s, elapsed: 39s, ETA:    37s[>>>>>>>>>>>>>             ] 4051/7824, 102.6 task/s, elapsed: 39s, ETA:    37s[>>>>>>>>>>>>>             ] 4052/7824, 102.6 task/s, elapsed: 39s, ETA:    37s[>>>>>>>>>>>>>             ] 4053/7824, 102.6 task/s, elapsed: 39s, ETA:    37s[>>>>>>>>>>>>>             ] 4054/7824, 102.6 task/s, elapsed: 40s, ETA:    37s[>>>>>>>>>>>>>             ] 4055/7824, 102.6 task/s, elapsed: 40s, ETA:    37s[>>>>>>>>>>>>>             ] 4056/7824, 102.6 task/s, elapsed: 40s, ETA:    37s[>>>>>>>>>>>>>             ] 4057/7824, 102.6 task/s, elapsed: 40s, ETA:    37s[>>>>>>>>>>>>>             ] 4058/7824, 102.6 task/s, elapsed: 40s, ETA:    37s[>>>>>>>>>>>>>             ] 4059/7824, 102.6 task/s, elapsed: 40s, ETA:    37s[>>>>>>>>>>>>>             ] 4060/7824, 102.6 task/s, elapsed: 40s, ETA:    37s[>>>>>>>>>>>>>             ] 4061/7824, 102.5 task/s, elapsed: 40s, ETA:    37s[>>>>>>>>>>>>>             ] 4062/7824, 102.5 task/s, elapsed: 40s, ETA:    37s[>>>>>>>>>>>>>             ] 4063/7824, 102.5 task/s, elapsed: 40s, ETA:    37s[>>>>>>>>>>>>>             ] 4064/7824, 102.5 task/s, elapsed: 40s, ETA:    37s[>>>>>>>>>>>>>             ] 4065/7824, 102.5 task/s, elapsed: 40s, ETA:    37s[>>>>>>>>>>>>>             ] 4066/7824, 102.5 task/s, elapsed: 40s, ETA:    37s[>>>>>>>>>>>>>             ] 4067/7824, 102.5 task/s, elapsed: 40s, ETA:    37s[>>>>>>>>>>>>>             ] 4068/7824, 102.5 task/s, elapsed: 40s, ETA:    37s[>>>>>>>>>>>>>             ] 4069/7824, 102.5 task/s, elapsed: 40s, ETA:    37s[>>>>>>>>>>>>>             ] 4070/7824, 102.5 task/s, elapsed: 40s, ETA:    37s[>>>>>>>>>>>>>             ] 4071/7824, 102.5 task/s, elapsed: 40s, ETA:    37s[>>>>>>>>>>>>>             ] 4072/7824, 102.4 task/s, elapsed: 40s, ETA:    37s[>>>>>>>>>>>>>             ] 4073/7824, 102.4 task/s, elapsed: 40s, ETA:    37s[>>>>>>>>>>>>>             ] 4074/7824, 102.4 task/s, elapsed: 40s, ETA:    37s[>>>>>>>>>>>>>             ] 4075/7824, 102.4 task/s, elapsed: 40s, ETA:    37s[>>>>>>>>>>>>>             ] 4076/7824, 102.4 task/s, elapsed: 40s, ETA:    37s[>>>>>>>>>>>>>             ] 4077/7824, 102.4 task/s, elapsed: 40s, ETA:    37s[>>>>>>>>>>>>>             ] 4078/7824, 102.4 task/s, elapsed: 40s, ETA:    37s[>>>>>>>>>>>>>             ] 4079/7824, 102.4 task/s, elapsed: 40s, ETA:    37s[>>>>>>>>>>>>>             ] 4080/7824, 102.4 task/s, elapsed: 40s, ETA:    37s[>>>>>>>>>>>>>             ] 4081/7824, 102.4 task/s, elapsed: 40s, ETA:    37s[>>>>>>>>>>>>>             ] 4082/7824, 102.4 task/s, elapsed: 40s, ETA:    37s[>>>>>>>>>>>>>             ] 4083/7824, 102.4 task/s, elapsed: 40s, ETA:    37s[>>>>>>>>>>>>>             ] 4084/7824, 102.3 task/s, elapsed: 40s, ETA:    37s[>>>>>>>>>>>>>             ] 4085/7824, 102.3 task/s, elapsed: 40s, ETA:    37s[>>>>>>>>>>>>>             ] 4086/7824, 102.3 task/s, elapsed: 40s, ETA:    37s[>>>>>>>>>>>>>             ] 4087/7824, 102.3 task/s, elapsed: 40s, ETA:    37s[>>>>>>>>>>>>>             ] 4088/7824, 102.3 task/s, elapsed: 40s, ETA:    37s[>>>>>>>>>>>>>             ] 4089/7824, 102.3 task/s, elapsed: 40s, ETA:    37s[>>>>>>>>>>>>>             ] 4090/7824, 102.3 task/s, elapsed: 40s, ETA:    37s[>>>>>>>>>>>>>             ] 4091/7824, 102.3 task/s, elapsed: 40s, ETA:    36s[>>>>>>>>>>>>>             ] 4092/7824, 102.3 task/s, elapsed: 40s, ETA:    36s[>>>>>>>>>>>>>             ] 4093/7824, 102.3 task/s, elapsed: 40s, ETA:    36s[>>>>>>>>>>>>>             ] 4094/7824, 102.3 task/s, elapsed: 40s, ETA:    36s[>>>>>>>>>>>>>             ] 4095/7824, 102.3 task/s, elapsed: 40s, ETA:    36s[>>>>>>>>>>>>>             ] 4096/7824, 102.2 task/s, elapsed: 40s, ETA:    36s[>>>>>>>>>>>>>             ] 4097/7824, 102.2 task/s, elapsed: 40s, ETA:    36s[>>>>>>>>>>>>>             ] 4098/7824, 102.2 task/s, elapsed: 40s, ETA:    36s[>>>>>>>>>>>>>             ] 4099/7824, 102.2 task/s, elapsed: 40s, ETA:    36s[>>>>>>>>>>>>>             ] 4100/7824, 102.2 task/s, elapsed: 40s, ETA:    36s[>>>>>>>>>>>>>             ] 4101/7824, 102.2 task/s, elapsed: 40s, ETA:    36s[>>>>>>>>>>>>>             ] 4102/7824, 102.2 task/s, elapsed: 40s, ETA:    36s[>>>>>>>>>>>>>             ] 4103/7824, 102.2 task/s, elapsed: 40s, ETA:    36s[>>>>>>>>>>>>>             ] 4104/7824, 102.2 task/s, elapsed: 40s, ETA:    36s[>>>>>>>>>>>>>             ] 4105/7824, 102.2 task/s, elapsed: 40s, ETA:    36s[>>>>>>>>>>>>>             ] 4106/7824, 102.2 task/s, elapsed: 40s, ETA:    36s[>>>>>>>>>>>>>             ] 4107/7824, 102.2 task/s, elapsed: 40s, ETA:    36s[>>>>>>>>>>>>>             ] 4108/7824, 102.1 task/s, elapsed: 40s, ETA:    36s[>>>>>>>>>>>>>             ] 4109/7824, 102.1 task/s, elapsed: 40s, ETA:    36s[>>>>>>>>>>>>>             ] 4110/7824, 102.1 task/s, elapsed: 40s, ETA:    36s[>>>>>>>>>>>>>             ] 4111/7824, 102.1 task/s, elapsed: 40s, ETA:    36s[>>>>>>>>>>>>>             ] 4112/7824, 102.1 task/s, elapsed: 40s, ETA:    36s[>>>>>>>>>>>>>             ] 4113/7824, 102.1 task/s, elapsed: 40s, ETA:    36s[>>>>>>>>>>>>>             ] 4114/7824, 102.1 task/s, elapsed: 40s, ETA:    36s[>>>>>>>>>>>>>             ] 4115/7824, 102.1 task/s, elapsed: 40s, ETA:    36s[>>>>>>>>>>>>>             ] 4116/7824, 102.1 task/s, elapsed: 40s, ETA:    36s[>>>>>>>>>>>>>             ] 4117/7824, 102.1 task/s, elapsed: 40s, ETA:    36s[>>>>>>>>>>>>>             ] 4118/7824, 102.1 task/s, elapsed: 40s, ETA:    36s[>>>>>>>>>>>>>             ] 4119/7824, 102.1 task/s, elapsed: 40s, ETA:    36s[>>>>>>>>>>>>>             ] 4120/7824, 102.1 task/s, elapsed: 40s, ETA:    36s[>>>>>>>>>>>>>             ] 4121/7824, 102.1 task/s, elapsed: 40s, ETA:    36s[>>>>>>>>>>>>>             ] 4122/7824, 102.1 task/s, elapsed: 40s, ETA:    36s[>>>>>>>>>>>>>             ] 4123/7824, 102.1 task/s, elapsed: 40s, ETA:    36s[>>>>>>>>>>>>>             ] 4124/7824, 102.2 task/s, elapsed: 40s, ETA:    36s[>>>>>>>>>>>>>             ] 4125/7824, 102.2 task/s, elapsed: 40s, ETA:    36s[>>>>>>>>>>>>>             ] 4126/7824, 102.2 task/s, elapsed: 40s, ETA:    36s[>>>>>>>>>>>>>             ] 4127/7824, 102.2 task/s, elapsed: 40s, ETA:    36s[>>>>>>>>>>>>>             ] 4128/7824, 102.2 task/s, elapsed: 40s, ETA:    36s[>>>>>>>>>>>>>             ] 4129/7824, 102.2 task/s, elapsed: 40s, ETA:    36s[>>>>>>>>>>>>>             ] 4130/7824, 102.2 task/s, elapsed: 40s, ETA:    36s[>>>>>>>>>>>>>             ] 4131/7824, 102.2 task/s, elapsed: 40s, ETA:    36s[>>>>>>>>>>>>>             ] 4132/7824, 102.2 task/s, elapsed: 40s, ETA:    36s[>>>>>>>>>>>>>             ] 4133/7824, 102.2 task/s, elapsed: 40s, ETA:    36s[>>>>>>>>>>>>>             ] 4134/7824, 102.2 task/s, elapsed: 40s, ETA:    36s[>>>>>>>>>>>>>             ] 4135/7824, 102.2 task/s, elapsed: 40s, ETA:    36s[>>>>>>>>>>>>>             ] 4136/7824, 102.2 task/s, elapsed: 40s, ETA:    36s[>>>>>>>>>>>>>             ] 4137/7824, 102.2 task/s, elapsed: 40s, ETA:    36s[>>>>>>>>>>>>>             ] 4138/7824, 102.2 task/s, elapsed: 40s, ETA:    36s[>>>>>>>>>>>>>             ] 4139/7824, 102.2 task/s, elapsed: 41s, ETA:    36s[>>>>>>>>>>>>>             ] 4140/7824, 102.2 task/s, elapsed: 41s, ETA:    36s[>>>>>>>>>>>>>             ] 4141/7824, 102.2 task/s, elapsed: 41s, ETA:    36s[>>>>>>>>>>>>>             ] 4142/7824, 102.2 task/s, elapsed: 41s, ETA:    36s[>>>>>>>>>>>>>             ] 4143/7824, 102.2 task/s, elapsed: 41s, ETA:    36s[>>>>>>>>>>>>>             ] 4144/7824, 102.2 task/s, elapsed: 41s, ETA:    36s[>>>>>>>>>>>>>             ] 4145/7824, 102.2 task/s, elapsed: 41s, ETA:    36s[>>>>>>>>>>>>>             ] 4146/7824, 102.2 task/s, elapsed: 41s, ETA:    36s[>>>>>>>>>>>>>             ] 4147/7824, 102.2 task/s, elapsed: 41s, ETA:    36s[>>>>>>>>>>>>>             ] 4148/7824, 102.2 task/s, elapsed: 41s, ETA:    36s[>>>>>>>>>>>>>             ] 4149/7824, 102.2 task/s, elapsed: 41s, ETA:    36s[>>>>>>>>>>>>>             ] 4150/7824, 102.2 task/s, elapsed: 41s, ETA:    36s[>>>>>>>>>>>>>             ] 4151/7824, 102.2 task/s, elapsed: 41s, ETA:    36s[>>>>>>>>>>>>>             ] 4152/7824, 102.2 task/s, elapsed: 41s, ETA:    36s[>>>>>>>>>>>>>             ] 4153/7824, 102.2 task/s, elapsed: 41s, ETA:    36s[>>>>>>>>>>>>>             ] 4154/7824, 102.2 task/s, elapsed: 41s, ETA:    36s[>>>>>>>>>>>>>             ] 4155/7824, 102.2 task/s, elapsed: 41s, ETA:    36s[>>>>>>>>>>>>>             ] 4156/7824, 102.2 task/s, elapsed: 41s, ETA:    36s[>>>>>>>>>>>>>             ] 4157/7824, 102.2 task/s, elapsed: 41s, ETA:    36s[>>>>>>>>>>>>>             ] 4158/7824, 102.2 task/s, elapsed: 41s, ETA:    36s[>>>>>>>>>>>>>             ] 4159/7824, 102.2 task/s, elapsed: 41s, ETA:    36s[>>>>>>>>>>>>>             ] 4160/7824, 102.2 task/s, elapsed: 41s, ETA:    36s[>>>>>>>>>>>>>             ] 4161/7824, 102.2 task/s, elapsed: 41s, ETA:    36s[>>>>>>>>>>>>>             ] 4162/7824, 102.2 task/s, elapsed: 41s, ETA:    36s[>>>>>>>>>>>>>             ] 4163/7824, 102.2 task/s, elapsed: 41s, ETA:    36s[>>>>>>>>>>>>>             ] 4164/7824, 102.2 task/s, elapsed: 41s, ETA:    36s[>>>>>>>>>>>>>             ] 4165/7824, 102.2 task/s, elapsed: 41s, ETA:    36s[>>>>>>>>>>>>>             ] 4166/7824, 102.2 task/s, elapsed: 41s, ETA:    36s[>>>>>>>>>>>>>             ] 4167/7824, 102.2 task/s, elapsed: 41s, ETA:    36s[>>>>>>>>>>>>>             ] 4168/7824, 102.2 task/s, elapsed: 41s, ETA:    36s[>>>>>>>>>>>>>             ] 4169/7824, 102.2 task/s, elapsed: 41s, ETA:    36s[>>>>>>>>>>>>>             ] 4170/7824, 102.3 task/s, elapsed: 41s, ETA:    36s[>>>>>>>>>>>>>             ] 4171/7824, 102.3 task/s, elapsed: 41s, ETA:    36s[>>>>>>>>>>>>>             ] 4172/7824, 102.3 task/s, elapsed: 41s, ETA:    36s[>>>>>>>>>>>>>             ] 4173/7824, 102.3 task/s, elapsed: 41s, ETA:    36s[>>>>>>>>>>>>>             ] 4174/7824, 102.3 task/s, elapsed: 41s, ETA:    36s[>>>>>>>>>>>>>             ] 4175/7824, 102.3 task/s, elapsed: 41s, ETA:    36s[>>>>>>>>>>>>>             ] 4176/7824, 102.3 task/s, elapsed: 41s, ETA:    36s[>>>>>>>>>>>>>             ] 4177/7824, 102.3 task/s, elapsed: 41s, ETA:    36s[>>>>>>>>>>>>>             ] 4178/7824, 102.3 task/s, elapsed: 41s, ETA:    36s[>>>>>>>>>>>>>             ] 4179/7824, 102.3 task/s, elapsed: 41s, ETA:    36s[>>>>>>>>>>>>>             ] 4180/7824, 102.3 task/s, elapsed: 41s, ETA:    36s[>>>>>>>>>>>>>             ] 4181/7824, 102.3 task/s, elapsed: 41s, ETA:    36s[>>>>>>>>>>>>>             ] 4182/7824, 102.3 task/s, elapsed: 41s, ETA:    36s[>>>>>>>>>>>>>             ] 4183/7824, 102.3 task/s, elapsed: 41s, ETA:    36s[>>>>>>>>>>>>>             ] 4184/7824, 102.3 task/s, elapsed: 41s, ETA:    36s[>>>>>>>>>>>>>             ] 4185/7824, 102.3 task/s, elapsed: 41s, ETA:    36s[>>>>>>>>>>>>>             ] 4186/7824, 102.3 task/s, elapsed: 41s, ETA:    36s[>>>>>>>>>>>>>             ] 4187/7824, 102.3 task/s, elapsed: 41s, ETA:    36s[>>>>>>>>>>>>>             ] 4188/7824, 102.3 task/s, elapsed: 41s, ETA:    36s[>>>>>>>>>>>>>             ] 4189/7824, 102.3 task/s, elapsed: 41s, ETA:    36s[>>>>>>>>>>>>>             ] 4190/7824, 102.3 task/s, elapsed: 41s, ETA:    36s[>>>>>>>>>>>>>             ] 4191/7824, 102.3 task/s, elapsed: 41s, ETA:    36s[>>>>>>>>>>>>>             ] 4192/7824, 102.3 task/s, elapsed: 41s, ETA:    36s[>>>>>>>>>>>>>             ] 4193/7824, 102.3 task/s, elapsed: 41s, ETA:    35s[>>>>>>>>>>>>>             ] 4194/7824, 102.3 task/s, elapsed: 41s, ETA:    35s[>>>>>>>>>>>>>             ] 4195/7824, 102.3 task/s, elapsed: 41s, ETA:    35s[>>>>>>>>>>>>>             ] 4196/7824, 102.3 task/s, elapsed: 41s, ETA:    35s[>>>>>>>>>>>>>             ] 4197/7824, 102.3 task/s, elapsed: 41s, ETA:    35s[>>>>>>>>>>>>>             ] 4198/7824, 102.3 task/s, elapsed: 41s, ETA:    35s[>>>>>>>>>>>>>             ] 4199/7824, 102.3 task/s, elapsed: 41s, ETA:    35s[>>>>>>>>>>>>>             ] 4200/7824, 102.3 task/s, elapsed: 41s, ETA:    35s[>>>>>>>>>>>>>             ] 4201/7824, 102.3 task/s, elapsed: 41s, ETA:    35s[>>>>>>>>>>>>>             ] 4202/7824, 102.3 task/s, elapsed: 41s, ETA:    35s[>>>>>>>>>>>>>             ] 4203/7824, 102.3 task/s, elapsed: 41s, ETA:    35s[>>>>>>>>>>>>>             ] 4204/7824, 102.3 task/s, elapsed: 41s, ETA:    35s[>>>>>>>>>>>>>             ] 4205/7824, 102.3 task/s, elapsed: 41s, ETA:    35s[>>>>>>>>>>>>>             ] 4206/7824, 102.3 task/s, elapsed: 41s, ETA:    35s[>>>>>>>>>>>>>             ] 4207/7824, 102.3 task/s, elapsed: 41s, ETA:    35s[>>>>>>>>>>>>>             ] 4208/7824, 102.3 task/s, elapsed: 41s, ETA:    35s[>>>>>>>>>>>>>             ] 4209/7824, 102.3 task/s, elapsed: 41s, ETA:    35s[>>>>>>>>>>>>>             ] 4210/7824, 102.3 task/s, elapsed: 41s, ETA:    35s[>>>>>>>>>>>>>             ] 4211/7824, 102.3 task/s, elapsed: 41s, ETA:    35s[>>>>>>>>>>>>>             ] 4212/7824, 102.3 task/s, elapsed: 41s, ETA:    35s[>>>>>>>>>>>>>>            ] 4213/7824, 102.3 task/s, elapsed: 41s, ETA:    35s[>>>>>>>>>>>>>>            ] 4214/7824, 102.3 task/s, elapsed: 41s, ETA:    35s[>>>>>>>>>>>>>>            ] 4215/7824, 102.3 task/s, elapsed: 41s, ETA:    35s[>>>>>>>>>>>>>>            ] 4216/7824, 102.3 task/s, elapsed: 41s, ETA:    35s[>>>>>>>>>>>>>>            ] 4217/7824, 102.3 task/s, elapsed: 41s, ETA:    35s[>>>>>>>>>>>>>>            ] 4218/7824, 102.3 task/s, elapsed: 41s, ETA:    35s[>>>>>>>>>>>>>>            ] 4219/7824, 102.3 task/s, elapsed: 41s, ETA:    35s[>>>>>>>>>>>>>>            ] 4220/7824, 102.3 task/s, elapsed: 41s, ETA:    35s[>>>>>>>>>>>>>>            ] 4221/7824, 102.3 task/s, elapsed: 41s, ETA:    35s[>>>>>>>>>>>>>>            ] 4222/7824, 102.3 task/s, elapsed: 41s, ETA:    35s[>>>>>>>>>>>>>>            ] 4223/7824, 102.3 task/s, elapsed: 41s, ETA:    35s[>>>>>>>>>>>>>>            ] 4224/7824, 102.3 task/s, elapsed: 41s, ETA:    35s[>>>>>>>>>>>>>>            ] 4225/7824, 102.3 task/s, elapsed: 41s, ETA:    35s[>>>>>>>>>>>>>>            ] 4226/7824, 102.4 task/s, elapsed: 41s, ETA:    35s[>>>>>>>>>>>>>>            ] 4227/7824, 102.4 task/s, elapsed: 41s, ETA:    35s[>>>>>>>>>>>>>>            ] 4228/7824, 102.4 task/s, elapsed: 41s, ETA:    35s[>>>>>>>>>>>>>>            ] 4229/7824, 102.4 task/s, elapsed: 41s, ETA:    35s[>>>>>>>>>>>>>>            ] 4230/7824, 102.4 task/s, elapsed: 41s, ETA:    35s[>>>>>>>>>>>>>>            ] 4231/7824, 102.4 task/s, elapsed: 41s, ETA:    35s[>>>>>>>>>>>>>>            ] 4232/7824, 102.4 task/s, elapsed: 41s, ETA:    35s[>>>>>>>>>>>>>>            ] 4233/7824, 102.4 task/s, elapsed: 41s, ETA:    35s[>>>>>>>>>>>>>>            ] 4234/7824, 102.4 task/s, elapsed: 41s, ETA:    35s[>>>>>>>>>>>>>>            ] 4235/7824, 102.4 task/s, elapsed: 41s, ETA:    35s[>>>>>>>>>>>>>>            ] 4236/7824, 102.4 task/s, elapsed: 41s, ETA:    35s[>>>>>>>>>>>>>>            ] 4237/7824, 102.4 task/s, elapsed: 41s, ETA:    35s[>>>>>>>>>>>>>>            ] 4238/7824, 102.4 task/s, elapsed: 41s, ETA:    35s[>>>>>>>>>>>>>>            ] 4239/7824, 102.4 task/s, elapsed: 41s, ETA:    35s[>>>>>>>>>>>>>>            ] 4240/7824, 102.4 task/s, elapsed: 41s, ETA:    35s[>>>>>>>>>>>>>>            ] 4241/7824, 102.4 task/s, elapsed: 41s, ETA:    35s[>>>>>>>>>>>>>>            ] 4242/7824, 102.4 task/s, elapsed: 41s, ETA:    35s[>>>>>>>>>>>>>>            ] 4243/7824, 102.4 task/s, elapsed: 41s, ETA:    35s[>>>>>>>>>>>>>>            ] 4244/7824, 102.4 task/s, elapsed: 41s, ETA:    35s[>>>>>>>>>>>>>>            ] 4245/7824, 102.4 task/s, elapsed: 41s, ETA:    35s[>>>>>>>>>>>>>>            ] 4246/7824, 102.4 task/s, elapsed: 41s, ETA:    35s[>>>>>>>>>>>>>>            ] 4247/7824, 102.4 task/s, elapsed: 41s, ETA:    35s[>>>>>>>>>>>>>>            ] 4248/7824, 102.4 task/s, elapsed: 41s, ETA:    35s[>>>>>>>>>>>>>>            ] 4249/7824, 102.4 task/s, elapsed: 41s, ETA:    35s[>>>>>>>>>>>>>>            ] 4250/7824, 102.4 task/s, elapsed: 42s, ETA:    35s[>>>>>>>>>>>>>>            ] 4251/7824, 102.4 task/s, elapsed: 42s, ETA:    35s[>>>>>>>>>>>>>>            ] 4252/7824, 102.4 task/s, elapsed: 42s, ETA:    35s[>>>>>>>>>>>>>>            ] 4253/7824, 102.4 task/s, elapsed: 42s, ETA:    35s[>>>>>>>>>>>>>>            ] 4254/7824, 102.4 task/s, elapsed: 42s, ETA:    35s[>>>>>>>>>>>>>>            ] 4255/7824, 102.4 task/s, elapsed: 42s, ETA:    35s[>>>>>>>>>>>>>>            ] 4256/7824, 102.4 task/s, elapsed: 42s, ETA:    35s[>>>>>>>>>>>>>>            ] 4257/7824, 102.4 task/s, elapsed: 42s, ETA:    35s[>>>>>>>>>>>>>>            ] 4258/7824, 102.4 task/s, elapsed: 42s, ETA:    35s[>>>>>>>>>>>>>>            ] 4259/7824, 102.4 task/s, elapsed: 42s, ETA:    35s[>>>>>>>>>>>>>>            ] 4260/7824, 102.4 task/s, elapsed: 42s, ETA:    35s[>>>>>>>>>>>>>>            ] 4261/7824, 102.4 task/s, elapsed: 42s, ETA:    35s[>>>>>>>>>>>>>>            ] 4262/7824, 102.4 task/s, elapsed: 42s, ETA:    35s[>>>>>>>>>>>>>>            ] 4263/7824, 102.4 task/s, elapsed: 42s, ETA:    35s[>>>>>>>>>>>>>>            ] 4264/7824, 102.4 task/s, elapsed: 42s, ETA:    35s[>>>>>>>>>>>>>>            ] 4265/7824, 102.4 task/s, elapsed: 42s, ETA:    35s[>>>>>>>>>>>>>>            ] 4266/7824, 102.4 task/s, elapsed: 42s, ETA:    35s[>>>>>>>>>>>>>>            ] 4267/7824, 102.4 task/s, elapsed: 42s, ETA:    35s[>>>>>>>>>>>>>>            ] 4268/7824, 102.4 task/s, elapsed: 42s, ETA:    35s[>>>>>>>>>>>>>>            ] 4269/7824, 102.4 task/s, elapsed: 42s, ETA:    35s[>>>>>>>>>>>>>>            ] 4270/7824, 102.4 task/s, elapsed: 42s, ETA:    35s[>>>>>>>>>>>>>>            ] 4271/7824, 102.4 task/s, elapsed: 42s, ETA:    35s[>>>>>>>>>>>>>>            ] 4272/7824, 102.4 task/s, elapsed: 42s, ETA:    35s[>>>>>>>>>>>>>>            ] 4273/7824, 102.4 task/s, elapsed: 42s, ETA:    35s[>>>>>>>>>>>>>>            ] 4274/7824, 102.4 task/s, elapsed: 42s, ETA:    35s[>>>>>>>>>>>>>>            ] 4275/7824, 102.4 task/s, elapsed: 42s, ETA:    35s[>>>>>>>>>>>>>>            ] 4276/7824, 102.4 task/s, elapsed: 42s, ETA:    35s[>>>>>>>>>>>>>>            ] 4277/7824, 102.4 task/s, elapsed: 42s, ETA:    35s[>>>>>>>>>>>>>>            ] 4278/7824, 102.4 task/s, elapsed: 42s, ETA:    35s[>>>>>>>>>>>>>>            ] 4279/7824, 102.4 task/s, elapsed: 42s, ETA:    35s[>>>>>>>>>>>>>>            ] 4280/7824, 102.5 task/s, elapsed: 42s, ETA:    35s[>>>>>>>>>>>>>>            ] 4281/7824, 102.5 task/s, elapsed: 42s, ETA:    35s[>>>>>>>>>>>>>>            ] 4282/7824, 102.5 task/s, elapsed: 42s, ETA:    35s[>>>>>>>>>>>>>>            ] 4283/7824, 102.5 task/s, elapsed: 42s, ETA:    35s[>>>>>>>>>>>>>>            ] 4284/7824, 102.5 task/s, elapsed: 42s, ETA:    35s[>>>>>>>>>>>>>>            ] 4285/7824, 102.5 task/s, elapsed: 42s, ETA:    35s[>>>>>>>>>>>>>>            ] 4286/7824, 102.5 task/s, elapsed: 42s, ETA:    35s[>>>>>>>>>>>>>>            ] 4287/7824, 102.5 task/s, elapsed: 42s, ETA:    35s[>>>>>>>>>>>>>>            ] 4288/7824, 102.5 task/s, elapsed: 42s, ETA:    35s[>>>>>>>>>>>>>>            ] 4289/7824, 102.5 task/s, elapsed: 42s, ETA:    34s[>>>>>>>>>>>>>>            ] 4290/7824, 102.5 task/s, elapsed: 42s, ETA:    34s[>>>>>>>>>>>>>>            ] 4291/7824, 102.5 task/s, elapsed: 42s, ETA:    34s[>>>>>>>>>>>>>>            ] 4292/7824, 102.5 task/s, elapsed: 42s, ETA:    34s[>>>>>>>>>>>>>>            ] 4293/7824, 102.5 task/s, elapsed: 42s, ETA:    34s[>>>>>>>>>>>>>>            ] 4294/7824, 102.5 task/s, elapsed: 42s, ETA:    34s[>>>>>>>>>>>>>>            ] 4295/7824, 102.5 task/s, elapsed: 42s, ETA:    34s[>>>>>>>>>>>>>>            ] 4296/7824, 102.5 task/s, elapsed: 42s, ETA:    34s[>>>>>>>>>>>>>>            ] 4297/7824, 102.5 task/s, elapsed: 42s, ETA:    34s[>>>>>>>>>>>>>>            ] 4298/7824, 102.5 task/s, elapsed: 42s, ETA:    34s[>>>>>>>>>>>>>>            ] 4299/7824, 102.5 task/s, elapsed: 42s, ETA:    34s[>>>>>>>>>>>>>>            ] 4300/7824, 102.5 task/s, elapsed: 42s, ETA:    34s[>>>>>>>>>>>>>>            ] 4301/7824, 102.5 task/s, elapsed: 42s, ETA:    34s[>>>>>>>>>>>>>>            ] 4302/7824, 102.5 task/s, elapsed: 42s, ETA:    34s[>>>>>>>>>>>>>>            ] 4303/7824, 102.5 task/s, elapsed: 42s, ETA:    34s[>>>>>>>>>>>>>>            ] 4304/7824, 102.5 task/s, elapsed: 42s, ETA:    34s[>>>>>>>>>>>>>>            ] 4305/7824, 102.5 task/s, elapsed: 42s, ETA:    34s[>>>>>>>>>>>>>>            ] 4306/7824, 102.5 task/s, elapsed: 42s, ETA:    34s[>>>>>>>>>>>>>>            ] 4307/7824, 102.5 task/s, elapsed: 42s, ETA:    34s[>>>>>>>>>>>>>>            ] 4308/7824, 102.5 task/s, elapsed: 42s, ETA:    34s[>>>>>>>>>>>>>>            ] 4309/7824, 102.5 task/s, elapsed: 42s, ETA:    34s[>>>>>>>>>>>>>>            ] 4310/7824, 102.5 task/s, elapsed: 42s, ETA:    34s[>>>>>>>>>>>>>>            ] 4311/7824, 102.5 task/s, elapsed: 42s, ETA:    34s[>>>>>>>>>>>>>>            ] 4312/7824, 102.5 task/s, elapsed: 42s, ETA:    34s[>>>>>>>>>>>>>>            ] 4313/7824, 102.5 task/s, elapsed: 42s, ETA:    34s[>>>>>>>>>>>>>>            ] 4314/7824, 102.5 task/s, elapsed: 42s, ETA:    34s[>>>>>>>>>>>>>>            ] 4315/7824, 102.5 task/s, elapsed: 42s, ETA:    34s[>>>>>>>>>>>>>>            ] 4316/7824, 102.5 task/s, elapsed: 42s, ETA:    34s[>>>>>>>>>>>>>>            ] 4317/7824, 102.5 task/s, elapsed: 42s, ETA:    34s[>>>>>>>>>>>>>>            ] 4318/7824, 102.5 task/s, elapsed: 42s, ETA:    34s[>>>>>>>>>>>>>>            ] 4319/7824, 102.5 task/s, elapsed: 42s, ETA:    34s[>>>>>>>>>>>>>>            ] 4320/7824, 102.5 task/s, elapsed: 42s, ETA:    34s[>>>>>>>>>>>>>>            ] 4321/7824, 102.5 task/s, elapsed: 42s, ETA:    34s[>>>>>>>>>>>>>>            ] 4322/7824, 102.5 task/s, elapsed: 42s, ETA:    34s[>>>>>>>>>>>>>>            ] 4323/7824, 102.5 task/s, elapsed: 42s, ETA:    34s[>>>>>>>>>>>>>>            ] 4324/7824, 102.5 task/s, elapsed: 42s, ETA:    34s[>>>>>>>>>>>>>>            ] 4325/7824, 102.5 task/s, elapsed: 42s, ETA:    34s[>>>>>>>>>>>>>>            ] 4326/7824, 102.5 task/s, elapsed: 42s, ETA:    34s[>>>>>>>>>>>>>>            ] 4327/7824, 102.5 task/s, elapsed: 42s, ETA:    34s[>>>>>>>>>>>>>>            ] 4328/7824, 102.5 task/s, elapsed: 42s, ETA:    34s[>>>>>>>>>>>>>>            ] 4329/7824, 102.5 task/s, elapsed: 42s, ETA:    34s[>>>>>>>>>>>>>>            ] 4330/7824, 102.5 task/s, elapsed: 42s, ETA:    34s[>>>>>>>>>>>>>>            ] 4331/7824, 102.5 task/s, elapsed: 42s, ETA:    34s[>>>>>>>>>>>>>>            ] 4332/7824, 102.5 task/s, elapsed: 42s, ETA:    34s[>>>>>>>>>>>>>>            ] 4333/7824, 102.5 task/s, elapsed: 42s, ETA:    34s[>>>>>>>>>>>>>>            ] 4334/7824, 102.6 task/s, elapsed: 42s, ETA:    34s[>>>>>>>>>>>>>>            ] 4335/7824, 102.6 task/s, elapsed: 42s, ETA:    34s[>>>>>>>>>>>>>>            ] 4336/7824, 102.6 task/s, elapsed: 42s, ETA:    34s[>>>>>>>>>>>>>>            ] 4337/7824, 102.6 task/s, elapsed: 42s, ETA:    34s[>>>>>>>>>>>>>>            ] 4338/7824, 102.6 task/s, elapsed: 42s, ETA:    34s[>>>>>>>>>>>>>>            ] 4339/7824, 102.6 task/s, elapsed: 42s, ETA:    34s[>>>>>>>>>>>>>>            ] 4340/7824, 102.6 task/s, elapsed: 42s, ETA:    34s[>>>>>>>>>>>>>>            ] 4341/7824, 102.6 task/s, elapsed: 42s, ETA:    34s[>>>>>>>>>>>>>>            ] 4342/7824, 102.6 task/s, elapsed: 42s, ETA:    34s[>>>>>>>>>>>>>>            ] 4343/7824, 102.6 task/s, elapsed: 42s, ETA:    34s[>>>>>>>>>>>>>>            ] 4344/7824, 102.6 task/s, elapsed: 42s, ETA:    34s[>>>>>>>>>>>>>>            ] 4345/7824, 102.6 task/s, elapsed: 42s, ETA:    34s[>>>>>>>>>>>>>>            ] 4346/7824, 102.6 task/s, elapsed: 42s, ETA:    34s[>>>>>>>>>>>>>>            ] 4347/7824, 102.6 task/s, elapsed: 42s, ETA:    34s[>>>>>>>>>>>>>>            ] 4348/7824, 102.6 task/s, elapsed: 42s, ETA:    34s[>>>>>>>>>>>>>>            ] 4349/7824, 102.6 task/s, elapsed: 42s, ETA:    34s[>>>>>>>>>>>>>>            ] 4350/7824, 102.6 task/s, elapsed: 42s, ETA:    34s[>>>>>>>>>>>>>>            ] 4351/7824, 102.6 task/s, elapsed: 42s, ETA:    34s[>>>>>>>>>>>>>>            ] 4352/7824, 102.6 task/s, elapsed: 42s, ETA:    34s[>>>>>>>>>>>>>>            ] 4353/7824, 102.6 task/s, elapsed: 42s, ETA:    34s[>>>>>>>>>>>>>>            ] 4354/7824, 102.6 task/s, elapsed: 42s, ETA:    34s[>>>>>>>>>>>>>>            ] 4355/7824, 102.6 task/s, elapsed: 42s, ETA:    34s[>>>>>>>>>>>>>>            ] 4356/7824, 102.6 task/s, elapsed: 42s, ETA:    34s[>>>>>>>>>>>>>>            ] 4357/7824, 102.6 task/s, elapsed: 42s, ETA:    34s[>>>>>>>>>>>>>>            ] 4358/7824, 102.6 task/s, elapsed: 42s, ETA:    34s[>>>>>>>>>>>>>>            ] 4359/7824, 102.6 task/s, elapsed: 42s, ETA:    34s[>>>>>>>>>>>>>>            ] 4360/7824, 102.6 task/s, elapsed: 42s, ETA:    34s[>>>>>>>>>>>>>>            ] 4361/7824, 102.6 task/s, elapsed: 43s, ETA:    34s[>>>>>>>>>>>>>>            ] 4362/7824, 102.6 task/s, elapsed: 43s, ETA:    34s[>>>>>>>>>>>>>>            ] 4363/7824, 102.6 task/s, elapsed: 43s, ETA:    34s[>>>>>>>>>>>>>>            ] 4364/7824, 102.6 task/s, elapsed: 43s, ETA:    34s[>>>>>>>>>>>>>>            ] 4365/7824, 102.6 task/s, elapsed: 43s, ETA:    34s[>>>>>>>>>>>>>>            ] 4366/7824, 102.6 task/s, elapsed: 43s, ETA:    34s[>>>>>>>>>>>>>>            ] 4367/7824, 102.6 task/s, elapsed: 43s, ETA:    34s[>>>>>>>>>>>>>>            ] 4368/7824, 102.6 task/s, elapsed: 43s, ETA:    34s[>>>>>>>>>>>>>>            ] 4369/7824, 102.6 task/s, elapsed: 43s, ETA:    34s[>>>>>>>>>>>>>>            ] 4370/7824, 102.6 task/s, elapsed: 43s, ETA:    34s[>>>>>>>>>>>>>>            ] 4371/7824, 102.6 task/s, elapsed: 43s, ETA:    34s[>>>>>>>>>>>>>>            ] 4372/7824, 102.6 task/s, elapsed: 43s, ETA:    34s[>>>>>>>>>>>>>>            ] 4373/7824, 102.6 task/s, elapsed: 43s, ETA:    34s[>>>>>>>>>>>>>>            ] 4374/7824, 102.6 task/s, elapsed: 43s, ETA:    34s[>>>>>>>>>>>>>>            ] 4375/7824, 102.6 task/s, elapsed: 43s, ETA:    34s[>>>>>>>>>>>>>>            ] 4376/7824, 102.6 task/s, elapsed: 43s, ETA:    34s[>>>>>>>>>>>>>>            ] 4377/7824, 102.6 task/s, elapsed: 43s, ETA:    34s[>>>>>>>>>>>>>>            ] 4378/7824, 102.6 task/s, elapsed: 43s, ETA:    34s[>>>>>>>>>>>>>>            ] 4379/7824, 102.6 task/s, elapsed: 43s, ETA:    34s[>>>>>>>>>>>>>>            ] 4380/7824, 102.6 task/s, elapsed: 43s, ETA:    34s[>>>>>>>>>>>>>>            ] 4381/7824, 102.6 task/s, elapsed: 43s, ETA:    34s[>>>>>>>>>>>>>>            ] 4382/7824, 102.7 task/s, elapsed: 43s, ETA:    34s[>>>>>>>>>>>>>>            ] 4383/7824, 102.7 task/s, elapsed: 43s, ETA:    34s[>>>>>>>>>>>>>>            ] 4384/7824, 102.7 task/s, elapsed: 43s, ETA:    34s[>>>>>>>>>>>>>>            ] 4385/7824, 102.7 task/s, elapsed: 43s, ETA:    33s[>>>>>>>>>>>>>>            ] 4386/7824, 102.7 task/s, elapsed: 43s, ETA:    33s[>>>>>>>>>>>>>>            ] 4387/7824, 102.7 task/s, elapsed: 43s, ETA:    33s[>>>>>>>>>>>>>>            ] 4388/7824, 102.7 task/s, elapsed: 43s, ETA:    33s[>>>>>>>>>>>>>>            ] 4389/7824, 102.7 task/s, elapsed: 43s, ETA:    33s[>>>>>>>>>>>>>>            ] 4390/7824, 102.7 task/s, elapsed: 43s, ETA:    33s[>>>>>>>>>>>>>>            ] 4391/7824, 102.7 task/s, elapsed: 43s, ETA:    33s[>>>>>>>>>>>>>>            ] 4392/7824, 102.7 task/s, elapsed: 43s, ETA:    33s[>>>>>>>>>>>>>>            ] 4393/7824, 102.7 task/s, elapsed: 43s, ETA:    33s[>>>>>>>>>>>>>>            ] 4394/7824, 102.7 task/s, elapsed: 43s, ETA:    33s[>>>>>>>>>>>>>>            ] 4395/7824, 102.7 task/s, elapsed: 43s, ETA:    33s[>>>>>>>>>>>>>>            ] 4396/7824, 102.7 task/s, elapsed: 43s, ETA:    33s[>>>>>>>>>>>>>>            ] 4397/7824, 102.7 task/s, elapsed: 43s, ETA:    33s[>>>>>>>>>>>>>>            ] 4398/7824, 102.7 task/s, elapsed: 43s, ETA:    33s[>>>>>>>>>>>>>>            ] 4399/7824, 102.7 task/s, elapsed: 43s, ETA:    33s[>>>>>>>>>>>>>>            ] 4400/7824, 102.7 task/s, elapsed: 43s, ETA:    33s[>>>>>>>>>>>>>>            ] 4401/7824, 102.7 task/s, elapsed: 43s, ETA:    33s[>>>>>>>>>>>>>>            ] 4402/7824, 102.7 task/s, elapsed: 43s, ETA:    33s[>>>>>>>>>>>>>>            ] 4403/7824, 102.7 task/s, elapsed: 43s, ETA:    33s[>>>>>>>>>>>>>>            ] 4404/7824, 102.7 task/s, elapsed: 43s, ETA:    33s[>>>>>>>>>>>>>>            ] 4405/7824, 102.7 task/s, elapsed: 43s, ETA:    33s[>>>>>>>>>>>>>>            ] 4406/7824, 102.7 task/s, elapsed: 43s, ETA:    33s[>>>>>>>>>>>>>>            ] 4407/7824, 102.7 task/s, elapsed: 43s, ETA:    33s[>>>>>>>>>>>>>>            ] 4408/7824, 102.7 task/s, elapsed: 43s, ETA:    33s[>>>>>>>>>>>>>>            ] 4409/7824, 102.7 task/s, elapsed: 43s, ETA:    33s[>>>>>>>>>>>>>>            ] 4410/7824, 102.7 task/s, elapsed: 43s, ETA:    33s[>>>>>>>>>>>>>>            ] 4411/7824, 102.7 task/s, elapsed: 43s, ETA:    33s[>>>>>>>>>>>>>>            ] 4412/7824, 102.7 task/s, elapsed: 43s, ETA:    33s[>>>>>>>>>>>>>>            ] 4413/7824, 102.7 task/s, elapsed: 43s, ETA:    33s[>>>>>>>>>>>>>>            ] 4414/7824, 102.7 task/s, elapsed: 43s, ETA:    33s[>>>>>>>>>>>>>>            ] 4415/7824, 102.7 task/s, elapsed: 43s, ETA:    33s[>>>>>>>>>>>>>>            ] 4416/7824, 102.7 task/s, elapsed: 43s, ETA:    33s[>>>>>>>>>>>>>>            ] 4417/7824, 102.7 task/s, elapsed: 43s, ETA:    33s[>>>>>>>>>>>>>>            ] 4418/7824, 102.7 task/s, elapsed: 43s, ETA:    33s[>>>>>>>>>>>>>>            ] 4419/7824, 102.7 task/s, elapsed: 43s, ETA:    33s[>>>>>>>>>>>>>>            ] 4420/7824, 102.7 task/s, elapsed: 43s, ETA:    33s[>>>>>>>>>>>>>>            ] 4421/7824, 102.7 task/s, elapsed: 43s, ETA:    33s[>>>>>>>>>>>>>>            ] 4422/7824, 102.7 task/s, elapsed: 43s, ETA:    33s[>>>>>>>>>>>>>>            ] 4423/7824, 102.7 task/s, elapsed: 43s, ETA:    33s[>>>>>>>>>>>>>>            ] 4424/7824, 102.7 task/s, elapsed: 43s, ETA:    33s[>>>>>>>>>>>>>>            ] 4425/7824, 102.7 task/s, elapsed: 43s, ETA:    33s[>>>>>>>>>>>>>>            ] 4426/7824, 102.7 task/s, elapsed: 43s, ETA:    33s[>>>>>>>>>>>>>>            ] 4427/7824, 102.7 task/s, elapsed: 43s, ETA:    33s[>>>>>>>>>>>>>>            ] 4428/7824, 102.7 task/s, elapsed: 43s, ETA:    33s[>>>>>>>>>>>>>>            ] 4429/7824, 102.8 task/s, elapsed: 43s, ETA:    33s[>>>>>>>>>>>>>>            ] 4430/7824, 102.8 task/s, elapsed: 43s, ETA:    33s[>>>>>>>>>>>>>>            ] 4431/7824, 102.8 task/s, elapsed: 43s, ETA:    33s[>>>>>>>>>>>>>>            ] 4432/7824, 102.8 task/s, elapsed: 43s, ETA:    33s[>>>>>>>>>>>>>>            ] 4433/7824, 102.8 task/s, elapsed: 43s, ETA:    33s[>>>>>>>>>>>>>>            ] 4434/7824, 102.8 task/s, elapsed: 43s, ETA:    33s[>>>>>>>>>>>>>>            ] 4435/7824, 102.8 task/s, elapsed: 43s, ETA:    33s[>>>>>>>>>>>>>>            ] 4436/7824, 102.8 task/s, elapsed: 43s, ETA:    33s[>>>>>>>>>>>>>>            ] 4437/7824, 102.8 task/s, elapsed: 43s, ETA:    33s[>>>>>>>>>>>>>>            ] 4438/7824, 102.8 task/s, elapsed: 43s, ETA:    33s[>>>>>>>>>>>>>>            ] 4439/7824, 102.8 task/s, elapsed: 43s, ETA:    33s[>>>>>>>>>>>>>>            ] 4440/7824, 102.8 task/s, elapsed: 43s, ETA:    33s[>>>>>>>>>>>>>>            ] 4441/7824, 102.8 task/s, elapsed: 43s, ETA:    33s[>>>>>>>>>>>>>>            ] 4442/7824, 102.8 task/s, elapsed: 43s, ETA:    33s[>>>>>>>>>>>>>>            ] 4443/7824, 102.8 task/s, elapsed: 43s, ETA:    33s[>>>>>>>>>>>>>>            ] 4444/7824, 102.8 task/s, elapsed: 43s, ETA:    33s[>>>>>>>>>>>>>>            ] 4445/7824, 102.8 task/s, elapsed: 43s, ETA:    33s[>>>>>>>>>>>>>>            ] 4446/7824, 102.8 task/s, elapsed: 43s, ETA:    33s[>>>>>>>>>>>>>>            ] 4447/7824, 102.8 task/s, elapsed: 43s, ETA:    33s[>>>>>>>>>>>>>>            ] 4448/7824, 102.8 task/s, elapsed: 43s, ETA:    33s[>>>>>>>>>>>>>>            ] 4449/7824, 102.8 task/s, elapsed: 43s, ETA:    33s[>>>>>>>>>>>>>>            ] 4450/7824, 102.8 task/s, elapsed: 43s, ETA:    33s[>>>>>>>>>>>>>>            ] 4451/7824, 102.8 task/s, elapsed: 43s, ETA:    33s[>>>>>>>>>>>>>>            ] 4452/7824, 102.8 task/s, elapsed: 43s, ETA:    33s[>>>>>>>>>>>>>>            ] 4453/7824, 102.8 task/s, elapsed: 43s, ETA:    33s[>>>>>>>>>>>>>>            ] 4454/7824, 102.8 task/s, elapsed: 43s, ETA:    33s[>>>>>>>>>>>>>>            ] 4455/7824, 102.8 task/s, elapsed: 43s, ETA:    33s[>>>>>>>>>>>>>>            ] 4456/7824, 102.8 task/s, elapsed: 43s, ETA:    33s[>>>>>>>>>>>>>>            ] 4457/7824, 102.8 task/s, elapsed: 43s, ETA:    33s[>>>>>>>>>>>>>>            ] 4458/7824, 102.8 task/s, elapsed: 43s, ETA:    33s[>>>>>>>>>>>>>>            ] 4459/7824, 102.8 task/s, elapsed: 43s, ETA:    33s[>>>>>>>>>>>>>>            ] 4460/7824, 102.8 task/s, elapsed: 43s, ETA:    33s[>>>>>>>>>>>>>>            ] 4461/7824, 102.8 task/s, elapsed: 43s, ETA:    33s[>>>>>>>>>>>>>>            ] 4462/7824, 102.8 task/s, elapsed: 43s, ETA:    33s[>>>>>>>>>>>>>>            ] 4463/7824, 102.8 task/s, elapsed: 43s, ETA:    33s[>>>>>>>>>>>>>>            ] 4464/7824, 102.8 task/s, elapsed: 43s, ETA:    33s[>>>>>>>>>>>>>>            ] 4465/7824, 102.8 task/s, elapsed: 43s, ETA:    33s[>>>>>>>>>>>>>>            ] 4466/7824, 102.8 task/s, elapsed: 43s, ETA:    33s[>>>>>>>>>>>>>>            ] 4467/7824, 102.8 task/s, elapsed: 43s, ETA:    33s[>>>>>>>>>>>>>>            ] 4468/7824, 102.8 task/s, elapsed: 43s, ETA:    33s[>>>>>>>>>>>>>>            ] 4469/7824, 102.8 task/s, elapsed: 43s, ETA:    33s[>>>>>>>>>>>>>>            ] 4470/7824, 102.8 task/s, elapsed: 43s, ETA:    33s[>>>>>>>>>>>>>>            ] 4471/7824, 102.8 task/s, elapsed: 43s, ETA:    33s[>>>>>>>>>>>>>>            ] 4472/7824, 102.8 task/s, elapsed: 43s, ETA:    33s[>>>>>>>>>>>>>>            ] 4473/7824, 102.8 task/s, elapsed: 44s, ETA:    33s[>>>>>>>>>>>>>>            ] 4474/7824, 102.8 task/s, elapsed: 44s, ETA:    33s[>>>>>>>>>>>>>>            ] 4475/7824, 102.8 task/s, elapsed: 44s, ETA:    33s[>>>>>>>>>>>>>>            ] 4476/7824, 102.8 task/s, elapsed: 44s, ETA:    33s[>>>>>>>>>>>>>>            ] 4477/7824, 102.8 task/s, elapsed: 44s, ETA:    33s[>>>>>>>>>>>>>>            ] 4478/7824, 102.8 task/s, elapsed: 44s, ETA:    33s[>>>>>>>>>>>>>>            ] 4479/7824, 102.8 task/s, elapsed: 44s, ETA:    33s[>>>>>>>>>>>>>>            ] 4480/7824, 102.8 task/s, elapsed: 44s, ETA:    33s[>>>>>>>>>>>>>>            ] 4481/7824, 102.8 task/s, elapsed: 44s, ETA:    33s[>>>>>>>>>>>>>>            ] 4482/7824, 102.8 task/s, elapsed: 44s, ETA:    32s[>>>>>>>>>>>>>>            ] 4483/7824, 102.8 task/s, elapsed: 44s, ETA:    32s[>>>>>>>>>>>>>>            ] 4484/7824, 102.8 task/s, elapsed: 44s, ETA:    32s[>>>>>>>>>>>>>>            ] 4485/7824, 102.8 task/s, elapsed: 44s, ETA:    32s[>>>>>>>>>>>>>>            ] 4486/7824, 102.8 task/s, elapsed: 44s, ETA:    32s[>>>>>>>>>>>>>>            ] 4487/7824, 102.8 task/s, elapsed: 44s, ETA:    32s[>>>>>>>>>>>>>>            ] 4488/7824, 102.8 task/s, elapsed: 44s, ETA:    32s[>>>>>>>>>>>>>>            ] 4489/7824, 102.8 task/s, elapsed: 44s, ETA:    32s[>>>>>>>>>>>>>>            ] 4490/7824, 102.8 task/s, elapsed: 44s, ETA:    32s[>>>>>>>>>>>>>>            ] 4491/7824, 102.9 task/s, elapsed: 44s, ETA:    32s[>>>>>>>>>>>>>>            ] 4492/7824, 102.9 task/s, elapsed: 44s, ETA:    32s[>>>>>>>>>>>>>>            ] 4493/7824, 102.9 task/s, elapsed: 44s, ETA:    32s[>>>>>>>>>>>>>>            ] 4494/7824, 102.9 task/s, elapsed: 44s, ETA:    32s[>>>>>>>>>>>>>>            ] 4495/7824, 102.9 task/s, elapsed: 44s, ETA:    32s[>>>>>>>>>>>>>>            ] 4496/7824, 102.9 task/s, elapsed: 44s, ETA:    32s[>>>>>>>>>>>>>>            ] 4497/7824, 102.9 task/s, elapsed: 44s, ETA:    32s[>>>>>>>>>>>>>>            ] 4498/7824, 102.9 task/s, elapsed: 44s, ETA:    32s[>>>>>>>>>>>>>>            ] 4499/7824, 102.9 task/s, elapsed: 44s, ETA:    32s[>>>>>>>>>>>>>>            ] 4500/7824, 102.9 task/s, elapsed: 44s, ETA:    32s[>>>>>>>>>>>>>>            ] 4501/7824, 102.9 task/s, elapsed: 44s, ETA:    32s[>>>>>>>>>>>>>>            ] 4502/7824, 102.9 task/s, elapsed: 44s, ETA:    32s[>>>>>>>>>>>>>>            ] 4503/7824, 102.9 task/s, elapsed: 44s, ETA:    32s[>>>>>>>>>>>>>>            ] 4504/7824, 102.9 task/s, elapsed: 44s, ETA:    32s[>>>>>>>>>>>>>>            ] 4505/7824, 102.9 task/s, elapsed: 44s, ETA:    32s[>>>>>>>>>>>>>>            ] 4506/7824, 102.9 task/s, elapsed: 44s, ETA:    32s[>>>>>>>>>>>>>>            ] 4507/7824, 102.9 task/s, elapsed: 44s, ETA:    32s[>>>>>>>>>>>>>>            ] 4508/7824, 102.9 task/s, elapsed: 44s, ETA:    32s[>>>>>>>>>>>>>>            ] 4509/7824, 102.9 task/s, elapsed: 44s, ETA:    32s[>>>>>>>>>>>>>>            ] 4510/7824, 102.9 task/s, elapsed: 44s, ETA:    32s[>>>>>>>>>>>>>>            ] 4511/7824, 102.9 task/s, elapsed: 44s, ETA:    32s[>>>>>>>>>>>>>>            ] 4512/7824, 102.9 task/s, elapsed: 44s, ETA:    32s[>>>>>>>>>>>>>>            ] 4513/7824, 102.9 task/s, elapsed: 44s, ETA:    32s[>>>>>>>>>>>>>>>           ] 4514/7824, 102.9 task/s, elapsed: 44s, ETA:    32s[>>>>>>>>>>>>>>>           ] 4515/7824, 102.9 task/s, elapsed: 44s, ETA:    32s[>>>>>>>>>>>>>>>           ] 4516/7824, 102.9 task/s, elapsed: 44s, ETA:    32s[>>>>>>>>>>>>>>>           ] 4517/7824, 102.9 task/s, elapsed: 44s, ETA:    32s[>>>>>>>>>>>>>>>           ] 4518/7824, 102.9 task/s, elapsed: 44s, ETA:    32s[>>>>>>>>>>>>>>>           ] 4519/7824, 102.9 task/s, elapsed: 44s, ETA:    32s[>>>>>>>>>>>>>>>           ] 4520/7824, 102.9 task/s, elapsed: 44s, ETA:    32s[>>>>>>>>>>>>>>>           ] 4521/7824, 102.9 task/s, elapsed: 44s, ETA:    32s[>>>>>>>>>>>>>>>           ] 4522/7824, 102.9 task/s, elapsed: 44s, ETA:    32s[>>>>>>>>>>>>>>>           ] 4523/7824, 102.9 task/s, elapsed: 44s, ETA:    32s[>>>>>>>>>>>>>>>           ] 4524/7824, 102.9 task/s, elapsed: 44s, ETA:    32s[>>>>>>>>>>>>>>>           ] 4525/7824, 102.9 task/s, elapsed: 44s, ETA:    32s[>>>>>>>>>>>>>>>           ] 4526/7824, 102.9 task/s, elapsed: 44s, ETA:    32s[>>>>>>>>>>>>>>>           ] 4527/7824, 102.9 task/s, elapsed: 44s, ETA:    32s[>>>>>>>>>>>>>>>           ] 4528/7824, 102.9 task/s, elapsed: 44s, ETA:    32s[>>>>>>>>>>>>>>>           ] 4529/7824, 102.9 task/s, elapsed: 44s, ETA:    32s[>>>>>>>>>>>>>>>           ] 4530/7824, 102.9 task/s, elapsed: 44s, ETA:    32s[>>>>>>>>>>>>>>>           ] 4531/7824, 102.9 task/s, elapsed: 44s, ETA:    32s[>>>>>>>>>>>>>>>           ] 4532/7824, 102.9 task/s, elapsed: 44s, ETA:    32s[>>>>>>>>>>>>>>>           ] 4533/7824, 102.9 task/s, elapsed: 44s, ETA:    32s[>>>>>>>>>>>>>>>           ] 4534/7824, 102.9 task/s, elapsed: 44s, ETA:    32s[>>>>>>>>>>>>>>>           ] 4535/7824, 102.9 task/s, elapsed: 44s, ETA:    32s[>>>>>>>>>>>>>>>           ] 4536/7824, 102.9 task/s, elapsed: 44s, ETA:    32s[>>>>>>>>>>>>>>>           ] 4537/7824, 102.9 task/s, elapsed: 44s, ETA:    32s[>>>>>>>>>>>>>>>           ] 4538/7824, 102.9 task/s, elapsed: 44s, ETA:    32s[>>>>>>>>>>>>>>>           ] 4539/7824, 102.9 task/s, elapsed: 44s, ETA:    32s[>>>>>>>>>>>>>>>           ] 4540/7824, 102.9 task/s, elapsed: 44s, ETA:    32s[>>>>>>>>>>>>>>>           ] 4541/7824, 102.9 task/s, elapsed: 44s, ETA:    32s[>>>>>>>>>>>>>>>           ] 4542/7824, 102.9 task/s, elapsed: 44s, ETA:    32s[>>>>>>>>>>>>>>>           ] 4543/7824, 102.9 task/s, elapsed: 44s, ETA:    32s[>>>>>>>>>>>>>>>           ] 4544/7824, 102.9 task/s, elapsed: 44s, ETA:    32s[>>>>>>>>>>>>>>>           ] 4545/7824, 102.9 task/s, elapsed: 44s, ETA:    32s[>>>>>>>>>>>>>>>           ] 4546/7824, 102.9 task/s, elapsed: 44s, ETA:    32s[>>>>>>>>>>>>>>>           ] 4547/7824, 102.9 task/s, elapsed: 44s, ETA:    32s[>>>>>>>>>>>>>>>           ] 4548/7824, 102.9 task/s, elapsed: 44s, ETA:    32s[>>>>>>>>>>>>>>>           ] 4549/7824, 102.9 task/s, elapsed: 44s, ETA:    32s[>>>>>>>>>>>>>>>           ] 4550/7824, 102.9 task/s, elapsed: 44s, ETA:    32s[>>>>>>>>>>>>>>>           ] 4551/7824, 102.9 task/s, elapsed: 44s, ETA:    32s[>>>>>>>>>>>>>>>           ] 4552/7824, 102.9 task/s, elapsed: 44s, ETA:    32s[>>>>>>>>>>>>>>>           ] 4553/7824, 102.9 task/s, elapsed: 44s, ETA:    32s[>>>>>>>>>>>>>>>           ] 4554/7824, 103.0 task/s, elapsed: 44s, ETA:    32s[>>>>>>>>>>>>>>>           ] 4555/7824, 103.0 task/s, elapsed: 44s, ETA:    32s[>>>>>>>>>>>>>>>           ] 4556/7824, 103.0 task/s, elapsed: 44s, ETA:    32s[>>>>>>>>>>>>>>>           ] 4557/7824, 103.0 task/s, elapsed: 44s, ETA:    32s[>>>>>>>>>>>>>>>           ] 4558/7824, 103.0 task/s, elapsed: 44s, ETA:    32s[>>>>>>>>>>>>>>>           ] 4559/7824, 103.0 task/s, elapsed: 44s, ETA:    32s[>>>>>>>>>>>>>>>           ] 4560/7824, 103.0 task/s, elapsed: 44s, ETA:    32s[>>>>>>>>>>>>>>>           ] 4561/7824, 103.0 task/s, elapsed: 44s, ETA:    32s[>>>>>>>>>>>>>>>           ] 4562/7824, 103.0 task/s, elapsed: 44s, ETA:    32s[>>>>>>>>>>>>>>>           ] 4563/7824, 103.0 task/s, elapsed: 44s, ETA:    32s[>>>>>>>>>>>>>>>           ] 4564/7824, 103.0 task/s, elapsed: 44s, ETA:    32s[>>>>>>>>>>>>>>>           ] 4565/7824, 103.0 task/s, elapsed: 44s, ETA:    32s[>>>>>>>>>>>>>>>           ] 4566/7824, 103.0 task/s, elapsed: 44s, ETA:    32s[>>>>>>>>>>>>>>>           ] 4567/7824, 103.0 task/s, elapsed: 44s, ETA:    32s[>>>>>>>>>>>>>>>           ] 4568/7824, 103.0 task/s, elapsed: 44s, ETA:    32s[>>>>>>>>>>>>>>>           ] 4569/7824, 103.0 task/s, elapsed: 44s, ETA:    32s[>>>>>>>>>>>>>>>           ] 4570/7824, 103.0 task/s, elapsed: 44s, ETA:    32s[>>>>>>>>>>>>>>>           ] 4571/7824, 103.0 task/s, elapsed: 44s, ETA:    32s[>>>>>>>>>>>>>>>           ] 4572/7824, 103.0 task/s, elapsed: 44s, ETA:    32s[>>>>>>>>>>>>>>>           ] 4573/7824, 103.0 task/s, elapsed: 44s, ETA:    32s[>>>>>>>>>>>>>>>           ] 4574/7824, 103.0 task/s, elapsed: 44s, ETA:    32s[>>>>>>>>>>>>>>>           ] 4575/7824, 103.0 task/s, elapsed: 44s, ETA:    32s[>>>>>>>>>>>>>>>           ] 4576/7824, 103.0 task/s, elapsed: 44s, ETA:    32s[>>>>>>>>>>>>>>>           ] 4577/7824, 103.0 task/s, elapsed: 44s, ETA:    32s[>>>>>>>>>>>>>>>           ] 4578/7824, 103.0 task/s, elapsed: 44s, ETA:    32s[>>>>>>>>>>>>>>>           ] 4579/7824, 103.0 task/s, elapsed: 44s, ETA:    32s[>>>>>>>>>>>>>>>           ] 4580/7824, 103.0 task/s, elapsed: 44s, ETA:    31s[>>>>>>>>>>>>>>>           ] 4581/7824, 103.0 task/s, elapsed: 44s, ETA:    31s[>>>>>>>>>>>>>>>           ] 4582/7824, 103.0 task/s, elapsed: 44s, ETA:    31s[>>>>>>>>>>>>>>>           ] 4583/7824, 103.0 task/s, elapsed: 44s, ETA:    31s[>>>>>>>>>>>>>>>           ] 4584/7824, 103.0 task/s, elapsed: 44s, ETA:    31s[>>>>>>>>>>>>>>>           ] 4585/7824, 103.0 task/s, elapsed: 45s, ETA:    31s[>>>>>>>>>>>>>>>           ] 4586/7824, 103.0 task/s, elapsed: 45s, ETA:    31s[>>>>>>>>>>>>>>>           ] 4587/7824, 103.0 task/s, elapsed: 45s, ETA:    31s[>>>>>>>>>>>>>>>           ] 4588/7824, 103.0 task/s, elapsed: 45s, ETA:    31s[>>>>>>>>>>>>>>>           ] 4589/7824, 103.0 task/s, elapsed: 45s, ETA:    31s[>>>>>>>>>>>>>>>           ] 4590/7824, 103.0 task/s, elapsed: 45s, ETA:    31s[>>>>>>>>>>>>>>>           ] 4591/7824, 103.0 task/s, elapsed: 45s, ETA:    31s[>>>>>>>>>>>>>>>           ] 4592/7824, 103.0 task/s, elapsed: 45s, ETA:    31s[>>>>>>>>>>>>>>>           ] 4593/7824, 103.0 task/s, elapsed: 45s, ETA:    31s[>>>>>>>>>>>>>>>           ] 4594/7824, 103.0 task/s, elapsed: 45s, ETA:    31s[>>>>>>>>>>>>>>>           ] 4595/7824, 103.0 task/s, elapsed: 45s, ETA:    31s[>>>>>>>>>>>>>>>           ] 4596/7824, 103.0 task/s, elapsed: 45s, ETA:    31s[>>>>>>>>>>>>>>>           ] 4597/7824, 103.0 task/s, elapsed: 45s, ETA:    31s[>>>>>>>>>>>>>>>           ] 4598/7824, 103.0 task/s, elapsed: 45s, ETA:    31s[>>>>>>>>>>>>>>>           ] 4599/7824, 103.0 task/s, elapsed: 45s, ETA:    31s[>>>>>>>>>>>>>>>           ] 4600/7824, 103.0 task/s, elapsed: 45s, ETA:    31s[>>>>>>>>>>>>>>>           ] 4601/7824, 103.0 task/s, elapsed: 45s, ETA:    31s[>>>>>>>>>>>>>>>           ] 4602/7824, 103.0 task/s, elapsed: 45s, ETA:    31s[>>>>>>>>>>>>>>>           ] 4603/7824, 103.0 task/s, elapsed: 45s, ETA:    31s[>>>>>>>>>>>>>>>           ] 4604/7824, 103.0 task/s, elapsed: 45s, ETA:    31s[>>>>>>>>>>>>>>>           ] 4605/7824, 103.0 task/s, elapsed: 45s, ETA:    31s[>>>>>>>>>>>>>>>           ] 4606/7824, 103.0 task/s, elapsed: 45s, ETA:    31s[>>>>>>>>>>>>>>>           ] 4607/7824, 103.0 task/s, elapsed: 45s, ETA:    31s[>>>>>>>>>>>>>>>           ] 4608/7824, 103.0 task/s, elapsed: 45s, ETA:    31s[>>>>>>>>>>>>>>>           ] 4609/7824, 103.0 task/s, elapsed: 45s, ETA:    31s[>>>>>>>>>>>>>>>           ] 4610/7824, 103.0 task/s, elapsed: 45s, ETA:    31s[>>>>>>>>>>>>>>>           ] 4611/7824, 103.0 task/s, elapsed: 45s, ETA:    31s[>>>>>>>>>>>>>>>           ] 4612/7824, 103.0 task/s, elapsed: 45s, ETA:    31s[>>>>>>>>>>>>>>>           ] 4613/7824, 103.0 task/s, elapsed: 45s, ETA:    31s[>>>>>>>>>>>>>>>           ] 4614/7824, 103.0 task/s, elapsed: 45s, ETA:    31s[>>>>>>>>>>>>>>>           ] 4615/7824, 103.1 task/s, elapsed: 45s, ETA:    31s[>>>>>>>>>>>>>>>           ] 4616/7824, 103.1 task/s, elapsed: 45s, ETA:    31s[>>>>>>>>>>>>>>>           ] 4617/7824, 103.1 task/s, elapsed: 45s, ETA:    31s[>>>>>>>>>>>>>>>           ] 4618/7824, 103.1 task/s, elapsed: 45s, ETA:    31s[>>>>>>>>>>>>>>>           ] 4619/7824, 103.1 task/s, elapsed: 45s, ETA:    31s[>>>>>>>>>>>>>>>           ] 4620/7824, 103.1 task/s, elapsed: 45s, ETA:    31s[>>>>>>>>>>>>>>>           ] 4621/7824, 103.1 task/s, elapsed: 45s, ETA:    31s[>>>>>>>>>>>>>>>           ] 4622/7824, 103.1 task/s, elapsed: 45s, ETA:    31s[>>>>>>>>>>>>>>>           ] 4623/7824, 103.1 task/s, elapsed: 45s, ETA:    31s[>>>>>>>>>>>>>>>           ] 4624/7824, 103.1 task/s, elapsed: 45s, ETA:    31s[>>>>>>>>>>>>>>>           ] 4625/7824, 103.1 task/s, elapsed: 45s, ETA:    31s[>>>>>>>>>>>>>>>           ] 4626/7824, 103.1 task/s, elapsed: 45s, ETA:    31s[>>>>>>>>>>>>>>>           ] 4627/7824, 103.1 task/s, elapsed: 45s, ETA:    31s[>>>>>>>>>>>>>>>           ] 4628/7824, 103.1 task/s, elapsed: 45s, ETA:    31s[>>>>>>>>>>>>>>>           ] 4629/7824, 103.1 task/s, elapsed: 45s, ETA:    31s[>>>>>>>>>>>>>>>           ] 4630/7824, 103.1 task/s, elapsed: 45s, ETA:    31s[>>>>>>>>>>>>>>>           ] 4631/7824, 103.1 task/s, elapsed: 45s, ETA:    31s[>>>>>>>>>>>>>>>           ] 4632/7824, 103.1 task/s, elapsed: 45s, ETA:    31s[>>>>>>>>>>>>>>>           ] 4633/7824, 103.1 task/s, elapsed: 45s, ETA:    31s[>>>>>>>>>>>>>>>           ] 4634/7824, 103.1 task/s, elapsed: 45s, ETA:    31s[>>>>>>>>>>>>>>>           ] 4635/7824, 103.1 task/s, elapsed: 45s, ETA:    31s[>>>>>>>>>>>>>>>           ] 4636/7824, 103.1 task/s, elapsed: 45s, ETA:    31s[>>>>>>>>>>>>>>>           ] 4637/7824, 103.1 task/s, elapsed: 45s, ETA:    31s[>>>>>>>>>>>>>>>           ] 4638/7824, 103.1 task/s, elapsed: 45s, ETA:    31s[>>>>>>>>>>>>>>>           ] 4639/7824, 103.1 task/s, elapsed: 45s, ETA:    31s[>>>>>>>>>>>>>>>           ] 4640/7824, 103.1 task/s, elapsed: 45s, ETA:    31s[>>>>>>>>>>>>>>>           ] 4641/7824, 103.1 task/s, elapsed: 45s, ETA:    31s[>>>>>>>>>>>>>>>           ] 4642/7824, 103.1 task/s, elapsed: 45s, ETA:    31s[>>>>>>>>>>>>>>>           ] 4643/7824, 103.1 task/s, elapsed: 45s, ETA:    31s[>>>>>>>>>>>>>>>           ] 4644/7824, 103.1 task/s, elapsed: 45s, ETA:    31s[>>>>>>>>>>>>>>>           ] 4645/7824, 103.1 task/s, elapsed: 45s, ETA:    31s[>>>>>>>>>>>>>>>           ] 4646/7824, 103.1 task/s, elapsed: 45s, ETA:    31s[>>>>>>>>>>>>>>>           ] 4647/7824, 103.1 task/s, elapsed: 45s, ETA:    31s[>>>>>>>>>>>>>>>           ] 4648/7824, 103.1 task/s, elapsed: 45s, ETA:    31s[>>>>>>>>>>>>>>>           ] 4649/7824, 103.1 task/s, elapsed: 45s, ETA:    31s[>>>>>>>>>>>>>>>           ] 4650/7824, 103.1 task/s, elapsed: 45s, ETA:    31s[>>>>>>>>>>>>>>>           ] 4651/7824, 103.1 task/s, elapsed: 45s, ETA:    31s[>>>>>>>>>>>>>>>           ] 4652/7824, 103.1 task/s, elapsed: 45s, ETA:    31s[>>>>>>>>>>>>>>>           ] 4653/7824, 103.1 task/s, elapsed: 45s, ETA:    31s[>>>>>>>>>>>>>>>           ] 4654/7824, 103.1 task/s, elapsed: 45s, ETA:    31s[>>>>>>>>>>>>>>>           ] 4655/7824, 103.1 task/s, elapsed: 45s, ETA:    31s[>>>>>>>>>>>>>>>           ] 4656/7824, 103.1 task/s, elapsed: 45s, ETA:    31s[>>>>>>>>>>>>>>>           ] 4657/7824, 103.1 task/s, elapsed: 45s, ETA:    31s[>>>>>>>>>>>>>>>           ] 4658/7824, 103.1 task/s, elapsed: 45s, ETA:    31s[>>>>>>>>>>>>>>>           ] 4659/7824, 103.1 task/s, elapsed: 45s, ETA:    31s[>>>>>>>>>>>>>>>           ] 4660/7824, 103.1 task/s, elapsed: 45s, ETA:    31s[>>>>>>>>>>>>>>>           ] 4661/7824, 103.1 task/s, elapsed: 45s, ETA:    31s[>>>>>>>>>>>>>>>           ] 4662/7824, 103.1 task/s, elapsed: 45s, ETA:    31s[>>>>>>>>>>>>>>>           ] 4663/7824, 103.1 task/s, elapsed: 45s, ETA:    31s[>>>>>>>>>>>>>>>           ] 4664/7824, 103.1 task/s, elapsed: 45s, ETA:    31s[>>>>>>>>>>>>>>>           ] 4665/7824, 103.1 task/s, elapsed: 45s, ETA:    31s[>>>>>>>>>>>>>>>           ] 4666/7824, 103.1 task/s, elapsed: 45s, ETA:    31s[>>>>>>>>>>>>>>>           ] 4667/7824, 103.1 task/s, elapsed: 45s, ETA:    31s[>>>>>>>>>>>>>>>           ] 4668/7824, 103.1 task/s, elapsed: 45s, ETA:    31s[>>>>>>>>>>>>>>>           ] 4669/7824, 103.1 task/s, elapsed: 45s, ETA:    31s[>>>>>>>>>>>>>>>           ] 4670/7824, 103.2 task/s, elapsed: 45s, ETA:    31s[>>>>>>>>>>>>>>>           ] 4671/7824, 103.2 task/s, elapsed: 45s, ETA:    31s[>>>>>>>>>>>>>>>           ] 4672/7824, 103.2 task/s, elapsed: 45s, ETA:    31s[>>>>>>>>>>>>>>>           ] 4673/7824, 103.2 task/s, elapsed: 45s, ETA:    31s[>>>>>>>>>>>>>>>           ] 4674/7824, 103.2 task/s, elapsed: 45s, ETA:    31s[>>>>>>>>>>>>>>>           ] 4675/7824, 103.2 task/s, elapsed: 45s, ETA:    31s[>>>>>>>>>>>>>>>           ] 4676/7824, 103.2 task/s, elapsed: 45s, ETA:    31s[>>>>>>>>>>>>>>>           ] 4677/7824, 103.2 task/s, elapsed: 45s, ETA:    31s[>>>>>>>>>>>>>>>           ] 4678/7824, 103.2 task/s, elapsed: 45s, ETA:    30s[>>>>>>>>>>>>>>>           ] 4679/7824, 103.2 task/s, elapsed: 45s, ETA:    30s[>>>>>>>>>>>>>>>           ] 4680/7824, 103.2 task/s, elapsed: 45s, ETA:    30s[>>>>>>>>>>>>>>>           ] 4681/7824, 103.2 task/s, elapsed: 45s, ETA:    30s[>>>>>>>>>>>>>>>           ] 4682/7824, 103.2 task/s, elapsed: 45s, ETA:    30s[>>>>>>>>>>>>>>>           ] 4683/7824, 103.2 task/s, elapsed: 45s, ETA:    30s[>>>>>>>>>>>>>>>           ] 4684/7824, 103.2 task/s, elapsed: 45s, ETA:    30s[>>>>>>>>>>>>>>>           ] 4685/7824, 103.2 task/s, elapsed: 45s, ETA:    30s[>>>>>>>>>>>>>>>           ] 4686/7824, 103.2 task/s, elapsed: 45s, ETA:    30s[>>>>>>>>>>>>>>>           ] 4687/7824, 103.2 task/s, elapsed: 45s, ETA:    30s[>>>>>>>>>>>>>>>           ] 4688/7824, 103.2 task/s, elapsed: 45s, ETA:    30s[>>>>>>>>>>>>>>>           ] 4689/7824, 103.2 task/s, elapsed: 45s, ETA:    30s[>>>>>>>>>>>>>>>           ] 4690/7824, 103.2 task/s, elapsed: 45s, ETA:    30s[>>>>>>>>>>>>>>>           ] 4691/7824, 103.2 task/s, elapsed: 45s, ETA:    30s[>>>>>>>>>>>>>>>           ] 4692/7824, 103.2 task/s, elapsed: 45s, ETA:    30s[>>>>>>>>>>>>>>>           ] 4693/7824, 103.2 task/s, elapsed: 45s, ETA:    30s[>>>>>>>>>>>>>>>           ] 4694/7824, 103.2 task/s, elapsed: 45s, ETA:    30s[>>>>>>>>>>>>>>>           ] 4695/7824, 103.2 task/s, elapsed: 45s, ETA:    30s[>>>>>>>>>>>>>>>           ] 4696/7824, 103.2 task/s, elapsed: 46s, ETA:    30s[>>>>>>>>>>>>>>>           ] 4697/7824, 103.2 task/s, elapsed: 46s, ETA:    30s[>>>>>>>>>>>>>>>           ] 4698/7824, 103.2 task/s, elapsed: 46s, ETA:    30s[>>>>>>>>>>>>>>>           ] 4699/7824, 103.2 task/s, elapsed: 46s, ETA:    30s[>>>>>>>>>>>>>>>           ] 4700/7824, 103.2 task/s, elapsed: 46s, ETA:    30s[>>>>>>>>>>>>>>>           ] 4701/7824, 103.2 task/s, elapsed: 46s, ETA:    30s[>>>>>>>>>>>>>>>           ] 4702/7824, 103.2 task/s, elapsed: 46s, ETA:    30s[>>>>>>>>>>>>>>>           ] 4703/7824, 103.2 task/s, elapsed: 46s, ETA:    30s[>>>>>>>>>>>>>>>           ] 4704/7824, 103.2 task/s, elapsed: 46s, ETA:    30s[>>>>>>>>>>>>>>>           ] 4705/7824, 103.2 task/s, elapsed: 46s, ETA:    30s[>>>>>>>>>>>>>>>           ] 4706/7824, 103.2 task/s, elapsed: 46s, ETA:    30s[>>>>>>>>>>>>>>>           ] 4707/7824, 103.2 task/s, elapsed: 46s, ETA:    30s[>>>>>>>>>>>>>>>           ] 4708/7824, 103.2 task/s, elapsed: 46s, ETA:    30s[>>>>>>>>>>>>>>>           ] 4709/7824, 103.2 task/s, elapsed: 46s, ETA:    30s[>>>>>>>>>>>>>>>           ] 4710/7824, 103.2 task/s, elapsed: 46s, ETA:    30s[>>>>>>>>>>>>>>>           ] 4711/7824, 103.2 task/s, elapsed: 46s, ETA:    30s[>>>>>>>>>>>>>>>           ] 4712/7824, 103.2 task/s, elapsed: 46s, ETA:    30s[>>>>>>>>>>>>>>>           ] 4713/7824, 103.2 task/s, elapsed: 46s, ETA:    30s[>>>>>>>>>>>>>>>           ] 4714/7824, 103.2 task/s, elapsed: 46s, ETA:    30s[>>>>>>>>>>>>>>>           ] 4715/7824, 103.2 task/s, elapsed: 46s, ETA:    30s[>>>>>>>>>>>>>>>           ] 4716/7824, 103.2 task/s, elapsed: 46s, ETA:    30s[>>>>>>>>>>>>>>>           ] 4717/7824, 103.2 task/s, elapsed: 46s, ETA:    30s[>>>>>>>>>>>>>>>           ] 4718/7824, 103.2 task/s, elapsed: 46s, ETA:    30s[>>>>>>>>>>>>>>>           ] 4719/7824, 103.2 task/s, elapsed: 46s, ETA:    30s[>>>>>>>>>>>>>>>           ] 4720/7824, 103.2 task/s, elapsed: 46s, ETA:    30s[>>>>>>>>>>>>>>>           ] 4721/7824, 103.2 task/s, elapsed: 46s, ETA:    30s[>>>>>>>>>>>>>>>           ] 4722/7824, 103.3 task/s, elapsed: 46s, ETA:    30s[>>>>>>>>>>>>>>>           ] 4723/7824, 103.3 task/s, elapsed: 46s, ETA:    30s[>>>>>>>>>>>>>>>           ] 4724/7824, 103.3 task/s, elapsed: 46s, ETA:    30s[>>>>>>>>>>>>>>>           ] 4725/7824, 103.3 task/s, elapsed: 46s, ETA:    30s[>>>>>>>>>>>>>>>           ] 4726/7824, 103.3 task/s, elapsed: 46s, ETA:    30s[>>>>>>>>>>>>>>>           ] 4727/7824, 103.3 task/s, elapsed: 46s, ETA:    30s[>>>>>>>>>>>>>>>           ] 4728/7824, 103.3 task/s, elapsed: 46s, ETA:    30s[>>>>>>>>>>>>>>>           ] 4729/7824, 103.3 task/s, elapsed: 46s, ETA:    30s[>>>>>>>>>>>>>>>           ] 4730/7824, 103.3 task/s, elapsed: 46s, ETA:    30s[>>>>>>>>>>>>>>>           ] 4731/7824, 103.3 task/s, elapsed: 46s, ETA:    30s[>>>>>>>>>>>>>>>           ] 4732/7824, 103.3 task/s, elapsed: 46s, ETA:    30s[>>>>>>>>>>>>>>>           ] 4733/7824, 103.3 task/s, elapsed: 46s, ETA:    30s[>>>>>>>>>>>>>>>           ] 4734/7824, 103.3 task/s, elapsed: 46s, ETA:    30s[>>>>>>>>>>>>>>>           ] 4735/7824, 103.3 task/s, elapsed: 46s, ETA:    30s[>>>>>>>>>>>>>>>           ] 4736/7824, 103.3 task/s, elapsed: 46s, ETA:    30s[>>>>>>>>>>>>>>>           ] 4737/7824, 103.3 task/s, elapsed: 46s, ETA:    30s[>>>>>>>>>>>>>>>           ] 4738/7824, 103.3 task/s, elapsed: 46s, ETA:    30s[>>>>>>>>>>>>>>>           ] 4739/7824, 103.3 task/s, elapsed: 46s, ETA:    30s[>>>>>>>>>>>>>>>           ] 4740/7824, 103.3 task/s, elapsed: 46s, ETA:    30s[>>>>>>>>>>>>>>>           ] 4741/7824, 103.3 task/s, elapsed: 46s, ETA:    30s[>>>>>>>>>>>>>>>           ] 4742/7824, 103.3 task/s, elapsed: 46s, ETA:    30s[>>>>>>>>>>>>>>>           ] 4743/7824, 103.3 task/s, elapsed: 46s, ETA:    30s[>>>>>>>>>>>>>>>           ] 4744/7824, 103.3 task/s, elapsed: 46s, ETA:    30s[>>>>>>>>>>>>>>>           ] 4745/7824, 103.3 task/s, elapsed: 46s, ETA:    30s[>>>>>>>>>>>>>>>           ] 4746/7824, 103.3 task/s, elapsed: 46s, ETA:    30s[>>>>>>>>>>>>>>>           ] 4747/7824, 103.3 task/s, elapsed: 46s, ETA:    30s[>>>>>>>>>>>>>>>           ] 4748/7824, 103.3 task/s, elapsed: 46s, ETA:    30s[>>>>>>>>>>>>>>>           ] 4749/7824, 103.3 task/s, elapsed: 46s, ETA:    30s[>>>>>>>>>>>>>>>           ] 4750/7824, 103.3 task/s, elapsed: 46s, ETA:    30s[>>>>>>>>>>>>>>>           ] 4751/7824, 103.3 task/s, elapsed: 46s, ETA:    30s[>>>>>>>>>>>>>>>           ] 4752/7824, 103.3 task/s, elapsed: 46s, ETA:    30s[>>>>>>>>>>>>>>>           ] 4753/7824, 103.3 task/s, elapsed: 46s, ETA:    30s[>>>>>>>>>>>>>>>           ] 4754/7824, 103.3 task/s, elapsed: 46s, ETA:    30s[>>>>>>>>>>>>>>>           ] 4755/7824, 103.3 task/s, elapsed: 46s, ETA:    30s[>>>>>>>>>>>>>>>           ] 4756/7824, 103.3 task/s, elapsed: 46s, ETA:    30s[>>>>>>>>>>>>>>>           ] 4757/7824, 103.3 task/s, elapsed: 46s, ETA:    30s[>>>>>>>>>>>>>>>           ] 4758/7824, 103.3 task/s, elapsed: 46s, ETA:    30s[>>>>>>>>>>>>>>>           ] 4759/7824, 103.3 task/s, elapsed: 46s, ETA:    30s[>>>>>>>>>>>>>>>           ] 4760/7824, 103.3 task/s, elapsed: 46s, ETA:    30s[>>>>>>>>>>>>>>>           ] 4761/7824, 103.3 task/s, elapsed: 46s, ETA:    30s[>>>>>>>>>>>>>>>           ] 4762/7824, 103.3 task/s, elapsed: 46s, ETA:    30s[>>>>>>>>>>>>>>>           ] 4763/7824, 103.3 task/s, elapsed: 46s, ETA:    30s[>>>>>>>>>>>>>>>           ] 4764/7824, 103.3 task/s, elapsed: 46s, ETA:    30s[>>>>>>>>>>>>>>>           ] 4765/7824, 103.3 task/s, elapsed: 46s, ETA:    30s[>>>>>>>>>>>>>>>           ] 4766/7824, 103.3 task/s, elapsed: 46s, ETA:    30s[>>>>>>>>>>>>>>>           ] 4767/7824, 103.3 task/s, elapsed: 46s, ETA:    30s[>>>>>>>>>>>>>>>           ] 4768/7824, 103.3 task/s, elapsed: 46s, ETA:    30s[>>>>>>>>>>>>>>>           ] 4769/7824, 103.3 task/s, elapsed: 46s, ETA:    30s[>>>>>>>>>>>>>>>           ] 4770/7824, 103.3 task/s, elapsed: 46s, ETA:    30s[>>>>>>>>>>>>>>>           ] 4771/7824, 103.3 task/s, elapsed: 46s, ETA:    30s[>>>>>>>>>>>>>>>           ] 4772/7824, 103.3 task/s, elapsed: 46s, ETA:    30s[>>>>>>>>>>>>>>>           ] 4773/7824, 103.3 task/s, elapsed: 46s, ETA:    30s[>>>>>>>>>>>>>>>           ] 4774/7824, 103.3 task/s, elapsed: 46s, ETA:    30s[>>>>>>>>>>>>>>>           ] 4775/7824, 103.3 task/s, elapsed: 46s, ETA:    30s[>>>>>>>>>>>>>>>           ] 4776/7824, 103.3 task/s, elapsed: 46s, ETA:    29s[>>>>>>>>>>>>>>>           ] 4777/7824, 103.4 task/s, elapsed: 46s, ETA:    29s[>>>>>>>>>>>>>>>           ] 4778/7824, 103.4 task/s, elapsed: 46s, ETA:    29s[>>>>>>>>>>>>>>>           ] 4779/7824, 103.4 task/s, elapsed: 46s, ETA:    29s[>>>>>>>>>>>>>>>           ] 4780/7824, 103.4 task/s, elapsed: 46s, ETA:    29s[>>>>>>>>>>>>>>>           ] 4781/7824, 103.4 task/s, elapsed: 46s, ETA:    29s[>>>>>>>>>>>>>>>           ] 4782/7824, 103.4 task/s, elapsed: 46s, ETA:    29s[>>>>>>>>>>>>>>>           ] 4783/7824, 103.4 task/s, elapsed: 46s, ETA:    29s[>>>>>>>>>>>>>>>           ] 4784/7824, 103.4 task/s, elapsed: 46s, ETA:    29s[>>>>>>>>>>>>>>>           ] 4785/7824, 103.4 task/s, elapsed: 46s, ETA:    29s[>>>>>>>>>>>>>>>           ] 4786/7824, 103.4 task/s, elapsed: 46s, ETA:    29s[>>>>>>>>>>>>>>>           ] 4787/7824, 103.4 task/s, elapsed: 46s, ETA:    29s[>>>>>>>>>>>>>>>           ] 4788/7824, 103.4 task/s, elapsed: 46s, ETA:    29s[>>>>>>>>>>>>>>>           ] 4789/7824, 103.4 task/s, elapsed: 46s, ETA:    29s[>>>>>>>>>>>>>>>           ] 4790/7824, 103.4 task/s, elapsed: 46s, ETA:    29s[>>>>>>>>>>>>>>>           ] 4791/7824, 103.4 task/s, elapsed: 46s, ETA:    29s[>>>>>>>>>>>>>>>           ] 4792/7824, 103.4 task/s, elapsed: 46s, ETA:    29s[>>>>>>>>>>>>>>>           ] 4793/7824, 103.4 task/s, elapsed: 46s, ETA:    29s[>>>>>>>>>>>>>>>           ] 4794/7824, 103.4 task/s, elapsed: 46s, ETA:    29s[>>>>>>>>>>>>>>>           ] 4795/7824, 103.4 task/s, elapsed: 46s, ETA:    29s[>>>>>>>>>>>>>>>           ] 4796/7824, 103.4 task/s, elapsed: 46s, ETA:    29s[>>>>>>>>>>>>>>>           ] 4797/7824, 103.4 task/s, elapsed: 46s, ETA:    29s[>>>>>>>>>>>>>>>           ] 4798/7824, 103.4 task/s, elapsed: 46s, ETA:    29s[>>>>>>>>>>>>>>>           ] 4799/7824, 103.4 task/s, elapsed: 46s, ETA:    29s[>>>>>>>>>>>>>>>           ] 4800/7824, 103.4 task/s, elapsed: 46s, ETA:    29s[>>>>>>>>>>>>>>>           ] 4801/7824, 103.4 task/s, elapsed: 46s, ETA:    29s[>>>>>>>>>>>>>>>           ] 4802/7824, 103.4 task/s, elapsed: 46s, ETA:    29s[>>>>>>>>>>>>>>>           ] 4803/7824, 103.4 task/s, elapsed: 46s, ETA:    29s[>>>>>>>>>>>>>>>           ] 4804/7824, 103.4 task/s, elapsed: 46s, ETA:    29s[>>>>>>>>>>>>>>>           ] 4805/7824, 103.4 task/s, elapsed: 46s, ETA:    29s[>>>>>>>>>>>>>>>           ] 4806/7824, 103.4 task/s, elapsed: 46s, ETA:    29s[>>>>>>>>>>>>>>>           ] 4807/7824, 103.4 task/s, elapsed: 46s, ETA:    29s[>>>>>>>>>>>>>>>           ] 4808/7824, 103.4 task/s, elapsed: 47s, ETA:    29s[>>>>>>>>>>>>>>>           ] 4809/7824, 103.4 task/s, elapsed: 47s, ETA:    29s[>>>>>>>>>>>>>>>           ] 4810/7824, 103.4 task/s, elapsed: 47s, ETA:    29s[>>>>>>>>>>>>>>>           ] 4811/7824, 103.4 task/s, elapsed: 47s, ETA:    29s[>>>>>>>>>>>>>>>           ] 4812/7824, 103.4 task/s, elapsed: 47s, ETA:    29s[>>>>>>>>>>>>>>>           ] 4813/7824, 103.4 task/s, elapsed: 47s, ETA:    29s[>>>>>>>>>>>>>>>           ] 4814/7824, 103.4 task/s, elapsed: 47s, ETA:    29s[>>>>>>>>>>>>>>>>          ] 4815/7824, 103.4 task/s, elapsed: 47s, ETA:    29s[>>>>>>>>>>>>>>>>          ] 4816/7824, 103.4 task/s, elapsed: 47s, ETA:    29s[>>>>>>>>>>>>>>>>          ] 4817/7824, 103.4 task/s, elapsed: 47s, ETA:    29s[>>>>>>>>>>>>>>>>          ] 4818/7824, 103.4 task/s, elapsed: 47s, ETA:    29s[>>>>>>>>>>>>>>>>          ] 4819/7824, 103.4 task/s, elapsed: 47s, ETA:    29s[>>>>>>>>>>>>>>>>          ] 4820/7824, 103.4 task/s, elapsed: 47s, ETA:    29s[>>>>>>>>>>>>>>>>          ] 4821/7824, 103.4 task/s, elapsed: 47s, ETA:    29s[>>>>>>>>>>>>>>>>          ] 4822/7824, 103.4 task/s, elapsed: 47s, ETA:    29s[>>>>>>>>>>>>>>>>          ] 4823/7824, 103.4 task/s, elapsed: 47s, ETA:    29s[>>>>>>>>>>>>>>>>          ] 4824/7824, 103.4 task/s, elapsed: 47s, ETA:    29s[>>>>>>>>>>>>>>>>          ] 4825/7824, 103.4 task/s, elapsed: 47s, ETA:    29s[>>>>>>>>>>>>>>>>          ] 4826/7824, 103.4 task/s, elapsed: 47s, ETA:    29s[>>>>>>>>>>>>>>>>          ] 4827/7824, 103.4 task/s, elapsed: 47s, ETA:    29s[>>>>>>>>>>>>>>>>          ] 4828/7824, 103.4 task/s, elapsed: 47s, ETA:    29s[>>>>>>>>>>>>>>>>          ] 4829/7824, 103.4 task/s, elapsed: 47s, ETA:    29s[>>>>>>>>>>>>>>>>          ] 4830/7824, 103.4 task/s, elapsed: 47s, ETA:    29s[>>>>>>>>>>>>>>>>          ] 4831/7824, 103.4 task/s, elapsed: 47s, ETA:    29s[>>>>>>>>>>>>>>>>          ] 4832/7824, 103.4 task/s, elapsed: 47s, ETA:    29s[>>>>>>>>>>>>>>>>          ] 4833/7824, 103.4 task/s, elapsed: 47s, ETA:    29s[>>>>>>>>>>>>>>>>          ] 4834/7824, 103.4 task/s, elapsed: 47s, ETA:    29s[>>>>>>>>>>>>>>>>          ] 4835/7824, 103.4 task/s, elapsed: 47s, ETA:    29s[>>>>>>>>>>>>>>>>          ] 4836/7824, 103.4 task/s, elapsed: 47s, ETA:    29s[>>>>>>>>>>>>>>>>          ] 4837/7824, 103.4 task/s, elapsed: 47s, ETA:    29s[>>>>>>>>>>>>>>>>          ] 4838/7824, 103.4 task/s, elapsed: 47s, ETA:    29s[>>>>>>>>>>>>>>>>          ] 4839/7824, 103.4 task/s, elapsed: 47s, ETA:    29s[>>>>>>>>>>>>>>>>          ] 4840/7824, 103.4 task/s, elapsed: 47s, ETA:    29s[>>>>>>>>>>>>>>>>          ] 4841/7824, 103.4 task/s, elapsed: 47s, ETA:    29s[>>>>>>>>>>>>>>>>          ] 4842/7824, 103.4 task/s, elapsed: 47s, ETA:    29s[>>>>>>>>>>>>>>>>          ] 4843/7824, 103.4 task/s, elapsed: 47s, ETA:    29s[>>>>>>>>>>>>>>>>          ] 4844/7824, 103.4 task/s, elapsed: 47s, ETA:    29s[>>>>>>>>>>>>>>>>          ] 4845/7824, 103.4 task/s, elapsed: 47s, ETA:    29s[>>>>>>>>>>>>>>>>          ] 4846/7824, 103.4 task/s, elapsed: 47s, ETA:    29s[>>>>>>>>>>>>>>>>          ] 4847/7824, 103.5 task/s, elapsed: 47s, ETA:    29s[>>>>>>>>>>>>>>>>          ] 4848/7824, 103.5 task/s, elapsed: 47s, ETA:    29s[>>>>>>>>>>>>>>>>          ] 4849/7824, 103.5 task/s, elapsed: 47s, ETA:    29s[>>>>>>>>>>>>>>>>          ] 4850/7824, 103.5 task/s, elapsed: 47s, ETA:    29s[>>>>>>>>>>>>>>>>          ] 4851/7824, 103.5 task/s, elapsed: 47s, ETA:    29s[>>>>>>>>>>>>>>>>          ] 4852/7824, 103.5 task/s, elapsed: 47s, ETA:    29s[>>>>>>>>>>>>>>>>          ] 4853/7824, 103.5 task/s, elapsed: 47s, ETA:    29s[>>>>>>>>>>>>>>>>          ] 4854/7824, 103.5 task/s, elapsed: 47s, ETA:    29s[>>>>>>>>>>>>>>>>          ] 4855/7824, 103.5 task/s, elapsed: 47s, ETA:    29s[>>>>>>>>>>>>>>>>          ] 4856/7824, 103.5 task/s, elapsed: 47s, ETA:    29s[>>>>>>>>>>>>>>>>          ] 4857/7824, 103.5 task/s, elapsed: 47s, ETA:    29s[>>>>>>>>>>>>>>>>          ] 4858/7824, 103.5 task/s, elapsed: 47s, ETA:    29s[>>>>>>>>>>>>>>>>          ] 4859/7824, 103.5 task/s, elapsed: 47s, ETA:    29s[>>>>>>>>>>>>>>>>          ] 4860/7824, 103.5 task/s, elapsed: 47s, ETA:    29s[>>>>>>>>>>>>>>>>          ] 4861/7824, 103.5 task/s, elapsed: 47s, ETA:    29s[>>>>>>>>>>>>>>>>          ] 4862/7824, 103.5 task/s, elapsed: 47s, ETA:    29s[>>>>>>>>>>>>>>>>          ] 4863/7824, 103.5 task/s, elapsed: 47s, ETA:    29s[>>>>>>>>>>>>>>>>          ] 4864/7824, 103.5 task/s, elapsed: 47s, ETA:    29s[>>>>>>>>>>>>>>>>          ] 4865/7824, 103.5 task/s, elapsed: 47s, ETA:    29s[>>>>>>>>>>>>>>>>          ] 4866/7824, 103.5 task/s, elapsed: 47s, ETA:    29s[>>>>>>>>>>>>>>>>          ] 4867/7824, 103.5 task/s, elapsed: 47s, ETA:    29s[>>>>>>>>>>>>>>>>          ] 4868/7824, 103.5 task/s, elapsed: 47s, ETA:    29s[>>>>>>>>>>>>>>>>          ] 4869/7824, 103.5 task/s, elapsed: 47s, ETA:    29s[>>>>>>>>>>>>>>>>          ] 4870/7824, 103.5 task/s, elapsed: 47s, ETA:    29s[>>>>>>>>>>>>>>>>          ] 4871/7824, 103.5 task/s, elapsed: 47s, ETA:    29s[>>>>>>>>>>>>>>>>          ] 4872/7824, 103.5 task/s, elapsed: 47s, ETA:    29s[>>>>>>>>>>>>>>>>          ] 4873/7824, 103.5 task/s, elapsed: 47s, ETA:    29s[>>>>>>>>>>>>>>>>          ] 4874/7824, 103.5 task/s, elapsed: 47s, ETA:    29s[>>>>>>>>>>>>>>>>          ] 4875/7824, 103.5 task/s, elapsed: 47s, ETA:    28s[>>>>>>>>>>>>>>>>          ] 4876/7824, 103.5 task/s, elapsed: 47s, ETA:    28s[>>>>>>>>>>>>>>>>          ] 4877/7824, 103.5 task/s, elapsed: 47s, ETA:    28s[>>>>>>>>>>>>>>>>          ] 4878/7824, 103.5 task/s, elapsed: 47s, ETA:    28s[>>>>>>>>>>>>>>>>          ] 4879/7824, 103.5 task/s, elapsed: 47s, ETA:    28s[>>>>>>>>>>>>>>>>          ] 4880/7824, 103.5 task/s, elapsed: 47s, ETA:    28s[>>>>>>>>>>>>>>>>          ] 4881/7824, 103.5 task/s, elapsed: 47s, ETA:    28s[>>>>>>>>>>>>>>>>          ] 4882/7824, 103.5 task/s, elapsed: 47s, ETA:    28s[>>>>>>>>>>>>>>>>          ] 4883/7824, 103.5 task/s, elapsed: 47s, ETA:    28s[>>>>>>>>>>>>>>>>          ] 4884/7824, 103.5 task/s, elapsed: 47s, ETA:    28s[>>>>>>>>>>>>>>>>          ] 4885/7824, 103.5 task/s, elapsed: 47s, ETA:    28s[>>>>>>>>>>>>>>>>          ] 4886/7824, 103.5 task/s, elapsed: 47s, ETA:    28s[>>>>>>>>>>>>>>>>          ] 4887/7824, 103.5 task/s, elapsed: 47s, ETA:    28s[>>>>>>>>>>>>>>>>          ] 4888/7824, 103.5 task/s, elapsed: 47s, ETA:    28s[>>>>>>>>>>>>>>>>          ] 4889/7824, 103.5 task/s, elapsed: 47s, ETA:    28s[>>>>>>>>>>>>>>>>          ] 4890/7824, 103.5 task/s, elapsed: 47s, ETA:    28s[>>>>>>>>>>>>>>>>          ] 4891/7824, 103.5 task/s, elapsed: 47s, ETA:    28s[>>>>>>>>>>>>>>>>          ] 4892/7824, 103.5 task/s, elapsed: 47s, ETA:    28s[>>>>>>>>>>>>>>>>          ] 4893/7824, 103.5 task/s, elapsed: 47s, ETA:    28s[>>>>>>>>>>>>>>>>          ] 4894/7824, 103.5 task/s, elapsed: 47s, ETA:    28s[>>>>>>>>>>>>>>>>          ] 4895/7824, 103.5 task/s, elapsed: 47s, ETA:    28s[>>>>>>>>>>>>>>>>          ] 4896/7824, 103.5 task/s, elapsed: 47s, ETA:    28s[>>>>>>>>>>>>>>>>          ] 4897/7824, 103.5 task/s, elapsed: 47s, ETA:    28s[>>>>>>>>>>>>>>>>          ] 4898/7824, 103.5 task/s, elapsed: 47s, ETA:    28s[>>>>>>>>>>>>>>>>          ] 4899/7824, 103.5 task/s, elapsed: 47s, ETA:    28s[>>>>>>>>>>>>>>>>          ] 4900/7824, 103.5 task/s, elapsed: 47s, ETA:    28s[>>>>>>>>>>>>>>>>          ] 4901/7824, 103.5 task/s, elapsed: 47s, ETA:    28s[>>>>>>>>>>>>>>>>          ] 4902/7824, 103.5 task/s, elapsed: 47s, ETA:    28s[>>>>>>>>>>>>>>>>          ] 4903/7824, 103.5 task/s, elapsed: 47s, ETA:    28s[>>>>>>>>>>>>>>>>          ] 4904/7824, 103.5 task/s, elapsed: 47s, ETA:    28s[>>>>>>>>>>>>>>>>          ] 4905/7824, 103.5 task/s, elapsed: 47s, ETA:    28s[>>>>>>>>>>>>>>>>          ] 4906/7824, 103.5 task/s, elapsed: 47s, ETA:    28s[>>>>>>>>>>>>>>>>          ] 4907/7824, 103.5 task/s, elapsed: 47s, ETA:    28s[>>>>>>>>>>>>>>>>          ] 4908/7824, 103.5 task/s, elapsed: 47s, ETA:    28s[>>>>>>>>>>>>>>>>          ] 4909/7824, 103.5 task/s, elapsed: 47s, ETA:    28s[>>>>>>>>>>>>>>>>          ] 4910/7824, 103.5 task/s, elapsed: 47s, ETA:    28s[>>>>>>>>>>>>>>>>          ] 4911/7824, 103.5 task/s, elapsed: 47s, ETA:    28s[>>>>>>>>>>>>>>>>          ] 4912/7824, 103.5 task/s, elapsed: 47s, ETA:    28s[>>>>>>>>>>>>>>>>          ] 4913/7824, 103.5 task/s, elapsed: 47s, ETA:    28s[>>>>>>>>>>>>>>>>          ] 4914/7824, 103.5 task/s, elapsed: 47s, ETA:    28s[>>>>>>>>>>>>>>>>          ] 4915/7824, 103.5 task/s, elapsed: 47s, ETA:    28s[>>>>>>>>>>>>>>>>          ] 4916/7824, 103.5 task/s, elapsed: 47s, ETA:    28s[>>>>>>>>>>>>>>>>          ] 4917/7824, 103.5 task/s, elapsed: 47s, ETA:    28s[>>>>>>>>>>>>>>>>          ] 4918/7824, 103.5 task/s, elapsed: 47s, ETA:    28s[>>>>>>>>>>>>>>>>          ] 4919/7824, 103.5 task/s, elapsed: 48s, ETA:    28s[>>>>>>>>>>>>>>>>          ] 4920/7824, 103.5 task/s, elapsed: 48s, ETA:    28s[>>>>>>>>>>>>>>>>          ] 4921/7824, 103.5 task/s, elapsed: 48s, ETA:    28s[>>>>>>>>>>>>>>>>          ] 4922/7824, 103.5 task/s, elapsed: 48s, ETA:    28s[>>>>>>>>>>>>>>>>          ] 4923/7824, 103.5 task/s, elapsed: 48s, ETA:    28s[>>>>>>>>>>>>>>>>          ] 4924/7824, 103.5 task/s, elapsed: 48s, ETA:    28s[>>>>>>>>>>>>>>>>          ] 4925/7824, 103.6 task/s, elapsed: 48s, ETA:    28s[>>>>>>>>>>>>>>>>          ] 4926/7824, 103.6 task/s, elapsed: 48s, ETA:    28s[>>>>>>>>>>>>>>>>          ] 4927/7824, 103.6 task/s, elapsed: 48s, ETA:    28s[>>>>>>>>>>>>>>>>          ] 4928/7824, 103.6 task/s, elapsed: 48s, ETA:    28s[>>>>>>>>>>>>>>>>          ] 4929/7824, 103.6 task/s, elapsed: 48s, ETA:    28s[>>>>>>>>>>>>>>>>          ] 4930/7824, 103.6 task/s, elapsed: 48s, ETA:    28s[>>>>>>>>>>>>>>>>          ] 4931/7824, 103.6 task/s, elapsed: 48s, ETA:    28s[>>>>>>>>>>>>>>>>          ] 4932/7824, 103.6 task/s, elapsed: 48s, ETA:    28s[>>>>>>>>>>>>>>>>          ] 4933/7824, 103.6 task/s, elapsed: 48s, ETA:    28s[>>>>>>>>>>>>>>>>          ] 4934/7824, 103.6 task/s, elapsed: 48s, ETA:    28s[>>>>>>>>>>>>>>>>          ] 4935/7824, 103.6 task/s, elapsed: 48s, ETA:    28s[>>>>>>>>>>>>>>>>          ] 4936/7824, 103.6 task/s, elapsed: 48s, ETA:    28s[>>>>>>>>>>>>>>>>          ] 4937/7824, 103.6 task/s, elapsed: 48s, ETA:    28s[>>>>>>>>>>>>>>>>          ] 4938/7824, 103.6 task/s, elapsed: 48s, ETA:    28s[>>>>>>>>>>>>>>>>          ] 4939/7824, 103.6 task/s, elapsed: 48s, ETA:    28s[>>>>>>>>>>>>>>>>          ] 4940/7824, 103.6 task/s, elapsed: 48s, ETA:    28s[>>>>>>>>>>>>>>>>          ] 4941/7824, 103.6 task/s, elapsed: 48s, ETA:    28s[>>>>>>>>>>>>>>>>          ] 4942/7824, 103.6 task/s, elapsed: 48s, ETA:    28s[>>>>>>>>>>>>>>>>          ] 4943/7824, 103.6 task/s, elapsed: 48s, ETA:    28s[>>>>>>>>>>>>>>>>          ] 4944/7824, 103.6 task/s, elapsed: 48s, ETA:    28s[>>>>>>>>>>>>>>>>          ] 4945/7824, 103.6 task/s, elapsed: 48s, ETA:    28s[>>>>>>>>>>>>>>>>          ] 4946/7824, 103.6 task/s, elapsed: 48s, ETA:    28s[>>>>>>>>>>>>>>>>          ] 4947/7824, 103.6 task/s, elapsed: 48s, ETA:    28s[>>>>>>>>>>>>>>>>          ] 4948/7824, 103.6 task/s, elapsed: 48s, ETA:    28s[>>>>>>>>>>>>>>>>          ] 4949/7824, 103.6 task/s, elapsed: 48s, ETA:    28s[>>>>>>>>>>>>>>>>          ] 4950/7824, 103.6 task/s, elapsed: 48s, ETA:    28s[>>>>>>>>>>>>>>>>          ] 4951/7824, 103.6 task/s, elapsed: 48s, ETA:    28s[>>>>>>>>>>>>>>>>          ] 4952/7824, 103.6 task/s, elapsed: 48s, ETA:    28s[>>>>>>>>>>>>>>>>          ] 4953/7824, 103.6 task/s, elapsed: 48s, ETA:    28s[>>>>>>>>>>>>>>>>          ] 4954/7824, 103.6 task/s, elapsed: 48s, ETA:    28s[>>>>>>>>>>>>>>>>          ] 4955/7824, 103.6 task/s, elapsed: 48s, ETA:    28s[>>>>>>>>>>>>>>>>          ] 4956/7824, 103.6 task/s, elapsed: 48s, ETA:    28s[>>>>>>>>>>>>>>>>          ] 4957/7824, 103.6 task/s, elapsed: 48s, ETA:    28s[>>>>>>>>>>>>>>>>          ] 4958/7824, 103.6 task/s, elapsed: 48s, ETA:    28s[>>>>>>>>>>>>>>>>          ] 4959/7824, 103.6 task/s, elapsed: 48s, ETA:    28s[>>>>>>>>>>>>>>>>          ] 4960/7824, 103.6 task/s, elapsed: 48s, ETA:    28s[>>>>>>>>>>>>>>>>          ] 4961/7824, 103.6 task/s, elapsed: 48s, ETA:    28s[>>>>>>>>>>>>>>>>          ] 4962/7824, 103.6 task/s, elapsed: 48s, ETA:    28s[>>>>>>>>>>>>>>>>          ] 4963/7824, 103.6 task/s, elapsed: 48s, ETA:    28s[>>>>>>>>>>>>>>>>          ] 4964/7824, 103.6 task/s, elapsed: 48s, ETA:    28s[>>>>>>>>>>>>>>>>          ] 4965/7824, 103.6 task/s, elapsed: 48s, ETA:    28s[>>>>>>>>>>>>>>>>          ] 4966/7824, 103.6 task/s, elapsed: 48s, ETA:    28s[>>>>>>>>>>>>>>>>          ] 4967/7824, 103.6 task/s, elapsed: 48s, ETA:    28s[>>>>>>>>>>>>>>>>          ] 4968/7824, 103.6 task/s, elapsed: 48s, ETA:    28s[>>>>>>>>>>>>>>>>          ] 4969/7824, 103.6 task/s, elapsed: 48s, ETA:    28s[>>>>>>>>>>>>>>>>          ] 4970/7824, 103.6 task/s, elapsed: 48s, ETA:    28s[>>>>>>>>>>>>>>>>          ] 4971/7824, 103.6 task/s, elapsed: 48s, ETA:    28s[>>>>>>>>>>>>>>>>          ] 4972/7824, 103.6 task/s, elapsed: 48s, ETA:    28s[>>>>>>>>>>>>>>>>          ] 4973/7824, 103.6 task/s, elapsed: 48s, ETA:    28s[>>>>>>>>>>>>>>>>          ] 4974/7824, 103.6 task/s, elapsed: 48s, ETA:    28s[>>>>>>>>>>>>>>>>          ] 4975/7824, 103.6 task/s, elapsed: 48s, ETA:    27s[>>>>>>>>>>>>>>>>          ] 4976/7824, 103.6 task/s, elapsed: 48s, ETA:    27s[>>>>>>>>>>>>>>>>          ] 4977/7824, 103.6 task/s, elapsed: 48s, ETA:    27s[>>>>>>>>>>>>>>>>          ] 4978/7824, 103.6 task/s, elapsed: 48s, ETA:    27s[>>>>>>>>>>>>>>>>          ] 4979/7824, 103.6 task/s, elapsed: 48s, ETA:    27s[>>>>>>>>>>>>>>>>          ] 4980/7824, 103.6 task/s, elapsed: 48s, ETA:    27s[>>>>>>>>>>>>>>>>          ] 4981/7824, 103.6 task/s, elapsed: 48s, ETA:    27s[>>>>>>>>>>>>>>>>          ] 4982/7824, 103.6 task/s, elapsed: 48s, ETA:    27s[>>>>>>>>>>>>>>>>          ] 4983/7824, 103.6 task/s, elapsed: 48s, ETA:    27s[>>>>>>>>>>>>>>>>          ] 4984/7824, 103.6 task/s, elapsed: 48s, ETA:    27s[>>>>>>>>>>>>>>>>          ] 4985/7824, 103.6 task/s, elapsed: 48s, ETA:    27s[>>>>>>>>>>>>>>>>          ] 4986/7824, 103.6 task/s, elapsed: 48s, ETA:    27s[>>>>>>>>>>>>>>>>          ] 4987/7824, 103.6 task/s, elapsed: 48s, ETA:    27s[>>>>>>>>>>>>>>>>          ] 4988/7824, 103.6 task/s, elapsed: 48s, ETA:    27s[>>>>>>>>>>>>>>>>          ] 4989/7824, 103.6 task/s, elapsed: 48s, ETA:    27s[>>>>>>>>>>>>>>>>          ] 4990/7824, 103.6 task/s, elapsed: 48s, ETA:    27s[>>>>>>>>>>>>>>>>          ] 4991/7824, 103.6 task/s, elapsed: 48s, ETA:    27s[>>>>>>>>>>>>>>>>          ] 4992/7824, 103.6 task/s, elapsed: 48s, ETA:    27s[>>>>>>>>>>>>>>>>          ] 4993/7824, 103.6 task/s, elapsed: 48s, ETA:    27s[>>>>>>>>>>>>>>>>          ] 4994/7824, 103.6 task/s, elapsed: 48s, ETA:    27s[>>>>>>>>>>>>>>>>          ] 4995/7824, 103.6 task/s, elapsed: 48s, ETA:    27s[>>>>>>>>>>>>>>>>          ] 4996/7824, 103.6 task/s, elapsed: 48s, ETA:    27s[>>>>>>>>>>>>>>>>          ] 4997/7824, 103.7 task/s, elapsed: 48s, ETA:    27s[>>>>>>>>>>>>>>>>          ] 4998/7824, 103.7 task/s, elapsed: 48s, ETA:    27s[>>>>>>>>>>>>>>>>          ] 4999/7824, 103.7 task/s, elapsed: 48s, ETA:    27s[>>>>>>>>>>>>>>>>          ] 5000/7824, 103.7 task/s, elapsed: 48s, ETA:    27s[>>>>>>>>>>>>>>>>          ] 5001/7824, 103.7 task/s, elapsed: 48s, ETA:    27s[>>>>>>>>>>>>>>>>          ] 5002/7824, 103.7 task/s, elapsed: 48s, ETA:    27s[>>>>>>>>>>>>>>>>          ] 5003/7824, 103.7 task/s, elapsed: 48s, ETA:    27s[>>>>>>>>>>>>>>>>          ] 5004/7824, 103.7 task/s, elapsed: 48s, ETA:    27s[>>>>>>>>>>>>>>>>          ] 5005/7824, 103.7 task/s, elapsed: 48s, ETA:    27s[>>>>>>>>>>>>>>>>          ] 5006/7824, 103.7 task/s, elapsed: 48s, ETA:    27s[>>>>>>>>>>>>>>>>          ] 5007/7824, 103.7 task/s, elapsed: 48s, ETA:    27s[>>>>>>>>>>>>>>>>          ] 5008/7824, 103.7 task/s, elapsed: 48s, ETA:    27s[>>>>>>>>>>>>>>>>          ] 5009/7824, 103.7 task/s, elapsed: 48s, ETA:    27s[>>>>>>>>>>>>>>>>          ] 5010/7824, 103.7 task/s, elapsed: 48s, ETA:    27s[>>>>>>>>>>>>>>>>          ] 5011/7824, 103.7 task/s, elapsed: 48s, ETA:    27s[>>>>>>>>>>>>>>>>          ] 5012/7824, 103.7 task/s, elapsed: 48s, ETA:    27s[>>>>>>>>>>>>>>>>          ] 5013/7824, 103.7 task/s, elapsed: 48s, ETA:    27s[>>>>>>>>>>>>>>>>          ] 5014/7824, 103.7 task/s, elapsed: 48s, ETA:    27s[>>>>>>>>>>>>>>>>          ] 5015/7824, 103.7 task/s, elapsed: 48s, ETA:    27s[>>>>>>>>>>>>>>>>          ] 5016/7824, 103.7 task/s, elapsed: 48s, ETA:    27s[>>>>>>>>>>>>>>>>          ] 5017/7824, 103.7 task/s, elapsed: 48s, ETA:    27s[>>>>>>>>>>>>>>>>          ] 5018/7824, 103.7 task/s, elapsed: 48s, ETA:    27s[>>>>>>>>>>>>>>>>          ] 5019/7824, 103.7 task/s, elapsed: 48s, ETA:    27s[>>>>>>>>>>>>>>>>          ] 5020/7824, 103.7 task/s, elapsed: 48s, ETA:    27s[>>>>>>>>>>>>>>>>          ] 5021/7824, 103.7 task/s, elapsed: 48s, ETA:    27s[>>>>>>>>>>>>>>>>          ] 5022/7824, 103.7 task/s, elapsed: 48s, ETA:    27s[>>>>>>>>>>>>>>>>          ] 5023/7824, 103.7 task/s, elapsed: 48s, ETA:    27s[>>>>>>>>>>>>>>>>          ] 5024/7824, 103.7 task/s, elapsed: 48s, ETA:    27s[>>>>>>>>>>>>>>>>          ] 5025/7824, 103.7 task/s, elapsed: 48s, ETA:    27s[>>>>>>>>>>>>>>>>          ] 5026/7824, 103.7 task/s, elapsed: 48s, ETA:    27s[>>>>>>>>>>>>>>>>          ] 5027/7824, 103.7 task/s, elapsed: 48s, ETA:    27s[>>>>>>>>>>>>>>>>          ] 5028/7824, 103.7 task/s, elapsed: 49s, ETA:    27s[>>>>>>>>>>>>>>>>          ] 5029/7824, 103.7 task/s, elapsed: 49s, ETA:    27s[>>>>>>>>>>>>>>>>          ] 5030/7824, 103.7 task/s, elapsed: 49s, ETA:    27s[>>>>>>>>>>>>>>>>          ] 5031/7824, 103.7 task/s, elapsed: 49s, ETA:    27s[>>>>>>>>>>>>>>>>          ] 5032/7824, 103.7 task/s, elapsed: 49s, ETA:    27s[>>>>>>>>>>>>>>>>          ] 5033/7824, 103.7 task/s, elapsed: 49s, ETA:    27s[>>>>>>>>>>>>>>>>          ] 5034/7824, 103.7 task/s, elapsed: 49s, ETA:    27s[>>>>>>>>>>>>>>>>          ] 5035/7824, 103.7 task/s, elapsed: 49s, ETA:    27s[>>>>>>>>>>>>>>>>          ] 5036/7824, 103.7 task/s, elapsed: 49s, ETA:    27s[>>>>>>>>>>>>>>>>          ] 5037/7824, 103.7 task/s, elapsed: 49s, ETA:    27s[>>>>>>>>>>>>>>>>          ] 5038/7824, 103.7 task/s, elapsed: 49s, ETA:    27s[>>>>>>>>>>>>>>>>          ] 5039/7824, 103.7 task/s, elapsed: 49s, ETA:    27s[>>>>>>>>>>>>>>>>          ] 5040/7824, 103.7 task/s, elapsed: 49s, ETA:    27s[>>>>>>>>>>>>>>>>          ] 5041/7824, 103.7 task/s, elapsed: 49s, ETA:    27s[>>>>>>>>>>>>>>>>          ] 5042/7824, 103.7 task/s, elapsed: 49s, ETA:    27s[>>>>>>>>>>>>>>>>          ] 5043/7824, 103.7 task/s, elapsed: 49s, ETA:    27s[>>>>>>>>>>>>>>>>          ] 5044/7824, 103.7 task/s, elapsed: 49s, ETA:    27s[>>>>>>>>>>>>>>>>          ] 5045/7824, 103.7 task/s, elapsed: 49s, ETA:    27s[>>>>>>>>>>>>>>>>          ] 5046/7824, 103.7 task/s, elapsed: 49s, ETA:    27s[>>>>>>>>>>>>>>>>          ] 5047/7824, 103.7 task/s, elapsed: 49s, ETA:    27s[>>>>>>>>>>>>>>>>          ] 5048/7824, 103.7 task/s, elapsed: 49s, ETA:    27s[>>>>>>>>>>>>>>>>          ] 5049/7824, 103.7 task/s, elapsed: 49s, ETA:    27s[>>>>>>>>>>>>>>>>          ] 5050/7824, 103.7 task/s, elapsed: 49s, ETA:    27s[>>>>>>>>>>>>>>>>          ] 5051/7824, 103.7 task/s, elapsed: 49s, ETA:    27s[>>>>>>>>>>>>>>>>          ] 5052/7824, 103.7 task/s, elapsed: 49s, ETA:    27s[>>>>>>>>>>>>>>>>          ] 5053/7824, 103.7 task/s, elapsed: 49s, ETA:    27s[>>>>>>>>>>>>>>>>          ] 5054/7824, 103.7 task/s, elapsed: 49s, ETA:    27s[>>>>>>>>>>>>>>>>          ] 5055/7824, 103.7 task/s, elapsed: 49s, ETA:    27s[>>>>>>>>>>>>>>>>          ] 5056/7824, 103.7 task/s, elapsed: 49s, ETA:    27s[>>>>>>>>>>>>>>>>          ] 5057/7824, 103.7 task/s, elapsed: 49s, ETA:    27s[>>>>>>>>>>>>>>>>          ] 5058/7824, 103.7 task/s, elapsed: 49s, ETA:    27s[>>>>>>>>>>>>>>>>          ] 5059/7824, 103.7 task/s, elapsed: 49s, ETA:    27s[>>>>>>>>>>>>>>>>          ] 5060/7824, 103.7 task/s, elapsed: 49s, ETA:    27s[>>>>>>>>>>>>>>>>          ] 5061/7824, 103.7 task/s, elapsed: 49s, ETA:    27s[>>>>>>>>>>>>>>>>          ] 5062/7824, 103.7 task/s, elapsed: 49s, ETA:    27s[>>>>>>>>>>>>>>>>          ] 5063/7824, 103.7 task/s, elapsed: 49s, ETA:    27s[>>>>>>>>>>>>>>>>          ] 5064/7824, 103.7 task/s, elapsed: 49s, ETA:    27s[>>>>>>>>>>>>>>>>          ] 5065/7824, 103.7 task/s, elapsed: 49s, ETA:    27s[>>>>>>>>>>>>>>>>          ] 5066/7824, 103.7 task/s, elapsed: 49s, ETA:    27s[>>>>>>>>>>>>>>>>          ] 5067/7824, 103.7 task/s, elapsed: 49s, ETA:    27s[>>>>>>>>>>>>>>>>          ] 5068/7824, 103.7 task/s, elapsed: 49s, ETA:    27s[>>>>>>>>>>>>>>>>          ] 5069/7824, 103.7 task/s, elapsed: 49s, ETA:    27s[>>>>>>>>>>>>>>>>          ] 5070/7824, 103.7 task/s, elapsed: 49s, ETA:    27s[>>>>>>>>>>>>>>>>          ] 5071/7824, 103.7 task/s, elapsed: 49s, ETA:    27s[>>>>>>>>>>>>>>>>          ] 5072/7824, 103.7 task/s, elapsed: 49s, ETA:    27s[>>>>>>>>>>>>>>>>          ] 5073/7824, 103.7 task/s, elapsed: 49s, ETA:    27s[>>>>>>>>>>>>>>>>          ] 5074/7824, 103.7 task/s, elapsed: 49s, ETA:    27s[>>>>>>>>>>>>>>>>          ] 5075/7824, 103.7 task/s, elapsed: 49s, ETA:    26s[>>>>>>>>>>>>>>>>          ] 5076/7824, 103.7 task/s, elapsed: 49s, ETA:    26s[>>>>>>>>>>>>>>>>          ] 5077/7824, 103.7 task/s, elapsed: 49s, ETA:    26s[>>>>>>>>>>>>>>>>          ] 5078/7824, 103.7 task/s, elapsed: 49s, ETA:    26s[>>>>>>>>>>>>>>>>          ] 5079/7824, 103.7 task/s, elapsed: 49s, ETA:    26s[>>>>>>>>>>>>>>>>          ] 5080/7824, 103.7 task/s, elapsed: 49s, ETA:    26s[>>>>>>>>>>>>>>>>          ] 5081/7824, 103.7 task/s, elapsed: 49s, ETA:    26s[>>>>>>>>>>>>>>>>          ] 5082/7824, 103.7 task/s, elapsed: 49s, ETA:    26s[>>>>>>>>>>>>>>>>          ] 5083/7824, 103.7 task/s, elapsed: 49s, ETA:    26s[>>>>>>>>>>>>>>>>          ] 5084/7824, 103.8 task/s, elapsed: 49s, ETA:    26s[>>>>>>>>>>>>>>>>          ] 5085/7824, 103.8 task/s, elapsed: 49s, ETA:    26s[>>>>>>>>>>>>>>>>          ] 5086/7824, 103.8 task/s, elapsed: 49s, ETA:    26s[>>>>>>>>>>>>>>>>          ] 5087/7824, 103.8 task/s, elapsed: 49s, ETA:    26s[>>>>>>>>>>>>>>>>          ] 5088/7824, 103.8 task/s, elapsed: 49s, ETA:    26s[>>>>>>>>>>>>>>>>          ] 5089/7824, 103.8 task/s, elapsed: 49s, ETA:    26s[>>>>>>>>>>>>>>>>          ] 5090/7824, 103.8 task/s, elapsed: 49s, ETA:    26s[>>>>>>>>>>>>>>>>          ] 5091/7824, 103.8 task/s, elapsed: 49s, ETA:    26s[>>>>>>>>>>>>>>>>          ] 5092/7824, 103.8 task/s, elapsed: 49s, ETA:    26s[>>>>>>>>>>>>>>>>          ] 5093/7824, 103.8 task/s, elapsed: 49s, ETA:    26s[>>>>>>>>>>>>>>>>          ] 5094/7824, 103.8 task/s, elapsed: 49s, ETA:    26s[>>>>>>>>>>>>>>>>          ] 5095/7824, 103.8 task/s, elapsed: 49s, ETA:    26s[>>>>>>>>>>>>>>>>          ] 5096/7824, 103.8 task/s, elapsed: 49s, ETA:    26s[>>>>>>>>>>>>>>>>          ] 5097/7824, 103.8 task/s, elapsed: 49s, ETA:    26s[>>>>>>>>>>>>>>>>          ] 5098/7824, 103.8 task/s, elapsed: 49s, ETA:    26s[>>>>>>>>>>>>>>>>          ] 5099/7824, 103.8 task/s, elapsed: 49s, ETA:    26s[>>>>>>>>>>>>>>>>          ] 5100/7824, 103.8 task/s, elapsed: 49s, ETA:    26s[>>>>>>>>>>>>>>>>          ] 5101/7824, 103.8 task/s, elapsed: 49s, ETA:    26s[>>>>>>>>>>>>>>>>          ] 5102/7824, 103.8 task/s, elapsed: 49s, ETA:    26s[>>>>>>>>>>>>>>>>          ] 5103/7824, 103.8 task/s, elapsed: 49s, ETA:    26s[>>>>>>>>>>>>>>>>          ] 5104/7824, 103.8 task/s, elapsed: 49s, ETA:    26s[>>>>>>>>>>>>>>>>          ] 5105/7824, 103.8 task/s, elapsed: 49s, ETA:    26s[>>>>>>>>>>>>>>>>          ] 5106/7824, 103.8 task/s, elapsed: 49s, ETA:    26s[>>>>>>>>>>>>>>>>          ] 5107/7824, 103.8 task/s, elapsed: 49s, ETA:    26s[>>>>>>>>>>>>>>>>          ] 5108/7824, 103.8 task/s, elapsed: 49s, ETA:    26s[>>>>>>>>>>>>>>>>          ] 5109/7824, 103.8 task/s, elapsed: 49s, ETA:    26s[>>>>>>>>>>>>>>>>          ] 5110/7824, 103.8 task/s, elapsed: 49s, ETA:    26s[>>>>>>>>>>>>>>>>          ] 5111/7824, 103.8 task/s, elapsed: 49s, ETA:    26s[>>>>>>>>>>>>>>>>          ] 5112/7824, 103.8 task/s, elapsed: 49s, ETA:    26s[>>>>>>>>>>>>>>>>          ] 5113/7824, 103.8 task/s, elapsed: 49s, ETA:    26s[>>>>>>>>>>>>>>>>          ] 5114/7824, 103.8 task/s, elapsed: 49s, ETA:    26s[>>>>>>>>>>>>>>>>          ] 5115/7824, 103.8 task/s, elapsed: 49s, ETA:    26s[>>>>>>>>>>>>>>>>>         ] 5116/7824, 103.8 task/s, elapsed: 49s, ETA:    26s[>>>>>>>>>>>>>>>>>         ] 5117/7824, 103.8 task/s, elapsed: 49s, ETA:    26s[>>>>>>>>>>>>>>>>>         ] 5118/7824, 103.8 task/s, elapsed: 49s, ETA:    26s[>>>>>>>>>>>>>>>>>         ] 5119/7824, 103.8 task/s, elapsed: 49s, ETA:    26s[>>>>>>>>>>>>>>>>>         ] 5120/7824, 103.8 task/s, elapsed: 49s, ETA:    26s[>>>>>>>>>>>>>>>>>         ] 5121/7824, 103.8 task/s, elapsed: 49s, ETA:    26s[>>>>>>>>>>>>>>>>>         ] 5122/7824, 103.8 task/s, elapsed: 49s, ETA:    26s[>>>>>>>>>>>>>>>>>         ] 5123/7824, 103.8 task/s, elapsed: 49s, ETA:    26s[>>>>>>>>>>>>>>>>>         ] 5124/7824, 103.8 task/s, elapsed: 49s, ETA:    26s[>>>>>>>>>>>>>>>>>         ] 5125/7824, 103.8 task/s, elapsed: 49s, ETA:    26s[>>>>>>>>>>>>>>>>>         ] 5126/7824, 103.8 task/s, elapsed: 49s, ETA:    26s[>>>>>>>>>>>>>>>>>         ] 5127/7824, 103.8 task/s, elapsed: 49s, ETA:    26s[>>>>>>>>>>>>>>>>>         ] 5128/7824, 103.8 task/s, elapsed: 49s, ETA:    26s[>>>>>>>>>>>>>>>>>         ] 5129/7824, 103.8 task/s, elapsed: 49s, ETA:    26s[>>>>>>>>>>>>>>>>>         ] 5130/7824, 103.8 task/s, elapsed: 49s, ETA:    26s[>>>>>>>>>>>>>>>>>         ] 5131/7824, 103.8 task/s, elapsed: 49s, ETA:    26s[>>>>>>>>>>>>>>>>>         ] 5132/7824, 103.8 task/s, elapsed: 49s, ETA:    26s[>>>>>>>>>>>>>>>>>         ] 5133/7824, 103.8 task/s, elapsed: 49s, ETA:    26s[>>>>>>>>>>>>>>>>>         ] 5134/7824, 103.8 task/s, elapsed: 49s, ETA:    26s[>>>>>>>>>>>>>>>>>         ] 5135/7824, 103.8 task/s, elapsed: 49s, ETA:    26s[>>>>>>>>>>>>>>>>>         ] 5136/7824, 103.8 task/s, elapsed: 49s, ETA:    26s[>>>>>>>>>>>>>>>>>         ] 5137/7824, 103.8 task/s, elapsed: 49s, ETA:    26s[>>>>>>>>>>>>>>>>>         ] 5138/7824, 103.8 task/s, elapsed: 49s, ETA:    26s[>>>>>>>>>>>>>>>>>         ] 5139/7824, 103.8 task/s, elapsed: 49s, ETA:    26s[>>>>>>>>>>>>>>>>>         ] 5140/7824, 103.8 task/s, elapsed: 49s, ETA:    26s[>>>>>>>>>>>>>>>>>         ] 5141/7824, 103.8 task/s, elapsed: 50s, ETA:    26s[>>>>>>>>>>>>>>>>>         ] 5142/7824, 103.8 task/s, elapsed: 50s, ETA:    26s[>>>>>>>>>>>>>>>>>         ] 5143/7824, 103.8 task/s, elapsed: 50s, ETA:    26s[>>>>>>>>>>>>>>>>>         ] 5144/7824, 103.8 task/s, elapsed: 50s, ETA:    26s[>>>>>>>>>>>>>>>>>         ] 5145/7824, 103.8 task/s, elapsed: 50s, ETA:    26s[>>>>>>>>>>>>>>>>>         ] 5146/7824, 103.8 task/s, elapsed: 50s, ETA:    26s[>>>>>>>>>>>>>>>>>         ] 5147/7824, 103.8 task/s, elapsed: 50s, ETA:    26s[>>>>>>>>>>>>>>>>>         ] 5148/7824, 103.8 task/s, elapsed: 50s, ETA:    26s[>>>>>>>>>>>>>>>>>         ] 5149/7824, 103.8 task/s, elapsed: 50s, ETA:    26s[>>>>>>>>>>>>>>>>>         ] 5150/7824, 103.8 task/s, elapsed: 50s, ETA:    26s[>>>>>>>>>>>>>>>>>         ] 5151/7824, 103.8 task/s, elapsed: 50s, ETA:    26s[>>>>>>>>>>>>>>>>>         ] 5152/7824, 103.8 task/s, elapsed: 50s, ETA:    26s[>>>>>>>>>>>>>>>>>         ] 5153/7824, 103.8 task/s, elapsed: 50s, ETA:    26s[>>>>>>>>>>>>>>>>>         ] 5154/7824, 103.9 task/s, elapsed: 50s, ETA:    26s[>>>>>>>>>>>>>>>>>         ] 5155/7824, 103.9 task/s, elapsed: 50s, ETA:    26s[>>>>>>>>>>>>>>>>>         ] 5156/7824, 103.9 task/s, elapsed: 50s, ETA:    26s[>>>>>>>>>>>>>>>>>         ] 5157/7824, 103.9 task/s, elapsed: 50s, ETA:    26s[>>>>>>>>>>>>>>>>>         ] 5158/7824, 103.9 task/s, elapsed: 50s, ETA:    26s[>>>>>>>>>>>>>>>>>         ] 5159/7824, 103.9 task/s, elapsed: 50s, ETA:    26s[>>>>>>>>>>>>>>>>>         ] 5160/7824, 103.9 task/s, elapsed: 50s, ETA:    26s[>>>>>>>>>>>>>>>>>         ] 5161/7824, 103.9 task/s, elapsed: 50s, ETA:    26s[>>>>>>>>>>>>>>>>>         ] 5162/7824, 103.9 task/s, elapsed: 50s, ETA:    26s[>>>>>>>>>>>>>>>>>         ] 5163/7824, 103.9 task/s, elapsed: 50s, ETA:    26s[>>>>>>>>>>>>>>>>>         ] 5164/7824, 103.9 task/s, elapsed: 50s, ETA:    26s[>>>>>>>>>>>>>>>>>         ] 5165/7824, 103.9 task/s, elapsed: 50s, ETA:    26s[>>>>>>>>>>>>>>>>>         ] 5166/7824, 103.9 task/s, elapsed: 50s, ETA:    26s[>>>>>>>>>>>>>>>>>         ] 5167/7824, 103.9 task/s, elapsed: 50s, ETA:    26s[>>>>>>>>>>>>>>>>>         ] 5168/7824, 103.9 task/s, elapsed: 50s, ETA:    26s[>>>>>>>>>>>>>>>>>         ] 5169/7824, 103.9 task/s, elapsed: 50s, ETA:    26s[>>>>>>>>>>>>>>>>>         ] 5170/7824, 103.9 task/s, elapsed: 50s, ETA:    26s[>>>>>>>>>>>>>>>>>         ] 5171/7824, 103.9 task/s, elapsed: 50s, ETA:    26s[>>>>>>>>>>>>>>>>>         ] 5172/7824, 103.9 task/s, elapsed: 50s, ETA:    26s[>>>>>>>>>>>>>>>>>         ] 5173/7824, 103.9 task/s, elapsed: 50s, ETA:    26s[>>>>>>>>>>>>>>>>>         ] 5174/7824, 103.9 task/s, elapsed: 50s, ETA:    26s[>>>>>>>>>>>>>>>>>         ] 5175/7824, 103.9 task/s, elapsed: 50s, ETA:    25s[>>>>>>>>>>>>>>>>>         ] 5176/7824, 103.9 task/s, elapsed: 50s, ETA:    25s[>>>>>>>>>>>>>>>>>         ] 5177/7824, 103.9 task/s, elapsed: 50s, ETA:    25s[>>>>>>>>>>>>>>>>>         ] 5178/7824, 103.9 task/s, elapsed: 50s, ETA:    25s[>>>>>>>>>>>>>>>>>         ] 5179/7824, 103.9 task/s, elapsed: 50s, ETA:    25s[>>>>>>>>>>>>>>>>>         ] 5180/7824, 103.9 task/s, elapsed: 50s, ETA:    25s[>>>>>>>>>>>>>>>>>         ] 5181/7824, 103.9 task/s, elapsed: 50s, ETA:    25s[>>>>>>>>>>>>>>>>>         ] 5182/7824, 103.9 task/s, elapsed: 50s, ETA:    25s[>>>>>>>>>>>>>>>>>         ] 5183/7824, 103.9 task/s, elapsed: 50s, ETA:    25s[>>>>>>>>>>>>>>>>>         ] 5184/7824, 103.9 task/s, elapsed: 50s, ETA:    25s[>>>>>>>>>>>>>>>>>         ] 5185/7824, 103.9 task/s, elapsed: 50s, ETA:    25s[>>>>>>>>>>>>>>>>>         ] 5186/7824, 103.9 task/s, elapsed: 50s, ETA:    25s[>>>>>>>>>>>>>>>>>         ] 5187/7824, 103.9 task/s, elapsed: 50s, ETA:    25s[>>>>>>>>>>>>>>>>>         ] 5188/7824, 103.9 task/s, elapsed: 50s, ETA:    25s[>>>>>>>>>>>>>>>>>         ] 5189/7824, 103.9 task/s, elapsed: 50s, ETA:    25s[>>>>>>>>>>>>>>>>>         ] 5190/7824, 103.9 task/s, elapsed: 50s, ETA:    25s[>>>>>>>>>>>>>>>>>         ] 5191/7824, 103.9 task/s, elapsed: 50s, ETA:    25s[>>>>>>>>>>>>>>>>>         ] 5192/7824, 103.9 task/s, elapsed: 50s, ETA:    25s[>>>>>>>>>>>>>>>>>         ] 5193/7824, 103.9 task/s, elapsed: 50s, ETA:    25s[>>>>>>>>>>>>>>>>>         ] 5194/7824, 103.9 task/s, elapsed: 50s, ETA:    25s[>>>>>>>>>>>>>>>>>         ] 5195/7824, 103.9 task/s, elapsed: 50s, ETA:    25s[>>>>>>>>>>>>>>>>>         ] 5196/7824, 103.9 task/s, elapsed: 50s, ETA:    25s[>>>>>>>>>>>>>>>>>         ] 5197/7824, 103.9 task/s, elapsed: 50s, ETA:    25s[>>>>>>>>>>>>>>>>>         ] 5198/7824, 103.9 task/s, elapsed: 50s, ETA:    25s[>>>>>>>>>>>>>>>>>         ] 5199/7824, 103.9 task/s, elapsed: 50s, ETA:    25s[>>>>>>>>>>>>>>>>>         ] 5200/7824, 103.9 task/s, elapsed: 50s, ETA:    25s[>>>>>>>>>>>>>>>>>         ] 5201/7824, 103.9 task/s, elapsed: 50s, ETA:    25s[>>>>>>>>>>>>>>>>>         ] 5202/7824, 103.9 task/s, elapsed: 50s, ETA:    25s[>>>>>>>>>>>>>>>>>         ] 5203/7824, 103.9 task/s, elapsed: 50s, ETA:    25s[>>>>>>>>>>>>>>>>>         ] 5204/7824, 103.9 task/s, elapsed: 50s, ETA:    25s[>>>>>>>>>>>>>>>>>         ] 5205/7824, 103.9 task/s, elapsed: 50s, ETA:    25s[>>>>>>>>>>>>>>>>>         ] 5206/7824, 103.9 task/s, elapsed: 50s, ETA:    25s[>>>>>>>>>>>>>>>>>         ] 5207/7824, 103.9 task/s, elapsed: 50s, ETA:    25s[>>>>>>>>>>>>>>>>>         ] 5208/7824, 103.9 task/s, elapsed: 50s, ETA:    25s[>>>>>>>>>>>>>>>>>         ] 5209/7824, 103.9 task/s, elapsed: 50s, ETA:    25s[>>>>>>>>>>>>>>>>>         ] 5210/7824, 103.9 task/s, elapsed: 50s, ETA:    25s[>>>>>>>>>>>>>>>>>         ] 5211/7824, 103.9 task/s, elapsed: 50s, ETA:    25s[>>>>>>>>>>>>>>>>>         ] 5212/7824, 103.9 task/s, elapsed: 50s, ETA:    25s[>>>>>>>>>>>>>>>>>         ] 5213/7824, 103.9 task/s, elapsed: 50s, ETA:    25s[>>>>>>>>>>>>>>>>>         ] 5214/7824, 103.9 task/s, elapsed: 50s, ETA:    25s[>>>>>>>>>>>>>>>>>         ] 5215/7824, 103.9 task/s, elapsed: 50s, ETA:    25s[>>>>>>>>>>>>>>>>>         ] 5216/7824, 103.9 task/s, elapsed: 50s, ETA:    25s[>>>>>>>>>>>>>>>>>         ] 5217/7824, 103.9 task/s, elapsed: 50s, ETA:    25s[>>>>>>>>>>>>>>>>>         ] 5218/7824, 103.9 task/s, elapsed: 50s, ETA:    25s[>>>>>>>>>>>>>>>>>         ] 5219/7824, 103.9 task/s, elapsed: 50s, ETA:    25s[>>>>>>>>>>>>>>>>>         ] 5220/7824, 103.9 task/s, elapsed: 50s, ETA:    25s[>>>>>>>>>>>>>>>>>         ] 5221/7824, 103.9 task/s, elapsed: 50s, ETA:    25s[>>>>>>>>>>>>>>>>>         ] 5222/7824, 103.9 task/s, elapsed: 50s, ETA:    25s[>>>>>>>>>>>>>>>>>         ] 5223/7824, 103.9 task/s, elapsed: 50s, ETA:    25s[>>>>>>>>>>>>>>>>>         ] 5224/7824, 103.9 task/s, elapsed: 50s, ETA:    25s[>>>>>>>>>>>>>>>>>         ] 5225/7824, 103.9 task/s, elapsed: 50s, ETA:    25s[>>>>>>>>>>>>>>>>>         ] 5226/7824, 103.9 task/s, elapsed: 50s, ETA:    25s[>>>>>>>>>>>>>>>>>         ] 5227/7824, 103.9 task/s, elapsed: 50s, ETA:    25s[>>>>>>>>>>>>>>>>>         ] 5228/7824, 103.9 task/s, elapsed: 50s, ETA:    25s[>>>>>>>>>>>>>>>>>         ] 5229/7824, 103.9 task/s, elapsed: 50s, ETA:    25s[>>>>>>>>>>>>>>>>>         ] 5230/7824, 104.0 task/s, elapsed: 50s, ETA:    25s[>>>>>>>>>>>>>>>>>         ] 5231/7824, 104.0 task/s, elapsed: 50s, ETA:    25s[>>>>>>>>>>>>>>>>>         ] 5232/7824, 104.0 task/s, elapsed: 50s, ETA:    25s[>>>>>>>>>>>>>>>>>         ] 5233/7824, 104.0 task/s, elapsed: 50s, ETA:    25s[>>>>>>>>>>>>>>>>>         ] 5234/7824, 104.0 task/s, elapsed: 50s, ETA:    25s[>>>>>>>>>>>>>>>>>         ] 5235/7824, 104.0 task/s, elapsed: 50s, ETA:    25s[>>>>>>>>>>>>>>>>>         ] 5236/7824, 104.0 task/s, elapsed: 50s, ETA:    25s[>>>>>>>>>>>>>>>>>         ] 5237/7824, 104.0 task/s, elapsed: 50s, ETA:    25s[>>>>>>>>>>>>>>>>>         ] 5238/7824, 104.0 task/s, elapsed: 50s, ETA:    25s[>>>>>>>>>>>>>>>>>         ] 5239/7824, 104.0 task/s, elapsed: 50s, ETA:    25s[>>>>>>>>>>>>>>>>>         ] 5240/7824, 104.0 task/s, elapsed: 50s, ETA:    25s[>>>>>>>>>>>>>>>>>         ] 5241/7824, 104.0 task/s, elapsed: 50s, ETA:    25s[>>>>>>>>>>>>>>>>>         ] 5242/7824, 104.0 task/s, elapsed: 50s, ETA:    25s[>>>>>>>>>>>>>>>>>         ] 5243/7824, 104.0 task/s, elapsed: 50s, ETA:    25s[>>>>>>>>>>>>>>>>>         ] 5244/7824, 104.0 task/s, elapsed: 50s, ETA:    25s[>>>>>>>>>>>>>>>>>         ] 5245/7824, 104.0 task/s, elapsed: 50s, ETA:    25s[>>>>>>>>>>>>>>>>>         ] 5246/7824, 104.0 task/s, elapsed: 50s, ETA:    25s[>>>>>>>>>>>>>>>>>         ] 5247/7824, 104.0 task/s, elapsed: 50s, ETA:    25s[>>>>>>>>>>>>>>>>>         ] 5248/7824, 104.0 task/s, elapsed: 50s, ETA:    25s[>>>>>>>>>>>>>>>>>         ] 5249/7824, 104.0 task/s, elapsed: 50s, ETA:    25s[>>>>>>>>>>>>>>>>>         ] 5250/7824, 104.0 task/s, elapsed: 50s, ETA:    25s[>>>>>>>>>>>>>>>>>         ] 5251/7824, 104.0 task/s, elapsed: 50s, ETA:    25s[>>>>>>>>>>>>>>>>>         ] 5252/7824, 104.0 task/s, elapsed: 51s, ETA:    25s[>>>>>>>>>>>>>>>>>         ] 5253/7824, 104.0 task/s, elapsed: 51s, ETA:    25s[>>>>>>>>>>>>>>>>>         ] 5254/7824, 104.0 task/s, elapsed: 51s, ETA:    25s[>>>>>>>>>>>>>>>>>         ] 5255/7824, 104.0 task/s, elapsed: 51s, ETA:    25s[>>>>>>>>>>>>>>>>>         ] 5256/7824, 104.0 task/s, elapsed: 51s, ETA:    25s[>>>>>>>>>>>>>>>>>         ] 5257/7824, 104.0 task/s, elapsed: 51s, ETA:    25s[>>>>>>>>>>>>>>>>>         ] 5258/7824, 104.0 task/s, elapsed: 51s, ETA:    25s[>>>>>>>>>>>>>>>>>         ] 5259/7824, 104.0 task/s, elapsed: 51s, ETA:    25s[>>>>>>>>>>>>>>>>>         ] 5260/7824, 104.0 task/s, elapsed: 51s, ETA:    25s[>>>>>>>>>>>>>>>>>         ] 5261/7824, 104.0 task/s, elapsed: 51s, ETA:    25s[>>>>>>>>>>>>>>>>>         ] 5262/7824, 104.0 task/s, elapsed: 51s, ETA:    25s[>>>>>>>>>>>>>>>>>         ] 5263/7824, 104.0 task/s, elapsed: 51s, ETA:    25s[>>>>>>>>>>>>>>>>>         ] 5264/7824, 104.0 task/s, elapsed: 51s, ETA:    25s[>>>>>>>>>>>>>>>>>         ] 5265/7824, 104.0 task/s, elapsed: 51s, ETA:    25s[>>>>>>>>>>>>>>>>>         ] 5266/7824, 104.0 task/s, elapsed: 51s, ETA:    25s[>>>>>>>>>>>>>>>>>         ] 5267/7824, 104.0 task/s, elapsed: 51s, ETA:    25s[>>>>>>>>>>>>>>>>>         ] 5268/7824, 104.0 task/s, elapsed: 51s, ETA:    25s[>>>>>>>>>>>>>>>>>         ] 5269/7824, 104.0 task/s, elapsed: 51s, ETA:    25s[>>>>>>>>>>>>>>>>>         ] 5270/7824, 104.0 task/s, elapsed: 51s, ETA:    25s[>>>>>>>>>>>>>>>>>         ] 5271/7824, 104.0 task/s, elapsed: 51s, ETA:    25s[>>>>>>>>>>>>>>>>>         ] 5272/7824, 104.0 task/s, elapsed: 51s, ETA:    25s[>>>>>>>>>>>>>>>>>         ] 5273/7824, 104.0 task/s, elapsed: 51s, ETA:    25s[>>>>>>>>>>>>>>>>>         ] 5274/7824, 104.0 task/s, elapsed: 51s, ETA:    25s[>>>>>>>>>>>>>>>>>         ] 5275/7824, 104.0 task/s, elapsed: 51s, ETA:    25s[>>>>>>>>>>>>>>>>>         ] 5276/7824, 104.0 task/s, elapsed: 51s, ETA:    24s[>>>>>>>>>>>>>>>>>         ] 5277/7824, 104.0 task/s, elapsed: 51s, ETA:    24s[>>>>>>>>>>>>>>>>>         ] 5278/7824, 104.0 task/s, elapsed: 51s, ETA:    24s[>>>>>>>>>>>>>>>>>         ] 5279/7824, 104.0 task/s, elapsed: 51s, ETA:    24s[>>>>>>>>>>>>>>>>>         ] 5280/7824, 104.0 task/s, elapsed: 51s, ETA:    24s[>>>>>>>>>>>>>>>>>         ] 5281/7824, 104.0 task/s, elapsed: 51s, ETA:    24s[>>>>>>>>>>>>>>>>>         ] 5282/7824, 104.0 task/s, elapsed: 51s, ETA:    24s[>>>>>>>>>>>>>>>>>         ] 5283/7824, 104.0 task/s, elapsed: 51s, ETA:    24s[>>>>>>>>>>>>>>>>>         ] 5284/7824, 104.0 task/s, elapsed: 51s, ETA:    24s[>>>>>>>>>>>>>>>>>         ] 5285/7824, 104.0 task/s, elapsed: 51s, ETA:    24s[>>>>>>>>>>>>>>>>>         ] 5286/7824, 104.0 task/s, elapsed: 51s, ETA:    24s[>>>>>>>>>>>>>>>>>         ] 5287/7824, 104.0 task/s, elapsed: 51s, ETA:    24s[>>>>>>>>>>>>>>>>>         ] 5288/7824, 104.0 task/s, elapsed: 51s, ETA:    24s[>>>>>>>>>>>>>>>>>         ] 5289/7824, 104.0 task/s, elapsed: 51s, ETA:    24s[>>>>>>>>>>>>>>>>>         ] 5290/7824, 104.0 task/s, elapsed: 51s, ETA:    24s[>>>>>>>>>>>>>>>>>         ] 5291/7824, 104.0 task/s, elapsed: 51s, ETA:    24s[>>>>>>>>>>>>>>>>>         ] 5292/7824, 104.0 task/s, elapsed: 51s, ETA:    24s[>>>>>>>>>>>>>>>>>         ] 5293/7824, 104.0 task/s, elapsed: 51s, ETA:    24s[>>>>>>>>>>>>>>>>>         ] 5294/7824, 104.0 task/s, elapsed: 51s, ETA:    24s[>>>>>>>>>>>>>>>>>         ] 5295/7824, 104.0 task/s, elapsed: 51s, ETA:    24s[>>>>>>>>>>>>>>>>>         ] 5296/7824, 104.1 task/s, elapsed: 51s, ETA:    24s[>>>>>>>>>>>>>>>>>         ] 5297/7824, 104.1 task/s, elapsed: 51s, ETA:    24s[>>>>>>>>>>>>>>>>>         ] 5298/7824, 104.1 task/s, elapsed: 51s, ETA:    24s[>>>>>>>>>>>>>>>>>         ] 5299/7824, 104.1 task/s, elapsed: 51s, ETA:    24s[>>>>>>>>>>>>>>>>>         ] 5300/7824, 104.1 task/s, elapsed: 51s, ETA:    24s[>>>>>>>>>>>>>>>>>         ] 5301/7824, 104.1 task/s, elapsed: 51s, ETA:    24s[>>>>>>>>>>>>>>>>>         ] 5302/7824, 104.1 task/s, elapsed: 51s, ETA:    24s[>>>>>>>>>>>>>>>>>         ] 5303/7824, 104.1 task/s, elapsed: 51s, ETA:    24s[>>>>>>>>>>>>>>>>>         ] 5304/7824, 104.1 task/s, elapsed: 51s, ETA:    24s[>>>>>>>>>>>>>>>>>         ] 5305/7824, 104.1 task/s, elapsed: 51s, ETA:    24s[>>>>>>>>>>>>>>>>>         ] 5306/7824, 104.1 task/s, elapsed: 51s, ETA:    24s[>>>>>>>>>>>>>>>>>         ] 5307/7824, 104.1 task/s, elapsed: 51s, ETA:    24s[>>>>>>>>>>>>>>>>>         ] 5308/7824, 104.1 task/s, elapsed: 51s, ETA:    24s[>>>>>>>>>>>>>>>>>         ] 5309/7824, 104.1 task/s, elapsed: 51s, ETA:    24s[>>>>>>>>>>>>>>>>>         ] 5310/7824, 104.1 task/s, elapsed: 51s, ETA:    24s[>>>>>>>>>>>>>>>>>         ] 5311/7824, 104.1 task/s, elapsed: 51s, ETA:    24s[>>>>>>>>>>>>>>>>>         ] 5312/7824, 104.1 task/s, elapsed: 51s, ETA:    24s[>>>>>>>>>>>>>>>>>         ] 5313/7824, 104.1 task/s, elapsed: 51s, ETA:    24s[>>>>>>>>>>>>>>>>>         ] 5314/7824, 104.1 task/s, elapsed: 51s, ETA:    24s[>>>>>>>>>>>>>>>>>         ] 5315/7824, 104.1 task/s, elapsed: 51s, ETA:    24s[>>>>>>>>>>>>>>>>>         ] 5316/7824, 104.1 task/s, elapsed: 51s, ETA:    24s[>>>>>>>>>>>>>>>>>         ] 5317/7824, 104.1 task/s, elapsed: 51s, ETA:    24s[>>>>>>>>>>>>>>>>>         ] 5318/7824, 104.1 task/s, elapsed: 51s, ETA:    24s[>>>>>>>>>>>>>>>>>         ] 5319/7824, 104.1 task/s, elapsed: 51s, ETA:    24s[>>>>>>>>>>>>>>>>>         ] 5320/7824, 104.1 task/s, elapsed: 51s, ETA:    24s[>>>>>>>>>>>>>>>>>         ] 5321/7824, 104.1 task/s, elapsed: 51s, ETA:    24s[>>>>>>>>>>>>>>>>>         ] 5322/7824, 104.1 task/s, elapsed: 51s, ETA:    24s[>>>>>>>>>>>>>>>>>         ] 5323/7824, 104.1 task/s, elapsed: 51s, ETA:    24s[>>>>>>>>>>>>>>>>>         ] 5324/7824, 104.1 task/s, elapsed: 51s, ETA:    24s[>>>>>>>>>>>>>>>>>         ] 5325/7824, 104.1 task/s, elapsed: 51s, ETA:    24s[>>>>>>>>>>>>>>>>>         ] 5326/7824, 104.1 task/s, elapsed: 51s, ETA:    24s[>>>>>>>>>>>>>>>>>         ] 5327/7824, 104.1 task/s, elapsed: 51s, ETA:    24s[>>>>>>>>>>>>>>>>>         ] 5328/7824, 104.1 task/s, elapsed: 51s, ETA:    24s[>>>>>>>>>>>>>>>>>         ] 5329/7824, 104.1 task/s, elapsed: 51s, ETA:    24s[>>>>>>>>>>>>>>>>>         ] 5330/7824, 104.1 task/s, elapsed: 51s, ETA:    24s[>>>>>>>>>>>>>>>>>         ] 5331/7824, 104.1 task/s, elapsed: 51s, ETA:    24s[>>>>>>>>>>>>>>>>>         ] 5332/7824, 104.1 task/s, elapsed: 51s, ETA:    24s[>>>>>>>>>>>>>>>>>         ] 5333/7824, 104.1 task/s, elapsed: 51s, ETA:    24s[>>>>>>>>>>>>>>>>>         ] 5334/7824, 104.1 task/s, elapsed: 51s, ETA:    24s[>>>>>>>>>>>>>>>>>         ] 5335/7824, 104.1 task/s, elapsed: 51s, ETA:    24s[>>>>>>>>>>>>>>>>>         ] 5336/7824, 104.1 task/s, elapsed: 51s, ETA:    24s[>>>>>>>>>>>>>>>>>         ] 5337/7824, 104.1 task/s, elapsed: 51s, ETA:    24s[>>>>>>>>>>>>>>>>>         ] 5338/7824, 104.1 task/s, elapsed: 51s, ETA:    24s[>>>>>>>>>>>>>>>>>         ] 5339/7824, 104.1 task/s, elapsed: 51s, ETA:    24s[>>>>>>>>>>>>>>>>>         ] 5340/7824, 104.1 task/s, elapsed: 51s, ETA:    24s[>>>>>>>>>>>>>>>>>         ] 5341/7824, 104.1 task/s, elapsed: 51s, ETA:    24s[>>>>>>>>>>>>>>>>>         ] 5342/7824, 104.1 task/s, elapsed: 51s, ETA:    24s[>>>>>>>>>>>>>>>>>         ] 5343/7824, 104.1 task/s, elapsed: 51s, ETA:    24s[>>>>>>>>>>>>>>>>>         ] 5344/7824, 104.1 task/s, elapsed: 51s, ETA:    24s[>>>>>>>>>>>>>>>>>         ] 5345/7824, 104.1 task/s, elapsed: 51s, ETA:    24s[>>>>>>>>>>>>>>>>>         ] 5346/7824, 104.1 task/s, elapsed: 51s, ETA:    24s[>>>>>>>>>>>>>>>>>         ] 5347/7824, 104.1 task/s, elapsed: 51s, ETA:    24s[>>>>>>>>>>>>>>>>>         ] 5348/7824, 104.1 task/s, elapsed: 51s, ETA:    24s[>>>>>>>>>>>>>>>>>         ] 5349/7824, 104.1 task/s, elapsed: 51s, ETA:    24s[>>>>>>>>>>>>>>>>>         ] 5350/7824, 104.1 task/s, elapsed: 51s, ETA:    24s[>>>>>>>>>>>>>>>>>         ] 5351/7824, 104.1 task/s, elapsed: 51s, ETA:    24s[>>>>>>>>>>>>>>>>>         ] 5352/7824, 104.1 task/s, elapsed: 51s, ETA:    24s[>>>>>>>>>>>>>>>>>         ] 5353/7824, 104.1 task/s, elapsed: 51s, ETA:    24s[>>>>>>>>>>>>>>>>>         ] 5354/7824, 104.1 task/s, elapsed: 51s, ETA:    24s[>>>>>>>>>>>>>>>>>         ] 5355/7824, 104.1 task/s, elapsed: 51s, ETA:    24s[>>>>>>>>>>>>>>>>>         ] 5356/7824, 104.1 task/s, elapsed: 51s, ETA:    24s[>>>>>>>>>>>>>>>>>         ] 5357/7824, 104.1 task/s, elapsed: 51s, ETA:    24s[>>>>>>>>>>>>>>>>>         ] 5358/7824, 104.1 task/s, elapsed: 51s, ETA:    24s[>>>>>>>>>>>>>>>>>         ] 5359/7824, 104.1 task/s, elapsed: 51s, ETA:    24s[>>>>>>>>>>>>>>>>>         ] 5360/7824, 104.1 task/s, elapsed: 51s, ETA:    24s[>>>>>>>>>>>>>>>>>         ] 5361/7824, 104.1 task/s, elapsed: 51s, ETA:    24s[>>>>>>>>>>>>>>>>>         ] 5362/7824, 104.1 task/s, elapsed: 51s, ETA:    24s[>>>>>>>>>>>>>>>>>         ] 5363/7824, 104.1 task/s, elapsed: 51s, ETA:    24s[>>>>>>>>>>>>>>>>>         ] 5364/7824, 104.1 task/s, elapsed: 52s, ETA:    24s[>>>>>>>>>>>>>>>>>         ] 5365/7824, 104.1 task/s, elapsed: 52s, ETA:    24s[>>>>>>>>>>>>>>>>>         ] 5366/7824, 104.1 task/s, elapsed: 52s, ETA:    24s[>>>>>>>>>>>>>>>>>         ] 5367/7824, 104.1 task/s, elapsed: 52s, ETA:    24s[>>>>>>>>>>>>>>>>>         ] 5368/7824, 104.1 task/s, elapsed: 52s, ETA:    24s[>>>>>>>>>>>>>>>>>         ] 5369/7824, 104.1 task/s, elapsed: 52s, ETA:    24s[>>>>>>>>>>>>>>>>>         ] 5370/7824, 104.1 task/s, elapsed: 52s, ETA:    24s[>>>>>>>>>>>>>>>>>         ] 5371/7824, 104.1 task/s, elapsed: 52s, ETA:    24s[>>>>>>>>>>>>>>>>>         ] 5372/7824, 104.1 task/s, elapsed: 52s, ETA:    24s[>>>>>>>>>>>>>>>>>         ] 5373/7824, 104.1 task/s, elapsed: 52s, ETA:    24s[>>>>>>>>>>>>>>>>>         ] 5374/7824, 104.2 task/s, elapsed: 52s, ETA:    24s[>>>>>>>>>>>>>>>>>         ] 5375/7824, 104.2 task/s, elapsed: 52s, ETA:    24s[>>>>>>>>>>>>>>>>>         ] 5376/7824, 104.2 task/s, elapsed: 52s, ETA:    24s[>>>>>>>>>>>>>>>>>         ] 5377/7824, 104.2 task/s, elapsed: 52s, ETA:    23s[>>>>>>>>>>>>>>>>>         ] 5378/7824, 104.2 task/s, elapsed: 52s, ETA:    23s[>>>>>>>>>>>>>>>>>         ] 5379/7824, 104.2 task/s, elapsed: 52s, ETA:    23s[>>>>>>>>>>>>>>>>>         ] 5380/7824, 104.2 task/s, elapsed: 52s, ETA:    23s[>>>>>>>>>>>>>>>>>         ] 5381/7824, 104.2 task/s, elapsed: 52s, ETA:    23s[>>>>>>>>>>>>>>>>>         ] 5382/7824, 104.2 task/s, elapsed: 52s, ETA:    23s[>>>>>>>>>>>>>>>>>         ] 5383/7824, 104.2 task/s, elapsed: 52s, ETA:    23s[>>>>>>>>>>>>>>>>>         ] 5384/7824, 104.2 task/s, elapsed: 52s, ETA:    23s[>>>>>>>>>>>>>>>>>         ] 5385/7824, 104.2 task/s, elapsed: 52s, ETA:    23s[>>>>>>>>>>>>>>>>>         ] 5386/7824, 104.2 task/s, elapsed: 52s, ETA:    23s[>>>>>>>>>>>>>>>>>         ] 5387/7824, 104.2 task/s, elapsed: 52s, ETA:    23s[>>>>>>>>>>>>>>>>>         ] 5388/7824, 104.2 task/s, elapsed: 52s, ETA:    23s[>>>>>>>>>>>>>>>>>         ] 5389/7824, 104.2 task/s, elapsed: 52s, ETA:    23s[>>>>>>>>>>>>>>>>>         ] 5390/7824, 104.2 task/s, elapsed: 52s, ETA:    23s[>>>>>>>>>>>>>>>>>         ] 5391/7824, 104.2 task/s, elapsed: 52s, ETA:    23s[>>>>>>>>>>>>>>>>>         ] 5392/7824, 104.2 task/s, elapsed: 52s, ETA:    23s[>>>>>>>>>>>>>>>>>         ] 5393/7824, 104.2 task/s, elapsed: 52s, ETA:    23s[>>>>>>>>>>>>>>>>>         ] 5394/7824, 104.2 task/s, elapsed: 52s, ETA:    23s[>>>>>>>>>>>>>>>>>         ] 5395/7824, 104.2 task/s, elapsed: 52s, ETA:    23s[>>>>>>>>>>>>>>>>>         ] 5396/7824, 104.2 task/s, elapsed: 52s, ETA:    23s[>>>>>>>>>>>>>>>>>         ] 5397/7824, 104.2 task/s, elapsed: 52s, ETA:    23s[>>>>>>>>>>>>>>>>>         ] 5398/7824, 104.2 task/s, elapsed: 52s, ETA:    23s[>>>>>>>>>>>>>>>>>         ] 5399/7824, 104.2 task/s, elapsed: 52s, ETA:    23s[>>>>>>>>>>>>>>>>>         ] 5400/7824, 104.2 task/s, elapsed: 52s, ETA:    23s[>>>>>>>>>>>>>>>>>         ] 5401/7824, 104.2 task/s, elapsed: 52s, ETA:    23s[>>>>>>>>>>>>>>>>>         ] 5402/7824, 104.2 task/s, elapsed: 52s, ETA:    23s[>>>>>>>>>>>>>>>>>         ] 5403/7824, 104.2 task/s, elapsed: 52s, ETA:    23s[>>>>>>>>>>>>>>>>>         ] 5404/7824, 104.2 task/s, elapsed: 52s, ETA:    23s[>>>>>>>>>>>>>>>>>         ] 5405/7824, 104.2 task/s, elapsed: 52s, ETA:    23s[>>>>>>>>>>>>>>>>>         ] 5406/7824, 104.2 task/s, elapsed: 52s, ETA:    23s[>>>>>>>>>>>>>>>>>         ] 5407/7824, 104.2 task/s, elapsed: 52s, ETA:    23s[>>>>>>>>>>>>>>>>>         ] 5408/7824, 104.2 task/s, elapsed: 52s, ETA:    23s[>>>>>>>>>>>>>>>>>         ] 5409/7824, 104.2 task/s, elapsed: 52s, ETA:    23s[>>>>>>>>>>>>>>>>>         ] 5410/7824, 104.2 task/s, elapsed: 52s, ETA:    23s[>>>>>>>>>>>>>>>>>         ] 5411/7824, 104.2 task/s, elapsed: 52s, ETA:    23s[>>>>>>>>>>>>>>>>>         ] 5412/7824, 104.2 task/s, elapsed: 52s, ETA:    23s[>>>>>>>>>>>>>>>>>         ] 5413/7824, 104.2 task/s, elapsed: 52s, ETA:    23s[>>>>>>>>>>>>>>>>>         ] 5414/7824, 104.2 task/s, elapsed: 52s, ETA:    23s[>>>>>>>>>>>>>>>>>         ] 5415/7824, 104.2 task/s, elapsed: 52s, ETA:    23s[>>>>>>>>>>>>>>>>>         ] 5416/7824, 104.2 task/s, elapsed: 52s, ETA:    23s[>>>>>>>>>>>>>>>>>>        ] 5417/7824, 104.2 task/s, elapsed: 52s, ETA:    23s[>>>>>>>>>>>>>>>>>>        ] 5418/7824, 104.2 task/s, elapsed: 52s, ETA:    23s[>>>>>>>>>>>>>>>>>>        ] 5419/7824, 104.2 task/s, elapsed: 52s, ETA:    23s[>>>>>>>>>>>>>>>>>>        ] 5420/7824, 104.2 task/s, elapsed: 52s, ETA:    23s[>>>>>>>>>>>>>>>>>>        ] 5421/7824, 104.2 task/s, elapsed: 52s, ETA:    23s[>>>>>>>>>>>>>>>>>>        ] 5422/7824, 104.2 task/s, elapsed: 52s, ETA:    23s[>>>>>>>>>>>>>>>>>>        ] 5423/7824, 104.2 task/s, elapsed: 52s, ETA:    23s[>>>>>>>>>>>>>>>>>>        ] 5424/7824, 104.2 task/s, elapsed: 52s, ETA:    23s[>>>>>>>>>>>>>>>>>>        ] 5425/7824, 104.2 task/s, elapsed: 52s, ETA:    23s[>>>>>>>>>>>>>>>>>>        ] 5426/7824, 104.2 task/s, elapsed: 52s, ETA:    23s[>>>>>>>>>>>>>>>>>>        ] 5427/7824, 104.2 task/s, elapsed: 52s, ETA:    23s[>>>>>>>>>>>>>>>>>>        ] 5428/7824, 104.2 task/s, elapsed: 52s, ETA:    23s[>>>>>>>>>>>>>>>>>>        ] 5429/7824, 104.2 task/s, elapsed: 52s, ETA:    23s[>>>>>>>>>>>>>>>>>>        ] 5430/7824, 104.2 task/s, elapsed: 52s, ETA:    23s[>>>>>>>>>>>>>>>>>>        ] 5431/7824, 104.2 task/s, elapsed: 52s, ETA:    23s[>>>>>>>>>>>>>>>>>>        ] 5432/7824, 104.2 task/s, elapsed: 52s, ETA:    23s[>>>>>>>>>>>>>>>>>>        ] 5433/7824, 104.2 task/s, elapsed: 52s, ETA:    23s[>>>>>>>>>>>>>>>>>>        ] 5434/7824, 104.2 task/s, elapsed: 52s, ETA:    23s[>>>>>>>>>>>>>>>>>>        ] 5435/7824, 104.2 task/s, elapsed: 52s, ETA:    23s[>>>>>>>>>>>>>>>>>>        ] 5436/7824, 104.2 task/s, elapsed: 52s, ETA:    23s[>>>>>>>>>>>>>>>>>>        ] 5437/7824, 104.2 task/s, elapsed: 52s, ETA:    23s[>>>>>>>>>>>>>>>>>>        ] 5438/7824, 104.2 task/s, elapsed: 52s, ETA:    23s[>>>>>>>>>>>>>>>>>>        ] 5439/7824, 104.2 task/s, elapsed: 52s, ETA:    23s[>>>>>>>>>>>>>>>>>>        ] 5440/7824, 104.2 task/s, elapsed: 52s, ETA:    23s[>>>>>>>>>>>>>>>>>>        ] 5441/7824, 104.2 task/s, elapsed: 52s, ETA:    23s[>>>>>>>>>>>>>>>>>>        ] 5442/7824, 104.3 task/s, elapsed: 52s, ETA:    23s[>>>>>>>>>>>>>>>>>>        ] 5443/7824, 104.3 task/s, elapsed: 52s, ETA:    23s[>>>>>>>>>>>>>>>>>>        ] 5444/7824, 104.3 task/s, elapsed: 52s, ETA:    23s[>>>>>>>>>>>>>>>>>>        ] 5445/7824, 104.3 task/s, elapsed: 52s, ETA:    23s[>>>>>>>>>>>>>>>>>>        ] 5446/7824, 104.3 task/s, elapsed: 52s, ETA:    23s[>>>>>>>>>>>>>>>>>>        ] 5447/7824, 104.3 task/s, elapsed: 52s, ETA:    23s[>>>>>>>>>>>>>>>>>>        ] 5448/7824, 104.3 task/s, elapsed: 52s, ETA:    23s[>>>>>>>>>>>>>>>>>>        ] 5449/7824, 104.3 task/s, elapsed: 52s, ETA:    23s[>>>>>>>>>>>>>>>>>>        ] 5450/7824, 104.3 task/s, elapsed: 52s, ETA:    23s[>>>>>>>>>>>>>>>>>>        ] 5451/7824, 104.3 task/s, elapsed: 52s, ETA:    23s[>>>>>>>>>>>>>>>>>>        ] 5452/7824, 104.3 task/s, elapsed: 52s, ETA:    23s[>>>>>>>>>>>>>>>>>>        ] 5453/7824, 104.3 task/s, elapsed: 52s, ETA:    23s[>>>>>>>>>>>>>>>>>>        ] 5454/7824, 104.3 task/s, elapsed: 52s, ETA:    23s[>>>>>>>>>>>>>>>>>>        ] 5455/7824, 104.3 task/s, elapsed: 52s, ETA:    23s[>>>>>>>>>>>>>>>>>>        ] 5456/7824, 104.3 task/s, elapsed: 52s, ETA:    23s[>>>>>>>>>>>>>>>>>>        ] 5457/7824, 104.3 task/s, elapsed: 52s, ETA:    23s[>>>>>>>>>>>>>>>>>>        ] 5458/7824, 104.3 task/s, elapsed: 52s, ETA:    23s[>>>>>>>>>>>>>>>>>>        ] 5459/7824, 104.3 task/s, elapsed: 52s, ETA:    23s[>>>>>>>>>>>>>>>>>>        ] 5460/7824, 104.3 task/s, elapsed: 52s, ETA:    23s[>>>>>>>>>>>>>>>>>>        ] 5461/7824, 104.3 task/s, elapsed: 52s, ETA:    23s[>>>>>>>>>>>>>>>>>>        ] 5462/7824, 104.3 task/s, elapsed: 52s, ETA:    23s[>>>>>>>>>>>>>>>>>>        ] 5463/7824, 104.3 task/s, elapsed: 52s, ETA:    23s[>>>>>>>>>>>>>>>>>>        ] 5464/7824, 104.3 task/s, elapsed: 52s, ETA:    23s[>>>>>>>>>>>>>>>>>>        ] 5465/7824, 104.3 task/s, elapsed: 52s, ETA:    23s[>>>>>>>>>>>>>>>>>>        ] 5466/7824, 104.3 task/s, elapsed: 52s, ETA:    23s[>>>>>>>>>>>>>>>>>>        ] 5467/7824, 104.3 task/s, elapsed: 52s, ETA:    23s[>>>>>>>>>>>>>>>>>>        ] 5468/7824, 104.3 task/s, elapsed: 52s, ETA:    23s[>>>>>>>>>>>>>>>>>>        ] 5469/7824, 104.3 task/s, elapsed: 52s, ETA:    23s[>>>>>>>>>>>>>>>>>>        ] 5470/7824, 104.3 task/s, elapsed: 52s, ETA:    23s[>>>>>>>>>>>>>>>>>>        ] 5471/7824, 104.3 task/s, elapsed: 52s, ETA:    23s[>>>>>>>>>>>>>>>>>>        ] 5472/7824, 104.3 task/s, elapsed: 52s, ETA:    23s[>>>>>>>>>>>>>>>>>>        ] 5473/7824, 104.3 task/s, elapsed: 52s, ETA:    23s[>>>>>>>>>>>>>>>>>>        ] 5474/7824, 104.3 task/s, elapsed: 52s, ETA:    23s[>>>>>>>>>>>>>>>>>>        ] 5475/7824, 104.3 task/s, elapsed: 52s, ETA:    23s[>>>>>>>>>>>>>>>>>>        ] 5476/7824, 104.3 task/s, elapsed: 53s, ETA:    23s[>>>>>>>>>>>>>>>>>>        ] 5477/7824, 104.3 task/s, elapsed: 53s, ETA:    23s[>>>>>>>>>>>>>>>>>>        ] 5478/7824, 104.3 task/s, elapsed: 53s, ETA:    22s[>>>>>>>>>>>>>>>>>>        ] 5479/7824, 104.3 task/s, elapsed: 53s, ETA:    22s[>>>>>>>>>>>>>>>>>>        ] 5480/7824, 104.3 task/s, elapsed: 53s, ETA:    22s[>>>>>>>>>>>>>>>>>>        ] 5481/7824, 104.3 task/s, elapsed: 53s, ETA:    22s[>>>>>>>>>>>>>>>>>>        ] 5482/7824, 104.3 task/s, elapsed: 53s, ETA:    22s[>>>>>>>>>>>>>>>>>>        ] 5483/7824, 104.3 task/s, elapsed: 53s, ETA:    22s[>>>>>>>>>>>>>>>>>>        ] 5484/7824, 104.3 task/s, elapsed: 53s, ETA:    22s[>>>>>>>>>>>>>>>>>>        ] 5485/7824, 104.3 task/s, elapsed: 53s, ETA:    22s[>>>>>>>>>>>>>>>>>>        ] 5486/7824, 104.3 task/s, elapsed: 53s, ETA:    22s[>>>>>>>>>>>>>>>>>>        ] 5487/7824, 104.3 task/s, elapsed: 53s, ETA:    22s[>>>>>>>>>>>>>>>>>>        ] 5488/7824, 104.3 task/s, elapsed: 53s, ETA:    22s[>>>>>>>>>>>>>>>>>>        ] 5489/7824, 104.3 task/s, elapsed: 53s, ETA:    22s[>>>>>>>>>>>>>>>>>>        ] 5490/7824, 104.3 task/s, elapsed: 53s, ETA:    22s[>>>>>>>>>>>>>>>>>>        ] 5491/7824, 104.3 task/s, elapsed: 53s, ETA:    22s[>>>>>>>>>>>>>>>>>>        ] 5492/7824, 104.3 task/s, elapsed: 53s, ETA:    22s[>>>>>>>>>>>>>>>>>>        ] 5493/7824, 104.3 task/s, elapsed: 53s, ETA:    22s[>>>>>>>>>>>>>>>>>>        ] 5494/7824, 104.3 task/s, elapsed: 53s, ETA:    22s[>>>>>>>>>>>>>>>>>>        ] 5495/7824, 104.3 task/s, elapsed: 53s, ETA:    22s[>>>>>>>>>>>>>>>>>>        ] 5496/7824, 104.3 task/s, elapsed: 53s, ETA:    22s[>>>>>>>>>>>>>>>>>>        ] 5497/7824, 104.3 task/s, elapsed: 53s, ETA:    22s[>>>>>>>>>>>>>>>>>>        ] 5498/7824, 104.3 task/s, elapsed: 53s, ETA:    22s[>>>>>>>>>>>>>>>>>>        ] 5499/7824, 104.3 task/s, elapsed: 53s, ETA:    22s[>>>>>>>>>>>>>>>>>>        ] 5500/7824, 104.3 task/s, elapsed: 53s, ETA:    22s[>>>>>>>>>>>>>>>>>>        ] 5501/7824, 104.3 task/s, elapsed: 53s, ETA:    22s[>>>>>>>>>>>>>>>>>>        ] 5502/7824, 104.3 task/s, elapsed: 53s, ETA:    22s[>>>>>>>>>>>>>>>>>>        ] 5503/7824, 104.3 task/s, elapsed: 53s, ETA:    22s[>>>>>>>>>>>>>>>>>>        ] 5504/7824, 104.3 task/s, elapsed: 53s, ETA:    22s[>>>>>>>>>>>>>>>>>>        ] 5505/7824, 104.3 task/s, elapsed: 53s, ETA:    22s[>>>>>>>>>>>>>>>>>>        ] 5506/7824, 104.3 task/s, elapsed: 53s, ETA:    22s[>>>>>>>>>>>>>>>>>>        ] 5507/7824, 104.3 task/s, elapsed: 53s, ETA:    22s[>>>>>>>>>>>>>>>>>>        ] 5508/7824, 104.3 task/s, elapsed: 53s, ETA:    22s[>>>>>>>>>>>>>>>>>>        ] 5509/7824, 104.3 task/s, elapsed: 53s, ETA:    22s[>>>>>>>>>>>>>>>>>>        ] 5510/7824, 104.3 task/s, elapsed: 53s, ETA:    22s[>>>>>>>>>>>>>>>>>>        ] 5511/7824, 104.3 task/s, elapsed: 53s, ETA:    22s[>>>>>>>>>>>>>>>>>>        ] 5512/7824, 104.3 task/s, elapsed: 53s, ETA:    22s[>>>>>>>>>>>>>>>>>>        ] 5513/7824, 104.3 task/s, elapsed: 53s, ETA:    22s[>>>>>>>>>>>>>>>>>>        ] 5514/7824, 104.3 task/s, elapsed: 53s, ETA:    22s[>>>>>>>>>>>>>>>>>>        ] 5515/7824, 104.3 task/s, elapsed: 53s, ETA:    22s[>>>>>>>>>>>>>>>>>>        ] 5516/7824, 104.3 task/s, elapsed: 53s, ETA:    22s[>>>>>>>>>>>>>>>>>>        ] 5517/7824, 104.3 task/s, elapsed: 53s, ETA:    22s[>>>>>>>>>>>>>>>>>>        ] 5518/7824, 104.3 task/s, elapsed: 53s, ETA:    22s[>>>>>>>>>>>>>>>>>>        ] 5519/7824, 104.3 task/s, elapsed: 53s, ETA:    22s[>>>>>>>>>>>>>>>>>>        ] 5520/7824, 104.3 task/s, elapsed: 53s, ETA:    22s[>>>>>>>>>>>>>>>>>>        ] 5521/7824, 104.3 task/s, elapsed: 53s, ETA:    22s[>>>>>>>>>>>>>>>>>>        ] 5522/7824, 104.4 task/s, elapsed: 53s, ETA:    22s[>>>>>>>>>>>>>>>>>>        ] 5523/7824, 104.4 task/s, elapsed: 53s, ETA:    22s[>>>>>>>>>>>>>>>>>>        ] 5524/7824, 104.4 task/s, elapsed: 53s, ETA:    22s[>>>>>>>>>>>>>>>>>>        ] 5525/7824, 104.4 task/s, elapsed: 53s, ETA:    22s[>>>>>>>>>>>>>>>>>>        ] 5526/7824, 104.4 task/s, elapsed: 53s, ETA:    22s[>>>>>>>>>>>>>>>>>>        ] 5527/7824, 104.4 task/s, elapsed: 53s, ETA:    22s[>>>>>>>>>>>>>>>>>>        ] 5528/7824, 104.4 task/s, elapsed: 53s, ETA:    22s[>>>>>>>>>>>>>>>>>>        ] 5529/7824, 104.4 task/s, elapsed: 53s, ETA:    22s[>>>>>>>>>>>>>>>>>>        ] 5530/7824, 104.4 task/s, elapsed: 53s, ETA:    22s[>>>>>>>>>>>>>>>>>>        ] 5531/7824, 104.4 task/s, elapsed: 53s, ETA:    22s[>>>>>>>>>>>>>>>>>>        ] 5532/7824, 104.4 task/s, elapsed: 53s, ETA:    22s[>>>>>>>>>>>>>>>>>>        ] 5533/7824, 104.4 task/s, elapsed: 53s, ETA:    22s[>>>>>>>>>>>>>>>>>>        ] 5534/7824, 104.4 task/s, elapsed: 53s, ETA:    22s[>>>>>>>>>>>>>>>>>>        ] 5535/7824, 104.4 task/s, elapsed: 53s, ETA:    22s[>>>>>>>>>>>>>>>>>>        ] 5536/7824, 104.4 task/s, elapsed: 53s, ETA:    22s[>>>>>>>>>>>>>>>>>>        ] 5537/7824, 104.4 task/s, elapsed: 53s, ETA:    22s[>>>>>>>>>>>>>>>>>>        ] 5538/7824, 104.4 task/s, elapsed: 53s, ETA:    22s[>>>>>>>>>>>>>>>>>>        ] 5539/7824, 104.4 task/s, elapsed: 53s, ETA:    22s[>>>>>>>>>>>>>>>>>>        ] 5540/7824, 104.4 task/s, elapsed: 53s, ETA:    22s[>>>>>>>>>>>>>>>>>>        ] 5541/7824, 104.4 task/s, elapsed: 53s, ETA:    22s[>>>>>>>>>>>>>>>>>>        ] 5542/7824, 104.4 task/s, elapsed: 53s, ETA:    22s[>>>>>>>>>>>>>>>>>>        ] 5543/7824, 104.4 task/s, elapsed: 53s, ETA:    22s[>>>>>>>>>>>>>>>>>>        ] 5544/7824, 104.4 task/s, elapsed: 53s, ETA:    22s[>>>>>>>>>>>>>>>>>>        ] 5545/7824, 104.4 task/s, elapsed: 53s, ETA:    22s[>>>>>>>>>>>>>>>>>>        ] 5546/7824, 104.4 task/s, elapsed: 53s, ETA:    22s[>>>>>>>>>>>>>>>>>>        ] 5547/7824, 104.4 task/s, elapsed: 53s, ETA:    22s[>>>>>>>>>>>>>>>>>>        ] 5548/7824, 104.4 task/s, elapsed: 53s, ETA:    22s[>>>>>>>>>>>>>>>>>>        ] 5549/7824, 104.4 task/s, elapsed: 53s, ETA:    22s[>>>>>>>>>>>>>>>>>>        ] 5550/7824, 104.4 task/s, elapsed: 53s, ETA:    22s[>>>>>>>>>>>>>>>>>>        ] 5551/7824, 104.4 task/s, elapsed: 53s, ETA:    22s[>>>>>>>>>>>>>>>>>>        ] 5552/7824, 104.4 task/s, elapsed: 53s, ETA:    22s[>>>>>>>>>>>>>>>>>>        ] 5553/7824, 104.4 task/s, elapsed: 53s, ETA:    22s[>>>>>>>>>>>>>>>>>>        ] 5554/7824, 104.4 task/s, elapsed: 53s, ETA:    22s[>>>>>>>>>>>>>>>>>>        ] 5555/7824, 104.4 task/s, elapsed: 53s, ETA:    22s[>>>>>>>>>>>>>>>>>>        ] 5556/7824, 104.4 task/s, elapsed: 53s, ETA:    22s[>>>>>>>>>>>>>>>>>>        ] 5557/7824, 104.4 task/s, elapsed: 53s, ETA:    22s[>>>>>>>>>>>>>>>>>>        ] 5558/7824, 104.4 task/s, elapsed: 53s, ETA:    22s[>>>>>>>>>>>>>>>>>>        ] 5559/7824, 104.4 task/s, elapsed: 53s, ETA:    22s[>>>>>>>>>>>>>>>>>>        ] 5560/7824, 104.4 task/s, elapsed: 53s, ETA:    22s[>>>>>>>>>>>>>>>>>>        ] 5561/7824, 104.4 task/s, elapsed: 53s, ETA:    22s[>>>>>>>>>>>>>>>>>>        ] 5562/7824, 104.4 task/s, elapsed: 53s, ETA:    22s[>>>>>>>>>>>>>>>>>>        ] 5563/7824, 104.4 task/s, elapsed: 53s, ETA:    22s[>>>>>>>>>>>>>>>>>>        ] 5564/7824, 104.4 task/s, elapsed: 53s, ETA:    22s[>>>>>>>>>>>>>>>>>>        ] 5565/7824, 104.4 task/s, elapsed: 53s, ETA:    22s[>>>>>>>>>>>>>>>>>>        ] 5566/7824, 104.4 task/s, elapsed: 53s, ETA:    22s[>>>>>>>>>>>>>>>>>>        ] 5567/7824, 104.4 task/s, elapsed: 53s, ETA:    22s[>>>>>>>>>>>>>>>>>>        ] 5568/7824, 104.4 task/s, elapsed: 53s, ETA:    22s[>>>>>>>>>>>>>>>>>>        ] 5569/7824, 104.4 task/s, elapsed: 53s, ETA:    22s[>>>>>>>>>>>>>>>>>>        ] 5570/7824, 104.4 task/s, elapsed: 53s, ETA:    22s[>>>>>>>>>>>>>>>>>>        ] 5571/7824, 104.4 task/s, elapsed: 53s, ETA:    22s[>>>>>>>>>>>>>>>>>>        ] 5572/7824, 104.4 task/s, elapsed: 53s, ETA:    22s[>>>>>>>>>>>>>>>>>>        ] 5573/7824, 104.4 task/s, elapsed: 53s, ETA:    22s[>>>>>>>>>>>>>>>>>>        ] 5574/7824, 104.4 task/s, elapsed: 53s, ETA:    22s[>>>>>>>>>>>>>>>>>>        ] 5575/7824, 104.4 task/s, elapsed: 53s, ETA:    22s[>>>>>>>>>>>>>>>>>>        ] 5576/7824, 104.4 task/s, elapsed: 53s, ETA:    22s[>>>>>>>>>>>>>>>>>>        ] 5577/7824, 104.4 task/s, elapsed: 53s, ETA:    22s[>>>>>>>>>>>>>>>>>>        ] 5578/7824, 104.4 task/s, elapsed: 53s, ETA:    22s[>>>>>>>>>>>>>>>>>>        ] 5579/7824, 104.4 task/s, elapsed: 53s, ETA:    21s[>>>>>>>>>>>>>>>>>>        ] 5580/7824, 104.4 task/s, elapsed: 53s, ETA:    21s[>>>>>>>>>>>>>>>>>>        ] 5581/7824, 104.4 task/s, elapsed: 53s, ETA:    21s[>>>>>>>>>>>>>>>>>>        ] 5582/7824, 104.4 task/s, elapsed: 53s, ETA:    21s[>>>>>>>>>>>>>>>>>>        ] 5583/7824, 104.4 task/s, elapsed: 53s, ETA:    21s[>>>>>>>>>>>>>>>>>>        ] 5584/7824, 104.4 task/s, elapsed: 53s, ETA:    21s[>>>>>>>>>>>>>>>>>>        ] 5585/7824, 104.4 task/s, elapsed: 53s, ETA:    21s[>>>>>>>>>>>>>>>>>>        ] 5586/7824, 104.4 task/s, elapsed: 53s, ETA:    21s[>>>>>>>>>>>>>>>>>>        ] 5587/7824, 104.4 task/s, elapsed: 53s, ETA:    21s[>>>>>>>>>>>>>>>>>>        ] 5588/7824, 104.4 task/s, elapsed: 54s, ETA:    21s[>>>>>>>>>>>>>>>>>>        ] 5589/7824, 104.4 task/s, elapsed: 54s, ETA:    21s[>>>>>>>>>>>>>>>>>>        ] 5590/7824, 104.4 task/s, elapsed: 54s, ETA:    21s[>>>>>>>>>>>>>>>>>>        ] 5591/7824, 104.4 task/s, elapsed: 54s, ETA:    21s[>>>>>>>>>>>>>>>>>>        ] 5592/7824, 104.4 task/s, elapsed: 54s, ETA:    21s[>>>>>>>>>>>>>>>>>>        ] 5593/7824, 104.4 task/s, elapsed: 54s, ETA:    21s[>>>>>>>>>>>>>>>>>>        ] 5594/7824, 104.4 task/s, elapsed: 54s, ETA:    21s[>>>>>>>>>>>>>>>>>>        ] 5595/7824, 104.4 task/s, elapsed: 54s, ETA:    21s[>>>>>>>>>>>>>>>>>>        ] 5596/7824, 104.4 task/s, elapsed: 54s, ETA:    21s[>>>>>>>>>>>>>>>>>>        ] 5597/7824, 104.5 task/s, elapsed: 54s, ETA:    21s[>>>>>>>>>>>>>>>>>>        ] 5598/7824, 104.5 task/s, elapsed: 54s, ETA:    21s[>>>>>>>>>>>>>>>>>>        ] 5599/7824, 104.5 task/s, elapsed: 54s, ETA:    21s[>>>>>>>>>>>>>>>>>>        ] 5600/7824, 104.5 task/s, elapsed: 54s, ETA:    21s[>>>>>>>>>>>>>>>>>>        ] 5601/7824, 104.5 task/s, elapsed: 54s, ETA:    21s[>>>>>>>>>>>>>>>>>>        ] 5602/7824, 104.5 task/s, elapsed: 54s, ETA:    21s[>>>>>>>>>>>>>>>>>>        ] 5603/7824, 104.5 task/s, elapsed: 54s, ETA:    21s[>>>>>>>>>>>>>>>>>>        ] 5604/7824, 104.5 task/s, elapsed: 54s, ETA:    21s[>>>>>>>>>>>>>>>>>>        ] 5605/7824, 104.5 task/s, elapsed: 54s, ETA:    21s[>>>>>>>>>>>>>>>>>>        ] 5606/7824, 104.5 task/s, elapsed: 54s, ETA:    21s[>>>>>>>>>>>>>>>>>>        ] 5607/7824, 104.5 task/s, elapsed: 54s, ETA:    21s[>>>>>>>>>>>>>>>>>>        ] 5608/7824, 104.5 task/s, elapsed: 54s, ETA:    21s[>>>>>>>>>>>>>>>>>>        ] 5609/7824, 104.5 task/s, elapsed: 54s, ETA:    21s[>>>>>>>>>>>>>>>>>>        ] 5610/7824, 104.5 task/s, elapsed: 54s, ETA:    21s[>>>>>>>>>>>>>>>>>>        ] 5611/7824, 104.5 task/s, elapsed: 54s, ETA:    21s[>>>>>>>>>>>>>>>>>>        ] 5612/7824, 104.5 task/s, elapsed: 54s, ETA:    21s[>>>>>>>>>>>>>>>>>>        ] 5613/7824, 104.5 task/s, elapsed: 54s, ETA:    21s[>>>>>>>>>>>>>>>>>>        ] 5614/7824, 104.5 task/s, elapsed: 54s, ETA:    21s[>>>>>>>>>>>>>>>>>>        ] 5615/7824, 104.5 task/s, elapsed: 54s, ETA:    21s[>>>>>>>>>>>>>>>>>>        ] 5616/7824, 104.5 task/s, elapsed: 54s, ETA:    21s[>>>>>>>>>>>>>>>>>>        ] 5617/7824, 104.5 task/s, elapsed: 54s, ETA:    21s[>>>>>>>>>>>>>>>>>>        ] 5618/7824, 104.5 task/s, elapsed: 54s, ETA:    21s[>>>>>>>>>>>>>>>>>>        ] 5619/7824, 104.5 task/s, elapsed: 54s, ETA:    21s[>>>>>>>>>>>>>>>>>>        ] 5620/7824, 104.5 task/s, elapsed: 54s, ETA:    21s[>>>>>>>>>>>>>>>>>>        ] 5621/7824, 104.5 task/s, elapsed: 54s, ETA:    21s[>>>>>>>>>>>>>>>>>>        ] 5622/7824, 104.5 task/s, elapsed: 54s, ETA:    21s[>>>>>>>>>>>>>>>>>>        ] 5623/7824, 104.5 task/s, elapsed: 54s, ETA:    21s[>>>>>>>>>>>>>>>>>>        ] 5624/7824, 104.5 task/s, elapsed: 54s, ETA:    21s[>>>>>>>>>>>>>>>>>>        ] 5625/7824, 104.5 task/s, elapsed: 54s, ETA:    21s[>>>>>>>>>>>>>>>>>>        ] 5626/7824, 104.5 task/s, elapsed: 54s, ETA:    21s[>>>>>>>>>>>>>>>>>>        ] 5627/7824, 104.5 task/s, elapsed: 54s, ETA:    21s[>>>>>>>>>>>>>>>>>>        ] 5628/7824, 104.5 task/s, elapsed: 54s, ETA:    21s[>>>>>>>>>>>>>>>>>>        ] 5629/7824, 104.5 task/s, elapsed: 54s, ETA:    21s[>>>>>>>>>>>>>>>>>>        ] 5630/7824, 104.5 task/s, elapsed: 54s, ETA:    21s[>>>>>>>>>>>>>>>>>>        ] 5631/7824, 104.5 task/s, elapsed: 54s, ETA:    21s[>>>>>>>>>>>>>>>>>>        ] 5632/7824, 104.5 task/s, elapsed: 54s, ETA:    21s[>>>>>>>>>>>>>>>>>>        ] 5633/7824, 104.5 task/s, elapsed: 54s, ETA:    21s[>>>>>>>>>>>>>>>>>>        ] 5634/7824, 104.5 task/s, elapsed: 54s, ETA:    21s[>>>>>>>>>>>>>>>>>>        ] 5635/7824, 104.5 task/s, elapsed: 54s, ETA:    21s[>>>>>>>>>>>>>>>>>>        ] 5636/7824, 104.5 task/s, elapsed: 54s, ETA:    21s[>>>>>>>>>>>>>>>>>>        ] 5637/7824, 104.5 task/s, elapsed: 54s, ETA:    21s[>>>>>>>>>>>>>>>>>>        ] 5638/7824, 104.5 task/s, elapsed: 54s, ETA:    21s[>>>>>>>>>>>>>>>>>>        ] 5639/7824, 104.5 task/s, elapsed: 54s, ETA:    21s[>>>>>>>>>>>>>>>>>>        ] 5640/7824, 104.5 task/s, elapsed: 54s, ETA:    21s[>>>>>>>>>>>>>>>>>>        ] 5641/7824, 104.5 task/s, elapsed: 54s, ETA:    21s[>>>>>>>>>>>>>>>>>>        ] 5642/7824, 104.5 task/s, elapsed: 54s, ETA:    21s[>>>>>>>>>>>>>>>>>>        ] 5643/7824, 104.5 task/s, elapsed: 54s, ETA:    21s[>>>>>>>>>>>>>>>>>>        ] 5644/7824, 104.5 task/s, elapsed: 54s, ETA:    21s[>>>>>>>>>>>>>>>>>>        ] 5645/7824, 104.5 task/s, elapsed: 54s, ETA:    21s[>>>>>>>>>>>>>>>>>>        ] 5646/7824, 104.5 task/s, elapsed: 54s, ETA:    21s[>>>>>>>>>>>>>>>>>>        ] 5647/7824, 104.5 task/s, elapsed: 54s, ETA:    21s[>>>>>>>>>>>>>>>>>>        ] 5648/7824, 104.5 task/s, elapsed: 54s, ETA:    21s[>>>>>>>>>>>>>>>>>>        ] 5649/7824, 104.5 task/s, elapsed: 54s, ETA:    21s[>>>>>>>>>>>>>>>>>>        ] 5650/7824, 104.5 task/s, elapsed: 54s, ETA:    21s[>>>>>>>>>>>>>>>>>>        ] 5651/7824, 104.5 task/s, elapsed: 54s, ETA:    21s[>>>>>>>>>>>>>>>>>>        ] 5652/7824, 104.5 task/s, elapsed: 54s, ETA:    21s[>>>>>>>>>>>>>>>>>>        ] 5653/7824, 104.5 task/s, elapsed: 54s, ETA:    21s[>>>>>>>>>>>>>>>>>>        ] 5654/7824, 104.5 task/s, elapsed: 54s, ETA:    21s[>>>>>>>>>>>>>>>>>>        ] 5655/7824, 104.5 task/s, elapsed: 54s, ETA:    21s[>>>>>>>>>>>>>>>>>>        ] 5656/7824, 104.5 task/s, elapsed: 54s, ETA:    21s[>>>>>>>>>>>>>>>>>>        ] 5657/7824, 104.5 task/s, elapsed: 54s, ETA:    21s[>>>>>>>>>>>>>>>>>>        ] 5658/7824, 104.5 task/s, elapsed: 54s, ETA:    21s[>>>>>>>>>>>>>>>>>>        ] 5659/7824, 104.5 task/s, elapsed: 54s, ETA:    21s[>>>>>>>>>>>>>>>>>>        ] 5660/7824, 104.5 task/s, elapsed: 54s, ETA:    21s[>>>>>>>>>>>>>>>>>>        ] 5661/7824, 104.5 task/s, elapsed: 54s, ETA:    21s[>>>>>>>>>>>>>>>>>>        ] 5662/7824, 104.5 task/s, elapsed: 54s, ETA:    21s[>>>>>>>>>>>>>>>>>>        ] 5663/7824, 104.5 task/s, elapsed: 54s, ETA:    21s[>>>>>>>>>>>>>>>>>>        ] 5664/7824, 104.5 task/s, elapsed: 54s, ETA:    21s[>>>>>>>>>>>>>>>>>>        ] 5665/7824, 104.5 task/s, elapsed: 54s, ETA:    21s[>>>>>>>>>>>>>>>>>>        ] 5666/7824, 104.5 task/s, elapsed: 54s, ETA:    21s[>>>>>>>>>>>>>>>>>>        ] 5667/7824, 104.5 task/s, elapsed: 54s, ETA:    21s[>>>>>>>>>>>>>>>>>>        ] 5668/7824, 104.5 task/s, elapsed: 54s, ETA:    21s[>>>>>>>>>>>>>>>>>>        ] 5669/7824, 104.5 task/s, elapsed: 54s, ETA:    21s[>>>>>>>>>>>>>>>>>>        ] 5670/7824, 104.5 task/s, elapsed: 54s, ETA:    21s[>>>>>>>>>>>>>>>>>>        ] 5671/7824, 104.5 task/s, elapsed: 54s, ETA:    21s[>>>>>>>>>>>>>>>>>>        ] 5672/7824, 104.5 task/s, elapsed: 54s, ETA:    21s[>>>>>>>>>>>>>>>>>>        ] 5673/7824, 104.5 task/s, elapsed: 54s, ETA:    21s[>>>>>>>>>>>>>>>>>>        ] 5674/7824, 104.5 task/s, elapsed: 54s, ETA:    21s[>>>>>>>>>>>>>>>>>>        ] 5675/7824, 104.5 task/s, elapsed: 54s, ETA:    21s[>>>>>>>>>>>>>>>>>>        ] 5676/7824, 104.5 task/s, elapsed: 54s, ETA:    21s[>>>>>>>>>>>>>>>>>>        ] 5677/7824, 104.5 task/s, elapsed: 54s, ETA:    21s[>>>>>>>>>>>>>>>>>>        ] 5678/7824, 104.5 task/s, elapsed: 54s, ETA:    21s[>>>>>>>>>>>>>>>>>>        ] 5679/7824, 104.5 task/s, elapsed: 54s, ETA:    21s[>>>>>>>>>>>>>>>>>>        ] 5680/7824, 104.4 task/s, elapsed: 54s, ETA:    21s[>>>>>>>>>>>>>>>>>>        ] 5681/7824, 104.4 task/s, elapsed: 54s, ETA:    21s[>>>>>>>>>>>>>>>>>>        ] 5682/7824, 104.4 task/s, elapsed: 54s, ETA:    21s[>>>>>>>>>>>>>>>>>>        ] 5683/7824, 104.4 task/s, elapsed: 54s, ETA:    21s[>>>>>>>>>>>>>>>>>>        ] 5684/7824, 104.4 task/s, elapsed: 54s, ETA:    20s[>>>>>>>>>>>>>>>>>>        ] 5685/7824, 104.4 task/s, elapsed: 54s, ETA:    20s[>>>>>>>>>>>>>>>>>>        ] 5686/7824, 104.4 task/s, elapsed: 54s, ETA:    20s[>>>>>>>>>>>>>>>>>>        ] 5687/7824, 104.4 task/s, elapsed: 54s, ETA:    20s[>>>>>>>>>>>>>>>>>>        ] 5688/7824, 104.4 task/s, elapsed: 54s, ETA:    20s[>>>>>>>>>>>>>>>>>>        ] 5689/7824, 104.4 task/s, elapsed: 54s, ETA:    20s[>>>>>>>>>>>>>>>>>>        ] 5690/7824, 104.4 task/s, elapsed: 55s, ETA:    20s[>>>>>>>>>>>>>>>>>>        ] 5691/7824, 104.4 task/s, elapsed: 55s, ETA:    20s[>>>>>>>>>>>>>>>>>>        ] 5692/7824, 104.4 task/s, elapsed: 55s, ETA:    20s[>>>>>>>>>>>>>>>>>>        ] 5693/7824, 104.4 task/s, elapsed: 55s, ETA:    20s[>>>>>>>>>>>>>>>>>>        ] 5694/7824, 104.4 task/s, elapsed: 55s, ETA:    20s[>>>>>>>>>>>>>>>>>>        ] 5695/7824, 104.4 task/s, elapsed: 55s, ETA:    20s[>>>>>>>>>>>>>>>>>>        ] 5696/7824, 104.3 task/s, elapsed: 55s, ETA:    20s[>>>>>>>>>>>>>>>>>>        ] 5697/7824, 104.3 task/s, elapsed: 55s, ETA:    20s[>>>>>>>>>>>>>>>>>>        ] 5698/7824, 104.3 task/s, elapsed: 55s, ETA:    20s[>>>>>>>>>>>>>>>>>>        ] 5699/7824, 104.3 task/s, elapsed: 55s, ETA:    20s[>>>>>>>>>>>>>>>>>>        ] 5700/7824, 104.3 task/s, elapsed: 55s, ETA:    20s[>>>>>>>>>>>>>>>>>>        ] 5701/7824, 104.3 task/s, elapsed: 55s, ETA:    20s[>>>>>>>>>>>>>>>>>>        ] 5702/7824, 104.3 task/s, elapsed: 55s, ETA:    20s[>>>>>>>>>>>>>>>>>>        ] 5703/7824, 104.3 task/s, elapsed: 55s, ETA:    20s[>>>>>>>>>>>>>>>>>>        ] 5704/7824, 104.3 task/s, elapsed: 55s, ETA:    20s[>>>>>>>>>>>>>>>>>>        ] 5705/7824, 104.3 task/s, elapsed: 55s, ETA:    20s[>>>>>>>>>>>>>>>>>>        ] 5706/7824, 104.3 task/s, elapsed: 55s, ETA:    20s[>>>>>>>>>>>>>>>>>>        ] 5707/7824, 104.3 task/s, elapsed: 55s, ETA:    20s[>>>>>>>>>>>>>>>>>>        ] 5708/7824, 104.3 task/s, elapsed: 55s, ETA:    20s[>>>>>>>>>>>>>>>>>>        ] 5709/7824, 104.3 task/s, elapsed: 55s, ETA:    20s[>>>>>>>>>>>>>>>>>>        ] 5710/7824, 104.3 task/s, elapsed: 55s, ETA:    20s[>>>>>>>>>>>>>>>>>>        ] 5711/7824, 104.3 task/s, elapsed: 55s, ETA:    20s[>>>>>>>>>>>>>>>>>>        ] 5712/7824, 104.2 task/s, elapsed: 55s, ETA:    20s[>>>>>>>>>>>>>>>>>>        ] 5713/7824, 104.2 task/s, elapsed: 55s, ETA:    20s[>>>>>>>>>>>>>>>>>>        ] 5714/7824, 104.2 task/s, elapsed: 55s, ETA:    20s[>>>>>>>>>>>>>>>>>>        ] 5715/7824, 104.2 task/s, elapsed: 55s, ETA:    20s[>>>>>>>>>>>>>>>>>>        ] 5716/7824, 104.2 task/s, elapsed: 55s, ETA:    20s[>>>>>>>>>>>>>>>>>>        ] 5717/7824, 104.2 task/s, elapsed: 55s, ETA:    20s[>>>>>>>>>>>>>>>>>>>       ] 5718/7824, 104.2 task/s, elapsed: 55s, ETA:    20s[>>>>>>>>>>>>>>>>>>>       ] 5719/7824, 104.2 task/s, elapsed: 55s, ETA:    20s[>>>>>>>>>>>>>>>>>>>       ] 5720/7824, 104.2 task/s, elapsed: 55s, ETA:    20s[>>>>>>>>>>>>>>>>>>>       ] 5721/7824, 104.2 task/s, elapsed: 55s, ETA:    20s[>>>>>>>>>>>>>>>>>>>       ] 5722/7824, 104.2 task/s, elapsed: 55s, ETA:    20s[>>>>>>>>>>>>>>>>>>>       ] 5723/7824, 104.2 task/s, elapsed: 55s, ETA:    20s[>>>>>>>>>>>>>>>>>>>       ] 5724/7824, 104.2 task/s, elapsed: 55s, ETA:    20s[>>>>>>>>>>>>>>>>>>>       ] 5725/7824, 104.2 task/s, elapsed: 55s, ETA:    20s[>>>>>>>>>>>>>>>>>>>       ] 5726/7824, 104.2 task/s, elapsed: 55s, ETA:    20s[>>>>>>>>>>>>>>>>>>>       ] 5727/7824, 104.2 task/s, elapsed: 55s, ETA:    20s[>>>>>>>>>>>>>>>>>>>       ] 5728/7824, 104.1 task/s, elapsed: 55s, ETA:    20s[>>>>>>>>>>>>>>>>>>>       ] 5729/7824, 104.1 task/s, elapsed: 55s, ETA:    20s[>>>>>>>>>>>>>>>>>>>       ] 5730/7824, 104.1 task/s, elapsed: 55s, ETA:    20s[>>>>>>>>>>>>>>>>>>>       ] 5731/7824, 104.1 task/s, elapsed: 55s, ETA:    20s[>>>>>>>>>>>>>>>>>>>       ] 5732/7824, 104.1 task/s, elapsed: 55s, ETA:    20s[>>>>>>>>>>>>>>>>>>>       ] 5733/7824, 104.1 task/s, elapsed: 55s, ETA:    20s[>>>>>>>>>>>>>>>>>>>       ] 5734/7824, 104.1 task/s, elapsed: 55s, ETA:    20s[>>>>>>>>>>>>>>>>>>>       ] 5735/7824, 104.1 task/s, elapsed: 55s, ETA:    20s[>>>>>>>>>>>>>>>>>>>       ] 5736/7824, 104.1 task/s, elapsed: 55s, ETA:    20s[>>>>>>>>>>>>>>>>>>>       ] 5737/7824, 104.1 task/s, elapsed: 55s, ETA:    20s[>>>>>>>>>>>>>>>>>>>       ] 5738/7824, 104.1 task/s, elapsed: 55s, ETA:    20s[>>>>>>>>>>>>>>>>>>>       ] 5739/7824, 104.1 task/s, elapsed: 55s, ETA:    20s[>>>>>>>>>>>>>>>>>>>       ] 5740/7824, 104.1 task/s, elapsed: 55s, ETA:    20s[>>>>>>>>>>>>>>>>>>>       ] 5741/7824, 104.1 task/s, elapsed: 55s, ETA:    20s[>>>>>>>>>>>>>>>>>>>       ] 5742/7824, 104.1 task/s, elapsed: 55s, ETA:    20s[>>>>>>>>>>>>>>>>>>>       ] 5743/7824, 104.0 task/s, elapsed: 55s, ETA:    20s[>>>>>>>>>>>>>>>>>>>       ] 5744/7824, 104.0 task/s, elapsed: 55s, ETA:    20s[>>>>>>>>>>>>>>>>>>>       ] 5745/7824, 104.0 task/s, elapsed: 55s, ETA:    20s[>>>>>>>>>>>>>>>>>>>       ] 5746/7824, 104.0 task/s, elapsed: 55s, ETA:    20s[>>>>>>>>>>>>>>>>>>>       ] 5747/7824, 104.0 task/s, elapsed: 55s, ETA:    20s[>>>>>>>>>>>>>>>>>>>       ] 5748/7824, 104.0 task/s, elapsed: 55s, ETA:    20s[>>>>>>>>>>>>>>>>>>>       ] 5749/7824, 104.0 task/s, elapsed: 55s, ETA:    20s[>>>>>>>>>>>>>>>>>>>       ] 5750/7824, 104.0 task/s, elapsed: 55s, ETA:    20s[>>>>>>>>>>>>>>>>>>>       ] 5751/7824, 104.0 task/s, elapsed: 55s, ETA:    20s[>>>>>>>>>>>>>>>>>>>       ] 5752/7824, 104.0 task/s, elapsed: 55s, ETA:    20s[>>>>>>>>>>>>>>>>>>>       ] 5753/7824, 104.0 task/s, elapsed: 55s, ETA:    20s[>>>>>>>>>>>>>>>>>>>       ] 5754/7824, 104.0 task/s, elapsed: 55s, ETA:    20s[>>>>>>>>>>>>>>>>>>>       ] 5755/7824, 104.0 task/s, elapsed: 55s, ETA:    20s[>>>>>>>>>>>>>>>>>>>       ] 5756/7824, 104.0 task/s, elapsed: 55s, ETA:    20s[>>>>>>>>>>>>>>>>>>>       ] 5757/7824, 104.0 task/s, elapsed: 55s, ETA:    20s[>>>>>>>>>>>>>>>>>>>       ] 5758/7824, 103.9 task/s, elapsed: 55s, ETA:    20s[>>>>>>>>>>>>>>>>>>>       ] 5759/7824, 103.9 task/s, elapsed: 55s, ETA:    20s[>>>>>>>>>>>>>>>>>>>       ] 5760/7824, 103.9 task/s, elapsed: 55s, ETA:    20s[>>>>>>>>>>>>>>>>>>>       ] 5761/7824, 103.9 task/s, elapsed: 55s, ETA:    20s[>>>>>>>>>>>>>>>>>>>       ] 5762/7824, 103.9 task/s, elapsed: 55s, ETA:    20s[>>>>>>>>>>>>>>>>>>>       ] 5763/7824, 103.9 task/s, elapsed: 55s, ETA:    20s[>>>>>>>>>>>>>>>>>>>       ] 5764/7824, 103.9 task/s, elapsed: 55s, ETA:    20s[>>>>>>>>>>>>>>>>>>>       ] 5765/7824, 103.9 task/s, elapsed: 55s, ETA:    20s[>>>>>>>>>>>>>>>>>>>       ] 5766/7824, 103.9 task/s, elapsed: 55s, ETA:    20s[>>>>>>>>>>>>>>>>>>>       ] 5767/7824, 103.9 task/s, elapsed: 56s, ETA:    20s[>>>>>>>>>>>>>>>>>>>       ] 5768/7824, 103.9 task/s, elapsed: 56s, ETA:    20s[>>>>>>>>>>>>>>>>>>>       ] 5769/7824, 103.9 task/s, elapsed: 56s, ETA:    20s[>>>>>>>>>>>>>>>>>>>       ] 5770/7824, 103.9 task/s, elapsed: 56s, ETA:    20s[>>>>>>>>>>>>>>>>>>>       ] 5771/7824, 103.9 task/s, elapsed: 56s, ETA:    20s[>>>>>>>>>>>>>>>>>>>       ] 5772/7824, 103.9 task/s, elapsed: 56s, ETA:    20s[>>>>>>>>>>>>>>>>>>>       ] 5773/7824, 103.8 task/s, elapsed: 56s, ETA:    20s[>>>>>>>>>>>>>>>>>>>       ] 5774/7824, 103.8 task/s, elapsed: 56s, ETA:    20s[>>>>>>>>>>>>>>>>>>>       ] 5775/7824, 103.8 task/s, elapsed: 56s, ETA:    20s[>>>>>>>>>>>>>>>>>>>       ] 5776/7824, 103.8 task/s, elapsed: 56s, ETA:    20s[>>>>>>>>>>>>>>>>>>>       ] 5777/7824, 103.8 task/s, elapsed: 56s, ETA:    20s[>>>>>>>>>>>>>>>>>>>       ] 5778/7824, 103.8 task/s, elapsed: 56s, ETA:    20s[>>>>>>>>>>>>>>>>>>>       ] 5779/7824, 103.8 task/s, elapsed: 56s, ETA:    20s[>>>>>>>>>>>>>>>>>>>       ] 5780/7824, 103.8 task/s, elapsed: 56s, ETA:    20s[>>>>>>>>>>>>>>>>>>>       ] 5781/7824, 103.8 task/s, elapsed: 56s, ETA:    20s[>>>>>>>>>>>>>>>>>>>       ] 5782/7824, 103.8 task/s, elapsed: 56s, ETA:    20s[>>>>>>>>>>>>>>>>>>>       ] 5783/7824, 103.8 task/s, elapsed: 56s, ETA:    20s[>>>>>>>>>>>>>>>>>>>       ] 5784/7824, 103.8 task/s, elapsed: 56s, ETA:    20s[>>>>>>>>>>>>>>>>>>>       ] 5785/7824, 103.8 task/s, elapsed: 56s, ETA:    20s[>>>>>>>>>>>>>>>>>>>       ] 5786/7824, 103.8 task/s, elapsed: 56s, ETA:    20s[>>>>>>>>>>>>>>>>>>>       ] 5787/7824, 103.8 task/s, elapsed: 56s, ETA:    20s[>>>>>>>>>>>>>>>>>>>       ] 5788/7824, 103.7 task/s, elapsed: 56s, ETA:    20s[>>>>>>>>>>>>>>>>>>>       ] 5789/7824, 103.7 task/s, elapsed: 56s, ETA:    20s[>>>>>>>>>>>>>>>>>>>       ] 5790/7824, 103.7 task/s, elapsed: 56s, ETA:    20s[>>>>>>>>>>>>>>>>>>>       ] 5791/7824, 103.7 task/s, elapsed: 56s, ETA:    20s[>>>>>>>>>>>>>>>>>>>       ] 5792/7824, 103.7 task/s, elapsed: 56s, ETA:    20s[>>>>>>>>>>>>>>>>>>>       ] 5793/7824, 103.7 task/s, elapsed: 56s, ETA:    20s[>>>>>>>>>>>>>>>>>>>       ] 5794/7824, 103.7 task/s, elapsed: 56s, ETA:    20s[>>>>>>>>>>>>>>>>>>>       ] 5795/7824, 103.7 task/s, elapsed: 56s, ETA:    20s[>>>>>>>>>>>>>>>>>>>       ] 5796/7824, 103.7 task/s, elapsed: 56s, ETA:    20s[>>>>>>>>>>>>>>>>>>>       ] 5797/7824, 103.7 task/s, elapsed: 56s, ETA:    20s[>>>>>>>>>>>>>>>>>>>       ] 5798/7824, 103.7 task/s, elapsed: 56s, ETA:    20s[>>>>>>>>>>>>>>>>>>>       ] 5799/7824, 103.7 task/s, elapsed: 56s, ETA:    20s[>>>>>>>>>>>>>>>>>>>       ] 5800/7824, 103.7 task/s, elapsed: 56s, ETA:    20s[>>>>>>>>>>>>>>>>>>>       ] 5801/7824, 103.7 task/s, elapsed: 56s, ETA:    20s[>>>>>>>>>>>>>>>>>>>       ] 5802/7824, 103.7 task/s, elapsed: 56s, ETA:    20s[>>>>>>>>>>>>>>>>>>>       ] 5803/7824, 103.6 task/s, elapsed: 56s, ETA:    19s[>>>>>>>>>>>>>>>>>>>       ] 5804/7824, 103.6 task/s, elapsed: 56s, ETA:    19s[>>>>>>>>>>>>>>>>>>>       ] 5805/7824, 103.6 task/s, elapsed: 56s, ETA:    19s[>>>>>>>>>>>>>>>>>>>       ] 5806/7824, 103.6 task/s, elapsed: 56s, ETA:    19s[>>>>>>>>>>>>>>>>>>>       ] 5807/7824, 103.6 task/s, elapsed: 56s, ETA:    19s[>>>>>>>>>>>>>>>>>>>       ] 5808/7824, 103.6 task/s, elapsed: 56s, ETA:    19s[>>>>>>>>>>>>>>>>>>>       ] 5809/7824, 103.6 task/s, elapsed: 56s, ETA:    19s[>>>>>>>>>>>>>>>>>>>       ] 5810/7824, 103.6 task/s, elapsed: 56s, ETA:    19s[>>>>>>>>>>>>>>>>>>>       ] 5811/7824, 103.6 task/s, elapsed: 56s, ETA:    19s[>>>>>>>>>>>>>>>>>>>       ] 5812/7824, 103.6 task/s, elapsed: 56s, ETA:    19s[>>>>>>>>>>>>>>>>>>>       ] 5813/7824, 103.6 task/s, elapsed: 56s, ETA:    19s[>>>>>>>>>>>>>>>>>>>       ] 5814/7824, 103.6 task/s, elapsed: 56s, ETA:    19s[>>>>>>>>>>>>>>>>>>>       ] 5815/7824, 103.6 task/s, elapsed: 56s, ETA:    19s[>>>>>>>>>>>>>>>>>>>       ] 5816/7824, 103.6 task/s, elapsed: 56s, ETA:    19s[>>>>>>>>>>>>>>>>>>>       ] 5817/7824, 103.6 task/s, elapsed: 56s, ETA:    19s[>>>>>>>>>>>>>>>>>>>       ] 5818/7824, 103.6 task/s, elapsed: 56s, ETA:    19s[>>>>>>>>>>>>>>>>>>>       ] 5819/7824, 103.6 task/s, elapsed: 56s, ETA:    19s[>>>>>>>>>>>>>>>>>>>       ] 5820/7824, 103.5 task/s, elapsed: 56s, ETA:    19s[>>>>>>>>>>>>>>>>>>>       ] 5821/7824, 103.5 task/s, elapsed: 56s, ETA:    19s[>>>>>>>>>>>>>>>>>>>       ] 5822/7824, 103.5 task/s, elapsed: 56s, ETA:    19s[>>>>>>>>>>>>>>>>>>>       ] 5823/7824, 103.5 task/s, elapsed: 56s, ETA:    19s[>>>>>>>>>>>>>>>>>>>       ] 5824/7824, 103.5 task/s, elapsed: 56s, ETA:    19s[>>>>>>>>>>>>>>>>>>>       ] 5825/7824, 103.5 task/s, elapsed: 56s, ETA:    19s[>>>>>>>>>>>>>>>>>>>       ] 5826/7824, 103.5 task/s, elapsed: 56s, ETA:    19s[>>>>>>>>>>>>>>>>>>>       ] 5827/7824, 103.5 task/s, elapsed: 56s, ETA:    19s[>>>>>>>>>>>>>>>>>>>       ] 5828/7824, 103.5 task/s, elapsed: 56s, ETA:    19s[>>>>>>>>>>>>>>>>>>>       ] 5829/7824, 103.5 task/s, elapsed: 56s, ETA:    19s[>>>>>>>>>>>>>>>>>>>       ] 5830/7824, 103.5 task/s, elapsed: 56s, ETA:    19s[>>>>>>>>>>>>>>>>>>>       ] 5831/7824, 103.5 task/s, elapsed: 56s, ETA:    19s[>>>>>>>>>>>>>>>>>>>       ] 5832/7824, 103.5 task/s, elapsed: 56s, ETA:    19s[>>>>>>>>>>>>>>>>>>>       ] 5833/7824, 103.5 task/s, elapsed: 56s, ETA:    19s[>>>>>>>>>>>>>>>>>>>       ] 5834/7824, 103.5 task/s, elapsed: 56s, ETA:    19s[>>>>>>>>>>>>>>>>>>>       ] 5835/7824, 103.5 task/s, elapsed: 56s, ETA:    19s[>>>>>>>>>>>>>>>>>>>       ] 5836/7824, 103.5 task/s, elapsed: 56s, ETA:    19s[>>>>>>>>>>>>>>>>>>>       ] 5837/7824, 103.4 task/s, elapsed: 56s, ETA:    19s[>>>>>>>>>>>>>>>>>>>       ] 5838/7824, 103.4 task/s, elapsed: 56s, ETA:    19s[>>>>>>>>>>>>>>>>>>>       ] 5839/7824, 103.4 task/s, elapsed: 56s, ETA:    19s[>>>>>>>>>>>>>>>>>>>       ] 5840/7824, 103.4 task/s, elapsed: 56s, ETA:    19s[>>>>>>>>>>>>>>>>>>>       ] 5841/7824, 103.4 task/s, elapsed: 56s, ETA:    19s[>>>>>>>>>>>>>>>>>>>       ] 5842/7824, 103.4 task/s, elapsed: 56s, ETA:    19s[>>>>>>>>>>>>>>>>>>>       ] 5843/7824, 103.4 task/s, elapsed: 57s, ETA:    19s[>>>>>>>>>>>>>>>>>>>       ] 5844/7824, 103.4 task/s, elapsed: 57s, ETA:    19s[>>>>>>>>>>>>>>>>>>>       ] 5845/7824, 103.4 task/s, elapsed: 57s, ETA:    19s[>>>>>>>>>>>>>>>>>>>       ] 5846/7824, 103.4 task/s, elapsed: 57s, ETA:    19s[>>>>>>>>>>>>>>>>>>>       ] 5847/7824, 103.4 task/s, elapsed: 57s, ETA:    19s[>>>>>>>>>>>>>>>>>>>       ] 5848/7824, 103.4 task/s, elapsed: 57s, ETA:    19s[>>>>>>>>>>>>>>>>>>>       ] 5849/7824, 103.4 task/s, elapsed: 57s, ETA:    19s[>>>>>>>>>>>>>>>>>>>       ] 5850/7824, 103.4 task/s, elapsed: 57s, ETA:    19s[>>>>>>>>>>>>>>>>>>>       ] 5851/7824, 103.3 task/s, elapsed: 57s, ETA:    19s[>>>>>>>>>>>>>>>>>>>       ] 5852/7824, 103.3 task/s, elapsed: 57s, ETA:    19s[>>>>>>>>>>>>>>>>>>>       ] 5853/7824, 103.3 task/s, elapsed: 57s, ETA:    19s[>>>>>>>>>>>>>>>>>>>       ] 5854/7824, 103.3 task/s, elapsed: 57s, ETA:    19s[>>>>>>>>>>>>>>>>>>>       ] 5855/7824, 103.3 task/s, elapsed: 57s, ETA:    19s[>>>>>>>>>>>>>>>>>>>       ] 5856/7824, 103.3 task/s, elapsed: 57s, ETA:    19s[>>>>>>>>>>>>>>>>>>>       ] 5857/7824, 103.3 task/s, elapsed: 57s, ETA:    19s[>>>>>>>>>>>>>>>>>>>       ] 5858/7824, 103.3 task/s, elapsed: 57s, ETA:    19s[>>>>>>>>>>>>>>>>>>>       ] 5859/7824, 103.3 task/s, elapsed: 57s, ETA:    19s[>>>>>>>>>>>>>>>>>>>       ] 5860/7824, 103.3 task/s, elapsed: 57s, ETA:    19s[>>>>>>>>>>>>>>>>>>>       ] 5861/7824, 103.3 task/s, elapsed: 57s, ETA:    19s[>>>>>>>>>>>>>>>>>>>       ] 5862/7824, 103.3 task/s, elapsed: 57s, ETA:    19s[>>>>>>>>>>>>>>>>>>>       ] 5863/7824, 103.3 task/s, elapsed: 57s, ETA:    19s[>>>>>>>>>>>>>>>>>>>       ] 5864/7824, 103.2 task/s, elapsed: 57s, ETA:    19s[>>>>>>>>>>>>>>>>>>>       ] 5865/7824, 103.2 task/s, elapsed: 57s, ETA:    19s[>>>>>>>>>>>>>>>>>>>       ] 5866/7824, 103.2 task/s, elapsed: 57s, ETA:    19s[>>>>>>>>>>>>>>>>>>>       ] 5867/7824, 103.2 task/s, elapsed: 57s, ETA:    19s[>>>>>>>>>>>>>>>>>>>       ] 5868/7824, 103.2 task/s, elapsed: 57s, ETA:    19s[>>>>>>>>>>>>>>>>>>>       ] 5869/7824, 103.2 task/s, elapsed: 57s, ETA:    19s[>>>>>>>>>>>>>>>>>>>       ] 5870/7824, 103.2 task/s, elapsed: 57s, ETA:    19s[>>>>>>>>>>>>>>>>>>>       ] 5871/7824, 103.2 task/s, elapsed: 57s, ETA:    19s[>>>>>>>>>>>>>>>>>>>       ] 5872/7824, 103.2 task/s, elapsed: 57s, ETA:    19s[>>>>>>>>>>>>>>>>>>>       ] 5873/7824, 103.2 task/s, elapsed: 57s, ETA:    19s[>>>>>>>>>>>>>>>>>>>       ] 5874/7824, 103.2 task/s, elapsed: 57s, ETA:    19s[>>>>>>>>>>>>>>>>>>>       ] 5875/7824, 103.2 task/s, elapsed: 57s, ETA:    19s[>>>>>>>>>>>>>>>>>>>       ] 5876/7824, 103.2 task/s, elapsed: 57s, ETA:    19s[>>>>>>>>>>>>>>>>>>>       ] 5877/7824, 103.2 task/s, elapsed: 57s, ETA:    19s[>>>>>>>>>>>>>>>>>>>       ] 5878/7824, 103.2 task/s, elapsed: 57s, ETA:    19s[>>>>>>>>>>>>>>>>>>>       ] 5879/7824, 103.2 task/s, elapsed: 57s, ETA:    19s[>>>>>>>>>>>>>>>>>>>       ] 5880/7824, 103.2 task/s, elapsed: 57s, ETA:    19s[>>>>>>>>>>>>>>>>>>>       ] 5881/7824, 103.1 task/s, elapsed: 57s, ETA:    19s[>>>>>>>>>>>>>>>>>>>       ] 5882/7824, 103.1 task/s, elapsed: 57s, ETA:    19s[>>>>>>>>>>>>>>>>>>>       ] 5883/7824, 103.1 task/s, elapsed: 57s, ETA:    19s[>>>>>>>>>>>>>>>>>>>       ] 5884/7824, 103.1 task/s, elapsed: 57s, ETA:    19s[>>>>>>>>>>>>>>>>>>>       ] 5885/7824, 103.1 task/s, elapsed: 57s, ETA:    19s[>>>>>>>>>>>>>>>>>>>       ] 5886/7824, 103.1 task/s, elapsed: 57s, ETA:    19s[>>>>>>>>>>>>>>>>>>>       ] 5887/7824, 103.1 task/s, elapsed: 57s, ETA:    19s[>>>>>>>>>>>>>>>>>>>       ] 5888/7824, 103.1 task/s, elapsed: 57s, ETA:    19s[>>>>>>>>>>>>>>>>>>>       ] 5889/7824, 103.1 task/s, elapsed: 57s, ETA:    19s[>>>>>>>>>>>>>>>>>>>       ] 5890/7824, 103.1 task/s, elapsed: 57s, ETA:    19s[>>>>>>>>>>>>>>>>>>>       ] 5891/7824, 103.1 task/s, elapsed: 57s, ETA:    19s[>>>>>>>>>>>>>>>>>>>       ] 5892/7824, 103.1 task/s, elapsed: 57s, ETA:    19s[>>>>>>>>>>>>>>>>>>>       ] 5893/7824, 103.1 task/s, elapsed: 57s, ETA:    19s[>>>>>>>>>>>>>>>>>>>       ] 5894/7824, 103.1 task/s, elapsed: 57s, ETA:    19s[>>>>>>>>>>>>>>>>>>>       ] 5895/7824, 103.1 task/s, elapsed: 57s, ETA:    19s[>>>>>>>>>>>>>>>>>>>       ] 5896/7824, 103.1 task/s, elapsed: 57s, ETA:    19s[>>>>>>>>>>>>>>>>>>>       ] 5897/7824, 103.0 task/s, elapsed: 57s, ETA:    19s[>>>>>>>>>>>>>>>>>>>       ] 5898/7824, 103.0 task/s, elapsed: 57s, ETA:    19s[>>>>>>>>>>>>>>>>>>>       ] 5899/7824, 103.0 task/s, elapsed: 57s, ETA:    19s[>>>>>>>>>>>>>>>>>>>       ] 5900/7824, 103.0 task/s, elapsed: 57s, ETA:    19s[>>>>>>>>>>>>>>>>>>>       ] 5901/7824, 103.0 task/s, elapsed: 57s, ETA:    19s[>>>>>>>>>>>>>>>>>>>       ] 5902/7824, 103.0 task/s, elapsed: 57s, ETA:    19s[>>>>>>>>>>>>>>>>>>>       ] 5903/7824, 103.0 task/s, elapsed: 57s, ETA:    19s[>>>>>>>>>>>>>>>>>>>       ] 5904/7824, 103.0 task/s, elapsed: 57s, ETA:    19s[>>>>>>>>>>>>>>>>>>>       ] 5905/7824, 103.0 task/s, elapsed: 57s, ETA:    19s[>>>>>>>>>>>>>>>>>>>       ] 5906/7824, 103.0 task/s, elapsed: 57s, ETA:    19s[>>>>>>>>>>>>>>>>>>>       ] 5907/7824, 103.0 task/s, elapsed: 57s, ETA:    19s[>>>>>>>>>>>>>>>>>>>       ] 5908/7824, 103.0 task/s, elapsed: 57s, ETA:    19s[>>>>>>>>>>>>>>>>>>>       ] 5909/7824, 103.0 task/s, elapsed: 57s, ETA:    19s[>>>>>>>>>>>>>>>>>>>       ] 5910/7824, 103.0 task/s, elapsed: 57s, ETA:    19s[>>>>>>>>>>>>>>>>>>>       ] 5911/7824, 103.0 task/s, elapsed: 57s, ETA:    19s[>>>>>>>>>>>>>>>>>>>       ] 5912/7824, 103.0 task/s, elapsed: 57s, ETA:    19s[>>>>>>>>>>>>>>>>>>>       ] 5913/7824, 103.0 task/s, elapsed: 57s, ETA:    19s[>>>>>>>>>>>>>>>>>>>       ] 5914/7824, 103.0 task/s, elapsed: 57s, ETA:    19s[>>>>>>>>>>>>>>>>>>>       ] 5915/7824, 102.9 task/s, elapsed: 57s, ETA:    19s[>>>>>>>>>>>>>>>>>>>       ] 5916/7824, 102.9 task/s, elapsed: 57s, ETA:    19s[>>>>>>>>>>>>>>>>>>>       ] 5917/7824, 102.9 task/s, elapsed: 57s, ETA:    19s[>>>>>>>>>>>>>>>>>>>       ] 5918/7824, 102.9 task/s, elapsed: 57s, ETA:    19s[>>>>>>>>>>>>>>>>>>>       ] 5919/7824, 102.9 task/s, elapsed: 58s, ETA:    19s[>>>>>>>>>>>>>>>>>>>       ] 5920/7824, 102.9 task/s, elapsed: 58s, ETA:    18s[>>>>>>>>>>>>>>>>>>>       ] 5921/7824, 102.9 task/s, elapsed: 58s, ETA:    18s[>>>>>>>>>>>>>>>>>>>       ] 5922/7824, 102.9 task/s, elapsed: 58s, ETA:    18s[>>>>>>>>>>>>>>>>>>>       ] 5923/7824, 102.9 task/s, elapsed: 58s, ETA:    18s[>>>>>>>>>>>>>>>>>>>       ] 5924/7824, 102.9 task/s, elapsed: 58s, ETA:    18s[>>>>>>>>>>>>>>>>>>>       ] 5925/7824, 102.9 task/s, elapsed: 58s, ETA:    18s[>>>>>>>>>>>>>>>>>>>       ] 5926/7824, 102.9 task/s, elapsed: 58s, ETA:    18s[>>>>>>>>>>>>>>>>>>>       ] 5927/7824, 102.9 task/s, elapsed: 58s, ETA:    18s[>>>>>>>>>>>>>>>>>>>       ] 5928/7824, 102.9 task/s, elapsed: 58s, ETA:    18s[>>>>>>>>>>>>>>>>>>>       ] 5929/7824, 102.9 task/s, elapsed: 58s, ETA:    18s[>>>>>>>>>>>>>>>>>>>       ] 5930/7824, 102.9 task/s, elapsed: 58s, ETA:    18s[>>>>>>>>>>>>>>>>>>>       ] 5931/7824, 102.9 task/s, elapsed: 58s, ETA:    18s[>>>>>>>>>>>>>>>>>>>       ] 5932/7824, 102.9 task/s, elapsed: 58s, ETA:    18s[>>>>>>>>>>>>>>>>>>>       ] 5933/7824, 102.8 task/s, elapsed: 58s, ETA:    18s[>>>>>>>>>>>>>>>>>>>       ] 5934/7824, 102.8 task/s, elapsed: 58s, ETA:    18s[>>>>>>>>>>>>>>>>>>>       ] 5935/7824, 102.8 task/s, elapsed: 58s, ETA:    18s[>>>>>>>>>>>>>>>>>>>       ] 5936/7824, 102.8 task/s, elapsed: 58s, ETA:    18s[>>>>>>>>>>>>>>>>>>>       ] 5937/7824, 102.8 task/s, elapsed: 58s, ETA:    18s[>>>>>>>>>>>>>>>>>>>       ] 5938/7824, 102.8 task/s, elapsed: 58s, ETA:    18s[>>>>>>>>>>>>>>>>>>>       ] 5939/7824, 102.8 task/s, elapsed: 58s, ETA:    18s[>>>>>>>>>>>>>>>>>>>       ] 5940/7824, 102.8 task/s, elapsed: 58s, ETA:    18s[>>>>>>>>>>>>>>>>>>>       ] 5941/7824, 102.8 task/s, elapsed: 58s, ETA:    18s[>>>>>>>>>>>>>>>>>>>       ] 5942/7824, 102.8 task/s, elapsed: 58s, ETA:    18s[>>>>>>>>>>>>>>>>>>>       ] 5943/7824, 102.8 task/s, elapsed: 58s, ETA:    18s[>>>>>>>>>>>>>>>>>>>       ] 5944/7824, 102.8 task/s, elapsed: 58s, ETA:    18s[>>>>>>>>>>>>>>>>>>>       ] 5945/7824, 102.8 task/s, elapsed: 58s, ETA:    18s[>>>>>>>>>>>>>>>>>>>       ] 5946/7824, 102.8 task/s, elapsed: 58s, ETA:    18s[>>>>>>>>>>>>>>>>>>>       ] 5947/7824, 102.8 task/s, elapsed: 58s, ETA:    18s[>>>>>>>>>>>>>>>>>>>       ] 5948/7824, 102.8 task/s, elapsed: 58s, ETA:    18s[>>>>>>>>>>>>>>>>>>>       ] 5949/7824, 102.8 task/s, elapsed: 58s, ETA:    18s[>>>>>>>>>>>>>>>>>>>       ] 5950/7824, 102.7 task/s, elapsed: 58s, ETA:    18s[>>>>>>>>>>>>>>>>>>>       ] 5951/7824, 102.7 task/s, elapsed: 58s, ETA:    18s[>>>>>>>>>>>>>>>>>>>       ] 5952/7824, 102.7 task/s, elapsed: 58s, ETA:    18s[>>>>>>>>>>>>>>>>>>>       ] 5953/7824, 102.7 task/s, elapsed: 58s, ETA:    18s[>>>>>>>>>>>>>>>>>>>       ] 5954/7824, 102.7 task/s, elapsed: 58s, ETA:    18s[>>>>>>>>>>>>>>>>>>>       ] 5955/7824, 102.7 task/s, elapsed: 58s, ETA:    18s[>>>>>>>>>>>>>>>>>>>       ] 5956/7824, 102.7 task/s, elapsed: 58s, ETA:    18s[>>>>>>>>>>>>>>>>>>>       ] 5957/7824, 102.7 task/s, elapsed: 58s, ETA:    18s[>>>>>>>>>>>>>>>>>>>       ] 5958/7824, 102.7 task/s, elapsed: 58s, ETA:    18s[>>>>>>>>>>>>>>>>>>>       ] 5959/7824, 102.7 task/s, elapsed: 58s, ETA:    18s[>>>>>>>>>>>>>>>>>>>       ] 5960/7824, 102.7 task/s, elapsed: 58s, ETA:    18s[>>>>>>>>>>>>>>>>>>>       ] 5961/7824, 102.7 task/s, elapsed: 58s, ETA:    18s[>>>>>>>>>>>>>>>>>>>       ] 5962/7824, 102.7 task/s, elapsed: 58s, ETA:    18s[>>>>>>>>>>>>>>>>>>>       ] 5963/7824, 102.7 task/s, elapsed: 58s, ETA:    18s[>>>>>>>>>>>>>>>>>>>       ] 5964/7824, 102.7 task/s, elapsed: 58s, ETA:    18s[>>>>>>>>>>>>>>>>>>>       ] 5965/7824, 102.7 task/s, elapsed: 58s, ETA:    18s[>>>>>>>>>>>>>>>>>>>       ] 5966/7824, 102.7 task/s, elapsed: 58s, ETA:    18s[>>>>>>>>>>>>>>>>>>>       ] 5967/7824, 102.7 task/s, elapsed: 58s, ETA:    18s[>>>>>>>>>>>>>>>>>>>       ] 5968/7824, 102.6 task/s, elapsed: 58s, ETA:    18s[>>>>>>>>>>>>>>>>>>>       ] 5969/7824, 102.6 task/s, elapsed: 58s, ETA:    18s[>>>>>>>>>>>>>>>>>>>       ] 5970/7824, 102.6 task/s, elapsed: 58s, ETA:    18s[>>>>>>>>>>>>>>>>>>>       ] 5971/7824, 102.6 task/s, elapsed: 58s, ETA:    18s[>>>>>>>>>>>>>>>>>>>       ] 5972/7824, 102.6 task/s, elapsed: 58s, ETA:    18s[>>>>>>>>>>>>>>>>>>>       ] 5973/7824, 102.6 task/s, elapsed: 58s, ETA:    18s[>>>>>>>>>>>>>>>>>>>       ] 5974/7824, 102.6 task/s, elapsed: 58s, ETA:    18s[>>>>>>>>>>>>>>>>>>>       ] 5975/7824, 102.6 task/s, elapsed: 58s, ETA:    18s[>>>>>>>>>>>>>>>>>>>       ] 5976/7824, 102.6 task/s, elapsed: 58s, ETA:    18s[>>>>>>>>>>>>>>>>>>>       ] 5977/7824, 102.6 task/s, elapsed: 58s, ETA:    18s[>>>>>>>>>>>>>>>>>>>       ] 5978/7824, 102.6 task/s, elapsed: 58s, ETA:    18s[>>>>>>>>>>>>>>>>>>>       ] 5979/7824, 102.6 task/s, elapsed: 58s, ETA:    18s[>>>>>>>>>>>>>>>>>>>       ] 5980/7824, 102.6 task/s, elapsed: 58s, ETA:    18s[>>>>>>>>>>>>>>>>>>>       ] 5981/7824, 102.6 task/s, elapsed: 58s, ETA:    18s[>>>>>>>>>>>>>>>>>>>       ] 5982/7824, 102.6 task/s, elapsed: 58s, ETA:    18s[>>>>>>>>>>>>>>>>>>>       ] 5983/7824, 102.6 task/s, elapsed: 58s, ETA:    18s[>>>>>>>>>>>>>>>>>>>       ] 5984/7824, 102.6 task/s, elapsed: 58s, ETA:    18s[>>>>>>>>>>>>>>>>>>>       ] 5985/7824, 102.5 task/s, elapsed: 58s, ETA:    18s[>>>>>>>>>>>>>>>>>>>       ] 5986/7824, 102.5 task/s, elapsed: 58s, ETA:    18s[>>>>>>>>>>>>>>>>>>>       ] 5987/7824, 102.5 task/s, elapsed: 58s, ETA:    18s[>>>>>>>>>>>>>>>>>>>       ] 5988/7824, 102.5 task/s, elapsed: 58s, ETA:    18s[>>>>>>>>>>>>>>>>>>>       ] 5989/7824, 102.5 task/s, elapsed: 58s, ETA:    18s[>>>>>>>>>>>>>>>>>>>       ] 5990/7824, 102.5 task/s, elapsed: 58s, ETA:    18s[>>>>>>>>>>>>>>>>>>>       ] 5991/7824, 102.5 task/s, elapsed: 58s, ETA:    18s[>>>>>>>>>>>>>>>>>>>       ] 5992/7824, 102.5 task/s, elapsed: 58s, ETA:    18s[>>>>>>>>>>>>>>>>>>>       ] 5993/7824, 102.5 task/s, elapsed: 58s, ETA:    18s[>>>>>>>>>>>>>>>>>>>       ] 5994/7824, 102.5 task/s, elapsed: 58s, ETA:    18s[>>>>>>>>>>>>>>>>>>>       ] 5995/7824, 102.5 task/s, elapsed: 58s, ETA:    18s[>>>>>>>>>>>>>>>>>>>       ] 5996/7824, 102.5 task/s, elapsed: 59s, ETA:    18s[>>>>>>>>>>>>>>>>>>>       ] 5997/7824, 102.5 task/s, elapsed: 59s, ETA:    18s[>>>>>>>>>>>>>>>>>>>       ] 5998/7824, 102.5 task/s, elapsed: 59s, ETA:    18s[>>>>>>>>>>>>>>>>>>>       ] 5999/7824, 102.5 task/s, elapsed: 59s, ETA:    18s[>>>>>>>>>>>>>>>>>>>       ] 6000/7824, 102.5 task/s, elapsed: 59s, ETA:    18s[>>>>>>>>>>>>>>>>>>>       ] 6001/7824, 102.5 task/s, elapsed: 59s, ETA:    18s[>>>>>>>>>>>>>>>>>>>       ] 6002/7824, 102.4 task/s, elapsed: 59s, ETA:    18s[>>>>>>>>>>>>>>>>>>>       ] 6003/7824, 102.4 task/s, elapsed: 59s, ETA:    18s[>>>>>>>>>>>>>>>>>>>       ] 6004/7824, 102.4 task/s, elapsed: 59s, ETA:    18s[>>>>>>>>>>>>>>>>>>>       ] 6005/7824, 102.4 task/s, elapsed: 59s, ETA:    18s[>>>>>>>>>>>>>>>>>>>       ] 6006/7824, 102.4 task/s, elapsed: 59s, ETA:    18s[>>>>>>>>>>>>>>>>>>>       ] 6007/7824, 102.4 task/s, elapsed: 59s, ETA:    18s[>>>>>>>>>>>>>>>>>>>       ] 6008/7824, 102.4 task/s, elapsed: 59s, ETA:    18s[>>>>>>>>>>>>>>>>>>>       ] 6009/7824, 102.4 task/s, elapsed: 59s, ETA:    18s[>>>>>>>>>>>>>>>>>>>       ] 6010/7824, 102.4 task/s, elapsed: 59s, ETA:    18s[>>>>>>>>>>>>>>>>>>>       ] 6011/7824, 102.4 task/s, elapsed: 59s, ETA:    18s[>>>>>>>>>>>>>>>>>>>       ] 6012/7824, 102.4 task/s, elapsed: 59s, ETA:    18s[>>>>>>>>>>>>>>>>>>>       ] 6013/7824, 102.4 task/s, elapsed: 59s, ETA:    18s[>>>>>>>>>>>>>>>>>>>       ] 6014/7824, 102.4 task/s, elapsed: 59s, ETA:    18s[>>>>>>>>>>>>>>>>>>>       ] 6015/7824, 102.4 task/s, elapsed: 59s, ETA:    18s[>>>>>>>>>>>>>>>>>>>       ] 6016/7824, 102.4 task/s, elapsed: 59s, ETA:    18s[>>>>>>>>>>>>>>>>>>>       ] 6017/7824, 102.4 task/s, elapsed: 59s, ETA:    18s[>>>>>>>>>>>>>>>>>>>       ] 6018/7824, 102.4 task/s, elapsed: 59s, ETA:    18s[>>>>>>>>>>>>>>>>>>>>      ] 6019/7824, 102.4 task/s, elapsed: 59s, ETA:    18s[>>>>>>>>>>>>>>>>>>>>      ] 6020/7824, 102.4 task/s, elapsed: 59s, ETA:    18s[>>>>>>>>>>>>>>>>>>>>      ] 6021/7824, 102.4 task/s, elapsed: 59s, ETA:    18s[>>>>>>>>>>>>>>>>>>>>      ] 6022/7824, 102.4 task/s, elapsed: 59s, ETA:    18s[>>>>>>>>>>>>>>>>>>>>      ] 6023/7824, 102.4 task/s, elapsed: 59s, ETA:    18s[>>>>>>>>>>>>>>>>>>>>      ] 6024/7824, 102.5 task/s, elapsed: 59s, ETA:    18s[>>>>>>>>>>>>>>>>>>>>      ] 6025/7824, 102.5 task/s, elapsed: 59s, ETA:    18s[>>>>>>>>>>>>>>>>>>>>      ] 6026/7824, 102.5 task/s, elapsed: 59s, ETA:    18s[>>>>>>>>>>>>>>>>>>>>      ] 6027/7824, 102.5 task/s, elapsed: 59s, ETA:    18s[>>>>>>>>>>>>>>>>>>>>      ] 6028/7824, 102.5 task/s, elapsed: 59s, ETA:    18s[>>>>>>>>>>>>>>>>>>>>      ] 6029/7824, 102.5 task/s, elapsed: 59s, ETA:    18s[>>>>>>>>>>>>>>>>>>>>      ] 6030/7824, 102.5 task/s, elapsed: 59s, ETA:    18s[>>>>>>>>>>>>>>>>>>>>      ] 6031/7824, 102.5 task/s, elapsed: 59s, ETA:    17s[>>>>>>>>>>>>>>>>>>>>      ] 6032/7824, 102.5 task/s, elapsed: 59s, ETA:    17s[>>>>>>>>>>>>>>>>>>>>      ] 6033/7824, 102.5 task/s, elapsed: 59s, ETA:    17s[>>>>>>>>>>>>>>>>>>>>      ] 6034/7824, 102.5 task/s, elapsed: 59s, ETA:    17s[>>>>>>>>>>>>>>>>>>>>      ] 6035/7824, 102.5 task/s, elapsed: 59s, ETA:    17s[>>>>>>>>>>>>>>>>>>>>      ] 6036/7824, 102.5 task/s, elapsed: 59s, ETA:    17s[>>>>>>>>>>>>>>>>>>>>      ] 6037/7824, 102.5 task/s, elapsed: 59s, ETA:    17s[>>>>>>>>>>>>>>>>>>>>      ] 6038/7824, 102.5 task/s, elapsed: 59s, ETA:    17s[>>>>>>>>>>>>>>>>>>>>      ] 6039/7824, 102.5 task/s, elapsed: 59s, ETA:    17s[>>>>>>>>>>>>>>>>>>>>      ] 6040/7824, 102.5 task/s, elapsed: 59s, ETA:    17s[>>>>>>>>>>>>>>>>>>>>      ] 6041/7824, 102.5 task/s, elapsed: 59s, ETA:    17s[>>>>>>>>>>>>>>>>>>>>      ] 6042/7824, 102.5 task/s, elapsed: 59s, ETA:    17s[>>>>>>>>>>>>>>>>>>>>      ] 6043/7824, 102.5 task/s, elapsed: 59s, ETA:    17s[>>>>>>>>>>>>>>>>>>>>      ] 6044/7824, 102.5 task/s, elapsed: 59s, ETA:    17s[>>>>>>>>>>>>>>>>>>>>      ] 6045/7824, 102.5 task/s, elapsed: 59s, ETA:    17s[>>>>>>>>>>>>>>>>>>>>      ] 6046/7824, 102.5 task/s, elapsed: 59s, ETA:    17s[>>>>>>>>>>>>>>>>>>>>      ] 6047/7824, 102.5 task/s, elapsed: 59s, ETA:    17s[>>>>>>>>>>>>>>>>>>>>      ] 6048/7824, 102.5 task/s, elapsed: 59s, ETA:    17s[>>>>>>>>>>>>>>>>>>>>      ] 6049/7824, 102.5 task/s, elapsed: 59s, ETA:    17s[>>>>>>>>>>>>>>>>>>>>      ] 6050/7824, 102.5 task/s, elapsed: 59s, ETA:    17s[>>>>>>>>>>>>>>>>>>>>      ] 6051/7824, 102.5 task/s, elapsed: 59s, ETA:    17s[>>>>>>>>>>>>>>>>>>>>      ] 6052/7824, 102.5 task/s, elapsed: 59s, ETA:    17s[>>>>>>>>>>>>>>>>>>>>      ] 6053/7824, 102.5 task/s, elapsed: 59s, ETA:    17s[>>>>>>>>>>>>>>>>>>>>      ] 6054/7824, 102.5 task/s, elapsed: 59s, ETA:    17s[>>>>>>>>>>>>>>>>>>>>      ] 6055/7824, 102.5 task/s, elapsed: 59s, ETA:    17s[>>>>>>>>>>>>>>>>>>>>      ] 6056/7824, 102.5 task/s, elapsed: 59s, ETA:    17s[>>>>>>>>>>>>>>>>>>>>      ] 6057/7824, 102.5 task/s, elapsed: 59s, ETA:    17s[>>>>>>>>>>>>>>>>>>>>      ] 6058/7824, 102.5 task/s, elapsed: 59s, ETA:    17s[>>>>>>>>>>>>>>>>>>>>      ] 6059/7824, 102.5 task/s, elapsed: 59s, ETA:    17s[>>>>>>>>>>>>>>>>>>>>      ] 6060/7824, 102.5 task/s, elapsed: 59s, ETA:    17s[>>>>>>>>>>>>>>>>>>>>      ] 6061/7824, 102.5 task/s, elapsed: 59s, ETA:    17s[>>>>>>>>>>>>>>>>>>>>      ] 6062/7824, 102.5 task/s, elapsed: 59s, ETA:    17s[>>>>>>>>>>>>>>>>>>>>      ] 6063/7824, 102.5 task/s, elapsed: 59s, ETA:    17s[>>>>>>>>>>>>>>>>>>>>      ] 6064/7824, 102.5 task/s, elapsed: 59s, ETA:    17s[>>>>>>>>>>>>>>>>>>>>      ] 6065/7824, 102.5 task/s, elapsed: 59s, ETA:    17s[>>>>>>>>>>>>>>>>>>>>      ] 6066/7824, 102.5 task/s, elapsed: 59s, ETA:    17s[>>>>>>>>>>>>>>>>>>>>      ] 6067/7824, 102.5 task/s, elapsed: 59s, ETA:    17s[>>>>>>>>>>>>>>>>>>>>      ] 6068/7824, 102.5 task/s, elapsed: 59s, ETA:    17s[>>>>>>>>>>>>>>>>>>>>      ] 6069/7824, 102.5 task/s, elapsed: 59s, ETA:    17s[>>>>>>>>>>>>>>>>>>>>      ] 6070/7824, 102.5 task/s, elapsed: 59s, ETA:    17s[>>>>>>>>>>>>>>>>>>>>      ] 6071/7824, 102.5 task/s, elapsed: 59s, ETA:    17s[>>>>>>>>>>>>>>>>>>>>      ] 6072/7824, 102.5 task/s, elapsed: 59s, ETA:    17s[>>>>>>>>>>>>>>>>>>>>      ] 6073/7824, 102.5 task/s, elapsed: 59s, ETA:    17s[>>>>>>>>>>>>>>>>>>>>      ] 6074/7824, 102.5 task/s, elapsed: 59s, ETA:    17s[>>>>>>>>>>>>>>>>>>>>      ] 6075/7824, 102.5 task/s, elapsed: 59s, ETA:    17s[>>>>>>>>>>>>>>>>>>>>      ] 6076/7824, 102.5 task/s, elapsed: 59s, ETA:    17s[>>>>>>>>>>>>>>>>>>>>      ] 6077/7824, 102.5 task/s, elapsed: 59s, ETA:    17s[>>>>>>>>>>>>>>>>>>>>      ] 6078/7824, 102.5 task/s, elapsed: 59s, ETA:    17s[>>>>>>>>>>>>>>>>>>>>      ] 6079/7824, 102.5 task/s, elapsed: 59s, ETA:    17s[>>>>>>>>>>>>>>>>>>>>      ] 6080/7824, 102.5 task/s, elapsed: 59s, ETA:    17s[>>>>>>>>>>>>>>>>>>>>      ] 6081/7824, 102.5 task/s, elapsed: 59s, ETA:    17s[>>>>>>>>>>>>>>>>>>>>      ] 6082/7824, 102.5 task/s, elapsed: 59s, ETA:    17s[>>>>>>>>>>>>>>>>>>>>      ] 6083/7824, 102.5 task/s, elapsed: 59s, ETA:    17s[>>>>>>>>>>>>>>>>>>>>      ] 6084/7824, 102.5 task/s, elapsed: 59s, ETA:    17s[>>>>>>>>>>>>>>>>>>>>      ] 6085/7824, 102.5 task/s, elapsed: 59s, ETA:    17s[>>>>>>>>>>>>>>>>>>>>      ] 6086/7824, 102.5 task/s, elapsed: 59s, ETA:    17s[>>>>>>>>>>>>>>>>>>>>      ] 6087/7824, 102.5 task/s, elapsed: 59s, ETA:    17s[>>>>>>>>>>>>>>>>>>>>      ] 6088/7824, 102.5 task/s, elapsed: 59s, ETA:    17s[>>>>>>>>>>>>>>>>>>>>      ] 6089/7824, 102.5 task/s, elapsed: 59s, ETA:    17s[>>>>>>>>>>>>>>>>>>>>      ] 6090/7824, 102.5 task/s, elapsed: 59s, ETA:    17s[>>>>>>>>>>>>>>>>>>>>      ] 6091/7824, 102.6 task/s, elapsed: 59s, ETA:    17s[>>>>>>>>>>>>>>>>>>>>      ] 6092/7824, 102.5 task/s, elapsed: 59s, ETA:    17s[>>>>>>>>>>>>>>>>>>>>      ] 6093/7824, 102.6 task/s, elapsed: 59s, ETA:    17s[>>>>>>>>>>>>>>>>>>>>      ] 6094/7824, 102.6 task/s, elapsed: 59s, ETA:    17s[>>>>>>>>>>>>>>>>>>>>      ] 6095/7824, 102.6 task/s, elapsed: 59s, ETA:    17s[>>>>>>>>>>>>>>>>>>>>      ] 6096/7824, 102.6 task/s, elapsed: 59s, ETA:    17s[>>>>>>>>>>>>>>>>>>>>      ] 6097/7824, 102.6 task/s, elapsed: 59s, ETA:    17s[>>>>>>>>>>>>>>>>>>>>      ] 6098/7824, 102.6 task/s, elapsed: 59s, ETA:    17s[>>>>>>>>>>>>>>>>>>>>      ] 6099/7824, 102.6 task/s, elapsed: 59s, ETA:    17s[>>>>>>>>>>>>>>>>>>>>      ] 6100/7824, 102.6 task/s, elapsed: 59s, ETA:    17s[>>>>>>>>>>>>>>>>>>>>      ] 6101/7824, 102.6 task/s, elapsed: 59s, ETA:    17s[>>>>>>>>>>>>>>>>>>>>      ] 6102/7824, 102.6 task/s, elapsed: 59s, ETA:    17s[>>>>>>>>>>>>>>>>>>>>      ] 6103/7824, 102.6 task/s, elapsed: 60s, ETA:    17s[>>>>>>>>>>>>>>>>>>>>      ] 6104/7824, 102.6 task/s, elapsed: 60s, ETA:    17s[>>>>>>>>>>>>>>>>>>>>      ] 6105/7824, 102.6 task/s, elapsed: 60s, ETA:    17s[>>>>>>>>>>>>>>>>>>>>      ] 6106/7824, 102.6 task/s, elapsed: 60s, ETA:    17s[>>>>>>>>>>>>>>>>>>>>      ] 6107/7824, 102.6 task/s, elapsed: 60s, ETA:    17s[>>>>>>>>>>>>>>>>>>>>      ] 6108/7824, 102.6 task/s, elapsed: 60s, ETA:    17s[>>>>>>>>>>>>>>>>>>>>      ] 6109/7824, 102.6 task/s, elapsed: 60s, ETA:    17s[>>>>>>>>>>>>>>>>>>>>      ] 6110/7824, 102.6 task/s, elapsed: 60s, ETA:    17s[>>>>>>>>>>>>>>>>>>>>      ] 6111/7824, 102.6 task/s, elapsed: 60s, ETA:    17s[>>>>>>>>>>>>>>>>>>>>      ] 6112/7824, 102.6 task/s, elapsed: 60s, ETA:    17s[>>>>>>>>>>>>>>>>>>>>      ] 6113/7824, 102.6 task/s, elapsed: 60s, ETA:    17s[>>>>>>>>>>>>>>>>>>>>      ] 6114/7824, 102.6 task/s, elapsed: 60s, ETA:    17s[>>>>>>>>>>>>>>>>>>>>      ] 6115/7824, 102.6 task/s, elapsed: 60s, ETA:    17s[>>>>>>>>>>>>>>>>>>>>      ] 6116/7824, 102.6 task/s, elapsed: 60s, ETA:    17s[>>>>>>>>>>>>>>>>>>>>      ] 6117/7824, 102.6 task/s, elapsed: 60s, ETA:    17s[>>>>>>>>>>>>>>>>>>>>      ] 6118/7824, 102.6 task/s, elapsed: 60s, ETA:    17s[>>>>>>>>>>>>>>>>>>>>      ] 6119/7824, 102.6 task/s, elapsed: 60s, ETA:    17s[>>>>>>>>>>>>>>>>>>>>      ] 6120/7824, 102.6 task/s, elapsed: 60s, ETA:    17s[>>>>>>>>>>>>>>>>>>>>      ] 6121/7824, 102.6 task/s, elapsed: 60s, ETA:    17s[>>>>>>>>>>>>>>>>>>>>      ] 6122/7824, 102.6 task/s, elapsed: 60s, ETA:    17s[>>>>>>>>>>>>>>>>>>>>      ] 6123/7824, 102.6 task/s, elapsed: 60s, ETA:    17s[>>>>>>>>>>>>>>>>>>>>      ] 6124/7824, 102.6 task/s, elapsed: 60s, ETA:    17s[>>>>>>>>>>>>>>>>>>>>      ] 6125/7824, 102.6 task/s, elapsed: 60s, ETA:    17s[>>>>>>>>>>>>>>>>>>>>      ] 6126/7824, 102.6 task/s, elapsed: 60s, ETA:    17s[>>>>>>>>>>>>>>>>>>>>      ] 6127/7824, 102.6 task/s, elapsed: 60s, ETA:    17s[>>>>>>>>>>>>>>>>>>>>      ] 6128/7824, 102.6 task/s, elapsed: 60s, ETA:    17s[>>>>>>>>>>>>>>>>>>>>      ] 6129/7824, 102.6 task/s, elapsed: 60s, ETA:    17s[>>>>>>>>>>>>>>>>>>>>      ] 6130/7824, 102.6 task/s, elapsed: 60s, ETA:    17s[>>>>>>>>>>>>>>>>>>>>      ] 6131/7824, 102.6 task/s, elapsed: 60s, ETA:    16s[>>>>>>>>>>>>>>>>>>>>      ] 6132/7824, 102.6 task/s, elapsed: 60s, ETA:    16s[>>>>>>>>>>>>>>>>>>>>      ] 6133/7824, 102.6 task/s, elapsed: 60s, ETA:    16s[>>>>>>>>>>>>>>>>>>>>      ] 6134/7824, 102.6 task/s, elapsed: 60s, ETA:    16s[>>>>>>>>>>>>>>>>>>>>      ] 6135/7824, 102.6 task/s, elapsed: 60s, ETA:    16s[>>>>>>>>>>>>>>>>>>>>      ] 6136/7824, 102.6 task/s, elapsed: 60s, ETA:    16s[>>>>>>>>>>>>>>>>>>>>      ] 6137/7824, 102.6 task/s, elapsed: 60s, ETA:    16s[>>>>>>>>>>>>>>>>>>>>      ] 6138/7824, 102.6 task/s, elapsed: 60s, ETA:    16s[>>>>>>>>>>>>>>>>>>>>      ] 6139/7824, 102.6 task/s, elapsed: 60s, ETA:    16s[>>>>>>>>>>>>>>>>>>>>      ] 6140/7824, 102.6 task/s, elapsed: 60s, ETA:    16s[>>>>>>>>>>>>>>>>>>>>      ] 6141/7824, 102.6 task/s, elapsed: 60s, ETA:    16s[>>>>>>>>>>>>>>>>>>>>      ] 6142/7824, 102.6 task/s, elapsed: 60s, ETA:    16s[>>>>>>>>>>>>>>>>>>>>      ] 6143/7824, 102.6 task/s, elapsed: 60s, ETA:    16s[>>>>>>>>>>>>>>>>>>>>      ] 6144/7824, 102.6 task/s, elapsed: 60s, ETA:    16s[>>>>>>>>>>>>>>>>>>>>      ] 6145/7824, 102.6 task/s, elapsed: 60s, ETA:    16s[>>>>>>>>>>>>>>>>>>>>      ] 6146/7824, 102.6 task/s, elapsed: 60s, ETA:    16s[>>>>>>>>>>>>>>>>>>>>      ] 6147/7824, 102.6 task/s, elapsed: 60s, ETA:    16s[>>>>>>>>>>>>>>>>>>>>      ] 6148/7824, 102.6 task/s, elapsed: 60s, ETA:    16s[>>>>>>>>>>>>>>>>>>>>      ] 6149/7824, 102.6 task/s, elapsed: 60s, ETA:    16s[>>>>>>>>>>>>>>>>>>>>      ] 6150/7824, 102.6 task/s, elapsed: 60s, ETA:    16s[>>>>>>>>>>>>>>>>>>>>      ] 6151/7824, 102.6 task/s, elapsed: 60s, ETA:    16s[>>>>>>>>>>>>>>>>>>>>      ] 6152/7824, 102.6 task/s, elapsed: 60s, ETA:    16s[>>>>>>>>>>>>>>>>>>>>      ] 6153/7824, 102.6 task/s, elapsed: 60s, ETA:    16s[>>>>>>>>>>>>>>>>>>>>      ] 6154/7824, 102.6 task/s, elapsed: 60s, ETA:    16s[>>>>>>>>>>>>>>>>>>>>      ] 6155/7824, 102.6 task/s, elapsed: 60s, ETA:    16s[>>>>>>>>>>>>>>>>>>>>      ] 6156/7824, 102.6 task/s, elapsed: 60s, ETA:    16s[>>>>>>>>>>>>>>>>>>>>      ] 6157/7824, 102.6 task/s, elapsed: 60s, ETA:    16s[>>>>>>>>>>>>>>>>>>>>      ] 6158/7824, 102.6 task/s, elapsed: 60s, ETA:    16s[>>>>>>>>>>>>>>>>>>>>      ] 6159/7824, 102.6 task/s, elapsed: 60s, ETA:    16s[>>>>>>>>>>>>>>>>>>>>      ] 6160/7824, 102.6 task/s, elapsed: 60s, ETA:    16s[>>>>>>>>>>>>>>>>>>>>      ] 6161/7824, 102.6 task/s, elapsed: 60s, ETA:    16s[>>>>>>>>>>>>>>>>>>>>      ] 6162/7824, 102.6 task/s, elapsed: 60s, ETA:    16s[>>>>>>>>>>>>>>>>>>>>      ] 6163/7824, 102.6 task/s, elapsed: 60s, ETA:    16s[>>>>>>>>>>>>>>>>>>>>      ] 6164/7824, 102.6 task/s, elapsed: 60s, ETA:    16s[>>>>>>>>>>>>>>>>>>>>      ] 6165/7824, 102.6 task/s, elapsed: 60s, ETA:    16s[>>>>>>>>>>>>>>>>>>>>      ] 6166/7824, 102.6 task/s, elapsed: 60s, ETA:    16s[>>>>>>>>>>>>>>>>>>>>      ] 6167/7824, 102.7 task/s, elapsed: 60s, ETA:    16s[>>>>>>>>>>>>>>>>>>>>      ] 6168/7824, 102.7 task/s, elapsed: 60s, ETA:    16s[>>>>>>>>>>>>>>>>>>>>      ] 6169/7824, 102.7 task/s, elapsed: 60s, ETA:    16s[>>>>>>>>>>>>>>>>>>>>      ] 6170/7824, 102.7 task/s, elapsed: 60s, ETA:    16s[>>>>>>>>>>>>>>>>>>>>      ] 6171/7824, 102.7 task/s, elapsed: 60s, ETA:    16s[>>>>>>>>>>>>>>>>>>>>      ] 6172/7824, 102.7 task/s, elapsed: 60s, ETA:    16s[>>>>>>>>>>>>>>>>>>>>      ] 6173/7824, 102.7 task/s, elapsed: 60s, ETA:    16s[>>>>>>>>>>>>>>>>>>>>      ] 6174/7824, 102.7 task/s, elapsed: 60s, ETA:    16s[>>>>>>>>>>>>>>>>>>>>      ] 6175/7824, 102.7 task/s, elapsed: 60s, ETA:    16s[>>>>>>>>>>>>>>>>>>>>      ] 6176/7824, 102.7 task/s, elapsed: 60s, ETA:    16s[>>>>>>>>>>>>>>>>>>>>      ] 6177/7824, 102.7 task/s, elapsed: 60s, ETA:    16s[>>>>>>>>>>>>>>>>>>>>      ] 6178/7824, 102.7 task/s, elapsed: 60s, ETA:    16s[>>>>>>>>>>>>>>>>>>>>      ] 6179/7824, 102.7 task/s, elapsed: 60s, ETA:    16s[>>>>>>>>>>>>>>>>>>>>      ] 6180/7824, 102.7 task/s, elapsed: 60s, ETA:    16s[>>>>>>>>>>>>>>>>>>>>      ] 6181/7824, 102.7 task/s, elapsed: 60s, ETA:    16s[>>>>>>>>>>>>>>>>>>>>      ] 6182/7824, 102.7 task/s, elapsed: 60s, ETA:    16s[>>>>>>>>>>>>>>>>>>>>      ] 6183/7824, 102.7 task/s, elapsed: 60s, ETA:    16s[>>>>>>>>>>>>>>>>>>>>      ] 6184/7824, 102.7 task/s, elapsed: 60s, ETA:    16s[>>>>>>>>>>>>>>>>>>>>      ] 6185/7824, 102.7 task/s, elapsed: 60s, ETA:    16s[>>>>>>>>>>>>>>>>>>>>      ] 6186/7824, 102.7 task/s, elapsed: 60s, ETA:    16s[>>>>>>>>>>>>>>>>>>>>      ] 6187/7824, 102.7 task/s, elapsed: 60s, ETA:    16s[>>>>>>>>>>>>>>>>>>>>      ] 6188/7824, 102.7 task/s, elapsed: 60s, ETA:    16s[>>>>>>>>>>>>>>>>>>>>      ] 6189/7824, 102.7 task/s, elapsed: 60s, ETA:    16s[>>>>>>>>>>>>>>>>>>>>      ] 6190/7824, 102.7 task/s, elapsed: 60s, ETA:    16s[>>>>>>>>>>>>>>>>>>>>      ] 6191/7824, 102.7 task/s, elapsed: 60s, ETA:    16s[>>>>>>>>>>>>>>>>>>>>      ] 6192/7824, 102.7 task/s, elapsed: 60s, ETA:    16s[>>>>>>>>>>>>>>>>>>>>      ] 6193/7824, 102.7 task/s, elapsed: 60s, ETA:    16s[>>>>>>>>>>>>>>>>>>>>      ] 6194/7824, 102.7 task/s, elapsed: 60s, ETA:    16s[>>>>>>>>>>>>>>>>>>>>      ] 6195/7824, 102.7 task/s, elapsed: 60s, ETA:    16s[>>>>>>>>>>>>>>>>>>>>      ] 6196/7824, 102.7 task/s, elapsed: 60s, ETA:    16s[>>>>>>>>>>>>>>>>>>>>      ] 6197/7824, 102.7 task/s, elapsed: 60s, ETA:    16s[>>>>>>>>>>>>>>>>>>>>      ] 6198/7824, 102.7 task/s, elapsed: 60s, ETA:    16s[>>>>>>>>>>>>>>>>>>>>      ] 6199/7824, 102.7 task/s, elapsed: 60s, ETA:    16s[>>>>>>>>>>>>>>>>>>>>      ] 6200/7824, 102.7 task/s, elapsed: 60s, ETA:    16s[>>>>>>>>>>>>>>>>>>>>      ] 6201/7824, 102.7 task/s, elapsed: 60s, ETA:    16s[>>>>>>>>>>>>>>>>>>>>      ] 6202/7824, 102.7 task/s, elapsed: 60s, ETA:    16s[>>>>>>>>>>>>>>>>>>>>      ] 6203/7824, 102.7 task/s, elapsed: 60s, ETA:    16s[>>>>>>>>>>>>>>>>>>>>      ] 6204/7824, 102.7 task/s, elapsed: 60s, ETA:    16s[>>>>>>>>>>>>>>>>>>>>      ] 6205/7824, 102.7 task/s, elapsed: 60s, ETA:    16s[>>>>>>>>>>>>>>>>>>>>      ] 6206/7824, 102.7 task/s, elapsed: 60s, ETA:    16s[>>>>>>>>>>>>>>>>>>>>      ] 6207/7824, 102.7 task/s, elapsed: 60s, ETA:    16s[>>>>>>>>>>>>>>>>>>>>      ] 6208/7824, 102.7 task/s, elapsed: 60s, ETA:    16s[>>>>>>>>>>>>>>>>>>>>      ] 6209/7824, 102.7 task/s, elapsed: 60s, ETA:    16s[>>>>>>>>>>>>>>>>>>>>      ] 6210/7824, 102.7 task/s, elapsed: 60s, ETA:    16s[>>>>>>>>>>>>>>>>>>>>      ] 6211/7824, 102.7 task/s, elapsed: 60s, ETA:    16s[>>>>>>>>>>>>>>>>>>>>      ] 6212/7824, 102.7 task/s, elapsed: 60s, ETA:    16s[>>>>>>>>>>>>>>>>>>>>      ] 6213/7824, 102.7 task/s, elapsed: 60s, ETA:    16s[>>>>>>>>>>>>>>>>>>>>      ] 6214/7824, 102.7 task/s, elapsed: 60s, ETA:    16s[>>>>>>>>>>>>>>>>>>>>      ] 6215/7824, 102.7 task/s, elapsed: 61s, ETA:    16s[>>>>>>>>>>>>>>>>>>>>      ] 6216/7824, 102.7 task/s, elapsed: 61s, ETA:    16s[>>>>>>>>>>>>>>>>>>>>      ] 6217/7824, 102.7 task/s, elapsed: 61s, ETA:    16s[>>>>>>>>>>>>>>>>>>>>      ] 6218/7824, 102.7 task/s, elapsed: 61s, ETA:    16s[>>>>>>>>>>>>>>>>>>>>      ] 6219/7824, 102.7 task/s, elapsed: 61s, ETA:    16s[>>>>>>>>>>>>>>>>>>>>      ] 6220/7824, 102.7 task/s, elapsed: 61s, ETA:    16s[>>>>>>>>>>>>>>>>>>>>      ] 6221/7824, 102.7 task/s, elapsed: 61s, ETA:    16s[>>>>>>>>>>>>>>>>>>>>      ] 6222/7824, 102.7 task/s, elapsed: 61s, ETA:    16s[>>>>>>>>>>>>>>>>>>>>      ] 6223/7824, 102.7 task/s, elapsed: 61s, ETA:    16s[>>>>>>>>>>>>>>>>>>>>      ] 6224/7824, 102.7 task/s, elapsed: 61s, ETA:    16s[>>>>>>>>>>>>>>>>>>>>      ] 6225/7824, 102.7 task/s, elapsed: 61s, ETA:    16s[>>>>>>>>>>>>>>>>>>>>      ] 6226/7824, 102.7 task/s, elapsed: 61s, ETA:    16s[>>>>>>>>>>>>>>>>>>>>      ] 6227/7824, 102.7 task/s, elapsed: 61s, ETA:    16s[>>>>>>>>>>>>>>>>>>>>      ] 6228/7824, 102.7 task/s, elapsed: 61s, ETA:    16s[>>>>>>>>>>>>>>>>>>>>      ] 6229/7824, 102.7 task/s, elapsed: 61s, ETA:    16s[>>>>>>>>>>>>>>>>>>>>      ] 6230/7824, 102.7 task/s, elapsed: 61s, ETA:    16s[>>>>>>>>>>>>>>>>>>>>      ] 6231/7824, 102.7 task/s, elapsed: 61s, ETA:    16s[>>>>>>>>>>>>>>>>>>>>      ] 6232/7824, 102.7 task/s, elapsed: 61s, ETA:    15s[>>>>>>>>>>>>>>>>>>>>      ] 6233/7824, 102.7 task/s, elapsed: 61s, ETA:    15s[>>>>>>>>>>>>>>>>>>>>      ] 6234/7824, 102.7 task/s, elapsed: 61s, ETA:    15s[>>>>>>>>>>>>>>>>>>>>      ] 6235/7824, 102.7 task/s, elapsed: 61s, ETA:    15s[>>>>>>>>>>>>>>>>>>>>      ] 6236/7824, 102.7 task/s, elapsed: 61s, ETA:    15s[>>>>>>>>>>>>>>>>>>>>      ] 6237/7824, 102.7 task/s, elapsed: 61s, ETA:    15s[>>>>>>>>>>>>>>>>>>>>      ] 6238/7824, 102.7 task/s, elapsed: 61s, ETA:    15s[>>>>>>>>>>>>>>>>>>>>      ] 6239/7824, 102.7 task/s, elapsed: 61s, ETA:    15s[>>>>>>>>>>>>>>>>>>>>      ] 6240/7824, 102.8 task/s, elapsed: 61s, ETA:    15s[>>>>>>>>>>>>>>>>>>>>      ] 6241/7824, 102.8 task/s, elapsed: 61s, ETA:    15s[>>>>>>>>>>>>>>>>>>>>      ] 6242/7824, 102.8 task/s, elapsed: 61s, ETA:    15s[>>>>>>>>>>>>>>>>>>>>      ] 6243/7824, 102.8 task/s, elapsed: 61s, ETA:    15s[>>>>>>>>>>>>>>>>>>>>      ] 6244/7824, 102.8 task/s, elapsed: 61s, ETA:    15s[>>>>>>>>>>>>>>>>>>>>      ] 6245/7824, 102.8 task/s, elapsed: 61s, ETA:    15s[>>>>>>>>>>>>>>>>>>>>      ] 6246/7824, 102.8 task/s, elapsed: 61s, ETA:    15s[>>>>>>>>>>>>>>>>>>>>      ] 6247/7824, 102.8 task/s, elapsed: 61s, ETA:    15s[>>>>>>>>>>>>>>>>>>>>      ] 6248/7824, 102.8 task/s, elapsed: 61s, ETA:    15s[>>>>>>>>>>>>>>>>>>>>      ] 6249/7824, 102.8 task/s, elapsed: 61s, ETA:    15s[>>>>>>>>>>>>>>>>>>>>      ] 6250/7824, 102.8 task/s, elapsed: 61s, ETA:    15s[>>>>>>>>>>>>>>>>>>>>      ] 6251/7824, 102.8 task/s, elapsed: 61s, ETA:    15s[>>>>>>>>>>>>>>>>>>>>      ] 6252/7824, 102.8 task/s, elapsed: 61s, ETA:    15s[>>>>>>>>>>>>>>>>>>>>      ] 6253/7824, 102.8 task/s, elapsed: 61s, ETA:    15s[>>>>>>>>>>>>>>>>>>>>      ] 6254/7824, 102.8 task/s, elapsed: 61s, ETA:    15s[>>>>>>>>>>>>>>>>>>>>      ] 6255/7824, 102.8 task/s, elapsed: 61s, ETA:    15s[>>>>>>>>>>>>>>>>>>>>      ] 6256/7824, 102.8 task/s, elapsed: 61s, ETA:    15s[>>>>>>>>>>>>>>>>>>>>      ] 6257/7824, 102.8 task/s, elapsed: 61s, ETA:    15s[>>>>>>>>>>>>>>>>>>>>      ] 6258/7824, 102.8 task/s, elapsed: 61s, ETA:    15s[>>>>>>>>>>>>>>>>>>>>      ] 6259/7824, 102.8 task/s, elapsed: 61s, ETA:    15s[>>>>>>>>>>>>>>>>>>>>      ] 6260/7824, 102.8 task/s, elapsed: 61s, ETA:    15s[>>>>>>>>>>>>>>>>>>>>      ] 6261/7824, 102.8 task/s, elapsed: 61s, ETA:    15s[>>>>>>>>>>>>>>>>>>>>      ] 6262/7824, 102.8 task/s, elapsed: 61s, ETA:    15s[>>>>>>>>>>>>>>>>>>>>      ] 6263/7824, 102.8 task/s, elapsed: 61s, ETA:    15s[>>>>>>>>>>>>>>>>>>>>      ] 6264/7824, 102.8 task/s, elapsed: 61s, ETA:    15s[>>>>>>>>>>>>>>>>>>>>      ] 6265/7824, 102.8 task/s, elapsed: 61s, ETA:    15s[>>>>>>>>>>>>>>>>>>>>      ] 6266/7824, 102.8 task/s, elapsed: 61s, ETA:    15s[>>>>>>>>>>>>>>>>>>>>      ] 6267/7824, 102.8 task/s, elapsed: 61s, ETA:    15s[>>>>>>>>>>>>>>>>>>>>      ] 6268/7824, 102.8 task/s, elapsed: 61s, ETA:    15s[>>>>>>>>>>>>>>>>>>>>      ] 6269/7824, 102.8 task/s, elapsed: 61s, ETA:    15s[>>>>>>>>>>>>>>>>>>>>      ] 6270/7824, 102.8 task/s, elapsed: 61s, ETA:    15s[>>>>>>>>>>>>>>>>>>>>      ] 6271/7824, 102.8 task/s, elapsed: 61s, ETA:    15s[>>>>>>>>>>>>>>>>>>>>      ] 6272/7824, 102.8 task/s, elapsed: 61s, ETA:    15s[>>>>>>>>>>>>>>>>>>>>      ] 6273/7824, 102.8 task/s, elapsed: 61s, ETA:    15s[>>>>>>>>>>>>>>>>>>>>      ] 6274/7824, 102.8 task/s, elapsed: 61s, ETA:    15s[>>>>>>>>>>>>>>>>>>>>      ] 6275/7824, 102.8 task/s, elapsed: 61s, ETA:    15s[>>>>>>>>>>>>>>>>>>>>      ] 6276/7824, 102.8 task/s, elapsed: 61s, ETA:    15s[>>>>>>>>>>>>>>>>>>>>      ] 6277/7824, 102.8 task/s, elapsed: 61s, ETA:    15s[>>>>>>>>>>>>>>>>>>>>      ] 6278/7824, 102.8 task/s, elapsed: 61s, ETA:    15s[>>>>>>>>>>>>>>>>>>>>      ] 6279/7824, 102.8 task/s, elapsed: 61s, ETA:    15s[>>>>>>>>>>>>>>>>>>>>      ] 6280/7824, 102.8 task/s, elapsed: 61s, ETA:    15s[>>>>>>>>>>>>>>>>>>>>      ] 6281/7824, 102.8 task/s, elapsed: 61s, ETA:    15s[>>>>>>>>>>>>>>>>>>>>      ] 6282/7824, 102.8 task/s, elapsed: 61s, ETA:    15s[>>>>>>>>>>>>>>>>>>>>      ] 6283/7824, 102.8 task/s, elapsed: 61s, ETA:    15s[>>>>>>>>>>>>>>>>>>>>      ] 6284/7824, 102.8 task/s, elapsed: 61s, ETA:    15s[>>>>>>>>>>>>>>>>>>>>      ] 6285/7824, 102.8 task/s, elapsed: 61s, ETA:    15s[>>>>>>>>>>>>>>>>>>>>      ] 6286/7824, 102.8 task/s, elapsed: 61s, ETA:    15s[>>>>>>>>>>>>>>>>>>>>      ] 6287/7824, 102.8 task/s, elapsed: 61s, ETA:    15s[>>>>>>>>>>>>>>>>>>>>      ] 6288/7824, 102.8 task/s, elapsed: 61s, ETA:    15s[>>>>>>>>>>>>>>>>>>>>      ] 6289/7824, 102.8 task/s, elapsed: 61s, ETA:    15s[>>>>>>>>>>>>>>>>>>>>      ] 6290/7824, 102.8 task/s, elapsed: 61s, ETA:    15s[>>>>>>>>>>>>>>>>>>>>      ] 6291/7824, 102.8 task/s, elapsed: 61s, ETA:    15s[>>>>>>>>>>>>>>>>>>>>      ] 6292/7824, 102.8 task/s, elapsed: 61s, ETA:    15s[>>>>>>>>>>>>>>>>>>>>      ] 6293/7824, 102.8 task/s, elapsed: 61s, ETA:    15s[>>>>>>>>>>>>>>>>>>>>      ] 6294/7824, 102.8 task/s, elapsed: 61s, ETA:    15s[>>>>>>>>>>>>>>>>>>>>      ] 6295/7824, 102.8 task/s, elapsed: 61s, ETA:    15s[>>>>>>>>>>>>>>>>>>>>      ] 6296/7824, 102.8 task/s, elapsed: 61s, ETA:    15s[>>>>>>>>>>>>>>>>>>>>      ] 6297/7824, 102.8 task/s, elapsed: 61s, ETA:    15s[>>>>>>>>>>>>>>>>>>>>      ] 6298/7824, 102.8 task/s, elapsed: 61s, ETA:    15s[>>>>>>>>>>>>>>>>>>>>      ] 6299/7824, 102.8 task/s, elapsed: 61s, ETA:    15s[>>>>>>>>>>>>>>>>>>>>      ] 6300/7824, 102.8 task/s, elapsed: 61s, ETA:    15s[>>>>>>>>>>>>>>>>>>>>      ] 6301/7824, 102.8 task/s, elapsed: 61s, ETA:    15s[>>>>>>>>>>>>>>>>>>>>      ] 6302/7824, 102.8 task/s, elapsed: 61s, ETA:    15s[>>>>>>>>>>>>>>>>>>>>      ] 6303/7824, 102.8 task/s, elapsed: 61s, ETA:    15s[>>>>>>>>>>>>>>>>>>>>      ] 6304/7824, 102.8 task/s, elapsed: 61s, ETA:    15s[>>>>>>>>>>>>>>>>>>>>      ] 6305/7824, 102.8 task/s, elapsed: 61s, ETA:    15s[>>>>>>>>>>>>>>>>>>>>      ] 6306/7824, 102.8 task/s, elapsed: 61s, ETA:    15s[>>>>>>>>>>>>>>>>>>>>      ] 6307/7824, 102.8 task/s, elapsed: 61s, ETA:    15s[>>>>>>>>>>>>>>>>>>>>      ] 6308/7824, 102.8 task/s, elapsed: 61s, ETA:    15s[>>>>>>>>>>>>>>>>>>>>      ] 6309/7824, 102.8 task/s, elapsed: 61s, ETA:    15s[>>>>>>>>>>>>>>>>>>>>      ] 6310/7824, 102.8 task/s, elapsed: 61s, ETA:    15s[>>>>>>>>>>>>>>>>>>>>      ] 6311/7824, 102.8 task/s, elapsed: 61s, ETA:    15s[>>>>>>>>>>>>>>>>>>>>      ] 6312/7824, 102.8 task/s, elapsed: 61s, ETA:    15s[>>>>>>>>>>>>>>>>>>>>      ] 6313/7824, 102.8 task/s, elapsed: 61s, ETA:    15s[>>>>>>>>>>>>>>>>>>>>      ] 6314/7824, 102.8 task/s, elapsed: 61s, ETA:    15s[>>>>>>>>>>>>>>>>>>>>      ] 6315/7824, 102.8 task/s, elapsed: 61s, ETA:    15s[>>>>>>>>>>>>>>>>>>>>      ] 6316/7824, 102.8 task/s, elapsed: 61s, ETA:    15s[>>>>>>>>>>>>>>>>>>>>      ] 6317/7824, 102.8 task/s, elapsed: 61s, ETA:    15s[>>>>>>>>>>>>>>>>>>>>      ] 6318/7824, 102.8 task/s, elapsed: 61s, ETA:    15s[>>>>>>>>>>>>>>>>>>>>      ] 6319/7824, 102.8 task/s, elapsed: 61s, ETA:    15s[>>>>>>>>>>>>>>>>>>>>>     ] 6320/7824, 102.8 task/s, elapsed: 61s, ETA:    15s[>>>>>>>>>>>>>>>>>>>>>     ] 6321/7824, 102.8 task/s, elapsed: 61s, ETA:    15s[>>>>>>>>>>>>>>>>>>>>>     ] 6322/7824, 102.8 task/s, elapsed: 61s, ETA:    15s[>>>>>>>>>>>>>>>>>>>>>     ] 6323/7824, 102.8 task/s, elapsed: 61s, ETA:    15s[>>>>>>>>>>>>>>>>>>>>>     ] 6324/7824, 102.8 task/s, elapsed: 62s, ETA:    15s[>>>>>>>>>>>>>>>>>>>>>     ] 6325/7824, 102.8 task/s, elapsed: 62s, ETA:    15s[>>>>>>>>>>>>>>>>>>>>>     ] 6326/7824, 102.8 task/s, elapsed: 62s, ETA:    15s[>>>>>>>>>>>>>>>>>>>>>     ] 6327/7824, 102.8 task/s, elapsed: 62s, ETA:    15s[>>>>>>>>>>>>>>>>>>>>>     ] 6328/7824, 102.8 task/s, elapsed: 62s, ETA:    15s[>>>>>>>>>>>>>>>>>>>>>     ] 6329/7824, 102.8 task/s, elapsed: 62s, ETA:    15s[>>>>>>>>>>>>>>>>>>>>>     ] 6330/7824, 102.8 task/s, elapsed: 62s, ETA:    15s[>>>>>>>>>>>>>>>>>>>>>     ] 6331/7824, 102.8 task/s, elapsed: 62s, ETA:    15s[>>>>>>>>>>>>>>>>>>>>>     ] 6332/7824, 102.8 task/s, elapsed: 62s, ETA:    15s[>>>>>>>>>>>>>>>>>>>>>     ] 6333/7824, 102.8 task/s, elapsed: 62s, ETA:    14s[>>>>>>>>>>>>>>>>>>>>>     ] 6334/7824, 102.8 task/s, elapsed: 62s, ETA:    14s[>>>>>>>>>>>>>>>>>>>>>     ] 6335/7824, 102.8 task/s, elapsed: 62s, ETA:    14s[>>>>>>>>>>>>>>>>>>>>>     ] 6336/7824, 102.8 task/s, elapsed: 62s, ETA:    14s[>>>>>>>>>>>>>>>>>>>>>     ] 6337/7824, 102.8 task/s, elapsed: 62s, ETA:    14s[>>>>>>>>>>>>>>>>>>>>>     ] 6338/7824, 102.8 task/s, elapsed: 62s, ETA:    14s[>>>>>>>>>>>>>>>>>>>>>     ] 6339/7824, 102.8 task/s, elapsed: 62s, ETA:    14s[>>>>>>>>>>>>>>>>>>>>>     ] 6340/7824, 102.8 task/s, elapsed: 62s, ETA:    14s[>>>>>>>>>>>>>>>>>>>>>     ] 6341/7824, 102.8 task/s, elapsed: 62s, ETA:    14s[>>>>>>>>>>>>>>>>>>>>>     ] 6342/7824, 102.8 task/s, elapsed: 62s, ETA:    14s[>>>>>>>>>>>>>>>>>>>>>     ] 6343/7824, 102.8 task/s, elapsed: 62s, ETA:    14s[>>>>>>>>>>>>>>>>>>>>>     ] 6344/7824, 102.8 task/s, elapsed: 62s, ETA:    14s[>>>>>>>>>>>>>>>>>>>>>     ] 6345/7824, 102.8 task/s, elapsed: 62s, ETA:    14s[>>>>>>>>>>>>>>>>>>>>>     ] 6346/7824, 102.8 task/s, elapsed: 62s, ETA:    14s[>>>>>>>>>>>>>>>>>>>>>     ] 6347/7824, 102.8 task/s, elapsed: 62s, ETA:    14s[>>>>>>>>>>>>>>>>>>>>>     ] 6348/7824, 102.9 task/s, elapsed: 62s, ETA:    14s[>>>>>>>>>>>>>>>>>>>>>     ] 6349/7824, 102.9 task/s, elapsed: 62s, ETA:    14s[>>>>>>>>>>>>>>>>>>>>>     ] 6350/7824, 102.9 task/s, elapsed: 62s, ETA:    14s[>>>>>>>>>>>>>>>>>>>>>     ] 6351/7824, 102.9 task/s, elapsed: 62s, ETA:    14s[>>>>>>>>>>>>>>>>>>>>>     ] 6352/7824, 102.9 task/s, elapsed: 62s, ETA:    14s[>>>>>>>>>>>>>>>>>>>>>     ] 6353/7824, 102.9 task/s, elapsed: 62s, ETA:    14s[>>>>>>>>>>>>>>>>>>>>>     ] 6354/7824, 102.9 task/s, elapsed: 62s, ETA:    14s[>>>>>>>>>>>>>>>>>>>>>     ] 6355/7824, 102.9 task/s, elapsed: 62s, ETA:    14s[>>>>>>>>>>>>>>>>>>>>>     ] 6356/7824, 102.9 task/s, elapsed: 62s, ETA:    14s[>>>>>>>>>>>>>>>>>>>>>     ] 6357/7824, 102.9 task/s, elapsed: 62s, ETA:    14s[>>>>>>>>>>>>>>>>>>>>>     ] 6358/7824, 102.9 task/s, elapsed: 62s, ETA:    14s[>>>>>>>>>>>>>>>>>>>>>     ] 6359/7824, 102.9 task/s, elapsed: 62s, ETA:    14s[>>>>>>>>>>>>>>>>>>>>>     ] 6360/7824, 102.9 task/s, elapsed: 62s, ETA:    14s[>>>>>>>>>>>>>>>>>>>>>     ] 6361/7824, 102.9 task/s, elapsed: 62s, ETA:    14s[>>>>>>>>>>>>>>>>>>>>>     ] 6362/7824, 102.9 task/s, elapsed: 62s, ETA:    14s[>>>>>>>>>>>>>>>>>>>>>     ] 6363/7824, 102.9 task/s, elapsed: 62s, ETA:    14s[>>>>>>>>>>>>>>>>>>>>>     ] 6364/7824, 102.9 task/s, elapsed: 62s, ETA:    14s[>>>>>>>>>>>>>>>>>>>>>     ] 6365/7824, 102.9 task/s, elapsed: 62s, ETA:    14s[>>>>>>>>>>>>>>>>>>>>>     ] 6366/7824, 102.9 task/s, elapsed: 62s, ETA:    14s[>>>>>>>>>>>>>>>>>>>>>     ] 6367/7824, 102.9 task/s, elapsed: 62s, ETA:    14s[>>>>>>>>>>>>>>>>>>>>>     ] 6368/7824, 102.9 task/s, elapsed: 62s, ETA:    14s[>>>>>>>>>>>>>>>>>>>>>     ] 6369/7824, 102.9 task/s, elapsed: 62s, ETA:    14s[>>>>>>>>>>>>>>>>>>>>>     ] 6370/7824, 102.9 task/s, elapsed: 62s, ETA:    14s[>>>>>>>>>>>>>>>>>>>>>     ] 6371/7824, 102.9 task/s, elapsed: 62s, ETA:    14s[>>>>>>>>>>>>>>>>>>>>>     ] 6372/7824, 102.9 task/s, elapsed: 62s, ETA:    14s[>>>>>>>>>>>>>>>>>>>>>     ] 6373/7824, 102.9 task/s, elapsed: 62s, ETA:    14s[>>>>>>>>>>>>>>>>>>>>>     ] 6374/7824, 102.9 task/s, elapsed: 62s, ETA:    14s[>>>>>>>>>>>>>>>>>>>>>     ] 6375/7824, 102.9 task/s, elapsed: 62s, ETA:    14s[>>>>>>>>>>>>>>>>>>>>>     ] 6376/7824, 102.9 task/s, elapsed: 62s, ETA:    14s[>>>>>>>>>>>>>>>>>>>>>     ] 6377/7824, 102.9 task/s, elapsed: 62s, ETA:    14s[>>>>>>>>>>>>>>>>>>>>>     ] 6378/7824, 102.9 task/s, elapsed: 62s, ETA:    14s[>>>>>>>>>>>>>>>>>>>>>     ] 6379/7824, 102.9 task/s, elapsed: 62s, ETA:    14s[>>>>>>>>>>>>>>>>>>>>>     ] 6380/7824, 102.9 task/s, elapsed: 62s, ETA:    14s[>>>>>>>>>>>>>>>>>>>>>     ] 6381/7824, 102.9 task/s, elapsed: 62s, ETA:    14s[>>>>>>>>>>>>>>>>>>>>>     ] 6382/7824, 102.9 task/s, elapsed: 62s, ETA:    14s[>>>>>>>>>>>>>>>>>>>>>     ] 6383/7824, 102.9 task/s, elapsed: 62s, ETA:    14s[>>>>>>>>>>>>>>>>>>>>>     ] 6384/7824, 102.9 task/s, elapsed: 62s, ETA:    14s[>>>>>>>>>>>>>>>>>>>>>     ] 6385/7824, 102.9 task/s, elapsed: 62s, ETA:    14s[>>>>>>>>>>>>>>>>>>>>>     ] 6386/7824, 102.9 task/s, elapsed: 62s, ETA:    14s[>>>>>>>>>>>>>>>>>>>>>     ] 6387/7824, 102.9 task/s, elapsed: 62s, ETA:    14s[>>>>>>>>>>>>>>>>>>>>>     ] 6388/7824, 102.9 task/s, elapsed: 62s, ETA:    14s[>>>>>>>>>>>>>>>>>>>>>     ] 6389/7824, 102.9 task/s, elapsed: 62s, ETA:    14s[>>>>>>>>>>>>>>>>>>>>>     ] 6390/7824, 102.9 task/s, elapsed: 62s, ETA:    14s[>>>>>>>>>>>>>>>>>>>>>     ] 6391/7824, 102.9 task/s, elapsed: 62s, ETA:    14s[>>>>>>>>>>>>>>>>>>>>>     ] 6392/7824, 102.9 task/s, elapsed: 62s, ETA:    14s[>>>>>>>>>>>>>>>>>>>>>     ] 6393/7824, 102.9 task/s, elapsed: 62s, ETA:    14s[>>>>>>>>>>>>>>>>>>>>>     ] 6394/7824, 102.9 task/s, elapsed: 62s, ETA:    14s[>>>>>>>>>>>>>>>>>>>>>     ] 6395/7824, 102.9 task/s, elapsed: 62s, ETA:    14s[>>>>>>>>>>>>>>>>>>>>>     ] 6396/7824, 102.9 task/s, elapsed: 62s, ETA:    14s[>>>>>>>>>>>>>>>>>>>>>     ] 6397/7824, 102.9 task/s, elapsed: 62s, ETA:    14s[>>>>>>>>>>>>>>>>>>>>>     ] 6398/7824, 102.9 task/s, elapsed: 62s, ETA:    14s[>>>>>>>>>>>>>>>>>>>>>     ] 6399/7824, 102.9 task/s, elapsed: 62s, ETA:    14s[>>>>>>>>>>>>>>>>>>>>>     ] 6400/7824, 102.9 task/s, elapsed: 62s, ETA:    14s[>>>>>>>>>>>>>>>>>>>>>     ] 6401/7824, 102.9 task/s, elapsed: 62s, ETA:    14s[>>>>>>>>>>>>>>>>>>>>>     ] 6402/7824, 102.9 task/s, elapsed: 62s, ETA:    14s[>>>>>>>>>>>>>>>>>>>>>     ] 6403/7824, 102.9 task/s, elapsed: 62s, ETA:    14s[>>>>>>>>>>>>>>>>>>>>>     ] 6404/7824, 102.9 task/s, elapsed: 62s, ETA:    14s[>>>>>>>>>>>>>>>>>>>>>     ] 6405/7824, 102.9 task/s, elapsed: 62s, ETA:    14s[>>>>>>>>>>>>>>>>>>>>>     ] 6406/7824, 102.9 task/s, elapsed: 62s, ETA:    14s[>>>>>>>>>>>>>>>>>>>>>     ] 6407/7824, 102.9 task/s, elapsed: 62s, ETA:    14s[>>>>>>>>>>>>>>>>>>>>>     ] 6408/7824, 102.9 task/s, elapsed: 62s, ETA:    14s[>>>>>>>>>>>>>>>>>>>>>     ] 6409/7824, 102.9 task/s, elapsed: 62s, ETA:    14s[>>>>>>>>>>>>>>>>>>>>>     ] 6410/7824, 102.9 task/s, elapsed: 62s, ETA:    14s[>>>>>>>>>>>>>>>>>>>>>     ] 6411/7824, 102.9 task/s, elapsed: 62s, ETA:    14s[>>>>>>>>>>>>>>>>>>>>>     ] 6412/7824, 102.9 task/s, elapsed: 62s, ETA:    14s[>>>>>>>>>>>>>>>>>>>>>     ] 6413/7824, 102.9 task/s, elapsed: 62s, ETA:    14s[>>>>>>>>>>>>>>>>>>>>>     ] 6414/7824, 102.9 task/s, elapsed: 62s, ETA:    14s[>>>>>>>>>>>>>>>>>>>>>     ] 6415/7824, 102.9 task/s, elapsed: 62s, ETA:    14s[>>>>>>>>>>>>>>>>>>>>>     ] 6416/7824, 102.9 task/s, elapsed: 62s, ETA:    14s[>>>>>>>>>>>>>>>>>>>>>     ] 6417/7824, 102.9 task/s, elapsed: 62s, ETA:    14s[>>>>>>>>>>>>>>>>>>>>>     ] 6418/7824, 102.9 task/s, elapsed: 62s, ETA:    14s[>>>>>>>>>>>>>>>>>>>>>     ] 6419/7824, 102.9 task/s, elapsed: 62s, ETA:    14s[>>>>>>>>>>>>>>>>>>>>>     ] 6420/7824, 102.9 task/s, elapsed: 62s, ETA:    14s[>>>>>>>>>>>>>>>>>>>>>     ] 6421/7824, 102.9 task/s, elapsed: 62s, ETA:    14s[>>>>>>>>>>>>>>>>>>>>>     ] 6422/7824, 102.9 task/s, elapsed: 62s, ETA:    14s[>>>>>>>>>>>>>>>>>>>>>     ] 6423/7824, 102.9 task/s, elapsed: 62s, ETA:    14s[>>>>>>>>>>>>>>>>>>>>>     ] 6424/7824, 102.9 task/s, elapsed: 62s, ETA:    14s[>>>>>>>>>>>>>>>>>>>>>     ] 6425/7824, 102.9 task/s, elapsed: 62s, ETA:    14s[>>>>>>>>>>>>>>>>>>>>>     ] 6426/7824, 102.9 task/s, elapsed: 62s, ETA:    14s[>>>>>>>>>>>>>>>>>>>>>     ] 6427/7824, 102.9 task/s, elapsed: 62s, ETA:    14s[>>>>>>>>>>>>>>>>>>>>>     ] 6428/7824, 102.9 task/s, elapsed: 62s, ETA:    14s[>>>>>>>>>>>>>>>>>>>>>     ] 6429/7824, 102.9 task/s, elapsed: 62s, ETA:    14s[>>>>>>>>>>>>>>>>>>>>>     ] 6430/7824, 102.9 task/s, elapsed: 62s, ETA:    14s[>>>>>>>>>>>>>>>>>>>>>     ] 6431/7824, 102.9 task/s, elapsed: 62s, ETA:    14s[>>>>>>>>>>>>>>>>>>>>>     ] 6432/7824, 103.0 task/s, elapsed: 62s, ETA:    14s[>>>>>>>>>>>>>>>>>>>>>     ] 6433/7824, 103.0 task/s, elapsed: 62s, ETA:    14s[>>>>>>>>>>>>>>>>>>>>>     ] 6434/7824, 103.0 task/s, elapsed: 62s, ETA:    14s[>>>>>>>>>>>>>>>>>>>>>     ] 6435/7824, 103.0 task/s, elapsed: 63s, ETA:    13s[>>>>>>>>>>>>>>>>>>>>>     ] 6436/7824, 103.0 task/s, elapsed: 63s, ETA:    13s[>>>>>>>>>>>>>>>>>>>>>     ] 6437/7824, 103.0 task/s, elapsed: 63s, ETA:    13s[>>>>>>>>>>>>>>>>>>>>>     ] 6438/7824, 103.0 task/s, elapsed: 63s, ETA:    13s[>>>>>>>>>>>>>>>>>>>>>     ] 6439/7824, 103.0 task/s, elapsed: 63s, ETA:    13s[>>>>>>>>>>>>>>>>>>>>>     ] 6440/7824, 103.0 task/s, elapsed: 63s, ETA:    13s[>>>>>>>>>>>>>>>>>>>>>     ] 6441/7824, 103.0 task/s, elapsed: 63s, ETA:    13s[>>>>>>>>>>>>>>>>>>>>>     ] 6442/7824, 103.0 task/s, elapsed: 63s, ETA:    13s[>>>>>>>>>>>>>>>>>>>>>     ] 6443/7824, 103.0 task/s, elapsed: 63s, ETA:    13s[>>>>>>>>>>>>>>>>>>>>>     ] 6444/7824, 103.0 task/s, elapsed: 63s, ETA:    13s[>>>>>>>>>>>>>>>>>>>>>     ] 6445/7824, 103.0 task/s, elapsed: 63s, ETA:    13s[>>>>>>>>>>>>>>>>>>>>>     ] 6446/7824, 103.0 task/s, elapsed: 63s, ETA:    13s[>>>>>>>>>>>>>>>>>>>>>     ] 6447/7824, 103.0 task/s, elapsed: 63s, ETA:    13s[>>>>>>>>>>>>>>>>>>>>>     ] 6448/7824, 103.0 task/s, elapsed: 63s, ETA:    13s[>>>>>>>>>>>>>>>>>>>>>     ] 6449/7824, 103.0 task/s, elapsed: 63s, ETA:    13s[>>>>>>>>>>>>>>>>>>>>>     ] 6450/7824, 103.0 task/s, elapsed: 63s, ETA:    13s[>>>>>>>>>>>>>>>>>>>>>     ] 6451/7824, 103.0 task/s, elapsed: 63s, ETA:    13s[>>>>>>>>>>>>>>>>>>>>>     ] 6452/7824, 103.0 task/s, elapsed: 63s, ETA:    13s[>>>>>>>>>>>>>>>>>>>>>     ] 6453/7824, 103.0 task/s, elapsed: 63s, ETA:    13s[>>>>>>>>>>>>>>>>>>>>>     ] 6454/7824, 103.0 task/s, elapsed: 63s, ETA:    13s[>>>>>>>>>>>>>>>>>>>>>     ] 6455/7824, 103.0 task/s, elapsed: 63s, ETA:    13s[>>>>>>>>>>>>>>>>>>>>>     ] 6456/7824, 103.0 task/s, elapsed: 63s, ETA:    13s[>>>>>>>>>>>>>>>>>>>>>     ] 6457/7824, 103.0 task/s, elapsed: 63s, ETA:    13s[>>>>>>>>>>>>>>>>>>>>>     ] 6458/7824, 103.0 task/s, elapsed: 63s, ETA:    13s[>>>>>>>>>>>>>>>>>>>>>     ] 6459/7824, 103.0 task/s, elapsed: 63s, ETA:    13s[>>>>>>>>>>>>>>>>>>>>>     ] 6460/7824, 103.0 task/s, elapsed: 63s, ETA:    13s[>>>>>>>>>>>>>>>>>>>>>     ] 6461/7824, 103.0 task/s, elapsed: 63s, ETA:    13s[>>>>>>>>>>>>>>>>>>>>>     ] 6462/7824, 103.0 task/s, elapsed: 63s, ETA:    13s[>>>>>>>>>>>>>>>>>>>>>     ] 6463/7824, 103.0 task/s, elapsed: 63s, ETA:    13s[>>>>>>>>>>>>>>>>>>>>>     ] 6464/7824, 103.0 task/s, elapsed: 63s, ETA:    13s[>>>>>>>>>>>>>>>>>>>>>     ] 6465/7824, 103.0 task/s, elapsed: 63s, ETA:    13s[>>>>>>>>>>>>>>>>>>>>>     ] 6466/7824, 103.0 task/s, elapsed: 63s, ETA:    13s[>>>>>>>>>>>>>>>>>>>>>     ] 6467/7824, 103.0 task/s, elapsed: 63s, ETA:    13s[>>>>>>>>>>>>>>>>>>>>>     ] 6468/7824, 103.0 task/s, elapsed: 63s, ETA:    13s[>>>>>>>>>>>>>>>>>>>>>     ] 6469/7824, 103.0 task/s, elapsed: 63s, ETA:    13s[>>>>>>>>>>>>>>>>>>>>>     ] 6470/7824, 103.0 task/s, elapsed: 63s, ETA:    13s[>>>>>>>>>>>>>>>>>>>>>     ] 6471/7824, 103.0 task/s, elapsed: 63s, ETA:    13s[>>>>>>>>>>>>>>>>>>>>>     ] 6472/7824, 103.0 task/s, elapsed: 63s, ETA:    13s[>>>>>>>>>>>>>>>>>>>>>     ] 6473/7824, 103.0 task/s, elapsed: 63s, ETA:    13s[>>>>>>>>>>>>>>>>>>>>>     ] 6474/7824, 103.0 task/s, elapsed: 63s, ETA:    13s[>>>>>>>>>>>>>>>>>>>>>     ] 6475/7824, 103.0 task/s, elapsed: 63s, ETA:    13s[>>>>>>>>>>>>>>>>>>>>>     ] 6476/7824, 103.0 task/s, elapsed: 63s, ETA:    13s[>>>>>>>>>>>>>>>>>>>>>     ] 6477/7824, 103.0 task/s, elapsed: 63s, ETA:    13s[>>>>>>>>>>>>>>>>>>>>>     ] 6478/7824, 103.0 task/s, elapsed: 63s, ETA:    13s[>>>>>>>>>>>>>>>>>>>>>     ] 6479/7824, 103.0 task/s, elapsed: 63s, ETA:    13s[>>>>>>>>>>>>>>>>>>>>>     ] 6480/7824, 103.0 task/s, elapsed: 63s, ETA:    13s[>>>>>>>>>>>>>>>>>>>>>     ] 6481/7824, 103.0 task/s, elapsed: 63s, ETA:    13s[>>>>>>>>>>>>>>>>>>>>>     ] 6482/7824, 103.0 task/s, elapsed: 63s, ETA:    13s[>>>>>>>>>>>>>>>>>>>>>     ] 6483/7824, 103.0 task/s, elapsed: 63s, ETA:    13s[>>>>>>>>>>>>>>>>>>>>>     ] 6484/7824, 103.0 task/s, elapsed: 63s, ETA:    13s[>>>>>>>>>>>>>>>>>>>>>     ] 6485/7824, 103.0 task/s, elapsed: 63s, ETA:    13s[>>>>>>>>>>>>>>>>>>>>>     ] 6486/7824, 103.0 task/s, elapsed: 63s, ETA:    13s[>>>>>>>>>>>>>>>>>>>>>     ] 6487/7824, 103.0 task/s, elapsed: 63s, ETA:    13s[>>>>>>>>>>>>>>>>>>>>>     ] 6488/7824, 103.0 task/s, elapsed: 63s, ETA:    13s[>>>>>>>>>>>>>>>>>>>>>     ] 6489/7824, 103.0 task/s, elapsed: 63s, ETA:    13s[>>>>>>>>>>>>>>>>>>>>>     ] 6490/7824, 103.0 task/s, elapsed: 63s, ETA:    13s[>>>>>>>>>>>>>>>>>>>>>     ] 6491/7824, 103.0 task/s, elapsed: 63s, ETA:    13s[>>>>>>>>>>>>>>>>>>>>>     ] 6492/7824, 103.0 task/s, elapsed: 63s, ETA:    13s[>>>>>>>>>>>>>>>>>>>>>     ] 6493/7824, 103.0 task/s, elapsed: 63s, ETA:    13s[>>>>>>>>>>>>>>>>>>>>>     ] 6494/7824, 103.0 task/s, elapsed: 63s, ETA:    13s[>>>>>>>>>>>>>>>>>>>>>     ] 6495/7824, 103.0 task/s, elapsed: 63s, ETA:    13s[>>>>>>>>>>>>>>>>>>>>>     ] 6496/7824, 103.0 task/s, elapsed: 63s, ETA:    13s[>>>>>>>>>>>>>>>>>>>>>     ] 6497/7824, 103.0 task/s, elapsed: 63s, ETA:    13s[>>>>>>>>>>>>>>>>>>>>>     ] 6498/7824, 103.0 task/s, elapsed: 63s, ETA:    13s[>>>>>>>>>>>>>>>>>>>>>     ] 6499/7824, 103.0 task/s, elapsed: 63s, ETA:    13s[>>>>>>>>>>>>>>>>>>>>>     ] 6500/7824, 103.0 task/s, elapsed: 63s, ETA:    13s[>>>>>>>>>>>>>>>>>>>>>     ] 6501/7824, 103.0 task/s, elapsed: 63s, ETA:    13s[>>>>>>>>>>>>>>>>>>>>>     ] 6502/7824, 103.0 task/s, elapsed: 63s, ETA:    13s[>>>>>>>>>>>>>>>>>>>>>     ] 6503/7824, 103.0 task/s, elapsed: 63s, ETA:    13s[>>>>>>>>>>>>>>>>>>>>>     ] 6504/7824, 103.0 task/s, elapsed: 63s, ETA:    13s[>>>>>>>>>>>>>>>>>>>>>     ] 6505/7824, 103.0 task/s, elapsed: 63s, ETA:    13s[>>>>>>>>>>>>>>>>>>>>>     ] 6506/7824, 103.0 task/s, elapsed: 63s, ETA:    13s[>>>>>>>>>>>>>>>>>>>>>     ] 6507/7824, 103.0 task/s, elapsed: 63s, ETA:    13s[>>>>>>>>>>>>>>>>>>>>>     ] 6508/7824, 103.0 task/s, elapsed: 63s, ETA:    13s[>>>>>>>>>>>>>>>>>>>>>     ] 6509/7824, 103.0 task/s, elapsed: 63s, ETA:    13s[>>>>>>>>>>>>>>>>>>>>>     ] 6510/7824, 103.1 task/s, elapsed: 63s, ETA:    13s[>>>>>>>>>>>>>>>>>>>>>     ] 6511/7824, 103.1 task/s, elapsed: 63s, ETA:    13s[>>>>>>>>>>>>>>>>>>>>>     ] 6512/7824, 103.1 task/s, elapsed: 63s, ETA:    13s[>>>>>>>>>>>>>>>>>>>>>     ] 6513/7824, 103.1 task/s, elapsed: 63s, ETA:    13s[>>>>>>>>>>>>>>>>>>>>>     ] 6514/7824, 103.1 task/s, elapsed: 63s, ETA:    13s[>>>>>>>>>>>>>>>>>>>>>     ] 6515/7824, 103.1 task/s, elapsed: 63s, ETA:    13s[>>>>>>>>>>>>>>>>>>>>>     ] 6516/7824, 103.1 task/s, elapsed: 63s, ETA:    13s[>>>>>>>>>>>>>>>>>>>>>     ] 6517/7824, 103.1 task/s, elapsed: 63s, ETA:    13s[>>>>>>>>>>>>>>>>>>>>>     ] 6518/7824, 103.1 task/s, elapsed: 63s, ETA:    13s[>>>>>>>>>>>>>>>>>>>>>     ] 6519/7824, 103.1 task/s, elapsed: 63s, ETA:    13s[>>>>>>>>>>>>>>>>>>>>>     ] 6520/7824, 103.1 task/s, elapsed: 63s, ETA:    13s[>>>>>>>>>>>>>>>>>>>>>     ] 6521/7824, 103.1 task/s, elapsed: 63s, ETA:    13s[>>>>>>>>>>>>>>>>>>>>>     ] 6522/7824, 103.1 task/s, elapsed: 63s, ETA:    13s[>>>>>>>>>>>>>>>>>>>>>     ] 6523/7824, 103.1 task/s, elapsed: 63s, ETA:    13s[>>>>>>>>>>>>>>>>>>>>>     ] 6524/7824, 103.1 task/s, elapsed: 63s, ETA:    13s[>>>>>>>>>>>>>>>>>>>>>     ] 6525/7824, 103.1 task/s, elapsed: 63s, ETA:    13s[>>>>>>>>>>>>>>>>>>>>>     ] 6526/7824, 103.1 task/s, elapsed: 63s, ETA:    13s[>>>>>>>>>>>>>>>>>>>>>     ] 6527/7824, 103.1 task/s, elapsed: 63s, ETA:    13s[>>>>>>>>>>>>>>>>>>>>>     ] 6528/7824, 103.1 task/s, elapsed: 63s, ETA:    13s[>>>>>>>>>>>>>>>>>>>>>     ] 6529/7824, 103.1 task/s, elapsed: 63s, ETA:    13s[>>>>>>>>>>>>>>>>>>>>>     ] 6530/7824, 103.1 task/s, elapsed: 63s, ETA:    13s[>>>>>>>>>>>>>>>>>>>>>     ] 6531/7824, 103.1 task/s, elapsed: 63s, ETA:    13s[>>>>>>>>>>>>>>>>>>>>>     ] 6532/7824, 103.1 task/s, elapsed: 63s, ETA:    13s[>>>>>>>>>>>>>>>>>>>>>     ] 6533/7824, 103.1 task/s, elapsed: 63s, ETA:    13s[>>>>>>>>>>>>>>>>>>>>>     ] 6534/7824, 103.1 task/s, elapsed: 63s, ETA:    13s[>>>>>>>>>>>>>>>>>>>>>     ] 6535/7824, 103.1 task/s, elapsed: 63s, ETA:    13s[>>>>>>>>>>>>>>>>>>>>>     ] 6536/7824, 103.1 task/s, elapsed: 63s, ETA:    12s[>>>>>>>>>>>>>>>>>>>>>     ] 6537/7824, 103.1 task/s, elapsed: 63s, ETA:    12s[>>>>>>>>>>>>>>>>>>>>>     ] 6538/7824, 103.1 task/s, elapsed: 63s, ETA:    12s[>>>>>>>>>>>>>>>>>>>>>     ] 6539/7824, 103.1 task/s, elapsed: 63s, ETA:    12s[>>>>>>>>>>>>>>>>>>>>>     ] 6540/7824, 103.1 task/s, elapsed: 63s, ETA:    12s[>>>>>>>>>>>>>>>>>>>>>     ] 6541/7824, 103.1 task/s, elapsed: 63s, ETA:    12s[>>>>>>>>>>>>>>>>>>>>>     ] 6542/7824, 103.1 task/s, elapsed: 63s, ETA:    12s[>>>>>>>>>>>>>>>>>>>>>     ] 6543/7824, 103.1 task/s, elapsed: 63s, ETA:    12s[>>>>>>>>>>>>>>>>>>>>>     ] 6544/7824, 103.1 task/s, elapsed: 63s, ETA:    12s[>>>>>>>>>>>>>>>>>>>>>     ] 6545/7824, 103.1 task/s, elapsed: 63s, ETA:    12s[>>>>>>>>>>>>>>>>>>>>>     ] 6546/7824, 103.1 task/s, elapsed: 63s, ETA:    12s[>>>>>>>>>>>>>>>>>>>>>     ] 6547/7824, 103.1 task/s, elapsed: 64s, ETA:    12s[>>>>>>>>>>>>>>>>>>>>>     ] 6548/7824, 103.1 task/s, elapsed: 64s, ETA:    12s[>>>>>>>>>>>>>>>>>>>>>     ] 6549/7824, 103.1 task/s, elapsed: 64s, ETA:    12s[>>>>>>>>>>>>>>>>>>>>>     ] 6550/7824, 103.1 task/s, elapsed: 64s, ETA:    12s[>>>>>>>>>>>>>>>>>>>>>     ] 6551/7824, 103.1 task/s, elapsed: 64s, ETA:    12s[>>>>>>>>>>>>>>>>>>>>>     ] 6552/7824, 103.1 task/s, elapsed: 64s, ETA:    12s[>>>>>>>>>>>>>>>>>>>>>     ] 6553/7824, 103.1 task/s, elapsed: 64s, ETA:    12s[>>>>>>>>>>>>>>>>>>>>>     ] 6554/7824, 103.1 task/s, elapsed: 64s, ETA:    12s[>>>>>>>>>>>>>>>>>>>>>     ] 6555/7824, 103.1 task/s, elapsed: 64s, ETA:    12s[>>>>>>>>>>>>>>>>>>>>>     ] 6556/7824, 103.1 task/s, elapsed: 64s, ETA:    12s[>>>>>>>>>>>>>>>>>>>>>     ] 6557/7824, 103.1 task/s, elapsed: 64s, ETA:    12s[>>>>>>>>>>>>>>>>>>>>>     ] 6558/7824, 103.1 task/s, elapsed: 64s, ETA:    12s[>>>>>>>>>>>>>>>>>>>>>     ] 6559/7824, 103.1 task/s, elapsed: 64s, ETA:    12s[>>>>>>>>>>>>>>>>>>>>>     ] 6560/7824, 103.1 task/s, elapsed: 64s, ETA:    12s[>>>>>>>>>>>>>>>>>>>>>     ] 6561/7824, 103.1 task/s, elapsed: 64s, ETA:    12s[>>>>>>>>>>>>>>>>>>>>>     ] 6562/7824, 103.1 task/s, elapsed: 64s, ETA:    12s[>>>>>>>>>>>>>>>>>>>>>     ] 6563/7824, 103.1 task/s, elapsed: 64s, ETA:    12s[>>>>>>>>>>>>>>>>>>>>>     ] 6564/7824, 103.1 task/s, elapsed: 64s, ETA:    12s[>>>>>>>>>>>>>>>>>>>>>     ] 6565/7824, 103.1 task/s, elapsed: 64s, ETA:    12s[>>>>>>>>>>>>>>>>>>>>>     ] 6566/7824, 103.1 task/s, elapsed: 64s, ETA:    12s[>>>>>>>>>>>>>>>>>>>>>     ] 6567/7824, 103.1 task/s, elapsed: 64s, ETA:    12s[>>>>>>>>>>>>>>>>>>>>>     ] 6568/7824, 103.1 task/s, elapsed: 64s, ETA:    12s[>>>>>>>>>>>>>>>>>>>>>     ] 6569/7824, 103.1 task/s, elapsed: 64s, ETA:    12s[>>>>>>>>>>>>>>>>>>>>>     ] 6570/7824, 103.1 task/s, elapsed: 64s, ETA:    12s[>>>>>>>>>>>>>>>>>>>>>     ] 6571/7824, 103.1 task/s, elapsed: 64s, ETA:    12s[>>>>>>>>>>>>>>>>>>>>>     ] 6572/7824, 103.1 task/s, elapsed: 64s, ETA:    12s[>>>>>>>>>>>>>>>>>>>>>     ] 6573/7824, 103.1 task/s, elapsed: 64s, ETA:    12s[>>>>>>>>>>>>>>>>>>>>>     ] 6574/7824, 103.1 task/s, elapsed: 64s, ETA:    12s[>>>>>>>>>>>>>>>>>>>>>     ] 6575/7824, 103.1 task/s, elapsed: 64s, ETA:    12s[>>>>>>>>>>>>>>>>>>>>>     ] 6576/7824, 103.1 task/s, elapsed: 64s, ETA:    12s[>>>>>>>>>>>>>>>>>>>>>     ] 6577/7824, 103.1 task/s, elapsed: 64s, ETA:    12s[>>>>>>>>>>>>>>>>>>>>>     ] 6578/7824, 103.1 task/s, elapsed: 64s, ETA:    12s[>>>>>>>>>>>>>>>>>>>>>     ] 6579/7824, 103.1 task/s, elapsed: 64s, ETA:    12s[>>>>>>>>>>>>>>>>>>>>>     ] 6580/7824, 103.1 task/s, elapsed: 64s, ETA:    12s[>>>>>>>>>>>>>>>>>>>>>     ] 6581/7824, 103.1 task/s, elapsed: 64s, ETA:    12s[>>>>>>>>>>>>>>>>>>>>>     ] 6582/7824, 103.1 task/s, elapsed: 64s, ETA:    12s[>>>>>>>>>>>>>>>>>>>>>     ] 6583/7824, 103.1 task/s, elapsed: 64s, ETA:    12s[>>>>>>>>>>>>>>>>>>>>>     ] 6584/7824, 103.1 task/s, elapsed: 64s, ETA:    12s[>>>>>>>>>>>>>>>>>>>>>     ] 6585/7824, 103.1 task/s, elapsed: 64s, ETA:    12s[>>>>>>>>>>>>>>>>>>>>>     ] 6586/7824, 103.1 task/s, elapsed: 64s, ETA:    12s[>>>>>>>>>>>>>>>>>>>>>     ] 6587/7824, 103.1 task/s, elapsed: 64s, ETA:    12s[>>>>>>>>>>>>>>>>>>>>>     ] 6588/7824, 103.1 task/s, elapsed: 64s, ETA:    12s[>>>>>>>>>>>>>>>>>>>>>     ] 6589/7824, 103.2 task/s, elapsed: 64s, ETA:    12s[>>>>>>>>>>>>>>>>>>>>>     ] 6590/7824, 103.2 task/s, elapsed: 64s, ETA:    12s[>>>>>>>>>>>>>>>>>>>>>     ] 6591/7824, 103.2 task/s, elapsed: 64s, ETA:    12s[>>>>>>>>>>>>>>>>>>>>>     ] 6592/7824, 103.2 task/s, elapsed: 64s, ETA:    12s[>>>>>>>>>>>>>>>>>>>>>     ] 6593/7824, 103.2 task/s, elapsed: 64s, ETA:    12s[>>>>>>>>>>>>>>>>>>>>>     ] 6594/7824, 103.2 task/s, elapsed: 64s, ETA:    12s[>>>>>>>>>>>>>>>>>>>>>     ] 6595/7824, 103.2 task/s, elapsed: 64s, ETA:    12s[>>>>>>>>>>>>>>>>>>>>>     ] 6596/7824, 103.2 task/s, elapsed: 64s, ETA:    12s[>>>>>>>>>>>>>>>>>>>>>     ] 6597/7824, 103.2 task/s, elapsed: 64s, ETA:    12s[>>>>>>>>>>>>>>>>>>>>>     ] 6598/7824, 103.2 task/s, elapsed: 64s, ETA:    12s[>>>>>>>>>>>>>>>>>>>>>     ] 6599/7824, 103.2 task/s, elapsed: 64s, ETA:    12s[>>>>>>>>>>>>>>>>>>>>>     ] 6600/7824, 103.2 task/s, elapsed: 64s, ETA:    12s[>>>>>>>>>>>>>>>>>>>>>     ] 6601/7824, 103.2 task/s, elapsed: 64s, ETA:    12s[>>>>>>>>>>>>>>>>>>>>>     ] 6602/7824, 103.2 task/s, elapsed: 64s, ETA:    12s[>>>>>>>>>>>>>>>>>>>>>     ] 6603/7824, 103.2 task/s, elapsed: 64s, ETA:    12s[>>>>>>>>>>>>>>>>>>>>>     ] 6604/7824, 103.2 task/s, elapsed: 64s, ETA:    12s[>>>>>>>>>>>>>>>>>>>>>     ] 6605/7824, 103.2 task/s, elapsed: 64s, ETA:    12s[>>>>>>>>>>>>>>>>>>>>>     ] 6606/7824, 103.2 task/s, elapsed: 64s, ETA:    12s[>>>>>>>>>>>>>>>>>>>>>     ] 6607/7824, 103.2 task/s, elapsed: 64s, ETA:    12s[>>>>>>>>>>>>>>>>>>>>>     ] 6608/7824, 103.2 task/s, elapsed: 64s, ETA:    12s[>>>>>>>>>>>>>>>>>>>>>     ] 6609/7824, 103.2 task/s, elapsed: 64s, ETA:    12s[>>>>>>>>>>>>>>>>>>>>>     ] 6610/7824, 103.2 task/s, elapsed: 64s, ETA:    12s[>>>>>>>>>>>>>>>>>>>>>     ] 6611/7824, 103.2 task/s, elapsed: 64s, ETA:    12s[>>>>>>>>>>>>>>>>>>>>>     ] 6612/7824, 103.2 task/s, elapsed: 64s, ETA:    12s[>>>>>>>>>>>>>>>>>>>>>     ] 6613/7824, 103.2 task/s, elapsed: 64s, ETA:    12s[>>>>>>>>>>>>>>>>>>>>>     ] 6614/7824, 103.2 task/s, elapsed: 64s, ETA:    12s[>>>>>>>>>>>>>>>>>>>>>     ] 6615/7824, 103.2 task/s, elapsed: 64s, ETA:    12s[>>>>>>>>>>>>>>>>>>>>>     ] 6616/7824, 103.2 task/s, elapsed: 64s, ETA:    12s[>>>>>>>>>>>>>>>>>>>>>     ] 6617/7824, 103.2 task/s, elapsed: 64s, ETA:    12s[>>>>>>>>>>>>>>>>>>>>>     ] 6618/7824, 103.2 task/s, elapsed: 64s, ETA:    12s[>>>>>>>>>>>>>>>>>>>>>     ] 6619/7824, 103.2 task/s, elapsed: 64s, ETA:    12s[>>>>>>>>>>>>>>>>>>>>>     ] 6620/7824, 103.2 task/s, elapsed: 64s, ETA:    12s[>>>>>>>>>>>>>>>>>>>>>>    ] 6621/7824, 103.2 task/s, elapsed: 64s, ETA:    12s[>>>>>>>>>>>>>>>>>>>>>>    ] 6622/7824, 103.2 task/s, elapsed: 64s, ETA:    12s[>>>>>>>>>>>>>>>>>>>>>>    ] 6623/7824, 103.2 task/s, elapsed: 64s, ETA:    12s[>>>>>>>>>>>>>>>>>>>>>>    ] 6624/7824, 103.2 task/s, elapsed: 64s, ETA:    12s[>>>>>>>>>>>>>>>>>>>>>>    ] 6625/7824, 103.2 task/s, elapsed: 64s, ETA:    12s[>>>>>>>>>>>>>>>>>>>>>>    ] 6626/7824, 103.2 task/s, elapsed: 64s, ETA:    12s[>>>>>>>>>>>>>>>>>>>>>>    ] 6627/7824, 103.2 task/s, elapsed: 64s, ETA:    12s[>>>>>>>>>>>>>>>>>>>>>>    ] 6628/7824, 103.2 task/s, elapsed: 64s, ETA:    12s[>>>>>>>>>>>>>>>>>>>>>>    ] 6629/7824, 103.2 task/s, elapsed: 64s, ETA:    12s[>>>>>>>>>>>>>>>>>>>>>>    ] 6630/7824, 103.2 task/s, elapsed: 64s, ETA:    12s[>>>>>>>>>>>>>>>>>>>>>>    ] 6631/7824, 103.2 task/s, elapsed: 64s, ETA:    12s[>>>>>>>>>>>>>>>>>>>>>>    ] 6632/7824, 103.2 task/s, elapsed: 64s, ETA:    12s[>>>>>>>>>>>>>>>>>>>>>>    ] 6633/7824, 103.2 task/s, elapsed: 64s, ETA:    12s[>>>>>>>>>>>>>>>>>>>>>>    ] 6634/7824, 103.2 task/s, elapsed: 64s, ETA:    12s[>>>>>>>>>>>>>>>>>>>>>>    ] 6635/7824, 103.2 task/s, elapsed: 64s, ETA:    12s[>>>>>>>>>>>>>>>>>>>>>>    ] 6636/7824, 103.2 task/s, elapsed: 64s, ETA:    12s[>>>>>>>>>>>>>>>>>>>>>>    ] 6637/7824, 103.2 task/s, elapsed: 64s, ETA:    12s[>>>>>>>>>>>>>>>>>>>>>>    ] 6638/7824, 103.2 task/s, elapsed: 64s, ETA:    11s[>>>>>>>>>>>>>>>>>>>>>>    ] 6639/7824, 103.2 task/s, elapsed: 64s, ETA:    11s[>>>>>>>>>>>>>>>>>>>>>>    ] 6640/7824, 103.2 task/s, elapsed: 64s, ETA:    11s[>>>>>>>>>>>>>>>>>>>>>>    ] 6641/7824, 103.2 task/s, elapsed: 64s, ETA:    11s[>>>>>>>>>>>>>>>>>>>>>>    ] 6642/7824, 103.2 task/s, elapsed: 64s, ETA:    11s[>>>>>>>>>>>>>>>>>>>>>>    ] 6643/7824, 103.2 task/s, elapsed: 64s, ETA:    11s[>>>>>>>>>>>>>>>>>>>>>>    ] 6644/7824, 103.2 task/s, elapsed: 64s, ETA:    11s[>>>>>>>>>>>>>>>>>>>>>>    ] 6645/7824, 103.2 task/s, elapsed: 64s, ETA:    11s[>>>>>>>>>>>>>>>>>>>>>>    ] 6646/7824, 103.2 task/s, elapsed: 64s, ETA:    11s[>>>>>>>>>>>>>>>>>>>>>>    ] 6647/7824, 103.2 task/s, elapsed: 64s, ETA:    11s[>>>>>>>>>>>>>>>>>>>>>>    ] 6648/7824, 103.2 task/s, elapsed: 64s, ETA:    11s[>>>>>>>>>>>>>>>>>>>>>>    ] 6649/7824, 103.2 task/s, elapsed: 64s, ETA:    11s[>>>>>>>>>>>>>>>>>>>>>>    ] 6650/7824, 103.2 task/s, elapsed: 64s, ETA:    11s[>>>>>>>>>>>>>>>>>>>>>>    ] 6651/7824, 103.2 task/s, elapsed: 64s, ETA:    11s[>>>>>>>>>>>>>>>>>>>>>>    ] 6652/7824, 103.2 task/s, elapsed: 64s, ETA:    11s[>>>>>>>>>>>>>>>>>>>>>>    ] 6653/7824, 103.2 task/s, elapsed: 64s, ETA:    11s[>>>>>>>>>>>>>>>>>>>>>>    ] 6654/7824, 103.2 task/s, elapsed: 64s, ETA:    11s[>>>>>>>>>>>>>>>>>>>>>>    ] 6655/7824, 103.2 task/s, elapsed: 64s, ETA:    11s[>>>>>>>>>>>>>>>>>>>>>>    ] 6656/7824, 103.2 task/s, elapsed: 64s, ETA:    11s[>>>>>>>>>>>>>>>>>>>>>>    ] 6657/7824, 103.2 task/s, elapsed: 64s, ETA:    11s[>>>>>>>>>>>>>>>>>>>>>>    ] 6658/7824, 103.2 task/s, elapsed: 64s, ETA:    11s[>>>>>>>>>>>>>>>>>>>>>>    ] 6659/7824, 103.2 task/s, elapsed: 64s, ETA:    11s[>>>>>>>>>>>>>>>>>>>>>>    ] 6660/7824, 103.2 task/s, elapsed: 65s, ETA:    11s[>>>>>>>>>>>>>>>>>>>>>>    ] 6661/7824, 103.2 task/s, elapsed: 65s, ETA:    11s[>>>>>>>>>>>>>>>>>>>>>>    ] 6662/7824, 103.2 task/s, elapsed: 65s, ETA:    11s[>>>>>>>>>>>>>>>>>>>>>>    ] 6663/7824, 103.2 task/s, elapsed: 65s, ETA:    11s[>>>>>>>>>>>>>>>>>>>>>>    ] 6664/7824, 103.2 task/s, elapsed: 65s, ETA:    11s[>>>>>>>>>>>>>>>>>>>>>>    ] 6665/7824, 103.3 task/s, elapsed: 65s, ETA:    11s[>>>>>>>>>>>>>>>>>>>>>>    ] 6666/7824, 103.3 task/s, elapsed: 65s, ETA:    11s[>>>>>>>>>>>>>>>>>>>>>>    ] 6667/7824, 103.3 task/s, elapsed: 65s, ETA:    11s[>>>>>>>>>>>>>>>>>>>>>>    ] 6668/7824, 103.3 task/s, elapsed: 65s, ETA:    11s[>>>>>>>>>>>>>>>>>>>>>>    ] 6669/7824, 103.3 task/s, elapsed: 65s, ETA:    11s[>>>>>>>>>>>>>>>>>>>>>>    ] 6670/7824, 103.3 task/s, elapsed: 65s, ETA:    11s[>>>>>>>>>>>>>>>>>>>>>>    ] 6671/7824, 103.3 task/s, elapsed: 65s, ETA:    11s[>>>>>>>>>>>>>>>>>>>>>>    ] 6672/7824, 103.3 task/s, elapsed: 65s, ETA:    11s[>>>>>>>>>>>>>>>>>>>>>>    ] 6673/7824, 103.3 task/s, elapsed: 65s, ETA:    11s[>>>>>>>>>>>>>>>>>>>>>>    ] 6674/7824, 103.3 task/s, elapsed: 65s, ETA:    11s[>>>>>>>>>>>>>>>>>>>>>>    ] 6675/7824, 103.3 task/s, elapsed: 65s, ETA:    11s[>>>>>>>>>>>>>>>>>>>>>>    ] 6676/7824, 103.3 task/s, elapsed: 65s, ETA:    11s[>>>>>>>>>>>>>>>>>>>>>>    ] 6677/7824, 103.3 task/s, elapsed: 65s, ETA:    11s[>>>>>>>>>>>>>>>>>>>>>>    ] 6678/7824, 103.3 task/s, elapsed: 65s, ETA:    11s[>>>>>>>>>>>>>>>>>>>>>>    ] 6679/7824, 103.3 task/s, elapsed: 65s, ETA:    11s[>>>>>>>>>>>>>>>>>>>>>>    ] 6680/7824, 103.3 task/s, elapsed: 65s, ETA:    11s[>>>>>>>>>>>>>>>>>>>>>>    ] 6681/7824, 103.3 task/s, elapsed: 65s, ETA:    11s[>>>>>>>>>>>>>>>>>>>>>>    ] 6682/7824, 103.3 task/s, elapsed: 65s, ETA:    11s[>>>>>>>>>>>>>>>>>>>>>>    ] 6683/7824, 103.3 task/s, elapsed: 65s, ETA:    11s[>>>>>>>>>>>>>>>>>>>>>>    ] 6684/7824, 103.3 task/s, elapsed: 65s, ETA:    11s[>>>>>>>>>>>>>>>>>>>>>>    ] 6685/7824, 103.3 task/s, elapsed: 65s, ETA:    11s[>>>>>>>>>>>>>>>>>>>>>>    ] 6686/7824, 103.3 task/s, elapsed: 65s, ETA:    11s[>>>>>>>>>>>>>>>>>>>>>>    ] 6687/7824, 103.3 task/s, elapsed: 65s, ETA:    11s[>>>>>>>>>>>>>>>>>>>>>>    ] 6688/7824, 103.3 task/s, elapsed: 65s, ETA:    11s[>>>>>>>>>>>>>>>>>>>>>>    ] 6689/7824, 103.3 task/s, elapsed: 65s, ETA:    11s[>>>>>>>>>>>>>>>>>>>>>>    ] 6690/7824, 103.3 task/s, elapsed: 65s, ETA:    11s[>>>>>>>>>>>>>>>>>>>>>>    ] 6691/7824, 103.3 task/s, elapsed: 65s, ETA:    11s[>>>>>>>>>>>>>>>>>>>>>>    ] 6692/7824, 103.3 task/s, elapsed: 65s, ETA:    11s[>>>>>>>>>>>>>>>>>>>>>>    ] 6693/7824, 103.3 task/s, elapsed: 65s, ETA:    11s[>>>>>>>>>>>>>>>>>>>>>>    ] 6694/7824, 103.3 task/s, elapsed: 65s, ETA:    11s[>>>>>>>>>>>>>>>>>>>>>>    ] 6695/7824, 103.3 task/s, elapsed: 65s, ETA:    11s[>>>>>>>>>>>>>>>>>>>>>>    ] 6696/7824, 103.3 task/s, elapsed: 65s, ETA:    11s[>>>>>>>>>>>>>>>>>>>>>>    ] 6697/7824, 103.3 task/s, elapsed: 65s, ETA:    11s[>>>>>>>>>>>>>>>>>>>>>>    ] 6698/7824, 103.3 task/s, elapsed: 65s, ETA:    11s[>>>>>>>>>>>>>>>>>>>>>>    ] 6699/7824, 103.3 task/s, elapsed: 65s, ETA:    11s[>>>>>>>>>>>>>>>>>>>>>>    ] 6700/7824, 103.3 task/s, elapsed: 65s, ETA:    11s[>>>>>>>>>>>>>>>>>>>>>>    ] 6701/7824, 103.3 task/s, elapsed: 65s, ETA:    11s[>>>>>>>>>>>>>>>>>>>>>>    ] 6702/7824, 103.3 task/s, elapsed: 65s, ETA:    11s[>>>>>>>>>>>>>>>>>>>>>>    ] 6703/7824, 103.3 task/s, elapsed: 65s, ETA:    11s[>>>>>>>>>>>>>>>>>>>>>>    ] 6704/7824, 103.3 task/s, elapsed: 65s, ETA:    11s[>>>>>>>>>>>>>>>>>>>>>>    ] 6705/7824, 103.3 task/s, elapsed: 65s, ETA:    11s[>>>>>>>>>>>>>>>>>>>>>>    ] 6706/7824, 103.3 task/s, elapsed: 65s, ETA:    11s[>>>>>>>>>>>>>>>>>>>>>>    ] 6707/7824, 103.3 task/s, elapsed: 65s, ETA:    11s[>>>>>>>>>>>>>>>>>>>>>>    ] 6708/7824, 103.3 task/s, elapsed: 65s, ETA:    11s[>>>>>>>>>>>>>>>>>>>>>>    ] 6709/7824, 103.3 task/s, elapsed: 65s, ETA:    11s[>>>>>>>>>>>>>>>>>>>>>>    ] 6710/7824, 103.3 task/s, elapsed: 65s, ETA:    11s[>>>>>>>>>>>>>>>>>>>>>>    ] 6711/7824, 103.3 task/s, elapsed: 65s, ETA:    11s[>>>>>>>>>>>>>>>>>>>>>>    ] 6712/7824, 103.3 task/s, elapsed: 65s, ETA:    11s[>>>>>>>>>>>>>>>>>>>>>>    ] 6713/7824, 103.3 task/s, elapsed: 65s, ETA:    11s[>>>>>>>>>>>>>>>>>>>>>>    ] 6714/7824, 103.3 task/s, elapsed: 65s, ETA:    11s[>>>>>>>>>>>>>>>>>>>>>>    ] 6715/7824, 103.3 task/s, elapsed: 65s, ETA:    11s[>>>>>>>>>>>>>>>>>>>>>>    ] 6716/7824, 103.3 task/s, elapsed: 65s, ETA:    11s[>>>>>>>>>>>>>>>>>>>>>>    ] 6717/7824, 103.3 task/s, elapsed: 65s, ETA:    11s[>>>>>>>>>>>>>>>>>>>>>>    ] 6718/7824, 103.3 task/s, elapsed: 65s, ETA:    11s[>>>>>>>>>>>>>>>>>>>>>>    ] 6719/7824, 103.3 task/s, elapsed: 65s, ETA:    11s[>>>>>>>>>>>>>>>>>>>>>>    ] 6720/7824, 103.3 task/s, elapsed: 65s, ETA:    11s[>>>>>>>>>>>>>>>>>>>>>>    ] 6721/7824, 103.3 task/s, elapsed: 65s, ETA:    11s[>>>>>>>>>>>>>>>>>>>>>>    ] 6722/7824, 103.3 task/s, elapsed: 65s, ETA:    11s[>>>>>>>>>>>>>>>>>>>>>>    ] 6723/7824, 103.3 task/s, elapsed: 65s, ETA:    11s[>>>>>>>>>>>>>>>>>>>>>>    ] 6724/7824, 103.3 task/s, elapsed: 65s, ETA:    11s[>>>>>>>>>>>>>>>>>>>>>>    ] 6725/7824, 103.3 task/s, elapsed: 65s, ETA:    11s[>>>>>>>>>>>>>>>>>>>>>>    ] 6726/7824, 103.3 task/s, elapsed: 65s, ETA:    11s[>>>>>>>>>>>>>>>>>>>>>>    ] 6727/7824, 103.3 task/s, elapsed: 65s, ETA:    11s[>>>>>>>>>>>>>>>>>>>>>>    ] 6728/7824, 103.3 task/s, elapsed: 65s, ETA:    11s[>>>>>>>>>>>>>>>>>>>>>>    ] 6729/7824, 103.3 task/s, elapsed: 65s, ETA:    11s[>>>>>>>>>>>>>>>>>>>>>>    ] 6730/7824, 103.3 task/s, elapsed: 65s, ETA:    11s[>>>>>>>>>>>>>>>>>>>>>>    ] 6731/7824, 103.3 task/s, elapsed: 65s, ETA:    11s[>>>>>>>>>>>>>>>>>>>>>>    ] 6732/7824, 103.3 task/s, elapsed: 65s, ETA:    11s[>>>>>>>>>>>>>>>>>>>>>>    ] 6733/7824, 103.3 task/s, elapsed: 65s, ETA:    11s[>>>>>>>>>>>>>>>>>>>>>>    ] 6734/7824, 103.3 task/s, elapsed: 65s, ETA:    11s[>>>>>>>>>>>>>>>>>>>>>>    ] 6735/7824, 103.3 task/s, elapsed: 65s, ETA:    11s[>>>>>>>>>>>>>>>>>>>>>>    ] 6736/7824, 103.4 task/s, elapsed: 65s, ETA:    11s[>>>>>>>>>>>>>>>>>>>>>>    ] 6737/7824, 103.4 task/s, elapsed: 65s, ETA:    11s[>>>>>>>>>>>>>>>>>>>>>>    ] 6738/7824, 103.4 task/s, elapsed: 65s, ETA:    11s[>>>>>>>>>>>>>>>>>>>>>>    ] 6739/7824, 103.4 task/s, elapsed: 65s, ETA:    10s[>>>>>>>>>>>>>>>>>>>>>>    ] 6740/7824, 103.4 task/s, elapsed: 65s, ETA:    10s[>>>>>>>>>>>>>>>>>>>>>>    ] 6741/7824, 103.4 task/s, elapsed: 65s, ETA:    10s[>>>>>>>>>>>>>>>>>>>>>>    ] 6742/7824, 103.4 task/s, elapsed: 65s, ETA:    10s[>>>>>>>>>>>>>>>>>>>>>>    ] 6743/7824, 103.4 task/s, elapsed: 65s, ETA:    10s[>>>>>>>>>>>>>>>>>>>>>>    ] 6744/7824, 103.4 task/s, elapsed: 65s, ETA:    10s[>>>>>>>>>>>>>>>>>>>>>>    ] 6745/7824, 103.4 task/s, elapsed: 65s, ETA:    10s[>>>>>>>>>>>>>>>>>>>>>>    ] 6746/7824, 103.4 task/s, elapsed: 65s, ETA:    10s[>>>>>>>>>>>>>>>>>>>>>>    ] 6747/7824, 103.4 task/s, elapsed: 65s, ETA:    10s[>>>>>>>>>>>>>>>>>>>>>>    ] 6748/7824, 103.4 task/s, elapsed: 65s, ETA:    10s[>>>>>>>>>>>>>>>>>>>>>>    ] 6749/7824, 103.4 task/s, elapsed: 65s, ETA:    10s[>>>>>>>>>>>>>>>>>>>>>>    ] 6750/7824, 103.4 task/s, elapsed: 65s, ETA:    10s[>>>>>>>>>>>>>>>>>>>>>>    ] 6751/7824, 103.4 task/s, elapsed: 65s, ETA:    10s[>>>>>>>>>>>>>>>>>>>>>>    ] 6752/7824, 103.4 task/s, elapsed: 65s, ETA:    10s[>>>>>>>>>>>>>>>>>>>>>>    ] 6753/7824, 103.4 task/s, elapsed: 65s, ETA:    10s[>>>>>>>>>>>>>>>>>>>>>>    ] 6754/7824, 103.4 task/s, elapsed: 65s, ETA:    10s[>>>>>>>>>>>>>>>>>>>>>>    ] 6755/7824, 103.4 task/s, elapsed: 65s, ETA:    10s[>>>>>>>>>>>>>>>>>>>>>>    ] 6756/7824, 103.4 task/s, elapsed: 65s, ETA:    10s[>>>>>>>>>>>>>>>>>>>>>>    ] 6757/7824, 103.4 task/s, elapsed: 65s, ETA:    10s[>>>>>>>>>>>>>>>>>>>>>>    ] 6758/7824, 103.4 task/s, elapsed: 65s, ETA:    10s[>>>>>>>>>>>>>>>>>>>>>>    ] 6759/7824, 103.4 task/s, elapsed: 65s, ETA:    10s[>>>>>>>>>>>>>>>>>>>>>>    ] 6760/7824, 103.4 task/s, elapsed: 65s, ETA:    10s[>>>>>>>>>>>>>>>>>>>>>>    ] 6761/7824, 103.4 task/s, elapsed: 65s, ETA:    10s[>>>>>>>>>>>>>>>>>>>>>>    ] 6762/7824, 103.4 task/s, elapsed: 65s, ETA:    10s[>>>>>>>>>>>>>>>>>>>>>>    ] 6763/7824, 103.4 task/s, elapsed: 65s, ETA:    10s[>>>>>>>>>>>>>>>>>>>>>>    ] 6764/7824, 103.4 task/s, elapsed: 65s, ETA:    10s[>>>>>>>>>>>>>>>>>>>>>>    ] 6765/7824, 103.4 task/s, elapsed: 65s, ETA:    10s[>>>>>>>>>>>>>>>>>>>>>>    ] 6766/7824, 103.4 task/s, elapsed: 65s, ETA:    10s[>>>>>>>>>>>>>>>>>>>>>>    ] 6767/7824, 103.4 task/s, elapsed: 65s, ETA:    10s[>>>>>>>>>>>>>>>>>>>>>>    ] 6768/7824, 103.4 task/s, elapsed: 65s, ETA:    10s[>>>>>>>>>>>>>>>>>>>>>>    ] 6769/7824, 103.4 task/s, elapsed: 65s, ETA:    10s[>>>>>>>>>>>>>>>>>>>>>>    ] 6770/7824, 103.4 task/s, elapsed: 65s, ETA:    10s[>>>>>>>>>>>>>>>>>>>>>>    ] 6771/7824, 103.4 task/s, elapsed: 65s, ETA:    10s[>>>>>>>>>>>>>>>>>>>>>>    ] 6772/7824, 103.4 task/s, elapsed: 65s, ETA:    10s[>>>>>>>>>>>>>>>>>>>>>>    ] 6773/7824, 103.4 task/s, elapsed: 66s, ETA:    10s[>>>>>>>>>>>>>>>>>>>>>>    ] 6774/7824, 103.4 task/s, elapsed: 66s, ETA:    10s[>>>>>>>>>>>>>>>>>>>>>>    ] 6775/7824, 103.4 task/s, elapsed: 66s, ETA:    10s[>>>>>>>>>>>>>>>>>>>>>>    ] 6776/7824, 103.4 task/s, elapsed: 66s, ETA:    10s[>>>>>>>>>>>>>>>>>>>>>>    ] 6777/7824, 103.4 task/s, elapsed: 66s, ETA:    10s[>>>>>>>>>>>>>>>>>>>>>>    ] 6778/7824, 103.4 task/s, elapsed: 66s, ETA:    10s[>>>>>>>>>>>>>>>>>>>>>>    ] 6779/7824, 103.4 task/s, elapsed: 66s, ETA:    10s[>>>>>>>>>>>>>>>>>>>>>>    ] 6780/7824, 103.4 task/s, elapsed: 66s, ETA:    10s[>>>>>>>>>>>>>>>>>>>>>>    ] 6781/7824, 103.4 task/s, elapsed: 66s, ETA:    10s[>>>>>>>>>>>>>>>>>>>>>>    ] 6782/7824, 103.4 task/s, elapsed: 66s, ETA:    10s[>>>>>>>>>>>>>>>>>>>>>>    ] 6783/7824, 103.4 task/s, elapsed: 66s, ETA:    10s[>>>>>>>>>>>>>>>>>>>>>>    ] 6784/7824, 103.4 task/s, elapsed: 66s, ETA:    10s[>>>>>>>>>>>>>>>>>>>>>>    ] 6785/7824, 103.4 task/s, elapsed: 66s, ETA:    10s[>>>>>>>>>>>>>>>>>>>>>>    ] 6786/7824, 103.4 task/s, elapsed: 66s, ETA:    10s[>>>>>>>>>>>>>>>>>>>>>>    ] 6787/7824, 103.4 task/s, elapsed: 66s, ETA:    10s[>>>>>>>>>>>>>>>>>>>>>>    ] 6788/7824, 103.4 task/s, elapsed: 66s, ETA:    10s[>>>>>>>>>>>>>>>>>>>>>>    ] 6789/7824, 103.4 task/s, elapsed: 66s, ETA:    10s[>>>>>>>>>>>>>>>>>>>>>>    ] 6790/7824, 103.4 task/s, elapsed: 66s, ETA:    10s[>>>>>>>>>>>>>>>>>>>>>>    ] 6791/7824, 103.4 task/s, elapsed: 66s, ETA:    10s[>>>>>>>>>>>>>>>>>>>>>>    ] 6792/7824, 103.4 task/s, elapsed: 66s, ETA:    10s[>>>>>>>>>>>>>>>>>>>>>>    ] 6793/7824, 103.4 task/s, elapsed: 66s, ETA:    10s[>>>>>>>>>>>>>>>>>>>>>>    ] 6794/7824, 103.4 task/s, elapsed: 66s, ETA:    10s[>>>>>>>>>>>>>>>>>>>>>>    ] 6795/7824, 103.4 task/s, elapsed: 66s, ETA:    10s[>>>>>>>>>>>>>>>>>>>>>>    ] 6796/7824, 103.4 task/s, elapsed: 66s, ETA:    10s[>>>>>>>>>>>>>>>>>>>>>>    ] 6797/7824, 103.4 task/s, elapsed: 66s, ETA:    10s[>>>>>>>>>>>>>>>>>>>>>>    ] 6798/7824, 103.4 task/s, elapsed: 66s, ETA:    10s[>>>>>>>>>>>>>>>>>>>>>>    ] 6799/7824, 103.4 task/s, elapsed: 66s, ETA:    10s[>>>>>>>>>>>>>>>>>>>>>>    ] 6800/7824, 103.4 task/s, elapsed: 66s, ETA:    10s[>>>>>>>>>>>>>>>>>>>>>>    ] 6801/7824, 103.4 task/s, elapsed: 66s, ETA:    10s[>>>>>>>>>>>>>>>>>>>>>>    ] 6802/7824, 103.4 task/s, elapsed: 66s, ETA:    10s[>>>>>>>>>>>>>>>>>>>>>>    ] 6803/7824, 103.4 task/s, elapsed: 66s, ETA:    10s[>>>>>>>>>>>>>>>>>>>>>>    ] 6804/7824, 103.4 task/s, elapsed: 66s, ETA:    10s[>>>>>>>>>>>>>>>>>>>>>>    ] 6805/7824, 103.4 task/s, elapsed: 66s, ETA:    10s[>>>>>>>>>>>>>>>>>>>>>>    ] 6806/7824, 103.4 task/s, elapsed: 66s, ETA:    10s[>>>>>>>>>>>>>>>>>>>>>>    ] 6807/7824, 103.4 task/s, elapsed: 66s, ETA:    10s[>>>>>>>>>>>>>>>>>>>>>>    ] 6808/7824, 103.4 task/s, elapsed: 66s, ETA:    10s[>>>>>>>>>>>>>>>>>>>>>>    ] 6809/7824, 103.4 task/s, elapsed: 66s, ETA:    10s[>>>>>>>>>>>>>>>>>>>>>>    ] 6810/7824, 103.4 task/s, elapsed: 66s, ETA:    10s[>>>>>>>>>>>>>>>>>>>>>>    ] 6811/7824, 103.4 task/s, elapsed: 66s, ETA:    10s[>>>>>>>>>>>>>>>>>>>>>>    ] 6812/7824, 103.4 task/s, elapsed: 66s, ETA:    10s[>>>>>>>>>>>>>>>>>>>>>>    ] 6813/7824, 103.4 task/s, elapsed: 66s, ETA:    10s[>>>>>>>>>>>>>>>>>>>>>>    ] 6814/7824, 103.4 task/s, elapsed: 66s, ETA:    10s[>>>>>>>>>>>>>>>>>>>>>>    ] 6815/7824, 103.5 task/s, elapsed: 66s, ETA:    10s[>>>>>>>>>>>>>>>>>>>>>>    ] 6816/7824, 103.5 task/s, elapsed: 66s, ETA:    10s[>>>>>>>>>>>>>>>>>>>>>>    ] 6817/7824, 103.5 task/s, elapsed: 66s, ETA:    10s[>>>>>>>>>>>>>>>>>>>>>>    ] 6818/7824, 103.5 task/s, elapsed: 66s, ETA:    10s[>>>>>>>>>>>>>>>>>>>>>>    ] 6819/7824, 103.5 task/s, elapsed: 66s, ETA:    10s[>>>>>>>>>>>>>>>>>>>>>>    ] 6820/7824, 103.5 task/s, elapsed: 66s, ETA:    10s[>>>>>>>>>>>>>>>>>>>>>>    ] 6821/7824, 103.5 task/s, elapsed: 66s, ETA:    10s[>>>>>>>>>>>>>>>>>>>>>>    ] 6822/7824, 103.5 task/s, elapsed: 66s, ETA:    10s[>>>>>>>>>>>>>>>>>>>>>>    ] 6823/7824, 103.5 task/s, elapsed: 66s, ETA:    10s[>>>>>>>>>>>>>>>>>>>>>>    ] 6824/7824, 103.5 task/s, elapsed: 66s, ETA:    10s[>>>>>>>>>>>>>>>>>>>>>>    ] 6825/7824, 103.5 task/s, elapsed: 66s, ETA:    10s[>>>>>>>>>>>>>>>>>>>>>>    ] 6826/7824, 103.5 task/s, elapsed: 66s, ETA:    10s[>>>>>>>>>>>>>>>>>>>>>>    ] 6827/7824, 103.5 task/s, elapsed: 66s, ETA:    10s[>>>>>>>>>>>>>>>>>>>>>>    ] 6828/7824, 103.5 task/s, elapsed: 66s, ETA:    10s[>>>>>>>>>>>>>>>>>>>>>>    ] 6829/7824, 103.5 task/s, elapsed: 66s, ETA:    10s[>>>>>>>>>>>>>>>>>>>>>>    ] 6830/7824, 103.5 task/s, elapsed: 66s, ETA:    10s[>>>>>>>>>>>>>>>>>>>>>>    ] 6831/7824, 103.5 task/s, elapsed: 66s, ETA:    10s[>>>>>>>>>>>>>>>>>>>>>>    ] 6832/7824, 103.5 task/s, elapsed: 66s, ETA:    10s[>>>>>>>>>>>>>>>>>>>>>>    ] 6833/7824, 103.5 task/s, elapsed: 66s, ETA:    10s[>>>>>>>>>>>>>>>>>>>>>>    ] 6834/7824, 103.5 task/s, elapsed: 66s, ETA:    10s[>>>>>>>>>>>>>>>>>>>>>>    ] 6835/7824, 103.5 task/s, elapsed: 66s, ETA:    10s[>>>>>>>>>>>>>>>>>>>>>>    ] 6836/7824, 103.5 task/s, elapsed: 66s, ETA:    10s[>>>>>>>>>>>>>>>>>>>>>>    ] 6837/7824, 103.5 task/s, elapsed: 66s, ETA:    10s[>>>>>>>>>>>>>>>>>>>>>>    ] 6838/7824, 103.5 task/s, elapsed: 66s, ETA:    10s[>>>>>>>>>>>>>>>>>>>>>>    ] 6839/7824, 103.5 task/s, elapsed: 66s, ETA:    10s[>>>>>>>>>>>>>>>>>>>>>>    ] 6840/7824, 103.5 task/s, elapsed: 66s, ETA:    10s[>>>>>>>>>>>>>>>>>>>>>>    ] 6841/7824, 103.5 task/s, elapsed: 66s, ETA:     9s[>>>>>>>>>>>>>>>>>>>>>>    ] 6842/7824, 103.5 task/s, elapsed: 66s, ETA:     9s[>>>>>>>>>>>>>>>>>>>>>>    ] 6843/7824, 103.5 task/s, elapsed: 66s, ETA:     9s[>>>>>>>>>>>>>>>>>>>>>>    ] 6844/7824, 103.5 task/s, elapsed: 66s, ETA:     9s[>>>>>>>>>>>>>>>>>>>>>>    ] 6845/7824, 103.5 task/s, elapsed: 66s, ETA:     9s[>>>>>>>>>>>>>>>>>>>>>>    ] 6846/7824, 103.5 task/s, elapsed: 66s, ETA:     9s[>>>>>>>>>>>>>>>>>>>>>>    ] 6847/7824, 103.5 task/s, elapsed: 66s, ETA:     9s[>>>>>>>>>>>>>>>>>>>>>>    ] 6848/7824, 103.5 task/s, elapsed: 66s, ETA:     9s[>>>>>>>>>>>>>>>>>>>>>>    ] 6849/7824, 103.5 task/s, elapsed: 66s, ETA:     9s[>>>>>>>>>>>>>>>>>>>>>>    ] 6850/7824, 103.5 task/s, elapsed: 66s, ETA:     9s[>>>>>>>>>>>>>>>>>>>>>>    ] 6851/7824, 103.5 task/s, elapsed: 66s, ETA:     9s[>>>>>>>>>>>>>>>>>>>>>>    ] 6852/7824, 103.5 task/s, elapsed: 66s, ETA:     9s[>>>>>>>>>>>>>>>>>>>>>>    ] 6853/7824, 103.5 task/s, elapsed: 66s, ETA:     9s[>>>>>>>>>>>>>>>>>>>>>>    ] 6854/7824, 103.5 task/s, elapsed: 66s, ETA:     9s[>>>>>>>>>>>>>>>>>>>>>>    ] 6855/7824, 103.5 task/s, elapsed: 66s, ETA:     9s[>>>>>>>>>>>>>>>>>>>>>>    ] 6856/7824, 103.5 task/s, elapsed: 66s, ETA:     9s[>>>>>>>>>>>>>>>>>>>>>>    ] 6857/7824, 103.5 task/s, elapsed: 66s, ETA:     9s[>>>>>>>>>>>>>>>>>>>>>>    ] 6858/7824, 103.5 task/s, elapsed: 66s, ETA:     9s[>>>>>>>>>>>>>>>>>>>>>>    ] 6859/7824, 103.5 task/s, elapsed: 66s, ETA:     9s[>>>>>>>>>>>>>>>>>>>>>>    ] 6860/7824, 103.5 task/s, elapsed: 66s, ETA:     9s[>>>>>>>>>>>>>>>>>>>>>>    ] 6861/7824, 103.5 task/s, elapsed: 66s, ETA:     9s[>>>>>>>>>>>>>>>>>>>>>>    ] 6862/7824, 103.5 task/s, elapsed: 66s, ETA:     9s[>>>>>>>>>>>>>>>>>>>>>>    ] 6863/7824, 103.5 task/s, elapsed: 66s, ETA:     9s[>>>>>>>>>>>>>>>>>>>>>>    ] 6864/7824, 103.5 task/s, elapsed: 66s, ETA:     9s[>>>>>>>>>>>>>>>>>>>>>>    ] 6865/7824, 103.5 task/s, elapsed: 66s, ETA:     9s[>>>>>>>>>>>>>>>>>>>>>>    ] 6866/7824, 103.5 task/s, elapsed: 66s, ETA:     9s[>>>>>>>>>>>>>>>>>>>>>>    ] 6867/7824, 103.5 task/s, elapsed: 66s, ETA:     9s[>>>>>>>>>>>>>>>>>>>>>>    ] 6868/7824, 103.5 task/s, elapsed: 66s, ETA:     9s[>>>>>>>>>>>>>>>>>>>>>>    ] 6869/7824, 103.5 task/s, elapsed: 66s, ETA:     9s[>>>>>>>>>>>>>>>>>>>>>>    ] 6870/7824, 103.5 task/s, elapsed: 66s, ETA:     9s[>>>>>>>>>>>>>>>>>>>>>>    ] 6871/7824, 103.5 task/s, elapsed: 66s, ETA:     9s[>>>>>>>>>>>>>>>>>>>>>>    ] 6872/7824, 103.5 task/s, elapsed: 66s, ETA:     9s[>>>>>>>>>>>>>>>>>>>>>>    ] 6873/7824, 103.5 task/s, elapsed: 66s, ETA:     9s[>>>>>>>>>>>>>>>>>>>>>>    ] 6874/7824, 103.5 task/s, elapsed: 66s, ETA:     9s[>>>>>>>>>>>>>>>>>>>>>>    ] 6875/7824, 103.5 task/s, elapsed: 66s, ETA:     9s[>>>>>>>>>>>>>>>>>>>>>>    ] 6876/7824, 103.5 task/s, elapsed: 66s, ETA:     9s[>>>>>>>>>>>>>>>>>>>>>>    ] 6877/7824, 103.5 task/s, elapsed: 66s, ETA:     9s[>>>>>>>>>>>>>>>>>>>>>>    ] 6878/7824, 103.5 task/s, elapsed: 66s, ETA:     9s[>>>>>>>>>>>>>>>>>>>>>>    ] 6879/7824, 103.5 task/s, elapsed: 66s, ETA:     9s[>>>>>>>>>>>>>>>>>>>>>>    ] 6880/7824, 103.5 task/s, elapsed: 66s, ETA:     9s[>>>>>>>>>>>>>>>>>>>>>>    ] 6881/7824, 103.5 task/s, elapsed: 66s, ETA:     9s[>>>>>>>>>>>>>>>>>>>>>>    ] 6882/7824, 103.5 task/s, elapsed: 66s, ETA:     9s[>>>>>>>>>>>>>>>>>>>>>>    ] 6883/7824, 103.5 task/s, elapsed: 66s, ETA:     9s[>>>>>>>>>>>>>>>>>>>>>>    ] 6884/7824, 103.5 task/s, elapsed: 66s, ETA:     9s[>>>>>>>>>>>>>>>>>>>>>>    ] 6885/7824, 103.5 task/s, elapsed: 66s, ETA:     9s[>>>>>>>>>>>>>>>>>>>>>>    ] 6886/7824, 103.5 task/s, elapsed: 67s, ETA:     9s[>>>>>>>>>>>>>>>>>>>>>>    ] 6887/7824, 103.5 task/s, elapsed: 67s, ETA:     9s[>>>>>>>>>>>>>>>>>>>>>>    ] 6888/7824, 103.5 task/s, elapsed: 67s, ETA:     9s[>>>>>>>>>>>>>>>>>>>>>>    ] 6889/7824, 103.5 task/s, elapsed: 67s, ETA:     9s[>>>>>>>>>>>>>>>>>>>>>>    ] 6890/7824, 103.5 task/s, elapsed: 67s, ETA:     9s[>>>>>>>>>>>>>>>>>>>>>>    ] 6891/7824, 103.5 task/s, elapsed: 67s, ETA:     9s[>>>>>>>>>>>>>>>>>>>>>>    ] 6892/7824, 103.5 task/s, elapsed: 67s, ETA:     9s[>>>>>>>>>>>>>>>>>>>>>>    ] 6893/7824, 103.5 task/s, elapsed: 67s, ETA:     9s[>>>>>>>>>>>>>>>>>>>>>>    ] 6894/7824, 103.5 task/s, elapsed: 67s, ETA:     9s[>>>>>>>>>>>>>>>>>>>>>>    ] 6895/7824, 103.6 task/s, elapsed: 67s, ETA:     9s[>>>>>>>>>>>>>>>>>>>>>>    ] 6896/7824, 103.6 task/s, elapsed: 67s, ETA:     9s[>>>>>>>>>>>>>>>>>>>>>>    ] 6897/7824, 103.6 task/s, elapsed: 67s, ETA:     9s[>>>>>>>>>>>>>>>>>>>>>>    ] 6898/7824, 103.6 task/s, elapsed: 67s, ETA:     9s[>>>>>>>>>>>>>>>>>>>>>>    ] 6899/7824, 103.6 task/s, elapsed: 67s, ETA:     9s[>>>>>>>>>>>>>>>>>>>>>>    ] 6900/7824, 103.6 task/s, elapsed: 67s, ETA:     9s[>>>>>>>>>>>>>>>>>>>>>>    ] 6901/7824, 103.6 task/s, elapsed: 67s, ETA:     9s[>>>>>>>>>>>>>>>>>>>>>>    ] 6902/7824, 103.6 task/s, elapsed: 67s, ETA:     9s[>>>>>>>>>>>>>>>>>>>>>>    ] 6903/7824, 103.6 task/s, elapsed: 67s, ETA:     9s[>>>>>>>>>>>>>>>>>>>>>>    ] 6904/7824, 103.6 task/s, elapsed: 67s, ETA:     9s[>>>>>>>>>>>>>>>>>>>>>>    ] 6905/7824, 103.6 task/s, elapsed: 67s, ETA:     9s[>>>>>>>>>>>>>>>>>>>>>>    ] 6906/7824, 103.6 task/s, elapsed: 67s, ETA:     9s[>>>>>>>>>>>>>>>>>>>>>>    ] 6907/7824, 103.6 task/s, elapsed: 67s, ETA:     9s[>>>>>>>>>>>>>>>>>>>>>>    ] 6908/7824, 103.6 task/s, elapsed: 67s, ETA:     9s[>>>>>>>>>>>>>>>>>>>>>>    ] 6909/7824, 103.6 task/s, elapsed: 67s, ETA:     9s[>>>>>>>>>>>>>>>>>>>>>>    ] 6910/7824, 103.6 task/s, elapsed: 67s, ETA:     9s[>>>>>>>>>>>>>>>>>>>>>>    ] 6911/7824, 103.6 task/s, elapsed: 67s, ETA:     9s[>>>>>>>>>>>>>>>>>>>>>>    ] 6912/7824, 103.6 task/s, elapsed: 67s, ETA:     9s[>>>>>>>>>>>>>>>>>>>>>>    ] 6913/7824, 103.6 task/s, elapsed: 67s, ETA:     9s[>>>>>>>>>>>>>>>>>>>>>>    ] 6914/7824, 103.6 task/s, elapsed: 67s, ETA:     9s[>>>>>>>>>>>>>>>>>>>>>>    ] 6915/7824, 103.6 task/s, elapsed: 67s, ETA:     9s[>>>>>>>>>>>>>>>>>>>>>>    ] 6916/7824, 103.6 task/s, elapsed: 67s, ETA:     9s[>>>>>>>>>>>>>>>>>>>>>>    ] 6917/7824, 103.6 task/s, elapsed: 67s, ETA:     9s[>>>>>>>>>>>>>>>>>>>>>>    ] 6918/7824, 103.6 task/s, elapsed: 67s, ETA:     9s[>>>>>>>>>>>>>>>>>>>>>>    ] 6919/7824, 103.6 task/s, elapsed: 67s, ETA:     9s[>>>>>>>>>>>>>>>>>>>>>>    ] 6920/7824, 103.6 task/s, elapsed: 67s, ETA:     9s[>>>>>>>>>>>>>>>>>>>>>>    ] 6921/7824, 103.6 task/s, elapsed: 67s, ETA:     9s[>>>>>>>>>>>>>>>>>>>>>>>   ] 6922/7824, 103.6 task/s, elapsed: 67s, ETA:     9s[>>>>>>>>>>>>>>>>>>>>>>>   ] 6923/7824, 103.6 task/s, elapsed: 67s, ETA:     9s[>>>>>>>>>>>>>>>>>>>>>>>   ] 6924/7824, 103.6 task/s, elapsed: 67s, ETA:     9s[>>>>>>>>>>>>>>>>>>>>>>>   ] 6925/7824, 103.6 task/s, elapsed: 67s, ETA:     9s[>>>>>>>>>>>>>>>>>>>>>>>   ] 6926/7824, 103.6 task/s, elapsed: 67s, ETA:     9s[>>>>>>>>>>>>>>>>>>>>>>>   ] 6927/7824, 103.6 task/s, elapsed: 67s, ETA:     9s[>>>>>>>>>>>>>>>>>>>>>>>   ] 6928/7824, 103.6 task/s, elapsed: 67s, ETA:     9s[>>>>>>>>>>>>>>>>>>>>>>>   ] 6929/7824, 103.6 task/s, elapsed: 67s, ETA:     9s[>>>>>>>>>>>>>>>>>>>>>>>   ] 6930/7824, 103.6 task/s, elapsed: 67s, ETA:     9s[>>>>>>>>>>>>>>>>>>>>>>>   ] 6931/7824, 103.6 task/s, elapsed: 67s, ETA:     9s[>>>>>>>>>>>>>>>>>>>>>>>   ] 6932/7824, 103.6 task/s, elapsed: 67s, ETA:     9s[>>>>>>>>>>>>>>>>>>>>>>>   ] 6933/7824, 103.6 task/s, elapsed: 67s, ETA:     9s[>>>>>>>>>>>>>>>>>>>>>>>   ] 6934/7824, 103.6 task/s, elapsed: 67s, ETA:     9s[>>>>>>>>>>>>>>>>>>>>>>>   ] 6935/7824, 103.6 task/s, elapsed: 67s, ETA:     9s[>>>>>>>>>>>>>>>>>>>>>>>   ] 6936/7824, 103.6 task/s, elapsed: 67s, ETA:     9s[>>>>>>>>>>>>>>>>>>>>>>>   ] 6937/7824, 103.6 task/s, elapsed: 67s, ETA:     9s[>>>>>>>>>>>>>>>>>>>>>>>   ] 6938/7824, 103.6 task/s, elapsed: 67s, ETA:     9s[>>>>>>>>>>>>>>>>>>>>>>>   ] 6939/7824, 103.6 task/s, elapsed: 67s, ETA:     9s[>>>>>>>>>>>>>>>>>>>>>>>   ] 6940/7824, 103.6 task/s, elapsed: 67s, ETA:     9s[>>>>>>>>>>>>>>>>>>>>>>>   ] 6941/7824, 103.6 task/s, elapsed: 67s, ETA:     9s[>>>>>>>>>>>>>>>>>>>>>>>   ] 6942/7824, 103.6 task/s, elapsed: 67s, ETA:     9s[>>>>>>>>>>>>>>>>>>>>>>>   ] 6943/7824, 103.6 task/s, elapsed: 67s, ETA:     9s[>>>>>>>>>>>>>>>>>>>>>>>   ] 6944/7824, 103.6 task/s, elapsed: 67s, ETA:     8s[>>>>>>>>>>>>>>>>>>>>>>>   ] 6945/7824, 103.6 task/s, elapsed: 67s, ETA:     8s[>>>>>>>>>>>>>>>>>>>>>>>   ] 6946/7824, 103.6 task/s, elapsed: 67s, ETA:     8s[>>>>>>>>>>>>>>>>>>>>>>>   ] 6947/7824, 103.6 task/s, elapsed: 67s, ETA:     8s[>>>>>>>>>>>>>>>>>>>>>>>   ] 6948/7824, 103.6 task/s, elapsed: 67s, ETA:     8s[>>>>>>>>>>>>>>>>>>>>>>>   ] 6949/7824, 103.6 task/s, elapsed: 67s, ETA:     8s[>>>>>>>>>>>>>>>>>>>>>>>   ] 6950/7824, 103.6 task/s, elapsed: 67s, ETA:     8s[>>>>>>>>>>>>>>>>>>>>>>>   ] 6951/7824, 103.6 task/s, elapsed: 67s, ETA:     8s[>>>>>>>>>>>>>>>>>>>>>>>   ] 6952/7824, 103.6 task/s, elapsed: 67s, ETA:     8s[>>>>>>>>>>>>>>>>>>>>>>>   ] 6953/7824, 103.6 task/s, elapsed: 67s, ETA:     8s[>>>>>>>>>>>>>>>>>>>>>>>   ] 6954/7824, 103.6 task/s, elapsed: 67s, ETA:     8s[>>>>>>>>>>>>>>>>>>>>>>>   ] 6955/7824, 103.6 task/s, elapsed: 67s, ETA:     8s[>>>>>>>>>>>>>>>>>>>>>>>   ] 6956/7824, 103.6 task/s, elapsed: 67s, ETA:     8s[>>>>>>>>>>>>>>>>>>>>>>>   ] 6957/7824, 103.6 task/s, elapsed: 67s, ETA:     8s[>>>>>>>>>>>>>>>>>>>>>>>   ] 6958/7824, 103.6 task/s, elapsed: 67s, ETA:     8s[>>>>>>>>>>>>>>>>>>>>>>>   ] 6959/7824, 103.6 task/s, elapsed: 67s, ETA:     8s[>>>>>>>>>>>>>>>>>>>>>>>   ] 6960/7824, 103.6 task/s, elapsed: 67s, ETA:     8s[>>>>>>>>>>>>>>>>>>>>>>>   ] 6961/7824, 103.6 task/s, elapsed: 67s, ETA:     8s[>>>>>>>>>>>>>>>>>>>>>>>   ] 6962/7824, 103.6 task/s, elapsed: 67s, ETA:     8s[>>>>>>>>>>>>>>>>>>>>>>>   ] 6963/7824, 103.6 task/s, elapsed: 67s, ETA:     8s[>>>>>>>>>>>>>>>>>>>>>>>   ] 6964/7824, 103.6 task/s, elapsed: 67s, ETA:     8s[>>>>>>>>>>>>>>>>>>>>>>>   ] 6965/7824, 103.6 task/s, elapsed: 67s, ETA:     8s[>>>>>>>>>>>>>>>>>>>>>>>   ] 6966/7824, 103.6 task/s, elapsed: 67s, ETA:     8s[>>>>>>>>>>>>>>>>>>>>>>>   ] 6967/7824, 103.6 task/s, elapsed: 67s, ETA:     8s[>>>>>>>>>>>>>>>>>>>>>>>   ] 6968/7824, 103.6 task/s, elapsed: 67s, ETA:     8s[>>>>>>>>>>>>>>>>>>>>>>>   ] 6969/7824, 103.6 task/s, elapsed: 67s, ETA:     8s[>>>>>>>>>>>>>>>>>>>>>>>   ] 6970/7824, 103.6 task/s, elapsed: 67s, ETA:     8s[>>>>>>>>>>>>>>>>>>>>>>>   ] 6971/7824, 103.7 task/s, elapsed: 67s, ETA:     8s[>>>>>>>>>>>>>>>>>>>>>>>   ] 6972/7824, 103.7 task/s, elapsed: 67s, ETA:     8s[>>>>>>>>>>>>>>>>>>>>>>>   ] 6973/7824, 103.7 task/s, elapsed: 67s, ETA:     8s[>>>>>>>>>>>>>>>>>>>>>>>   ] 6974/7824, 103.7 task/s, elapsed: 67s, ETA:     8s[>>>>>>>>>>>>>>>>>>>>>>>   ] 6975/7824, 103.7 task/s, elapsed: 67s, ETA:     8s[>>>>>>>>>>>>>>>>>>>>>>>   ] 6976/7824, 103.7 task/s, elapsed: 67s, ETA:     8s[>>>>>>>>>>>>>>>>>>>>>>>   ] 6977/7824, 103.7 task/s, elapsed: 67s, ETA:     8s[>>>>>>>>>>>>>>>>>>>>>>>   ] 6978/7824, 103.7 task/s, elapsed: 67s, ETA:     8s[>>>>>>>>>>>>>>>>>>>>>>>   ] 6979/7824, 103.7 task/s, elapsed: 67s, ETA:     8s[>>>>>>>>>>>>>>>>>>>>>>>   ] 6980/7824, 103.7 task/s, elapsed: 67s, ETA:     8s[>>>>>>>>>>>>>>>>>>>>>>>   ] 6981/7824, 103.7 task/s, elapsed: 67s, ETA:     8s[>>>>>>>>>>>>>>>>>>>>>>>   ] 6982/7824, 103.7 task/s, elapsed: 67s, ETA:     8s[>>>>>>>>>>>>>>>>>>>>>>>   ] 6983/7824, 103.7 task/s, elapsed: 67s, ETA:     8s[>>>>>>>>>>>>>>>>>>>>>>>   ] 6984/7824, 103.7 task/s, elapsed: 67s, ETA:     8s[>>>>>>>>>>>>>>>>>>>>>>>   ] 6985/7824, 103.7 task/s, elapsed: 67s, ETA:     8s[>>>>>>>>>>>>>>>>>>>>>>>   ] 6986/7824, 103.7 task/s, elapsed: 67s, ETA:     8s[>>>>>>>>>>>>>>>>>>>>>>>   ] 6987/7824, 103.7 task/s, elapsed: 67s, ETA:     8s[>>>>>>>>>>>>>>>>>>>>>>>   ] 6988/7824, 103.7 task/s, elapsed: 67s, ETA:     8s[>>>>>>>>>>>>>>>>>>>>>>>   ] 6989/7824, 103.7 task/s, elapsed: 67s, ETA:     8s[>>>>>>>>>>>>>>>>>>>>>>>   ] 6990/7824, 103.7 task/s, elapsed: 67s, ETA:     8s[>>>>>>>>>>>>>>>>>>>>>>>   ] 6991/7824, 103.7 task/s, elapsed: 67s, ETA:     8s[>>>>>>>>>>>>>>>>>>>>>>>   ] 6992/7824, 103.7 task/s, elapsed: 67s, ETA:     8s[>>>>>>>>>>>>>>>>>>>>>>>   ] 6993/7824, 103.7 task/s, elapsed: 67s, ETA:     8s[>>>>>>>>>>>>>>>>>>>>>>>   ] 6994/7824, 103.7 task/s, elapsed: 67s, ETA:     8s[>>>>>>>>>>>>>>>>>>>>>>>   ] 6995/7824, 103.7 task/s, elapsed: 67s, ETA:     8s[>>>>>>>>>>>>>>>>>>>>>>>   ] 6996/7824, 103.7 task/s, elapsed: 67s, ETA:     8s[>>>>>>>>>>>>>>>>>>>>>>>   ] 6997/7824, 103.7 task/s, elapsed: 67s, ETA:     8s[>>>>>>>>>>>>>>>>>>>>>>>   ] 6998/7824, 103.7 task/s, elapsed: 67s, ETA:     8s[>>>>>>>>>>>>>>>>>>>>>>>   ] 6999/7824, 103.7 task/s, elapsed: 68s, ETA:     8s[>>>>>>>>>>>>>>>>>>>>>>>   ] 7000/7824, 103.7 task/s, elapsed: 68s, ETA:     8s[>>>>>>>>>>>>>>>>>>>>>>>   ] 7001/7824, 103.7 task/s, elapsed: 68s, ETA:     8s[>>>>>>>>>>>>>>>>>>>>>>>   ] 7002/7824, 103.7 task/s, elapsed: 68s, ETA:     8s[>>>>>>>>>>>>>>>>>>>>>>>   ] 7003/7824, 103.7 task/s, elapsed: 68s, ETA:     8s[>>>>>>>>>>>>>>>>>>>>>>>   ] 7004/7824, 103.7 task/s, elapsed: 68s, ETA:     8s[>>>>>>>>>>>>>>>>>>>>>>>   ] 7005/7824, 103.7 task/s, elapsed: 68s, ETA:     8s[>>>>>>>>>>>>>>>>>>>>>>>   ] 7006/7824, 103.7 task/s, elapsed: 68s, ETA:     8s[>>>>>>>>>>>>>>>>>>>>>>>   ] 7007/7824, 103.7 task/s, elapsed: 68s, ETA:     8s[>>>>>>>>>>>>>>>>>>>>>>>   ] 7008/7824, 103.7 task/s, elapsed: 68s, ETA:     8s[>>>>>>>>>>>>>>>>>>>>>>>   ] 7009/7824, 103.7 task/s, elapsed: 68s, ETA:     8s[>>>>>>>>>>>>>>>>>>>>>>>   ] 7010/7824, 103.7 task/s, elapsed: 68s, ETA:     8s[>>>>>>>>>>>>>>>>>>>>>>>   ] 7011/7824, 103.7 task/s, elapsed: 68s, ETA:     8s[>>>>>>>>>>>>>>>>>>>>>>>   ] 7012/7824, 103.7 task/s, elapsed: 68s, ETA:     8s[>>>>>>>>>>>>>>>>>>>>>>>   ] 7013/7824, 103.7 task/s, elapsed: 68s, ETA:     8s[>>>>>>>>>>>>>>>>>>>>>>>   ] 7014/7824, 103.7 task/s, elapsed: 68s, ETA:     8s[>>>>>>>>>>>>>>>>>>>>>>>   ] 7015/7824, 103.7 task/s, elapsed: 68s, ETA:     8s[>>>>>>>>>>>>>>>>>>>>>>>   ] 7016/7824, 103.7 task/s, elapsed: 68s, ETA:     8s[>>>>>>>>>>>>>>>>>>>>>>>   ] 7017/7824, 103.7 task/s, elapsed: 68s, ETA:     8s[>>>>>>>>>>>>>>>>>>>>>>>   ] 7018/7824, 103.7 task/s, elapsed: 68s, ETA:     8s[>>>>>>>>>>>>>>>>>>>>>>>   ] 7019/7824, 103.7 task/s, elapsed: 68s, ETA:     8s[>>>>>>>>>>>>>>>>>>>>>>>   ] 7020/7824, 103.7 task/s, elapsed: 68s, ETA:     8s[>>>>>>>>>>>>>>>>>>>>>>>   ] 7021/7824, 103.7 task/s, elapsed: 68s, ETA:     8s[>>>>>>>>>>>>>>>>>>>>>>>   ] 7022/7824, 103.7 task/s, elapsed: 68s, ETA:     8s[>>>>>>>>>>>>>>>>>>>>>>>   ] 7023/7824, 103.7 task/s, elapsed: 68s, ETA:     8s[>>>>>>>>>>>>>>>>>>>>>>>   ] 7024/7824, 103.7 task/s, elapsed: 68s, ETA:     8s[>>>>>>>>>>>>>>>>>>>>>>>   ] 7025/7824, 103.7 task/s, elapsed: 68s, ETA:     8s[>>>>>>>>>>>>>>>>>>>>>>>   ] 7026/7824, 103.7 task/s, elapsed: 68s, ETA:     8s[>>>>>>>>>>>>>>>>>>>>>>>   ] 7027/7824, 103.7 task/s, elapsed: 68s, ETA:     8s[>>>>>>>>>>>>>>>>>>>>>>>   ] 7028/7824, 103.7 task/s, elapsed: 68s, ETA:     8s[>>>>>>>>>>>>>>>>>>>>>>>   ] 7029/7824, 103.7 task/s, elapsed: 68s, ETA:     8s[>>>>>>>>>>>>>>>>>>>>>>>   ] 7030/7824, 103.7 task/s, elapsed: 68s, ETA:     8s[>>>>>>>>>>>>>>>>>>>>>>>   ] 7031/7824, 103.7 task/s, elapsed: 68s, ETA:     8s[>>>>>>>>>>>>>>>>>>>>>>>   ] 7032/7824, 103.7 task/s, elapsed: 68s, ETA:     8s[>>>>>>>>>>>>>>>>>>>>>>>   ] 7033/7824, 103.7 task/s, elapsed: 68s, ETA:     8s[>>>>>>>>>>>>>>>>>>>>>>>   ] 7034/7824, 103.7 task/s, elapsed: 68s, ETA:     8s[>>>>>>>>>>>>>>>>>>>>>>>   ] 7035/7824, 103.7 task/s, elapsed: 68s, ETA:     8s[>>>>>>>>>>>>>>>>>>>>>>>   ] 7036/7824, 103.7 task/s, elapsed: 68s, ETA:     8s[>>>>>>>>>>>>>>>>>>>>>>>   ] 7037/7824, 103.7 task/s, elapsed: 68s, ETA:     8s[>>>>>>>>>>>>>>>>>>>>>>>   ] 7038/7824, 103.7 task/s, elapsed: 68s, ETA:     8s[>>>>>>>>>>>>>>>>>>>>>>>   ] 7039/7824, 103.7 task/s, elapsed: 68s, ETA:     8s[>>>>>>>>>>>>>>>>>>>>>>>   ] 7040/7824, 103.7 task/s, elapsed: 68s, ETA:     8s[>>>>>>>>>>>>>>>>>>>>>>>   ] 7041/7824, 103.7 task/s, elapsed: 68s, ETA:     8s[>>>>>>>>>>>>>>>>>>>>>>>   ] 7042/7824, 103.7 task/s, elapsed: 68s, ETA:     8s[>>>>>>>>>>>>>>>>>>>>>>>   ] 7043/7824, 103.7 task/s, elapsed: 68s, ETA:     8s[>>>>>>>>>>>>>>>>>>>>>>>   ] 7044/7824, 103.7 task/s, elapsed: 68s, ETA:     8s[>>>>>>>>>>>>>>>>>>>>>>>   ] 7045/7824, 103.7 task/s, elapsed: 68s, ETA:     8s[>>>>>>>>>>>>>>>>>>>>>>>   ] 7046/7824, 103.7 task/s, elapsed: 68s, ETA:     7s[>>>>>>>>>>>>>>>>>>>>>>>   ] 7047/7824, 103.7 task/s, elapsed: 68s, ETA:     7s[>>>>>>>>>>>>>>>>>>>>>>>   ] 7048/7824, 103.7 task/s, elapsed: 68s, ETA:     7s[>>>>>>>>>>>>>>>>>>>>>>>   ] 7049/7824, 103.7 task/s, elapsed: 68s, ETA:     7s[>>>>>>>>>>>>>>>>>>>>>>>   ] 7050/7824, 103.7 task/s, elapsed: 68s, ETA:     7s[>>>>>>>>>>>>>>>>>>>>>>>   ] 7051/7824, 103.7 task/s, elapsed: 68s, ETA:     7s[>>>>>>>>>>>>>>>>>>>>>>>   ] 7052/7824, 103.7 task/s, elapsed: 68s, ETA:     7s[>>>>>>>>>>>>>>>>>>>>>>>   ] 7053/7824, 103.7 task/s, elapsed: 68s, ETA:     7s[>>>>>>>>>>>>>>>>>>>>>>>   ] 7054/7824, 103.7 task/s, elapsed: 68s, ETA:     7s[>>>>>>>>>>>>>>>>>>>>>>>   ] 7055/7824, 103.7 task/s, elapsed: 68s, ETA:     7s[>>>>>>>>>>>>>>>>>>>>>>>   ] 7056/7824, 103.7 task/s, elapsed: 68s, ETA:     7s[>>>>>>>>>>>>>>>>>>>>>>>   ] 7057/7824, 103.7 task/s, elapsed: 68s, ETA:     7s[>>>>>>>>>>>>>>>>>>>>>>>   ] 7058/7824, 103.7 task/s, elapsed: 68s, ETA:     7s[>>>>>>>>>>>>>>>>>>>>>>>   ] 7059/7824, 103.7 task/s, elapsed: 68s, ETA:     7s[>>>>>>>>>>>>>>>>>>>>>>>   ] 7060/7824, 103.7 task/s, elapsed: 68s, ETA:     7s[>>>>>>>>>>>>>>>>>>>>>>>   ] 7061/7824, 103.8 task/s, elapsed: 68s, ETA:     7s[>>>>>>>>>>>>>>>>>>>>>>>   ] 7062/7824, 103.8 task/s, elapsed: 68s, ETA:     7s[>>>>>>>>>>>>>>>>>>>>>>>   ] 7063/7824, 103.8 task/s, elapsed: 68s, ETA:     7s[>>>>>>>>>>>>>>>>>>>>>>>   ] 7064/7824, 103.8 task/s, elapsed: 68s, ETA:     7s[>>>>>>>>>>>>>>>>>>>>>>>   ] 7065/7824, 103.8 task/s, elapsed: 68s, ETA:     7s[>>>>>>>>>>>>>>>>>>>>>>>   ] 7066/7824, 103.8 task/s, elapsed: 68s, ETA:     7s[>>>>>>>>>>>>>>>>>>>>>>>   ] 7067/7824, 103.8 task/s, elapsed: 68s, ETA:     7s[>>>>>>>>>>>>>>>>>>>>>>>   ] 7068/7824, 103.8 task/s, elapsed: 68s, ETA:     7s[>>>>>>>>>>>>>>>>>>>>>>>   ] 7069/7824, 103.8 task/s, elapsed: 68s, ETA:     7s[>>>>>>>>>>>>>>>>>>>>>>>   ] 7070/7824, 103.8 task/s, elapsed: 68s, ETA:     7s[>>>>>>>>>>>>>>>>>>>>>>>   ] 7071/7824, 103.8 task/s, elapsed: 68s, ETA:     7s[>>>>>>>>>>>>>>>>>>>>>>>   ] 7072/7824, 103.8 task/s, elapsed: 68s, ETA:     7s[>>>>>>>>>>>>>>>>>>>>>>>   ] 7073/7824, 103.8 task/s, elapsed: 68s, ETA:     7s[>>>>>>>>>>>>>>>>>>>>>>>   ] 7074/7824, 103.8 task/s, elapsed: 68s, ETA:     7s[>>>>>>>>>>>>>>>>>>>>>>>   ] 7075/7824, 103.8 task/s, elapsed: 68s, ETA:     7s[>>>>>>>>>>>>>>>>>>>>>>>   ] 7076/7824, 103.8 task/s, elapsed: 68s, ETA:     7s[>>>>>>>>>>>>>>>>>>>>>>>   ] 7077/7824, 103.8 task/s, elapsed: 68s, ETA:     7s[>>>>>>>>>>>>>>>>>>>>>>>   ] 7078/7824, 103.8 task/s, elapsed: 68s, ETA:     7s[>>>>>>>>>>>>>>>>>>>>>>>   ] 7079/7824, 103.8 task/s, elapsed: 68s, ETA:     7s[>>>>>>>>>>>>>>>>>>>>>>>   ] 7080/7824, 103.8 task/s, elapsed: 68s, ETA:     7s[>>>>>>>>>>>>>>>>>>>>>>>   ] 7081/7824, 103.8 task/s, elapsed: 68s, ETA:     7s[>>>>>>>>>>>>>>>>>>>>>>>   ] 7082/7824, 103.8 task/s, elapsed: 68s, ETA:     7s[>>>>>>>>>>>>>>>>>>>>>>>   ] 7083/7824, 103.8 task/s, elapsed: 68s, ETA:     7s[>>>>>>>>>>>>>>>>>>>>>>>   ] 7084/7824, 103.8 task/s, elapsed: 68s, ETA:     7s[>>>>>>>>>>>>>>>>>>>>>>>   ] 7085/7824, 103.8 task/s, elapsed: 68s, ETA:     7s[>>>>>>>>>>>>>>>>>>>>>>>   ] 7086/7824, 103.8 task/s, elapsed: 68s, ETA:     7s[>>>>>>>>>>>>>>>>>>>>>>>   ] 7087/7824, 103.8 task/s, elapsed: 68s, ETA:     7s[>>>>>>>>>>>>>>>>>>>>>>>   ] 7088/7824, 103.8 task/s, elapsed: 68s, ETA:     7s[>>>>>>>>>>>>>>>>>>>>>>>   ] 7089/7824, 103.8 task/s, elapsed: 68s, ETA:     7s[>>>>>>>>>>>>>>>>>>>>>>>   ] 7090/7824, 103.8 task/s, elapsed: 68s, ETA:     7s[>>>>>>>>>>>>>>>>>>>>>>>   ] 7091/7824, 103.8 task/s, elapsed: 68s, ETA:     7s[>>>>>>>>>>>>>>>>>>>>>>>   ] 7092/7824, 103.8 task/s, elapsed: 68s, ETA:     7s[>>>>>>>>>>>>>>>>>>>>>>>   ] 7093/7824, 103.8 task/s, elapsed: 68s, ETA:     7s[>>>>>>>>>>>>>>>>>>>>>>>   ] 7094/7824, 103.8 task/s, elapsed: 68s, ETA:     7s[>>>>>>>>>>>>>>>>>>>>>>>   ] 7095/7824, 103.8 task/s, elapsed: 68s, ETA:     7s[>>>>>>>>>>>>>>>>>>>>>>>   ] 7096/7824, 103.8 task/s, elapsed: 68s, ETA:     7s[>>>>>>>>>>>>>>>>>>>>>>>   ] 7097/7824, 103.8 task/s, elapsed: 68s, ETA:     7s[>>>>>>>>>>>>>>>>>>>>>>>   ] 7098/7824, 103.8 task/s, elapsed: 68s, ETA:     7s[>>>>>>>>>>>>>>>>>>>>>>>   ] 7099/7824, 103.8 task/s, elapsed: 68s, ETA:     7s[>>>>>>>>>>>>>>>>>>>>>>>   ] 7100/7824, 103.8 task/s, elapsed: 68s, ETA:     7s[>>>>>>>>>>>>>>>>>>>>>>>   ] 7101/7824, 103.8 task/s, elapsed: 68s, ETA:     7s[>>>>>>>>>>>>>>>>>>>>>>>   ] 7102/7824, 103.8 task/s, elapsed: 68s, ETA:     7s[>>>>>>>>>>>>>>>>>>>>>>>   ] 7103/7824, 103.8 task/s, elapsed: 68s, ETA:     7s[>>>>>>>>>>>>>>>>>>>>>>>   ] 7104/7824, 103.8 task/s, elapsed: 68s, ETA:     7s[>>>>>>>>>>>>>>>>>>>>>>>   ] 7105/7824, 103.8 task/s, elapsed: 68s, ETA:     7s[>>>>>>>>>>>>>>>>>>>>>>>   ] 7106/7824, 103.8 task/s, elapsed: 68s, ETA:     7s[>>>>>>>>>>>>>>>>>>>>>>>   ] 7107/7824, 103.8 task/s, elapsed: 68s, ETA:     7s[>>>>>>>>>>>>>>>>>>>>>>>   ] 7108/7824, 103.8 task/s, elapsed: 68s, ETA:     7s[>>>>>>>>>>>>>>>>>>>>>>>   ] 7109/7824, 103.8 task/s, elapsed: 68s, ETA:     7s[>>>>>>>>>>>>>>>>>>>>>>>   ] 7110/7824, 103.8 task/s, elapsed: 68s, ETA:     7s[>>>>>>>>>>>>>>>>>>>>>>>   ] 7111/7824, 103.8 task/s, elapsed: 69s, ETA:     7s[>>>>>>>>>>>>>>>>>>>>>>>   ] 7112/7824, 103.8 task/s, elapsed: 69s, ETA:     7s[>>>>>>>>>>>>>>>>>>>>>>>   ] 7113/7824, 103.8 task/s, elapsed: 69s, ETA:     7s[>>>>>>>>>>>>>>>>>>>>>>>   ] 7114/7824, 103.8 task/s, elapsed: 69s, ETA:     7s[>>>>>>>>>>>>>>>>>>>>>>>   ] 7115/7824, 103.8 task/s, elapsed: 69s, ETA:     7s[>>>>>>>>>>>>>>>>>>>>>>>   ] 7116/7824, 103.8 task/s, elapsed: 69s, ETA:     7s[>>>>>>>>>>>>>>>>>>>>>>>   ] 7117/7824, 103.8 task/s, elapsed: 69s, ETA:     7s[>>>>>>>>>>>>>>>>>>>>>>>   ] 7118/7824, 103.8 task/s, elapsed: 69s, ETA:     7s[>>>>>>>>>>>>>>>>>>>>>>>   ] 7119/7824, 103.8 task/s, elapsed: 69s, ETA:     7s[>>>>>>>>>>>>>>>>>>>>>>>   ] 7120/7824, 103.8 task/s, elapsed: 69s, ETA:     7s[>>>>>>>>>>>>>>>>>>>>>>>   ] 7121/7824, 103.8 task/s, elapsed: 69s, ETA:     7s[>>>>>>>>>>>>>>>>>>>>>>>   ] 7122/7824, 103.8 task/s, elapsed: 69s, ETA:     7s[>>>>>>>>>>>>>>>>>>>>>>>   ] 7123/7824, 103.8 task/s, elapsed: 69s, ETA:     7s[>>>>>>>>>>>>>>>>>>>>>>>   ] 7124/7824, 103.8 task/s, elapsed: 69s, ETA:     7s[>>>>>>>>>>>>>>>>>>>>>>>   ] 7125/7824, 103.8 task/s, elapsed: 69s, ETA:     7s[>>>>>>>>>>>>>>>>>>>>>>>   ] 7126/7824, 103.8 task/s, elapsed: 69s, ETA:     7s[>>>>>>>>>>>>>>>>>>>>>>>   ] 7127/7824, 103.8 task/s, elapsed: 69s, ETA:     7s[>>>>>>>>>>>>>>>>>>>>>>>   ] 7128/7824, 103.8 task/s, elapsed: 69s, ETA:     7s[>>>>>>>>>>>>>>>>>>>>>>>   ] 7129/7824, 103.8 task/s, elapsed: 69s, ETA:     7s[>>>>>>>>>>>>>>>>>>>>>>>   ] 7130/7824, 103.8 task/s, elapsed: 69s, ETA:     7s[>>>>>>>>>>>>>>>>>>>>>>>   ] 7131/7824, 103.8 task/s, elapsed: 69s, ETA:     7s[>>>>>>>>>>>>>>>>>>>>>>>   ] 7132/7824, 103.8 task/s, elapsed: 69s, ETA:     7s[>>>>>>>>>>>>>>>>>>>>>>>   ] 7133/7824, 103.8 task/s, elapsed: 69s, ETA:     7s[>>>>>>>>>>>>>>>>>>>>>>>   ] 7134/7824, 103.8 task/s, elapsed: 69s, ETA:     7s[>>>>>>>>>>>>>>>>>>>>>>>   ] 7135/7824, 103.8 task/s, elapsed: 69s, ETA:     7s[>>>>>>>>>>>>>>>>>>>>>>>   ] 7136/7824, 103.8 task/s, elapsed: 69s, ETA:     7s[>>>>>>>>>>>>>>>>>>>>>>>   ] 7137/7824, 103.8 task/s, elapsed: 69s, ETA:     7s[>>>>>>>>>>>>>>>>>>>>>>>   ] 7138/7824, 103.8 task/s, elapsed: 69s, ETA:     7s[>>>>>>>>>>>>>>>>>>>>>>>   ] 7139/7824, 103.8 task/s, elapsed: 69s, ETA:     7s[>>>>>>>>>>>>>>>>>>>>>>>   ] 7140/7824, 103.8 task/s, elapsed: 69s, ETA:     7s[>>>>>>>>>>>>>>>>>>>>>>>   ] 7141/7824, 103.8 task/s, elapsed: 69s, ETA:     7s[>>>>>>>>>>>>>>>>>>>>>>>   ] 7142/7824, 103.8 task/s, elapsed: 69s, ETA:     7s[>>>>>>>>>>>>>>>>>>>>>>>   ] 7143/7824, 103.8 task/s, elapsed: 69s, ETA:     7s[>>>>>>>>>>>>>>>>>>>>>>>   ] 7144/7824, 103.8 task/s, elapsed: 69s, ETA:     7s[>>>>>>>>>>>>>>>>>>>>>>>   ] 7145/7824, 103.8 task/s, elapsed: 69s, ETA:     7s[>>>>>>>>>>>>>>>>>>>>>>>   ] 7146/7824, 103.8 task/s, elapsed: 69s, ETA:     7s[>>>>>>>>>>>>>>>>>>>>>>>   ] 7147/7824, 103.8 task/s, elapsed: 69s, ETA:     7s[>>>>>>>>>>>>>>>>>>>>>>>   ] 7148/7824, 103.8 task/s, elapsed: 69s, ETA:     7s[>>>>>>>>>>>>>>>>>>>>>>>   ] 7149/7824, 103.8 task/s, elapsed: 69s, ETA:     6s[>>>>>>>>>>>>>>>>>>>>>>>   ] 7150/7824, 103.9 task/s, elapsed: 69s, ETA:     6s[>>>>>>>>>>>>>>>>>>>>>>>   ] 7151/7824, 103.9 task/s, elapsed: 69s, ETA:     6s[>>>>>>>>>>>>>>>>>>>>>>>   ] 7152/7824, 103.9 task/s, elapsed: 69s, ETA:     6s[>>>>>>>>>>>>>>>>>>>>>>>   ] 7153/7824, 103.9 task/s, elapsed: 69s, ETA:     6s[>>>>>>>>>>>>>>>>>>>>>>>   ] 7154/7824, 103.9 task/s, elapsed: 69s, ETA:     6s[>>>>>>>>>>>>>>>>>>>>>>>   ] 7155/7824, 103.9 task/s, elapsed: 69s, ETA:     6s[>>>>>>>>>>>>>>>>>>>>>>>   ] 7156/7824, 103.9 task/s, elapsed: 69s, ETA:     6s[>>>>>>>>>>>>>>>>>>>>>>>   ] 7157/7824, 103.9 task/s, elapsed: 69s, ETA:     6s[>>>>>>>>>>>>>>>>>>>>>>>   ] 7158/7824, 103.9 task/s, elapsed: 69s, ETA:     6s[>>>>>>>>>>>>>>>>>>>>>>>   ] 7159/7824, 103.9 task/s, elapsed: 69s, ETA:     6s[>>>>>>>>>>>>>>>>>>>>>>>   ] 7160/7824, 103.9 task/s, elapsed: 69s, ETA:     6s[>>>>>>>>>>>>>>>>>>>>>>>   ] 7161/7824, 103.9 task/s, elapsed: 69s, ETA:     6s[>>>>>>>>>>>>>>>>>>>>>>>   ] 7162/7824, 103.9 task/s, elapsed: 69s, ETA:     6s[>>>>>>>>>>>>>>>>>>>>>>>   ] 7163/7824, 103.9 task/s, elapsed: 69s, ETA:     6s[>>>>>>>>>>>>>>>>>>>>>>>   ] 7164/7824, 103.9 task/s, elapsed: 69s, ETA:     6s[>>>>>>>>>>>>>>>>>>>>>>>   ] 7165/7824, 103.9 task/s, elapsed: 69s, ETA:     6s[>>>>>>>>>>>>>>>>>>>>>>>   ] 7166/7824, 103.9 task/s, elapsed: 69s, ETA:     6s[>>>>>>>>>>>>>>>>>>>>>>>   ] 7167/7824, 103.9 task/s, elapsed: 69s, ETA:     6s[>>>>>>>>>>>>>>>>>>>>>>>   ] 7168/7824, 103.9 task/s, elapsed: 69s, ETA:     6s[>>>>>>>>>>>>>>>>>>>>>>>   ] 7169/7824, 103.9 task/s, elapsed: 69s, ETA:     6s[>>>>>>>>>>>>>>>>>>>>>>>   ] 7170/7824, 103.9 task/s, elapsed: 69s, ETA:     6s[>>>>>>>>>>>>>>>>>>>>>>>   ] 7171/7824, 103.9 task/s, elapsed: 69s, ETA:     6s[>>>>>>>>>>>>>>>>>>>>>>>   ] 7172/7824, 103.9 task/s, elapsed: 69s, ETA:     6s[>>>>>>>>>>>>>>>>>>>>>>>   ] 7173/7824, 103.9 task/s, elapsed: 69s, ETA:     6s[>>>>>>>>>>>>>>>>>>>>>>>   ] 7174/7824, 103.9 task/s, elapsed: 69s, ETA:     6s[>>>>>>>>>>>>>>>>>>>>>>>   ] 7175/7824, 103.9 task/s, elapsed: 69s, ETA:     6s[>>>>>>>>>>>>>>>>>>>>>>>   ] 7176/7824, 103.9 task/s, elapsed: 69s, ETA:     6s[>>>>>>>>>>>>>>>>>>>>>>>   ] 7177/7824, 103.9 task/s, elapsed: 69s, ETA:     6s[>>>>>>>>>>>>>>>>>>>>>>>   ] 7178/7824, 103.9 task/s, elapsed: 69s, ETA:     6s[>>>>>>>>>>>>>>>>>>>>>>>   ] 7179/7824, 103.9 task/s, elapsed: 69s, ETA:     6s[>>>>>>>>>>>>>>>>>>>>>>>   ] 7180/7824, 103.9 task/s, elapsed: 69s, ETA:     6s[>>>>>>>>>>>>>>>>>>>>>>>   ] 7181/7824, 103.9 task/s, elapsed: 69s, ETA:     6s[>>>>>>>>>>>>>>>>>>>>>>>   ] 7182/7824, 103.9 task/s, elapsed: 69s, ETA:     6s[>>>>>>>>>>>>>>>>>>>>>>>   ] 7183/7824, 103.9 task/s, elapsed: 69s, ETA:     6s[>>>>>>>>>>>>>>>>>>>>>>>   ] 7184/7824, 103.9 task/s, elapsed: 69s, ETA:     6s[>>>>>>>>>>>>>>>>>>>>>>>   ] 7185/7824, 103.9 task/s, elapsed: 69s, ETA:     6s[>>>>>>>>>>>>>>>>>>>>>>>   ] 7186/7824, 103.9 task/s, elapsed: 69s, ETA:     6s[>>>>>>>>>>>>>>>>>>>>>>>   ] 7187/7824, 103.9 task/s, elapsed: 69s, ETA:     6s[>>>>>>>>>>>>>>>>>>>>>>>   ] 7188/7824, 103.9 task/s, elapsed: 69s, ETA:     6s[>>>>>>>>>>>>>>>>>>>>>>>   ] 7189/7824, 103.9 task/s, elapsed: 69s, ETA:     6s[>>>>>>>>>>>>>>>>>>>>>>>   ] 7190/7824, 103.9 task/s, elapsed: 69s, ETA:     6s[>>>>>>>>>>>>>>>>>>>>>>>   ] 7191/7824, 103.9 task/s, elapsed: 69s, ETA:     6s[>>>>>>>>>>>>>>>>>>>>>>>   ] 7192/7824, 103.9 task/s, elapsed: 69s, ETA:     6s[>>>>>>>>>>>>>>>>>>>>>>>   ] 7193/7824, 103.9 task/s, elapsed: 69s, ETA:     6s[>>>>>>>>>>>>>>>>>>>>>>>   ] 7194/7824, 103.9 task/s, elapsed: 69s, ETA:     6s[>>>>>>>>>>>>>>>>>>>>>>>   ] 7195/7824, 103.9 task/s, elapsed: 69s, ETA:     6s[>>>>>>>>>>>>>>>>>>>>>>>   ] 7196/7824, 103.9 task/s, elapsed: 69s, ETA:     6s[>>>>>>>>>>>>>>>>>>>>>>>   ] 7197/7824, 103.9 task/s, elapsed: 69s, ETA:     6s[>>>>>>>>>>>>>>>>>>>>>>>   ] 7198/7824, 103.9 task/s, elapsed: 69s, ETA:     6s[>>>>>>>>>>>>>>>>>>>>>>>   ] 7199/7824, 103.9 task/s, elapsed: 69s, ETA:     6s[>>>>>>>>>>>>>>>>>>>>>>>   ] 7200/7824, 103.9 task/s, elapsed: 69s, ETA:     6s[>>>>>>>>>>>>>>>>>>>>>>>   ] 7201/7824, 103.9 task/s, elapsed: 69s, ETA:     6s[>>>>>>>>>>>>>>>>>>>>>>>   ] 7202/7824, 103.9 task/s, elapsed: 69s, ETA:     6s[>>>>>>>>>>>>>>>>>>>>>>>   ] 7203/7824, 103.9 task/s, elapsed: 69s, ETA:     6s[>>>>>>>>>>>>>>>>>>>>>>>   ] 7204/7824, 103.9 task/s, elapsed: 69s, ETA:     6s[>>>>>>>>>>>>>>>>>>>>>>>   ] 7205/7824, 103.9 task/s, elapsed: 69s, ETA:     6s[>>>>>>>>>>>>>>>>>>>>>>>   ] 7206/7824, 103.9 task/s, elapsed: 69s, ETA:     6s[>>>>>>>>>>>>>>>>>>>>>>>   ] 7207/7824, 103.9 task/s, elapsed: 69s, ETA:     6s[>>>>>>>>>>>>>>>>>>>>>>>   ] 7208/7824, 103.9 task/s, elapsed: 69s, ETA:     6s[>>>>>>>>>>>>>>>>>>>>>>>   ] 7209/7824, 103.9 task/s, elapsed: 69s, ETA:     6s[>>>>>>>>>>>>>>>>>>>>>>>   ] 7210/7824, 103.9 task/s, elapsed: 69s, ETA:     6s[>>>>>>>>>>>>>>>>>>>>>>>   ] 7211/7824, 103.9 task/s, elapsed: 69s, ETA:     6s[>>>>>>>>>>>>>>>>>>>>>>>   ] 7212/7824, 103.9 task/s, elapsed: 69s, ETA:     6s[>>>>>>>>>>>>>>>>>>>>>>>   ] 7213/7824, 103.9 task/s, elapsed: 69s, ETA:     6s[>>>>>>>>>>>>>>>>>>>>>>>   ] 7214/7824, 103.9 task/s, elapsed: 69s, ETA:     6s[>>>>>>>>>>>>>>>>>>>>>>>   ] 7215/7824, 103.9 task/s, elapsed: 69s, ETA:     6s[>>>>>>>>>>>>>>>>>>>>>>>   ] 7216/7824, 103.9 task/s, elapsed: 69s, ETA:     6s[>>>>>>>>>>>>>>>>>>>>>>>   ] 7217/7824, 103.9 task/s, elapsed: 69s, ETA:     6s[>>>>>>>>>>>>>>>>>>>>>>>   ] 7218/7824, 103.9 task/s, elapsed: 69s, ETA:     6s[>>>>>>>>>>>>>>>>>>>>>>>   ] 7219/7824, 103.9 task/s, elapsed: 69s, ETA:     6s[>>>>>>>>>>>>>>>>>>>>>>>   ] 7220/7824, 103.9 task/s, elapsed: 69s, ETA:     6s[>>>>>>>>>>>>>>>>>>>>>>>   ] 7221/7824, 103.9 task/s, elapsed: 69s, ETA:     6s[>>>>>>>>>>>>>>>>>>>>>>>   ] 7222/7824, 103.9 task/s, elapsed: 69s, ETA:     6s[>>>>>>>>>>>>>>>>>>>>>>>>  ] 7223/7824, 103.9 task/s, elapsed: 70s, ETA:     6s[>>>>>>>>>>>>>>>>>>>>>>>>  ] 7224/7824, 103.9 task/s, elapsed: 70s, ETA:     6s[>>>>>>>>>>>>>>>>>>>>>>>>  ] 7225/7824, 103.9 task/s, elapsed: 70s, ETA:     6s[>>>>>>>>>>>>>>>>>>>>>>>>  ] 7226/7824, 103.9 task/s, elapsed: 70s, ETA:     6s[>>>>>>>>>>>>>>>>>>>>>>>>  ] 7227/7824, 103.9 task/s, elapsed: 70s, ETA:     6s[>>>>>>>>>>>>>>>>>>>>>>>>  ] 7228/7824, 103.9 task/s, elapsed: 70s, ETA:     6s[>>>>>>>>>>>>>>>>>>>>>>>>  ] 7229/7824, 103.9 task/s, elapsed: 70s, ETA:     6s[>>>>>>>>>>>>>>>>>>>>>>>>  ] 7230/7824, 103.9 task/s, elapsed: 70s, ETA:     6s[>>>>>>>>>>>>>>>>>>>>>>>>  ] 7231/7824, 103.9 task/s, elapsed: 70s, ETA:     6s[>>>>>>>>>>>>>>>>>>>>>>>>  ] 7232/7824, 103.9 task/s, elapsed: 70s, ETA:     6s[>>>>>>>>>>>>>>>>>>>>>>>>  ] 7233/7824, 103.9 task/s, elapsed: 70s, ETA:     6s[>>>>>>>>>>>>>>>>>>>>>>>>  ] 7234/7824, 103.9 task/s, elapsed: 70s, ETA:     6s[>>>>>>>>>>>>>>>>>>>>>>>>  ] 7235/7824, 103.9 task/s, elapsed: 70s, ETA:     6s[>>>>>>>>>>>>>>>>>>>>>>>>  ] 7236/7824, 103.9 task/s, elapsed: 70s, ETA:     6s[>>>>>>>>>>>>>>>>>>>>>>>>  ] 7237/7824, 103.9 task/s, elapsed: 70s, ETA:     6s[>>>>>>>>>>>>>>>>>>>>>>>>  ] 7238/7824, 103.9 task/s, elapsed: 70s, ETA:     6s[>>>>>>>>>>>>>>>>>>>>>>>>  ] 7239/7824, 103.9 task/s, elapsed: 70s, ETA:     6s[>>>>>>>>>>>>>>>>>>>>>>>>  ] 7240/7824, 103.9 task/s, elapsed: 70s, ETA:     6s[>>>>>>>>>>>>>>>>>>>>>>>>  ] 7241/7824, 103.9 task/s, elapsed: 70s, ETA:     6s[>>>>>>>>>>>>>>>>>>>>>>>>  ] 7242/7824, 103.9 task/s, elapsed: 70s, ETA:     6s[>>>>>>>>>>>>>>>>>>>>>>>>  ] 7243/7824, 103.9 task/s, elapsed: 70s, ETA:     6s[>>>>>>>>>>>>>>>>>>>>>>>>  ] 7244/7824, 103.9 task/s, elapsed: 70s, ETA:     6s[>>>>>>>>>>>>>>>>>>>>>>>>  ] 7245/7824, 103.9 task/s, elapsed: 70s, ETA:     6s[>>>>>>>>>>>>>>>>>>>>>>>>  ] 7246/7824, 103.9 task/s, elapsed: 70s, ETA:     6s[>>>>>>>>>>>>>>>>>>>>>>>>  ] 7247/7824, 103.9 task/s, elapsed: 70s, ETA:     6s[>>>>>>>>>>>>>>>>>>>>>>>>  ] 7248/7824, 103.9 task/s, elapsed: 70s, ETA:     6s[>>>>>>>>>>>>>>>>>>>>>>>>  ] 7249/7824, 103.9 task/s, elapsed: 70s, ETA:     6s[>>>>>>>>>>>>>>>>>>>>>>>>  ] 7250/7824, 103.9 task/s, elapsed: 70s, ETA:     6s[>>>>>>>>>>>>>>>>>>>>>>>>  ] 7251/7824, 104.0 task/s, elapsed: 70s, ETA:     6s[>>>>>>>>>>>>>>>>>>>>>>>>  ] 7252/7824, 104.0 task/s, elapsed: 70s, ETA:     6s[>>>>>>>>>>>>>>>>>>>>>>>>  ] 7253/7824, 104.0 task/s, elapsed: 70s, ETA:     5s[>>>>>>>>>>>>>>>>>>>>>>>>  ] 7254/7824, 104.0 task/s, elapsed: 70s, ETA:     5s[>>>>>>>>>>>>>>>>>>>>>>>>  ] 7255/7824, 104.0 task/s, elapsed: 70s, ETA:     5s[>>>>>>>>>>>>>>>>>>>>>>>>  ] 7256/7824, 104.0 task/s, elapsed: 70s, ETA:     5s[>>>>>>>>>>>>>>>>>>>>>>>>  ] 7257/7824, 104.0 task/s, elapsed: 70s, ETA:     5s[>>>>>>>>>>>>>>>>>>>>>>>>  ] 7258/7824, 104.0 task/s, elapsed: 70s, ETA:     5s[>>>>>>>>>>>>>>>>>>>>>>>>  ] 7259/7824, 104.0 task/s, elapsed: 70s, ETA:     5s[>>>>>>>>>>>>>>>>>>>>>>>>  ] 7260/7824, 104.0 task/s, elapsed: 70s, ETA:     5s[>>>>>>>>>>>>>>>>>>>>>>>>  ] 7261/7824, 104.0 task/s, elapsed: 70s, ETA:     5s[>>>>>>>>>>>>>>>>>>>>>>>>  ] 7262/7824, 104.0 task/s, elapsed: 70s, ETA:     5s[>>>>>>>>>>>>>>>>>>>>>>>>  ] 7263/7824, 104.0 task/s, elapsed: 70s, ETA:     5s[>>>>>>>>>>>>>>>>>>>>>>>>  ] 7264/7824, 104.0 task/s, elapsed: 70s, ETA:     5s[>>>>>>>>>>>>>>>>>>>>>>>>  ] 7265/7824, 104.0 task/s, elapsed: 70s, ETA:     5s[>>>>>>>>>>>>>>>>>>>>>>>>  ] 7266/7824, 104.0 task/s, elapsed: 70s, ETA:     5s[>>>>>>>>>>>>>>>>>>>>>>>>  ] 7267/7824, 104.0 task/s, elapsed: 70s, ETA:     5s[>>>>>>>>>>>>>>>>>>>>>>>>  ] 7268/7824, 104.0 task/s, elapsed: 70s, ETA:     5s[>>>>>>>>>>>>>>>>>>>>>>>>  ] 7269/7824, 104.0 task/s, elapsed: 70s, ETA:     5s[>>>>>>>>>>>>>>>>>>>>>>>>  ] 7270/7824, 104.0 task/s, elapsed: 70s, ETA:     5s[>>>>>>>>>>>>>>>>>>>>>>>>  ] 7271/7824, 104.0 task/s, elapsed: 70s, ETA:     5s[>>>>>>>>>>>>>>>>>>>>>>>>  ] 7272/7824, 104.0 task/s, elapsed: 70s, ETA:     5s[>>>>>>>>>>>>>>>>>>>>>>>>  ] 7273/7824, 104.0 task/s, elapsed: 70s, ETA:     5s[>>>>>>>>>>>>>>>>>>>>>>>>  ] 7274/7824, 104.0 task/s, elapsed: 70s, ETA:     5s[>>>>>>>>>>>>>>>>>>>>>>>>  ] 7275/7824, 104.0 task/s, elapsed: 70s, ETA:     5s[>>>>>>>>>>>>>>>>>>>>>>>>  ] 7276/7824, 104.0 task/s, elapsed: 70s, ETA:     5s[>>>>>>>>>>>>>>>>>>>>>>>>  ] 7277/7824, 104.0 task/s, elapsed: 70s, ETA:     5s[>>>>>>>>>>>>>>>>>>>>>>>>  ] 7278/7824, 104.0 task/s, elapsed: 70s, ETA:     5s[>>>>>>>>>>>>>>>>>>>>>>>>  ] 7279/7824, 104.0 task/s, elapsed: 70s, ETA:     5s[>>>>>>>>>>>>>>>>>>>>>>>>  ] 7280/7824, 104.0 task/s, elapsed: 70s, ETA:     5s[>>>>>>>>>>>>>>>>>>>>>>>>  ] 7281/7824, 104.0 task/s, elapsed: 70s, ETA:     5s[>>>>>>>>>>>>>>>>>>>>>>>>  ] 7282/7824, 104.0 task/s, elapsed: 70s, ETA:     5s[>>>>>>>>>>>>>>>>>>>>>>>>  ] 7283/7824, 104.0 task/s, elapsed: 70s, ETA:     5s[>>>>>>>>>>>>>>>>>>>>>>>>  ] 7284/7824, 104.0 task/s, elapsed: 70s, ETA:     5s[>>>>>>>>>>>>>>>>>>>>>>>>  ] 7285/7824, 104.0 task/s, elapsed: 70s, ETA:     5s[>>>>>>>>>>>>>>>>>>>>>>>>  ] 7286/7824, 104.0 task/s, elapsed: 70s, ETA:     5s[>>>>>>>>>>>>>>>>>>>>>>>>  ] 7287/7824, 104.0 task/s, elapsed: 70s, ETA:     5s[>>>>>>>>>>>>>>>>>>>>>>>>  ] 7288/7824, 104.0 task/s, elapsed: 70s, ETA:     5s[>>>>>>>>>>>>>>>>>>>>>>>>  ] 7289/7824, 104.0 task/s, elapsed: 70s, ETA:     5s[>>>>>>>>>>>>>>>>>>>>>>>>  ] 7290/7824, 104.0 task/s, elapsed: 70s, ETA:     5s[>>>>>>>>>>>>>>>>>>>>>>>>  ] 7291/7824, 104.0 task/s, elapsed: 70s, ETA:     5s[>>>>>>>>>>>>>>>>>>>>>>>>  ] 7292/7824, 104.0 task/s, elapsed: 70s, ETA:     5s[>>>>>>>>>>>>>>>>>>>>>>>>  ] 7293/7824, 104.0 task/s, elapsed: 70s, ETA:     5s[>>>>>>>>>>>>>>>>>>>>>>>>  ] 7294/7824, 104.0 task/s, elapsed: 70s, ETA:     5s[>>>>>>>>>>>>>>>>>>>>>>>>  ] 7295/7824, 104.0 task/s, elapsed: 70s, ETA:     5s[>>>>>>>>>>>>>>>>>>>>>>>>  ] 7296/7824, 104.0 task/s, elapsed: 70s, ETA:     5s[>>>>>>>>>>>>>>>>>>>>>>>>  ] 7297/7824, 104.0 task/s, elapsed: 70s, ETA:     5s[>>>>>>>>>>>>>>>>>>>>>>>>  ] 7298/7824, 104.0 task/s, elapsed: 70s, ETA:     5s[>>>>>>>>>>>>>>>>>>>>>>>>  ] 7299/7824, 104.0 task/s, elapsed: 70s, ETA:     5s[>>>>>>>>>>>>>>>>>>>>>>>>  ] 7300/7824, 104.0 task/s, elapsed: 70s, ETA:     5s[>>>>>>>>>>>>>>>>>>>>>>>>  ] 7301/7824, 104.0 task/s, elapsed: 70s, ETA:     5s[>>>>>>>>>>>>>>>>>>>>>>>>  ] 7302/7824, 104.0 task/s, elapsed: 70s, ETA:     5s[>>>>>>>>>>>>>>>>>>>>>>>>  ] 7303/7824, 104.0 task/s, elapsed: 70s, ETA:     5s[>>>>>>>>>>>>>>>>>>>>>>>>  ] 7304/7824, 104.0 task/s, elapsed: 70s, ETA:     5s[>>>>>>>>>>>>>>>>>>>>>>>>  ] 7305/7824, 104.0 task/s, elapsed: 70s, ETA:     5s[>>>>>>>>>>>>>>>>>>>>>>>>  ] 7306/7824, 104.0 task/s, elapsed: 70s, ETA:     5s[>>>>>>>>>>>>>>>>>>>>>>>>  ] 7307/7824, 104.0 task/s, elapsed: 70s, ETA:     5s[>>>>>>>>>>>>>>>>>>>>>>>>  ] 7308/7824, 104.0 task/s, elapsed: 70s, ETA:     5s[>>>>>>>>>>>>>>>>>>>>>>>>  ] 7309/7824, 104.0 task/s, elapsed: 70s, ETA:     5s[>>>>>>>>>>>>>>>>>>>>>>>>  ] 7310/7824, 104.0 task/s, elapsed: 70s, ETA:     5s[>>>>>>>>>>>>>>>>>>>>>>>>  ] 7311/7824, 104.0 task/s, elapsed: 70s, ETA:     5s[>>>>>>>>>>>>>>>>>>>>>>>>  ] 7312/7824, 104.0 task/s, elapsed: 70s, ETA:     5s[>>>>>>>>>>>>>>>>>>>>>>>>  ] 7313/7824, 104.0 task/s, elapsed: 70s, ETA:     5s[>>>>>>>>>>>>>>>>>>>>>>>>  ] 7314/7824, 104.0 task/s, elapsed: 70s, ETA:     5s[>>>>>>>>>>>>>>>>>>>>>>>>  ] 7315/7824, 104.0 task/s, elapsed: 70s, ETA:     5s[>>>>>>>>>>>>>>>>>>>>>>>>  ] 7316/7824, 104.0 task/s, elapsed: 70s, ETA:     5s[>>>>>>>>>>>>>>>>>>>>>>>>  ] 7317/7824, 104.0 task/s, elapsed: 70s, ETA:     5s[>>>>>>>>>>>>>>>>>>>>>>>>  ] 7318/7824, 104.0 task/s, elapsed: 70s, ETA:     5s[>>>>>>>>>>>>>>>>>>>>>>>>  ] 7319/7824, 104.0 task/s, elapsed: 70s, ETA:     5s[>>>>>>>>>>>>>>>>>>>>>>>>  ] 7320/7824, 104.0 task/s, elapsed: 70s, ETA:     5s[>>>>>>>>>>>>>>>>>>>>>>>>  ] 7321/7824, 104.0 task/s, elapsed: 70s, ETA:     5s[>>>>>>>>>>>>>>>>>>>>>>>>  ] 7322/7824, 104.0 task/s, elapsed: 70s, ETA:     5s[>>>>>>>>>>>>>>>>>>>>>>>>  ] 7323/7824, 104.0 task/s, elapsed: 70s, ETA:     5s[>>>>>>>>>>>>>>>>>>>>>>>>  ] 7324/7824, 104.0 task/s, elapsed: 70s, ETA:     5s[>>>>>>>>>>>>>>>>>>>>>>>>  ] 7325/7824, 104.0 task/s, elapsed: 70s, ETA:     5s[>>>>>>>>>>>>>>>>>>>>>>>>  ] 7326/7824, 104.0 task/s, elapsed: 70s, ETA:     5s[>>>>>>>>>>>>>>>>>>>>>>>>  ] 7327/7824, 104.0 task/s, elapsed: 70s, ETA:     5s[>>>>>>>>>>>>>>>>>>>>>>>>  ] 7328/7824, 104.0 task/s, elapsed: 70s, ETA:     5s[>>>>>>>>>>>>>>>>>>>>>>>>  ] 7329/7824, 104.0 task/s, elapsed: 70s, ETA:     5s[>>>>>>>>>>>>>>>>>>>>>>>>  ] 7330/7824, 104.0 task/s, elapsed: 70s, ETA:     5s[>>>>>>>>>>>>>>>>>>>>>>>>  ] 7331/7824, 104.0 task/s, elapsed: 70s, ETA:     5s[>>>>>>>>>>>>>>>>>>>>>>>>  ] 7332/7824, 104.0 task/s, elapsed: 70s, ETA:     5s[>>>>>>>>>>>>>>>>>>>>>>>>  ] 7333/7824, 104.0 task/s, elapsed: 70s, ETA:     5s[>>>>>>>>>>>>>>>>>>>>>>>>  ] 7334/7824, 104.0 task/s, elapsed: 70s, ETA:     5s[>>>>>>>>>>>>>>>>>>>>>>>>  ] 7335/7824, 104.0 task/s, elapsed: 71s, ETA:     5s[>>>>>>>>>>>>>>>>>>>>>>>>  ] 7336/7824, 104.0 task/s, elapsed: 71s, ETA:     5s[>>>>>>>>>>>>>>>>>>>>>>>>  ] 7337/7824, 104.0 task/s, elapsed: 71s, ETA:     5s[>>>>>>>>>>>>>>>>>>>>>>>>  ] 7338/7824, 104.0 task/s, elapsed: 71s, ETA:     5s[>>>>>>>>>>>>>>>>>>>>>>>>  ] 7339/7824, 104.0 task/s, elapsed: 71s, ETA:     5s[>>>>>>>>>>>>>>>>>>>>>>>>  ] 7340/7824, 104.0 task/s, elapsed: 71s, ETA:     5s[>>>>>>>>>>>>>>>>>>>>>>>>  ] 7341/7824, 104.0 task/s, elapsed: 71s, ETA:     5s[>>>>>>>>>>>>>>>>>>>>>>>>  ] 7342/7824, 104.0 task/s, elapsed: 71s, ETA:     5s[>>>>>>>>>>>>>>>>>>>>>>>>  ] 7343/7824, 104.0 task/s, elapsed: 71s, ETA:     5s[>>>>>>>>>>>>>>>>>>>>>>>>  ] 7344/7824, 104.0 task/s, elapsed: 71s, ETA:     5s[>>>>>>>>>>>>>>>>>>>>>>>>  ] 7345/7824, 104.0 task/s, elapsed: 71s, ETA:     5s[>>>>>>>>>>>>>>>>>>>>>>>>  ] 7346/7824, 104.0 task/s, elapsed: 71s, ETA:     5s[>>>>>>>>>>>>>>>>>>>>>>>>  ] 7347/7824, 104.0 task/s, elapsed: 71s, ETA:     5s[>>>>>>>>>>>>>>>>>>>>>>>>  ] 7348/7824, 104.0 task/s, elapsed: 71s, ETA:     5s[>>>>>>>>>>>>>>>>>>>>>>>>  ] 7349/7824, 104.0 task/s, elapsed: 71s, ETA:     5s[>>>>>>>>>>>>>>>>>>>>>>>>  ] 7350/7824, 104.0 task/s, elapsed: 71s, ETA:     5s[>>>>>>>>>>>>>>>>>>>>>>>>  ] 7351/7824, 104.0 task/s, elapsed: 71s, ETA:     5s[>>>>>>>>>>>>>>>>>>>>>>>>  ] 7352/7824, 104.1 task/s, elapsed: 71s, ETA:     5s[>>>>>>>>>>>>>>>>>>>>>>>>  ] 7353/7824, 104.1 task/s, elapsed: 71s, ETA:     5s[>>>>>>>>>>>>>>>>>>>>>>>>  ] 7354/7824, 104.1 task/s, elapsed: 71s, ETA:     5s[>>>>>>>>>>>>>>>>>>>>>>>>  ] 7355/7824, 104.1 task/s, elapsed: 71s, ETA:     5s[>>>>>>>>>>>>>>>>>>>>>>>>  ] 7356/7824, 104.1 task/s, elapsed: 71s, ETA:     4s[>>>>>>>>>>>>>>>>>>>>>>>>  ] 7357/7824, 104.1 task/s, elapsed: 71s, ETA:     4s[>>>>>>>>>>>>>>>>>>>>>>>>  ] 7358/7824, 104.1 task/s, elapsed: 71s, ETA:     4s[>>>>>>>>>>>>>>>>>>>>>>>>  ] 7359/7824, 104.1 task/s, elapsed: 71s, ETA:     4s[>>>>>>>>>>>>>>>>>>>>>>>>  ] 7360/7824, 104.1 task/s, elapsed: 71s, ETA:     4s[>>>>>>>>>>>>>>>>>>>>>>>>  ] 7361/7824, 104.1 task/s, elapsed: 71s, ETA:     4s[>>>>>>>>>>>>>>>>>>>>>>>>  ] 7362/7824, 104.1 task/s, elapsed: 71s, ETA:     4s[>>>>>>>>>>>>>>>>>>>>>>>>  ] 7363/7824, 104.1 task/s, elapsed: 71s, ETA:     4s[>>>>>>>>>>>>>>>>>>>>>>>>  ] 7364/7824, 104.1 task/s, elapsed: 71s, ETA:     4s[>>>>>>>>>>>>>>>>>>>>>>>>  ] 7365/7824, 104.1 task/s, elapsed: 71s, ETA:     4s[>>>>>>>>>>>>>>>>>>>>>>>>  ] 7366/7824, 104.1 task/s, elapsed: 71s, ETA:     4s[>>>>>>>>>>>>>>>>>>>>>>>>  ] 7367/7824, 104.1 task/s, elapsed: 71s, ETA:     4s[>>>>>>>>>>>>>>>>>>>>>>>>  ] 7368/7824, 104.1 task/s, elapsed: 71s, ETA:     4s[>>>>>>>>>>>>>>>>>>>>>>>>  ] 7369/7824, 104.1 task/s, elapsed: 71s, ETA:     4s[>>>>>>>>>>>>>>>>>>>>>>>>  ] 7370/7824, 104.1 task/s, elapsed: 71s, ETA:     4s[>>>>>>>>>>>>>>>>>>>>>>>>  ] 7371/7824, 104.1 task/s, elapsed: 71s, ETA:     4s[>>>>>>>>>>>>>>>>>>>>>>>>  ] 7372/7824, 104.1 task/s, elapsed: 71s, ETA:     4s[>>>>>>>>>>>>>>>>>>>>>>>>  ] 7373/7824, 104.1 task/s, elapsed: 71s, ETA:     4s[>>>>>>>>>>>>>>>>>>>>>>>>  ] 7374/7824, 104.1 task/s, elapsed: 71s, ETA:     4s[>>>>>>>>>>>>>>>>>>>>>>>>  ] 7375/7824, 104.1 task/s, elapsed: 71s, ETA:     4s[>>>>>>>>>>>>>>>>>>>>>>>>  ] 7376/7824, 104.1 task/s, elapsed: 71s, ETA:     4s[>>>>>>>>>>>>>>>>>>>>>>>>  ] 7377/7824, 104.1 task/s, elapsed: 71s, ETA:     4s[>>>>>>>>>>>>>>>>>>>>>>>>  ] 7378/7824, 104.1 task/s, elapsed: 71s, ETA:     4s[>>>>>>>>>>>>>>>>>>>>>>>>  ] 7379/7824, 104.1 task/s, elapsed: 71s, ETA:     4s[>>>>>>>>>>>>>>>>>>>>>>>>  ] 7380/7824, 104.1 task/s, elapsed: 71s, ETA:     4s[>>>>>>>>>>>>>>>>>>>>>>>>  ] 7381/7824, 104.1 task/s, elapsed: 71s, ETA:     4s[>>>>>>>>>>>>>>>>>>>>>>>>  ] 7382/7824, 104.1 task/s, elapsed: 71s, ETA:     4s[>>>>>>>>>>>>>>>>>>>>>>>>  ] 7383/7824, 104.1 task/s, elapsed: 71s, ETA:     4s[>>>>>>>>>>>>>>>>>>>>>>>>  ] 7384/7824, 104.1 task/s, elapsed: 71s, ETA:     4s[>>>>>>>>>>>>>>>>>>>>>>>>  ] 7385/7824, 104.1 task/s, elapsed: 71s, ETA:     4s[>>>>>>>>>>>>>>>>>>>>>>>>  ] 7386/7824, 104.1 task/s, elapsed: 71s, ETA:     4s[>>>>>>>>>>>>>>>>>>>>>>>>  ] 7387/7824, 104.1 task/s, elapsed: 71s, ETA:     4s[>>>>>>>>>>>>>>>>>>>>>>>>  ] 7388/7824, 104.1 task/s, elapsed: 71s, ETA:     4s[>>>>>>>>>>>>>>>>>>>>>>>>  ] 7389/7824, 104.1 task/s, elapsed: 71s, ETA:     4s[>>>>>>>>>>>>>>>>>>>>>>>>  ] 7390/7824, 104.1 task/s, elapsed: 71s, ETA:     4s[>>>>>>>>>>>>>>>>>>>>>>>>  ] 7391/7824, 104.1 task/s, elapsed: 71s, ETA:     4s[>>>>>>>>>>>>>>>>>>>>>>>>  ] 7392/7824, 104.1 task/s, elapsed: 71s, ETA:     4s[>>>>>>>>>>>>>>>>>>>>>>>>  ] 7393/7824, 104.1 task/s, elapsed: 71s, ETA:     4s[>>>>>>>>>>>>>>>>>>>>>>>>  ] 7394/7824, 104.1 task/s, elapsed: 71s, ETA:     4s[>>>>>>>>>>>>>>>>>>>>>>>>  ] 7395/7824, 104.1 task/s, elapsed: 71s, ETA:     4s[>>>>>>>>>>>>>>>>>>>>>>>>  ] 7396/7824, 104.1 task/s, elapsed: 71s, ETA:     4s[>>>>>>>>>>>>>>>>>>>>>>>>  ] 7397/7824, 104.1 task/s, elapsed: 71s, ETA:     4s[>>>>>>>>>>>>>>>>>>>>>>>>  ] 7398/7824, 104.1 task/s, elapsed: 71s, ETA:     4s[>>>>>>>>>>>>>>>>>>>>>>>>  ] 7399/7824, 104.1 task/s, elapsed: 71s, ETA:     4s[>>>>>>>>>>>>>>>>>>>>>>>>  ] 7400/7824, 104.1 task/s, elapsed: 71s, ETA:     4s[>>>>>>>>>>>>>>>>>>>>>>>>  ] 7401/7824, 104.1 task/s, elapsed: 71s, ETA:     4s[>>>>>>>>>>>>>>>>>>>>>>>>  ] 7402/7824, 104.1 task/s, elapsed: 71s, ETA:     4s[>>>>>>>>>>>>>>>>>>>>>>>>  ] 7403/7824, 104.1 task/s, elapsed: 71s, ETA:     4s[>>>>>>>>>>>>>>>>>>>>>>>>  ] 7404/7824, 104.1 task/s, elapsed: 71s, ETA:     4s[>>>>>>>>>>>>>>>>>>>>>>>>  ] 7405/7824, 104.1 task/s, elapsed: 71s, ETA:     4s[>>>>>>>>>>>>>>>>>>>>>>>>  ] 7406/7824, 104.1 task/s, elapsed: 71s, ETA:     4s[>>>>>>>>>>>>>>>>>>>>>>>>  ] 7407/7824, 104.1 task/s, elapsed: 71s, ETA:     4s[>>>>>>>>>>>>>>>>>>>>>>>>  ] 7408/7824, 104.1 task/s, elapsed: 71s, ETA:     4s[>>>>>>>>>>>>>>>>>>>>>>>>  ] 7409/7824, 104.1 task/s, elapsed: 71s, ETA:     4s[>>>>>>>>>>>>>>>>>>>>>>>>  ] 7410/7824, 104.1 task/s, elapsed: 71s, ETA:     4s[>>>>>>>>>>>>>>>>>>>>>>>>  ] 7411/7824, 104.1 task/s, elapsed: 71s, ETA:     4s[>>>>>>>>>>>>>>>>>>>>>>>>  ] 7412/7824, 104.1 task/s, elapsed: 71s, ETA:     4s[>>>>>>>>>>>>>>>>>>>>>>>>  ] 7413/7824, 104.1 task/s, elapsed: 71s, ETA:     4s[>>>>>>>>>>>>>>>>>>>>>>>>  ] 7414/7824, 104.1 task/s, elapsed: 71s, ETA:     4s[>>>>>>>>>>>>>>>>>>>>>>>>  ] 7415/7824, 104.1 task/s, elapsed: 71s, ETA:     4s[>>>>>>>>>>>>>>>>>>>>>>>>  ] 7416/7824, 104.1 task/s, elapsed: 71s, ETA:     4s[>>>>>>>>>>>>>>>>>>>>>>>>  ] 7417/7824, 104.1 task/s, elapsed: 71s, ETA:     4s[>>>>>>>>>>>>>>>>>>>>>>>>  ] 7418/7824, 104.1 task/s, elapsed: 71s, ETA:     4s[>>>>>>>>>>>>>>>>>>>>>>>>  ] 7419/7824, 104.1 task/s, elapsed: 71s, ETA:     4s[>>>>>>>>>>>>>>>>>>>>>>>>  ] 7420/7824, 104.1 task/s, elapsed: 71s, ETA:     4s[>>>>>>>>>>>>>>>>>>>>>>>>  ] 7421/7824, 104.1 task/s, elapsed: 71s, ETA:     4s[>>>>>>>>>>>>>>>>>>>>>>>>  ] 7422/7824, 104.1 task/s, elapsed: 71s, ETA:     4s[>>>>>>>>>>>>>>>>>>>>>>>>  ] 7423/7824, 104.1 task/s, elapsed: 71s, ETA:     4s[>>>>>>>>>>>>>>>>>>>>>>>>  ] 7424/7824, 104.1 task/s, elapsed: 71s, ETA:     4s[>>>>>>>>>>>>>>>>>>>>>>>>  ] 7425/7824, 104.1 task/s, elapsed: 71s, ETA:     4s[>>>>>>>>>>>>>>>>>>>>>>>>  ] 7426/7824, 104.1 task/s, elapsed: 71s, ETA:     4s[>>>>>>>>>>>>>>>>>>>>>>>>  ] 7427/7824, 104.1 task/s, elapsed: 71s, ETA:     4s[>>>>>>>>>>>>>>>>>>>>>>>>  ] 7428/7824, 104.1 task/s, elapsed: 71s, ETA:     4s[>>>>>>>>>>>>>>>>>>>>>>>>  ] 7429/7824, 104.1 task/s, elapsed: 71s, ETA:     4s[>>>>>>>>>>>>>>>>>>>>>>>>  ] 7430/7824, 104.1 task/s, elapsed: 71s, ETA:     4s[>>>>>>>>>>>>>>>>>>>>>>>>  ] 7431/7824, 104.1 task/s, elapsed: 71s, ETA:     4s[>>>>>>>>>>>>>>>>>>>>>>>>  ] 7432/7824, 104.1 task/s, elapsed: 71s, ETA:     4s[>>>>>>>>>>>>>>>>>>>>>>>>  ] 7433/7824, 104.1 task/s, elapsed: 71s, ETA:     4s[>>>>>>>>>>>>>>>>>>>>>>>>  ] 7434/7824, 104.1 task/s, elapsed: 71s, ETA:     4s[>>>>>>>>>>>>>>>>>>>>>>>>  ] 7435/7824, 104.1 task/s, elapsed: 71s, ETA:     4s[>>>>>>>>>>>>>>>>>>>>>>>>  ] 7436/7824, 104.1 task/s, elapsed: 71s, ETA:     4s[>>>>>>>>>>>>>>>>>>>>>>>>  ] 7437/7824, 104.1 task/s, elapsed: 71s, ETA:     4s[>>>>>>>>>>>>>>>>>>>>>>>>  ] 7438/7824, 104.1 task/s, elapsed: 71s, ETA:     4s[>>>>>>>>>>>>>>>>>>>>>>>>  ] 7439/7824, 104.1 task/s, elapsed: 71s, ETA:     4s[>>>>>>>>>>>>>>>>>>>>>>>>  ] 7440/7824, 104.1 task/s, elapsed: 71s, ETA:     4s[>>>>>>>>>>>>>>>>>>>>>>>>  ] 7441/7824, 104.1 task/s, elapsed: 71s, ETA:     4s[>>>>>>>>>>>>>>>>>>>>>>>>  ] 7442/7824, 104.1 task/s, elapsed: 71s, ETA:     4s[>>>>>>>>>>>>>>>>>>>>>>>>  ] 7443/7824, 104.1 task/s, elapsed: 71s, ETA:     4s[>>>>>>>>>>>>>>>>>>>>>>>>  ] 7444/7824, 104.1 task/s, elapsed: 71s, ETA:     4s[>>>>>>>>>>>>>>>>>>>>>>>>  ] 7445/7824, 104.1 task/s, elapsed: 71s, ETA:     4s[>>>>>>>>>>>>>>>>>>>>>>>>  ] 7446/7824, 104.1 task/s, elapsed: 71s, ETA:     4s[>>>>>>>>>>>>>>>>>>>>>>>>  ] 7447/7824, 104.2 task/s, elapsed: 72s, ETA:     4s[>>>>>>>>>>>>>>>>>>>>>>>>  ] 7448/7824, 104.2 task/s, elapsed: 72s, ETA:     4s[>>>>>>>>>>>>>>>>>>>>>>>>  ] 7449/7824, 104.2 task/s, elapsed: 72s, ETA:     4s[>>>>>>>>>>>>>>>>>>>>>>>>  ] 7450/7824, 104.2 task/s, elapsed: 72s, ETA:     4s[>>>>>>>>>>>>>>>>>>>>>>>>  ] 7451/7824, 104.2 task/s, elapsed: 72s, ETA:     4s[>>>>>>>>>>>>>>>>>>>>>>>>  ] 7452/7824, 104.2 task/s, elapsed: 72s, ETA:     4s[>>>>>>>>>>>>>>>>>>>>>>>>  ] 7453/7824, 104.2 task/s, elapsed: 72s, ETA:     4s[>>>>>>>>>>>>>>>>>>>>>>>>  ] 7454/7824, 104.2 task/s, elapsed: 72s, ETA:     4s[>>>>>>>>>>>>>>>>>>>>>>>>  ] 7455/7824, 104.2 task/s, elapsed: 72s, ETA:     4s[>>>>>>>>>>>>>>>>>>>>>>>>  ] 7456/7824, 104.2 task/s, elapsed: 72s, ETA:     4s[>>>>>>>>>>>>>>>>>>>>>>>>  ] 7457/7824, 104.2 task/s, elapsed: 72s, ETA:     4s[>>>>>>>>>>>>>>>>>>>>>>>>  ] 7458/7824, 104.2 task/s, elapsed: 72s, ETA:     4s[>>>>>>>>>>>>>>>>>>>>>>>>  ] 7459/7824, 104.2 task/s, elapsed: 72s, ETA:     4s[>>>>>>>>>>>>>>>>>>>>>>>>  ] 7460/7824, 104.2 task/s, elapsed: 72s, ETA:     3s[>>>>>>>>>>>>>>>>>>>>>>>>  ] 7461/7824, 104.2 task/s, elapsed: 72s, ETA:     3s[>>>>>>>>>>>>>>>>>>>>>>>>  ] 7462/7824, 104.2 task/s, elapsed: 72s, ETA:     3s[>>>>>>>>>>>>>>>>>>>>>>>>  ] 7463/7824, 104.2 task/s, elapsed: 72s, ETA:     3s[>>>>>>>>>>>>>>>>>>>>>>>>  ] 7464/7824, 104.2 task/s, elapsed: 72s, ETA:     3s[>>>>>>>>>>>>>>>>>>>>>>>>  ] 7465/7824, 104.2 task/s, elapsed: 72s, ETA:     3s[>>>>>>>>>>>>>>>>>>>>>>>>  ] 7466/7824, 104.2 task/s, elapsed: 72s, ETA:     3s[>>>>>>>>>>>>>>>>>>>>>>>>  ] 7467/7824, 104.2 task/s, elapsed: 72s, ETA:     3s[>>>>>>>>>>>>>>>>>>>>>>>>  ] 7468/7824, 104.2 task/s, elapsed: 72s, ETA:     3s[>>>>>>>>>>>>>>>>>>>>>>>>  ] 7469/7824, 104.2 task/s, elapsed: 72s, ETA:     3s[>>>>>>>>>>>>>>>>>>>>>>>>  ] 7470/7824, 104.2 task/s, elapsed: 72s, ETA:     3s[>>>>>>>>>>>>>>>>>>>>>>>>  ] 7471/7824, 104.2 task/s, elapsed: 72s, ETA:     3s[>>>>>>>>>>>>>>>>>>>>>>>>  ] 7472/7824, 104.2 task/s, elapsed: 72s, ETA:     3s[>>>>>>>>>>>>>>>>>>>>>>>>  ] 7473/7824, 104.2 task/s, elapsed: 72s, ETA:     3s[>>>>>>>>>>>>>>>>>>>>>>>>  ] 7474/7824, 104.2 task/s, elapsed: 72s, ETA:     3s[>>>>>>>>>>>>>>>>>>>>>>>>  ] 7475/7824, 104.2 task/s, elapsed: 72s, ETA:     3s[>>>>>>>>>>>>>>>>>>>>>>>>  ] 7476/7824, 104.2 task/s, elapsed: 72s, ETA:     3s[>>>>>>>>>>>>>>>>>>>>>>>>  ] 7477/7824, 104.2 task/s, elapsed: 72s, ETA:     3s[>>>>>>>>>>>>>>>>>>>>>>>>  ] 7478/7824, 104.2 task/s, elapsed: 72s, ETA:     3s[>>>>>>>>>>>>>>>>>>>>>>>>  ] 7479/7824, 104.2 task/s, elapsed: 72s, ETA:     3s[>>>>>>>>>>>>>>>>>>>>>>>>  ] 7480/7824, 104.2 task/s, elapsed: 72s, ETA:     3s[>>>>>>>>>>>>>>>>>>>>>>>>  ] 7481/7824, 104.2 task/s, elapsed: 72s, ETA:     3s[>>>>>>>>>>>>>>>>>>>>>>>>  ] 7482/7824, 104.2 task/s, elapsed: 72s, ETA:     3s[>>>>>>>>>>>>>>>>>>>>>>>>  ] 7483/7824, 104.2 task/s, elapsed: 72s, ETA:     3s[>>>>>>>>>>>>>>>>>>>>>>>>  ] 7484/7824, 104.2 task/s, elapsed: 72s, ETA:     3s[>>>>>>>>>>>>>>>>>>>>>>>>  ] 7485/7824, 104.2 task/s, elapsed: 72s, ETA:     3s[>>>>>>>>>>>>>>>>>>>>>>>>  ] 7486/7824, 104.2 task/s, elapsed: 72s, ETA:     3s[>>>>>>>>>>>>>>>>>>>>>>>>  ] 7487/7824, 104.2 task/s, elapsed: 72s, ETA:     3s[>>>>>>>>>>>>>>>>>>>>>>>>  ] 7488/7824, 104.2 task/s, elapsed: 72s, ETA:     3s[>>>>>>>>>>>>>>>>>>>>>>>>  ] 7489/7824, 104.2 task/s, elapsed: 72s, ETA:     3s[>>>>>>>>>>>>>>>>>>>>>>>>  ] 7490/7824, 104.2 task/s, elapsed: 72s, ETA:     3s[>>>>>>>>>>>>>>>>>>>>>>>>  ] 7491/7824, 104.2 task/s, elapsed: 72s, ETA:     3s[>>>>>>>>>>>>>>>>>>>>>>>>  ] 7492/7824, 104.2 task/s, elapsed: 72s, ETA:     3s[>>>>>>>>>>>>>>>>>>>>>>>>  ] 7493/7824, 104.2 task/s, elapsed: 72s, ETA:     3s[>>>>>>>>>>>>>>>>>>>>>>>>  ] 7494/7824, 104.2 task/s, elapsed: 72s, ETA:     3s[>>>>>>>>>>>>>>>>>>>>>>>>  ] 7495/7824, 104.2 task/s, elapsed: 72s, ETA:     3s[>>>>>>>>>>>>>>>>>>>>>>>>  ] 7496/7824, 104.2 task/s, elapsed: 72s, ETA:     3s[>>>>>>>>>>>>>>>>>>>>>>>>  ] 7497/7824, 104.2 task/s, elapsed: 72s, ETA:     3s[>>>>>>>>>>>>>>>>>>>>>>>>  ] 7498/7824, 104.2 task/s, elapsed: 72s, ETA:     3s[>>>>>>>>>>>>>>>>>>>>>>>>  ] 7499/7824, 104.2 task/s, elapsed: 72s, ETA:     3s[>>>>>>>>>>>>>>>>>>>>>>>>  ] 7500/7824, 104.2 task/s, elapsed: 72s, ETA:     3s[>>>>>>>>>>>>>>>>>>>>>>>>  ] 7501/7824, 104.2 task/s, elapsed: 72s, ETA:     3s[>>>>>>>>>>>>>>>>>>>>>>>>  ] 7502/7824, 104.2 task/s, elapsed: 72s, ETA:     3s[>>>>>>>>>>>>>>>>>>>>>>>>  ] 7503/7824, 104.2 task/s, elapsed: 72s, ETA:     3s[>>>>>>>>>>>>>>>>>>>>>>>>  ] 7504/7824, 104.2 task/s, elapsed: 72s, ETA:     3s[>>>>>>>>>>>>>>>>>>>>>>>>  ] 7505/7824, 104.2 task/s, elapsed: 72s, ETA:     3s[>>>>>>>>>>>>>>>>>>>>>>>>  ] 7506/7824, 104.2 task/s, elapsed: 72s, ETA:     3s[>>>>>>>>>>>>>>>>>>>>>>>>  ] 7507/7824, 104.2 task/s, elapsed: 72s, ETA:     3s[>>>>>>>>>>>>>>>>>>>>>>>>  ] 7508/7824, 104.2 task/s, elapsed: 72s, ETA:     3s[>>>>>>>>>>>>>>>>>>>>>>>>  ] 7509/7824, 104.2 task/s, elapsed: 72s, ETA:     3s[>>>>>>>>>>>>>>>>>>>>>>>>  ] 7510/7824, 104.2 task/s, elapsed: 72s, ETA:     3s[>>>>>>>>>>>>>>>>>>>>>>>>  ] 7511/7824, 104.2 task/s, elapsed: 72s, ETA:     3s[>>>>>>>>>>>>>>>>>>>>>>>>  ] 7512/7824, 104.2 task/s, elapsed: 72s, ETA:     3s[>>>>>>>>>>>>>>>>>>>>>>>>  ] 7513/7824, 104.2 task/s, elapsed: 72s, ETA:     3s[>>>>>>>>>>>>>>>>>>>>>>>>  ] 7514/7824, 104.2 task/s, elapsed: 72s, ETA:     3s[>>>>>>>>>>>>>>>>>>>>>>>>  ] 7515/7824, 104.2 task/s, elapsed: 72s, ETA:     3s[>>>>>>>>>>>>>>>>>>>>>>>>  ] 7516/7824, 104.2 task/s, elapsed: 72s, ETA:     3s[>>>>>>>>>>>>>>>>>>>>>>>>  ] 7517/7824, 104.2 task/s, elapsed: 72s, ETA:     3s[>>>>>>>>>>>>>>>>>>>>>>>>  ] 7518/7824, 104.2 task/s, elapsed: 72s, ETA:     3s[>>>>>>>>>>>>>>>>>>>>>>>>  ] 7519/7824, 104.2 task/s, elapsed: 72s, ETA:     3s[>>>>>>>>>>>>>>>>>>>>>>>>  ] 7520/7824, 104.2 task/s, elapsed: 72s, ETA:     3s[>>>>>>>>>>>>>>>>>>>>>>>>  ] 7521/7824, 104.2 task/s, elapsed: 72s, ETA:     3s[>>>>>>>>>>>>>>>>>>>>>>>>  ] 7522/7824, 104.2 task/s, elapsed: 72s, ETA:     3s[>>>>>>>>>>>>>>>>>>>>>>>>  ] 7523/7824, 104.2 task/s, elapsed: 72s, ETA:     3s[>>>>>>>>>>>>>>>>>>>>>>>>> ] 7524/7824, 104.2 task/s, elapsed: 72s, ETA:     3s[>>>>>>>>>>>>>>>>>>>>>>>>> ] 7525/7824, 104.2 task/s, elapsed: 72s, ETA:     3s[>>>>>>>>>>>>>>>>>>>>>>>>> ] 7526/7824, 104.2 task/s, elapsed: 72s, ETA:     3s[>>>>>>>>>>>>>>>>>>>>>>>>> ] 7527/7824, 104.2 task/s, elapsed: 72s, ETA:     3s[>>>>>>>>>>>>>>>>>>>>>>>>> ] 7528/7824, 104.2 task/s, elapsed: 72s, ETA:     3s[>>>>>>>>>>>>>>>>>>>>>>>>> ] 7529/7824, 104.2 task/s, elapsed: 72s, ETA:     3s[>>>>>>>>>>>>>>>>>>>>>>>>> ] 7530/7824, 104.2 task/s, elapsed: 72s, ETA:     3s[>>>>>>>>>>>>>>>>>>>>>>>>> ] 7531/7824, 104.2 task/s, elapsed: 72s, ETA:     3s[>>>>>>>>>>>>>>>>>>>>>>>>> ] 7532/7824, 104.2 task/s, elapsed: 72s, ETA:     3s[>>>>>>>>>>>>>>>>>>>>>>>>> ] 7533/7824, 104.2 task/s, elapsed: 72s, ETA:     3s[>>>>>>>>>>>>>>>>>>>>>>>>> ] 7534/7824, 104.2 task/s, elapsed: 72s, ETA:     3s[>>>>>>>>>>>>>>>>>>>>>>>>> ] 7535/7824, 104.3 task/s, elapsed: 72s, ETA:     3s[>>>>>>>>>>>>>>>>>>>>>>>>> ] 7536/7824, 104.3 task/s, elapsed: 72s, ETA:     3s[>>>>>>>>>>>>>>>>>>>>>>>>> ] 7537/7824, 104.3 task/s, elapsed: 72s, ETA:     3s[>>>>>>>>>>>>>>>>>>>>>>>>> ] 7538/7824, 104.3 task/s, elapsed: 72s, ETA:     3s[>>>>>>>>>>>>>>>>>>>>>>>>> ] 7539/7824, 104.3 task/s, elapsed: 72s, ETA:     3s[>>>>>>>>>>>>>>>>>>>>>>>>> ] 7540/7824, 104.3 task/s, elapsed: 72s, ETA:     3s[>>>>>>>>>>>>>>>>>>>>>>>>> ] 7541/7824, 104.3 task/s, elapsed: 72s, ETA:     3s[>>>>>>>>>>>>>>>>>>>>>>>>> ] 7542/7824, 104.3 task/s, elapsed: 72s, ETA:     3s[>>>>>>>>>>>>>>>>>>>>>>>>> ] 7543/7824, 104.3 task/s, elapsed: 72s, ETA:     3s[>>>>>>>>>>>>>>>>>>>>>>>>> ] 7544/7824, 104.3 task/s, elapsed: 72s, ETA:     3s[>>>>>>>>>>>>>>>>>>>>>>>>> ] 7545/7824, 104.3 task/s, elapsed: 72s, ETA:     3s[>>>>>>>>>>>>>>>>>>>>>>>>> ] 7546/7824, 104.3 task/s, elapsed: 72s, ETA:     3s[>>>>>>>>>>>>>>>>>>>>>>>>> ] 7547/7824, 104.3 task/s, elapsed: 72s, ETA:     3s[>>>>>>>>>>>>>>>>>>>>>>>>> ] 7548/7824, 104.3 task/s, elapsed: 72s, ETA:     3s[>>>>>>>>>>>>>>>>>>>>>>>>> ] 7549/7824, 104.3 task/s, elapsed: 72s, ETA:     3s[>>>>>>>>>>>>>>>>>>>>>>>>> ] 7550/7824, 104.3 task/s, elapsed: 72s, ETA:     3s[>>>>>>>>>>>>>>>>>>>>>>>>> ] 7551/7824, 104.3 task/s, elapsed: 72s, ETA:     3s[>>>>>>>>>>>>>>>>>>>>>>>>> ] 7552/7824, 104.3 task/s, elapsed: 72s, ETA:     3s[>>>>>>>>>>>>>>>>>>>>>>>>> ] 7553/7824, 104.3 task/s, elapsed: 72s, ETA:     3s[>>>>>>>>>>>>>>>>>>>>>>>>> ] 7554/7824, 104.3 task/s, elapsed: 72s, ETA:     3s[>>>>>>>>>>>>>>>>>>>>>>>>> ] 7555/7824, 104.3 task/s, elapsed: 72s, ETA:     3s[>>>>>>>>>>>>>>>>>>>>>>>>> ] 7556/7824, 104.3 task/s, elapsed: 72s, ETA:     3s[>>>>>>>>>>>>>>>>>>>>>>>>> ] 7557/7824, 104.3 task/s, elapsed: 72s, ETA:     3s[>>>>>>>>>>>>>>>>>>>>>>>>> ] 7558/7824, 104.2 task/s, elapsed: 73s, ETA:     3s[>>>>>>>>>>>>>>>>>>>>>>>>> ] 7559/7824, 104.2 task/s, elapsed: 73s, ETA:     3s[>>>>>>>>>>>>>>>>>>>>>>>>> ] 7560/7824, 104.2 task/s, elapsed: 73s, ETA:     3s[>>>>>>>>>>>>>>>>>>>>>>>>> ] 7561/7824, 104.2 task/s, elapsed: 73s, ETA:     3s[>>>>>>>>>>>>>>>>>>>>>>>>> ] 7562/7824, 104.2 task/s, elapsed: 73s, ETA:     3s[>>>>>>>>>>>>>>>>>>>>>>>>> ] 7563/7824, 104.2 task/s, elapsed: 73s, ETA:     3s[>>>>>>>>>>>>>>>>>>>>>>>>> ] 7564/7824, 104.2 task/s, elapsed: 73s, ETA:     2s[>>>>>>>>>>>>>>>>>>>>>>>>> ] 7565/7824, 104.2 task/s, elapsed: 73s, ETA:     2s[>>>>>>>>>>>>>>>>>>>>>>>>> ] 7566/7824, 104.2 task/s, elapsed: 73s, ETA:     2s[>>>>>>>>>>>>>>>>>>>>>>>>> ] 7567/7824, 104.2 task/s, elapsed: 73s, ETA:     2s[>>>>>>>>>>>>>>>>>>>>>>>>> ] 7568/7824, 104.2 task/s, elapsed: 73s, ETA:     2s[>>>>>>>>>>>>>>>>>>>>>>>>> ] 7569/7824, 104.2 task/s, elapsed: 73s, ETA:     2s[>>>>>>>>>>>>>>>>>>>>>>>>> ] 7570/7824, 104.2 task/s, elapsed: 73s, ETA:     2s[>>>>>>>>>>>>>>>>>>>>>>>>> ] 7571/7824, 104.2 task/s, elapsed: 73s, ETA:     2s[>>>>>>>>>>>>>>>>>>>>>>>>> ] 7572/7824, 104.2 task/s, elapsed: 73s, ETA:     2s[>>>>>>>>>>>>>>>>>>>>>>>>> ] 7573/7824, 104.2 task/s, elapsed: 73s, ETA:     2s[>>>>>>>>>>>>>>>>>>>>>>>>> ] 7574/7824, 104.2 task/s, elapsed: 73s, ETA:     2s[>>>>>>>>>>>>>>>>>>>>>>>>> ] 7575/7824, 104.2 task/s, elapsed: 73s, ETA:     2s[>>>>>>>>>>>>>>>>>>>>>>>>> ] 7576/7824, 104.2 task/s, elapsed: 73s, ETA:     2s[>>>>>>>>>>>>>>>>>>>>>>>>> ] 7577/7824, 104.2 task/s, elapsed: 73s, ETA:     2s[>>>>>>>>>>>>>>>>>>>>>>>>> ] 7578/7824, 104.1 task/s, elapsed: 73s, ETA:     2s[>>>>>>>>>>>>>>>>>>>>>>>>> ] 7579/7824, 104.1 task/s, elapsed: 73s, ETA:     2s[>>>>>>>>>>>>>>>>>>>>>>>>> ] 7580/7824, 104.1 task/s, elapsed: 73s, ETA:     2s[>>>>>>>>>>>>>>>>>>>>>>>>> ] 7581/7824, 104.1 task/s, elapsed: 73s, ETA:     2s[>>>>>>>>>>>>>>>>>>>>>>>>> ] 7582/7824, 104.1 task/s, elapsed: 73s, ETA:     2s[>>>>>>>>>>>>>>>>>>>>>>>>> ] 7583/7824, 104.1 task/s, elapsed: 73s, ETA:     2s[>>>>>>>>>>>>>>>>>>>>>>>>> ] 7584/7824, 104.1 task/s, elapsed: 73s, ETA:     2s[>>>>>>>>>>>>>>>>>>>>>>>>> ] 7585/7824, 104.1 task/s, elapsed: 73s, ETA:     2s[>>>>>>>>>>>>>>>>>>>>>>>>> ] 7586/7824, 104.1 task/s, elapsed: 73s, ETA:     2s[>>>>>>>>>>>>>>>>>>>>>>>>> ] 7587/7824, 104.1 task/s, elapsed: 73s, ETA:     2s[>>>>>>>>>>>>>>>>>>>>>>>>> ] 7588/7824, 104.1 task/s, elapsed: 73s, ETA:     2s[>>>>>>>>>>>>>>>>>>>>>>>>> ] 7589/7824, 104.1 task/s, elapsed: 73s, ETA:     2s[>>>>>>>>>>>>>>>>>>>>>>>>> ] 7590/7824, 104.1 task/s, elapsed: 73s, ETA:     2s[>>>>>>>>>>>>>>>>>>>>>>>>> ] 7591/7824, 104.1 task/s, elapsed: 73s, ETA:     2s[>>>>>>>>>>>>>>>>>>>>>>>>> ] 7592/7824, 104.1 task/s, elapsed: 73s, ETA:     2s[>>>>>>>>>>>>>>>>>>>>>>>>> ] 7593/7824, 104.1 task/s, elapsed: 73s, ETA:     2s[>>>>>>>>>>>>>>>>>>>>>>>>> ] 7594/7824, 104.1 task/s, elapsed: 73s, ETA:     2s[>>>>>>>>>>>>>>>>>>>>>>>>> ] 7595/7824, 104.1 task/s, elapsed: 73s, ETA:     2s[>>>>>>>>>>>>>>>>>>>>>>>>> ] 7596/7824, 104.1 task/s, elapsed: 73s, ETA:     2s[>>>>>>>>>>>>>>>>>>>>>>>>> ] 7597/7824, 104.1 task/s, elapsed: 73s, ETA:     2s[>>>>>>>>>>>>>>>>>>>>>>>>> ] 7598/7824, 104.0 task/s, elapsed: 73s, ETA:     2s[>>>>>>>>>>>>>>>>>>>>>>>>> ] 7599/7824, 104.0 task/s, elapsed: 73s, ETA:     2s[>>>>>>>>>>>>>>>>>>>>>>>>> ] 7600/7824, 104.0 task/s, elapsed: 73s, ETA:     2s[>>>>>>>>>>>>>>>>>>>>>>>>> ] 7601/7824, 104.0 task/s, elapsed: 73s, ETA:     2s[>>>>>>>>>>>>>>>>>>>>>>>>> ] 7602/7824, 104.0 task/s, elapsed: 73s, ETA:     2s[>>>>>>>>>>>>>>>>>>>>>>>>> ] 7603/7824, 104.0 task/s, elapsed: 73s, ETA:     2s[>>>>>>>>>>>>>>>>>>>>>>>>> ] 7604/7824, 104.0 task/s, elapsed: 73s, ETA:     2s[>>>>>>>>>>>>>>>>>>>>>>>>> ] 7605/7824, 104.0 task/s, elapsed: 73s, ETA:     2s[>>>>>>>>>>>>>>>>>>>>>>>>> ] 7606/7824, 104.0 task/s, elapsed: 73s, ETA:     2s[>>>>>>>>>>>>>>>>>>>>>>>>> ] 7607/7824, 104.0 task/s, elapsed: 73s, ETA:     2s[>>>>>>>>>>>>>>>>>>>>>>>>> ] 7608/7824, 104.0 task/s, elapsed: 73s, ETA:     2s[>>>>>>>>>>>>>>>>>>>>>>>>> ] 7609/7824, 104.0 task/s, elapsed: 73s, ETA:     2s[>>>>>>>>>>>>>>>>>>>>>>>>> ] 7610/7824, 104.0 task/s, elapsed: 73s, ETA:     2s[>>>>>>>>>>>>>>>>>>>>>>>>> ] 7611/7824, 104.0 task/s, elapsed: 73s, ETA:     2s[>>>>>>>>>>>>>>>>>>>>>>>>> ] 7612/7824, 104.0 task/s, elapsed: 73s, ETA:     2s[>>>>>>>>>>>>>>>>>>>>>>>>> ] 7613/7824, 104.0 task/s, elapsed: 73s, ETA:     2s[>>>>>>>>>>>>>>>>>>>>>>>>> ] 7614/7824, 104.0 task/s, elapsed: 73s, ETA:     2s[>>>>>>>>>>>>>>>>>>>>>>>>> ] 7615/7824, 104.0 task/s, elapsed: 73s, ETA:     2s[>>>>>>>>>>>>>>>>>>>>>>>>> ] 7616/7824, 104.0 task/s, elapsed: 73s, ETA:     2s[>>>>>>>>>>>>>>>>>>>>>>>>> ] 7617/7824, 104.0 task/s, elapsed: 73s, ETA:     2s[>>>>>>>>>>>>>>>>>>>>>>>>> ] 7618/7824, 103.9 task/s, elapsed: 73s, ETA:     2s[>>>>>>>>>>>>>>>>>>>>>>>>> ] 7619/7824, 103.9 task/s, elapsed: 73s, ETA:     2s[>>>>>>>>>>>>>>>>>>>>>>>>> ] 7620/7824, 103.9 task/s, elapsed: 73s, ETA:     2s[>>>>>>>>>>>>>>>>>>>>>>>>> ] 7621/7824, 103.9 task/s, elapsed: 73s, ETA:     2s[>>>>>>>>>>>>>>>>>>>>>>>>> ] 7622/7824, 103.9 task/s, elapsed: 73s, ETA:     2s[>>>>>>>>>>>>>>>>>>>>>>>>> ] 7623/7824, 103.9 task/s, elapsed: 73s, ETA:     2s[>>>>>>>>>>>>>>>>>>>>>>>>> ] 7624/7824, 103.9 task/s, elapsed: 73s, ETA:     2s[>>>>>>>>>>>>>>>>>>>>>>>>> ] 7625/7824, 103.9 task/s, elapsed: 73s, ETA:     2s[>>>>>>>>>>>>>>>>>>>>>>>>> ] 7626/7824, 103.9 task/s, elapsed: 73s, ETA:     2s[>>>>>>>>>>>>>>>>>>>>>>>>> ] 7627/7824, 103.9 task/s, elapsed: 73s, ETA:     2s[>>>>>>>>>>>>>>>>>>>>>>>>> ] 7628/7824, 103.9 task/s, elapsed: 73s, ETA:     2s[>>>>>>>>>>>>>>>>>>>>>>>>> ] 7629/7824, 103.9 task/s, elapsed: 73s, ETA:     2s[>>>>>>>>>>>>>>>>>>>>>>>>> ] 7630/7824, 103.9 task/s, elapsed: 73s, ETA:     2s[>>>>>>>>>>>>>>>>>>>>>>>>> ] 7631/7824, 103.9 task/s, elapsed: 73s, ETA:     2s[>>>>>>>>>>>>>>>>>>>>>>>>> ] 7632/7824, 103.9 task/s, elapsed: 73s, ETA:     2s[>>>>>>>>>>>>>>>>>>>>>>>>> ] 7633/7824, 103.9 task/s, elapsed: 73s, ETA:     2s[>>>>>>>>>>>>>>>>>>>>>>>>> ] 7634/7824, 103.9 task/s, elapsed: 73s, ETA:     2s[>>>>>>>>>>>>>>>>>>>>>>>>> ] 7635/7824, 103.9 task/s, elapsed: 74s, ETA:     2s[>>>>>>>>>>>>>>>>>>>>>>>>> ] 7636/7824, 103.9 task/s, elapsed: 74s, ETA:     2s[>>>>>>>>>>>>>>>>>>>>>>>>> ] 7637/7824, 103.9 task/s, elapsed: 74s, ETA:     2s[>>>>>>>>>>>>>>>>>>>>>>>>> ] 7638/7824, 103.9 task/s, elapsed: 74s, ETA:     2s[>>>>>>>>>>>>>>>>>>>>>>>>> ] 7639/7824, 103.8 task/s, elapsed: 74s, ETA:     2s[>>>>>>>>>>>>>>>>>>>>>>>>> ] 7640/7824, 103.8 task/s, elapsed: 74s, ETA:     2s[>>>>>>>>>>>>>>>>>>>>>>>>> ] 7641/7824, 103.8 task/s, elapsed: 74s, ETA:     2s[>>>>>>>>>>>>>>>>>>>>>>>>> ] 7642/7824, 103.8 task/s, elapsed: 74s, ETA:     2s[>>>>>>>>>>>>>>>>>>>>>>>>> ] 7643/7824, 103.8 task/s, elapsed: 74s, ETA:     2s[>>>>>>>>>>>>>>>>>>>>>>>>> ] 7644/7824, 103.8 task/s, elapsed: 74s, ETA:     2s[>>>>>>>>>>>>>>>>>>>>>>>>> ] 7645/7824, 103.8 task/s, elapsed: 74s, ETA:     2s[>>>>>>>>>>>>>>>>>>>>>>>>> ] 7646/7824, 103.8 task/s, elapsed: 74s, ETA:     2s[>>>>>>>>>>>>>>>>>>>>>>>>> ] 7647/7824, 103.8 task/s, elapsed: 74s, ETA:     2s[>>>>>>>>>>>>>>>>>>>>>>>>> ] 7648/7824, 103.8 task/s, elapsed: 74s, ETA:     2s[>>>>>>>>>>>>>>>>>>>>>>>>> ] 7649/7824, 103.8 task/s, elapsed: 74s, ETA:     2s[>>>>>>>>>>>>>>>>>>>>>>>>> ] 7650/7824, 103.8 task/s, elapsed: 74s, ETA:     2s[>>>>>>>>>>>>>>>>>>>>>>>>> ] 7651/7824, 103.8 task/s, elapsed: 74s, ETA:     2s[>>>>>>>>>>>>>>>>>>>>>>>>> ] 7652/7824, 103.8 task/s, elapsed: 74s, ETA:     2s[>>>>>>>>>>>>>>>>>>>>>>>>> ] 7653/7824, 103.8 task/s, elapsed: 74s, ETA:     2s[>>>>>>>>>>>>>>>>>>>>>>>>> ] 7654/7824, 103.8 task/s, elapsed: 74s, ETA:     2s[>>>>>>>>>>>>>>>>>>>>>>>>> ] 7655/7824, 103.8 task/s, elapsed: 74s, ETA:     2s[>>>>>>>>>>>>>>>>>>>>>>>>> ] 7656/7824, 103.8 task/s, elapsed: 74s, ETA:     2s[>>>>>>>>>>>>>>>>>>>>>>>>> ] 7657/7824, 103.8 task/s, elapsed: 74s, ETA:     2s[>>>>>>>>>>>>>>>>>>>>>>>>> ] 7658/7824, 103.8 task/s, elapsed: 74s, ETA:     2s[>>>>>>>>>>>>>>>>>>>>>>>>> ] 7659/7824, 103.8 task/s, elapsed: 74s, ETA:     2s[>>>>>>>>>>>>>>>>>>>>>>>>> ] 7660/7824, 103.8 task/s, elapsed: 74s, ETA:     2s[>>>>>>>>>>>>>>>>>>>>>>>>> ] 7661/7824, 103.8 task/s, elapsed: 74s, ETA:     2s[>>>>>>>>>>>>>>>>>>>>>>>>> ] 7662/7824, 103.8 task/s, elapsed: 74s, ETA:     2s[>>>>>>>>>>>>>>>>>>>>>>>>> ] 7663/7824, 103.8 task/s, elapsed: 74s, ETA:     2s[>>>>>>>>>>>>>>>>>>>>>>>>> ] 7664/7824, 103.8 task/s, elapsed: 74s, ETA:     2s[>>>>>>>>>>>>>>>>>>>>>>>>> ] 7665/7824, 103.8 task/s, elapsed: 74s, ETA:     2s[>>>>>>>>>>>>>>>>>>>>>>>>> ] 7666/7824, 103.8 task/s, elapsed: 74s, ETA:     2s[>>>>>>>>>>>>>>>>>>>>>>>>> ] 7667/7824, 103.8 task/s, elapsed: 74s, ETA:     2s[>>>>>>>>>>>>>>>>>>>>>>>>> ] 7668/7824, 103.8 task/s, elapsed: 74s, ETA:     2s[>>>>>>>>>>>>>>>>>>>>>>>>> ] 7669/7824, 103.8 task/s, elapsed: 74s, ETA:     1s[>>>>>>>>>>>>>>>>>>>>>>>>> ] 7670/7824, 103.8 task/s, elapsed: 74s, ETA:     1s[>>>>>>>>>>>>>>>>>>>>>>>>> ] 7671/7824, 103.8 task/s, elapsed: 74s, ETA:     1s[>>>>>>>>>>>>>>>>>>>>>>>>> ] 7672/7824, 103.8 task/s, elapsed: 74s, ETA:     1s[>>>>>>>>>>>>>>>>>>>>>>>>> ] 7673/7824, 103.8 task/s, elapsed: 74s, ETA:     1s[>>>>>>>>>>>>>>>>>>>>>>>>> ] 7674/7824, 103.8 task/s, elapsed: 74s, ETA:     1s[>>>>>>>>>>>>>>>>>>>>>>>>> ] 7675/7824, 103.8 task/s, elapsed: 74s, ETA:     1s[>>>>>>>>>>>>>>>>>>>>>>>>> ] 7676/7824, 103.8 task/s, elapsed: 74s, ETA:     1s[>>>>>>>>>>>>>>>>>>>>>>>>> ] 7677/7824, 103.8 task/s, elapsed: 74s, ETA:     1s[>>>>>>>>>>>>>>>>>>>>>>>>> ] 7678/7824, 103.8 task/s, elapsed: 74s, ETA:     1s[>>>>>>>>>>>>>>>>>>>>>>>>> ] 7679/7824, 103.8 task/s, elapsed: 74s, ETA:     1s[>>>>>>>>>>>>>>>>>>>>>>>>> ] 7680/7824, 103.8 task/s, elapsed: 74s, ETA:     1s[>>>>>>>>>>>>>>>>>>>>>>>>> ] 7681/7824, 103.8 task/s, elapsed: 74s, ETA:     1s[>>>>>>>>>>>>>>>>>>>>>>>>> ] 7682/7824, 103.8 task/s, elapsed: 74s, ETA:     1s[>>>>>>>>>>>>>>>>>>>>>>>>> ] 7683/7824, 103.8 task/s, elapsed: 74s, ETA:     1s[>>>>>>>>>>>>>>>>>>>>>>>>> ] 7684/7824, 103.8 task/s, elapsed: 74s, ETA:     1s[>>>>>>>>>>>>>>>>>>>>>>>>> ] 7685/7824, 103.8 task/s, elapsed: 74s, ETA:     1s[>>>>>>>>>>>>>>>>>>>>>>>>> ] 7686/7824, 103.8 task/s, elapsed: 74s, ETA:     1s[>>>>>>>>>>>>>>>>>>>>>>>>> ] 7687/7824, 103.8 task/s, elapsed: 74s, ETA:     1s[>>>>>>>>>>>>>>>>>>>>>>>>> ] 7688/7824, 103.8 task/s, elapsed: 74s, ETA:     1s[>>>>>>>>>>>>>>>>>>>>>>>>> ] 7689/7824, 103.8 task/s, elapsed: 74s, ETA:     1s[>>>>>>>>>>>>>>>>>>>>>>>>> ] 7690/7824, 103.8 task/s, elapsed: 74s, ETA:     1s[>>>>>>>>>>>>>>>>>>>>>>>>> ] 7691/7824, 103.8 task/s, elapsed: 74s, ETA:     1s[>>>>>>>>>>>>>>>>>>>>>>>>> ] 7692/7824, 103.8 task/s, elapsed: 74s, ETA:     1s[>>>>>>>>>>>>>>>>>>>>>>>>> ] 7693/7824, 103.8 task/s, elapsed: 74s, ETA:     1s[>>>>>>>>>>>>>>>>>>>>>>>>> ] 7694/7824, 103.8 task/s, elapsed: 74s, ETA:     1s[>>>>>>>>>>>>>>>>>>>>>>>>> ] 7695/7824, 103.8 task/s, elapsed: 74s, ETA:     1s[>>>>>>>>>>>>>>>>>>>>>>>>> ] 7696/7824, 103.8 task/s, elapsed: 74s, ETA:     1s[>>>>>>>>>>>>>>>>>>>>>>>>> ] 7697/7824, 103.8 task/s, elapsed: 74s, ETA:     1s[>>>>>>>>>>>>>>>>>>>>>>>>> ] 7698/7824, 103.8 task/s, elapsed: 74s, ETA:     1s[>>>>>>>>>>>>>>>>>>>>>>>>> ] 7699/7824, 103.8 task/s, elapsed: 74s, ETA:     1s[>>>>>>>>>>>>>>>>>>>>>>>>> ] 7700/7824, 103.8 task/s, elapsed: 74s, ETA:     1s[>>>>>>>>>>>>>>>>>>>>>>>>> ] 7701/7824, 103.8 task/s, elapsed: 74s, ETA:     1s[>>>>>>>>>>>>>>>>>>>>>>>>> ] 7702/7824, 103.8 task/s, elapsed: 74s, ETA:     1s[>>>>>>>>>>>>>>>>>>>>>>>>> ] 7703/7824, 103.8 task/s, elapsed: 74s, ETA:     1s[>>>>>>>>>>>>>>>>>>>>>>>>> ] 7704/7824, 103.8 task/s, elapsed: 74s, ETA:     1s[>>>>>>>>>>>>>>>>>>>>>>>>> ] 7705/7824, 103.8 task/s, elapsed: 74s, ETA:     1s[>>>>>>>>>>>>>>>>>>>>>>>>> ] 7706/7824, 103.8 task/s, elapsed: 74s, ETA:     1s[>>>>>>>>>>>>>>>>>>>>>>>>> ] 7707/7824, 103.8 task/s, elapsed: 74s, ETA:     1s[>>>>>>>>>>>>>>>>>>>>>>>>> ] 7708/7824, 103.8 task/s, elapsed: 74s, ETA:     1s[>>>>>>>>>>>>>>>>>>>>>>>>> ] 7709/7824, 103.8 task/s, elapsed: 74s, ETA:     1s[>>>>>>>>>>>>>>>>>>>>>>>>> ] 7710/7824, 103.8 task/s, elapsed: 74s, ETA:     1s[>>>>>>>>>>>>>>>>>>>>>>>>> ] 7711/7824, 103.8 task/s, elapsed: 74s, ETA:     1s[>>>>>>>>>>>>>>>>>>>>>>>>> ] 7712/7824, 103.8 task/s, elapsed: 74s, ETA:     1s[>>>>>>>>>>>>>>>>>>>>>>>>> ] 7713/7824, 103.8 task/s, elapsed: 74s, ETA:     1s[>>>>>>>>>>>>>>>>>>>>>>>>> ] 7714/7824, 103.8 task/s, elapsed: 74s, ETA:     1s[>>>>>>>>>>>>>>>>>>>>>>>>> ] 7715/7824, 103.8 task/s, elapsed: 74s, ETA:     1s[>>>>>>>>>>>>>>>>>>>>>>>>> ] 7716/7824, 103.8 task/s, elapsed: 74s, ETA:     1s[>>>>>>>>>>>>>>>>>>>>>>>>> ] 7717/7824, 103.8 task/s, elapsed: 74s, ETA:     1s[>>>>>>>>>>>>>>>>>>>>>>>>> ] 7718/7824, 103.8 task/s, elapsed: 74s, ETA:     1s[>>>>>>>>>>>>>>>>>>>>>>>>> ] 7719/7824, 103.8 task/s, elapsed: 74s, ETA:     1s[>>>>>>>>>>>>>>>>>>>>>>>>> ] 7720/7824, 103.8 task/s, elapsed: 74s, ETA:     1s[>>>>>>>>>>>>>>>>>>>>>>>>> ] 7721/7824, 103.8 task/s, elapsed: 74s, ETA:     1s[>>>>>>>>>>>>>>>>>>>>>>>>> ] 7722/7824, 103.8 task/s, elapsed: 74s, ETA:     1s[>>>>>>>>>>>>>>>>>>>>>>>>> ] 7723/7824, 103.8 task/s, elapsed: 74s, ETA:     1s[>>>>>>>>>>>>>>>>>>>>>>>>> ] 7724/7824, 103.8 task/s, elapsed: 74s, ETA:     1s[>>>>>>>>>>>>>>>>>>>>>>>>> ] 7725/7824, 103.8 task/s, elapsed: 74s, ETA:     1s[>>>>>>>>>>>>>>>>>>>>>>>>> ] 7726/7824, 103.8 task/s, elapsed: 74s, ETA:     1s[>>>>>>>>>>>>>>>>>>>>>>>>> ] 7727/7824, 103.8 task/s, elapsed: 74s, ETA:     1s[>>>>>>>>>>>>>>>>>>>>>>>>> ] 7728/7824, 103.8 task/s, elapsed: 74s, ETA:     1s[>>>>>>>>>>>>>>>>>>>>>>>>> ] 7729/7824, 103.9 task/s, elapsed: 74s, ETA:     1s[>>>>>>>>>>>>>>>>>>>>>>>>> ] 7730/7824, 103.9 task/s, elapsed: 74s, ETA:     1s[>>>>>>>>>>>>>>>>>>>>>>>>> ] 7731/7824, 103.9 task/s, elapsed: 74s, ETA:     1s[>>>>>>>>>>>>>>>>>>>>>>>>> ] 7732/7824, 103.9 task/s, elapsed: 74s, ETA:     1s[>>>>>>>>>>>>>>>>>>>>>>>>> ] 7733/7824, 103.9 task/s, elapsed: 74s, ETA:     1s[>>>>>>>>>>>>>>>>>>>>>>>>> ] 7734/7824, 103.9 task/s, elapsed: 74s, ETA:     1s[>>>>>>>>>>>>>>>>>>>>>>>>> ] 7735/7824, 103.9 task/s, elapsed: 74s, ETA:     1s[>>>>>>>>>>>>>>>>>>>>>>>>> ] 7736/7824, 103.9 task/s, elapsed: 74s, ETA:     1s[>>>>>>>>>>>>>>>>>>>>>>>>> ] 7737/7824, 103.9 task/s, elapsed: 74s, ETA:     1s[>>>>>>>>>>>>>>>>>>>>>>>>> ] 7738/7824, 103.9 task/s, elapsed: 75s, ETA:     1s[>>>>>>>>>>>>>>>>>>>>>>>>> ] 7739/7824, 103.9 task/s, elapsed: 75s, ETA:     1s[>>>>>>>>>>>>>>>>>>>>>>>>> ] 7740/7824, 103.9 task/s, elapsed: 75s, ETA:     1s[>>>>>>>>>>>>>>>>>>>>>>>>> ] 7741/7824, 103.9 task/s, elapsed: 75s, ETA:     1s[>>>>>>>>>>>>>>>>>>>>>>>>> ] 7742/7824, 103.9 task/s, elapsed: 75s, ETA:     1s[>>>>>>>>>>>>>>>>>>>>>>>>> ] 7743/7824, 103.9 task/s, elapsed: 75s, ETA:     1s[>>>>>>>>>>>>>>>>>>>>>>>>> ] 7744/7824, 103.9 task/s, elapsed: 75s, ETA:     1s[>>>>>>>>>>>>>>>>>>>>>>>>> ] 7745/7824, 103.9 task/s, elapsed: 75s, ETA:     1s[>>>>>>>>>>>>>>>>>>>>>>>>> ] 7746/7824, 103.9 task/s, elapsed: 75s, ETA:     1s[>>>>>>>>>>>>>>>>>>>>>>>>> ] 7747/7824, 103.9 task/s, elapsed: 75s, ETA:     1s[>>>>>>>>>>>>>>>>>>>>>>>>> ] 7748/7824, 103.9 task/s, elapsed: 75s, ETA:     1s[>>>>>>>>>>>>>>>>>>>>>>>>> ] 7749/7824, 103.9 task/s, elapsed: 75s, ETA:     1s[>>>>>>>>>>>>>>>>>>>>>>>>> ] 7750/7824, 103.9 task/s, elapsed: 75s, ETA:     1s[>>>>>>>>>>>>>>>>>>>>>>>>> ] 7751/7824, 103.9 task/s, elapsed: 75s, ETA:     1s[>>>>>>>>>>>>>>>>>>>>>>>>> ] 7752/7824, 103.9 task/s, elapsed: 75s, ETA:     1s[>>>>>>>>>>>>>>>>>>>>>>>>> ] 7753/7824, 103.9 task/s, elapsed: 75s, ETA:     1s[>>>>>>>>>>>>>>>>>>>>>>>>> ] 7754/7824, 103.9 task/s, elapsed: 75s, ETA:     1s[>>>>>>>>>>>>>>>>>>>>>>>>> ] 7755/7824, 103.9 task/s, elapsed: 75s, ETA:     1s[>>>>>>>>>>>>>>>>>>>>>>>>> ] 7756/7824, 103.9 task/s, elapsed: 75s, ETA:     1s[>>>>>>>>>>>>>>>>>>>>>>>>> ] 7757/7824, 103.9 task/s, elapsed: 75s, ETA:     1s[>>>>>>>>>>>>>>>>>>>>>>>>> ] 7758/7824, 103.9 task/s, elapsed: 75s, ETA:     1s[>>>>>>>>>>>>>>>>>>>>>>>>> ] 7759/7824, 103.9 task/s, elapsed: 75s, ETA:     1s[>>>>>>>>>>>>>>>>>>>>>>>>> ] 7760/7824, 103.9 task/s, elapsed: 75s, ETA:     1s[>>>>>>>>>>>>>>>>>>>>>>>>> ] 7761/7824, 103.9 task/s, elapsed: 75s, ETA:     1s[>>>>>>>>>>>>>>>>>>>>>>>>> ] 7762/7824, 103.9 task/s, elapsed: 75s, ETA:     1s[>>>>>>>>>>>>>>>>>>>>>>>>> ] 7763/7824, 103.9 task/s, elapsed: 75s, ETA:     1s[>>>>>>>>>>>>>>>>>>>>>>>>> ] 7764/7824, 103.9 task/s, elapsed: 75s, ETA:     1s[>>>>>>>>>>>>>>>>>>>>>>>>> ] 7765/7824, 103.9 task/s, elapsed: 75s, ETA:     1s[>>>>>>>>>>>>>>>>>>>>>>>>> ] 7766/7824, 103.9 task/s, elapsed: 75s, ETA:     1s[>>>>>>>>>>>>>>>>>>>>>>>>> ] 7767/7824, 103.9 task/s, elapsed: 75s, ETA:     1s[>>>>>>>>>>>>>>>>>>>>>>>>> ] 7768/7824, 103.9 task/s, elapsed: 75s, ETA:     1s[>>>>>>>>>>>>>>>>>>>>>>>>> ] 7769/7824, 103.9 task/s, elapsed: 75s, ETA:     1s[>>>>>>>>>>>>>>>>>>>>>>>>> ] 7770/7824, 103.9 task/s, elapsed: 75s, ETA:     1s[>>>>>>>>>>>>>>>>>>>>>>>>> ] 7771/7824, 103.9 task/s, elapsed: 75s, ETA:     1s[>>>>>>>>>>>>>>>>>>>>>>>>> ] 7772/7824, 103.9 task/s, elapsed: 75s, ETA:     1s[>>>>>>>>>>>>>>>>>>>>>>>>> ] 7773/7824, 103.9 task/s, elapsed: 75s, ETA:     0s[>>>>>>>>>>>>>>>>>>>>>>>>> ] 7774/7824, 103.9 task/s, elapsed: 75s, ETA:     0s[>>>>>>>>>>>>>>>>>>>>>>>>> ] 7775/7824, 103.9 task/s, elapsed: 75s, ETA:     0s[>>>>>>>>>>>>>>>>>>>>>>>>> ] 7776/7824, 103.9 task/s, elapsed: 75s, ETA:     0s[>>>>>>>>>>>>>>>>>>>>>>>>> ] 7777/7824, 103.9 task/s, elapsed: 75s, ETA:     0s[>>>>>>>>>>>>>>>>>>>>>>>>> ] 7778/7824, 103.9 task/s, elapsed: 75s, ETA:     0s[>>>>>>>>>>>>>>>>>>>>>>>>> ] 7779/7824, 103.9 task/s, elapsed: 75s, ETA:     0s[>>>>>>>>>>>>>>>>>>>>>>>>> ] 7780/7824, 103.9 task/s, elapsed: 75s, ETA:     0s[>>>>>>>>>>>>>>>>>>>>>>>>> ] 7781/7824, 103.9 task/s, elapsed: 75s, ETA:     0s[>>>>>>>>>>>>>>>>>>>>>>>>> ] 7782/7824, 103.9 task/s, elapsed: 75s, ETA:     0s[>>>>>>>>>>>>>>>>>>>>>>>>> ] 7783/7824, 103.9 task/s, elapsed: 75s, ETA:     0s[>>>>>>>>>>>>>>>>>>>>>>>>> ] 7784/7824, 103.9 task/s, elapsed: 75s, ETA:     0s[>>>>>>>>>>>>>>>>>>>>>>>>> ] 7785/7824, 103.9 task/s, elapsed: 75s, ETA:     0s[>>>>>>>>>>>>>>>>>>>>>>>>> ] 7786/7824, 103.9 task/s, elapsed: 75s, ETA:     0s[>>>>>>>>>>>>>>>>>>>>>>>>> ] 7787/7824, 103.9 task/s, elapsed: 75s, ETA:     0s[>>>>>>>>>>>>>>>>>>>>>>>>> ] 7788/7824, 103.9 task/s, elapsed: 75s, ETA:     0s[>>>>>>>>>>>>>>>>>>>>>>>>> ] 7789/7824, 103.9 task/s, elapsed: 75s, ETA:     0s[>>>>>>>>>>>>>>>>>>>>>>>>> ] 7790/7824, 103.9 task/s, elapsed: 75s, ETA:     0s[>>>>>>>>>>>>>>>>>>>>>>>>> ] 7791/7824, 103.9 task/s, elapsed: 75s, ETA:     0s[>>>>>>>>>>>>>>>>>>>>>>>>> ] 7792/7824, 103.9 task/s, elapsed: 75s, ETA:     0s[>>>>>>>>>>>>>>>>>>>>>>>>> ] 7793/7824, 103.9 task/s, elapsed: 75s, ETA:     0s[>>>>>>>>>>>>>>>>>>>>>>>>> ] 7794/7824, 103.9 task/s, elapsed: 75s, ETA:     0s[>>>>>>>>>>>>>>>>>>>>>>>>> ] 7795/7824, 103.9 task/s, elapsed: 75s, ETA:     0s[>>>>>>>>>>>>>>>>>>>>>>>>> ] 7796/7824, 103.9 task/s, elapsed: 75s, ETA:     0s[>>>>>>>>>>>>>>>>>>>>>>>>> ] 7797/7824, 103.9 task/s, elapsed: 75s, ETA:     0s[>>>>>>>>>>>>>>>>>>>>>>>>> ] 7798/7824, 103.9 task/s, elapsed: 75s, ETA:     0s[>>>>>>>>>>>>>>>>>>>>>>>>> ] 7799/7824, 103.9 task/s, elapsed: 75s, ETA:     0s[>>>>>>>>>>>>>>>>>>>>>>>>> ] 7800/7824, 103.9 task/s, elapsed: 75s, ETA:     0s[>>>>>>>>>>>>>>>>>>>>>>>>> ] 7801/7824, 103.9 task/s, elapsed: 75s, ETA:     0s[>>>>>>>>>>>>>>>>>>>>>>>>> ] 7802/7824, 103.9 task/s, elapsed: 75s, ETA:     0s[>>>>>>>>>>>>>>>>>>>>>>>>> ] 7803/7824, 103.9 task/s, elapsed: 75s, ETA:     0s[>>>>>>>>>>>>>>>>>>>>>>>>> ] 7804/7824, 103.9 task/s, elapsed: 75s, ETA:     0s[>>>>>>>>>>>>>>>>>>>>>>>>> ] 7805/7824, 103.9 task/s, elapsed: 75s, ETA:     0s[>>>>>>>>>>>>>>>>>>>>>>>>> ] 7806/7824, 103.9 task/s, elapsed: 75s, ETA:     0s[>>>>>>>>>>>>>>>>>>>>>>>>> ] 7807/7824, 103.9 task/s, elapsed: 75s, ETA:     0s[>>>>>>>>>>>>>>>>>>>>>>>>> ] 7808/7824, 103.9 task/s, elapsed: 75s, ETA:     0s[>>>>>>>>>>>>>>>>>>>>>>>>> ] 7809/7824, 103.9 task/s, elapsed: 75s, ETA:     0s[>>>>>>>>>>>>>>>>>>>>>>>>> ] 7810/7824, 103.9 task/s, elapsed: 75s, ETA:     0s[>>>>>>>>>>>>>>>>>>>>>>>>> ] 7811/7824, 103.9 task/s, elapsed: 75s, ETA:     0s[>>>>>>>>>>>>>>>>>>>>>>>>> ] 7812/7824, 103.9 task/s, elapsed: 75s, ETA:     0s[>>>>>>>>>>>>>>>>>>>>>>>>> ] 7813/7824, 103.9 task/s, elapsed: 75s, ETA:     0s[>>>>>>>>>>>>>>>>>>>>>>>>> ] 7814/7824, 103.9 task/s, elapsed: 75s, ETA:     0s[>>>>>>>>>>>>>>>>>>>>>>>>> ] 7815/7824, 103.9 task/s, elapsed: 75s, ETA:     0s[>>>>>>>>>>>>>>>>>>>>>>>>> ] 7816/7824, 103.9 task/s, elapsed: 75s, ETA:     0s[>>>>>>>>>>>>>>>>>>>>>>>>> ] 7817/7824, 103.9 task/s, elapsed: 75s, ETA:     0s[>>>>>>>>>>>>>>>>>>>>>>>>> ] 7818/7824, 103.9 task/s, elapsed: 75s, ETA:     0s[>>>>>>>>>>>>>>>>>>>>>>>>> ] 7819/7824, 103.9 task/s, elapsed: 75s, ETA:     0s[>>>>>>>>>>>>>>>>>>>>>>>>> ] 7820/7824, 103.9 task/s, elapsed: 75s, ETA:     0s[>>>>>>>>>>>>>>>>>>>>>>>>> ] 7821/7824, 104.0 task/s, elapsed: 75s, ETA:     0s[>>>>>>>>>>>>>>>>>>>>>>>>> ] 7822/7824, 104.0 task/s, elapsed: 75s, ETA:     0s[>>>>>>>>>>>>>>>>>>>>>>>>> ] 7823/7824, 104.0 task/s, elapsed: 75s, ETA:     0s[>>>>>>>>>>>>>>>>>>>>>>>>>>] 7824/7824, 104.0 task/s, elapsed: 75s, ETA:     0s2026-06-14 10:03:31,332 - mmdet - INFO - Exp name: wi_tidir_wifi_mamba2_flattened_flow_noise_0.py
2026-06-14 10:03:31,332 - mmdet - INFO - Epoch(val) [5][7824]	mpjpe: 225.6521, mpjpeh: 108.5111, mpjpev: 126.6042, mpjped: 104.5911, mpjpe_1p: 172.7632, mpjpe_2p: 226.7612, mpjpe_3p: 246.7019, count_1p: 2586, count_2p: 3184, count_3p: 2054, matched_1p: 2585, matched_2p: 3184, matched_3p: 2054, total_gt_persons: 15116, predicted_persons: 782400, matched_persons: 14944, missed_persons: 172, false_positive_persons: 767456, missed_1p: 1, missed_2p: 78, missed_3p: 93, false_positive_1p: 256015, false_positive_2p: 312110, false_positive_3p: 199331, miss_penalty_mm: 500.0000, match_threshold_mm: 500.0000

============================================================
               EVALUATION REPORT
============================================================
MPJPE Overall:   225.65 mm
PJDLE (horiz):   108.51 mm
PJDLE (depth):   126.60 mm
PJDLE (vert):    104.59 mm
------------------------------------------------------------
          MPJPE BY NUMBER OF PERSONS
------------------------------------------------------------
  1-person:  172.76 mm  (n=2586, matched=2585)
  2-person:  226.76 mm  (n=3184, matched=3184)
  3-person:  246.70 mm  (n=2054, matched=2054)
  matched persons: 14944 / 15116
  missed persons:  172 (penalty=500.0 mm)
  match threshold: 500.0 mm
  false positives: 767456
------------------------------------------------------------
          PER-JOINT MPJPE (mm)
------------------------------------------------------------
R_Ankle         | 359.44
R_Wrist         | 326.47
R_Hip           | 261.39
R_Elbow         | 251.32
Neck            | 216.40
R_Shoulder      | 213.77
L_Shoulder      | 209.49
Head            | 208.05
L_Ankle         | 191.99
L_Elbow         | 191.63
L_Knee          | 185.99
L_Wrist         | 185.83
L_Hip           | 180.14
R_Knee          | 177.23
------------------------------------------------------------
          BONE LENGTH ERROR (mm)
------------------------------------------------------------
R_Knee-R_Ankle            | 185.07
L_Hip-R_Hip               | 127.04
R_Hip-R_Knee              | 106.02
R_Elbow-R_Wrist           | 74.42
L_Shoulder-L_Elbow        | 45.69
L_Hip-L_Knee              | 38.11
L_Shoulder-R_Shoulder     | 37.30
R_Shoulder-R_Elbow        | 32.83
L_Knee-L_Ankle            | 27.89
L_Elbow-L_Wrist           | 27.45
============================================================
