{
    "mean": [
        0.07905003505952281,
        0.20938021524899927,
        0.21941985417556628,
        0.3219789674569803,
        1.1962015311567855,
        0.4831659907175858,
        1.0276766513885383,
        0.522900544257775,
        0.1693825549217146,
        0.26899546250884615,
        0.29323489483602705,
        0.42588584896524095,
        0.3703553366072365,
        0.7213588595986521,
        0.6010483460604411
    ],
    "std": [
        0.005980493827545007,
        0.020215889591480872,
        0.020569014000198393,
        0.023850400736753753,
        0.13654549474903074,
        0.06408806998957878,
        0.20265226959813074,
        0.0439377644735494,
        0.011744980008248335,
        0.01943743540277183,
        0.026534520353824174,
        0.06261377514932823,
        0.02613155928332054,
        0.1678923473958188,
        0.3212346881353253
    ],
    "bone_names": [
        "Head_Neck",
        "Neck_LShoulder",
        "Neck_RShoulder",
        "LShoulder_RShoulder",
        "LShoulder_LHip",
        "RShoulder_RHip",
        "LHip_RHip",
        "LShoulder_LElbow",
        "LElbow_LWrist",
        "RShoulder_RElbow",
        "RElbow_RWrist",
        "LHip_LKnee",
        "LKnee_LAnkle",
        "RHip_RKnee",
        "RKnee_RAnkle"
    ],
    "bones_definition": [
        [
            0,
            1
        ],
        [
            1,
            3
        ],
        [
            1,
            2
        ],
        [
            3,
            2
        ],
        [
            3,
            12
        ],
        [
            2,
            6
        ],
        [
            12,
            6
        ],
        [
            3,
            5
        ],
        [
            5,
            7
        ],
        [
            2,
            4
        ],
        [
            4,
            8
        ],
        [
            12,
            11
        ],
        [
            11,
            13
        ],
        [
            6,
            9
        ],
        [
            9,
            10
        ]
    ]
}