/usr/local/envs/opera/lib/python3.10/site-packages/mmcv/__init__.py:20: UserWarning: On January 1, 2023, MMCV will release v2.0.0, in which it will remove components related to the training process and add a data transformation module. In addition, it will rename the package names mmcv to mmcv-lite and mmcv-full to mmcv. See https://github.com/open-mmlab/mmcv/blob/master/docs/en/compatibility.md for more details.
  warnings.warn(
/root/Person-in-WiFi-3D/third_party/mmdet/mmdet/utils/setup_env.py:38: UserWarning: Setting OMP_NUM_THREADS environment variable for each process to be 1 in default, to avoid your system being overloaded, please further tune the variable for optimal performance in your application as needed.
  warnings.warn(
/root/Person-in-WiFi-3D/third_party/mmdet/mmdet/utils/setup_env.py:48: UserWarning: Setting MKL_NUM_THREADS environment variable for each process to be 1 in default, to avoid your system being overloaded, please further tune the variable for optimal performance in your application as needed.
  warnings.warn(
2026-06-04 10:11:15,670 - mmdet - INFO - Environment info:
------------------------------------------------------------
sys.platform: linux
Python: 3.10.19 | packaged by conda-forge | (main, Oct 22 2025, 22:29:10) [GCC 14.3.0]
CUDA available: True
GPU 0: NVIDIA RTX 6000 Ada Generation
CUDA_HOME: /usr/local/envs/opera
NVCC: Cuda compilation tools, release 11.7, V11.7.99
GCC: gcc (Ubuntu 9.4.0-1ubuntu1~20.04.2) 9.4.0
PyTorch: 2.1.0+cu121
PyTorch compiling details: PyTorch built with:
  - GCC 9.3
  - C++ Version: 201703
  - Intel(R) oneAPI Math Kernel Library Version 2022.2-Product Build 20220804 for Intel(R) 64 architecture applications
  - Intel(R) MKL-DNN v3.1.1 (Git Hash 64f6bcbcbab628e96f33a62c3e975f8535a7bde4)
  - OpenMP 201511 (a.k.a. OpenMP 4.5)
  - LAPACK is enabled (usually provided by MKL)
  - NNPACK is enabled
  - CPU capability usage: AVX512
  - CUDA Runtime 12.1
  - NVCC architecture flags: -gencode;arch=compute_50,code=sm_50;-gencode;arch=compute_60,code=sm_60;-gencode;arch=compute_70,code=sm_70;-gencode;arch=compute_75,code=sm_75;-gencode;arch=compute_80,code=sm_80;-gencode;arch=compute_86,code=sm_86;-gencode;arch=compute_90,code=sm_90
  - CuDNN 8.9.2
  - Magma 2.6.1
  - Build settings: BLAS_INFO=mkl, BUILD_TYPE=Release, CUDA_VERSION=12.1, CUDNN_VERSION=8.9.2, CXX_COMPILER=/opt/rh/devtoolset-9/root/usr/bin/c++, CXX_FLAGS= -D_GLIBCXX_USE_CXX11_ABI=0 -fabi-version=11 -fvisibility-inlines-hidden -DUSE_PTHREADPOOL -DNDEBUG -DUSE_KINETO -DLIBKINETO_NOROCTRACER -DUSE_FBGEMM -DUSE_QNNPACK -DUSE_PYTORCH_QNNPACK -DUSE_XNNPACK -DSYMBOLICATE_MOBILE_DEBUG_HANDLE -O2 -fPIC -Wall -Wextra -Werror=return-type -Werror=non-virtual-dtor -Werror=bool-operation -Wnarrowing -Wno-missing-field-initializers -Wno-type-limits -Wno-array-bounds -Wno-unknown-pragmas -Wno-unused-parameter -Wno-unused-function -Wno-unused-result -Wno-strict-overflow -Wno-strict-aliasing -Wno-stringop-overflow -Wno-psabi -Wno-error=pedantic -Wno-error=old-style-cast -Wno-invalid-partial-specialization -Wno-unused-private-field -Wno-aligned-allocation-unavailable -Wno-missing-braces -fdiagnostics-color=always -faligned-new -Wno-unused-but-set-variable -Wno-maybe-uninitialized -fno-math-errno -fno-trapping-math -Werror=format -Werror=cast-function-type -Wno-stringop-overflow, LAPACK_INFO=mkl, PERF_WITH_AVX=1, PERF_WITH_AVX2=1, PERF_WITH_AVX512=1, TORCH_DISABLE_GPU_ASSERTS=ON, TORCH_VERSION=2.1.0, USE_CUDA=ON, USE_CUDNN=ON, USE_EXCEPTION_PTR=1, USE_GFLAGS=OFF, USE_GLOG=OFF, USE_MKL=ON, USE_MKLDNN=ON, USE_MPI=OFF, USE_NCCL=1, USE_NNPACK=ON, USE_OPENMP=ON, USE_ROCM=OFF, 

TorchVision: 0.16.0+cu121
OpenCV: 4.9.0
MMCV: 1.7.2
MMCV Compiler: GCC 9.3
MMCV CUDA Compiler: 11.8
MMDetection: 2.25.0+4ef6223
------------------------------------------------------------

2026-06-04 10:11:16,135 - mmdet - INFO - Distributed training: False
2026-06-04 10:11:16,585 - mmdet - INFO - Config:
dataset_type = 'opera.WifiPoseDataset'
data_root = 'data/wifipose'
meta_keys = []
train_pipeline = [
    dict(
        type='opera.DefaultFormatBundle',
        extra_keys=['gt_keypoints', 'gt_labels']),
    dict(
        type='mmdet.Collect',
        keys=['img', 'gt_bboxes', 'gt_labels', 'gt_keypoints', 'gt_areas'],
        meta_keys=[])
]
test_pipeline = [
    dict(
        type='mmdet.MultiScaleFlipAug',
        scale_factor=1.0,
        flip=False,
        transforms=[
            dict(
                type='opera.DefaultFormatBundle',
                extra_keys=['gt_keypoints', 'gt_labels']),
            dict(type='mmdet.Collect', keys=['img'], meta_keys=[])
        ])
]
data = dict(
    samples_per_gpu=32,
    workers_per_gpu=2,
    train=dict(
        type='opera.WifiPoseDataset',
        dataset_root='data/wifipose/train_data',
        pipeline=[
            dict(
                type='opera.DefaultFormatBundle',
                extra_keys=['gt_keypoints', 'gt_labels']),
            dict(
                type='mmdet.Collect',
                keys=[
                    'img', 'gt_bboxes', 'gt_labels', 'gt_keypoints', 'gt_areas'
                ],
                meta_keys=[])
        ],
        mode='train'),
    val=dict(
        type='opera.WifiPoseDataset',
        dataset_root='data/wifipose/test_data',
        pipeline=[
            dict(
                type='mmdet.MultiScaleFlipAug',
                scale_factor=1.0,
                flip=False,
                transforms=[
                    dict(
                        type='opera.DefaultFormatBundle',
                        extra_keys=['gt_keypoints', 'gt_labels']),
                    dict(type='mmdet.Collect', keys=['img'], meta_keys=[])
                ])
        ],
        mode='test'),
    test=dict(
        type='opera.WifiPoseDataset',
        dataset_root='data/wifipose/test_data',
        pipeline=[
            dict(
                type='mmdet.MultiScaleFlipAug',
                scale_factor=1.0,
                flip=False,
                transforms=[
                    dict(
                        type='opera.DefaultFormatBundle',
                        extra_keys=['gt_keypoints', 'gt_labels']),
                    dict(type='mmdet.Collect', keys=['img'], meta_keys=[])
                ])
        ],
        mode='test'))
evaluation = dict(interval=5, metric='mpjpe')
checkpoint_config = dict(interval=5, max_keep_ckpts=20)
log_config = dict(interval=50, hooks=[dict(type='TextLoggerHook')])
custom_hooks = [
    dict(type='NumClassCheckHook'),
    dict(
        type='BoneLossWarmupHook',
        target_weight=1.0,
        warmup_ratio=0.1,
        ramp_ratio=0.1)
]
dist_params = dict(backend='nccl')
log_level = 'INFO'
load_from = None
resume_from = None
workflow = [('train', 1)]
opencv_num_threads = 0
mp_start_method = 'fork'
auto_scale_lr = dict(enable=False, base_batch_size=16)
model = dict(
    type='opera.PETR',
    backbone=dict(
        type='WifiInputAdapter',
        in_channels=60,
        embed_dims=256,
        mode='spectral'),
    neck=None,
    bbox_head=dict(
        type='opera.WiTiDARHead',
        num_query=100,
        num_classes=1,
        in_channels=256,
        sync_cls_avg_factor=True,
        with_kpt_refine=True,
        as_two_stage=True,
        num_keypoints=14,
        transformer=dict(
            type='opera.PETRTransformer',
            num_keypoints=14,
            encoder=dict(
                type='mmcv.DetrTransformerEncoder',
                num_layers=6,
                transformerlayers=dict(
                    type='mmcv.BaseTransformerLayer',
                    attn_cfgs=dict(
                        type='mmcv.MultiheadAttention',
                        embed_dims=256,
                        num_heads=8,
                        dropout=0.1),
                    feedforward_channels=1024,
                    ffn_dropout=0.1,
                    operation_order=('self_attn', 'norm', 'ffn', 'norm'))),
            decoder=dict(
                type='opera.PetrTransformerDecoder',
                num_layers=3,
                num_keypoints=14,
                return_intermediate=True,
                transformerlayers=dict(
                    type='mmcv.DetrTransformerDecoderLayer',
                    attn_cfgs=[
                        dict(
                            type='mmcv.MultiheadAttention',
                            embed_dims=256,
                            num_heads=8,
                            dropout=0.1),
                        dict(
                            type='mmcv.MultiheadAttention',
                            embed_dims=256,
                            num_heads=8,
                            dropout=0.1)
                    ],
                    feedforward_channels=1024,
                    ffn_dropout=0.1,
                    operation_order=('self_attn', 'norm', 'cross_attn', 'norm',
                                     'ffn', 'norm'))),
            refine_decoder=dict(
                type='opera.PetrRefineTransformerDecoder',
                num_layers=2,
                return_intermediate=True,
                transformerlayers=dict(
                    type='mmcv.DetrTransformerDecoderLayer',
                    attn_cfgs=[
                        dict(
                            type='mmcv.MultiheadAttention',
                            embed_dims=256,
                            num_heads=8,
                            dropout=0.1),
                        dict(
                            type='mmcv.MultiheadAttention',
                            embed_dims=256,
                            num_heads=8,
                            dropout=0.1)
                    ],
                    feedforward_channels=1024,
                    ffn_dropout=0.1,
                    operation_order=('self_attn', 'norm', 'cross_attn', 'norm',
                                     'ffn', 'norm')))),
        positional_encoding=dict(
            type='mmcv.SinePositionalEncoding',
            num_feats=128,
            normalize=True,
            offset=-0.5),
        loss_cls=dict(
            type='mmdet.FocalLoss',
            use_sigmoid=True,
            gamma=2.0,
            alpha=0.25,
            loss_weight=2.0),
        loss_kpt=dict(type='mmdet.L1Loss', loss_weight=5.0),
        loss_bone=dict(type='BoneLengthLoss', loss_weight=2.0),
        loss_kpt_rpn=dict(type='mmdet.MSELoss', loss_weight=35.0),
        loss_oks=dict(type='opera.OKSLoss', loss_weight=2.0),
        loss_hm=dict(type='opera.CenterFocalLoss', loss_weight=4.0),
        loss_kpt_refine=dict(type='mmdet.MSELoss', loss_weight=35.0),
        loss_oks_refine=dict(type='opera.OKSLoss', loss_weight=3.0),
        embed_dims=256,
        mamba_cfg=dict(
            type='WiMamba2CSIEncoder',
            embed_dims=256,
            num_layers=3,
            d_state=64,
            d_conv=4,
            expand=2,
            headdim=64,
            dropout=0.1,
            routes=('time_major', ),
            fusion='mean',
            use_pos_embed=False,
            final_attn=False),
        loss_flow_weight=10.0,
        train_cfg=dict(
            assigner=dict(
                type='opera.PoseHungarianAssigner',
                cls_cost=dict(type='mmdet.FocalLossCost', weight=2.0),
                kpt_cost=dict(type='opera.KptL1Cost', weight=5.0),
                oks_cost=dict(type='opera.OksCost', weight=0.0))),
        test_cfg=dict(max_per_img=100)),
    train_cfg=dict(
        assigner=dict(
            type='opera.PoseHungarianAssigner',
            cls_cost=dict(type='mmdet.FocalLossCost', weight=4.0),
            kpt_cost=dict(type='opera.KptMSECost', weight=35.0),
            oks_cost=dict(type='opera.OksCost', weight=7.0))),
    test_cfg=dict(max_per_img=100))
optimizer = dict(
    type='AdamW',
    betas=(0.9, 0.999),
    lr=2e-05,
    weight_decay=0.0001,
    paramwise_cfg=dict(
        custom_keys=dict(
            backbone=dict(lr_mult=0.1),
            sampling_offsets=dict(lr_mult=0.1),
            reference_points=dict(lr_mult=0.1))))
optimizer_config = dict(grad_clip=dict(max_norm=0.1, norm_type=2))
lr_config = dict(policy='step', step=[450])
runner = dict(type='EpochBasedRunner', max_epochs=5)
find_unused_parameters = True
work_dir = 'work_dirs/wimamba_backbone_ablation_witidar_5e/M2CSI'
auto_resume = False
gpu_ids = [0]

2026-06-04 10:11:16,585 - mmdet - INFO - Set random seed to 42, deterministic: True
2026-06-04 10:11:16,638 - mmcv - INFO - 
backbone.head.weight - torch.Size([256, 60]): 
The value is the same before and after calling `init_weights` of PETR  
 
2026-06-04 10:11:16,638 - mmcv - INFO - 
backbone.head.bias - torch.Size([256]): 
The value is the same before and after calling `init_weights` of PETR  
 
2026-06-04 10:11:16,639 - mmcv - INFO - 
backbone.time_conv.weight - torch.Size([256, 1, 5]): 
The value is the same before and after calling `init_weights` of PETR  
 
2026-06-04 10:11:16,639 - mmcv - INFO - 
backbone.time_conv.bias - torch.Size([256]): 
The value is the same before and after calling `init_weights` of PETR  
 
2026-06-04 10:11:16,639 - mmcv - INFO - 
backbone.freq_gate.0.weight - torch.Size([22, 11]): 
The value is the same before and after calling `init_weights` of PETR  
 
2026-06-04 10:11:16,639 - mmcv - INFO - 
backbone.freq_gate.0.bias - torch.Size([22]): 
The value is the same before and after calling `init_weights` of PETR  
 
2026-06-04 10:11:16,639 - mmcv - INFO - 
backbone.freq_gate.2.weight - torch.Size([20, 22]): 
The value is the same before and after calling `init_weights` of PETR  
 
2026-06-04 10:11:16,639 - mmcv - INFO - 
backbone.freq_gate.2.bias - torch.Size([20]): 
The value is the same before and after calling `init_weights` of PETR  
 
2026-06-04 10:11:16,639 - mmcv - INFO - 
backbone.channel_proj.weight - torch.Size([256, 256]): 
The value is the same before and after calling `init_weights` of PETR  
 
2026-06-04 10:11:16,639 - mmcv - INFO - 
backbone.channel_proj.bias - torch.Size([256]): 
The value is the same before and after calling `init_weights` of PETR  
 
2026-06-04 10:11:16,639 - mmcv - INFO - 
backbone.norm.weight - torch.Size([256]): 
The value is the same before and after calling `init_weights` of PETR  
 
2026-06-04 10:11:16,639 - mmcv - INFO - 
backbone.norm.bias - torch.Size([256]): 
The value is the same before and after calling `init_weights` of PETR  
 
2026-06-04 10:11:16,639 - mmcv - INFO - 
bbox_head.encoder.layers.0.norm.weight - torch.Size([256]): 
The value is the same before and after calling `init_weights` of PETR  
 
2026-06-04 10:11:16,639 - mmcv - INFO - 
bbox_head.encoder.layers.0.norm.bias - torch.Size([256]): 
The value is the same before and after calling `init_weights` of PETR  
 
2026-06-04 10:11:16,639 - mmcv - INFO - 
bbox_head.encoder.layers.0.mamba.dt_bias - torch.Size([8]): 
The value is the same before and after calling `init_weights` of PETR  
 
2026-06-04 10:11:16,639 - mmcv - INFO - 
bbox_head.encoder.layers.0.mamba.A_log - torch.Size([8]): 
The value is the same before and after calling `init_weights` of PETR  
 
2026-06-04 10:11:16,639 - mmcv - INFO - 
bbox_head.encoder.layers.0.mamba.D - torch.Size([8]): 
The value is the same before and after calling `init_weights` of PETR  
 
2026-06-04 10:11:16,639 - mmcv - INFO - 
bbox_head.encoder.layers.0.mamba.in_proj.weight - torch.Size([1160, 256]): 
The value is the same before and after calling `init_weights` of PETR  
 
2026-06-04 10:11:16,639 - mmcv - INFO - 
bbox_head.encoder.layers.0.mamba.conv1d.weight - torch.Size([640, 1, 4]): 
The value is the same before and after calling `init_weights` of PETR  
 
2026-06-04 10:11:16,639 - mmcv - INFO - 
bbox_head.encoder.layers.0.mamba.conv1d.bias - torch.Size([640]): 
The value is the same before and after calling `init_weights` of PETR  
 
2026-06-04 10:11:16,639 - mmcv - INFO - 
bbox_head.encoder.layers.0.mamba.norm.weight - torch.Size([512]): 
The value is the same before and after calling `init_weights` of PETR  
 
2026-06-04 10:11:16,639 - mmcv - INFO - 
bbox_head.encoder.layers.0.mamba.out_proj.weight - torch.Size([256, 512]): 
The value is the same before and after calling `init_weights` of PETR  
 
2026-06-04 10:11:16,639 - mmcv - INFO - 
bbox_head.encoder.layers.1.norm.weight - torch.Size([256]): 
The value is the same before and after calling `init_weights` of PETR  
 
2026-06-04 10:11:16,639 - mmcv - INFO - 
bbox_head.encoder.layers.1.norm.bias - torch.Size([256]): 
The value is the same before and after calling `init_weights` of PETR  
 
2026-06-04 10:11:16,639 - mmcv - INFO - 
bbox_head.encoder.layers.1.mamba.dt_bias - torch.Size([8]): 
The value is the same before and after calling `init_weights` of PETR  
 
2026-06-04 10:11:16,639 - mmcv - INFO - 
bbox_head.encoder.layers.1.mamba.A_log - torch.Size([8]): 
The value is the same before and after calling `init_weights` of PETR  
 
2026-06-04 10:11:16,639 - mmcv - INFO - 
bbox_head.encoder.layers.1.mamba.D - torch.Size([8]): 
The value is the same before and after calling `init_weights` of PETR  
 
2026-06-04 10:11:16,639 - mmcv - INFO - 
bbox_head.encoder.layers.1.mamba.in_proj.weight - torch.Size([1160, 256]): 
The value is the same before and after calling `init_weights` of PETR  
 
2026-06-04 10:11:16,639 - mmcv - INFO - 
bbox_head.encoder.layers.1.mamba.conv1d.weight - torch.Size([640, 1, 4]): 
The value is the same before and after calling `init_weights` of PETR  
 
2026-06-04 10:11:16,639 - mmcv - INFO - 
bbox_head.encoder.layers.1.mamba.conv1d.bias - torch.Size([640]): 
The value is the same before and after calling `init_weights` of PETR  
 
2026-06-04 10:11:16,640 - mmcv - INFO - 
bbox_head.encoder.layers.1.mamba.norm.weight - torch.Size([512]): 
The value is the same before and after calling `init_weights` of PETR  
 
2026-06-04 10:11:16,640 - mmcv - INFO - 
bbox_head.encoder.layers.1.mamba.out_proj.weight - torch.Size([256, 512]): 
The value is the same before and after calling `init_weights` of PETR  
 
2026-06-04 10:11:16,640 - mmcv - INFO - 
bbox_head.encoder.layers.2.norm.weight - torch.Size([256]): 
The value is the same before and after calling `init_weights` of PETR  
 
2026-06-04 10:11:16,640 - mmcv - INFO - 
bbox_head.encoder.layers.2.norm.bias - torch.Size([256]): 
The value is the same before and after calling `init_weights` of PETR  
 
2026-06-04 10:11:16,640 - mmcv - INFO - 
bbox_head.encoder.layers.2.mamba.dt_bias - torch.Size([8]): 
The value is the same before and after calling `init_weights` of PETR  
 
2026-06-04 10:11:16,640 - mmcv - INFO - 
bbox_head.encoder.layers.2.mamba.A_log - torch.Size([8]): 
The value is the same before and after calling `init_weights` of PETR  
 
2026-06-04 10:11:16,640 - mmcv - INFO - 
bbox_head.encoder.layers.2.mamba.D - torch.Size([8]): 
The value is the same before and after calling `init_weights` of PETR  
 
2026-06-04 10:11:16,640 - mmcv - INFO - 
bbox_head.encoder.layers.2.mamba.in_proj.weight - torch.Size([1160, 256]): 
The value is the same before and after calling `init_weights` of PETR  
 
2026-06-04 10:11:16,640 - mmcv - INFO - 
bbox_head.encoder.layers.2.mamba.conv1d.weight - torch.Size([640, 1, 4]): 
The value is the same before and after calling `init_weights` of PETR  
 
2026-06-04 10:11:16,640 - mmcv - INFO - 
bbox_head.encoder.layers.2.mamba.conv1d.bias - torch.Size([640]): 
The value is the same before and after calling `init_weights` of PETR  
 
2026-06-04 10:11:16,640 - mmcv - INFO - 
bbox_head.encoder.layers.2.mamba.norm.weight - torch.Size([512]): 
The value is the same before and after calling `init_weights` of PETR  
 
2026-06-04 10:11:16,640 - mmcv - INFO - 
bbox_head.encoder.layers.2.mamba.out_proj.weight - torch.Size([256, 512]): 
The value is the same before and after calling `init_weights` of PETR  
 
2026-06-04 10:11:16,640 - mmcv - INFO - 
bbox_head.encoder.final_norm.weight - torch.Size([256]): 
The value is the same before and after calling `init_weights` of PETR  
 
2026-06-04 10:11:16,640 - mmcv - INFO - 
bbox_head.encoder.final_norm.bias - torch.Size([256]): 
The value is the same before and after calling `init_weights` of PETR  
 
2026-06-04 10:11:16,640 - mmcv - INFO - 
bbox_head.decoder_attn.in_proj_weight - torch.Size([768, 256]): 
The value is the same before and after calling `init_weights` of PETR  
 
2026-06-04 10:11:16,640 - mmcv - INFO - 
bbox_head.decoder_attn.in_proj_bias - torch.Size([768]): 
The value is the same before and after calling `init_weights` of PETR  
 
2026-06-04 10:11:16,640 - mmcv - INFO - 
bbox_head.decoder_attn.out_proj.weight - torch.Size([256, 256]): 
The value is the same before and after calling `init_weights` of PETR  
 
2026-06-04 10:11:16,640 - mmcv - INFO - 
bbox_head.decoder_attn.out_proj.bias - torch.Size([256]): 
The value is the same before and after calling `init_weights` of PETR  
 
2026-06-04 10:11:16,640 - mmcv - INFO - 
bbox_head.query_embedding.weight - torch.Size([100, 256]): 
Initialized by user-defined `init_weights` in WiTiDARHead  
 
2026-06-04 10:11:16,640 - mmcv - INFO - 
bbox_head.decoder_norm.weight - torch.Size([256]): 
The value is the same before and after calling `init_weights` of PETR  
 
2026-06-04 10:11:16,640 - mmcv - INFO - 
bbox_head.decoder_norm.bias - torch.Size([256]): 
The value is the same before and after calling `init_weights` of PETR  
 
2026-06-04 10:11:16,640 - mmcv - INFO - 
bbox_head.draft_regressor.0.weight - torch.Size([256, 256]): 
Initialized by user-defined `init_weights` in WiTiDARHead  
 
2026-06-04 10:11:16,640 - mmcv - INFO - 
bbox_head.draft_regressor.0.bias - torch.Size([256]): 
Initialized by user-defined `init_weights` in WiTiDARHead  
 
2026-06-04 10:11:16,640 - mmcv - INFO - 
bbox_head.draft_regressor.2.weight - torch.Size([256, 256]): 
Initialized by user-defined `init_weights` in WiTiDARHead  
 
2026-06-04 10:11:16,640 - mmcv - INFO - 
bbox_head.draft_regressor.2.bias - torch.Size([256]): 
Initialized by user-defined `init_weights` in WiTiDARHead  
 
2026-06-04 10:11:16,640 - mmcv - INFO - 
bbox_head.draft_regressor.4.weight - torch.Size([42, 256]): 
Initialized by user-defined `init_weights` in WiTiDARHead  
 
2026-06-04 10:11:16,640 - mmcv - INFO - 
bbox_head.draft_regressor.4.bias - torch.Size([42]): 
Initialized by user-defined `init_weights` in WiTiDARHead  
 
2026-06-04 10:11:16,640 - mmcv - INFO - 
bbox_head.cls_head.weight - torch.Size([1, 256]): 
The value is the same before and after calling `init_weights` of PETR  
 
2026-06-04 10:11:16,640 - mmcv - INFO - 
bbox_head.cls_head.bias - torch.Size([1]): 
Initialized by user-defined `init_weights` in WiTiDARHead  
 
2026-06-04 10:11:16,640 - mmcv - INFO - 
bbox_head.flow_model.velocity_net.time_mlp.1.weight - torch.Size([128, 64]): 
The value is the same before and after calling `init_weights` of PETR  
 
2026-06-04 10:11:16,640 - mmcv - INFO - 
bbox_head.flow_model.velocity_net.time_mlp.1.bias - torch.Size([128]): 
The value is the same before and after calling `init_weights` of PETR  
 
2026-06-04 10:11:16,641 - mmcv - INFO - 
bbox_head.flow_model.velocity_net.time_mlp.3.weight - torch.Size([64, 128]): 
The value is the same before and after calling `init_weights` of PETR  
 
2026-06-04 10:11:16,641 - mmcv - INFO - 
bbox_head.flow_model.velocity_net.time_mlp.3.bias - torch.Size([64]): 
The value is the same before and after calling `init_weights` of PETR  
 
2026-06-04 10:11:16,641 - mmcv - INFO - 
bbox_head.flow_model.velocity_net.input_proj.weight - torch.Size([512, 362]): 
The value is the same before and after calling `init_weights` of PETR  
 
2026-06-04 10:11:16,641 - mmcv - INFO - 
bbox_head.flow_model.velocity_net.input_proj.bias - torch.Size([512]): 
The value is the same before and after calling `init_weights` of PETR  
 
2026-06-04 10:11:16,641 - mmcv - INFO - 
bbox_head.flow_model.velocity_net.blocks.0.net.0.weight - torch.Size([512]): 
The value is the same before and after calling `init_weights` of PETR  
 
2026-06-04 10:11:16,641 - mmcv - INFO - 
bbox_head.flow_model.velocity_net.blocks.0.net.0.bias - torch.Size([512]): 
The value is the same before and after calling `init_weights` of PETR  
 
2026-06-04 10:11:16,641 - mmcv - INFO - 
bbox_head.flow_model.velocity_net.blocks.0.net.1.weight - torch.Size([512, 512]): 
The value is the same before and after calling `init_weights` of PETR  
 
2026-06-04 10:11:16,641 - mmcv - INFO - 
bbox_head.flow_model.velocity_net.blocks.0.net.1.bias - torch.Size([512]): 
The value is the same before and after calling `init_weights` of PETR  
 
2026-06-04 10:11:16,641 - mmcv - INFO - 
bbox_head.flow_model.velocity_net.blocks.0.net.4.weight - torch.Size([512, 512]): 
The value is the same before and after calling `init_weights` of PETR  
 
2026-06-04 10:11:16,641 - mmcv - INFO - 
bbox_head.flow_model.velocity_net.blocks.0.net.4.bias - torch.Size([512]): 
The value is the same before and after calling `init_weights` of PETR  
 
2026-06-04 10:11:16,641 - mmcv - INFO - 
bbox_head.flow_model.velocity_net.blocks.1.net.0.weight - torch.Size([512]): 
The value is the same before and after calling `init_weights` of PETR  
 
2026-06-04 10:11:16,641 - mmcv - INFO - 
bbox_head.flow_model.velocity_net.blocks.1.net.0.bias - torch.Size([512]): 
The value is the same before and after calling `init_weights` of PETR  
 
2026-06-04 10:11:16,641 - mmcv - INFO - 
bbox_head.flow_model.velocity_net.blocks.1.net.1.weight - torch.Size([512, 512]): 
The value is the same before and after calling `init_weights` of PETR  
 
2026-06-04 10:11:16,641 - mmcv - INFO - 
bbox_head.flow_model.velocity_net.blocks.1.net.1.bias - torch.Size([512]): 
The value is the same before and after calling `init_weights` of PETR  
 
2026-06-04 10:11:16,641 - mmcv - INFO - 
bbox_head.flow_model.velocity_net.blocks.1.net.4.weight - torch.Size([512, 512]): 
The value is the same before and after calling `init_weights` of PETR  
 
2026-06-04 10:11:16,641 - mmcv - INFO - 
bbox_head.flow_model.velocity_net.blocks.1.net.4.bias - torch.Size([512]): 
The value is the same before and after calling `init_weights` of PETR  
 
2026-06-04 10:11:16,641 - mmcv - INFO - 
bbox_head.flow_model.velocity_net.blocks.2.net.0.weight - torch.Size([512]): 
The value is the same before and after calling `init_weights` of PETR  
 
2026-06-04 10:11:16,641 - mmcv - INFO - 
bbox_head.flow_model.velocity_net.blocks.2.net.0.bias - torch.Size([512]): 
The value is the same before and after calling `init_weights` of PETR  
 
2026-06-04 10:11:16,641 - mmcv - INFO - 
bbox_head.flow_model.velocity_net.blocks.2.net.1.weight - torch.Size([512, 512]): 
The value is the same before and after calling `init_weights` of PETR  
 
2026-06-04 10:11:16,641 - mmcv - INFO - 
bbox_head.flow_model.velocity_net.blocks.2.net.1.bias - torch.Size([512]): 
The value is the same before and after calling `init_weights` of PETR  
 
2026-06-04 10:11:16,641 - mmcv - INFO - 
bbox_head.flow_model.velocity_net.blocks.2.net.4.weight - torch.Size([512, 512]): 
The value is the same before and after calling `init_weights` of PETR  
 
2026-06-04 10:11:16,641 - mmcv - INFO - 
bbox_head.flow_model.velocity_net.blocks.2.net.4.bias - torch.Size([512]): 
The value is the same before and after calling `init_weights` of PETR  
 
2026-06-04 10:11:16,641 - mmcv - INFO - 
bbox_head.flow_model.velocity_net.output_norm.weight - torch.Size([512]): 
The value is the same before and after calling `init_weights` of PETR  
 
2026-06-04 10:11:16,641 - mmcv - INFO - 
bbox_head.flow_model.velocity_net.output_norm.bias - torch.Size([512]): 
The value is the same before and after calling `init_weights` of PETR  
 
2026-06-04 10:11:16,641 - mmcv - INFO - 
bbox_head.flow_model.velocity_net.final_linear.weight - torch.Size([42, 512]): 
The value is the same before and after calling `init_weights` of PETR  
 
2026-06-04 10:11:16,641 - mmcv - INFO - 
bbox_head.flow_model.velocity_net.final_linear.bias - torch.Size([42]): 
The value is the same before and after calling `init_weights` of PETR  
 
2026-06-04 10:11:16,787 - mmdet - INFO - Automatic scaling of learning rate (LR) has been disabled.
2026-06-04 10:11:16,794 - mmdet - INFO - Start running, host: root@cf7a4801a593, work_dir: /root/Person-in-WiFi-3D/work_dirs/wimamba_backbone_ablation_witidar_5e/M2CSI
2026-06-04 10:11:16,794 - mmdet - INFO - Hooks will be executed in the following order:
before_run:
(VERY_HIGH   ) StepLrUpdaterHook                  
(NORMAL      ) LatestCheckpointHook               
(LOW         ) EvalHook                           
(VERY_LOW    ) TextLoggerHook                     
 -------------------- 
before_train_epoch:
(VERY_HIGH   ) StepLrUpdaterHook                  
(NORMAL      ) NumClassCheckHook                  
(NORMAL      ) BoneLossWarmupHook                 
(LOW         ) IterTimerHook                      
(LOW         ) EvalHook                           
(VERY_LOW    ) TextLoggerHook                     
 -------------------- 
before_train_iter:
(VERY_HIGH   ) StepLrUpdaterHook                  
(LOW         ) IterTimerHook                      
(LOW         ) EvalHook                           
 -------------------- 
after_train_iter:
(ABOVE_NORMAL) OptimizerHook                      
(NORMAL      ) LatestCheckpointHook               
(LOW         ) IterTimerHook                      
(LOW         ) EvalHook                           
(VERY_LOW    ) TextLoggerHook                     
 -------------------- 
after_train_epoch:
(NORMAL      ) LatestCheckpointHook               
(LOW         ) EvalHook                           
(VERY_LOW    ) TextLoggerHook                     
 -------------------- 
before_val_epoch:
(NORMAL      ) NumClassCheckHook                  
(LOW         ) IterTimerHook                      
(VERY_LOW    ) TextLoggerHook                     
 -------------------- 
before_val_iter:
(LOW         ) IterTimerHook                      
 -------------------- 
after_val_iter:
(LOW         ) IterTimerHook                      
 -------------------- 
after_val_epoch:
(VERY_LOW    ) TextLoggerHook                     
 -------------------- 
after_run:
(VERY_LOW    ) TextLoggerHook                     
 -------------------- 
2026-06-04 10:11:16,794 - mmdet - INFO - workflow: [('train', 1)], max: 5 epochs
2026-06-04 10:11:16,794 - mmdet - INFO - Checkpoints will be saved to /root/Person-in-WiFi-3D/work_dirs/wimamba_backbone_ablation_witidar_5e/M2CSI by HardDiskBackend.
2026-06-04 10:11:16,795 - mmdet - INFO - [BoneLossWarmup] Epoch 1/5 | Warmup: 1e, Ramp: 1e | Bone weight -> 0.0000
>>> Successfully patched mmcv._get_stream for PyTorch 2.0 compatibility.
[WiTiDARHead] Loaded gt_bone_stats.json from /root/Person-in-WiFi-3D/gt_bone_stats.json
/usr/local/envs/opera/lib/python3.10/site-packages/mamba_ssm/ops/triton/ssd_chunk_state.py:845: UserWarning: cumsum_cuda_kernel does not have a deterministic implementation, but you set 'torch.use_deterministic_algorithms(True, warn_only=True)'. You can file an issue at https://github.com/pytorch/pytorch/issues to help us prioritize adding deterministic support for this operation. (Triggered internally at ../aten/src/ATen/Context.cpp:71.)
  torch.cumsum(ddA_cumsum, dim=-1, out=ddA_cumsum)
/usr/local/envs/opera/lib/python3.10/site-packages/mamba_ssm/ops/triton/ssd_combined.py:437: UserWarning: cumsum_cuda_kernel does not have a deterministic implementation, but you set 'torch.use_deterministic_algorithms(True, warn_only=True)'. You can file an issue at https://github.com/pytorch/pytorch/issues to help us prioritize adding deterministic support for this operation. (Triggered internally at ../aten/src/ATen/Context.cpp:71.)
  ddA_prev = ddA_cumsum_prev.flip([-1]).cumsum(dim=-1).flip([-1])
2026-06-04 10:11:46,603 - mmdet - INFO - Epoch [1][50/2811]	lr: 2.000e-06, eta: 2:19:08, time: 0.596, data_time: 0.071, memory: 693, loss_cls: 2.1008, loss_kpt: 367.2226, loss_flow: 38.4686, loss_bone: 0.0000, loss: 407.7920, grad_norm: 695.2178
2026-06-04 10:12:05,343 - mmdet - INFO - Epoch [1][100/2811]	lr: 2.000e-06, eta: 1:52:54, time: 0.375, data_time: 0.019, memory: 693, loss_cls: 2.2989, loss_kpt: 229.0537, loss_flow: 13.8720, loss_bone: 0.0000, loss: 245.2246, grad_norm: 527.2817
2026-06-04 10:12:23,610 - mmdet - INFO - Epoch [1][150/2811]	lr: 2.000e-06, eta: 1:43:13, time: 0.365, data_time: 0.019, memory: 693, loss_cls: 2.0631, loss_kpt: 148.9412, loss_flow: 5.3476, loss_bone: 0.0000, loss: 156.3519, grad_norm: 472.0559
2026-06-04 10:12:41,547 - mmdet - INFO - Epoch [1][200/2811]	lr: 2.000e-06, eta: 1:37:51, time: 0.359, data_time: 0.020, memory: 693, loss_cls: 1.7381, loss_kpt: 101.9845, loss_flow: 3.8533, loss_bone: 0.0000, loss: 107.5759, grad_norm: 358.7481
2026-06-04 10:13:00,182 - mmdet - INFO - Epoch [1][250/2811]	lr: 2.000e-06, eta: 1:35:08, time: 0.373, data_time: 0.020, memory: 693, loss_cls: 1.2372, loss_kpt: 93.0280, loss_flow: 2.3677, loss_bone: 0.0000, loss: 96.6329, grad_norm: 314.4558
2026-06-04 10:13:18,975 - mmdet - INFO - Epoch [1][300/2811]	lr: 2.000e-06, eta: 1:33:21, time: 0.376, data_time: 0.020, memory: 693, loss_cls: 0.9869, loss_kpt: 91.2855, loss_flow: 1.3560, loss_bone: 0.0000, loss: 93.6284, grad_norm: 303.7009
2026-06-04 10:13:38,872 - mmdet - INFO - Epoch [1][350/2811]	lr: 2.000e-06, eta: 1:32:43, time: 0.398, data_time: 0.021, memory: 693, loss_cls: 0.9491, loss_kpt: 89.9356, loss_flow: 1.0111, loss_bone: 0.0000, loss: 91.8958, grad_norm: 368.9278
2026-06-04 10:13:57,727 - mmdet - INFO - Epoch [1][400/2811]	lr: 2.000e-06, eta: 1:31:33, time: 0.377, data_time: 0.021, memory: 693, loss_cls: 0.9283, loss_kpt: 87.2213, loss_flow: 0.8128, loss_bone: 0.0000, loss: 88.9624, grad_norm: 417.2840
2026-06-04 10:14:15,273 - mmdet - INFO - Epoch [1][450/2811]	lr: 2.000e-06, eta: 1:29:55, time: 0.351, data_time: 0.020, memory: 693, loss_cls: 0.9156, loss_kpt: 82.1603, loss_flow: 0.7522, loss_bone: 0.0000, loss: 83.8281, grad_norm: 528.2987
2026-06-04 10:14:33,803 - mmdet - INFO - Epoch [1][500/2811]	lr: 2.000e-06, eta: 1:29:00, time: 0.371, data_time: 0.020, memory: 693, loss_cls: 0.9040, loss_kpt: 74.8568, loss_flow: 0.7324, loss_bone: 0.0000, loss: 76.4932, grad_norm: 717.1588
2026-06-04 10:14:54,014 - mmdet - INFO - Epoch [1][550/2811]	lr: 2.000e-06, eta: 1:28:53, time: 0.404, data_time: 0.021, memory: 693, loss_cls: 0.9188, loss_kpt: 59.9185, loss_flow: 0.8266, loss_bone: 0.0000, loss: 61.6638, grad_norm: 965.1133
2026-06-04 10:15:14,871 - mmdet - INFO - Epoch [1][600/2811]	lr: 2.000e-06, eta: 1:28:58, time: 0.417, data_time: 0.022, memory: 693, loss_cls: 0.8599, loss_kpt: 51.9824, loss_flow: 0.7816, loss_bone: 0.0000, loss: 53.6239, grad_norm: 1232.3989
2026-06-04 10:15:33,796 - mmdet - INFO - Epoch [1][650/2811]	lr: 2.000e-06, eta: 1:28:20, time: 0.378, data_time: 0.021, memory: 693, loss_cls: 0.8295, loss_kpt: 49.0256, loss_flow: 0.7133, loss_bone: 0.0000, loss: 50.5684, grad_norm: 1213.1584
2026-06-04 10:15:52,483 - mmdet - INFO - Epoch [1][700/2811]	lr: 2.000e-06, eta: 1:27:39, time: 0.374, data_time: 0.021, memory: 693, loss_cls: 0.7991, loss_kpt: 46.8631, loss_flow: 0.6784, loss_bone: 0.0000, loss: 48.3406, grad_norm: 1326.0649
2026-06-04 10:16:11,483 - mmdet - INFO - Epoch [1][750/2811]	lr: 2.000e-06, eta: 1:27:07, time: 0.380, data_time: 0.021, memory: 693, loss_cls: 0.7792, loss_kpt: 45.0347, loss_flow: 0.6230, loss_bone: 0.0000, loss: 46.4368, grad_norm: 1181.0858
2026-06-04 10:16:30,302 - mmdet - INFO - Epoch [1][800/2811]	lr: 2.000e-06, eta: 1:26:34, time: 0.376, data_time: 0.021, memory: 693, loss_cls: 0.7679, loss_kpt: 45.3727, loss_flow: 0.6337, loss_bone: 0.0000, loss: 46.7742, grad_norm: 1423.3805
2026-06-04 10:16:49,946 - mmdet - INFO - Epoch [1][850/2811]	lr: 2.000e-06, eta: 1:26:15, time: 0.393, data_time: 0.020, memory: 693, loss_cls: 0.7538, loss_kpt: 43.9011, loss_flow: 0.6127, loss_bone: 0.0000, loss: 45.2676, grad_norm: 1297.8487
2026-06-04 10:17:09,507 - mmdet - INFO - Epoch [1][900/2811]	lr: 2.000e-06, eta: 1:25:55, time: 0.391, data_time: 0.023, memory: 693, loss_cls: 0.7428, loss_kpt: 42.4664, loss_flow: 0.5812, loss_bone: 0.0000, loss: 43.7903, grad_norm: 1337.1034
2026-06-04 10:17:28,536 - mmdet - INFO - Epoch [1][950/2811]	lr: 2.000e-06, eta: 1:25:27, time: 0.381, data_time: 0.021, memory: 693, loss_cls: 0.7308, loss_kpt: 40.0948, loss_flow: 0.5606, loss_bone: 0.0000, loss: 41.3862, grad_norm: 1341.7625
2026-06-04 10:17:47,486 - mmdet - INFO - Exp name: wi_tidir_wifi_mamba2_flattened.py
2026-06-04 10:17:47,487 - mmdet - INFO - Epoch [1][1000/2811]	lr: 2.000e-06, eta: 1:25:00, time: 0.379, data_time: 0.021, memory: 693, loss_cls: 0.7297, loss_kpt: 37.7968, loss_flow: 0.5295, loss_bone: 0.0000, loss: 39.0560, grad_norm: 1306.4776
2026-06-04 10:18:06,619 - mmdet - INFO - Epoch [1][1050/2811]	lr: 2.000e-06, eta: 1:24:35, time: 0.383, data_time: 0.021, memory: 693, loss_cls: 0.7240, loss_kpt: 36.8130, loss_flow: 0.5098, loss_bone: 0.0000, loss: 38.0468, grad_norm: 1304.8425
2026-06-04 10:18:25,359 - mmdet - INFO - Epoch [1][1100/2811]	lr: 2.000e-06, eta: 1:24:07, time: 0.375, data_time: 0.020, memory: 693, loss_cls: 0.7158, loss_kpt: 35.5181, loss_flow: 0.5037, loss_bone: 0.0000, loss: 36.7375, grad_norm: 1402.7808
2026-06-04 10:18:44,200 - mmdet - INFO - Epoch [1][1150/2811]	lr: 2.000e-06, eta: 1:23:40, time: 0.377, data_time: 0.020, memory: 693, loss_cls: 0.7120, loss_kpt: 35.1780, loss_flow: 0.4915, loss_bone: 0.0000, loss: 36.3815, grad_norm: 1389.8104
2026-06-04 10:19:03,144 - mmdet - INFO - Epoch [1][1200/2811]	lr: 2.000e-06, eta: 1:23:15, time: 0.379, data_time: 0.020, memory: 693, loss_cls: 0.7050, loss_kpt: 34.2745, loss_flow: 0.4791, loss_bone: 0.0000, loss: 35.4585, grad_norm: 1321.0946
2026-06-04 10:19:21,738 - mmdet - INFO - Epoch [1][1250/2811]	lr: 2.000e-06, eta: 1:22:47, time: 0.372, data_time: 0.021, memory: 693, loss_cls: 0.7043, loss_kpt: 33.5471, loss_flow: 0.4687, loss_bone: 0.0000, loss: 34.7201, grad_norm: 1315.4601
2026-06-04 10:19:39,764 - mmdet - INFO - Epoch [1][1300/2811]	lr: 2.000e-06, eta: 1:22:14, time: 0.361, data_time: 0.020, memory: 693, loss_cls: 0.7025, loss_kpt: 32.9203, loss_flow: 0.4536, loss_bone: 0.0000, loss: 34.0764, grad_norm: 1251.2708
2026-06-04 10:19:55,987 - mmdet - INFO - Epoch [1][1350/2811]	lr: 2.000e-06, eta: 1:21:26, time: 0.324, data_time: 0.018, memory: 693, loss_cls: 0.6990, loss_kpt: 32.4453, loss_flow: 0.4458, loss_bone: 0.0000, loss: 33.5901, grad_norm: 1181.3981
2026-06-04 10:20:20,601 - mmdet - INFO - Epoch [1][1400/2811]	lr: 2.000e-06, eta: 1:21:55, time: 0.492, data_time: 0.023, memory: 693, loss_cls: 0.7013, loss_kpt: 31.6620, loss_flow: 0.4350, loss_bone: 0.0000, loss: 32.7983, grad_norm: 1085.3851
2026-06-04 10:20:41,987 - mmdet - INFO - Epoch [1][1450/2811]	lr: 2.000e-06, eta: 1:21:53, time: 0.428, data_time: 0.021, memory: 693, loss_cls: 0.6951, loss_kpt: 31.5883, loss_flow: 0.4265, loss_bone: 0.0000, loss: 32.7099, grad_norm: 1259.3261
2026-06-04 10:21:00,899 - mmdet - INFO - Epoch [1][1500/2811]	lr: 2.000e-06, eta: 1:21:28, time: 0.378, data_time: 0.020, memory: 693, loss_cls: 0.6931, loss_kpt: 31.2812, loss_flow: 0.4132, loss_bone: 0.0000, loss: 32.3875, grad_norm: 1107.0147
2026-06-04 10:21:20,264 - mmdet - INFO - Epoch [1][1550/2811]	lr: 2.000e-06, eta: 1:21:08, time: 0.387, data_time: 0.020, memory: 693, loss_cls: 0.6873, loss_kpt: 30.9526, loss_flow: 0.4130, loss_bone: 0.0000, loss: 32.0529, grad_norm: 1122.9579
2026-06-04 10:21:42,024 - mmdet - INFO - Epoch [1][1600/2811]	lr: 2.000e-06, eta: 1:21:06, time: 0.435, data_time: 0.021, memory: 693, loss_cls: 0.6900, loss_kpt: 30.3159, loss_flow: 0.4026, loss_bone: 0.0000, loss: 31.4084, grad_norm: 955.5681
2026-06-04 10:22:00,801 - mmdet - INFO - Epoch [1][1650/2811]	lr: 2.000e-06, eta: 1:20:41, time: 0.376, data_time: 0.021, memory: 693, loss_cls: 0.6833, loss_kpt: 29.9041, loss_flow: 0.3909, loss_bone: 0.0000, loss: 30.9783, grad_norm: 983.2224
2026-06-04 10:22:19,592 - mmdet - INFO - Epoch [1][1700/2811]	lr: 2.000e-06, eta: 1:20:16, time: 0.376, data_time: 0.021, memory: 693, loss_cls: 0.6829, loss_kpt: 29.5850, loss_flow: 0.3905, loss_bone: 0.0000, loss: 30.6584, grad_norm: 965.1825
2026-06-04 10:22:39,732 - mmdet - INFO - Epoch [1][1750/2811]	lr: 2.000e-06, eta: 1:20:01, time: 0.403, data_time: 0.021, memory: 693, loss_cls: 0.6834, loss_kpt: 29.6742, loss_flow: 0.4037, loss_bone: 0.0000, loss: 30.7614, grad_norm: 978.9562
2026-06-04 10:22:58,803 - mmdet - INFO - Epoch [1][1800/2811]	lr: 2.000e-06, eta: 1:19:39, time: 0.381, data_time: 0.020, memory: 693, loss_cls: 0.6753, loss_kpt: 29.5753, loss_flow: 0.3975, loss_bone: 0.0000, loss: 30.6481, grad_norm: 934.4876
2026-06-04 10:23:17,650 - mmdet - INFO - Epoch [1][1850/2811]	lr: 2.000e-06, eta: 1:19:15, time: 0.377, data_time: 0.021, memory: 693, loss_cls: 0.6783, loss_kpt: 28.5947, loss_flow: 0.3758, loss_bone: 0.0000, loss: 29.6487, grad_norm: 909.1126
2026-06-04 10:23:37,076 - mmdet - INFO - Epoch [1][1900/2811]	lr: 2.000e-06, eta: 1:18:55, time: 0.389, data_time: 0.021, memory: 693, loss_cls: 0.6793, loss_kpt: 28.8212, loss_flow: 0.3789, loss_bone: 0.0000, loss: 29.8794, grad_norm: 879.5621
2026-06-04 10:23:58,763 - mmdet - INFO - Epoch [1][1950/2811]	lr: 2.000e-06, eta: 1:18:50, time: 0.434, data_time: 0.021, memory: 693, loss_cls: 0.6731, loss_kpt: 29.1686, loss_flow: 0.3803, loss_bone: 0.0000, loss: 30.2220, grad_norm: 933.7489
2026-06-04 10:24:16,835 - mmdet - INFO - Exp name: wi_tidir_wifi_mamba2_flattened.py
2026-06-04 10:24:16,835 - mmdet - INFO - Epoch [1][2000/2811]	lr: 2.000e-06, eta: 1:18:21, time: 0.361, data_time: 0.017, memory: 693, loss_cls: 0.6710, loss_kpt: 28.3156, loss_flow: 0.3742, loss_bone: 0.0000, loss: 29.3608, grad_norm: 795.2261
2026-06-04 10:24:33,248 - mmdet - INFO - Epoch [1][2050/2811]	lr: 2.000e-06, eta: 1:17:44, time: 0.328, data_time: 0.018, memory: 693, loss_cls: 0.6727, loss_kpt: 27.9581, loss_flow: 0.3686, loss_bone: 0.0000, loss: 28.9994, grad_norm: 836.0993
2026-06-04 10:24:51,456 - mmdet - INFO - Epoch [1][2100/2811]	lr: 2.000e-06, eta: 1:17:17, time: 0.364, data_time: 0.018, memory: 693, loss_cls: 0.6654, loss_kpt: 27.7390, loss_flow: 0.3557, loss_bone: 0.0000, loss: 28.7601, grad_norm: 783.8092
2026-06-04 10:25:07,903 - mmdet - INFO - Epoch [1][2150/2811]	lr: 2.000e-06, eta: 1:16:41, time: 0.329, data_time: 0.019, memory: 693, loss_cls: 0.6638, loss_kpt: 28.1297, loss_flow: 0.3660, loss_bone: 0.0000, loss: 29.1595, grad_norm: 819.9344
2026-06-04 10:25:26,675 - mmdet - INFO - Epoch [1][2200/2811]	lr: 2.000e-06, eta: 1:16:19, time: 0.375, data_time: 0.021, memory: 693, loss_cls: 0.6593, loss_kpt: 27.2987, loss_flow: 0.3486, loss_bone: 0.0000, loss: 28.3066, grad_norm: 696.0063
2026-06-04 10:25:47,375 - mmdet - INFO - Epoch [1][2250/2811]	lr: 2.000e-06, eta: 1:16:07, time: 0.414, data_time: 0.021, memory: 693, loss_cls: 0.6551, loss_kpt: 27.3120, loss_flow: 0.3520, loss_bone: 0.0000, loss: 28.3190, grad_norm: 726.3256
2026-06-04 10:26:06,956 - mmdet - INFO - Epoch [1][2300/2811]	lr: 2.000e-06, eta: 1:15:49, time: 0.392, data_time: 0.021, memory: 693, loss_cls: 0.6612, loss_kpt: 27.0535, loss_flow: 0.3451, loss_bone: 0.0000, loss: 28.0597, grad_norm: 684.6258
2026-06-04 10:26:25,563 - mmdet - INFO - Epoch [1][2350/2811]	lr: 2.000e-06, eta: 1:15:26, time: 0.372, data_time: 0.021, memory: 693, loss_cls: 0.6629, loss_kpt: 26.6404, loss_flow: 0.3398, loss_bone: 0.0000, loss: 27.6430, grad_norm: 709.3937
2026-06-04 10:26:44,464 - mmdet - INFO - Epoch [1][2400/2811]	lr: 2.000e-06, eta: 1:15:04, time: 0.378, data_time: 0.021, memory: 693, loss_cls: 0.6606, loss_kpt: 26.4156, loss_flow: 0.3392, loss_bone: 0.0000, loss: 27.4154, grad_norm: 692.8136
2026-06-04 10:27:00,912 - mmdet - INFO - Epoch [1][2450/2811]	lr: 2.000e-06, eta: 1:14:31, time: 0.329, data_time: 0.019, memory: 693, loss_cls: 0.6514, loss_kpt: 26.7922, loss_flow: 0.3418, loss_bone: 0.0000, loss: 27.7854, grad_norm: 710.0618
2026-06-04 10:27:17,735 - mmdet - INFO - Epoch [1][2500/2811]	lr: 2.000e-06, eta: 1:14:01, time: 0.336, data_time: 0.019, memory: 693, loss_cls: 0.6548, loss_kpt: 26.5066, loss_flow: 0.3392, loss_bone: 0.0000, loss: 27.5007, grad_norm: 609.2514
2026-06-04 10:27:34,007 - mmdet - INFO - Epoch [1][2550/2811]	lr: 2.000e-06, eta: 1:13:28, time: 0.325, data_time: 0.019, memory: 693, loss_cls: 0.6531, loss_kpt: 26.3438, loss_flow: 0.3340, loss_bone: 0.0000, loss: 27.3308, grad_norm: 656.9045
2026-06-04 10:27:51,398 - mmdet - INFO - Epoch [1][2600/2811]	lr: 2.000e-06, eta: 1:13:01, time: 0.348, data_time: 0.020, memory: 693, loss_cls: 0.6559, loss_kpt: 26.3978, loss_flow: 0.3251, loss_bone: 0.0000, loss: 27.3789, grad_norm: 726.5961
2026-06-04 10:28:09,325 - mmdet - INFO - Epoch [1][2650/2811]	lr: 2.000e-06, eta: 1:12:37, time: 0.359, data_time: 0.019, memory: 693, loss_cls: 0.6511, loss_kpt: 26.1008, loss_flow: 0.3183, loss_bone: 0.0000, loss: 27.0702, grad_norm: 631.3774
2026-06-04 10:28:28,611 - mmdet - INFO - Epoch [1][2700/2811]	lr: 2.000e-06, eta: 1:12:19, time: 0.386, data_time: 0.019, memory: 693, loss_cls: 0.6493, loss_kpt: 26.0431, loss_flow: 0.3222, loss_bone: 0.0000, loss: 27.0146, grad_norm: 642.8643
2026-06-04 10:28:48,894 - mmdet - INFO - Epoch [1][2750/2811]	lr: 2.000e-06, eta: 1:12:05, time: 0.406, data_time: 0.020, memory: 693, loss_cls: 0.6563, loss_kpt: 25.7906, loss_flow: 0.3162, loss_bone: 0.0000, loss: 26.7631, grad_norm: 610.1566
2026-06-04 10:29:08,302 - mmdet - INFO - Epoch [1][2800/2811]	lr: 2.000e-06, eta: 1:11:47, time: 0.388, data_time: 0.020, memory: 693, loss_cls: 0.6472, loss_kpt: 25.6965, loss_flow: 0.3096, loss_bone: 0.0000, loss: 26.6533, grad_norm: 635.0480
2026-06-04 10:29:12,838 - mmdet - INFO - Updating latest checkpoint at 1 epochs
2026-06-04 10:29:12,958 - mmdet - INFO - [BoneLossWarmup] Epoch 2/5 | Warmup: 1e, Ramp: 1e | Bone weight -> 1.0000
2026-06-04 10:29:35,571 - mmdet - INFO - Epoch [2][50/2811]	lr: 2.000e-06, eta: 1:11:20, time: 0.452, data_time: 0.073, memory: 693, loss_cls: 0.6484, loss_kpt: 25.4485, loss_flow: 0.3080, loss_bone: 0.0922, loss: 26.4971, grad_norm: 589.8441
2026-06-04 10:29:55,247 - mmdet - INFO - Epoch [2][100/2811]	lr: 2.000e-06, eta: 1:11:03, time: 0.394, data_time: 0.020, memory: 693, loss_cls: 0.6468, loss_kpt: 25.6091, loss_flow: 0.3128, loss_bone: 0.0934, loss: 26.6622, grad_norm: 618.4154
2026-06-04 10:30:14,619 - mmdet - INFO - Epoch [2][150/2811]	lr: 2.000e-06, eta: 1:10:45, time: 0.387, data_time: 0.021, memory: 693, loss_cls: 0.6398, loss_kpt: 25.7425, loss_flow: 0.3116, loss_bone: 0.0899, loss: 26.7837, grad_norm: 570.2174
2026-06-04 10:30:34,979 - mmdet - INFO - Epoch [2][200/2811]	lr: 2.000e-06, eta: 1:10:30, time: 0.407, data_time: 0.020, memory: 693, loss_cls: 0.6454, loss_kpt: 25.6311, loss_flow: 0.3037, loss_bone: 0.0914, loss: 26.6716, grad_norm: 597.8129
2026-06-04 10:30:55,207 - mmdet - INFO - Epoch [2][250/2811]	lr: 2.000e-06, eta: 1:10:15, time: 0.405, data_time: 0.021, memory: 693, loss_cls: 0.6437, loss_kpt: 25.3905, loss_flow: 0.2937, loss_bone: 0.0899, loss: 26.4178, grad_norm: 563.9001
2026-06-04 10:31:14,263 - mmdet - INFO - Epoch [2][300/2811]	lr: 2.000e-06, eta: 1:09:56, time: 0.381, data_time: 0.021, memory: 693, loss_cls: 0.6433, loss_kpt: 25.0710, loss_flow: 0.2999, loss_bone: 0.0895, loss: 26.1036, grad_norm: 529.9149
2026-06-04 10:31:36,246 - mmdet - INFO - Epoch [2][350/2811]	lr: 2.000e-06, eta: 1:09:46, time: 0.440, data_time: 0.022, memory: 693, loss_cls: 0.6452, loss_kpt: 25.3879, loss_flow: 0.3004, loss_bone: 0.0904, loss: 26.4239, grad_norm: 559.0204
2026-06-04 10:31:55,247 - mmdet - INFO - Epoch [2][400/2811]	lr: 2.000e-06, eta: 1:09:26, time: 0.380, data_time: 0.021, memory: 693, loss_cls: 0.6419, loss_kpt: 25.3316, loss_flow: 0.2964, loss_bone: 0.0911, loss: 26.3609, grad_norm: 520.1801
2026-06-04 10:32:16,378 - mmdet - INFO - Epoch [2][450/2811]	lr: 2.000e-06, eta: 1:09:13, time: 0.423, data_time: 0.021, memory: 693, loss_cls: 0.6481, loss_kpt: 24.9575, loss_flow: 0.2839, loss_bone: 0.0905, loss: 25.9800, grad_norm: 515.6505
2026-06-04 10:32:37,652 - mmdet - INFO - Epoch [2][500/2811]	lr: 2.000e-06, eta: 1:09:01, time: 0.425, data_time: 0.024, memory: 693, loss_cls: 0.6397, loss_kpt: 25.2991, loss_flow: 0.2926, loss_bone: 0.0916, loss: 26.3230, grad_norm: 594.7170
2026-06-04 10:32:56,103 - mmdet - INFO - Epoch [2][550/2811]	lr: 2.000e-06, eta: 1:08:39, time: 0.369, data_time: 0.019, memory: 693, loss_cls: 0.6377, loss_kpt: 25.0517, loss_flow: 0.2936, loss_bone: 0.0903, loss: 26.0733, grad_norm: 533.4920
2026-06-04 10:33:11,411 - mmdet - INFO - Epoch [2][600/2811]	lr: 2.000e-06, eta: 1:08:07, time: 0.306, data_time: 0.018, memory: 693, loss_cls: 0.6389, loss_kpt: 25.2059, loss_flow: 0.2855, loss_bone: 0.0901, loss: 26.2205, grad_norm: 508.1972
2026-06-04 10:33:29,110 - mmdet - INFO - Epoch [2][650/2811]	lr: 2.000e-06, eta: 1:07:43, time: 0.354, data_time: 0.018, memory: 693, loss_cls: 0.6341, loss_kpt: 24.8310, loss_flow: 0.2850, loss_bone: 0.0905, loss: 25.8406, grad_norm: 494.1654
2026-06-04 10:33:49,366 - mmdet - INFO - Epoch [2][700/2811]	lr: 2.000e-06, eta: 1:07:27, time: 0.405, data_time: 0.020, memory: 693, loss_cls: 0.6408, loss_kpt: 24.6471, loss_flow: 0.2855, loss_bone: 0.0900, loss: 25.6633, grad_norm: 541.7564
2026-06-04 10:34:07,315 - mmdet - INFO - Epoch [2][750/2811]	lr: 2.000e-06, eta: 1:07:05, time: 0.359, data_time: 0.020, memory: 693, loss_cls: 0.6329, loss_kpt: 24.8974, loss_flow: 0.2838, loss_bone: 0.0883, loss: 25.9024, grad_norm: 515.3124
2026-06-04 10:34:26,819 - mmdet - INFO - Epoch [2][800/2811]	lr: 2.000e-06, eta: 1:06:46, time: 0.390, data_time: 0.021, memory: 693, loss_cls: 0.6319, loss_kpt: 25.4300, loss_flow: 0.2974, loss_bone: 0.0902, loss: 26.4495, grad_norm: 596.4596
2026-06-04 10:34:45,935 - mmdet - INFO - Epoch [2][850/2811]	lr: 2.000e-06, eta: 1:06:27, time: 0.382, data_time: 0.020, memory: 693, loss_cls: 0.6335, loss_kpt: 24.7290, loss_flow: 0.2795, loss_bone: 0.0909, loss: 25.7329, grad_norm: 494.0671
2026-06-04 10:35:06,291 - mmdet - INFO - Epoch [2][900/2811]	lr: 2.000e-06, eta: 1:06:11, time: 0.407, data_time: 0.021, memory: 693, loss_cls: 0.6342, loss_kpt: 24.3624, loss_flow: 0.2805, loss_bone: 0.0886, loss: 25.3657, grad_norm: 507.5721
2026-06-04 10:35:25,291 - mmdet - INFO - Epoch [2][950/2811]	lr: 2.000e-06, eta: 1:05:51, time: 0.380, data_time: 0.021, memory: 693, loss_cls: 0.6288, loss_kpt: 24.4508, loss_flow: 0.2754, loss_bone: 0.0891, loss: 25.4440, grad_norm: 452.8626
2026-06-04 10:35:44,293 - mmdet - INFO - Epoch [2][1000/2811]	lr: 2.000e-06, eta: 1:05:32, time: 0.380, data_time: 0.021, memory: 693, loss_cls: 0.6285, loss_kpt: 24.5526, loss_flow: 0.2845, loss_bone: 0.0906, loss: 25.5562, grad_norm: 487.3932
2026-06-04 10:36:04,197 - mmdet - INFO - Epoch [2][1050/2811]	lr: 2.000e-06, eta: 1:05:14, time: 0.398, data_time: 0.021, memory: 693, loss_cls: 0.6280, loss_kpt: 24.4600, loss_flow: 0.2872, loss_bone: 0.0893, loss: 25.4645, grad_norm: 459.4138
2026-06-04 10:36:24,163 - mmdet - INFO - Epoch [2][1100/2811]	lr: 2.000e-06, eta: 1:04:57, time: 0.399, data_time: 0.021, memory: 693, loss_cls: 0.6287, loss_kpt: 24.2348, loss_flow: 0.2771, loss_bone: 0.0904, loss: 25.2309, grad_norm: 518.7269
2026-06-04 10:36:42,963 - mmdet - INFO - Epoch [2][1150/2811]	lr: 2.000e-06, eta: 1:04:37, time: 0.376, data_time: 0.021, memory: 693, loss_cls: 0.6280, loss_kpt: 24.3187, loss_flow: 0.2780, loss_bone: 0.0891, loss: 25.3137, grad_norm: 506.1185
2026-06-04 10:37:01,859 - mmdet - INFO - Epoch [2][1200/2811]	lr: 2.000e-06, eta: 1:04:17, time: 0.378, data_time: 0.021, memory: 693, loss_cls: 0.6259, loss_kpt: 24.3702, loss_flow: 0.2717, loss_bone: 0.0893, loss: 25.3572, grad_norm: 525.3549
2026-06-04 10:37:20,599 - mmdet - INFO - Epoch [2][1250/2811]	lr: 2.000e-06, eta: 1:03:56, time: 0.375, data_time: 0.020, memory: 693, loss_cls: 0.6318, loss_kpt: 24.3537, loss_flow: 0.2717, loss_bone: 0.0902, loss: 25.3475, grad_norm: 495.9991
2026-06-04 10:37:39,447 - mmdet - INFO - Epoch [2][1300/2811]	lr: 2.000e-06, eta: 1:03:36, time: 0.377, data_time: 0.021, memory: 693, loss_cls: 0.6286, loss_kpt: 24.5950, loss_flow: 0.2771, loss_bone: 0.0895, loss: 25.5901, grad_norm: 481.9623
2026-06-04 10:37:58,285 - mmdet - INFO - Epoch [2][1350/2811]	lr: 2.000e-06, eta: 1:03:16, time: 0.377, data_time: 0.021, memory: 693, loss_cls: 0.6255, loss_kpt: 23.9899, loss_flow: 0.2686, loss_bone: 0.0892, loss: 24.9731, grad_norm: 454.6746
2026-06-04 10:38:19,104 - mmdet - INFO - Epoch [2][1400/2811]	lr: 2.000e-06, eta: 1:03:01, time: 0.416, data_time: 0.020, memory: 693, loss_cls: 0.6260, loss_kpt: 24.2443, loss_flow: 0.2702, loss_bone: 0.0892, loss: 25.2298, grad_norm: 440.9314
2026-06-04 10:38:40,814 - mmdet - INFO - Epoch [2][1450/2811]	lr: 2.000e-06, eta: 1:02:48, time: 0.434, data_time: 0.020, memory: 693, loss_cls: 0.6199, loss_kpt: 24.0501, loss_flow: 0.2763, loss_bone: 0.0896, loss: 25.0359, grad_norm: 411.4381
2026-06-04 10:38:59,991 - mmdet - INFO - Epoch [2][1500/2811]	lr: 2.000e-06, eta: 1:02:28, time: 0.384, data_time: 0.021, memory: 693, loss_cls: 0.6241, loss_kpt: 24.1244, loss_flow: 0.2651, loss_bone: 0.0895, loss: 25.1031, grad_norm: 446.3089
2026-06-04 10:39:21,467 - mmdet - INFO - Epoch [2][1550/2811]	lr: 2.000e-06, eta: 1:02:14, time: 0.430, data_time: 0.021, memory: 693, loss_cls: 0.6246, loss_kpt: 24.0361, loss_flow: 0.2695, loss_bone: 0.0882, loss: 25.0185, grad_norm: 423.2827
2026-06-04 10:39:42,259 - mmdet - INFO - Epoch [2][1600/2811]	lr: 2.000e-06, eta: 1:01:58, time: 0.416, data_time: 0.020, memory: 693, loss_cls: 0.6228, loss_kpt: 24.2018, loss_flow: 0.2662, loss_bone: 0.0891, loss: 25.1798, grad_norm: 420.4816
2026-06-04 10:40:00,935 - mmdet - INFO - Epoch [2][1650/2811]	lr: 2.000e-06, eta: 1:01:37, time: 0.374, data_time: 0.020, memory: 693, loss_cls: 0.6262, loss_kpt: 23.9870, loss_flow: 0.2655, loss_bone: 0.0891, loss: 24.9678, grad_norm: 478.7752
2026-06-04 10:40:19,643 - mmdet - INFO - Epoch [2][1700/2811]	lr: 2.000e-06, eta: 1:01:17, time: 0.374, data_time: 0.021, memory: 693, loss_cls: 0.6211, loss_kpt: 24.3402, loss_flow: 0.2709, loss_bone: 0.0883, loss: 25.3206, grad_norm: 434.1160
2026-06-04 10:40:39,196 - mmdet - INFO - Epoch [2][1750/2811]	lr: 2.000e-06, eta: 1:00:58, time: 0.391, data_time: 0.020, memory: 693, loss_cls: 0.6128, loss_kpt: 24.1258, loss_flow: 0.2711, loss_bone: 0.0892, loss: 25.0990, grad_norm: 430.9487
2026-06-04 10:40:57,655 - mmdet - INFO - Epoch [2][1800/2811]	lr: 2.000e-06, eta: 1:00:37, time: 0.369, data_time: 0.019, memory: 693, loss_cls: 0.6193, loss_kpt: 24.2587, loss_flow: 0.2742, loss_bone: 0.0890, loss: 25.2412, grad_norm: 479.1426
2026-06-04 10:41:18,355 - mmdet - INFO - Epoch [2][1850/2811]	lr: 2.000e-06, eta: 1:00:21, time: 0.414, data_time: 0.021, memory: 693, loss_cls: 0.6107, loss_kpt: 24.6299, loss_flow: 0.2709, loss_bone: 0.0898, loss: 25.6014, grad_norm: 402.0968
2026-06-04 10:41:37,599 - mmdet - INFO - Epoch [2][1900/2811]	lr: 2.000e-06, eta: 1:00:02, time: 0.385, data_time: 0.021, memory: 693, loss_cls: 0.6126, loss_kpt: 24.1866, loss_flow: 0.2723, loss_bone: 0.0893, loss: 25.1609, grad_norm: 476.6549
2026-06-04 10:41:57,811 - mmdet - INFO - Epoch [2][1950/2811]	lr: 2.000e-06, eta: 0:59:44, time: 0.404, data_time: 0.020, memory: 693, loss_cls: 0.6112, loss_kpt: 23.9169, loss_flow: 0.2566, loss_bone: 0.0892, loss: 24.8740, grad_norm: 424.0370
2026-06-04 10:42:16,855 - mmdet - INFO - Epoch [2][2000/2811]	lr: 2.000e-06, eta: 0:59:24, time: 0.381, data_time: 0.021, memory: 693, loss_cls: 0.6039, loss_kpt: 24.1654, loss_flow: 0.2610, loss_bone: 0.0891, loss: 25.1195, grad_norm: 464.9070
2026-06-04 10:42:35,959 - mmdet - INFO - Epoch [2][2050/2811]	lr: 2.000e-06, eta: 0:59:05, time: 0.382, data_time: 0.021, memory: 693, loss_cls: 0.6099, loss_kpt: 24.2948, loss_flow: 0.2728, loss_bone: 0.0891, loss: 25.2666, grad_norm: 462.9671
2026-06-04 10:42:55,210 - mmdet - INFO - Epoch [2][2100/2811]	lr: 2.000e-06, eta: 0:58:46, time: 0.385, data_time: 0.021, memory: 693, loss_cls: 0.6000, loss_kpt: 23.9635, loss_flow: 0.2529, loss_bone: 0.0879, loss: 24.9043, grad_norm: 444.3483
2026-06-04 10:43:14,155 - mmdet - INFO - Epoch [2][2150/2811]	lr: 2.000e-06, eta: 0:58:26, time: 0.379, data_time: 0.020, memory: 693, loss_cls: 0.6057, loss_kpt: 23.9940, loss_flow: 0.2605, loss_bone: 0.0904, loss: 24.9506, grad_norm: 425.9456
2026-06-04 10:43:35,424 - mmdet - INFO - Epoch [2][2200/2811]	lr: 2.000e-06, eta: 0:58:10, time: 0.425, data_time: 0.021, memory: 693, loss_cls: 0.5938, loss_kpt: 24.2960, loss_flow: 0.2561, loss_bone: 0.0891, loss: 25.2351, grad_norm: 443.0583
2026-06-04 10:43:55,611 - mmdet - INFO - Epoch [2][2250/2811]	lr: 2.000e-06, eta: 0:57:52, time: 0.404, data_time: 0.021, memory: 693, loss_cls: 0.6024, loss_kpt: 24.3242, loss_flow: 0.2563, loss_bone: 0.0886, loss: 25.2715, grad_norm: 438.1451
2026-06-04 10:44:15,683 - mmdet - INFO - Epoch [2][2300/2811]	lr: 2.000e-06, eta: 0:57:34, time: 0.401, data_time: 0.019, memory: 693, loss_cls: 0.6029, loss_kpt: 23.8753, loss_flow: 0.2532, loss_bone: 0.0887, loss: 24.8201, grad_norm: 420.1285
2026-06-04 10:44:35,128 - mmdet - INFO - Epoch [2][2350/2811]	lr: 2.000e-06, eta: 0:57:15, time: 0.389, data_time: 0.020, memory: 693, loss_cls: 0.6009, loss_kpt: 23.9373, loss_flow: 0.2468, loss_bone: 0.0890, loss: 24.8740, grad_norm: 405.1660
2026-06-04 10:44:54,943 - mmdet - INFO - Epoch [2][2400/2811]	lr: 2.000e-06, eta: 0:56:57, time: 0.396, data_time: 0.020, memory: 693, loss_cls: 0.5970, loss_kpt: 24.1487, loss_flow: 0.2586, loss_bone: 0.0896, loss: 25.0939, grad_norm: 433.4793
2026-06-04 10:45:13,767 - mmdet - INFO - Epoch [2][2450/2811]	lr: 2.000e-06, eta: 0:56:37, time: 0.376, data_time: 0.021, memory: 693, loss_cls: 0.5994, loss_kpt: 23.8354, loss_flow: 0.2531, loss_bone: 0.0902, loss: 24.7781, grad_norm: 422.1096
2026-06-04 10:45:32,521 - mmdet - INFO - Epoch [2][2500/2811]	lr: 2.000e-06, eta: 0:56:16, time: 0.375, data_time: 0.020, memory: 693, loss_cls: 0.5981, loss_kpt: 24.0305, loss_flow: 0.2569, loss_bone: 0.0900, loss: 24.9755, grad_norm: 447.8475
2026-06-04 10:45:51,507 - mmdet - INFO - Epoch [2][2550/2811]	lr: 2.000e-06, eta: 0:55:56, time: 0.380, data_time: 0.020, memory: 693, loss_cls: 0.5928, loss_kpt: 24.3575, loss_flow: 0.2573, loss_bone: 0.0882, loss: 25.2957, grad_norm: 398.6396
2026-06-04 10:46:10,258 - mmdet - INFO - Epoch [2][2600/2811]	lr: 2.000e-06, eta: 0:55:36, time: 0.375, data_time: 0.021, memory: 693, loss_cls: 0.5873, loss_kpt: 24.9857, loss_flow: 0.2620, loss_bone: 0.0902, loss: 25.9252, grad_norm: 488.2313
2026-06-04 10:46:29,259 - mmdet - INFO - Epoch [2][2650/2811]	lr: 2.000e-06, eta: 0:55:17, time: 0.380, data_time: 0.021, memory: 693, loss_cls: 0.5863, loss_kpt: 24.2348, loss_flow: 0.2469, loss_bone: 0.0902, loss: 25.1583, grad_norm: 435.2938
2026-06-04 10:46:47,883 - mmdet - INFO - Epoch [2][2700/2811]	lr: 2.000e-06, eta: 0:54:56, time: 0.372, data_time: 0.021, memory: 693, loss_cls: 0.5929, loss_kpt: 24.2001, loss_flow: 0.2531, loss_bone: 0.0903, loss: 25.1365, grad_norm: 449.8786
2026-06-04 10:47:06,548 - mmdet - INFO - Epoch [2][2750/2811]	lr: 2.000e-06, eta: 0:54:36, time: 0.373, data_time: 0.020, memory: 693, loss_cls: 0.5986, loss_kpt: 23.6358, loss_flow: 0.2489, loss_bone: 0.0886, loss: 24.5719, grad_norm: 407.8390
2026-06-04 10:47:25,759 - mmdet - INFO - Epoch [2][2800/2811]	lr: 2.000e-06, eta: 0:54:17, time: 0.384, data_time: 0.021, memory: 693, loss_cls: 0.5865, loss_kpt: 23.9975, loss_flow: 0.2510, loss_bone: 0.0890, loss: 24.9240, grad_norm: 449.8425
2026-06-04 10:47:29,954 - mmdet - INFO - Updating latest checkpoint at 2 epochs
2026-06-04 10:47:30,157 - mmdet - INFO - [BoneLossWarmup] Epoch 3/5 | Warmup: 1e, Ramp: 1e | Bone weight -> 1.0000
2026-06-04 10:47:54,292 - mmdet - INFO - Epoch [3][50/2811]	lr: 2.000e-06, eta: 0:53:54, time: 0.483, data_time: 0.075, memory: 693, loss_cls: 0.5866, loss_kpt: 23.4902, loss_flow: 0.2485, loss_bone: 0.0890, loss: 24.4142, grad_norm: 410.3638
2026-06-04 10:48:14,633 - mmdet - INFO - Epoch [3][100/2811]	lr: 2.000e-06, eta: 0:53:36, time: 0.407, data_time: 0.026, memory: 693, loss_cls: 0.5902, loss_kpt: 23.9050, loss_flow: 0.2509, loss_bone: 0.0887, loss: 24.8347, grad_norm: 427.8728
2026-06-04 10:48:36,367 - mmdet - INFO - Epoch [3][150/2811]	lr: 2.000e-06, eta: 0:53:20, time: 0.435, data_time: 0.020, memory: 693, loss_cls: 0.5854, loss_kpt: 24.0564, loss_flow: 0.2437, loss_bone: 0.0879, loss: 24.9734, grad_norm: 433.4758
2026-06-04 10:48:58,948 - mmdet - INFO - Epoch [3][200/2811]	lr: 2.000e-06, eta: 0:53:06, time: 0.452, data_time: 0.021, memory: 693, loss_cls: 0.5816, loss_kpt: 24.1225, loss_flow: 0.2478, loss_bone: 0.0904, loss: 25.0422, grad_norm: 421.7660
2026-06-04 10:49:20,540 - mmdet - INFO - Epoch [3][250/2811]	lr: 2.000e-06, eta: 0:52:49, time: 0.432, data_time: 0.020, memory: 693, loss_cls: 0.5783, loss_kpt: 23.8778, loss_flow: 0.2443, loss_bone: 0.0886, loss: 24.7891, grad_norm: 434.4930
2026-06-04 10:49:42,206 - mmdet - INFO - Epoch [3][300/2811]	lr: 2.000e-06, eta: 0:52:33, time: 0.433, data_time: 0.021, memory: 693, loss_cls: 0.5775, loss_kpt: 24.1652, loss_flow: 0.2502, loss_bone: 0.0911, loss: 25.0841, grad_norm: 401.0054
2026-06-04 10:50:02,527 - mmdet - INFO - Epoch [3][350/2811]	lr: 2.000e-06, eta: 0:52:15, time: 0.406, data_time: 0.020, memory: 693, loss_cls: 0.5755, loss_kpt: 23.9830, loss_flow: 0.2451, loss_bone: 0.0887, loss: 24.8924, grad_norm: 408.2194
2026-06-04 10:50:21,307 - mmdet - INFO - Epoch [3][400/2811]	lr: 2.000e-06, eta: 0:51:55, time: 0.376, data_time: 0.021, memory: 693, loss_cls: 0.5726, loss_kpt: 23.9181, loss_flow: 0.2415, loss_bone: 0.0892, loss: 24.8213, grad_norm: 376.2641
2026-06-04 10:50:40,176 - mmdet - INFO - Epoch [3][450/2811]	lr: 2.000e-06, eta: 0:51:35, time: 0.377, data_time: 0.020, memory: 693, loss_cls: 0.5643, loss_kpt: 24.2730, loss_flow: 0.2469, loss_bone: 0.0903, loss: 25.1746, grad_norm: 394.1246
2026-06-04 10:50:59,093 - mmdet - INFO - Epoch [3][500/2811]	lr: 2.000e-06, eta: 0:51:15, time: 0.378, data_time: 0.021, memory: 693, loss_cls: 0.5629, loss_kpt: 24.0380, loss_flow: 0.2448, loss_bone: 0.0881, loss: 24.9338, grad_norm: 379.0601
2026-06-04 10:51:17,794 - mmdet - INFO - Epoch [3][550/2811]	lr: 2.000e-06, eta: 0:50:55, time: 0.374, data_time: 0.020, memory: 693, loss_cls: 0.5598, loss_kpt: 24.4543, loss_flow: 0.2520, loss_bone: 0.0884, loss: 25.3545, grad_norm: 426.1057
2026-06-04 10:51:36,487 - mmdet - INFO - Epoch [3][600/2811]	lr: 2.000e-06, eta: 0:50:34, time: 0.374, data_time: 0.021, memory: 693, loss_cls: 0.5621, loss_kpt: 23.9278, loss_flow: 0.2461, loss_bone: 0.0902, loss: 24.8262, grad_norm: 403.4084
2026-06-04 10:51:55,083 - mmdet - INFO - Epoch [3][650/2811]	lr: 2.000e-06, eta: 0:50:14, time: 0.372, data_time: 0.021, memory: 693, loss_cls: 0.5559, loss_kpt: 24.3708, loss_flow: 0.2457, loss_bone: 0.0894, loss: 25.2619, grad_norm: 409.8306
2026-06-04 10:52:12,786 - mmdet - INFO - Epoch [3][700/2811]	lr: 2.000e-06, eta: 0:49:53, time: 0.354, data_time: 0.020, memory: 693, loss_cls: 0.5536, loss_kpt: 24.1720, loss_flow: 0.2463, loss_bone: 0.0903, loss: 25.0623, grad_norm: 403.5662
2026-06-04 10:52:30,775 - mmdet - INFO - Epoch [3][750/2811]	lr: 2.000e-06, eta: 0:49:32, time: 0.360, data_time: 0.019, memory: 693, loss_cls: 0.5471, loss_kpt: 24.2559, loss_flow: 0.2476, loss_bone: 0.0887, loss: 25.1393, grad_norm: 415.8614
2026-06-04 10:52:47,720 - mmdet - INFO - Epoch [3][800/2811]	lr: 2.000e-06, eta: 0:49:09, time: 0.339, data_time: 0.019, memory: 693, loss_cls: 0.5515, loss_kpt: 23.9232, loss_flow: 0.2461, loss_bone: 0.0893, loss: 24.8101, grad_norm: 403.9798
2026-06-04 10:53:05,735 - mmdet - INFO - Epoch [3][850/2811]	lr: 2.000e-06, eta: 0:48:48, time: 0.360, data_time: 0.020, memory: 693, loss_cls: 0.5457, loss_kpt: 24.2808, loss_flow: 0.2413, loss_bone: 0.0890, loss: 25.1568, grad_norm: 381.2317
2026-06-04 10:53:26,012 - mmdet - INFO - Epoch [3][900/2811]	lr: 2.000e-06, eta: 0:48:30, time: 0.406, data_time: 0.021, memory: 693, loss_cls: 0.5471, loss_kpt: 24.5529, loss_flow: 0.2453, loss_bone: 0.0880, loss: 25.4333, grad_norm: 435.8155
2026-06-04 10:53:44,981 - mmdet - INFO - Epoch [3][950/2811]	lr: 2.000e-06, eta: 0:48:11, time: 0.379, data_time: 0.020, memory: 693, loss_cls: 0.5439, loss_kpt: 24.0904, loss_flow: 0.2498, loss_bone: 0.0892, loss: 24.9733, grad_norm: 453.3822
2026-06-04 10:54:04,812 - mmdet - INFO - Epoch [3][1000/2811]	lr: 2.000e-06, eta: 0:47:52, time: 0.397, data_time: 0.022, memory: 693, loss_cls: 0.5432, loss_kpt: 24.2192, loss_flow: 0.2425, loss_bone: 0.0889, loss: 25.0937, grad_norm: 421.6477
2026-06-04 10:54:23,995 - mmdet - INFO - Epoch [3][1050/2811]	lr: 2.000e-06, eta: 0:47:32, time: 0.384, data_time: 0.020, memory: 693, loss_cls: 0.5446, loss_kpt: 23.8792, loss_flow: 0.2410, loss_bone: 0.0888, loss: 24.7535, grad_norm: 391.2374
2026-06-04 10:54:42,640 - mmdet - INFO - Epoch [3][1100/2811]	lr: 2.000e-06, eta: 0:47:12, time: 0.373, data_time: 0.020, memory: 693, loss_cls: 0.5434, loss_kpt: 23.8017, loss_flow: 0.2411, loss_bone: 0.0894, loss: 24.6757, grad_norm: 394.0892
2026-06-04 10:55:03,480 - mmdet - INFO - Epoch [3][1150/2811]	lr: 2.000e-06, eta: 0:46:55, time: 0.417, data_time: 0.021, memory: 693, loss_cls: 0.5393, loss_kpt: 23.9925, loss_flow: 0.2407, loss_bone: 0.0887, loss: 24.8612, grad_norm: 391.4920
2026-06-04 10:55:25,112 - mmdet - INFO - Epoch [3][1200/2811]	lr: 2.000e-06, eta: 0:46:38, time: 0.433, data_time: 0.020, memory: 693, loss_cls: 0.5387, loss_kpt: 23.9844, loss_flow: 0.2407, loss_bone: 0.0892, loss: 24.8530, grad_norm: 401.6522
2026-06-04 10:55:45,098 - mmdet - INFO - Epoch [3][1250/2811]	lr: 2.000e-06, eta: 0:46:19, time: 0.400, data_time: 0.020, memory: 693, loss_cls: 0.5408, loss_kpt: 24.0272, loss_flow: 0.2434, loss_bone: 0.0892, loss: 24.9006, grad_norm: 423.0480
2026-06-04 10:56:04,072 - mmdet - INFO - Epoch [3][1300/2811]	lr: 2.000e-06, eta: 0:45:59, time: 0.379, data_time: 0.019, memory: 693, loss_cls: 0.5404, loss_kpt: 23.6421, loss_flow: 0.2357, loss_bone: 0.0899, loss: 24.5080, grad_norm: 389.6637
2026-06-04 10:56:23,340 - mmdet - INFO - Epoch [3][1350/2811]	lr: 2.000e-06, eta: 0:45:40, time: 0.385, data_time: 0.021, memory: 693, loss_cls: 0.5397, loss_kpt: 23.6270, loss_flow: 0.2335, loss_bone: 0.0885, loss: 24.4886, grad_norm: 397.4301
2026-06-04 10:56:42,003 - mmdet - INFO - Epoch [3][1400/2811]	lr: 2.000e-06, eta: 0:45:20, time: 0.373, data_time: 0.020, memory: 693, loss_cls: 0.5367, loss_kpt: 23.9906, loss_flow: 0.2438, loss_bone: 0.0890, loss: 24.8601, grad_norm: 394.8812
2026-06-04 10:57:00,675 - mmdet - INFO - Epoch [3][1450/2811]	lr: 2.000e-06, eta: 0:45:00, time: 0.373, data_time: 0.020, memory: 693, loss_cls: 0.5294, loss_kpt: 24.2742, loss_flow: 0.2373, loss_bone: 0.0894, loss: 25.1303, grad_norm: 377.4627
2026-06-04 10:57:19,929 - mmdet - INFO - Epoch [3][1500/2811]	lr: 2.000e-06, eta: 0:44:40, time: 0.385, data_time: 0.019, memory: 693, loss_cls: 0.5282, loss_kpt: 24.3422, loss_flow: 0.2406, loss_bone: 0.0899, loss: 25.2009, grad_norm: 394.4430
2026-06-04 10:57:39,367 - mmdet - INFO - Epoch [3][1550/2811]	lr: 2.000e-06, eta: 0:44:21, time: 0.389, data_time: 0.019, memory: 693, loss_cls: 0.5170, loss_kpt: 24.2615, loss_flow: 0.2397, loss_bone: 0.0901, loss: 25.1084, grad_norm: 391.0406
2026-06-04 10:57:58,228 - mmdet - INFO - Epoch [3][1600/2811]	lr: 2.000e-06, eta: 0:44:01, time: 0.377, data_time: 0.020, memory: 693, loss_cls: 0.5282, loss_kpt: 23.6473, loss_flow: 0.2309, loss_bone: 0.0887, loss: 24.4951, grad_norm: 368.4296
2026-06-04 10:58:17,177 - mmdet - INFO - Epoch [3][1650/2811]	lr: 2.000e-06, eta: 0:43:42, time: 0.379, data_time: 0.020, memory: 693, loss_cls: 0.5261, loss_kpt: 24.2809, loss_flow: 0.2348, loss_bone: 0.0895, loss: 25.1314, grad_norm: 409.4767
2026-06-04 10:58:36,614 - mmdet - INFO - Epoch [3][1700/2811]	lr: 2.000e-06, eta: 0:43:23, time: 0.389, data_time: 0.020, memory: 693, loss_cls: 0.5213, loss_kpt: 24.3414, loss_flow: 0.2402, loss_bone: 0.0903, loss: 25.1932, grad_norm: 390.2360
2026-06-04 10:58:55,775 - mmdet - INFO - Epoch [3][1750/2811]	lr: 2.000e-06, eta: 0:43:03, time: 0.383, data_time: 0.021, memory: 693, loss_cls: 0.5156, loss_kpt: 24.0912, loss_flow: 0.2361, loss_bone: 0.0893, loss: 24.9322, grad_norm: 395.2741
2026-06-04 10:59:14,455 - mmdet - INFO - Epoch [3][1800/2811]	lr: 2.000e-06, eta: 0:42:43, time: 0.374, data_time: 0.021, memory: 693, loss_cls: 0.5127, loss_kpt: 24.3574, loss_flow: 0.2363, loss_bone: 0.0887, loss: 25.1951, grad_norm: 396.4510
2026-06-04 10:59:34,595 - mmdet - INFO - Epoch [3][1850/2811]	lr: 2.000e-06, eta: 0:42:25, time: 0.403, data_time: 0.021, memory: 693, loss_cls: 0.5063, loss_kpt: 24.7796, loss_flow: 0.2356, loss_bone: 0.0895, loss: 25.6110, grad_norm: 366.7791
2026-06-04 10:59:56,460 - mmdet - INFO - Epoch [3][1900/2811]	lr: 2.000e-06, eta: 0:42:07, time: 0.437, data_time: 0.021, memory: 693, loss_cls: 0.5147, loss_kpt: 24.0880, loss_flow: 0.2363, loss_bone: 0.0893, loss: 24.9284, grad_norm: 321.6552
2026-06-04 11:00:18,312 - mmdet - INFO - Epoch [3][1950/2811]	lr: 2.000e-06, eta: 0:41:50, time: 0.437, data_time: 0.021, memory: 693, loss_cls: 0.5144, loss_kpt: 24.6322, loss_flow: 0.2376, loss_bone: 0.0894, loss: 25.4736, grad_norm: 424.6662
2026-06-04 11:00:39,892 - mmdet - INFO - Epoch [3][2000/2811]	lr: 2.000e-06, eta: 0:41:33, time: 0.432, data_time: 0.021, memory: 693, loss_cls: 0.5108, loss_kpt: 24.3075, loss_flow: 0.2358, loss_bone: 0.0906, loss: 25.1447, grad_norm: 387.3064
2026-06-04 11:01:01,439 - mmdet - INFO - Epoch [3][2050/2811]	lr: 2.000e-06, eta: 0:41:15, time: 0.431, data_time: 0.020, memory: 693, loss_cls: 0.5071, loss_kpt: 23.9895, loss_flow: 0.2306, loss_bone: 0.0888, loss: 24.8160, grad_norm: 364.5020
2026-06-04 11:01:23,468 - mmdet - INFO - Epoch [3][2100/2811]	lr: 2.000e-06, eta: 0:40:58, time: 0.441, data_time: 0.021, memory: 693, loss_cls: 0.5083, loss_kpt: 24.2176, loss_flow: 0.2369, loss_bone: 0.0897, loss: 25.0524, grad_norm: 406.1330
2026-06-04 11:01:44,540 - mmdet - INFO - Epoch [3][2150/2811]	lr: 2.000e-06, eta: 0:40:40, time: 0.421, data_time: 0.020, memory: 693, loss_cls: 0.5091, loss_kpt: 24.2931, loss_flow: 0.2381, loss_bone: 0.0892, loss: 25.1295, grad_norm: 389.7311
2026-06-04 11:02:03,188 - mmdet - INFO - Epoch [3][2200/2811]	lr: 2.000e-06, eta: 0:40:20, time: 0.373, data_time: 0.019, memory: 693, loss_cls: 0.5145, loss_kpt: 23.9883, loss_flow: 0.2294, loss_bone: 0.0892, loss: 24.8215, grad_norm: 373.6863
2026-06-04 11:02:22,066 - mmdet - INFO - Epoch [3][2250/2811]	lr: 2.000e-06, eta: 0:40:00, time: 0.378, data_time: 0.019, memory: 693, loss_cls: 0.5125, loss_kpt: 23.7630, loss_flow: 0.2316, loss_bone: 0.0890, loss: 24.5960, grad_norm: 365.1440
2026-06-04 11:02:41,283 - mmdet - INFO - Epoch [3][2300/2811]	lr: 2.000e-06, eta: 0:39:40, time: 0.384, data_time: 0.019, memory: 693, loss_cls: 0.5145, loss_kpt: 23.7308, loss_flow: 0.2297, loss_bone: 0.0898, loss: 24.5648, grad_norm: 392.6504
2026-06-04 11:02:59,959 - mmdet - INFO - Epoch [3][2350/2811]	lr: 2.000e-06, eta: 0:39:20, time: 0.374, data_time: 0.020, memory: 693, loss_cls: 0.5065, loss_kpt: 23.9060, loss_flow: 0.2349, loss_bone: 0.0902, loss: 24.7377, grad_norm: 387.7319
2026-06-04 11:03:19,027 - mmdet - INFO - Epoch [3][2400/2811]	lr: 2.000e-06, eta: 0:39:01, time: 0.381, data_time: 0.020, memory: 693, loss_cls: 0.5071, loss_kpt: 24.0778, loss_flow: 0.2338, loss_bone: 0.0896, loss: 24.9084, grad_norm: 413.6808
2026-06-04 11:03:38,667 - mmdet - INFO - Epoch [3][2450/2811]	lr: 2.000e-06, eta: 0:38:42, time: 0.393, data_time: 0.021, memory: 693, loss_cls: 0.5058, loss_kpt: 23.9980, loss_flow: 0.2293, loss_bone: 0.0893, loss: 24.8224, grad_norm: 369.3045
2026-06-04 11:03:59,948 - mmdet - INFO - Epoch [3][2500/2811]	lr: 2.000e-06, eta: 0:38:23, time: 0.426, data_time: 0.019, memory: 693, loss_cls: 0.4998, loss_kpt: 24.1848, loss_flow: 0.2363, loss_bone: 0.0907, loss: 25.0117, grad_norm: 377.0145
2026-06-04 11:04:19,592 - mmdet - INFO - Epoch [3][2550/2811]	lr: 2.000e-06, eta: 0:38:04, time: 0.393, data_time: 0.021, memory: 693, loss_cls: 0.5006, loss_kpt: 23.8059, loss_flow: 0.2321, loss_bone: 0.0908, loss: 24.6293, grad_norm: 419.8891
2026-06-04 11:04:38,583 - mmdet - INFO - Epoch [3][2600/2811]	lr: 2.000e-06, eta: 0:37:45, time: 0.380, data_time: 0.020, memory: 693, loss_cls: 0.4951, loss_kpt: 23.9760, loss_flow: 0.2423, loss_bone: 0.0896, loss: 24.8030, grad_norm: 392.9382
2026-06-04 11:04:58,719 - mmdet - INFO - Epoch [3][2650/2811]	lr: 2.000e-06, eta: 0:37:26, time: 0.403, data_time: 0.021, memory: 693, loss_cls: 0.5072, loss_kpt: 24.2076, loss_flow: 0.2293, loss_bone: 0.0900, loss: 25.0340, grad_norm: 364.5006
2026-06-04 11:05:20,349 - mmdet - INFO - Epoch [3][2700/2811]	lr: 2.000e-06, eta: 0:37:08, time: 0.433, data_time: 0.021, memory: 693, loss_cls: 0.4949, loss_kpt: 24.0268, loss_flow: 0.2280, loss_bone: 0.0905, loss: 24.8402, grad_norm: 374.9541
2026-06-04 11:05:40,143 - mmdet - INFO - Epoch [3][2750/2811]	lr: 2.000e-06, eta: 0:36:49, time: 0.396, data_time: 0.020, memory: 693, loss_cls: 0.5047, loss_kpt: 23.3965, loss_flow: 0.2358, loss_bone: 0.0898, loss: 24.2269, grad_norm: 380.8457
2026-06-04 11:05:59,364 - mmdet - INFO - Epoch [3][2800/2811]	lr: 2.000e-06, eta: 0:36:29, time: 0.384, data_time: 0.021, memory: 693, loss_cls: 0.4991, loss_kpt: 24.1092, loss_flow: 0.2313, loss_bone: 0.0909, loss: 24.9305, grad_norm: 437.2075
2026-06-04 11:06:03,945 - mmdet - INFO - Updating latest checkpoint at 3 epochs
2026-06-04 11:06:04,180 - mmdet - INFO - [BoneLossWarmup] Epoch 4/5 | Warmup: 1e, Ramp: 1e | Bone weight -> 1.0000
2026-06-04 11:06:26,795 - mmdet - INFO - Epoch [4][50/2811]	lr: 2.000e-06, eta: 0:36:05, time: 0.452, data_time: 0.080, memory: 693, loss_cls: 0.4911, loss_kpt: 23.6741, loss_flow: 0.2266, loss_bone: 0.0905, loss: 24.4824, grad_norm: 391.9537
2026-06-04 11:06:46,220 - mmdet - INFO - Epoch [4][100/2811]	lr: 2.000e-06, eta: 0:35:45, time: 0.388, data_time: 0.021, memory: 693, loss_cls: 0.5060, loss_kpt: 23.7037, loss_flow: 0.2220, loss_bone: 0.0910, loss: 24.5227, grad_norm: 356.2167
2026-06-04 11:07:06,542 - mmdet - INFO - Epoch [4][150/2811]	lr: 2.000e-06, eta: 0:35:26, time: 0.406, data_time: 0.021, memory: 693, loss_cls: 0.4886, loss_kpt: 24.0750, loss_flow: 0.2343, loss_bone: 0.0911, loss: 24.8889, grad_norm: 368.9494
2026-06-04 11:07:25,407 - mmdet - INFO - Epoch [4][200/2811]	lr: 2.000e-06, eta: 0:35:06, time: 0.377, data_time: 0.020, memory: 693, loss_cls: 0.4981, loss_kpt: 23.8194, loss_flow: 0.2257, loss_bone: 0.0901, loss: 24.6333, grad_norm: 392.6829
2026-06-04 11:07:45,327 - mmdet - INFO - Epoch [4][250/2811]	lr: 2.000e-06, eta: 0:34:47, time: 0.398, data_time: 0.021, memory: 693, loss_cls: 0.4921, loss_kpt: 23.8559, loss_flow: 0.2276, loss_bone: 0.0906, loss: 24.6661, grad_norm: 376.3901
2026-06-04 11:08:06,875 - mmdet - INFO - Epoch [4][300/2811]	lr: 2.000e-06, eta: 0:34:29, time: 0.431, data_time: 0.022, memory: 693, loss_cls: 0.4885, loss_kpt: 24.0675, loss_flow: 0.2266, loss_bone: 0.0908, loss: 24.8734, grad_norm: 371.3596
2026-06-04 11:08:25,334 - mmdet - INFO - Epoch [4][350/2811]	lr: 2.000e-06, eta: 0:34:09, time: 0.369, data_time: 0.020, memory: 693, loss_cls: 0.4992, loss_kpt: 23.7130, loss_flow: 0.2254, loss_bone: 0.0904, loss: 24.5279, grad_norm: 388.8472
2026-06-04 11:08:44,155 - mmdet - INFO - Epoch [4][400/2811]	lr: 2.000e-06, eta: 0:33:49, time: 0.376, data_time: 0.020, memory: 693, loss_cls: 0.4949, loss_kpt: 23.8226, loss_flow: 0.2239, loss_bone: 0.0911, loss: 24.6324, grad_norm: 381.2910
2026-06-04 11:09:03,128 - mmdet - INFO - Epoch [4][450/2811]	lr: 2.000e-06, eta: 0:33:30, time: 0.379, data_time: 0.021, memory: 693, loss_cls: 0.4872, loss_kpt: 24.5405, loss_flow: 0.2412, loss_bone: 0.0909, loss: 25.3598, grad_norm: 407.0387
2026-06-04 11:09:23,136 - mmdet - INFO - Epoch [4][500/2811]	lr: 2.000e-06, eta: 0:33:11, time: 0.400, data_time: 0.021, memory: 693, loss_cls: 0.4923, loss_kpt: 23.5073, loss_flow: 0.2244, loss_bone: 0.0909, loss: 24.3149, grad_norm: 389.2312
2026-06-04 11:09:41,847 - mmdet - INFO - Epoch [4][550/2811]	lr: 2.000e-06, eta: 0:32:51, time: 0.374, data_time: 0.021, memory: 693, loss_cls: 0.4877, loss_kpt: 23.7617, loss_flow: 0.2275, loss_bone: 0.0916, loss: 24.5685, grad_norm: 385.6747
2026-06-04 11:10:00,636 - mmdet - INFO - Epoch [4][600/2811]	lr: 2.000e-06, eta: 0:32:31, time: 0.376, data_time: 0.021, memory: 693, loss_cls: 0.4945, loss_kpt: 23.5075, loss_flow: 0.2193, loss_bone: 0.0910, loss: 24.3123, grad_norm: 391.9274
2026-06-04 11:10:21,776 - mmdet - INFO - Epoch [4][650/2811]	lr: 2.000e-06, eta: 0:32:12, time: 0.423, data_time: 0.021, memory: 693, loss_cls: 0.4942, loss_kpt: 23.7205, loss_flow: 0.2263, loss_bone: 0.0912, loss: 24.5322, grad_norm: 403.9787
2026-06-04 11:10:41,596 - mmdet - INFO - Epoch [4][700/2811]	lr: 2.000e-06, eta: 0:31:53, time: 0.396, data_time: 0.020, memory: 693, loss_cls: 0.4931, loss_kpt: 23.6846, loss_flow: 0.2291, loss_bone: 0.0906, loss: 24.4973, grad_norm: 427.0421
2026-06-04 11:11:01,311 - mmdet - INFO - Epoch [4][750/2811]	lr: 2.000e-06, eta: 0:31:34, time: 0.394, data_time: 0.021, memory: 693, loss_cls: 0.4904, loss_kpt: 23.8179, loss_flow: 0.2331, loss_bone: 0.0907, loss: 24.6321, grad_norm: 421.3838
2026-06-04 11:11:22,766 - mmdet - INFO - Epoch [4][800/2811]	lr: 2.000e-06, eta: 0:31:15, time: 0.429, data_time: 0.021, memory: 693, loss_cls: 0.4943, loss_kpt: 23.3527, loss_flow: 0.2207, loss_bone: 0.0916, loss: 24.1593, grad_norm: 382.2326
2026-06-04 11:11:43,679 - mmdet - INFO - Epoch [4][850/2811]	lr: 2.000e-06, eta: 0:30:57, time: 0.418, data_time: 0.021, memory: 693, loss_cls: 0.4886, loss_kpt: 23.7180, loss_flow: 0.2290, loss_bone: 0.0904, loss: 24.5260, grad_norm: 342.9819
2026-06-04 11:12:02,827 - mmdet - INFO - Epoch [4][900/2811]	lr: 2.000e-06, eta: 0:30:37, time: 0.383, data_time: 0.024, memory: 693, loss_cls: 0.4826, loss_kpt: 23.5149, loss_flow: 0.2195, loss_bone: 0.0917, loss: 24.3088, grad_norm: 350.8278
2026-06-04 11:12:21,734 - mmdet - INFO - Epoch [4][950/2811]	lr: 2.000e-06, eta: 0:30:17, time: 0.378, data_time: 0.021, memory: 693, loss_cls: 0.4894, loss_kpt: 23.7334, loss_flow: 0.2245, loss_bone: 0.0916, loss: 24.5390, grad_norm: 345.4898
2026-06-04 11:12:40,789 - mmdet - INFO - Epoch [4][1000/2811]	lr: 2.000e-06, eta: 0:29:58, time: 0.381, data_time: 0.021, memory: 693, loss_cls: 0.4865, loss_kpt: 24.1468, loss_flow: 0.2282, loss_bone: 0.0920, loss: 24.9535, grad_norm: 376.1402
2026-06-04 11:13:00,131 - mmdet - INFO - Epoch [4][1050/2811]	lr: 2.000e-06, eta: 0:29:38, time: 0.387, data_time: 0.021, memory: 693, loss_cls: 0.4765, loss_kpt: 23.8600, loss_flow: 0.2197, loss_bone: 0.0906, loss: 24.6468, grad_norm: 377.2488
2026-06-04 11:13:19,286 - mmdet - INFO - Epoch [4][1100/2811]	lr: 2.000e-06, eta: 0:29:19, time: 0.383, data_time: 0.021, memory: 693, loss_cls: 0.4848, loss_kpt: 23.5806, loss_flow: 0.2250, loss_bone: 0.0920, loss: 24.3825, grad_norm: 414.8156
2026-06-04 11:13:38,031 - mmdet - INFO - Epoch [4][1150/2811]	lr: 2.000e-06, eta: 0:28:59, time: 0.375, data_time: 0.020, memory: 693, loss_cls: 0.4823, loss_kpt: 23.5427, loss_flow: 0.2174, loss_bone: 0.0909, loss: 24.3335, grad_norm: 355.9552
2026-06-04 11:13:56,699 - mmdet - INFO - Epoch [4][1200/2811]	lr: 2.000e-06, eta: 0:28:39, time: 0.373, data_time: 0.020, memory: 693, loss_cls: 0.4925, loss_kpt: 23.4561, loss_flow: 0.2195, loss_bone: 0.0918, loss: 24.2600, grad_norm: 387.3881
2026-06-04 11:14:15,604 - mmdet - INFO - Epoch [4][1250/2811]	lr: 2.000e-06, eta: 0:28:19, time: 0.378, data_time: 0.021, memory: 693, loss_cls: 0.4805, loss_kpt: 23.4840, loss_flow: 0.2145, loss_bone: 0.0913, loss: 24.2703, grad_norm: 355.6296
2026-06-04 11:14:34,488 - mmdet - INFO - Epoch [4][1300/2811]	lr: 2.000e-06, eta: 0:28:00, time: 0.378, data_time: 0.020, memory: 693, loss_cls: 0.4844, loss_kpt: 23.5060, loss_flow: 0.2206, loss_bone: 0.0919, loss: 24.3029, grad_norm: 386.9467
2026-06-04 11:14:53,103 - mmdet - INFO - Epoch [4][1350/2811]	lr: 2.000e-06, eta: 0:27:40, time: 0.372, data_time: 0.020, memory: 693, loss_cls: 0.4844, loss_kpt: 23.3423, loss_flow: 0.2221, loss_bone: 0.0922, loss: 24.1410, grad_norm: 354.8844
2026-06-04 11:15:11,867 - mmdet - INFO - Epoch [4][1400/2811]	lr: 2.000e-06, eta: 0:27:20, time: 0.375, data_time: 0.021, memory: 693, loss_cls: 0.4755, loss_kpt: 23.5377, loss_flow: 0.2239, loss_bone: 0.0922, loss: 24.3292, grad_norm: 373.9819
2026-06-04 11:15:31,203 - mmdet - INFO - Epoch [4][1450/2811]	lr: 2.000e-06, eta: 0:27:01, time: 0.387, data_time: 0.021, memory: 693, loss_cls: 0.4750, loss_kpt: 23.4286, loss_flow: 0.2171, loss_bone: 0.0911, loss: 24.2118, grad_norm: 375.1277
2026-06-04 11:15:50,607 - mmdet - INFO - Epoch [4][1500/2811]	lr: 2.000e-06, eta: 0:26:41, time: 0.388, data_time: 0.020, memory: 693, loss_cls: 0.4821, loss_kpt: 23.0357, loss_flow: 0.2230, loss_bone: 0.0925, loss: 23.8333, grad_norm: 344.7865
2026-06-04 11:16:09,577 - mmdet - INFO - Epoch [4][1550/2811]	lr: 2.000e-06, eta: 0:26:22, time: 0.379, data_time: 0.020, memory: 693, loss_cls: 0.4869, loss_kpt: 23.0102, loss_flow: 0.2183, loss_bone: 0.0921, loss: 23.8075, grad_norm: 386.6245
2026-06-04 11:16:28,299 - mmdet - INFO - Epoch [4][1600/2811]	lr: 2.000e-06, eta: 0:26:02, time: 0.374, data_time: 0.020, memory: 693, loss_cls: 0.4860, loss_kpt: 22.9082, loss_flow: 0.2210, loss_bone: 0.0921, loss: 23.7074, grad_norm: 357.8567
2026-06-04 11:16:49,740 - mmdet - INFO - Epoch [4][1650/2811]	lr: 2.000e-06, eta: 0:25:43, time: 0.429, data_time: 0.021, memory: 693, loss_cls: 0.4828, loss_kpt: 23.2305, loss_flow: 0.2145, loss_bone: 0.0922, loss: 24.0200, grad_norm: 377.3611
2026-06-04 11:17:10,563 - mmdet - INFO - Epoch [4][1700/2811]	lr: 2.000e-06, eta: 0:25:24, time: 0.416, data_time: 0.020, memory: 693, loss_cls: 0.4808, loss_kpt: 23.6002, loss_flow: 0.2186, loss_bone: 0.0922, loss: 24.3919, grad_norm: 395.6730
2026-06-04 11:17:29,348 - mmdet - INFO - Epoch [4][1750/2811]	lr: 2.000e-06, eta: 0:25:05, time: 0.376, data_time: 0.021, memory: 693, loss_cls: 0.4798, loss_kpt: 22.9284, loss_flow: 0.2171, loss_bone: 0.0927, loss: 23.7180, grad_norm: 366.1864
2026-06-04 11:17:49,647 - mmdet - INFO - Epoch [4][1800/2811]	lr: 2.000e-06, eta: 0:24:46, time: 0.406, data_time: 0.021, memory: 693, loss_cls: 0.4767, loss_kpt: 23.1733, loss_flow: 0.2151, loss_bone: 0.0923, loss: 23.9574, grad_norm: 350.2539
2026-06-04 11:18:08,538 - mmdet - INFO - Epoch [4][1850/2811]	lr: 2.000e-06, eta: 0:24:26, time: 0.378, data_time: 0.020, memory: 693, loss_cls: 0.4789, loss_kpt: 23.2097, loss_flow: 0.2196, loss_bone: 0.0930, loss: 24.0012, grad_norm: 376.4983
2026-06-04 11:18:27,040 - mmdet - INFO - Epoch [4][1900/2811]	lr: 2.000e-06, eta: 0:24:06, time: 0.370, data_time: 0.020, memory: 693, loss_cls: 0.4861, loss_kpt: 23.0382, loss_flow: 0.2190, loss_bone: 0.0923, loss: 23.8356, grad_norm: 369.9959
2026-06-04 11:18:44,874 - mmdet - INFO - Epoch [4][1950/2811]	lr: 2.000e-06, eta: 0:23:46, time: 0.357, data_time: 0.020, memory: 693, loss_cls: 0.4700, loss_kpt: 23.2411, loss_flow: 0.2136, loss_bone: 0.0921, loss: 24.0168, grad_norm: 358.8520
2026-06-04 11:19:03,467 - mmdet - INFO - Epoch [4][2000/2811]	lr: 2.000e-06, eta: 0:23:26, time: 0.372, data_time: 0.021, memory: 693, loss_cls: 0.4747, loss_kpt: 23.4802, loss_flow: 0.2138, loss_bone: 0.0926, loss: 24.2613, grad_norm: 348.9783
2026-06-04 11:19:22,431 - mmdet - INFO - Epoch [4][2050/2811]	lr: 2.000e-06, eta: 0:23:07, time: 0.379, data_time: 0.020, memory: 693, loss_cls: 0.4690, loss_kpt: 23.5517, loss_flow: 0.2226, loss_bone: 0.0926, loss: 24.3359, grad_norm: 371.2944
2026-06-04 11:19:41,812 - mmdet - INFO - Epoch [4][2100/2811]	lr: 2.000e-06, eta: 0:22:47, time: 0.388, data_time: 0.020, memory: 693, loss_cls: 0.4708, loss_kpt: 23.9669, loss_flow: 0.2275, loss_bone: 0.0924, loss: 24.7575, grad_norm: 434.4755
2026-06-04 11:20:00,736 - mmdet - INFO - Epoch [4][2150/2811]	lr: 2.000e-06, eta: 0:22:28, time: 0.378, data_time: 0.021, memory: 693, loss_cls: 0.4723, loss_kpt: 22.9644, loss_flow: 0.2069, loss_bone: 0.0931, loss: 23.7367, grad_norm: 342.4651
2026-06-04 11:20:19,786 - mmdet - INFO - Epoch [4][2200/2811]	lr: 2.000e-06, eta: 0:22:08, time: 0.381, data_time: 0.020, memory: 693, loss_cls: 0.4721, loss_kpt: 23.1161, loss_flow: 0.2129, loss_bone: 0.0917, loss: 23.8928, grad_norm: 332.2659
2026-06-04 11:20:38,775 - mmdet - INFO - Epoch [4][2250/2811]	lr: 2.000e-06, eta: 0:21:49, time: 0.380, data_time: 0.021, memory: 693, loss_cls: 0.4807, loss_kpt: 22.8757, loss_flow: 0.2156, loss_bone: 0.0933, loss: 23.6653, grad_norm: 388.1020
2026-06-04 11:20:57,464 - mmdet - INFO - Epoch [4][2300/2811]	lr: 2.000e-06, eta: 0:21:29, time: 0.374, data_time: 0.020, memory: 693, loss_cls: 0.4718, loss_kpt: 23.0206, loss_flow: 0.2112, loss_bone: 0.0920, loss: 23.7957, grad_norm: 391.5539
2026-06-04 11:21:15,855 - mmdet - INFO - Epoch [4][2350/2811]	lr: 2.000e-06, eta: 0:21:09, time: 0.368, data_time: 0.020, memory: 693, loss_cls: 0.4721, loss_kpt: 23.1097, loss_flow: 0.2090, loss_bone: 0.0931, loss: 23.8839, grad_norm: 379.6232
2026-06-04 11:21:32,159 - mmdet - INFO - Epoch [4][2400/2811]	lr: 2.000e-06, eta: 0:20:49, time: 0.326, data_time: 0.019, memory: 693, loss_cls: 0.4673, loss_kpt: 23.2852, loss_flow: 0.2190, loss_bone: 0.0926, loss: 24.0641, grad_norm: 397.9839
2026-06-04 11:21:49,367 - mmdet - INFO - Epoch [4][2450/2811]	lr: 2.000e-06, eta: 0:20:29, time: 0.344, data_time: 0.019, memory: 693, loss_cls: 0.4671, loss_kpt: 22.8170, loss_flow: 0.2102, loss_bone: 0.0923, loss: 23.5866, grad_norm: 392.8454
2026-06-04 11:22:08,488 - mmdet - INFO - Epoch [4][2500/2811]	lr: 2.000e-06, eta: 0:20:10, time: 0.382, data_time: 0.021, memory: 693, loss_cls: 0.4596, loss_kpt: 23.4348, loss_flow: 0.2110, loss_bone: 0.0932, loss: 24.1985, grad_norm: 352.8306
2026-06-04 11:22:27,405 - mmdet - INFO - Epoch [4][2550/2811]	lr: 2.000e-06, eta: 0:19:50, time: 0.378, data_time: 0.020, memory: 693, loss_cls: 0.4643, loss_kpt: 23.0829, loss_flow: 0.2126, loss_bone: 0.0927, loss: 23.8525, grad_norm: 354.9056
2026-06-04 11:22:46,139 - mmdet - INFO - Epoch [4][2600/2811]	lr: 2.000e-06, eta: 0:19:31, time: 0.375, data_time: 0.021, memory: 693, loss_cls: 0.4702, loss_kpt: 23.3139, loss_flow: 0.2150, loss_bone: 0.0930, loss: 24.0920, grad_norm: 347.9902
2026-06-04 11:23:04,990 - mmdet - INFO - Epoch [4][2650/2811]	lr: 2.000e-06, eta: 0:19:11, time: 0.377, data_time: 0.021, memory: 693, loss_cls: 0.4717, loss_kpt: 22.8204, loss_flow: 0.2059, loss_bone: 0.0931, loss: 23.5911, grad_norm: 344.3461
2026-06-04 11:23:23,798 - mmdet - INFO - Epoch [4][2700/2811]	lr: 2.000e-06, eta: 0:18:52, time: 0.376, data_time: 0.021, memory: 693, loss_cls: 0.4635, loss_kpt: 23.2905, loss_flow: 0.2160, loss_bone: 0.0922, loss: 24.0621, grad_norm: 394.3030
2026-06-04 11:23:44,396 - mmdet - INFO - Epoch [4][2750/2811]	lr: 2.000e-06, eta: 0:18:32, time: 0.412, data_time: 0.020, memory: 693, loss_cls: 0.4692, loss_kpt: 22.9323, loss_flow: 0.2125, loss_bone: 0.0930, loss: 23.7069, grad_norm: 341.6620
2026-06-04 11:24:05,443 - mmdet - INFO - Epoch [4][2800/2811]	lr: 2.000e-06, eta: 0:18:14, time: 0.421, data_time: 0.020, memory: 693, loss_cls: 0.4638, loss_kpt: 23.1003, loss_flow: 0.2098, loss_bone: 0.0930, loss: 23.8669, grad_norm: 373.3822
2026-06-04 11:24:09,651 - mmdet - INFO - Updating latest checkpoint at 4 epochs
2026-06-04 11:24:09,856 - mmdet - INFO - [BoneLossWarmup] Epoch 5/5 | Warmup: 1e, Ramp: 1e | Bone weight -> 1.0000
2026-06-04 11:24:32,723 - mmdet - INFO - Epoch [5][50/2811]	lr: 2.000e-06, eta: 0:17:50, time: 0.457, data_time: 0.073, memory: 693, loss_cls: 0.4674, loss_kpt: 22.6364, loss_flow: 0.2107, loss_bone: 0.0937, loss: 23.4082, grad_norm: 372.2283
2026-06-04 11:24:50,435 - mmdet - INFO - Epoch [5][100/2811]	lr: 2.000e-06, eta: 0:17:30, time: 0.354, data_time: 0.019, memory: 693, loss_cls: 0.4570, loss_kpt: 23.1970, loss_flow: 0.2108, loss_bone: 0.0927, loss: 23.9576, grad_norm: 386.5774
2026-06-04 11:25:08,807 - mmdet - INFO - Epoch [5][150/2811]	lr: 2.000e-06, eta: 0:17:10, time: 0.367, data_time: 0.020, memory: 693, loss_cls: 0.4675, loss_kpt: 22.9728, loss_flow: 0.2105, loss_bone: 0.0929, loss: 23.7438, grad_norm: 383.8346
2026-06-04 11:25:27,623 - mmdet - INFO - Epoch [5][200/2811]	lr: 2.000e-06, eta: 0:16:51, time: 0.376, data_time: 0.020, memory: 693, loss_cls: 0.4657, loss_kpt: 22.8206, loss_flow: 0.2122, loss_bone: 0.0943, loss: 23.5928, grad_norm: 370.6399
2026-06-04 11:25:47,796 - mmdet - INFO - Epoch [5][250/2811]	lr: 2.000e-06, eta: 0:16:32, time: 0.403, data_time: 0.021, memory: 693, loss_cls: 0.4674, loss_kpt: 22.7267, loss_flow: 0.2078, loss_bone: 0.0924, loss: 23.4943, grad_norm: 389.7044
2026-06-04 11:26:08,548 - mmdet - INFO - Epoch [5][300/2811]	lr: 2.000e-06, eta: 0:16:13, time: 0.415, data_time: 0.020, memory: 693, loss_cls: 0.4615, loss_kpt: 22.5842, loss_flow: 0.2072, loss_bone: 0.0930, loss: 23.3460, grad_norm: 359.8390
2026-06-04 11:26:29,499 - mmdet - INFO - Epoch [5][350/2811]	lr: 2.000e-06, eta: 0:15:53, time: 0.419, data_time: 0.021, memory: 693, loss_cls: 0.4662, loss_kpt: 22.8574, loss_flow: 0.2108, loss_bone: 0.0932, loss: 23.6275, grad_norm: 416.4000
2026-06-04 11:26:48,379 - mmdet - INFO - Epoch [5][400/2811]	lr: 2.000e-06, eta: 0:15:34, time: 0.378, data_time: 0.020, memory: 693, loss_cls: 0.4556, loss_kpt: 22.8130, loss_flow: 0.2096, loss_bone: 0.0927, loss: 23.5709, grad_norm: 372.4599
2026-06-04 11:27:07,463 - mmdet - INFO - Epoch [5][450/2811]	lr: 2.000e-06, eta: 0:15:15, time: 0.382, data_time: 0.021, memory: 693, loss_cls: 0.4543, loss_kpt: 22.7165, loss_flow: 0.2097, loss_bone: 0.0932, loss: 23.4737, grad_norm: 362.3458
2026-06-04 11:27:26,908 - mmdet - INFO - Epoch [5][500/2811]	lr: 2.000e-06, eta: 0:14:55, time: 0.389, data_time: 0.021, memory: 693, loss_cls: 0.4699, loss_kpt: 22.6674, loss_flow: 0.2090, loss_bone: 0.0932, loss: 23.4394, grad_norm: 337.0270
2026-06-04 11:27:49,203 - mmdet - INFO - Epoch [5][550/2811]	lr: 2.000e-06, eta: 0:14:36, time: 0.446, data_time: 0.021, memory: 693, loss_cls: 0.4612, loss_kpt: 22.8219, loss_flow: 0.2130, loss_bone: 0.0922, loss: 23.5883, grad_norm: 399.9791
2026-06-04 11:28:11,133 - mmdet - INFO - Epoch [5][600/2811]	lr: 2.000e-06, eta: 0:14:17, time: 0.439, data_time: 0.021, memory: 693, loss_cls: 0.4526, loss_kpt: 22.7935, loss_flow: 0.2091, loss_bone: 0.0941, loss: 23.5494, grad_norm: 368.0051
2026-06-04 11:28:32,499 - mmdet - INFO - Epoch [5][650/2811]	lr: 2.000e-06, eta: 0:13:58, time: 0.427, data_time: 0.022, memory: 693, loss_cls: 0.4542, loss_kpt: 22.5669, loss_flow: 0.2032, loss_bone: 0.0936, loss: 23.3179, grad_norm: 349.2507
2026-06-04 11:28:51,622 - mmdet - INFO - Epoch [5][700/2811]	lr: 2.000e-06, eta: 0:13:39, time: 0.382, data_time: 0.021, memory: 693, loss_cls: 0.4634, loss_kpt: 23.0872, loss_flow: 0.2127, loss_bone: 0.0936, loss: 23.8569, grad_norm: 399.2862
2026-06-04 11:29:10,635 - mmdet - INFO - Epoch [5][750/2811]	lr: 2.000e-06, eta: 0:13:19, time: 0.380, data_time: 0.021, memory: 693, loss_cls: 0.4540, loss_kpt: 23.0138, loss_flow: 0.2029, loss_bone: 0.0943, loss: 23.7650, grad_norm: 342.8165
2026-06-04 11:29:29,793 - mmdet - INFO - Epoch [5][800/2811]	lr: 2.000e-06, eta: 0:13:00, time: 0.383, data_time: 0.021, memory: 693, loss_cls: 0.4514, loss_kpt: 22.5908, loss_flow: 0.2048, loss_bone: 0.0940, loss: 23.3411, grad_norm: 345.1456
2026-06-04 11:29:49,087 - mmdet - INFO - Epoch [5][850/2811]	lr: 2.000e-06, eta: 0:12:41, time: 0.386, data_time: 0.021, memory: 693, loss_cls: 0.4570, loss_kpt: 22.6001, loss_flow: 0.2006, loss_bone: 0.0931, loss: 23.3508, grad_norm: 337.0887
2026-06-04 11:30:07,827 - mmdet - INFO - Epoch [5][900/2811]	lr: 2.000e-06, eta: 0:12:21, time: 0.375, data_time: 0.021, memory: 693, loss_cls: 0.4494, loss_kpt: 22.7901, loss_flow: 0.2044, loss_bone: 0.0931, loss: 23.5369, grad_norm: 371.0290
2026-06-04 11:30:26,753 - mmdet - INFO - Epoch [5][950/2811]	lr: 2.000e-06, eta: 0:12:02, time: 0.379, data_time: 0.021, memory: 693, loss_cls: 0.4600, loss_kpt: 22.2387, loss_flow: 0.1984, loss_bone: 0.0932, loss: 22.9903, grad_norm: 376.6734
2026-06-04 11:30:45,937 - mmdet - INFO - Epoch [5][1000/2811]	lr: 2.000e-06, eta: 0:11:42, time: 0.384, data_time: 0.021, memory: 693, loss_cls: 0.4484, loss_kpt: 22.6962, loss_flow: 0.2114, loss_bone: 0.0923, loss: 23.4483, grad_norm: 389.8946
2026-06-04 11:31:05,827 - mmdet - INFO - Epoch [5][1050/2811]	lr: 2.000e-06, eta: 0:11:23, time: 0.398, data_time: 0.020, memory: 693, loss_cls: 0.4546, loss_kpt: 22.6057, loss_flow: 0.2057, loss_bone: 0.0936, loss: 23.3596, grad_norm: 396.1856
2026-06-04 11:31:23,340 - mmdet - INFO - Epoch [5][1100/2811]	lr: 2.000e-06, eta: 0:11:03, time: 0.350, data_time: 0.019, memory: 693, loss_cls: 0.4567, loss_kpt: 22.3590, loss_flow: 0.2010, loss_bone: 0.0933, loss: 23.1101, grad_norm: 364.7935
2026-06-04 11:31:38,950 - mmdet - INFO - Epoch [5][1150/2811]	lr: 2.000e-06, eta: 0:10:43, time: 0.312, data_time: 0.018, memory: 693, loss_cls: 0.4536, loss_kpt: 22.1545, loss_flow: 0.2011, loss_bone: 0.0941, loss: 22.9033, grad_norm: 360.7804
2026-06-04 11:31:54,492 - mmdet - INFO - Epoch [5][1200/2811]	lr: 2.000e-06, eta: 0:10:23, time: 0.311, data_time: 0.018, memory: 693, loss_cls: 0.4501, loss_kpt: 22.3832, loss_flow: 0.2004, loss_bone: 0.0933, loss: 23.1270, grad_norm: 389.3275
2026-06-04 11:32:11,787 - mmdet - INFO - Epoch [5][1250/2811]	lr: 2.000e-06, eta: 0:10:04, time: 0.346, data_time: 0.019, memory: 693, loss_cls: 0.4523, loss_kpt: 22.3820, loss_flow: 0.1983, loss_bone: 0.0937, loss: 23.1264, grad_norm: 386.7626
2026-06-04 11:32:34,614 - mmdet - INFO - Epoch [5][1300/2811]	lr: 2.000e-06, eta: 0:09:45, time: 0.457, data_time: 0.022, memory: 693, loss_cls: 0.4518, loss_kpt: 22.7571, loss_flow: 0.2016, loss_bone: 0.0932, loss: 23.5037, grad_norm: 352.3822
2026-06-04 11:32:52,888 - mmdet - INFO - Epoch [5][1350/2811]	lr: 2.000e-06, eta: 0:09:25, time: 0.365, data_time: 0.020, memory: 693, loss_cls: 0.4422, loss_kpt: 22.5295, loss_flow: 0.1947, loss_bone: 0.0940, loss: 23.2605, grad_norm: 343.1358
2026-06-04 11:33:11,435 - mmdet - INFO - Epoch [5][1400/2811]	lr: 2.000e-06, eta: 0:09:06, time: 0.371, data_time: 0.019, memory: 693, loss_cls: 0.4431, loss_kpt: 22.7538, loss_flow: 0.2013, loss_bone: 0.0936, loss: 23.4918, grad_norm: 353.5934
2026-06-04 11:33:29,695 - mmdet - INFO - Epoch [5][1450/2811]	lr: 2.000e-06, eta: 0:08:46, time: 0.365, data_time: 0.020, memory: 693, loss_cls: 0.4450, loss_kpt: 22.2559, loss_flow: 0.2016, loss_bone: 0.0943, loss: 22.9969, grad_norm: 380.0424
2026-06-04 11:33:48,675 - mmdet - INFO - Epoch [5][1500/2811]	lr: 2.000e-06, eta: 0:08:27, time: 0.380, data_time: 0.020, memory: 693, loss_cls: 0.4437, loss_kpt: 22.3626, loss_flow: 0.2025, loss_bone: 0.0933, loss: 23.1020, grad_norm: 356.3709
2026-06-04 11:34:07,490 - mmdet - INFO - Epoch [5][1550/2811]	lr: 2.000e-06, eta: 0:08:08, time: 0.376, data_time: 0.020, memory: 693, loss_cls: 0.4541, loss_kpt: 22.3884, loss_flow: 0.1998, loss_bone: 0.0947, loss: 23.1370, grad_norm: 380.8754
2026-06-04 11:34:26,251 - mmdet - INFO - Epoch [5][1600/2811]	lr: 2.000e-06, eta: 0:07:48, time: 0.375, data_time: 0.021, memory: 693, loss_cls: 0.4470, loss_kpt: 22.1999, loss_flow: 0.2033, loss_bone: 0.0940, loss: 22.9442, grad_norm: 345.5554
2026-06-04 11:34:45,376 - mmdet - INFO - Epoch [5][1650/2811]	lr: 2.000e-06, eta: 0:07:29, time: 0.382, data_time: 0.021, memory: 693, loss_cls: 0.4549, loss_kpt: 22.2244, loss_flow: 0.2015, loss_bone: 0.0940, loss: 22.9748, grad_norm: 365.7535
2026-06-04 11:35:04,075 - mmdet - INFO - Epoch [5][1700/2811]	lr: 2.000e-06, eta: 0:07:09, time: 0.374, data_time: 0.021, memory: 693, loss_cls: 0.4493, loss_kpt: 22.4662, loss_flow: 0.2035, loss_bone: 0.0943, loss: 23.2134, grad_norm: 378.3287
2026-06-04 11:35:22,784 - mmdet - INFO - Epoch [5][1750/2811]	lr: 2.000e-06, eta: 0:06:50, time: 0.374, data_time: 0.021, memory: 693, loss_cls: 0.4424, loss_kpt: 22.6811, loss_flow: 0.2083, loss_bone: 0.0941, loss: 23.4259, grad_norm: 357.8808
2026-06-04 11:35:43,101 - mmdet - INFO - Epoch [5][1800/2811]	lr: 2.000e-06, eta: 0:06:31, time: 0.406, data_time: 0.021, memory: 693, loss_cls: 0.4478, loss_kpt: 21.9625, loss_flow: 0.1962, loss_bone: 0.0943, loss: 22.7008, grad_norm: 366.8808
2026-06-04 11:36:02,192 - mmdet - INFO - Epoch [5][1850/2811]	lr: 2.000e-06, eta: 0:06:11, time: 0.382, data_time: 0.020, memory: 693, loss_cls: 0.4451, loss_kpt: 21.8900, loss_flow: 0.1901, loss_bone: 0.0932, loss: 22.6184, grad_norm: 313.2698
2026-06-04 11:36:21,448 - mmdet - INFO - Epoch [5][1900/2811]	lr: 2.000e-06, eta: 0:05:52, time: 0.385, data_time: 0.020, memory: 693, loss_cls: 0.4415, loss_kpt: 22.5848, loss_flow: 0.1977, loss_bone: 0.0926, loss: 23.3166, grad_norm: 338.0012
2026-06-04 11:36:42,838 - mmdet - INFO - Epoch [5][1950/2811]	lr: 2.000e-06, eta: 0:05:33, time: 0.428, data_time: 0.021, memory: 693, loss_cls: 0.4393, loss_kpt: 22.4392, loss_flow: 0.2089, loss_bone: 0.0952, loss: 23.1825, grad_norm: 376.0579
2026-06-04 11:37:01,679 - mmdet - INFO - Epoch [5][2000/2811]	lr: 2.000e-06, eta: 0:05:13, time: 0.377, data_time: 0.021, memory: 693, loss_cls: 0.4504, loss_kpt: 22.0886, loss_flow: 0.1967, loss_bone: 0.0951, loss: 22.8308, grad_norm: 379.2523
2026-06-04 11:37:20,734 - mmdet - INFO - Epoch [5][2050/2811]	lr: 2.000e-06, eta: 0:04:54, time: 0.381, data_time: 0.021, memory: 693, loss_cls: 0.4447, loss_kpt: 21.9389, loss_flow: 0.1956, loss_bone: 0.0941, loss: 22.6733, grad_norm: 355.0358
2026-06-04 11:37:41,176 - mmdet - INFO - Epoch [5][2100/2811]	lr: 2.000e-06, eta: 0:04:35, time: 0.409, data_time: 0.021, memory: 693, loss_cls: 0.4470, loss_kpt: 22.1022, loss_flow: 0.2021, loss_bone: 0.0944, loss: 22.8458, grad_norm: 363.9377
2026-06-04 11:38:00,035 - mmdet - INFO - Epoch [5][2150/2811]	lr: 2.000e-06, eta: 0:04:15, time: 0.377, data_time: 0.021, memory: 693, loss_cls: 0.4394, loss_kpt: 22.2578, loss_flow: 0.1987, loss_bone: 0.0942, loss: 22.9902, grad_norm: 344.7276
2026-06-04 11:38:18,714 - mmdet - INFO - Epoch [5][2200/2811]	lr: 2.000e-06, eta: 0:03:56, time: 0.374, data_time: 0.021, memory: 693, loss_cls: 0.4447, loss_kpt: 21.7694, loss_flow: 0.1929, loss_bone: 0.0945, loss: 22.5014, grad_norm: 325.0078
2026-06-04 11:38:38,790 - mmdet - INFO - Epoch [5][2250/2811]	lr: 2.000e-06, eta: 0:03:37, time: 0.402, data_time: 0.020, memory: 693, loss_cls: 0.4423, loss_kpt: 21.9747, loss_flow: 0.1998, loss_bone: 0.0951, loss: 22.7120, grad_norm: 319.5568
2026-06-04 11:38:59,095 - mmdet - INFO - Epoch [5][2300/2811]	lr: 2.000e-06, eta: 0:03:17, time: 0.406, data_time: 0.019, memory: 693, loss_cls: 0.4418, loss_kpt: 22.1773, loss_flow: 0.1973, loss_bone: 0.0935, loss: 22.9098, grad_norm: 364.1665
2026-06-04 11:39:20,763 - mmdet - INFO - Epoch [5][2350/2811]	lr: 2.000e-06, eta: 0:02:58, time: 0.433, data_time: 0.019, memory: 693, loss_cls: 0.4368, loss_kpt: 22.0702, loss_flow: 0.1892, loss_bone: 0.0947, loss: 22.7909, grad_norm: 342.7156
2026-06-04 11:39:42,311 - mmdet - INFO - Epoch [5][2400/2811]	lr: 2.000e-06, eta: 0:02:39, time: 0.431, data_time: 0.019, memory: 693, loss_cls: 0.4339, loss_kpt: 22.6217, loss_flow: 0.1995, loss_bone: 0.0950, loss: 23.3500, grad_norm: 373.3848
2026-06-04 11:40:01,191 - mmdet - INFO - Epoch [5][2450/2811]	lr: 2.000e-06, eta: 0:02:19, time: 0.378, data_time: 0.020, memory: 693, loss_cls: 0.4364, loss_kpt: 22.5293, loss_flow: 0.2054, loss_bone: 0.0957, loss: 23.2669, grad_norm: 383.2860
2026-06-04 11:40:19,479 - mmdet - INFO - Epoch [5][2500/2811]	lr: 2.000e-06, eta: 0:02:00, time: 0.366, data_time: 0.020, memory: 693, loss_cls: 0.4411, loss_kpt: 22.1860, loss_flow: 0.1994, loss_bone: 0.0941, loss: 22.9207, grad_norm: 355.6395
2026-06-04 11:40:41,031 - mmdet - INFO - Epoch [5][2550/2811]	lr: 2.000e-06, eta: 0:01:41, time: 0.431, data_time: 0.021, memory: 693, loss_cls: 0.4374, loss_kpt: 22.1931, loss_flow: 0.1962, loss_bone: 0.0947, loss: 22.9213, grad_norm: 355.2753
2026-06-04 11:40:59,746 - mmdet - INFO - Epoch [5][2600/2811]	lr: 2.000e-06, eta: 0:01:21, time: 0.374, data_time: 0.020, memory: 693, loss_cls: 0.4400, loss_kpt: 22.5097, loss_flow: 0.2060, loss_bone: 0.0956, loss: 23.2513, grad_norm: 388.3412
2026-06-04 11:41:19,123 - mmdet - INFO - Epoch [5][2650/2811]	lr: 2.000e-06, eta: 0:01:02, time: 0.388, data_time: 0.021, memory: 693, loss_cls: 0.4489, loss_kpt: 21.7546, loss_flow: 0.1987, loss_bone: 0.0964, loss: 22.4987, grad_norm: 384.1073
2026-06-04 11:41:40,115 - mmdet - INFO - Epoch [5][2700/2811]	lr: 2.000e-06, eta: 0:00:43, time: 0.420, data_time: 0.021, memory: 693, loss_cls: 0.4368, loss_kpt: 22.0052, loss_flow: 0.1895, loss_bone: 0.0953, loss: 22.7268, grad_norm: 351.3977
2026-06-04 11:42:00,721 - mmdet - INFO - Epoch [5][2750/2811]	lr: 2.000e-06, eta: 0:00:23, time: 0.412, data_time: 0.021, memory: 693, loss_cls: 0.4353, loss_kpt: 22.2978, loss_flow: 0.1950, loss_bone: 0.0950, loss: 23.0232, grad_norm: 354.9172
2026-06-04 11:42:21,371 - mmdet - INFO - Epoch [5][2800/2811]	lr: 2.000e-06, eta: 0:00:04, time: 0.413, data_time: 0.020, memory: 693, loss_cls: 0.4279, loss_kpt: 22.0550, loss_flow: 0.1948, loss_bone: 0.0937, loss: 22.7715, grad_norm: 340.7914
2026-06-04 11:42:25,634 - mmdet - INFO - Saving checkpoint at 5 epochs
[                                                  ] 0/7824, elapsed: 0s, ETA:[                                ] 1/7824, 5.1 task/s, elapsed: 0s, ETA:  1523s[                                ] 2/7824, 9.5 task/s, elapsed: 0s, ETA:   822s[                               ] 3/7824, 13.4 task/s, elapsed: 0s, ETA:   584s[                               ] 4/7824, 16.8 task/s, elapsed: 0s, ETA:   465s[                               ] 5/7824, 19.9 task/s, elapsed: 0s, ETA:   392s[                               ] 6/7824, 22.7 task/s, elapsed: 0s, ETA:   344s[                               ] 7/7824, 25.2 task/s, elapsed: 0s, ETA:   310s[                               ] 8/7824, 27.5 task/s, elapsed: 0s, ETA:   284s[                               ] 9/7824, 29.6 task/s, elapsed: 0s, ETA:   264s[                              ] 10/7824, 31.5 task/s, elapsed: 0s, ETA:   248s[                              ] 11/7824, 33.3 task/s, elapsed: 0s, ETA:   235s[                              ] 12/7824, 34.9 task/s, elapsed: 0s, ETA:   224s[                              ] 13/7824, 36.4 task/s, elapsed: 0s, ETA:   215s[                              ] 14/7824, 37.8 task/s, elapsed: 0s, ETA:   207s[                              ] 15/7824, 39.1 task/s, elapsed: 0s, ETA:   200s[                              ] 16/7824, 39.5 task/s, elapsed: 0s, ETA:   198s[                              ] 17/7824, 40.6 task/s, elapsed: 0s, ETA:   192s[                              ] 18/7824, 41.7 task/s, elapsed: 0s, ETA:   187s[                              ] 19/7824, 42.0 task/s, elapsed: 0s, ETA:   186s[                              ] 20/7824, 42.9 task/s, elapsed: 0s, ETA:   182s[                              ] 21/7824, 43.8 task/s, elapsed: 0s, ETA:   178s[                              ] 22/7824, 44.7 task/s, elapsed: 0s, ETA:   175s[                              ] 23/7824, 45.5 task/s, elapsed: 1s, ETA:   172s[                              ] 24/7824, 45.6 task/s, elapsed: 1s, ETA:   171s[                              ] 25/7824, 46.3 task/s, elapsed: 1s, ETA:   168s[                              ] 26/7824, 47.0 task/s, elapsed: 1s, ETA:   166s[                              ] 27/7824, 47.7 task/s, elapsed: 1s, ETA:   164s[                              ] 28/7824, 48.3 task/s, elapsed: 1s, ETA:   161s[                              ] 29/7824, 48.9 task/s, elapsed: 1s, ETA:   159s[                              ] 30/7824, 49.5 task/s, elapsed: 1s, ETA:   157s[                              ] 31/7824, 50.1 task/s, elapsed: 1s, ETA:   156s[                              ] 32/7824, 50.6 task/s, elapsed: 1s, ETA:   154s[                              ] 33/7824, 51.1 task/s, elapsed: 1s, ETA:   152s[                              ] 34/7824, 51.6 task/s, elapsed: 1s, ETA:   151s[                              ] 35/7824, 52.1 task/s, elapsed: 1s, ETA:   149s[                              ] 36/7824, 52.6 task/s, elapsed: 1s, ETA:   148s[                              ] 37/7824, 53.0 task/s, elapsed: 1s, ETA:   147s[                              ] 38/7824, 53.5 task/s, elapsed: 1s, ETA:   146s[                              ] 39/7824, 53.9 task/s, elapsed: 1s, ETA:   144s[                              ] 40/7824, 54.3 task/s, elapsed: 1s, ETA:   143s[                              ] 41/7824, 54.7 task/s, elapsed: 1s, ETA:   142s[                              ] 42/7824, 55.0 task/s, elapsed: 1s, ETA:   141s[                              ] 43/7824, 55.4 task/s, elapsed: 1s, ETA:   140s[                              ] 44/7824, 55.7 task/s, elapsed: 1s, ETA:   140s[                              ] 45/7824, 56.0 task/s, elapsed: 1s, ETA:   139s[                              ] 46/7824, 56.3 task/s, elapsed: 1s, ETA:   138s[                              ] 47/7824, 56.6 task/s, elapsed: 1s, ETA:   137s[                              ] 48/7824, 56.9 task/s, elapsed: 1s, ETA:   137s[                              ] 49/7824, 57.2 task/s, elapsed: 1s, ETA:   136s[                              ] 50/7824, 57.5 task/s, elapsed: 1s, ETA:   135s[                              ] 51/7824, 57.8 task/s, elapsed: 1s, ETA:   135s[                              ] 52/7824, 58.0 task/s, elapsed: 1s, ETA:   134s[                              ] 53/7824, 58.3 task/s, elapsed: 1s, ETA:   133s[                              ] 54/7824, 58.5 task/s, elapsed: 1s, ETA:   133s[                              ] 55/7824, 58.8 task/s, elapsed: 1s, ETA:   132s[                              ] 56/7824, 59.0 task/s, elapsed: 1s, ETA:   132s[                              ] 57/7824, 59.2 task/s, elapsed: 1s, ETA:   131s[                              ] 58/7824, 59.4 task/s, elapsed: 1s, ETA:   131s[                              ] 59/7824, 59.6 task/s, elapsed: 1s, ETA:   130s[                              ] 60/7824, 59.9 task/s, elapsed: 1s, ETA:   130s[                              ] 61/7824, 60.1 task/s, elapsed: 1s, ETA:   129s[                              ] 62/7824, 60.3 task/s, elapsed: 1s, ETA:   129s[                              ] 63/7824, 60.5 task/s, elapsed: 1s, ETA:   128s[                              ] 64/7824, 60.6 task/s, elapsed: 1s, ETA:   128s[                              ] 65/7824, 60.8 task/s, elapsed: 1s, ETA:   128s[                              ] 66/7824, 61.0 task/s, elapsed: 1s, ETA:   127s[                              ] 67/7824, 61.2 task/s, elapsed: 1s, ETA:   127s[                              ] 68/7824, 61.3 task/s, elapsed: 1s, ETA:   126s[                              ] 69/7824, 61.5 task/s, elapsed: 1s, ETA:   126s[                              ] 70/7824, 61.7 task/s, elapsed: 1s, ETA:   126s[                              ] 71/7824, 61.8 task/s, elapsed: 1s, ETA:   125s[                              ] 72/7824, 62.0 task/s, elapsed: 1s, ETA:   125s[                              ] 73/7824, 62.1 task/s, elapsed: 1s, ETA:   125s[                              ] 74/7824, 62.3 task/s, elapsed: 1s, ETA:   124s[                              ] 75/7824, 62.4 task/s, elapsed: 1s, ETA:   124s[                              ] 76/7824, 62.6 task/s, elapsed: 1s, ETA:   124s[                              ] 77/7824, 62.7 task/s, elapsed: 1s, ETA:   124s[                              ] 78/7824, 62.8 task/s, elapsed: 1s, ETA:   123s[                              ] 79/7824, 63.0 task/s, elapsed: 1s, ETA:   123s[                              ] 80/7824, 63.1 task/s, elapsed: 1s, ETA:   123s[                              ] 81/7824, 63.2 task/s, elapsed: 1s, ETA:   122s[                              ] 82/7824, 63.3 task/s, elapsed: 1s, ETA:   122s[                              ] 83/7824, 63.4 task/s, elapsed: 1s, ETA:   122s[                              ] 84/7824, 63.6 task/s, elapsed: 1s, ETA:   122s[                              ] 85/7824, 63.7 task/s, elapsed: 1s, ETA:   122s[                              ] 86/7824, 63.8 task/s, elapsed: 1s, ETA:   121s[                              ] 87/7824, 63.9 task/s, elapsed: 1s, ETA:   121s[                              ] 88/7824, 64.0 task/s, elapsed: 1s, ETA:   121s[                              ] 89/7824, 64.1 task/s, elapsed: 1s, ETA:   121s[                              ] 90/7824, 64.2 task/s, elapsed: 1s, ETA:   120s[                              ] 91/7824, 64.3 task/s, elapsed: 1s, ETA:   120s[                              ] 92/7824, 64.4 task/s, elapsed: 1s, ETA:   120s[                              ] 93/7824, 64.5 task/s, elapsed: 1s, ETA:   120s[                              ] 94/7824, 64.6 task/s, elapsed: 1s, ETA:   120s[                              ] 95/7824, 64.7 task/s, elapsed: 1s, ETA:   119s[                              ] 96/7824, 64.8 task/s, elapsed: 1s, ETA:   119s[                              ] 97/7824, 64.9 task/s, elapsed: 1s, ETA:   119s[                              ] 98/7824, 65.0 task/s, elapsed: 2s, ETA:   119s[                              ] 99/7824, 65.1 task/s, elapsed: 2s, ETA:   119s[                             ] 100/7824, 65.1 task/s, elapsed: 2s, ETA:   119s[                             ] 101/7824, 65.2 task/s, elapsed: 2s, ETA:   118s[                             ] 102/7824, 65.3 task/s, elapsed: 2s, ETA:   118s[                             ] 103/7824, 65.3 task/s, elapsed: 2s, ETA:   118s[                             ] 104/7824, 65.4 task/s, elapsed: 2s, ETA:   118s[                             ] 105/7824, 65.2 task/s, elapsed: 2s, ETA:   118s[                             ] 106/7824, 65.3 task/s, elapsed: 2s, ETA:   118s[                             ] 107/7824, 65.3 task/s, elapsed: 2s, ETA:   118s[                             ] 108/7824, 65.4 task/s, elapsed: 2s, ETA:   118s[                             ] 109/7824, 65.4 task/s, elapsed: 2s, ETA:   118s[                             ] 110/7824, 65.5 task/s, elapsed: 2s, ETA:   118s[                             ] 111/7824, 65.5 task/s, elapsed: 2s, ETA:   118s[                             ] 112/7824, 65.6 task/s, elapsed: 2s, ETA:   118s[                             ] 113/7824, 65.7 task/s, elapsed: 2s, ETA:   117s[                             ] 114/7824, 65.8 task/s, elapsed: 2s, ETA:   117s[                             ] 115/7824, 65.8 task/s, elapsed: 2s, ETA:   117s[                             ] 116/7824, 65.9 task/s, elapsed: 2s, ETA:   117s[                             ] 117/7824, 66.0 task/s, elapsed: 2s, ETA:   117s[                             ] 118/7824, 66.0 task/s, elapsed: 2s, ETA:   117s[                             ] 119/7824, 66.1 task/s, elapsed: 2s, ETA:   117s[                             ] 120/7824, 66.1 task/s, elapsed: 2s, ETA:   117s[                             ] 121/7824, 66.2 task/s, elapsed: 2s, ETA:   116s[                             ] 122/7824, 66.2 task/s, elapsed: 2s, ETA:   116s[                             ] 123/7824, 66.3 task/s, elapsed: 2s, ETA:   116s[                             ] 124/7824, 66.1 task/s, elapsed: 2s, ETA:   117s[                             ] 125/7824, 66.1 task/s, elapsed: 2s, ETA:   116s[                             ] 126/7824, 66.2 task/s, elapsed: 2s, ETA:   116s[                             ] 127/7824, 66.3 task/s, elapsed: 2s, ETA:   116s[                             ] 128/7824, 66.3 task/s, elapsed: 2s, ETA:   116s[                             ] 129/7824, 66.3 task/s, elapsed: 2s, ETA:   116s[                             ] 130/7824, 66.3 task/s, elapsed: 2s, ETA:   116s[                             ] 131/7824, 66.4 task/s, elapsed: 2s, ETA:   116s[                             ] 132/7824, 66.4 task/s, elapsed: 2s, ETA:   116s[                             ] 133/7824, 66.5 task/s, elapsed: 2s, ETA:   116s[                             ] 134/7824, 66.6 task/s, elapsed: 2s, ETA:   116s[                             ] 135/7824, 66.6 task/s, elapsed: 2s, ETA:   115s[                             ] 136/7824, 66.7 task/s, elapsed: 2s, ETA:   115s[                             ] 137/7824, 66.7 task/s, elapsed: 2s, ETA:   115s[                             ] 138/7824, 66.8 task/s, elapsed: 2s, ETA:   115s[                             ] 139/7824, 66.9 task/s, elapsed: 2s, ETA:   115s[                             ] 140/7824, 66.9 task/s, elapsed: 2s, ETA:   115s[                             ] 141/7824, 67.0 task/s, elapsed: 2s, ETA:   115s[                             ] 142/7824, 67.0 task/s, elapsed: 2s, ETA:   115s[                             ] 143/7824, 67.0 task/s, elapsed: 2s, ETA:   115s[                             ] 144/7824, 67.0 task/s, elapsed: 2s, ETA:   115s[                             ] 145/7824, 67.1 task/s, elapsed: 2s, ETA:   114s[                             ] 146/7824, 67.1 task/s, elapsed: 2s, ETA:   114s[                             ] 147/7824, 67.2 task/s, elapsed: 2s, ETA:   114s[                             ] 148/7824, 67.2 task/s, elapsed: 2s, ETA:   114s[                             ] 149/7824, 67.3 task/s, elapsed: 2s, ETA:   114s[                             ] 150/7824, 67.3 task/s, elapsed: 2s, ETA:   114s[                             ] 151/7824, 67.4 task/s, elapsed: 2s, ETA:   114s[                             ] 152/7824, 67.4 task/s, elapsed: 2s, ETA:   114s[                             ] 153/7824, 67.5 task/s, elapsed: 2s, ETA:   114s[                             ] 154/7824, 67.5 task/s, elapsed: 2s, ETA:   114s[                             ] 155/7824, 67.6 task/s, elapsed: 2s, ETA:   113s[                             ] 156/7824, 67.6 task/s, elapsed: 2s, ETA:   113s[                             ] 157/7824, 67.7 task/s, elapsed: 2s, ETA:   113s[                             ] 158/7824, 67.7 task/s, elapsed: 2s, ETA:   113s[                             ] 159/7824, 67.7 task/s, elapsed: 2s, ETA:   113s[                             ] 160/7824, 67.7 task/s, elapsed: 2s, ETA:   113s[                             ] 161/7824, 67.7 task/s, elapsed: 2s, ETA:   113s[                             ] 162/7824, 67.8 task/s, elapsed: 2s, ETA:   113s[                             ] 163/7824, 67.8 task/s, elapsed: 2s, ETA:   113s[                             ] 164/7824, 67.8 task/s, elapsed: 2s, ETA:   113s[                             ] 165/7824, 67.9 task/s, elapsed: 2s, ETA:   113s[                             ] 166/7824, 67.9 task/s, elapsed: 2s, ETA:   113s[                             ] 167/7824, 68.0 task/s, elapsed: 2s, ETA:   113s[                             ] 168/7824, 68.0 task/s, elapsed: 2s, ETA:   113s[                             ] 169/7824, 67.9 task/s, elapsed: 2s, ETA:   113s[                             ] 170/7824, 67.9 task/s, elapsed: 3s, ETA:   113s[                             ] 171/7824, 67.9 task/s, elapsed: 3s, ETA:   113s[                             ] 172/7824, 68.0 task/s, elapsed: 3s, ETA:   113s[                             ] 173/7824, 68.0 task/s, elapsed: 3s, ETA:   113s[                             ] 174/7824, 68.0 task/s, elapsed: 3s, ETA:   112s[                             ] 175/7824, 68.1 task/s, elapsed: 3s, ETA:   112s[                             ] 176/7824, 68.1 task/s, elapsed: 3s, ETA:   112s[                             ] 177/7824, 68.1 task/s, elapsed: 3s, ETA:   112s[                             ] 178/7824, 68.2 task/s, elapsed: 3s, ETA:   112s[                             ] 179/7824, 68.2 task/s, elapsed: 3s, ETA:   112s[                             ] 180/7824, 68.3 task/s, elapsed: 3s, ETA:   112s[                             ] 181/7824, 68.3 task/s, elapsed: 3s, ETA:   112s[                             ] 182/7824, 68.3 task/s, elapsed: 3s, ETA:   112s[                             ] 183/7824, 68.1 task/s, elapsed: 3s, ETA:   112s[                             ] 184/7824, 68.1 task/s, elapsed: 3s, ETA:   112s[                             ] 185/7824, 68.1 task/s, elapsed: 3s, ETA:   112s[                             ] 186/7824, 68.2 task/s, elapsed: 3s, ETA:   112s[                             ] 187/7824, 68.2 task/s, elapsed: 3s, ETA:   112s[                             ] 188/7824, 68.2 task/s, elapsed: 3s, ETA:   112s[                             ] 189/7824, 68.3 task/s, elapsed: 3s, ETA:   112s[                             ] 190/7824, 68.3 task/s, elapsed: 3s, ETA:   112s[                             ] 191/7824, 68.3 task/s, elapsed: 3s, ETA:   112s[                             ] 192/7824, 68.4 task/s, elapsed: 3s, ETA:   112s[                             ] 193/7824, 68.4 task/s, elapsed: 3s, ETA:   112s[                             ] 194/7824, 68.5 task/s, elapsed: 3s, ETA:   111s[                             ] 195/7824, 68.3 task/s, elapsed: 3s, ETA:   112s[                             ] 196/7824, 68.4 task/s, elapsed: 3s, ETA:   112s[                             ] 197/7824, 68.2 task/s, elapsed: 3s, ETA:   112s[                             ] 198/7824, 68.1 task/s, elapsed: 3s, ETA:   112s[                             ] 199/7824, 68.1 task/s, elapsed: 3s, ETA:   112s[                             ] 200/7824, 68.2 task/s, elapsed: 3s, ETA:   112s[                             ] 201/7824, 68.0 task/s, elapsed: 3s, ETA:   112s[                             ] 202/7824, 68.1 task/s, elapsed: 3s, ETA:   112s[                             ] 203/7824, 68.0 task/s, elapsed: 3s, ETA:   112s[                             ] 204/7824, 68.0 task/s, elapsed: 3s, ETA:   112s[                             ] 205/7824, 68.0 task/s, elapsed: 3s, ETA:   112s[                             ] 206/7824, 68.0 task/s, elapsed: 3s, ETA:   112s[                             ] 207/7824, 67.8 task/s, elapsed: 3s, ETA:   112s[                             ] 208/7824, 67.8 task/s, elapsed: 3s, ETA:   112s[                             ] 209/7824, 67.7 task/s, elapsed: 3s, ETA:   113s[                             ] 210/7824, 67.7 task/s, elapsed: 3s, ETA:   112s[                             ] 211/7824, 67.7 task/s, elapsed: 3s, ETA:   112s[                             ] 212/7824, 67.8 task/s, elapsed: 3s, ETA:   112s[                             ] 213/7824, 67.8 task/s, elapsed: 3s, ETA:   112s[                             ] 214/7824, 67.9 task/s, elapsed: 3s, ETA:   112s[                             ] 215/7824, 67.9 task/s, elapsed: 3s, ETA:   112s[                             ] 216/7824, 68.0 task/s, elapsed: 3s, ETA:   112s[                             ] 217/7824, 68.0 task/s, elapsed: 3s, ETA:   112s[                             ] 218/7824, 68.0 task/s, elapsed: 3s, ETA:   112s[                             ] 219/7824, 68.0 task/s, elapsed: 3s, ETA:   112s[                             ] 220/7824, 68.0 task/s, elapsed: 3s, ETA:   112s[                             ] 221/7824, 68.1 task/s, elapsed: 3s, ETA:   112s[                             ] 222/7824, 68.1 task/s, elapsed: 3s, ETA:   112s[                             ] 223/7824, 68.1 task/s, elapsed: 3s, ETA:   112s[                             ] 224/7824, 68.1 task/s, elapsed: 3s, ETA:   112s[                             ] 225/7824, 68.1 task/s, elapsed: 3s, ETA:   112s[                             ] 226/7824, 68.1 task/s, elapsed: 3s, ETA:   112s[                             ] 227/7824, 68.0 task/s, elapsed: 3s, ETA:   112s[                             ] 228/7824, 68.1 task/s, elapsed: 3s, ETA:   112s[                             ] 229/7824, 68.1 task/s, elapsed: 3s, ETA:   112s[                             ] 230/7824, 68.1 task/s, elapsed: 3s, ETA:   112s[                             ] 231/7824, 68.1 task/s, elapsed: 3s, ETA:   111s[                             ] 232/7824, 68.2 task/s, elapsed: 3s, ETA:   111s[                             ] 233/7824, 68.2 task/s, elapsed: 3s, ETA:   111s[                             ] 234/7824, 68.2 task/s, elapsed: 3s, ETA:   111s[                             ] 235/7824, 68.3 task/s, elapsed: 3s, ETA:   111s[                             ] 236/7824, 68.3 task/s, elapsed: 3s, ETA:   111s[                             ] 237/7824, 68.3 task/s, elapsed: 3s, ETA:   111s[                             ] 238/7824, 68.4 task/s, elapsed: 3s, ETA:   111s[                             ] 239/7824, 68.4 task/s, elapsed: 3s, ETA:   111s[                             ] 240/7824, 68.5 task/s, elapsed: 4s, ETA:   111s[                             ] 241/7824, 68.4 task/s, elapsed: 4s, ETA:   111s[                             ] 242/7824, 68.4 task/s, elapsed: 4s, ETA:   111s[                             ] 243/7824, 68.3 task/s, elapsed: 4s, ETA:   111s[                             ] 244/7824, 68.3 task/s, elapsed: 4s, ETA:   111s[                             ] 245/7824, 68.4 task/s, elapsed: 4s, ETA:   111s[                             ] 246/7824, 68.4 task/s, elapsed: 4s, ETA:   111s[                             ] 247/7824, 68.4 task/s, elapsed: 4s, ETA:   111s[                             ] 248/7824, 68.4 task/s, elapsed: 4s, ETA:   111s[                             ] 249/7824, 68.5 task/s, elapsed: 4s, ETA:   111s[                             ] 250/7824, 68.5 task/s, elapsed: 4s, ETA:   111s[                             ] 251/7824, 68.5 task/s, elapsed: 4s, ETA:   111s[                             ] 252/7824, 68.5 task/s, elapsed: 4s, ETA:   111s[                             ] 253/7824, 68.5 task/s, elapsed: 4s, ETA:   110s[                             ] 254/7824, 68.6 task/s, elapsed: 4s, ETA:   110s[                             ] 255/7824, 68.6 task/s, elapsed: 4s, ETA:   110s[                             ] 256/7824, 68.6 task/s, elapsed: 4s, ETA:   110s[                             ] 257/7824, 68.6 task/s, elapsed: 4s, ETA:   110s[                             ] 258/7824, 68.7 task/s, elapsed: 4s, ETA:   110s[                             ] 259/7824, 68.7 task/s, elapsed: 4s, ETA:   110s[                             ] 260/7824, 68.7 task/s, elapsed: 4s, ETA:   110s[                             ] 261/7824, 68.7 task/s, elapsed: 4s, ETA:   110s[                             ] 262/7824, 68.7 task/s, elapsed: 4s, ETA:   110s[                             ] 263/7824, 68.7 task/s, elapsed: 4s, ETA:   110s[                             ] 264/7824, 68.7 task/s, elapsed: 4s, ETA:   110s[                             ] 265/7824, 68.7 task/s, elapsed: 4s, ETA:   110s[                             ] 266/7824, 68.7 task/s, elapsed: 4s, ETA:   110s[                             ] 267/7824, 68.8 task/s, elapsed: 4s, ETA:   110s[                             ] 268/7824, 68.8 task/s, elapsed: 4s, ETA:   110s[                             ] 269/7824, 68.8 task/s, elapsed: 4s, ETA:   110s[>                            ] 270/7824, 68.8 task/s, elapsed: 4s, ETA:   110s[>                            ] 271/7824, 68.9 task/s, elapsed: 4s, ETA:   110s[>                            ] 272/7824, 68.9 task/s, elapsed: 4s, ETA:   110s[>                            ] 273/7824, 68.9 task/s, elapsed: 4s, ETA:   110s[>                            ] 274/7824, 68.9 task/s, elapsed: 4s, ETA:   110s[>                            ] 275/7824, 68.9 task/s, elapsed: 4s, ETA:   110s[>                            ] 276/7824, 69.0 task/s, elapsed: 4s, ETA:   109s[>                            ] 277/7824, 69.0 task/s, elapsed: 4s, ETA:   109s[>                            ] 278/7824, 69.0 task/s, elapsed: 4s, ETA:   109s[>                            ] 279/7824, 69.0 task/s, elapsed: 4s, ETA:   109s[>                            ] 280/7824, 69.0 task/s, elapsed: 4s, ETA:   109s[>                            ] 281/7824, 69.1 task/s, elapsed: 4s, ETA:   109s[>                            ] 282/7824, 69.1 task/s, elapsed: 4s, ETA:   109s[>                            ] 283/7824, 69.0 task/s, elapsed: 4s, ETA:   109s[>                            ] 284/7824, 69.0 task/s, elapsed: 4s, ETA:   109s[>                            ] 285/7824, 69.0 task/s, elapsed: 4s, ETA:   109s[>                            ] 286/7824, 69.0 task/s, elapsed: 4s, ETA:   109s[>                            ] 287/7824, 69.0 task/s, elapsed: 4s, ETA:   109s[>                            ] 288/7824, 69.0 task/s, elapsed: 4s, ETA:   109s[>                            ] 289/7824, 69.0 task/s, elapsed: 4s, ETA:   109s[>                            ] 290/7824, 69.1 task/s, elapsed: 4s, ETA:   109s[>                            ] 291/7824, 69.1 task/s, elapsed: 4s, ETA:   109s[>                            ] 292/7824, 69.0 task/s, elapsed: 4s, ETA:   109s[>                            ] 293/7824, 69.1 task/s, elapsed: 4s, ETA:   109s[>                            ] 294/7824, 69.1 task/s, elapsed: 4s, ETA:   109s[>                            ] 295/7824, 69.1 task/s, elapsed: 4s, ETA:   109s[>                            ] 296/7824, 69.1 task/s, elapsed: 4s, ETA:   109s[>                            ] 297/7824, 69.1 task/s, elapsed: 4s, ETA:   109s[>                            ] 298/7824, 69.2 task/s, elapsed: 4s, ETA:   109s[>                            ] 299/7824, 69.2 task/s, elapsed: 4s, ETA:   109s[>                            ] 300/7824, 69.2 task/s, elapsed: 4s, ETA:   109s[>                            ] 301/7824, 69.1 task/s, elapsed: 4s, ETA:   109s[>                            ] 302/7824, 69.1 task/s, elapsed: 4s, ETA:   109s[>                            ] 303/7824, 69.1 task/s, elapsed: 4s, ETA:   109s[>                            ] 304/7824, 69.1 task/s, elapsed: 4s, ETA:   109s[>                            ] 305/7824, 69.2 task/s, elapsed: 4s, ETA:   109s[>                            ] 306/7824, 69.2 task/s, elapsed: 4s, ETA:   109s[>                            ] 307/7824, 69.1 task/s, elapsed: 4s, ETA:   109s[>                            ] 308/7824, 69.1 task/s, elapsed: 4s, ETA:   109s[>                            ] 309/7824, 69.2 task/s, elapsed: 4s, ETA:   109s[>                            ] 310/7824, 69.2 task/s, elapsed: 4s, ETA:   109s[>                            ] 311/7824, 69.2 task/s, elapsed: 4s, ETA:   109s[>                            ] 312/7824, 69.2 task/s, elapsed: 5s, ETA:   109s[>                            ] 313/7824, 69.2 task/s, elapsed: 5s, ETA:   108s[>                            ] 314/7824, 69.3 task/s, elapsed: 5s, ETA:   108s[>                            ] 315/7824, 69.3 task/s, elapsed: 5s, ETA:   108s[>                            ] 316/7824, 69.3 task/s, elapsed: 5s, ETA:   108s[>                            ] 317/7824, 69.3 task/s, elapsed: 5s, ETA:   108s[>                            ] 318/7824, 69.3 task/s, elapsed: 5s, ETA:   108s[>                            ] 319/7824, 69.4 task/s, elapsed: 5s, ETA:   108s[>                            ] 320/7824, 69.4 task/s, elapsed: 5s, ETA:   108s[>                            ] 321/7824, 69.4 task/s, elapsed: 5s, ETA:   108s[>                            ] 322/7824, 69.4 task/s, elapsed: 5s, ETA:   108s[>                            ] 323/7824, 69.4 task/s, elapsed: 5s, ETA:   108s[>                            ] 324/7824, 69.4 task/s, elapsed: 5s, ETA:   108s[>                            ] 325/7824, 69.4 task/s, elapsed: 5s, ETA:   108s[>                            ] 326/7824, 69.5 task/s, elapsed: 5s, ETA:   108s[>                            ] 327/7824, 69.5 task/s, elapsed: 5s, ETA:   108s[>                            ] 328/7824, 69.5 task/s, elapsed: 5s, ETA:   108s[>                            ] 329/7824, 69.5 task/s, elapsed: 5s, ETA:   108s[>                            ] 330/7824, 69.5 task/s, elapsed: 5s, ETA:   108s[>                            ] 331/7824, 69.6 task/s, elapsed: 5s, ETA:   108s[>                            ] 332/7824, 69.6 task/s, elapsed: 5s, ETA:   108s[>                            ] 333/7824, 69.6 task/s, elapsed: 5s, ETA:   108s[>                            ] 334/7824, 69.6 task/s, elapsed: 5s, ETA:   108s[>                            ] 335/7824, 69.6 task/s, elapsed: 5s, ETA:   108s[>                            ] 336/7824, 69.6 task/s, elapsed: 5s, ETA:   108s[>                            ] 337/7824, 69.7 task/s, elapsed: 5s, ETA:   107s[>                            ] 338/7824, 69.7 task/s, elapsed: 5s, ETA:   107s[>                            ] 339/7824, 69.7 task/s, elapsed: 5s, ETA:   107s[>                            ] 340/7824, 69.7 task/s, elapsed: 5s, ETA:   107s[>                            ] 341/7824, 69.7 task/s, elapsed: 5s, ETA:   107s[>                            ] 342/7824, 69.7 task/s, elapsed: 5s, ETA:   107s[>                            ] 343/7824, 69.7 task/s, elapsed: 5s, ETA:   107s[>                            ] 344/7824, 69.7 task/s, elapsed: 5s, ETA:   107s[>                            ] 345/7824, 69.7 task/s, elapsed: 5s, ETA:   107s[>                            ] 346/7824, 69.7 task/s, elapsed: 5s, ETA:   107s[>                            ] 347/7824, 69.7 task/s, elapsed: 5s, ETA:   107s[>                            ] 348/7824, 69.7 task/s, elapsed: 5s, ETA:   107s[>                            ] 349/7824, 69.8 task/s, elapsed: 5s, ETA:   107s[>                            ] 350/7824, 69.8 task/s, elapsed: 5s, ETA:   107s[>                            ] 351/7824, 69.8 task/s, elapsed: 5s, ETA:   107s[>                            ] 352/7824, 69.8 task/s, elapsed: 5s, ETA:   107s[>                            ] 353/7824, 69.8 task/s, elapsed: 5s, ETA:   107s[>                            ] 354/7824, 69.8 task/s, elapsed: 5s, ETA:   107s[>                            ] 355/7824, 69.8 task/s, elapsed: 5s, ETA:   107s[>                            ] 356/7824, 69.8 task/s, elapsed: 5s, ETA:   107s[>                            ] 357/7824, 69.8 task/s, elapsed: 5s, ETA:   107s[>                            ] 358/7824, 69.8 task/s, elapsed: 5s, ETA:   107s[>                            ] 359/7824, 69.8 task/s, elapsed: 5s, ETA:   107s[>                            ] 360/7824, 69.8 task/s, elapsed: 5s, ETA:   107s[>                            ] 361/7824, 69.9 task/s, elapsed: 5s, ETA:   107s[>                            ] 362/7824, 69.9 task/s, elapsed: 5s, ETA:   107s[>                            ] 363/7824, 69.9 task/s, elapsed: 5s, ETA:   107s[>                            ] 364/7824, 69.9 task/s, elapsed: 5s, ETA:   107s[>                            ] 365/7824, 69.9 task/s, elapsed: 5s, ETA:   107s[>                            ] 366/7824, 69.9 task/s, elapsed: 5s, ETA:   107s[>                            ] 367/7824, 69.8 task/s, elapsed: 5s, ETA:   107s[>                            ] 368/7824, 69.9 task/s, elapsed: 5s, ETA:   107s[>                            ] 369/7824, 69.9 task/s, elapsed: 5s, ETA:   107s[>                            ] 370/7824, 69.9 task/s, elapsed: 5s, ETA:   107s[>                            ] 371/7824, 69.9 task/s, elapsed: 5s, ETA:   107s[>                            ] 372/7824, 69.9 task/s, elapsed: 5s, ETA:   107s[>                            ] 373/7824, 69.9 task/s, elapsed: 5s, ETA:   107s[>                            ] 374/7824, 69.9 task/s, elapsed: 5s, ETA:   107s[>                            ] 375/7824, 69.9 task/s, elapsed: 5s, ETA:   107s[>                            ] 376/7824, 69.9 task/s, elapsed: 5s, ETA:   107s[>                            ] 377/7824, 69.9 task/s, elapsed: 5s, ETA:   106s[>                            ] 378/7824, 69.9 task/s, elapsed: 5s, ETA:   106s[>                            ] 379/7824, 70.0 task/s, elapsed: 5s, ETA:   106s[>                            ] 380/7824, 70.0 task/s, elapsed: 5s, ETA:   106s[>                            ] 381/7824, 70.0 task/s, elapsed: 5s, ETA:   106s[>                            ] 382/7824, 70.0 task/s, elapsed: 5s, ETA:   106s[>                            ] 383/7824, 69.9 task/s, elapsed: 5s, ETA:   106s[>                            ] 384/7824, 69.8 task/s, elapsed: 6s, ETA:   107s[>                            ] 385/7824, 69.8 task/s, elapsed: 6s, ETA:   107s[>                            ] 386/7824, 69.8 task/s, elapsed: 6s, ETA:   107s[>                            ] 387/7824, 69.8 task/s, elapsed: 6s, ETA:   106s[>                            ] 388/7824, 69.9 task/s, elapsed: 6s, ETA:   106s[>                            ] 389/7824, 69.9 task/s, elapsed: 6s, ETA:   106s[>                            ] 390/7824, 69.9 task/s, elapsed: 6s, ETA:   106s[>                            ] 391/7824, 69.9 task/s, elapsed: 6s, ETA:   106s[>                            ] 392/7824, 69.9 task/s, elapsed: 6s, ETA:   106s[>                            ] 393/7824, 69.9 task/s, elapsed: 6s, ETA:   106s[>                            ] 394/7824, 69.9 task/s, elapsed: 6s, ETA:   106s[>                            ] 395/7824, 69.9 task/s, elapsed: 6s, ETA:   106s[>                            ] 396/7824, 70.0 task/s, elapsed: 6s, ETA:   106s[>                            ] 397/7824, 70.0 task/s, elapsed: 6s, ETA:   106s[>                            ] 398/7824, 70.0 task/s, elapsed: 6s, ETA:   106s[>                            ] 399/7824, 70.0 task/s, elapsed: 6s, ETA:   106s[>                            ] 400/7824, 70.0 task/s, elapsed: 6s, ETA:   106s[>                            ] 401/7824, 70.0 task/s, elapsed: 6s, ETA:   106s[>                            ] 402/7824, 70.0 task/s, elapsed: 6s, ETA:   106s[>                            ] 403/7824, 70.0 task/s, elapsed: 6s, ETA:   106s[>                            ] 404/7824, 70.0 task/s, elapsed: 6s, ETA:   106s[>                            ] 405/7824, 70.0 task/s, elapsed: 6s, ETA:   106s[>                            ] 406/7824, 70.0 task/s, elapsed: 6s, ETA:   106s[>                            ] 407/7824, 70.1 task/s, elapsed: 6s, ETA:   106s[>                            ] 408/7824, 70.2 task/s, elapsed: 6s, ETA:   106s[>                            ] 409/7824, 70.2 task/s, elapsed: 6s, ETA:   106s[>                            ] 410/7824, 70.3 task/s, elapsed: 6s, ETA:   105s[>                            ] 411/7824, 70.3 task/s, elapsed: 6s, ETA:   105s[>                            ] 412/7824, 70.4 task/s, elapsed: 6s, ETA:   105s[>                            ] 413/7824, 70.5 task/s, elapsed: 6s, ETA:   105s[>                            ] 414/7824, 70.5 task/s, elapsed: 6s, ETA:   105s[>                            ] 415/7824, 70.6 task/s, elapsed: 6s, ETA:   105s[>                            ] 416/7824, 70.6 task/s, elapsed: 6s, ETA:   105s[>                            ] 417/7824, 70.7 task/s, elapsed: 6s, ETA:   105s[>                            ] 418/7824, 70.7 task/s, elapsed: 6s, ETA:   105s[>                            ] 419/7824, 70.8 task/s, elapsed: 6s, ETA:   105s[>                            ] 420/7824, 70.9 task/s, elapsed: 6s, ETA:   104s[>                            ] 421/7824, 70.9 task/s, elapsed: 6s, ETA:   104s[>                            ] 422/7824, 71.0 task/s, elapsed: 6s, ETA:   104s[>                            ] 423/7824, 71.1 task/s, elapsed: 6s, ETA:   104s[>                            ] 424/7824, 71.1 task/s, elapsed: 6s, ETA:   104s[>                            ] 425/7824, 71.2 task/s, elapsed: 6s, ETA:   104s[>                            ] 426/7824, 71.2 task/s, elapsed: 6s, ETA:   104s[>                            ] 427/7824, 71.3 task/s, elapsed: 6s, ETA:   104s[>                            ] 428/7824, 71.4 task/s, elapsed: 6s, ETA:   104s[>                            ] 429/7824, 71.4 task/s, elapsed: 6s, ETA:   104s[>                            ] 430/7824, 71.5 task/s, elapsed: 6s, ETA:   103s[>                            ] 431/7824, 71.3 task/s, elapsed: 6s, ETA:   104s[>                            ] 432/7824, 71.3 task/s, elapsed: 6s, ETA:   104s[>                            ] 433/7824, 71.3 task/s, elapsed: 6s, ETA:   104s[>                            ] 434/7824, 71.3 task/s, elapsed: 6s, ETA:   104s[>                            ] 435/7824, 71.3 task/s, elapsed: 6s, ETA:   104s[>                            ] 436/7824, 71.3 task/s, elapsed: 6s, ETA:   104s[>                            ] 437/7824, 71.3 task/s, elapsed: 6s, ETA:   104s[>                            ] 438/7824, 71.3 task/s, elapsed: 6s, ETA:   104s[>                            ] 439/7824, 71.3 task/s, elapsed: 6s, ETA:   104s[>                            ] 440/7824, 71.3 task/s, elapsed: 6s, ETA:   104s[>                            ] 441/7824, 71.3 task/s, elapsed: 6s, ETA:   104s[>                            ] 442/7824, 71.3 task/s, elapsed: 6s, ETA:   104s[>                            ] 443/7824, 71.3 task/s, elapsed: 6s, ETA:   103s[>                            ] 444/7824, 71.3 task/s, elapsed: 6s, ETA:   103s[>                            ] 445/7824, 71.3 task/s, elapsed: 6s, ETA:   103s[>                            ] 446/7824, 71.4 task/s, elapsed: 6s, ETA:   103s[>                            ] 447/7824, 71.4 task/s, elapsed: 6s, ETA:   103s[>                            ] 448/7824, 71.4 task/s, elapsed: 6s, ETA:   103s[>                            ] 449/7824, 71.4 task/s, elapsed: 6s, ETA:   103s[>                            ] 450/7824, 71.4 task/s, elapsed: 6s, ETA:   103s[>                            ] 451/7824, 71.4 task/s, elapsed: 6s, ETA:   103s[>                            ] 452/7824, 71.4 task/s, elapsed: 6s, ETA:   103s[>                            ] 453/7824, 71.4 task/s, elapsed: 6s, ETA:   103s[>                            ] 454/7824, 71.4 task/s, elapsed: 6s, ETA:   103s[>                            ] 455/7824, 71.2 task/s, elapsed: 6s, ETA:   103s[>                            ] 456/7824, 71.2 task/s, elapsed: 6s, ETA:   103s[>                            ] 457/7824, 71.2 task/s, elapsed: 6s, ETA:   103s[>                            ] 458/7824, 71.2 task/s, elapsed: 6s, ETA:   103s[>                            ] 459/7824, 71.2 task/s, elapsed: 6s, ETA:   103s[>                            ] 460/7824, 71.2 task/s, elapsed: 6s, ETA:   103s[>                            ] 461/7824, 71.3 task/s, elapsed: 6s, ETA:   103s[>                            ] 462/7824, 71.3 task/s, elapsed: 6s, ETA:   103s[>                            ] 463/7824, 71.3 task/s, elapsed: 6s, ETA:   103s[>                            ] 464/7824, 71.3 task/s, elapsed: 7s, ETA:   103s[>                            ] 465/7824, 71.3 task/s, elapsed: 7s, ETA:   103s[>                            ] 466/7824, 71.3 task/s, elapsed: 7s, ETA:   103s[>                            ] 467/7824, 71.3 task/s, elapsed: 7s, ETA:   103s[>                            ] 468/7824, 71.3 task/s, elapsed: 7s, ETA:   103s[>                            ] 469/7824, 71.3 task/s, elapsed: 7s, ETA:   103s[>                            ] 470/7824, 71.3 task/s, elapsed: 7s, ETA:   103s[>                            ] 471/7824, 71.3 task/s, elapsed: 7s, ETA:   103s[>                            ] 472/7824, 71.3 task/s, elapsed: 7s, ETA:   103s[>                            ] 473/7824, 71.3 task/s, elapsed: 7s, ETA:   103s[>                            ] 474/7824, 71.3 task/s, elapsed: 7s, ETA:   103s[>                            ] 475/7824, 71.3 task/s, elapsed: 7s, ETA:   103s[>                            ] 476/7824, 71.4 task/s, elapsed: 7s, ETA:   103s[>                            ] 477/7824, 71.4 task/s, elapsed: 7s, ETA:   103s[>                            ] 478/7824, 71.4 task/s, elapsed: 7s, ETA:   103s[>                            ] 479/7824, 71.4 task/s, elapsed: 7s, ETA:   103s[>                            ] 480/7824, 71.4 task/s, elapsed: 7s, ETA:   103s[>                            ] 481/7824, 71.4 task/s, elapsed: 7s, ETA:   103s[>                            ] 482/7824, 71.4 task/s, elapsed: 7s, ETA:   103s[>                            ] 483/7824, 71.4 task/s, elapsed: 7s, ETA:   103s[>                            ] 484/7824, 71.4 task/s, elapsed: 7s, ETA:   103s[>                            ] 485/7824, 71.4 task/s, elapsed: 7s, ETA:   103s[>                            ] 486/7824, 71.4 task/s, elapsed: 7s, ETA:   103s[>                            ] 487/7824, 71.4 task/s, elapsed: 7s, ETA:   103s[>                            ] 488/7824, 71.4 task/s, elapsed: 7s, ETA:   103s[>                            ] 489/7824, 71.4 task/s, elapsed: 7s, ETA:   103s[>                            ] 490/7824, 71.4 task/s, elapsed: 7s, ETA:   103s[>                            ] 491/7824, 71.4 task/s, elapsed: 7s, ETA:   103s[>                            ] 492/7824, 71.5 task/s, elapsed: 7s, ETA:   103s[>                            ] 493/7824, 71.5 task/s, elapsed: 7s, ETA:   103s[>                            ] 494/7824, 71.5 task/s, elapsed: 7s, ETA:   103s[>                            ] 495/7824, 71.5 task/s, elapsed: 7s, ETA:   103s[>                            ] 496/7824, 71.5 task/s, elapsed: 7s, ETA:   103s[>                            ] 497/7824, 71.5 task/s, elapsed: 7s, ETA:   102s[>                            ] 498/7824, 71.5 task/s, elapsed: 7s, ETA:   102s[>                            ] 499/7824, 71.5 task/s, elapsed: 7s, ETA:   102s[>                            ] 500/7824, 71.5 task/s, elapsed: 7s, ETA:   102s[>                            ] 501/7824, 71.4 task/s, elapsed: 7s, ETA:   103s[>                            ] 502/7824, 71.4 task/s, elapsed: 7s, ETA:   103s[>                            ] 503/7824, 71.4 task/s, elapsed: 7s, ETA:   103s[>                            ] 504/7824, 71.4 task/s, elapsed: 7s, ETA:   103s[>                            ] 505/7824, 71.4 task/s, elapsed: 7s, ETA:   103s[>                            ] 506/7824, 71.4 task/s, elapsed: 7s, ETA:   102s[>                            ] 507/7824, 71.4 task/s, elapsed: 7s, ETA:   102s[>                            ] 508/7824, 71.4 task/s, elapsed: 7s, ETA:   102s[>                            ] 509/7824, 71.4 task/s, elapsed: 7s, ETA:   102s[>                            ] 510/7824, 71.4 task/s, elapsed: 7s, ETA:   102s[>                            ] 511/7824, 71.5 task/s, elapsed: 7s, ETA:   102s[>                            ] 512/7824, 71.5 task/s, elapsed: 7s, ETA:   102s[>                            ] 513/7824, 71.5 task/s, elapsed: 7s, ETA:   102s[>                            ] 514/7824, 71.5 task/s, elapsed: 7s, ETA:   102s[>                            ] 515/7824, 71.5 task/s, elapsed: 7s, ETA:   102s[>                            ] 516/7824, 71.5 task/s, elapsed: 7s, ETA:   102s[>                            ] 517/7824, 71.5 task/s, elapsed: 7s, ETA:   102s[>                            ] 518/7824, 71.5 task/s, elapsed: 7s, ETA:   102s[>                            ] 519/7824, 71.5 task/s, elapsed: 7s, ETA:   102s[>                            ] 520/7824, 71.5 task/s, elapsed: 7s, ETA:   102s[>                            ] 521/7824, 71.5 task/s, elapsed: 7s, ETA:   102s[>                            ] 522/7824, 71.5 task/s, elapsed: 7s, ETA:   102s[>                            ] 523/7824, 71.5 task/s, elapsed: 7s, ETA:   102s[>                            ] 524/7824, 71.5 task/s, elapsed: 7s, ETA:   102s[>                            ] 525/7824, 71.5 task/s, elapsed: 7s, ETA:   102s[>                            ] 526/7824, 71.5 task/s, elapsed: 7s, ETA:   102s[>                            ] 527/7824, 71.5 task/s, elapsed: 7s, ETA:   102s[>                            ] 528/7824, 71.5 task/s, elapsed: 7s, ETA:   102s[>                            ] 529/7824, 71.5 task/s, elapsed: 7s, ETA:   102s[>                            ] 530/7824, 71.5 task/s, elapsed: 7s, ETA:   102s[>                            ] 531/7824, 71.5 task/s, elapsed: 7s, ETA:   102s[>                            ] 532/7824, 71.5 task/s, elapsed: 7s, ETA:   102s[>                            ] 533/7824, 71.5 task/s, elapsed: 7s, ETA:   102s[>                            ] 534/7824, 71.5 task/s, elapsed: 7s, ETA:   102s[>                            ] 535/7824, 71.5 task/s, elapsed: 7s, ETA:   102s[>                            ] 536/7824, 71.5 task/s, elapsed: 7s, ETA:   102s[>                            ] 537/7824, 71.5 task/s, elapsed: 8s, ETA:   102s[>                            ] 538/7824, 71.6 task/s, elapsed: 8s, ETA:   102s[>                            ] 539/7824, 71.6 task/s, elapsed: 8s, ETA:   102s[>>                           ] 540/7824, 71.6 task/s, elapsed: 8s, ETA:   102s[>>                           ] 541/7824, 71.6 task/s, elapsed: 8s, ETA:   102s[>>                           ] 542/7824, 71.6 task/s, elapsed: 8s, ETA:   102s[>>                           ] 543/7824, 71.6 task/s, elapsed: 8s, ETA:   102s[>>                           ] 544/7824, 71.6 task/s, elapsed: 8s, ETA:   102s[>>                           ] 545/7824, 71.6 task/s, elapsed: 8s, ETA:   102s[>>                           ] 546/7824, 71.6 task/s, elapsed: 8s, ETA:   102s[>>                           ] 547/7824, 71.6 task/s, elapsed: 8s, ETA:   102s[>>                           ] 548/7824, 71.6 task/s, elapsed: 8s, ETA:   102s[>>                           ] 549/7824, 71.6 task/s, elapsed: 8s, ETA:   102s[>>                           ] 550/7824, 71.6 task/s, elapsed: 8s, ETA:   102s[>>                           ] 551/7824, 71.5 task/s, elapsed: 8s, ETA:   102s[>>                           ] 552/7824, 71.5 task/s, elapsed: 8s, ETA:   102s[>>                           ] 553/7824, 71.5 task/s, elapsed: 8s, ETA:   102s[>>                           ] 554/7824, 71.5 task/s, elapsed: 8s, ETA:   102s[>>                           ] 555/7824, 71.5 task/s, elapsed: 8s, ETA:   102s[>>                           ] 556/7824, 71.5 task/s, elapsed: 8s, ETA:   102s[>>                           ] 557/7824, 71.5 task/s, elapsed: 8s, ETA:   102s[>>                           ] 558/7824, 71.6 task/s, elapsed: 8s, ETA:   102s[>>                           ] 559/7824, 71.6 task/s, elapsed: 8s, ETA:   102s[>>                           ] 560/7824, 71.6 task/s, elapsed: 8s, ETA:   102s[>>                           ] 561/7824, 71.6 task/s, elapsed: 8s, ETA:   101s[>>                           ] 562/7824, 71.6 task/s, elapsed: 8s, ETA:   101s[>>                           ] 563/7824, 71.6 task/s, elapsed: 8s, ETA:   101s[>>                           ] 564/7824, 71.6 task/s, elapsed: 8s, ETA:   101s[>>                           ] 565/7824, 71.6 task/s, elapsed: 8s, ETA:   101s[>>                           ] 566/7824, 71.6 task/s, elapsed: 8s, ETA:   101s[>>                           ] 567/7824, 71.6 task/s, elapsed: 8s, ETA:   101s[>>                           ] 568/7824, 71.6 task/s, elapsed: 8s, ETA:   101s[>>                           ] 569/7824, 71.6 task/s, elapsed: 8s, ETA:   101s[>>                           ] 570/7824, 71.6 task/s, elapsed: 8s, ETA:   101s[>>                           ] 571/7824, 71.6 task/s, elapsed: 8s, ETA:   101s[>>                           ] 572/7824, 71.6 task/s, elapsed: 8s, ETA:   101s[>>                           ] 573/7824, 71.6 task/s, elapsed: 8s, ETA:   101s[>>                           ] 574/7824, 71.6 task/s, elapsed: 8s, ETA:   101s[>>                           ] 575/7824, 71.7 task/s, elapsed: 8s, ETA:   101s[>>                           ] 576/7824, 71.7 task/s, elapsed: 8s, ETA:   101s[>>                           ] 577/7824, 71.7 task/s, elapsed: 8s, ETA:   101s[>>                           ] 578/7824, 71.7 task/s, elapsed: 8s, ETA:   101s[>>                           ] 579/7824, 71.6 task/s, elapsed: 8s, ETA:   101s[>>                           ] 580/7824, 71.6 task/s, elapsed: 8s, ETA:   101s[>>                           ] 581/7824, 71.6 task/s, elapsed: 8s, ETA:   101s[>>                           ] 582/7824, 71.6 task/s, elapsed: 8s, ETA:   101s[>>                           ] 583/7824, 71.6 task/s, elapsed: 8s, ETA:   101s[>>                           ] 584/7824, 71.6 task/s, elapsed: 8s, ETA:   101s[>>                           ] 585/7824, 71.6 task/s, elapsed: 8s, ETA:   101s[>>                           ] 586/7824, 71.6 task/s, elapsed: 8s, ETA:   101s[>>                           ] 587/7824, 71.6 task/s, elapsed: 8s, ETA:   101s[>>                           ] 588/7824, 71.6 task/s, elapsed: 8s, ETA:   101s[>>                           ] 589/7824, 71.6 task/s, elapsed: 8s, ETA:   101s[>>                           ] 590/7824, 71.6 task/s, elapsed: 8s, ETA:   101s[>>                           ] 591/7824, 71.6 task/s, elapsed: 8s, ETA:   101s[>>                           ] 592/7824, 71.6 task/s, elapsed: 8s, ETA:   101s[>>                           ] 593/7824, 71.6 task/s, elapsed: 8s, ETA:   101s[>>                           ] 594/7824, 71.7 task/s, elapsed: 8s, ETA:   101s[>>                           ] 595/7824, 71.7 task/s, elapsed: 8s, ETA:   101s[>>                           ] 596/7824, 71.7 task/s, elapsed: 8s, ETA:   101s[>>                           ] 597/7824, 71.7 task/s, elapsed: 8s, ETA:   101s[>>                           ] 598/7824, 71.7 task/s, elapsed: 8s, ETA:   101s[>>                           ] 599/7824, 71.7 task/s, elapsed: 8s, ETA:   101s[>>                           ] 600/7824, 71.7 task/s, elapsed: 8s, ETA:   101s[>>                           ] 601/7824, 71.7 task/s, elapsed: 8s, ETA:   101s[>>                           ] 602/7824, 71.7 task/s, elapsed: 8s, ETA:   101s[>>                           ] 603/7824, 71.7 task/s, elapsed: 8s, ETA:   101s[>>                           ] 604/7824, 71.7 task/s, elapsed: 8s, ETA:   101s[>>                           ] 605/7824, 71.8 task/s, elapsed: 8s, ETA:   101s[>>                           ] 606/7824, 71.8 task/s, elapsed: 8s, ETA:   101s[>>                           ] 607/7824, 71.8 task/s, elapsed: 8s, ETA:   101s[>>                           ] 608/7824, 71.8 task/s, elapsed: 8s, ETA:   101s[>>                           ] 609/7824, 71.8 task/s, elapsed: 8s, ETA:   101s[>>                           ] 610/7824, 71.8 task/s, elapsed: 8s, ETA:   100s[>>                           ] 611/7824, 71.8 task/s, elapsed: 9s, ETA:   100s[>>                           ] 612/7824, 71.8 task/s, elapsed: 9s, ETA:   100s[>>                           ] 613/7824, 71.8 task/s, elapsed: 9s, ETA:   100s[>>                           ] 614/7824, 71.8 task/s, elapsed: 9s, ETA:   100s[>>                           ] 615/7824, 71.8 task/s, elapsed: 9s, ETA:   100s[>>                           ] 616/7824, 71.8 task/s, elapsed: 9s, ETA:   100s[>>                           ] 617/7824, 71.8 task/s, elapsed: 9s, ETA:   100s[>>                           ] 618/7824, 71.8 task/s, elapsed: 9s, ETA:   100s[>>                           ] 619/7824, 71.8 task/s, elapsed: 9s, ETA:   100s[>>                           ] 620/7824, 71.8 task/s, elapsed: 9s, ETA:   100s[>>                           ] 621/7824, 71.8 task/s, elapsed: 9s, ETA:   100s[>>                           ] 622/7824, 71.8 task/s, elapsed: 9s, ETA:   100s[>>                           ] 623/7824, 71.8 task/s, elapsed: 9s, ETA:   100s[>>                           ] 624/7824, 71.8 task/s, elapsed: 9s, ETA:   100s[>>                           ] 625/7824, 71.8 task/s, elapsed: 9s, ETA:   100s[>>                           ] 626/7824, 71.8 task/s, elapsed: 9s, ETA:   100s[>>                           ] 627/7824, 71.8 task/s, elapsed: 9s, ETA:   100s[>>                           ] 628/7824, 71.8 task/s, elapsed: 9s, ETA:   100s[>>                           ] 629/7824, 71.8 task/s, elapsed: 9s, ETA:   100s[>>                           ] 630/7824, 71.8 task/s, elapsed: 9s, ETA:   100s[>>                           ] 631/7824, 71.9 task/s, elapsed: 9s, ETA:   100s[>>                           ] 632/7824, 71.9 task/s, elapsed: 9s, ETA:   100s[>>                           ] 633/7824, 71.9 task/s, elapsed: 9s, ETA:   100s[>>                           ] 634/7824, 71.9 task/s, elapsed: 9s, ETA:   100s[>>                           ] 635/7824, 71.9 task/s, elapsed: 9s, ETA:   100s[>>                           ] 636/7824, 71.9 task/s, elapsed: 9s, ETA:   100s[>>                           ] 637/7824, 71.8 task/s, elapsed: 9s, ETA:   100s[>>                           ] 638/7824, 71.8 task/s, elapsed: 9s, ETA:   100s[>>                           ] 639/7824, 71.8 task/s, elapsed: 9s, ETA:   100s[>>                           ] 640/7824, 71.8 task/s, elapsed: 9s, ETA:   100s[>>                           ] 641/7824, 71.8 task/s, elapsed: 9s, ETA:   100s[>>                           ] 642/7824, 71.8 task/s, elapsed: 9s, ETA:   100s[>>                           ] 643/7824, 71.8 task/s, elapsed: 9s, ETA:   100s[>>                           ] 644/7824, 71.9 task/s, elapsed: 9s, ETA:   100s[>>                           ] 645/7824, 71.9 task/s, elapsed: 9s, ETA:   100s[>>                           ] 646/7824, 71.9 task/s, elapsed: 9s, ETA:   100s[>>                           ] 647/7824, 71.9 task/s, elapsed: 9s, ETA:   100s[>>                           ] 648/7824, 71.9 task/s, elapsed: 9s, ETA:   100s[>>                           ] 649/7824, 71.9 task/s, elapsed: 9s, ETA:   100s[>>                           ] 650/7824, 71.9 task/s, elapsed: 9s, ETA:   100s[>>                           ] 651/7824, 71.9 task/s, elapsed: 9s, ETA:   100s[>>                           ] 652/7824, 71.9 task/s, elapsed: 9s, ETA:   100s[>>                           ] 653/7824, 71.9 task/s, elapsed: 9s, ETA:   100s[>>                           ] 654/7824, 71.9 task/s, elapsed: 9s, ETA:   100s[>>                           ] 655/7824, 71.9 task/s, elapsed: 9s, ETA:   100s[>>                           ] 656/7824, 71.9 task/s, elapsed: 9s, ETA:   100s[>>                           ] 657/7824, 71.9 task/s, elapsed: 9s, ETA:   100s[>>                           ] 658/7824, 71.9 task/s, elapsed: 9s, ETA:   100s[>>                           ] 659/7824, 71.9 task/s, elapsed: 9s, ETA:   100s[>>                           ] 660/7824, 71.9 task/s, elapsed: 9s, ETA:   100s[>>                           ] 661/7824, 71.9 task/s, elapsed: 9s, ETA:   100s[>>                           ] 662/7824, 72.0 task/s, elapsed: 9s, ETA:   100s[>>                           ] 663/7824, 72.0 task/s, elapsed: 9s, ETA:   100s[>>                           ] 664/7824, 72.0 task/s, elapsed: 9s, ETA:    99s[>>                           ] 665/7824, 72.0 task/s, elapsed: 9s, ETA:    99s[>>                           ] 666/7824, 72.0 task/s, elapsed: 9s, ETA:    99s[>>                           ] 667/7824, 71.9 task/s, elapsed: 9s, ETA:   100s[>>                           ] 668/7824, 71.9 task/s, elapsed: 9s, ETA:   100s[>>                           ] 669/7824, 71.9 task/s, elapsed: 9s, ETA:   100s[>>                           ] 670/7824, 71.9 task/s, elapsed: 9s, ETA:   100s[>>                           ] 671/7824, 71.9 task/s, elapsed: 9s, ETA:   100s[>>                           ] 672/7824, 71.9 task/s, elapsed: 9s, ETA:    99s[>>                           ] 673/7824, 71.9 task/s, elapsed: 9s, ETA:    99s[>>                           ] 674/7824, 71.9 task/s, elapsed: 9s, ETA:    99s[>>                           ] 675/7824, 71.9 task/s, elapsed: 9s, ETA:    99s[>>                           ] 676/7824, 71.9 task/s, elapsed: 9s, ETA:    99s[>>                           ] 677/7824, 71.9 task/s, elapsed: 9s, ETA:    99s[>>                           ] 678/7824, 71.9 task/s, elapsed: 9s, ETA:    99s[>>                           ] 679/7824, 71.9 task/s, elapsed: 9s, ETA:    99s[>>                           ] 680/7824, 71.9 task/s, elapsed: 9s, ETA:    99s[>>                           ] 681/7824, 71.9 task/s, elapsed: 9s, ETA:    99s[>>                           ] 682/7824, 71.9 task/s, elapsed: 9s, ETA:    99s[>>                           ] 683/7824, 72.0 task/s, elapsed: 9s, ETA:    99s[>>                          ] 684/7824, 72.0 task/s, elapsed: 10s, ETA:    99s[>>                          ] 685/7824, 72.0 task/s, elapsed: 10s, ETA:    99s[>>                          ] 686/7824, 72.0 task/s, elapsed: 10s, ETA:    99s[>>                          ] 687/7824, 72.0 task/s, elapsed: 10s, ETA:    99s[>>                          ] 688/7824, 72.0 task/s, elapsed: 10s, ETA:    99s[>>                          ] 689/7824, 72.0 task/s, elapsed: 10s, ETA:    99s[>>                          ] 690/7824, 72.0 task/s, elapsed: 10s, ETA:    99s[>>                          ] 691/7824, 72.0 task/s, elapsed: 10s, ETA:    99s[>>                          ] 692/7824, 72.0 task/s, elapsed: 10s, ETA:    99s[>>                          ] 693/7824, 72.0 task/s, elapsed: 10s, ETA:    99s[>>                          ] 694/7824, 72.0 task/s, elapsed: 10s, ETA:    99s[>>                          ] 695/7824, 72.0 task/s, elapsed: 10s, ETA:    99s[>>                          ] 696/7824, 72.0 task/s, elapsed: 10s, ETA:    99s[>>                          ] 697/7824, 72.0 task/s, elapsed: 10s, ETA:    99s[>>                          ] 698/7824, 72.0 task/s, elapsed: 10s, ETA:    99s[>>                          ] 699/7824, 72.0 task/s, elapsed: 10s, ETA:    99s[>>                          ] 700/7824, 72.0 task/s, elapsed: 10s, ETA:    99s[>>                          ] 701/7824, 72.0 task/s, elapsed: 10s, ETA:    99s[>>                          ] 702/7824, 72.0 task/s, elapsed: 10s, ETA:    99s[>>                          ] 703/7824, 72.0 task/s, elapsed: 10s, ETA:    99s[>>                          ] 704/7824, 72.0 task/s, elapsed: 10s, ETA:    99s[>>                          ] 705/7824, 72.0 task/s, elapsed: 10s, ETA:    99s[>>                          ] 706/7824, 72.0 task/s, elapsed: 10s, ETA:    99s[>>                          ] 707/7824, 72.0 task/s, elapsed: 10s, ETA:    99s[>>                          ] 708/7824, 72.0 task/s, elapsed: 10s, ETA:    99s[>>                          ] 709/7824, 72.0 task/s, elapsed: 10s, ETA:    99s[>>                          ] 710/7824, 72.1 task/s, elapsed: 10s, ETA:    99s[>>                          ] 711/7824, 72.1 task/s, elapsed: 10s, ETA:    99s[>>                          ] 712/7824, 72.1 task/s, elapsed: 10s, ETA:    99s[>>                          ] 713/7824, 72.1 task/s, elapsed: 10s, ETA:    99s[>>                          ] 714/7824, 72.1 task/s, elapsed: 10s, ETA:    99s[>>                          ] 715/7824, 72.1 task/s, elapsed: 10s, ETA:    99s[>>                          ] 716/7824, 72.1 task/s, elapsed: 10s, ETA:    99s[>>                          ] 717/7824, 72.1 task/s, elapsed: 10s, ETA:    99s[>>                          ] 718/7824, 72.1 task/s, elapsed: 10s, ETA:    99s[>>                          ] 719/7824, 72.1 task/s, elapsed: 10s, ETA:    99s[>>                          ] 720/7824, 72.1 task/s, elapsed: 10s, ETA:    99s[>>                          ] 721/7824, 72.1 task/s, elapsed: 10s, ETA:    99s[>>                          ] 722/7824, 72.1 task/s, elapsed: 10s, ETA:    99s[>>                          ] 723/7824, 72.1 task/s, elapsed: 10s, ETA:    98s[>>                          ] 724/7824, 72.1 task/s, elapsed: 10s, ETA:    98s[>>                          ] 725/7824, 72.1 task/s, elapsed: 10s, ETA:    98s[>>                          ] 726/7824, 72.1 task/s, elapsed: 10s, ETA:    98s[>>                          ] 727/7824, 72.1 task/s, elapsed: 10s, ETA:    98s[>>                          ] 728/7824, 72.1 task/s, elapsed: 10s, ETA:    98s[>>                          ] 729/7824, 72.1 task/s, elapsed: 10s, ETA:    98s[>>                          ] 730/7824, 72.1 task/s, elapsed: 10s, ETA:    98s[>>                          ] 731/7824, 72.1 task/s, elapsed: 10s, ETA:    98s[>>                          ] 732/7824, 72.0 task/s, elapsed: 10s, ETA:    98s[>>                          ] 733/7824, 72.0 task/s, elapsed: 10s, ETA:    98s[>>                          ] 734/7824, 72.1 task/s, elapsed: 10s, ETA:    98s[>>                          ] 735/7824, 72.1 task/s, elapsed: 10s, ETA:    98s[>>                          ] 736/7824, 72.1 task/s, elapsed: 10s, ETA:    98s[>>                          ] 737/7824, 72.1 task/s, elapsed: 10s, ETA:    98s[>>                          ] 738/7824, 72.1 task/s, elapsed: 10s, ETA:    98s[>>                          ] 739/7824, 72.1 task/s, elapsed: 10s, ETA:    98s[>>                          ] 740/7824, 72.1 task/s, elapsed: 10s, ETA:    98s[>>                          ] 741/7824, 72.1 task/s, elapsed: 10s, ETA:    98s[>>                          ] 742/7824, 72.1 task/s, elapsed: 10s, ETA:    98s[>>                          ] 743/7824, 72.1 task/s, elapsed: 10s, ETA:    98s[>>                          ] 744/7824, 72.1 task/s, elapsed: 10s, ETA:    98s[>>                          ] 745/7824, 72.1 task/s, elapsed: 10s, ETA:    98s[>>                          ] 746/7824, 72.1 task/s, elapsed: 10s, ETA:    98s[>>                          ] 747/7824, 72.1 task/s, elapsed: 10s, ETA:    98s[>>                          ] 748/7824, 72.1 task/s, elapsed: 10s, ETA:    98s[>>                          ] 749/7824, 72.1 task/s, elapsed: 10s, ETA:    98s[>>                          ] 750/7824, 72.1 task/s, elapsed: 10s, ETA:    98s[>>                          ] 751/7824, 72.1 task/s, elapsed: 10s, ETA:    98s[>>                          ] 752/7824, 72.1 task/s, elapsed: 10s, ETA:    98s[>>                          ] 753/7824, 72.1 task/s, elapsed: 10s, ETA:    98s[>>                          ] 754/7824, 72.1 task/s, elapsed: 10s, ETA:    98s[>>                          ] 755/7824, 72.1 task/s, elapsed: 10s, ETA:    98s[>>                          ] 756/7824, 72.1 task/s, elapsed: 10s, ETA:    98s[>>                          ] 757/7824, 72.1 task/s, elapsed: 10s, ETA:    98s[>>                          ] 758/7824, 72.2 task/s, elapsed: 11s, ETA:    98s[>>                          ] 759/7824, 72.2 task/s, elapsed: 11s, ETA:    98s[>>                          ] 760/7824, 72.2 task/s, elapsed: 11s, ETA:    98s[>>                          ] 761/7824, 72.2 task/s, elapsed: 11s, ETA:    98s[>>                          ] 762/7824, 72.2 task/s, elapsed: 11s, ETA:    98s[>>                          ] 763/7824, 72.2 task/s, elapsed: 11s, ETA:    98s[>>                          ] 764/7824, 72.2 task/s, elapsed: 11s, ETA:    98s[>>                          ] 765/7824, 72.2 task/s, elapsed: 11s, ETA:    98s[>>                          ] 766/7824, 72.2 task/s, elapsed: 11s, ETA:    98s[>>                          ] 767/7824, 72.2 task/s, elapsed: 11s, ETA:    98s[>>                          ] 768/7824, 72.2 task/s, elapsed: 11s, ETA:    98s[>>                          ] 769/7824, 72.2 task/s, elapsed: 11s, ETA:    98s[>>                          ] 770/7824, 72.2 task/s, elapsed: 11s, ETA:    98s[>>                          ] 771/7824, 72.2 task/s, elapsed: 11s, ETA:    98s[>>                          ] 772/7824, 72.2 task/s, elapsed: 11s, ETA:    98s[>>                          ] 773/7824, 72.2 task/s, elapsed: 11s, ETA:    98s[>>                          ] 774/7824, 72.2 task/s, elapsed: 11s, ETA:    98s[>>                          ] 775/7824, 72.2 task/s, elapsed: 11s, ETA:    98s[>>                          ] 776/7824, 72.2 task/s, elapsed: 11s, ETA:    98s[>>                          ] 777/7824, 72.2 task/s, elapsed: 11s, ETA:    98s[>>                          ] 778/7824, 72.2 task/s, elapsed: 11s, ETA:    98s[>>                          ] 779/7824, 72.2 task/s, elapsed: 11s, ETA:    98s[>>                          ] 780/7824, 72.2 task/s, elapsed: 11s, ETA:    98s[>>                          ] 781/7824, 72.2 task/s, elapsed: 11s, ETA:    97s[>>                          ] 782/7824, 72.2 task/s, elapsed: 11s, ETA:    97s[>>                          ] 783/7824, 72.3 task/s, elapsed: 11s, ETA:    97s[>>                          ] 784/7824, 72.3 task/s, elapsed: 11s, ETA:    97s[>>                          ] 785/7824, 72.3 task/s, elapsed: 11s, ETA:    97s[>>                          ] 786/7824, 72.3 task/s, elapsed: 11s, ETA:    97s[>>                          ] 787/7824, 72.3 task/s, elapsed: 11s, ETA:    97s[>>                          ] 788/7824, 72.3 task/s, elapsed: 11s, ETA:    97s[>>                          ] 789/7824, 72.3 task/s, elapsed: 11s, ETA:    97s[>>                          ] 790/7824, 72.3 task/s, elapsed: 11s, ETA:    97s[>>                          ] 791/7824, 72.3 task/s, elapsed: 11s, ETA:    97s[>>                          ] 792/7824, 72.3 task/s, elapsed: 11s, ETA:    97s[>>                          ] 793/7824, 72.3 task/s, elapsed: 11s, ETA:    97s[>>                          ] 794/7824, 72.3 task/s, elapsed: 11s, ETA:    97s[>>                          ] 795/7824, 72.3 task/s, elapsed: 11s, ETA:    97s[>>                          ] 796/7824, 72.3 task/s, elapsed: 11s, ETA:    97s[>>                          ] 797/7824, 72.3 task/s, elapsed: 11s, ETA:    97s[>>                          ] 798/7824, 72.3 task/s, elapsed: 11s, ETA:    97s[>>                          ] 799/7824, 72.3 task/s, elapsed: 11s, ETA:    97s[>>                          ] 800/7824, 72.3 task/s, elapsed: 11s, ETA:    97s[>>                          ] 801/7824, 72.3 task/s, elapsed: 11s, ETA:    97s[>>                          ] 802/7824, 72.3 task/s, elapsed: 11s, ETA:    97s[>>                          ] 803/7824, 72.3 task/s, elapsed: 11s, ETA:    97s[>>                          ] 804/7824, 72.3 task/s, elapsed: 11s, ETA:    97s[>>                          ] 805/7824, 72.3 task/s, elapsed: 11s, ETA:    97s[>>                          ] 806/7824, 72.3 task/s, elapsed: 11s, ETA:    97s[>>                          ] 807/7824, 72.3 task/s, elapsed: 11s, ETA:    97s[>>                          ] 808/7824, 72.3 task/s, elapsed: 11s, ETA:    97s[>>                          ] 809/7824, 72.3 task/s, elapsed: 11s, ETA:    97s[>>                          ] 810/7824, 72.3 task/s, elapsed: 11s, ETA:    97s[>>                          ] 811/7824, 72.3 task/s, elapsed: 11s, ETA:    97s[>>                          ] 812/7824, 72.3 task/s, elapsed: 11s, ETA:    97s[>>                          ] 813/7824, 72.3 task/s, elapsed: 11s, ETA:    97s[>>                          ] 814/7824, 72.3 task/s, elapsed: 11s, ETA:    97s[>>                          ] 815/7824, 72.3 task/s, elapsed: 11s, ETA:    97s[>>                          ] 816/7824, 72.3 task/s, elapsed: 11s, ETA:    97s[>>                          ] 817/7824, 72.3 task/s, elapsed: 11s, ETA:    97s[>>                          ] 818/7824, 72.3 task/s, elapsed: 11s, ETA:    97s[>>                          ] 819/7824, 72.3 task/s, elapsed: 11s, ETA:    97s[>>                          ] 820/7824, 72.3 task/s, elapsed: 11s, ETA:    97s[>>                          ] 821/7824, 72.3 task/s, elapsed: 11s, ETA:    97s[>>                          ] 822/7824, 72.3 task/s, elapsed: 11s, ETA:    97s[>>                          ] 823/7824, 72.3 task/s, elapsed: 11s, ETA:    97s[>>                          ] 824/7824, 72.3 task/s, elapsed: 11s, ETA:    97s[>>                          ] 825/7824, 72.3 task/s, elapsed: 11s, ETA:    97s[>>                          ] 826/7824, 72.3 task/s, elapsed: 11s, ETA:    97s[>>                          ] 827/7824, 72.3 task/s, elapsed: 11s, ETA:    97s[>>                          ] 828/7824, 72.3 task/s, elapsed: 11s, ETA:    97s[>>                          ] 829/7824, 72.4 task/s, elapsed: 11s, ETA:    97s[>>                          ] 830/7824, 72.4 task/s, elapsed: 11s, ETA:    97s[>>                          ] 831/7824, 72.4 task/s, elapsed: 11s, ETA:    97s[>>                          ] 832/7824, 72.4 task/s, elapsed: 11s, ETA:    97s[>>                          ] 833/7824, 72.4 task/s, elapsed: 12s, ETA:    97s[>>                          ] 834/7824, 72.4 task/s, elapsed: 12s, ETA:    97s[>>                          ] 835/7824, 72.4 task/s, elapsed: 12s, ETA:    97s[>>                          ] 836/7824, 72.4 task/s, elapsed: 12s, ETA:    97s[>>                          ] 837/7824, 72.4 task/s, elapsed: 12s, ETA:    97s[>>                          ] 838/7824, 72.4 task/s, elapsed: 12s, ETA:    97s[>>>                         ] 839/7824, 72.3 task/s, elapsed: 12s, ETA:    97s[>>>                         ] 840/7824, 72.3 task/s, elapsed: 12s, ETA:    97s[>>>                         ] 841/7824, 72.3 task/s, elapsed: 12s, ETA:    97s[>>>                         ] 842/7824, 72.3 task/s, elapsed: 12s, ETA:    97s[>>>                         ] 843/7824, 72.3 task/s, elapsed: 12s, ETA:    97s[>>>                         ] 844/7824, 72.3 task/s, elapsed: 12s, ETA:    96s[>>>                         ] 845/7824, 72.3 task/s, elapsed: 12s, ETA:    96s[>>>                         ] 846/7824, 72.3 task/s, elapsed: 12s, ETA:    96s[>>>                         ] 847/7824, 72.3 task/s, elapsed: 12s, ETA:    96s[>>>                         ] 848/7824, 72.4 task/s, elapsed: 12s, ETA:    96s[>>>                         ] 849/7824, 72.4 task/s, elapsed: 12s, ETA:    96s[>>>                         ] 850/7824, 72.4 task/s, elapsed: 12s, ETA:    96s[>>>                         ] 851/7824, 72.4 task/s, elapsed: 12s, ETA:    96s[>>>                         ] 852/7824, 72.4 task/s, elapsed: 12s, ETA:    96s[>>>                         ] 853/7824, 72.4 task/s, elapsed: 12s, ETA:    96s[>>>                         ] 854/7824, 72.4 task/s, elapsed: 12s, ETA:    96s[>>>                         ] 855/7824, 72.4 task/s, elapsed: 12s, ETA:    96s[>>>                         ] 856/7824, 72.4 task/s, elapsed: 12s, ETA:    96s[>>>                         ] 857/7824, 72.4 task/s, elapsed: 12s, ETA:    96s[>>>                         ] 858/7824, 72.4 task/s, elapsed: 12s, ETA:    96s[>>>                         ] 859/7824, 72.4 task/s, elapsed: 12s, ETA:    96s[>>>                         ] 860/7824, 72.4 task/s, elapsed: 12s, ETA:    96s[>>>                         ] 861/7824, 72.4 task/s, elapsed: 12s, ETA:    96s[>>>                         ] 862/7824, 72.4 task/s, elapsed: 12s, ETA:    96s[>>>                         ] 863/7824, 72.4 task/s, elapsed: 12s, ETA:    96s[>>>                         ] 864/7824, 72.4 task/s, elapsed: 12s, ETA:    96s[>>>                         ] 865/7824, 72.4 task/s, elapsed: 12s, ETA:    96s[>>>                         ] 866/7824, 72.4 task/s, elapsed: 12s, ETA:    96s[>>>                         ] 867/7824, 72.4 task/s, elapsed: 12s, ETA:    96s[>>>                         ] 868/7824, 72.4 task/s, elapsed: 12s, ETA:    96s[>>>                         ] 869/7824, 72.4 task/s, elapsed: 12s, ETA:    96s[>>>                         ] 870/7824, 72.4 task/s, elapsed: 12s, ETA:    96s[>>>                         ] 871/7824, 72.4 task/s, elapsed: 12s, ETA:    96s[>>>                         ] 872/7824, 72.5 task/s, elapsed: 12s, ETA:    96s[>>>                         ] 873/7824, 72.5 task/s, elapsed: 12s, ETA:    96s[>>>                         ] 874/7824, 72.5 task/s, elapsed: 12s, ETA:    96s[>>>                         ] 875/7824, 72.4 task/s, elapsed: 12s, ETA:    96s[>>>                         ] 876/7824, 72.4 task/s, elapsed: 12s, ETA:    96s[>>>                         ] 877/7824, 72.4 task/s, elapsed: 12s, ETA:    96s[>>>                         ] 878/7824, 72.4 task/s, elapsed: 12s, ETA:    96s[>>>                         ] 879/7824, 72.4 task/s, elapsed: 12s, ETA:    96s[>>>                         ] 880/7824, 72.4 task/s, elapsed: 12s, ETA:    96s[>>>                         ] 881/7824, 72.4 task/s, elapsed: 12s, ETA:    96s[>>>                         ] 882/7824, 72.4 task/s, elapsed: 12s, ETA:    96s[>>>                         ] 883/7824, 72.4 task/s, elapsed: 12s, ETA:    96s[>>>                         ] 884/7824, 72.4 task/s, elapsed: 12s, ETA:    96s[>>>                         ] 885/7824, 72.4 task/s, elapsed: 12s, ETA:    96s[>>>                         ] 886/7824, 72.4 task/s, elapsed: 12s, ETA:    96s[>>>                         ] 887/7824, 72.4 task/s, elapsed: 12s, ETA:    96s[>>>                         ] 888/7824, 72.4 task/s, elapsed: 12s, ETA:    96s[>>>                         ] 889/7824, 72.4 task/s, elapsed: 12s, ETA:    96s[>>>                         ] 890/7824, 72.4 task/s, elapsed: 12s, ETA:    96s[>>>                         ] 891/7824, 72.4 task/s, elapsed: 12s, ETA:    96s[>>>                         ] 892/7824, 72.4 task/s, elapsed: 12s, ETA:    96s[>>>                         ] 893/7824, 72.4 task/s, elapsed: 12s, ETA:    96s[>>>                         ] 894/7824, 72.4 task/s, elapsed: 12s, ETA:    96s[>>>                         ] 895/7824, 72.5 task/s, elapsed: 12s, ETA:    96s[>>>                         ] 896/7824, 72.5 task/s, elapsed: 12s, ETA:    96s[>>>                         ] 897/7824, 72.5 task/s, elapsed: 12s, ETA:    96s[>>>                         ] 898/7824, 72.5 task/s, elapsed: 12s, ETA:    96s[>>>                         ] 899/7824, 72.5 task/s, elapsed: 12s, ETA:    96s[>>>                         ] 900/7824, 72.5 task/s, elapsed: 12s, ETA:    96s[>>>                         ] 901/7824, 72.5 task/s, elapsed: 12s, ETA:    96s[>>>                         ] 902/7824, 72.5 task/s, elapsed: 12s, ETA:    96s[>>>                         ] 903/7824, 72.5 task/s, elapsed: 12s, ETA:    96s[>>>                         ] 904/7824, 72.5 task/s, elapsed: 12s, ETA:    95s[>>>                         ] 905/7824, 72.5 task/s, elapsed: 12s, ETA:    95s[>>>                         ] 906/7824, 72.5 task/s, elapsed: 13s, ETA:    95s[>>>                         ] 907/7824, 72.5 task/s, elapsed: 13s, ETA:    95s[>>>                         ] 908/7824, 72.5 task/s, elapsed: 13s, ETA:    95s[>>>                         ] 909/7824, 72.5 task/s, elapsed: 13s, ETA:    95s[>>>                         ] 910/7824, 72.5 task/s, elapsed: 13s, ETA:    95s[>>>                         ] 911/7824, 72.5 task/s, elapsed: 13s, ETA:    95s[>>>                         ] 912/7824, 72.5 task/s, elapsed: 13s, ETA:    95s[>>>                         ] 913/7824, 72.5 task/s, elapsed: 13s, ETA:    95s[>>>                         ] 914/7824, 72.5 task/s, elapsed: 13s, ETA:    95s[>>>                         ] 915/7824, 72.5 task/s, elapsed: 13s, ETA:    95s[>>>                         ] 916/7824, 72.5 task/s, elapsed: 13s, ETA:    95s[>>>                         ] 917/7824, 72.5 task/s, elapsed: 13s, ETA:    95s[>>>                         ] 918/7824, 72.5 task/s, elapsed: 13s, ETA:    95s[>>>                         ] 919/7824, 72.5 task/s, elapsed: 13s, ETA:    95s[>>>                         ] 920/7824, 72.5 task/s, elapsed: 13s, ETA:    95s[>>>                         ] 921/7824, 72.5 task/s, elapsed: 13s, ETA:    95s[>>>                         ] 922/7824, 72.5 task/s, elapsed: 13s, ETA:    95s[>>>                         ] 923/7824, 72.5 task/s, elapsed: 13s, ETA:    95s[>>>                         ] 924/7824, 72.5 task/s, elapsed: 13s, ETA:    95s[>>>                         ] 925/7824, 72.5 task/s, elapsed: 13s, ETA:    95s[>>>                         ] 926/7824, 72.5 task/s, elapsed: 13s, ETA:    95s[>>>                         ] 927/7824, 72.5 task/s, elapsed: 13s, ETA:    95s[>>>                         ] 928/7824, 72.5 task/s, elapsed: 13s, ETA:    95s[>>>                         ] 929/7824, 72.5 task/s, elapsed: 13s, ETA:    95s[>>>                         ] 930/7824, 72.5 task/s, elapsed: 13s, ETA:    95s[>>>                         ] 931/7824, 72.6 task/s, elapsed: 13s, ETA:    95s[>>>                         ] 932/7824, 72.6 task/s, elapsed: 13s, ETA:    95s[>>>                         ] 933/7824, 72.6 task/s, elapsed: 13s, ETA:    95s[>>>                         ] 934/7824, 72.6 task/s, elapsed: 13s, ETA:    95s[>>>                         ] 935/7824, 72.6 task/s, elapsed: 13s, ETA:    95s[>>>                         ] 936/7824, 72.6 task/s, elapsed: 13s, ETA:    95s[>>>                         ] 937/7824, 72.6 task/s, elapsed: 13s, ETA:    95s[>>>                         ] 938/7824, 72.6 task/s, elapsed: 13s, ETA:    95s[>>>                         ] 939/7824, 72.6 task/s, elapsed: 13s, ETA:    95s[>>>                         ] 940/7824, 72.6 task/s, elapsed: 13s, ETA:    95s[>>>                         ] 941/7824, 72.6 task/s, elapsed: 13s, ETA:    95s[>>>                         ] 942/7824, 72.6 task/s, elapsed: 13s, ETA:    95s[>>>                         ] 943/7824, 72.6 task/s, elapsed: 13s, ETA:    95s[>>>                         ] 944/7824, 72.6 task/s, elapsed: 13s, ETA:    95s[>>>                         ] 945/7824, 72.6 task/s, elapsed: 13s, ETA:    95s[>>>                         ] 946/7824, 72.6 task/s, elapsed: 13s, ETA:    95s[>>>                         ] 947/7824, 72.6 task/s, elapsed: 13s, ETA:    95s[>>>                         ] 948/7824, 72.6 task/s, elapsed: 13s, ETA:    95s[>>>                         ] 949/7824, 72.6 task/s, elapsed: 13s, ETA:    95s[>>>                         ] 950/7824, 72.6 task/s, elapsed: 13s, ETA:    95s[>>>                         ] 951/7824, 72.6 task/s, elapsed: 13s, ETA:    95s[>>>                         ] 952/7824, 72.6 task/s, elapsed: 13s, ETA:    95s[>>>                         ] 953/7824, 72.6 task/s, elapsed: 13s, ETA:    95s[>>>                         ] 954/7824, 72.6 task/s, elapsed: 13s, ETA:    95s[>>>                         ] 955/7824, 72.6 task/s, elapsed: 13s, ETA:    95s[>>>                         ] 956/7824, 72.6 task/s, elapsed: 13s, ETA:    95s[>>>                         ] 957/7824, 72.6 task/s, elapsed: 13s, ETA:    95s[>>>                         ] 958/7824, 72.6 task/s, elapsed: 13s, ETA:    95s[>>>                         ] 959/7824, 72.6 task/s, elapsed: 13s, ETA:    94s[>>>                         ] 960/7824, 72.7 task/s, elapsed: 13s, ETA:    94s[>>>                         ] 961/7824, 72.7 task/s, elapsed: 13s, ETA:    94s[>>>                         ] 962/7824, 72.7 task/s, elapsed: 13s, ETA:    94s[>>>                         ] 963/7824, 72.7 task/s, elapsed: 13s, ETA:    94s[>>>                         ] 964/7824, 72.7 task/s, elapsed: 13s, ETA:    94s[>>>                         ] 965/7824, 72.7 task/s, elapsed: 13s, ETA:    94s[>>>                         ] 966/7824, 72.7 task/s, elapsed: 13s, ETA:    94s[>>>                         ] 967/7824, 72.7 task/s, elapsed: 13s, ETA:    94s[>>>                         ] 968/7824, 72.7 task/s, elapsed: 13s, ETA:    94s[>>>                         ] 969/7824, 72.7 task/s, elapsed: 13s, ETA:    94s[>>>                         ] 970/7824, 72.7 task/s, elapsed: 13s, ETA:    94s[>>>                         ] 971/7824, 72.7 task/s, elapsed: 13s, ETA:    94s[>>>                         ] 972/7824, 72.7 task/s, elapsed: 13s, ETA:    94s[>>>                         ] 973/7824, 72.7 task/s, elapsed: 13s, ETA:    94s[>>>                         ] 974/7824, 72.7 task/s, elapsed: 13s, ETA:    94s[>>>                         ] 975/7824, 72.7 task/s, elapsed: 13s, ETA:    94s[>>>                         ] 976/7824, 72.7 task/s, elapsed: 13s, ETA:    94s[>>>                         ] 977/7824, 72.7 task/s, elapsed: 13s, ETA:    94s[>>>                         ] 978/7824, 72.7 task/s, elapsed: 13s, ETA:    94s[>>>                         ] 979/7824, 72.7 task/s, elapsed: 13s, ETA:    94s[>>>                         ] 980/7824, 72.7 task/s, elapsed: 13s, ETA:    94s[>>>                         ] 981/7824, 72.7 task/s, elapsed: 13s, ETA:    94s[>>>                         ] 982/7824, 72.7 task/s, elapsed: 14s, ETA:    94s[>>>                         ] 983/7824, 72.7 task/s, elapsed: 14s, ETA:    94s[>>>                         ] 984/7824, 72.7 task/s, elapsed: 14s, ETA:    94s[>>>                         ] 985/7824, 72.7 task/s, elapsed: 14s, ETA:    94s[>>>                         ] 986/7824, 72.7 task/s, elapsed: 14s, ETA:    94s[>>>                         ] 987/7824, 72.7 task/s, elapsed: 14s, ETA:    94s[>>>                         ] 988/7824, 72.7 task/s, elapsed: 14s, ETA:    94s[>>>                         ] 989/7824, 72.7 task/s, elapsed: 14s, ETA:    94s[>>>                         ] 990/7824, 72.7 task/s, elapsed: 14s, ETA:    94s[>>>                         ] 991/7824, 72.7 task/s, elapsed: 14s, ETA:    94s[>>>                         ] 992/7824, 72.7 task/s, elapsed: 14s, ETA:    94s[>>>                         ] 993/7824, 72.7 task/s, elapsed: 14s, ETA:    94s[>>>                         ] 994/7824, 72.7 task/s, elapsed: 14s, ETA:    94s[>>>                         ] 995/7824, 72.7 task/s, elapsed: 14s, ETA:    94s[>>>                         ] 996/7824, 72.7 task/s, elapsed: 14s, ETA:    94s[>>>                         ] 997/7824, 72.7 task/s, elapsed: 14s, ETA:    94s[>>>                         ] 998/7824, 72.7 task/s, elapsed: 14s, ETA:    94s[>>>                         ] 999/7824, 72.7 task/s, elapsed: 14s, ETA:    94s[>>>                        ] 1000/7824, 72.7 task/s, elapsed: 14s, ETA:    94s[>>>                        ] 1001/7824, 72.8 task/s, elapsed: 14s, ETA:    94s[>>>                        ] 1002/7824, 72.8 task/s, elapsed: 14s, ETA:    94s[>>>                        ] 1003/7824, 72.7 task/s, elapsed: 14s, ETA:    94s[>>>                        ] 1004/7824, 72.7 task/s, elapsed: 14s, ETA:    94s[>>>                        ] 1005/7824, 72.7 task/s, elapsed: 14s, ETA:    94s[>>>                        ] 1006/7824, 72.7 task/s, elapsed: 14s, ETA:    94s[>>>                        ] 1007/7824, 72.7 task/s, elapsed: 14s, ETA:    94s[>>>                        ] 1008/7824, 72.7 task/s, elapsed: 14s, ETA:    94s[>>>                        ] 1009/7824, 72.7 task/s, elapsed: 14s, ETA:    94s[>>>                        ] 1010/7824, 72.7 task/s, elapsed: 14s, ETA:    94s[>>>                        ] 1011/7824, 72.7 task/s, elapsed: 14s, ETA:    94s[>>>                        ] 1012/7824, 72.7 task/s, elapsed: 14s, ETA:    94s[>>>                        ] 1013/7824, 72.7 task/s, elapsed: 14s, ETA:    94s[>>>                        ] 1014/7824, 72.7 task/s, elapsed: 14s, ETA:    94s[>>>                        ] 1015/7824, 72.7 task/s, elapsed: 14s, ETA:    94s[>>>                        ] 1016/7824, 72.7 task/s, elapsed: 14s, ETA:    94s[>>>                        ] 1017/7824, 72.7 task/s, elapsed: 14s, ETA:    94s[>>>                        ] 1018/7824, 72.7 task/s, elapsed: 14s, ETA:    94s[>>>                        ] 1019/7824, 72.7 task/s, elapsed: 14s, ETA:    94s[>>>                        ] 1020/7824, 72.7 task/s, elapsed: 14s, ETA:    94s[>>>                        ] 1021/7824, 72.7 task/s, elapsed: 14s, ETA:    94s[>>>                        ] 1022/7824, 72.7 task/s, elapsed: 14s, ETA:    94s[>>>                        ] 1023/7824, 72.7 task/s, elapsed: 14s, ETA:    94s[>>>                        ] 1024/7824, 72.7 task/s, elapsed: 14s, ETA:    94s[>>>                        ] 1025/7824, 72.7 task/s, elapsed: 14s, ETA:    94s[>>>                        ] 1026/7824, 72.7 task/s, elapsed: 14s, ETA:    94s[>>>                        ] 1027/7824, 72.7 task/s, elapsed: 14s, ETA:    93s[>>>                        ] 1028/7824, 72.7 task/s, elapsed: 14s, ETA:    93s[>>>                        ] 1029/7824, 72.7 task/s, elapsed: 14s, ETA:    93s[>>>                        ] 1030/7824, 72.7 task/s, elapsed: 14s, ETA:    93s[>>>                        ] 1031/7824, 72.7 task/s, elapsed: 14s, ETA:    93s[>>>                        ] 1032/7824, 72.7 task/s, elapsed: 14s, ETA:    93s[>>>                        ] 1033/7824, 72.7 task/s, elapsed: 14s, ETA:    93s[>>>                        ] 1034/7824, 72.7 task/s, elapsed: 14s, ETA:    93s[>>>                        ] 1035/7824, 72.7 task/s, elapsed: 14s, ETA:    93s[>>>                        ] 1036/7824, 72.7 task/s, elapsed: 14s, ETA:    93s[>>>                        ] 1037/7824, 72.7 task/s, elapsed: 14s, ETA:    93s[>>>                        ] 1038/7824, 72.7 task/s, elapsed: 14s, ETA:    93s[>>>                        ] 1039/7824, 72.7 task/s, elapsed: 14s, ETA:    93s[>>>                        ] 1040/7824, 72.7 task/s, elapsed: 14s, ETA:    93s[>>>                        ] 1041/7824, 72.7 task/s, elapsed: 14s, ETA:    93s[>>>                        ] 1042/7824, 72.7 task/s, elapsed: 14s, ETA:    93s[>>>                        ] 1043/7824, 72.7 task/s, elapsed: 14s, ETA:    93s[>>>                        ] 1044/7824, 72.7 task/s, elapsed: 14s, ETA:    93s[>>>                        ] 1045/7824, 72.7 task/s, elapsed: 14s, ETA:    93s[>>>                        ] 1046/7824, 72.7 task/s, elapsed: 14s, ETA:    93s[>>>                        ] 1047/7824, 72.7 task/s, elapsed: 14s, ETA:    93s[>>>                        ] 1048/7824, 72.7 task/s, elapsed: 14s, ETA:    93s[>>>                        ] 1049/7824, 72.7 task/s, elapsed: 14s, ETA:    93s[>>>                        ] 1050/7824, 72.7 task/s, elapsed: 14s, ETA:    93s[>>>                        ] 1051/7824, 72.7 task/s, elapsed: 14s, ETA:    93s[>>>                        ] 1052/7824, 72.7 task/s, elapsed: 14s, ETA:    93s[>>>                        ] 1053/7824, 72.7 task/s, elapsed: 14s, ETA:    93s[>>>                        ] 1054/7824, 72.7 task/s, elapsed: 15s, ETA:    93s[>>>                        ] 1055/7824, 72.7 task/s, elapsed: 15s, ETA:    93s[>>>                        ] 1056/7824, 72.7 task/s, elapsed: 15s, ETA:    93s[>>>                        ] 1057/7824, 72.7 task/s, elapsed: 15s, ETA:    93s[>>>                        ] 1058/7824, 72.7 task/s, elapsed: 15s, ETA:    93s[>>>                        ] 1059/7824, 72.7 task/s, elapsed: 15s, ETA:    93s[>>>                        ] 1060/7824, 72.7 task/s, elapsed: 15s, ETA:    93s[>>>                        ] 1061/7824, 72.7 task/s, elapsed: 15s, ETA:    93s[>>>                        ] 1062/7824, 72.7 task/s, elapsed: 15s, ETA:    93s[>>>                        ] 1063/7824, 72.7 task/s, elapsed: 15s, ETA:    93s[>>>                        ] 1064/7824, 72.7 task/s, elapsed: 15s, ETA:    93s[>>>                        ] 1065/7824, 72.7 task/s, elapsed: 15s, ETA:    93s[>>>                        ] 1066/7824, 72.7 task/s, elapsed: 15s, ETA:    93s[>>>                        ] 1067/7824, 72.7 task/s, elapsed: 15s, ETA:    93s[>>>                        ] 1068/7824, 72.7 task/s, elapsed: 15s, ETA:    93s[>>>                        ] 1069/7824, 72.7 task/s, elapsed: 15s, ETA:    93s[>>>                        ] 1070/7824, 72.7 task/s, elapsed: 15s, ETA:    93s[>>>                        ] 1071/7824, 72.7 task/s, elapsed: 15s, ETA:    93s[>>>                        ] 1072/7824, 72.7 task/s, elapsed: 15s, ETA:    93s[>>>                        ] 1073/7824, 72.7 task/s, elapsed: 15s, ETA:    93s[>>>                        ] 1074/7824, 72.7 task/s, elapsed: 15s, ETA:    93s[>>>                        ] 1075/7824, 72.7 task/s, elapsed: 15s, ETA:    93s[>>>                        ] 1076/7824, 72.7 task/s, elapsed: 15s, ETA:    93s[>>>                        ] 1077/7824, 72.7 task/s, elapsed: 15s, ETA:    93s[>>>                        ] 1078/7824, 72.7 task/s, elapsed: 15s, ETA:    93s[>>>                        ] 1079/7824, 72.7 task/s, elapsed: 15s, ETA:    93s[>>>                        ] 1080/7824, 72.7 task/s, elapsed: 15s, ETA:    93s[>>>                        ] 1081/7824, 72.7 task/s, elapsed: 15s, ETA:    93s[>>>                        ] 1082/7824, 72.7 task/s, elapsed: 15s, ETA:    93s[>>>                        ] 1083/7824, 72.7 task/s, elapsed: 15s, ETA:    93s[>>>                        ] 1084/7824, 72.7 task/s, elapsed: 15s, ETA:    93s[>>>                        ] 1085/7824, 72.7 task/s, elapsed: 15s, ETA:    93s[>>>                        ] 1086/7824, 72.7 task/s, elapsed: 15s, ETA:    93s[>>>                        ] 1087/7824, 72.7 task/s, elapsed: 15s, ETA:    93s[>>>                        ] 1088/7824, 72.7 task/s, elapsed: 15s, ETA:    93s[>>>                        ] 1089/7824, 72.7 task/s, elapsed: 15s, ETA:    93s[>>>                        ] 1090/7824, 72.7 task/s, elapsed: 15s, ETA:    93s[>>>                        ] 1091/7824, 72.7 task/s, elapsed: 15s, ETA:    93s[>>>                        ] 1092/7824, 72.7 task/s, elapsed: 15s, ETA:    93s[>>>                        ] 1093/7824, 72.7 task/s, elapsed: 15s, ETA:    93s[>>>                        ] 1094/7824, 72.7 task/s, elapsed: 15s, ETA:    93s[>>>                        ] 1095/7824, 72.7 task/s, elapsed: 15s, ETA:    93s[>>>                        ] 1096/7824, 72.7 task/s, elapsed: 15s, ETA:    93s[>>>                        ] 1097/7824, 72.7 task/s, elapsed: 15s, ETA:    93s[>>>                        ] 1098/7824, 72.7 task/s, elapsed: 15s, ETA:    92s[>>>                        ] 1099/7824, 72.7 task/s, elapsed: 15s, ETA:    92s[>>>                        ] 1100/7824, 72.7 task/s, elapsed: 15s, ETA:    93s[>>>                        ] 1101/7824, 72.7 task/s, elapsed: 15s, ETA:    93s[>>>                        ] 1102/7824, 72.6 task/s, elapsed: 15s, ETA:    93s[>>>                        ] 1103/7824, 72.6 task/s, elapsed: 15s, ETA:    93s[>>>                        ] 1104/7824, 72.6 task/s, elapsed: 15s, ETA:    93s[>>>                        ] 1105/7824, 72.6 task/s, elapsed: 15s, ETA:    93s[>>>                        ] 1106/7824, 72.6 task/s, elapsed: 15s, ETA:    93s[>>>                        ] 1107/7824, 72.6 task/s, elapsed: 15s, ETA:    93s[>>>                        ] 1108/7824, 72.6 task/s, elapsed: 15s, ETA:    92s[>>>                        ] 1109/7824, 72.6 task/s, elapsed: 15s, ETA:    92s[>>>                        ] 1110/7824, 72.6 task/s, elapsed: 15s, ETA:    92s[>>>                        ] 1111/7824, 72.6 task/s, elapsed: 15s, ETA:    92s[>>>                        ] 1112/7824, 72.6 task/s, elapsed: 15s, ETA:    92s[>>>                        ] 1113/7824, 72.6 task/s, elapsed: 15s, ETA:    92s[>>>                        ] 1114/7824, 72.6 task/s, elapsed: 15s, ETA:    92s[>>>                        ] 1115/7824, 72.6 task/s, elapsed: 15s, ETA:    92s[>>>                        ] 1116/7824, 72.6 task/s, elapsed: 15s, ETA:    92s[>>>                        ] 1117/7824, 72.6 task/s, elapsed: 15s, ETA:    92s[>>>                        ] 1118/7824, 72.6 task/s, elapsed: 15s, ETA:    92s[>>>                        ] 1119/7824, 72.6 task/s, elapsed: 15s, ETA:    92s[>>>                        ] 1120/7824, 72.6 task/s, elapsed: 15s, ETA:    92s[>>>                        ] 1121/7824, 72.6 task/s, elapsed: 15s, ETA:    92s[>>>                        ] 1122/7824, 72.6 task/s, elapsed: 15s, ETA:    92s[>>>                        ] 1123/7824, 72.6 task/s, elapsed: 15s, ETA:    92s[>>>                        ] 1124/7824, 72.6 task/s, elapsed: 15s, ETA:    92s[>>>                        ] 1125/7824, 72.6 task/s, elapsed: 15s, ETA:    92s[>>>                        ] 1126/7824, 72.6 task/s, elapsed: 16s, ETA:    92s[>>>                        ] 1127/7824, 72.6 task/s, elapsed: 16s, ETA:    92s[>>>                        ] 1128/7824, 72.6 task/s, elapsed: 16s, ETA:    92s[>>>                        ] 1129/7824, 72.6 task/s, elapsed: 16s, ETA:    92s[>>>                        ] 1130/7824, 72.6 task/s, elapsed: 16s, ETA:    92s[>>>                        ] 1131/7824, 72.6 task/s, elapsed: 16s, ETA:    92s[>>>                        ] 1132/7824, 72.6 task/s, elapsed: 16s, ETA:    92s[>>>                        ] 1133/7824, 72.6 task/s, elapsed: 16s, ETA:    92s[>>>                        ] 1134/7824, 72.6 task/s, elapsed: 16s, ETA:    92s[>>>                        ] 1135/7824, 72.6 task/s, elapsed: 16s, ETA:    92s[>>>                        ] 1136/7824, 72.6 task/s, elapsed: 16s, ETA:    92s[>>>                        ] 1137/7824, 72.6 task/s, elapsed: 16s, ETA:    92s[>>>                        ] 1138/7824, 72.6 task/s, elapsed: 16s, ETA:    92s[>>>                        ] 1139/7824, 72.7 task/s, elapsed: 16s, ETA:    92s[>>>                        ] 1140/7824, 72.7 task/s, elapsed: 16s, ETA:    92s[>>>                        ] 1141/7824, 72.6 task/s, elapsed: 16s, ETA:    92s[>>>                        ] 1142/7824, 72.6 task/s, elapsed: 16s, ETA:    92s[>>>                        ] 1143/7824, 72.6 task/s, elapsed: 16s, ETA:    92s[>>>                        ] 1144/7824, 72.6 task/s, elapsed: 16s, ETA:    92s[>>>                        ] 1145/7824, 72.6 task/s, elapsed: 16s, ETA:    92s[>>>                        ] 1146/7824, 72.6 task/s, elapsed: 16s, ETA:    92s[>>>                        ] 1147/7824, 72.6 task/s, elapsed: 16s, ETA:    92s[>>>                        ] 1148/7824, 72.6 task/s, elapsed: 16s, ETA:    92s[>>>                        ] 1149/7824, 72.6 task/s, elapsed: 16s, ETA:    92s[>>>                        ] 1150/7824, 72.6 task/s, elapsed: 16s, ETA:    92s[>>>                        ] 1151/7824, 72.6 task/s, elapsed: 16s, ETA:    92s[>>>                        ] 1152/7824, 72.6 task/s, elapsed: 16s, ETA:    92s[>>>                        ] 1153/7824, 72.6 task/s, elapsed: 16s, ETA:    92s[>>>                        ] 1154/7824, 72.6 task/s, elapsed: 16s, ETA:    92s[>>>                        ] 1155/7824, 72.6 task/s, elapsed: 16s, ETA:    92s[>>>                        ] 1156/7824, 72.6 task/s, elapsed: 16s, ETA:    92s[>>>                        ] 1157/7824, 72.7 task/s, elapsed: 16s, ETA:    92s[>>>                        ] 1158/7824, 72.7 task/s, elapsed: 16s, ETA:    92s[>>>                        ] 1159/7824, 72.7 task/s, elapsed: 16s, ETA:    92s[>>>>                       ] 1160/7824, 72.7 task/s, elapsed: 16s, ETA:    92s[>>>>                       ] 1161/7824, 72.7 task/s, elapsed: 16s, ETA:    92s[>>>>                       ] 1162/7824, 72.7 task/s, elapsed: 16s, ETA:    92s[>>>>                       ] 1163/7824, 72.7 task/s, elapsed: 16s, ETA:    92s[>>>>                       ] 1164/7824, 72.7 task/s, elapsed: 16s, ETA:    92s[>>>>                       ] 1165/7824, 72.7 task/s, elapsed: 16s, ETA:    92s[>>>>                       ] 1166/7824, 72.7 task/s, elapsed: 16s, ETA:    92s[>>>>                       ] 1167/7824, 72.7 task/s, elapsed: 16s, ETA:    92s[>>>>                       ] 1168/7824, 72.7 task/s, elapsed: 16s, ETA:    92s[>>>>                       ] 1169/7824, 72.7 task/s, elapsed: 16s, ETA:    92s[>>>>                       ] 1170/7824, 72.7 task/s, elapsed: 16s, ETA:    92s[>>>>                       ] 1171/7824, 72.7 task/s, elapsed: 16s, ETA:    92s[>>>>                       ] 1172/7824, 72.7 task/s, elapsed: 16s, ETA:    92s[>>>>                       ] 1173/7824, 72.7 task/s, elapsed: 16s, ETA:    92s[>>>>                       ] 1174/7824, 72.7 task/s, elapsed: 16s, ETA:    92s[>>>>                       ] 1175/7824, 72.7 task/s, elapsed: 16s, ETA:    91s[>>>>                       ] 1176/7824, 72.7 task/s, elapsed: 16s, ETA:    91s[>>>>                       ] 1177/7824, 72.7 task/s, elapsed: 16s, ETA:    91s[>>>>                       ] 1178/7824, 72.7 task/s, elapsed: 16s, ETA:    91s[>>>>                       ] 1179/7824, 72.7 task/s, elapsed: 16s, ETA:    91s[>>>>                       ] 1180/7824, 72.7 task/s, elapsed: 16s, ETA:    91s[>>>>                       ] 1181/7824, 72.7 task/s, elapsed: 16s, ETA:    91s[>>>>                       ] 1182/7824, 72.7 task/s, elapsed: 16s, ETA:    91s[>>>>                       ] 1183/7824, 72.7 task/s, elapsed: 16s, ETA:    91s[>>>>                       ] 1184/7824, 72.7 task/s, elapsed: 16s, ETA:    91s[>>>>                       ] 1185/7824, 72.7 task/s, elapsed: 16s, ETA:    91s[>>>>                       ] 1186/7824, 72.7 task/s, elapsed: 16s, ETA:    91s[>>>>                       ] 1187/7824, 72.7 task/s, elapsed: 16s, ETA:    91s[>>>>                       ] 1188/7824, 72.7 task/s, elapsed: 16s, ETA:    91s[>>>>                       ] 1189/7824, 72.7 task/s, elapsed: 16s, ETA:    91s[>>>>                       ] 1190/7824, 72.7 task/s, elapsed: 16s, ETA:    91s[>>>>                       ] 1191/7824, 72.7 task/s, elapsed: 16s, ETA:    91s[>>>>                       ] 1192/7824, 72.7 task/s, elapsed: 16s, ETA:    91s[>>>>                       ] 1193/7824, 72.7 task/s, elapsed: 16s, ETA:    91s[>>>>                       ] 1194/7824, 72.7 task/s, elapsed: 16s, ETA:    91s[>>>>                       ] 1195/7824, 72.7 task/s, elapsed: 16s, ETA:    91s[>>>>                       ] 1196/7824, 72.7 task/s, elapsed: 16s, ETA:    91s[>>>>                       ] 1197/7824, 72.7 task/s, elapsed: 16s, ETA:    91s[>>>>                       ] 1198/7824, 72.7 task/s, elapsed: 16s, ETA:    91s[>>>>                       ] 1199/7824, 72.7 task/s, elapsed: 16s, ETA:    91s[>>>>                       ] 1200/7824, 72.7 task/s, elapsed: 16s, ETA:    91s[>>>>                       ] 1201/7824, 72.7 task/s, elapsed: 17s, ETA:    91s[>>>>                       ] 1202/7824, 72.7 task/s, elapsed: 17s, ETA:    91s[>>>>                       ] 1203/7824, 72.7 task/s, elapsed: 17s, ETA:    91s[>>>>                       ] 1204/7824, 72.7 task/s, elapsed: 17s, ETA:    91s[>>>>                       ] 1205/7824, 72.8 task/s, elapsed: 17s, ETA:    91s[>>>>                       ] 1206/7824, 72.8 task/s, elapsed: 17s, ETA:    91s[>>>>                       ] 1207/7824, 72.8 task/s, elapsed: 17s, ETA:    91s[>>>>                       ] 1208/7824, 72.8 task/s, elapsed: 17s, ETA:    91s[>>>>                       ] 1209/7824, 72.8 task/s, elapsed: 17s, ETA:    91s[>>>>                       ] 1210/7824, 72.8 task/s, elapsed: 17s, ETA:    91s[>>>>                       ] 1211/7824, 72.8 task/s, elapsed: 17s, ETA:    91s[>>>>                       ] 1212/7824, 72.8 task/s, elapsed: 17s, ETA:    91s[>>>>                       ] 1213/7824, 72.8 task/s, elapsed: 17s, ETA:    91s[>>>>                       ] 1214/7824, 72.8 task/s, elapsed: 17s, ETA:    91s[>>>>                       ] 1215/7824, 72.8 task/s, elapsed: 17s, ETA:    91s[>>>>                       ] 1216/7824, 72.8 task/s, elapsed: 17s, ETA:    91s[>>>>                       ] 1217/7824, 72.8 task/s, elapsed: 17s, ETA:    91s[>>>>                       ] 1218/7824, 72.8 task/s, elapsed: 17s, ETA:    91s[>>>>                       ] 1219/7824, 72.8 task/s, elapsed: 17s, ETA:    91s[>>>>                       ] 1220/7824, 72.8 task/s, elapsed: 17s, ETA:    91s[>>>>                       ] 1221/7824, 72.8 task/s, elapsed: 17s, ETA:    91s[>>>>                       ] 1222/7824, 72.8 task/s, elapsed: 17s, ETA:    91s[>>>>                       ] 1223/7824, 72.8 task/s, elapsed: 17s, ETA:    91s[>>>>                       ] 1224/7824, 72.8 task/s, elapsed: 17s, ETA:    91s[>>>>                       ] 1225/7824, 72.8 task/s, elapsed: 17s, ETA:    91s[>>>>                       ] 1226/7824, 72.8 task/s, elapsed: 17s, ETA:    91s[>>>>                       ] 1227/7824, 72.8 task/s, elapsed: 17s, ETA:    91s[>>>>                       ] 1228/7824, 72.8 task/s, elapsed: 17s, ETA:    91s[>>>>                       ] 1229/7824, 72.8 task/s, elapsed: 17s, ETA:    91s[>>>>                       ] 1230/7824, 72.8 task/s, elapsed: 17s, ETA:    91s[>>>>                       ] 1231/7824, 72.8 task/s, elapsed: 17s, ETA:    91s[>>>>                       ] 1232/7824, 72.8 task/s, elapsed: 17s, ETA:    91s[>>>>                       ] 1233/7824, 72.8 task/s, elapsed: 17s, ETA:    91s[>>>>                       ] 1234/7824, 72.8 task/s, elapsed: 17s, ETA:    90s[>>>>                       ] 1235/7824, 72.8 task/s, elapsed: 17s, ETA:    90s[>>>>                       ] 1236/7824, 72.8 task/s, elapsed: 17s, ETA:    90s[>>>>                       ] 1237/7824, 72.8 task/s, elapsed: 17s, ETA:    90s[>>>>                       ] 1238/7824, 72.8 task/s, elapsed: 17s, ETA:    90s[>>>>                       ] 1239/7824, 72.8 task/s, elapsed: 17s, ETA:    90s[>>>>                       ] 1240/7824, 72.9 task/s, elapsed: 17s, ETA:    90s[>>>>                       ] 1241/7824, 72.9 task/s, elapsed: 17s, ETA:    90s[>>>>                       ] 1242/7824, 72.9 task/s, elapsed: 17s, ETA:    90s[>>>>                       ] 1243/7824, 72.9 task/s, elapsed: 17s, ETA:    90s[>>>>                       ] 1244/7824, 72.9 task/s, elapsed: 17s, ETA:    90s[>>>>                       ] 1245/7824, 73.0 task/s, elapsed: 17s, ETA:    90s[>>>>                       ] 1246/7824, 73.0 task/s, elapsed: 17s, ETA:    90s[>>>>                       ] 1247/7824, 73.0 task/s, elapsed: 17s, ETA:    90s[>>>>                       ] 1248/7824, 73.0 task/s, elapsed: 17s, ETA:    90s[>>>>                       ] 1249/7824, 73.0 task/s, elapsed: 17s, ETA:    90s[>>>>                       ] 1250/7824, 73.0 task/s, elapsed: 17s, ETA:    90s[>>>>                       ] 1251/7824, 73.1 task/s, elapsed: 17s, ETA:    90s[>>>>                       ] 1252/7824, 73.1 task/s, elapsed: 17s, ETA:    90s[>>>>                       ] 1253/7824, 73.1 task/s, elapsed: 17s, ETA:    90s[>>>>                       ] 1254/7824, 73.1 task/s, elapsed: 17s, ETA:    90s[>>>>                       ] 1255/7824, 73.1 task/s, elapsed: 17s, ETA:    90s[>>>>                       ] 1256/7824, 73.2 task/s, elapsed: 17s, ETA:    90s[>>>>                       ] 1257/7824, 73.2 task/s, elapsed: 17s, ETA:    90s[>>>>                       ] 1258/7824, 73.2 task/s, elapsed: 17s, ETA:    90s[>>>>                       ] 1259/7824, 73.2 task/s, elapsed: 17s, ETA:    90s[>>>>                       ] 1260/7824, 73.3 task/s, elapsed: 17s, ETA:    90s[>>>>                       ] 1261/7824, 73.3 task/s, elapsed: 17s, ETA:    90s[>>>>                       ] 1262/7824, 73.3 task/s, elapsed: 17s, ETA:    90s[>>>>                       ] 1263/7824, 73.3 task/s, elapsed: 17s, ETA:    89s[>>>>                       ] 1264/7824, 73.3 task/s, elapsed: 17s, ETA:    89s[>>>>                       ] 1265/7824, 73.3 task/s, elapsed: 17s, ETA:    89s[>>>>                       ] 1266/7824, 73.3 task/s, elapsed: 17s, ETA:    89s[>>>>                       ] 1267/7824, 73.3 task/s, elapsed: 17s, ETA:    89s[>>>>                       ] 1268/7824, 73.3 task/s, elapsed: 17s, ETA:    89s[>>>>                       ] 1269/7824, 73.3 task/s, elapsed: 17s, ETA:    89s[>>>>                       ] 1270/7824, 73.3 task/s, elapsed: 17s, ETA:    89s[>>>>                       ] 1271/7824, 73.3 task/s, elapsed: 17s, ETA:    89s[>>>>                       ] 1272/7824, 73.3 task/s, elapsed: 17s, ETA:    89s[>>>>                       ] 1273/7824, 73.3 task/s, elapsed: 17s, ETA:    89s[>>>>                       ] 1274/7824, 73.3 task/s, elapsed: 17s, ETA:    89s[>>>>                       ] 1275/7824, 73.3 task/s, elapsed: 17s, ETA:    89s[>>>>                       ] 1276/7824, 73.3 task/s, elapsed: 17s, ETA:    89s[>>>>                       ] 1277/7824, 73.3 task/s, elapsed: 17s, ETA:    89s[>>>>                       ] 1278/7824, 73.3 task/s, elapsed: 17s, ETA:    89s[>>>>                       ] 1279/7824, 73.3 task/s, elapsed: 17s, ETA:    89s[>>>>                       ] 1280/7824, 73.3 task/s, elapsed: 17s, ETA:    89s[>>>>                       ] 1281/7824, 73.3 task/s, elapsed: 17s, ETA:    89s[>>>>                       ] 1282/7824, 73.3 task/s, elapsed: 17s, ETA:    89s[>>>>                       ] 1283/7824, 73.3 task/s, elapsed: 18s, ETA:    89s[>>>>                       ] 1284/7824, 73.3 task/s, elapsed: 18s, ETA:    89s[>>>>                       ] 1285/7824, 73.3 task/s, elapsed: 18s, ETA:    89s[>>>>                       ] 1286/7824, 73.3 task/s, elapsed: 18s, ETA:    89s[>>>>                       ] 1287/7824, 73.3 task/s, elapsed: 18s, ETA:    89s[>>>>                       ] 1288/7824, 73.3 task/s, elapsed: 18s, ETA:    89s[>>>>                       ] 1289/7824, 73.3 task/s, elapsed: 18s, ETA:    89s[>>>>                       ] 1290/7824, 73.3 task/s, elapsed: 18s, ETA:    89s[>>>>                       ] 1291/7824, 73.3 task/s, elapsed: 18s, ETA:    89s[>>>>                       ] 1292/7824, 73.3 task/s, elapsed: 18s, ETA:    89s[>>>>                       ] 1293/7824, 73.3 task/s, elapsed: 18s, ETA:    89s[>>>>                       ] 1294/7824, 73.3 task/s, elapsed: 18s, ETA:    89s[>>>>                       ] 1295/7824, 73.3 task/s, elapsed: 18s, ETA:    89s[>>>>                       ] 1296/7824, 73.3 task/s, elapsed: 18s, ETA:    89s[>>>>                       ] 1297/7824, 73.3 task/s, elapsed: 18s, ETA:    89s[>>>>                       ] 1298/7824, 73.3 task/s, elapsed: 18s, ETA:    89s[>>>>                       ] 1299/7824, 73.3 task/s, elapsed: 18s, ETA:    89s[>>>>                       ] 1300/7824, 73.3 task/s, elapsed: 18s, ETA:    89s[>>>>                       ] 1301/7824, 73.3 task/s, elapsed: 18s, ETA:    89s[>>>>                       ] 1302/7824, 73.3 task/s, elapsed: 18s, ETA:    89s[>>>>                       ] 1303/7824, 73.3 task/s, elapsed: 18s, ETA:    89s[>>>>                       ] 1304/7824, 73.3 task/s, elapsed: 18s, ETA:    89s[>>>>                       ] 1305/7824, 73.3 task/s, elapsed: 18s, ETA:    89s[>>>>                       ] 1306/7824, 73.3 task/s, elapsed: 18s, ETA:    89s[>>>>                       ] 1307/7824, 73.3 task/s, elapsed: 18s, ETA:    89s[>>>>                       ] 1308/7824, 73.3 task/s, elapsed: 18s, ETA:    89s[>>>>                       ] 1309/7824, 73.3 task/s, elapsed: 18s, ETA:    89s[>>>>                       ] 1310/7824, 73.3 task/s, elapsed: 18s, ETA:    89s[>>>>                       ] 1311/7824, 73.3 task/s, elapsed: 18s, ETA:    89s[>>>>                       ] 1312/7824, 73.3 task/s, elapsed: 18s, ETA:    89s[>>>>                       ] 1313/7824, 73.3 task/s, elapsed: 18s, ETA:    89s[>>>>                       ] 1314/7824, 73.3 task/s, elapsed: 18s, ETA:    89s[>>>>                       ] 1315/7824, 73.3 task/s, elapsed: 18s, ETA:    89s[>>>>                       ] 1316/7824, 73.3 task/s, elapsed: 18s, ETA:    89s[>>>>                       ] 1317/7824, 73.3 task/s, elapsed: 18s, ETA:    89s[>>>>                       ] 1318/7824, 73.3 task/s, elapsed: 18s, ETA:    89s[>>>>                       ] 1319/7824, 73.3 task/s, elapsed: 18s, ETA:    89s[>>>>                       ] 1320/7824, 73.3 task/s, elapsed: 18s, ETA:    89s[>>>>                       ] 1321/7824, 73.3 task/s, elapsed: 18s, ETA:    89s[>>>>                       ] 1322/7824, 73.3 task/s, elapsed: 18s, ETA:    89s[>>>>                       ] 1323/7824, 73.3 task/s, elapsed: 18s, ETA:    89s[>>>>                       ] 1324/7824, 73.3 task/s, elapsed: 18s, ETA:    89s[>>>>                       ] 1325/7824, 73.3 task/s, elapsed: 18s, ETA:    89s[>>>>                       ] 1326/7824, 73.3 task/s, elapsed: 18s, ETA:    89s[>>>>                       ] 1327/7824, 73.4 task/s, elapsed: 18s, ETA:    89s[>>>>                       ] 1328/7824, 73.3 task/s, elapsed: 18s, ETA:    89s[>>>>                       ] 1329/7824, 73.3 task/s, elapsed: 18s, ETA:    89s[>>>>                       ] 1330/7824, 73.4 task/s, elapsed: 18s, ETA:    89s[>>>>                       ] 1331/7824, 73.4 task/s, elapsed: 18s, ETA:    89s[>>>>                       ] 1332/7824, 73.4 task/s, elapsed: 18s, ETA:    89s[>>>>                       ] 1333/7824, 73.4 task/s, elapsed: 18s, ETA:    88s[>>>>                       ] 1334/7824, 73.4 task/s, elapsed: 18s, ETA:    88s[>>>>                       ] 1335/7824, 73.4 task/s, elapsed: 18s, ETA:    88s[>>>>                       ] 1336/7824, 73.4 task/s, elapsed: 18s, ETA:    88s[>>>>                       ] 1337/7824, 73.4 task/s, elapsed: 18s, ETA:    88s[>>>>                       ] 1338/7824, 73.3 task/s, elapsed: 18s, ETA:    88s[>>>>                       ] 1339/7824, 73.4 task/s, elapsed: 18s, ETA:    88s[>>>>                       ] 1340/7824, 73.4 task/s, elapsed: 18s, ETA:    88s[>>>>                       ] 1341/7824, 73.4 task/s, elapsed: 18s, ETA:    88s[>>>>                       ] 1342/7824, 73.4 task/s, elapsed: 18s, ETA:    88s[>>>>                       ] 1343/7824, 73.4 task/s, elapsed: 18s, ETA:    88s[>>>>                       ] 1344/7824, 73.5 task/s, elapsed: 18s, ETA:    88s[>>>>                       ] 1345/7824, 73.5 task/s, elapsed: 18s, ETA:    88s[>>>>                       ] 1346/7824, 73.5 task/s, elapsed: 18s, ETA:    88s[>>>>                       ] 1347/7824, 73.5 task/s, elapsed: 18s, ETA:    88s[>>>>                       ] 1348/7824, 73.5 task/s, elapsed: 18s, ETA:    88s[>>>>                       ] 1349/7824, 73.6 task/s, elapsed: 18s, ETA:    88s[>>>>                       ] 1350/7824, 73.6 task/s, elapsed: 18s, ETA:    88s[>>>>                       ] 1351/7824, 73.6 task/s, elapsed: 18s, ETA:    88s[>>>>                       ] 1352/7824, 73.6 task/s, elapsed: 18s, ETA:    88s[>>>>                       ] 1353/7824, 73.6 task/s, elapsed: 18s, ETA:    88s[>>>>                       ] 1354/7824, 73.7 task/s, elapsed: 18s, ETA:    88s[>>>>                       ] 1355/7824, 73.7 task/s, elapsed: 18s, ETA:    88s[>>>>                       ] 1356/7824, 73.7 task/s, elapsed: 18s, ETA:    88s[>>>>                       ] 1357/7824, 73.7 task/s, elapsed: 18s, ETA:    88s[>>>>                       ] 1358/7824, 73.7 task/s, elapsed: 18s, ETA:    88s[>>>>                       ] 1359/7824, 73.7 task/s, elapsed: 18s, ETA:    88s[>>>>                       ] 1360/7824, 73.7 task/s, elapsed: 18s, ETA:    88s[>>>>                       ] 1361/7824, 73.8 task/s, elapsed: 18s, ETA:    88s[>>>>                       ] 1362/7824, 73.8 task/s, elapsed: 18s, ETA:    88s[>>>>                       ] 1363/7824, 73.8 task/s, elapsed: 18s, ETA:    88s[>>>>                       ] 1364/7824, 73.8 task/s, elapsed: 18s, ETA:    88s[>>>>                       ] 1365/7824, 73.8 task/s, elapsed: 18s, ETA:    87s[>>>>                       ] 1366/7824, 73.9 task/s, elapsed: 18s, ETA:    87s[>>>>                       ] 1367/7824, 73.9 task/s, elapsed: 19s, ETA:    87s[>>>>                       ] 1368/7824, 73.9 task/s, elapsed: 19s, ETA:    87s[>>>>                       ] 1369/7824, 73.9 task/s, elapsed: 19s, ETA:    87s[>>>>                       ] 1370/7824, 73.9 task/s, elapsed: 19s, ETA:    87s[>>>>                       ] 1371/7824, 74.0 task/s, elapsed: 19s, ETA:    87s[>>>>                       ] 1372/7824, 74.0 task/s, elapsed: 19s, ETA:    87s[>>>>                       ] 1373/7824, 74.0 task/s, elapsed: 19s, ETA:    87s[>>>>                       ] 1374/7824, 74.0 task/s, elapsed: 19s, ETA:    87s[>>>>                       ] 1375/7824, 74.0 task/s, elapsed: 19s, ETA:    87s[>>>>                       ] 1376/7824, 74.0 task/s, elapsed: 19s, ETA:    87s[>>>>                       ] 1377/7824, 74.1 task/s, elapsed: 19s, ETA:    87s[>>>>                       ] 1378/7824, 74.1 task/s, elapsed: 19s, ETA:    87s[>>>>                       ] 1379/7824, 74.1 task/s, elapsed: 19s, ETA:    87s[>>>>                       ] 1380/7824, 74.1 task/s, elapsed: 19s, ETA:    87s[>>>>                       ] 1381/7824, 74.1 task/s, elapsed: 19s, ETA:    87s[>>>>                       ] 1382/7824, 74.1 task/s, elapsed: 19s, ETA:    87s[>>>>                       ] 1383/7824, 74.2 task/s, elapsed: 19s, ETA:    87s[>>>>                       ] 1384/7824, 74.2 task/s, elapsed: 19s, ETA:    87s[>>>>                       ] 1385/7824, 74.2 task/s, elapsed: 19s, ETA:    87s[>>>>                       ] 1386/7824, 74.2 task/s, elapsed: 19s, ETA:    87s[>>>>                       ] 1387/7824, 74.2 task/s, elapsed: 19s, ETA:    87s[>>>>                       ] 1388/7824, 74.3 task/s, elapsed: 19s, ETA:    87s[>>>>                       ] 1389/7824, 74.3 task/s, elapsed: 19s, ETA:    87s[>>>>                       ] 1390/7824, 74.3 task/s, elapsed: 19s, ETA:    87s[>>>>                       ] 1391/7824, 74.3 task/s, elapsed: 19s, ETA:    87s[>>>>                       ] 1392/7824, 74.3 task/s, elapsed: 19s, ETA:    87s[>>>>                       ] 1393/7824, 74.3 task/s, elapsed: 19s, ETA:    86s[>>>>                       ] 1394/7824, 74.4 task/s, elapsed: 19s, ETA:    86s[>>>>                       ] 1395/7824, 74.4 task/s, elapsed: 19s, ETA:    86s[>>>>                       ] 1396/7824, 74.4 task/s, elapsed: 19s, ETA:    86s[>>>>                       ] 1397/7824, 74.4 task/s, elapsed: 19s, ETA:    86s[>>>>                       ] 1398/7824, 74.4 task/s, elapsed: 19s, ETA:    86s[>>>>                       ] 1399/7824, 74.5 task/s, elapsed: 19s, ETA:    86s[>>>>                       ] 1400/7824, 74.5 task/s, elapsed: 19s, ETA:    86s[>>>>                       ] 1401/7824, 74.5 task/s, elapsed: 19s, ETA:    86s[>>>>                       ] 1402/7824, 74.5 task/s, elapsed: 19s, ETA:    86s[>>>>                       ] 1403/7824, 74.5 task/s, elapsed: 19s, ETA:    86s[>>>>                       ] 1404/7824, 74.5 task/s, elapsed: 19s, ETA:    86s[>>>>                       ] 1405/7824, 74.6 task/s, elapsed: 19s, ETA:    86s[>>>>                       ] 1406/7824, 74.6 task/s, elapsed: 19s, ETA:    86s[>>>>                       ] 1407/7824, 74.6 task/s, elapsed: 19s, ETA:    86s[>>>>                       ] 1408/7824, 74.6 task/s, elapsed: 19s, ETA:    86s[>>>>                       ] 1409/7824, 74.6 task/s, elapsed: 19s, ETA:    86s[>>>>                       ] 1410/7824, 74.7 task/s, elapsed: 19s, ETA:    86s[>>>>                       ] 1411/7824, 74.7 task/s, elapsed: 19s, ETA:    86s[>>>>                       ] 1412/7824, 74.7 task/s, elapsed: 19s, ETA:    86s[>>>>                       ] 1413/7824, 74.7 task/s, elapsed: 19s, ETA:    86s[>>>>                       ] 1414/7824, 74.7 task/s, elapsed: 19s, ETA:    86s[>>>>                       ] 1415/7824, 74.7 task/s, elapsed: 19s, ETA:    86s[>>>>                       ] 1416/7824, 74.8 task/s, elapsed: 19s, ETA:    86s[>>>>                       ] 1417/7824, 74.8 task/s, elapsed: 19s, ETA:    86s[>>>>                       ] 1418/7824, 74.8 task/s, elapsed: 19s, ETA:    86s[>>>>                       ] 1419/7824, 74.8 task/s, elapsed: 19s, ETA:    86s[>>>>                       ] 1420/7824, 74.8 task/s, elapsed: 19s, ETA:    86s[>>>>                       ] 1421/7824, 74.8 task/s, elapsed: 19s, ETA:    86s[>>>>                       ] 1422/7824, 74.9 task/s, elapsed: 19s, ETA:    86s[>>>>                       ] 1423/7824, 74.8 task/s, elapsed: 19s, ETA:    86s[>>>>                       ] 1424/7824, 74.8 task/s, elapsed: 19s, ETA:    86s[>>>>                       ] 1425/7824, 74.8 task/s, elapsed: 19s, ETA:    86s[>>>>                       ] 1426/7824, 74.8 task/s, elapsed: 19s, ETA:    86s[>>>>                       ] 1427/7824, 74.8 task/s, elapsed: 19s, ETA:    85s[>>>>                       ] 1428/7824, 74.8 task/s, elapsed: 19s, ETA:    85s[>>>>                       ] 1429/7824, 74.9 task/s, elapsed: 19s, ETA:    85s[>>>>                       ] 1430/7824, 74.9 task/s, elapsed: 19s, ETA:    85s[>>>>                       ] 1431/7824, 74.9 task/s, elapsed: 19s, ETA:    85s[>>>>                       ] 1432/7824, 74.9 task/s, elapsed: 19s, ETA:    85s[>>>>                       ] 1433/7824, 74.9 task/s, elapsed: 19s, ETA:    85s[>>>>                       ] 1434/7824, 74.9 task/s, elapsed: 19s, ETA:    85s[>>>>                       ] 1435/7824, 75.0 task/s, elapsed: 19s, ETA:    85s[>>>>                       ] 1436/7824, 75.0 task/s, elapsed: 19s, ETA:    85s[>>>>                       ] 1437/7824, 75.0 task/s, elapsed: 19s, ETA:    85s[>>>>                       ] 1438/7824, 75.0 task/s, elapsed: 19s, ETA:    85s[>>>>                       ] 1439/7824, 75.0 task/s, elapsed: 19s, ETA:    85s[>>>>                       ] 1440/7824, 75.0 task/s, elapsed: 19s, ETA:    85s[>>>>                       ] 1441/7824, 75.1 task/s, elapsed: 19s, ETA:    85s[>>>>                       ] 1442/7824, 75.1 task/s, elapsed: 19s, ETA:    85s[>>>>                       ] 1443/7824, 75.1 task/s, elapsed: 19s, ETA:    85s[>>>>                       ] 1444/7824, 75.1 task/s, elapsed: 19s, ETA:    85s[>>>>                       ] 1445/7824, 75.1 task/s, elapsed: 19s, ETA:    85s[>>>>                       ] 1446/7824, 75.2 task/s, elapsed: 19s, ETA:    85s[>>>>                       ] 1447/7824, 75.2 task/s, elapsed: 19s, ETA:    85s[>>>>                       ] 1448/7824, 75.2 task/s, elapsed: 19s, ETA:    85s[>>>>>                      ] 1449/7824, 75.2 task/s, elapsed: 19s, ETA:    85s[>>>>>                      ] 1450/7824, 75.2 task/s, elapsed: 19s, ETA:    85s[>>>>>                      ] 1451/7824, 75.2 task/s, elapsed: 19s, ETA:    85s[>>>>>                      ] 1452/7824, 75.3 task/s, elapsed: 19s, ETA:    85s[>>>>>                      ] 1453/7824, 75.3 task/s, elapsed: 19s, ETA:    85s[>>>>>                      ] 1454/7824, 75.3 task/s, elapsed: 19s, ETA:    85s[>>>>>                      ] 1455/7824, 75.3 task/s, elapsed: 19s, ETA:    85s[>>>>>                      ] 1456/7824, 75.3 task/s, elapsed: 19s, ETA:    85s[>>>>>                      ] 1457/7824, 75.3 task/s, elapsed: 19s, ETA:    85s[>>>>>                      ] 1458/7824, 75.4 task/s, elapsed: 19s, ETA:    84s[>>>>>                      ] 1459/7824, 75.4 task/s, elapsed: 19s, ETA:    84s[>>>>>                      ] 1460/7824, 75.4 task/s, elapsed: 19s, ETA:    84s[>>>>>                      ] 1461/7824, 75.4 task/s, elapsed: 19s, ETA:    84s[>>>>>                      ] 1462/7824, 75.4 task/s, elapsed: 19s, ETA:    84s[>>>>>                      ] 1463/7824, 75.4 task/s, elapsed: 19s, ETA:    84s[>>>>>                      ] 1464/7824, 75.5 task/s, elapsed: 19s, ETA:    84s[>>>>>                      ] 1465/7824, 75.5 task/s, elapsed: 19s, ETA:    84s[>>>>>                      ] 1466/7824, 75.5 task/s, elapsed: 19s, ETA:    84s[>>>>>                      ] 1467/7824, 75.5 task/s, elapsed: 19s, ETA:    84s[>>>>>                      ] 1468/7824, 75.5 task/s, elapsed: 19s, ETA:    84s[>>>>>                      ] 1469/7824, 75.5 task/s, elapsed: 19s, ETA:    84s[>>>>>                      ] 1470/7824, 75.6 task/s, elapsed: 19s, ETA:    84s[>>>>>                      ] 1471/7824, 75.6 task/s, elapsed: 19s, ETA:    84s[>>>>>                      ] 1472/7824, 75.6 task/s, elapsed: 19s, ETA:    84s[>>>>>                      ] 1473/7824, 75.6 task/s, elapsed: 19s, ETA:    84s[>>>>>                      ] 1474/7824, 75.6 task/s, elapsed: 19s, ETA:    84s[>>>>>                      ] 1475/7824, 75.6 task/s, elapsed: 19s, ETA:    84s[>>>>>                      ] 1476/7824, 75.7 task/s, elapsed: 20s, ETA:    84s[>>>>>                      ] 1477/7824, 75.7 task/s, elapsed: 20s, ETA:    84s[>>>>>                      ] 1478/7824, 75.7 task/s, elapsed: 20s, ETA:    84s[>>>>>                      ] 1479/7824, 75.7 task/s, elapsed: 20s, ETA:    84s[>>>>>                      ] 1480/7824, 75.7 task/s, elapsed: 20s, ETA:    84s[>>>>>                      ] 1481/7824, 75.7 task/s, elapsed: 20s, ETA:    84s[>>>>>                      ] 1482/7824, 75.8 task/s, elapsed: 20s, ETA:    84s[>>>>>                      ] 1483/7824, 75.8 task/s, elapsed: 20s, ETA:    84s[>>>>>                      ] 1484/7824, 75.8 task/s, elapsed: 20s, ETA:    84s[>>>>>                      ] 1485/7824, 75.8 task/s, elapsed: 20s, ETA:    84s[>>>>>                      ] 1486/7824, 75.8 task/s, elapsed: 20s, ETA:    84s[>>>>>                      ] 1487/7824, 75.8 task/s, elapsed: 20s, ETA:    84s[>>>>>                      ] 1488/7824, 75.9 task/s, elapsed: 20s, ETA:    84s[>>>>>                      ] 1489/7824, 75.9 task/s, elapsed: 20s, ETA:    83s[>>>>>                      ] 1490/7824, 75.9 task/s, elapsed: 20s, ETA:    83s[>>>>>                      ] 1491/7824, 75.9 task/s, elapsed: 20s, ETA:    83s[>>>>>                      ] 1492/7824, 75.9 task/s, elapsed: 20s, ETA:    83s[>>>>>                      ] 1493/7824, 75.9 task/s, elapsed: 20s, ETA:    83s[>>>>>                      ] 1494/7824, 76.0 task/s, elapsed: 20s, ETA:    83s[>>>>>                      ] 1495/7824, 76.0 task/s, elapsed: 20s, ETA:    83s[>>>>>                      ] 1496/7824, 76.0 task/s, elapsed: 20s, ETA:    83s[>>>>>                      ] 1497/7824, 76.0 task/s, elapsed: 20s, ETA:    83s[>>>>>                      ] 1498/7824, 76.0 task/s, elapsed: 20s, ETA:    83s[>>>>>                      ] 1499/7824, 76.0 task/s, elapsed: 20s, ETA:    83s[>>>>>                      ] 1500/7824, 76.0 task/s, elapsed: 20s, ETA:    83s[>>>>>                      ] 1501/7824, 76.0 task/s, elapsed: 20s, ETA:    83s[>>>>>                      ] 1502/7824, 76.0 task/s, elapsed: 20s, ETA:    83s[>>>>>                      ] 1503/7824, 76.0 task/s, elapsed: 20s, ETA:    83s[>>>>>                      ] 1504/7824, 76.0 task/s, elapsed: 20s, ETA:    83s[>>>>>                      ] 1505/7824, 76.1 task/s, elapsed: 20s, ETA:    83s[>>>>>                      ] 1506/7824, 76.1 task/s, elapsed: 20s, ETA:    83s[>>>>>                      ] 1507/7824, 76.1 task/s, elapsed: 20s, ETA:    83s[>>>>>                      ] 1508/7824, 76.1 task/s, elapsed: 20s, ETA:    83s[>>>>>                      ] 1509/7824, 76.1 task/s, elapsed: 20s, ETA:    83s[>>>>>                      ] 1510/7824, 76.1 task/s, elapsed: 20s, ETA:    83s[>>>>>                      ] 1511/7824, 76.2 task/s, elapsed: 20s, ETA:    83s[>>>>>                      ] 1512/7824, 76.2 task/s, elapsed: 20s, ETA:    83s[>>>>>                      ] 1513/7824, 76.2 task/s, elapsed: 20s, ETA:    83s[>>>>>                      ] 1514/7824, 76.2 task/s, elapsed: 20s, ETA:    83s[>>>>>                      ] 1515/7824, 76.2 task/s, elapsed: 20s, ETA:    83s[>>>>>                      ] 1516/7824, 76.2 task/s, elapsed: 20s, ETA:    83s[>>>>>                      ] 1517/7824, 76.2 task/s, elapsed: 20s, ETA:    83s[>>>>>                      ] 1518/7824, 76.3 task/s, elapsed: 20s, ETA:    83s[>>>>>                      ] 1519/7824, 76.3 task/s, elapsed: 20s, ETA:    83s[>>>>>                      ] 1520/7824, 76.3 task/s, elapsed: 20s, ETA:    83s[>>>>>                      ] 1521/7824, 76.3 task/s, elapsed: 20s, ETA:    83s[>>>>>                      ] 1522/7824, 76.3 task/s, elapsed: 20s, ETA:    83s[>>>>>                      ] 1523/7824, 76.3 task/s, elapsed: 20s, ETA:    83s[>>>>>                      ] 1524/7824, 76.4 task/s, elapsed: 20s, ETA:    83s[>>>>>                      ] 1525/7824, 76.4 task/s, elapsed: 20s, ETA:    82s[>>>>>                      ] 1526/7824, 76.4 task/s, elapsed: 20s, ETA:    82s[>>>>>                      ] 1527/7824, 76.4 task/s, elapsed: 20s, ETA:    82s[>>>>>                      ] 1528/7824, 76.4 task/s, elapsed: 20s, ETA:    82s[>>>>>                      ] 1529/7824, 76.4 task/s, elapsed: 20s, ETA:    82s[>>>>>                      ] 1530/7824, 76.4 task/s, elapsed: 20s, ETA:    82s[>>>>>                      ] 1531/7824, 76.5 task/s, elapsed: 20s, ETA:    82s[>>>>>                      ] 1532/7824, 76.5 task/s, elapsed: 20s, ETA:    82s[>>>>>                      ] 1533/7824, 76.5 task/s, elapsed: 20s, ETA:    82s[>>>>>                      ] 1534/7824, 76.5 task/s, elapsed: 20s, ETA:    82s[>>>>>                      ] 1535/7824, 76.5 task/s, elapsed: 20s, ETA:    82s[>>>>>                      ] 1536/7824, 76.5 task/s, elapsed: 20s, ETA:    82s[>>>>>                      ] 1537/7824, 76.6 task/s, elapsed: 20s, ETA:    82s[>>>>>                      ] 1538/7824, 76.6 task/s, elapsed: 20s, ETA:    82s[>>>>>                      ] 1539/7824, 76.6 task/s, elapsed: 20s, ETA:    82s[>>>>>                      ] 1540/7824, 76.6 task/s, elapsed: 20s, ETA:    82s[>>>>>                      ] 1541/7824, 76.6 task/s, elapsed: 20s, ETA:    82s[>>>>>                      ] 1542/7824, 76.6 task/s, elapsed: 20s, ETA:    82s[>>>>>                      ] 1543/7824, 76.7 task/s, elapsed: 20s, ETA:    82s[>>>>>                      ] 1544/7824, 76.7 task/s, elapsed: 20s, ETA:    82s[>>>>>                      ] 1545/7824, 76.7 task/s, elapsed: 20s, ETA:    82s[>>>>>                      ] 1546/7824, 76.7 task/s, elapsed: 20s, ETA:    82s[>>>>>                      ] 1547/7824, 76.7 task/s, elapsed: 20s, ETA:    82s[>>>>>                      ] 1548/7824, 76.7 task/s, elapsed: 20s, ETA:    82s[>>>>>                      ] 1549/7824, 76.8 task/s, elapsed: 20s, ETA:    82s[>>>>>                      ] 1550/7824, 76.8 task/s, elapsed: 20s, ETA:    82s[>>>>>                      ] 1551/7824, 76.8 task/s, elapsed: 20s, ETA:    82s[>>>>>                      ] 1552/7824, 76.8 task/s, elapsed: 20s, ETA:    82s[>>>>>                      ] 1553/7824, 76.8 task/s, elapsed: 20s, ETA:    82s[>>>>>                      ] 1554/7824, 76.8 task/s, elapsed: 20s, ETA:    82s[>>>>>                      ] 1555/7824, 76.8 task/s, elapsed: 20s, ETA:    82s[>>>>>                      ] 1556/7824, 76.9 task/s, elapsed: 20s, ETA:    82s[>>>>>                      ] 1557/7824, 76.9 task/s, elapsed: 20s, ETA:    82s[>>>>>                      ] 1558/7824, 76.9 task/s, elapsed: 20s, ETA:    81s[>>>>>                      ] 1559/7824, 76.9 task/s, elapsed: 20s, ETA:    81s[>>>>>                      ] 1560/7824, 76.9 task/s, elapsed: 20s, ETA:    81s[>>>>>                      ] 1561/7824, 76.9 task/s, elapsed: 20s, ETA:    81s[>>>>>                      ] 1562/7824, 77.0 task/s, elapsed: 20s, ETA:    81s[>>>>>                      ] 1563/7824, 77.0 task/s, elapsed: 20s, ETA:    81s[>>>>>                      ] 1564/7824, 77.0 task/s, elapsed: 20s, ETA:    81s[>>>>>                      ] 1565/7824, 77.0 task/s, elapsed: 20s, ETA:    81s[>>>>>                      ] 1566/7824, 77.0 task/s, elapsed: 20s, ETA:    81s[>>>>>                      ] 1567/7824, 77.0 task/s, elapsed: 20s, ETA:    81s[>>>>>                      ] 1568/7824, 77.1 task/s, elapsed: 20s, ETA:    81s[>>>>>                      ] 1569/7824, 77.1 task/s, elapsed: 20s, ETA:    81s[>>>>>                      ] 1570/7824, 77.1 task/s, elapsed: 20s, ETA:    81s[>>>>>                      ] 1571/7824, 77.1 task/s, elapsed: 20s, ETA:    81s[>>>>>                      ] 1572/7824, 77.1 task/s, elapsed: 20s, ETA:    81s[>>>>>                      ] 1573/7824, 77.1 task/s, elapsed: 20s, ETA:    81s[>>>>>                      ] 1574/7824, 77.1 task/s, elapsed: 20s, ETA:    81s[>>>>>                      ] 1575/7824, 77.2 task/s, elapsed: 20s, ETA:    81s[>>>>>                      ] 1576/7824, 77.2 task/s, elapsed: 20s, ETA:    81s[>>>>>                      ] 1577/7824, 77.2 task/s, elapsed: 20s, ETA:    81s[>>>>>                      ] 1578/7824, 77.2 task/s, elapsed: 20s, ETA:    81s[>>>>>                      ] 1579/7824, 77.2 task/s, elapsed: 20s, ETA:    81s[>>>>>                      ] 1580/7824, 77.2 task/s, elapsed: 20s, ETA:    81s[>>>>>                      ] 1581/7824, 77.3 task/s, elapsed: 20s, ETA:    81s[>>>>>                      ] 1582/7824, 77.3 task/s, elapsed: 20s, ETA:    81s[>>>>>                      ] 1583/7824, 77.3 task/s, elapsed: 20s, ETA:    81s[>>>>>                      ] 1584/7824, 77.3 task/s, elapsed: 20s, ETA:    81s[>>>>>                      ] 1585/7824, 77.3 task/s, elapsed: 21s, ETA:    81s[>>>>>                      ] 1586/7824, 77.3 task/s, elapsed: 21s, ETA:    81s[>>>>>                      ] 1587/7824, 77.3 task/s, elapsed: 21s, ETA:    81s[>>>>>                      ] 1588/7824, 77.4 task/s, elapsed: 21s, ETA:    81s[>>>>>                      ] 1589/7824, 77.4 task/s, elapsed: 21s, ETA:    81s[>>>>>                      ] 1590/7824, 77.4 task/s, elapsed: 21s, ETA:    81s[>>>>>                      ] 1591/7824, 77.4 task/s, elapsed: 21s, ETA:    81s[>>>>>                      ] 1592/7824, 77.4 task/s, elapsed: 21s, ETA:    80s[>>>>>                      ] 1593/7824, 77.4 task/s, elapsed: 21s, ETA:    80s[>>>>>                      ] 1594/7824, 77.4 task/s, elapsed: 21s, ETA:    80s[>>>>>                      ] 1595/7824, 77.5 task/s, elapsed: 21s, ETA:    80s[>>>>>                      ] 1596/7824, 77.5 task/s, elapsed: 21s, ETA:    80s[>>>>>                      ] 1597/7824, 77.5 task/s, elapsed: 21s, ETA:    80s[>>>>>                      ] 1598/7824, 77.5 task/s, elapsed: 21s, ETA:    80s[>>>>>                      ] 1599/7824, 77.5 task/s, elapsed: 21s, ETA:    80s[>>>>>                      ] 1600/7824, 77.5 task/s, elapsed: 21s, ETA:    80s[>>>>>                      ] 1601/7824, 77.6 task/s, elapsed: 21s, ETA:    80s[>>>>>                      ] 1602/7824, 77.6 task/s, elapsed: 21s, ETA:    80s[>>>>>                      ] 1603/7824, 77.6 task/s, elapsed: 21s, ETA:    80s[>>>>>                      ] 1604/7824, 77.6 task/s, elapsed: 21s, ETA:    80s[>>>>>                      ] 1605/7824, 77.6 task/s, elapsed: 21s, ETA:    80s[>>>>>                      ] 1606/7824, 77.6 task/s, elapsed: 21s, ETA:    80s[>>>>>                      ] 1607/7824, 77.6 task/s, elapsed: 21s, ETA:    80s[>>>>>                      ] 1608/7824, 77.7 task/s, elapsed: 21s, ETA:    80s[>>>>>                      ] 1609/7824, 77.7 task/s, elapsed: 21s, ETA:    80s[>>>>>                      ] 1610/7824, 77.7 task/s, elapsed: 21s, ETA:    80s[>>>>>                      ] 1611/7824, 77.7 task/s, elapsed: 21s, ETA:    80s[>>>>>                      ] 1612/7824, 77.7 task/s, elapsed: 21s, ETA:    80s[>>>>>                      ] 1613/7824, 77.7 task/s, elapsed: 21s, ETA:    80s[>>>>>                      ] 1614/7824, 77.7 task/s, elapsed: 21s, ETA:    80s[>>>>>                      ] 1615/7824, 77.8 task/s, elapsed: 21s, ETA:    80s[>>>>>                      ] 1616/7824, 77.8 task/s, elapsed: 21s, ETA:    80s[>>>>>                      ] 1617/7824, 77.8 task/s, elapsed: 21s, ETA:    80s[>>>>>                      ] 1618/7824, 77.8 task/s, elapsed: 21s, ETA:    80s[>>>>>                      ] 1619/7824, 77.8 task/s, elapsed: 21s, ETA:    80s[>>>>>                      ] 1620/7824, 77.8 task/s, elapsed: 21s, ETA:    80s[>>>>>                      ] 1621/7824, 77.9 task/s, elapsed: 21s, ETA:    80s[>>>>>                      ] 1622/7824, 77.9 task/s, elapsed: 21s, ETA:    80s[>>>>>                      ] 1623/7824, 77.9 task/s, elapsed: 21s, ETA:    80s[>>>>>                      ] 1624/7824, 77.9 task/s, elapsed: 21s, ETA:    80s[>>>>>                      ] 1625/7824, 77.9 task/s, elapsed: 21s, ETA:    80s[>>>>>                      ] 1626/7824, 77.9 task/s, elapsed: 21s, ETA:    80s[>>>>>                      ] 1627/7824, 77.9 task/s, elapsed: 21s, ETA:    80s[>>>>>                      ] 1628/7824, 78.0 task/s, elapsed: 21s, ETA:    79s[>>>>>                      ] 1629/7824, 78.0 task/s, elapsed: 21s, ETA:    79s[>>>>>                      ] 1630/7824, 78.0 task/s, elapsed: 21s, ETA:    79s[>>>>>                      ] 1631/7824, 78.0 task/s, elapsed: 21s, ETA:    79s[>>>>>                      ] 1632/7824, 78.0 task/s, elapsed: 21s, ETA:    79s[>>>>>                      ] 1633/7824, 78.0 task/s, elapsed: 21s, ETA:    79s[>>>>>                      ] 1634/7824, 78.0 task/s, elapsed: 21s, ETA:    79s[>>>>>                      ] 1635/7824, 78.1 task/s, elapsed: 21s, ETA:    79s[>>>>>                      ] 1636/7824, 78.1 task/s, elapsed: 21s, ETA:    79s[>>>>>                      ] 1637/7824, 78.1 task/s, elapsed: 21s, ETA:    79s[>>>>>                      ] 1638/7824, 78.1 task/s, elapsed: 21s, ETA:    79s[>>>>>                      ] 1639/7824, 78.1 task/s, elapsed: 21s, ETA:    79s[>>>>>                      ] 1640/7824, 78.1 task/s, elapsed: 21s, ETA:    79s[>>>>>                      ] 1641/7824, 78.1 task/s, elapsed: 21s, ETA:    79s[>>>>>                      ] 1642/7824, 78.2 task/s, elapsed: 21s, ETA:    79s[>>>>>                      ] 1643/7824, 78.2 task/s, elapsed: 21s, ETA:    79s[>>>>>                      ] 1644/7824, 78.2 task/s, elapsed: 21s, ETA:    79s[>>>>>                      ] 1645/7824, 78.2 task/s, elapsed: 21s, ETA:    79s[>>>>>                      ] 1646/7824, 78.2 task/s, elapsed: 21s, ETA:    79s[>>>>>                      ] 1647/7824, 78.2 task/s, elapsed: 21s, ETA:    79s[>>>>>                      ] 1648/7824, 78.2 task/s, elapsed: 21s, ETA:    79s[>>>>>                      ] 1649/7824, 78.3 task/s, elapsed: 21s, ETA:    79s[>>>>>                      ] 1650/7824, 78.3 task/s, elapsed: 21s, ETA:    79s[>>>>>                      ] 1651/7824, 78.3 task/s, elapsed: 21s, ETA:    79s[>>>>>                      ] 1652/7824, 78.3 task/s, elapsed: 21s, ETA:    79s[>>>>>                      ] 1653/7824, 78.3 task/s, elapsed: 21s, ETA:    79s[>>>>>                      ] 1654/7824, 78.3 task/s, elapsed: 21s, ETA:    79s[>>>>>                      ] 1655/7824, 78.3 task/s, elapsed: 21s, ETA:    79s[>>>>>                      ] 1656/7824, 78.3 task/s, elapsed: 21s, ETA:    79s[>>>>>                      ] 1657/7824, 78.3 task/s, elapsed: 21s, ETA:    79s[>>>>>                      ] 1658/7824, 78.3 task/s, elapsed: 21s, ETA:    79s[>>>>>                      ] 1659/7824, 78.3 task/s, elapsed: 21s, ETA:    79s[>>>>>                      ] 1660/7824, 78.4 task/s, elapsed: 21s, ETA:    79s[>>>>>                      ] 1661/7824, 78.3 task/s, elapsed: 21s, ETA:    79s[>>>>>                      ] 1662/7824, 78.3 task/s, elapsed: 21s, ETA:    79s[>>>>>                      ] 1663/7824, 78.4 task/s, elapsed: 21s, ETA:    79s[>>>>>                      ] 1664/7824, 78.4 task/s, elapsed: 21s, ETA:    79s[>>>>>                      ] 1665/7824, 78.4 task/s, elapsed: 21s, ETA:    79s[>>>>>                      ] 1666/7824, 78.4 task/s, elapsed: 21s, ETA:    79s[>>>>>                      ] 1667/7824, 78.4 task/s, elapsed: 21s, ETA:    79s[>>>>>                      ] 1668/7824, 78.4 task/s, elapsed: 21s, ETA:    78s[>>>>>                      ] 1669/7824, 78.4 task/s, elapsed: 21s, ETA:    78s[>>>>>                      ] 1670/7824, 78.5 task/s, elapsed: 21s, ETA:    78s[>>>>>                      ] 1671/7824, 78.5 task/s, elapsed: 21s, ETA:    78s[>>>>>                      ] 1672/7824, 78.5 task/s, elapsed: 21s, ETA:    78s[>>>>>                      ] 1673/7824, 78.5 task/s, elapsed: 21s, ETA:    78s[>>>>>                      ] 1674/7824, 78.5 task/s, elapsed: 21s, ETA:    78s[>>>>>                      ] 1675/7824, 78.5 task/s, elapsed: 21s, ETA:    78s[>>>>>                      ] 1676/7824, 78.5 task/s, elapsed: 21s, ETA:    78s[>>>>>                      ] 1677/7824, 78.6 task/s, elapsed: 21s, ETA:    78s[>>>>>                      ] 1678/7824, 78.6 task/s, elapsed: 21s, ETA:    78s[>>>>>                      ] 1679/7824, 78.6 task/s, elapsed: 21s, ETA:    78s[>>>>>                      ] 1680/7824, 78.6 task/s, elapsed: 21s, ETA:    78s[>>>>>                      ] 1681/7824, 78.6 task/s, elapsed: 21s, ETA:    78s[>>>>>                      ] 1682/7824, 78.6 task/s, elapsed: 21s, ETA:    78s[>>>>>                      ] 1683/7824, 78.6 task/s, elapsed: 21s, ETA:    78s[>>>>>                      ] 1684/7824, 78.7 task/s, elapsed: 21s, ETA:    78s[>>>>>                      ] 1685/7824, 78.7 task/s, elapsed: 21s, ETA:    78s[>>>>>                      ] 1686/7824, 78.7 task/s, elapsed: 21s, ETA:    78s[>>>>>                      ] 1687/7824, 78.7 task/s, elapsed: 21s, ETA:    78s[>>>>>                      ] 1688/7824, 78.7 task/s, elapsed: 21s, ETA:    78s[>>>>>                      ] 1689/7824, 78.7 task/s, elapsed: 21s, ETA:    78s[>>>>>                      ] 1690/7824, 78.7 task/s, elapsed: 21s, ETA:    78s[>>>>>                      ] 1691/7824, 78.8 task/s, elapsed: 21s, ETA:    78s[>>>>>                      ] 1692/7824, 78.8 task/s, elapsed: 21s, ETA:    78s[>>>>>                      ] 1693/7824, 78.8 task/s, elapsed: 21s, ETA:    78s[>>>>>                      ] 1694/7824, 78.8 task/s, elapsed: 21s, ETA:    78s[>>>>>                      ] 1695/7824, 78.8 task/s, elapsed: 22s, ETA:    78s[>>>>>                      ] 1696/7824, 78.8 task/s, elapsed: 22s, ETA:    78s[>>>>>                      ] 1697/7824, 78.8 task/s, elapsed: 22s, ETA:    78s[>>>>>                      ] 1698/7824, 78.8 task/s, elapsed: 22s, ETA:    78s[>>>>>                      ] 1699/7824, 78.9 task/s, elapsed: 22s, ETA:    78s[>>>>>                      ] 1700/7824, 78.9 task/s, elapsed: 22s, ETA:    78s[>>>>>                      ] 1701/7824, 78.9 task/s, elapsed: 22s, ETA:    78s[>>>>>                      ] 1702/7824, 78.9 task/s, elapsed: 22s, ETA:    78s[>>>>>                      ] 1703/7824, 78.9 task/s, elapsed: 22s, ETA:    78s[>>>>>                      ] 1704/7824, 78.9 task/s, elapsed: 22s, ETA:    78s[>>>>>                      ] 1705/7824, 78.9 task/s, elapsed: 22s, ETA:    78s[>>>>>                      ] 1706/7824, 79.0 task/s, elapsed: 22s, ETA:    77s[>>>>>                      ] 1707/7824, 79.0 task/s, elapsed: 22s, ETA:    77s[>>>>>                      ] 1708/7824, 79.0 task/s, elapsed: 22s, ETA:    77s[>>>>>                      ] 1709/7824, 79.0 task/s, elapsed: 22s, ETA:    77s[>>>>>                      ] 1710/7824, 79.0 task/s, elapsed: 22s, ETA:    77s[>>>>>                      ] 1711/7824, 79.0 task/s, elapsed: 22s, ETA:    77s[>>>>>                      ] 1712/7824, 79.0 task/s, elapsed: 22s, ETA:    77s[>>>>>                      ] 1713/7824, 79.1 task/s, elapsed: 22s, ETA:    77s[>>>>>                      ] 1714/7824, 79.1 task/s, elapsed: 22s, ETA:    77s[>>>>>                      ] 1715/7824, 79.1 task/s, elapsed: 22s, ETA:    77s[>>>>>                      ] 1716/7824, 79.1 task/s, elapsed: 22s, ETA:    77s[>>>>>                      ] 1717/7824, 79.1 task/s, elapsed: 22s, ETA:    77s[>>>>>                      ] 1718/7824, 79.1 task/s, elapsed: 22s, ETA:    77s[>>>>>                      ] 1719/7824, 79.1 task/s, elapsed: 22s, ETA:    77s[>>>>>                      ] 1720/7824, 79.1 task/s, elapsed: 22s, ETA:    77s[>>>>>                      ] 1721/7824, 79.2 task/s, elapsed: 22s, ETA:    77s[>>>>>                      ] 1722/7824, 79.2 task/s, elapsed: 22s, ETA:    77s[>>>>>                      ] 1723/7824, 79.2 task/s, elapsed: 22s, ETA:    77s[>>>>>                      ] 1724/7824, 79.2 task/s, elapsed: 22s, ETA:    77s[>>>>>                      ] 1725/7824, 79.2 task/s, elapsed: 22s, ETA:    77s[>>>>>                      ] 1726/7824, 79.2 task/s, elapsed: 22s, ETA:    77s[>>>>>                      ] 1727/7824, 79.2 task/s, elapsed: 22s, ETA:    77s[>>>>>                      ] 1728/7824, 79.3 task/s, elapsed: 22s, ETA:    77s[>>>>>                      ] 1729/7824, 79.3 task/s, elapsed: 22s, ETA:    77s[>>>>>                      ] 1730/7824, 79.3 task/s, elapsed: 22s, ETA:    77s[>>>>>                      ] 1731/7824, 79.3 task/s, elapsed: 22s, ETA:    77s[>>>>>                      ] 1732/7824, 79.3 task/s, elapsed: 22s, ETA:    77s[>>>>>                      ] 1733/7824, 79.3 task/s, elapsed: 22s, ETA:    77s[>>>>>                      ] 1734/7824, 79.3 task/s, elapsed: 22s, ETA:    77s[>>>>>                      ] 1735/7824, 79.3 task/s, elapsed: 22s, ETA:    77s[>>>>>                      ] 1736/7824, 79.3 task/s, elapsed: 22s, ETA:    77s[>>>>>                      ] 1737/7824, 79.3 task/s, elapsed: 22s, ETA:    77s[>>>>>                      ] 1738/7824, 79.3 task/s, elapsed: 22s, ETA:    77s[>>>>>>                     ] 1739/7824, 79.3 task/s, elapsed: 22s, ETA:    77s[>>>>>>                     ] 1740/7824, 79.3 task/s, elapsed: 22s, ETA:    77s[>>>>>>                     ] 1741/7824, 79.3 task/s, elapsed: 22s, ETA:    77s[>>>>>>                     ] 1742/7824, 79.4 task/s, elapsed: 22s, ETA:    77s[>>>>>>                     ] 1743/7824, 79.4 task/s, elapsed: 22s, ETA:    77s[>>>>>>                     ] 1744/7824, 79.4 task/s, elapsed: 22s, ETA:    77s[>>>>>>                     ] 1745/7824, 79.4 task/s, elapsed: 22s, ETA:    77s[>>>>>>                     ] 1746/7824, 79.4 task/s, elapsed: 22s, ETA:    77s[>>>>>>                     ] 1747/7824, 79.4 task/s, elapsed: 22s, ETA:    77s[>>>>>>                     ] 1748/7824, 79.4 task/s, elapsed: 22s, ETA:    76s[>>>>>>                     ] 1749/7824, 79.5 task/s, elapsed: 22s, ETA:    76s[>>>>>>                     ] 1750/7824, 79.5 task/s, elapsed: 22s, ETA:    76s[>>>>>>                     ] 1751/7824, 79.5 task/s, elapsed: 22s, ETA:    76s[>>>>>>                     ] 1752/7824, 79.5 task/s, elapsed: 22s, ETA:    76s[>>>>>>                     ] 1753/7824, 79.5 task/s, elapsed: 22s, ETA:    76s[>>>>>>                     ] 1754/7824, 79.5 task/s, elapsed: 22s, ETA:    76s[>>>>>>                     ] 1755/7824, 79.5 task/s, elapsed: 22s, ETA:    76s[>>>>>>                     ] 1756/7824, 79.5 task/s, elapsed: 22s, ETA:    76s[>>>>>>                     ] 1757/7824, 79.6 task/s, elapsed: 22s, ETA:    76s[>>>>>>                     ] 1758/7824, 79.6 task/s, elapsed: 22s, ETA:    76s[>>>>>>                     ] 1759/7824, 79.6 task/s, elapsed: 22s, ETA:    76s[>>>>>>                     ] 1760/7824, 79.6 task/s, elapsed: 22s, ETA:    76s[>>>>>>                     ] 1761/7824, 79.6 task/s, elapsed: 22s, ETA:    76s[>>>>>>                     ] 1762/7824, 79.6 task/s, elapsed: 22s, ETA:    76s[>>>>>>                     ] 1763/7824, 79.6 task/s, elapsed: 22s, ETA:    76s[>>>>>>                     ] 1764/7824, 79.6 task/s, elapsed: 22s, ETA:    76s[>>>>>>                     ] 1765/7824, 79.7 task/s, elapsed: 22s, ETA:    76s[>>>>>>                     ] 1766/7824, 79.7 task/s, elapsed: 22s, ETA:    76s[>>>>>>                     ] 1767/7824, 79.7 task/s, elapsed: 22s, ETA:    76s[>>>>>>                     ] 1768/7824, 79.7 task/s, elapsed: 22s, ETA:    76s[>>>>>>                     ] 1769/7824, 79.7 task/s, elapsed: 22s, ETA:    76s[>>>>>>                     ] 1770/7824, 79.7 task/s, elapsed: 22s, ETA:    76s[>>>>>>                     ] 1771/7824, 79.7 task/s, elapsed: 22s, ETA:    76s[>>>>>>                     ] 1772/7824, 79.7 task/s, elapsed: 22s, ETA:    76s[>>>>>>                     ] 1773/7824, 79.8 task/s, elapsed: 22s, ETA:    76s[>>>>>>                     ] 1774/7824, 79.8 task/s, elapsed: 22s, ETA:    76s[>>>>>>                     ] 1775/7824, 79.8 task/s, elapsed: 22s, ETA:    76s[>>>>>>                     ] 1776/7824, 79.8 task/s, elapsed: 22s, ETA:    76s[>>>>>>                     ] 1777/7824, 79.8 task/s, elapsed: 22s, ETA:    76s[>>>>>>                     ] 1778/7824, 79.8 task/s, elapsed: 22s, ETA:    76s[>>>>>>                     ] 1779/7824, 79.8 task/s, elapsed: 22s, ETA:    76s[>>>>>>                     ] 1780/7824, 79.8 task/s, elapsed: 22s, ETA:    76s[>>>>>>                     ] 1781/7824, 79.9 task/s, elapsed: 22s, ETA:    76s[>>>>>>                     ] 1782/7824, 79.9 task/s, elapsed: 22s, ETA:    76s[>>>>>>                     ] 1783/7824, 79.9 task/s, elapsed: 22s, ETA:    76s[>>>>>>                     ] 1784/7824, 79.9 task/s, elapsed: 22s, ETA:    76s[>>>>>>                     ] 1785/7824, 79.9 task/s, elapsed: 22s, ETA:    76s[>>>>>>                     ] 1786/7824, 79.9 task/s, elapsed: 22s, ETA:    76s[>>>>>>                     ] 1787/7824, 79.9 task/s, elapsed: 22s, ETA:    76s[>>>>>>                     ] 1788/7824, 79.9 task/s, elapsed: 22s, ETA:    76s[>>>>>>                     ] 1789/7824, 80.0 task/s, elapsed: 22s, ETA:    75s[>>>>>>                     ] 1790/7824, 80.0 task/s, elapsed: 22s, ETA:    75s[>>>>>>                     ] 1791/7824, 80.0 task/s, elapsed: 22s, ETA:    75s[>>>>>>                     ] 1792/7824, 80.0 task/s, elapsed: 22s, ETA:    75s[>>>>>>                     ] 1793/7824, 80.0 task/s, elapsed: 22s, ETA:    75s[>>>>>>                     ] 1794/7824, 80.0 task/s, elapsed: 22s, ETA:    75s[>>>>>>                     ] 1795/7824, 80.0 task/s, elapsed: 22s, ETA:    75s[>>>>>>                     ] 1796/7824, 80.0 task/s, elapsed: 22s, ETA:    75s[>>>>>>                     ] 1797/7824, 80.1 task/s, elapsed: 22s, ETA:    75s[>>>>>>                     ] 1798/7824, 80.1 task/s, elapsed: 22s, ETA:    75s[>>>>>>                     ] 1799/7824, 80.1 task/s, elapsed: 22s, ETA:    75s[>>>>>>                     ] 1800/7824, 80.1 task/s, elapsed: 22s, ETA:    75s[>>>>>>                     ] 1801/7824, 80.1 task/s, elapsed: 22s, ETA:    75s[>>>>>>                     ] 1802/7824, 80.1 task/s, elapsed: 22s, ETA:    75s[>>>>>>                     ] 1803/7824, 80.1 task/s, elapsed: 22s, ETA:    75s[>>>>>>                     ] 1804/7824, 80.1 task/s, elapsed: 23s, ETA:    75s[>>>>>>                     ] 1805/7824, 80.2 task/s, elapsed: 23s, ETA:    75s[>>>>>>                     ] 1806/7824, 80.2 task/s, elapsed: 23s, ETA:    75s[>>>>>>                     ] 1807/7824, 80.2 task/s, elapsed: 23s, ETA:    75s[>>>>>>                     ] 1808/7824, 80.2 task/s, elapsed: 23s, ETA:    75s[>>>>>>                     ] 1809/7824, 80.2 task/s, elapsed: 23s, ETA:    75s[>>>>>>                     ] 1810/7824, 80.2 task/s, elapsed: 23s, ETA:    75s[>>>>>>                     ] 1811/7824, 80.2 task/s, elapsed: 23s, ETA:    75s[>>>>>>                     ] 1812/7824, 80.2 task/s, elapsed: 23s, ETA:    75s[>>>>>>                     ] 1813/7824, 80.2 task/s, elapsed: 23s, ETA:    75s[>>>>>>                     ] 1814/7824, 80.2 task/s, elapsed: 23s, ETA:    75s[>>>>>>                     ] 1815/7824, 80.2 task/s, elapsed: 23s, ETA:    75s[>>>>>>                     ] 1816/7824, 80.3 task/s, elapsed: 23s, ETA:    75s[>>>>>>                     ] 1817/7824, 80.3 task/s, elapsed: 23s, ETA:    75s[>>>>>>                     ] 1818/7824, 80.3 task/s, elapsed: 23s, ETA:    75s[>>>>>>                     ] 1819/7824, 80.3 task/s, elapsed: 23s, ETA:    75s[>>>>>>                     ] 1820/7824, 80.3 task/s, elapsed: 23s, ETA:    75s[>>>>>>                     ] 1821/7824, 80.3 task/s, elapsed: 23s, ETA:    75s[>>>>>>                     ] 1822/7824, 80.3 task/s, elapsed: 23s, ETA:    75s[>>>>>>                     ] 1823/7824, 80.3 task/s, elapsed: 23s, ETA:    75s[>>>>>>                     ] 1824/7824, 80.4 task/s, elapsed: 23s, ETA:    75s[>>>>>>                     ] 1825/7824, 80.4 task/s, elapsed: 23s, ETA:    75s[>>>>>>                     ] 1826/7824, 80.4 task/s, elapsed: 23s, ETA:    75s[>>>>>>                     ] 1827/7824, 80.4 task/s, elapsed: 23s, ETA:    75s[>>>>>>                     ] 1828/7824, 80.4 task/s, elapsed: 23s, ETA:    75s[>>>>>>                     ] 1829/7824, 80.4 task/s, elapsed: 23s, ETA:    75s[>>>>>>                     ] 1830/7824, 80.4 task/s, elapsed: 23s, ETA:    75s[>>>>>>                     ] 1831/7824, 80.4 task/s, elapsed: 23s, ETA:    74s[>>>>>>                     ] 1832/7824, 80.5 task/s, elapsed: 23s, ETA:    74s[>>>>>>                     ] 1833/7824, 80.5 task/s, elapsed: 23s, ETA:    74s[>>>>>>                     ] 1834/7824, 80.5 task/s, elapsed: 23s, ETA:    74s[>>>>>>                     ] 1835/7824, 80.5 task/s, elapsed: 23s, ETA:    74s[>>>>>>                     ] 1836/7824, 80.5 task/s, elapsed: 23s, ETA:    74s[>>>>>>                     ] 1837/7824, 80.5 task/s, elapsed: 23s, ETA:    74s[>>>>>>                     ] 1838/7824, 80.5 task/s, elapsed: 23s, ETA:    74s[>>>>>>                     ] 1839/7824, 80.5 task/s, elapsed: 23s, ETA:    74s[>>>>>>                     ] 1840/7824, 80.6 task/s, elapsed: 23s, ETA:    74s[>>>>>>                     ] 1841/7824, 80.6 task/s, elapsed: 23s, ETA:    74s[>>>>>>                     ] 1842/7824, 80.6 task/s, elapsed: 23s, ETA:    74s[>>>>>>                     ] 1843/7824, 80.6 task/s, elapsed: 23s, ETA:    74s[>>>>>>                     ] 1844/7824, 80.6 task/s, elapsed: 23s, ETA:    74s[>>>>>>                     ] 1845/7824, 80.6 task/s, elapsed: 23s, ETA:    74s[>>>>>>                     ] 1846/7824, 80.6 task/s, elapsed: 23s, ETA:    74s[>>>>>>                     ] 1847/7824, 80.6 task/s, elapsed: 23s, ETA:    74s[>>>>>>                     ] 1848/7824, 80.7 task/s, elapsed: 23s, ETA:    74s[>>>>>>                     ] 1849/7824, 80.7 task/s, elapsed: 23s, ETA:    74s[>>>>>>                     ] 1850/7824, 80.7 task/s, elapsed: 23s, ETA:    74s[>>>>>>                     ] 1851/7824, 80.7 task/s, elapsed: 23s, ETA:    74s[>>>>>>                     ] 1852/7824, 80.7 task/s, elapsed: 23s, ETA:    74s[>>>>>>                     ] 1853/7824, 80.7 task/s, elapsed: 23s, ETA:    74s[>>>>>>                     ] 1854/7824, 80.7 task/s, elapsed: 23s, ETA:    74s[>>>>>>                     ] 1855/7824, 80.7 task/s, elapsed: 23s, ETA:    74s[>>>>>>                     ] 1856/7824, 80.8 task/s, elapsed: 23s, ETA:    74s[>>>>>>                     ] 1857/7824, 80.8 task/s, elapsed: 23s, ETA:    74s[>>>>>>                     ] 1858/7824, 80.8 task/s, elapsed: 23s, ETA:    74s[>>>>>>                     ] 1859/7824, 80.8 task/s, elapsed: 23s, ETA:    74s[>>>>>>                     ] 1860/7824, 80.8 task/s, elapsed: 23s, ETA:    74s[>>>>>>                     ] 1861/7824, 80.8 task/s, elapsed: 23s, ETA:    74s[>>>>>>                     ] 1862/7824, 80.8 task/s, elapsed: 23s, ETA:    74s[>>>>>>                     ] 1863/7824, 80.8 task/s, elapsed: 23s, ETA:    74s[>>>>>>                     ] 1864/7824, 80.8 task/s, elapsed: 23s, ETA:    74s[>>>>>>                     ] 1865/7824, 80.9 task/s, elapsed: 23s, ETA:    74s[>>>>>>                     ] 1866/7824, 80.9 task/s, elapsed: 23s, ETA:    74s[>>>>>>                     ] 1867/7824, 80.9 task/s, elapsed: 23s, ETA:    74s[>>>>>>                     ] 1868/7824, 80.9 task/s, elapsed: 23s, ETA:    74s[>>>>>>                     ] 1869/7824, 80.9 task/s, elapsed: 23s, ETA:    74s[>>>>>>                     ] 1870/7824, 80.9 task/s, elapsed: 23s, ETA:    74s[>>>>>>                     ] 1871/7824, 80.9 task/s, elapsed: 23s, ETA:    74s[>>>>>>                     ] 1872/7824, 80.9 task/s, elapsed: 23s, ETA:    74s[>>>>>>                     ] 1873/7824, 81.0 task/s, elapsed: 23s, ETA:    74s[>>>>>>                     ] 1874/7824, 81.0 task/s, elapsed: 23s, ETA:    73s[>>>>>>                     ] 1875/7824, 81.0 task/s, elapsed: 23s, ETA:    73s[>>>>>>                     ] 1876/7824, 81.0 task/s, elapsed: 23s, ETA:    73s[>>>>>>                     ] 1877/7824, 81.0 task/s, elapsed: 23s, ETA:    73s[>>>>>>                     ] 1878/7824, 81.0 task/s, elapsed: 23s, ETA:    73s[>>>>>>                     ] 1879/7824, 81.0 task/s, elapsed: 23s, ETA:    73s[>>>>>>                     ] 1880/7824, 81.0 task/s, elapsed: 23s, ETA:    73s[>>>>>>                     ] 1881/7824, 81.1 task/s, elapsed: 23s, ETA:    73s[>>>>>>                     ] 1882/7824, 81.1 task/s, elapsed: 23s, ETA:    73s[>>>>>>                     ] 1883/7824, 81.1 task/s, elapsed: 23s, ETA:    73s[>>>>>>                     ] 1884/7824, 81.1 task/s, elapsed: 23s, ETA:    73s[>>>>>>                     ] 1885/7824, 81.1 task/s, elapsed: 23s, ETA:    73s[>>>>>>                     ] 1886/7824, 81.1 task/s, elapsed: 23s, ETA:    73s[>>>>>>                     ] 1887/7824, 81.1 task/s, elapsed: 23s, ETA:    73s[>>>>>>                     ] 1888/7824, 81.1 task/s, elapsed: 23s, ETA:    73s[>>>>>>                     ] 1889/7824, 81.2 task/s, elapsed: 23s, ETA:    73s[>>>>>>                     ] 1890/7824, 81.2 task/s, elapsed: 23s, ETA:    73s[>>>>>>                     ] 1891/7824, 81.2 task/s, elapsed: 23s, ETA:    73s[>>>>>>                     ] 1892/7824, 81.2 task/s, elapsed: 23s, ETA:    73s[>>>>>>                     ] 1893/7824, 81.2 task/s, elapsed: 23s, ETA:    73s[>>>>>>                     ] 1894/7824, 81.2 task/s, elapsed: 23s, ETA:    73s[>>>>>>                     ] 1895/7824, 81.2 task/s, elapsed: 23s, ETA:    73s[>>>>>>                     ] 1896/7824, 81.2 task/s, elapsed: 23s, ETA:    73s[>>>>>>                     ] 1897/7824, 81.3 task/s, elapsed: 23s, ETA:    73s[>>>>>>                     ] 1898/7824, 81.3 task/s, elapsed: 23s, ETA:    73s[>>>>>>                     ] 1899/7824, 81.3 task/s, elapsed: 23s, ETA:    73s[>>>>>>                     ] 1900/7824, 81.3 task/s, elapsed: 23s, ETA:    73s[>>>>>>                     ] 1901/7824, 81.2 task/s, elapsed: 23s, ETA:    73s[>>>>>>                     ] 1902/7824, 81.3 task/s, elapsed: 23s, ETA:    73s[>>>>>>                     ] 1903/7824, 81.3 task/s, elapsed: 23s, ETA:    73s[>>>>>>                     ] 1904/7824, 81.3 task/s, elapsed: 23s, ETA:    73s[>>>>>>                     ] 1905/7824, 81.3 task/s, elapsed: 23s, ETA:    73s[>>>>>>                     ] 1906/7824, 81.3 task/s, elapsed: 23s, ETA:    73s[>>>>>>                     ] 1907/7824, 81.3 task/s, elapsed: 23s, ETA:    73s[>>>>>>                     ] 1908/7824, 81.3 task/s, elapsed: 23s, ETA:    73s[>>>>>>                     ] 1909/7824, 81.3 task/s, elapsed: 23s, ETA:    73s[>>>>>>                     ] 1910/7824, 81.3 task/s, elapsed: 23s, ETA:    73s[>>>>>>                     ] 1911/7824, 81.3 task/s, elapsed: 23s, ETA:    73s[>>>>>>                     ] 1912/7824, 81.4 task/s, elapsed: 24s, ETA:    73s[>>>>>>                     ] 1913/7824, 81.4 task/s, elapsed: 24s, ETA:    73s[>>>>>>                     ] 1914/7824, 81.4 task/s, elapsed: 24s, ETA:    73s[>>>>>>                     ] 1915/7824, 81.4 task/s, elapsed: 24s, ETA:    73s[>>>>>>                     ] 1916/7824, 81.4 task/s, elapsed: 24s, ETA:    73s[>>>>>>                     ] 1917/7824, 81.4 task/s, elapsed: 24s, ETA:    73s[>>>>>>                     ] 1918/7824, 81.4 task/s, elapsed: 24s, ETA:    73s[>>>>>>                     ] 1919/7824, 81.4 task/s, elapsed: 24s, ETA:    73s[>>>>>>                     ] 1920/7824, 81.5 task/s, elapsed: 24s, ETA:    72s[>>>>>>                     ] 1921/7824, 81.5 task/s, elapsed: 24s, ETA:    72s[>>>>>>                     ] 1922/7824, 81.5 task/s, elapsed: 24s, ETA:    72s[>>>>>>                     ] 1923/7824, 81.5 task/s, elapsed: 24s, ETA:    72s[>>>>>>                     ] 1924/7824, 81.5 task/s, elapsed: 24s, ETA:    72s[>>>>>>                     ] 1925/7824, 81.5 task/s, elapsed: 24s, ETA:    72s[>>>>>>                     ] 1926/7824, 81.5 task/s, elapsed: 24s, ETA:    72s[>>>>>>                     ] 1927/7824, 81.5 task/s, elapsed: 24s, ETA:    72s[>>>>>>                     ] 1928/7824, 81.5 task/s, elapsed: 24s, ETA:    72s[>>>>>>                     ] 1929/7824, 81.6 task/s, elapsed: 24s, ETA:    72s[>>>>>>                     ] 1930/7824, 81.6 task/s, elapsed: 24s, ETA:    72s[>>>>>>                     ] 1931/7824, 81.6 task/s, elapsed: 24s, ETA:    72s[>>>>>>                     ] 1932/7824, 81.6 task/s, elapsed: 24s, ETA:    72s[>>>>>>                     ] 1933/7824, 81.6 task/s, elapsed: 24s, ETA:    72s[>>>>>>                     ] 1934/7824, 81.6 task/s, elapsed: 24s, ETA:    72s[>>>>>>                     ] 1935/7824, 81.6 task/s, elapsed: 24s, ETA:    72s[>>>>>>                     ] 1936/7824, 81.6 task/s, elapsed: 24s, ETA:    72s[>>>>>>                     ] 1937/7824, 81.6 task/s, elapsed: 24s, ETA:    72s[>>>>>>                     ] 1938/7824, 81.7 task/s, elapsed: 24s, ETA:    72s[>>>>>>                     ] 1939/7824, 81.7 task/s, elapsed: 24s, ETA:    72s[>>>>>>                     ] 1940/7824, 81.7 task/s, elapsed: 24s, ETA:    72s[>>>>>>                     ] 1941/7824, 81.7 task/s, elapsed: 24s, ETA:    72s[>>>>>>                     ] 1942/7824, 81.7 task/s, elapsed: 24s, ETA:    72s[>>>>>>                     ] 1943/7824, 81.7 task/s, elapsed: 24s, ETA:    72s[>>>>>>                     ] 1944/7824, 81.7 task/s, elapsed: 24s, ETA:    72s[>>>>>>                     ] 1945/7824, 81.7 task/s, elapsed: 24s, ETA:    72s[>>>>>>                     ] 1946/7824, 81.8 task/s, elapsed: 24s, ETA:    72s[>>>>>>                     ] 1947/7824, 81.8 task/s, elapsed: 24s, ETA:    72s[>>>>>>                     ] 1948/7824, 81.8 task/s, elapsed: 24s, ETA:    72s[>>>>>>                     ] 1949/7824, 81.8 task/s, elapsed: 24s, ETA:    72s[>>>>>>                     ] 1950/7824, 81.8 task/s, elapsed: 24s, ETA:    72s[>>>>>>                     ] 1951/7824, 81.8 task/s, elapsed: 24s, ETA:    72s[>>>>>>                     ] 1952/7824, 81.8 task/s, elapsed: 24s, ETA:    72s[>>>>>>                     ] 1953/7824, 81.8 task/s, elapsed: 24s, ETA:    72s[>>>>>>                     ] 1954/7824, 81.9 task/s, elapsed: 24s, ETA:    72s[>>>>>>                     ] 1955/7824, 81.9 task/s, elapsed: 24s, ETA:    72s[>>>>>>                     ] 1956/7824, 81.9 task/s, elapsed: 24s, ETA:    72s[>>>>>>                     ] 1957/7824, 81.9 task/s, elapsed: 24s, ETA:    72s[>>>>>>                     ] 1958/7824, 81.9 task/s, elapsed: 24s, ETA:    72s[>>>>>>                     ] 1959/7824, 81.9 task/s, elapsed: 24s, ETA:    72s[>>>>>>                     ] 1960/7824, 81.9 task/s, elapsed: 24s, ETA:    72s[>>>>>>                     ] 1961/7824, 81.9 task/s, elapsed: 24s, ETA:    72s[>>>>>>                     ] 1962/7824, 81.9 task/s, elapsed: 24s, ETA:    72s[>>>>>>                     ] 1963/7824, 82.0 task/s, elapsed: 24s, ETA:    72s[>>>>>>                     ] 1964/7824, 82.0 task/s, elapsed: 24s, ETA:    71s[>>>>>>                     ] 1965/7824, 82.0 task/s, elapsed: 24s, ETA:    71s[>>>>>>                     ] 1966/7824, 82.0 task/s, elapsed: 24s, ETA:    71s[>>>>>>                     ] 1967/7824, 82.0 task/s, elapsed: 24s, ETA:    71s[>>>>>>                     ] 1968/7824, 82.0 task/s, elapsed: 24s, ETA:    71s[>>>>>>                     ] 1969/7824, 82.0 task/s, elapsed: 24s, ETA:    71s[>>>>>>                     ] 1970/7824, 82.0 task/s, elapsed: 24s, ETA:    71s[>>>>>>                     ] 1971/7824, 82.0 task/s, elapsed: 24s, ETA:    71s[>>>>>>                     ] 1972/7824, 82.1 task/s, elapsed: 24s, ETA:    71s[>>>>>>                     ] 1973/7824, 82.1 task/s, elapsed: 24s, ETA:    71s[>>>>>>                     ] 1974/7824, 82.1 task/s, elapsed: 24s, ETA:    71s[>>>>>>                     ] 1975/7824, 82.1 task/s, elapsed: 24s, ETA:    71s[>>>>>>                     ] 1976/7824, 82.1 task/s, elapsed: 24s, ETA:    71s[>>>>>>                     ] 1977/7824, 82.1 task/s, elapsed: 24s, ETA:    71s[>>>>>>                     ] 1978/7824, 82.1 task/s, elapsed: 24s, ETA:    71s[>>>>>>                     ] 1979/7824, 82.1 task/s, elapsed: 24s, ETA:    71s[>>>>>>                     ] 1980/7824, 82.1 task/s, elapsed: 24s, ETA:    71s[>>>>>>                     ] 1981/7824, 82.2 task/s, elapsed: 24s, ETA:    71s[>>>>>>                     ] 1982/7824, 82.2 task/s, elapsed: 24s, ETA:    71s[>>>>>>                     ] 1983/7824, 82.2 task/s, elapsed: 24s, ETA:    71s[>>>>>>                     ] 1984/7824, 82.2 task/s, elapsed: 24s, ETA:    71s[>>>>>>                     ] 1985/7824, 82.2 task/s, elapsed: 24s, ETA:    71s[>>>>>>                     ] 1986/7824, 82.2 task/s, elapsed: 24s, ETA:    71s[>>>>>>                     ] 1987/7824, 82.2 task/s, elapsed: 24s, ETA:    71s[>>>>>>                     ] 1988/7824, 82.2 task/s, elapsed: 24s, ETA:    71s[>>>>>>                     ] 1989/7824, 82.2 task/s, elapsed: 24s, ETA:    71s[>>>>>>                     ] 1990/7824, 82.3 task/s, elapsed: 24s, ETA:    71s[>>>>>>                     ] 1991/7824, 82.3 task/s, elapsed: 24s, ETA:    71s[>>>>>>                     ] 1992/7824, 82.3 task/s, elapsed: 24s, ETA:    71s[>>>>>>                     ] 1993/7824, 82.3 task/s, elapsed: 24s, ETA:    71s[>>>>>>                     ] 1994/7824, 82.3 task/s, elapsed: 24s, ETA:    71s[>>>>>>                     ] 1995/7824, 82.3 task/s, elapsed: 24s, ETA:    71s[>>>>>>                     ] 1996/7824, 82.3 task/s, elapsed: 24s, ETA:    71s[>>>>>>                     ] 1997/7824, 82.3 task/s, elapsed: 24s, ETA:    71s[>>>>>>                     ] 1998/7824, 82.3 task/s, elapsed: 24s, ETA:    71s[>>>>>>                     ] 1999/7824, 82.4 task/s, elapsed: 24s, ETA:    71s[>>>>>>                     ] 2000/7824, 82.4 task/s, elapsed: 24s, ETA:    71s[>>>>>>                     ] 2001/7824, 82.4 task/s, elapsed: 24s, ETA:    71s[>>>>>>                     ] 2002/7824, 82.4 task/s, elapsed: 24s, ETA:    71s[>>>>>>                     ] 2003/7824, 82.4 task/s, elapsed: 24s, ETA:    71s[>>>>>>                     ] 2004/7824, 82.4 task/s, elapsed: 24s, ETA:    71s[>>>>>>                     ] 2005/7824, 82.4 task/s, elapsed: 24s, ETA:    71s[>>>>>>                     ] 2006/7824, 82.4 task/s, elapsed: 24s, ETA:    71s[>>>>>>                     ] 2007/7824, 82.4 task/s, elapsed: 24s, ETA:    71s[>>>>>>                     ] 2008/7824, 82.5 task/s, elapsed: 24s, ETA:    71s[>>>>>>                     ] 2009/7824, 82.5 task/s, elapsed: 24s, ETA:    71s[>>>>>>                     ] 2010/7824, 82.5 task/s, elapsed: 24s, ETA:    70s[>>>>>>                     ] 2011/7824, 82.5 task/s, elapsed: 24s, ETA:    70s[>>>>>>                     ] 2012/7824, 82.5 task/s, elapsed: 24s, ETA:    70s[>>>>>>                     ] 2013/7824, 82.5 task/s, elapsed: 24s, ETA:    70s[>>>>>>                     ] 2014/7824, 82.5 task/s, elapsed: 24s, ETA:    70s[>>>>>>                     ] 2015/7824, 82.5 task/s, elapsed: 24s, ETA:    70s[>>>>>>                     ] 2016/7824, 82.5 task/s, elapsed: 24s, ETA:    70s[>>>>>>                     ] 2017/7824, 82.6 task/s, elapsed: 24s, ETA:    70s[>>>>>>                     ] 2018/7824, 82.6 task/s, elapsed: 24s, ETA:    70s[>>>>>>                     ] 2019/7824, 82.6 task/s, elapsed: 24s, ETA:    70s[>>>>>>                     ] 2020/7824, 82.6 task/s, elapsed: 24s, ETA:    70s[>>>>>>                     ] 2021/7824, 82.6 task/s, elapsed: 24s, ETA:    70s[>>>>>>                     ] 2022/7824, 82.6 task/s, elapsed: 24s, ETA:    70s[>>>>>>                     ] 2023/7824, 82.6 task/s, elapsed: 24s, ETA:    70s[>>>>>>                     ] 2024/7824, 82.6 task/s, elapsed: 24s, ETA:    70s[>>>>>>                     ] 2025/7824, 82.6 task/s, elapsed: 25s, ETA:    70s[>>>>>>                     ] 2026/7824, 82.7 task/s, elapsed: 25s, ETA:    70s[>>>>>>                     ] 2027/7824, 82.7 task/s, elapsed: 25s, ETA:    70s[>>>>>>                     ] 2028/7824, 82.7 task/s, elapsed: 25s, ETA:    70s[>>>>>>>                    ] 2029/7824, 82.7 task/s, elapsed: 25s, ETA:    70s[>>>>>>>                    ] 2030/7824, 82.7 task/s, elapsed: 25s, ETA:    70s[>>>>>>>                    ] 2031/7824, 82.7 task/s, elapsed: 25s, ETA:    70s[>>>>>>>                    ] 2032/7824, 82.7 task/s, elapsed: 25s, ETA:    70s[>>>>>>>                    ] 2033/7824, 82.7 task/s, elapsed: 25s, ETA:    70s[>>>>>>>                    ] 2034/7824, 82.7 task/s, elapsed: 25s, ETA:    70s[>>>>>>>                    ] 2035/7824, 82.7 task/s, elapsed: 25s, ETA:    70s[>>>>>>>                    ] 2036/7824, 82.8 task/s, elapsed: 25s, ETA:    70s[>>>>>>>                    ] 2037/7824, 82.8 task/s, elapsed: 25s, ETA:    70s[>>>>>>>                    ] 2038/7824, 82.8 task/s, elapsed: 25s, ETA:    70s[>>>>>>>                    ] 2039/7824, 82.8 task/s, elapsed: 25s, ETA:    70s[>>>>>>>                    ] 2040/7824, 82.8 task/s, elapsed: 25s, ETA:    70s[>>>>>>>                    ] 2041/7824, 82.8 task/s, elapsed: 25s, ETA:    70s[>>>>>>>                    ] 2042/7824, 82.8 task/s, elapsed: 25s, ETA:    70s[>>>>>>>                    ] 2043/7824, 82.8 task/s, elapsed: 25s, ETA:    70s[>>>>>>>                    ] 2044/7824, 82.8 task/s, elapsed: 25s, ETA:    70s[>>>>>>>                    ] 2045/7824, 82.8 task/s, elapsed: 25s, ETA:    70s[>>>>>>>                    ] 2046/7824, 82.9 task/s, elapsed: 25s, ETA:    70s[>>>>>>>                    ] 2047/7824, 82.9 task/s, elapsed: 25s, ETA:    70s[>>>>>>>                    ] 2048/7824, 82.9 task/s, elapsed: 25s, ETA:    70s[>>>>>>>                    ] 2049/7824, 82.9 task/s, elapsed: 25s, ETA:    70s[>>>>>>>                    ] 2050/7824, 82.9 task/s, elapsed: 25s, ETA:    70s[>>>>>>>                    ] 2051/7824, 82.9 task/s, elapsed: 25s, ETA:    70s[>>>>>>>                    ] 2052/7824, 82.9 task/s, elapsed: 25s, ETA:    70s[>>>>>>>                    ] 2053/7824, 82.9 task/s, elapsed: 25s, ETA:    70s[>>>>>>>                    ] 2054/7824, 82.9 task/s, elapsed: 25s, ETA:    70s[>>>>>>>                    ] 2055/7824, 82.9 task/s, elapsed: 25s, ETA:    70s[>>>>>>>                    ] 2056/7824, 83.0 task/s, elapsed: 25s, ETA:    70s[>>>>>>>                    ] 2057/7824, 83.0 task/s, elapsed: 25s, ETA:    70s[>>>>>>>                    ] 2058/7824, 83.0 task/s, elapsed: 25s, ETA:    69s[>>>>>>>                    ] 2059/7824, 83.0 task/s, elapsed: 25s, ETA:    69s[>>>>>>>                    ] 2060/7824, 83.0 task/s, elapsed: 25s, ETA:    69s[>>>>>>>                    ] 2061/7824, 83.0 task/s, elapsed: 25s, ETA:    69s[>>>>>>>                    ] 2062/7824, 83.0 task/s, elapsed: 25s, ETA:    69s[>>>>>>>                    ] 2063/7824, 83.0 task/s, elapsed: 25s, ETA:    69s[>>>>>>>                    ] 2064/7824, 83.0 task/s, elapsed: 25s, ETA:    69s[>>>>>>>                    ] 2065/7824, 83.1 task/s, elapsed: 25s, ETA:    69s[>>>>>>>                    ] 2066/7824, 83.1 task/s, elapsed: 25s, ETA:    69s[>>>>>>>                    ] 2067/7824, 83.1 task/s, elapsed: 25s, ETA:    69s[>>>>>>>                    ] 2068/7824, 83.1 task/s, elapsed: 25s, ETA:    69s[>>>>>>>                    ] 2069/7824, 83.1 task/s, elapsed: 25s, ETA:    69s[>>>>>>>                    ] 2070/7824, 83.1 task/s, elapsed: 25s, ETA:    69s[>>>>>>>                    ] 2071/7824, 83.1 task/s, elapsed: 25s, ETA:    69s[>>>>>>>                    ] 2072/7824, 83.1 task/s, elapsed: 25s, ETA:    69s[>>>>>>>                    ] 2073/7824, 83.1 task/s, elapsed: 25s, ETA:    69s[>>>>>>>                    ] 2074/7824, 83.1 task/s, elapsed: 25s, ETA:    69s[>>>>>>>                    ] 2075/7824, 83.2 task/s, elapsed: 25s, ETA:    69s[>>>>>>>                    ] 2076/7824, 83.2 task/s, elapsed: 25s, ETA:    69s[>>>>>>>                    ] 2077/7824, 83.2 task/s, elapsed: 25s, ETA:    69s[>>>>>>>                    ] 2078/7824, 83.2 task/s, elapsed: 25s, ETA:    69s[>>>>>>>                    ] 2079/7824, 83.2 task/s, elapsed: 25s, ETA:    69s[>>>>>>>                    ] 2080/7824, 83.2 task/s, elapsed: 25s, ETA:    69s[>>>>>>>                    ] 2081/7824, 83.2 task/s, elapsed: 25s, ETA:    69s[>>>>>>>                    ] 2082/7824, 83.2 task/s, elapsed: 25s, ETA:    69s[>>>>>>>                    ] 2083/7824, 83.2 task/s, elapsed: 25s, ETA:    69s[>>>>>>>                    ] 2084/7824, 83.3 task/s, elapsed: 25s, ETA:    69s[>>>>>>>                    ] 2085/7824, 83.3 task/s, elapsed: 25s, ETA:    69s[>>>>>>>                    ] 2086/7824, 83.3 task/s, elapsed: 25s, ETA:    69s[>>>>>>>                    ] 2087/7824, 83.2 task/s, elapsed: 25s, ETA:    69s[>>>>>>>                    ] 2088/7824, 83.2 task/s, elapsed: 25s, ETA:    69s[>>>>>>>                    ] 2089/7824, 83.2 task/s, elapsed: 25s, ETA:    69s[>>>>>>>                    ] 2090/7824, 83.3 task/s, elapsed: 25s, ETA:    69s[>>>>>>>                    ] 2091/7824, 83.3 task/s, elapsed: 25s, ETA:    69s[>>>>>>>                    ] 2092/7824, 83.3 task/s, elapsed: 25s, ETA:    69s[>>>>>>>                    ] 2093/7824, 83.3 task/s, elapsed: 25s, ETA:    69s[>>>>>>>                    ] 2094/7824, 83.3 task/s, elapsed: 25s, ETA:    69s[>>>>>>>                    ] 2095/7824, 83.3 task/s, elapsed: 25s, ETA:    69s[>>>>>>>                    ] 2096/7824, 83.3 task/s, elapsed: 25s, ETA:    69s[>>>>>>>                    ] 2097/7824, 83.3 task/s, elapsed: 25s, ETA:    69s[>>>>>>>                    ] 2098/7824, 83.3 task/s, elapsed: 25s, ETA:    69s[>>>>>>>                    ] 2099/7824, 83.3 task/s, elapsed: 25s, ETA:    69s[>>>>>>>                    ] 2100/7824, 83.4 task/s, elapsed: 25s, ETA:    69s[>>>>>>>                    ] 2101/7824, 83.4 task/s, elapsed: 25s, ETA:    69s[>>>>>>>                    ] 2102/7824, 83.4 task/s, elapsed: 25s, ETA:    69s[>>>>>>>                    ] 2103/7824, 83.4 task/s, elapsed: 25s, ETA:    69s[>>>>>>>                    ] 2104/7824, 83.4 task/s, elapsed: 25s, ETA:    69s[>>>>>>>                    ] 2105/7824, 83.4 task/s, elapsed: 25s, ETA:    69s[>>>>>>>                    ] 2106/7824, 83.4 task/s, elapsed: 25s, ETA:    69s[>>>>>>>                    ] 2107/7824, 83.4 task/s, elapsed: 25s, ETA:    69s[>>>>>>>                    ] 2108/7824, 83.4 task/s, elapsed: 25s, ETA:    69s[>>>>>>>                    ] 2109/7824, 83.4 task/s, elapsed: 25s, ETA:    68s[>>>>>>>                    ] 2110/7824, 83.5 task/s, elapsed: 25s, ETA:    68s[>>>>>>>                    ] 2111/7824, 83.5 task/s, elapsed: 25s, ETA:    68s[>>>>>>>                    ] 2112/7824, 83.5 task/s, elapsed: 25s, ETA:    68s[>>>>>>>                    ] 2113/7824, 83.5 task/s, elapsed: 25s, ETA:    68s[>>>>>>>                    ] 2114/7824, 83.5 task/s, elapsed: 25s, ETA:    68s[>>>>>>>                    ] 2115/7824, 83.5 task/s, elapsed: 25s, ETA:    68s[>>>>>>>                    ] 2116/7824, 83.5 task/s, elapsed: 25s, ETA:    68s[>>>>>>>                    ] 2117/7824, 83.5 task/s, elapsed: 25s, ETA:    68s[>>>>>>>                    ] 2118/7824, 83.5 task/s, elapsed: 25s, ETA:    68s[>>>>>>>                    ] 2119/7824, 83.6 task/s, elapsed: 25s, ETA:    68s[>>>>>>>                    ] 2120/7824, 83.6 task/s, elapsed: 25s, ETA:    68s[>>>>>>>                    ] 2121/7824, 83.6 task/s, elapsed: 25s, ETA:    68s[>>>>>>>                    ] 2122/7824, 83.6 task/s, elapsed: 25s, ETA:    68s[>>>>>>>                    ] 2123/7824, 83.6 task/s, elapsed: 25s, ETA:    68s[>>>>>>>                    ] 2124/7824, 83.6 task/s, elapsed: 25s, ETA:    68s[>>>>>>>                    ] 2125/7824, 83.6 task/s, elapsed: 25s, ETA:    68s[>>>>>>>                    ] 2126/7824, 83.6 task/s, elapsed: 25s, ETA:    68s[>>>>>>>                    ] 2127/7824, 83.6 task/s, elapsed: 25s, ETA:    68s[>>>>>>>                    ] 2128/7824, 83.6 task/s, elapsed: 25s, ETA:    68s[>>>>>>>                    ] 2129/7824, 83.7 task/s, elapsed: 25s, ETA:    68s[>>>>>>>                    ] 2130/7824, 83.7 task/s, elapsed: 25s, ETA:    68s[>>>>>>>                    ] 2131/7824, 83.7 task/s, elapsed: 25s, ETA:    68s[>>>>>>>                    ] 2132/7824, 83.7 task/s, elapsed: 25s, ETA:    68s[>>>>>>>                    ] 2133/7824, 83.7 task/s, elapsed: 25s, ETA:    68s[>>>>>>>                    ] 2134/7824, 83.7 task/s, elapsed: 25s, ETA:    68s[>>>>>>>                    ] 2135/7824, 83.7 task/s, elapsed: 26s, ETA:    68s[>>>>>>>                    ] 2136/7824, 83.7 task/s, elapsed: 26s, ETA:    68s[>>>>>>>                    ] 2137/7824, 83.7 task/s, elapsed: 26s, ETA:    68s[>>>>>>>                    ] 2138/7824, 83.7 task/s, elapsed: 26s, ETA:    68s[>>>>>>>                    ] 2139/7824, 83.8 task/s, elapsed: 26s, ETA:    68s[>>>>>>>                    ] 2140/7824, 83.8 task/s, elapsed: 26s, ETA:    68s[>>>>>>>                    ] 2141/7824, 83.8 task/s, elapsed: 26s, ETA:    68s[>>>>>>>                    ] 2142/7824, 83.8 task/s, elapsed: 26s, ETA:    68s[>>>>>>>                    ] 2143/7824, 83.8 task/s, elapsed: 26s, ETA:    68s[>>>>>>>                    ] 2144/7824, 83.8 task/s, elapsed: 26s, ETA:    68s[>>>>>>>                    ] 2145/7824, 83.8 task/s, elapsed: 26s, ETA:    68s[>>>>>>>                    ] 2146/7824, 83.8 task/s, elapsed: 26s, ETA:    68s[>>>>>>>                    ] 2147/7824, 83.8 task/s, elapsed: 26s, ETA:    68s[>>>>>>>                    ] 2148/7824, 83.8 task/s, elapsed: 26s, ETA:    68s[>>>>>>>                    ] 2149/7824, 83.8 task/s, elapsed: 26s, ETA:    68s[>>>>>>>                    ] 2150/7824, 83.9 task/s, elapsed: 26s, ETA:    68s[>>>>>>>                    ] 2151/7824, 83.9 task/s, elapsed: 26s, ETA:    68s[>>>>>>>                    ] 2152/7824, 83.9 task/s, elapsed: 26s, ETA:    68s[>>>>>>>                    ] 2153/7824, 83.9 task/s, elapsed: 26s, ETA:    68s[>>>>>>>                    ] 2154/7824, 83.9 task/s, elapsed: 26s, ETA:    68s[>>>>>>>                    ] 2155/7824, 83.9 task/s, elapsed: 26s, ETA:    68s[>>>>>>>                    ] 2156/7824, 83.9 task/s, elapsed: 26s, ETA:    68s[>>>>>>>                    ] 2157/7824, 83.9 task/s, elapsed: 26s, ETA:    68s[>>>>>>>                    ] 2158/7824, 83.9 task/s, elapsed: 26s, ETA:    68s[>>>>>>>                    ] 2159/7824, 83.9 task/s, elapsed: 26s, ETA:    67s[>>>>>>>                    ] 2160/7824, 84.0 task/s, elapsed: 26s, ETA:    67s[>>>>>>>                    ] 2161/7824, 84.0 task/s, elapsed: 26s, ETA:    67s[>>>>>>>                    ] 2162/7824, 84.0 task/s, elapsed: 26s, ETA:    67s[>>>>>>>                    ] 2163/7824, 84.0 task/s, elapsed: 26s, ETA:    67s[>>>>>>>                    ] 2164/7824, 84.0 task/s, elapsed: 26s, ETA:    67s[>>>>>>>                    ] 2165/7824, 84.0 task/s, elapsed: 26s, ETA:    67s[>>>>>>>                    ] 2166/7824, 84.0 task/s, elapsed: 26s, ETA:    67s[>>>>>>>                    ] 2167/7824, 84.0 task/s, elapsed: 26s, ETA:    67s[>>>>>>>                    ] 2168/7824, 84.0 task/s, elapsed: 26s, ETA:    67s[>>>>>>>                    ] 2169/7824, 84.0 task/s, elapsed: 26s, ETA:    67s[>>>>>>>                    ] 2170/7824, 84.1 task/s, elapsed: 26s, ETA:    67s[>>>>>>>                    ] 2171/7824, 84.1 task/s, elapsed: 26s, ETA:    67s[>>>>>>>                    ] 2172/7824, 84.1 task/s, elapsed: 26s, ETA:    67s[>>>>>>>                    ] 2173/7824, 84.1 task/s, elapsed: 26s, ETA:    67s[>>>>>>>                    ] 2174/7824, 84.1 task/s, elapsed: 26s, ETA:    67s[>>>>>>>                    ] 2175/7824, 84.1 task/s, elapsed: 26s, ETA:    67s[>>>>>>>                    ] 2176/7824, 84.1 task/s, elapsed: 26s, ETA:    67s[>>>>>>>                    ] 2177/7824, 84.1 task/s, elapsed: 26s, ETA:    67s[>>>>>>>                    ] 2178/7824, 84.1 task/s, elapsed: 26s, ETA:    67s[>>>>>>>                    ] 2179/7824, 84.1 task/s, elapsed: 26s, ETA:    67s[>>>>>>>                    ] 2180/7824, 84.1 task/s, elapsed: 26s, ETA:    67s[>>>>>>>                    ] 2181/7824, 84.1 task/s, elapsed: 26s, ETA:    67s[>>>>>>>                    ] 2182/7824, 84.1 task/s, elapsed: 26s, ETA:    67s[>>>>>>>                    ] 2183/7824, 84.1 task/s, elapsed: 26s, ETA:    67s[>>>>>>>                    ] 2184/7824, 84.1 task/s, elapsed: 26s, ETA:    67s[>>>>>>>                    ] 2185/7824, 84.2 task/s, elapsed: 26s, ETA:    67s[>>>>>>>                    ] 2186/7824, 84.2 task/s, elapsed: 26s, ETA:    67s[>>>>>>>                    ] 2187/7824, 84.2 task/s, elapsed: 26s, ETA:    67s[>>>>>>>                    ] 2188/7824, 84.2 task/s, elapsed: 26s, ETA:    67s[>>>>>>>                    ] 2189/7824, 84.2 task/s, elapsed: 26s, ETA:    67s[>>>>>>>                    ] 2190/7824, 84.2 task/s, elapsed: 26s, ETA:    67s[>>>>>>>                    ] 2191/7824, 84.2 task/s, elapsed: 26s, ETA:    67s[>>>>>>>                    ] 2192/7824, 84.2 task/s, elapsed: 26s, ETA:    67s[>>>>>>>                    ] 2193/7824, 84.2 task/s, elapsed: 26s, ETA:    67s[>>>>>>>                    ] 2194/7824, 84.2 task/s, elapsed: 26s, ETA:    67s[>>>>>>>                    ] 2195/7824, 84.2 task/s, elapsed: 26s, ETA:    67s[>>>>>>>                    ] 2196/7824, 84.3 task/s, elapsed: 26s, ETA:    67s[>>>>>>>                    ] 2197/7824, 84.3 task/s, elapsed: 26s, ETA:    67s[>>>>>>>                    ] 2198/7824, 84.3 task/s, elapsed: 26s, ETA:    67s[>>>>>>>                    ] 2199/7824, 84.3 task/s, elapsed: 26s, ETA:    67s[>>>>>>>                    ] 2200/7824, 84.3 task/s, elapsed: 26s, ETA:    67s[>>>>>>>                    ] 2201/7824, 84.3 task/s, elapsed: 26s, ETA:    67s[>>>>>>>                    ] 2202/7824, 84.3 task/s, elapsed: 26s, ETA:    67s[>>>>>>>                    ] 2203/7824, 84.3 task/s, elapsed: 26s, ETA:    67s[>>>>>>>                    ] 2204/7824, 84.3 task/s, elapsed: 26s, ETA:    67s[>>>>>>>                    ] 2205/7824, 84.3 task/s, elapsed: 26s, ETA:    67s[>>>>>>>                    ] 2206/7824, 84.4 task/s, elapsed: 26s, ETA:    67s[>>>>>>>                    ] 2207/7824, 84.4 task/s, elapsed: 26s, ETA:    67s[>>>>>>>                    ] 2208/7824, 84.4 task/s, elapsed: 26s, ETA:    67s[>>>>>>>                    ] 2209/7824, 84.4 task/s, elapsed: 26s, ETA:    67s[>>>>>>>                    ] 2210/7824, 84.4 task/s, elapsed: 26s, ETA:    67s[>>>>>>>                    ] 2211/7824, 84.4 task/s, elapsed: 26s, ETA:    67s[>>>>>>>                    ] 2212/7824, 84.4 task/s, elapsed: 26s, ETA:    66s[>>>>>>>                    ] 2213/7824, 84.4 task/s, elapsed: 26s, ETA:    66s[>>>>>>>                    ] 2214/7824, 84.4 task/s, elapsed: 26s, ETA:    66s[>>>>>>>                    ] 2215/7824, 84.4 task/s, elapsed: 26s, ETA:    66s[>>>>>>>                    ] 2216/7824, 84.5 task/s, elapsed: 26s, ETA:    66s[>>>>>>>                    ] 2217/7824, 84.5 task/s, elapsed: 26s, ETA:    66s[>>>>>>>                    ] 2218/7824, 84.5 task/s, elapsed: 26s, ETA:    66s[>>>>>>>                    ] 2219/7824, 84.5 task/s, elapsed: 26s, ETA:    66s[>>>>>>>                    ] 2220/7824, 84.5 task/s, elapsed: 26s, ETA:    66s[>>>>>>>                    ] 2221/7824, 84.5 task/s, elapsed: 26s, ETA:    66s[>>>>>>>                    ] 2222/7824, 84.5 task/s, elapsed: 26s, ETA:    66s[>>>>>>>                    ] 2223/7824, 84.5 task/s, elapsed: 26s, ETA:    66s[>>>>>>>                    ] 2224/7824, 84.5 task/s, elapsed: 26s, ETA:    66s[>>>>>>>                    ] 2225/7824, 84.5 task/s, elapsed: 26s, ETA:    66s[>>>>>>>                    ] 2226/7824, 84.5 task/s, elapsed: 26s, ETA:    66s[>>>>>>>                    ] 2227/7824, 84.6 task/s, elapsed: 26s, ETA:    66s[>>>>>>>                    ] 2228/7824, 84.6 task/s, elapsed: 26s, ETA:    66s[>>>>>>>                    ] 2229/7824, 84.6 task/s, elapsed: 26s, ETA:    66s[>>>>>>>                    ] 2230/7824, 84.6 task/s, elapsed: 26s, ETA:    66s[>>>>>>>                    ] 2231/7824, 84.6 task/s, elapsed: 26s, ETA:    66s[>>>>>>>                    ] 2232/7824, 84.6 task/s, elapsed: 26s, ETA:    66s[>>>>>>>                    ] 2233/7824, 84.6 task/s, elapsed: 26s, ETA:    66s[>>>>>>>                    ] 2234/7824, 84.6 task/s, elapsed: 26s, ETA:    66s[>>>>>>>                    ] 2235/7824, 84.6 task/s, elapsed: 26s, ETA:    66s[>>>>>>>                    ] 2236/7824, 84.6 task/s, elapsed: 26s, ETA:    66s[>>>>>>>                    ] 2237/7824, 84.7 task/s, elapsed: 26s, ETA:    66s[>>>>>>>                    ] 2238/7824, 84.7 task/s, elapsed: 26s, ETA:    66s[>>>>>>>                    ] 2239/7824, 84.7 task/s, elapsed: 26s, ETA:    66s[>>>>>>>                    ] 2240/7824, 84.7 task/s, elapsed: 26s, ETA:    66s[>>>>>>>                    ] 2241/7824, 84.7 task/s, elapsed: 26s, ETA:    66s[>>>>>>>                    ] 2242/7824, 84.7 task/s, elapsed: 26s, ETA:    66s[>>>>>>>                    ] 2243/7824, 84.7 task/s, elapsed: 26s, ETA:    66s[>>>>>>>                    ] 2244/7824, 84.7 task/s, elapsed: 26s, ETA:    66s[>>>>>>>                    ] 2245/7824, 84.7 task/s, elapsed: 26s, ETA:    66s[>>>>>>>                    ] 2246/7824, 84.7 task/s, elapsed: 27s, ETA:    66s[>>>>>>>                    ] 2247/7824, 84.7 task/s, elapsed: 27s, ETA:    66s[>>>>>>>                    ] 2248/7824, 84.8 task/s, elapsed: 27s, ETA:    66s[>>>>>>>                    ] 2249/7824, 84.8 task/s, elapsed: 27s, ETA:    66s[>>>>>>>                    ] 2250/7824, 84.8 task/s, elapsed: 27s, ETA:    66s[>>>>>>>                    ] 2251/7824, 84.8 task/s, elapsed: 27s, ETA:    66s[>>>>>>>                    ] 2252/7824, 84.8 task/s, elapsed: 27s, ETA:    66s[>>>>>>>                    ] 2253/7824, 84.8 task/s, elapsed: 27s, ETA:    66s[>>>>>>>                    ] 2254/7824, 84.8 task/s, elapsed: 27s, ETA:    66s[>>>>>>>                    ] 2255/7824, 84.8 task/s, elapsed: 27s, ETA:    66s[>>>>>>>                    ] 2256/7824, 84.8 task/s, elapsed: 27s, ETA:    66s[>>>>>>>                    ] 2257/7824, 84.8 task/s, elapsed: 27s, ETA:    66s[>>>>>>>                    ] 2258/7824, 84.8 task/s, elapsed: 27s, ETA:    66s[>>>>>>>                    ] 2259/7824, 84.9 task/s, elapsed: 27s, ETA:    66s[>>>>>>>                    ] 2260/7824, 84.9 task/s, elapsed: 27s, ETA:    66s[>>>>>>>                    ] 2261/7824, 84.9 task/s, elapsed: 27s, ETA:    66s[>>>>>>>                    ] 2262/7824, 84.9 task/s, elapsed: 27s, ETA:    66s[>>>>>>>                    ] 2263/7824, 84.9 task/s, elapsed: 27s, ETA:    66s[>>>>>>>                    ] 2264/7824, 84.9 task/s, elapsed: 27s, ETA:    65s[>>>>>>>                    ] 2265/7824, 84.9 task/s, elapsed: 27s, ETA:    65s[>>>>>>>                    ] 2266/7824, 84.9 task/s, elapsed: 27s, ETA:    65s[>>>>>>>                    ] 2267/7824, 84.9 task/s, elapsed: 27s, ETA:    65s[>>>>>>>                    ] 2268/7824, 84.9 task/s, elapsed: 27s, ETA:    65s[>>>>>>>                    ] 2269/7824, 84.9 task/s, elapsed: 27s, ETA:    65s[>>>>>>>                    ] 2270/7824, 85.0 task/s, elapsed: 27s, ETA:    65s[>>>>>>>                    ] 2271/7824, 85.0 task/s, elapsed: 27s, ETA:    65s[>>>>>>>                    ] 2272/7824, 85.0 task/s, elapsed: 27s, ETA:    65s[>>>>>>>                    ] 2273/7824, 85.0 task/s, elapsed: 27s, ETA:    65s[>>>>>>>                    ] 2274/7824, 85.0 task/s, elapsed: 27s, ETA:    65s[>>>>>>>                    ] 2275/7824, 85.0 task/s, elapsed: 27s, ETA:    65s[>>>>>>>                    ] 2276/7824, 85.0 task/s, elapsed: 27s, ETA:    65s[>>>>>>>                    ] 2277/7824, 85.0 task/s, elapsed: 27s, ETA:    65s[>>>>>>>                    ] 2278/7824, 85.0 task/s, elapsed: 27s, ETA:    65s[>>>>>>>                    ] 2279/7824, 85.0 task/s, elapsed: 27s, ETA:    65s[>>>>>>>                    ] 2280/7824, 85.0 task/s, elapsed: 27s, ETA:    65s[>>>>>>>                    ] 2281/7824, 85.0 task/s, elapsed: 27s, ETA:    65s[>>>>>>>                    ] 2282/7824, 85.0 task/s, elapsed: 27s, ETA:    65s[>>>>>>>                    ] 2283/7824, 85.1 task/s, elapsed: 27s, ETA:    65s[>>>>>>>                    ] 2284/7824, 85.1 task/s, elapsed: 27s, ETA:    65s[>>>>>>>                    ] 2285/7824, 85.1 task/s, elapsed: 27s, ETA:    65s[>>>>>>>                    ] 2286/7824, 85.1 task/s, elapsed: 27s, ETA:    65s[>>>>>>>                    ] 2287/7824, 85.1 task/s, elapsed: 27s, ETA:    65s[>>>>>>>                    ] 2288/7824, 85.1 task/s, elapsed: 27s, ETA:    65s[>>>>>>>                    ] 2289/7824, 85.1 task/s, elapsed: 27s, ETA:    65s[>>>>>>>                    ] 2290/7824, 85.1 task/s, elapsed: 27s, ETA:    65s[>>>>>>>                    ] 2291/7824, 85.1 task/s, elapsed: 27s, ETA:    65s[>>>>>>>                    ] 2292/7824, 85.1 task/s, elapsed: 27s, ETA:    65s[>>>>>>>                    ] 2293/7824, 85.2 task/s, elapsed: 27s, ETA:    65s[>>>>>>>                    ] 2294/7824, 85.2 task/s, elapsed: 27s, ETA:    65s[>>>>>>>                    ] 2295/7824, 85.2 task/s, elapsed: 27s, ETA:    65s[>>>>>>>                    ] 2296/7824, 85.2 task/s, elapsed: 27s, ETA:    65s[>>>>>>>                    ] 2297/7824, 85.2 task/s, elapsed: 27s, ETA:    65s[>>>>>>>                    ] 2298/7824, 85.2 task/s, elapsed: 27s, ETA:    65s[>>>>>>>                    ] 2299/7824, 85.2 task/s, elapsed: 27s, ETA:    65s[>>>>>>>                    ] 2300/7824, 85.2 task/s, elapsed: 27s, ETA:    65s[>>>>>>>                    ] 2301/7824, 85.2 task/s, elapsed: 27s, ETA:    65s[>>>>>>>                    ] 2302/7824, 85.2 task/s, elapsed: 27s, ETA:    65s[>>>>>>>                    ] 2303/7824, 85.2 task/s, elapsed: 27s, ETA:    65s[>>>>>>>                    ] 2304/7824, 85.2 task/s, elapsed: 27s, ETA:    65s[>>>>>>>                    ] 2305/7824, 85.3 task/s, elapsed: 27s, ETA:    65s[>>>>>>>                    ] 2306/7824, 85.3 task/s, elapsed: 27s, ETA:    65s[>>>>>>>                    ] 2307/7824, 85.3 task/s, elapsed: 27s, ETA:    65s[>>>>>>>                    ] 2308/7824, 85.3 task/s, elapsed: 27s, ETA:    65s[>>>>>>>                    ] 2309/7824, 85.3 task/s, elapsed: 27s, ETA:    65s[>>>>>>>                    ] 2310/7824, 85.3 task/s, elapsed: 27s, ETA:    65s[>>>>>>>                    ] 2311/7824, 85.3 task/s, elapsed: 27s, ETA:    65s[>>>>>>>                    ] 2312/7824, 85.3 task/s, elapsed: 27s, ETA:    65s[>>>>>>>                    ] 2313/7824, 85.3 task/s, elapsed: 27s, ETA:    65s[>>>>>>>                    ] 2314/7824, 85.3 task/s, elapsed: 27s, ETA:    65s[>>>>>>>                    ] 2315/7824, 85.3 task/s, elapsed: 27s, ETA:    65s[>>>>>>>                    ] 2316/7824, 85.4 task/s, elapsed: 27s, ETA:    65s[>>>>>>>                    ] 2317/7824, 85.4 task/s, elapsed: 27s, ETA:    65s[>>>>>>>                    ] 2318/7824, 85.4 task/s, elapsed: 27s, ETA:    64s[>>>>>>>>                   ] 2319/7824, 85.4 task/s, elapsed: 27s, ETA:    64s[>>>>>>>>                   ] 2320/7824, 85.4 task/s, elapsed: 27s, ETA:    64s[>>>>>>>>                   ] 2321/7824, 85.4 task/s, elapsed: 27s, ETA:    64s[>>>>>>>>                   ] 2322/7824, 85.4 task/s, elapsed: 27s, ETA:    64s[>>>>>>>>                   ] 2323/7824, 85.4 task/s, elapsed: 27s, ETA:    64s[>>>>>>>>                   ] 2324/7824, 85.4 task/s, elapsed: 27s, ETA:    64s[>>>>>>>>                   ] 2325/7824, 85.4 task/s, elapsed: 27s, ETA:    64s[>>>>>>>>                   ] 2326/7824, 85.4 task/s, elapsed: 27s, ETA:    64s[>>>>>>>>                   ] 2327/7824, 85.4 task/s, elapsed: 27s, ETA:    64s[>>>>>>>>                   ] 2328/7824, 85.5 task/s, elapsed: 27s, ETA:    64s[>>>>>>>>                   ] 2329/7824, 85.5 task/s, elapsed: 27s, ETA:    64s[>>>>>>>>                   ] 2330/7824, 85.5 task/s, elapsed: 27s, ETA:    64s[>>>>>>>>                   ] 2331/7824, 85.5 task/s, elapsed: 27s, ETA:    64s[>>>>>>>>                   ] 2332/7824, 85.5 task/s, elapsed: 27s, ETA:    64s[>>>>>>>>                   ] 2333/7824, 85.5 task/s, elapsed: 27s, ETA:    64s[>>>>>>>>                   ] 2334/7824, 85.5 task/s, elapsed: 27s, ETA:    64s[>>>>>>>>                   ] 2335/7824, 85.5 task/s, elapsed: 27s, ETA:    64s[>>>>>>>>                   ] 2336/7824, 85.5 task/s, elapsed: 27s, ETA:    64s[>>>>>>>>                   ] 2337/7824, 85.5 task/s, elapsed: 27s, ETA:    64s[>>>>>>>>                   ] 2338/7824, 85.5 task/s, elapsed: 27s, ETA:    64s[>>>>>>>>                   ] 2339/7824, 85.6 task/s, elapsed: 27s, ETA:    64s[>>>>>>>>                   ] 2340/7824, 85.6 task/s, elapsed: 27s, ETA:    64s[>>>>>>>>                   ] 2341/7824, 85.6 task/s, elapsed: 27s, ETA:    64s[>>>>>>>>                   ] 2342/7824, 85.6 task/s, elapsed: 27s, ETA:    64s[>>>>>>>>                   ] 2343/7824, 85.6 task/s, elapsed: 27s, ETA:    64s[>>>>>>>>                   ] 2344/7824, 85.6 task/s, elapsed: 27s, ETA:    64s[>>>>>>>>                   ] 2345/7824, 85.6 task/s, elapsed: 27s, ETA:    64s[>>>>>>>>                   ] 2346/7824, 85.6 task/s, elapsed: 27s, ETA:    64s[>>>>>>>>                   ] 2347/7824, 85.6 task/s, elapsed: 27s, ETA:    64s[>>>>>>>>                   ] 2348/7824, 85.6 task/s, elapsed: 27s, ETA:    64s[>>>>>>>>                   ] 2349/7824, 85.6 task/s, elapsed: 27s, ETA:    64s[>>>>>>>>                   ] 2350/7824, 85.7 task/s, elapsed: 27s, ETA:    64s[>>>>>>>>                   ] 2351/7824, 85.7 task/s, elapsed: 27s, ETA:    64s[>>>>>>>>                   ] 2352/7824, 85.7 task/s, elapsed: 27s, ETA:    64s[>>>>>>>>                   ] 2353/7824, 85.7 task/s, elapsed: 27s, ETA:    64s[>>>>>>>>                   ] 2354/7824, 85.7 task/s, elapsed: 27s, ETA:    64s[>>>>>>>>                   ] 2355/7824, 85.7 task/s, elapsed: 27s, ETA:    64s[>>>>>>>>                   ] 2356/7824, 85.7 task/s, elapsed: 27s, ETA:    64s[>>>>>>>>                   ] 2357/7824, 85.7 task/s, elapsed: 27s, ETA:    64s[>>>>>>>>                   ] 2358/7824, 85.7 task/s, elapsed: 28s, ETA:    64s[>>>>>>>>                   ] 2359/7824, 85.7 task/s, elapsed: 28s, ETA:    64s[>>>>>>>>                   ] 2360/7824, 85.7 task/s, elapsed: 28s, ETA:    64s[>>>>>>>>                   ] 2361/7824, 85.7 task/s, elapsed: 28s, ETA:    64s[>>>>>>>>                   ] 2362/7824, 85.8 task/s, elapsed: 28s, ETA:    64s[>>>>>>>>                   ] 2363/7824, 85.8 task/s, elapsed: 28s, ETA:    64s[>>>>>>>>                   ] 2364/7824, 85.8 task/s, elapsed: 28s, ETA:    64s[>>>>>>>>                   ] 2365/7824, 85.8 task/s, elapsed: 28s, ETA:    64s[>>>>>>>>                   ] 2366/7824, 85.8 task/s, elapsed: 28s, ETA:    64s[>>>>>>>>                   ] 2367/7824, 85.8 task/s, elapsed: 28s, ETA:    64s[>>>>>>>>                   ] 2368/7824, 85.8 task/s, elapsed: 28s, ETA:    64s[>>>>>>>>                   ] 2369/7824, 85.8 task/s, elapsed: 28s, ETA:    64s[>>>>>>>>                   ] 2370/7824, 85.8 task/s, elapsed: 28s, ETA:    64s[>>>>>>>>                   ] 2371/7824, 85.8 task/s, elapsed: 28s, ETA:    64s[>>>>>>>>                   ] 2372/7824, 85.8 task/s, elapsed: 28s, ETA:    64s[>>>>>>>>                   ] 2373/7824, 85.9 task/s, elapsed: 28s, ETA:    63s[>>>>>>>>                   ] 2374/7824, 85.9 task/s, elapsed: 28s, ETA:    63s[>>>>>>>>                   ] 2375/7824, 85.9 task/s, elapsed: 28s, ETA:    63s[>>>>>>>>                   ] 2376/7824, 85.9 task/s, elapsed: 28s, ETA:    63s[>>>>>>>>                   ] 2377/7824, 85.9 task/s, elapsed: 28s, ETA:    63s[>>>>>>>>                   ] 2378/7824, 85.9 task/s, elapsed: 28s, ETA:    63s[>>>>>>>>                   ] 2379/7824, 85.9 task/s, elapsed: 28s, ETA:    63s[>>>>>>>>                   ] 2380/7824, 85.9 task/s, elapsed: 28s, ETA:    63s[>>>>>>>>                   ] 2381/7824, 85.9 task/s, elapsed: 28s, ETA:    63s[>>>>>>>>                   ] 2382/7824, 85.9 task/s, elapsed: 28s, ETA:    63s[>>>>>>>>                   ] 2383/7824, 85.9 task/s, elapsed: 28s, ETA:    63s[>>>>>>>>                   ] 2384/7824, 85.9 task/s, elapsed: 28s, ETA:    63s[>>>>>>>>                   ] 2385/7824, 85.9 task/s, elapsed: 28s, ETA:    63s[>>>>>>>>                   ] 2386/7824, 85.9 task/s, elapsed: 28s, ETA:    63s[>>>>>>>>                   ] 2387/7824, 85.9 task/s, elapsed: 28s, ETA:    63s[>>>>>>>>                   ] 2388/7824, 85.9 task/s, elapsed: 28s, ETA:    63s[>>>>>>>>                   ] 2389/7824, 85.9 task/s, elapsed: 28s, ETA:    63s[>>>>>>>>                   ] 2390/7824, 85.9 task/s, elapsed: 28s, ETA:    63s[>>>>>>>>                   ] 2391/7824, 85.9 task/s, elapsed: 28s, ETA:    63s[>>>>>>>>                   ] 2392/7824, 86.0 task/s, elapsed: 28s, ETA:    63s[>>>>>>>>                   ] 2393/7824, 86.0 task/s, elapsed: 28s, ETA:    63s[>>>>>>>>                   ] 2394/7824, 86.0 task/s, elapsed: 28s, ETA:    63s[>>>>>>>>                   ] 2395/7824, 86.0 task/s, elapsed: 28s, ETA:    63s[>>>>>>>>                   ] 2396/7824, 86.0 task/s, elapsed: 28s, ETA:    63s[>>>>>>>>                   ] 2397/7824, 86.0 task/s, elapsed: 28s, ETA:    63s[>>>>>>>>                   ] 2398/7824, 86.0 task/s, elapsed: 28s, ETA:    63s[>>>>>>>>                   ] 2399/7824, 86.0 task/s, elapsed: 28s, ETA:    63s[>>>>>>>>                   ] 2400/7824, 86.0 task/s, elapsed: 28s, ETA:    63s[>>>>>>>>                   ] 2401/7824, 86.0 task/s, elapsed: 28s, ETA:    63s[>>>>>>>>                   ] 2402/7824, 86.0 task/s, elapsed: 28s, ETA:    63s[>>>>>>>>                   ] 2403/7824, 86.0 task/s, elapsed: 28s, ETA:    63s[>>>>>>>>                   ] 2404/7824, 86.1 task/s, elapsed: 28s, ETA:    63s[>>>>>>>>                   ] 2405/7824, 86.1 task/s, elapsed: 28s, ETA:    63s[>>>>>>>>                   ] 2406/7824, 86.1 task/s, elapsed: 28s, ETA:    63s[>>>>>>>>                   ] 2407/7824, 86.1 task/s, elapsed: 28s, ETA:    63s[>>>>>>>>                   ] 2408/7824, 86.1 task/s, elapsed: 28s, ETA:    63s[>>>>>>>>                   ] 2409/7824, 86.1 task/s, elapsed: 28s, ETA:    63s[>>>>>>>>                   ] 2410/7824, 86.1 task/s, elapsed: 28s, ETA:    63s[>>>>>>>>                   ] 2411/7824, 86.1 task/s, elapsed: 28s, ETA:    63s[>>>>>>>>                   ] 2412/7824, 86.1 task/s, elapsed: 28s, ETA:    63s[>>>>>>>>                   ] 2413/7824, 86.1 task/s, elapsed: 28s, ETA:    63s[>>>>>>>>                   ] 2414/7824, 86.1 task/s, elapsed: 28s, ETA:    63s[>>>>>>>>                   ] 2415/7824, 86.1 task/s, elapsed: 28s, ETA:    63s[>>>>>>>>                   ] 2416/7824, 86.2 task/s, elapsed: 28s, ETA:    63s[>>>>>>>>                   ] 2417/7824, 86.2 task/s, elapsed: 28s, ETA:    63s[>>>>>>>>                   ] 2418/7824, 86.2 task/s, elapsed: 28s, ETA:    63s[>>>>>>>>                   ] 2419/7824, 86.2 task/s, elapsed: 28s, ETA:    63s[>>>>>>>>                   ] 2420/7824, 86.2 task/s, elapsed: 28s, ETA:    63s[>>>>>>>>                   ] 2421/7824, 86.2 task/s, elapsed: 28s, ETA:    63s[>>>>>>>>                   ] 2422/7824, 86.2 task/s, elapsed: 28s, ETA:    63s[>>>>>>>>                   ] 2423/7824, 86.2 task/s, elapsed: 28s, ETA:    63s[>>>>>>>>                   ] 2424/7824, 86.2 task/s, elapsed: 28s, ETA:    63s[>>>>>>>>                   ] 2425/7824, 86.2 task/s, elapsed: 28s, ETA:    63s[>>>>>>>>                   ] 2426/7824, 86.2 task/s, elapsed: 28s, ETA:    63s[>>>>>>>>                   ] 2427/7824, 86.2 task/s, elapsed: 28s, ETA:    63s[>>>>>>>>                   ] 2428/7824, 86.2 task/s, elapsed: 28s, ETA:    63s[>>>>>>>>                   ] 2429/7824, 86.3 task/s, elapsed: 28s, ETA:    63s[>>>>>>>>                   ] 2430/7824, 86.3 task/s, elapsed: 28s, ETA:    63s[>>>>>>>>                   ] 2431/7824, 86.3 task/s, elapsed: 28s, ETA:    63s[>>>>>>>>                   ] 2432/7824, 86.3 task/s, elapsed: 28s, ETA:    62s[>>>>>>>>                   ] 2433/7824, 86.3 task/s, elapsed: 28s, ETA:    62s[>>>>>>>>                   ] 2434/7824, 86.3 task/s, elapsed: 28s, ETA:    62s[>>>>>>>>                   ] 2435/7824, 86.3 task/s, elapsed: 28s, ETA:    62s[>>>>>>>>                   ] 2436/7824, 86.3 task/s, elapsed: 28s, ETA:    62s[>>>>>>>>                   ] 2437/7824, 86.3 task/s, elapsed: 28s, ETA:    62s[>>>>>>>>                   ] 2438/7824, 86.3 task/s, elapsed: 28s, ETA:    62s[>>>>>>>>                   ] 2439/7824, 86.3 task/s, elapsed: 28s, ETA:    62s[>>>>>>>>                   ] 2440/7824, 86.4 task/s, elapsed: 28s, ETA:    62s[>>>>>>>>                   ] 2441/7824, 86.4 task/s, elapsed: 28s, ETA:    62s[>>>>>>>>                   ] 2442/7824, 86.4 task/s, elapsed: 28s, ETA:    62s[>>>>>>>>                   ] 2443/7824, 86.4 task/s, elapsed: 28s, ETA:    62s[>>>>>>>>                   ] 2444/7824, 86.4 task/s, elapsed: 28s, ETA:    62s[>>>>>>>>                   ] 2445/7824, 86.4 task/s, elapsed: 28s, ETA:    62s[>>>>>>>>                   ] 2446/7824, 86.4 task/s, elapsed: 28s, ETA:    62s[>>>>>>>>                   ] 2447/7824, 86.4 task/s, elapsed: 28s, ETA:    62s[>>>>>>>>                   ] 2448/7824, 86.4 task/s, elapsed: 28s, ETA:    62s[>>>>>>>>                   ] 2449/7824, 86.4 task/s, elapsed: 28s, ETA:    62s[>>>>>>>>                   ] 2450/7824, 86.4 task/s, elapsed: 28s, ETA:    62s[>>>>>>>>                   ] 2451/7824, 86.4 task/s, elapsed: 28s, ETA:    62s[>>>>>>>>                   ] 2452/7824, 86.4 task/s, elapsed: 28s, ETA:    62s[>>>>>>>>                   ] 2453/7824, 86.5 task/s, elapsed: 28s, ETA:    62s[>>>>>>>>                   ] 2454/7824, 86.5 task/s, elapsed: 28s, ETA:    62s[>>>>>>>>                   ] 2455/7824, 86.5 task/s, elapsed: 28s, ETA:    62s[>>>>>>>>                   ] 2456/7824, 86.5 task/s, elapsed: 28s, ETA:    62s[>>>>>>>>                   ] 2457/7824, 86.5 task/s, elapsed: 28s, ETA:    62s[>>>>>>>>                   ] 2458/7824, 86.5 task/s, elapsed: 28s, ETA:    62s[>>>>>>>>                   ] 2459/7824, 86.5 task/s, elapsed: 28s, ETA:    62s[>>>>>>>>                   ] 2460/7824, 86.5 task/s, elapsed: 28s, ETA:    62s[>>>>>>>>                   ] 2461/7824, 86.5 task/s, elapsed: 28s, ETA:    62s[>>>>>>>>                   ] 2462/7824, 86.5 task/s, elapsed: 28s, ETA:    62s[>>>>>>>>                   ] 2463/7824, 86.5 task/s, elapsed: 28s, ETA:    62s[>>>>>>>>                   ] 2464/7824, 86.5 task/s, elapsed: 28s, ETA:    62s[>>>>>>>>                   ] 2465/7824, 86.6 task/s, elapsed: 28s, ETA:    62s[>>>>>>>>                   ] 2466/7824, 86.6 task/s, elapsed: 28s, ETA:    62s[>>>>>>>>                   ] 2467/7824, 86.6 task/s, elapsed: 28s, ETA:    62s[>>>>>>>>                   ] 2468/7824, 86.6 task/s, elapsed: 29s, ETA:    62s[>>>>>>>>                   ] 2469/7824, 86.6 task/s, elapsed: 29s, ETA:    62s[>>>>>>>>                   ] 2470/7824, 86.6 task/s, elapsed: 29s, ETA:    62s[>>>>>>>>                   ] 2471/7824, 86.6 task/s, elapsed: 29s, ETA:    62s[>>>>>>>>                   ] 2472/7824, 86.6 task/s, elapsed: 29s, ETA:    62s[>>>>>>>>                   ] 2473/7824, 86.6 task/s, elapsed: 29s, ETA:    62s[>>>>>>>>                   ] 2474/7824, 86.6 task/s, elapsed: 29s, ETA:    62s[>>>>>>>>                   ] 2475/7824, 86.6 task/s, elapsed: 29s, ETA:    62s[>>>>>>>>                   ] 2476/7824, 86.6 task/s, elapsed: 29s, ETA:    62s[>>>>>>>>                   ] 2477/7824, 86.6 task/s, elapsed: 29s, ETA:    62s[>>>>>>>>                   ] 2478/7824, 86.7 task/s, elapsed: 29s, ETA:    62s[>>>>>>>>                   ] 2479/7824, 86.7 task/s, elapsed: 29s, ETA:    62s[>>>>>>>>                   ] 2480/7824, 86.7 task/s, elapsed: 29s, ETA:    62s[>>>>>>>>                   ] 2481/7824, 86.7 task/s, elapsed: 29s, ETA:    62s[>>>>>>>>                   ] 2482/7824, 86.7 task/s, elapsed: 29s, ETA:    62s[>>>>>>>>                   ] 2483/7824, 86.7 task/s, elapsed: 29s, ETA:    62s[>>>>>>>>                   ] 2484/7824, 86.7 task/s, elapsed: 29s, ETA:    62s[>>>>>>>>                   ] 2485/7824, 86.7 task/s, elapsed: 29s, ETA:    62s[>>>>>>>>                   ] 2486/7824, 86.7 task/s, elapsed: 29s, ETA:    62s[>>>>>>>>                   ] 2487/7824, 86.7 task/s, elapsed: 29s, ETA:    62s[>>>>>>>>                   ] 2488/7824, 86.7 task/s, elapsed: 29s, ETA:    62s[>>>>>>>>                   ] 2489/7824, 86.7 task/s, elapsed: 29s, ETA:    62s[>>>>>>>>                   ] 2490/7824, 86.8 task/s, elapsed: 29s, ETA:    61s[>>>>>>>>                   ] 2491/7824, 86.8 task/s, elapsed: 29s, ETA:    61s[>>>>>>>>                   ] 2492/7824, 86.8 task/s, elapsed: 29s, ETA:    61s[>>>>>>>>                   ] 2493/7824, 86.8 task/s, elapsed: 29s, ETA:    61s[>>>>>>>>                   ] 2494/7824, 86.8 task/s, elapsed: 29s, ETA:    61s[>>>>>>>>                   ] 2495/7824, 86.8 task/s, elapsed: 29s, ETA:    61s[>>>>>>>>                   ] 2496/7824, 86.8 task/s, elapsed: 29s, ETA:    61s[>>>>>>>>                   ] 2497/7824, 86.8 task/s, elapsed: 29s, ETA:    61s[>>>>>>>>                   ] 2498/7824, 86.8 task/s, elapsed: 29s, ETA:    61s[>>>>>>>>                   ] 2499/7824, 86.8 task/s, elapsed: 29s, ETA:    61s[>>>>>>>>                   ] 2500/7824, 86.8 task/s, elapsed: 29s, ETA:    61s[>>>>>>>>                   ] 2501/7824, 86.8 task/s, elapsed: 29s, ETA:    61s[>>>>>>>>                   ] 2502/7824, 86.9 task/s, elapsed: 29s, ETA:    61s[>>>>>>>>                   ] 2503/7824, 86.9 task/s, elapsed: 29s, ETA:    61s[>>>>>>>>                   ] 2504/7824, 86.9 task/s, elapsed: 29s, ETA:    61s[>>>>>>>>                   ] 2505/7824, 86.9 task/s, elapsed: 29s, ETA:    61s[>>>>>>>>                   ] 2506/7824, 86.9 task/s, elapsed: 29s, ETA:    61s[>>>>>>>>                   ] 2507/7824, 86.9 task/s, elapsed: 29s, ETA:    61s[>>>>>>>>                   ] 2508/7824, 86.9 task/s, elapsed: 29s, ETA:    61s[>>>>>>>>                   ] 2509/7824, 86.9 task/s, elapsed: 29s, ETA:    61s[>>>>>>>>                   ] 2510/7824, 86.9 task/s, elapsed: 29s, ETA:    61s[>>>>>>>>                   ] 2511/7824, 86.9 task/s, elapsed: 29s, ETA:    61s[>>>>>>>>                   ] 2512/7824, 86.9 task/s, elapsed: 29s, ETA:    61s[>>>>>>>>                   ] 2513/7824, 86.9 task/s, elapsed: 29s, ETA:    61s[>>>>>>>>                   ] 2514/7824, 86.9 task/s, elapsed: 29s, ETA:    61s[>>>>>>>>                   ] 2515/7824, 87.0 task/s, elapsed: 29s, ETA:    61s[>>>>>>>>                   ] 2516/7824, 87.0 task/s, elapsed: 29s, ETA:    61s[>>>>>>>>                   ] 2517/7824, 87.0 task/s, elapsed: 29s, ETA:    61s[>>>>>>>>                   ] 2518/7824, 87.0 task/s, elapsed: 29s, ETA:    61s[>>>>>>>>                   ] 2519/7824, 87.0 task/s, elapsed: 29s, ETA:    61s[>>>>>>>>                   ] 2520/7824, 87.0 task/s, elapsed: 29s, ETA:    61s[>>>>>>>>                   ] 2521/7824, 87.0 task/s, elapsed: 29s, ETA:    61s[>>>>>>>>                   ] 2522/7824, 87.0 task/s, elapsed: 29s, ETA:    61s[>>>>>>>>                   ] 2523/7824, 87.0 task/s, elapsed: 29s, ETA:    61s[>>>>>>>>                   ] 2524/7824, 87.0 task/s, elapsed: 29s, ETA:    61s[>>>>>>>>                   ] 2525/7824, 87.0 task/s, elapsed: 29s, ETA:    61s[>>>>>>>>                   ] 2526/7824, 87.0 task/s, elapsed: 29s, ETA:    61s[>>>>>>>>                   ] 2527/7824, 87.1 task/s, elapsed: 29s, ETA:    61s[>>>>>>>>                   ] 2528/7824, 87.1 task/s, elapsed: 29s, ETA:    61s[>>>>>>>>                   ] 2529/7824, 87.1 task/s, elapsed: 29s, ETA:    61s[>>>>>>>>                   ] 2530/7824, 87.1 task/s, elapsed: 29s, ETA:    61s[>>>>>>>>                   ] 2531/7824, 87.1 task/s, elapsed: 29s, ETA:    61s[>>>>>>>>                   ] 2532/7824, 87.1 task/s, elapsed: 29s, ETA:    61s[>>>>>>>>                   ] 2533/7824, 87.1 task/s, elapsed: 29s, ETA:    61s[>>>>>>>>                   ] 2534/7824, 87.1 task/s, elapsed: 29s, ETA:    61s[>>>>>>>>                   ] 2535/7824, 87.1 task/s, elapsed: 29s, ETA:    61s[>>>>>>>>                   ] 2536/7824, 87.1 task/s, elapsed: 29s, ETA:    61s[>>>>>>>>                   ] 2537/7824, 87.1 task/s, elapsed: 29s, ETA:    61s[>>>>>>>>                   ] 2538/7824, 87.1 task/s, elapsed: 29s, ETA:    61s[>>>>>>>>                   ] 2539/7824, 87.1 task/s, elapsed: 29s, ETA:    61s[>>>>>>>>                   ] 2540/7824, 87.1 task/s, elapsed: 29s, ETA:    61s[>>>>>>>>                   ] 2541/7824, 87.2 task/s, elapsed: 29s, ETA:    61s[>>>>>>>>                   ] 2542/7824, 87.2 task/s, elapsed: 29s, ETA:    61s[>>>>>>>>                   ] 2543/7824, 87.2 task/s, elapsed: 29s, ETA:    61s[>>>>>>>>                   ] 2544/7824, 87.2 task/s, elapsed: 29s, ETA:    61s[>>>>>>>>                   ] 2545/7824, 87.2 task/s, elapsed: 29s, ETA:    61s[>>>>>>>>                   ] 2546/7824, 87.2 task/s, elapsed: 29s, ETA:    61s[>>>>>>>>                   ] 2547/7824, 87.2 task/s, elapsed: 29s, ETA:    61s[>>>>>>>>                   ] 2548/7824, 87.2 task/s, elapsed: 29s, ETA:    60s[>>>>>>>>                   ] 2549/7824, 87.2 task/s, elapsed: 29s, ETA:    60s[>>>>>>>>                   ] 2550/7824, 87.2 task/s, elapsed: 29s, ETA:    60s[>>>>>>>>                   ] 2551/7824, 87.2 task/s, elapsed: 29s, ETA:    60s[>>>>>>>>                   ] 2552/7824, 87.2 task/s, elapsed: 29s, ETA:    60s[>>>>>>>>                   ] 2553/7824, 87.2 task/s, elapsed: 29s, ETA:    60s[>>>>>>>>                   ] 2554/7824, 87.3 task/s, elapsed: 29s, ETA:    60s[>>>>>>>>                   ] 2555/7824, 87.3 task/s, elapsed: 29s, ETA:    60s[>>>>>>>>                   ] 2556/7824, 87.3 task/s, elapsed: 29s, ETA:    60s[>>>>>>>>                   ] 2557/7824, 87.3 task/s, elapsed: 29s, ETA:    60s[>>>>>>>>                   ] 2558/7824, 87.3 task/s, elapsed: 29s, ETA:    60s[>>>>>>>>                   ] 2559/7824, 87.3 task/s, elapsed: 29s, ETA:    60s[>>>>>>>>                   ] 2560/7824, 87.3 task/s, elapsed: 29s, ETA:    60s[>>>>>>>>                   ] 2561/7824, 87.3 task/s, elapsed: 29s, ETA:    60s[>>>>>>>>                   ] 2562/7824, 87.3 task/s, elapsed: 29s, ETA:    60s[>>>>>>>>                   ] 2563/7824, 87.3 task/s, elapsed: 29s, ETA:    60s[>>>>>>>>                   ] 2564/7824, 87.3 task/s, elapsed: 29s, ETA:    60s[>>>>>>>>                   ] 2565/7824, 87.3 task/s, elapsed: 29s, ETA:    60s[>>>>>>>>                   ] 2566/7824, 87.3 task/s, elapsed: 29s, ETA:    60s[>>>>>>>>                   ] 2567/7824, 87.4 task/s, elapsed: 29s, ETA:    60s[>>>>>>>>                   ] 2568/7824, 87.4 task/s, elapsed: 29s, ETA:    60s[>>>>>>>>                   ] 2569/7824, 87.4 task/s, elapsed: 29s, ETA:    60s[>>>>>>>>                   ] 2570/7824, 87.4 task/s, elapsed: 29s, ETA:    60s[>>>>>>>>                   ] 2571/7824, 87.4 task/s, elapsed: 29s, ETA:    60s[>>>>>>>>                   ] 2572/7824, 87.4 task/s, elapsed: 29s, ETA:    60s[>>>>>>>>                   ] 2573/7824, 87.4 task/s, elapsed: 29s, ETA:    60s[>>>>>>>>                   ] 2574/7824, 87.4 task/s, elapsed: 29s, ETA:    60s[>>>>>>>>                   ] 2575/7824, 87.4 task/s, elapsed: 29s, ETA:    60s[>>>>>>>>                   ] 2576/7824, 87.4 task/s, elapsed: 29s, ETA:    60s[>>>>>>>>                   ] 2577/7824, 87.4 task/s, elapsed: 29s, ETA:    60s[>>>>>>>>                   ] 2578/7824, 87.4 task/s, elapsed: 29s, ETA:    60s[>>>>>>>>                   ] 2579/7824, 87.4 task/s, elapsed: 29s, ETA:    60s[>>>>>>>>                   ] 2580/7824, 87.5 task/s, elapsed: 30s, ETA:    60s[>>>>>>>>                   ] 2581/7824, 87.5 task/s, elapsed: 30s, ETA:    60s[>>>>>>>>                   ] 2582/7824, 87.5 task/s, elapsed: 30s, ETA:    60s[>>>>>>>>                   ] 2583/7824, 87.5 task/s, elapsed: 30s, ETA:    60s[>>>>>>>>                   ] 2584/7824, 87.5 task/s, elapsed: 30s, ETA:    60s[>>>>>>>>                   ] 2585/7824, 87.5 task/s, elapsed: 30s, ETA:    60s[>>>>>>>>                   ] 2586/7824, 87.5 task/s, elapsed: 30s, ETA:    60s[>>>>>>>>                   ] 2587/7824, 87.5 task/s, elapsed: 30s, ETA:    60s[>>>>>>>>                   ] 2588/7824, 87.5 task/s, elapsed: 30s, ETA:    60s[>>>>>>>>                   ] 2589/7824, 87.5 task/s, elapsed: 30s, ETA:    60s[>>>>>>>>                   ] 2590/7824, 87.5 task/s, elapsed: 30s, ETA:    60s[>>>>>>>>                   ] 2591/7824, 87.5 task/s, elapsed: 30s, ETA:    60s[>>>>>>>>                   ] 2592/7824, 87.5 task/s, elapsed: 30s, ETA:    60s[>>>>>>>>                   ] 2593/7824, 87.6 task/s, elapsed: 30s, ETA:    60s[>>>>>>>>                   ] 2594/7824, 87.6 task/s, elapsed: 30s, ETA:    60s[>>>>>>>>                   ] 2595/7824, 87.6 task/s, elapsed: 30s, ETA:    60s[>>>>>>>>                   ] 2596/7824, 87.6 task/s, elapsed: 30s, ETA:    60s[>>>>>>>>                   ] 2597/7824, 87.6 task/s, elapsed: 30s, ETA:    60s[>>>>>>>>                   ] 2598/7824, 87.6 task/s, elapsed: 30s, ETA:    60s[>>>>>>>>                   ] 2599/7824, 87.6 task/s, elapsed: 30s, ETA:    60s[>>>>>>>>                   ] 2600/7824, 87.6 task/s, elapsed: 30s, ETA:    60s[>>>>>>>>                   ] 2601/7824, 87.6 task/s, elapsed: 30s, ETA:    60s[>>>>>>>>                   ] 2602/7824, 87.6 task/s, elapsed: 30s, ETA:    60s[>>>>>>>>                   ] 2603/7824, 87.6 task/s, elapsed: 30s, ETA:    60s[>>>>>>>>                   ] 2604/7824, 87.6 task/s, elapsed: 30s, ETA:    60s[>>>>>>>>                   ] 2605/7824, 87.6 task/s, elapsed: 30s, ETA:    60s[>>>>>>>>                   ] 2606/7824, 87.7 task/s, elapsed: 30s, ETA:    60s[>>>>>>>>                   ] 2607/7824, 87.7 task/s, elapsed: 30s, ETA:    60s[>>>>>>>>>                  ] 2608/7824, 87.7 task/s, elapsed: 30s, ETA:    59s[>>>>>>>>>                  ] 2609/7824, 87.6 task/s, elapsed: 30s, ETA:    60s[>>>>>>>>>                  ] 2610/7824, 87.6 task/s, elapsed: 30s, ETA:    60s[>>>>>>>>>                  ] 2611/7824, 87.6 task/s, elapsed: 30s, ETA:    60s[>>>>>>>>>                  ] 2612/7824, 87.6 task/s, elapsed: 30s, ETA:    60s[>>>>>>>>>                  ] 2613/7824, 87.6 task/s, elapsed: 30s, ETA:    59s[>>>>>>>>>                  ] 2614/7824, 87.6 task/s, elapsed: 30s, ETA:    59s[>>>>>>>>>                  ] 2615/7824, 87.6 task/s, elapsed: 30s, ETA:    59s[>>>>>>>>>                  ] 2616/7824, 87.6 task/s, elapsed: 30s, ETA:    59s[>>>>>>>>>                  ] 2617/7824, 87.6 task/s, elapsed: 30s, ETA:    59s[>>>>>>>>>                  ] 2618/7824, 87.6 task/s, elapsed: 30s, ETA:    59s[>>>>>>>>>                  ] 2619/7824, 87.6 task/s, elapsed: 30s, ETA:    59s[>>>>>>>>>                  ] 2620/7824, 87.7 task/s, elapsed: 30s, ETA:    59s[>>>>>>>>>                  ] 2621/7824, 87.7 task/s, elapsed: 30s, ETA:    59s[>>>>>>>>>                  ] 2622/7824, 87.7 task/s, elapsed: 30s, ETA:    59s[>>>>>>>>>                  ] 2623/7824, 87.7 task/s, elapsed: 30s, ETA:    59s[>>>>>>>>>                  ] 2624/7824, 87.7 task/s, elapsed: 30s, ETA:    59s[>>>>>>>>>                  ] 2625/7824, 87.7 task/s, elapsed: 30s, ETA:    59s[>>>>>>>>>                  ] 2626/7824, 87.7 task/s, elapsed: 30s, ETA:    59s[>>>>>>>>>                  ] 2627/7824, 87.7 task/s, elapsed: 30s, ETA:    59s[>>>>>>>>>                  ] 2628/7824, 87.7 task/s, elapsed: 30s, ETA:    59s[>>>>>>>>>                  ] 2629/7824, 87.7 task/s, elapsed: 30s, ETA:    59s[>>>>>>>>>                  ] 2630/7824, 87.7 task/s, elapsed: 30s, ETA:    59s[>>>>>>>>>                  ] 2631/7824, 87.7 task/s, elapsed: 30s, ETA:    59s[>>>>>>>>>                  ] 2632/7824, 87.7 task/s, elapsed: 30s, ETA:    59s[>>>>>>>>>                  ] 2633/7824, 87.7 task/s, elapsed: 30s, ETA:    59s[>>>>>>>>>                  ] 2634/7824, 87.7 task/s, elapsed: 30s, ETA:    59s[>>>>>>>>>                  ] 2635/7824, 87.8 task/s, elapsed: 30s, ETA:    59s[>>>>>>>>>                  ] 2636/7824, 87.8 task/s, elapsed: 30s, ETA:    59s[>>>>>>>>>                  ] 2637/7824, 87.8 task/s, elapsed: 30s, ETA:    59s[>>>>>>>>>                  ] 2638/7824, 87.8 task/s, elapsed: 30s, ETA:    59s[>>>>>>>>>                  ] 2639/7824, 87.8 task/s, elapsed: 30s, ETA:    59s[>>>>>>>>>                  ] 2640/7824, 87.8 task/s, elapsed: 30s, ETA:    59s[>>>>>>>>>                  ] 2641/7824, 87.8 task/s, elapsed: 30s, ETA:    59s[>>>>>>>>>                  ] 2642/7824, 87.8 task/s, elapsed: 30s, ETA:    59s[>>>>>>>>>                  ] 2643/7824, 87.8 task/s, elapsed: 30s, ETA:    59s[>>>>>>>>>                  ] 2644/7824, 87.8 task/s, elapsed: 30s, ETA:    59s[>>>>>>>>>                  ] 2645/7824, 87.8 task/s, elapsed: 30s, ETA:    59s[>>>>>>>>>                  ] 2646/7824, 87.8 task/s, elapsed: 30s, ETA:    59s[>>>>>>>>>                  ] 2647/7824, 87.8 task/s, elapsed: 30s, ETA:    59s[>>>>>>>>>                  ] 2648/7824, 87.8 task/s, elapsed: 30s, ETA:    59s[>>>>>>>>>                  ] 2649/7824, 87.8 task/s, elapsed: 30s, ETA:    59s[>>>>>>>>>                  ] 2650/7824, 87.8 task/s, elapsed: 30s, ETA:    59s[>>>>>>>>>                  ] 2651/7824, 87.9 task/s, elapsed: 30s, ETA:    59s[>>>>>>>>>                  ] 2652/7824, 87.9 task/s, elapsed: 30s, ETA:    59s[>>>>>>>>>                  ] 2653/7824, 87.9 task/s, elapsed: 30s, ETA:    59s[>>>>>>>>>                  ] 2654/7824, 87.9 task/s, elapsed: 30s, ETA:    59s[>>>>>>>>>                  ] 2655/7824, 87.9 task/s, elapsed: 30s, ETA:    59s[>>>>>>>>>                  ] 2656/7824, 87.9 task/s, elapsed: 30s, ETA:    59s[>>>>>>>>>                  ] 2657/7824, 87.9 task/s, elapsed: 30s, ETA:    59s[>>>>>>>>>                  ] 2658/7824, 87.9 task/s, elapsed: 30s, ETA:    59s[>>>>>>>>>                  ] 2659/7824, 87.9 task/s, elapsed: 30s, ETA:    59s[>>>>>>>>>                  ] 2660/7824, 87.9 task/s, elapsed: 30s, ETA:    59s[>>>>>>>>>                  ] 2661/7824, 87.9 task/s, elapsed: 30s, ETA:    59s[>>>>>>>>>                  ] 2662/7824, 87.9 task/s, elapsed: 30s, ETA:    59s[>>>>>>>>>                  ] 2663/7824, 87.9 task/s, elapsed: 30s, ETA:    59s[>>>>>>>>>                  ] 2664/7824, 87.9 task/s, elapsed: 30s, ETA:    59s[>>>>>>>>>                  ] 2665/7824, 87.9 task/s, elapsed: 30s, ETA:    59s[>>>>>>>>>                  ] 2666/7824, 87.9 task/s, elapsed: 30s, ETA:    59s[>>>>>>>>>                  ] 2667/7824, 88.0 task/s, elapsed: 30s, ETA:    59s[>>>>>>>>>                  ] 2668/7824, 88.0 task/s, elapsed: 30s, ETA:    59s[>>>>>>>>>                  ] 2669/7824, 88.0 task/s, elapsed: 30s, ETA:    59s[>>>>>>>>>                  ] 2670/7824, 88.0 task/s, elapsed: 30s, ETA:    59s[>>>>>>>>>                  ] 2671/7824, 88.0 task/s, elapsed: 30s, ETA:    59s[>>>>>>>>>                  ] 2672/7824, 88.0 task/s, elapsed: 30s, ETA:    59s[>>>>>>>>>                  ] 2673/7824, 88.0 task/s, elapsed: 30s, ETA:    59s[>>>>>>>>>                  ] 2674/7824, 88.0 task/s, elapsed: 30s, ETA:    59s[>>>>>>>>>                  ] 2675/7824, 88.0 task/s, elapsed: 30s, ETA:    59s[>>>>>>>>>                  ] 2676/7824, 88.0 task/s, elapsed: 30s, ETA:    58s[>>>>>>>>>                  ] 2677/7824, 88.0 task/s, elapsed: 30s, ETA:    58s[>>>>>>>>>                  ] 2678/7824, 88.0 task/s, elapsed: 30s, ETA:    58s[>>>>>>>>>                  ] 2679/7824, 88.0 task/s, elapsed: 30s, ETA:    58s[>>>>>>>>>                  ] 2680/7824, 88.0 task/s, elapsed: 30s, ETA:    58s[>>>>>>>>>                  ] 2681/7824, 88.1 task/s, elapsed: 30s, ETA:    58s[>>>>>>>>>                  ] 2682/7824, 88.1 task/s, elapsed: 30s, ETA:    58s[>>>>>>>>>                  ] 2683/7824, 88.1 task/s, elapsed: 30s, ETA:    58s[>>>>>>>>>                  ] 2684/7824, 88.1 task/s, elapsed: 30s, ETA:    58s[>>>>>>>>>                  ] 2685/7824, 88.1 task/s, elapsed: 30s, ETA:    58s[>>>>>>>>>                  ] 2686/7824, 88.1 task/s, elapsed: 30s, ETA:    58s[>>>>>>>>>                  ] 2687/7824, 88.1 task/s, elapsed: 31s, ETA:    58s[>>>>>>>>>                  ] 2688/7824, 88.1 task/s, elapsed: 31s, ETA:    58s[>>>>>>>>>                  ] 2689/7824, 88.1 task/s, elapsed: 31s, ETA:    58s[>>>>>>>>>                  ] 2690/7824, 88.1 task/s, elapsed: 31s, ETA:    58s[>>>>>>>>>                  ] 2691/7824, 88.1 task/s, elapsed: 31s, ETA:    58s[>>>>>>>>>                  ] 2692/7824, 88.1 task/s, elapsed: 31s, ETA:    58s[>>>>>>>>>                  ] 2693/7824, 88.1 task/s, elapsed: 31s, ETA:    58s[>>>>>>>>>                  ] 2694/7824, 88.1 task/s, elapsed: 31s, ETA:    58s[>>>>>>>>>                  ] 2695/7824, 88.2 task/s, elapsed: 31s, ETA:    58s[>>>>>>>>>                  ] 2696/7824, 88.2 task/s, elapsed: 31s, ETA:    58s[>>>>>>>>>                  ] 2697/7824, 88.2 task/s, elapsed: 31s, ETA:    58s[>>>>>>>>>                  ] 2698/7824, 88.2 task/s, elapsed: 31s, ETA:    58s[>>>>>>>>>                  ] 2699/7824, 88.2 task/s, elapsed: 31s, ETA:    58s[>>>>>>>>>                  ] 2700/7824, 88.2 task/s, elapsed: 31s, ETA:    58s[>>>>>>>>>                  ] 2701/7824, 88.2 task/s, elapsed: 31s, ETA:    58s[>>>>>>>>>                  ] 2702/7824, 88.2 task/s, elapsed: 31s, ETA:    58s[>>>>>>>>>                  ] 2703/7824, 88.2 task/s, elapsed: 31s, ETA:    58s[>>>>>>>>>                  ] 2704/7824, 88.2 task/s, elapsed: 31s, ETA:    58s[>>>>>>>>>                  ] 2705/7824, 88.2 task/s, elapsed: 31s, ETA:    58s[>>>>>>>>>                  ] 2706/7824, 88.2 task/s, elapsed: 31s, ETA:    58s[>>>>>>>>>                  ] 2707/7824, 88.2 task/s, elapsed: 31s, ETA:    58s[>>>>>>>>>                  ] 2708/7824, 88.3 task/s, elapsed: 31s, ETA:    58s[>>>>>>>>>                  ] 2709/7824, 88.3 task/s, elapsed: 31s, ETA:    58s[>>>>>>>>>                  ] 2710/7824, 88.3 task/s, elapsed: 31s, ETA:    58s[>>>>>>>>>                  ] 2711/7824, 88.3 task/s, elapsed: 31s, ETA:    58s[>>>>>>>>>                  ] 2712/7824, 88.3 task/s, elapsed: 31s, ETA:    58s[>>>>>>>>>                  ] 2713/7824, 88.3 task/s, elapsed: 31s, ETA:    58s[>>>>>>>>>                  ] 2714/7824, 88.3 task/s, elapsed: 31s, ETA:    58s[>>>>>>>>>                  ] 2715/7824, 88.3 task/s, elapsed: 31s, ETA:    58s[>>>>>>>>>                  ] 2716/7824, 88.3 task/s, elapsed: 31s, ETA:    58s[>>>>>>>>>                  ] 2717/7824, 88.3 task/s, elapsed: 31s, ETA:    58s[>>>>>>>>>                  ] 2718/7824, 88.3 task/s, elapsed: 31s, ETA:    58s[>>>>>>>>>                  ] 2719/7824, 88.3 task/s, elapsed: 31s, ETA:    58s[>>>>>>>>>                  ] 2720/7824, 88.3 task/s, elapsed: 31s, ETA:    58s[>>>>>>>>>                  ] 2721/7824, 88.3 task/s, elapsed: 31s, ETA:    58s[>>>>>>>>>                  ] 2722/7824, 88.3 task/s, elapsed: 31s, ETA:    58s[>>>>>>>>>                  ] 2723/7824, 88.3 task/s, elapsed: 31s, ETA:    58s[>>>>>>>>>                  ] 2724/7824, 88.4 task/s, elapsed: 31s, ETA:    58s[>>>>>>>>>                  ] 2725/7824, 88.4 task/s, elapsed: 31s, ETA:    58s[>>>>>>>>>                  ] 2726/7824, 88.4 task/s, elapsed: 31s, ETA:    58s[>>>>>>>>>                  ] 2727/7824, 88.4 task/s, elapsed: 31s, ETA:    58s[>>>>>>>>>                  ] 2728/7824, 88.4 task/s, elapsed: 31s, ETA:    58s[>>>>>>>>>                  ] 2729/7824, 88.4 task/s, elapsed: 31s, ETA:    58s[>>>>>>>>>                  ] 2730/7824, 88.4 task/s, elapsed: 31s, ETA:    58s[>>>>>>>>>                  ] 2731/7824, 88.4 task/s, elapsed: 31s, ETA:    58s[>>>>>>>>>                  ] 2732/7824, 88.4 task/s, elapsed: 31s, ETA:    58s[>>>>>>>>>                  ] 2733/7824, 88.4 task/s, elapsed: 31s, ETA:    58s[>>>>>>>>>                  ] 2734/7824, 88.4 task/s, elapsed: 31s, ETA:    58s[>>>>>>>>>                  ] 2735/7824, 88.4 task/s, elapsed: 31s, ETA:    58s[>>>>>>>>>                  ] 2736/7824, 88.4 task/s, elapsed: 31s, ETA:    58s[>>>>>>>>>                  ] 2737/7824, 88.4 task/s, elapsed: 31s, ETA:    58s[>>>>>>>>>                  ] 2738/7824, 88.5 task/s, elapsed: 31s, ETA:    58s[>>>>>>>>>                  ] 2739/7824, 88.5 task/s, elapsed: 31s, ETA:    57s[>>>>>>>>>                  ] 2740/7824, 88.5 task/s, elapsed: 31s, ETA:    57s[>>>>>>>>>                  ] 2741/7824, 88.5 task/s, elapsed: 31s, ETA:    57s[>>>>>>>>>                  ] 2742/7824, 88.5 task/s, elapsed: 31s, ETA:    57s[>>>>>>>>>                  ] 2743/7824, 88.5 task/s, elapsed: 31s, ETA:    57s[>>>>>>>>>                  ] 2744/7824, 88.5 task/s, elapsed: 31s, ETA:    57s[>>>>>>>>>                  ] 2745/7824, 88.5 task/s, elapsed: 31s, ETA:    57s[>>>>>>>>>                  ] 2746/7824, 88.5 task/s, elapsed: 31s, ETA:    57s[>>>>>>>>>                  ] 2747/7824, 88.5 task/s, elapsed: 31s, ETA:    57s[>>>>>>>>>                  ] 2748/7824, 88.5 task/s, elapsed: 31s, ETA:    57s[>>>>>>>>>                  ] 2749/7824, 88.5 task/s, elapsed: 31s, ETA:    57s[>>>>>>>>>                  ] 2750/7824, 88.5 task/s, elapsed: 31s, ETA:    57s[>>>>>>>>>                  ] 2751/7824, 88.5 task/s, elapsed: 31s, ETA:    57s[>>>>>>>>>                  ] 2752/7824, 88.5 task/s, elapsed: 31s, ETA:    57s[>>>>>>>>>                  ] 2753/7824, 88.6 task/s, elapsed: 31s, ETA:    57s[>>>>>>>>>                  ] 2754/7824, 88.6 task/s, elapsed: 31s, ETA:    57s[>>>>>>>>>                  ] 2755/7824, 88.6 task/s, elapsed: 31s, ETA:    57s[>>>>>>>>>                  ] 2756/7824, 88.6 task/s, elapsed: 31s, ETA:    57s[>>>>>>>>>                  ] 2757/7824, 88.6 task/s, elapsed: 31s, ETA:    57s[>>>>>>>>>                  ] 2758/7824, 88.6 task/s, elapsed: 31s, ETA:    57s[>>>>>>>>>                  ] 2759/7824, 88.6 task/s, elapsed: 31s, ETA:    57s[>>>>>>>>>                  ] 2760/7824, 88.6 task/s, elapsed: 31s, ETA:    57s[>>>>>>>>>                  ] 2761/7824, 88.6 task/s, elapsed: 31s, ETA:    57s[>>>>>>>>>                  ] 2762/7824, 88.6 task/s, elapsed: 31s, ETA:    57s[>>>>>>>>>                  ] 2763/7824, 88.6 task/s, elapsed: 31s, ETA:    57s[>>>>>>>>>                  ] 2764/7824, 88.6 task/s, elapsed: 31s, ETA:    57s[>>>>>>>>>                  ] 2765/7824, 88.6 task/s, elapsed: 31s, ETA:    57s[>>>>>>>>>                  ] 2766/7824, 88.6 task/s, elapsed: 31s, ETA:    57s[>>>>>>>>>                  ] 2767/7824, 88.6 task/s, elapsed: 31s, ETA:    57s[>>>>>>>>>                  ] 2768/7824, 88.7 task/s, elapsed: 31s, ETA:    57s[>>>>>>>>>                  ] 2769/7824, 88.7 task/s, elapsed: 31s, ETA:    57s[>>>>>>>>>                  ] 2770/7824, 88.7 task/s, elapsed: 31s, ETA:    57s[>>>>>>>>>                  ] 2771/7824, 88.7 task/s, elapsed: 31s, ETA:    57s[>>>>>>>>>                  ] 2772/7824, 88.7 task/s, elapsed: 31s, ETA:    57s[>>>>>>>>>                  ] 2773/7824, 88.7 task/s, elapsed: 31s, ETA:    57s[>>>>>>>>>                  ] 2774/7824, 88.7 task/s, elapsed: 31s, ETA:    57s[>>>>>>>>>                  ] 2775/7824, 88.7 task/s, elapsed: 31s, ETA:    57s[>>>>>>>>>                  ] 2776/7824, 88.7 task/s, elapsed: 31s, ETA:    57s[>>>>>>>>>                  ] 2777/7824, 88.7 task/s, elapsed: 31s, ETA:    57s[>>>>>>>>>                  ] 2778/7824, 88.7 task/s, elapsed: 31s, ETA:    57s[>>>>>>>>>                  ] 2779/7824, 88.7 task/s, elapsed: 31s, ETA:    57s[>>>>>>>>>                  ] 2780/7824, 88.7 task/s, elapsed: 31s, ETA:    57s[>>>>>>>>>                  ] 2781/7824, 88.7 task/s, elapsed: 31s, ETA:    57s[>>>>>>>>>                  ] 2782/7824, 88.8 task/s, elapsed: 31s, ETA:    57s[>>>>>>>>>                  ] 2783/7824, 88.8 task/s, elapsed: 31s, ETA:    57s[>>>>>>>>>                  ] 2784/7824, 88.8 task/s, elapsed: 31s, ETA:    57s[>>>>>>>>>                  ] 2785/7824, 88.8 task/s, elapsed: 31s, ETA:    57s[>>>>>>>>>                  ] 2786/7824, 88.8 task/s, elapsed: 31s, ETA:    57s[>>>>>>>>>                  ] 2787/7824, 88.8 task/s, elapsed: 31s, ETA:    57s[>>>>>>>>>                  ] 2788/7824, 88.8 task/s, elapsed: 31s, ETA:    57s[>>>>>>>>>                  ] 2789/7824, 88.8 task/s, elapsed: 31s, ETA:    57s[>>>>>>>>>                  ] 2790/7824, 88.8 task/s, elapsed: 31s, ETA:    57s[>>>>>>>>>                  ] 2791/7824, 88.8 task/s, elapsed: 31s, ETA:    57s[>>>>>>>>>                  ] 2792/7824, 88.8 task/s, elapsed: 31s, ETA:    57s[>>>>>>>>>                  ] 2793/7824, 88.8 task/s, elapsed: 31s, ETA:    57s[>>>>>>>>>                  ] 2794/7824, 88.8 task/s, elapsed: 31s, ETA:    57s[>>>>>>>>>                  ] 2795/7824, 88.8 task/s, elapsed: 31s, ETA:    57s[>>>>>>>>>                  ] 2796/7824, 88.8 task/s, elapsed: 31s, ETA:    57s[>>>>>>>>>                  ] 2797/7824, 88.9 task/s, elapsed: 31s, ETA:    57s[>>>>>>>>>                  ] 2798/7824, 88.9 task/s, elapsed: 31s, ETA:    57s[>>>>>>>>>                  ] 2799/7824, 88.9 task/s, elapsed: 31s, ETA:    57s[>>>>>>>>>                  ] 2800/7824, 88.9 task/s, elapsed: 32s, ETA:    57s[>>>>>>>>>                  ] 2801/7824, 88.9 task/s, elapsed: 32s, ETA:    57s[>>>>>>>>>                  ] 2802/7824, 88.9 task/s, elapsed: 32s, ETA:    57s[>>>>>>>>>                  ] 2803/7824, 88.9 task/s, elapsed: 32s, ETA:    56s[>>>>>>>>>                  ] 2804/7824, 88.9 task/s, elapsed: 32s, ETA:    56s[>>>>>>>>>                  ] 2805/7824, 88.9 task/s, elapsed: 32s, ETA:    56s[>>>>>>>>>                  ] 2806/7824, 88.9 task/s, elapsed: 32s, ETA:    56s[>>>>>>>>>                  ] 2807/7824, 88.9 task/s, elapsed: 32s, ETA:    56s[>>>>>>>>>                  ] 2808/7824, 88.9 task/s, elapsed: 32s, ETA:    56s[>>>>>>>>>                  ] 2809/7824, 88.9 task/s, elapsed: 32s, ETA:    56s[>>>>>>>>>                  ] 2810/7824, 88.9 task/s, elapsed: 32s, ETA:    56s[>>>>>>>>>                  ] 2811/7824, 88.9 task/s, elapsed: 32s, ETA:    56s[>>>>>>>>>                  ] 2812/7824, 89.0 task/s, elapsed: 32s, ETA:    56s[>>>>>>>>>                  ] 2813/7824, 89.0 task/s, elapsed: 32s, ETA:    56s[>>>>>>>>>                  ] 2814/7824, 89.0 task/s, elapsed: 32s, ETA:    56s[>>>>>>>>>                  ] 2815/7824, 89.0 task/s, elapsed: 32s, ETA:    56s[>>>>>>>>>                  ] 2816/7824, 89.0 task/s, elapsed: 32s, ETA:    56s[>>>>>>>>>                  ] 2817/7824, 89.0 task/s, elapsed: 32s, ETA:    56s[>>>>>>>>>                  ] 2818/7824, 89.0 task/s, elapsed: 32s, ETA:    56s[>>>>>>>>>                  ] 2819/7824, 89.0 task/s, elapsed: 32s, ETA:    56s[>>>>>>>>>                  ] 2820/7824, 89.0 task/s, elapsed: 32s, ETA:    56s[>>>>>>>>>                  ] 2821/7824, 89.0 task/s, elapsed: 32s, ETA:    56s[>>>>>>>>>                  ] 2822/7824, 89.0 task/s, elapsed: 32s, ETA:    56s[>>>>>>>>>                  ] 2823/7824, 89.0 task/s, elapsed: 32s, ETA:    56s[>>>>>>>>>                  ] 2824/7824, 89.0 task/s, elapsed: 32s, ETA:    56s[>>>>>>>>>                  ] 2825/7824, 89.0 task/s, elapsed: 32s, ETA:    56s[>>>>>>>>>                  ] 2826/7824, 89.1 task/s, elapsed: 32s, ETA:    56s[>>>>>>>>>                  ] 2827/7824, 89.1 task/s, elapsed: 32s, ETA:    56s[>>>>>>>>>                  ] 2828/7824, 89.1 task/s, elapsed: 32s, ETA:    56s[>>>>>>>>>                  ] 2829/7824, 89.0 task/s, elapsed: 32s, ETA:    56s[>>>>>>>>>                  ] 2830/7824, 89.0 task/s, elapsed: 32s, ETA:    56s[>>>>>>>>>                  ] 2831/7824, 89.0 task/s, elapsed: 32s, ETA:    56s[>>>>>>>>>                  ] 2832/7824, 89.0 task/s, elapsed: 32s, ETA:    56s[>>>>>>>>>                  ] 2833/7824, 89.0 task/s, elapsed: 32s, ETA:    56s[>>>>>>>>>                  ] 2834/7824, 89.0 task/s, elapsed: 32s, ETA:    56s[>>>>>>>>>                  ] 2835/7824, 89.0 task/s, elapsed: 32s, ETA:    56s[>>>>>>>>>                  ] 2836/7824, 89.0 task/s, elapsed: 32s, ETA:    56s[>>>>>>>>>                  ] 2837/7824, 89.0 task/s, elapsed: 32s, ETA:    56s[>>>>>>>>>                  ] 2838/7824, 89.0 task/s, elapsed: 32s, ETA:    56s[>>>>>>>>>                  ] 2839/7824, 89.0 task/s, elapsed: 32s, ETA:    56s[>>>>>>>>>                  ] 2840/7824, 89.0 task/s, elapsed: 32s, ETA:    56s[>>>>>>>>>                  ] 2841/7824, 89.1 task/s, elapsed: 32s, ETA:    56s[>>>>>>>>>                  ] 2842/7824, 89.1 task/s, elapsed: 32s, ETA:    56s[>>>>>>>>>                  ] 2843/7824, 89.1 task/s, elapsed: 32s, ETA:    56s[>>>>>>>>>                  ] 2844/7824, 89.1 task/s, elapsed: 32s, ETA:    56s[>>>>>>>>>                  ] 2845/7824, 89.1 task/s, elapsed: 32s, ETA:    56s[>>>>>>>>>                  ] 2846/7824, 89.1 task/s, elapsed: 32s, ETA:    56s[>>>>>>>>>                  ] 2847/7824, 89.1 task/s, elapsed: 32s, ETA:    56s[>>>>>>>>>                  ] 2848/7824, 89.1 task/s, elapsed: 32s, ETA:    56s[>>>>>>>>>                  ] 2849/7824, 89.1 task/s, elapsed: 32s, ETA:    56s[>>>>>>>>>                  ] 2850/7824, 89.1 task/s, elapsed: 32s, ETA:    56s[>>>>>>>>>                  ] 2851/7824, 89.1 task/s, elapsed: 32s, ETA:    56s[>>>>>>>>>                  ] 2852/7824, 89.1 task/s, elapsed: 32s, ETA:    56s[>>>>>>>>>                  ] 2853/7824, 89.1 task/s, elapsed: 32s, ETA:    56s[>>>>>>>>>                  ] 2854/7824, 89.1 task/s, elapsed: 32s, ETA:    56s[>>>>>>>>>                  ] 2855/7824, 89.2 task/s, elapsed: 32s, ETA:    56s[>>>>>>>>>                  ] 2856/7824, 89.2 task/s, elapsed: 32s, ETA:    56s[>>>>>>>>>                  ] 2857/7824, 89.2 task/s, elapsed: 32s, ETA:    56s[>>>>>>>>>                  ] 2858/7824, 89.2 task/s, elapsed: 32s, ETA:    56s[>>>>>>>>>                  ] 2859/7824, 89.2 task/s, elapsed: 32s, ETA:    56s[>>>>>>>>>                  ] 2860/7824, 89.2 task/s, elapsed: 32s, ETA:    56s[>>>>>>>>>                  ] 2861/7824, 89.2 task/s, elapsed: 32s, ETA:    56s[>>>>>>>>>                  ] 2862/7824, 89.2 task/s, elapsed: 32s, ETA:    56s[>>>>>>>>>                  ] 2863/7824, 89.2 task/s, elapsed: 32s, ETA:    56s[>>>>>>>>>                  ] 2864/7824, 89.2 task/s, elapsed: 32s, ETA:    56s[>>>>>>>>>                  ] 2865/7824, 89.2 task/s, elapsed: 32s, ETA:    56s[>>>>>>>>>                  ] 2866/7824, 89.2 task/s, elapsed: 32s, ETA:    56s[>>>>>>>>>                  ] 2867/7824, 89.2 task/s, elapsed: 32s, ETA:    56s[>>>>>>>>>                  ] 2868/7824, 89.2 task/s, elapsed: 32s, ETA:    56s[>>>>>>>>>                  ] 2869/7824, 89.2 task/s, elapsed: 32s, ETA:    56s[>>>>>>>>>                  ] 2870/7824, 89.2 task/s, elapsed: 32s, ETA:    56s[>>>>>>>>>                  ] 2871/7824, 89.3 task/s, elapsed: 32s, ETA:    55s[>>>>>>>>>                  ] 2872/7824, 89.3 task/s, elapsed: 32s, ETA:    55s[>>>>>>>>>                  ] 2873/7824, 89.3 task/s, elapsed: 32s, ETA:    55s[>>>>>>>>>                  ] 2874/7824, 89.3 task/s, elapsed: 32s, ETA:    55s[>>>>>>>>>                  ] 2875/7824, 89.3 task/s, elapsed: 32s, ETA:    55s[>>>>>>>>>                  ] 2876/7824, 89.3 task/s, elapsed: 32s, ETA:    55s[>>>>>>>>>                  ] 2877/7824, 89.3 task/s, elapsed: 32s, ETA:    55s[>>>>>>>>>                  ] 2878/7824, 89.3 task/s, elapsed: 32s, ETA:    55s[>>>>>>>>>                  ] 2879/7824, 89.3 task/s, elapsed: 32s, ETA:    55s[>>>>>>>>>                  ] 2880/7824, 89.3 task/s, elapsed: 32s, ETA:    55s[>>>>>>>>>                  ] 2881/7824, 89.3 task/s, elapsed: 32s, ETA:    55s[>>>>>>>>>                  ] 2882/7824, 89.3 task/s, elapsed: 32s, ETA:    55s[>>>>>>>>>                  ] 2883/7824, 89.3 task/s, elapsed: 32s, ETA:    55s[>>>>>>>>>                  ] 2884/7824, 89.3 task/s, elapsed: 32s, ETA:    55s[>>>>>>>>>                  ] 2885/7824, 89.3 task/s, elapsed: 32s, ETA:    55s[>>>>>>>>>                  ] 2886/7824, 89.4 task/s, elapsed: 32s, ETA:    55s[>>>>>>>>>                  ] 2887/7824, 89.4 task/s, elapsed: 32s, ETA:    55s[>>>>>>>>>                  ] 2888/7824, 89.4 task/s, elapsed: 32s, ETA:    55s[>>>>>>>>>                  ] 2889/7824, 89.4 task/s, elapsed: 32s, ETA:    55s[>>>>>>>>>                  ] 2890/7824, 89.4 task/s, elapsed: 32s, ETA:    55s[>>>>>>>>>                  ] 2891/7824, 89.4 task/s, elapsed: 32s, ETA:    55s[>>>>>>>>>                  ] 2892/7824, 89.4 task/s, elapsed: 32s, ETA:    55s[>>>>>>>>>                  ] 2893/7824, 89.4 task/s, elapsed: 32s, ETA:    55s[>>>>>>>>>                  ] 2894/7824, 89.4 task/s, elapsed: 32s, ETA:    55s[>>>>>>>>>                  ] 2895/7824, 89.4 task/s, elapsed: 32s, ETA:    55s[>>>>>>>>>                  ] 2896/7824, 89.4 task/s, elapsed: 32s, ETA:    55s[>>>>>>>>>                  ] 2897/7824, 89.4 task/s, elapsed: 32s, ETA:    55s[>>>>>>>>>>                 ] 2898/7824, 89.4 task/s, elapsed: 32s, ETA:    55s[>>>>>>>>>>                 ] 2899/7824, 89.4 task/s, elapsed: 32s, ETA:    55s[>>>>>>>>>>                 ] 2900/7824, 89.4 task/s, elapsed: 32s, ETA:    55s[>>>>>>>>>>                 ] 2901/7824, 89.4 task/s, elapsed: 32s, ETA:    55s[>>>>>>>>>>                 ] 2902/7824, 89.5 task/s, elapsed: 32s, ETA:    55s[>>>>>>>>>>                 ] 2903/7824, 89.5 task/s, elapsed: 32s, ETA:    55s[>>>>>>>>>>                 ] 2904/7824, 89.5 task/s, elapsed: 32s, ETA:    55s[>>>>>>>>>>                 ] 2905/7824, 89.5 task/s, elapsed: 32s, ETA:    55s[>>>>>>>>>>                 ] 2906/7824, 89.5 task/s, elapsed: 32s, ETA:    55s[>>>>>>>>>>                 ] 2907/7824, 89.5 task/s, elapsed: 32s, ETA:    55s[>>>>>>>>>>                 ] 2908/7824, 89.5 task/s, elapsed: 32s, ETA:    55s[>>>>>>>>>>                 ] 2909/7824, 89.5 task/s, elapsed: 33s, ETA:    55s[>>>>>>>>>>                 ] 2910/7824, 89.5 task/s, elapsed: 33s, ETA:    55s[>>>>>>>>>>                 ] 2911/7824, 89.5 task/s, elapsed: 33s, ETA:    55s[>>>>>>>>>>                 ] 2912/7824, 89.5 task/s, elapsed: 33s, ETA:    55s[>>>>>>>>>>                 ] 2913/7824, 89.5 task/s, elapsed: 33s, ETA:    55s[>>>>>>>>>>                 ] 2914/7824, 89.5 task/s, elapsed: 33s, ETA:    55s[>>>>>>>>>>                 ] 2915/7824, 89.5 task/s, elapsed: 33s, ETA:    55s[>>>>>>>>>>                 ] 2916/7824, 89.5 task/s, elapsed: 33s, ETA:    55s[>>>>>>>>>>                 ] 2917/7824, 89.5 task/s, elapsed: 33s, ETA:    55s[>>>>>>>>>>                 ] 2918/7824, 89.6 task/s, elapsed: 33s, ETA:    55s[>>>>>>>>>>                 ] 2919/7824, 89.6 task/s, elapsed: 33s, ETA:    55s[>>>>>>>>>>                 ] 2920/7824, 89.6 task/s, elapsed: 33s, ETA:    55s[>>>>>>>>>>                 ] 2921/7824, 89.6 task/s, elapsed: 33s, ETA:    55s[>>>>>>>>>>                 ] 2922/7824, 89.6 task/s, elapsed: 33s, ETA:    55s[>>>>>>>>>>                 ] 2923/7824, 89.6 task/s, elapsed: 33s, ETA:    55s[>>>>>>>>>>                 ] 2924/7824, 89.6 task/s, elapsed: 33s, ETA:    55s[>>>>>>>>>>                 ] 2925/7824, 89.6 task/s, elapsed: 33s, ETA:    55s[>>>>>>>>>>                 ] 2926/7824, 89.6 task/s, elapsed: 33s, ETA:    55s[>>>>>>>>>>                 ] 2927/7824, 89.6 task/s, elapsed: 33s, ETA:    55s[>>>>>>>>>>                 ] 2928/7824, 89.6 task/s, elapsed: 33s, ETA:    55s[>>>>>>>>>>                 ] 2929/7824, 89.6 task/s, elapsed: 33s, ETA:    55s[>>>>>>>>>>                 ] 2930/7824, 89.6 task/s, elapsed: 33s, ETA:    55s[>>>>>>>>>>                 ] 2931/7824, 89.6 task/s, elapsed: 33s, ETA:    55s[>>>>>>>>>>                 ] 2932/7824, 89.6 task/s, elapsed: 33s, ETA:    55s[>>>>>>>>>>                 ] 2933/7824, 89.6 task/s, elapsed: 33s, ETA:    55s[>>>>>>>>>>                 ] 2934/7824, 89.6 task/s, elapsed: 33s, ETA:    55s[>>>>>>>>>>                 ] 2935/7824, 89.7 task/s, elapsed: 33s, ETA:    55s[>>>>>>>>>>                 ] 2936/7824, 89.7 task/s, elapsed: 33s, ETA:    55s[>>>>>>>>>>                 ] 2937/7824, 89.7 task/s, elapsed: 33s, ETA:    55s[>>>>>>>>>>                 ] 2938/7824, 89.7 task/s, elapsed: 33s, ETA:    54s[>>>>>>>>>>                 ] 2939/7824, 89.7 task/s, elapsed: 33s, ETA:    54s[>>>>>>>>>>                 ] 2940/7824, 89.7 task/s, elapsed: 33s, ETA:    54s[>>>>>>>>>>                 ] 2941/7824, 89.7 task/s, elapsed: 33s, ETA:    54s[>>>>>>>>>>                 ] 2942/7824, 89.7 task/s, elapsed: 33s, ETA:    54s[>>>>>>>>>>                 ] 2943/7824, 89.7 task/s, elapsed: 33s, ETA:    54s[>>>>>>>>>>                 ] 2944/7824, 89.7 task/s, elapsed: 33s, ETA:    54s[>>>>>>>>>>                 ] 2945/7824, 89.7 task/s, elapsed: 33s, ETA:    54s[>>>>>>>>>>                 ] 2946/7824, 89.7 task/s, elapsed: 33s, ETA:    54s[>>>>>>>>>>                 ] 2947/7824, 89.7 task/s, elapsed: 33s, ETA:    54s[>>>>>>>>>>                 ] 2948/7824, 89.7 task/s, elapsed: 33s, ETA:    54s[>>>>>>>>>>                 ] 2949/7824, 89.7 task/s, elapsed: 33s, ETA:    54s[>>>>>>>>>>                 ] 2950/7824, 89.7 task/s, elapsed: 33s, ETA:    54s[>>>>>>>>>>                 ] 2951/7824, 89.8 task/s, elapsed: 33s, ETA:    54s[>>>>>>>>>>                 ] 2952/7824, 89.8 task/s, elapsed: 33s, ETA:    54s[>>>>>>>>>>                 ] 2953/7824, 89.8 task/s, elapsed: 33s, ETA:    54s[>>>>>>>>>>                 ] 2954/7824, 89.8 task/s, elapsed: 33s, ETA:    54s[>>>>>>>>>>                 ] 2955/7824, 89.8 task/s, elapsed: 33s, ETA:    54s[>>>>>>>>>>                 ] 2956/7824, 89.8 task/s, elapsed: 33s, ETA:    54s[>>>>>>>>>>                 ] 2957/7824, 89.8 task/s, elapsed: 33s, ETA:    54s[>>>>>>>>>>                 ] 2958/7824, 89.8 task/s, elapsed: 33s, ETA:    54s[>>>>>>>>>>                 ] 2959/7824, 89.8 task/s, elapsed: 33s, ETA:    54s[>>>>>>>>>>                 ] 2960/7824, 89.8 task/s, elapsed: 33s, ETA:    54s[>>>>>>>>>>                 ] 2961/7824, 89.8 task/s, elapsed: 33s, ETA:    54s[>>>>>>>>>>                 ] 2962/7824, 89.8 task/s, elapsed: 33s, ETA:    54s[>>>>>>>>>>                 ] 2963/7824, 89.8 task/s, elapsed: 33s, ETA:    54s[>>>>>>>>>>                 ] 2964/7824, 89.8 task/s, elapsed: 33s, ETA:    54s[>>>>>>>>>>                 ] 2965/7824, 89.8 task/s, elapsed: 33s, ETA:    54s[>>>>>>>>>>                 ] 2966/7824, 89.8 task/s, elapsed: 33s, ETA:    54s[>>>>>>>>>>                 ] 2967/7824, 89.8 task/s, elapsed: 33s, ETA:    54s[>>>>>>>>>>                 ] 2968/7824, 89.8 task/s, elapsed: 33s, ETA:    54s[>>>>>>>>>>                 ] 2969/7824, 89.8 task/s, elapsed: 33s, ETA:    54s[>>>>>>>>>>                 ] 2970/7824, 89.8 task/s, elapsed: 33s, ETA:    54s[>>>>>>>>>>                 ] 2971/7824, 89.8 task/s, elapsed: 33s, ETA:    54s[>>>>>>>>>>                 ] 2972/7824, 89.8 task/s, elapsed: 33s, ETA:    54s[>>>>>>>>>>                 ] 2973/7824, 89.8 task/s, elapsed: 33s, ETA:    54s[>>>>>>>>>>                 ] 2974/7824, 89.8 task/s, elapsed: 33s, ETA:    54s[>>>>>>>>>>                 ] 2975/7824, 89.9 task/s, elapsed: 33s, ETA:    54s[>>>>>>>>>>                 ] 2976/7824, 89.9 task/s, elapsed: 33s, ETA:    54s[>>>>>>>>>>                 ] 2977/7824, 89.9 task/s, elapsed: 33s, ETA:    54s[>>>>>>>>>>                 ] 2978/7824, 89.9 task/s, elapsed: 33s, ETA:    54s[>>>>>>>>>>                 ] 2979/7824, 89.9 task/s, elapsed: 33s, ETA:    54s[>>>>>>>>>>                 ] 2980/7824, 89.9 task/s, elapsed: 33s, ETA:    54s[>>>>>>>>>>                 ] 2981/7824, 89.9 task/s, elapsed: 33s, ETA:    54s[>>>>>>>>>>                 ] 2982/7824, 89.9 task/s, elapsed: 33s, ETA:    54s[>>>>>>>>>>                 ] 2983/7824, 89.9 task/s, elapsed: 33s, ETA:    54s[>>>>>>>>>>                 ] 2984/7824, 89.9 task/s, elapsed: 33s, ETA:    54s[>>>>>>>>>>                 ] 2985/7824, 89.9 task/s, elapsed: 33s, ETA:    54s[>>>>>>>>>>                 ] 2986/7824, 89.9 task/s, elapsed: 33s, ETA:    54s[>>>>>>>>>>                 ] 2987/7824, 89.9 task/s, elapsed: 33s, ETA:    54s[>>>>>>>>>>                 ] 2988/7824, 89.9 task/s, elapsed: 33s, ETA:    54s[>>>>>>>>>>                 ] 2989/7824, 89.9 task/s, elapsed: 33s, ETA:    54s[>>>>>>>>>>                 ] 2990/7824, 89.9 task/s, elapsed: 33s, ETA:    54s[>>>>>>>>>>                 ] 2991/7824, 90.0 task/s, elapsed: 33s, ETA:    54s[>>>>>>>>>>                 ] 2992/7824, 90.0 task/s, elapsed: 33s, ETA:    54s[>>>>>>>>>>                 ] 2993/7824, 90.0 task/s, elapsed: 33s, ETA:    54s[>>>>>>>>>>                 ] 2994/7824, 90.0 task/s, elapsed: 33s, ETA:    54s[>>>>>>>>>>                 ] 2995/7824, 90.0 task/s, elapsed: 33s, ETA:    54s[>>>>>>>>>>                 ] 2996/7824, 90.0 task/s, elapsed: 33s, ETA:    54s[>>>>>>>>>>                 ] 2997/7824, 90.0 task/s, elapsed: 33s, ETA:    54s[>>>>>>>>>>                 ] 2998/7824, 90.0 task/s, elapsed: 33s, ETA:    54s[>>>>>>>>>>                 ] 2999/7824, 90.0 task/s, elapsed: 33s, ETA:    54s[>>>>>>>>>>                 ] 3000/7824, 90.0 task/s, elapsed: 33s, ETA:    54s[>>>>>>>>>>                 ] 3001/7824, 90.0 task/s, elapsed: 33s, ETA:    54s[>>>>>>>>>>                 ] 3002/7824, 90.0 task/s, elapsed: 33s, ETA:    54s[>>>>>>>>>>                 ] 3003/7824, 90.0 task/s, elapsed: 33s, ETA:    54s[>>>>>>>>>>                 ] 3004/7824, 90.0 task/s, elapsed: 33s, ETA:    54s[>>>>>>>>>>                 ] 3005/7824, 90.0 task/s, elapsed: 33s, ETA:    54s[>>>>>>>>>>                 ] 3006/7824, 90.0 task/s, elapsed: 33s, ETA:    54s[>>>>>>>>>>                 ] 3007/7824, 90.0 task/s, elapsed: 33s, ETA:    53s[>>>>>>>>>>                 ] 3008/7824, 90.0 task/s, elapsed: 33s, ETA:    53s[>>>>>>>>>>                 ] 3009/7824, 90.1 task/s, elapsed: 33s, ETA:    53s[>>>>>>>>>>                 ] 3010/7824, 90.1 task/s, elapsed: 33s, ETA:    53s[>>>>>>>>>>                 ] 3011/7824, 90.1 task/s, elapsed: 33s, ETA:    53s[>>>>>>>>>>                 ] 3012/7824, 90.1 task/s, elapsed: 33s, ETA:    53s[>>>>>>>>>>                 ] 3013/7824, 90.1 task/s, elapsed: 33s, ETA:    53s[>>>>>>>>>>                 ] 3014/7824, 90.1 task/s, elapsed: 33s, ETA:    53s[>>>>>>>>>>                 ] 3015/7824, 90.1 task/s, elapsed: 33s, ETA:    53s[>>>>>>>>>>                 ] 3016/7824, 90.1 task/s, elapsed: 33s, ETA:    53s[>>>>>>>>>>                 ] 3017/7824, 90.1 task/s, elapsed: 33s, ETA:    53s[>>>>>>>>>>                 ] 3018/7824, 90.1 task/s, elapsed: 33s, ETA:    53s[>>>>>>>>>>                 ] 3019/7824, 90.1 task/s, elapsed: 34s, ETA:    53s[>>>>>>>>>>                 ] 3020/7824, 90.1 task/s, elapsed: 34s, ETA:    53s[>>>>>>>>>>                 ] 3021/7824, 90.1 task/s, elapsed: 34s, ETA:    53s[>>>>>>>>>>                 ] 3022/7824, 90.1 task/s, elapsed: 34s, ETA:    53s[>>>>>>>>>>                 ] 3023/7824, 90.1 task/s, elapsed: 34s, ETA:    53s[>>>>>>>>>>                 ] 3024/7824, 90.1 task/s, elapsed: 34s, ETA:    53s[>>>>>>>>>>                 ] 3025/7824, 90.1 task/s, elapsed: 34s, ETA:    53s[>>>>>>>>>>                 ] 3026/7824, 90.2 task/s, elapsed: 34s, ETA:    53s[>>>>>>>>>>                 ] 3027/7824, 90.2 task/s, elapsed: 34s, ETA:    53s[>>>>>>>>>>                 ] 3028/7824, 90.2 task/s, elapsed: 34s, ETA:    53s[>>>>>>>>>>                 ] 3029/7824, 90.2 task/s, elapsed: 34s, ETA:    53s[>>>>>>>>>>                 ] 3030/7824, 90.2 task/s, elapsed: 34s, ETA:    53s[>>>>>>>>>>                 ] 3031/7824, 90.2 task/s, elapsed: 34s, ETA:    53s[>>>>>>>>>>                 ] 3032/7824, 90.2 task/s, elapsed: 34s, ETA:    53s[>>>>>>>>>>                 ] 3033/7824, 90.2 task/s, elapsed: 34s, ETA:    53s[>>>>>>>>>>                 ] 3034/7824, 90.2 task/s, elapsed: 34s, ETA:    53s[>>>>>>>>>>                 ] 3035/7824, 90.2 task/s, elapsed: 34s, ETA:    53s[>>>>>>>>>>                 ] 3036/7824, 90.2 task/s, elapsed: 34s, ETA:    53s[>>>>>>>>>>                 ] 3037/7824, 90.2 task/s, elapsed: 34s, ETA:    53s[>>>>>>>>>>                 ] 3038/7824, 90.2 task/s, elapsed: 34s, ETA:    53s[>>>>>>>>>>                 ] 3039/7824, 90.2 task/s, elapsed: 34s, ETA:    53s[>>>>>>>>>>                 ] 3040/7824, 90.2 task/s, elapsed: 34s, ETA:    53s[>>>>>>>>>>                 ] 3041/7824, 90.2 task/s, elapsed: 34s, ETA:    53s[>>>>>>>>>>                 ] 3042/7824, 90.2 task/s, elapsed: 34s, ETA:    53s[>>>>>>>>>>                 ] 3043/7824, 90.2 task/s, elapsed: 34s, ETA:    53s[>>>>>>>>>>                 ] 3044/7824, 90.3 task/s, elapsed: 34s, ETA:    53s[>>>>>>>>>>                 ] 3045/7824, 90.3 task/s, elapsed: 34s, ETA:    53s[>>>>>>>>>>                 ] 3046/7824, 90.3 task/s, elapsed: 34s, ETA:    53s[>>>>>>>>>>                 ] 3047/7824, 90.3 task/s, elapsed: 34s, ETA:    53s[>>>>>>>>>>                 ] 3048/7824, 90.3 task/s, elapsed: 34s, ETA:    53s[>>>>>>>>>>                 ] 3049/7824, 90.3 task/s, elapsed: 34s, ETA:    53s[>>>>>>>>>>                 ] 3050/7824, 90.3 task/s, elapsed: 34s, ETA:    53s[>>>>>>>>>>                 ] 3051/7824, 90.3 task/s, elapsed: 34s, ETA:    53s[>>>>>>>>>>                 ] 3052/7824, 90.3 task/s, elapsed: 34s, ETA:    53s[>>>>>>>>>>                 ] 3053/7824, 90.3 task/s, elapsed: 34s, ETA:    53s[>>>>>>>>>>                 ] 3054/7824, 90.3 task/s, elapsed: 34s, ETA:    53s[>>>>>>>>>>                 ] 3055/7824, 90.3 task/s, elapsed: 34s, ETA:    53s[>>>>>>>>>>                 ] 3056/7824, 90.3 task/s, elapsed: 34s, ETA:    53s[>>>>>>>>>>                 ] 3057/7824, 90.3 task/s, elapsed: 34s, ETA:    53s[>>>>>>>>>>                 ] 3058/7824, 90.3 task/s, elapsed: 34s, ETA:    53s[>>>>>>>>>>                 ] 3059/7824, 90.3 task/s, elapsed: 34s, ETA:    53s[>>>>>>>>>>                 ] 3060/7824, 90.3 task/s, elapsed: 34s, ETA:    53s[>>>>>>>>>>                 ] 3061/7824, 90.4 task/s, elapsed: 34s, ETA:    53s[>>>>>>>>>>                 ] 3062/7824, 90.4 task/s, elapsed: 34s, ETA:    53s[>>>>>>>>>>                 ] 3063/7824, 90.4 task/s, elapsed: 34s, ETA:    53s[>>>>>>>>>>                 ] 3064/7824, 90.4 task/s, elapsed: 34s, ETA:    53s[>>>>>>>>>>                 ] 3065/7824, 90.4 task/s, elapsed: 34s, ETA:    53s[>>>>>>>>>>                 ] 3066/7824, 90.4 task/s, elapsed: 34s, ETA:    53s[>>>>>>>>>>                 ] 3067/7824, 90.4 task/s, elapsed: 34s, ETA:    53s[>>>>>>>>>>                 ] 3068/7824, 90.4 task/s, elapsed: 34s, ETA:    53s[>>>>>>>>>>                 ] 3069/7824, 90.4 task/s, elapsed: 34s, ETA:    53s[>>>>>>>>>>                 ] 3070/7824, 90.4 task/s, elapsed: 34s, ETA:    53s[>>>>>>>>>>                 ] 3071/7824, 90.4 task/s, elapsed: 34s, ETA:    53s[>>>>>>>>>>                 ] 3072/7824, 90.4 task/s, elapsed: 34s, ETA:    53s[>>>>>>>>>>                 ] 3073/7824, 90.4 task/s, elapsed: 34s, ETA:    53s[>>>>>>>>>>                 ] 3074/7824, 90.4 task/s, elapsed: 34s, ETA:    53s[>>>>>>>>>>                 ] 3075/7824, 90.4 task/s, elapsed: 34s, ETA:    53s[>>>>>>>>>>                 ] 3076/7824, 90.4 task/s, elapsed: 34s, ETA:    53s[>>>>>>>>>>                 ] 3077/7824, 90.4 task/s, elapsed: 34s, ETA:    52s[>>>>>>>>>>                 ] 3078/7824, 90.4 task/s, elapsed: 34s, ETA:    52s[>>>>>>>>>>                 ] 3079/7824, 90.5 task/s, elapsed: 34s, ETA:    52s[>>>>>>>>>>                 ] 3080/7824, 90.5 task/s, elapsed: 34s, ETA:    52s[>>>>>>>>>>                 ] 3081/7824, 90.5 task/s, elapsed: 34s, ETA:    52s[>>>>>>>>>>                 ] 3082/7824, 90.5 task/s, elapsed: 34s, ETA:    52s[>>>>>>>>>>                 ] 3083/7824, 90.5 task/s, elapsed: 34s, ETA:    52s[>>>>>>>>>>                 ] 3084/7824, 90.5 task/s, elapsed: 34s, ETA:    52s[>>>>>>>>>>                 ] 3085/7824, 90.5 task/s, elapsed: 34s, ETA:    52s[>>>>>>>>>>                 ] 3086/7824, 90.5 task/s, elapsed: 34s, ETA:    52s[>>>>>>>>>>                 ] 3087/7824, 90.5 task/s, elapsed: 34s, ETA:    52s[>>>>>>>>>>                 ] 3088/7824, 90.5 task/s, elapsed: 34s, ETA:    52s[>>>>>>>>>>                 ] 3089/7824, 90.5 task/s, elapsed: 34s, ETA:    52s[>>>>>>>>>>                 ] 3090/7824, 90.5 task/s, elapsed: 34s, ETA:    52s[>>>>>>>>>>                 ] 3091/7824, 90.5 task/s, elapsed: 34s, ETA:    52s[>>>>>>>>>>                 ] 3092/7824, 90.5 task/s, elapsed: 34s, ETA:    52s[>>>>>>>>>>                 ] 3093/7824, 90.5 task/s, elapsed: 34s, ETA:    52s[>>>>>>>>>>                 ] 3094/7824, 90.5 task/s, elapsed: 34s, ETA:    52s[>>>>>>>>>>                 ] 3095/7824, 90.5 task/s, elapsed: 34s, ETA:    52s[>>>>>>>>>>                 ] 3096/7824, 90.6 task/s, elapsed: 34s, ETA:    52s[>>>>>>>>>>                 ] 3097/7824, 90.6 task/s, elapsed: 34s, ETA:    52s[>>>>>>>>>>                 ] 3098/7824, 90.6 task/s, elapsed: 34s, ETA:    52s[>>>>>>>>>>                 ] 3099/7824, 90.6 task/s, elapsed: 34s, ETA:    52s[>>>>>>>>>>                 ] 3100/7824, 90.6 task/s, elapsed: 34s, ETA:    52s[>>>>>>>>>>                 ] 3101/7824, 90.6 task/s, elapsed: 34s, ETA:    52s[>>>>>>>>>>                 ] 3102/7824, 90.6 task/s, elapsed: 34s, ETA:    52s[>>>>>>>>>>                 ] 3103/7824, 90.6 task/s, elapsed: 34s, ETA:    52s[>>>>>>>>>>                 ] 3104/7824, 90.6 task/s, elapsed: 34s, ETA:    52s[>>>>>>>>>>                 ] 3105/7824, 90.6 task/s, elapsed: 34s, ETA:    52s[>>>>>>>>>>                 ] 3106/7824, 90.6 task/s, elapsed: 34s, ETA:    52s[>>>>>>>>>>                 ] 3107/7824, 90.6 task/s, elapsed: 34s, ETA:    52s[>>>>>>>>>>                 ] 3108/7824, 90.6 task/s, elapsed: 34s, ETA:    52s[>>>>>>>>>>                 ] 3109/7824, 90.6 task/s, elapsed: 34s, ETA:    52s[>>>>>>>>>>                 ] 3110/7824, 90.6 task/s, elapsed: 34s, ETA:    52s[>>>>>>>>>>                 ] 3111/7824, 90.6 task/s, elapsed: 34s, ETA:    52s[>>>>>>>>>>                 ] 3112/7824, 90.6 task/s, elapsed: 34s, ETA:    52s[>>>>>>>>>>                 ] 3113/7824, 90.6 task/s, elapsed: 34s, ETA:    52s[>>>>>>>>>>                 ] 3114/7824, 90.7 task/s, elapsed: 34s, ETA:    52s[>>>>>>>>>>                 ] 3115/7824, 90.7 task/s, elapsed: 34s, ETA:    52s[>>>>>>>>>>                 ] 3116/7824, 90.7 task/s, elapsed: 34s, ETA:    52s[>>>>>>>>>>                 ] 3117/7824, 90.7 task/s, elapsed: 34s, ETA:    52s[>>>>>>>>>>                 ] 3118/7824, 90.7 task/s, elapsed: 34s, ETA:    52s[>>>>>>>>>>                 ] 3119/7824, 90.7 task/s, elapsed: 34s, ETA:    52s[>>>>>>>>>>                 ] 3120/7824, 90.7 task/s, elapsed: 34s, ETA:    52s[>>>>>>>>>>                 ] 3121/7824, 90.7 task/s, elapsed: 34s, ETA:    52s[>>>>>>>>>>                 ] 3122/7824, 90.7 task/s, elapsed: 34s, ETA:    52s[>>>>>>>>>>                 ] 3123/7824, 90.7 task/s, elapsed: 34s, ETA:    52s[>>>>>>>>>>                 ] 3124/7824, 90.7 task/s, elapsed: 34s, ETA:    52s[>>>>>>>>>>                 ] 3125/7824, 90.7 task/s, elapsed: 34s, ETA:    52s[>>>>>>>>>>                 ] 3126/7824, 90.7 task/s, elapsed: 34s, ETA:    52s[>>>>>>>>>>                 ] 3127/7824, 90.7 task/s, elapsed: 34s, ETA:    52s[>>>>>>>>>>                 ] 3128/7824, 90.7 task/s, elapsed: 34s, ETA:    52s[>>>>>>>>>>                 ] 3129/7824, 90.7 task/s, elapsed: 34s, ETA:    52s[>>>>>>>>>>                 ] 3130/7824, 90.7 task/s, elapsed: 34s, ETA:    52s[>>>>>>>>>>                 ] 3131/7824, 90.7 task/s, elapsed: 35s, ETA:    52s[>>>>>>>>>>                 ] 3132/7824, 90.7 task/s, elapsed: 35s, ETA:    52s[>>>>>>>>>>                 ] 3133/7824, 90.8 task/s, elapsed: 35s, ETA:    52s[>>>>>>>>>>                 ] 3134/7824, 90.8 task/s, elapsed: 35s, ETA:    52s[>>>>>>>>>>                 ] 3135/7824, 90.8 task/s, elapsed: 35s, ETA:    52s[>>>>>>>>>>                 ] 3136/7824, 90.8 task/s, elapsed: 35s, ETA:    52s[>>>>>>>>>>                 ] 3137/7824, 90.8 task/s, elapsed: 35s, ETA:    52s[>>>>>>>>>>                 ] 3138/7824, 90.8 task/s, elapsed: 35s, ETA:    52s[>>>>>>>>>>                 ] 3139/7824, 90.8 task/s, elapsed: 35s, ETA:    52s[>>>>>>>>>>                 ] 3140/7824, 90.8 task/s, elapsed: 35s, ETA:    52s[>>>>>>>>>>                 ] 3141/7824, 90.8 task/s, elapsed: 35s, ETA:    52s[>>>>>>>>>>                 ] 3142/7824, 90.8 task/s, elapsed: 35s, ETA:    52s[>>>>>>>>>>                 ] 3143/7824, 90.8 task/s, elapsed: 35s, ETA:    52s[>>>>>>>>>>                 ] 3144/7824, 90.8 task/s, elapsed: 35s, ETA:    52s[>>>>>>>>>>                 ] 3145/7824, 90.8 task/s, elapsed: 35s, ETA:    52s[>>>>>>>>>>                 ] 3146/7824, 90.8 task/s, elapsed: 35s, ETA:    52s[>>>>>>>>>>                 ] 3147/7824, 90.8 task/s, elapsed: 35s, ETA:    51s[>>>>>>>>>>                 ] 3148/7824, 90.8 task/s, elapsed: 35s, ETA:    51s[>>>>>>>>>>                 ] 3149/7824, 90.8 task/s, elapsed: 35s, ETA:    51s[>>>>>>>>>>                 ] 3150/7824, 90.8 task/s, elapsed: 35s, ETA:    51s[>>>>>>>>>>                 ] 3151/7824, 90.8 task/s, elapsed: 35s, ETA:    51s[>>>>>>>>>>                 ] 3152/7824, 90.9 task/s, elapsed: 35s, ETA:    51s[>>>>>>>>>>                 ] 3153/7824, 90.9 task/s, elapsed: 35s, ETA:    51s[>>>>>>>>>>                 ] 3154/7824, 90.9 task/s, elapsed: 35s, ETA:    51s[>>>>>>>>>>                 ] 3155/7824, 90.9 task/s, elapsed: 35s, ETA:    51s[>>>>>>>>>>                 ] 3156/7824, 90.9 task/s, elapsed: 35s, ETA:    51s[>>>>>>>>>>                 ] 3157/7824, 90.9 task/s, elapsed: 35s, ETA:    51s[>>>>>>>>>>                 ] 3158/7824, 90.9 task/s, elapsed: 35s, ETA:    51s[>>>>>>>>>>                 ] 3159/7824, 90.9 task/s, elapsed: 35s, ETA:    51s[>>>>>>>>>>                 ] 3160/7824, 90.9 task/s, elapsed: 35s, ETA:    51s[>>>>>>>>>>                 ] 3161/7824, 90.9 task/s, elapsed: 35s, ETA:    51s[>>>>>>>>>>                 ] 3162/7824, 90.9 task/s, elapsed: 35s, ETA:    51s[>>>>>>>>>>                 ] 3163/7824, 90.9 task/s, elapsed: 35s, ETA:    51s[>>>>>>>>>>                 ] 3164/7824, 90.9 task/s, elapsed: 35s, ETA:    51s[>>>>>>>>>>                 ] 3165/7824, 90.9 task/s, elapsed: 35s, ETA:    51s[>>>>>>>>>>                 ] 3166/7824, 90.9 task/s, elapsed: 35s, ETA:    51s[>>>>>>>>>>                 ] 3167/7824, 90.9 task/s, elapsed: 35s, ETA:    51s[>>>>>>>>>>                 ] 3168/7824, 90.9 task/s, elapsed: 35s, ETA:    51s[>>>>>>>>>>                 ] 3169/7824, 90.9 task/s, elapsed: 35s, ETA:    51s[>>>>>>>>>>                 ] 3170/7824, 91.0 task/s, elapsed: 35s, ETA:    51s[>>>>>>>>>>                 ] 3171/7824, 91.0 task/s, elapsed: 35s, ETA:    51s[>>>>>>>>>>                 ] 3172/7824, 91.0 task/s, elapsed: 35s, ETA:    51s[>>>>>>>>>>                 ] 3173/7824, 91.0 task/s, elapsed: 35s, ETA:    51s[>>>>>>>>>>                 ] 3174/7824, 91.0 task/s, elapsed: 35s, ETA:    51s[>>>>>>>>>>                 ] 3175/7824, 91.0 task/s, elapsed: 35s, ETA:    51s[>>>>>>>>>>                 ] 3176/7824, 91.0 task/s, elapsed: 35s, ETA:    51s[>>>>>>>>>>                 ] 3177/7824, 91.0 task/s, elapsed: 35s, ETA:    51s[>>>>>>>>>>                 ] 3178/7824, 91.0 task/s, elapsed: 35s, ETA:    51s[>>>>>>>>>>                 ] 3179/7824, 91.0 task/s, elapsed: 35s, ETA:    51s[>>>>>>>>>>                 ] 3180/7824, 91.0 task/s, elapsed: 35s, ETA:    51s[>>>>>>>>>>                 ] 3181/7824, 91.0 task/s, elapsed: 35s, ETA:    51s[>>>>>>>>>>                 ] 3182/7824, 91.0 task/s, elapsed: 35s, ETA:    51s[>>>>>>>>>>                 ] 3183/7824, 91.0 task/s, elapsed: 35s, ETA:    51s[>>>>>>>>>>                 ] 3184/7824, 91.0 task/s, elapsed: 35s, ETA:    51s[>>>>>>>>>>                 ] 3185/7824, 91.0 task/s, elapsed: 35s, ETA:    51s[>>>>>>>>>>                 ] 3186/7824, 91.0 task/s, elapsed: 35s, ETA:    51s[>>>>>>>>>>                 ] 3187/7824, 91.1 task/s, elapsed: 35s, ETA:    51s[>>>>>>>>>>>                ] 3188/7824, 91.1 task/s, elapsed: 35s, ETA:    51s[>>>>>>>>>>>                ] 3189/7824, 91.1 task/s, elapsed: 35s, ETA:    51s[>>>>>>>>>>>                ] 3190/7824, 91.1 task/s, elapsed: 35s, ETA:    51s[>>>>>>>>>>>                ] 3191/7824, 91.1 task/s, elapsed: 35s, ETA:    51s[>>>>>>>>>>>                ] 3192/7824, 91.1 task/s, elapsed: 35s, ETA:    51s[>>>>>>>>>>>                ] 3193/7824, 91.1 task/s, elapsed: 35s, ETA:    51s[>>>>>>>>>>>                ] 3194/7824, 91.1 task/s, elapsed: 35s, ETA:    51s[>>>>>>>>>>>                ] 3195/7824, 91.1 task/s, elapsed: 35s, ETA:    51s[>>>>>>>>>>>                ] 3196/7824, 91.1 task/s, elapsed: 35s, ETA:    51s[>>>>>>>>>>>                ] 3197/7824, 91.1 task/s, elapsed: 35s, ETA:    51s[>>>>>>>>>>>                ] 3198/7824, 91.1 task/s, elapsed: 35s, ETA:    51s[>>>>>>>>>>>                ] 3199/7824, 91.1 task/s, elapsed: 35s, ETA:    51s[>>>>>>>>>>>                ] 3200/7824, 91.1 task/s, elapsed: 35s, ETA:    51s[>>>>>>>>>>>                ] 3201/7824, 91.1 task/s, elapsed: 35s, ETA:    51s[>>>>>>>>>>>                ] 3202/7824, 91.1 task/s, elapsed: 35s, ETA:    51s[>>>>>>>>>>>                ] 3203/7824, 91.1 task/s, elapsed: 35s, ETA:    51s[>>>>>>>>>>>                ] 3204/7824, 91.1 task/s, elapsed: 35s, ETA:    51s[>>>>>>>>>>>                ] 3205/7824, 91.1 task/s, elapsed: 35s, ETA:    51s[>>>>>>>>>>>                ] 3206/7824, 91.2 task/s, elapsed: 35s, ETA:    51s[>>>>>>>>>>>                ] 3207/7824, 91.2 task/s, elapsed: 35s, ETA:    51s[>>>>>>>>>>>                ] 3208/7824, 91.2 task/s, elapsed: 35s, ETA:    51s[>>>>>>>>>>>                ] 3209/7824, 91.2 task/s, elapsed: 35s, ETA:    51s[>>>>>>>>>>>                ] 3210/7824, 91.2 task/s, elapsed: 35s, ETA:    51s[>>>>>>>>>>>                ] 3211/7824, 91.2 task/s, elapsed: 35s, ETA:    51s[>>>>>>>>>>>                ] 3212/7824, 91.2 task/s, elapsed: 35s, ETA:    51s[>>>>>>>>>>>                ] 3213/7824, 91.2 task/s, elapsed: 35s, ETA:    51s[>>>>>>>>>>>                ] 3214/7824, 91.2 task/s, elapsed: 35s, ETA:    51s[>>>>>>>>>>>                ] 3215/7824, 91.2 task/s, elapsed: 35s, ETA:    51s[>>>>>>>>>>>                ] 3216/7824, 91.2 task/s, elapsed: 35s, ETA:    51s[>>>>>>>>>>>                ] 3217/7824, 91.2 task/s, elapsed: 35s, ETA:    51s[>>>>>>>>>>>                ] 3218/7824, 91.2 task/s, elapsed: 35s, ETA:    50s[>>>>>>>>>>>                ] 3219/7824, 91.2 task/s, elapsed: 35s, ETA:    50s[>>>>>>>>>>>                ] 3220/7824, 91.2 task/s, elapsed: 35s, ETA:    50s[>>>>>>>>>>>                ] 3221/7824, 91.2 task/s, elapsed: 35s, ETA:    50s[>>>>>>>>>>>                ] 3222/7824, 91.2 task/s, elapsed: 35s, ETA:    50s[>>>>>>>>>>>                ] 3223/7824, 91.2 task/s, elapsed: 35s, ETA:    50s[>>>>>>>>>>>                ] 3224/7824, 91.2 task/s, elapsed: 35s, ETA:    50s[>>>>>>>>>>>                ] 3225/7824, 91.3 task/s, elapsed: 35s, ETA:    50s[>>>>>>>>>>>                ] 3226/7824, 91.3 task/s, elapsed: 35s, ETA:    50s[>>>>>>>>>>>                ] 3227/7824, 91.3 task/s, elapsed: 35s, ETA:    50s[>>>>>>>>>>>                ] 3228/7824, 91.3 task/s, elapsed: 35s, ETA:    50s[>>>>>>>>>>>                ] 3229/7824, 91.2 task/s, elapsed: 35s, ETA:    50s[>>>>>>>>>>>                ] 3230/7824, 91.2 task/s, elapsed: 35s, ETA:    50s[>>>>>>>>>>>                ] 3231/7824, 91.2 task/s, elapsed: 35s, ETA:    50s[>>>>>>>>>>>                ] 3232/7824, 91.2 task/s, elapsed: 35s, ETA:    50s[>>>>>>>>>>>                ] 3233/7824, 91.2 task/s, elapsed: 35s, ETA:    50s[>>>>>>>>>>>                ] 3234/7824, 91.2 task/s, elapsed: 35s, ETA:    50s[>>>>>>>>>>>                ] 3235/7824, 91.2 task/s, elapsed: 35s, ETA:    50s[>>>>>>>>>>>                ] 3236/7824, 91.2 task/s, elapsed: 35s, ETA:    50s[>>>>>>>>>>>                ] 3237/7824, 91.2 task/s, elapsed: 35s, ETA:    50s[>>>>>>>>>>>                ] 3238/7824, 91.2 task/s, elapsed: 35s, ETA:    50s[>>>>>>>>>>>                ] 3239/7824, 91.2 task/s, elapsed: 36s, ETA:    50s[>>>>>>>>>>>                ] 3240/7824, 91.2 task/s, elapsed: 36s, ETA:    50s[>>>>>>>>>>>                ] 3241/7824, 91.2 task/s, elapsed: 36s, ETA:    50s[>>>>>>>>>>>                ] 3242/7824, 91.2 task/s, elapsed: 36s, ETA:    50s[>>>>>>>>>>>                ] 3243/7824, 91.2 task/s, elapsed: 36s, ETA:    50s[>>>>>>>>>>>                ] 3244/7824, 91.2 task/s, elapsed: 36s, ETA:    50s[>>>>>>>>>>>                ] 3245/7824, 91.2 task/s, elapsed: 36s, ETA:    50s[>>>>>>>>>>>                ] 3246/7824, 91.3 task/s, elapsed: 36s, ETA:    50s[>>>>>>>>>>>                ] 3247/7824, 91.3 task/s, elapsed: 36s, ETA:    50s[>>>>>>>>>>>                ] 3248/7824, 91.3 task/s, elapsed: 36s, ETA:    50s[>>>>>>>>>>>                ] 3249/7824, 91.3 task/s, elapsed: 36s, ETA:    50s[>>>>>>>>>>>                ] 3250/7824, 91.3 task/s, elapsed: 36s, ETA:    50s[>>>>>>>>>>>                ] 3251/7824, 91.3 task/s, elapsed: 36s, ETA:    50s[>>>>>>>>>>>                ] 3252/7824, 91.3 task/s, elapsed: 36s, ETA:    50s[>>>>>>>>>>>                ] 3253/7824, 91.3 task/s, elapsed: 36s, ETA:    50s[>>>>>>>>>>>                ] 3254/7824, 91.3 task/s, elapsed: 36s, ETA:    50s[>>>>>>>>>>>                ] 3255/7824, 91.3 task/s, elapsed: 36s, ETA:    50s[>>>>>>>>>>>                ] 3256/7824, 91.3 task/s, elapsed: 36s, ETA:    50s[>>>>>>>>>>>                ] 3257/7824, 91.3 task/s, elapsed: 36s, ETA:    50s[>>>>>>>>>>>                ] 3258/7824, 91.3 task/s, elapsed: 36s, ETA:    50s[>>>>>>>>>>>                ] 3259/7824, 91.3 task/s, elapsed: 36s, ETA:    50s[>>>>>>>>>>>                ] 3260/7824, 91.3 task/s, elapsed: 36s, ETA:    50s[>>>>>>>>>>>                ] 3261/7824, 91.3 task/s, elapsed: 36s, ETA:    50s[>>>>>>>>>>>                ] 3262/7824, 91.3 task/s, elapsed: 36s, ETA:    50s[>>>>>>>>>>>                ] 3263/7824, 91.3 task/s, elapsed: 36s, ETA:    50s[>>>>>>>>>>>                ] 3264/7824, 91.3 task/s, elapsed: 36s, ETA:    50s[>>>>>>>>>>>                ] 3265/7824, 91.3 task/s, elapsed: 36s, ETA:    50s[>>>>>>>>>>>                ] 3266/7824, 91.3 task/s, elapsed: 36s, ETA:    50s[>>>>>>>>>>>                ] 3267/7824, 91.4 task/s, elapsed: 36s, ETA:    50s[>>>>>>>>>>>                ] 3268/7824, 91.4 task/s, elapsed: 36s, ETA:    50s[>>>>>>>>>>>                ] 3269/7824, 91.4 task/s, elapsed: 36s, ETA:    50s[>>>>>>>>>>>                ] 3270/7824, 91.4 task/s, elapsed: 36s, ETA:    50s[>>>>>>>>>>>                ] 3271/7824, 91.4 task/s, elapsed: 36s, ETA:    50s[>>>>>>>>>>>                ] 3272/7824, 91.4 task/s, elapsed: 36s, ETA:    50s[>>>>>>>>>>>                ] 3273/7824, 91.4 task/s, elapsed: 36s, ETA:    50s[>>>>>>>>>>>                ] 3274/7824, 91.4 task/s, elapsed: 36s, ETA:    50s[>>>>>>>>>>>                ] 3275/7824, 91.4 task/s, elapsed: 36s, ETA:    50s[>>>>>>>>>>>                ] 3276/7824, 91.4 task/s, elapsed: 36s, ETA:    50s[>>>>>>>>>>>                ] 3277/7824, 91.4 task/s, elapsed: 36s, ETA:    50s[>>>>>>>>>>>                ] 3278/7824, 91.4 task/s, elapsed: 36s, ETA:    50s[>>>>>>>>>>>                ] 3279/7824, 91.4 task/s, elapsed: 36s, ETA:    50s[>>>>>>>>>>>                ] 3280/7824, 91.4 task/s, elapsed: 36s, ETA:    50s[>>>>>>>>>>>                ] 3281/7824, 91.4 task/s, elapsed: 36s, ETA:    50s[>>>>>>>>>>>                ] 3282/7824, 91.4 task/s, elapsed: 36s, ETA:    50s[>>>>>>>>>>>                ] 3283/7824, 91.4 task/s, elapsed: 36s, ETA:    50s[>>>>>>>>>>>                ] 3284/7824, 91.4 task/s, elapsed: 36s, ETA:    50s[>>>>>>>>>>>                ] 3285/7824, 91.4 task/s, elapsed: 36s, ETA:    50s[>>>>>>>>>>>                ] 3286/7824, 91.4 task/s, elapsed: 36s, ETA:    50s[>>>>>>>>>>>                ] 3287/7824, 91.5 task/s, elapsed: 36s, ETA:    50s[>>>>>>>>>>>                ] 3288/7824, 91.5 task/s, elapsed: 36s, ETA:    50s[>>>>>>>>>>>                ] 3289/7824, 91.5 task/s, elapsed: 36s, ETA:    50s[>>>>>>>>>>>                ] 3290/7824, 91.5 task/s, elapsed: 36s, ETA:    50s[>>>>>>>>>>>                ] 3291/7824, 91.5 task/s, elapsed: 36s, ETA:    50s[>>>>>>>>>>>                ] 3292/7824, 91.5 task/s, elapsed: 36s, ETA:    50s[>>>>>>>>>>>                ] 3293/7824, 91.5 task/s, elapsed: 36s, ETA:    50s[>>>>>>>>>>>                ] 3294/7824, 91.5 task/s, elapsed: 36s, ETA:    50s[>>>>>>>>>>>                ] 3295/7824, 91.5 task/s, elapsed: 36s, ETA:    50s[>>>>>>>>>>>                ] 3296/7824, 91.5 task/s, elapsed: 36s, ETA:    49s[>>>>>>>>>>>                ] 3297/7824, 91.5 task/s, elapsed: 36s, ETA:    49s[>>>>>>>>>>>                ] 3298/7824, 91.5 task/s, elapsed: 36s, ETA:    49s[>>>>>>>>>>>                ] 3299/7824, 91.5 task/s, elapsed: 36s, ETA:    49s[>>>>>>>>>>>                ] 3300/7824, 91.5 task/s, elapsed: 36s, ETA:    49s[>>>>>>>>>>>                ] 3301/7824, 91.5 task/s, elapsed: 36s, ETA:    49s[>>>>>>>>>>>                ] 3302/7824, 91.5 task/s, elapsed: 36s, ETA:    49s[>>>>>>>>>>>                ] 3303/7824, 91.5 task/s, elapsed: 36s, ETA:    49s[>>>>>>>>>>>                ] 3304/7824, 91.5 task/s, elapsed: 36s, ETA:    49s[>>>>>>>>>>>                ] 3305/7824, 91.5 task/s, elapsed: 36s, ETA:    49s[>>>>>>>>>>>                ] 3306/7824, 91.6 task/s, elapsed: 36s, ETA:    49s[>>>>>>>>>>>                ] 3307/7824, 91.6 task/s, elapsed: 36s, ETA:    49s[>>>>>>>>>>>                ] 3308/7824, 91.6 task/s, elapsed: 36s, ETA:    49s[>>>>>>>>>>>                ] 3309/7824, 91.6 task/s, elapsed: 36s, ETA:    49s[>>>>>>>>>>>                ] 3310/7824, 91.6 task/s, elapsed: 36s, ETA:    49s[>>>>>>>>>>>                ] 3311/7824, 91.6 task/s, elapsed: 36s, ETA:    49s[>>>>>>>>>>>                ] 3312/7824, 91.6 task/s, elapsed: 36s, ETA:    49s[>>>>>>>>>>>                ] 3313/7824, 91.6 task/s, elapsed: 36s, ETA:    49s[>>>>>>>>>>>                ] 3314/7824, 91.6 task/s, elapsed: 36s, ETA:    49s[>>>>>>>>>>>                ] 3315/7824, 91.6 task/s, elapsed: 36s, ETA:    49s[>>>>>>>>>>>                ] 3316/7824, 91.6 task/s, elapsed: 36s, ETA:    49s[>>>>>>>>>>>                ] 3317/7824, 91.6 task/s, elapsed: 36s, ETA:    49s[>>>>>>>>>>>                ] 3318/7824, 91.6 task/s, elapsed: 36s, ETA:    49s[>>>>>>>>>>>                ] 3319/7824, 91.6 task/s, elapsed: 36s, ETA:    49s[>>>>>>>>>>>                ] 3320/7824, 91.6 task/s, elapsed: 36s, ETA:    49s[>>>>>>>>>>>                ] 3321/7824, 91.6 task/s, elapsed: 36s, ETA:    49s[>>>>>>>>>>>                ] 3322/7824, 91.6 task/s, elapsed: 36s, ETA:    49s[>>>>>>>>>>>                ] 3323/7824, 91.6 task/s, elapsed: 36s, ETA:    49s[>>>>>>>>>>>                ] 3324/7824, 91.6 task/s, elapsed: 36s, ETA:    49s[>>>>>>>>>>>                ] 3325/7824, 91.7 task/s, elapsed: 36s, ETA:    49s[>>>>>>>>>>>                ] 3326/7824, 91.7 task/s, elapsed: 36s, ETA:    49s[>>>>>>>>>>>                ] 3327/7824, 91.7 task/s, elapsed: 36s, ETA:    49s[>>>>>>>>>>>                ] 3328/7824, 91.7 task/s, elapsed: 36s, ETA:    49s[>>>>>>>>>>>                ] 3329/7824, 91.7 task/s, elapsed: 36s, ETA:    49s[>>>>>>>>>>>                ] 3330/7824, 91.7 task/s, elapsed: 36s, ETA:    49s[>>>>>>>>>>>                ] 3331/7824, 91.7 task/s, elapsed: 36s, ETA:    49s[>>>>>>>>>>>                ] 3332/7824, 91.7 task/s, elapsed: 36s, ETA:    49s[>>>>>>>>>>>                ] 3333/7824, 91.7 task/s, elapsed: 36s, ETA:    49s[>>>>>>>>>>>                ] 3334/7824, 91.7 task/s, elapsed: 36s, ETA:    49s[>>>>>>>>>>>                ] 3335/7824, 91.7 task/s, elapsed: 36s, ETA:    49s[>>>>>>>>>>>                ] 3336/7824, 91.7 task/s, elapsed: 36s, ETA:    49s[>>>>>>>>>>>                ] 3337/7824, 91.7 task/s, elapsed: 36s, ETA:    49s[>>>>>>>>>>>                ] 3338/7824, 91.7 task/s, elapsed: 36s, ETA:    49s[>>>>>>>>>>>                ] 3339/7824, 91.7 task/s, elapsed: 36s, ETA:    49s[>>>>>>>>>>>                ] 3340/7824, 91.7 task/s, elapsed: 36s, ETA:    49s[>>>>>>>>>>>                ] 3341/7824, 91.7 task/s, elapsed: 36s, ETA:    49s[>>>>>>>>>>>                ] 3342/7824, 91.7 task/s, elapsed: 36s, ETA:    49s[>>>>>>>>>>>                ] 3343/7824, 91.7 task/s, elapsed: 36s, ETA:    49s[>>>>>>>>>>>                ] 3344/7824, 91.7 task/s, elapsed: 36s, ETA:    49s[>>>>>>>>>>>                ] 3345/7824, 91.8 task/s, elapsed: 36s, ETA:    49s[>>>>>>>>>>>                ] 3346/7824, 91.8 task/s, elapsed: 36s, ETA:    49s[>>>>>>>>>>>                ] 3347/7824, 91.8 task/s, elapsed: 36s, ETA:    49s[>>>>>>>>>>>                ] 3348/7824, 91.8 task/s, elapsed: 36s, ETA:    49s[>>>>>>>>>>>                ] 3349/7824, 91.8 task/s, elapsed: 36s, ETA:    49s[>>>>>>>>>>>                ] 3350/7824, 91.8 task/s, elapsed: 37s, ETA:    49s[>>>>>>>>>>>                ] 3351/7824, 91.8 task/s, elapsed: 37s, ETA:    49s[>>>>>>>>>>>                ] 3352/7824, 91.8 task/s, elapsed: 37s, ETA:    49s[>>>>>>>>>>>                ] 3353/7824, 91.8 task/s, elapsed: 37s, ETA:    49s[>>>>>>>>>>>                ] 3354/7824, 91.8 task/s, elapsed: 37s, ETA:    49s[>>>>>>>>>>>                ] 3355/7824, 91.8 task/s, elapsed: 37s, ETA:    49s[>>>>>>>>>>>                ] 3356/7824, 91.8 task/s, elapsed: 37s, ETA:    49s[>>>>>>>>>>>                ] 3357/7824, 91.8 task/s, elapsed: 37s, ETA:    49s[>>>>>>>>>>>                ] 3358/7824, 91.8 task/s, elapsed: 37s, ETA:    49s[>>>>>>>>>>>                ] 3359/7824, 91.8 task/s, elapsed: 37s, ETA:    49s[>>>>>>>>>>>                ] 3360/7824, 91.8 task/s, elapsed: 37s, ETA:    49s[>>>>>>>>>>>                ] 3361/7824, 91.8 task/s, elapsed: 37s, ETA:    49s[>>>>>>>>>>>                ] 3362/7824, 91.8 task/s, elapsed: 37s, ETA:    49s[>>>>>>>>>>>                ] 3363/7824, 91.8 task/s, elapsed: 37s, ETA:    49s[>>>>>>>>>>>                ] 3364/7824, 91.8 task/s, elapsed: 37s, ETA:    49s[>>>>>>>>>>>                ] 3365/7824, 91.9 task/s, elapsed: 37s, ETA:    49s[>>>>>>>>>>>                ] 3366/7824, 91.9 task/s, elapsed: 37s, ETA:    49s[>>>>>>>>>>>                ] 3367/7824, 91.9 task/s, elapsed: 37s, ETA:    49s[>>>>>>>>>>>                ] 3368/7824, 91.9 task/s, elapsed: 37s, ETA:    49s[>>>>>>>>>>>                ] 3369/7824, 91.9 task/s, elapsed: 37s, ETA:    48s[>>>>>>>>>>>                ] 3370/7824, 91.9 task/s, elapsed: 37s, ETA:    48s[>>>>>>>>>>>                ] 3371/7824, 91.9 task/s, elapsed: 37s, ETA:    48s[>>>>>>>>>>>                ] 3372/7824, 91.9 task/s, elapsed: 37s, ETA:    48s[>>>>>>>>>>>                ] 3373/7824, 91.9 task/s, elapsed: 37s, ETA:    48s[>>>>>>>>>>>                ] 3374/7824, 91.9 task/s, elapsed: 37s, ETA:    48s[>>>>>>>>>>>                ] 3375/7824, 91.9 task/s, elapsed: 37s, ETA:    48s[>>>>>>>>>>>                ] 3376/7824, 91.9 task/s, elapsed: 37s, ETA:    48s[>>>>>>>>>>>                ] 3377/7824, 91.9 task/s, elapsed: 37s, ETA:    48s[>>>>>>>>>>>                ] 3378/7824, 91.9 task/s, elapsed: 37s, ETA:    48s[>>>>>>>>>>>                ] 3379/7824, 91.9 task/s, elapsed: 37s, ETA:    48s[>>>>>>>>>>>                ] 3380/7824, 91.9 task/s, elapsed: 37s, ETA:    48s[>>>>>>>>>>>                ] 3381/7824, 91.9 task/s, elapsed: 37s, ETA:    48s[>>>>>>>>>>>                ] 3382/7824, 91.9 task/s, elapsed: 37s, ETA:    48s[>>>>>>>>>>>                ] 3383/7824, 91.9 task/s, elapsed: 37s, ETA:    48s[>>>>>>>>>>>                ] 3384/7824, 92.0 task/s, elapsed: 37s, ETA:    48s[>>>>>>>>>>>                ] 3385/7824, 92.0 task/s, elapsed: 37s, ETA:    48s[>>>>>>>>>>>                ] 3386/7824, 92.0 task/s, elapsed: 37s, ETA:    48s[>>>>>>>>>>>                ] 3387/7824, 92.0 task/s, elapsed: 37s, ETA:    48s[>>>>>>>>>>>                ] 3388/7824, 92.0 task/s, elapsed: 37s, ETA:    48s[>>>>>>>>>>>                ] 3389/7824, 92.0 task/s, elapsed: 37s, ETA:    48s[>>>>>>>>>>>                ] 3390/7824, 92.0 task/s, elapsed: 37s, ETA:    48s[>>>>>>>>>>>                ] 3391/7824, 92.0 task/s, elapsed: 37s, ETA:    48s[>>>>>>>>>>>                ] 3392/7824, 92.0 task/s, elapsed: 37s, ETA:    48s[>>>>>>>>>>>                ] 3393/7824, 92.0 task/s, elapsed: 37s, ETA:    48s[>>>>>>>>>>>                ] 3394/7824, 92.0 task/s, elapsed: 37s, ETA:    48s[>>>>>>>>>>>                ] 3395/7824, 92.0 task/s, elapsed: 37s, ETA:    48s[>>>>>>>>>>>                ] 3396/7824, 92.0 task/s, elapsed: 37s, ETA:    48s[>>>>>>>>>>>                ] 3397/7824, 92.0 task/s, elapsed: 37s, ETA:    48s[>>>>>>>>>>>                ] 3398/7824, 92.0 task/s, elapsed: 37s, ETA:    48s[>>>>>>>>>>>                ] 3399/7824, 92.0 task/s, elapsed: 37s, ETA:    48s[>>>>>>>>>>>                ] 3400/7824, 92.0 task/s, elapsed: 37s, ETA:    48s[>>>>>>>>>>>                ] 3401/7824, 92.0 task/s, elapsed: 37s, ETA:    48s[>>>>>>>>>>>                ] 3402/7824, 92.0 task/s, elapsed: 37s, ETA:    48s[>>>>>>>>>>>                ] 3403/7824, 92.0 task/s, elapsed: 37s, ETA:    48s[>>>>>>>>>>>                ] 3404/7824, 92.0 task/s, elapsed: 37s, ETA:    48s[>>>>>>>>>>>                ] 3405/7824, 92.1 task/s, elapsed: 37s, ETA:    48s[>>>>>>>>>>>                ] 3406/7824, 92.1 task/s, elapsed: 37s, ETA:    48s[>>>>>>>>>>>                ] 3407/7824, 92.1 task/s, elapsed: 37s, ETA:    48s[>>>>>>>>>>>                ] 3408/7824, 92.1 task/s, elapsed: 37s, ETA:    48s[>>>>>>>>>>>                ] 3409/7824, 92.1 task/s, elapsed: 37s, ETA:    48s[>>>>>>>>>>>                ] 3410/7824, 92.1 task/s, elapsed: 37s, ETA:    48s[>>>>>>>>>>>                ] 3411/7824, 92.1 task/s, elapsed: 37s, ETA:    48s[>>>>>>>>>>>                ] 3412/7824, 92.1 task/s, elapsed: 37s, ETA:    48s[>>>>>>>>>>>                ] 3413/7824, 92.1 task/s, elapsed: 37s, ETA:    48s[>>>>>>>>>>>                ] 3414/7824, 92.1 task/s, elapsed: 37s, ETA:    48s[>>>>>>>>>>>                ] 3415/7824, 92.1 task/s, elapsed: 37s, ETA:    48s[>>>>>>>>>>>                ] 3416/7824, 92.1 task/s, elapsed: 37s, ETA:    48s[>>>>>>>>>>>                ] 3417/7824, 92.1 task/s, elapsed: 37s, ETA:    48s[>>>>>>>>>>>                ] 3418/7824, 92.1 task/s, elapsed: 37s, ETA:    48s[>>>>>>>>>>>                ] 3419/7824, 92.1 task/s, elapsed: 37s, ETA:    48s[>>>>>>>>>>>                ] 3420/7824, 92.1 task/s, elapsed: 37s, ETA:    48s[>>>>>>>>>>>                ] 3421/7824, 92.1 task/s, elapsed: 37s, ETA:    48s[>>>>>>>>>>>                ] 3422/7824, 92.1 task/s, elapsed: 37s, ETA:    48s[>>>>>>>>>>>                ] 3423/7824, 92.1 task/s, elapsed: 37s, ETA:    48s[>>>>>>>>>>>                ] 3424/7824, 92.1 task/s, elapsed: 37s, ETA:    48s[>>>>>>>>>>>                ] 3425/7824, 92.1 task/s, elapsed: 37s, ETA:    48s[>>>>>>>>>>>                ] 3426/7824, 92.2 task/s, elapsed: 37s, ETA:    48s[>>>>>>>>>>>                ] 3427/7824, 92.2 task/s, elapsed: 37s, ETA:    48s[>>>>>>>>>>>                ] 3428/7824, 92.2 task/s, elapsed: 37s, ETA:    48s[>>>>>>>>>>>                ] 3429/7824, 92.2 task/s, elapsed: 37s, ETA:    48s[>>>>>>>>>>>                ] 3430/7824, 92.2 task/s, elapsed: 37s, ETA:    48s[>>>>>>>>>>>                ] 3431/7824, 92.2 task/s, elapsed: 37s, ETA:    48s[>>>>>>>>>>>                ] 3432/7824, 92.2 task/s, elapsed: 37s, ETA:    48s[>>>>>>>>>>>                ] 3433/7824, 92.2 task/s, elapsed: 37s, ETA:    48s[>>>>>>>>>>>                ] 3434/7824, 92.2 task/s, elapsed: 37s, ETA:    48s[>>>>>>>>>>>                ] 3435/7824, 92.2 task/s, elapsed: 37s, ETA:    48s[>>>>>>>>>>>                ] 3436/7824, 92.2 task/s, elapsed: 37s, ETA:    48s[>>>>>>>>>>>                ] 3437/7824, 92.2 task/s, elapsed: 37s, ETA:    48s[>>>>>>>>>>>                ] 3438/7824, 92.2 task/s, elapsed: 37s, ETA:    48s[>>>>>>>>>>>                ] 3439/7824, 92.2 task/s, elapsed: 37s, ETA:    48s[>>>>>>>>>>>                ] 3440/7824, 92.2 task/s, elapsed: 37s, ETA:    48s[>>>>>>>>>>>                ] 3441/7824, 92.2 task/s, elapsed: 37s, ETA:    48s[>>>>>>>>>>>                ] 3442/7824, 92.2 task/s, elapsed: 37s, ETA:    48s[>>>>>>>>>>>                ] 3443/7824, 92.2 task/s, elapsed: 37s, ETA:    47s[>>>>>>>>>>>                ] 3444/7824, 92.2 task/s, elapsed: 37s, ETA:    47s[>>>>>>>>>>>                ] 3445/7824, 92.2 task/s, elapsed: 37s, ETA:    47s[>>>>>>>>>>>                ] 3446/7824, 92.2 task/s, elapsed: 37s, ETA:    47s[>>>>>>>>>>>                ] 3447/7824, 92.3 task/s, elapsed: 37s, ETA:    47s[>>>>>>>>>>>                ] 3448/7824, 92.3 task/s, elapsed: 37s, ETA:    47s[>>>>>>>>>>>                ] 3449/7824, 92.3 task/s, elapsed: 37s, ETA:    47s[>>>>>>>>>>>                ] 3450/7824, 92.3 task/s, elapsed: 37s, ETA:    47s[>>>>>>>>>>>                ] 3451/7824, 92.3 task/s, elapsed: 37s, ETA:    47s[>>>>>>>>>>>                ] 3452/7824, 92.3 task/s, elapsed: 37s, ETA:    47s[>>>>>>>>>>>                ] 3453/7824, 92.3 task/s, elapsed: 37s, ETA:    47s[>>>>>>>>>>>                ] 3454/7824, 92.3 task/s, elapsed: 37s, ETA:    47s[>>>>>>>>>>>                ] 3455/7824, 92.3 task/s, elapsed: 37s, ETA:    47s[>>>>>>>>>>>                ] 3456/7824, 92.3 task/s, elapsed: 37s, ETA:    47s[>>>>>>>>>>>                ] 3457/7824, 92.3 task/s, elapsed: 37s, ETA:    47s[>>>>>>>>>>>                ] 3458/7824, 92.3 task/s, elapsed: 37s, ETA:    47s[>>>>>>>>>>>                ] 3459/7824, 92.3 task/s, elapsed: 37s, ETA:    47s[>>>>>>>>>>>                ] 3460/7824, 92.3 task/s, elapsed: 37s, ETA:    47s[>>>>>>>>>>>                ] 3461/7824, 92.3 task/s, elapsed: 37s, ETA:    47s[>>>>>>>>>>>                ] 3462/7824, 92.3 task/s, elapsed: 37s, ETA:    47s[>>>>>>>>>>>                ] 3463/7824, 92.3 task/s, elapsed: 38s, ETA:    47s[>>>>>>>>>>>                ] 3464/7824, 92.3 task/s, elapsed: 38s, ETA:    47s[>>>>>>>>>>>                ] 3465/7824, 92.3 task/s, elapsed: 38s, ETA:    47s[>>>>>>>>>>>                ] 3466/7824, 92.3 task/s, elapsed: 38s, ETA:    47s[>>>>>>>>>>>                ] 3467/7824, 92.4 task/s, elapsed: 38s, ETA:    47s[>>>>>>>>>>>                ] 3468/7824, 92.4 task/s, elapsed: 38s, ETA:    47s[>>>>>>>>>>>                ] 3469/7824, 92.4 task/s, elapsed: 38s, ETA:    47s[>>>>>>>>>>>                ] 3470/7824, 92.4 task/s, elapsed: 38s, ETA:    47s[>>>>>>>>>>>                ] 3471/7824, 92.4 task/s, elapsed: 38s, ETA:    47s[>>>>>>>>>>>                ] 3472/7824, 92.4 task/s, elapsed: 38s, ETA:    47s[>>>>>>>>>>>                ] 3473/7824, 92.4 task/s, elapsed: 38s, ETA:    47s[>>>>>>>>>>>                ] 3474/7824, 92.4 task/s, elapsed: 38s, ETA:    47s[>>>>>>>>>>>                ] 3475/7824, 92.4 task/s, elapsed: 38s, ETA:    47s[>>>>>>>>>>>                ] 3476/7824, 92.4 task/s, elapsed: 38s, ETA:    47s[>>>>>>>>>>>                ] 3477/7824, 92.4 task/s, elapsed: 38s, ETA:    47s[>>>>>>>>>>>>               ] 3478/7824, 92.4 task/s, elapsed: 38s, ETA:    47s[>>>>>>>>>>>>               ] 3479/7824, 92.4 task/s, elapsed: 38s, ETA:    47s[>>>>>>>>>>>>               ] 3480/7824, 92.4 task/s, elapsed: 38s, ETA:    47s[>>>>>>>>>>>>               ] 3481/7824, 92.4 task/s, elapsed: 38s, ETA:    47s[>>>>>>>>>>>>               ] 3482/7824, 92.4 task/s, elapsed: 38s, ETA:    47s[>>>>>>>>>>>>               ] 3483/7824, 92.4 task/s, elapsed: 38s, ETA:    47s[>>>>>>>>>>>>               ] 3484/7824, 92.4 task/s, elapsed: 38s, ETA:    47s[>>>>>>>>>>>>               ] 3485/7824, 92.4 task/s, elapsed: 38s, ETA:    47s[>>>>>>>>>>>>               ] 3486/7824, 92.4 task/s, elapsed: 38s, ETA:    47s[>>>>>>>>>>>>               ] 3487/7824, 92.4 task/s, elapsed: 38s, ETA:    47s[>>>>>>>>>>>>               ] 3488/7824, 92.4 task/s, elapsed: 38s, ETA:    47s[>>>>>>>>>>>>               ] 3489/7824, 92.5 task/s, elapsed: 38s, ETA:    47s[>>>>>>>>>>>>               ] 3490/7824, 92.5 task/s, elapsed: 38s, ETA:    47s[>>>>>>>>>>>>               ] 3491/7824, 92.5 task/s, elapsed: 38s, ETA:    47s[>>>>>>>>>>>>               ] 3492/7824, 92.5 task/s, elapsed: 38s, ETA:    47s[>>>>>>>>>>>>               ] 3493/7824, 92.5 task/s, elapsed: 38s, ETA:    47s[>>>>>>>>>>>>               ] 3494/7824, 92.5 task/s, elapsed: 38s, ETA:    47s[>>>>>>>>>>>>               ] 3495/7824, 92.5 task/s, elapsed: 38s, ETA:    47s[>>>>>>>>>>>>               ] 3496/7824, 92.5 task/s, elapsed: 38s, ETA:    47s[>>>>>>>>>>>>               ] 3497/7824, 92.5 task/s, elapsed: 38s, ETA:    47s[>>>>>>>>>>>>               ] 3498/7824, 92.5 task/s, elapsed: 38s, ETA:    47s[>>>>>>>>>>>>               ] 3499/7824, 92.5 task/s, elapsed: 38s, ETA:    47s[>>>>>>>>>>>>               ] 3500/7824, 92.5 task/s, elapsed: 38s, ETA:    47s[>>>>>>>>>>>>               ] 3501/7824, 92.5 task/s, elapsed: 38s, ETA:    47s[>>>>>>>>>>>>               ] 3502/7824, 92.5 task/s, elapsed: 38s, ETA:    47s[>>>>>>>>>>>>               ] 3503/7824, 92.5 task/s, elapsed: 38s, ETA:    47s[>>>>>>>>>>>>               ] 3504/7824, 92.5 task/s, elapsed: 38s, ETA:    47s[>>>>>>>>>>>>               ] 3505/7824, 92.5 task/s, elapsed: 38s, ETA:    47s[>>>>>>>>>>>>               ] 3506/7824, 92.5 task/s, elapsed: 38s, ETA:    47s[>>>>>>>>>>>>               ] 3507/7824, 92.5 task/s, elapsed: 38s, ETA:    47s[>>>>>>>>>>>>               ] 3508/7824, 92.5 task/s, elapsed: 38s, ETA:    47s[>>>>>>>>>>>>               ] 3509/7824, 92.5 task/s, elapsed: 38s, ETA:    47s[>>>>>>>>>>>>               ] 3510/7824, 92.5 task/s, elapsed: 38s, ETA:    47s[>>>>>>>>>>>>               ] 3511/7824, 92.5 task/s, elapsed: 38s, ETA:    47s[>>>>>>>>>>>>               ] 3512/7824, 92.5 task/s, elapsed: 38s, ETA:    47s[>>>>>>>>>>>>               ] 3513/7824, 92.5 task/s, elapsed: 38s, ETA:    47s[>>>>>>>>>>>>               ] 3514/7824, 92.5 task/s, elapsed: 38s, ETA:    47s[>>>>>>>>>>>>               ] 3515/7824, 92.5 task/s, elapsed: 38s, ETA:    47s[>>>>>>>>>>>>               ] 3516/7824, 92.5 task/s, elapsed: 38s, ETA:    47s[>>>>>>>>>>>>               ] 3517/7824, 92.5 task/s, elapsed: 38s, ETA:    47s[>>>>>>>>>>>>               ] 3518/7824, 92.6 task/s, elapsed: 38s, ETA:    47s[>>>>>>>>>>>>               ] 3519/7824, 92.6 task/s, elapsed: 38s, ETA:    47s[>>>>>>>>>>>>               ] 3520/7824, 92.6 task/s, elapsed: 38s, ETA:    46s[>>>>>>>>>>>>               ] 3521/7824, 92.6 task/s, elapsed: 38s, ETA:    46s[>>>>>>>>>>>>               ] 3522/7824, 92.6 task/s, elapsed: 38s, ETA:    46s[>>>>>>>>>>>>               ] 3523/7824, 92.6 task/s, elapsed: 38s, ETA:    46s[>>>>>>>>>>>>               ] 3524/7824, 92.6 task/s, elapsed: 38s, ETA:    46s[>>>>>>>>>>>>               ] 3525/7824, 92.6 task/s, elapsed: 38s, ETA:    46s[>>>>>>>>>>>>               ] 3526/7824, 92.6 task/s, elapsed: 38s, ETA:    46s[>>>>>>>>>>>>               ] 3527/7824, 92.6 task/s, elapsed: 38s, ETA:    46s[>>>>>>>>>>>>               ] 3528/7824, 92.6 task/s, elapsed: 38s, ETA:    46s[>>>>>>>>>>>>               ] 3529/7824, 92.6 task/s, elapsed: 38s, ETA:    46s[>>>>>>>>>>>>               ] 3530/7824, 92.6 task/s, elapsed: 38s, ETA:    46s[>>>>>>>>>>>>               ] 3531/7824, 92.6 task/s, elapsed: 38s, ETA:    46s[>>>>>>>>>>>>               ] 3532/7824, 92.6 task/s, elapsed: 38s, ETA:    46s[>>>>>>>>>>>>               ] 3533/7824, 92.6 task/s, elapsed: 38s, ETA:    46s[>>>>>>>>>>>>               ] 3534/7824, 92.6 task/s, elapsed: 38s, ETA:    46s[>>>>>>>>>>>>               ] 3535/7824, 92.6 task/s, elapsed: 38s, ETA:    46s[>>>>>>>>>>>>               ] 3536/7824, 92.6 task/s, elapsed: 38s, ETA:    46s[>>>>>>>>>>>>               ] 3537/7824, 92.6 task/s, elapsed: 38s, ETA:    46s[>>>>>>>>>>>>               ] 3538/7824, 92.6 task/s, elapsed: 38s, ETA:    46s[>>>>>>>>>>>>               ] 3539/7824, 92.6 task/s, elapsed: 38s, ETA:    46s[>>>>>>>>>>>>               ] 3540/7824, 92.6 task/s, elapsed: 38s, ETA:    46s[>>>>>>>>>>>>               ] 3541/7824, 92.7 task/s, elapsed: 38s, ETA:    46s[>>>>>>>>>>>>               ] 3542/7824, 92.7 task/s, elapsed: 38s, ETA:    46s[>>>>>>>>>>>>               ] 3543/7824, 92.7 task/s, elapsed: 38s, ETA:    46s[>>>>>>>>>>>>               ] 3544/7824, 92.7 task/s, elapsed: 38s, ETA:    46s[>>>>>>>>>>>>               ] 3545/7824, 92.7 task/s, elapsed: 38s, ETA:    46s[>>>>>>>>>>>>               ] 3546/7824, 92.7 task/s, elapsed: 38s, ETA:    46s[>>>>>>>>>>>>               ] 3547/7824, 92.7 task/s, elapsed: 38s, ETA:    46s[>>>>>>>>>>>>               ] 3548/7824, 92.7 task/s, elapsed: 38s, ETA:    46s[>>>>>>>>>>>>               ] 3549/7824, 92.7 task/s, elapsed: 38s, ETA:    46s[>>>>>>>>>>>>               ] 3550/7824, 92.7 task/s, elapsed: 38s, ETA:    46s[>>>>>>>>>>>>               ] 3551/7824, 92.7 task/s, elapsed: 38s, ETA:    46s[>>>>>>>>>>>>               ] 3552/7824, 92.7 task/s, elapsed: 38s, ETA:    46s[>>>>>>>>>>>>               ] 3553/7824, 92.7 task/s, elapsed: 38s, ETA:    46s[>>>>>>>>>>>>               ] 3554/7824, 92.7 task/s, elapsed: 38s, ETA:    46s[>>>>>>>>>>>>               ] 3555/7824, 92.7 task/s, elapsed: 38s, ETA:    46s[>>>>>>>>>>>>               ] 3556/7824, 92.7 task/s, elapsed: 38s, ETA:    46s[>>>>>>>>>>>>               ] 3557/7824, 92.7 task/s, elapsed: 38s, ETA:    46s[>>>>>>>>>>>>               ] 3558/7824, 92.7 task/s, elapsed: 38s, ETA:    46s[>>>>>>>>>>>>               ] 3559/7824, 92.7 task/s, elapsed: 38s, ETA:    46s[>>>>>>>>>>>>               ] 3560/7824, 92.7 task/s, elapsed: 38s, ETA:    46s[>>>>>>>>>>>>               ] 3561/7824, 92.7 task/s, elapsed: 38s, ETA:    46s[>>>>>>>>>>>>               ] 3562/7824, 92.7 task/s, elapsed: 38s, ETA:    46s[>>>>>>>>>>>>               ] 3563/7824, 92.7 task/s, elapsed: 38s, ETA:    46s[>>>>>>>>>>>>               ] 3564/7824, 92.8 task/s, elapsed: 38s, ETA:    46s[>>>>>>>>>>>>               ] 3565/7824, 92.8 task/s, elapsed: 38s, ETA:    46s[>>>>>>>>>>>>               ] 3566/7824, 92.8 task/s, elapsed: 38s, ETA:    46s[>>>>>>>>>>>>               ] 3567/7824, 92.8 task/s, elapsed: 38s, ETA:    46s[>>>>>>>>>>>>               ] 3568/7824, 92.8 task/s, elapsed: 38s, ETA:    46s[>>>>>>>>>>>>               ] 3569/7824, 92.8 task/s, elapsed: 38s, ETA:    46s[>>>>>>>>>>>>               ] 3570/7824, 92.8 task/s, elapsed: 38s, ETA:    46s[>>>>>>>>>>>>               ] 3571/7824, 92.8 task/s, elapsed: 38s, ETA:    46s[>>>>>>>>>>>>               ] 3572/7824, 92.8 task/s, elapsed: 38s, ETA:    46s[>>>>>>>>>>>>               ] 3573/7824, 92.8 task/s, elapsed: 39s, ETA:    46s[>>>>>>>>>>>>               ] 3574/7824, 92.8 task/s, elapsed: 39s, ETA:    46s[>>>>>>>>>>>>               ] 3575/7824, 92.8 task/s, elapsed: 39s, ETA:    46s[>>>>>>>>>>>>               ] 3576/7824, 92.8 task/s, elapsed: 39s, ETA:    46s[>>>>>>>>>>>>               ] 3577/7824, 92.8 task/s, elapsed: 39s, ETA:    46s[>>>>>>>>>>>>               ] 3578/7824, 92.8 task/s, elapsed: 39s, ETA:    46s[>>>>>>>>>>>>               ] 3579/7824, 92.8 task/s, elapsed: 39s, ETA:    46s[>>>>>>>>>>>>               ] 3580/7824, 92.8 task/s, elapsed: 39s, ETA:    46s[>>>>>>>>>>>>               ] 3581/7824, 92.8 task/s, elapsed: 39s, ETA:    46s[>>>>>>>>>>>>               ] 3582/7824, 92.8 task/s, elapsed: 39s, ETA:    46s[>>>>>>>>>>>>               ] 3583/7824, 92.8 task/s, elapsed: 39s, ETA:    46s[>>>>>>>>>>>>               ] 3584/7824, 92.8 task/s, elapsed: 39s, ETA:    46s[>>>>>>>>>>>>               ] 3585/7824, 92.8 task/s, elapsed: 39s, ETA:    46s[>>>>>>>>>>>>               ] 3586/7824, 92.8 task/s, elapsed: 39s, ETA:    46s[>>>>>>>>>>>>               ] 3587/7824, 92.9 task/s, elapsed: 39s, ETA:    46s[>>>>>>>>>>>>               ] 3588/7824, 92.9 task/s, elapsed: 39s, ETA:    46s[>>>>>>>>>>>>               ] 3589/7824, 92.9 task/s, elapsed: 39s, ETA:    46s[>>>>>>>>>>>>               ] 3590/7824, 92.9 task/s, elapsed: 39s, ETA:    46s[>>>>>>>>>>>>               ] 3591/7824, 92.9 task/s, elapsed: 39s, ETA:    46s[>>>>>>>>>>>>               ] 3592/7824, 92.9 task/s, elapsed: 39s, ETA:    46s[>>>>>>>>>>>>               ] 3593/7824, 92.9 task/s, elapsed: 39s, ETA:    46s[>>>>>>>>>>>>               ] 3594/7824, 92.9 task/s, elapsed: 39s, ETA:    46s[>>>>>>>>>>>>               ] 3595/7824, 92.9 task/s, elapsed: 39s, ETA:    46s[>>>>>>>>>>>>               ] 3596/7824, 92.9 task/s, elapsed: 39s, ETA:    46s[>>>>>>>>>>>>               ] 3597/7824, 92.9 task/s, elapsed: 39s, ETA:    46s[>>>>>>>>>>>>               ] 3598/7824, 92.9 task/s, elapsed: 39s, ETA:    45s[>>>>>>>>>>>>               ] 3599/7824, 92.9 task/s, elapsed: 39s, ETA:    45s[>>>>>>>>>>>>               ] 3600/7824, 92.9 task/s, elapsed: 39s, ETA:    45s[>>>>>>>>>>>>               ] 3601/7824, 92.9 task/s, elapsed: 39s, ETA:    45s[>>>>>>>>>>>>               ] 3602/7824, 92.9 task/s, elapsed: 39s, ETA:    45s[>>>>>>>>>>>>               ] 3603/7824, 92.9 task/s, elapsed: 39s, ETA:    45s[>>>>>>>>>>>>               ] 3604/7824, 92.9 task/s, elapsed: 39s, ETA:    45s[>>>>>>>>>>>>               ] 3605/7824, 92.9 task/s, elapsed: 39s, ETA:    45s[>>>>>>>>>>>>               ] 3606/7824, 92.9 task/s, elapsed: 39s, ETA:    45s[>>>>>>>>>>>>               ] 3607/7824, 92.9 task/s, elapsed: 39s, ETA:    45s[>>>>>>>>>>>>               ] 3608/7824, 92.9 task/s, elapsed: 39s, ETA:    45s[>>>>>>>>>>>>               ] 3609/7824, 93.0 task/s, elapsed: 39s, ETA:    45s[>>>>>>>>>>>>               ] 3610/7824, 93.0 task/s, elapsed: 39s, ETA:    45s[>>>>>>>>>>>>               ] 3611/7824, 93.0 task/s, elapsed: 39s, ETA:    45s[>>>>>>>>>>>>               ] 3612/7824, 93.0 task/s, elapsed: 39s, ETA:    45s[>>>>>>>>>>>>               ] 3613/7824, 93.0 task/s, elapsed: 39s, ETA:    45s[>>>>>>>>>>>>               ] 3614/7824, 93.0 task/s, elapsed: 39s, ETA:    45s[>>>>>>>>>>>>               ] 3615/7824, 93.0 task/s, elapsed: 39s, ETA:    45s[>>>>>>>>>>>>               ] 3616/7824, 93.0 task/s, elapsed: 39s, ETA:    45s[>>>>>>>>>>>>               ] 3617/7824, 93.0 task/s, elapsed: 39s, ETA:    45s[>>>>>>>>>>>>               ] 3618/7824, 93.0 task/s, elapsed: 39s, ETA:    45s[>>>>>>>>>>>>               ] 3619/7824, 93.0 task/s, elapsed: 39s, ETA:    45s[>>>>>>>>>>>>               ] 3620/7824, 93.0 task/s, elapsed: 39s, ETA:    45s[>>>>>>>>>>>>               ] 3621/7824, 93.0 task/s, elapsed: 39s, ETA:    45s[>>>>>>>>>>>>               ] 3622/7824, 93.0 task/s, elapsed: 39s, ETA:    45s[>>>>>>>>>>>>               ] 3623/7824, 93.0 task/s, elapsed: 39s, ETA:    45s[>>>>>>>>>>>>               ] 3624/7824, 93.0 task/s, elapsed: 39s, ETA:    45s[>>>>>>>>>>>>               ] 3625/7824, 93.0 task/s, elapsed: 39s, ETA:    45s[>>>>>>>>>>>>               ] 3626/7824, 93.0 task/s, elapsed: 39s, ETA:    45s[>>>>>>>>>>>>               ] 3627/7824, 93.0 task/s, elapsed: 39s, ETA:    45s[>>>>>>>>>>>>               ] 3628/7824, 93.0 task/s, elapsed: 39s, ETA:    45s[>>>>>>>>>>>>               ] 3629/7824, 93.0 task/s, elapsed: 39s, ETA:    45s[>>>>>>>>>>>>               ] 3630/7824, 93.0 task/s, elapsed: 39s, ETA:    45s[>>>>>>>>>>>>               ] 3631/7824, 93.1 task/s, elapsed: 39s, ETA:    45s[>>>>>>>>>>>>               ] 3632/7824, 93.1 task/s, elapsed: 39s, ETA:    45s[>>>>>>>>>>>>               ] 3633/7824, 93.1 task/s, elapsed: 39s, ETA:    45s[>>>>>>>>>>>>               ] 3634/7824, 93.1 task/s, elapsed: 39s, ETA:    45s[>>>>>>>>>>>>               ] 3635/7824, 93.1 task/s, elapsed: 39s, ETA:    45s[>>>>>>>>>>>>               ] 3636/7824, 93.1 task/s, elapsed: 39s, ETA:    45s[>>>>>>>>>>>>               ] 3637/7824, 93.1 task/s, elapsed: 39s, ETA:    45s[>>>>>>>>>>>>               ] 3638/7824, 93.1 task/s, elapsed: 39s, ETA:    45s[>>>>>>>>>>>>               ] 3639/7824, 93.1 task/s, elapsed: 39s, ETA:    45s[>>>>>>>>>>>>               ] 3640/7824, 93.1 task/s, elapsed: 39s, ETA:    45s[>>>>>>>>>>>>               ] 3641/7824, 93.1 task/s, elapsed: 39s, ETA:    45s[>>>>>>>>>>>>               ] 3642/7824, 93.1 task/s, elapsed: 39s, ETA:    45s[>>>>>>>>>>>>               ] 3643/7824, 93.1 task/s, elapsed: 39s, ETA:    45s[>>>>>>>>>>>>               ] 3644/7824, 93.1 task/s, elapsed: 39s, ETA:    45s[>>>>>>>>>>>>               ] 3645/7824, 93.1 task/s, elapsed: 39s, ETA:    45s[>>>>>>>>>>>>               ] 3646/7824, 93.1 task/s, elapsed: 39s, ETA:    45s[>>>>>>>>>>>>               ] 3647/7824, 93.1 task/s, elapsed: 39s, ETA:    45s[>>>>>>>>>>>>               ] 3648/7824, 93.1 task/s, elapsed: 39s, ETA:    45s[>>>>>>>>>>>>               ] 3649/7824, 93.1 task/s, elapsed: 39s, ETA:    45s[>>>>>>>>>>>>               ] 3650/7824, 93.1 task/s, elapsed: 39s, ETA:    45s[>>>>>>>>>>>>               ] 3651/7824, 93.1 task/s, elapsed: 39s, ETA:    45s[>>>>>>>>>>>>               ] 3652/7824, 93.1 task/s, elapsed: 39s, ETA:    45s[>>>>>>>>>>>>               ] 3653/7824, 93.2 task/s, elapsed: 39s, ETA:    45s[>>>>>>>>>>>>               ] 3654/7824, 93.2 task/s, elapsed: 39s, ETA:    45s[>>>>>>>>>>>>               ] 3655/7824, 93.2 task/s, elapsed: 39s, ETA:    45s[>>>>>>>>>>>>               ] 3656/7824, 93.2 task/s, elapsed: 39s, ETA:    45s[>>>>>>>>>>>>               ] 3657/7824, 93.2 task/s, elapsed: 39s, ETA:    45s[>>>>>>>>>>>>               ] 3658/7824, 93.2 task/s, elapsed: 39s, ETA:    45s[>>>>>>>>>>>>               ] 3659/7824, 93.2 task/s, elapsed: 39s, ETA:    45s[>>>>>>>>>>>>               ] 3660/7824, 93.2 task/s, elapsed: 39s, ETA:    45s[>>>>>>>>>>>>               ] 3661/7824, 93.1 task/s, elapsed: 39s, ETA:    45s[>>>>>>>>>>>>               ] 3662/7824, 93.1 task/s, elapsed: 39s, ETA:    45s[>>>>>>>>>>>>               ] 3663/7824, 93.1 task/s, elapsed: 39s, ETA:    45s[>>>>>>>>>>>>               ] 3664/7824, 93.1 task/s, elapsed: 39s, ETA:    45s[>>>>>>>>>>>>               ] 3665/7824, 93.1 task/s, elapsed: 39s, ETA:    45s[>>>>>>>>>>>>               ] 3666/7824, 93.1 task/s, elapsed: 39s, ETA:    45s[>>>>>>>>>>>>               ] 3667/7824, 93.1 task/s, elapsed: 39s, ETA:    45s[>>>>>>>>>>>>               ] 3668/7824, 93.1 task/s, elapsed: 39s, ETA:    45s[>>>>>>>>>>>>               ] 3669/7824, 93.1 task/s, elapsed: 39s, ETA:    45s[>>>>>>>>>>>>               ] 3670/7824, 93.1 task/s, elapsed: 39s, ETA:    45s[>>>>>>>>>>>>               ] 3671/7824, 93.1 task/s, elapsed: 39s, ETA:    45s[>>>>>>>>>>>>               ] 3672/7824, 93.1 task/s, elapsed: 39s, ETA:    45s[>>>>>>>>>>>>               ] 3673/7824, 93.1 task/s, elapsed: 39s, ETA:    45s[>>>>>>>>>>>>               ] 3674/7824, 93.1 task/s, elapsed: 39s, ETA:    45s[>>>>>>>>>>>>               ] 3675/7824, 93.1 task/s, elapsed: 39s, ETA:    45s[>>>>>>>>>>>>               ] 3676/7824, 93.1 task/s, elapsed: 40s, ETA:    45s[>>>>>>>>>>>>               ] 3677/7824, 93.1 task/s, elapsed: 40s, ETA:    45s[>>>>>>>>>>>>               ] 3678/7824, 93.0 task/s, elapsed: 40s, ETA:    45s[>>>>>>>>>>>>               ] 3679/7824, 93.0 task/s, elapsed: 40s, ETA:    45s[>>>>>>>>>>>>               ] 3680/7824, 93.0 task/s, elapsed: 40s, ETA:    45s[>>>>>>>>>>>>               ] 3681/7824, 93.0 task/s, elapsed: 40s, ETA:    45s[>>>>>>>>>>>>               ] 3682/7824, 93.0 task/s, elapsed: 40s, ETA:    45s[>>>>>>>>>>>>               ] 3683/7824, 93.0 task/s, elapsed: 40s, ETA:    45s[>>>>>>>>>>>>               ] 3684/7824, 93.0 task/s, elapsed: 40s, ETA:    45s[>>>>>>>>>>>>               ] 3685/7824, 93.0 task/s, elapsed: 40s, ETA:    44s[>>>>>>>>>>>>               ] 3686/7824, 93.0 task/s, elapsed: 40s, ETA:    44s[>>>>>>>>>>>>               ] 3687/7824, 93.0 task/s, elapsed: 40s, ETA:    44s[>>>>>>>>>>>>               ] 3688/7824, 93.0 task/s, elapsed: 40s, ETA:    44s[>>>>>>>>>>>>               ] 3689/7824, 93.0 task/s, elapsed: 40s, ETA:    44s[>>>>>>>>>>>>               ] 3690/7824, 93.0 task/s, elapsed: 40s, ETA:    44s[>>>>>>>>>>>>               ] 3691/7824, 93.0 task/s, elapsed: 40s, ETA:    44s[>>>>>>>>>>>>               ] 3692/7824, 93.0 task/s, elapsed: 40s, ETA:    44s[>>>>>>>>>>>>               ] 3693/7824, 93.0 task/s, elapsed: 40s, ETA:    44s[>>>>>>>>>>>>               ] 3694/7824, 93.0 task/s, elapsed: 40s, ETA:    44s[>>>>>>>>>>>>               ] 3695/7824, 93.0 task/s, elapsed: 40s, ETA:    44s[>>>>>>>>>>>>               ] 3696/7824, 93.0 task/s, elapsed: 40s, ETA:    44s[>>>>>>>>>>>>               ] 3697/7824, 92.9 task/s, elapsed: 40s, ETA:    44s[>>>>>>>>>>>>               ] 3698/7824, 92.9 task/s, elapsed: 40s, ETA:    44s[>>>>>>>>>>>>               ] 3699/7824, 92.9 task/s, elapsed: 40s, ETA:    44s[>>>>>>>>>>>>               ] 3700/7824, 92.9 task/s, elapsed: 40s, ETA:    44s[>>>>>>>>>>>>               ] 3701/7824, 92.9 task/s, elapsed: 40s, ETA:    44s[>>>>>>>>>>>>               ] 3702/7824, 92.9 task/s, elapsed: 40s, ETA:    44s[>>>>>>>>>>>>               ] 3703/7824, 92.9 task/s, elapsed: 40s, ETA:    44s[>>>>>>>>>>>>               ] 3704/7824, 92.9 task/s, elapsed: 40s, ETA:    44s[>>>>>>>>>>>>               ] 3705/7824, 92.9 task/s, elapsed: 40s, ETA:    44s[>>>>>>>>>>>>               ] 3706/7824, 92.9 task/s, elapsed: 40s, ETA:    44s[>>>>>>>>>>>>               ] 3707/7824, 92.9 task/s, elapsed: 40s, ETA:    44s[>>>>>>>>>>>>               ] 3708/7824, 92.9 task/s, elapsed: 40s, ETA:    44s[>>>>>>>>>>>>               ] 3709/7824, 92.9 task/s, elapsed: 40s, ETA:    44s[>>>>>>>>>>>>               ] 3710/7824, 92.9 task/s, elapsed: 40s, ETA:    44s[>>>>>>>>>>>>               ] 3711/7824, 92.9 task/s, elapsed: 40s, ETA:    44s[>>>>>>>>>>>>               ] 3712/7824, 92.9 task/s, elapsed: 40s, ETA:    44s[>>>>>>>>>>>>               ] 3713/7824, 92.9 task/s, elapsed: 40s, ETA:    44s[>>>>>>>>>>>>               ] 3714/7824, 92.9 task/s, elapsed: 40s, ETA:    44s[>>>>>>>>>>>>               ] 3715/7824, 92.9 task/s, elapsed: 40s, ETA:    44s[>>>>>>>>>>>>               ] 3716/7824, 92.8 task/s, elapsed: 40s, ETA:    44s[>>>>>>>>>>>>               ] 3717/7824, 92.8 task/s, elapsed: 40s, ETA:    44s[>>>>>>>>>>>>               ] 3718/7824, 92.8 task/s, elapsed: 40s, ETA:    44s[>>>>>>>>>>>>               ] 3719/7824, 92.8 task/s, elapsed: 40s, ETA:    44s[>>>>>>>>>>>>               ] 3720/7824, 92.8 task/s, elapsed: 40s, ETA:    44s[>>>>>>>>>>>>               ] 3721/7824, 92.8 task/s, elapsed: 40s, ETA:    44s[>>>>>>>>>>>>               ] 3722/7824, 92.8 task/s, elapsed: 40s, ETA:    44s[>>>>>>>>>>>>               ] 3723/7824, 92.8 task/s, elapsed: 40s, ETA:    44s[>>>>>>>>>>>>               ] 3724/7824, 92.8 task/s, elapsed: 40s, ETA:    44s[>>>>>>>>>>>>               ] 3725/7824, 92.8 task/s, elapsed: 40s, ETA:    44s[>>>>>>>>>>>>               ] 3726/7824, 92.8 task/s, elapsed: 40s, ETA:    44s[>>>>>>>>>>>>               ] 3727/7824, 92.8 task/s, elapsed: 40s, ETA:    44s[>>>>>>>>>>>>               ] 3728/7824, 92.8 task/s, elapsed: 40s, ETA:    44s[>>>>>>>>>>>>               ] 3729/7824, 92.8 task/s, elapsed: 40s, ETA:    44s[>>>>>>>>>>>>               ] 3730/7824, 92.8 task/s, elapsed: 40s, ETA:    44s[>>>>>>>>>>>>               ] 3731/7824, 92.8 task/s, elapsed: 40s, ETA:    44s[>>>>>>>>>>>>               ] 3732/7824, 92.8 task/s, elapsed: 40s, ETA:    44s[>>>>>>>>>>>>               ] 3733/7824, 92.8 task/s, elapsed: 40s, ETA:    44s[>>>>>>>>>>>>               ] 3734/7824, 92.8 task/s, elapsed: 40s, ETA:    44s[>>>>>>>>>>>>               ] 3735/7824, 92.8 task/s, elapsed: 40s, ETA:    44s[>>>>>>>>>>>>               ] 3736/7824, 92.7 task/s, elapsed: 40s, ETA:    44s[>>>>>>>>>>>>               ] 3737/7824, 92.7 task/s, elapsed: 40s, ETA:    44s[>>>>>>>>>>>>               ] 3738/7824, 92.7 task/s, elapsed: 40s, ETA:    44s[>>>>>>>>>>>>               ] 3739/7824, 92.7 task/s, elapsed: 40s, ETA:    44s[>>>>>>>>>>>>               ] 3740/7824, 92.7 task/s, elapsed: 40s, ETA:    44s[>>>>>>>>>>>>               ] 3741/7824, 92.7 task/s, elapsed: 40s, ETA:    44s[>>>>>>>>>>>>               ] 3742/7824, 92.7 task/s, elapsed: 40s, ETA:    44s[>>>>>>>>>>>>               ] 3743/7824, 92.7 task/s, elapsed: 40s, ETA:    44s[>>>>>>>>>>>>               ] 3744/7824, 92.7 task/s, elapsed: 40s, ETA:    44s[>>>>>>>>>>>>               ] 3745/7824, 92.7 task/s, elapsed: 40s, ETA:    44s[>>>>>>>>>>>>               ] 3746/7824, 92.7 task/s, elapsed: 40s, ETA:    44s[>>>>>>>>>>>>               ] 3747/7824, 92.7 task/s, elapsed: 40s, ETA:    44s[>>>>>>>>>>>>               ] 3748/7824, 92.7 task/s, elapsed: 40s, ETA:    44s[>>>>>>>>>>>>               ] 3749/7824, 92.7 task/s, elapsed: 40s, ETA:    44s[>>>>>>>>>>>>               ] 3750/7824, 92.7 task/s, elapsed: 40s, ETA:    44s[>>>>>>>>>>>>               ] 3751/7824, 92.7 task/s, elapsed: 40s, ETA:    44s[>>>>>>>>>>>>               ] 3752/7824, 92.8 task/s, elapsed: 40s, ETA:    44s[>>>>>>>>>>>>               ] 3753/7824, 92.8 task/s, elapsed: 40s, ETA:    44s[>>>>>>>>>>>>               ] 3754/7824, 92.8 task/s, elapsed: 40s, ETA:    44s[>>>>>>>>>>>>               ] 3755/7824, 92.8 task/s, elapsed: 40s, ETA:    44s[>>>>>>>>>>>>               ] 3756/7824, 92.8 task/s, elapsed: 40s, ETA:    44s[>>>>>>>>>>>>               ] 3757/7824, 92.8 task/s, elapsed: 40s, ETA:    44s[>>>>>>>>>>>>               ] 3758/7824, 92.8 task/s, elapsed: 41s, ETA:    44s[>>>>>>>>>>>>               ] 3759/7824, 92.8 task/s, elapsed: 41s, ETA:    44s[>>>>>>>>>>>>               ] 3760/7824, 92.8 task/s, elapsed: 41s, ETA:    44s[>>>>>>>>>>>>               ] 3761/7824, 92.8 task/s, elapsed: 41s, ETA:    44s[>>>>>>>>>>>>               ] 3762/7824, 92.8 task/s, elapsed: 41s, ETA:    44s[>>>>>>>>>>>>               ] 3763/7824, 92.8 task/s, elapsed: 41s, ETA:    44s[>>>>>>>>>>>>               ] 3764/7824, 92.8 task/s, elapsed: 41s, ETA:    44s[>>>>>>>>>>>>               ] 3765/7824, 92.8 task/s, elapsed: 41s, ETA:    44s[>>>>>>>>>>>>               ] 3766/7824, 92.8 task/s, elapsed: 41s, ETA:    44s[>>>>>>>>>>>>               ] 3767/7824, 92.8 task/s, elapsed: 41s, ETA:    44s[>>>>>>>>>>>>>              ] 3768/7824, 92.8 task/s, elapsed: 41s, ETA:    44s[>>>>>>>>>>>>>              ] 3769/7824, 92.8 task/s, elapsed: 41s, ETA:    44s[>>>>>>>>>>>>>              ] 3770/7824, 92.8 task/s, elapsed: 41s, ETA:    44s[>>>>>>>>>>>>>              ] 3771/7824, 92.8 task/s, elapsed: 41s, ETA:    44s[>>>>>>>>>>>>>              ] 3772/7824, 92.8 task/s, elapsed: 41s, ETA:    44s[>>>>>>>>>>>>>              ] 3773/7824, 92.8 task/s, elapsed: 41s, ETA:    44s[>>>>>>>>>>>>>              ] 3774/7824, 92.8 task/s, elapsed: 41s, ETA:    44s[>>>>>>>>>>>>>              ] 3775/7824, 92.9 task/s, elapsed: 41s, ETA:    44s[>>>>>>>>>>>>>              ] 3776/7824, 92.9 task/s, elapsed: 41s, ETA:    44s[>>>>>>>>>>>>>              ] 3777/7824, 92.9 task/s, elapsed: 41s, ETA:    44s[>>>>>>>>>>>>>              ] 3778/7824, 92.9 task/s, elapsed: 41s, ETA:    44s[>>>>>>>>>>>>>              ] 3779/7824, 92.9 task/s, elapsed: 41s, ETA:    44s[>>>>>>>>>>>>>              ] 3780/7824, 92.9 task/s, elapsed: 41s, ETA:    44s[>>>>>>>>>>>>>              ] 3781/7824, 92.9 task/s, elapsed: 41s, ETA:    44s[>>>>>>>>>>>>>              ] 3782/7824, 92.9 task/s, elapsed: 41s, ETA:    44s[>>>>>>>>>>>>>              ] 3783/7824, 92.9 task/s, elapsed: 41s, ETA:    44s[>>>>>>>>>>>>>              ] 3784/7824, 92.9 task/s, elapsed: 41s, ETA:    43s[>>>>>>>>>>>>>              ] 3785/7824, 92.9 task/s, elapsed: 41s, ETA:    43s[>>>>>>>>>>>>>              ] 3786/7824, 92.9 task/s, elapsed: 41s, ETA:    43s[>>>>>>>>>>>>>              ] 3787/7824, 92.9 task/s, elapsed: 41s, ETA:    43s[>>>>>>>>>>>>>              ] 3788/7824, 92.9 task/s, elapsed: 41s, ETA:    43s[>>>>>>>>>>>>>              ] 3789/7824, 92.9 task/s, elapsed: 41s, ETA:    43s[>>>>>>>>>>>>>              ] 3790/7824, 92.9 task/s, elapsed: 41s, ETA:    43s[>>>>>>>>>>>>>              ] 3791/7824, 92.9 task/s, elapsed: 41s, ETA:    43s[>>>>>>>>>>>>>              ] 3792/7824, 92.9 task/s, elapsed: 41s, ETA:    43s[>>>>>>>>>>>>>              ] 3793/7824, 92.9 task/s, elapsed: 41s, ETA:    43s[>>>>>>>>>>>>>              ] 3794/7824, 92.9 task/s, elapsed: 41s, ETA:    43s[>>>>>>>>>>>>>              ] 3795/7824, 92.9 task/s, elapsed: 41s, ETA:    43s[>>>>>>>>>>>>>              ] 3796/7824, 92.9 task/s, elapsed: 41s, ETA:    43s[>>>>>>>>>>>>>              ] 3797/7824, 93.0 task/s, elapsed: 41s, ETA:    43s[>>>>>>>>>>>>>              ] 3798/7824, 93.0 task/s, elapsed: 41s, ETA:    43s[>>>>>>>>>>>>>              ] 3799/7824, 93.0 task/s, elapsed: 41s, ETA:    43s[>>>>>>>>>>>>>              ] 3800/7824, 93.0 task/s, elapsed: 41s, ETA:    43s[>>>>>>>>>>>>>              ] 3801/7824, 93.0 task/s, elapsed: 41s, ETA:    43s[>>>>>>>>>>>>>              ] 3802/7824, 93.0 task/s, elapsed: 41s, ETA:    43s[>>>>>>>>>>>>>              ] 3803/7824, 93.0 task/s, elapsed: 41s, ETA:    43s[>>>>>>>>>>>>>              ] 3804/7824, 93.0 task/s, elapsed: 41s, ETA:    43s[>>>>>>>>>>>>>              ] 3805/7824, 93.0 task/s, elapsed: 41s, ETA:    43s[>>>>>>>>>>>>>              ] 3806/7824, 93.0 task/s, elapsed: 41s, ETA:    43s[>>>>>>>>>>>>>              ] 3807/7824, 93.0 task/s, elapsed: 41s, ETA:    43s[>>>>>>>>>>>>>              ] 3808/7824, 93.0 task/s, elapsed: 41s, ETA:    43s[>>>>>>>>>>>>>              ] 3809/7824, 93.0 task/s, elapsed: 41s, ETA:    43s[>>>>>>>>>>>>>              ] 3810/7824, 93.0 task/s, elapsed: 41s, ETA:    43s[>>>>>>>>>>>>>              ] 3811/7824, 93.0 task/s, elapsed: 41s, ETA:    43s[>>>>>>>>>>>>>              ] 3812/7824, 93.0 task/s, elapsed: 41s, ETA:    43s[>>>>>>>>>>>>>              ] 3813/7824, 93.0 task/s, elapsed: 41s, ETA:    43s[>>>>>>>>>>>>>              ] 3814/7824, 93.0 task/s, elapsed: 41s, ETA:    43s[>>>>>>>>>>>>>              ] 3815/7824, 93.0 task/s, elapsed: 41s, ETA:    43s[>>>>>>>>>>>>>              ] 3816/7824, 93.0 task/s, elapsed: 41s, ETA:    43s[>>>>>>>>>>>>>              ] 3817/7824, 93.0 task/s, elapsed: 41s, ETA:    43s[>>>>>>>>>>>>>              ] 3818/7824, 93.0 task/s, elapsed: 41s, ETA:    43s[>>>>>>>>>>>>>              ] 3819/7824, 93.0 task/s, elapsed: 41s, ETA:    43s[>>>>>>>>>>>>>              ] 3820/7824, 93.1 task/s, elapsed: 41s, ETA:    43s[>>>>>>>>>>>>>              ] 3821/7824, 93.1 task/s, elapsed: 41s, ETA:    43s[>>>>>>>>>>>>>              ] 3822/7824, 93.1 task/s, elapsed: 41s, ETA:    43s[>>>>>>>>>>>>>              ] 3823/7824, 93.1 task/s, elapsed: 41s, ETA:    43s[>>>>>>>>>>>>>              ] 3824/7824, 93.1 task/s, elapsed: 41s, ETA:    43s[>>>>>>>>>>>>>              ] 3825/7824, 93.1 task/s, elapsed: 41s, ETA:    43s[>>>>>>>>>>>>>              ] 3826/7824, 93.1 task/s, elapsed: 41s, ETA:    43s[>>>>>>>>>>>>>              ] 3827/7824, 93.1 task/s, elapsed: 41s, ETA:    43s[>>>>>>>>>>>>>              ] 3828/7824, 93.1 task/s, elapsed: 41s, ETA:    43s[>>>>>>>>>>>>>              ] 3829/7824, 93.1 task/s, elapsed: 41s, ETA:    43s[>>>>>>>>>>>>>              ] 3830/7824, 93.1 task/s, elapsed: 41s, ETA:    43s[>>>>>>>>>>>>>              ] 3831/7824, 93.1 task/s, elapsed: 41s, ETA:    43s[>>>>>>>>>>>>>              ] 3832/7824, 93.1 task/s, elapsed: 41s, ETA:    43s[>>>>>>>>>>>>>              ] 3833/7824, 93.1 task/s, elapsed: 41s, ETA:    43s[>>>>>>>>>>>>>              ] 3834/7824, 93.1 task/s, elapsed: 41s, ETA:    43s[>>>>>>>>>>>>>              ] 3835/7824, 93.1 task/s, elapsed: 41s, ETA:    43s[>>>>>>>>>>>>>              ] 3836/7824, 93.1 task/s, elapsed: 41s, ETA:    43s[>>>>>>>>>>>>>              ] 3837/7824, 93.1 task/s, elapsed: 41s, ETA:    43s[>>>>>>>>>>>>>              ] 3838/7824, 93.1 task/s, elapsed: 41s, ETA:    43s[>>>>>>>>>>>>>              ] 3839/7824, 93.1 task/s, elapsed: 41s, ETA:    43s[>>>>>>>>>>>>>              ] 3840/7824, 93.1 task/s, elapsed: 41s, ETA:    43s[>>>>>>>>>>>>>              ] 3841/7824, 93.1 task/s, elapsed: 41s, ETA:    43s[>>>>>>>>>>>>>              ] 3842/7824, 93.2 task/s, elapsed: 41s, ETA:    43s[>>>>>>>>>>>>>              ] 3843/7824, 93.2 task/s, elapsed: 41s, ETA:    43s[>>>>>>>>>>>>>              ] 3844/7824, 93.2 task/s, elapsed: 41s, ETA:    43s[>>>>>>>>>>>>>              ] 3845/7824, 93.2 task/s, elapsed: 41s, ETA:    43s[>>>>>>>>>>>>>              ] 3846/7824, 93.2 task/s, elapsed: 41s, ETA:    43s[>>>>>>>>>>>>>              ] 3847/7824, 93.2 task/s, elapsed: 41s, ETA:    43s[>>>>>>>>>>>>>              ] 3848/7824, 93.2 task/s, elapsed: 41s, ETA:    43s[>>>>>>>>>>>>>              ] 3849/7824, 93.2 task/s, elapsed: 41s, ETA:    43s[>>>>>>>>>>>>>              ] 3850/7824, 93.2 task/s, elapsed: 41s, ETA:    43s[>>>>>>>>>>>>>              ] 3851/7824, 93.2 task/s, elapsed: 41s, ETA:    43s[>>>>>>>>>>>>>              ] 3852/7824, 93.2 task/s, elapsed: 41s, ETA:    43s[>>>>>>>>>>>>>              ] 3853/7824, 93.2 task/s, elapsed: 41s, ETA:    43s[>>>>>>>>>>>>>              ] 3854/7824, 93.2 task/s, elapsed: 41s, ETA:    43s[>>>>>>>>>>>>>              ] 3855/7824, 93.2 task/s, elapsed: 41s, ETA:    43s[>>>>>>>>>>>>>              ] 3856/7824, 93.2 task/s, elapsed: 41s, ETA:    43s[>>>>>>>>>>>>>              ] 3857/7824, 93.2 task/s, elapsed: 41s, ETA:    43s[>>>>>>>>>>>>>              ] 3858/7824, 93.2 task/s, elapsed: 41s, ETA:    43s[>>>>>>>>>>>>>              ] 3859/7824, 93.2 task/s, elapsed: 41s, ETA:    43s[>>>>>>>>>>>>>              ] 3860/7824, 93.2 task/s, elapsed: 41s, ETA:    43s[>>>>>>>>>>>>>              ] 3861/7824, 93.2 task/s, elapsed: 41s, ETA:    43s[>>>>>>>>>>>>>              ] 3862/7824, 93.2 task/s, elapsed: 41s, ETA:    42s[>>>>>>>>>>>>>              ] 3863/7824, 93.2 task/s, elapsed: 41s, ETA:    42s[>>>>>>>>>>>>>              ] 3864/7824, 93.2 task/s, elapsed: 41s, ETA:    42s[>>>>>>>>>>>>>              ] 3865/7824, 93.3 task/s, elapsed: 41s, ETA:    42s[>>>>>>>>>>>>>              ] 3866/7824, 93.3 task/s, elapsed: 41s, ETA:    42s[>>>>>>>>>>>>>              ] 3867/7824, 93.3 task/s, elapsed: 41s, ETA:    42s[>>>>>>>>>>>>>              ] 3868/7824, 93.3 task/s, elapsed: 41s, ETA:    42s[>>>>>>>>>>>>>              ] 3869/7824, 93.3 task/s, elapsed: 41s, ETA:    42s[>>>>>>>>>>>>>              ] 3870/7824, 93.3 task/s, elapsed: 41s, ETA:    42s[>>>>>>>>>>>>>              ] 3871/7824, 93.3 task/s, elapsed: 41s, ETA:    42s[>>>>>>>>>>>>>              ] 3872/7824, 93.3 task/s, elapsed: 42s, ETA:    42s[>>>>>>>>>>>>>              ] 3873/7824, 93.3 task/s, elapsed: 42s, ETA:    42s[>>>>>>>>>>>>>              ] 3874/7824, 93.3 task/s, elapsed: 42s, ETA:    42s[>>>>>>>>>>>>>              ] 3875/7824, 93.3 task/s, elapsed: 42s, ETA:    42s[>>>>>>>>>>>>>              ] 3876/7824, 93.3 task/s, elapsed: 42s, ETA:    42s[>>>>>>>>>>>>>              ] 3877/7824, 93.3 task/s, elapsed: 42s, ETA:    42s[>>>>>>>>>>>>>              ] 3878/7824, 93.3 task/s, elapsed: 42s, ETA:    42s[>>>>>>>>>>>>>              ] 3879/7824, 93.3 task/s, elapsed: 42s, ETA:    42s[>>>>>>>>>>>>>              ] 3880/7824, 93.3 task/s, elapsed: 42s, ETA:    42s[>>>>>>>>>>>>>              ] 3881/7824, 93.3 task/s, elapsed: 42s, ETA:    42s[>>>>>>>>>>>>>              ] 3882/7824, 93.3 task/s, elapsed: 42s, ETA:    42s[>>>>>>>>>>>>>              ] 3883/7824, 93.3 task/s, elapsed: 42s, ETA:    42s[>>>>>>>>>>>>>              ] 3884/7824, 93.3 task/s, elapsed: 42s, ETA:    42s[>>>>>>>>>>>>>              ] 3885/7824, 93.3 task/s, elapsed: 42s, ETA:    42s[>>>>>>>>>>>>>              ] 3886/7824, 93.3 task/s, elapsed: 42s, ETA:    42s[>>>>>>>>>>>>>              ] 3887/7824, 93.3 task/s, elapsed: 42s, ETA:    42s[>>>>>>>>>>>>>              ] 3888/7824, 93.3 task/s, elapsed: 42s, ETA:    42s[>>>>>>>>>>>>>              ] 3889/7824, 93.4 task/s, elapsed: 42s, ETA:    42s[>>>>>>>>>>>>>              ] 3890/7824, 93.4 task/s, elapsed: 42s, ETA:    42s[>>>>>>>>>>>>>              ] 3891/7824, 93.4 task/s, elapsed: 42s, ETA:    42s[>>>>>>>>>>>>>              ] 3892/7824, 93.4 task/s, elapsed: 42s, ETA:    42s[>>>>>>>>>>>>>              ] 3893/7824, 93.4 task/s, elapsed: 42s, ETA:    42s[>>>>>>>>>>>>>              ] 3894/7824, 93.4 task/s, elapsed: 42s, ETA:    42s[>>>>>>>>>>>>>              ] 3895/7824, 93.4 task/s, elapsed: 42s, ETA:    42s[>>>>>>>>>>>>>              ] 3896/7824, 93.4 task/s, elapsed: 42s, ETA:    42s[>>>>>>>>>>>>>              ] 3897/7824, 93.4 task/s, elapsed: 42s, ETA:    42s[>>>>>>>>>>>>>              ] 3898/7824, 93.4 task/s, elapsed: 42s, ETA:    42s[>>>>>>>>>>>>>              ] 3899/7824, 93.4 task/s, elapsed: 42s, ETA:    42s[>>>>>>>>>>>>>              ] 3900/7824, 93.4 task/s, elapsed: 42s, ETA:    42s[>>>>>>>>>>>>>              ] 3901/7824, 93.4 task/s, elapsed: 42s, ETA:    42s[>>>>>>>>>>>>>              ] 3902/7824, 93.4 task/s, elapsed: 42s, ETA:    42s[>>>>>>>>>>>>>              ] 3903/7824, 93.4 task/s, elapsed: 42s, ETA:    42s[>>>>>>>>>>>>>              ] 3904/7824, 93.4 task/s, elapsed: 42s, ETA:    42s[>>>>>>>>>>>>>              ] 3905/7824, 93.4 task/s, elapsed: 42s, ETA:    42s[>>>>>>>>>>>>>              ] 3906/7824, 93.4 task/s, elapsed: 42s, ETA:    42s[>>>>>>>>>>>>>              ] 3907/7824, 93.4 task/s, elapsed: 42s, ETA:    42s[>>>>>>>>>>>>>              ] 3908/7824, 93.4 task/s, elapsed: 42s, ETA:    42s[>>>>>>>>>>>>>              ] 3909/7824, 93.4 task/s, elapsed: 42s, ETA:    42s[>>>>>>>>>>>>>              ] 3910/7824, 93.4 task/s, elapsed: 42s, ETA:    42s[>>>>>>>>>>>>>              ] 3911/7824, 93.4 task/s, elapsed: 42s, ETA:    42s[>>>>>>>>>>>>>              ] 3912/7824, 93.4 task/s, elapsed: 42s, ETA:    42s[>>>>>>>>>>>>>              ] 3913/7824, 93.5 task/s, elapsed: 42s, ETA:    42s[>>>>>>>>>>>>>              ] 3914/7824, 93.5 task/s, elapsed: 42s, ETA:    42s[>>>>>>>>>>>>>              ] 3915/7824, 93.5 task/s, elapsed: 42s, ETA:    42s[>>>>>>>>>>>>>              ] 3916/7824, 93.5 task/s, elapsed: 42s, ETA:    42s[>>>>>>>>>>>>>              ] 3917/7824, 93.5 task/s, elapsed: 42s, ETA:    42s[>>>>>>>>>>>>>              ] 3918/7824, 93.5 task/s, elapsed: 42s, ETA:    42s[>>>>>>>>>>>>>              ] 3919/7824, 93.5 task/s, elapsed: 42s, ETA:    42s[>>>>>>>>>>>>>              ] 3920/7824, 93.5 task/s, elapsed: 42s, ETA:    42s[>>>>>>>>>>>>>              ] 3921/7824, 93.5 task/s, elapsed: 42s, ETA:    42s[>>>>>>>>>>>>>              ] 3922/7824, 93.5 task/s, elapsed: 42s, ETA:    42s[>>>>>>>>>>>>>              ] 3923/7824, 93.5 task/s, elapsed: 42s, ETA:    42s[>>>>>>>>>>>>>              ] 3924/7824, 93.5 task/s, elapsed: 42s, ETA:    42s[>>>>>>>>>>>>>              ] 3925/7824, 93.5 task/s, elapsed: 42s, ETA:    42s[>>>>>>>>>>>>>              ] 3926/7824, 93.5 task/s, elapsed: 42s, ETA:    42s[>>>>>>>>>>>>>              ] 3927/7824, 93.5 task/s, elapsed: 42s, ETA:    42s[>>>>>>>>>>>>>              ] 3928/7824, 93.5 task/s, elapsed: 42s, ETA:    42s[>>>>>>>>>>>>>              ] 3929/7824, 93.5 task/s, elapsed: 42s, ETA:    42s[>>>>>>>>>>>>>              ] 3930/7824, 93.5 task/s, elapsed: 42s, ETA:    42s[>>>>>>>>>>>>>              ] 3931/7824, 93.5 task/s, elapsed: 42s, ETA:    42s[>>>>>>>>>>>>>              ] 3932/7824, 93.5 task/s, elapsed: 42s, ETA:    42s[>>>>>>>>>>>>>              ] 3933/7824, 93.5 task/s, elapsed: 42s, ETA:    42s[>>>>>>>>>>>>>              ] 3934/7824, 93.5 task/s, elapsed: 42s, ETA:    42s[>>>>>>>>>>>>>              ] 3935/7824, 93.5 task/s, elapsed: 42s, ETA:    42s[>>>>>>>>>>>>>              ] 3936/7824, 93.6 task/s, elapsed: 42s, ETA:    42s[>>>>>>>>>>>>>              ] 3937/7824, 93.6 task/s, elapsed: 42s, ETA:    42s[>>>>>>>>>>>>>              ] 3938/7824, 93.6 task/s, elapsed: 42s, ETA:    42s[>>>>>>>>>>>>>              ] 3939/7824, 93.6 task/s, elapsed: 42s, ETA:    42s[>>>>>>>>>>>>>              ] 3940/7824, 93.6 task/s, elapsed: 42s, ETA:    42s[>>>>>>>>>>>>>              ] 3941/7824, 93.6 task/s, elapsed: 42s, ETA:    41s[>>>>>>>>>>>>>              ] 3942/7824, 93.6 task/s, elapsed: 42s, ETA:    41s[>>>>>>>>>>>>>              ] 3943/7824, 93.6 task/s, elapsed: 42s, ETA:    41s[>>>>>>>>>>>>>              ] 3944/7824, 93.6 task/s, elapsed: 42s, ETA:    41s[>>>>>>>>>>>>>              ] 3945/7824, 93.6 task/s, elapsed: 42s, ETA:    41s[>>>>>>>>>>>>>              ] 3946/7824, 93.6 task/s, elapsed: 42s, ETA:    41s[>>>>>>>>>>>>>              ] 3947/7824, 93.6 task/s, elapsed: 42s, ETA:    41s[>>>>>>>>>>>>>              ] 3948/7824, 93.6 task/s, elapsed: 42s, ETA:    41s[>>>>>>>>>>>>>              ] 3949/7824, 93.6 task/s, elapsed: 42s, ETA:    41s[>>>>>>>>>>>>>              ] 3950/7824, 93.6 task/s, elapsed: 42s, ETA:    41s[>>>>>>>>>>>>>              ] 3951/7824, 93.6 task/s, elapsed: 42s, ETA:    41s[>>>>>>>>>>>>>              ] 3952/7824, 93.6 task/s, elapsed: 42s, ETA:    41s[>>>>>>>>>>>>>              ] 3953/7824, 93.6 task/s, elapsed: 42s, ETA:    41s[>>>>>>>>>>>>>              ] 3954/7824, 93.6 task/s, elapsed: 42s, ETA:    41s[>>>>>>>>>>>>>              ] 3955/7824, 93.6 task/s, elapsed: 42s, ETA:    41s[>>>>>>>>>>>>>              ] 3956/7824, 93.6 task/s, elapsed: 42s, ETA:    41s[>>>>>>>>>>>>>              ] 3957/7824, 93.6 task/s, elapsed: 42s, ETA:    41s[>>>>>>>>>>>>>              ] 3958/7824, 93.6 task/s, elapsed: 42s, ETA:    41s[>>>>>>>>>>>>>              ] 3959/7824, 93.6 task/s, elapsed: 42s, ETA:    41s[>>>>>>>>>>>>>              ] 3960/7824, 93.6 task/s, elapsed: 42s, ETA:    41s[>>>>>>>>>>>>>              ] 3961/7824, 93.7 task/s, elapsed: 42s, ETA:    41s[>>>>>>>>>>>>>              ] 3962/7824, 93.7 task/s, elapsed: 42s, ETA:    41s[>>>>>>>>>>>>>              ] 3963/7824, 93.7 task/s, elapsed: 42s, ETA:    41s[>>>>>>>>>>>>>              ] 3964/7824, 93.7 task/s, elapsed: 42s, ETA:    41s[>>>>>>>>>>>>>              ] 3965/7824, 93.7 task/s, elapsed: 42s, ETA:    41s[>>>>>>>>>>>>>              ] 3966/7824, 93.7 task/s, elapsed: 42s, ETA:    41s[>>>>>>>>>>>>>              ] 3967/7824, 93.7 task/s, elapsed: 42s, ETA:    41s[>>>>>>>>>>>>>              ] 3968/7824, 93.7 task/s, elapsed: 42s, ETA:    41s[>>>>>>>>>>>>>              ] 3969/7824, 93.7 task/s, elapsed: 42s, ETA:    41s[>>>>>>>>>>>>>              ] 3970/7824, 93.7 task/s, elapsed: 42s, ETA:    41s[>>>>>>>>>>>>>              ] 3971/7824, 93.7 task/s, elapsed: 42s, ETA:    41s[>>>>>>>>>>>>>              ] 3972/7824, 93.7 task/s, elapsed: 42s, ETA:    41s[>>>>>>>>>>>>>              ] 3973/7824, 93.7 task/s, elapsed: 42s, ETA:    41s[>>>>>>>>>>>>>              ] 3974/7824, 93.7 task/s, elapsed: 42s, ETA:    41s[>>>>>>>>>>>>>              ] 3975/7824, 93.7 task/s, elapsed: 42s, ETA:    41s[>>>>>>>>>>>>>              ] 3976/7824, 93.7 task/s, elapsed: 42s, ETA:    41s[>>>>>>>>>>>>>              ] 3977/7824, 93.7 task/s, elapsed: 42s, ETA:    41s[>>>>>>>>>>>>>              ] 3978/7824, 93.7 task/s, elapsed: 42s, ETA:    41s[>>>>>>>>>>>>>              ] 3979/7824, 93.7 task/s, elapsed: 42s, ETA:    41s[>>>>>>>>>>>>>              ] 3980/7824, 93.7 task/s, elapsed: 42s, ETA:    41s[>>>>>>>>>>>>>              ] 3981/7824, 93.7 task/s, elapsed: 42s, ETA:    41s[>>>>>>>>>>>>>              ] 3982/7824, 93.7 task/s, elapsed: 42s, ETA:    41s[>>>>>>>>>>>>>              ] 3983/7824, 93.7 task/s, elapsed: 42s, ETA:    41s[>>>>>>>>>>>>>              ] 3984/7824, 93.8 task/s, elapsed: 42s, ETA:    41s[>>>>>>>>>>>>>              ] 3985/7824, 93.8 task/s, elapsed: 43s, ETA:    41s[>>>>>>>>>>>>>              ] 3986/7824, 93.8 task/s, elapsed: 43s, ETA:    41s[>>>>>>>>>>>>>              ] 3987/7824, 93.8 task/s, elapsed: 43s, ETA:    41s[>>>>>>>>>>>>>              ] 3988/7824, 93.8 task/s, elapsed: 43s, ETA:    41s[>>>>>>>>>>>>>              ] 3989/7824, 93.8 task/s, elapsed: 43s, ETA:    41s[>>>>>>>>>>>>>              ] 3990/7824, 93.8 task/s, elapsed: 43s, ETA:    41s[>>>>>>>>>>>>>              ] 3991/7824, 93.8 task/s, elapsed: 43s, ETA:    41s[>>>>>>>>>>>>>              ] 3992/7824, 93.8 task/s, elapsed: 43s, ETA:    41s[>>>>>>>>>>>>>              ] 3993/7824, 93.8 task/s, elapsed: 43s, ETA:    41s[>>>>>>>>>>>>>              ] 3994/7824, 93.8 task/s, elapsed: 43s, ETA:    41s[>>>>>>>>>>>>>              ] 3995/7824, 93.8 task/s, elapsed: 43s, ETA:    41s[>>>>>>>>>>>>>              ] 3996/7824, 93.8 task/s, elapsed: 43s, ETA:    41s[>>>>>>>>>>>>>              ] 3997/7824, 93.8 task/s, elapsed: 43s, ETA:    41s[>>>>>>>>>>>>>              ] 3998/7824, 93.8 task/s, elapsed: 43s, ETA:    41s[>>>>>>>>>>>>>              ] 3999/7824, 93.8 task/s, elapsed: 43s, ETA:    41s[>>>>>>>>>>>>>              ] 4000/7824, 93.8 task/s, elapsed: 43s, ETA:    41s[>>>>>>>>>>>>>              ] 4001/7824, 93.8 task/s, elapsed: 43s, ETA:    41s[>>>>>>>>>>>>>              ] 4002/7824, 93.8 task/s, elapsed: 43s, ETA:    41s[>>>>>>>>>>>>>              ] 4003/7824, 93.8 task/s, elapsed: 43s, ETA:    41s[>>>>>>>>>>>>>              ] 4004/7824, 93.8 task/s, elapsed: 43s, ETA:    41s[>>>>>>>>>>>>>              ] 4005/7824, 93.8 task/s, elapsed: 43s, ETA:    41s[>>>>>>>>>>>>>              ] 4006/7824, 93.8 task/s, elapsed: 43s, ETA:    41s[>>>>>>>>>>>>>              ] 4007/7824, 93.8 task/s, elapsed: 43s, ETA:    41s[>>>>>>>>>>>>>              ] 4008/7824, 93.9 task/s, elapsed: 43s, ETA:    41s[>>>>>>>>>>>>>              ] 4009/7824, 93.9 task/s, elapsed: 43s, ETA:    41s[>>>>>>>>>>>>>              ] 4010/7824, 93.9 task/s, elapsed: 43s, ETA:    41s[>>>>>>>>>>>>>              ] 4011/7824, 93.9 task/s, elapsed: 43s, ETA:    41s[>>>>>>>>>>>>>              ] 4012/7824, 93.9 task/s, elapsed: 43s, ETA:    41s[>>>>>>>>>>>>>              ] 4013/7824, 93.9 task/s, elapsed: 43s, ETA:    41s[>>>>>>>>>>>>>              ] 4014/7824, 93.9 task/s, elapsed: 43s, ETA:    41s[>>>>>>>>>>>>>              ] 4015/7824, 93.9 task/s, elapsed: 43s, ETA:    41s[>>>>>>>>>>>>>              ] 4016/7824, 93.9 task/s, elapsed: 43s, ETA:    41s[>>>>>>>>>>>>>              ] 4017/7824, 93.9 task/s, elapsed: 43s, ETA:    41s[>>>>>>>>>>>>>              ] 4018/7824, 93.9 task/s, elapsed: 43s, ETA:    41s[>>>>>>>>>>>>>              ] 4019/7824, 93.9 task/s, elapsed: 43s, ETA:    41s[>>>>>>>>>>>>>              ] 4020/7824, 93.9 task/s, elapsed: 43s, ETA:    41s[>>>>>>>>>>>>>              ] 4021/7824, 93.9 task/s, elapsed: 43s, ETA:    40s[>>>>>>>>>>>>>              ] 4022/7824, 93.9 task/s, elapsed: 43s, ETA:    40s[>>>>>>>>>>>>>              ] 4023/7824, 93.9 task/s, elapsed: 43s, ETA:    40s[>>>>>>>>>>>>>              ] 4024/7824, 93.9 task/s, elapsed: 43s, ETA:    40s[>>>>>>>>>>>>>              ] 4025/7824, 93.9 task/s, elapsed: 43s, ETA:    40s[>>>>>>>>>>>>>              ] 4026/7824, 93.9 task/s, elapsed: 43s, ETA:    40s[>>>>>>>>>>>>>              ] 4027/7824, 93.9 task/s, elapsed: 43s, ETA:    40s[>>>>>>>>>>>>>              ] 4028/7824, 93.9 task/s, elapsed: 43s, ETA:    40s[>>>>>>>>>>>>>              ] 4029/7824, 93.9 task/s, elapsed: 43s, ETA:    40s[>>>>>>>>>>>>>              ] 4030/7824, 93.9 task/s, elapsed: 43s, ETA:    40s[>>>>>>>>>>>>>              ] 4031/7824, 93.9 task/s, elapsed: 43s, ETA:    40s[>>>>>>>>>>>>>              ] 4032/7824, 93.9 task/s, elapsed: 43s, ETA:    40s[>>>>>>>>>>>>>              ] 4033/7824, 94.0 task/s, elapsed: 43s, ETA:    40s[>>>>>>>>>>>>>              ] 4034/7824, 94.0 task/s, elapsed: 43s, ETA:    40s[>>>>>>>>>>>>>              ] 4035/7824, 94.0 task/s, elapsed: 43s, ETA:    40s[>>>>>>>>>>>>>              ] 4036/7824, 94.0 task/s, elapsed: 43s, ETA:    40s[>>>>>>>>>>>>>              ] 4037/7824, 94.0 task/s, elapsed: 43s, ETA:    40s[>>>>>>>>>>>>>              ] 4038/7824, 94.0 task/s, elapsed: 43s, ETA:    40s[>>>>>>>>>>>>>              ] 4039/7824, 94.0 task/s, elapsed: 43s, ETA:    40s[>>>>>>>>>>>>>              ] 4040/7824, 94.0 task/s, elapsed: 43s, ETA:    40s[>>>>>>>>>>>>>              ] 4041/7824, 94.0 task/s, elapsed: 43s, ETA:    40s[>>>>>>>>>>>>>              ] 4042/7824, 94.0 task/s, elapsed: 43s, ETA:    40s[>>>>>>>>>>>>>              ] 4043/7824, 94.0 task/s, elapsed: 43s, ETA:    40s[>>>>>>>>>>>>>              ] 4044/7824, 94.0 task/s, elapsed: 43s, ETA:    40s[>>>>>>>>>>>>>              ] 4045/7824, 94.0 task/s, elapsed: 43s, ETA:    40s[>>>>>>>>>>>>>              ] 4046/7824, 94.0 task/s, elapsed: 43s, ETA:    40s[>>>>>>>>>>>>>              ] 4047/7824, 94.0 task/s, elapsed: 43s, ETA:    40s[>>>>>>>>>>>>>              ] 4048/7824, 94.0 task/s, elapsed: 43s, ETA:    40s[>>>>>>>>>>>>>              ] 4049/7824, 94.0 task/s, elapsed: 43s, ETA:    40s[>>>>>>>>>>>>>              ] 4050/7824, 94.0 task/s, elapsed: 43s, ETA:    40s[>>>>>>>>>>>>>              ] 4051/7824, 94.0 task/s, elapsed: 43s, ETA:    40s[>>>>>>>>>>>>>              ] 4052/7824, 94.0 task/s, elapsed: 43s, ETA:    40s[>>>>>>>>>>>>>              ] 4053/7824, 94.0 task/s, elapsed: 43s, ETA:    40s[>>>>>>>>>>>>>              ] 4054/7824, 94.0 task/s, elapsed: 43s, ETA:    40s[>>>>>>>>>>>>>              ] 4055/7824, 94.0 task/s, elapsed: 43s, ETA:    40s[>>>>>>>>>>>>>              ] 4056/7824, 94.0 task/s, elapsed: 43s, ETA:    40s[>>>>>>>>>>>>>>             ] 4057/7824, 94.1 task/s, elapsed: 43s, ETA:    40s[>>>>>>>>>>>>>>             ] 4058/7824, 94.1 task/s, elapsed: 43s, ETA:    40s[>>>>>>>>>>>>>>             ] 4059/7824, 94.1 task/s, elapsed: 43s, ETA:    40s[>>>>>>>>>>>>>>             ] 4060/7824, 94.1 task/s, elapsed: 43s, ETA:    40s[>>>>>>>>>>>>>>             ] 4061/7824, 94.1 task/s, elapsed: 43s, ETA:    40s[>>>>>>>>>>>>>>             ] 4062/7824, 94.1 task/s, elapsed: 43s, ETA:    40s[>>>>>>>>>>>>>>             ] 4063/7824, 94.1 task/s, elapsed: 43s, ETA:    40s[>>>>>>>>>>>>>>             ] 4064/7824, 94.1 task/s, elapsed: 43s, ETA:    40s[>>>>>>>>>>>>>>             ] 4065/7824, 94.1 task/s, elapsed: 43s, ETA:    40s[>>>>>>>>>>>>>>             ] 4066/7824, 94.1 task/s, elapsed: 43s, ETA:    40s[>>>>>>>>>>>>>>             ] 4067/7824, 94.1 task/s, elapsed: 43s, ETA:    40s[>>>>>>>>>>>>>>             ] 4068/7824, 94.1 task/s, elapsed: 43s, ETA:    40s[>>>>>>>>>>>>>>             ] 4069/7824, 94.1 task/s, elapsed: 43s, ETA:    40s[>>>>>>>>>>>>>>             ] 4070/7824, 94.1 task/s, elapsed: 43s, ETA:    40s[>>>>>>>>>>>>>>             ] 4071/7824, 94.1 task/s, elapsed: 43s, ETA:    40s[>>>>>>>>>>>>>>             ] 4072/7824, 94.1 task/s, elapsed: 43s, ETA:    40s[>>>>>>>>>>>>>>             ] 4073/7824, 94.1 task/s, elapsed: 43s, ETA:    40s[>>>>>>>>>>>>>>             ] 4074/7824, 94.1 task/s, elapsed: 43s, ETA:    40s[>>>>>>>>>>>>>>             ] 4075/7824, 94.1 task/s, elapsed: 43s, ETA:    40s[>>>>>>>>>>>>>>             ] 4076/7824, 94.1 task/s, elapsed: 43s, ETA:    40s[>>>>>>>>>>>>>>             ] 4077/7824, 94.1 task/s, elapsed: 43s, ETA:    40s[>>>>>>>>>>>>>>             ] 4078/7824, 94.1 task/s, elapsed: 43s, ETA:    40s[>>>>>>>>>>>>>>             ] 4079/7824, 94.1 task/s, elapsed: 43s, ETA:    40s[>>>>>>>>>>>>>>             ] 4080/7824, 94.1 task/s, elapsed: 43s, ETA:    40s[>>>>>>>>>>>>>>             ] 4081/7824, 94.1 task/s, elapsed: 43s, ETA:    40s[>>>>>>>>>>>>>>             ] 4082/7824, 94.1 task/s, elapsed: 43s, ETA:    40s[>>>>>>>>>>>>>>             ] 4083/7824, 94.1 task/s, elapsed: 43s, ETA:    40s[>>>>>>>>>>>>>>             ] 4084/7824, 94.1 task/s, elapsed: 43s, ETA:    40s[>>>>>>>>>>>>>>             ] 4085/7824, 94.2 task/s, elapsed: 43s, ETA:    40s[>>>>>>>>>>>>>>             ] 4086/7824, 94.2 task/s, elapsed: 43s, ETA:    40s[>>>>>>>>>>>>>>             ] 4087/7824, 94.2 task/s, elapsed: 43s, ETA:    40s[>>>>>>>>>>>>>>             ] 4088/7824, 94.2 task/s, elapsed: 43s, ETA:    40s[>>>>>>>>>>>>>>             ] 4089/7824, 94.2 task/s, elapsed: 43s, ETA:    40s[>>>>>>>>>>>>>>             ] 4090/7824, 94.2 task/s, elapsed: 43s, ETA:    40s[>>>>>>>>>>>>>>             ] 4091/7824, 94.2 task/s, elapsed: 43s, ETA:    40s[>>>>>>>>>>>>>>             ] 4092/7824, 94.2 task/s, elapsed: 43s, ETA:    40s[>>>>>>>>>>>>>>             ] 4093/7824, 94.2 task/s, elapsed: 43s, ETA:    40s[>>>>>>>>>>>>>>             ] 4094/7824, 94.2 task/s, elapsed: 43s, ETA:    40s[>>>>>>>>>>>>>>             ] 4095/7824, 94.2 task/s, elapsed: 43s, ETA:    40s[>>>>>>>>>>>>>>             ] 4096/7824, 94.2 task/s, elapsed: 43s, ETA:    40s[>>>>>>>>>>>>>>             ] 4097/7824, 94.2 task/s, elapsed: 44s, ETA:    40s[>>>>>>>>>>>>>>             ] 4098/7824, 94.2 task/s, elapsed: 44s, ETA:    40s[>>>>>>>>>>>>>>             ] 4099/7824, 94.2 task/s, elapsed: 44s, ETA:    40s[>>>>>>>>>>>>>>             ] 4100/7824, 94.2 task/s, elapsed: 44s, ETA:    40s[>>>>>>>>>>>>>>             ] 4101/7824, 94.2 task/s, elapsed: 44s, ETA:    40s[>>>>>>>>>>>>>>             ] 4102/7824, 94.2 task/s, elapsed: 44s, ETA:    40s[>>>>>>>>>>>>>>             ] 4103/7824, 94.2 task/s, elapsed: 44s, ETA:    40s[>>>>>>>>>>>>>>             ] 4104/7824, 94.2 task/s, elapsed: 44s, ETA:    39s[>>>>>>>>>>>>>>             ] 4105/7824, 94.2 task/s, elapsed: 44s, ETA:    39s[>>>>>>>>>>>>>>             ] 4106/7824, 94.2 task/s, elapsed: 44s, ETA:    39s[>>>>>>>>>>>>>>             ] 4107/7824, 94.2 task/s, elapsed: 44s, ETA:    39s[>>>>>>>>>>>>>>             ] 4108/7824, 94.2 task/s, elapsed: 44s, ETA:    39s[>>>>>>>>>>>>>>             ] 4109/7824, 94.2 task/s, elapsed: 44s, ETA:    39s[>>>>>>>>>>>>>>             ] 4110/7824, 94.2 task/s, elapsed: 44s, ETA:    39s[>>>>>>>>>>>>>>             ] 4111/7824, 94.2 task/s, elapsed: 44s, ETA:    39s[>>>>>>>>>>>>>>             ] 4112/7824, 94.2 task/s, elapsed: 44s, ETA:    39s[>>>>>>>>>>>>>>             ] 4113/7824, 94.2 task/s, elapsed: 44s, ETA:    39s[>>>>>>>>>>>>>>             ] 4114/7824, 94.2 task/s, elapsed: 44s, ETA:    39s[>>>>>>>>>>>>>>             ] 4115/7824, 94.2 task/s, elapsed: 44s, ETA:    39s[>>>>>>>>>>>>>>             ] 4116/7824, 94.2 task/s, elapsed: 44s, ETA:    39s[>>>>>>>>>>>>>>             ] 4117/7824, 94.2 task/s, elapsed: 44s, ETA:    39s[>>>>>>>>>>>>>>             ] 4118/7824, 94.2 task/s, elapsed: 44s, ETA:    39s[>>>>>>>>>>>>>>             ] 4119/7824, 94.2 task/s, elapsed: 44s, ETA:    39s[>>>>>>>>>>>>>>             ] 4120/7824, 94.3 task/s, elapsed: 44s, ETA:    39s[>>>>>>>>>>>>>>             ] 4121/7824, 94.3 task/s, elapsed: 44s, ETA:    39s[>>>>>>>>>>>>>>             ] 4122/7824, 94.3 task/s, elapsed: 44s, ETA:    39s[>>>>>>>>>>>>>>             ] 4123/7824, 94.3 task/s, elapsed: 44s, ETA:    39s[>>>>>>>>>>>>>>             ] 4124/7824, 94.3 task/s, elapsed: 44s, ETA:    39s[>>>>>>>>>>>>>>             ] 4125/7824, 94.3 task/s, elapsed: 44s, ETA:    39s[>>>>>>>>>>>>>>             ] 4126/7824, 94.3 task/s, elapsed: 44s, ETA:    39s[>>>>>>>>>>>>>>             ] 4127/7824, 94.3 task/s, elapsed: 44s, ETA:    39s[>>>>>>>>>>>>>>             ] 4128/7824, 94.3 task/s, elapsed: 44s, ETA:    39s[>>>>>>>>>>>>>>             ] 4129/7824, 94.3 task/s, elapsed: 44s, ETA:    39s[>>>>>>>>>>>>>>             ] 4130/7824, 94.3 task/s, elapsed: 44s, ETA:    39s[>>>>>>>>>>>>>>             ] 4131/7824, 94.3 task/s, elapsed: 44s, ETA:    39s[>>>>>>>>>>>>>>             ] 4132/7824, 94.3 task/s, elapsed: 44s, ETA:    39s[>>>>>>>>>>>>>>             ] 4133/7824, 94.3 task/s, elapsed: 44s, ETA:    39s[>>>>>>>>>>>>>>             ] 4134/7824, 94.3 task/s, elapsed: 44s, ETA:    39s[>>>>>>>>>>>>>>             ] 4135/7824, 94.3 task/s, elapsed: 44s, ETA:    39s[>>>>>>>>>>>>>>             ] 4136/7824, 94.3 task/s, elapsed: 44s, ETA:    39s[>>>>>>>>>>>>>>             ] 4137/7824, 94.3 task/s, elapsed: 44s, ETA:    39s[>>>>>>>>>>>>>>             ] 4138/7824, 94.3 task/s, elapsed: 44s, ETA:    39s[>>>>>>>>>>>>>>             ] 4139/7824, 94.3 task/s, elapsed: 44s, ETA:    39s[>>>>>>>>>>>>>>             ] 4140/7824, 94.3 task/s, elapsed: 44s, ETA:    39s[>>>>>>>>>>>>>>             ] 4141/7824, 94.3 task/s, elapsed: 44s, ETA:    39s[>>>>>>>>>>>>>>             ] 4142/7824, 94.3 task/s, elapsed: 44s, ETA:    39s[>>>>>>>>>>>>>>             ] 4143/7824, 94.3 task/s, elapsed: 44s, ETA:    39s[>>>>>>>>>>>>>>             ] 4144/7824, 94.3 task/s, elapsed: 44s, ETA:    39s[>>>>>>>>>>>>>>             ] 4145/7824, 94.3 task/s, elapsed: 44s, ETA:    39s[>>>>>>>>>>>>>>             ] 4146/7824, 94.3 task/s, elapsed: 44s, ETA:    39s[>>>>>>>>>>>>>>             ] 4147/7824, 94.4 task/s, elapsed: 44s, ETA:    39s[>>>>>>>>>>>>>>             ] 4148/7824, 94.4 task/s, elapsed: 44s, ETA:    39s[>>>>>>>>>>>>>>             ] 4149/7824, 94.4 task/s, elapsed: 44s, ETA:    39s[>>>>>>>>>>>>>>             ] 4150/7824, 94.4 task/s, elapsed: 44s, ETA:    39s[>>>>>>>>>>>>>>             ] 4151/7824, 94.4 task/s, elapsed: 44s, ETA:    39s[>>>>>>>>>>>>>>             ] 4152/7824, 94.4 task/s, elapsed: 44s, ETA:    39s[>>>>>>>>>>>>>>             ] 4153/7824, 94.4 task/s, elapsed: 44s, ETA:    39s[>>>>>>>>>>>>>>             ] 4154/7824, 94.4 task/s, elapsed: 44s, ETA:    39s[>>>>>>>>>>>>>>             ] 4155/7824, 94.4 task/s, elapsed: 44s, ETA:    39s[>>>>>>>>>>>>>>             ] 4156/7824, 94.4 task/s, elapsed: 44s, ETA:    39s[>>>>>>>>>>>>>>             ] 4157/7824, 94.4 task/s, elapsed: 44s, ETA:    39s[>>>>>>>>>>>>>>             ] 4158/7824, 94.4 task/s, elapsed: 44s, ETA:    39s[>>>>>>>>>>>>>>             ] 4159/7824, 94.4 task/s, elapsed: 44s, ETA:    39s[>>>>>>>>>>>>>>             ] 4160/7824, 94.4 task/s, elapsed: 44s, ETA:    39s[>>>>>>>>>>>>>>             ] 4161/7824, 94.4 task/s, elapsed: 44s, ETA:    39s[>>>>>>>>>>>>>>             ] 4162/7824, 94.4 task/s, elapsed: 44s, ETA:    39s[>>>>>>>>>>>>>>             ] 4163/7824, 94.4 task/s, elapsed: 44s, ETA:    39s[>>>>>>>>>>>>>>             ] 4164/7824, 94.4 task/s, elapsed: 44s, ETA:    39s[>>>>>>>>>>>>>>             ] 4165/7824, 94.4 task/s, elapsed: 44s, ETA:    39s[>>>>>>>>>>>>>>             ] 4166/7824, 94.4 task/s, elapsed: 44s, ETA:    39s[>>>>>>>>>>>>>>             ] 4167/7824, 94.4 task/s, elapsed: 44s, ETA:    39s[>>>>>>>>>>>>>>             ] 4168/7824, 94.4 task/s, elapsed: 44s, ETA:    39s[>>>>>>>>>>>>>>             ] 4169/7824, 94.4 task/s, elapsed: 44s, ETA:    39s[>>>>>>>>>>>>>>             ] 4170/7824, 94.4 task/s, elapsed: 44s, ETA:    39s[>>>>>>>>>>>>>>             ] 4171/7824, 94.4 task/s, elapsed: 44s, ETA:    39s[>>>>>>>>>>>>>>             ] 4172/7824, 94.4 task/s, elapsed: 44s, ETA:    39s[>>>>>>>>>>>>>>             ] 4173/7824, 94.5 task/s, elapsed: 44s, ETA:    39s[>>>>>>>>>>>>>>             ] 4174/7824, 94.5 task/s, elapsed: 44s, ETA:    39s[>>>>>>>>>>>>>>             ] 4175/7824, 94.5 task/s, elapsed: 44s, ETA:    39s[>>>>>>>>>>>>>>             ] 4176/7824, 94.5 task/s, elapsed: 44s, ETA:    39s[>>>>>>>>>>>>>>             ] 4177/7824, 94.5 task/s, elapsed: 44s, ETA:    39s[>>>>>>>>>>>>>>             ] 4178/7824, 94.5 task/s, elapsed: 44s, ETA:    39s[>>>>>>>>>>>>>>             ] 4179/7824, 94.5 task/s, elapsed: 44s, ETA:    39s[>>>>>>>>>>>>>>             ] 4180/7824, 94.5 task/s, elapsed: 44s, ETA:    39s[>>>>>>>>>>>>>>             ] 4181/7824, 94.5 task/s, elapsed: 44s, ETA:    39s[>>>>>>>>>>>>>>             ] 4182/7824, 94.5 task/s, elapsed: 44s, ETA:    39s[>>>>>>>>>>>>>>             ] 4183/7824, 94.5 task/s, elapsed: 44s, ETA:    39s[>>>>>>>>>>>>>>             ] 4184/7824, 94.5 task/s, elapsed: 44s, ETA:    39s[>>>>>>>>>>>>>>             ] 4185/7824, 94.5 task/s, elapsed: 44s, ETA:    39s[>>>>>>>>>>>>>>             ] 4186/7824, 94.5 task/s, elapsed: 44s, ETA:    38s[>>>>>>>>>>>>>>             ] 4187/7824, 94.5 task/s, elapsed: 44s, ETA:    38s[>>>>>>>>>>>>>>             ] 4188/7824, 94.5 task/s, elapsed: 44s, ETA:    38s[>>>>>>>>>>>>>>             ] 4189/7824, 94.5 task/s, elapsed: 44s, ETA:    38s[>>>>>>>>>>>>>>             ] 4190/7824, 94.5 task/s, elapsed: 44s, ETA:    38s[>>>>>>>>>>>>>>             ] 4191/7824, 94.5 task/s, elapsed: 44s, ETA:    38s[>>>>>>>>>>>>>>             ] 4192/7824, 94.5 task/s, elapsed: 44s, ETA:    38s[>>>>>>>>>>>>>>             ] 4193/7824, 94.5 task/s, elapsed: 44s, ETA:    38s[>>>>>>>>>>>>>>             ] 4194/7824, 94.5 task/s, elapsed: 44s, ETA:    38s[>>>>>>>>>>>>>>             ] 4195/7824, 94.5 task/s, elapsed: 44s, ETA:    38s[>>>>>>>>>>>>>>             ] 4196/7824, 94.5 task/s, elapsed: 44s, ETA:    38s[>>>>>>>>>>>>>>             ] 4197/7824, 94.5 task/s, elapsed: 44s, ETA:    38s[>>>>>>>>>>>>>>             ] 4198/7824, 94.5 task/s, elapsed: 44s, ETA:    38s[>>>>>>>>>>>>>>             ] 4199/7824, 94.5 task/s, elapsed: 44s, ETA:    38s[>>>>>>>>>>>>>>             ] 4200/7824, 94.5 task/s, elapsed: 44s, ETA:    38s[>>>>>>>>>>>>>>             ] 4201/7824, 94.6 task/s, elapsed: 44s, ETA:    38s[>>>>>>>>>>>>>>             ] 4202/7824, 94.6 task/s, elapsed: 44s, ETA:    38s[>>>>>>>>>>>>>>             ] 4203/7824, 94.6 task/s, elapsed: 44s, ETA:    38s[>>>>>>>>>>>>>>             ] 4204/7824, 94.6 task/s, elapsed: 44s, ETA:    38s[>>>>>>>>>>>>>>             ] 4205/7824, 94.6 task/s, elapsed: 44s, ETA:    38s[>>>>>>>>>>>>>>             ] 4206/7824, 94.6 task/s, elapsed: 44s, ETA:    38s[>>>>>>>>>>>>>>             ] 4207/7824, 94.6 task/s, elapsed: 44s, ETA:    38s[>>>>>>>>>>>>>>             ] 4208/7824, 94.6 task/s, elapsed: 44s, ETA:    38s[>>>>>>>>>>>>>>             ] 4209/7824, 94.6 task/s, elapsed: 45s, ETA:    38s[>>>>>>>>>>>>>>             ] 4210/7824, 94.6 task/s, elapsed: 45s, ETA:    38s[>>>>>>>>>>>>>>             ] 4211/7824, 94.6 task/s, elapsed: 45s, ETA:    38s[>>>>>>>>>>>>>>             ] 4212/7824, 94.6 task/s, elapsed: 45s, ETA:    38s[>>>>>>>>>>>>>>             ] 4213/7824, 94.6 task/s, elapsed: 45s, ETA:    38s[>>>>>>>>>>>>>>             ] 4214/7824, 94.6 task/s, elapsed: 45s, ETA:    38s[>>>>>>>>>>>>>>             ] 4215/7824, 94.6 task/s, elapsed: 45s, ETA:    38s[>>>>>>>>>>>>>>             ] 4216/7824, 94.6 task/s, elapsed: 45s, ETA:    38s[>>>>>>>>>>>>>>             ] 4217/7824, 94.6 task/s, elapsed: 45s, ETA:    38s[>>>>>>>>>>>>>>             ] 4218/7824, 94.6 task/s, elapsed: 45s, ETA:    38s[>>>>>>>>>>>>>>             ] 4219/7824, 94.6 task/s, elapsed: 45s, ETA:    38s[>>>>>>>>>>>>>>             ] 4220/7824, 94.6 task/s, elapsed: 45s, ETA:    38s[>>>>>>>>>>>>>>             ] 4221/7824, 94.6 task/s, elapsed: 45s, ETA:    38s[>>>>>>>>>>>>>>             ] 4222/7824, 94.6 task/s, elapsed: 45s, ETA:    38s[>>>>>>>>>>>>>>             ] 4223/7824, 94.6 task/s, elapsed: 45s, ETA:    38s[>>>>>>>>>>>>>>             ] 4224/7824, 94.6 task/s, elapsed: 45s, ETA:    38s[>>>>>>>>>>>>>>             ] 4225/7824, 94.6 task/s, elapsed: 45s, ETA:    38s[>>>>>>>>>>>>>>             ] 4226/7824, 94.6 task/s, elapsed: 45s, ETA:    38s[>>>>>>>>>>>>>>             ] 4227/7824, 94.6 task/s, elapsed: 45s, ETA:    38s[>>>>>>>>>>>>>>             ] 4228/7824, 94.6 task/s, elapsed: 45s, ETA:    38s[>>>>>>>>>>>>>>             ] 4229/7824, 94.6 task/s, elapsed: 45s, ETA:    38s[>>>>>>>>>>>>>>             ] 4230/7824, 94.7 task/s, elapsed: 45s, ETA:    38s[>>>>>>>>>>>>>>             ] 4231/7824, 94.7 task/s, elapsed: 45s, ETA:    38s[>>>>>>>>>>>>>>             ] 4232/7824, 94.7 task/s, elapsed: 45s, ETA:    38s[>>>>>>>>>>>>>>             ] 4233/7824, 94.7 task/s, elapsed: 45s, ETA:    38s[>>>>>>>>>>>>>>             ] 4234/7824, 94.7 task/s, elapsed: 45s, ETA:    38s[>>>>>>>>>>>>>>             ] 4235/7824, 94.7 task/s, elapsed: 45s, ETA:    38s[>>>>>>>>>>>>>>             ] 4236/7824, 94.7 task/s, elapsed: 45s, ETA:    38s[>>>>>>>>>>>>>>             ] 4237/7824, 94.7 task/s, elapsed: 45s, ETA:    38s[>>>>>>>>>>>>>>             ] 4238/7824, 94.7 task/s, elapsed: 45s, ETA:    38s[>>>>>>>>>>>>>>             ] 4239/7824, 94.7 task/s, elapsed: 45s, ETA:    38s[>>>>>>>>>>>>>>             ] 4240/7824, 94.7 task/s, elapsed: 45s, ETA:    38s[>>>>>>>>>>>>>>             ] 4241/7824, 94.7 task/s, elapsed: 45s, ETA:    38s[>>>>>>>>>>>>>>             ] 4242/7824, 94.7 task/s, elapsed: 45s, ETA:    38s[>>>>>>>>>>>>>>             ] 4243/7824, 94.7 task/s, elapsed: 45s, ETA:    38s[>>>>>>>>>>>>>>             ] 4244/7824, 94.7 task/s, elapsed: 45s, ETA:    38s[>>>>>>>>>>>>>>             ] 4245/7824, 94.7 task/s, elapsed: 45s, ETA:    38s[>>>>>>>>>>>>>>             ] 4246/7824, 94.7 task/s, elapsed: 45s, ETA:    38s[>>>>>>>>>>>>>>             ] 4247/7824, 94.7 task/s, elapsed: 45s, ETA:    38s[>>>>>>>>>>>>>>             ] 4248/7824, 94.7 task/s, elapsed: 45s, ETA:    38s[>>>>>>>>>>>>>>             ] 4249/7824, 94.7 task/s, elapsed: 45s, ETA:    38s[>>>>>>>>>>>>>>             ] 4250/7824, 94.7 task/s, elapsed: 45s, ETA:    38s[>>>>>>>>>>>>>>             ] 4251/7824, 94.7 task/s, elapsed: 45s, ETA:    38s[>>>>>>>>>>>>>>             ] 4252/7824, 94.7 task/s, elapsed: 45s, ETA:    38s[>>>>>>>>>>>>>>             ] 4253/7824, 94.7 task/s, elapsed: 45s, ETA:    38s[>>>>>>>>>>>>>>             ] 4254/7824, 94.7 task/s, elapsed: 45s, ETA:    38s[>>>>>>>>>>>>>>             ] 4255/7824, 94.7 task/s, elapsed: 45s, ETA:    38s[>>>>>>>>>>>>>>             ] 4256/7824, 94.7 task/s, elapsed: 45s, ETA:    38s[>>>>>>>>>>>>>>             ] 4257/7824, 94.7 task/s, elapsed: 45s, ETA:    38s[>>>>>>>>>>>>>>             ] 4258/7824, 94.7 task/s, elapsed: 45s, ETA:    38s[>>>>>>>>>>>>>>             ] 4259/7824, 94.8 task/s, elapsed: 45s, ETA:    38s[>>>>>>>>>>>>>>             ] 4260/7824, 94.8 task/s, elapsed: 45s, ETA:    38s[>>>>>>>>>>>>>>             ] 4261/7824, 94.8 task/s, elapsed: 45s, ETA:    38s[>>>>>>>>>>>>>>             ] 4262/7824, 94.8 task/s, elapsed: 45s, ETA:    38s[>>>>>>>>>>>>>>             ] 4263/7824, 94.8 task/s, elapsed: 45s, ETA:    38s[>>>>>>>>>>>>>>             ] 4264/7824, 94.8 task/s, elapsed: 45s, ETA:    38s[>>>>>>>>>>>>>>             ] 4265/7824, 94.8 task/s, elapsed: 45s, ETA:    38s[>>>>>>>>>>>>>>             ] 4266/7824, 94.8 task/s, elapsed: 45s, ETA:    38s[>>>>>>>>>>>>>>             ] 4267/7824, 94.8 task/s, elapsed: 45s, ETA:    38s[>>>>>>>>>>>>>>             ] 4268/7824, 94.8 task/s, elapsed: 45s, ETA:    38s[>>>>>>>>>>>>>>             ] 4269/7824, 94.8 task/s, elapsed: 45s, ETA:    38s[>>>>>>>>>>>>>>             ] 4270/7824, 94.8 task/s, elapsed: 45s, ETA:    37s[>>>>>>>>>>>>>>             ] 4271/7824, 94.8 task/s, elapsed: 45s, ETA:    37s[>>>>>>>>>>>>>>             ] 4272/7824, 94.8 task/s, elapsed: 45s, ETA:    37s[>>>>>>>>>>>>>>             ] 4273/7824, 94.8 task/s, elapsed: 45s, ETA:    37s[>>>>>>>>>>>>>>             ] 4274/7824, 94.8 task/s, elapsed: 45s, ETA:    37s[>>>>>>>>>>>>>>             ] 4275/7824, 94.8 task/s, elapsed: 45s, ETA:    37s[>>>>>>>>>>>>>>             ] 4276/7824, 94.8 task/s, elapsed: 45s, ETA:    37s[>>>>>>>>>>>>>>             ] 4277/7824, 94.8 task/s, elapsed: 45s, ETA:    37s[>>>>>>>>>>>>>>             ] 4278/7824, 94.8 task/s, elapsed: 45s, ETA:    37s[>>>>>>>>>>>>>>             ] 4279/7824, 94.8 task/s, elapsed: 45s, ETA:    37s[>>>>>>>>>>>>>>             ] 4280/7824, 94.8 task/s, elapsed: 45s, ETA:    37s[>>>>>>>>>>>>>>             ] 4281/7824, 94.8 task/s, elapsed: 45s, ETA:    37s[>>>>>>>>>>>>>>             ] 4282/7824, 94.8 task/s, elapsed: 45s, ETA:    37s[>>>>>>>>>>>>>>             ] 4283/7824, 94.8 task/s, elapsed: 45s, ETA:    37s[>>>>>>>>>>>>>>             ] 4284/7824, 94.8 task/s, elapsed: 45s, ETA:    37s[>>>>>>>>>>>>>>             ] 4285/7824, 94.8 task/s, elapsed: 45s, ETA:    37s[>>>>>>>>>>>>>>             ] 4286/7824, 94.8 task/s, elapsed: 45s, ETA:    37s[>>>>>>>>>>>>>>             ] 4287/7824, 94.8 task/s, elapsed: 45s, ETA:    37s[>>>>>>>>>>>>>>             ] 4288/7824, 94.8 task/s, elapsed: 45s, ETA:    37s[>>>>>>>>>>>>>>             ] 4289/7824, 94.8 task/s, elapsed: 45s, ETA:    37s[>>>>>>>>>>>>>>             ] 4290/7824, 94.8 task/s, elapsed: 45s, ETA:    37s[>>>>>>>>>>>>>>             ] 4291/7824, 94.8 task/s, elapsed: 45s, ETA:    37s[>>>>>>>>>>>>>>             ] 4292/7824, 94.8 task/s, elapsed: 45s, ETA:    37s[>>>>>>>>>>>>>>             ] 4293/7824, 94.8 task/s, elapsed: 45s, ETA:    37s[>>>>>>>>>>>>>>             ] 4294/7824, 94.8 task/s, elapsed: 45s, ETA:    37s[>>>>>>>>>>>>>>             ] 4295/7824, 94.8 task/s, elapsed: 45s, ETA:    37s[>>>>>>>>>>>>>>             ] 4296/7824, 94.8 task/s, elapsed: 45s, ETA:    37s[>>>>>>>>>>>>>>             ] 4297/7824, 94.8 task/s, elapsed: 45s, ETA:    37s[>>>>>>>>>>>>>>             ] 4298/7824, 94.9 task/s, elapsed: 45s, ETA:    37s[>>>>>>>>>>>>>>             ] 4299/7824, 94.9 task/s, elapsed: 45s, ETA:    37s[>>>>>>>>>>>>>>             ] 4300/7824, 94.9 task/s, elapsed: 45s, ETA:    37s[>>>>>>>>>>>>>>             ] 4301/7824, 94.9 task/s, elapsed: 45s, ETA:    37s[>>>>>>>>>>>>>>             ] 4302/7824, 94.9 task/s, elapsed: 45s, ETA:    37s[>>>>>>>>>>>>>>             ] 4303/7824, 94.9 task/s, elapsed: 45s, ETA:    37s[>>>>>>>>>>>>>>             ] 4304/7824, 94.9 task/s, elapsed: 45s, ETA:    37s[>>>>>>>>>>>>>>             ] 4305/7824, 94.9 task/s, elapsed: 45s, ETA:    37s[>>>>>>>>>>>>>>             ] 4306/7824, 94.9 task/s, elapsed: 45s, ETA:    37s[>>>>>>>>>>>>>>             ] 4307/7824, 94.9 task/s, elapsed: 45s, ETA:    37s[>>>>>>>>>>>>>>             ] 4308/7824, 94.9 task/s, elapsed: 45s, ETA:    37s[>>>>>>>>>>>>>>             ] 4309/7824, 94.9 task/s, elapsed: 45s, ETA:    37s[>>>>>>>>>>>>>>             ] 4310/7824, 94.9 task/s, elapsed: 45s, ETA:    37s[>>>>>>>>>>>>>>             ] 4311/7824, 94.9 task/s, elapsed: 45s, ETA:    37s[>>>>>>>>>>>>>>             ] 4312/7824, 94.9 task/s, elapsed: 45s, ETA:    37s[>>>>>>>>>>>>>>             ] 4313/7824, 94.9 task/s, elapsed: 45s, ETA:    37s[>>>>>>>>>>>>>>             ] 4314/7824, 94.9 task/s, elapsed: 45s, ETA:    37s[>>>>>>>>>>>>>>             ] 4315/7824, 94.9 task/s, elapsed: 45s, ETA:    37s[>>>>>>>>>>>>>>             ] 4316/7824, 94.9 task/s, elapsed: 45s, ETA:    37s[>>>>>>>>>>>>>>             ] 4317/7824, 94.9 task/s, elapsed: 45s, ETA:    37s[>>>>>>>>>>>>>>             ] 4318/7824, 94.9 task/s, elapsed: 45s, ETA:    37s[>>>>>>>>>>>>>>             ] 4319/7824, 94.9 task/s, elapsed: 46s, ETA:    37s[>>>>>>>>>>>>>>             ] 4320/7824, 94.9 task/s, elapsed: 46s, ETA:    37s[>>>>>>>>>>>>>>             ] 4321/7824, 94.9 task/s, elapsed: 46s, ETA:    37s[>>>>>>>>>>>>>>             ] 4322/7824, 94.9 task/s, elapsed: 46s, ETA:    37s[>>>>>>>>>>>>>>             ] 4323/7824, 94.9 task/s, elapsed: 46s, ETA:    37s[>>>>>>>>>>>>>>             ] 4324/7824, 94.9 task/s, elapsed: 46s, ETA:    37s[>>>>>>>>>>>>>>             ] 4325/7824, 94.9 task/s, elapsed: 46s, ETA:    37s[>>>>>>>>>>>>>>             ] 4326/7824, 94.9 task/s, elapsed: 46s, ETA:    37s[>>>>>>>>>>>>>>             ] 4327/7824, 94.9 task/s, elapsed: 46s, ETA:    37s[>>>>>>>>>>>>>>             ] 4328/7824, 95.0 task/s, elapsed: 46s, ETA:    37s[>>>>>>>>>>>>>>             ] 4329/7824, 95.0 task/s, elapsed: 46s, ETA:    37s[>>>>>>>>>>>>>>             ] 4330/7824, 95.0 task/s, elapsed: 46s, ETA:    37s[>>>>>>>>>>>>>>             ] 4331/7824, 95.0 task/s, elapsed: 46s, ETA:    37s[>>>>>>>>>>>>>>             ] 4332/7824, 95.0 task/s, elapsed: 46s, ETA:    37s[>>>>>>>>>>>>>>             ] 4333/7824, 95.0 task/s, elapsed: 46s, ETA:    37s[>>>>>>>>>>>>>>             ] 4334/7824, 95.0 task/s, elapsed: 46s, ETA:    37s[>>>>>>>>>>>>>>             ] 4335/7824, 95.0 task/s, elapsed: 46s, ETA:    37s[>>>>>>>>>>>>>>             ] 4336/7824, 95.0 task/s, elapsed: 46s, ETA:    37s[>>>>>>>>>>>>>>             ] 4337/7824, 95.0 task/s, elapsed: 46s, ETA:    37s[>>>>>>>>>>>>>>             ] 4338/7824, 95.0 task/s, elapsed: 46s, ETA:    37s[>>>>>>>>>>>>>>             ] 4339/7824, 95.0 task/s, elapsed: 46s, ETA:    37s[>>>>>>>>>>>>>>             ] 4340/7824, 95.0 task/s, elapsed: 46s, ETA:    37s[>>>>>>>>>>>>>>             ] 4341/7824, 95.0 task/s, elapsed: 46s, ETA:    37s[>>>>>>>>>>>>>>             ] 4342/7824, 95.0 task/s, elapsed: 46s, ETA:    37s[>>>>>>>>>>>>>>             ] 4343/7824, 95.0 task/s, elapsed: 46s, ETA:    37s[>>>>>>>>>>>>>>             ] 4344/7824, 95.0 task/s, elapsed: 46s, ETA:    37s[>>>>>>>>>>>>>>             ] 4345/7824, 95.0 task/s, elapsed: 46s, ETA:    37s[>>>>>>>>>>>>>>             ] 4346/7824, 95.0 task/s, elapsed: 46s, ETA:    37s[>>>>>>>>>>>>>>>            ] 4347/7824, 95.0 task/s, elapsed: 46s, ETA:    37s[>>>>>>>>>>>>>>>            ] 4348/7824, 95.0 task/s, elapsed: 46s, ETA:    37s[>>>>>>>>>>>>>>>            ] 4349/7824, 95.0 task/s, elapsed: 46s, ETA:    37s[>>>>>>>>>>>>>>>            ] 4350/7824, 95.0 task/s, elapsed: 46s, ETA:    37s[>>>>>>>>>>>>>>>            ] 4351/7824, 95.0 task/s, elapsed: 46s, ETA:    37s[>>>>>>>>>>>>>>>            ] 4352/7824, 95.0 task/s, elapsed: 46s, ETA:    37s[>>>>>>>>>>>>>>>            ] 4353/7824, 95.0 task/s, elapsed: 46s, ETA:    37s[>>>>>>>>>>>>>>>            ] 4354/7824, 95.0 task/s, elapsed: 46s, ETA:    37s[>>>>>>>>>>>>>>>            ] 4355/7824, 95.0 task/s, elapsed: 46s, ETA:    36s[>>>>>>>>>>>>>>>            ] 4356/7824, 95.0 task/s, elapsed: 46s, ETA:    36s[>>>>>>>>>>>>>>>            ] 4357/7824, 95.1 task/s, elapsed: 46s, ETA:    36s[>>>>>>>>>>>>>>>            ] 4358/7824, 95.1 task/s, elapsed: 46s, ETA:    36s[>>>>>>>>>>>>>>>            ] 4359/7824, 95.1 task/s, elapsed: 46s, ETA:    36s[>>>>>>>>>>>>>>>            ] 4360/7824, 95.1 task/s, elapsed: 46s, ETA:    36s[>>>>>>>>>>>>>>>            ] 4361/7824, 95.1 task/s, elapsed: 46s, ETA:    36s[>>>>>>>>>>>>>>>            ] 4362/7824, 95.1 task/s, elapsed: 46s, ETA:    36s[>>>>>>>>>>>>>>>            ] 4363/7824, 95.1 task/s, elapsed: 46s, ETA:    36s[>>>>>>>>>>>>>>>            ] 4364/7824, 95.1 task/s, elapsed: 46s, ETA:    36s[>>>>>>>>>>>>>>>            ] 4365/7824, 95.1 task/s, elapsed: 46s, ETA:    36s[>>>>>>>>>>>>>>>            ] 4366/7824, 95.1 task/s, elapsed: 46s, ETA:    36s[>>>>>>>>>>>>>>>            ] 4367/7824, 95.1 task/s, elapsed: 46s, ETA:    36s[>>>>>>>>>>>>>>>            ] 4368/7824, 95.1 task/s, elapsed: 46s, ETA:    36s[>>>>>>>>>>>>>>>            ] 4369/7824, 95.1 task/s, elapsed: 46s, ETA:    36s[>>>>>>>>>>>>>>>            ] 4370/7824, 95.1 task/s, elapsed: 46s, ETA:    36s[>>>>>>>>>>>>>>>            ] 4371/7824, 95.1 task/s, elapsed: 46s, ETA:    36s[>>>>>>>>>>>>>>>            ] 4372/7824, 95.1 task/s, elapsed: 46s, ETA:    36s[>>>>>>>>>>>>>>>            ] 4373/7824, 95.1 task/s, elapsed: 46s, ETA:    36s[>>>>>>>>>>>>>>>            ] 4374/7824, 95.1 task/s, elapsed: 46s, ETA:    36s[>>>>>>>>>>>>>>>            ] 4375/7824, 95.1 task/s, elapsed: 46s, ETA:    36s[>>>>>>>>>>>>>>>            ] 4376/7824, 95.1 task/s, elapsed: 46s, ETA:    36s[>>>>>>>>>>>>>>>            ] 4377/7824, 95.1 task/s, elapsed: 46s, ETA:    36s[>>>>>>>>>>>>>>>            ] 4378/7824, 95.1 task/s, elapsed: 46s, ETA:    36s[>>>>>>>>>>>>>>>            ] 4379/7824, 95.1 task/s, elapsed: 46s, ETA:    36s[>>>>>>>>>>>>>>>            ] 4380/7824, 95.1 task/s, elapsed: 46s, ETA:    36s[>>>>>>>>>>>>>>>            ] 4381/7824, 95.1 task/s, elapsed: 46s, ETA:    36s[>>>>>>>>>>>>>>>            ] 4382/7824, 95.1 task/s, elapsed: 46s, ETA:    36s[>>>>>>>>>>>>>>>            ] 4383/7824, 95.1 task/s, elapsed: 46s, ETA:    36s[>>>>>>>>>>>>>>>            ] 4384/7824, 95.1 task/s, elapsed: 46s, ETA:    36s[>>>>>>>>>>>>>>>            ] 4385/7824, 95.1 task/s, elapsed: 46s, ETA:    36s[>>>>>>>>>>>>>>>            ] 4386/7824, 95.2 task/s, elapsed: 46s, ETA:    36s[>>>>>>>>>>>>>>>            ] 4387/7824, 95.2 task/s, elapsed: 46s, ETA:    36s[>>>>>>>>>>>>>>>            ] 4388/7824, 95.2 task/s, elapsed: 46s, ETA:    36s[>>>>>>>>>>>>>>>            ] 4389/7824, 95.2 task/s, elapsed: 46s, ETA:    36s[>>>>>>>>>>>>>>>            ] 4390/7824, 95.2 task/s, elapsed: 46s, ETA:    36s[>>>>>>>>>>>>>>>            ] 4391/7824, 95.2 task/s, elapsed: 46s, ETA:    36s[>>>>>>>>>>>>>>>            ] 4392/7824, 95.2 task/s, elapsed: 46s, ETA:    36s[>>>>>>>>>>>>>>>            ] 4393/7824, 95.2 task/s, elapsed: 46s, ETA:    36s[>>>>>>>>>>>>>>>            ] 4394/7824, 95.2 task/s, elapsed: 46s, ETA:    36s[>>>>>>>>>>>>>>>            ] 4395/7824, 95.2 task/s, elapsed: 46s, ETA:    36s[>>>>>>>>>>>>>>>            ] 4396/7824, 95.2 task/s, elapsed: 46s, ETA:    36s[>>>>>>>>>>>>>>>            ] 4397/7824, 95.2 task/s, elapsed: 46s, ETA:    36s[>>>>>>>>>>>>>>>            ] 4398/7824, 95.2 task/s, elapsed: 46s, ETA:    36s[>>>>>>>>>>>>>>>            ] 4399/7824, 95.2 task/s, elapsed: 46s, ETA:    36s[>>>>>>>>>>>>>>>            ] 4400/7824, 95.2 task/s, elapsed: 46s, ETA:    36s[>>>>>>>>>>>>>>>            ] 4401/7824, 95.2 task/s, elapsed: 46s, ETA:    36s[>>>>>>>>>>>>>>>            ] 4402/7824, 95.2 task/s, elapsed: 46s, ETA:    36s[>>>>>>>>>>>>>>>            ] 4403/7824, 95.2 task/s, elapsed: 46s, ETA:    36s[>>>>>>>>>>>>>>>            ] 4404/7824, 95.2 task/s, elapsed: 46s, ETA:    36s[>>>>>>>>>>>>>>>            ] 4405/7824, 95.2 task/s, elapsed: 46s, ETA:    36s[>>>>>>>>>>>>>>>            ] 4406/7824, 95.2 task/s, elapsed: 46s, ETA:    36s[>>>>>>>>>>>>>>>            ] 4407/7824, 95.2 task/s, elapsed: 46s, ETA:    36s[>>>>>>>>>>>>>>>            ] 4408/7824, 95.2 task/s, elapsed: 46s, ETA:    36s[>>>>>>>>>>>>>>>            ] 4409/7824, 95.2 task/s, elapsed: 46s, ETA:    36s[>>>>>>>>>>>>>>>            ] 4410/7824, 95.2 task/s, elapsed: 46s, ETA:    36s[>>>>>>>>>>>>>>>            ] 4411/7824, 95.2 task/s, elapsed: 46s, ETA:    36s[>>>>>>>>>>>>>>>            ] 4412/7824, 95.2 task/s, elapsed: 46s, ETA:    36s[>>>>>>>>>>>>>>>            ] 4413/7824, 95.2 task/s, elapsed: 46s, ETA:    36s[>>>>>>>>>>>>>>>            ] 4414/7824, 95.2 task/s, elapsed: 46s, ETA:    36s[>>>>>>>>>>>>>>>            ] 4415/7824, 95.2 task/s, elapsed: 46s, ETA:    36s[>>>>>>>>>>>>>>>            ] 4416/7824, 95.3 task/s, elapsed: 46s, ETA:    36s[>>>>>>>>>>>>>>>            ] 4417/7824, 95.3 task/s, elapsed: 46s, ETA:    36s[>>>>>>>>>>>>>>>            ] 4418/7824, 95.3 task/s, elapsed: 46s, ETA:    36s[>>>>>>>>>>>>>>>            ] 4419/7824, 95.3 task/s, elapsed: 46s, ETA:    36s[>>>>>>>>>>>>>>>            ] 4420/7824, 95.3 task/s, elapsed: 46s, ETA:    36s[>>>>>>>>>>>>>>>            ] 4421/7824, 95.3 task/s, elapsed: 46s, ETA:    36s[>>>>>>>>>>>>>>>            ] 4422/7824, 95.3 task/s, elapsed: 46s, ETA:    36s[>>>>>>>>>>>>>>>            ] 4423/7824, 95.3 task/s, elapsed: 46s, ETA:    36s[>>>>>>>>>>>>>>>            ] 4424/7824, 95.3 task/s, elapsed: 46s, ETA:    36s[>>>>>>>>>>>>>>>            ] 4425/7824, 95.3 task/s, elapsed: 46s, ETA:    36s[>>>>>>>>>>>>>>>            ] 4426/7824, 95.3 task/s, elapsed: 46s, ETA:    36s[>>>>>>>>>>>>>>>            ] 4427/7824, 95.3 task/s, elapsed: 46s, ETA:    36s[>>>>>>>>>>>>>>>            ] 4428/7824, 95.3 task/s, elapsed: 46s, ETA:    36s[>>>>>>>>>>>>>>>            ] 4429/7824, 95.3 task/s, elapsed: 46s, ETA:    36s[>>>>>>>>>>>>>>>            ] 4430/7824, 95.3 task/s, elapsed: 46s, ETA:    36s[>>>>>>>>>>>>>>>            ] 4431/7824, 95.3 task/s, elapsed: 46s, ETA:    36s[>>>>>>>>>>>>>>>            ] 4432/7824, 95.3 task/s, elapsed: 47s, ETA:    36s[>>>>>>>>>>>>>>>            ] 4433/7824, 95.3 task/s, elapsed: 47s, ETA:    36s[>>>>>>>>>>>>>>>            ] 4434/7824, 95.3 task/s, elapsed: 47s, ETA:    36s[>>>>>>>>>>>>>>>            ] 4435/7824, 95.3 task/s, elapsed: 47s, ETA:    36s[>>>>>>>>>>>>>>>            ] 4436/7824, 95.3 task/s, elapsed: 47s, ETA:    36s[>>>>>>>>>>>>>>>            ] 4437/7824, 95.3 task/s, elapsed: 47s, ETA:    36s[>>>>>>>>>>>>>>>            ] 4438/7824, 95.3 task/s, elapsed: 47s, ETA:    36s[>>>>>>>>>>>>>>>            ] 4439/7824, 95.3 task/s, elapsed: 47s, ETA:    36s[>>>>>>>>>>>>>>>            ] 4440/7824, 95.3 task/s, elapsed: 47s, ETA:    35s[>>>>>>>>>>>>>>>            ] 4441/7824, 95.3 task/s, elapsed: 47s, ETA:    35s[>>>>>>>>>>>>>>>            ] 4442/7824, 95.3 task/s, elapsed: 47s, ETA:    35s[>>>>>>>>>>>>>>>            ] 4443/7824, 95.3 task/s, elapsed: 47s, ETA:    35s[>>>>>>>>>>>>>>>            ] 4444/7824, 95.3 task/s, elapsed: 47s, ETA:    35s[>>>>>>>>>>>>>>>            ] 4445/7824, 95.3 task/s, elapsed: 47s, ETA:    35s[>>>>>>>>>>>>>>>            ] 4446/7824, 95.3 task/s, elapsed: 47s, ETA:    35s[>>>>>>>>>>>>>>>            ] 4447/7824, 95.3 task/s, elapsed: 47s, ETA:    35s[>>>>>>>>>>>>>>>            ] 4448/7824, 95.4 task/s, elapsed: 47s, ETA:    35s[>>>>>>>>>>>>>>>            ] 4449/7824, 95.4 task/s, elapsed: 47s, ETA:    35s[>>>>>>>>>>>>>>>            ] 4450/7824, 95.4 task/s, elapsed: 47s, ETA:    35s[>>>>>>>>>>>>>>>            ] 4451/7824, 95.4 task/s, elapsed: 47s, ETA:    35s[>>>>>>>>>>>>>>>            ] 4452/7824, 95.4 task/s, elapsed: 47s, ETA:    35s[>>>>>>>>>>>>>>>            ] 4453/7824, 95.4 task/s, elapsed: 47s, ETA:    35s[>>>>>>>>>>>>>>>            ] 4454/7824, 95.4 task/s, elapsed: 47s, ETA:    35s[>>>>>>>>>>>>>>>            ] 4455/7824, 95.4 task/s, elapsed: 47s, ETA:    35s[>>>>>>>>>>>>>>>            ] 4456/7824, 95.4 task/s, elapsed: 47s, ETA:    35s[>>>>>>>>>>>>>>>            ] 4457/7824, 95.4 task/s, elapsed: 47s, ETA:    35s[>>>>>>>>>>>>>>>            ] 4458/7824, 95.4 task/s, elapsed: 47s, ETA:    35s[>>>>>>>>>>>>>>>            ] 4459/7824, 95.4 task/s, elapsed: 47s, ETA:    35s[>>>>>>>>>>>>>>>            ] 4460/7824, 95.4 task/s, elapsed: 47s, ETA:    35s[>>>>>>>>>>>>>>>            ] 4461/7824, 95.4 task/s, elapsed: 47s, ETA:    35s[>>>>>>>>>>>>>>>            ] 4462/7824, 95.4 task/s, elapsed: 47s, ETA:    35s[>>>>>>>>>>>>>>>            ] 4463/7824, 95.4 task/s, elapsed: 47s, ETA:    35s[>>>>>>>>>>>>>>>            ] 4464/7824, 95.4 task/s, elapsed: 47s, ETA:    35s[>>>>>>>>>>>>>>>            ] 4465/7824, 95.4 task/s, elapsed: 47s, ETA:    35s[>>>>>>>>>>>>>>>            ] 4466/7824, 95.4 task/s, elapsed: 47s, ETA:    35s[>>>>>>>>>>>>>>>            ] 4467/7824, 95.4 task/s, elapsed: 47s, ETA:    35s[>>>>>>>>>>>>>>>            ] 4468/7824, 95.4 task/s, elapsed: 47s, ETA:    35s[>>>>>>>>>>>>>>>            ] 4469/7824, 95.4 task/s, elapsed: 47s, ETA:    35s[>>>>>>>>>>>>>>>            ] 4470/7824, 95.4 task/s, elapsed: 47s, ETA:    35s[>>>>>>>>>>>>>>>            ] 4471/7824, 95.4 task/s, elapsed: 47s, ETA:    35s[>>>>>>>>>>>>>>>            ] 4472/7824, 95.4 task/s, elapsed: 47s, ETA:    35s[>>>>>>>>>>>>>>>            ] 4473/7824, 95.4 task/s, elapsed: 47s, ETA:    35s[>>>>>>>>>>>>>>>            ] 4474/7824, 95.4 task/s, elapsed: 47s, ETA:    35s[>>>>>>>>>>>>>>>            ] 4475/7824, 95.4 task/s, elapsed: 47s, ETA:    35s[>>>>>>>>>>>>>>>            ] 4476/7824, 95.4 task/s, elapsed: 47s, ETA:    35s[>>>>>>>>>>>>>>>            ] 4477/7824, 95.4 task/s, elapsed: 47s, ETA:    35s[>>>>>>>>>>>>>>>            ] 4478/7824, 95.4 task/s, elapsed: 47s, ETA:    35s[>>>>>>>>>>>>>>>            ] 4479/7824, 95.4 task/s, elapsed: 47s, ETA:    35s[>>>>>>>>>>>>>>>            ] 4480/7824, 95.4 task/s, elapsed: 47s, ETA:    35s[>>>>>>>>>>>>>>>            ] 4481/7824, 95.4 task/s, elapsed: 47s, ETA:    35s[>>>>>>>>>>>>>>>            ] 4482/7824, 95.4 task/s, elapsed: 47s, ETA:    35s[>>>>>>>>>>>>>>>            ] 4483/7824, 95.4 task/s, elapsed: 47s, ETA:    35s[>>>>>>>>>>>>>>>            ] 4484/7824, 95.5 task/s, elapsed: 47s, ETA:    35s[>>>>>>>>>>>>>>>            ] 4485/7824, 95.5 task/s, elapsed: 47s, ETA:    35s[>>>>>>>>>>>>>>>            ] 4486/7824, 95.5 task/s, elapsed: 47s, ETA:    35s[>>>>>>>>>>>>>>>            ] 4487/7824, 95.5 task/s, elapsed: 47s, ETA:    35s[>>>>>>>>>>>>>>>            ] 4488/7824, 95.5 task/s, elapsed: 47s, ETA:    35s[>>>>>>>>>>>>>>>            ] 4489/7824, 95.5 task/s, elapsed: 47s, ETA:    35s[>>>>>>>>>>>>>>>            ] 4490/7824, 95.5 task/s, elapsed: 47s, ETA:    35s[>>>>>>>>>>>>>>>            ] 4491/7824, 95.5 task/s, elapsed: 47s, ETA:    35s[>>>>>>>>>>>>>>>            ] 4492/7824, 95.5 task/s, elapsed: 47s, ETA:    35s[>>>>>>>>>>>>>>>            ] 4493/7824, 95.5 task/s, elapsed: 47s, ETA:    35s[>>>>>>>>>>>>>>>            ] 4494/7824, 95.5 task/s, elapsed: 47s, ETA:    35s[>>>>>>>>>>>>>>>            ] 4495/7824, 95.5 task/s, elapsed: 47s, ETA:    35s[>>>>>>>>>>>>>>>            ] 4496/7824, 95.5 task/s, elapsed: 47s, ETA:    35s[>>>>>>>>>>>>>>>            ] 4497/7824, 95.5 task/s, elapsed: 47s, ETA:    35s[>>>>>>>>>>>>>>>            ] 4498/7824, 95.5 task/s, elapsed: 47s, ETA:    35s[>>>>>>>>>>>>>>>            ] 4499/7824, 95.5 task/s, elapsed: 47s, ETA:    35s[>>>>>>>>>>>>>>>            ] 4500/7824, 95.5 task/s, elapsed: 47s, ETA:    35s[>>>>>>>>>>>>>>>            ] 4501/7824, 95.5 task/s, elapsed: 47s, ETA:    35s[>>>>>>>>>>>>>>>            ] 4502/7824, 95.5 task/s, elapsed: 47s, ETA:    35s[>>>>>>>>>>>>>>>            ] 4503/7824, 95.5 task/s, elapsed: 47s, ETA:    35s[>>>>>>>>>>>>>>>            ] 4504/7824, 95.5 task/s, elapsed: 47s, ETA:    35s[>>>>>>>>>>>>>>>            ] 4505/7824, 95.5 task/s, elapsed: 47s, ETA:    35s[>>>>>>>>>>>>>>>            ] 4506/7824, 95.5 task/s, elapsed: 47s, ETA:    35s[>>>>>>>>>>>>>>>            ] 4507/7824, 95.5 task/s, elapsed: 47s, ETA:    35s[>>>>>>>>>>>>>>>            ] 4508/7824, 95.5 task/s, elapsed: 47s, ETA:    35s[>>>>>>>>>>>>>>>            ] 4509/7824, 95.5 task/s, elapsed: 47s, ETA:    35s[>>>>>>>>>>>>>>>            ] 4510/7824, 95.5 task/s, elapsed: 47s, ETA:    35s[>>>>>>>>>>>>>>>            ] 4511/7824, 95.5 task/s, elapsed: 47s, ETA:    35s[>>>>>>>>>>>>>>>            ] 4512/7824, 95.5 task/s, elapsed: 47s, ETA:    35s[>>>>>>>>>>>>>>>            ] 4513/7824, 95.5 task/s, elapsed: 47s, ETA:    35s[>>>>>>>>>>>>>>>            ] 4514/7824, 95.5 task/s, elapsed: 47s, ETA:    35s[>>>>>>>>>>>>>>>            ] 4515/7824, 95.6 task/s, elapsed: 47s, ETA:    35s[>>>>>>>>>>>>>>>            ] 4516/7824, 95.6 task/s, elapsed: 47s, ETA:    35s[>>>>>>>>>>>>>>>            ] 4517/7824, 95.6 task/s, elapsed: 47s, ETA:    35s[>>>>>>>>>>>>>>>            ] 4518/7824, 95.6 task/s, elapsed: 47s, ETA:    35s[>>>>>>>>>>>>>>>            ] 4519/7824, 95.6 task/s, elapsed: 47s, ETA:    35s[>>>>>>>>>>>>>>>            ] 4520/7824, 95.6 task/s, elapsed: 47s, ETA:    35s[>>>>>>>>>>>>>>>            ] 4521/7824, 95.6 task/s, elapsed: 47s, ETA:    35s[>>>>>>>>>>>>>>>            ] 4522/7824, 95.6 task/s, elapsed: 47s, ETA:    35s[>>>>>>>>>>>>>>>            ] 4523/7824, 95.6 task/s, elapsed: 47s, ETA:    35s[>>>>>>>>>>>>>>>            ] 4524/7824, 95.6 task/s, elapsed: 47s, ETA:    35s[>>>>>>>>>>>>>>>            ] 4525/7824, 95.6 task/s, elapsed: 47s, ETA:    35s[>>>>>>>>>>>>>>>            ] 4526/7824, 95.6 task/s, elapsed: 47s, ETA:    35s[>>>>>>>>>>>>>>>            ] 4527/7824, 95.6 task/s, elapsed: 47s, ETA:    34s[>>>>>>>>>>>>>>>            ] 4528/7824, 95.6 task/s, elapsed: 47s, ETA:    34s[>>>>>>>>>>>>>>>            ] 4529/7824, 95.6 task/s, elapsed: 47s, ETA:    34s[>>>>>>>>>>>>>>>            ] 4530/7824, 95.6 task/s, elapsed: 47s, ETA:    34s[>>>>>>>>>>>>>>>            ] 4531/7824, 95.6 task/s, elapsed: 47s, ETA:    34s[>>>>>>>>>>>>>>>            ] 4532/7824, 95.6 task/s, elapsed: 47s, ETA:    34s[>>>>>>>>>>>>>>>            ] 4533/7824, 95.6 task/s, elapsed: 47s, ETA:    34s[>>>>>>>>>>>>>>>            ] 4534/7824, 95.6 task/s, elapsed: 47s, ETA:    34s[>>>>>>>>>>>>>>>            ] 4535/7824, 95.6 task/s, elapsed: 47s, ETA:    34s[>>>>>>>>>>>>>>>            ] 4536/7824, 95.6 task/s, elapsed: 47s, ETA:    34s[>>>>>>>>>>>>>>>            ] 4537/7824, 95.6 task/s, elapsed: 47s, ETA:    34s[>>>>>>>>>>>>>>>            ] 4538/7824, 95.6 task/s, elapsed: 47s, ETA:    34s[>>>>>>>>>>>>>>>            ] 4539/7824, 95.6 task/s, elapsed: 47s, ETA:    34s[>>>>>>>>>>>>>>>            ] 4540/7824, 95.6 task/s, elapsed: 47s, ETA:    34s[>>>>>>>>>>>>>>>            ] 4541/7824, 95.6 task/s, elapsed: 47s, ETA:    34s[>>>>>>>>>>>>>>>            ] 4542/7824, 95.6 task/s, elapsed: 47s, ETA:    34s[>>>>>>>>>>>>>>>            ] 4543/7824, 95.6 task/s, elapsed: 48s, ETA:    34s[>>>>>>>>>>>>>>>            ] 4544/7824, 95.6 task/s, elapsed: 48s, ETA:    34s[>>>>>>>>>>>>>>>            ] 4545/7824, 95.6 task/s, elapsed: 48s, ETA:    34s[>>>>>>>>>>>>>>>            ] 4546/7824, 95.6 task/s, elapsed: 48s, ETA:    34s[>>>>>>>>>>>>>>>            ] 4547/7824, 95.6 task/s, elapsed: 48s, ETA:    34s[>>>>>>>>>>>>>>>            ] 4548/7824, 95.6 task/s, elapsed: 48s, ETA:    34s[>>>>>>>>>>>>>>>            ] 4549/7824, 95.6 task/s, elapsed: 48s, ETA:    34s[>>>>>>>>>>>>>>>            ] 4550/7824, 95.7 task/s, elapsed: 48s, ETA:    34s[>>>>>>>>>>>>>>>            ] 4551/7824, 95.7 task/s, elapsed: 48s, ETA:    34s[>>>>>>>>>>>>>>>            ] 4552/7824, 95.7 task/s, elapsed: 48s, ETA:    34s[>>>>>>>>>>>>>>>            ] 4553/7824, 95.7 task/s, elapsed: 48s, ETA:    34s[>>>>>>>>>>>>>>>            ] 4554/7824, 95.7 task/s, elapsed: 48s, ETA:    34s[>>>>>>>>>>>>>>>            ] 4555/7824, 95.7 task/s, elapsed: 48s, ETA:    34s[>>>>>>>>>>>>>>>            ] 4556/7824, 95.7 task/s, elapsed: 48s, ETA:    34s[>>>>>>>>>>>>>>>            ] 4557/7824, 95.7 task/s, elapsed: 48s, ETA:    34s[>>>>>>>>>>>>>>>            ] 4558/7824, 95.7 task/s, elapsed: 48s, ETA:    34s[>>>>>>>>>>>>>>>            ] 4559/7824, 95.7 task/s, elapsed: 48s, ETA:    34s[>>>>>>>>>>>>>>>            ] 4560/7824, 95.7 task/s, elapsed: 48s, ETA:    34s[>>>>>>>>>>>>>>>            ] 4561/7824, 95.7 task/s, elapsed: 48s, ETA:    34s[>>>>>>>>>>>>>>>            ] 4562/7824, 95.7 task/s, elapsed: 48s, ETA:    34s[>>>>>>>>>>>>>>>            ] 4563/7824, 95.7 task/s, elapsed: 48s, ETA:    34s[>>>>>>>>>>>>>>>            ] 4564/7824, 95.7 task/s, elapsed: 48s, ETA:    34s[>>>>>>>>>>>>>>>            ] 4565/7824, 95.7 task/s, elapsed: 48s, ETA:    34s[>>>>>>>>>>>>>>>            ] 4566/7824, 95.7 task/s, elapsed: 48s, ETA:    34s[>>>>>>>>>>>>>>>            ] 4567/7824, 95.7 task/s, elapsed: 48s, ETA:    34s[>>>>>>>>>>>>>>>            ] 4568/7824, 95.7 task/s, elapsed: 48s, ETA:    34s[>>>>>>>>>>>>>>>            ] 4569/7824, 95.7 task/s, elapsed: 48s, ETA:    34s[>>>>>>>>>>>>>>>            ] 4570/7824, 95.7 task/s, elapsed: 48s, ETA:    34s[>>>>>>>>>>>>>>>            ] 4571/7824, 95.7 task/s, elapsed: 48s, ETA:    34s[>>>>>>>>>>>>>>>            ] 4572/7824, 95.7 task/s, elapsed: 48s, ETA:    34s[>>>>>>>>>>>>>>>            ] 4573/7824, 95.7 task/s, elapsed: 48s, ETA:    34s[>>>>>>>>>>>>>>>            ] 4574/7824, 95.7 task/s, elapsed: 48s, ETA:    34s[>>>>>>>>>>>>>>>            ] 4575/7824, 95.7 task/s, elapsed: 48s, ETA:    34s[>>>>>>>>>>>>>>>            ] 4576/7824, 95.7 task/s, elapsed: 48s, ETA:    34s[>>>>>>>>>>>>>>>            ] 4577/7824, 95.7 task/s, elapsed: 48s, ETA:    34s[>>>>>>>>>>>>>>>            ] 4578/7824, 95.7 task/s, elapsed: 48s, ETA:    34s[>>>>>>>>>>>>>>>            ] 4579/7824, 95.7 task/s, elapsed: 48s, ETA:    34s[>>>>>>>>>>>>>>>            ] 4580/7824, 95.7 task/s, elapsed: 48s, ETA:    34s[>>>>>>>>>>>>>>>            ] 4581/7824, 95.7 task/s, elapsed: 48s, ETA:    34s[>>>>>>>>>>>>>>>            ] 4582/7824, 95.7 task/s, elapsed: 48s, ETA:    34s[>>>>>>>>>>>>>>>            ] 4583/7824, 95.8 task/s, elapsed: 48s, ETA:    34s[>>>>>>>>>>>>>>>            ] 4584/7824, 95.8 task/s, elapsed: 48s, ETA:    34s[>>>>>>>>>>>>>>>            ] 4585/7824, 95.8 task/s, elapsed: 48s, ETA:    34s[>>>>>>>>>>>>>>>            ] 4586/7824, 95.8 task/s, elapsed: 48s, ETA:    34s[>>>>>>>>>>>>>>>            ] 4587/7824, 95.8 task/s, elapsed: 48s, ETA:    34s[>>>>>>>>>>>>>>>            ] 4588/7824, 95.8 task/s, elapsed: 48s, ETA:    34s[>>>>>>>>>>>>>>>            ] 4589/7824, 95.8 task/s, elapsed: 48s, ETA:    34s[>>>>>>>>>>>>>>>            ] 4590/7824, 95.8 task/s, elapsed: 48s, ETA:    34s[>>>>>>>>>>>>>>>            ] 4591/7824, 95.8 task/s, elapsed: 48s, ETA:    34s[>>>>>>>>>>>>>>>            ] 4592/7824, 95.8 task/s, elapsed: 48s, ETA:    34s[>>>>>>>>>>>>>>>            ] 4593/7824, 95.8 task/s, elapsed: 48s, ETA:    34s[>>>>>>>>>>>>>>>            ] 4594/7824, 95.8 task/s, elapsed: 48s, ETA:    34s[>>>>>>>>>>>>>>>            ] 4595/7824, 95.8 task/s, elapsed: 48s, ETA:    34s[>>>>>>>>>>>>>>>            ] 4596/7824, 95.8 task/s, elapsed: 48s, ETA:    34s[>>>>>>>>>>>>>>>            ] 4597/7824, 95.8 task/s, elapsed: 48s, ETA:    34s[>>>>>>>>>>>>>>>            ] 4598/7824, 95.8 task/s, elapsed: 48s, ETA:    34s[>>>>>>>>>>>>>>>            ] 4599/7824, 95.8 task/s, elapsed: 48s, ETA:    34s[>>>>>>>>>>>>>>>            ] 4600/7824, 95.8 task/s, elapsed: 48s, ETA:    34s[>>>>>>>>>>>>>>>            ] 4601/7824, 95.8 task/s, elapsed: 48s, ETA:    34s[>>>>>>>>>>>>>>>            ] 4602/7824, 95.8 task/s, elapsed: 48s, ETA:    34s[>>>>>>>>>>>>>>>            ] 4603/7824, 95.8 task/s, elapsed: 48s, ETA:    34s[>>>>>>>>>>>>>>>            ] 4604/7824, 95.8 task/s, elapsed: 48s, ETA:    34s[>>>>>>>>>>>>>>>            ] 4605/7824, 95.8 task/s, elapsed: 48s, ETA:    34s[>>>>>>>>>>>>>>>            ] 4606/7824, 95.8 task/s, elapsed: 48s, ETA:    34s[>>>>>>>>>>>>>>>            ] 4607/7824, 95.8 task/s, elapsed: 48s, ETA:    34s[>>>>>>>>>>>>>>>            ] 4608/7824, 95.8 task/s, elapsed: 48s, ETA:    34s[>>>>>>>>>>>>>>>            ] 4609/7824, 95.8 task/s, elapsed: 48s, ETA:    34s[>>>>>>>>>>>>>>>            ] 4610/7824, 95.8 task/s, elapsed: 48s, ETA:    34s[>>>>>>>>>>>>>>>            ] 4611/7824, 95.8 task/s, elapsed: 48s, ETA:    34s[>>>>>>>>>>>>>>>            ] 4612/7824, 95.8 task/s, elapsed: 48s, ETA:    34s[>>>>>>>>>>>>>>>            ] 4613/7824, 95.8 task/s, elapsed: 48s, ETA:    34s[>>>>>>>>>>>>>>>            ] 4614/7824, 95.8 task/s, elapsed: 48s, ETA:    33s[>>>>>>>>>>>>>>>            ] 4615/7824, 95.9 task/s, elapsed: 48s, ETA:    33s[>>>>>>>>>>>>>>>            ] 4616/7824, 95.9 task/s, elapsed: 48s, ETA:    33s[>>>>>>>>>>>>>>>            ] 4617/7824, 95.9 task/s, elapsed: 48s, ETA:    33s[>>>>>>>>>>>>>>>            ] 4618/7824, 95.9 task/s, elapsed: 48s, ETA:    33s[>>>>>>>>>>>>>>>            ] 4619/7824, 95.9 task/s, elapsed: 48s, ETA:    33s[>>>>>>>>>>>>>>>            ] 4620/7824, 95.9 task/s, elapsed: 48s, ETA:    33s[>>>>>>>>>>>>>>>            ] 4621/7824, 95.9 task/s, elapsed: 48s, ETA:    33s[>>>>>>>>>>>>>>>            ] 4622/7824, 95.9 task/s, elapsed: 48s, ETA:    33s[>>>>>>>>>>>>>>>            ] 4623/7824, 95.9 task/s, elapsed: 48s, ETA:    33s[>>>>>>>>>>>>>>>            ] 4624/7824, 95.9 task/s, elapsed: 48s, ETA:    33s[>>>>>>>>>>>>>>>            ] 4625/7824, 95.9 task/s, elapsed: 48s, ETA:    33s[>>>>>>>>>>>>>>>            ] 4626/7824, 95.9 task/s, elapsed: 48s, ETA:    33s[>>>>>>>>>>>>>>>            ] 4627/7824, 95.9 task/s, elapsed: 48s, ETA:    33s[>>>>>>>>>>>>>>>            ] 4628/7824, 95.9 task/s, elapsed: 48s, ETA:    33s[>>>>>>>>>>>>>>>            ] 4629/7824, 95.9 task/s, elapsed: 48s, ETA:    33s[>>>>>>>>>>>>>>>            ] 4630/7824, 95.9 task/s, elapsed: 48s, ETA:    33s[>>>>>>>>>>>>>>>            ] 4631/7824, 95.9 task/s, elapsed: 48s, ETA:    33s[>>>>>>>>>>>>>>>            ] 4632/7824, 95.9 task/s, elapsed: 48s, ETA:    33s[>>>>>>>>>>>>>>>            ] 4633/7824, 95.9 task/s, elapsed: 48s, ETA:    33s[>>>>>>>>>>>>>>>            ] 4634/7824, 95.9 task/s, elapsed: 48s, ETA:    33s[>>>>>>>>>>>>>>>            ] 4635/7824, 95.9 task/s, elapsed: 48s, ETA:    33s[>>>>>>>>>>>>>>>            ] 4636/7824, 95.9 task/s, elapsed: 48s, ETA:    33s[>>>>>>>>>>>>>>>>           ] 4637/7824, 95.9 task/s, elapsed: 48s, ETA:    33s[>>>>>>>>>>>>>>>>           ] 4638/7824, 95.9 task/s, elapsed: 48s, ETA:    33s[>>>>>>>>>>>>>>>>           ] 4639/7824, 95.9 task/s, elapsed: 48s, ETA:    33s[>>>>>>>>>>>>>>>>           ] 4640/7824, 95.9 task/s, elapsed: 48s, ETA:    33s[>>>>>>>>>>>>>>>>           ] 4641/7824, 95.9 task/s, elapsed: 48s, ETA:    33s[>>>>>>>>>>>>>>>>           ] 4642/7824, 95.9 task/s, elapsed: 48s, ETA:    33s[>>>>>>>>>>>>>>>>           ] 4643/7824, 95.9 task/s, elapsed: 48s, ETA:    33s[>>>>>>>>>>>>>>>>           ] 4644/7824, 95.9 task/s, elapsed: 48s, ETA:    33s[>>>>>>>>>>>>>>>>           ] 4645/7824, 95.9 task/s, elapsed: 48s, ETA:    33s[>>>>>>>>>>>>>>>>           ] 4646/7824, 95.9 task/s, elapsed: 48s, ETA:    33s[>>>>>>>>>>>>>>>>           ] 4647/7824, 95.9 task/s, elapsed: 48s, ETA:    33s[>>>>>>>>>>>>>>>>           ] 4648/7824, 96.0 task/s, elapsed: 48s, ETA:    33s[>>>>>>>>>>>>>>>>           ] 4649/7824, 96.0 task/s, elapsed: 48s, ETA:    33s[>>>>>>>>>>>>>>>>           ] 4650/7824, 96.0 task/s, elapsed: 48s, ETA:    33s[>>>>>>>>>>>>>>>>           ] 4651/7824, 96.0 task/s, elapsed: 48s, ETA:    33s[>>>>>>>>>>>>>>>>           ] 4652/7824, 96.0 task/s, elapsed: 48s, ETA:    33s[>>>>>>>>>>>>>>>>           ] 4653/7824, 96.0 task/s, elapsed: 48s, ETA:    33s[>>>>>>>>>>>>>>>>           ] 4654/7824, 96.0 task/s, elapsed: 48s, ETA:    33s[>>>>>>>>>>>>>>>>           ] 4655/7824, 96.0 task/s, elapsed: 49s, ETA:    33s[>>>>>>>>>>>>>>>>           ] 4656/7824, 96.0 task/s, elapsed: 49s, ETA:    33s[>>>>>>>>>>>>>>>>           ] 4657/7824, 96.0 task/s, elapsed: 49s, ETA:    33s[>>>>>>>>>>>>>>>>           ] 4658/7824, 96.0 task/s, elapsed: 49s, ETA:    33s[>>>>>>>>>>>>>>>>           ] 4659/7824, 96.0 task/s, elapsed: 49s, ETA:    33s[>>>>>>>>>>>>>>>>           ] 4660/7824, 96.0 task/s, elapsed: 49s, ETA:    33s[>>>>>>>>>>>>>>>>           ] 4661/7824, 96.0 task/s, elapsed: 49s, ETA:    33s[>>>>>>>>>>>>>>>>           ] 4662/7824, 96.0 task/s, elapsed: 49s, ETA:    33s[>>>>>>>>>>>>>>>>           ] 4663/7824, 96.0 task/s, elapsed: 49s, ETA:    33s[>>>>>>>>>>>>>>>>           ] 4664/7824, 96.0 task/s, elapsed: 49s, ETA:    33s[>>>>>>>>>>>>>>>>           ] 4665/7824, 96.0 task/s, elapsed: 49s, ETA:    33s[>>>>>>>>>>>>>>>>           ] 4666/7824, 96.0 task/s, elapsed: 49s, ETA:    33s[>>>>>>>>>>>>>>>>           ] 4667/7824, 96.0 task/s, elapsed: 49s, ETA:    33s[>>>>>>>>>>>>>>>>           ] 4668/7824, 96.0 task/s, elapsed: 49s, ETA:    33s[>>>>>>>>>>>>>>>>           ] 4669/7824, 96.0 task/s, elapsed: 49s, ETA:    33s[>>>>>>>>>>>>>>>>           ] 4670/7824, 96.0 task/s, elapsed: 49s, ETA:    33s[>>>>>>>>>>>>>>>>           ] 4671/7824, 96.0 task/s, elapsed: 49s, ETA:    33s[>>>>>>>>>>>>>>>>           ] 4672/7824, 96.0 task/s, elapsed: 49s, ETA:    33s[>>>>>>>>>>>>>>>>           ] 4673/7824, 96.0 task/s, elapsed: 49s, ETA:    33s[>>>>>>>>>>>>>>>>           ] 4674/7824, 96.0 task/s, elapsed: 49s, ETA:    33s[>>>>>>>>>>>>>>>>           ] 4675/7824, 96.0 task/s, elapsed: 49s, ETA:    33s[>>>>>>>>>>>>>>>>           ] 4676/7824, 96.0 task/s, elapsed: 49s, ETA:    33s[>>>>>>>>>>>>>>>>           ] 4677/7824, 96.0 task/s, elapsed: 49s, ETA:    33s[>>>>>>>>>>>>>>>>           ] 4678/7824, 96.0 task/s, elapsed: 49s, ETA:    33s[>>>>>>>>>>>>>>>>           ] 4679/7824, 96.0 task/s, elapsed: 49s, ETA:    33s[>>>>>>>>>>>>>>>>           ] 4680/7824, 96.0 task/s, elapsed: 49s, ETA:    33s[>>>>>>>>>>>>>>>>           ] 4681/7824, 96.0 task/s, elapsed: 49s, ETA:    33s[>>>>>>>>>>>>>>>>           ] 4682/7824, 96.1 task/s, elapsed: 49s, ETA:    33s[>>>>>>>>>>>>>>>>           ] 4683/7824, 96.1 task/s, elapsed: 49s, ETA:    33s[>>>>>>>>>>>>>>>>           ] 4684/7824, 96.1 task/s, elapsed: 49s, ETA:    33s[>>>>>>>>>>>>>>>>           ] 4685/7824, 96.1 task/s, elapsed: 49s, ETA:    33s[>>>>>>>>>>>>>>>>           ] 4686/7824, 96.1 task/s, elapsed: 49s, ETA:    33s[>>>>>>>>>>>>>>>>           ] 4687/7824, 96.1 task/s, elapsed: 49s, ETA:    33s[>>>>>>>>>>>>>>>>           ] 4688/7824, 96.1 task/s, elapsed: 49s, ETA:    33s[>>>>>>>>>>>>>>>>           ] 4689/7824, 96.1 task/s, elapsed: 49s, ETA:    33s[>>>>>>>>>>>>>>>>           ] 4690/7824, 96.1 task/s, elapsed: 49s, ETA:    33s[>>>>>>>>>>>>>>>>           ] 4691/7824, 96.1 task/s, elapsed: 49s, ETA:    33s[>>>>>>>>>>>>>>>>           ] 4692/7824, 96.1 task/s, elapsed: 49s, ETA:    33s[>>>>>>>>>>>>>>>>           ] 4693/7824, 96.1 task/s, elapsed: 49s, ETA:    33s[>>>>>>>>>>>>>>>>           ] 4694/7824, 96.1 task/s, elapsed: 49s, ETA:    33s[>>>>>>>>>>>>>>>>           ] 4695/7824, 96.1 task/s, elapsed: 49s, ETA:    33s[>>>>>>>>>>>>>>>>           ] 4696/7824, 96.1 task/s, elapsed: 49s, ETA:    33s[>>>>>>>>>>>>>>>>           ] 4697/7824, 96.1 task/s, elapsed: 49s, ETA:    33s[>>>>>>>>>>>>>>>>           ] 4698/7824, 96.1 task/s, elapsed: 49s, ETA:    33s[>>>>>>>>>>>>>>>>           ] 4699/7824, 96.1 task/s, elapsed: 49s, ETA:    33s[>>>>>>>>>>>>>>>>           ] 4700/7824, 96.1 task/s, elapsed: 49s, ETA:    33s[>>>>>>>>>>>>>>>>           ] 4701/7824, 96.1 task/s, elapsed: 49s, ETA:    32s[>>>>>>>>>>>>>>>>           ] 4702/7824, 96.1 task/s, elapsed: 49s, ETA:    32s[>>>>>>>>>>>>>>>>           ] 4703/7824, 96.1 task/s, elapsed: 49s, ETA:    32s[>>>>>>>>>>>>>>>>           ] 4704/7824, 96.1 task/s, elapsed: 49s, ETA:    32s[>>>>>>>>>>>>>>>>           ] 4705/7824, 96.1 task/s, elapsed: 49s, ETA:    32s[>>>>>>>>>>>>>>>>           ] 4706/7824, 96.1 task/s, elapsed: 49s, ETA:    32s[>>>>>>>>>>>>>>>>           ] 4707/7824, 96.1 task/s, elapsed: 49s, ETA:    32s[>>>>>>>>>>>>>>>>           ] 4708/7824, 96.1 task/s, elapsed: 49s, ETA:    32s[>>>>>>>>>>>>>>>>           ] 4709/7824, 96.1 task/s, elapsed: 49s, ETA:    32s[>>>>>>>>>>>>>>>>           ] 4710/7824, 96.1 task/s, elapsed: 49s, ETA:    32s[>>>>>>>>>>>>>>>>           ] 4711/7824, 96.1 task/s, elapsed: 49s, ETA:    32s[>>>>>>>>>>>>>>>>           ] 4712/7824, 96.1 task/s, elapsed: 49s, ETA:    32s[>>>>>>>>>>>>>>>>           ] 4713/7824, 96.1 task/s, elapsed: 49s, ETA:    32s[>>>>>>>>>>>>>>>>           ] 4714/7824, 96.1 task/s, elapsed: 49s, ETA:    32s[>>>>>>>>>>>>>>>>           ] 4715/7824, 96.1 task/s, elapsed: 49s, ETA:    32s[>>>>>>>>>>>>>>>>           ] 4716/7824, 96.2 task/s, elapsed: 49s, ETA:    32s[>>>>>>>>>>>>>>>>           ] 4717/7824, 96.2 task/s, elapsed: 49s, ETA:    32s[>>>>>>>>>>>>>>>>           ] 4718/7824, 96.2 task/s, elapsed: 49s, ETA:    32s[>>>>>>>>>>>>>>>>           ] 4719/7824, 96.2 task/s, elapsed: 49s, ETA:    32s[>>>>>>>>>>>>>>>>           ] 4720/7824, 96.2 task/s, elapsed: 49s, ETA:    32s[>>>>>>>>>>>>>>>>           ] 4721/7824, 96.2 task/s, elapsed: 49s, ETA:    32s[>>>>>>>>>>>>>>>>           ] 4722/7824, 96.2 task/s, elapsed: 49s, ETA:    32s[>>>>>>>>>>>>>>>>           ] 4723/7824, 96.2 task/s, elapsed: 49s, ETA:    32s[>>>>>>>>>>>>>>>>           ] 4724/7824, 96.2 task/s, elapsed: 49s, ETA:    32s[>>>>>>>>>>>>>>>>           ] 4725/7824, 96.2 task/s, elapsed: 49s, ETA:    32s[>>>>>>>>>>>>>>>>           ] 4726/7824, 96.2 task/s, elapsed: 49s, ETA:    32s[>>>>>>>>>>>>>>>>           ] 4727/7824, 96.2 task/s, elapsed: 49s, ETA:    32s[>>>>>>>>>>>>>>>>           ] 4728/7824, 96.2 task/s, elapsed: 49s, ETA:    32s[>>>>>>>>>>>>>>>>           ] 4729/7824, 96.2 task/s, elapsed: 49s, ETA:    32s[>>>>>>>>>>>>>>>>           ] 4730/7824, 96.2 task/s, elapsed: 49s, ETA:    32s[>>>>>>>>>>>>>>>>           ] 4731/7824, 96.2 task/s, elapsed: 49s, ETA:    32s[>>>>>>>>>>>>>>>>           ] 4732/7824, 96.2 task/s, elapsed: 49s, ETA:    32s[>>>>>>>>>>>>>>>>           ] 4733/7824, 96.2 task/s, elapsed: 49s, ETA:    32s[>>>>>>>>>>>>>>>>           ] 4734/7824, 96.2 task/s, elapsed: 49s, ETA:    32s[>>>>>>>>>>>>>>>>           ] 4735/7824, 96.2 task/s, elapsed: 49s, ETA:    32s[>>>>>>>>>>>>>>>>           ] 4736/7824, 96.2 task/s, elapsed: 49s, ETA:    32s[>>>>>>>>>>>>>>>>           ] 4737/7824, 96.2 task/s, elapsed: 49s, ETA:    32s[>>>>>>>>>>>>>>>>           ] 4738/7824, 96.2 task/s, elapsed: 49s, ETA:    32s[>>>>>>>>>>>>>>>>           ] 4739/7824, 96.2 task/s, elapsed: 49s, ETA:    32s[>>>>>>>>>>>>>>>>           ] 4740/7824, 96.2 task/s, elapsed: 49s, ETA:    32s[>>>>>>>>>>>>>>>>           ] 4741/7824, 96.2 task/s, elapsed: 49s, ETA:    32s[>>>>>>>>>>>>>>>>           ] 4742/7824, 96.2 task/s, elapsed: 49s, ETA:    32s[>>>>>>>>>>>>>>>>           ] 4743/7824, 96.2 task/s, elapsed: 49s, ETA:    32s[>>>>>>>>>>>>>>>>           ] 4744/7824, 96.2 task/s, elapsed: 49s, ETA:    32s[>>>>>>>>>>>>>>>>           ] 4745/7824, 96.2 task/s, elapsed: 49s, ETA:    32s[>>>>>>>>>>>>>>>>           ] 4746/7824, 96.2 task/s, elapsed: 49s, ETA:    32s[>>>>>>>>>>>>>>>>           ] 4747/7824, 96.3 task/s, elapsed: 49s, ETA:    32s[>>>>>>>>>>>>>>>>           ] 4748/7824, 96.3 task/s, elapsed: 49s, ETA:    32s[>>>>>>>>>>>>>>>>           ] 4749/7824, 96.3 task/s, elapsed: 49s, ETA:    32s[>>>>>>>>>>>>>>>>           ] 4750/7824, 96.3 task/s, elapsed: 49s, ETA:    32s[>>>>>>>>>>>>>>>>           ] 4751/7824, 96.3 task/s, elapsed: 49s, ETA:    32s[>>>>>>>>>>>>>>>>           ] 4752/7824, 96.3 task/s, elapsed: 49s, ETA:    32s[>>>>>>>>>>>>>>>>           ] 4753/7824, 96.3 task/s, elapsed: 49s, ETA:    32s[>>>>>>>>>>>>>>>>           ] 4754/7824, 96.3 task/s, elapsed: 49s, ETA:    32s[>>>>>>>>>>>>>>>>           ] 4755/7824, 96.3 task/s, elapsed: 49s, ETA:    32s[>>>>>>>>>>>>>>>>           ] 4756/7824, 96.3 task/s, elapsed: 49s, ETA:    32s[>>>>>>>>>>>>>>>>           ] 4757/7824, 96.3 task/s, elapsed: 49s, ETA:    32s[>>>>>>>>>>>>>>>>           ] 4758/7824, 96.3 task/s, elapsed: 49s, ETA:    32s[>>>>>>>>>>>>>>>>           ] 4759/7824, 96.3 task/s, elapsed: 49s, ETA:    32s[>>>>>>>>>>>>>>>>           ] 4760/7824, 96.3 task/s, elapsed: 49s, ETA:    32s[>>>>>>>>>>>>>>>>           ] 4761/7824, 96.3 task/s, elapsed: 49s, ETA:    32s[>>>>>>>>>>>>>>>>           ] 4762/7824, 96.3 task/s, elapsed: 49s, ETA:    32s[>>>>>>>>>>>>>>>>           ] 4763/7824, 96.3 task/s, elapsed: 49s, ETA:    32s[>>>>>>>>>>>>>>>>           ] 4764/7824, 96.3 task/s, elapsed: 49s, ETA:    32s[>>>>>>>>>>>>>>>>           ] 4765/7824, 96.3 task/s, elapsed: 49s, ETA:    32s[>>>>>>>>>>>>>>>>           ] 4766/7824, 96.3 task/s, elapsed: 49s, ETA:    32s[>>>>>>>>>>>>>>>>           ] 4767/7824, 96.3 task/s, elapsed: 49s, ETA:    32s[>>>>>>>>>>>>>>>>           ] 4768/7824, 96.3 task/s, elapsed: 50s, ETA:    32s[>>>>>>>>>>>>>>>>           ] 4769/7824, 96.3 task/s, elapsed: 50s, ETA:    32s[>>>>>>>>>>>>>>>>           ] 4770/7824, 96.3 task/s, elapsed: 50s, ETA:    32s[>>>>>>>>>>>>>>>>           ] 4771/7824, 96.3 task/s, elapsed: 50s, ETA:    32s[>>>>>>>>>>>>>>>>           ] 4772/7824, 96.3 task/s, elapsed: 50s, ETA:    32s[>>>>>>>>>>>>>>>>           ] 4773/7824, 96.3 task/s, elapsed: 50s, ETA:    32s[>>>>>>>>>>>>>>>>           ] 4774/7824, 96.3 task/s, elapsed: 50s, ETA:    32s[>>>>>>>>>>>>>>>>           ] 4775/7824, 96.3 task/s, elapsed: 50s, ETA:    32s[>>>>>>>>>>>>>>>>           ] 4776/7824, 96.3 task/s, elapsed: 50s, ETA:    32s[>>>>>>>>>>>>>>>>           ] 4777/7824, 96.3 task/s, elapsed: 50s, ETA:    32s[>>>>>>>>>>>>>>>>           ] 4778/7824, 96.3 task/s, elapsed: 50s, ETA:    32s[>>>>>>>>>>>>>>>>           ] 4779/7824, 96.3 task/s, elapsed: 50s, ETA:    32s[>>>>>>>>>>>>>>>>           ] 4780/7824, 96.3 task/s, elapsed: 50s, ETA:    32s[>>>>>>>>>>>>>>>>           ] 4781/7824, 96.3 task/s, elapsed: 50s, ETA:    32s[>>>>>>>>>>>>>>>>           ] 4782/7824, 96.4 task/s, elapsed: 50s, ETA:    32s[>>>>>>>>>>>>>>>>           ] 4783/7824, 96.4 task/s, elapsed: 50s, ETA:    32s[>>>>>>>>>>>>>>>>           ] 4784/7824, 96.4 task/s, elapsed: 50s, ETA:    32s[>>>>>>>>>>>>>>>>           ] 4785/7824, 96.4 task/s, elapsed: 50s, ETA:    32s[>>>>>>>>>>>>>>>>           ] 4786/7824, 96.4 task/s, elapsed: 50s, ETA:    32s[>>>>>>>>>>>>>>>>           ] 4787/7824, 96.4 task/s, elapsed: 50s, ETA:    32s[>>>>>>>>>>>>>>>>           ] 4788/7824, 96.4 task/s, elapsed: 50s, ETA:    32s[>>>>>>>>>>>>>>>>           ] 4789/7824, 96.4 task/s, elapsed: 50s, ETA:    31s[>>>>>>>>>>>>>>>>           ] 4790/7824, 96.4 task/s, elapsed: 50s, ETA:    31s[>>>>>>>>>>>>>>>>           ] 4791/7824, 96.4 task/s, elapsed: 50s, ETA:    31s[>>>>>>>>>>>>>>>>           ] 4792/7824, 96.4 task/s, elapsed: 50s, ETA:    31s[>>>>>>>>>>>>>>>>           ] 4793/7824, 96.4 task/s, elapsed: 50s, ETA:    31s[>>>>>>>>>>>>>>>>           ] 4794/7824, 96.4 task/s, elapsed: 50s, ETA:    31s[>>>>>>>>>>>>>>>>           ] 4795/7824, 96.4 task/s, elapsed: 50s, ETA:    31s[>>>>>>>>>>>>>>>>           ] 4796/7824, 96.4 task/s, elapsed: 50s, ETA:    31s[>>>>>>>>>>>>>>>>           ] 4797/7824, 96.4 task/s, elapsed: 50s, ETA:    31s[>>>>>>>>>>>>>>>>           ] 4798/7824, 96.4 task/s, elapsed: 50s, ETA:    31s[>>>>>>>>>>>>>>>>           ] 4799/7824, 96.4 task/s, elapsed: 50s, ETA:    31s[>>>>>>>>>>>>>>>>           ] 4800/7824, 96.4 task/s, elapsed: 50s, ETA:    31s[>>>>>>>>>>>>>>>>           ] 4801/7824, 96.4 task/s, elapsed: 50s, ETA:    31s[>>>>>>>>>>>>>>>>           ] 4802/7824, 96.4 task/s, elapsed: 50s, ETA:    31s[>>>>>>>>>>>>>>>>           ] 4803/7824, 96.4 task/s, elapsed: 50s, ETA:    31s[>>>>>>>>>>>>>>>>           ] 4804/7824, 96.4 task/s, elapsed: 50s, ETA:    31s[>>>>>>>>>>>>>>>>           ] 4805/7824, 96.4 task/s, elapsed: 50s, ETA:    31s[>>>>>>>>>>>>>>>>           ] 4806/7824, 96.4 task/s, elapsed: 50s, ETA:    31s[>>>>>>>>>>>>>>>>           ] 4807/7824, 96.4 task/s, elapsed: 50s, ETA:    31s[>>>>>>>>>>>>>>>>           ] 4808/7824, 96.4 task/s, elapsed: 50s, ETA:    31s[>>>>>>>>>>>>>>>>           ] 4809/7824, 96.4 task/s, elapsed: 50s, ETA:    31s[>>>>>>>>>>>>>>>>           ] 4810/7824, 96.4 task/s, elapsed: 50s, ETA:    31s[>>>>>>>>>>>>>>>>           ] 4811/7824, 96.4 task/s, elapsed: 50s, ETA:    31s[>>>>>>>>>>>>>>>>           ] 4812/7824, 96.4 task/s, elapsed: 50s, ETA:    31s[>>>>>>>>>>>>>>>>           ] 4813/7824, 96.4 task/s, elapsed: 50s, ETA:    31s[>>>>>>>>>>>>>>>>           ] 4814/7824, 96.4 task/s, elapsed: 50s, ETA:    31s[>>>>>>>>>>>>>>>>           ] 4815/7824, 96.4 task/s, elapsed: 50s, ETA:    31s[>>>>>>>>>>>>>>>>           ] 4816/7824, 96.5 task/s, elapsed: 50s, ETA:    31s[>>>>>>>>>>>>>>>>           ] 4817/7824, 96.5 task/s, elapsed: 50s, ETA:    31s[>>>>>>>>>>>>>>>>           ] 4818/7824, 96.5 task/s, elapsed: 50s, ETA:    31s[>>>>>>>>>>>>>>>>           ] 4819/7824, 96.5 task/s, elapsed: 50s, ETA:    31s[>>>>>>>>>>>>>>>>           ] 4820/7824, 96.5 task/s, elapsed: 50s, ETA:    31s[>>>>>>>>>>>>>>>>           ] 4821/7824, 96.5 task/s, elapsed: 50s, ETA:    31s[>>>>>>>>>>>>>>>>           ] 4822/7824, 96.5 task/s, elapsed: 50s, ETA:    31s[>>>>>>>>>>>>>>>>           ] 4823/7824, 96.5 task/s, elapsed: 50s, ETA:    31s[>>>>>>>>>>>>>>>>           ] 4824/7824, 96.5 task/s, elapsed: 50s, ETA:    31s[>>>>>>>>>>>>>>>>           ] 4825/7824, 96.5 task/s, elapsed: 50s, ETA:    31s[>>>>>>>>>>>>>>>>           ] 4826/7824, 96.5 task/s, elapsed: 50s, ETA:    31s[>>>>>>>>>>>>>>>>           ] 4827/7824, 96.5 task/s, elapsed: 50s, ETA:    31s[>>>>>>>>>>>>>>>>           ] 4828/7824, 96.5 task/s, elapsed: 50s, ETA:    31s[>>>>>>>>>>>>>>>>           ] 4829/7824, 96.5 task/s, elapsed: 50s, ETA:    31s[>>>>>>>>>>>>>>>>           ] 4830/7824, 96.5 task/s, elapsed: 50s, ETA:    31s[>>>>>>>>>>>>>>>>           ] 4831/7824, 96.5 task/s, elapsed: 50s, ETA:    31s[>>>>>>>>>>>>>>>>           ] 4832/7824, 96.5 task/s, elapsed: 50s, ETA:    31s[>>>>>>>>>>>>>>>>           ] 4833/7824, 96.5 task/s, elapsed: 50s, ETA:    31s[>>>>>>>>>>>>>>>>           ] 4834/7824, 96.5 task/s, elapsed: 50s, ETA:    31s[>>>>>>>>>>>>>>>>           ] 4835/7824, 96.5 task/s, elapsed: 50s, ETA:    31s[>>>>>>>>>>>>>>>>           ] 4836/7824, 96.5 task/s, elapsed: 50s, ETA:    31s[>>>>>>>>>>>>>>>>           ] 4837/7824, 96.5 task/s, elapsed: 50s, ETA:    31s[>>>>>>>>>>>>>>>>           ] 4838/7824, 96.5 task/s, elapsed: 50s, ETA:    31s[>>>>>>>>>>>>>>>>           ] 4839/7824, 96.5 task/s, elapsed: 50s, ETA:    31s[>>>>>>>>>>>>>>>>           ] 4840/7824, 96.5 task/s, elapsed: 50s, ETA:    31s[>>>>>>>>>>>>>>>>           ] 4841/7824, 96.5 task/s, elapsed: 50s, ETA:    31s[>>>>>>>>>>>>>>>>           ] 4842/7824, 96.5 task/s, elapsed: 50s, ETA:    31s[>>>>>>>>>>>>>>>>           ] 4843/7824, 96.5 task/s, elapsed: 50s, ETA:    31s[>>>>>>>>>>>>>>>>           ] 4844/7824, 96.5 task/s, elapsed: 50s, ETA:    31s[>>>>>>>>>>>>>>>>           ] 4845/7824, 96.5 task/s, elapsed: 50s, ETA:    31s[>>>>>>>>>>>>>>>>           ] 4846/7824, 96.5 task/s, elapsed: 50s, ETA:    31s[>>>>>>>>>>>>>>>>           ] 4847/7824, 96.5 task/s, elapsed: 50s, ETA:    31s[>>>>>>>>>>>>>>>>           ] 4848/7824, 96.5 task/s, elapsed: 50s, ETA:    31s[>>>>>>>>>>>>>>>>           ] 4849/7824, 96.5 task/s, elapsed: 50s, ETA:    31s[>>>>>>>>>>>>>>>>           ] 4850/7824, 96.5 task/s, elapsed: 50s, ETA:    31s[>>>>>>>>>>>>>>>>           ] 4851/7824, 96.6 task/s, elapsed: 50s, ETA:    31s[>>>>>>>>>>>>>>>>           ] 4852/7824, 96.6 task/s, elapsed: 50s, ETA:    31s[>>>>>>>>>>>>>>>>           ] 4853/7824, 96.6 task/s, elapsed: 50s, ETA:    31s[>>>>>>>>>>>>>>>>           ] 4854/7824, 96.6 task/s, elapsed: 50s, ETA:    31s[>>>>>>>>>>>>>>>>           ] 4855/7824, 96.5 task/s, elapsed: 50s, ETA:    31s[>>>>>>>>>>>>>>>>           ] 4856/7824, 96.5 task/s, elapsed: 50s, ETA:    31s[>>>>>>>>>>>>>>>>           ] 4857/7824, 96.5 task/s, elapsed: 50s, ETA:    31s[>>>>>>>>>>>>>>>>           ] 4858/7824, 96.5 task/s, elapsed: 50s, ETA:    31s[>>>>>>>>>>>>>>>>           ] 4859/7824, 96.5 task/s, elapsed: 50s, ETA:    31s[>>>>>>>>>>>>>>>>           ] 4860/7824, 96.5 task/s, elapsed: 50s, ETA:    31s[>>>>>>>>>>>>>>>>           ] 4861/7824, 96.5 task/s, elapsed: 50s, ETA:    31s[>>>>>>>>>>>>>>>>           ] 4862/7824, 96.6 task/s, elapsed: 50s, ETA:    31s[>>>>>>>>>>>>>>>>           ] 4863/7824, 96.6 task/s, elapsed: 50s, ETA:    31s[>>>>>>>>>>>>>>>>           ] 4864/7824, 96.6 task/s, elapsed: 50s, ETA:    31s[>>>>>>>>>>>>>>>>           ] 4865/7824, 96.6 task/s, elapsed: 50s, ETA:    31s[>>>>>>>>>>>>>>>>           ] 4866/7824, 96.6 task/s, elapsed: 50s, ETA:    31s[>>>>>>>>>>>>>>>>           ] 4867/7824, 96.6 task/s, elapsed: 50s, ETA:    31s[>>>>>>>>>>>>>>>>           ] 4868/7824, 96.6 task/s, elapsed: 50s, ETA:    31s[>>>>>>>>>>>>>>>>           ] 4869/7824, 96.6 task/s, elapsed: 50s, ETA:    31s[>>>>>>>>>>>>>>>>           ] 4870/7824, 96.6 task/s, elapsed: 50s, ETA:    31s[>>>>>>>>>>>>>>>>           ] 4871/7824, 96.6 task/s, elapsed: 50s, ETA:    31s[>>>>>>>>>>>>>>>>           ] 4872/7824, 96.6 task/s, elapsed: 50s, ETA:    31s[>>>>>>>>>>>>>>>>           ] 4873/7824, 96.6 task/s, elapsed: 50s, ETA:    31s[>>>>>>>>>>>>>>>>           ] 4874/7824, 96.6 task/s, elapsed: 50s, ETA:    31s[>>>>>>>>>>>>>>>>           ] 4875/7824, 96.6 task/s, elapsed: 50s, ETA:    31s[>>>>>>>>>>>>>>>>           ] 4876/7824, 96.6 task/s, elapsed: 50s, ETA:    31s[>>>>>>>>>>>>>>>>           ] 4877/7824, 96.6 task/s, elapsed: 50s, ETA:    31s[>>>>>>>>>>>>>>>>           ] 4878/7824, 96.6 task/s, elapsed: 50s, ETA:    30s[>>>>>>>>>>>>>>>>           ] 4879/7824, 96.6 task/s, elapsed: 51s, ETA:    30s[>>>>>>>>>>>>>>>>           ] 4880/7824, 96.6 task/s, elapsed: 51s, ETA:    30s[>>>>>>>>>>>>>>>>           ] 4881/7824, 96.6 task/s, elapsed: 51s, ETA:    30s[>>>>>>>>>>>>>>>>           ] 4882/7824, 96.6 task/s, elapsed: 51s, ETA:    30s[>>>>>>>>>>>>>>>>           ] 4883/7824, 96.6 task/s, elapsed: 51s, ETA:    30s[>>>>>>>>>>>>>>>>           ] 4884/7824, 96.6 task/s, elapsed: 51s, ETA:    30s[>>>>>>>>>>>>>>>>           ] 4885/7824, 96.6 task/s, elapsed: 51s, ETA:    30s[>>>>>>>>>>>>>>>>           ] 4886/7824, 96.6 task/s, elapsed: 51s, ETA:    30s[>>>>>>>>>>>>>>>>           ] 4887/7824, 96.6 task/s, elapsed: 51s, ETA:    30s[>>>>>>>>>>>>>>>>           ] 4888/7824, 96.6 task/s, elapsed: 51s, ETA:    30s[>>>>>>>>>>>>>>>>           ] 4889/7824, 96.6 task/s, elapsed: 51s, ETA:    30s[>>>>>>>>>>>>>>>>           ] 4890/7824, 96.6 task/s, elapsed: 51s, ETA:    30s[>>>>>>>>>>>>>>>>           ] 4891/7824, 96.6 task/s, elapsed: 51s, ETA:    30s[>>>>>>>>>>>>>>>>           ] 4892/7824, 96.6 task/s, elapsed: 51s, ETA:    30s[>>>>>>>>>>>>>>>>           ] 4893/7824, 96.6 task/s, elapsed: 51s, ETA:    30s[>>>>>>>>>>>>>>>>           ] 4894/7824, 96.6 task/s, elapsed: 51s, ETA:    30s[>>>>>>>>>>>>>>>>           ] 4895/7824, 96.6 task/s, elapsed: 51s, ETA:    30s[>>>>>>>>>>>>>>>>           ] 4896/7824, 96.6 task/s, elapsed: 51s, ETA:    30s[>>>>>>>>>>>>>>>>           ] 4897/7824, 96.6 task/s, elapsed: 51s, ETA:    30s[>>>>>>>>>>>>>>>>           ] 4898/7824, 96.6 task/s, elapsed: 51s, ETA:    30s[>>>>>>>>>>>>>>>>           ] 4899/7824, 96.7 task/s, elapsed: 51s, ETA:    30s[>>>>>>>>>>>>>>>>           ] 4900/7824, 96.7 task/s, elapsed: 51s, ETA:    30s[>>>>>>>>>>>>>>>>           ] 4901/7824, 96.7 task/s, elapsed: 51s, ETA:    30s[>>>>>>>>>>>>>>>>           ] 4902/7824, 96.7 task/s, elapsed: 51s, ETA:    30s[>>>>>>>>>>>>>>>>           ] 4903/7824, 96.7 task/s, elapsed: 51s, ETA:    30s[>>>>>>>>>>>>>>>>           ] 4904/7824, 96.7 task/s, elapsed: 51s, ETA:    30s[>>>>>>>>>>>>>>>>           ] 4905/7824, 96.7 task/s, elapsed: 51s, ETA:    30s[>>>>>>>>>>>>>>>>           ] 4906/7824, 96.7 task/s, elapsed: 51s, ETA:    30s[>>>>>>>>>>>>>>>>           ] 4907/7824, 96.7 task/s, elapsed: 51s, ETA:    30s[>>>>>>>>>>>>>>>>           ] 4908/7824, 96.7 task/s, elapsed: 51s, ETA:    30s[>>>>>>>>>>>>>>>>           ] 4909/7824, 96.7 task/s, elapsed: 51s, ETA:    30s[>>>>>>>>>>>>>>>>           ] 4910/7824, 96.7 task/s, elapsed: 51s, ETA:    30s[>>>>>>>>>>>>>>>>           ] 4911/7824, 96.7 task/s, elapsed: 51s, ETA:    30s[>>>>>>>>>>>>>>>>           ] 4912/7824, 96.7 task/s, elapsed: 51s, ETA:    30s[>>>>>>>>>>>>>>>>           ] 4913/7824, 96.7 task/s, elapsed: 51s, ETA:    30s[>>>>>>>>>>>>>>>>           ] 4914/7824, 96.7 task/s, elapsed: 51s, ETA:    30s[>>>>>>>>>>>>>>>>           ] 4915/7824, 96.7 task/s, elapsed: 51s, ETA:    30s[>>>>>>>>>>>>>>>>           ] 4916/7824, 96.7 task/s, elapsed: 51s, ETA:    30s[>>>>>>>>>>>>>>>>           ] 4917/7824, 96.7 task/s, elapsed: 51s, ETA:    30s[>>>>>>>>>>>>>>>>           ] 4918/7824, 96.7 task/s, elapsed: 51s, ETA:    30s[>>>>>>>>>>>>>>>>           ] 4919/7824, 96.7 task/s, elapsed: 51s, ETA:    30s[>>>>>>>>>>>>>>>>           ] 4920/7824, 96.7 task/s, elapsed: 51s, ETA:    30s[>>>>>>>>>>>>>>>>           ] 4921/7824, 96.7 task/s, elapsed: 51s, ETA:    30s[>>>>>>>>>>>>>>>>           ] 4922/7824, 96.7 task/s, elapsed: 51s, ETA:    30s[>>>>>>>>>>>>>>>>           ] 4923/7824, 96.7 task/s, elapsed: 51s, ETA:    30s[>>>>>>>>>>>>>>>>           ] 4924/7824, 96.7 task/s, elapsed: 51s, ETA:    30s[>>>>>>>>>>>>>>>>           ] 4925/7824, 96.7 task/s, elapsed: 51s, ETA:    30s[>>>>>>>>>>>>>>>>           ] 4926/7824, 96.7 task/s, elapsed: 51s, ETA:    30s[>>>>>>>>>>>>>>>>>          ] 4927/7824, 96.7 task/s, elapsed: 51s, ETA:    30s[>>>>>>>>>>>>>>>>>          ] 4928/7824, 96.7 task/s, elapsed: 51s, ETA:    30s[>>>>>>>>>>>>>>>>>          ] 4929/7824, 96.7 task/s, elapsed: 51s, ETA:    30s[>>>>>>>>>>>>>>>>>          ] 4930/7824, 96.7 task/s, elapsed: 51s, ETA:    30s[>>>>>>>>>>>>>>>>>          ] 4931/7824, 96.7 task/s, elapsed: 51s, ETA:    30s[>>>>>>>>>>>>>>>>>          ] 4932/7824, 96.7 task/s, elapsed: 51s, ETA:    30s[>>>>>>>>>>>>>>>>>          ] 4933/7824, 96.7 task/s, elapsed: 51s, ETA:    30s[>>>>>>>>>>>>>>>>>          ] 4934/7824, 96.7 task/s, elapsed: 51s, ETA:    30s[>>>>>>>>>>>>>>>>>          ] 4935/7824, 96.8 task/s, elapsed: 51s, ETA:    30s[>>>>>>>>>>>>>>>>>          ] 4936/7824, 96.8 task/s, elapsed: 51s, ETA:    30s[>>>>>>>>>>>>>>>>>          ] 4937/7824, 96.8 task/s, elapsed: 51s, ETA:    30s[>>>>>>>>>>>>>>>>>          ] 4938/7824, 96.8 task/s, elapsed: 51s, ETA:    30s[>>>>>>>>>>>>>>>>>          ] 4939/7824, 96.8 task/s, elapsed: 51s, ETA:    30s[>>>>>>>>>>>>>>>>>          ] 4940/7824, 96.8 task/s, elapsed: 51s, ETA:    30s[>>>>>>>>>>>>>>>>>          ] 4941/7824, 96.8 task/s, elapsed: 51s, ETA:    30s[>>>>>>>>>>>>>>>>>          ] 4942/7824, 96.8 task/s, elapsed: 51s, ETA:    30s[>>>>>>>>>>>>>>>>>          ] 4943/7824, 96.8 task/s, elapsed: 51s, ETA:    30s[>>>>>>>>>>>>>>>>>          ] 4944/7824, 96.8 task/s, elapsed: 51s, ETA:    30s[>>>>>>>>>>>>>>>>>          ] 4945/7824, 96.8 task/s, elapsed: 51s, ETA:    30s[>>>>>>>>>>>>>>>>>          ] 4946/7824, 96.8 task/s, elapsed: 51s, ETA:    30s[>>>>>>>>>>>>>>>>>          ] 4947/7824, 96.8 task/s, elapsed: 51s, ETA:    30s[>>>>>>>>>>>>>>>>>          ] 4948/7824, 96.8 task/s, elapsed: 51s, ETA:    30s[>>>>>>>>>>>>>>>>>          ] 4949/7824, 96.8 task/s, elapsed: 51s, ETA:    30s[>>>>>>>>>>>>>>>>>          ] 4950/7824, 96.8 task/s, elapsed: 51s, ETA:    30s[>>>>>>>>>>>>>>>>>          ] 4951/7824, 96.8 task/s, elapsed: 51s, ETA:    30s[>>>>>>>>>>>>>>>>>          ] 4952/7824, 96.8 task/s, elapsed: 51s, ETA:    30s[>>>>>>>>>>>>>>>>>          ] 4953/7824, 96.8 task/s, elapsed: 51s, ETA:    30s[>>>>>>>>>>>>>>>>>          ] 4954/7824, 96.8 task/s, elapsed: 51s, ETA:    30s[>>>>>>>>>>>>>>>>>          ] 4955/7824, 96.8 task/s, elapsed: 51s, ETA:    30s[>>>>>>>>>>>>>>>>>          ] 4956/7824, 96.8 task/s, elapsed: 51s, ETA:    30s[>>>>>>>>>>>>>>>>>          ] 4957/7824, 96.8 task/s, elapsed: 51s, ETA:    30s[>>>>>>>>>>>>>>>>>          ] 4958/7824, 96.8 task/s, elapsed: 51s, ETA:    30s[>>>>>>>>>>>>>>>>>          ] 4959/7824, 96.8 task/s, elapsed: 51s, ETA:    30s[>>>>>>>>>>>>>>>>>          ] 4960/7824, 96.8 task/s, elapsed: 51s, ETA:    30s[>>>>>>>>>>>>>>>>>          ] 4961/7824, 96.8 task/s, elapsed: 51s, ETA:    30s[>>>>>>>>>>>>>>>>>          ] 4962/7824, 96.8 task/s, elapsed: 51s, ETA:    30s[>>>>>>>>>>>>>>>>>          ] 4963/7824, 96.8 task/s, elapsed: 51s, ETA:    30s[>>>>>>>>>>>>>>>>>          ] 4964/7824, 96.8 task/s, elapsed: 51s, ETA:    30s[>>>>>>>>>>>>>>>>>          ] 4965/7824, 96.8 task/s, elapsed: 51s, ETA:    30s[>>>>>>>>>>>>>>>>>          ] 4966/7824, 96.8 task/s, elapsed: 51s, ETA:    30s[>>>>>>>>>>>>>>>>>          ] 4967/7824, 96.8 task/s, elapsed: 51s, ETA:    30s[>>>>>>>>>>>>>>>>>          ] 4968/7824, 96.8 task/s, elapsed: 51s, ETA:    29s[>>>>>>>>>>>>>>>>>          ] 4969/7824, 96.8 task/s, elapsed: 51s, ETA:    29s[>>>>>>>>>>>>>>>>>          ] 4970/7824, 96.8 task/s, elapsed: 51s, ETA:    29s[>>>>>>>>>>>>>>>>>          ] 4971/7824, 96.8 task/s, elapsed: 51s, ETA:    29s[>>>>>>>>>>>>>>>>>          ] 4972/7824, 96.8 task/s, elapsed: 51s, ETA:    29s[>>>>>>>>>>>>>>>>>          ] 4973/7824, 96.8 task/s, elapsed: 51s, ETA:    29s[>>>>>>>>>>>>>>>>>          ] 4974/7824, 96.9 task/s, elapsed: 51s, ETA:    29s[>>>>>>>>>>>>>>>>>          ] 4975/7824, 96.9 task/s, elapsed: 51s, ETA:    29s[>>>>>>>>>>>>>>>>>          ] 4976/7824, 96.9 task/s, elapsed: 51s, ETA:    29s[>>>>>>>>>>>>>>>>>          ] 4977/7824, 96.9 task/s, elapsed: 51s, ETA:    29s[>>>>>>>>>>>>>>>>>          ] 4978/7824, 96.9 task/s, elapsed: 51s, ETA:    29s[>>>>>>>>>>>>>>>>>          ] 4979/7824, 96.9 task/s, elapsed: 51s, ETA:    29s[>>>>>>>>>>>>>>>>>          ] 4980/7824, 96.9 task/s, elapsed: 51s, ETA:    29s[>>>>>>>>>>>>>>>>>          ] 4981/7824, 96.9 task/s, elapsed: 51s, ETA:    29s[>>>>>>>>>>>>>>>>>          ] 4982/7824, 96.9 task/s, elapsed: 51s, ETA:    29s[>>>>>>>>>>>>>>>>>          ] 4983/7824, 96.9 task/s, elapsed: 51s, ETA:    29s[>>>>>>>>>>>>>>>>>          ] 4984/7824, 96.9 task/s, elapsed: 51s, ETA:    29s[>>>>>>>>>>>>>>>>>          ] 4985/7824, 96.9 task/s, elapsed: 51s, ETA:    29s[>>>>>>>>>>>>>>>>>          ] 4986/7824, 96.9 task/s, elapsed: 51s, ETA:    29s[>>>>>>>>>>>>>>>>>          ] 4987/7824, 96.9 task/s, elapsed: 51s, ETA:    29s[>>>>>>>>>>>>>>>>>          ] 4988/7824, 96.9 task/s, elapsed: 51s, ETA:    29s[>>>>>>>>>>>>>>>>>          ] 4989/7824, 96.9 task/s, elapsed: 51s, ETA:    29s[>>>>>>>>>>>>>>>>>          ] 4990/7824, 96.9 task/s, elapsed: 52s, ETA:    29s[>>>>>>>>>>>>>>>>>          ] 4991/7824, 96.9 task/s, elapsed: 52s, ETA:    29s[>>>>>>>>>>>>>>>>>          ] 4992/7824, 96.9 task/s, elapsed: 52s, ETA:    29s[>>>>>>>>>>>>>>>>>          ] 4993/7824, 96.9 task/s, elapsed: 52s, ETA:    29s[>>>>>>>>>>>>>>>>>          ] 4994/7824, 96.9 task/s, elapsed: 52s, ETA:    29s[>>>>>>>>>>>>>>>>>          ] 4995/7824, 96.9 task/s, elapsed: 52s, ETA:    29s[>>>>>>>>>>>>>>>>>          ] 4996/7824, 96.9 task/s, elapsed: 52s, ETA:    29s[>>>>>>>>>>>>>>>>>          ] 4997/7824, 96.9 task/s, elapsed: 52s, ETA:    29s[>>>>>>>>>>>>>>>>>          ] 4998/7824, 96.9 task/s, elapsed: 52s, ETA:    29s[>>>>>>>>>>>>>>>>>          ] 4999/7824, 96.9 task/s, elapsed: 52s, ETA:    29s[>>>>>>>>>>>>>>>>>          ] 5000/7824, 96.9 task/s, elapsed: 52s, ETA:    29s[>>>>>>>>>>>>>>>>>          ] 5001/7824, 96.9 task/s, elapsed: 52s, ETA:    29s[>>>>>>>>>>>>>>>>>          ] 5002/7824, 96.9 task/s, elapsed: 52s, ETA:    29s[>>>>>>>>>>>>>>>>>          ] 5003/7824, 96.9 task/s, elapsed: 52s, ETA:    29s[>>>>>>>>>>>>>>>>>          ] 5004/7824, 96.9 task/s, elapsed: 52s, ETA:    29s[>>>>>>>>>>>>>>>>>          ] 5005/7824, 96.9 task/s, elapsed: 52s, ETA:    29s[>>>>>>>>>>>>>>>>>          ] 5006/7824, 96.9 task/s, elapsed: 52s, ETA:    29s[>>>>>>>>>>>>>>>>>          ] 5007/7824, 96.9 task/s, elapsed: 52s, ETA:    29s[>>>>>>>>>>>>>>>>>          ] 5008/7824, 96.9 task/s, elapsed: 52s, ETA:    29s[>>>>>>>>>>>>>>>>>          ] 5009/7824, 96.9 task/s, elapsed: 52s, ETA:    29s[>>>>>>>>>>>>>>>>>          ] 5010/7824, 96.9 task/s, elapsed: 52s, ETA:    29s[>>>>>>>>>>>>>>>>>          ] 5011/7824, 96.9 task/s, elapsed: 52s, ETA:    29s[>>>>>>>>>>>>>>>>>          ] 5012/7824, 96.9 task/s, elapsed: 52s, ETA:    29s[>>>>>>>>>>>>>>>>>          ] 5013/7824, 97.0 task/s, elapsed: 52s, ETA:    29s[>>>>>>>>>>>>>>>>>          ] 5014/7824, 97.0 task/s, elapsed: 52s, ETA:    29s[>>>>>>>>>>>>>>>>>          ] 5015/7824, 97.0 task/s, elapsed: 52s, ETA:    29s[>>>>>>>>>>>>>>>>>          ] 5016/7824, 97.0 task/s, elapsed: 52s, ETA:    29s[>>>>>>>>>>>>>>>>>          ] 5017/7824, 97.0 task/s, elapsed: 52s, ETA:    29s[>>>>>>>>>>>>>>>>>          ] 5018/7824, 97.0 task/s, elapsed: 52s, ETA:    29s[>>>>>>>>>>>>>>>>>          ] 5019/7824, 97.0 task/s, elapsed: 52s, ETA:    29s[>>>>>>>>>>>>>>>>>          ] 5020/7824, 97.0 task/s, elapsed: 52s, ETA:    29s[>>>>>>>>>>>>>>>>>          ] 5021/7824, 97.0 task/s, elapsed: 52s, ETA:    29s[>>>>>>>>>>>>>>>>>          ] 5022/7824, 97.0 task/s, elapsed: 52s, ETA:    29s[>>>>>>>>>>>>>>>>>          ] 5023/7824, 97.0 task/s, elapsed: 52s, ETA:    29s[>>>>>>>>>>>>>>>>>          ] 5024/7824, 97.0 task/s, elapsed: 52s, ETA:    29s[>>>>>>>>>>>>>>>>>          ] 5025/7824, 97.0 task/s, elapsed: 52s, ETA:    29s[>>>>>>>>>>>>>>>>>          ] 5026/7824, 97.0 task/s, elapsed: 52s, ETA:    29s[>>>>>>>>>>>>>>>>>          ] 5027/7824, 97.0 task/s, elapsed: 52s, ETA:    29s[>>>>>>>>>>>>>>>>>          ] 5028/7824, 97.0 task/s, elapsed: 52s, ETA:    29s[>>>>>>>>>>>>>>>>>          ] 5029/7824, 97.0 task/s, elapsed: 52s, ETA:    29s[>>>>>>>>>>>>>>>>>          ] 5030/7824, 97.0 task/s, elapsed: 52s, ETA:    29s[>>>>>>>>>>>>>>>>>          ] 5031/7824, 97.0 task/s, elapsed: 52s, ETA:    29s[>>>>>>>>>>>>>>>>>          ] 5032/7824, 97.0 task/s, elapsed: 52s, ETA:    29s[>>>>>>>>>>>>>>>>>          ] 5033/7824, 97.0 task/s, elapsed: 52s, ETA:    29s[>>>>>>>>>>>>>>>>>          ] 5034/7824, 97.0 task/s, elapsed: 52s, ETA:    29s[>>>>>>>>>>>>>>>>>          ] 5035/7824, 97.0 task/s, elapsed: 52s, ETA:    29s[>>>>>>>>>>>>>>>>>          ] 5036/7824, 97.0 task/s, elapsed: 52s, ETA:    29s[>>>>>>>>>>>>>>>>>          ] 5037/7824, 97.0 task/s, elapsed: 52s, ETA:    29s[>>>>>>>>>>>>>>>>>          ] 5038/7824, 97.0 task/s, elapsed: 52s, ETA:    29s[>>>>>>>>>>>>>>>>>          ] 5039/7824, 97.0 task/s, elapsed: 52s, ETA:    29s[>>>>>>>>>>>>>>>>>          ] 5040/7824, 97.0 task/s, elapsed: 52s, ETA:    29s[>>>>>>>>>>>>>>>>>          ] 5041/7824, 97.0 task/s, elapsed: 52s, ETA:    29s[>>>>>>>>>>>>>>>>>          ] 5042/7824, 97.0 task/s, elapsed: 52s, ETA:    29s[>>>>>>>>>>>>>>>>>          ] 5043/7824, 97.0 task/s, elapsed: 52s, ETA:    29s[>>>>>>>>>>>>>>>>>          ] 5044/7824, 97.0 task/s, elapsed: 52s, ETA:    29s[>>>>>>>>>>>>>>>>>          ] 5045/7824, 97.0 task/s, elapsed: 52s, ETA:    29s[>>>>>>>>>>>>>>>>>          ] 5046/7824, 97.0 task/s, elapsed: 52s, ETA:    29s[>>>>>>>>>>>>>>>>>          ] 5047/7824, 97.0 task/s, elapsed: 52s, ETA:    29s[>>>>>>>>>>>>>>>>>          ] 5048/7824, 97.0 task/s, elapsed: 52s, ETA:    29s[>>>>>>>>>>>>>>>>>          ] 5049/7824, 97.0 task/s, elapsed: 52s, ETA:    29s[>>>>>>>>>>>>>>>>>          ] 5050/7824, 97.0 task/s, elapsed: 52s, ETA:    29s[>>>>>>>>>>>>>>>>>          ] 5051/7824, 97.0 task/s, elapsed: 52s, ETA:    29s[>>>>>>>>>>>>>>>>>          ] 5052/7824, 97.0 task/s, elapsed: 52s, ETA:    29s[>>>>>>>>>>>>>>>>>          ] 5053/7824, 97.0 task/s, elapsed: 52s, ETA:    29s[>>>>>>>>>>>>>>>>>          ] 5054/7824, 97.0 task/s, elapsed: 52s, ETA:    29s[>>>>>>>>>>>>>>>>>          ] 5055/7824, 97.0 task/s, elapsed: 52s, ETA:    29s[>>>>>>>>>>>>>>>>>          ] 5056/7824, 97.0 task/s, elapsed: 52s, ETA:    29s[>>>>>>>>>>>>>>>>>          ] 5057/7824, 97.0 task/s, elapsed: 52s, ETA:    29s[>>>>>>>>>>>>>>>>>          ] 5058/7824, 97.0 task/s, elapsed: 52s, ETA:    29s[>>>>>>>>>>>>>>>>>          ] 5059/7824, 97.0 task/s, elapsed: 52s, ETA:    28s[>>>>>>>>>>>>>>>>>          ] 5060/7824, 97.0 task/s, elapsed: 52s, ETA:    28s[>>>>>>>>>>>>>>>>>          ] 5061/7824, 97.0 task/s, elapsed: 52s, ETA:    28s[>>>>>>>>>>>>>>>>>          ] 5062/7824, 97.0 task/s, elapsed: 52s, ETA:    28s[>>>>>>>>>>>>>>>>>          ] 5063/7824, 97.0 task/s, elapsed: 52s, ETA:    28s[>>>>>>>>>>>>>>>>>          ] 5064/7824, 97.1 task/s, elapsed: 52s, ETA:    28s[>>>>>>>>>>>>>>>>>          ] 5065/7824, 97.1 task/s, elapsed: 52s, ETA:    28s[>>>>>>>>>>>>>>>>>          ] 5066/7824, 97.1 task/s, elapsed: 52s, ETA:    28s[>>>>>>>>>>>>>>>>>          ] 5067/7824, 97.1 task/s, elapsed: 52s, ETA:    28s[>>>>>>>>>>>>>>>>>          ] 5068/7824, 97.1 task/s, elapsed: 52s, ETA:    28s[>>>>>>>>>>>>>>>>>          ] 5069/7824, 97.1 task/s, elapsed: 52s, ETA:    28s[>>>>>>>>>>>>>>>>>          ] 5070/7824, 97.1 task/s, elapsed: 52s, ETA:    28s[>>>>>>>>>>>>>>>>>          ] 5071/7824, 97.1 task/s, elapsed: 52s, ETA:    28s[>>>>>>>>>>>>>>>>>          ] 5072/7824, 97.1 task/s, elapsed: 52s, ETA:    28s[>>>>>>>>>>>>>>>>>          ] 5073/7824, 97.1 task/s, elapsed: 52s, ETA:    28s[>>>>>>>>>>>>>>>>>          ] 5074/7824, 97.1 task/s, elapsed: 52s, ETA:    28s[>>>>>>>>>>>>>>>>>          ] 5075/7824, 97.1 task/s, elapsed: 52s, ETA:    28s[>>>>>>>>>>>>>>>>>          ] 5076/7824, 97.1 task/s, elapsed: 52s, ETA:    28s[>>>>>>>>>>>>>>>>>          ] 5077/7824, 97.1 task/s, elapsed: 52s, ETA:    28s[>>>>>>>>>>>>>>>>>          ] 5078/7824, 97.1 task/s, elapsed: 52s, ETA:    28s[>>>>>>>>>>>>>>>>>          ] 5079/7824, 97.1 task/s, elapsed: 52s, ETA:    28s[>>>>>>>>>>>>>>>>>          ] 5080/7824, 97.1 task/s, elapsed: 52s, ETA:    28s[>>>>>>>>>>>>>>>>>          ] 5081/7824, 97.1 task/s, elapsed: 52s, ETA:    28s[>>>>>>>>>>>>>>>>>          ] 5082/7824, 97.1 task/s, elapsed: 52s, ETA:    28s[>>>>>>>>>>>>>>>>>          ] 5083/7824, 97.1 task/s, elapsed: 52s, ETA:    28s[>>>>>>>>>>>>>>>>>          ] 5084/7824, 97.1 task/s, elapsed: 52s, ETA:    28s[>>>>>>>>>>>>>>>>>          ] 5085/7824, 97.1 task/s, elapsed: 52s, ETA:    28s[>>>>>>>>>>>>>>>>>          ] 5086/7824, 97.1 task/s, elapsed: 52s, ETA:    28s[>>>>>>>>>>>>>>>>>          ] 5087/7824, 97.1 task/s, elapsed: 52s, ETA:    28s[>>>>>>>>>>>>>>>>>          ] 5088/7824, 97.1 task/s, elapsed: 52s, ETA:    28s[>>>>>>>>>>>>>>>>>          ] 5089/7824, 97.1 task/s, elapsed: 52s, ETA:    28s[>>>>>>>>>>>>>>>>>          ] 5090/7824, 97.1 task/s, elapsed: 52s, ETA:    28s[>>>>>>>>>>>>>>>>>          ] 5091/7824, 97.1 task/s, elapsed: 52s, ETA:    28s[>>>>>>>>>>>>>>>>>          ] 5092/7824, 97.1 task/s, elapsed: 52s, ETA:    28s[>>>>>>>>>>>>>>>>>          ] 5093/7824, 97.1 task/s, elapsed: 52s, ETA:    28s[>>>>>>>>>>>>>>>>>          ] 5094/7824, 97.1 task/s, elapsed: 52s, ETA:    28s[>>>>>>>>>>>>>>>>>          ] 5095/7824, 97.1 task/s, elapsed: 52s, ETA:    28s[>>>>>>>>>>>>>>>>>          ] 5096/7824, 97.1 task/s, elapsed: 52s, ETA:    28s[>>>>>>>>>>>>>>>>>          ] 5097/7824, 97.1 task/s, elapsed: 52s, ETA:    28s[>>>>>>>>>>>>>>>>>          ] 5098/7824, 97.1 task/s, elapsed: 52s, ETA:    28s[>>>>>>>>>>>>>>>>>          ] 5099/7824, 97.1 task/s, elapsed: 52s, ETA:    28s[>>>>>>>>>>>>>>>>>          ] 5100/7824, 97.1 task/s, elapsed: 53s, ETA:    28s[>>>>>>>>>>>>>>>>>          ] 5101/7824, 97.1 task/s, elapsed: 53s, ETA:    28s[>>>>>>>>>>>>>>>>>          ] 5102/7824, 97.1 task/s, elapsed: 53s, ETA:    28s[>>>>>>>>>>>>>>>>>          ] 5103/7824, 97.1 task/s, elapsed: 53s, ETA:    28s[>>>>>>>>>>>>>>>>>          ] 5104/7824, 97.1 task/s, elapsed: 53s, ETA:    28s[>>>>>>>>>>>>>>>>>          ] 5105/7824, 97.1 task/s, elapsed: 53s, ETA:    28s[>>>>>>>>>>>>>>>>>          ] 5106/7824, 97.1 task/s, elapsed: 53s, ETA:    28s[>>>>>>>>>>>>>>>>>          ] 5107/7824, 97.2 task/s, elapsed: 53s, ETA:    28s[>>>>>>>>>>>>>>>>>          ] 5108/7824, 97.2 task/s, elapsed: 53s, ETA:    28s[>>>>>>>>>>>>>>>>>          ] 5109/7824, 97.2 task/s, elapsed: 53s, ETA:    28s[>>>>>>>>>>>>>>>>>          ] 5110/7824, 97.2 task/s, elapsed: 53s, ETA:    28s[>>>>>>>>>>>>>>>>>          ] 5111/7824, 97.2 task/s, elapsed: 53s, ETA:    28s[>>>>>>>>>>>>>>>>>          ] 5112/7824, 97.2 task/s, elapsed: 53s, ETA:    28s[>>>>>>>>>>>>>>>>>          ] 5113/7824, 97.2 task/s, elapsed: 53s, ETA:    28s[>>>>>>>>>>>>>>>>>          ] 5114/7824, 97.2 task/s, elapsed: 53s, ETA:    28s[>>>>>>>>>>>>>>>>>          ] 5115/7824, 97.2 task/s, elapsed: 53s, ETA:    28s[>>>>>>>>>>>>>>>>>          ] 5116/7824, 97.2 task/s, elapsed: 53s, ETA:    28s[>>>>>>>>>>>>>>>>>          ] 5117/7824, 97.2 task/s, elapsed: 53s, ETA:    28s[>>>>>>>>>>>>>>>>>          ] 5118/7824, 97.2 task/s, elapsed: 53s, ETA:    28s[>>>>>>>>>>>>>>>>>          ] 5119/7824, 97.2 task/s, elapsed: 53s, ETA:    28s[>>>>>>>>>>>>>>>>>          ] 5120/7824, 97.2 task/s, elapsed: 53s, ETA:    28s[>>>>>>>>>>>>>>>>>          ] 5121/7824, 97.2 task/s, elapsed: 53s, ETA:    28s[>>>>>>>>>>>>>>>>>          ] 5122/7824, 97.2 task/s, elapsed: 53s, ETA:    28s[>>>>>>>>>>>>>>>>>          ] 5123/7824, 97.2 task/s, elapsed: 53s, ETA:    28s[>>>>>>>>>>>>>>>>>          ] 5124/7824, 97.2 task/s, elapsed: 53s, ETA:    28s[>>>>>>>>>>>>>>>>>          ] 5125/7824, 97.2 task/s, elapsed: 53s, ETA:    28s[>>>>>>>>>>>>>>>>>          ] 5126/7824, 97.2 task/s, elapsed: 53s, ETA:    28s[>>>>>>>>>>>>>>>>>          ] 5127/7824, 97.2 task/s, elapsed: 53s, ETA:    28s[>>>>>>>>>>>>>>>>>          ] 5128/7824, 97.2 task/s, elapsed: 53s, ETA:    28s[>>>>>>>>>>>>>>>>>          ] 5129/7824, 97.2 task/s, elapsed: 53s, ETA:    28s[>>>>>>>>>>>>>>>>>          ] 5130/7824, 97.2 task/s, elapsed: 53s, ETA:    28s[>>>>>>>>>>>>>>>>>          ] 5131/7824, 97.2 task/s, elapsed: 53s, ETA:    28s[>>>>>>>>>>>>>>>>>          ] 5132/7824, 97.2 task/s, elapsed: 53s, ETA:    28s[>>>>>>>>>>>>>>>>>          ] 5133/7824, 97.2 task/s, elapsed: 53s, ETA:    28s[>>>>>>>>>>>>>>>>>          ] 5134/7824, 97.2 task/s, elapsed: 53s, ETA:    28s[>>>>>>>>>>>>>>>>>          ] 5135/7824, 97.2 task/s, elapsed: 53s, ETA:    28s[>>>>>>>>>>>>>>>>>          ] 5136/7824, 97.2 task/s, elapsed: 53s, ETA:    28s[>>>>>>>>>>>>>>>>>          ] 5137/7824, 97.2 task/s, elapsed: 53s, ETA:    28s[>>>>>>>>>>>>>>>>>          ] 5138/7824, 97.2 task/s, elapsed: 53s, ETA:    28s[>>>>>>>>>>>>>>>>>          ] 5139/7824, 97.2 task/s, elapsed: 53s, ETA:    28s[>>>>>>>>>>>>>>>>>          ] 5140/7824, 97.2 task/s, elapsed: 53s, ETA:    28s[>>>>>>>>>>>>>>>>>          ] 5141/7824, 97.2 task/s, elapsed: 53s, ETA:    28s[>>>>>>>>>>>>>>>>>          ] 5142/7824, 97.2 task/s, elapsed: 53s, ETA:    28s[>>>>>>>>>>>>>>>>>          ] 5143/7824, 97.2 task/s, elapsed: 53s, ETA:    28s[>>>>>>>>>>>>>>>>>          ] 5144/7824, 97.2 task/s, elapsed: 53s, ETA:    28s[>>>>>>>>>>>>>>>>>          ] 5145/7824, 97.2 task/s, elapsed: 53s, ETA:    28s[>>>>>>>>>>>>>>>>>          ] 5146/7824, 97.2 task/s, elapsed: 53s, ETA:    28s[>>>>>>>>>>>>>>>>>          ] 5147/7824, 97.2 task/s, elapsed: 53s, ETA:    28s[>>>>>>>>>>>>>>>>>          ] 5148/7824, 97.2 task/s, elapsed: 53s, ETA:    28s[>>>>>>>>>>>>>>>>>          ] 5149/7824, 97.2 task/s, elapsed: 53s, ETA:    28s[>>>>>>>>>>>>>>>>>          ] 5150/7824, 97.3 task/s, elapsed: 53s, ETA:    27s[>>>>>>>>>>>>>>>>>          ] 5151/7824, 97.3 task/s, elapsed: 53s, ETA:    27s[>>>>>>>>>>>>>>>>>          ] 5152/7824, 97.3 task/s, elapsed: 53s, ETA:    27s[>>>>>>>>>>>>>>>>>          ] 5153/7824, 97.3 task/s, elapsed: 53s, ETA:    27s[>>>>>>>>>>>>>>>>>          ] 5154/7824, 97.3 task/s, elapsed: 53s, ETA:    27s[>>>>>>>>>>>>>>>>>          ] 5155/7824, 97.3 task/s, elapsed: 53s, ETA:    27s[>>>>>>>>>>>>>>>>>          ] 5156/7824, 97.3 task/s, elapsed: 53s, ETA:    27s[>>>>>>>>>>>>>>>>>          ] 5157/7824, 97.3 task/s, elapsed: 53s, ETA:    27s[>>>>>>>>>>>>>>>>>          ] 5158/7824, 97.3 task/s, elapsed: 53s, ETA:    27s[>>>>>>>>>>>>>>>>>          ] 5159/7824, 97.3 task/s, elapsed: 53s, ETA:    27s[>>>>>>>>>>>>>>>>>          ] 5160/7824, 97.3 task/s, elapsed: 53s, ETA:    27s[>>>>>>>>>>>>>>>>>          ] 5161/7824, 97.3 task/s, elapsed: 53s, ETA:    27s[>>>>>>>>>>>>>>>>>          ] 5162/7824, 97.3 task/s, elapsed: 53s, ETA:    27s[>>>>>>>>>>>>>>>>>          ] 5163/7824, 97.3 task/s, elapsed: 53s, ETA:    27s[>>>>>>>>>>>>>>>>>          ] 5164/7824, 97.3 task/s, elapsed: 53s, ETA:    27s[>>>>>>>>>>>>>>>>>          ] 5165/7824, 97.3 task/s, elapsed: 53s, ETA:    27s[>>>>>>>>>>>>>>>>>          ] 5166/7824, 97.3 task/s, elapsed: 53s, ETA:    27s[>>>>>>>>>>>>>>>>>          ] 5167/7824, 97.3 task/s, elapsed: 53s, ETA:    27s[>>>>>>>>>>>>>>>>>          ] 5168/7824, 97.3 task/s, elapsed: 53s, ETA:    27s[>>>>>>>>>>>>>>>>>          ] 5169/7824, 97.3 task/s, elapsed: 53s, ETA:    27s[>>>>>>>>>>>>>>>>>          ] 5170/7824, 97.3 task/s, elapsed: 53s, ETA:    27s[>>>>>>>>>>>>>>>>>          ] 5171/7824, 97.3 task/s, elapsed: 53s, ETA:    27s[>>>>>>>>>>>>>>>>>          ] 5172/7824, 97.3 task/s, elapsed: 53s, ETA:    27s[>>>>>>>>>>>>>>>>>          ] 5173/7824, 97.3 task/s, elapsed: 53s, ETA:    27s[>>>>>>>>>>>>>>>>>          ] 5174/7824, 97.3 task/s, elapsed: 53s, ETA:    27s[>>>>>>>>>>>>>>>>>          ] 5175/7824, 97.3 task/s, elapsed: 53s, ETA:    27s[>>>>>>>>>>>>>>>>>          ] 5176/7824, 97.3 task/s, elapsed: 53s, ETA:    27s[>>>>>>>>>>>>>>>>>          ] 5177/7824, 97.3 task/s, elapsed: 53s, ETA:    27s[>>>>>>>>>>>>>>>>>          ] 5178/7824, 97.3 task/s, elapsed: 53s, ETA:    27s[>>>>>>>>>>>>>>>>>          ] 5179/7824, 97.3 task/s, elapsed: 53s, ETA:    27s[>>>>>>>>>>>>>>>>>          ] 5180/7824, 97.3 task/s, elapsed: 53s, ETA:    27s[>>>>>>>>>>>>>>>>>          ] 5181/7824, 97.3 task/s, elapsed: 53s, ETA:    27s[>>>>>>>>>>>>>>>>>          ] 5182/7824, 97.3 task/s, elapsed: 53s, ETA:    27s[>>>>>>>>>>>>>>>>>          ] 5183/7824, 97.3 task/s, elapsed: 53s, ETA:    27s[>>>>>>>>>>>>>>>>>          ] 5184/7824, 97.3 task/s, elapsed: 53s, ETA:    27s[>>>>>>>>>>>>>>>>>          ] 5185/7824, 97.3 task/s, elapsed: 53s, ETA:    27s[>>>>>>>>>>>>>>>>>          ] 5186/7824, 97.3 task/s, elapsed: 53s, ETA:    27s[>>>>>>>>>>>>>>>>>          ] 5187/7824, 97.3 task/s, elapsed: 53s, ETA:    27s[>>>>>>>>>>>>>>>>>          ] 5188/7824, 97.3 task/s, elapsed: 53s, ETA:    27s[>>>>>>>>>>>>>>>>>          ] 5189/7824, 97.3 task/s, elapsed: 53s, ETA:    27s[>>>>>>>>>>>>>>>>>          ] 5190/7824, 97.3 task/s, elapsed: 53s, ETA:    27s[>>>>>>>>>>>>>>>>>          ] 5191/7824, 97.3 task/s, elapsed: 53s, ETA:    27s[>>>>>>>>>>>>>>>>>          ] 5192/7824, 97.3 task/s, elapsed: 53s, ETA:    27s[>>>>>>>>>>>>>>>>>          ] 5193/7824, 97.3 task/s, elapsed: 53s, ETA:    27s[>>>>>>>>>>>>>>>>>          ] 5194/7824, 97.4 task/s, elapsed: 53s, ETA:    27s[>>>>>>>>>>>>>>>>>          ] 5195/7824, 97.4 task/s, elapsed: 53s, ETA:    27s[>>>>>>>>>>>>>>>>>          ] 5196/7824, 97.4 task/s, elapsed: 53s, ETA:    27s[>>>>>>>>>>>>>>>>>          ] 5197/7824, 97.4 task/s, elapsed: 53s, ETA:    27s[>>>>>>>>>>>>>>>>>          ] 5198/7824, 97.4 task/s, elapsed: 53s, ETA:    27s[>>>>>>>>>>>>>>>>>          ] 5199/7824, 97.4 task/s, elapsed: 53s, ETA:    27s[>>>>>>>>>>>>>>>>>          ] 5200/7824, 97.4 task/s, elapsed: 53s, ETA:    27s[>>>>>>>>>>>>>>>>>          ] 5201/7824, 97.4 task/s, elapsed: 53s, ETA:    27s[>>>>>>>>>>>>>>>>>          ] 5202/7824, 97.4 task/s, elapsed: 53s, ETA:    27s[>>>>>>>>>>>>>>>>>          ] 5203/7824, 97.4 task/s, elapsed: 53s, ETA:    27s[>>>>>>>>>>>>>>>>>          ] 5204/7824, 97.4 task/s, elapsed: 53s, ETA:    27s[>>>>>>>>>>>>>>>>>          ] 5205/7824, 97.4 task/s, elapsed: 53s, ETA:    27s[>>>>>>>>>>>>>>>>>          ] 5206/7824, 97.4 task/s, elapsed: 53s, ETA:    27s[>>>>>>>>>>>>>>>>>          ] 5207/7824, 97.4 task/s, elapsed: 53s, ETA:    27s[>>>>>>>>>>>>>>>>>          ] 5208/7824, 97.4 task/s, elapsed: 53s, ETA:    27s[>>>>>>>>>>>>>>>>>          ] 5209/7824, 97.4 task/s, elapsed: 54s, ETA:    27s[>>>>>>>>>>>>>>>>>          ] 5210/7824, 97.3 task/s, elapsed: 54s, ETA:    27s[>>>>>>>>>>>>>>>>>          ] 5211/7824, 97.3 task/s, elapsed: 54s, ETA:    27s[>>>>>>>>>>>>>>>>>          ] 5212/7824, 97.3 task/s, elapsed: 54s, ETA:    27s[>>>>>>>>>>>>>>>>>          ] 5213/7824, 97.3 task/s, elapsed: 54s, ETA:    27s[>>>>>>>>>>>>>>>>>          ] 5214/7824, 97.3 task/s, elapsed: 54s, ETA:    27s[>>>>>>>>>>>>>>>>>          ] 5215/7824, 97.3 task/s, elapsed: 54s, ETA:    27s[>>>>>>>>>>>>>>>>>>         ] 5216/7824, 97.3 task/s, elapsed: 54s, ETA:    27s[>>>>>>>>>>>>>>>>>>         ] 5217/7824, 97.3 task/s, elapsed: 54s, ETA:    27s[>>>>>>>>>>>>>>>>>>         ] 5218/7824, 97.3 task/s, elapsed: 54s, ETA:    27s[>>>>>>>>>>>>>>>>>>         ] 5219/7824, 97.3 task/s, elapsed: 54s, ETA:    27s[>>>>>>>>>>>>>>>>>>         ] 5220/7824, 97.3 task/s, elapsed: 54s, ETA:    27s[>>>>>>>>>>>>>>>>>>         ] 5221/7824, 97.3 task/s, elapsed: 54s, ETA:    27s[>>>>>>>>>>>>>>>>>>         ] 5222/7824, 97.3 task/s, elapsed: 54s, ETA:    27s[>>>>>>>>>>>>>>>>>>         ] 5223/7824, 97.3 task/s, elapsed: 54s, ETA:    27s[>>>>>>>>>>>>>>>>>>         ] 5224/7824, 97.3 task/s, elapsed: 54s, ETA:    27s[>>>>>>>>>>>>>>>>>>         ] 5225/7824, 97.3 task/s, elapsed: 54s, ETA:    27s[>>>>>>>>>>>>>>>>>>         ] 5226/7824, 97.3 task/s, elapsed: 54s, ETA:    27s[>>>>>>>>>>>>>>>>>>         ] 5227/7824, 97.3 task/s, elapsed: 54s, ETA:    27s[>>>>>>>>>>>>>>>>>>         ] 5228/7824, 97.3 task/s, elapsed: 54s, ETA:    27s[>>>>>>>>>>>>>>>>>>         ] 5229/7824, 97.3 task/s, elapsed: 54s, ETA:    27s[>>>>>>>>>>>>>>>>>>         ] 5230/7824, 97.2 task/s, elapsed: 54s, ETA:    27s[>>>>>>>>>>>>>>>>>>         ] 5231/7824, 97.2 task/s, elapsed: 54s, ETA:    27s[>>>>>>>>>>>>>>>>>>         ] 5232/7824, 97.2 task/s, elapsed: 54s, ETA:    27s[>>>>>>>>>>>>>>>>>>         ] 5233/7824, 97.2 task/s, elapsed: 54s, ETA:    27s[>>>>>>>>>>>>>>>>>>         ] 5234/7824, 97.2 task/s, elapsed: 54s, ETA:    27s[>>>>>>>>>>>>>>>>>>         ] 5235/7824, 97.2 task/s, elapsed: 54s, ETA:    27s[>>>>>>>>>>>>>>>>>>         ] 5236/7824, 97.2 task/s, elapsed: 54s, ETA:    27s[>>>>>>>>>>>>>>>>>>         ] 5237/7824, 97.2 task/s, elapsed: 54s, ETA:    27s[>>>>>>>>>>>>>>>>>>         ] 5238/7824, 97.2 task/s, elapsed: 54s, ETA:    27s[>>>>>>>>>>>>>>>>>>         ] 5239/7824, 97.2 task/s, elapsed: 54s, ETA:    27s[>>>>>>>>>>>>>>>>>>         ] 5240/7824, 97.2 task/s, elapsed: 54s, ETA:    27s[>>>>>>>>>>>>>>>>>>         ] 5241/7824, 97.2 task/s, elapsed: 54s, ETA:    27s[>>>>>>>>>>>>>>>>>>         ] 5242/7824, 97.2 task/s, elapsed: 54s, ETA:    27s[>>>>>>>>>>>>>>>>>>         ] 5243/7824, 97.2 task/s, elapsed: 54s, ETA:    27s[>>>>>>>>>>>>>>>>>>         ] 5244/7824, 97.3 task/s, elapsed: 54s, ETA:    27s[>>>>>>>>>>>>>>>>>>         ] 5245/7824, 97.3 task/s, elapsed: 54s, ETA:    27s[>>>>>>>>>>>>>>>>>>         ] 5246/7824, 97.3 task/s, elapsed: 54s, ETA:    27s[>>>>>>>>>>>>>>>>>>         ] 5247/7824, 97.3 task/s, elapsed: 54s, ETA:    26s[>>>>>>>>>>>>>>>>>>         ] 5248/7824, 97.3 task/s, elapsed: 54s, ETA:    26s[>>>>>>>>>>>>>>>>>>         ] 5249/7824, 97.3 task/s, elapsed: 54s, ETA:    26s[>>>>>>>>>>>>>>>>>>         ] 5250/7824, 97.3 task/s, elapsed: 54s, ETA:    26s[>>>>>>>>>>>>>>>>>>         ] 5251/7824, 97.3 task/s, elapsed: 54s, ETA:    26s[>>>>>>>>>>>>>>>>>>         ] 5252/7824, 97.3 task/s, elapsed: 54s, ETA:    26s[>>>>>>>>>>>>>>>>>>         ] 5253/7824, 97.3 task/s, elapsed: 54s, ETA:    26s[>>>>>>>>>>>>>>>>>>         ] 5254/7824, 97.3 task/s, elapsed: 54s, ETA:    26s[>>>>>>>>>>>>>>>>>>         ] 5255/7824, 97.3 task/s, elapsed: 54s, ETA:    26s[>>>>>>>>>>>>>>>>>>         ] 5256/7824, 97.3 task/s, elapsed: 54s, ETA:    26s[>>>>>>>>>>>>>>>>>>         ] 5257/7824, 97.3 task/s, elapsed: 54s, ETA:    26s[>>>>>>>>>>>>>>>>>>         ] 5258/7824, 97.3 task/s, elapsed: 54s, ETA:    26s[>>>>>>>>>>>>>>>>>>         ] 5259/7824, 97.3 task/s, elapsed: 54s, ETA:    26s[>>>>>>>>>>>>>>>>>>         ] 5260/7824, 97.3 task/s, elapsed: 54s, ETA:    26s[>>>>>>>>>>>>>>>>>>         ] 5261/7824, 97.3 task/s, elapsed: 54s, ETA:    26s[>>>>>>>>>>>>>>>>>>         ] 5262/7824, 97.3 task/s, elapsed: 54s, ETA:    26s[>>>>>>>>>>>>>>>>>>         ] 5263/7824, 97.3 task/s, elapsed: 54s, ETA:    26s[>>>>>>>>>>>>>>>>>>         ] 5264/7824, 97.3 task/s, elapsed: 54s, ETA:    26s[>>>>>>>>>>>>>>>>>>         ] 5265/7824, 97.3 task/s, elapsed: 54s, ETA:    26s[>>>>>>>>>>>>>>>>>>         ] 5266/7824, 97.3 task/s, elapsed: 54s, ETA:    26s[>>>>>>>>>>>>>>>>>>         ] 5267/7824, 97.3 task/s, elapsed: 54s, ETA:    26s[>>>>>>>>>>>>>>>>>>         ] 5268/7824, 97.3 task/s, elapsed: 54s, ETA:    26s[>>>>>>>>>>>>>>>>>>         ] 5269/7824, 97.3 task/s, elapsed: 54s, ETA:    26s[>>>>>>>>>>>>>>>>>>         ] 5270/7824, 97.3 task/s, elapsed: 54s, ETA:    26s[>>>>>>>>>>>>>>>>>>         ] 5271/7824, 97.3 task/s, elapsed: 54s, ETA:    26s[>>>>>>>>>>>>>>>>>>         ] 5272/7824, 97.3 task/s, elapsed: 54s, ETA:    26s[>>>>>>>>>>>>>>>>>>         ] 5273/7824, 97.3 task/s, elapsed: 54s, ETA:    26s[>>>>>>>>>>>>>>>>>>         ] 5274/7824, 97.3 task/s, elapsed: 54s, ETA:    26s[>>>>>>>>>>>>>>>>>>         ] 5275/7824, 97.3 task/s, elapsed: 54s, ETA:    26s[>>>>>>>>>>>>>>>>>>         ] 5276/7824, 97.3 task/s, elapsed: 54s, ETA:    26s[>>>>>>>>>>>>>>>>>>         ] 5277/7824, 97.3 task/s, elapsed: 54s, ETA:    26s[>>>>>>>>>>>>>>>>>>         ] 5278/7824, 97.3 task/s, elapsed: 54s, ETA:    26s[>>>>>>>>>>>>>>>>>>         ] 5279/7824, 97.3 task/s, elapsed: 54s, ETA:    26s[>>>>>>>>>>>>>>>>>>         ] 5280/7824, 97.3 task/s, elapsed: 54s, ETA:    26s[>>>>>>>>>>>>>>>>>>         ] 5281/7824, 97.3 task/s, elapsed: 54s, ETA:    26s[>>>>>>>>>>>>>>>>>>         ] 5282/7824, 97.3 task/s, elapsed: 54s, ETA:    26s[>>>>>>>>>>>>>>>>>>         ] 5283/7824, 97.4 task/s, elapsed: 54s, ETA:    26s[>>>>>>>>>>>>>>>>>>         ] 5284/7824, 97.4 task/s, elapsed: 54s, ETA:    26s[>>>>>>>>>>>>>>>>>>         ] 5285/7824, 97.4 task/s, elapsed: 54s, ETA:    26s[>>>>>>>>>>>>>>>>>>         ] 5286/7824, 97.4 task/s, elapsed: 54s, ETA:    26s[>>>>>>>>>>>>>>>>>>         ] 5287/7824, 97.4 task/s, elapsed: 54s, ETA:    26s[>>>>>>>>>>>>>>>>>>         ] 5288/7824, 97.4 task/s, elapsed: 54s, ETA:    26s[>>>>>>>>>>>>>>>>>>         ] 5289/7824, 97.4 task/s, elapsed: 54s, ETA:    26s[>>>>>>>>>>>>>>>>>>         ] 5290/7824, 97.4 task/s, elapsed: 54s, ETA:    26s[>>>>>>>>>>>>>>>>>>         ] 5291/7824, 97.4 task/s, elapsed: 54s, ETA:    26s[>>>>>>>>>>>>>>>>>>         ] 5292/7824, 97.4 task/s, elapsed: 54s, ETA:    26s[>>>>>>>>>>>>>>>>>>         ] 5293/7824, 97.4 task/s, elapsed: 54s, ETA:    26s[>>>>>>>>>>>>>>>>>>         ] 5294/7824, 97.4 task/s, elapsed: 54s, ETA:    26s[>>>>>>>>>>>>>>>>>>         ] 5295/7824, 97.4 task/s, elapsed: 54s, ETA:    26s[>>>>>>>>>>>>>>>>>>         ] 5296/7824, 97.4 task/s, elapsed: 54s, ETA:    26s[>>>>>>>>>>>>>>>>>>         ] 5297/7824, 97.4 task/s, elapsed: 54s, ETA:    26s[>>>>>>>>>>>>>>>>>>         ] 5298/7824, 97.4 task/s, elapsed: 54s, ETA:    26s[>>>>>>>>>>>>>>>>>>         ] 5299/7824, 97.4 task/s, elapsed: 54s, ETA:    26s[>>>>>>>>>>>>>>>>>>         ] 5300/7824, 97.4 task/s, elapsed: 54s, ETA:    26s[>>>>>>>>>>>>>>>>>>         ] 5301/7824, 97.4 task/s, elapsed: 54s, ETA:    26s[>>>>>>>>>>>>>>>>>>         ] 5302/7824, 97.4 task/s, elapsed: 54s, ETA:    26s[>>>>>>>>>>>>>>>>>>         ] 5303/7824, 97.4 task/s, elapsed: 54s, ETA:    26s[>>>>>>>>>>>>>>>>>>         ] 5304/7824, 97.4 task/s, elapsed: 54s, ETA:    26s[>>>>>>>>>>>>>>>>>>         ] 5305/7824, 97.4 task/s, elapsed: 54s, ETA:    26s[>>>>>>>>>>>>>>>>>>         ] 5306/7824, 97.4 task/s, elapsed: 54s, ETA:    26s[>>>>>>>>>>>>>>>>>>         ] 5307/7824, 97.4 task/s, elapsed: 54s, ETA:    26s[>>>>>>>>>>>>>>>>>>         ] 5308/7824, 97.4 task/s, elapsed: 54s, ETA:    26s[>>>>>>>>>>>>>>>>>>         ] 5309/7824, 97.4 task/s, elapsed: 55s, ETA:    26s[>>>>>>>>>>>>>>>>>>         ] 5310/7824, 97.4 task/s, elapsed: 55s, ETA:    26s[>>>>>>>>>>>>>>>>>>         ] 5311/7824, 97.4 task/s, elapsed: 55s, ETA:    26s[>>>>>>>>>>>>>>>>>>         ] 5312/7824, 97.4 task/s, elapsed: 55s, ETA:    26s[>>>>>>>>>>>>>>>>>>         ] 5313/7824, 97.4 task/s, elapsed: 55s, ETA:    26s[>>>>>>>>>>>>>>>>>>         ] 5314/7824, 97.4 task/s, elapsed: 55s, ETA:    26s[>>>>>>>>>>>>>>>>>>         ] 5315/7824, 97.4 task/s, elapsed: 55s, ETA:    26s[>>>>>>>>>>>>>>>>>>         ] 5316/7824, 97.4 task/s, elapsed: 55s, ETA:    26s[>>>>>>>>>>>>>>>>>>         ] 5317/7824, 97.4 task/s, elapsed: 55s, ETA:    26s[>>>>>>>>>>>>>>>>>>         ] 5318/7824, 97.4 task/s, elapsed: 55s, ETA:    26s[>>>>>>>>>>>>>>>>>>         ] 5319/7824, 97.4 task/s, elapsed: 55s, ETA:    26s[>>>>>>>>>>>>>>>>>>         ] 5320/7824, 97.4 task/s, elapsed: 55s, ETA:    26s[>>>>>>>>>>>>>>>>>>         ] 5321/7824, 97.4 task/s, elapsed: 55s, ETA:    26s[>>>>>>>>>>>>>>>>>>         ] 5322/7824, 97.4 task/s, elapsed: 55s, ETA:    26s[>>>>>>>>>>>>>>>>>>         ] 5323/7824, 97.4 task/s, elapsed: 55s, ETA:    26s[>>>>>>>>>>>>>>>>>>         ] 5324/7824, 97.4 task/s, elapsed: 55s, ETA:    26s[>>>>>>>>>>>>>>>>>>         ] 5325/7824, 97.4 task/s, elapsed: 55s, ETA:    26s[>>>>>>>>>>>>>>>>>>         ] 5326/7824, 97.4 task/s, elapsed: 55s, ETA:    26s[>>>>>>>>>>>>>>>>>>         ] 5327/7824, 97.5 task/s, elapsed: 55s, ETA:    26s[>>>>>>>>>>>>>>>>>>         ] 5328/7824, 97.5 task/s, elapsed: 55s, ETA:    26s[>>>>>>>>>>>>>>>>>>         ] 5329/7824, 97.5 task/s, elapsed: 55s, ETA:    26s[>>>>>>>>>>>>>>>>>>         ] 5330/7824, 97.5 task/s, elapsed: 55s, ETA:    26s[>>>>>>>>>>>>>>>>>>         ] 5331/7824, 97.5 task/s, elapsed: 55s, ETA:    26s[>>>>>>>>>>>>>>>>>>         ] 5332/7824, 97.5 task/s, elapsed: 55s, ETA:    26s[>>>>>>>>>>>>>>>>>>         ] 5333/7824, 97.5 task/s, elapsed: 55s, ETA:    26s[>>>>>>>>>>>>>>>>>>         ] 5334/7824, 97.5 task/s, elapsed: 55s, ETA:    26s[>>>>>>>>>>>>>>>>>>         ] 5335/7824, 97.5 task/s, elapsed: 55s, ETA:    26s[>>>>>>>>>>>>>>>>>>         ] 5336/7824, 97.5 task/s, elapsed: 55s, ETA:    26s[>>>>>>>>>>>>>>>>>>         ] 5337/7824, 97.5 task/s, elapsed: 55s, ETA:    26s[>>>>>>>>>>>>>>>>>>         ] 5338/7824, 97.5 task/s, elapsed: 55s, ETA:    26s[>>>>>>>>>>>>>>>>>>         ] 5339/7824, 97.5 task/s, elapsed: 55s, ETA:    25s[>>>>>>>>>>>>>>>>>>         ] 5340/7824, 97.5 task/s, elapsed: 55s, ETA:    25s[>>>>>>>>>>>>>>>>>>         ] 5341/7824, 97.5 task/s, elapsed: 55s, ETA:    25s[>>>>>>>>>>>>>>>>>>         ] 5342/7824, 97.5 task/s, elapsed: 55s, ETA:    25s[>>>>>>>>>>>>>>>>>>         ] 5343/7824, 97.5 task/s, elapsed: 55s, ETA:    25s[>>>>>>>>>>>>>>>>>>         ] 5344/7824, 97.5 task/s, elapsed: 55s, ETA:    25s[>>>>>>>>>>>>>>>>>>         ] 5345/7824, 97.5 task/s, elapsed: 55s, ETA:    25s[>>>>>>>>>>>>>>>>>>         ] 5346/7824, 97.5 task/s, elapsed: 55s, ETA:    25s[>>>>>>>>>>>>>>>>>>         ] 5347/7824, 97.5 task/s, elapsed: 55s, ETA:    25s[>>>>>>>>>>>>>>>>>>         ] 5348/7824, 97.5 task/s, elapsed: 55s, ETA:    25s[>>>>>>>>>>>>>>>>>>         ] 5349/7824, 97.5 task/s, elapsed: 55s, ETA:    25s[>>>>>>>>>>>>>>>>>>         ] 5350/7824, 97.5 task/s, elapsed: 55s, ETA:    25s[>>>>>>>>>>>>>>>>>>         ] 5351/7824, 97.5 task/s, elapsed: 55s, ETA:    25s[>>>>>>>>>>>>>>>>>>         ] 5352/7824, 97.5 task/s, elapsed: 55s, ETA:    25s[>>>>>>>>>>>>>>>>>>         ] 5353/7824, 97.5 task/s, elapsed: 55s, ETA:    25s[>>>>>>>>>>>>>>>>>>         ] 5354/7824, 97.5 task/s, elapsed: 55s, ETA:    25s[>>>>>>>>>>>>>>>>>>         ] 5355/7824, 97.5 task/s, elapsed: 55s, ETA:    25s[>>>>>>>>>>>>>>>>>>         ] 5356/7824, 97.5 task/s, elapsed: 55s, ETA:    25s[>>>>>>>>>>>>>>>>>>         ] 5357/7824, 97.4 task/s, elapsed: 55s, ETA:    25s[>>>>>>>>>>>>>>>>>>         ] 5358/7824, 97.4 task/s, elapsed: 55s, ETA:    25s[>>>>>>>>>>>>>>>>>>         ] 5359/7824, 97.4 task/s, elapsed: 55s, ETA:    25s[>>>>>>>>>>>>>>>>>>         ] 5360/7824, 97.4 task/s, elapsed: 55s, ETA:    25s[>>>>>>>>>>>>>>>>>>         ] 5361/7824, 97.4 task/s, elapsed: 55s, ETA:    25s[>>>>>>>>>>>>>>>>>>         ] 5362/7824, 97.4 task/s, elapsed: 55s, ETA:    25s[>>>>>>>>>>>>>>>>>>         ] 5363/7824, 97.4 task/s, elapsed: 55s, ETA:    25s[>>>>>>>>>>>>>>>>>>         ] 5364/7824, 97.4 task/s, elapsed: 55s, ETA:    25s[>>>>>>>>>>>>>>>>>>         ] 5365/7824, 97.4 task/s, elapsed: 55s, ETA:    25s[>>>>>>>>>>>>>>>>>>         ] 5366/7824, 97.4 task/s, elapsed: 55s, ETA:    25s[>>>>>>>>>>>>>>>>>>         ] 5367/7824, 97.4 task/s, elapsed: 55s, ETA:    25s[>>>>>>>>>>>>>>>>>>         ] 5368/7824, 97.4 task/s, elapsed: 55s, ETA:    25s[>>>>>>>>>>>>>>>>>>         ] 5369/7824, 97.4 task/s, elapsed: 55s, ETA:    25s[>>>>>>>>>>>>>>>>>>         ] 5370/7824, 97.4 task/s, elapsed: 55s, ETA:    25s[>>>>>>>>>>>>>>>>>>         ] 5371/7824, 97.4 task/s, elapsed: 55s, ETA:    25s[>>>>>>>>>>>>>>>>>>         ] 5372/7824, 97.4 task/s, elapsed: 55s, ETA:    25s[>>>>>>>>>>>>>>>>>>         ] 5373/7824, 97.4 task/s, elapsed: 55s, ETA:    25s[>>>>>>>>>>>>>>>>>>         ] 5374/7824, 97.4 task/s, elapsed: 55s, ETA:    25s[>>>>>>>>>>>>>>>>>>         ] 5375/7824, 97.4 task/s, elapsed: 55s, ETA:    25s[>>>>>>>>>>>>>>>>>>         ] 5376/7824, 97.3 task/s, elapsed: 55s, ETA:    25s[>>>>>>>>>>>>>>>>>>         ] 5377/7824, 97.3 task/s, elapsed: 55s, ETA:    25s[>>>>>>>>>>>>>>>>>>         ] 5378/7824, 97.3 task/s, elapsed: 55s, ETA:    25s[>>>>>>>>>>>>>>>>>>         ] 5379/7824, 97.3 task/s, elapsed: 55s, ETA:    25s[>>>>>>>>>>>>>>>>>>         ] 5380/7824, 97.3 task/s, elapsed: 55s, ETA:    25s[>>>>>>>>>>>>>>>>>>         ] 5381/7824, 97.3 task/s, elapsed: 55s, ETA:    25s[>>>>>>>>>>>>>>>>>>         ] 5382/7824, 97.3 task/s, elapsed: 55s, ETA:    25s[>>>>>>>>>>>>>>>>>>         ] 5383/7824, 97.3 task/s, elapsed: 55s, ETA:    25s[>>>>>>>>>>>>>>>>>>         ] 5384/7824, 97.3 task/s, elapsed: 55s, ETA:    25s[>>>>>>>>>>>>>>>>>>         ] 5385/7824, 97.3 task/s, elapsed: 55s, ETA:    25s[>>>>>>>>>>>>>>>>>>         ] 5386/7824, 97.3 task/s, elapsed: 55s, ETA:    25s[>>>>>>>>>>>>>>>>>>         ] 5387/7824, 97.3 task/s, elapsed: 55s, ETA:    25s[>>>>>>>>>>>>>>>>>>         ] 5388/7824, 97.3 task/s, elapsed: 55s, ETA:    25s[>>>>>>>>>>>>>>>>>>         ] 5389/7824, 97.3 task/s, elapsed: 55s, ETA:    25s[>>>>>>>>>>>>>>>>>>         ] 5390/7824, 97.3 task/s, elapsed: 55s, ETA:    25s[>>>>>>>>>>>>>>>>>>         ] 5391/7824, 97.3 task/s, elapsed: 55s, ETA:    25s[>>>>>>>>>>>>>>>>>>         ] 5392/7824, 97.3 task/s, elapsed: 55s, ETA:    25s[>>>>>>>>>>>>>>>>>>         ] 5393/7824, 97.3 task/s, elapsed: 55s, ETA:    25s[>>>>>>>>>>>>>>>>>>         ] 5394/7824, 97.3 task/s, elapsed: 55s, ETA:    25s[>>>>>>>>>>>>>>>>>>         ] 5395/7824, 97.3 task/s, elapsed: 55s, ETA:    25s[>>>>>>>>>>>>>>>>>>         ] 5396/7824, 97.2 task/s, elapsed: 55s, ETA:    25s[>>>>>>>>>>>>>>>>>>         ] 5397/7824, 97.2 task/s, elapsed: 56s, ETA:    25s[>>>>>>>>>>>>>>>>>>         ] 5398/7824, 97.2 task/s, elapsed: 56s, ETA:    25s[>>>>>>>>>>>>>>>>>>         ] 5399/7824, 97.2 task/s, elapsed: 56s, ETA:    25s[>>>>>>>>>>>>>>>>>>         ] 5400/7824, 97.2 task/s, elapsed: 56s, ETA:    25s[>>>>>>>>>>>>>>>>>>         ] 5401/7824, 97.2 task/s, elapsed: 56s, ETA:    25s[>>>>>>>>>>>>>>>>>>         ] 5402/7824, 97.2 task/s, elapsed: 56s, ETA:    25s[>>>>>>>>>>>>>>>>>>         ] 5403/7824, 97.2 task/s, elapsed: 56s, ETA:    25s[>>>>>>>>>>>>>>>>>>         ] 5404/7824, 97.2 task/s, elapsed: 56s, ETA:    25s[>>>>>>>>>>>>>>>>>>         ] 5405/7824, 97.2 task/s, elapsed: 56s, ETA:    25s[>>>>>>>>>>>>>>>>>>         ] 5406/7824, 97.2 task/s, elapsed: 56s, ETA:    25s[>>>>>>>>>>>>>>>>>>         ] 5407/7824, 97.2 task/s, elapsed: 56s, ETA:    25s[>>>>>>>>>>>>>>>>>>         ] 5408/7824, 97.2 task/s, elapsed: 56s, ETA:    25s[>>>>>>>>>>>>>>>>>>         ] 5409/7824, 97.2 task/s, elapsed: 56s, ETA:    25s[>>>>>>>>>>>>>>>>>>         ] 5410/7824, 97.2 task/s, elapsed: 56s, ETA:    25s[>>>>>>>>>>>>>>>>>>         ] 5411/7824, 97.2 task/s, elapsed: 56s, ETA:    25s[>>>>>>>>>>>>>>>>>>         ] 5412/7824, 97.2 task/s, elapsed: 56s, ETA:    25s[>>>>>>>>>>>>>>>>>>         ] 5413/7824, 97.2 task/s, elapsed: 56s, ETA:    25s[>>>>>>>>>>>>>>>>>>         ] 5414/7824, 97.2 task/s, elapsed: 56s, ETA:    25s[>>>>>>>>>>>>>>>>>>         ] 5415/7824, 97.2 task/s, elapsed: 56s, ETA:    25s[>>>>>>>>>>>>>>>>>>         ] 5416/7824, 97.2 task/s, elapsed: 56s, ETA:    25s[>>>>>>>>>>>>>>>>>>         ] 5417/7824, 97.1 task/s, elapsed: 56s, ETA:    25s[>>>>>>>>>>>>>>>>>>         ] 5418/7824, 97.1 task/s, elapsed: 56s, ETA:    25s[>>>>>>>>>>>>>>>>>>         ] 5419/7824, 97.1 task/s, elapsed: 56s, ETA:    25s[>>>>>>>>>>>>>>>>>>         ] 5420/7824, 97.1 task/s, elapsed: 56s, ETA:    25s[>>>>>>>>>>>>>>>>>>         ] 5421/7824, 97.1 task/s, elapsed: 56s, ETA:    25s[>>>>>>>>>>>>>>>>>>         ] 5422/7824, 97.1 task/s, elapsed: 56s, ETA:    25s[>>>>>>>>>>>>>>>>>>         ] 5423/7824, 97.1 task/s, elapsed: 56s, ETA:    25s[>>>>>>>>>>>>>>>>>>         ] 5424/7824, 97.1 task/s, elapsed: 56s, ETA:    25s[>>>>>>>>>>>>>>>>>>         ] 5425/7824, 97.1 task/s, elapsed: 56s, ETA:    25s[>>>>>>>>>>>>>>>>>>         ] 5426/7824, 97.1 task/s, elapsed: 56s, ETA:    25s[>>>>>>>>>>>>>>>>>>         ] 5427/7824, 97.1 task/s, elapsed: 56s, ETA:    25s[>>>>>>>>>>>>>>>>>>         ] 5428/7824, 97.1 task/s, elapsed: 56s, ETA:    25s[>>>>>>>>>>>>>>>>>>         ] 5429/7824, 97.1 task/s, elapsed: 56s, ETA:    25s[>>>>>>>>>>>>>>>>>>         ] 5430/7824, 97.1 task/s, elapsed: 56s, ETA:    25s[>>>>>>>>>>>>>>>>>>         ] 5431/7824, 97.1 task/s, elapsed: 56s, ETA:    25s[>>>>>>>>>>>>>>>>>>         ] 5432/7824, 97.1 task/s, elapsed: 56s, ETA:    25s[>>>>>>>>>>>>>>>>>>         ] 5433/7824, 97.1 task/s, elapsed: 56s, ETA:    25s[>>>>>>>>>>>>>>>>>>         ] 5434/7824, 97.1 task/s, elapsed: 56s, ETA:    25s[>>>>>>>>>>>>>>>>>>         ] 5435/7824, 97.1 task/s, elapsed: 56s, ETA:    25s[>>>>>>>>>>>>>>>>>>         ] 5436/7824, 97.1 task/s, elapsed: 56s, ETA:    25s[>>>>>>>>>>>>>>>>>>         ] 5437/7824, 97.0 task/s, elapsed: 56s, ETA:    25s[>>>>>>>>>>>>>>>>>>         ] 5438/7824, 97.0 task/s, elapsed: 56s, ETA:    25s[>>>>>>>>>>>>>>>>>>         ] 5439/7824, 97.0 task/s, elapsed: 56s, ETA:    25s[>>>>>>>>>>>>>>>>>>         ] 5440/7824, 97.0 task/s, elapsed: 56s, ETA:    25s[>>>>>>>>>>>>>>>>>>         ] 5441/7824, 97.0 task/s, elapsed: 56s, ETA:    25s[>>>>>>>>>>>>>>>>>>         ] 5442/7824, 97.0 task/s, elapsed: 56s, ETA:    25s[>>>>>>>>>>>>>>>>>>         ] 5443/7824, 97.0 task/s, elapsed: 56s, ETA:    25s[>>>>>>>>>>>>>>>>>>         ] 5444/7824, 97.0 task/s, elapsed: 56s, ETA:    25s[>>>>>>>>>>>>>>>>>>         ] 5445/7824, 97.0 task/s, elapsed: 56s, ETA:    25s[>>>>>>>>>>>>>>>>>>         ] 5446/7824, 97.0 task/s, elapsed: 56s, ETA:    25s[>>>>>>>>>>>>>>>>>>         ] 5447/7824, 97.0 task/s, elapsed: 56s, ETA:    25s[>>>>>>>>>>>>>>>>>>         ] 5448/7824, 97.0 task/s, elapsed: 56s, ETA:    24s[>>>>>>>>>>>>>>>>>>         ] 5449/7824, 97.0 task/s, elapsed: 56s, ETA:    24s[>>>>>>>>>>>>>>>>>>         ] 5450/7824, 97.0 task/s, elapsed: 56s, ETA:    24s[>>>>>>>>>>>>>>>>>>         ] 5451/7824, 97.0 task/s, elapsed: 56s, ETA:    24s[>>>>>>>>>>>>>>>>>>         ] 5452/7824, 97.0 task/s, elapsed: 56s, ETA:    24s[>>>>>>>>>>>>>>>>>>         ] 5453/7824, 97.0 task/s, elapsed: 56s, ETA:    24s[>>>>>>>>>>>>>>>>>>         ] 5454/7824, 97.0 task/s, elapsed: 56s, ETA:    24s[>>>>>>>>>>>>>>>>>>         ] 5455/7824, 97.0 task/s, elapsed: 56s, ETA:    24s[>>>>>>>>>>>>>>>>>>         ] 5456/7824, 97.0 task/s, elapsed: 56s, ETA:    24s[>>>>>>>>>>>>>>>>>>         ] 5457/7824, 97.0 task/s, elapsed: 56s, ETA:    24s[>>>>>>>>>>>>>>>>>>         ] 5458/7824, 97.0 task/s, elapsed: 56s, ETA:    24s[>>>>>>>>>>>>>>>>>>         ] 5459/7824, 97.0 task/s, elapsed: 56s, ETA:    24s[>>>>>>>>>>>>>>>>>>         ] 5460/7824, 97.0 task/s, elapsed: 56s, ETA:    24s[>>>>>>>>>>>>>>>>>>         ] 5461/7824, 97.0 task/s, elapsed: 56s, ETA:    24s[>>>>>>>>>>>>>>>>>>         ] 5462/7824, 97.0 task/s, elapsed: 56s, ETA:    24s[>>>>>>>>>>>>>>>>>>         ] 5463/7824, 97.0 task/s, elapsed: 56s, ETA:    24s[>>>>>>>>>>>>>>>>>>         ] 5464/7824, 97.0 task/s, elapsed: 56s, ETA:    24s[>>>>>>>>>>>>>>>>>>         ] 5465/7824, 97.0 task/s, elapsed: 56s, ETA:    24s[>>>>>>>>>>>>>>>>>>         ] 5466/7824, 97.0 task/s, elapsed: 56s, ETA:    24s[>>>>>>>>>>>>>>>>>>         ] 5467/7824, 97.0 task/s, elapsed: 56s, ETA:    24s[>>>>>>>>>>>>>>>>>>         ] 5468/7824, 97.0 task/s, elapsed: 56s, ETA:    24s[>>>>>>>>>>>>>>>>>>         ] 5469/7824, 97.0 task/s, elapsed: 56s, ETA:    24s[>>>>>>>>>>>>>>>>>>         ] 5470/7824, 97.0 task/s, elapsed: 56s, ETA:    24s[>>>>>>>>>>>>>>>>>>         ] 5471/7824, 97.0 task/s, elapsed: 56s, ETA:    24s[>>>>>>>>>>>>>>>>>>         ] 5472/7824, 97.0 task/s, elapsed: 56s, ETA:    24s[>>>>>>>>>>>>>>>>>>         ] 5473/7824, 97.0 task/s, elapsed: 56s, ETA:    24s[>>>>>>>>>>>>>>>>>>         ] 5474/7824, 97.0 task/s, elapsed: 56s, ETA:    24s[>>>>>>>>>>>>>>>>>>         ] 5475/7824, 97.0 task/s, elapsed: 56s, ETA:    24s[>>>>>>>>>>>>>>>>>>         ] 5476/7824, 97.0 task/s, elapsed: 56s, ETA:    24s[>>>>>>>>>>>>>>>>>>         ] 5477/7824, 97.0 task/s, elapsed: 56s, ETA:    24s[>>>>>>>>>>>>>>>>>>         ] 5478/7824, 97.1 task/s, elapsed: 56s, ETA:    24s[>>>>>>>>>>>>>>>>>>         ] 5479/7824, 97.1 task/s, elapsed: 56s, ETA:    24s[>>>>>>>>>>>>>>>>>>         ] 5480/7824, 97.1 task/s, elapsed: 56s, ETA:    24s[>>>>>>>>>>>>>>>>>>         ] 5481/7824, 97.1 task/s, elapsed: 56s, ETA:    24s[>>>>>>>>>>>>>>>>>>         ] 5482/7824, 97.1 task/s, elapsed: 56s, ETA:    24s[>>>>>>>>>>>>>>>>>>         ] 5483/7824, 97.1 task/s, elapsed: 56s, ETA:    24s[>>>>>>>>>>>>>>>>>>         ] 5484/7824, 97.1 task/s, elapsed: 56s, ETA:    24s[>>>>>>>>>>>>>>>>>>         ] 5485/7824, 97.1 task/s, elapsed: 57s, ETA:    24s[>>>>>>>>>>>>>>>>>>         ] 5486/7824, 97.1 task/s, elapsed: 57s, ETA:    24s[>>>>>>>>>>>>>>>>>>         ] 5487/7824, 97.1 task/s, elapsed: 57s, ETA:    24s[>>>>>>>>>>>>>>>>>>         ] 5488/7824, 97.1 task/s, elapsed: 57s, ETA:    24s[>>>>>>>>>>>>>>>>>>         ] 5489/7824, 97.1 task/s, elapsed: 57s, ETA:    24s[>>>>>>>>>>>>>>>>>>         ] 5490/7824, 97.1 task/s, elapsed: 57s, ETA:    24s[>>>>>>>>>>>>>>>>>>         ] 5491/7824, 97.1 task/s, elapsed: 57s, ETA:    24s[>>>>>>>>>>>>>>>>>>         ] 5492/7824, 97.1 task/s, elapsed: 57s, ETA:    24s[>>>>>>>>>>>>>>>>>>         ] 5493/7824, 97.1 task/s, elapsed: 57s, ETA:    24s[>>>>>>>>>>>>>>>>>>         ] 5494/7824, 97.1 task/s, elapsed: 57s, ETA:    24s[>>>>>>>>>>>>>>>>>>         ] 5495/7824, 97.1 task/s, elapsed: 57s, ETA:    24s[>>>>>>>>>>>>>>>>>>         ] 5496/7824, 97.1 task/s, elapsed: 57s, ETA:    24s[>>>>>>>>>>>>>>>>>>         ] 5497/7824, 97.1 task/s, elapsed: 57s, ETA:    24s[>>>>>>>>>>>>>>>>>>         ] 5498/7824, 97.1 task/s, elapsed: 57s, ETA:    24s[>>>>>>>>>>>>>>>>>>         ] 5499/7824, 97.1 task/s, elapsed: 57s, ETA:    24s[>>>>>>>>>>>>>>>>>>         ] 5500/7824, 97.1 task/s, elapsed: 57s, ETA:    24s[>>>>>>>>>>>>>>>>>>         ] 5501/7824, 97.1 task/s, elapsed: 57s, ETA:    24s[>>>>>>>>>>>>>>>>>>         ] 5502/7824, 97.1 task/s, elapsed: 57s, ETA:    24s[>>>>>>>>>>>>>>>>>>         ] 5503/7824, 97.1 task/s, elapsed: 57s, ETA:    24s[>>>>>>>>>>>>>>>>>>         ] 5504/7824, 97.1 task/s, elapsed: 57s, ETA:    24s[>>>>>>>>>>>>>>>>>>         ] 5505/7824, 97.1 task/s, elapsed: 57s, ETA:    24s[>>>>>>>>>>>>>>>>>>>        ] 5506/7824, 97.1 task/s, elapsed: 57s, ETA:    24s[>>>>>>>>>>>>>>>>>>>        ] 5507/7824, 97.1 task/s, elapsed: 57s, ETA:    24s[>>>>>>>>>>>>>>>>>>>        ] 5508/7824, 97.1 task/s, elapsed: 57s, ETA:    24s[>>>>>>>>>>>>>>>>>>>        ] 5509/7824, 97.1 task/s, elapsed: 57s, ETA:    24s[>>>>>>>>>>>>>>>>>>>        ] 5510/7824, 97.1 task/s, elapsed: 57s, ETA:    24s[>>>>>>>>>>>>>>>>>>>        ] 5511/7824, 97.1 task/s, elapsed: 57s, ETA:    24s[>>>>>>>>>>>>>>>>>>>        ] 5512/7824, 97.1 task/s, elapsed: 57s, ETA:    24s[>>>>>>>>>>>>>>>>>>>        ] 5513/7824, 97.1 task/s, elapsed: 57s, ETA:    24s[>>>>>>>>>>>>>>>>>>>        ] 5514/7824, 97.1 task/s, elapsed: 57s, ETA:    24s[>>>>>>>>>>>>>>>>>>>        ] 5515/7824, 97.1 task/s, elapsed: 57s, ETA:    24s[>>>>>>>>>>>>>>>>>>>        ] 5516/7824, 97.1 task/s, elapsed: 57s, ETA:    24s[>>>>>>>>>>>>>>>>>>>        ] 5517/7824, 97.1 task/s, elapsed: 57s, ETA:    24s[>>>>>>>>>>>>>>>>>>>        ] 5518/7824, 97.1 task/s, elapsed: 57s, ETA:    24s[>>>>>>>>>>>>>>>>>>>        ] 5519/7824, 97.1 task/s, elapsed: 57s, ETA:    24s[>>>>>>>>>>>>>>>>>>>        ] 5520/7824, 97.2 task/s, elapsed: 57s, ETA:    24s[>>>>>>>>>>>>>>>>>>>        ] 5521/7824, 97.2 task/s, elapsed: 57s, ETA:    24s[>>>>>>>>>>>>>>>>>>>        ] 5522/7824, 97.2 task/s, elapsed: 57s, ETA:    24s[>>>>>>>>>>>>>>>>>>>        ] 5523/7824, 97.2 task/s, elapsed: 57s, ETA:    24s[>>>>>>>>>>>>>>>>>>>        ] 5524/7824, 97.2 task/s, elapsed: 57s, ETA:    24s[>>>>>>>>>>>>>>>>>>>        ] 5525/7824, 97.2 task/s, elapsed: 57s, ETA:    24s[>>>>>>>>>>>>>>>>>>>        ] 5526/7824, 97.2 task/s, elapsed: 57s, ETA:    24s[>>>>>>>>>>>>>>>>>>>        ] 5527/7824, 97.2 task/s, elapsed: 57s, ETA:    24s[>>>>>>>>>>>>>>>>>>>        ] 5528/7824, 97.2 task/s, elapsed: 57s, ETA:    24s[>>>>>>>>>>>>>>>>>>>        ] 5529/7824, 97.2 task/s, elapsed: 57s, ETA:    24s[>>>>>>>>>>>>>>>>>>>        ] 5530/7824, 97.2 task/s, elapsed: 57s, ETA:    24s[>>>>>>>>>>>>>>>>>>>        ] 5531/7824, 97.2 task/s, elapsed: 57s, ETA:    24s[>>>>>>>>>>>>>>>>>>>        ] 5532/7824, 97.2 task/s, elapsed: 57s, ETA:    24s[>>>>>>>>>>>>>>>>>>>        ] 5533/7824, 97.2 task/s, elapsed: 57s, ETA:    24s[>>>>>>>>>>>>>>>>>>>        ] 5534/7824, 97.2 task/s, elapsed: 57s, ETA:    24s[>>>>>>>>>>>>>>>>>>>        ] 5535/7824, 97.2 task/s, elapsed: 57s, ETA:    24s[>>>>>>>>>>>>>>>>>>>        ] 5536/7824, 97.2 task/s, elapsed: 57s, ETA:    24s[>>>>>>>>>>>>>>>>>>>        ] 5537/7824, 97.2 task/s, elapsed: 57s, ETA:    24s[>>>>>>>>>>>>>>>>>>>        ] 5538/7824, 97.2 task/s, elapsed: 57s, ETA:    24s[>>>>>>>>>>>>>>>>>>>        ] 5539/7824, 97.2 task/s, elapsed: 57s, ETA:    24s[>>>>>>>>>>>>>>>>>>>        ] 5540/7824, 97.2 task/s, elapsed: 57s, ETA:    23s[>>>>>>>>>>>>>>>>>>>        ] 5541/7824, 97.2 task/s, elapsed: 57s, ETA:    23s[>>>>>>>>>>>>>>>>>>>        ] 5542/7824, 97.2 task/s, elapsed: 57s, ETA:    23s[>>>>>>>>>>>>>>>>>>>        ] 5543/7824, 97.2 task/s, elapsed: 57s, ETA:    23s[>>>>>>>>>>>>>>>>>>>        ] 5544/7824, 97.2 task/s, elapsed: 57s, ETA:    23s[>>>>>>>>>>>>>>>>>>>        ] 5545/7824, 97.2 task/s, elapsed: 57s, ETA:    23s[>>>>>>>>>>>>>>>>>>>        ] 5546/7824, 97.2 task/s, elapsed: 57s, ETA:    23s[>>>>>>>>>>>>>>>>>>>        ] 5547/7824, 97.2 task/s, elapsed: 57s, ETA:    23s[>>>>>>>>>>>>>>>>>>>        ] 5548/7824, 97.2 task/s, elapsed: 57s, ETA:    23s[>>>>>>>>>>>>>>>>>>>        ] 5549/7824, 97.2 task/s, elapsed: 57s, ETA:    23s[>>>>>>>>>>>>>>>>>>>        ] 5550/7824, 97.2 task/s, elapsed: 57s, ETA:    23s[>>>>>>>>>>>>>>>>>>>        ] 5551/7824, 97.2 task/s, elapsed: 57s, ETA:    23s[>>>>>>>>>>>>>>>>>>>        ] 5552/7824, 97.2 task/s, elapsed: 57s, ETA:    23s[>>>>>>>>>>>>>>>>>>>        ] 5553/7824, 97.2 task/s, elapsed: 57s, ETA:    23s[>>>>>>>>>>>>>>>>>>>        ] 5554/7824, 97.2 task/s, elapsed: 57s, ETA:    23s[>>>>>>>>>>>>>>>>>>>        ] 5555/7824, 97.2 task/s, elapsed: 57s, ETA:    23s[>>>>>>>>>>>>>>>>>>>        ] 5556/7824, 97.2 task/s, elapsed: 57s, ETA:    23s[>>>>>>>>>>>>>>>>>>>        ] 5557/7824, 97.2 task/s, elapsed: 57s, ETA:    23s[>>>>>>>>>>>>>>>>>>>        ] 5558/7824, 97.3 task/s, elapsed: 57s, ETA:    23s[>>>>>>>>>>>>>>>>>>>        ] 5559/7824, 97.3 task/s, elapsed: 57s, ETA:    23s[>>>>>>>>>>>>>>>>>>>        ] 5560/7824, 97.3 task/s, elapsed: 57s, ETA:    23s[>>>>>>>>>>>>>>>>>>>        ] 5561/7824, 97.3 task/s, elapsed: 57s, ETA:    23s[>>>>>>>>>>>>>>>>>>>        ] 5562/7824, 97.3 task/s, elapsed: 57s, ETA:    23s[>>>>>>>>>>>>>>>>>>>        ] 5563/7824, 97.3 task/s, elapsed: 57s, ETA:    23s[>>>>>>>>>>>>>>>>>>>        ] 5564/7824, 97.3 task/s, elapsed: 57s, ETA:    23s[>>>>>>>>>>>>>>>>>>>        ] 5565/7824, 97.3 task/s, elapsed: 57s, ETA:    23s[>>>>>>>>>>>>>>>>>>>        ] 5566/7824, 97.3 task/s, elapsed: 57s, ETA:    23s[>>>>>>>>>>>>>>>>>>>        ] 5567/7824, 97.3 task/s, elapsed: 57s, ETA:    23s[>>>>>>>>>>>>>>>>>>>        ] 5568/7824, 97.3 task/s, elapsed: 57s, ETA:    23s[>>>>>>>>>>>>>>>>>>>        ] 5569/7824, 97.3 task/s, elapsed: 57s, ETA:    23s[>>>>>>>>>>>>>>>>>>>        ] 5570/7824, 97.3 task/s, elapsed: 57s, ETA:    23s[>>>>>>>>>>>>>>>>>>>        ] 5571/7824, 97.3 task/s, elapsed: 57s, ETA:    23s[>>>>>>>>>>>>>>>>>>>        ] 5572/7824, 97.3 task/s, elapsed: 57s, ETA:    23s[>>>>>>>>>>>>>>>>>>>        ] 5573/7824, 97.3 task/s, elapsed: 57s, ETA:    23s[>>>>>>>>>>>>>>>>>>>        ] 5574/7824, 97.3 task/s, elapsed: 57s, ETA:    23s[>>>>>>>>>>>>>>>>>>>        ] 5575/7824, 97.3 task/s, elapsed: 57s, ETA:    23s[>>>>>>>>>>>>>>>>>>>        ] 5576/7824, 97.3 task/s, elapsed: 57s, ETA:    23s[>>>>>>>>>>>>>>>>>>>        ] 5577/7824, 97.3 task/s, elapsed: 57s, ETA:    23s[>>>>>>>>>>>>>>>>>>>        ] 5578/7824, 97.3 task/s, elapsed: 57s, ETA:    23s[>>>>>>>>>>>>>>>>>>>        ] 5579/7824, 97.3 task/s, elapsed: 57s, ETA:    23s[>>>>>>>>>>>>>>>>>>>        ] 5580/7824, 97.3 task/s, elapsed: 57s, ETA:    23s[>>>>>>>>>>>>>>>>>>>        ] 5581/7824, 97.3 task/s, elapsed: 57s, ETA:    23s[>>>>>>>>>>>>>>>>>>>        ] 5582/7824, 97.3 task/s, elapsed: 57s, ETA:    23s[>>>>>>>>>>>>>>>>>>>        ] 5583/7824, 97.3 task/s, elapsed: 57s, ETA:    23s[>>>>>>>>>>>>>>>>>>>        ] 5584/7824, 97.3 task/s, elapsed: 57s, ETA:    23s[>>>>>>>>>>>>>>>>>>>        ] 5585/7824, 97.3 task/s, elapsed: 57s, ETA:    23s[>>>>>>>>>>>>>>>>>>>        ] 5586/7824, 97.3 task/s, elapsed: 57s, ETA:    23s[>>>>>>>>>>>>>>>>>>>        ] 5587/7824, 97.3 task/s, elapsed: 57s, ETA:    23s[>>>>>>>>>>>>>>>>>>>        ] 5588/7824, 97.3 task/s, elapsed: 57s, ETA:    23s[>>>>>>>>>>>>>>>>>>>        ] 5589/7824, 97.3 task/s, elapsed: 57s, ETA:    23s[>>>>>>>>>>>>>>>>>>>        ] 5590/7824, 97.3 task/s, elapsed: 57s, ETA:    23s[>>>>>>>>>>>>>>>>>>>        ] 5591/7824, 97.3 task/s, elapsed: 57s, ETA:    23s[>>>>>>>>>>>>>>>>>>>        ] 5592/7824, 97.3 task/s, elapsed: 57s, ETA:    23s[>>>>>>>>>>>>>>>>>>>        ] 5593/7824, 97.3 task/s, elapsed: 57s, ETA:    23s[>>>>>>>>>>>>>>>>>>>        ] 5594/7824, 97.3 task/s, elapsed: 57s, ETA:    23s[>>>>>>>>>>>>>>>>>>>        ] 5595/7824, 97.3 task/s, elapsed: 57s, ETA:    23s[>>>>>>>>>>>>>>>>>>>        ] 5596/7824, 97.3 task/s, elapsed: 57s, ETA:    23s[>>>>>>>>>>>>>>>>>>>        ] 5597/7824, 97.3 task/s, elapsed: 58s, ETA:    23s[>>>>>>>>>>>>>>>>>>>        ] 5598/7824, 97.3 task/s, elapsed: 58s, ETA:    23s[>>>>>>>>>>>>>>>>>>>        ] 5599/7824, 97.3 task/s, elapsed: 58s, ETA:    23s[>>>>>>>>>>>>>>>>>>>        ] 5600/7824, 97.3 task/s, elapsed: 58s, ETA:    23s[>>>>>>>>>>>>>>>>>>>        ] 5601/7824, 97.3 task/s, elapsed: 58s, ETA:    23s[>>>>>>>>>>>>>>>>>>>        ] 5602/7824, 97.3 task/s, elapsed: 58s, ETA:    23s[>>>>>>>>>>>>>>>>>>>        ] 5603/7824, 97.4 task/s, elapsed: 58s, ETA:    23s[>>>>>>>>>>>>>>>>>>>        ] 5604/7824, 97.4 task/s, elapsed: 58s, ETA:    23s[>>>>>>>>>>>>>>>>>>>        ] 5605/7824, 97.4 task/s, elapsed: 58s, ETA:    23s[>>>>>>>>>>>>>>>>>>>        ] 5606/7824, 97.4 task/s, elapsed: 58s, ETA:    23s[>>>>>>>>>>>>>>>>>>>        ] 5607/7824, 97.4 task/s, elapsed: 58s, ETA:    23s[>>>>>>>>>>>>>>>>>>>        ] 5608/7824, 97.4 task/s, elapsed: 58s, ETA:    23s[>>>>>>>>>>>>>>>>>>>        ] 5609/7824, 97.4 task/s, elapsed: 58s, ETA:    23s[>>>>>>>>>>>>>>>>>>>        ] 5610/7824, 97.4 task/s, elapsed: 58s, ETA:    23s[>>>>>>>>>>>>>>>>>>>        ] 5611/7824, 97.4 task/s, elapsed: 58s, ETA:    23s[>>>>>>>>>>>>>>>>>>>        ] 5612/7824, 97.4 task/s, elapsed: 58s, ETA:    23s[>>>>>>>>>>>>>>>>>>>        ] 5613/7824, 97.4 task/s, elapsed: 58s, ETA:    23s[>>>>>>>>>>>>>>>>>>>        ] 5614/7824, 97.4 task/s, elapsed: 58s, ETA:    23s[>>>>>>>>>>>>>>>>>>>        ] 5615/7824, 97.4 task/s, elapsed: 58s, ETA:    23s[>>>>>>>>>>>>>>>>>>>        ] 5616/7824, 97.4 task/s, elapsed: 58s, ETA:    23s[>>>>>>>>>>>>>>>>>>>        ] 5617/7824, 97.4 task/s, elapsed: 58s, ETA:    23s[>>>>>>>>>>>>>>>>>>>        ] 5618/7824, 97.4 task/s, elapsed: 58s, ETA:    23s[>>>>>>>>>>>>>>>>>>>        ] 5619/7824, 97.4 task/s, elapsed: 58s, ETA:    23s[>>>>>>>>>>>>>>>>>>>        ] 5620/7824, 97.4 task/s, elapsed: 58s, ETA:    23s[>>>>>>>>>>>>>>>>>>>        ] 5621/7824, 97.4 task/s, elapsed: 58s, ETA:    23s[>>>>>>>>>>>>>>>>>>>        ] 5622/7824, 97.4 task/s, elapsed: 58s, ETA:    23s[>>>>>>>>>>>>>>>>>>>        ] 5623/7824, 97.4 task/s, elapsed: 58s, ETA:    23s[>>>>>>>>>>>>>>>>>>>        ] 5624/7824, 97.4 task/s, elapsed: 58s, ETA:    23s[>>>>>>>>>>>>>>>>>>>        ] 5625/7824, 97.4 task/s, elapsed: 58s, ETA:    23s[>>>>>>>>>>>>>>>>>>>        ] 5626/7824, 97.4 task/s, elapsed: 58s, ETA:    23s[>>>>>>>>>>>>>>>>>>>        ] 5627/7824, 97.4 task/s, elapsed: 58s, ETA:    23s[>>>>>>>>>>>>>>>>>>>        ] 5628/7824, 97.4 task/s, elapsed: 58s, ETA:    23s[>>>>>>>>>>>>>>>>>>>        ] 5629/7824, 97.4 task/s, elapsed: 58s, ETA:    23s[>>>>>>>>>>>>>>>>>>>        ] 5630/7824, 97.4 task/s, elapsed: 58s, ETA:    23s[>>>>>>>>>>>>>>>>>>>        ] 5631/7824, 97.4 task/s, elapsed: 58s, ETA:    23s[>>>>>>>>>>>>>>>>>>>        ] 5632/7824, 97.4 task/s, elapsed: 58s, ETA:    22s[>>>>>>>>>>>>>>>>>>>        ] 5633/7824, 97.4 task/s, elapsed: 58s, ETA:    22s[>>>>>>>>>>>>>>>>>>>        ] 5634/7824, 97.4 task/s, elapsed: 58s, ETA:    22s[>>>>>>>>>>>>>>>>>>>        ] 5635/7824, 97.4 task/s, elapsed: 58s, ETA:    22s[>>>>>>>>>>>>>>>>>>>        ] 5636/7824, 97.4 task/s, elapsed: 58s, ETA:    22s[>>>>>>>>>>>>>>>>>>>        ] 5637/7824, 97.4 task/s, elapsed: 58s, ETA:    22s[>>>>>>>>>>>>>>>>>>>        ] 5638/7824, 97.4 task/s, elapsed: 58s, ETA:    22s[>>>>>>>>>>>>>>>>>>>        ] 5639/7824, 97.4 task/s, elapsed: 58s, ETA:    22s[>>>>>>>>>>>>>>>>>>>        ] 5640/7824, 97.4 task/s, elapsed: 58s, ETA:    22s[>>>>>>>>>>>>>>>>>>>        ] 5641/7824, 97.4 task/s, elapsed: 58s, ETA:    22s[>>>>>>>>>>>>>>>>>>>        ] 5642/7824, 97.4 task/s, elapsed: 58s, ETA:    22s[>>>>>>>>>>>>>>>>>>>        ] 5643/7824, 97.5 task/s, elapsed: 58s, ETA:    22s[>>>>>>>>>>>>>>>>>>>        ] 5644/7824, 97.5 task/s, elapsed: 58s, ETA:    22s[>>>>>>>>>>>>>>>>>>>        ] 5645/7824, 97.5 task/s, elapsed: 58s, ETA:    22s[>>>>>>>>>>>>>>>>>>>        ] 5646/7824, 97.5 task/s, elapsed: 58s, ETA:    22s[>>>>>>>>>>>>>>>>>>>        ] 5647/7824, 97.5 task/s, elapsed: 58s, ETA:    22s[>>>>>>>>>>>>>>>>>>>        ] 5648/7824, 97.5 task/s, elapsed: 58s, ETA:    22s[>>>>>>>>>>>>>>>>>>>        ] 5649/7824, 97.5 task/s, elapsed: 58s, ETA:    22s[>>>>>>>>>>>>>>>>>>>        ] 5650/7824, 97.5 task/s, elapsed: 58s, ETA:    22s[>>>>>>>>>>>>>>>>>>>        ] 5651/7824, 97.5 task/s, elapsed: 58s, ETA:    22s[>>>>>>>>>>>>>>>>>>>        ] 5652/7824, 97.5 task/s, elapsed: 58s, ETA:    22s[>>>>>>>>>>>>>>>>>>>        ] 5653/7824, 97.5 task/s, elapsed: 58s, ETA:    22s[>>>>>>>>>>>>>>>>>>>        ] 5654/7824, 97.5 task/s, elapsed: 58s, ETA:    22s[>>>>>>>>>>>>>>>>>>>        ] 5655/7824, 97.5 task/s, elapsed: 58s, ETA:    22s[>>>>>>>>>>>>>>>>>>>        ] 5656/7824, 97.5 task/s, elapsed: 58s, ETA:    22s[>>>>>>>>>>>>>>>>>>>        ] 5657/7824, 97.5 task/s, elapsed: 58s, ETA:    22s[>>>>>>>>>>>>>>>>>>>        ] 5658/7824, 97.5 task/s, elapsed: 58s, ETA:    22s[>>>>>>>>>>>>>>>>>>>        ] 5659/7824, 97.5 task/s, elapsed: 58s, ETA:    22s[>>>>>>>>>>>>>>>>>>>        ] 5660/7824, 97.5 task/s, elapsed: 58s, ETA:    22s[>>>>>>>>>>>>>>>>>>>        ] 5661/7824, 97.5 task/s, elapsed: 58s, ETA:    22s[>>>>>>>>>>>>>>>>>>>        ] 5662/7824, 97.5 task/s, elapsed: 58s, ETA:    22s[>>>>>>>>>>>>>>>>>>>        ] 5663/7824, 97.5 task/s, elapsed: 58s, ETA:    22s[>>>>>>>>>>>>>>>>>>>        ] 5664/7824, 97.5 task/s, elapsed: 58s, ETA:    22s[>>>>>>>>>>>>>>>>>>>        ] 5665/7824, 97.5 task/s, elapsed: 58s, ETA:    22s[>>>>>>>>>>>>>>>>>>>        ] 5666/7824, 97.5 task/s, elapsed: 58s, ETA:    22s[>>>>>>>>>>>>>>>>>>>        ] 5667/7824, 97.5 task/s, elapsed: 58s, ETA:    22s[>>>>>>>>>>>>>>>>>>>        ] 5668/7824, 97.5 task/s, elapsed: 58s, ETA:    22s[>>>>>>>>>>>>>>>>>>>        ] 5669/7824, 97.5 task/s, elapsed: 58s, ETA:    22s[>>>>>>>>>>>>>>>>>>>        ] 5670/7824, 97.5 task/s, elapsed: 58s, ETA:    22s[>>>>>>>>>>>>>>>>>>>        ] 5671/7824, 97.5 task/s, elapsed: 58s, ETA:    22s[>>>>>>>>>>>>>>>>>>>        ] 5672/7824, 97.5 task/s, elapsed: 58s, ETA:    22s[>>>>>>>>>>>>>>>>>>>        ] 5673/7824, 97.5 task/s, elapsed: 58s, ETA:    22s[>>>>>>>>>>>>>>>>>>>        ] 5674/7824, 97.5 task/s, elapsed: 58s, ETA:    22s[>>>>>>>>>>>>>>>>>>>        ] 5675/7824, 97.5 task/s, elapsed: 58s, ETA:    22s[>>>>>>>>>>>>>>>>>>>        ] 5676/7824, 97.5 task/s, elapsed: 58s, ETA:    22s[>>>>>>>>>>>>>>>>>>>        ] 5677/7824, 97.5 task/s, elapsed: 58s, ETA:    22s[>>>>>>>>>>>>>>>>>>>        ] 5678/7824, 97.5 task/s, elapsed: 58s, ETA:    22s[>>>>>>>>>>>>>>>>>>>        ] 5679/7824, 97.5 task/s, elapsed: 58s, ETA:    22s[>>>>>>>>>>>>>>>>>>>        ] 5680/7824, 97.5 task/s, elapsed: 58s, ETA:    22s[>>>>>>>>>>>>>>>>>>>        ] 5681/7824, 97.5 task/s, elapsed: 58s, ETA:    22s[>>>>>>>>>>>>>>>>>>>        ] 5682/7824, 97.5 task/s, elapsed: 58s, ETA:    22s[>>>>>>>>>>>>>>>>>>>        ] 5683/7824, 97.5 task/s, elapsed: 58s, ETA:    22s[>>>>>>>>>>>>>>>>>>>        ] 5684/7824, 97.5 task/s, elapsed: 58s, ETA:    22s[>>>>>>>>>>>>>>>>>>>        ] 5685/7824, 97.5 task/s, elapsed: 58s, ETA:    22s[>>>>>>>>>>>>>>>>>>>        ] 5686/7824, 97.6 task/s, elapsed: 58s, ETA:    22s[>>>>>>>>>>>>>>>>>>>        ] 5687/7824, 97.6 task/s, elapsed: 58s, ETA:    22s[>>>>>>>>>>>>>>>>>>>        ] 5688/7824, 97.6 task/s, elapsed: 58s, ETA:    22s[>>>>>>>>>>>>>>>>>>>        ] 5689/7824, 97.6 task/s, elapsed: 58s, ETA:    22s[>>>>>>>>>>>>>>>>>>>        ] 5690/7824, 97.6 task/s, elapsed: 58s, ETA:    22s[>>>>>>>>>>>>>>>>>>>        ] 5691/7824, 97.6 task/s, elapsed: 58s, ETA:    22s[>>>>>>>>>>>>>>>>>>>        ] 5692/7824, 97.6 task/s, elapsed: 58s, ETA:    22s[>>>>>>>>>>>>>>>>>>>        ] 5693/7824, 97.6 task/s, elapsed: 58s, ETA:    22s[>>>>>>>>>>>>>>>>>>>        ] 5694/7824, 97.6 task/s, elapsed: 58s, ETA:    22s[>>>>>>>>>>>>>>>>>>>        ] 5695/7824, 97.6 task/s, elapsed: 58s, ETA:    22s[>>>>>>>>>>>>>>>>>>>        ] 5696/7824, 97.6 task/s, elapsed: 58s, ETA:    22s[>>>>>>>>>>>>>>>>>>>        ] 5697/7824, 97.6 task/s, elapsed: 58s, ETA:    22s[>>>>>>>>>>>>>>>>>>>        ] 5698/7824, 97.6 task/s, elapsed: 58s, ETA:    22s[>>>>>>>>>>>>>>>>>>>        ] 5699/7824, 97.6 task/s, elapsed: 58s, ETA:    22s[>>>>>>>>>>>>>>>>>>>        ] 5700/7824, 97.6 task/s, elapsed: 58s, ETA:    22s[>>>>>>>>>>>>>>>>>>>        ] 5701/7824, 97.6 task/s, elapsed: 58s, ETA:    22s[>>>>>>>>>>>>>>>>>>>        ] 5702/7824, 97.6 task/s, elapsed: 58s, ETA:    22s[>>>>>>>>>>>>>>>>>>>        ] 5703/7824, 97.6 task/s, elapsed: 58s, ETA:    22s[>>>>>>>>>>>>>>>>>>>        ] 5704/7824, 97.6 task/s, elapsed: 58s, ETA:    22s[>>>>>>>>>>>>>>>>>>>        ] 5705/7824, 97.6 task/s, elapsed: 58s, ETA:    22s[>>>>>>>>>>>>>>>>>>>        ] 5706/7824, 97.6 task/s, elapsed: 58s, ETA:    22s[>>>>>>>>>>>>>>>>>>>        ] 5707/7824, 97.6 task/s, elapsed: 58s, ETA:    22s[>>>>>>>>>>>>>>>>>>>        ] 5708/7824, 97.6 task/s, elapsed: 58s, ETA:    22s[>>>>>>>>>>>>>>>>>>>        ] 5709/7824, 97.6 task/s, elapsed: 58s, ETA:    22s[>>>>>>>>>>>>>>>>>>>        ] 5710/7824, 97.6 task/s, elapsed: 58s, ETA:    22s[>>>>>>>>>>>>>>>>>>>        ] 5711/7824, 97.6 task/s, elapsed: 59s, ETA:    22s[>>>>>>>>>>>>>>>>>>>        ] 5712/7824, 97.6 task/s, elapsed: 59s, ETA:    22s[>>>>>>>>>>>>>>>>>>>        ] 5713/7824, 97.6 task/s, elapsed: 59s, ETA:    22s[>>>>>>>>>>>>>>>>>>>        ] 5714/7824, 97.6 task/s, elapsed: 59s, ETA:    22s[>>>>>>>>>>>>>>>>>>>        ] 5715/7824, 97.6 task/s, elapsed: 59s, ETA:    22s[>>>>>>>>>>>>>>>>>>>        ] 5716/7824, 97.6 task/s, elapsed: 59s, ETA:    22s[>>>>>>>>>>>>>>>>>>>        ] 5717/7824, 97.6 task/s, elapsed: 59s, ETA:    22s[>>>>>>>>>>>>>>>>>>>        ] 5718/7824, 97.6 task/s, elapsed: 59s, ETA:    22s[>>>>>>>>>>>>>>>>>>>        ] 5719/7824, 97.6 task/s, elapsed: 59s, ETA:    22s[>>>>>>>>>>>>>>>>>>>        ] 5720/7824, 97.6 task/s, elapsed: 59s, ETA:    22s[>>>>>>>>>>>>>>>>>>>        ] 5721/7824, 97.6 task/s, elapsed: 59s, ETA:    22s[>>>>>>>>>>>>>>>>>>>        ] 5722/7824, 97.6 task/s, elapsed: 59s, ETA:    22s[>>>>>>>>>>>>>>>>>>>        ] 5723/7824, 97.6 task/s, elapsed: 59s, ETA:    22s[>>>>>>>>>>>>>>>>>>>        ] 5724/7824, 97.6 task/s, elapsed: 59s, ETA:    22s[>>>>>>>>>>>>>>>>>>>        ] 5725/7824, 97.6 task/s, elapsed: 59s, ETA:    21s[>>>>>>>>>>>>>>>>>>>        ] 5726/7824, 97.6 task/s, elapsed: 59s, ETA:    21s[>>>>>>>>>>>>>>>>>>>        ] 5727/7824, 97.6 task/s, elapsed: 59s, ETA:    21s[>>>>>>>>>>>>>>>>>>>        ] 5728/7824, 97.6 task/s, elapsed: 59s, ETA:    21s[>>>>>>>>>>>>>>>>>>>        ] 5729/7824, 97.7 task/s, elapsed: 59s, ETA:    21s[>>>>>>>>>>>>>>>>>>>        ] 5730/7824, 97.7 task/s, elapsed: 59s, ETA:    21s[>>>>>>>>>>>>>>>>>>>        ] 5731/7824, 97.7 task/s, elapsed: 59s, ETA:    21s[>>>>>>>>>>>>>>>>>>>        ] 5732/7824, 97.7 task/s, elapsed: 59s, ETA:    21s[>>>>>>>>>>>>>>>>>>>        ] 5733/7824, 97.7 task/s, elapsed: 59s, ETA:    21s[>>>>>>>>>>>>>>>>>>>        ] 5734/7824, 97.7 task/s, elapsed: 59s, ETA:    21s[>>>>>>>>>>>>>>>>>>>        ] 5735/7824, 97.7 task/s, elapsed: 59s, ETA:    21s[>>>>>>>>>>>>>>>>>>>        ] 5736/7824, 97.7 task/s, elapsed: 59s, ETA:    21s[>>>>>>>>>>>>>>>>>>>        ] 5737/7824, 97.7 task/s, elapsed: 59s, ETA:    21s[>>>>>>>>>>>>>>>>>>>        ] 5738/7824, 97.7 task/s, elapsed: 59s, ETA:    21s[>>>>>>>>>>>>>>>>>>>        ] 5739/7824, 97.7 task/s, elapsed: 59s, ETA:    21s[>>>>>>>>>>>>>>>>>>>        ] 5740/7824, 97.7 task/s, elapsed: 59s, ETA:    21s[>>>>>>>>>>>>>>>>>>>        ] 5741/7824, 97.7 task/s, elapsed: 59s, ETA:    21s[>>>>>>>>>>>>>>>>>>>        ] 5742/7824, 97.7 task/s, elapsed: 59s, ETA:    21s[>>>>>>>>>>>>>>>>>>>        ] 5743/7824, 97.7 task/s, elapsed: 59s, ETA:    21s[>>>>>>>>>>>>>>>>>>>        ] 5744/7824, 97.7 task/s, elapsed: 59s, ETA:    21s[>>>>>>>>>>>>>>>>>>>        ] 5745/7824, 97.7 task/s, elapsed: 59s, ETA:    21s[>>>>>>>>>>>>>>>>>>>        ] 5746/7824, 97.7 task/s, elapsed: 59s, ETA:    21s[>>>>>>>>>>>>>>>>>>>        ] 5747/7824, 97.7 task/s, elapsed: 59s, ETA:    21s[>>>>>>>>>>>>>>>>>>>        ] 5748/7824, 97.7 task/s, elapsed: 59s, ETA:    21s[>>>>>>>>>>>>>>>>>>>        ] 5749/7824, 97.7 task/s, elapsed: 59s, ETA:    21s[>>>>>>>>>>>>>>>>>>>        ] 5750/7824, 97.7 task/s, elapsed: 59s, ETA:    21s[>>>>>>>>>>>>>>>>>>>        ] 5751/7824, 97.7 task/s, elapsed: 59s, ETA:    21s[>>>>>>>>>>>>>>>>>>>        ] 5752/7824, 97.7 task/s, elapsed: 59s, ETA:    21s[>>>>>>>>>>>>>>>>>>>        ] 5753/7824, 97.7 task/s, elapsed: 59s, ETA:    21s[>>>>>>>>>>>>>>>>>>>        ] 5754/7824, 97.7 task/s, elapsed: 59s, ETA:    21s[>>>>>>>>>>>>>>>>>>>        ] 5755/7824, 97.7 task/s, elapsed: 59s, ETA:    21s[>>>>>>>>>>>>>>>>>>>        ] 5756/7824, 97.7 task/s, elapsed: 59s, ETA:    21s[>>>>>>>>>>>>>>>>>>>        ] 5757/7824, 97.7 task/s, elapsed: 59s, ETA:    21s[>>>>>>>>>>>>>>>>>>>        ] 5758/7824, 97.7 task/s, elapsed: 59s, ETA:    21s[>>>>>>>>>>>>>>>>>>>        ] 5759/7824, 97.7 task/s, elapsed: 59s, ETA:    21s[>>>>>>>>>>>>>>>>>>>        ] 5760/7824, 97.7 task/s, elapsed: 59s, ETA:    21s[>>>>>>>>>>>>>>>>>>>        ] 5761/7824, 97.7 task/s, elapsed: 59s, ETA:    21s[>>>>>>>>>>>>>>>>>>>        ] 5762/7824, 97.7 task/s, elapsed: 59s, ETA:    21s[>>>>>>>>>>>>>>>>>>>        ] 5763/7824, 97.7 task/s, elapsed: 59s, ETA:    21s[>>>>>>>>>>>>>>>>>>>        ] 5764/7824, 97.7 task/s, elapsed: 59s, ETA:    21s[>>>>>>>>>>>>>>>>>>>        ] 5765/7824, 97.7 task/s, elapsed: 59s, ETA:    21s[>>>>>>>>>>>>>>>>>>>        ] 5766/7824, 97.7 task/s, elapsed: 59s, ETA:    21s[>>>>>>>>>>>>>>>>>>>        ] 5767/7824, 97.7 task/s, elapsed: 59s, ETA:    21s[>>>>>>>>>>>>>>>>>>>        ] 5768/7824, 97.8 task/s, elapsed: 59s, ETA:    21s[>>>>>>>>>>>>>>>>>>>        ] 5769/7824, 97.8 task/s, elapsed: 59s, ETA:    21s[>>>>>>>>>>>>>>>>>>>        ] 5770/7824, 97.8 task/s, elapsed: 59s, ETA:    21s[>>>>>>>>>>>>>>>>>>>        ] 5771/7824, 97.8 task/s, elapsed: 59s, ETA:    21s[>>>>>>>>>>>>>>>>>>>        ] 5772/7824, 97.8 task/s, elapsed: 59s, ETA:    21s[>>>>>>>>>>>>>>>>>>>        ] 5773/7824, 97.8 task/s, elapsed: 59s, ETA:    21s[>>>>>>>>>>>>>>>>>>>        ] 5774/7824, 97.8 task/s, elapsed: 59s, ETA:    21s[>>>>>>>>>>>>>>>>>>>        ] 5775/7824, 97.8 task/s, elapsed: 59s, ETA:    21s[>>>>>>>>>>>>>>>>>>>        ] 5776/7824, 97.8 task/s, elapsed: 59s, ETA:    21s[>>>>>>>>>>>>>>>>>>>        ] 5777/7824, 97.8 task/s, elapsed: 59s, ETA:    21s[>>>>>>>>>>>>>>>>>>>        ] 5778/7824, 97.8 task/s, elapsed: 59s, ETA:    21s[>>>>>>>>>>>>>>>>>>>        ] 5779/7824, 97.8 task/s, elapsed: 59s, ETA:    21s[>>>>>>>>>>>>>>>>>>>        ] 5780/7824, 97.8 task/s, elapsed: 59s, ETA:    21s[>>>>>>>>>>>>>>>>>>>        ] 5781/7824, 97.8 task/s, elapsed: 59s, ETA:    21s[>>>>>>>>>>>>>>>>>>>        ] 5782/7824, 97.8 task/s, elapsed: 59s, ETA:    21s[>>>>>>>>>>>>>>>>>>>        ] 5783/7824, 97.8 task/s, elapsed: 59s, ETA:    21s[>>>>>>>>>>>>>>>>>>>        ] 5784/7824, 97.8 task/s, elapsed: 59s, ETA:    21s[>>>>>>>>>>>>>>>>>>>        ] 5785/7824, 97.8 task/s, elapsed: 59s, ETA:    21s[>>>>>>>>>>>>>>>>>>>        ] 5786/7824, 97.8 task/s, elapsed: 59s, ETA:    21s[>>>>>>>>>>>>>>>>>>>        ] 5787/7824, 97.8 task/s, elapsed: 59s, ETA:    21s[>>>>>>>>>>>>>>>>>>>        ] 5788/7824, 97.8 task/s, elapsed: 59s, ETA:    21s[>>>>>>>>>>>>>>>>>>>        ] 5789/7824, 97.8 task/s, elapsed: 59s, ETA:    21s[>>>>>>>>>>>>>>>>>>>        ] 5790/7824, 97.8 task/s, elapsed: 59s, ETA:    21s[>>>>>>>>>>>>>>>>>>>        ] 5791/7824, 97.8 task/s, elapsed: 59s, ETA:    21s[>>>>>>>>>>>>>>>>>>>        ] 5792/7824, 97.8 task/s, elapsed: 59s, ETA:    21s[>>>>>>>>>>>>>>>>>>>        ] 5793/7824, 97.8 task/s, elapsed: 59s, ETA:    21s[>>>>>>>>>>>>>>>>>>>        ] 5794/7824, 97.8 task/s, elapsed: 59s, ETA:    21s[>>>>>>>>>>>>>>>>>>>        ] 5795/7824, 97.8 task/s, elapsed: 59s, ETA:    21s[>>>>>>>>>>>>>>>>>>>>       ] 5796/7824, 97.8 task/s, elapsed: 59s, ETA:    21s[>>>>>>>>>>>>>>>>>>>>       ] 5797/7824, 97.8 task/s, elapsed: 59s, ETA:    21s[>>>>>>>>>>>>>>>>>>>>       ] 5798/7824, 97.8 task/s, elapsed: 59s, ETA:    21s[>>>>>>>>>>>>>>>>>>>>       ] 5799/7824, 97.8 task/s, elapsed: 59s, ETA:    21s[>>>>>>>>>>>>>>>>>>>>       ] 5800/7824, 97.8 task/s, elapsed: 59s, ETA:    21s[>>>>>>>>>>>>>>>>>>>>       ] 5801/7824, 97.8 task/s, elapsed: 59s, ETA:    21s[>>>>>>>>>>>>>>>>>>>>       ] 5802/7824, 97.8 task/s, elapsed: 59s, ETA:    21s[>>>>>>>>>>>>>>>>>>>>       ] 5803/7824, 97.8 task/s, elapsed: 59s, ETA:    21s[>>>>>>>>>>>>>>>>>>>>       ] 5804/7824, 97.8 task/s, elapsed: 59s, ETA:    21s[>>>>>>>>>>>>>>>>>>>>       ] 5805/7824, 97.8 task/s, elapsed: 59s, ETA:    21s[>>>>>>>>>>>>>>>>>>>>       ] 5806/7824, 97.8 task/s, elapsed: 59s, ETA:    21s[>>>>>>>>>>>>>>>>>>>>       ] 5807/7824, 97.8 task/s, elapsed: 59s, ETA:    21s[>>>>>>>>>>>>>>>>>>>>       ] 5808/7824, 97.8 task/s, elapsed: 59s, ETA:    21s[>>>>>>>>>>>>>>>>>>>>       ] 5809/7824, 97.8 task/s, elapsed: 59s, ETA:    21s[>>>>>>>>>>>>>>>>>>>>       ] 5810/7824, 97.8 task/s, elapsed: 59s, ETA:    21s[>>>>>>>>>>>>>>>>>>>>       ] 5811/7824, 97.8 task/s, elapsed: 59s, ETA:    21s[>>>>>>>>>>>>>>>>>>>>       ] 5812/7824, 97.8 task/s, elapsed: 59s, ETA:    21s[>>>>>>>>>>>>>>>>>>>>       ] 5813/7824, 97.8 task/s, elapsed: 59s, ETA:    21s[>>>>>>>>>>>>>>>>>>>>       ] 5814/7824, 97.8 task/s, elapsed: 59s, ETA:    21s[>>>>>>>>>>>>>>>>>>>>       ] 5815/7824, 97.8 task/s, elapsed: 59s, ETA:    21s[>>>>>>>>>>>>>>>>>>>>       ] 5816/7824, 97.8 task/s, elapsed: 59s, ETA:    21s[>>>>>>>>>>>>>>>>>>>>       ] 5817/7824, 97.8 task/s, elapsed: 59s, ETA:    21s[>>>>>>>>>>>>>>>>>>>>       ] 5818/7824, 97.8 task/s, elapsed: 59s, ETA:    21s[>>>>>>>>>>>>>>>>>>>>       ] 5819/7824, 97.8 task/s, elapsed: 59s, ETA:    20s[>>>>>>>>>>>>>>>>>>>>       ] 5820/7824, 97.9 task/s, elapsed: 59s, ETA:    20s[>>>>>>>>>>>>>>>>>>>>       ] 5821/7824, 97.9 task/s, elapsed: 59s, ETA:    20s[>>>>>>>>>>>>>>>>>>>>       ] 5822/7824, 97.9 task/s, elapsed: 59s, ETA:    20s[>>>>>>>>>>>>>>>>>>>>       ] 5823/7824, 97.9 task/s, elapsed: 60s, ETA:    20s[>>>>>>>>>>>>>>>>>>>>       ] 5824/7824, 97.9 task/s, elapsed: 60s, ETA:    20s[>>>>>>>>>>>>>>>>>>>>       ] 5825/7824, 97.9 task/s, elapsed: 60s, ETA:    20s[>>>>>>>>>>>>>>>>>>>>       ] 5826/7824, 97.9 task/s, elapsed: 60s, ETA:    20s[>>>>>>>>>>>>>>>>>>>>       ] 5827/7824, 97.9 task/s, elapsed: 60s, ETA:    20s[>>>>>>>>>>>>>>>>>>>>       ] 5828/7824, 97.9 task/s, elapsed: 60s, ETA:    20s[>>>>>>>>>>>>>>>>>>>>       ] 5829/7824, 97.9 task/s, elapsed: 60s, ETA:    20s[>>>>>>>>>>>>>>>>>>>>       ] 5830/7824, 97.9 task/s, elapsed: 60s, ETA:    20s[>>>>>>>>>>>>>>>>>>>>       ] 5831/7824, 97.9 task/s, elapsed: 60s, ETA:    20s[>>>>>>>>>>>>>>>>>>>>       ] 5832/7824, 97.9 task/s, elapsed: 60s, ETA:    20s[>>>>>>>>>>>>>>>>>>>>       ] 5833/7824, 97.9 task/s, elapsed: 60s, ETA:    20s[>>>>>>>>>>>>>>>>>>>>       ] 5834/7824, 97.9 task/s, elapsed: 60s, ETA:    20s[>>>>>>>>>>>>>>>>>>>>       ] 5835/7824, 97.9 task/s, elapsed: 60s, ETA:    20s[>>>>>>>>>>>>>>>>>>>>       ] 5836/7824, 97.9 task/s, elapsed: 60s, ETA:    20s[>>>>>>>>>>>>>>>>>>>>       ] 5837/7824, 97.9 task/s, elapsed: 60s, ETA:    20s[>>>>>>>>>>>>>>>>>>>>       ] 5838/7824, 97.9 task/s, elapsed: 60s, ETA:    20s[>>>>>>>>>>>>>>>>>>>>       ] 5839/7824, 97.9 task/s, elapsed: 60s, ETA:    20s[>>>>>>>>>>>>>>>>>>>>       ] 5840/7824, 97.9 task/s, elapsed: 60s, ETA:    20s[>>>>>>>>>>>>>>>>>>>>       ] 5841/7824, 97.9 task/s, elapsed: 60s, ETA:    20s[>>>>>>>>>>>>>>>>>>>>       ] 5842/7824, 97.9 task/s, elapsed: 60s, ETA:    20s[>>>>>>>>>>>>>>>>>>>>       ] 5843/7824, 97.9 task/s, elapsed: 60s, ETA:    20s[>>>>>>>>>>>>>>>>>>>>       ] 5844/7824, 97.9 task/s, elapsed: 60s, ETA:    20s[>>>>>>>>>>>>>>>>>>>>       ] 5845/7824, 97.9 task/s, elapsed: 60s, ETA:    20s[>>>>>>>>>>>>>>>>>>>>       ] 5846/7824, 97.9 task/s, elapsed: 60s, ETA:    20s[>>>>>>>>>>>>>>>>>>>>       ] 5847/7824, 97.9 task/s, elapsed: 60s, ETA:    20s[>>>>>>>>>>>>>>>>>>>>       ] 5848/7824, 97.9 task/s, elapsed: 60s, ETA:    20s[>>>>>>>>>>>>>>>>>>>>       ] 5849/7824, 97.9 task/s, elapsed: 60s, ETA:    20s[>>>>>>>>>>>>>>>>>>>>       ] 5850/7824, 97.9 task/s, elapsed: 60s, ETA:    20s[>>>>>>>>>>>>>>>>>>>>       ] 5851/7824, 97.9 task/s, elapsed: 60s, ETA:    20s[>>>>>>>>>>>>>>>>>>>>       ] 5852/7824, 97.9 task/s, elapsed: 60s, ETA:    20s[>>>>>>>>>>>>>>>>>>>>       ] 5853/7824, 97.9 task/s, elapsed: 60s, ETA:    20s[>>>>>>>>>>>>>>>>>>>>       ] 5854/7824, 97.9 task/s, elapsed: 60s, ETA:    20s[>>>>>>>>>>>>>>>>>>>>       ] 5855/7824, 97.9 task/s, elapsed: 60s, ETA:    20s[>>>>>>>>>>>>>>>>>>>>       ] 5856/7824, 97.9 task/s, elapsed: 60s, ETA:    20s[>>>>>>>>>>>>>>>>>>>>       ] 5857/7824, 97.9 task/s, elapsed: 60s, ETA:    20s[>>>>>>>>>>>>>>>>>>>>       ] 5858/7824, 97.9 task/s, elapsed: 60s, ETA:    20s[>>>>>>>>>>>>>>>>>>>>       ] 5859/7824, 97.9 task/s, elapsed: 60s, ETA:    20s[>>>>>>>>>>>>>>>>>>>>       ] 5860/7824, 97.9 task/s, elapsed: 60s, ETA:    20s[>>>>>>>>>>>>>>>>>>>>       ] 5861/7824, 97.9 task/s, elapsed: 60s, ETA:    20s[>>>>>>>>>>>>>>>>>>>>       ] 5862/7824, 97.9 task/s, elapsed: 60s, ETA:    20s[>>>>>>>>>>>>>>>>>>>>       ] 5863/7824, 97.9 task/s, elapsed: 60s, ETA:    20s[>>>>>>>>>>>>>>>>>>>>       ] 5864/7824, 97.9 task/s, elapsed: 60s, ETA:    20s[>>>>>>>>>>>>>>>>>>>>       ] 5865/7824, 97.9 task/s, elapsed: 60s, ETA:    20s[>>>>>>>>>>>>>>>>>>>>       ] 5866/7824, 98.0 task/s, elapsed: 60s, ETA:    20s[>>>>>>>>>>>>>>>>>>>>       ] 5867/7824, 98.0 task/s, elapsed: 60s, ETA:    20s[>>>>>>>>>>>>>>>>>>>>       ] 5868/7824, 98.0 task/s, elapsed: 60s, ETA:    20s[>>>>>>>>>>>>>>>>>>>>       ] 5869/7824, 98.0 task/s, elapsed: 60s, ETA:    20s[>>>>>>>>>>>>>>>>>>>>       ] 5870/7824, 98.0 task/s, elapsed: 60s, ETA:    20s[>>>>>>>>>>>>>>>>>>>>       ] 5871/7824, 98.0 task/s, elapsed: 60s, ETA:    20s[>>>>>>>>>>>>>>>>>>>>       ] 5872/7824, 98.0 task/s, elapsed: 60s, ETA:    20s[>>>>>>>>>>>>>>>>>>>>       ] 5873/7824, 98.0 task/s, elapsed: 60s, ETA:    20s[>>>>>>>>>>>>>>>>>>>>       ] 5874/7824, 98.0 task/s, elapsed: 60s, ETA:    20s[>>>>>>>>>>>>>>>>>>>>       ] 5875/7824, 98.0 task/s, elapsed: 60s, ETA:    20s[>>>>>>>>>>>>>>>>>>>>       ] 5876/7824, 98.0 task/s, elapsed: 60s, ETA:    20s[>>>>>>>>>>>>>>>>>>>>       ] 5877/7824, 98.0 task/s, elapsed: 60s, ETA:    20s[>>>>>>>>>>>>>>>>>>>>       ] 5878/7824, 98.0 task/s, elapsed: 60s, ETA:    20s[>>>>>>>>>>>>>>>>>>>>       ] 5879/7824, 98.0 task/s, elapsed: 60s, ETA:    20s[>>>>>>>>>>>>>>>>>>>>       ] 5880/7824, 98.0 task/s, elapsed: 60s, ETA:    20s[>>>>>>>>>>>>>>>>>>>>       ] 5881/7824, 98.0 task/s, elapsed: 60s, ETA:    20s[>>>>>>>>>>>>>>>>>>>>       ] 5882/7824, 98.0 task/s, elapsed: 60s, ETA:    20s[>>>>>>>>>>>>>>>>>>>>       ] 5883/7824, 98.0 task/s, elapsed: 60s, ETA:    20s[>>>>>>>>>>>>>>>>>>>>       ] 5884/7824, 98.0 task/s, elapsed: 60s, ETA:    20s[>>>>>>>>>>>>>>>>>>>>       ] 5885/7824, 98.0 task/s, elapsed: 60s, ETA:    20s[>>>>>>>>>>>>>>>>>>>>       ] 5886/7824, 98.0 task/s, elapsed: 60s, ETA:    20s[>>>>>>>>>>>>>>>>>>>>       ] 5887/7824, 98.0 task/s, elapsed: 60s, ETA:    20s[>>>>>>>>>>>>>>>>>>>>       ] 5888/7824, 98.0 task/s, elapsed: 60s, ETA:    20s[>>>>>>>>>>>>>>>>>>>>       ] 5889/7824, 98.0 task/s, elapsed: 60s, ETA:    20s[>>>>>>>>>>>>>>>>>>>>       ] 5890/7824, 98.0 task/s, elapsed: 60s, ETA:    20s[>>>>>>>>>>>>>>>>>>>>       ] 5891/7824, 98.0 task/s, elapsed: 60s, ETA:    20s[>>>>>>>>>>>>>>>>>>>>       ] 5892/7824, 98.0 task/s, elapsed: 60s, ETA:    20s[>>>>>>>>>>>>>>>>>>>>       ] 5893/7824, 98.0 task/s, elapsed: 60s, ETA:    20s[>>>>>>>>>>>>>>>>>>>>       ] 5894/7824, 98.0 task/s, elapsed: 60s, ETA:    20s[>>>>>>>>>>>>>>>>>>>>       ] 5895/7824, 98.0 task/s, elapsed: 60s, ETA:    20s[>>>>>>>>>>>>>>>>>>>>       ] 5896/7824, 98.0 task/s, elapsed: 60s, ETA:    20s[>>>>>>>>>>>>>>>>>>>>       ] 5897/7824, 98.0 task/s, elapsed: 60s, ETA:    20s[>>>>>>>>>>>>>>>>>>>>       ] 5898/7824, 98.0 task/s, elapsed: 60s, ETA:    20s[>>>>>>>>>>>>>>>>>>>>       ] 5899/7824, 98.0 task/s, elapsed: 60s, ETA:    20s[>>>>>>>>>>>>>>>>>>>>       ] 5900/7824, 98.0 task/s, elapsed: 60s, ETA:    20s[>>>>>>>>>>>>>>>>>>>>       ] 5901/7824, 98.0 task/s, elapsed: 60s, ETA:    20s[>>>>>>>>>>>>>>>>>>>>       ] 5902/7824, 98.0 task/s, elapsed: 60s, ETA:    20s[>>>>>>>>>>>>>>>>>>>>       ] 5903/7824, 98.0 task/s, elapsed: 60s, ETA:    20s[>>>>>>>>>>>>>>>>>>>>       ] 5904/7824, 98.0 task/s, elapsed: 60s, ETA:    20s[>>>>>>>>>>>>>>>>>>>>       ] 5905/7824, 98.0 task/s, elapsed: 60s, ETA:    20s[>>>>>>>>>>>>>>>>>>>>       ] 5906/7824, 98.0 task/s, elapsed: 60s, ETA:    20s[>>>>>>>>>>>>>>>>>>>>       ] 5907/7824, 98.1 task/s, elapsed: 60s, ETA:    20s[>>>>>>>>>>>>>>>>>>>>       ] 5908/7824, 98.1 task/s, elapsed: 60s, ETA:    20s[>>>>>>>>>>>>>>>>>>>>       ] 5909/7824, 98.1 task/s, elapsed: 60s, ETA:    20s[>>>>>>>>>>>>>>>>>>>>       ] 5910/7824, 98.1 task/s, elapsed: 60s, ETA:    20s[>>>>>>>>>>>>>>>>>>>>       ] 5911/7824, 98.1 task/s, elapsed: 60s, ETA:    20s[>>>>>>>>>>>>>>>>>>>>       ] 5912/7824, 98.1 task/s, elapsed: 60s, ETA:    19s[>>>>>>>>>>>>>>>>>>>>       ] 5913/7824, 98.1 task/s, elapsed: 60s, ETA:    19s[>>>>>>>>>>>>>>>>>>>>       ] 5914/7824, 98.1 task/s, elapsed: 60s, ETA:    19s[>>>>>>>>>>>>>>>>>>>>       ] 5915/7824, 98.1 task/s, elapsed: 60s, ETA:    19s[>>>>>>>>>>>>>>>>>>>>       ] 5916/7824, 98.1 task/s, elapsed: 60s, ETA:    19s[>>>>>>>>>>>>>>>>>>>>       ] 5917/7824, 98.1 task/s, elapsed: 60s, ETA:    19s[>>>>>>>>>>>>>>>>>>>>       ] 5918/7824, 98.1 task/s, elapsed: 60s, ETA:    19s[>>>>>>>>>>>>>>>>>>>>       ] 5919/7824, 98.1 task/s, elapsed: 60s, ETA:    19s[>>>>>>>>>>>>>>>>>>>>       ] 5920/7824, 98.1 task/s, elapsed: 60s, ETA:    19s[>>>>>>>>>>>>>>>>>>>>       ] 5921/7824, 98.1 task/s, elapsed: 60s, ETA:    19s[>>>>>>>>>>>>>>>>>>>>       ] 5922/7824, 98.1 task/s, elapsed: 60s, ETA:    19s[>>>>>>>>>>>>>>>>>>>>       ] 5923/7824, 98.1 task/s, elapsed: 60s, ETA:    19s[>>>>>>>>>>>>>>>>>>>>       ] 5924/7824, 98.1 task/s, elapsed: 60s, ETA:    19s[>>>>>>>>>>>>>>>>>>>>       ] 5925/7824, 98.1 task/s, elapsed: 60s, ETA:    19s[>>>>>>>>>>>>>>>>>>>>       ] 5926/7824, 98.1 task/s, elapsed: 60s, ETA:    19s[>>>>>>>>>>>>>>>>>>>>       ] 5927/7824, 98.1 task/s, elapsed: 60s, ETA:    19s[>>>>>>>>>>>>>>>>>>>>       ] 5928/7824, 98.1 task/s, elapsed: 60s, ETA:    19s[>>>>>>>>>>>>>>>>>>>>       ] 5929/7824, 98.1 task/s, elapsed: 60s, ETA:    19s[>>>>>>>>>>>>>>>>>>>>       ] 5930/7824, 98.1 task/s, elapsed: 60s, ETA:    19s[>>>>>>>>>>>>>>>>>>>>       ] 5931/7824, 98.1 task/s, elapsed: 60s, ETA:    19s[>>>>>>>>>>>>>>>>>>>>       ] 5932/7824, 98.1 task/s, elapsed: 60s, ETA:    19s[>>>>>>>>>>>>>>>>>>>>       ] 5933/7824, 98.1 task/s, elapsed: 60s, ETA:    19s[>>>>>>>>>>>>>>>>>>>>       ] 5934/7824, 98.1 task/s, elapsed: 60s, ETA:    19s[>>>>>>>>>>>>>>>>>>>>       ] 5935/7824, 98.1 task/s, elapsed: 60s, ETA:    19s[>>>>>>>>>>>>>>>>>>>>       ] 5936/7824, 98.1 task/s, elapsed: 61s, ETA:    19s[>>>>>>>>>>>>>>>>>>>>       ] 5937/7824, 98.1 task/s, elapsed: 61s, ETA:    19s[>>>>>>>>>>>>>>>>>>>>       ] 5938/7824, 98.1 task/s, elapsed: 61s, ETA:    19s[>>>>>>>>>>>>>>>>>>>>       ] 5939/7824, 98.1 task/s, elapsed: 61s, ETA:    19s[>>>>>>>>>>>>>>>>>>>>       ] 5940/7824, 98.1 task/s, elapsed: 61s, ETA:    19s[>>>>>>>>>>>>>>>>>>>>       ] 5941/7824, 98.1 task/s, elapsed: 61s, ETA:    19s[>>>>>>>>>>>>>>>>>>>>       ] 5942/7824, 98.1 task/s, elapsed: 61s, ETA:    19s[>>>>>>>>>>>>>>>>>>>>       ] 5943/7824, 98.1 task/s, elapsed: 61s, ETA:    19s[>>>>>>>>>>>>>>>>>>>>       ] 5944/7824, 98.1 task/s, elapsed: 61s, ETA:    19s[>>>>>>>>>>>>>>>>>>>>       ] 5945/7824, 98.1 task/s, elapsed: 61s, ETA:    19s[>>>>>>>>>>>>>>>>>>>>       ] 5946/7824, 98.1 task/s, elapsed: 61s, ETA:    19s[>>>>>>>>>>>>>>>>>>>>       ] 5947/7824, 98.1 task/s, elapsed: 61s, ETA:    19s[>>>>>>>>>>>>>>>>>>>>       ] 5948/7824, 98.1 task/s, elapsed: 61s, ETA:    19s[>>>>>>>>>>>>>>>>>>>>       ] 5949/7824, 98.1 task/s, elapsed: 61s, ETA:    19s[>>>>>>>>>>>>>>>>>>>>       ] 5950/7824, 98.1 task/s, elapsed: 61s, ETA:    19s[>>>>>>>>>>>>>>>>>>>>       ] 5951/7824, 98.1 task/s, elapsed: 61s, ETA:    19s[>>>>>>>>>>>>>>>>>>>>       ] 5952/7824, 98.1 task/s, elapsed: 61s, ETA:    19s[>>>>>>>>>>>>>>>>>>>>       ] 5953/7824, 98.1 task/s, elapsed: 61s, ETA:    19s[>>>>>>>>>>>>>>>>>>>>       ] 5954/7824, 98.1 task/s, elapsed: 61s, ETA:    19s[>>>>>>>>>>>>>>>>>>>>       ] 5955/7824, 98.1 task/s, elapsed: 61s, ETA:    19s[>>>>>>>>>>>>>>>>>>>>       ] 5956/7824, 98.1 task/s, elapsed: 61s, ETA:    19s[>>>>>>>>>>>>>>>>>>>>       ] 5957/7824, 98.1 task/s, elapsed: 61s, ETA:    19s[>>>>>>>>>>>>>>>>>>>>       ] 5958/7824, 98.1 task/s, elapsed: 61s, ETA:    19s[>>>>>>>>>>>>>>>>>>>>       ] 5959/7824, 98.1 task/s, elapsed: 61s, ETA:    19s[>>>>>>>>>>>>>>>>>>>>       ] 5960/7824, 98.1 task/s, elapsed: 61s, ETA:    19s[>>>>>>>>>>>>>>>>>>>>       ] 5961/7824, 98.1 task/s, elapsed: 61s, ETA:    19s[>>>>>>>>>>>>>>>>>>>>       ] 5962/7824, 98.1 task/s, elapsed: 61s, ETA:    19s[>>>>>>>>>>>>>>>>>>>>       ] 5963/7824, 98.1 task/s, elapsed: 61s, ETA:    19s[>>>>>>>>>>>>>>>>>>>>       ] 5964/7824, 98.1 task/s, elapsed: 61s, ETA:    19s[>>>>>>>>>>>>>>>>>>>>       ] 5965/7824, 98.1 task/s, elapsed: 61s, ETA:    19s[>>>>>>>>>>>>>>>>>>>>       ] 5966/7824, 98.1 task/s, elapsed: 61s, ETA:    19s[>>>>>>>>>>>>>>>>>>>>       ] 5967/7824, 98.1 task/s, elapsed: 61s, ETA:    19s[>>>>>>>>>>>>>>>>>>>>       ] 5968/7824, 98.2 task/s, elapsed: 61s, ETA:    19s[>>>>>>>>>>>>>>>>>>>>       ] 5969/7824, 98.2 task/s, elapsed: 61s, ETA:    19s[>>>>>>>>>>>>>>>>>>>>       ] 5970/7824, 98.2 task/s, elapsed: 61s, ETA:    19s[>>>>>>>>>>>>>>>>>>>>       ] 5971/7824, 98.2 task/s, elapsed: 61s, ETA:    19s[>>>>>>>>>>>>>>>>>>>>       ] 5972/7824, 98.2 task/s, elapsed: 61s, ETA:    19s[>>>>>>>>>>>>>>>>>>>>       ] 5973/7824, 97.9 task/s, elapsed: 61s, ETA:    19s[>>>>>>>>>>>>>>>>>>>>       ] 5974/7824, 97.9 task/s, elapsed: 61s, ETA:    19s[>>>>>>>>>>>>>>>>>>>>       ] 5975/7824, 97.9 task/s, elapsed: 61s, ETA:    19s[>>>>>>>>>>>>>>>>>>>>       ] 5976/7824, 97.9 task/s, elapsed: 61s, ETA:    19s[>>>>>>>>>>>>>>>>>>>>       ] 5977/7824, 97.9 task/s, elapsed: 61s, ETA:    19s[>>>>>>>>>>>>>>>>>>>>       ] 5978/7824, 97.9 task/s, elapsed: 61s, ETA:    19s[>>>>>>>>>>>>>>>>>>>>       ] 5979/7824, 97.9 task/s, elapsed: 61s, ETA:    19s[>>>>>>>>>>>>>>>>>>>>       ] 5980/7824, 97.9 task/s, elapsed: 61s, ETA:    19s[>>>>>>>>>>>>>>>>>>>>       ] 5981/7824, 97.9 task/s, elapsed: 61s, ETA:    19s[>>>>>>>>>>>>>>>>>>>>       ] 5982/7824, 97.9 task/s, elapsed: 61s, ETA:    19s[>>>>>>>>>>>>>>>>>>>>       ] 5983/7824, 97.9 task/s, elapsed: 61s, ETA:    19s[>>>>>>>>>>>>>>>>>>>>       ] 5984/7824, 97.9 task/s, elapsed: 61s, ETA:    19s[>>>>>>>>>>>>>>>>>>>>       ] 5985/7824, 97.9 task/s, elapsed: 61s, ETA:    19s[>>>>>>>>>>>>>>>>>>>>       ] 5986/7824, 97.9 task/s, elapsed: 61s, ETA:    19s[>>>>>>>>>>>>>>>>>>>>       ] 5987/7824, 97.9 task/s, elapsed: 61s, ETA:    19s[>>>>>>>>>>>>>>>>>>>>       ] 5988/7824, 97.9 task/s, elapsed: 61s, ETA:    19s[>>>>>>>>>>>>>>>>>>>>       ] 5989/7824, 97.9 task/s, elapsed: 61s, ETA:    19s[>>>>>>>>>>>>>>>>>>>>       ] 5990/7824, 97.9 task/s, elapsed: 61s, ETA:    19s[>>>>>>>>>>>>>>>>>>>>       ] 5991/7824, 97.9 task/s, elapsed: 61s, ETA:    19s[>>>>>>>>>>>>>>>>>>>>       ] 5992/7824, 97.9 task/s, elapsed: 61s, ETA:    19s[>>>>>>>>>>>>>>>>>>>>       ] 5993/7824, 97.9 task/s, elapsed: 61s, ETA:    19s[>>>>>>>>>>>>>>>>>>>>       ] 5994/7824, 97.9 task/s, elapsed: 61s, ETA:    19s[>>>>>>>>>>>>>>>>>>>>       ] 5995/7824, 97.9 task/s, elapsed: 61s, ETA:    19s[>>>>>>>>>>>>>>>>>>>>       ] 5996/7824, 97.9 task/s, elapsed: 61s, ETA:    19s[>>>>>>>>>>>>>>>>>>>>       ] 5997/7824, 97.9 task/s, elapsed: 61s, ETA:    19s[>>>>>>>>>>>>>>>>>>>>       ] 5998/7824, 97.9 task/s, elapsed: 61s, ETA:    19s[>>>>>>>>>>>>>>>>>>>>       ] 5999/7824, 97.9 task/s, elapsed: 61s, ETA:    19s[>>>>>>>>>>>>>>>>>>>>       ] 6000/7824, 97.9 task/s, elapsed: 61s, ETA:    19s[>>>>>>>>>>>>>>>>>>>>       ] 6001/7824, 97.9 task/s, elapsed: 61s, ETA:    19s[>>>>>>>>>>>>>>>>>>>>       ] 6002/7824, 98.0 task/s, elapsed: 61s, ETA:    19s[>>>>>>>>>>>>>>>>>>>>       ] 6003/7824, 98.0 task/s, elapsed: 61s, ETA:    19s[>>>>>>>>>>>>>>>>>>>>       ] 6004/7824, 98.0 task/s, elapsed: 61s, ETA:    19s[>>>>>>>>>>>>>>>>>>>>       ] 6005/7824, 98.0 task/s, elapsed: 61s, ETA:    19s[>>>>>>>>>>>>>>>>>>>>       ] 6006/7824, 98.0 task/s, elapsed: 61s, ETA:    19s[>>>>>>>>>>>>>>>>>>>>       ] 6007/7824, 98.0 task/s, elapsed: 61s, ETA:    19s[>>>>>>>>>>>>>>>>>>>>       ] 6008/7824, 98.0 task/s, elapsed: 61s, ETA:    19s[>>>>>>>>>>>>>>>>>>>>       ] 6009/7824, 98.0 task/s, elapsed: 61s, ETA:    19s[>>>>>>>>>>>>>>>>>>>>       ] 6010/7824, 98.0 task/s, elapsed: 61s, ETA:    19s[>>>>>>>>>>>>>>>>>>>>       ] 6011/7824, 98.0 task/s, elapsed: 61s, ETA:    19s[>>>>>>>>>>>>>>>>>>>>       ] 6012/7824, 98.0 task/s, elapsed: 61s, ETA:    18s[>>>>>>>>>>>>>>>>>>>>       ] 6013/7824, 98.0 task/s, elapsed: 61s, ETA:    18s[>>>>>>>>>>>>>>>>>>>>       ] 6014/7824, 98.0 task/s, elapsed: 61s, ETA:    18s[>>>>>>>>>>>>>>>>>>>>       ] 6015/7824, 98.0 task/s, elapsed: 61s, ETA:    18s[>>>>>>>>>>>>>>>>>>>>       ] 6016/7824, 98.0 task/s, elapsed: 61s, ETA:    18s[>>>>>>>>>>>>>>>>>>>>       ] 6017/7824, 98.0 task/s, elapsed: 61s, ETA:    18s[>>>>>>>>>>>>>>>>>>>>       ] 6018/7824, 98.0 task/s, elapsed: 61s, ETA:    18s[>>>>>>>>>>>>>>>>>>>>       ] 6019/7824, 98.0 task/s, elapsed: 61s, ETA:    18s[>>>>>>>>>>>>>>>>>>>>       ] 6020/7824, 98.0 task/s, elapsed: 61s, ETA:    18s[>>>>>>>>>>>>>>>>>>>>       ] 6021/7824, 98.0 task/s, elapsed: 61s, ETA:    18s[>>>>>>>>>>>>>>>>>>>>       ] 6022/7824, 98.0 task/s, elapsed: 61s, ETA:    18s[>>>>>>>>>>>>>>>>>>>>       ] 6023/7824, 98.0 task/s, elapsed: 61s, ETA:    18s[>>>>>>>>>>>>>>>>>>>>       ] 6024/7824, 98.0 task/s, elapsed: 61s, ETA:    18s[>>>>>>>>>>>>>>>>>>>>       ] 6025/7824, 98.0 task/s, elapsed: 61s, ETA:    18s[>>>>>>>>>>>>>>>>>>>>       ] 6026/7824, 98.0 task/s, elapsed: 61s, ETA:    18s[>>>>>>>>>>>>>>>>>>>>       ] 6027/7824, 98.0 task/s, elapsed: 61s, ETA:    18s[>>>>>>>>>>>>>>>>>>>>       ] 6028/7824, 98.0 task/s, elapsed: 62s, ETA:    18s[>>>>>>>>>>>>>>>>>>>>       ] 6029/7824, 98.0 task/s, elapsed: 62s, ETA:    18s[>>>>>>>>>>>>>>>>>>>>       ] 6030/7824, 98.0 task/s, elapsed: 62s, ETA:    18s[>>>>>>>>>>>>>>>>>>>>       ] 6031/7824, 98.0 task/s, elapsed: 62s, ETA:    18s[>>>>>>>>>>>>>>>>>>>>       ] 6032/7824, 98.0 task/s, elapsed: 62s, ETA:    18s[>>>>>>>>>>>>>>>>>>>>       ] 6033/7824, 98.0 task/s, elapsed: 62s, ETA:    18s[>>>>>>>>>>>>>>>>>>>>       ] 6034/7824, 98.0 task/s, elapsed: 62s, ETA:    18s[>>>>>>>>>>>>>>>>>>>>       ] 6035/7824, 98.0 task/s, elapsed: 62s, ETA:    18s[>>>>>>>>>>>>>>>>>>>>       ] 6036/7824, 98.0 task/s, elapsed: 62s, ETA:    18s[>>>>>>>>>>>>>>>>>>>>       ] 6037/7824, 98.0 task/s, elapsed: 62s, ETA:    18s[>>>>>>>>>>>>>>>>>>>>       ] 6038/7824, 98.0 task/s, elapsed: 62s, ETA:    18s[>>>>>>>>>>>>>>>>>>>>       ] 6039/7824, 98.0 task/s, elapsed: 62s, ETA:    18s[>>>>>>>>>>>>>>>>>>>>       ] 6040/7824, 98.0 task/s, elapsed: 62s, ETA:    18s[>>>>>>>>>>>>>>>>>>>>       ] 6041/7824, 98.0 task/s, elapsed: 62s, ETA:    18s[>>>>>>>>>>>>>>>>>>>>       ] 6042/7824, 98.0 task/s, elapsed: 62s, ETA:    18s[>>>>>>>>>>>>>>>>>>>>       ] 6043/7824, 98.0 task/s, elapsed: 62s, ETA:    18s[>>>>>>>>>>>>>>>>>>>>       ] 6044/7824, 98.0 task/s, elapsed: 62s, ETA:    18s[>>>>>>>>>>>>>>>>>>>>       ] 6045/7824, 98.0 task/s, elapsed: 62s, ETA:    18s[>>>>>>>>>>>>>>>>>>>>       ] 6046/7824, 98.0 task/s, elapsed: 62s, ETA:    18s[>>>>>>>>>>>>>>>>>>>>       ] 6047/7824, 98.0 task/s, elapsed: 62s, ETA:    18s[>>>>>>>>>>>>>>>>>>>>       ] 6048/7824, 98.0 task/s, elapsed: 62s, ETA:    18s[>>>>>>>>>>>>>>>>>>>>       ] 6049/7824, 98.0 task/s, elapsed: 62s, ETA:    18s[>>>>>>>>>>>>>>>>>>>>       ] 6050/7824, 98.1 task/s, elapsed: 62s, ETA:    18s[>>>>>>>>>>>>>>>>>>>>       ] 6051/7824, 98.1 task/s, elapsed: 62s, ETA:    18s[>>>>>>>>>>>>>>>>>>>>       ] 6052/7824, 98.1 task/s, elapsed: 62s, ETA:    18s[>>>>>>>>>>>>>>>>>>>>       ] 6053/7824, 98.1 task/s, elapsed: 62s, ETA:    18s[>>>>>>>>>>>>>>>>>>>>       ] 6054/7824, 98.1 task/s, elapsed: 62s, ETA:    18s[>>>>>>>>>>>>>>>>>>>>       ] 6055/7824, 98.1 task/s, elapsed: 62s, ETA:    18s[>>>>>>>>>>>>>>>>>>>>       ] 6056/7824, 98.1 task/s, elapsed: 62s, ETA:    18s[>>>>>>>>>>>>>>>>>>>>       ] 6057/7824, 98.1 task/s, elapsed: 62s, ETA:    18s[>>>>>>>>>>>>>>>>>>>>       ] 6058/7824, 98.1 task/s, elapsed: 62s, ETA:    18s[>>>>>>>>>>>>>>>>>>>>       ] 6059/7824, 98.1 task/s, elapsed: 62s, ETA:    18s[>>>>>>>>>>>>>>>>>>>>       ] 6060/7824, 98.1 task/s, elapsed: 62s, ETA:    18s[>>>>>>>>>>>>>>>>>>>>       ] 6061/7824, 98.1 task/s, elapsed: 62s, ETA:    18s[>>>>>>>>>>>>>>>>>>>>       ] 6062/7824, 98.1 task/s, elapsed: 62s, ETA:    18s[>>>>>>>>>>>>>>>>>>>>       ] 6063/7824, 98.1 task/s, elapsed: 62s, ETA:    18s[>>>>>>>>>>>>>>>>>>>>       ] 6064/7824, 98.1 task/s, elapsed: 62s, ETA:    18s[>>>>>>>>>>>>>>>>>>>>       ] 6065/7824, 98.1 task/s, elapsed: 62s, ETA:    18s[>>>>>>>>>>>>>>>>>>>>       ] 6066/7824, 98.1 task/s, elapsed: 62s, ETA:    18s[>>>>>>>>>>>>>>>>>>>>       ] 6067/7824, 98.1 task/s, elapsed: 62s, ETA:    18s[>>>>>>>>>>>>>>>>>>>>       ] 6068/7824, 98.1 task/s, elapsed: 62s, ETA:    18s[>>>>>>>>>>>>>>>>>>>>       ] 6069/7824, 98.1 task/s, elapsed: 62s, ETA:    18s[>>>>>>>>>>>>>>>>>>>>       ] 6070/7824, 98.1 task/s, elapsed: 62s, ETA:    18s[>>>>>>>>>>>>>>>>>>>>       ] 6071/7824, 98.1 task/s, elapsed: 62s, ETA:    18s[>>>>>>>>>>>>>>>>>>>>       ] 6072/7824, 98.1 task/s, elapsed: 62s, ETA:    18s[>>>>>>>>>>>>>>>>>>>>       ] 6073/7824, 98.1 task/s, elapsed: 62s, ETA:    18s[>>>>>>>>>>>>>>>>>>>>       ] 6074/7824, 98.1 task/s, elapsed: 62s, ETA:    18s[>>>>>>>>>>>>>>>>>>>>       ] 6075/7824, 98.1 task/s, elapsed: 62s, ETA:    18s[>>>>>>>>>>>>>>>>>>>>       ] 6076/7824, 98.1 task/s, elapsed: 62s, ETA:    18s[>>>>>>>>>>>>>>>>>>>>       ] 6077/7824, 98.1 task/s, elapsed: 62s, ETA:    18s[>>>>>>>>>>>>>>>>>>>>       ] 6078/7824, 98.1 task/s, elapsed: 62s, ETA:    18s[>>>>>>>>>>>>>>>>>>>>       ] 6079/7824, 98.1 task/s, elapsed: 62s, ETA:    18s[>>>>>>>>>>>>>>>>>>>>       ] 6080/7824, 98.1 task/s, elapsed: 62s, ETA:    18s[>>>>>>>>>>>>>>>>>>>>       ] 6081/7824, 98.1 task/s, elapsed: 62s, ETA:    18s[>>>>>>>>>>>>>>>>>>>>       ] 6082/7824, 98.1 task/s, elapsed: 62s, ETA:    18s[>>>>>>>>>>>>>>>>>>>>       ] 6083/7824, 98.1 task/s, elapsed: 62s, ETA:    18s[>>>>>>>>>>>>>>>>>>>>       ] 6084/7824, 98.1 task/s, elapsed: 62s, ETA:    18s[>>>>>>>>>>>>>>>>>>>>       ] 6085/7824, 98.1 task/s, elapsed: 62s, ETA:    18s[>>>>>>>>>>>>>>>>>>>>>      ] 6086/7824, 98.1 task/s, elapsed: 62s, ETA:    18s[>>>>>>>>>>>>>>>>>>>>>      ] 6087/7824, 98.1 task/s, elapsed: 62s, ETA:    18s[>>>>>>>>>>>>>>>>>>>>>      ] 6088/7824, 98.1 task/s, elapsed: 62s, ETA:    18s[>>>>>>>>>>>>>>>>>>>>>      ] 6089/7824, 98.1 task/s, elapsed: 62s, ETA:    18s[>>>>>>>>>>>>>>>>>>>>>      ] 6090/7824, 98.1 task/s, elapsed: 62s, ETA:    18s[>>>>>>>>>>>>>>>>>>>>>      ] 6091/7824, 98.1 task/s, elapsed: 62s, ETA:    18s[>>>>>>>>>>>>>>>>>>>>>      ] 6092/7824, 98.1 task/s, elapsed: 62s, ETA:    18s[>>>>>>>>>>>>>>>>>>>>>      ] 6093/7824, 98.1 task/s, elapsed: 62s, ETA:    18s[>>>>>>>>>>>>>>>>>>>>>      ] 6094/7824, 98.1 task/s, elapsed: 62s, ETA:    18s[>>>>>>>>>>>>>>>>>>>>>      ] 6095/7824, 98.1 task/s, elapsed: 62s, ETA:    18s[>>>>>>>>>>>>>>>>>>>>>      ] 6096/7824, 98.1 task/s, elapsed: 62s, ETA:    18s[>>>>>>>>>>>>>>>>>>>>>      ] 6097/7824, 98.1 task/s, elapsed: 62s, ETA:    18s[>>>>>>>>>>>>>>>>>>>>>      ] 6098/7824, 98.1 task/s, elapsed: 62s, ETA:    18s[>>>>>>>>>>>>>>>>>>>>>      ] 6099/7824, 98.1 task/s, elapsed: 62s, ETA:    18s[>>>>>>>>>>>>>>>>>>>>>      ] 6100/7824, 98.1 task/s, elapsed: 62s, ETA:    18s[>>>>>>>>>>>>>>>>>>>>>      ] 6101/7824, 98.2 task/s, elapsed: 62s, ETA:    18s[>>>>>>>>>>>>>>>>>>>>>      ] 6102/7824, 98.2 task/s, elapsed: 62s, ETA:    18s[>>>>>>>>>>>>>>>>>>>>>      ] 6103/7824, 98.2 task/s, elapsed: 62s, ETA:    18s[>>>>>>>>>>>>>>>>>>>>>      ] 6104/7824, 98.2 task/s, elapsed: 62s, ETA:    18s[>>>>>>>>>>>>>>>>>>>>>      ] 6105/7824, 98.2 task/s, elapsed: 62s, ETA:    18s[>>>>>>>>>>>>>>>>>>>>>      ] 6106/7824, 98.2 task/s, elapsed: 62s, ETA:    18s[>>>>>>>>>>>>>>>>>>>>>      ] 6107/7824, 98.2 task/s, elapsed: 62s, ETA:    17s[>>>>>>>>>>>>>>>>>>>>>      ] 6108/7824, 98.2 task/s, elapsed: 62s, ETA:    17s[>>>>>>>>>>>>>>>>>>>>>      ] 6109/7824, 98.2 task/s, elapsed: 62s, ETA:    17s[>>>>>>>>>>>>>>>>>>>>>      ] 6110/7824, 98.2 task/s, elapsed: 62s, ETA:    17s[>>>>>>>>>>>>>>>>>>>>>      ] 6111/7824, 98.2 task/s, elapsed: 62s, ETA:    17s[>>>>>>>>>>>>>>>>>>>>>      ] 6112/7824, 98.2 task/s, elapsed: 62s, ETA:    17s[>>>>>>>>>>>>>>>>>>>>>      ] 6113/7824, 98.2 task/s, elapsed: 62s, ETA:    17s[>>>>>>>>>>>>>>>>>>>>>      ] 6114/7824, 98.2 task/s, elapsed: 62s, ETA:    17s[>>>>>>>>>>>>>>>>>>>>>      ] 6115/7824, 98.2 task/s, elapsed: 62s, ETA:    17s[>>>>>>>>>>>>>>>>>>>>>      ] 6116/7824, 98.2 task/s, elapsed: 62s, ETA:    17s[>>>>>>>>>>>>>>>>>>>>>      ] 6117/7824, 98.2 task/s, elapsed: 62s, ETA:    17s[>>>>>>>>>>>>>>>>>>>>>      ] 6118/7824, 98.2 task/s, elapsed: 62s, ETA:    17s[>>>>>>>>>>>>>>>>>>>>>      ] 6119/7824, 98.2 task/s, elapsed: 62s, ETA:    17s[>>>>>>>>>>>>>>>>>>>>>      ] 6120/7824, 98.2 task/s, elapsed: 62s, ETA:    17s[>>>>>>>>>>>>>>>>>>>>>      ] 6121/7824, 98.2 task/s, elapsed: 62s, ETA:    17s[>>>>>>>>>>>>>>>>>>>>>      ] 6122/7824, 98.2 task/s, elapsed: 62s, ETA:    17s[>>>>>>>>>>>>>>>>>>>>>      ] 6123/7824, 98.2 task/s, elapsed: 62s, ETA:    17s[>>>>>>>>>>>>>>>>>>>>>      ] 6124/7824, 98.2 task/s, elapsed: 62s, ETA:    17s[>>>>>>>>>>>>>>>>>>>>>      ] 6125/7824, 98.2 task/s, elapsed: 62s, ETA:    17s[>>>>>>>>>>>>>>>>>>>>>      ] 6126/7824, 98.2 task/s, elapsed: 62s, ETA:    17s[>>>>>>>>>>>>>>>>>>>>>      ] 6127/7824, 98.2 task/s, elapsed: 62s, ETA:    17s[>>>>>>>>>>>>>>>>>>>>>      ] 6128/7824, 98.2 task/s, elapsed: 62s, ETA:    17s[>>>>>>>>>>>>>>>>>>>>>      ] 6129/7824, 98.2 task/s, elapsed: 62s, ETA:    17s[>>>>>>>>>>>>>>>>>>>>>      ] 6130/7824, 98.2 task/s, elapsed: 62s, ETA:    17s[>>>>>>>>>>>>>>>>>>>>>      ] 6131/7824, 98.2 task/s, elapsed: 62s, ETA:    17s[>>>>>>>>>>>>>>>>>>>>>      ] 6132/7824, 98.2 task/s, elapsed: 62s, ETA:    17s[>>>>>>>>>>>>>>>>>>>>>      ] 6133/7824, 98.2 task/s, elapsed: 62s, ETA:    17s[>>>>>>>>>>>>>>>>>>>>>      ] 6134/7824, 98.2 task/s, elapsed: 62s, ETA:    17s[>>>>>>>>>>>>>>>>>>>>>      ] 6135/7824, 98.2 task/s, elapsed: 62s, ETA:    17s[>>>>>>>>>>>>>>>>>>>>>      ] 6136/7824, 98.2 task/s, elapsed: 62s, ETA:    17s[>>>>>>>>>>>>>>>>>>>>>      ] 6137/7824, 98.2 task/s, elapsed: 62s, ETA:    17s[>>>>>>>>>>>>>>>>>>>>>      ] 6138/7824, 98.2 task/s, elapsed: 62s, ETA:    17s[>>>>>>>>>>>>>>>>>>>>>      ] 6139/7824, 98.2 task/s, elapsed: 63s, ETA:    17s[>>>>>>>>>>>>>>>>>>>>>      ] 6140/7824, 98.2 task/s, elapsed: 63s, ETA:    17s[>>>>>>>>>>>>>>>>>>>>>      ] 6141/7824, 98.2 task/s, elapsed: 63s, ETA:    17s[>>>>>>>>>>>>>>>>>>>>>      ] 6142/7824, 98.2 task/s, elapsed: 63s, ETA:    17s[>>>>>>>>>>>>>>>>>>>>>      ] 6143/7824, 98.2 task/s, elapsed: 63s, ETA:    17s[>>>>>>>>>>>>>>>>>>>>>      ] 6144/7824, 98.2 task/s, elapsed: 63s, ETA:    17s[>>>>>>>>>>>>>>>>>>>>>      ] 6145/7824, 98.2 task/s, elapsed: 63s, ETA:    17s[>>>>>>>>>>>>>>>>>>>>>      ] 6146/7824, 98.2 task/s, elapsed: 63s, ETA:    17s[>>>>>>>>>>>>>>>>>>>>>      ] 6147/7824, 98.2 task/s, elapsed: 63s, ETA:    17s[>>>>>>>>>>>>>>>>>>>>>      ] 6148/7824, 98.2 task/s, elapsed: 63s, ETA:    17s[>>>>>>>>>>>>>>>>>>>>>      ] 6149/7824, 98.2 task/s, elapsed: 63s, ETA:    17s[>>>>>>>>>>>>>>>>>>>>>      ] 6150/7824, 98.2 task/s, elapsed: 63s, ETA:    17s[>>>>>>>>>>>>>>>>>>>>>      ] 6151/7824, 98.2 task/s, elapsed: 63s, ETA:    17s[>>>>>>>>>>>>>>>>>>>>>      ] 6152/7824, 98.2 task/s, elapsed: 63s, ETA:    17s[>>>>>>>>>>>>>>>>>>>>>      ] 6153/7824, 98.2 task/s, elapsed: 63s, ETA:    17s[>>>>>>>>>>>>>>>>>>>>>      ] 6154/7824, 98.2 task/s, elapsed: 63s, ETA:    17s[>>>>>>>>>>>>>>>>>>>>>      ] 6155/7824, 98.2 task/s, elapsed: 63s, ETA:    17s[>>>>>>>>>>>>>>>>>>>>>      ] 6156/7824, 98.2 task/s, elapsed: 63s, ETA:    17s[>>>>>>>>>>>>>>>>>>>>>      ] 6157/7824, 98.2 task/s, elapsed: 63s, ETA:    17s[>>>>>>>>>>>>>>>>>>>>>      ] 6158/7824, 98.3 task/s, elapsed: 63s, ETA:    17s[>>>>>>>>>>>>>>>>>>>>>      ] 6159/7824, 98.3 task/s, elapsed: 63s, ETA:    17s[>>>>>>>>>>>>>>>>>>>>>      ] 6160/7824, 98.3 task/s, elapsed: 63s, ETA:    17s[>>>>>>>>>>>>>>>>>>>>>      ] 6161/7824, 98.3 task/s, elapsed: 63s, ETA:    17s[>>>>>>>>>>>>>>>>>>>>>      ] 6162/7824, 98.3 task/s, elapsed: 63s, ETA:    17s[>>>>>>>>>>>>>>>>>>>>>      ] 6163/7824, 98.3 task/s, elapsed: 63s, ETA:    17s[>>>>>>>>>>>>>>>>>>>>>      ] 6164/7824, 98.3 task/s, elapsed: 63s, ETA:    17s[>>>>>>>>>>>>>>>>>>>>>      ] 6165/7824, 98.3 task/s, elapsed: 63s, ETA:    17s[>>>>>>>>>>>>>>>>>>>>>      ] 6166/7824, 98.3 task/s, elapsed: 63s, ETA:    17s[>>>>>>>>>>>>>>>>>>>>>      ] 6167/7824, 98.3 task/s, elapsed: 63s, ETA:    17s[>>>>>>>>>>>>>>>>>>>>>      ] 6168/7824, 98.3 task/s, elapsed: 63s, ETA:    17s[>>>>>>>>>>>>>>>>>>>>>      ] 6169/7824, 98.3 task/s, elapsed: 63s, ETA:    17s[>>>>>>>>>>>>>>>>>>>>>      ] 6170/7824, 98.3 task/s, elapsed: 63s, ETA:    17s[>>>>>>>>>>>>>>>>>>>>>      ] 6171/7824, 98.3 task/s, elapsed: 63s, ETA:    17s[>>>>>>>>>>>>>>>>>>>>>      ] 6172/7824, 98.3 task/s, elapsed: 63s, ETA:    17s[>>>>>>>>>>>>>>>>>>>>>      ] 6173/7824, 98.3 task/s, elapsed: 63s, ETA:    17s[>>>>>>>>>>>>>>>>>>>>>      ] 6174/7824, 98.3 task/s, elapsed: 63s, ETA:    17s[>>>>>>>>>>>>>>>>>>>>>      ] 6175/7824, 98.3 task/s, elapsed: 63s, ETA:    17s[>>>>>>>>>>>>>>>>>>>>>      ] 6176/7824, 98.3 task/s, elapsed: 63s, ETA:    17s[>>>>>>>>>>>>>>>>>>>>>      ] 6177/7824, 98.3 task/s, elapsed: 63s, ETA:    17s[>>>>>>>>>>>>>>>>>>>>>      ] 6178/7824, 98.3 task/s, elapsed: 63s, ETA:    17s[>>>>>>>>>>>>>>>>>>>>>      ] 6179/7824, 98.3 task/s, elapsed: 63s, ETA:    17s[>>>>>>>>>>>>>>>>>>>>>      ] 6180/7824, 98.3 task/s, elapsed: 63s, ETA:    17s[>>>>>>>>>>>>>>>>>>>>>      ] 6181/7824, 98.3 task/s, elapsed: 63s, ETA:    17s[>>>>>>>>>>>>>>>>>>>>>      ] 6182/7824, 98.3 task/s, elapsed: 63s, ETA:    17s[>>>>>>>>>>>>>>>>>>>>>      ] 6183/7824, 98.3 task/s, elapsed: 63s, ETA:    17s[>>>>>>>>>>>>>>>>>>>>>      ] 6184/7824, 98.3 task/s, elapsed: 63s, ETA:    17s[>>>>>>>>>>>>>>>>>>>>>      ] 6185/7824, 98.3 task/s, elapsed: 63s, ETA:    17s[>>>>>>>>>>>>>>>>>>>>>      ] 6186/7824, 98.3 task/s, elapsed: 63s, ETA:    17s[>>>>>>>>>>>>>>>>>>>>>      ] 6187/7824, 98.3 task/s, elapsed: 63s, ETA:    17s[>>>>>>>>>>>>>>>>>>>>>      ] 6188/7824, 98.3 task/s, elapsed: 63s, ETA:    17s[>>>>>>>>>>>>>>>>>>>>>      ] 6189/7824, 98.3 task/s, elapsed: 63s, ETA:    17s[>>>>>>>>>>>>>>>>>>>>>      ] 6190/7824, 98.3 task/s, elapsed: 63s, ETA:    17s[>>>>>>>>>>>>>>>>>>>>>      ] 6191/7824, 98.3 task/s, elapsed: 63s, ETA:    17s[>>>>>>>>>>>>>>>>>>>>>      ] 6192/7824, 98.3 task/s, elapsed: 63s, ETA:    17s[>>>>>>>>>>>>>>>>>>>>>      ] 6193/7824, 98.3 task/s, elapsed: 63s, ETA:    17s[>>>>>>>>>>>>>>>>>>>>>      ] 6194/7824, 98.3 task/s, elapsed: 63s, ETA:    17s[>>>>>>>>>>>>>>>>>>>>>      ] 6195/7824, 98.3 task/s, elapsed: 63s, ETA:    17s[>>>>>>>>>>>>>>>>>>>>>      ] 6196/7824, 98.3 task/s, elapsed: 63s, ETA:    17s[>>>>>>>>>>>>>>>>>>>>>      ] 6197/7824, 98.3 task/s, elapsed: 63s, ETA:    17s[>>>>>>>>>>>>>>>>>>>>>      ] 6198/7824, 98.3 task/s, elapsed: 63s, ETA:    17s[>>>>>>>>>>>>>>>>>>>>>      ] 6199/7824, 98.3 task/s, elapsed: 63s, ETA:    17s[>>>>>>>>>>>>>>>>>>>>>      ] 6200/7824, 98.3 task/s, elapsed: 63s, ETA:    17s[>>>>>>>>>>>>>>>>>>>>>      ] 6201/7824, 98.3 task/s, elapsed: 63s, ETA:    17s[>>>>>>>>>>>>>>>>>>>>>      ] 6202/7824, 98.3 task/s, elapsed: 63s, ETA:    16s[>>>>>>>>>>>>>>>>>>>>>      ] 6203/7824, 98.3 task/s, elapsed: 63s, ETA:    16s[>>>>>>>>>>>>>>>>>>>>>      ] 6204/7824, 98.3 task/s, elapsed: 63s, ETA:    16s[>>>>>>>>>>>>>>>>>>>>>      ] 6205/7824, 98.3 task/s, elapsed: 63s, ETA:    16s[>>>>>>>>>>>>>>>>>>>>>      ] 6206/7824, 98.3 task/s, elapsed: 63s, ETA:    16s[>>>>>>>>>>>>>>>>>>>>>      ] 6207/7824, 98.3 task/s, elapsed: 63s, ETA:    16s[>>>>>>>>>>>>>>>>>>>>>      ] 6208/7824, 98.3 task/s, elapsed: 63s, ETA:    16s[>>>>>>>>>>>>>>>>>>>>>      ] 6209/7824, 98.3 task/s, elapsed: 63s, ETA:    16s[>>>>>>>>>>>>>>>>>>>>>      ] 6210/7824, 98.3 task/s, elapsed: 63s, ETA:    16s[>>>>>>>>>>>>>>>>>>>>>      ] 6211/7824, 98.3 task/s, elapsed: 63s, ETA:    16s[>>>>>>>>>>>>>>>>>>>>>      ] 6212/7824, 98.3 task/s, elapsed: 63s, ETA:    16s[>>>>>>>>>>>>>>>>>>>>>      ] 6213/7824, 98.3 task/s, elapsed: 63s, ETA:    16s[>>>>>>>>>>>>>>>>>>>>>      ] 6214/7824, 98.3 task/s, elapsed: 63s, ETA:    16s[>>>>>>>>>>>>>>>>>>>>>      ] 6215/7824, 98.3 task/s, elapsed: 63s, ETA:    16s[>>>>>>>>>>>>>>>>>>>>>      ] 6216/7824, 98.4 task/s, elapsed: 63s, ETA:    16s[>>>>>>>>>>>>>>>>>>>>>      ] 6217/7824, 98.4 task/s, elapsed: 63s, ETA:    16s[>>>>>>>>>>>>>>>>>>>>>      ] 6218/7824, 98.4 task/s, elapsed: 63s, ETA:    16s[>>>>>>>>>>>>>>>>>>>>>      ] 6219/7824, 98.4 task/s, elapsed: 63s, ETA:    16s[>>>>>>>>>>>>>>>>>>>>>      ] 6220/7824, 98.4 task/s, elapsed: 63s, ETA:    16s[>>>>>>>>>>>>>>>>>>>>>      ] 6221/7824, 98.4 task/s, elapsed: 63s, ETA:    16s[>>>>>>>>>>>>>>>>>>>>>      ] 6222/7824, 98.4 task/s, elapsed: 63s, ETA:    16s[>>>>>>>>>>>>>>>>>>>>>      ] 6223/7824, 98.4 task/s, elapsed: 63s, ETA:    16s[>>>>>>>>>>>>>>>>>>>>>      ] 6224/7824, 98.4 task/s, elapsed: 63s, ETA:    16s[>>>>>>>>>>>>>>>>>>>>>      ] 6225/7824, 98.4 task/s, elapsed: 63s, ETA:    16s[>>>>>>>>>>>>>>>>>>>>>      ] 6226/7824, 98.4 task/s, elapsed: 63s, ETA:    16s[>>>>>>>>>>>>>>>>>>>>>      ] 6227/7824, 98.4 task/s, elapsed: 63s, ETA:    16s[>>>>>>>>>>>>>>>>>>>>>      ] 6228/7824, 98.4 task/s, elapsed: 63s, ETA:    16s[>>>>>>>>>>>>>>>>>>>>>      ] 6229/7824, 98.4 task/s, elapsed: 63s, ETA:    16s[>>>>>>>>>>>>>>>>>>>>>      ] 6230/7824, 98.4 task/s, elapsed: 63s, ETA:    16s[>>>>>>>>>>>>>>>>>>>>>      ] 6231/7824, 98.4 task/s, elapsed: 63s, ETA:    16s[>>>>>>>>>>>>>>>>>>>>>      ] 6232/7824, 98.4 task/s, elapsed: 63s, ETA:    16s[>>>>>>>>>>>>>>>>>>>>>      ] 6233/7824, 98.4 task/s, elapsed: 63s, ETA:    16s[>>>>>>>>>>>>>>>>>>>>>      ] 6234/7824, 98.4 task/s, elapsed: 63s, ETA:    16s[>>>>>>>>>>>>>>>>>>>>>      ] 6235/7824, 98.4 task/s, elapsed: 63s, ETA:    16s[>>>>>>>>>>>>>>>>>>>>>      ] 6236/7824, 98.4 task/s, elapsed: 63s, ETA:    16s[>>>>>>>>>>>>>>>>>>>>>      ] 6237/7824, 98.4 task/s, elapsed: 63s, ETA:    16s[>>>>>>>>>>>>>>>>>>>>>      ] 6238/7824, 98.4 task/s, elapsed: 63s, ETA:    16s[>>>>>>>>>>>>>>>>>>>>>      ] 6239/7824, 98.4 task/s, elapsed: 63s, ETA:    16s[>>>>>>>>>>>>>>>>>>>>>      ] 6240/7824, 98.4 task/s, elapsed: 63s, ETA:    16s[>>>>>>>>>>>>>>>>>>>>>      ] 6241/7824, 98.4 task/s, elapsed: 63s, ETA:    16s[>>>>>>>>>>>>>>>>>>>>>      ] 6242/7824, 98.4 task/s, elapsed: 63s, ETA:    16s[>>>>>>>>>>>>>>>>>>>>>      ] 6243/7824, 98.4 task/s, elapsed: 63s, ETA:    16s[>>>>>>>>>>>>>>>>>>>>>      ] 6244/7824, 98.4 task/s, elapsed: 63s, ETA:    16s[>>>>>>>>>>>>>>>>>>>>>      ] 6245/7824, 98.4 task/s, elapsed: 63s, ETA:    16s[>>>>>>>>>>>>>>>>>>>>>      ] 6246/7824, 98.4 task/s, elapsed: 63s, ETA:    16s[>>>>>>>>>>>>>>>>>>>>>      ] 6247/7824, 98.4 task/s, elapsed: 63s, ETA:    16s[>>>>>>>>>>>>>>>>>>>>>      ] 6248/7824, 98.4 task/s, elapsed: 63s, ETA:    16s[>>>>>>>>>>>>>>>>>>>>>      ] 6249/7824, 98.4 task/s, elapsed: 63s, ETA:    16s[>>>>>>>>>>>>>>>>>>>>>      ] 6250/7824, 98.4 task/s, elapsed: 64s, ETA:    16s[>>>>>>>>>>>>>>>>>>>>>      ] 6251/7824, 98.4 task/s, elapsed: 64s, ETA:    16s[>>>>>>>>>>>>>>>>>>>>>      ] 6252/7824, 98.4 task/s, elapsed: 64s, ETA:    16s[>>>>>>>>>>>>>>>>>>>>>      ] 6253/7824, 98.4 task/s, elapsed: 64s, ETA:    16s[>>>>>>>>>>>>>>>>>>>>>      ] 6254/7824, 98.4 task/s, elapsed: 64s, ETA:    16s[>>>>>>>>>>>>>>>>>>>>>      ] 6255/7824, 98.4 task/s, elapsed: 64s, ETA:    16s[>>>>>>>>>>>>>>>>>>>>>      ] 6256/7824, 98.4 task/s, elapsed: 64s, ETA:    16s[>>>>>>>>>>>>>>>>>>>>>      ] 6257/7824, 98.4 task/s, elapsed: 64s, ETA:    16s[>>>>>>>>>>>>>>>>>>>>>      ] 6258/7824, 98.4 task/s, elapsed: 64s, ETA:    16s[>>>>>>>>>>>>>>>>>>>>>      ] 6259/7824, 98.4 task/s, elapsed: 64s, ETA:    16s[>>>>>>>>>>>>>>>>>>>>>      ] 6260/7824, 98.4 task/s, elapsed: 64s, ETA:    16s[>>>>>>>>>>>>>>>>>>>>>      ] 6261/7824, 98.4 task/s, elapsed: 64s, ETA:    16s[>>>>>>>>>>>>>>>>>>>>>      ] 6262/7824, 98.4 task/s, elapsed: 64s, ETA:    16s[>>>>>>>>>>>>>>>>>>>>>      ] 6263/7824, 98.4 task/s, elapsed: 64s, ETA:    16s[>>>>>>>>>>>>>>>>>>>>>      ] 6264/7824, 98.4 task/s, elapsed: 64s, ETA:    16s[>>>>>>>>>>>>>>>>>>>>>      ] 6265/7824, 98.4 task/s, elapsed: 64s, ETA:    16s[>>>>>>>>>>>>>>>>>>>>>      ] 6266/7824, 98.4 task/s, elapsed: 64s, ETA:    16s[>>>>>>>>>>>>>>>>>>>>>      ] 6267/7824, 98.4 task/s, elapsed: 64s, ETA:    16s[>>>>>>>>>>>>>>>>>>>>>      ] 6268/7824, 98.4 task/s, elapsed: 64s, ETA:    16s[>>>>>>>>>>>>>>>>>>>>>      ] 6269/7824, 98.4 task/s, elapsed: 64s, ETA:    16s[>>>>>>>>>>>>>>>>>>>>>      ] 6270/7824, 98.4 task/s, elapsed: 64s, ETA:    16s[>>>>>>>>>>>>>>>>>>>>>      ] 6271/7824, 98.5 task/s, elapsed: 64s, ETA:    16s[>>>>>>>>>>>>>>>>>>>>>      ] 6272/7824, 98.5 task/s, elapsed: 64s, ETA:    16s[>>>>>>>>>>>>>>>>>>>>>      ] 6273/7824, 98.5 task/s, elapsed: 64s, ETA:    16s[>>>>>>>>>>>>>>>>>>>>>      ] 6274/7824, 98.5 task/s, elapsed: 64s, ETA:    16s[>>>>>>>>>>>>>>>>>>>>>      ] 6275/7824, 98.5 task/s, elapsed: 64s, ETA:    16s[>>>>>>>>>>>>>>>>>>>>>      ] 6276/7824, 98.5 task/s, elapsed: 64s, ETA:    16s[>>>>>>>>>>>>>>>>>>>>>      ] 6277/7824, 98.5 task/s, elapsed: 64s, ETA:    16s[>>>>>>>>>>>>>>>>>>>>>      ] 6278/7824, 98.5 task/s, elapsed: 64s, ETA:    16s[>>>>>>>>>>>>>>>>>>>>>      ] 6279/7824, 98.5 task/s, elapsed: 64s, ETA:    16s[>>>>>>>>>>>>>>>>>>>>>      ] 6280/7824, 98.5 task/s, elapsed: 64s, ETA:    16s[>>>>>>>>>>>>>>>>>>>>>      ] 6281/7824, 98.5 task/s, elapsed: 64s, ETA:    16s[>>>>>>>>>>>>>>>>>>>>>      ] 6282/7824, 98.5 task/s, elapsed: 64s, ETA:    16s[>>>>>>>>>>>>>>>>>>>>>      ] 6283/7824, 98.5 task/s, elapsed: 64s, ETA:    16s[>>>>>>>>>>>>>>>>>>>>>      ] 6284/7824, 98.5 task/s, elapsed: 64s, ETA:    16s[>>>>>>>>>>>>>>>>>>>>>      ] 6285/7824, 98.5 task/s, elapsed: 64s, ETA:    16s[>>>>>>>>>>>>>>>>>>>>>      ] 6286/7824, 98.5 task/s, elapsed: 64s, ETA:    16s[>>>>>>>>>>>>>>>>>>>>>      ] 6287/7824, 98.5 task/s, elapsed: 64s, ETA:    16s[>>>>>>>>>>>>>>>>>>>>>      ] 6288/7824, 98.5 task/s, elapsed: 64s, ETA:    16s[>>>>>>>>>>>>>>>>>>>>>      ] 6289/7824, 98.5 task/s, elapsed: 64s, ETA:    16s[>>>>>>>>>>>>>>>>>>>>>      ] 6290/7824, 98.5 task/s, elapsed: 64s, ETA:    16s[>>>>>>>>>>>>>>>>>>>>>      ] 6291/7824, 98.5 task/s, elapsed: 64s, ETA:    16s[>>>>>>>>>>>>>>>>>>>>>      ] 6292/7824, 98.5 task/s, elapsed: 64s, ETA:    16s[>>>>>>>>>>>>>>>>>>>>>      ] 6293/7824, 98.5 task/s, elapsed: 64s, ETA:    16s[>>>>>>>>>>>>>>>>>>>>>      ] 6294/7824, 98.5 task/s, elapsed: 64s, ETA:    16s[>>>>>>>>>>>>>>>>>>>>>      ] 6295/7824, 98.5 task/s, elapsed: 64s, ETA:    16s[>>>>>>>>>>>>>>>>>>>>>      ] 6296/7824, 98.5 task/s, elapsed: 64s, ETA:    16s[>>>>>>>>>>>>>>>>>>>>>      ] 6297/7824, 98.5 task/s, elapsed: 64s, ETA:    16s[>>>>>>>>>>>>>>>>>>>>>      ] 6298/7824, 98.5 task/s, elapsed: 64s, ETA:    15s[>>>>>>>>>>>>>>>>>>>>>      ] 6299/7824, 98.5 task/s, elapsed: 64s, ETA:    15s[>>>>>>>>>>>>>>>>>>>>>      ] 6300/7824, 98.5 task/s, elapsed: 64s, ETA:    15s[>>>>>>>>>>>>>>>>>>>>>      ] 6301/7824, 98.5 task/s, elapsed: 64s, ETA:    15s[>>>>>>>>>>>>>>>>>>>>>      ] 6302/7824, 98.5 task/s, elapsed: 64s, ETA:    15s[>>>>>>>>>>>>>>>>>>>>>      ] 6303/7824, 98.5 task/s, elapsed: 64s, ETA:    15s[>>>>>>>>>>>>>>>>>>>>>      ] 6304/7824, 98.5 task/s, elapsed: 64s, ETA:    15s[>>>>>>>>>>>>>>>>>>>>>      ] 6305/7824, 98.5 task/s, elapsed: 64s, ETA:    15s[>>>>>>>>>>>>>>>>>>>>>      ] 6306/7824, 98.5 task/s, elapsed: 64s, ETA:    15s[>>>>>>>>>>>>>>>>>>>>>      ] 6307/7824, 98.5 task/s, elapsed: 64s, ETA:    15s[>>>>>>>>>>>>>>>>>>>>>      ] 6308/7824, 98.5 task/s, elapsed: 64s, ETA:    15s[>>>>>>>>>>>>>>>>>>>>>      ] 6309/7824, 98.5 task/s, elapsed: 64s, ETA:    15s[>>>>>>>>>>>>>>>>>>>>>      ] 6310/7824, 98.5 task/s, elapsed: 64s, ETA:    15s[>>>>>>>>>>>>>>>>>>>>>      ] 6311/7824, 98.5 task/s, elapsed: 64s, ETA:    15s[>>>>>>>>>>>>>>>>>>>>>      ] 6312/7824, 98.5 task/s, elapsed: 64s, ETA:    15s[>>>>>>>>>>>>>>>>>>>>>      ] 6313/7824, 98.5 task/s, elapsed: 64s, ETA:    15s[>>>>>>>>>>>>>>>>>>>>>      ] 6314/7824, 98.5 task/s, elapsed: 64s, ETA:    15s[>>>>>>>>>>>>>>>>>>>>>      ] 6315/7824, 98.5 task/s, elapsed: 64s, ETA:    15s[>>>>>>>>>>>>>>>>>>>>>      ] 6316/7824, 98.5 task/s, elapsed: 64s, ETA:    15s[>>>>>>>>>>>>>>>>>>>>>      ] 6317/7824, 98.5 task/s, elapsed: 64s, ETA:    15s[>>>>>>>>>>>>>>>>>>>>>      ] 6318/7824, 98.5 task/s, elapsed: 64s, ETA:    15s[>>>>>>>>>>>>>>>>>>>>>      ] 6319/7824, 98.5 task/s, elapsed: 64s, ETA:    15s[>>>>>>>>>>>>>>>>>>>>>      ] 6320/7824, 98.5 task/s, elapsed: 64s, ETA:    15s[>>>>>>>>>>>>>>>>>>>>>      ] 6321/7824, 98.5 task/s, elapsed: 64s, ETA:    15s[>>>>>>>>>>>>>>>>>>>>>      ] 6322/7824, 98.5 task/s, elapsed: 64s, ETA:    15s[>>>>>>>>>>>>>>>>>>>>>      ] 6323/7824, 98.5 task/s, elapsed: 64s, ETA:    15s[>>>>>>>>>>>>>>>>>>>>>      ] 6324/7824, 98.5 task/s, elapsed: 64s, ETA:    15s[>>>>>>>>>>>>>>>>>>>>>      ] 6325/7824, 98.5 task/s, elapsed: 64s, ETA:    15s[>>>>>>>>>>>>>>>>>>>>>      ] 6326/7824, 98.5 task/s, elapsed: 64s, ETA:    15s[>>>>>>>>>>>>>>>>>>>>>      ] 6327/7824, 98.5 task/s, elapsed: 64s, ETA:    15s[>>>>>>>>>>>>>>>>>>>>>      ] 6328/7824, 98.5 task/s, elapsed: 64s, ETA:    15s[>>>>>>>>>>>>>>>>>>>>>      ] 6329/7824, 98.5 task/s, elapsed: 64s, ETA:    15s[>>>>>>>>>>>>>>>>>>>>>      ] 6330/7824, 98.6 task/s, elapsed: 64s, ETA:    15s[>>>>>>>>>>>>>>>>>>>>>      ] 6331/7824, 98.6 task/s, elapsed: 64s, ETA:    15s[>>>>>>>>>>>>>>>>>>>>>      ] 6332/7824, 98.6 task/s, elapsed: 64s, ETA:    15s[>>>>>>>>>>>>>>>>>>>>>      ] 6333/7824, 98.6 task/s, elapsed: 64s, ETA:    15s[>>>>>>>>>>>>>>>>>>>>>      ] 6334/7824, 98.6 task/s, elapsed: 64s, ETA:    15s[>>>>>>>>>>>>>>>>>>>>>      ] 6335/7824, 98.6 task/s, elapsed: 64s, ETA:    15s[>>>>>>>>>>>>>>>>>>>>>      ] 6336/7824, 98.6 task/s, elapsed: 64s, ETA:    15s[>>>>>>>>>>>>>>>>>>>>>      ] 6337/7824, 98.6 task/s, elapsed: 64s, ETA:    15s[>>>>>>>>>>>>>>>>>>>>>      ] 6338/7824, 98.6 task/s, elapsed: 64s, ETA:    15s[>>>>>>>>>>>>>>>>>>>>>      ] 6339/7824, 98.6 task/s, elapsed: 64s, ETA:    15s[>>>>>>>>>>>>>>>>>>>>>      ] 6340/7824, 98.6 task/s, elapsed: 64s, ETA:    15s[>>>>>>>>>>>>>>>>>>>>>      ] 6341/7824, 98.6 task/s, elapsed: 64s, ETA:    15s[>>>>>>>>>>>>>>>>>>>>>      ] 6342/7824, 98.6 task/s, elapsed: 64s, ETA:    15s[>>>>>>>>>>>>>>>>>>>>>      ] 6343/7824, 98.6 task/s, elapsed: 64s, ETA:    15s[>>>>>>>>>>>>>>>>>>>>>      ] 6344/7824, 98.6 task/s, elapsed: 64s, ETA:    15s[>>>>>>>>>>>>>>>>>>>>>      ] 6345/7824, 98.6 task/s, elapsed: 64s, ETA:    15s[>>>>>>>>>>>>>>>>>>>>>      ] 6346/7824, 98.6 task/s, elapsed: 64s, ETA:    15s[>>>>>>>>>>>>>>>>>>>>>      ] 6347/7824, 98.6 task/s, elapsed: 64s, ETA:    15s[>>>>>>>>>>>>>>>>>>>>>      ] 6348/7824, 98.6 task/s, elapsed: 64s, ETA:    15s[>>>>>>>>>>>>>>>>>>>>>      ] 6349/7824, 98.6 task/s, elapsed: 64s, ETA:    15s[>>>>>>>>>>>>>>>>>>>>>      ] 6350/7824, 98.6 task/s, elapsed: 64s, ETA:    15s[>>>>>>>>>>>>>>>>>>>>>      ] 6351/7824, 98.6 task/s, elapsed: 64s, ETA:    15s[>>>>>>>>>>>>>>>>>>>>>      ] 6352/7824, 98.6 task/s, elapsed: 64s, ETA:    15s[>>>>>>>>>>>>>>>>>>>>>      ] 6353/7824, 98.6 task/s, elapsed: 64s, ETA:    15s[>>>>>>>>>>>>>>>>>>>>>      ] 6354/7824, 98.6 task/s, elapsed: 64s, ETA:    15s[>>>>>>>>>>>>>>>>>>>>>      ] 6355/7824, 98.6 task/s, elapsed: 64s, ETA:    15s[>>>>>>>>>>>>>>>>>>>>>      ] 6356/7824, 98.6 task/s, elapsed: 64s, ETA:    15s[>>>>>>>>>>>>>>>>>>>>>      ] 6357/7824, 98.6 task/s, elapsed: 64s, ETA:    15s[>>>>>>>>>>>>>>>>>>>>>      ] 6358/7824, 98.6 task/s, elapsed: 64s, ETA:    15s[>>>>>>>>>>>>>>>>>>>>>      ] 6359/7824, 98.6 task/s, elapsed: 64s, ETA:    15s[>>>>>>>>>>>>>>>>>>>>>      ] 6360/7824, 98.6 task/s, elapsed: 65s, ETA:    15s[>>>>>>>>>>>>>>>>>>>>>      ] 6361/7824, 98.6 task/s, elapsed: 65s, ETA:    15s[>>>>>>>>>>>>>>>>>>>>>      ] 6362/7824, 98.6 task/s, elapsed: 65s, ETA:    15s[>>>>>>>>>>>>>>>>>>>>>      ] 6363/7824, 98.6 task/s, elapsed: 65s, ETA:    15s[>>>>>>>>>>>>>>>>>>>>>      ] 6364/7824, 98.6 task/s, elapsed: 65s, ETA:    15s[>>>>>>>>>>>>>>>>>>>>>      ] 6365/7824, 98.6 task/s, elapsed: 65s, ETA:    15s[>>>>>>>>>>>>>>>>>>>>>      ] 6366/7824, 98.6 task/s, elapsed: 65s, ETA:    15s[>>>>>>>>>>>>>>>>>>>>>      ] 6367/7824, 98.6 task/s, elapsed: 65s, ETA:    15s[>>>>>>>>>>>>>>>>>>>>>      ] 6368/7824, 98.6 task/s, elapsed: 65s, ETA:    15s[>>>>>>>>>>>>>>>>>>>>>      ] 6369/7824, 98.6 task/s, elapsed: 65s, ETA:    15s[>>>>>>>>>>>>>>>>>>>>>      ] 6370/7824, 98.6 task/s, elapsed: 65s, ETA:    15s[>>>>>>>>>>>>>>>>>>>>>      ] 6371/7824, 98.6 task/s, elapsed: 65s, ETA:    15s[>>>>>>>>>>>>>>>>>>>>>      ] 6372/7824, 98.6 task/s, elapsed: 65s, ETA:    15s[>>>>>>>>>>>>>>>>>>>>>      ] 6373/7824, 98.6 task/s, elapsed: 65s, ETA:    15s[>>>>>>>>>>>>>>>>>>>>>      ] 6374/7824, 98.6 task/s, elapsed: 65s, ETA:    15s[>>>>>>>>>>>>>>>>>>>>>      ] 6375/7824, 98.6 task/s, elapsed: 65s, ETA:    15s[>>>>>>>>>>>>>>>>>>>>>>     ] 6376/7824, 98.6 task/s, elapsed: 65s, ETA:    15s[>>>>>>>>>>>>>>>>>>>>>>     ] 6377/7824, 98.6 task/s, elapsed: 65s, ETA:    15s[>>>>>>>>>>>>>>>>>>>>>>     ] 6378/7824, 98.6 task/s, elapsed: 65s, ETA:    15s[>>>>>>>>>>>>>>>>>>>>>>     ] 6379/7824, 98.6 task/s, elapsed: 65s, ETA:    15s[>>>>>>>>>>>>>>>>>>>>>>     ] 6380/7824, 98.6 task/s, elapsed: 65s, ETA:    15s[>>>>>>>>>>>>>>>>>>>>>>     ] 6381/7824, 98.6 task/s, elapsed: 65s, ETA:    15s[>>>>>>>>>>>>>>>>>>>>>>     ] 6382/7824, 98.6 task/s, elapsed: 65s, ETA:    15s[>>>>>>>>>>>>>>>>>>>>>>     ] 6383/7824, 98.6 task/s, elapsed: 65s, ETA:    15s[>>>>>>>>>>>>>>>>>>>>>>     ] 6384/7824, 98.6 task/s, elapsed: 65s, ETA:    15s[>>>>>>>>>>>>>>>>>>>>>>     ] 6385/7824, 98.6 task/s, elapsed: 65s, ETA:    15s[>>>>>>>>>>>>>>>>>>>>>>     ] 6386/7824, 98.6 task/s, elapsed: 65s, ETA:    15s[>>>>>>>>>>>>>>>>>>>>>>     ] 6387/7824, 98.6 task/s, elapsed: 65s, ETA:    15s[>>>>>>>>>>>>>>>>>>>>>>     ] 6388/7824, 98.6 task/s, elapsed: 65s, ETA:    15s[>>>>>>>>>>>>>>>>>>>>>>     ] 6389/7824, 98.6 task/s, elapsed: 65s, ETA:    15s[>>>>>>>>>>>>>>>>>>>>>>     ] 6390/7824, 98.6 task/s, elapsed: 65s, ETA:    15s[>>>>>>>>>>>>>>>>>>>>>>     ] 6391/7824, 98.6 task/s, elapsed: 65s, ETA:    15s[>>>>>>>>>>>>>>>>>>>>>>     ] 6392/7824, 98.7 task/s, elapsed: 65s, ETA:    15s[>>>>>>>>>>>>>>>>>>>>>>     ] 6393/7824, 98.7 task/s, elapsed: 65s, ETA:    15s[>>>>>>>>>>>>>>>>>>>>>>     ] 6394/7824, 98.7 task/s, elapsed: 65s, ETA:    14s[>>>>>>>>>>>>>>>>>>>>>>     ] 6395/7824, 98.7 task/s, elapsed: 65s, ETA:    14s[>>>>>>>>>>>>>>>>>>>>>>     ] 6396/7824, 98.7 task/s, elapsed: 65s, ETA:    14s[>>>>>>>>>>>>>>>>>>>>>>     ] 6397/7824, 98.7 task/s, elapsed: 65s, ETA:    14s[>>>>>>>>>>>>>>>>>>>>>>     ] 6398/7824, 98.7 task/s, elapsed: 65s, ETA:    14s[>>>>>>>>>>>>>>>>>>>>>>     ] 6399/7824, 98.7 task/s, elapsed: 65s, ETA:    14s[>>>>>>>>>>>>>>>>>>>>>>     ] 6400/7824, 98.7 task/s, elapsed: 65s, ETA:    14s[>>>>>>>>>>>>>>>>>>>>>>     ] 6401/7824, 98.7 task/s, elapsed: 65s, ETA:    14s[>>>>>>>>>>>>>>>>>>>>>>     ] 6402/7824, 98.7 task/s, elapsed: 65s, ETA:    14s[>>>>>>>>>>>>>>>>>>>>>>     ] 6403/7824, 98.7 task/s, elapsed: 65s, ETA:    14s[>>>>>>>>>>>>>>>>>>>>>>     ] 6404/7824, 98.7 task/s, elapsed: 65s, ETA:    14s[>>>>>>>>>>>>>>>>>>>>>>     ] 6405/7824, 98.7 task/s, elapsed: 65s, ETA:    14s[>>>>>>>>>>>>>>>>>>>>>>     ] 6406/7824, 98.7 task/s, elapsed: 65s, ETA:    14s[>>>>>>>>>>>>>>>>>>>>>>     ] 6407/7824, 98.7 task/s, elapsed: 65s, ETA:    14s[>>>>>>>>>>>>>>>>>>>>>>     ] 6408/7824, 98.7 task/s, elapsed: 65s, ETA:    14s[>>>>>>>>>>>>>>>>>>>>>>     ] 6409/7824, 98.7 task/s, elapsed: 65s, ETA:    14s[>>>>>>>>>>>>>>>>>>>>>>     ] 6410/7824, 98.7 task/s, elapsed: 65s, ETA:    14s[>>>>>>>>>>>>>>>>>>>>>>     ] 6411/7824, 98.7 task/s, elapsed: 65s, ETA:    14s[>>>>>>>>>>>>>>>>>>>>>>     ] 6412/7824, 98.7 task/s, elapsed: 65s, ETA:    14s[>>>>>>>>>>>>>>>>>>>>>>     ] 6413/7824, 98.7 task/s, elapsed: 65s, ETA:    14s[>>>>>>>>>>>>>>>>>>>>>>     ] 6414/7824, 98.7 task/s, elapsed: 65s, ETA:    14s[>>>>>>>>>>>>>>>>>>>>>>     ] 6415/7824, 98.7 task/s, elapsed: 65s, ETA:    14s[>>>>>>>>>>>>>>>>>>>>>>     ] 6416/7824, 98.7 task/s, elapsed: 65s, ETA:    14s[>>>>>>>>>>>>>>>>>>>>>>     ] 6417/7824, 98.7 task/s, elapsed: 65s, ETA:    14s[>>>>>>>>>>>>>>>>>>>>>>     ] 6418/7824, 98.7 task/s, elapsed: 65s, ETA:    14s[>>>>>>>>>>>>>>>>>>>>>>     ] 6419/7824, 98.7 task/s, elapsed: 65s, ETA:    14s[>>>>>>>>>>>>>>>>>>>>>>     ] 6420/7824, 98.7 task/s, elapsed: 65s, ETA:    14s[>>>>>>>>>>>>>>>>>>>>>>     ] 6421/7824, 98.7 task/s, elapsed: 65s, ETA:    14s[>>>>>>>>>>>>>>>>>>>>>>     ] 6422/7824, 98.7 task/s, elapsed: 65s, ETA:    14s[>>>>>>>>>>>>>>>>>>>>>>     ] 6423/7824, 98.7 task/s, elapsed: 65s, ETA:    14s[>>>>>>>>>>>>>>>>>>>>>>     ] 6424/7824, 98.7 task/s, elapsed: 65s, ETA:    14s[>>>>>>>>>>>>>>>>>>>>>>     ] 6425/7824, 98.7 task/s, elapsed: 65s, ETA:    14s[>>>>>>>>>>>>>>>>>>>>>>     ] 6426/7824, 98.7 task/s, elapsed: 65s, ETA:    14s[>>>>>>>>>>>>>>>>>>>>>>     ] 6427/7824, 98.7 task/s, elapsed: 65s, ETA:    14s[>>>>>>>>>>>>>>>>>>>>>>     ] 6428/7824, 98.7 task/s, elapsed: 65s, ETA:    14s[>>>>>>>>>>>>>>>>>>>>>>     ] 6429/7824, 98.7 task/s, elapsed: 65s, ETA:    14s[>>>>>>>>>>>>>>>>>>>>>>     ] 6430/7824, 98.7 task/s, elapsed: 65s, ETA:    14s[>>>>>>>>>>>>>>>>>>>>>>     ] 6431/7824, 98.7 task/s, elapsed: 65s, ETA:    14s[>>>>>>>>>>>>>>>>>>>>>>     ] 6432/7824, 98.7 task/s, elapsed: 65s, ETA:    14s[>>>>>>>>>>>>>>>>>>>>>>     ] 6433/7824, 98.7 task/s, elapsed: 65s, ETA:    14s[>>>>>>>>>>>>>>>>>>>>>>     ] 6434/7824, 98.7 task/s, elapsed: 65s, ETA:    14s[>>>>>>>>>>>>>>>>>>>>>>     ] 6435/7824, 98.7 task/s, elapsed: 65s, ETA:    14s[>>>>>>>>>>>>>>>>>>>>>>     ] 6436/7824, 98.7 task/s, elapsed: 65s, ETA:    14s[>>>>>>>>>>>>>>>>>>>>>>     ] 6437/7824, 98.7 task/s, elapsed: 65s, ETA:    14s[>>>>>>>>>>>>>>>>>>>>>>     ] 6438/7824, 98.7 task/s, elapsed: 65s, ETA:    14s[>>>>>>>>>>>>>>>>>>>>>>     ] 6439/7824, 98.7 task/s, elapsed: 65s, ETA:    14s[>>>>>>>>>>>>>>>>>>>>>>     ] 6440/7824, 98.7 task/s, elapsed: 65s, ETA:    14s[>>>>>>>>>>>>>>>>>>>>>>     ] 6441/7824, 98.7 task/s, elapsed: 65s, ETA:    14s[>>>>>>>>>>>>>>>>>>>>>>     ] 6442/7824, 98.7 task/s, elapsed: 65s, ETA:    14s[>>>>>>>>>>>>>>>>>>>>>>     ] 6443/7824, 98.7 task/s, elapsed: 65s, ETA:    14s[>>>>>>>>>>>>>>>>>>>>>>     ] 6444/7824, 98.7 task/s, elapsed: 65s, ETA:    14s[>>>>>>>>>>>>>>>>>>>>>>     ] 6445/7824, 98.7 task/s, elapsed: 65s, ETA:    14s[>>>>>>>>>>>>>>>>>>>>>>     ] 6446/7824, 98.8 task/s, elapsed: 65s, ETA:    14s[>>>>>>>>>>>>>>>>>>>>>>     ] 6447/7824, 98.8 task/s, elapsed: 65s, ETA:    14s[>>>>>>>>>>>>>>>>>>>>>>     ] 6448/7824, 98.8 task/s, elapsed: 65s, ETA:    14s[>>>>>>>>>>>>>>>>>>>>>>     ] 6449/7824, 98.8 task/s, elapsed: 65s, ETA:    14s[>>>>>>>>>>>>>>>>>>>>>>     ] 6450/7824, 98.8 task/s, elapsed: 65s, ETA:    14s[>>>>>>>>>>>>>>>>>>>>>>     ] 6451/7824, 98.8 task/s, elapsed: 65s, ETA:    14s[>>>>>>>>>>>>>>>>>>>>>>     ] 6452/7824, 98.8 task/s, elapsed: 65s, ETA:    14s[>>>>>>>>>>>>>>>>>>>>>>     ] 6453/7824, 98.8 task/s, elapsed: 65s, ETA:    14s[>>>>>>>>>>>>>>>>>>>>>>     ] 6454/7824, 98.8 task/s, elapsed: 65s, ETA:    14s[>>>>>>>>>>>>>>>>>>>>>>     ] 6455/7824, 98.8 task/s, elapsed: 65s, ETA:    14s[>>>>>>>>>>>>>>>>>>>>>>     ] 6456/7824, 98.8 task/s, elapsed: 65s, ETA:    14s[>>>>>>>>>>>>>>>>>>>>>>     ] 6457/7824, 98.8 task/s, elapsed: 65s, ETA:    14s[>>>>>>>>>>>>>>>>>>>>>>     ] 6458/7824, 98.8 task/s, elapsed: 65s, ETA:    14s[>>>>>>>>>>>>>>>>>>>>>>     ] 6459/7824, 98.8 task/s, elapsed: 65s, ETA:    14s[>>>>>>>>>>>>>>>>>>>>>>     ] 6460/7824, 98.8 task/s, elapsed: 65s, ETA:    14s[>>>>>>>>>>>>>>>>>>>>>>     ] 6461/7824, 98.8 task/s, elapsed: 65s, ETA:    14s[>>>>>>>>>>>>>>>>>>>>>>     ] 6462/7824, 98.8 task/s, elapsed: 65s, ETA:    14s[>>>>>>>>>>>>>>>>>>>>>>     ] 6463/7824, 98.8 task/s, elapsed: 65s, ETA:    14s[>>>>>>>>>>>>>>>>>>>>>>     ] 6464/7824, 98.8 task/s, elapsed: 65s, ETA:    14s[>>>>>>>>>>>>>>>>>>>>>>     ] 6465/7824, 98.8 task/s, elapsed: 65s, ETA:    14s[>>>>>>>>>>>>>>>>>>>>>>     ] 6466/7824, 98.8 task/s, elapsed: 65s, ETA:    14s[>>>>>>>>>>>>>>>>>>>>>>     ] 6467/7824, 98.8 task/s, elapsed: 65s, ETA:    14s[>>>>>>>>>>>>>>>>>>>>>>     ] 6468/7824, 98.8 task/s, elapsed: 65s, ETA:    14s[>>>>>>>>>>>>>>>>>>>>>>     ] 6469/7824, 98.8 task/s, elapsed: 65s, ETA:    14s[>>>>>>>>>>>>>>>>>>>>>>     ] 6470/7824, 98.8 task/s, elapsed: 65s, ETA:    14s[>>>>>>>>>>>>>>>>>>>>>>     ] 6471/7824, 98.8 task/s, elapsed: 66s, ETA:    14s[>>>>>>>>>>>>>>>>>>>>>>     ] 6472/7824, 98.8 task/s, elapsed: 66s, ETA:    14s[>>>>>>>>>>>>>>>>>>>>>>     ] 6473/7824, 98.8 task/s, elapsed: 66s, ETA:    14s[>>>>>>>>>>>>>>>>>>>>>>     ] 6474/7824, 98.8 task/s, elapsed: 66s, ETA:    14s[>>>>>>>>>>>>>>>>>>>>>>     ] 6475/7824, 98.8 task/s, elapsed: 66s, ETA:    14s[>>>>>>>>>>>>>>>>>>>>>>     ] 6476/7824, 98.8 task/s, elapsed: 66s, ETA:    14s[>>>>>>>>>>>>>>>>>>>>>>     ] 6477/7824, 98.8 task/s, elapsed: 66s, ETA:    14s[>>>>>>>>>>>>>>>>>>>>>>     ] 6478/7824, 98.8 task/s, elapsed: 66s, ETA:    14s[>>>>>>>>>>>>>>>>>>>>>>     ] 6479/7824, 98.8 task/s, elapsed: 66s, ETA:    14s[>>>>>>>>>>>>>>>>>>>>>>     ] 6480/7824, 98.8 task/s, elapsed: 66s, ETA:    14s[>>>>>>>>>>>>>>>>>>>>>>     ] 6481/7824, 98.8 task/s, elapsed: 66s, ETA:    14s[>>>>>>>>>>>>>>>>>>>>>>     ] 6482/7824, 98.8 task/s, elapsed: 66s, ETA:    14s[>>>>>>>>>>>>>>>>>>>>>>     ] 6483/7824, 98.8 task/s, elapsed: 66s, ETA:    14s[>>>>>>>>>>>>>>>>>>>>>>     ] 6484/7824, 98.8 task/s, elapsed: 66s, ETA:    14s[>>>>>>>>>>>>>>>>>>>>>>     ] 6485/7824, 98.8 task/s, elapsed: 66s, ETA:    14s[>>>>>>>>>>>>>>>>>>>>>>     ] 6486/7824, 98.8 task/s, elapsed: 66s, ETA:    14s[>>>>>>>>>>>>>>>>>>>>>>     ] 6487/7824, 98.8 task/s, elapsed: 66s, ETA:    14s[>>>>>>>>>>>>>>>>>>>>>>     ] 6488/7824, 98.8 task/s, elapsed: 66s, ETA:    14s[>>>>>>>>>>>>>>>>>>>>>>     ] 6489/7824, 98.8 task/s, elapsed: 66s, ETA:    14s[>>>>>>>>>>>>>>>>>>>>>>     ] 6490/7824, 98.8 task/s, elapsed: 66s, ETA:    13s[>>>>>>>>>>>>>>>>>>>>>>     ] 6491/7824, 98.8 task/s, elapsed: 66s, ETA:    13s[>>>>>>>>>>>>>>>>>>>>>>     ] 6492/7824, 98.8 task/s, elapsed: 66s, ETA:    13s[>>>>>>>>>>>>>>>>>>>>>>     ] 6493/7824, 98.8 task/s, elapsed: 66s, ETA:    13s[>>>>>>>>>>>>>>>>>>>>>>     ] 6494/7824, 98.8 task/s, elapsed: 66s, ETA:    13s[>>>>>>>>>>>>>>>>>>>>>>     ] 6495/7824, 98.8 task/s, elapsed: 66s, ETA:    13s[>>>>>>>>>>>>>>>>>>>>>>     ] 6496/7824, 98.8 task/s, elapsed: 66s, ETA:    13s[>>>>>>>>>>>>>>>>>>>>>>     ] 6497/7824, 98.8 task/s, elapsed: 66s, ETA:    13s[>>>>>>>>>>>>>>>>>>>>>>     ] 6498/7824, 98.8 task/s, elapsed: 66s, ETA:    13s[>>>>>>>>>>>>>>>>>>>>>>     ] 6499/7824, 98.8 task/s, elapsed: 66s, ETA:    13s[>>>>>>>>>>>>>>>>>>>>>>     ] 6500/7824, 98.8 task/s, elapsed: 66s, ETA:    13s[>>>>>>>>>>>>>>>>>>>>>>     ] 6501/7824, 98.8 task/s, elapsed: 66s, ETA:    13s[>>>>>>>>>>>>>>>>>>>>>>     ] 6502/7824, 98.8 task/s, elapsed: 66s, ETA:    13s[>>>>>>>>>>>>>>>>>>>>>>     ] 6503/7824, 98.8 task/s, elapsed: 66s, ETA:    13s[>>>>>>>>>>>>>>>>>>>>>>     ] 6504/7824, 98.8 task/s, elapsed: 66s, ETA:    13s[>>>>>>>>>>>>>>>>>>>>>>     ] 6505/7824, 98.8 task/s, elapsed: 66s, ETA:    13s[>>>>>>>>>>>>>>>>>>>>>>     ] 6506/7824, 98.8 task/s, elapsed: 66s, ETA:    13s[>>>>>>>>>>>>>>>>>>>>>>     ] 6507/7824, 98.8 task/s, elapsed: 66s, ETA:    13s[>>>>>>>>>>>>>>>>>>>>>>     ] 6508/7824, 98.9 task/s, elapsed: 66s, ETA:    13s[>>>>>>>>>>>>>>>>>>>>>>     ] 6509/7824, 98.9 task/s, elapsed: 66s, ETA:    13s[>>>>>>>>>>>>>>>>>>>>>>     ] 6510/7824, 98.9 task/s, elapsed: 66s, ETA:    13s[>>>>>>>>>>>>>>>>>>>>>>     ] 6511/7824, 98.9 task/s, elapsed: 66s, ETA:    13s[>>>>>>>>>>>>>>>>>>>>>>     ] 6512/7824, 98.9 task/s, elapsed: 66s, ETA:    13s[>>>>>>>>>>>>>>>>>>>>>>     ] 6513/7824, 98.9 task/s, elapsed: 66s, ETA:    13s[>>>>>>>>>>>>>>>>>>>>>>     ] 6514/7824, 98.9 task/s, elapsed: 66s, ETA:    13s[>>>>>>>>>>>>>>>>>>>>>>     ] 6515/7824, 98.9 task/s, elapsed: 66s, ETA:    13s[>>>>>>>>>>>>>>>>>>>>>>     ] 6516/7824, 98.9 task/s, elapsed: 66s, ETA:    13s[>>>>>>>>>>>>>>>>>>>>>>     ] 6517/7824, 98.9 task/s, elapsed: 66s, ETA:    13s[>>>>>>>>>>>>>>>>>>>>>>     ] 6518/7824, 98.9 task/s, elapsed: 66s, ETA:    13s[>>>>>>>>>>>>>>>>>>>>>>     ] 6519/7824, 98.9 task/s, elapsed: 66s, ETA:    13s[>>>>>>>>>>>>>>>>>>>>>>     ] 6520/7824, 98.9 task/s, elapsed: 66s, ETA:    13s[>>>>>>>>>>>>>>>>>>>>>>     ] 6521/7824, 98.9 task/s, elapsed: 66s, ETA:    13s[>>>>>>>>>>>>>>>>>>>>>>     ] 6522/7824, 98.9 task/s, elapsed: 66s, ETA:    13s[>>>>>>>>>>>>>>>>>>>>>>     ] 6523/7824, 98.9 task/s, elapsed: 66s, ETA:    13s[>>>>>>>>>>>>>>>>>>>>>>     ] 6524/7824, 98.9 task/s, elapsed: 66s, ETA:    13s[>>>>>>>>>>>>>>>>>>>>>>     ] 6525/7824, 98.9 task/s, elapsed: 66s, ETA:    13s[>>>>>>>>>>>>>>>>>>>>>>     ] 6526/7824, 98.9 task/s, elapsed: 66s, ETA:    13s[>>>>>>>>>>>>>>>>>>>>>>     ] 6527/7824, 98.9 task/s, elapsed: 66s, ETA:    13s[>>>>>>>>>>>>>>>>>>>>>>     ] 6528/7824, 98.9 task/s, elapsed: 66s, ETA:    13s[>>>>>>>>>>>>>>>>>>>>>>     ] 6529/7824, 98.9 task/s, elapsed: 66s, ETA:    13s[>>>>>>>>>>>>>>>>>>>>>>     ] 6530/7824, 98.9 task/s, elapsed: 66s, ETA:    13s[>>>>>>>>>>>>>>>>>>>>>>     ] 6531/7824, 98.9 task/s, elapsed: 66s, ETA:    13s[>>>>>>>>>>>>>>>>>>>>>>     ] 6532/7824, 98.9 task/s, elapsed: 66s, ETA:    13s[>>>>>>>>>>>>>>>>>>>>>>     ] 6533/7824, 98.9 task/s, elapsed: 66s, ETA:    13s[>>>>>>>>>>>>>>>>>>>>>>     ] 6534/7824, 98.9 task/s, elapsed: 66s, ETA:    13s[>>>>>>>>>>>>>>>>>>>>>>     ] 6535/7824, 98.9 task/s, elapsed: 66s, ETA:    13s[>>>>>>>>>>>>>>>>>>>>>>     ] 6536/7824, 98.9 task/s, elapsed: 66s, ETA:    13s[>>>>>>>>>>>>>>>>>>>>>>     ] 6537/7824, 98.9 task/s, elapsed: 66s, ETA:    13s[>>>>>>>>>>>>>>>>>>>>>>     ] 6538/7824, 98.9 task/s, elapsed: 66s, ETA:    13s[>>>>>>>>>>>>>>>>>>>>>>     ] 6539/7824, 98.9 task/s, elapsed: 66s, ETA:    13s[>>>>>>>>>>>>>>>>>>>>>>     ] 6540/7824, 98.9 task/s, elapsed: 66s, ETA:    13s[>>>>>>>>>>>>>>>>>>>>>>     ] 6541/7824, 98.9 task/s, elapsed: 66s, ETA:    13s[>>>>>>>>>>>>>>>>>>>>>>     ] 6542/7824, 98.9 task/s, elapsed: 66s, ETA:    13s[>>>>>>>>>>>>>>>>>>>>>>     ] 6543/7824, 98.9 task/s, elapsed: 66s, ETA:    13s[>>>>>>>>>>>>>>>>>>>>>>     ] 6544/7824, 98.9 task/s, elapsed: 66s, ETA:    13s[>>>>>>>>>>>>>>>>>>>>>>     ] 6545/7824, 98.9 task/s, elapsed: 66s, ETA:    13s[>>>>>>>>>>>>>>>>>>>>>>     ] 6546/7824, 98.9 task/s, elapsed: 66s, ETA:    13s[>>>>>>>>>>>>>>>>>>>>>>     ] 6547/7824, 98.9 task/s, elapsed: 66s, ETA:    13s[>>>>>>>>>>>>>>>>>>>>>>     ] 6548/7824, 98.9 task/s, elapsed: 66s, ETA:    13s[>>>>>>>>>>>>>>>>>>>>>>     ] 6549/7824, 98.9 task/s, elapsed: 66s, ETA:    13s[>>>>>>>>>>>>>>>>>>>>>>     ] 6550/7824, 98.9 task/s, elapsed: 66s, ETA:    13s[>>>>>>>>>>>>>>>>>>>>>>     ] 6551/7824, 98.9 task/s, elapsed: 66s, ETA:    13s[>>>>>>>>>>>>>>>>>>>>>>     ] 6552/7824, 98.9 task/s, elapsed: 66s, ETA:    13s[>>>>>>>>>>>>>>>>>>>>>>     ] 6553/7824, 98.9 task/s, elapsed: 66s, ETA:    13s[>>>>>>>>>>>>>>>>>>>>>>     ] 6554/7824, 98.9 task/s, elapsed: 66s, ETA:    13s[>>>>>>>>>>>>>>>>>>>>>>     ] 6555/7824, 98.9 task/s, elapsed: 66s, ETA:    13s[>>>>>>>>>>>>>>>>>>>>>>     ] 6556/7824, 98.9 task/s, elapsed: 66s, ETA:    13s[>>>>>>>>>>>>>>>>>>>>>>     ] 6557/7824, 98.9 task/s, elapsed: 66s, ETA:    13s[>>>>>>>>>>>>>>>>>>>>>>     ] 6558/7824, 98.9 task/s, elapsed: 66s, ETA:    13s[>>>>>>>>>>>>>>>>>>>>>>     ] 6559/7824, 98.9 task/s, elapsed: 66s, ETA:    13s[>>>>>>>>>>>>>>>>>>>>>>     ] 6560/7824, 98.9 task/s, elapsed: 66s, ETA:    13s[>>>>>>>>>>>>>>>>>>>>>>     ] 6561/7824, 98.9 task/s, elapsed: 66s, ETA:    13s[>>>>>>>>>>>>>>>>>>>>>>     ] 6562/7824, 98.9 task/s, elapsed: 66s, ETA:    13s[>>>>>>>>>>>>>>>>>>>>>>     ] 6563/7824, 99.0 task/s, elapsed: 66s, ETA:    13s[>>>>>>>>>>>>>>>>>>>>>>     ] 6564/7824, 99.0 task/s, elapsed: 66s, ETA:    13s[>>>>>>>>>>>>>>>>>>>>>>     ] 6565/7824, 99.0 task/s, elapsed: 66s, ETA:    13s[>>>>>>>>>>>>>>>>>>>>>>     ] 6566/7824, 99.0 task/s, elapsed: 66s, ETA:    13s[>>>>>>>>>>>>>>>>>>>>>>     ] 6567/7824, 99.0 task/s, elapsed: 66s, ETA:    13s[>>>>>>>>>>>>>>>>>>>>>>     ] 6568/7824, 99.0 task/s, elapsed: 66s, ETA:    13s[>>>>>>>>>>>>>>>>>>>>>>     ] 6569/7824, 99.0 task/s, elapsed: 66s, ETA:    13s[>>>>>>>>>>>>>>>>>>>>>>     ] 6570/7824, 99.0 task/s, elapsed: 66s, ETA:    13s[>>>>>>>>>>>>>>>>>>>>>>     ] 6571/7824, 99.0 task/s, elapsed: 66s, ETA:    13s[>>>>>>>>>>>>>>>>>>>>>>     ] 6572/7824, 99.0 task/s, elapsed: 66s, ETA:    13s[>>>>>>>>>>>>>>>>>>>>>>     ] 6573/7824, 99.0 task/s, elapsed: 66s, ETA:    13s[>>>>>>>>>>>>>>>>>>>>>>     ] 6574/7824, 99.0 task/s, elapsed: 66s, ETA:    13s[>>>>>>>>>>>>>>>>>>>>>>     ] 6575/7824, 99.0 task/s, elapsed: 66s, ETA:    13s[>>>>>>>>>>>>>>>>>>>>>>     ] 6576/7824, 99.0 task/s, elapsed: 66s, ETA:    13s[>>>>>>>>>>>>>>>>>>>>>>     ] 6577/7824, 99.0 task/s, elapsed: 66s, ETA:    13s[>>>>>>>>>>>>>>>>>>>>>>     ] 6578/7824, 99.0 task/s, elapsed: 66s, ETA:    13s[>>>>>>>>>>>>>>>>>>>>>>     ] 6579/7824, 99.0 task/s, elapsed: 66s, ETA:    13s[>>>>>>>>>>>>>>>>>>>>>>     ] 6580/7824, 99.0 task/s, elapsed: 66s, ETA:    13s[>>>>>>>>>>>>>>>>>>>>>>     ] 6581/7824, 99.0 task/s, elapsed: 66s, ETA:    13s[>>>>>>>>>>>>>>>>>>>>>>     ] 6582/7824, 99.0 task/s, elapsed: 66s, ETA:    13s[>>>>>>>>>>>>>>>>>>>>>>     ] 6583/7824, 99.0 task/s, elapsed: 67s, ETA:    13s[>>>>>>>>>>>>>>>>>>>>>>     ] 6584/7824, 99.0 task/s, elapsed: 67s, ETA:    13s[>>>>>>>>>>>>>>>>>>>>>>     ] 6585/7824, 99.0 task/s, elapsed: 67s, ETA:    13s[>>>>>>>>>>>>>>>>>>>>>>     ] 6586/7824, 99.0 task/s, elapsed: 67s, ETA:    13s[>>>>>>>>>>>>>>>>>>>>>>     ] 6587/7824, 99.0 task/s, elapsed: 67s, ETA:    12s[>>>>>>>>>>>>>>>>>>>>>>     ] 6588/7824, 99.0 task/s, elapsed: 67s, ETA:    12s[>>>>>>>>>>>>>>>>>>>>>>     ] 6589/7824, 99.0 task/s, elapsed: 67s, ETA:    12s[>>>>>>>>>>>>>>>>>>>>>>     ] 6590/7824, 99.0 task/s, elapsed: 67s, ETA:    12s[>>>>>>>>>>>>>>>>>>>>>>     ] 6591/7824, 99.0 task/s, elapsed: 67s, ETA:    12s[>>>>>>>>>>>>>>>>>>>>>>     ] 6592/7824, 99.0 task/s, elapsed: 67s, ETA:    12s[>>>>>>>>>>>>>>>>>>>>>>     ] 6593/7824, 99.0 task/s, elapsed: 67s, ETA:    12s[>>>>>>>>>>>>>>>>>>>>>>     ] 6594/7824, 99.0 task/s, elapsed: 67s, ETA:    12s[>>>>>>>>>>>>>>>>>>>>>>     ] 6595/7824, 99.0 task/s, elapsed: 67s, ETA:    12s[>>>>>>>>>>>>>>>>>>>>>>     ] 6596/7824, 99.0 task/s, elapsed: 67s, ETA:    12s[>>>>>>>>>>>>>>>>>>>>>>     ] 6597/7824, 99.0 task/s, elapsed: 67s, ETA:    12s[>>>>>>>>>>>>>>>>>>>>>>     ] 6598/7824, 99.0 task/s, elapsed: 67s, ETA:    12s[>>>>>>>>>>>>>>>>>>>>>>     ] 6599/7824, 99.0 task/s, elapsed: 67s, ETA:    12s[>>>>>>>>>>>>>>>>>>>>>>     ] 6600/7824, 99.0 task/s, elapsed: 67s, ETA:    12s[>>>>>>>>>>>>>>>>>>>>>>     ] 6601/7824, 99.0 task/s, elapsed: 67s, ETA:    12s[>>>>>>>>>>>>>>>>>>>>>>     ] 6602/7824, 99.0 task/s, elapsed: 67s, ETA:    12s[>>>>>>>>>>>>>>>>>>>>>>     ] 6603/7824, 99.0 task/s, elapsed: 67s, ETA:    12s[>>>>>>>>>>>>>>>>>>>>>>     ] 6604/7824, 99.0 task/s, elapsed: 67s, ETA:    12s[>>>>>>>>>>>>>>>>>>>>>>     ] 6605/7824, 99.0 task/s, elapsed: 67s, ETA:    12s[>>>>>>>>>>>>>>>>>>>>>>     ] 6606/7824, 99.0 task/s, elapsed: 67s, ETA:    12s[>>>>>>>>>>>>>>>>>>>>>>     ] 6607/7824, 99.0 task/s, elapsed: 67s, ETA:    12s[>>>>>>>>>>>>>>>>>>>>>>     ] 6608/7824, 99.0 task/s, elapsed: 67s, ETA:    12s[>>>>>>>>>>>>>>>>>>>>>>     ] 6609/7824, 99.0 task/s, elapsed: 67s, ETA:    12s[>>>>>>>>>>>>>>>>>>>>>>     ] 6610/7824, 99.0 task/s, elapsed: 67s, ETA:    12s[>>>>>>>>>>>>>>>>>>>>>>     ] 6611/7824, 99.0 task/s, elapsed: 67s, ETA:    12s[>>>>>>>>>>>>>>>>>>>>>>     ] 6612/7824, 99.0 task/s, elapsed: 67s, ETA:    12s[>>>>>>>>>>>>>>>>>>>>>>     ] 6613/7824, 99.0 task/s, elapsed: 67s, ETA:    12s[>>>>>>>>>>>>>>>>>>>>>>     ] 6614/7824, 99.0 task/s, elapsed: 67s, ETA:    12s[>>>>>>>>>>>>>>>>>>>>>>     ] 6615/7824, 99.0 task/s, elapsed: 67s, ETA:    12s[>>>>>>>>>>>>>>>>>>>>>>     ] 6616/7824, 99.0 task/s, elapsed: 67s, ETA:    12s[>>>>>>>>>>>>>>>>>>>>>>     ] 6617/7824, 99.0 task/s, elapsed: 67s, ETA:    12s[>>>>>>>>>>>>>>>>>>>>>>     ] 6618/7824, 99.1 task/s, elapsed: 67s, ETA:    12s[>>>>>>>>>>>>>>>>>>>>>>     ] 6619/7824, 99.1 task/s, elapsed: 67s, ETA:    12s[>>>>>>>>>>>>>>>>>>>>>>     ] 6620/7824, 99.1 task/s, elapsed: 67s, ETA:    12s[>>>>>>>>>>>>>>>>>>>>>>     ] 6621/7824, 99.1 task/s, elapsed: 67s, ETA:    12s[>>>>>>>>>>>>>>>>>>>>>>     ] 6622/7824, 99.1 task/s, elapsed: 67s, ETA:    12s[>>>>>>>>>>>>>>>>>>>>>>     ] 6623/7824, 99.1 task/s, elapsed: 67s, ETA:    12s[>>>>>>>>>>>>>>>>>>>>>>     ] 6624/7824, 99.1 task/s, elapsed: 67s, ETA:    12s[>>>>>>>>>>>>>>>>>>>>>>     ] 6625/7824, 99.1 task/s, elapsed: 67s, ETA:    12s[>>>>>>>>>>>>>>>>>>>>>>     ] 6626/7824, 99.1 task/s, elapsed: 67s, ETA:    12s[>>>>>>>>>>>>>>>>>>>>>>     ] 6627/7824, 99.1 task/s, elapsed: 67s, ETA:    12s[>>>>>>>>>>>>>>>>>>>>>>     ] 6628/7824, 99.1 task/s, elapsed: 67s, ETA:    12s[>>>>>>>>>>>>>>>>>>>>>>     ] 6629/7824, 99.1 task/s, elapsed: 67s, ETA:    12s[>>>>>>>>>>>>>>>>>>>>>>     ] 6630/7824, 99.1 task/s, elapsed: 67s, ETA:    12s[>>>>>>>>>>>>>>>>>>>>>>     ] 6631/7824, 99.1 task/s, elapsed: 67s, ETA:    12s[>>>>>>>>>>>>>>>>>>>>>>     ] 6632/7824, 99.1 task/s, elapsed: 67s, ETA:    12s[>>>>>>>>>>>>>>>>>>>>>>     ] 6633/7824, 99.1 task/s, elapsed: 67s, ETA:    12s[>>>>>>>>>>>>>>>>>>>>>>     ] 6634/7824, 99.1 task/s, elapsed: 67s, ETA:    12s[>>>>>>>>>>>>>>>>>>>>>>     ] 6635/7824, 99.1 task/s, elapsed: 67s, ETA:    12s[>>>>>>>>>>>>>>>>>>>>>>     ] 6636/7824, 99.1 task/s, elapsed: 67s, ETA:    12s[>>>>>>>>>>>>>>>>>>>>>>     ] 6637/7824, 99.1 task/s, elapsed: 67s, ETA:    12s[>>>>>>>>>>>>>>>>>>>>>>     ] 6638/7824, 99.1 task/s, elapsed: 67s, ETA:    12s[>>>>>>>>>>>>>>>>>>>>>>     ] 6639/7824, 99.1 task/s, elapsed: 67s, ETA:    12s[>>>>>>>>>>>>>>>>>>>>>>     ] 6640/7824, 99.1 task/s, elapsed: 67s, ETA:    12s[>>>>>>>>>>>>>>>>>>>>>>     ] 6641/7824, 99.1 task/s, elapsed: 67s, ETA:    12s[>>>>>>>>>>>>>>>>>>>>>>     ] 6642/7824, 99.1 task/s, elapsed: 67s, ETA:    12s[>>>>>>>>>>>>>>>>>>>>>>     ] 6643/7824, 99.1 task/s, elapsed: 67s, ETA:    12s[>>>>>>>>>>>>>>>>>>>>>>     ] 6644/7824, 99.1 task/s, elapsed: 67s, ETA:    12s[>>>>>>>>>>>>>>>>>>>>>>     ] 6645/7824, 99.1 task/s, elapsed: 67s, ETA:    12s[>>>>>>>>>>>>>>>>>>>>>>     ] 6646/7824, 99.1 task/s, elapsed: 67s, ETA:    12s[>>>>>>>>>>>>>>>>>>>>>>     ] 6647/7824, 99.1 task/s, elapsed: 67s, ETA:    12s[>>>>>>>>>>>>>>>>>>>>>>     ] 6648/7824, 99.1 task/s, elapsed: 67s, ETA:    12s[>>>>>>>>>>>>>>>>>>>>>>     ] 6649/7824, 99.1 task/s, elapsed: 67s, ETA:    12s[>>>>>>>>>>>>>>>>>>>>>>     ] 6650/7824, 99.1 task/s, elapsed: 67s, ETA:    12s[>>>>>>>>>>>>>>>>>>>>>>     ] 6651/7824, 99.1 task/s, elapsed: 67s, ETA:    12s[>>>>>>>>>>>>>>>>>>>>>>     ] 6652/7824, 99.1 task/s, elapsed: 67s, ETA:    12s[>>>>>>>>>>>>>>>>>>>>>>     ] 6653/7824, 99.1 task/s, elapsed: 67s, ETA:    12s[>>>>>>>>>>>>>>>>>>>>>>     ] 6654/7824, 99.1 task/s, elapsed: 67s, ETA:    12s[>>>>>>>>>>>>>>>>>>>>>>     ] 6655/7824, 99.1 task/s, elapsed: 67s, ETA:    12s[>>>>>>>>>>>>>>>>>>>>>>     ] 6656/7824, 99.1 task/s, elapsed: 67s, ETA:    12s[>>>>>>>>>>>>>>>>>>>>>>     ] 6657/7824, 99.1 task/s, elapsed: 67s, ETA:    12s[>>>>>>>>>>>>>>>>>>>>>>     ] 6658/7824, 99.1 task/s, elapsed: 67s, ETA:    12s[>>>>>>>>>>>>>>>>>>>>>>     ] 6659/7824, 99.1 task/s, elapsed: 67s, ETA:    12s[>>>>>>>>>>>>>>>>>>>>>>     ] 6660/7824, 99.1 task/s, elapsed: 67s, ETA:    12s[>>>>>>>>>>>>>>>>>>>>>>     ] 6661/7824, 99.1 task/s, elapsed: 67s, ETA:    12s[>>>>>>>>>>>>>>>>>>>>>>     ] 6662/7824, 99.1 task/s, elapsed: 67s, ETA:    12s[>>>>>>>>>>>>>>>>>>>>>>     ] 6663/7824, 99.1 task/s, elapsed: 67s, ETA:    12s[>>>>>>>>>>>>>>>>>>>>>>     ] 6664/7824, 99.1 task/s, elapsed: 67s, ETA:    12s[>>>>>>>>>>>>>>>>>>>>>>>    ] 6665/7824, 99.1 task/s, elapsed: 67s, ETA:    12s[>>>>>>>>>>>>>>>>>>>>>>>    ] 6666/7824, 99.1 task/s, elapsed: 67s, ETA:    12s[>>>>>>>>>>>>>>>>>>>>>>>    ] 6667/7824, 99.1 task/s, elapsed: 67s, ETA:    12s[>>>>>>>>>>>>>>>>>>>>>>>    ] 6668/7824, 99.2 task/s, elapsed: 67s, ETA:    12s[>>>>>>>>>>>>>>>>>>>>>>>    ] 6669/7824, 99.2 task/s, elapsed: 67s, ETA:    12s[>>>>>>>>>>>>>>>>>>>>>>>    ] 6670/7824, 99.2 task/s, elapsed: 67s, ETA:    12s[>>>>>>>>>>>>>>>>>>>>>>>    ] 6671/7824, 99.2 task/s, elapsed: 67s, ETA:    12s[>>>>>>>>>>>>>>>>>>>>>>>    ] 6672/7824, 99.2 task/s, elapsed: 67s, ETA:    12s[>>>>>>>>>>>>>>>>>>>>>>>    ] 6673/7824, 99.2 task/s, elapsed: 67s, ETA:    12s[>>>>>>>>>>>>>>>>>>>>>>>    ] 6674/7824, 99.2 task/s, elapsed: 67s, ETA:    12s[>>>>>>>>>>>>>>>>>>>>>>>    ] 6675/7824, 99.2 task/s, elapsed: 67s, ETA:    12s[>>>>>>>>>>>>>>>>>>>>>>>    ] 6676/7824, 99.2 task/s, elapsed: 67s, ETA:    12s[>>>>>>>>>>>>>>>>>>>>>>>    ] 6677/7824, 99.2 task/s, elapsed: 67s, ETA:    12s[>>>>>>>>>>>>>>>>>>>>>>>    ] 6678/7824, 99.2 task/s, elapsed: 67s, ETA:    12s[>>>>>>>>>>>>>>>>>>>>>>>    ] 6679/7824, 99.2 task/s, elapsed: 67s, ETA:    12s[>>>>>>>>>>>>>>>>>>>>>>>    ] 6680/7824, 99.2 task/s, elapsed: 67s, ETA:    12s[>>>>>>>>>>>>>>>>>>>>>>>    ] 6681/7824, 99.2 task/s, elapsed: 67s, ETA:    12s[>>>>>>>>>>>>>>>>>>>>>>>    ] 6682/7824, 99.2 task/s, elapsed: 67s, ETA:    12s[>>>>>>>>>>>>>>>>>>>>>>>    ] 6683/7824, 99.2 task/s, elapsed: 67s, ETA:    12s[>>>>>>>>>>>>>>>>>>>>>>>    ] 6684/7824, 99.2 task/s, elapsed: 67s, ETA:    11s[>>>>>>>>>>>>>>>>>>>>>>>    ] 6685/7824, 99.2 task/s, elapsed: 67s, ETA:    11s[>>>>>>>>>>>>>>>>>>>>>>>    ] 6686/7824, 99.2 task/s, elapsed: 67s, ETA:    11s[>>>>>>>>>>>>>>>>>>>>>>>    ] 6687/7824, 99.2 task/s, elapsed: 67s, ETA:    11s[>>>>>>>>>>>>>>>>>>>>>>>    ] 6688/7824, 99.2 task/s, elapsed: 67s, ETA:    11s[>>>>>>>>>>>>>>>>>>>>>>>    ] 6689/7824, 99.2 task/s, elapsed: 67s, ETA:    11s[>>>>>>>>>>>>>>>>>>>>>>>    ] 6690/7824, 99.2 task/s, elapsed: 67s, ETA:    11s[>>>>>>>>>>>>>>>>>>>>>>>    ] 6691/7824, 99.2 task/s, elapsed: 67s, ETA:    11s[>>>>>>>>>>>>>>>>>>>>>>>    ] 6692/7824, 99.2 task/s, elapsed: 67s, ETA:    11s[>>>>>>>>>>>>>>>>>>>>>>>    ] 6693/7824, 99.2 task/s, elapsed: 67s, ETA:    11s[>>>>>>>>>>>>>>>>>>>>>>>    ] 6694/7824, 99.2 task/s, elapsed: 67s, ETA:    11s[>>>>>>>>>>>>>>>>>>>>>>>    ] 6695/7824, 99.2 task/s, elapsed: 67s, ETA:    11s[>>>>>>>>>>>>>>>>>>>>>>>    ] 6696/7824, 99.2 task/s, elapsed: 67s, ETA:    11s[>>>>>>>>>>>>>>>>>>>>>>>    ] 6697/7824, 99.2 task/s, elapsed: 68s, ETA:    11s[>>>>>>>>>>>>>>>>>>>>>>>    ] 6698/7824, 99.2 task/s, elapsed: 68s, ETA:    11s[>>>>>>>>>>>>>>>>>>>>>>>    ] 6699/7824, 99.2 task/s, elapsed: 68s, ETA:    11s[>>>>>>>>>>>>>>>>>>>>>>>    ] 6700/7824, 99.2 task/s, elapsed: 68s, ETA:    11s[>>>>>>>>>>>>>>>>>>>>>>>    ] 6701/7824, 99.2 task/s, elapsed: 68s, ETA:    11s[>>>>>>>>>>>>>>>>>>>>>>>    ] 6702/7824, 99.2 task/s, elapsed: 68s, ETA:    11s[>>>>>>>>>>>>>>>>>>>>>>>    ] 6703/7824, 99.2 task/s, elapsed: 68s, ETA:    11s[>>>>>>>>>>>>>>>>>>>>>>>    ] 6704/7824, 99.2 task/s, elapsed: 68s, ETA:    11s[>>>>>>>>>>>>>>>>>>>>>>>    ] 6705/7824, 99.2 task/s, elapsed: 68s, ETA:    11s[>>>>>>>>>>>>>>>>>>>>>>>    ] 6706/7824, 99.2 task/s, elapsed: 68s, ETA:    11s[>>>>>>>>>>>>>>>>>>>>>>>    ] 6707/7824, 99.2 task/s, elapsed: 68s, ETA:    11s[>>>>>>>>>>>>>>>>>>>>>>>    ] 6708/7824, 99.2 task/s, elapsed: 68s, ETA:    11s[>>>>>>>>>>>>>>>>>>>>>>>    ] 6709/7824, 99.2 task/s, elapsed: 68s, ETA:    11s[>>>>>>>>>>>>>>>>>>>>>>>    ] 6710/7824, 99.2 task/s, elapsed: 68s, ETA:    11s[>>>>>>>>>>>>>>>>>>>>>>>    ] 6711/7824, 99.2 task/s, elapsed: 68s, ETA:    11s[>>>>>>>>>>>>>>>>>>>>>>>    ] 6712/7824, 99.2 task/s, elapsed: 68s, ETA:    11s[>>>>>>>>>>>>>>>>>>>>>>>    ] 6713/7824, 99.2 task/s, elapsed: 68s, ETA:    11s[>>>>>>>>>>>>>>>>>>>>>>>    ] 6714/7824, 99.2 task/s, elapsed: 68s, ETA:    11s[>>>>>>>>>>>>>>>>>>>>>>>    ] 6715/7824, 99.2 task/s, elapsed: 68s, ETA:    11s[>>>>>>>>>>>>>>>>>>>>>>>    ] 6716/7824, 99.2 task/s, elapsed: 68s, ETA:    11s[>>>>>>>>>>>>>>>>>>>>>>>    ] 6717/7824, 99.2 task/s, elapsed: 68s, ETA:    11s[>>>>>>>>>>>>>>>>>>>>>>>    ] 6718/7824, 99.2 task/s, elapsed: 68s, ETA:    11s[>>>>>>>>>>>>>>>>>>>>>>>    ] 6719/7824, 99.2 task/s, elapsed: 68s, ETA:    11s[>>>>>>>>>>>>>>>>>>>>>>>    ] 6720/7824, 99.2 task/s, elapsed: 68s, ETA:    11s[>>>>>>>>>>>>>>>>>>>>>>>    ] 6721/7824, 99.2 task/s, elapsed: 68s, ETA:    11s[>>>>>>>>>>>>>>>>>>>>>>>    ] 6722/7824, 99.2 task/s, elapsed: 68s, ETA:    11s[>>>>>>>>>>>>>>>>>>>>>>>    ] 6723/7824, 99.2 task/s, elapsed: 68s, ETA:    11s[>>>>>>>>>>>>>>>>>>>>>>>    ] 6724/7824, 99.2 task/s, elapsed: 68s, ETA:    11s[>>>>>>>>>>>>>>>>>>>>>>>    ] 6725/7824, 99.2 task/s, elapsed: 68s, ETA:    11s[>>>>>>>>>>>>>>>>>>>>>>>    ] 6726/7824, 99.2 task/s, elapsed: 68s, ETA:    11s[>>>>>>>>>>>>>>>>>>>>>>>    ] 6727/7824, 99.3 task/s, elapsed: 68s, ETA:    11s[>>>>>>>>>>>>>>>>>>>>>>>    ] 6728/7824, 99.3 task/s, elapsed: 68s, ETA:    11s[>>>>>>>>>>>>>>>>>>>>>>>    ] 6729/7824, 99.3 task/s, elapsed: 68s, ETA:    11s[>>>>>>>>>>>>>>>>>>>>>>>    ] 6730/7824, 99.3 task/s, elapsed: 68s, ETA:    11s[>>>>>>>>>>>>>>>>>>>>>>>    ] 6731/7824, 99.3 task/s, elapsed: 68s, ETA:    11s[>>>>>>>>>>>>>>>>>>>>>>>    ] 6732/7824, 99.3 task/s, elapsed: 68s, ETA:    11s[>>>>>>>>>>>>>>>>>>>>>>>    ] 6733/7824, 99.3 task/s, elapsed: 68s, ETA:    11s[>>>>>>>>>>>>>>>>>>>>>>>    ] 6734/7824, 99.3 task/s, elapsed: 68s, ETA:    11s[>>>>>>>>>>>>>>>>>>>>>>>    ] 6735/7824, 99.3 task/s, elapsed: 68s, ETA:    11s[>>>>>>>>>>>>>>>>>>>>>>>    ] 6736/7824, 99.3 task/s, elapsed: 68s, ETA:    11s[>>>>>>>>>>>>>>>>>>>>>>>    ] 6737/7824, 99.3 task/s, elapsed: 68s, ETA:    11s[>>>>>>>>>>>>>>>>>>>>>>>    ] 6738/7824, 99.3 task/s, elapsed: 68s, ETA:    11s[>>>>>>>>>>>>>>>>>>>>>>>    ] 6739/7824, 99.3 task/s, elapsed: 68s, ETA:    11s[>>>>>>>>>>>>>>>>>>>>>>>    ] 6740/7824, 99.3 task/s, elapsed: 68s, ETA:    11s[>>>>>>>>>>>>>>>>>>>>>>>    ] 6741/7824, 99.3 task/s, elapsed: 68s, ETA:    11s[>>>>>>>>>>>>>>>>>>>>>>>    ] 6742/7824, 99.3 task/s, elapsed: 68s, ETA:    11s[>>>>>>>>>>>>>>>>>>>>>>>    ] 6743/7824, 99.3 task/s, elapsed: 68s, ETA:    11s[>>>>>>>>>>>>>>>>>>>>>>>    ] 6744/7824, 99.3 task/s, elapsed: 68s, ETA:    11s[>>>>>>>>>>>>>>>>>>>>>>>    ] 6745/7824, 99.3 task/s, elapsed: 68s, ETA:    11s[>>>>>>>>>>>>>>>>>>>>>>>    ] 6746/7824, 99.3 task/s, elapsed: 68s, ETA:    11s[>>>>>>>>>>>>>>>>>>>>>>>    ] 6747/7824, 99.3 task/s, elapsed: 68s, ETA:    11s[>>>>>>>>>>>>>>>>>>>>>>>    ] 6748/7824, 99.3 task/s, elapsed: 68s, ETA:    11s[>>>>>>>>>>>>>>>>>>>>>>>    ] 6749/7824, 99.3 task/s, elapsed: 68s, ETA:    11s[>>>>>>>>>>>>>>>>>>>>>>>    ] 6750/7824, 99.3 task/s, elapsed: 68s, ETA:    11s[>>>>>>>>>>>>>>>>>>>>>>>    ] 6751/7824, 99.3 task/s, elapsed: 68s, ETA:    11s[>>>>>>>>>>>>>>>>>>>>>>>    ] 6752/7824, 99.3 task/s, elapsed: 68s, ETA:    11s[>>>>>>>>>>>>>>>>>>>>>>>    ] 6753/7824, 99.3 task/s, elapsed: 68s, ETA:    11s[>>>>>>>>>>>>>>>>>>>>>>>    ] 6754/7824, 99.3 task/s, elapsed: 68s, ETA:    11s[>>>>>>>>>>>>>>>>>>>>>>>    ] 6755/7824, 99.3 task/s, elapsed: 68s, ETA:    11s[>>>>>>>>>>>>>>>>>>>>>>>    ] 6756/7824, 99.3 task/s, elapsed: 68s, ETA:    11s[>>>>>>>>>>>>>>>>>>>>>>>    ] 6757/7824, 99.3 task/s, elapsed: 68s, ETA:    11s[>>>>>>>>>>>>>>>>>>>>>>>    ] 6758/7824, 99.3 task/s, elapsed: 68s, ETA:    11s[>>>>>>>>>>>>>>>>>>>>>>>    ] 6759/7824, 99.3 task/s, elapsed: 68s, ETA:    11s[>>>>>>>>>>>>>>>>>>>>>>>    ] 6760/7824, 99.3 task/s, elapsed: 68s, ETA:    11s[>>>>>>>>>>>>>>>>>>>>>>>    ] 6761/7824, 99.3 task/s, elapsed: 68s, ETA:    11s[>>>>>>>>>>>>>>>>>>>>>>>    ] 6762/7824, 99.3 task/s, elapsed: 68s, ETA:    11s[>>>>>>>>>>>>>>>>>>>>>>>    ] 6763/7824, 99.3 task/s, elapsed: 68s, ETA:    11s[>>>>>>>>>>>>>>>>>>>>>>>    ] 6764/7824, 99.3 task/s, elapsed: 68s, ETA:    11s[>>>>>>>>>>>>>>>>>>>>>>>    ] 6765/7824, 99.3 task/s, elapsed: 68s, ETA:    11s[>>>>>>>>>>>>>>>>>>>>>>>    ] 6766/7824, 99.3 task/s, elapsed: 68s, ETA:    11s[>>>>>>>>>>>>>>>>>>>>>>>    ] 6767/7824, 99.3 task/s, elapsed: 68s, ETA:    11s[>>>>>>>>>>>>>>>>>>>>>>>    ] 6768/7824, 99.3 task/s, elapsed: 68s, ETA:    11s[>>>>>>>>>>>>>>>>>>>>>>>    ] 6769/7824, 99.3 task/s, elapsed: 68s, ETA:    11s[>>>>>>>>>>>>>>>>>>>>>>>    ] 6770/7824, 99.3 task/s, elapsed: 68s, ETA:    11s[>>>>>>>>>>>>>>>>>>>>>>>    ] 6771/7824, 99.3 task/s, elapsed: 68s, ETA:    11s[>>>>>>>>>>>>>>>>>>>>>>>    ] 6772/7824, 99.3 task/s, elapsed: 68s, ETA:    11s[>>>>>>>>>>>>>>>>>>>>>>>    ] 6773/7824, 99.3 task/s, elapsed: 68s, ETA:    11s[>>>>>>>>>>>>>>>>>>>>>>>    ] 6774/7824, 99.3 task/s, elapsed: 68s, ETA:    11s[>>>>>>>>>>>>>>>>>>>>>>>    ] 6775/7824, 99.3 task/s, elapsed: 68s, ETA:    11s[>>>>>>>>>>>>>>>>>>>>>>>    ] 6776/7824, 99.3 task/s, elapsed: 68s, ETA:    11s[>>>>>>>>>>>>>>>>>>>>>>>    ] 6777/7824, 99.3 task/s, elapsed: 68s, ETA:    11s[>>>>>>>>>>>>>>>>>>>>>>>    ] 6778/7824, 99.3 task/s, elapsed: 68s, ETA:    11s[>>>>>>>>>>>>>>>>>>>>>>>    ] 6779/7824, 99.3 task/s, elapsed: 68s, ETA:    11s[>>>>>>>>>>>>>>>>>>>>>>>    ] 6780/7824, 99.3 task/s, elapsed: 68s, ETA:    11s[>>>>>>>>>>>>>>>>>>>>>>>    ] 6781/7824, 99.3 task/s, elapsed: 68s, ETA:    11s[>>>>>>>>>>>>>>>>>>>>>>>    ] 6782/7824, 99.3 task/s, elapsed: 68s, ETA:    10s[>>>>>>>>>>>>>>>>>>>>>>>    ] 6783/7824, 99.3 task/s, elapsed: 68s, ETA:    10s[>>>>>>>>>>>>>>>>>>>>>>>    ] 6784/7824, 99.3 task/s, elapsed: 68s, ETA:    10s[>>>>>>>>>>>>>>>>>>>>>>>    ] 6785/7824, 99.3 task/s, elapsed: 68s, ETA:    10s[>>>>>>>>>>>>>>>>>>>>>>>    ] 6786/7824, 99.3 task/s, elapsed: 68s, ETA:    10s[>>>>>>>>>>>>>>>>>>>>>>>    ] 6787/7824, 99.3 task/s, elapsed: 68s, ETA:    10s[>>>>>>>>>>>>>>>>>>>>>>>    ] 6788/7824, 99.3 task/s, elapsed: 68s, ETA:    10s[>>>>>>>>>>>>>>>>>>>>>>>    ] 6789/7824, 99.3 task/s, elapsed: 68s, ETA:    10s[>>>>>>>>>>>>>>>>>>>>>>>    ] 6790/7824, 99.3 task/s, elapsed: 68s, ETA:    10s[>>>>>>>>>>>>>>>>>>>>>>>    ] 6791/7824, 99.3 task/s, elapsed: 68s, ETA:    10s[>>>>>>>>>>>>>>>>>>>>>>>    ] 6792/7824, 99.3 task/s, elapsed: 68s, ETA:    10s[>>>>>>>>>>>>>>>>>>>>>>>    ] 6793/7824, 99.3 task/s, elapsed: 68s, ETA:    10s[>>>>>>>>>>>>>>>>>>>>>>>    ] 6794/7824, 99.3 task/s, elapsed: 68s, ETA:    10s[>>>>>>>>>>>>>>>>>>>>>>>    ] 6795/7824, 99.3 task/s, elapsed: 68s, ETA:    10s[>>>>>>>>>>>>>>>>>>>>>>>    ] 6796/7824, 99.3 task/s, elapsed: 68s, ETA:    10s[>>>>>>>>>>>>>>>>>>>>>>>    ] 6797/7824, 99.3 task/s, elapsed: 68s, ETA:    10s[>>>>>>>>>>>>>>>>>>>>>>>    ] 6798/7824, 99.4 task/s, elapsed: 68s, ETA:    10s[>>>>>>>>>>>>>>>>>>>>>>>    ] 6799/7824, 99.4 task/s, elapsed: 68s, ETA:    10s[>>>>>>>>>>>>>>>>>>>>>>>    ] 6800/7824, 99.4 task/s, elapsed: 68s, ETA:    10s[>>>>>>>>>>>>>>>>>>>>>>>    ] 6801/7824, 99.4 task/s, elapsed: 68s, ETA:    10s[>>>>>>>>>>>>>>>>>>>>>>>    ] 6802/7824, 99.4 task/s, elapsed: 68s, ETA:    10s[>>>>>>>>>>>>>>>>>>>>>>>    ] 6803/7824, 99.4 task/s, elapsed: 68s, ETA:    10s[>>>>>>>>>>>>>>>>>>>>>>>    ] 6804/7824, 99.4 task/s, elapsed: 68s, ETA:    10s[>>>>>>>>>>>>>>>>>>>>>>>    ] 6805/7824, 99.4 task/s, elapsed: 68s, ETA:    10s[>>>>>>>>>>>>>>>>>>>>>>>    ] 6806/7824, 99.4 task/s, elapsed: 68s, ETA:    10s[>>>>>>>>>>>>>>>>>>>>>>>    ] 6807/7824, 99.4 task/s, elapsed: 69s, ETA:    10s[>>>>>>>>>>>>>>>>>>>>>>>    ] 6808/7824, 99.4 task/s, elapsed: 69s, ETA:    10s[>>>>>>>>>>>>>>>>>>>>>>>    ] 6809/7824, 99.4 task/s, elapsed: 69s, ETA:    10s[>>>>>>>>>>>>>>>>>>>>>>>    ] 6810/7824, 99.4 task/s, elapsed: 69s, ETA:    10s[>>>>>>>>>>>>>>>>>>>>>>>    ] 6811/7824, 99.4 task/s, elapsed: 69s, ETA:    10s[>>>>>>>>>>>>>>>>>>>>>>>    ] 6812/7824, 99.4 task/s, elapsed: 69s, ETA:    10s[>>>>>>>>>>>>>>>>>>>>>>>    ] 6813/7824, 99.4 task/s, elapsed: 69s, ETA:    10s[>>>>>>>>>>>>>>>>>>>>>>>    ] 6814/7824, 99.4 task/s, elapsed: 69s, ETA:    10s[>>>>>>>>>>>>>>>>>>>>>>>    ] 6815/7824, 99.4 task/s, elapsed: 69s, ETA:    10s[>>>>>>>>>>>>>>>>>>>>>>>    ] 6816/7824, 99.4 task/s, elapsed: 69s, ETA:    10s[>>>>>>>>>>>>>>>>>>>>>>>    ] 6817/7824, 99.4 task/s, elapsed: 69s, ETA:    10s[>>>>>>>>>>>>>>>>>>>>>>>    ] 6818/7824, 99.4 task/s, elapsed: 69s, ETA:    10s[>>>>>>>>>>>>>>>>>>>>>>>    ] 6819/7824, 99.4 task/s, elapsed: 69s, ETA:    10s[>>>>>>>>>>>>>>>>>>>>>>>    ] 6820/7824, 99.4 task/s, elapsed: 69s, ETA:    10s[>>>>>>>>>>>>>>>>>>>>>>>    ] 6821/7824, 99.4 task/s, elapsed: 69s, ETA:    10s[>>>>>>>>>>>>>>>>>>>>>>>    ] 6822/7824, 99.4 task/s, elapsed: 69s, ETA:    10s[>>>>>>>>>>>>>>>>>>>>>>>    ] 6823/7824, 99.4 task/s, elapsed: 69s, ETA:    10s[>>>>>>>>>>>>>>>>>>>>>>>    ] 6824/7824, 99.4 task/s, elapsed: 69s, ETA:    10s[>>>>>>>>>>>>>>>>>>>>>>>    ] 6825/7824, 99.4 task/s, elapsed: 69s, ETA:    10s[>>>>>>>>>>>>>>>>>>>>>>>    ] 6826/7824, 99.4 task/s, elapsed: 69s, ETA:    10s[>>>>>>>>>>>>>>>>>>>>>>>    ] 6827/7824, 99.4 task/s, elapsed: 69s, ETA:    10s[>>>>>>>>>>>>>>>>>>>>>>>    ] 6828/7824, 99.4 task/s, elapsed: 69s, ETA:    10s[>>>>>>>>>>>>>>>>>>>>>>>    ] 6829/7824, 99.4 task/s, elapsed: 69s, ETA:    10s[>>>>>>>>>>>>>>>>>>>>>>>    ] 6830/7824, 99.4 task/s, elapsed: 69s, ETA:    10s[>>>>>>>>>>>>>>>>>>>>>>>    ] 6831/7824, 99.4 task/s, elapsed: 69s, ETA:    10s[>>>>>>>>>>>>>>>>>>>>>>>    ] 6832/7824, 99.4 task/s, elapsed: 69s, ETA:    10s[>>>>>>>>>>>>>>>>>>>>>>>    ] 6833/7824, 99.4 task/s, elapsed: 69s, ETA:    10s[>>>>>>>>>>>>>>>>>>>>>>>    ] 6834/7824, 99.4 task/s, elapsed: 69s, ETA:    10s[>>>>>>>>>>>>>>>>>>>>>>>    ] 6835/7824, 99.4 task/s, elapsed: 69s, ETA:    10s[>>>>>>>>>>>>>>>>>>>>>>>    ] 6836/7824, 99.4 task/s, elapsed: 69s, ETA:    10s[>>>>>>>>>>>>>>>>>>>>>>>    ] 6837/7824, 99.4 task/s, elapsed: 69s, ETA:    10s[>>>>>>>>>>>>>>>>>>>>>>>    ] 6838/7824, 99.4 task/s, elapsed: 69s, ETA:    10s[>>>>>>>>>>>>>>>>>>>>>>>    ] 6839/7824, 99.4 task/s, elapsed: 69s, ETA:    10s[>>>>>>>>>>>>>>>>>>>>>>>    ] 6840/7824, 99.4 task/s, elapsed: 69s, ETA:    10s[>>>>>>>>>>>>>>>>>>>>>>>    ] 6841/7824, 99.4 task/s, elapsed: 69s, ETA:    10s[>>>>>>>>>>>>>>>>>>>>>>>    ] 6842/7824, 99.4 task/s, elapsed: 69s, ETA:    10s[>>>>>>>>>>>>>>>>>>>>>>>    ] 6843/7824, 99.4 task/s, elapsed: 69s, ETA:    10s[>>>>>>>>>>>>>>>>>>>>>>>    ] 6844/7824, 99.4 task/s, elapsed: 69s, ETA:    10s[>>>>>>>>>>>>>>>>>>>>>>>    ] 6845/7824, 99.4 task/s, elapsed: 69s, ETA:    10s[>>>>>>>>>>>>>>>>>>>>>>>    ] 6846/7824, 99.4 task/s, elapsed: 69s, ETA:    10s[>>>>>>>>>>>>>>>>>>>>>>>    ] 6847/7824, 99.4 task/s, elapsed: 69s, ETA:    10s[>>>>>>>>>>>>>>>>>>>>>>>    ] 6848/7824, 99.4 task/s, elapsed: 69s, ETA:    10s[>>>>>>>>>>>>>>>>>>>>>>>    ] 6849/7824, 99.4 task/s, elapsed: 69s, ETA:    10s[>>>>>>>>>>>>>>>>>>>>>>>    ] 6850/7824, 99.4 task/s, elapsed: 69s, ETA:    10s[>>>>>>>>>>>>>>>>>>>>>>>    ] 6851/7824, 99.4 task/s, elapsed: 69s, ETA:    10s[>>>>>>>>>>>>>>>>>>>>>>>    ] 6852/7824, 99.4 task/s, elapsed: 69s, ETA:    10s[>>>>>>>>>>>>>>>>>>>>>>>    ] 6853/7824, 99.4 task/s, elapsed: 69s, ETA:    10s[>>>>>>>>>>>>>>>>>>>>>>>    ] 6854/7824, 99.4 task/s, elapsed: 69s, ETA:    10s[>>>>>>>>>>>>>>>>>>>>>>>    ] 6855/7824, 99.4 task/s, elapsed: 69s, ETA:    10s[>>>>>>>>>>>>>>>>>>>>>>>    ] 6856/7824, 99.4 task/s, elapsed: 69s, ETA:    10s[>>>>>>>>>>>>>>>>>>>>>>>    ] 6857/7824, 99.4 task/s, elapsed: 69s, ETA:    10s[>>>>>>>>>>>>>>>>>>>>>>>    ] 6858/7824, 99.4 task/s, elapsed: 69s, ETA:    10s[>>>>>>>>>>>>>>>>>>>>>>>    ] 6859/7824, 99.4 task/s, elapsed: 69s, ETA:    10s[>>>>>>>>>>>>>>>>>>>>>>>    ] 6860/7824, 99.4 task/s, elapsed: 69s, ETA:    10s[>>>>>>>>>>>>>>>>>>>>>>>    ] 6861/7824, 99.4 task/s, elapsed: 69s, ETA:    10s[>>>>>>>>>>>>>>>>>>>>>>>    ] 6862/7824, 99.4 task/s, elapsed: 69s, ETA:    10s[>>>>>>>>>>>>>>>>>>>>>>>    ] 6863/7824, 99.4 task/s, elapsed: 69s, ETA:    10s[>>>>>>>>>>>>>>>>>>>>>>>    ] 6864/7824, 99.4 task/s, elapsed: 69s, ETA:    10s[>>>>>>>>>>>>>>>>>>>>>>>    ] 6865/7824, 99.4 task/s, elapsed: 69s, ETA:    10s[>>>>>>>>>>>>>>>>>>>>>>>    ] 6866/7824, 99.4 task/s, elapsed: 69s, ETA:    10s[>>>>>>>>>>>>>>>>>>>>>>>    ] 6867/7824, 99.4 task/s, elapsed: 69s, ETA:    10s[>>>>>>>>>>>>>>>>>>>>>>>    ] 6868/7824, 99.4 task/s, elapsed: 69s, ETA:    10s[>>>>>>>>>>>>>>>>>>>>>>>    ] 6869/7824, 99.4 task/s, elapsed: 69s, ETA:    10s[>>>>>>>>>>>>>>>>>>>>>>>    ] 6870/7824, 99.4 task/s, elapsed: 69s, ETA:    10s[>>>>>>>>>>>>>>>>>>>>>>>    ] 6871/7824, 99.4 task/s, elapsed: 69s, ETA:    10s[>>>>>>>>>>>>>>>>>>>>>>>    ] 6872/7824, 99.4 task/s, elapsed: 69s, ETA:    10s[>>>>>>>>>>>>>>>>>>>>>>>    ] 6873/7824, 99.5 task/s, elapsed: 69s, ETA:    10s[>>>>>>>>>>>>>>>>>>>>>>>    ] 6874/7824, 99.5 task/s, elapsed: 69s, ETA:    10s[>>>>>>>>>>>>>>>>>>>>>>>    ] 6875/7824, 99.5 task/s, elapsed: 69s, ETA:    10s[>>>>>>>>>>>>>>>>>>>>>>>    ] 6876/7824, 99.5 task/s, elapsed: 69s, ETA:    10s[>>>>>>>>>>>>>>>>>>>>>>>    ] 6877/7824, 99.5 task/s, elapsed: 69s, ETA:    10s[>>>>>>>>>>>>>>>>>>>>>>>    ] 6878/7824, 99.5 task/s, elapsed: 69s, ETA:    10s[>>>>>>>>>>>>>>>>>>>>>>>    ] 6879/7824, 99.5 task/s, elapsed: 69s, ETA:    10s[>>>>>>>>>>>>>>>>>>>>>>>    ] 6880/7824, 99.5 task/s, elapsed: 69s, ETA:     9s[>>>>>>>>>>>>>>>>>>>>>>>    ] 6881/7824, 99.5 task/s, elapsed: 69s, ETA:     9s[>>>>>>>>>>>>>>>>>>>>>>>    ] 6882/7824, 99.5 task/s, elapsed: 69s, ETA:     9s[>>>>>>>>>>>>>>>>>>>>>>>    ] 6883/7824, 99.5 task/s, elapsed: 69s, ETA:     9s[>>>>>>>>>>>>>>>>>>>>>>>    ] 6884/7824, 99.5 task/s, elapsed: 69s, ETA:     9s[>>>>>>>>>>>>>>>>>>>>>>>    ] 6885/7824, 99.5 task/s, elapsed: 69s, ETA:     9s[>>>>>>>>>>>>>>>>>>>>>>>    ] 6886/7824, 99.5 task/s, elapsed: 69s, ETA:     9s[>>>>>>>>>>>>>>>>>>>>>>>    ] 6887/7824, 99.5 task/s, elapsed: 69s, ETA:     9s[>>>>>>>>>>>>>>>>>>>>>>>    ] 6888/7824, 99.5 task/s, elapsed: 69s, ETA:     9s[>>>>>>>>>>>>>>>>>>>>>>>    ] 6889/7824, 99.5 task/s, elapsed: 69s, ETA:     9s[>>>>>>>>>>>>>>>>>>>>>>>    ] 6890/7824, 99.5 task/s, elapsed: 69s, ETA:     9s[>>>>>>>>>>>>>>>>>>>>>>>    ] 6891/7824, 99.5 task/s, elapsed: 69s, ETA:     9s[>>>>>>>>>>>>>>>>>>>>>>>    ] 6892/7824, 99.5 task/s, elapsed: 69s, ETA:     9s[>>>>>>>>>>>>>>>>>>>>>>>    ] 6893/7824, 99.5 task/s, elapsed: 69s, ETA:     9s[>>>>>>>>>>>>>>>>>>>>>>>    ] 6894/7824, 99.5 task/s, elapsed: 69s, ETA:     9s[>>>>>>>>>>>>>>>>>>>>>>>    ] 6895/7824, 99.5 task/s, elapsed: 69s, ETA:     9s[>>>>>>>>>>>>>>>>>>>>>>>    ] 6896/7824, 99.5 task/s, elapsed: 69s, ETA:     9s[>>>>>>>>>>>>>>>>>>>>>>>    ] 6897/7824, 99.5 task/s, elapsed: 69s, ETA:     9s[>>>>>>>>>>>>>>>>>>>>>>>    ] 6898/7824, 99.5 task/s, elapsed: 69s, ETA:     9s[>>>>>>>>>>>>>>>>>>>>>>>    ] 6899/7824, 99.5 task/s, elapsed: 69s, ETA:     9s[>>>>>>>>>>>>>>>>>>>>>>>    ] 6900/7824, 99.5 task/s, elapsed: 69s, ETA:     9s[>>>>>>>>>>>>>>>>>>>>>>>    ] 6901/7824, 99.5 task/s, elapsed: 69s, ETA:     9s[>>>>>>>>>>>>>>>>>>>>>>>    ] 6902/7824, 99.5 task/s, elapsed: 69s, ETA:     9s[>>>>>>>>>>>>>>>>>>>>>>>    ] 6903/7824, 99.5 task/s, elapsed: 69s, ETA:     9s[>>>>>>>>>>>>>>>>>>>>>>>    ] 6904/7824, 99.5 task/s, elapsed: 69s, ETA:     9s[>>>>>>>>>>>>>>>>>>>>>>>    ] 6905/7824, 99.5 task/s, elapsed: 69s, ETA:     9s[>>>>>>>>>>>>>>>>>>>>>>>    ] 6906/7824, 99.5 task/s, elapsed: 69s, ETA:     9s[>>>>>>>>>>>>>>>>>>>>>>>    ] 6907/7824, 99.5 task/s, elapsed: 69s, ETA:     9s[>>>>>>>>>>>>>>>>>>>>>>>    ] 6908/7824, 99.5 task/s, elapsed: 69s, ETA:     9s[>>>>>>>>>>>>>>>>>>>>>>>    ] 6909/7824, 99.5 task/s, elapsed: 69s, ETA:     9s[>>>>>>>>>>>>>>>>>>>>>>>    ] 6910/7824, 99.5 task/s, elapsed: 69s, ETA:     9s[>>>>>>>>>>>>>>>>>>>>>>>    ] 6911/7824, 99.5 task/s, elapsed: 69s, ETA:     9s[>>>>>>>>>>>>>>>>>>>>>>>    ] 6912/7824, 99.5 task/s, elapsed: 69s, ETA:     9s[>>>>>>>>>>>>>>>>>>>>>>>    ] 6913/7824, 99.5 task/s, elapsed: 69s, ETA:     9s[>>>>>>>>>>>>>>>>>>>>>>>    ] 6914/7824, 99.5 task/s, elapsed: 69s, ETA:     9s[>>>>>>>>>>>>>>>>>>>>>>>    ] 6915/7824, 99.5 task/s, elapsed: 69s, ETA:     9s[>>>>>>>>>>>>>>>>>>>>>>>    ] 6916/7824, 99.5 task/s, elapsed: 70s, ETA:     9s[>>>>>>>>>>>>>>>>>>>>>>>    ] 6917/7824, 99.5 task/s, elapsed: 70s, ETA:     9s[>>>>>>>>>>>>>>>>>>>>>>>    ] 6918/7824, 99.5 task/s, elapsed: 70s, ETA:     9s[>>>>>>>>>>>>>>>>>>>>>>>    ] 6919/7824, 99.5 task/s, elapsed: 70s, ETA:     9s[>>>>>>>>>>>>>>>>>>>>>>>    ] 6920/7824, 99.5 task/s, elapsed: 70s, ETA:     9s[>>>>>>>>>>>>>>>>>>>>>>>    ] 6921/7824, 99.5 task/s, elapsed: 70s, ETA:     9s[>>>>>>>>>>>>>>>>>>>>>>>    ] 6922/7824, 99.5 task/s, elapsed: 70s, ETA:     9s[>>>>>>>>>>>>>>>>>>>>>>>    ] 6923/7824, 99.5 task/s, elapsed: 70s, ETA:     9s[>>>>>>>>>>>>>>>>>>>>>>>    ] 6924/7824, 99.5 task/s, elapsed: 70s, ETA:     9s[>>>>>>>>>>>>>>>>>>>>>>>    ] 6925/7824, 99.5 task/s, elapsed: 70s, ETA:     9s[>>>>>>>>>>>>>>>>>>>>>>>    ] 6926/7824, 99.5 task/s, elapsed: 70s, ETA:     9s[>>>>>>>>>>>>>>>>>>>>>>>    ] 6927/7824, 99.5 task/s, elapsed: 70s, ETA:     9s[>>>>>>>>>>>>>>>>>>>>>>>    ] 6928/7824, 99.5 task/s, elapsed: 70s, ETA:     9s[>>>>>>>>>>>>>>>>>>>>>>>    ] 6929/7824, 99.5 task/s, elapsed: 70s, ETA:     9s[>>>>>>>>>>>>>>>>>>>>>>>    ] 6930/7824, 99.5 task/s, elapsed: 70s, ETA:     9s[>>>>>>>>>>>>>>>>>>>>>>>    ] 6931/7824, 99.5 task/s, elapsed: 70s, ETA:     9s[>>>>>>>>>>>>>>>>>>>>>>>    ] 6932/7824, 99.5 task/s, elapsed: 70s, ETA:     9s[>>>>>>>>>>>>>>>>>>>>>>>    ] 6933/7824, 99.5 task/s, elapsed: 70s, ETA:     9s[>>>>>>>>>>>>>>>>>>>>>>>    ] 6934/7824, 99.5 task/s, elapsed: 70s, ETA:     9s[>>>>>>>>>>>>>>>>>>>>>>>    ] 6935/7824, 99.5 task/s, elapsed: 70s, ETA:     9s[>>>>>>>>>>>>>>>>>>>>>>>    ] 6936/7824, 99.5 task/s, elapsed: 70s, ETA:     9s[>>>>>>>>>>>>>>>>>>>>>>>    ] 6937/7824, 99.5 task/s, elapsed: 70s, ETA:     9s[>>>>>>>>>>>>>>>>>>>>>>>    ] 6938/7824, 99.5 task/s, elapsed: 70s, ETA:     9s[>>>>>>>>>>>>>>>>>>>>>>>    ] 6939/7824, 99.5 task/s, elapsed: 70s, ETA:     9s[>>>>>>>>>>>>>>>>>>>>>>>    ] 6940/7824, 99.5 task/s, elapsed: 70s, ETA:     9s[>>>>>>>>>>>>>>>>>>>>>>>    ] 6941/7824, 99.5 task/s, elapsed: 70s, ETA:     9s[>>>>>>>>>>>>>>>>>>>>>>>    ] 6942/7824, 99.5 task/s, elapsed: 70s, ETA:     9s[>>>>>>>>>>>>>>>>>>>>>>>    ] 6943/7824, 99.5 task/s, elapsed: 70s, ETA:     9s[>>>>>>>>>>>>>>>>>>>>>>>    ] 6944/7824, 99.5 task/s, elapsed: 70s, ETA:     9s[>>>>>>>>>>>>>>>>>>>>>>>    ] 6945/7824, 99.5 task/s, elapsed: 70s, ETA:     9s[>>>>>>>>>>>>>>>>>>>>>>>    ] 6946/7824, 99.5 task/s, elapsed: 70s, ETA:     9s[>>>>>>>>>>>>>>>>>>>>>>>    ] 6947/7824, 99.5 task/s, elapsed: 70s, ETA:     9s[>>>>>>>>>>>>>>>>>>>>>>>    ] 6948/7824, 99.5 task/s, elapsed: 70s, ETA:     9s[>>>>>>>>>>>>>>>>>>>>>>>    ] 6949/7824, 99.5 task/s, elapsed: 70s, ETA:     9s[>>>>>>>>>>>>>>>>>>>>>>>    ] 6950/7824, 99.5 task/s, elapsed: 70s, ETA:     9s[>>>>>>>>>>>>>>>>>>>>>>>    ] 6951/7824, 99.6 task/s, elapsed: 70s, ETA:     9s[>>>>>>>>>>>>>>>>>>>>>>>    ] 6952/7824, 99.6 task/s, elapsed: 70s, ETA:     9s[>>>>>>>>>>>>>>>>>>>>>>>    ] 6953/7824, 99.6 task/s, elapsed: 70s, ETA:     9s[>>>>>>>>>>>>>>>>>>>>>>>    ] 6954/7824, 99.6 task/s, elapsed: 70s, ETA:     9s[>>>>>>>>>>>>>>>>>>>>>>>>   ] 6955/7824, 99.6 task/s, elapsed: 70s, ETA:     9s[>>>>>>>>>>>>>>>>>>>>>>>>   ] 6956/7824, 99.6 task/s, elapsed: 70s, ETA:     9s[>>>>>>>>>>>>>>>>>>>>>>>>   ] 6957/7824, 99.6 task/s, elapsed: 70s, ETA:     9s[>>>>>>>>>>>>>>>>>>>>>>>>   ] 6958/7824, 99.6 task/s, elapsed: 70s, ETA:     9s[>>>>>>>>>>>>>>>>>>>>>>>>   ] 6959/7824, 99.6 task/s, elapsed: 70s, ETA:     9s[>>>>>>>>>>>>>>>>>>>>>>>>   ] 6960/7824, 99.6 task/s, elapsed: 70s, ETA:     9s[>>>>>>>>>>>>>>>>>>>>>>>>   ] 6961/7824, 99.6 task/s, elapsed: 70s, ETA:     9s[>>>>>>>>>>>>>>>>>>>>>>>>   ] 6962/7824, 99.6 task/s, elapsed: 70s, ETA:     9s[>>>>>>>>>>>>>>>>>>>>>>>>   ] 6963/7824, 99.6 task/s, elapsed: 70s, ETA:     9s[>>>>>>>>>>>>>>>>>>>>>>>>   ] 6964/7824, 99.6 task/s, elapsed: 70s, ETA:     9s[>>>>>>>>>>>>>>>>>>>>>>>>   ] 6965/7824, 99.6 task/s, elapsed: 70s, ETA:     9s[>>>>>>>>>>>>>>>>>>>>>>>>   ] 6966/7824, 99.6 task/s, elapsed: 70s, ETA:     9s[>>>>>>>>>>>>>>>>>>>>>>>>   ] 6967/7824, 99.6 task/s, elapsed: 70s, ETA:     9s[>>>>>>>>>>>>>>>>>>>>>>>>   ] 6968/7824, 99.6 task/s, elapsed: 70s, ETA:     9s[>>>>>>>>>>>>>>>>>>>>>>>>   ] 6969/7824, 99.6 task/s, elapsed: 70s, ETA:     9s[>>>>>>>>>>>>>>>>>>>>>>>>   ] 6970/7824, 99.6 task/s, elapsed: 70s, ETA:     9s[>>>>>>>>>>>>>>>>>>>>>>>>   ] 6971/7824, 99.6 task/s, elapsed: 70s, ETA:     9s[>>>>>>>>>>>>>>>>>>>>>>>>   ] 6972/7824, 99.6 task/s, elapsed: 70s, ETA:     9s[>>>>>>>>>>>>>>>>>>>>>>>>   ] 6973/7824, 99.6 task/s, elapsed: 70s, ETA:     9s[>>>>>>>>>>>>>>>>>>>>>>>>   ] 6974/7824, 99.6 task/s, elapsed: 70s, ETA:     9s[>>>>>>>>>>>>>>>>>>>>>>>>   ] 6975/7824, 99.6 task/s, elapsed: 70s, ETA:     9s[>>>>>>>>>>>>>>>>>>>>>>>>   ] 6976/7824, 99.6 task/s, elapsed: 70s, ETA:     9s[>>>>>>>>>>>>>>>>>>>>>>>>   ] 6977/7824, 99.6 task/s, elapsed: 70s, ETA:     9s[>>>>>>>>>>>>>>>>>>>>>>>>   ] 6978/7824, 99.6 task/s, elapsed: 70s, ETA:     8s[>>>>>>>>>>>>>>>>>>>>>>>>   ] 6979/7824, 99.6 task/s, elapsed: 70s, ETA:     8s[>>>>>>>>>>>>>>>>>>>>>>>>   ] 6980/7824, 99.6 task/s, elapsed: 70s, ETA:     8s[>>>>>>>>>>>>>>>>>>>>>>>>   ] 6981/7824, 99.6 task/s, elapsed: 70s, ETA:     8s[>>>>>>>>>>>>>>>>>>>>>>>>   ] 6982/7824, 99.6 task/s, elapsed: 70s, ETA:     8s[>>>>>>>>>>>>>>>>>>>>>>>>   ] 6983/7824, 99.6 task/s, elapsed: 70s, ETA:     8s[>>>>>>>>>>>>>>>>>>>>>>>>   ] 6984/7824, 99.6 task/s, elapsed: 70s, ETA:     8s[>>>>>>>>>>>>>>>>>>>>>>>>   ] 6985/7824, 99.6 task/s, elapsed: 70s, ETA:     8s[>>>>>>>>>>>>>>>>>>>>>>>>   ] 6986/7824, 99.6 task/s, elapsed: 70s, ETA:     8s[>>>>>>>>>>>>>>>>>>>>>>>>   ] 6987/7824, 99.6 task/s, elapsed: 70s, ETA:     8s[>>>>>>>>>>>>>>>>>>>>>>>>   ] 6988/7824, 99.6 task/s, elapsed: 70s, ETA:     8s[>>>>>>>>>>>>>>>>>>>>>>>>   ] 6989/7824, 99.6 task/s, elapsed: 70s, ETA:     8s[>>>>>>>>>>>>>>>>>>>>>>>>   ] 6990/7824, 99.6 task/s, elapsed: 70s, ETA:     8s[>>>>>>>>>>>>>>>>>>>>>>>>   ] 6991/7824, 99.6 task/s, elapsed: 70s, ETA:     8s[>>>>>>>>>>>>>>>>>>>>>>>>   ] 6992/7824, 99.6 task/s, elapsed: 70s, ETA:     8s[>>>>>>>>>>>>>>>>>>>>>>>>   ] 6993/7824, 99.6 task/s, elapsed: 70s, ETA:     8s[>>>>>>>>>>>>>>>>>>>>>>>>   ] 6994/7824, 99.6 task/s, elapsed: 70s, ETA:     8s[>>>>>>>>>>>>>>>>>>>>>>>>   ] 6995/7824, 99.6 task/s, elapsed: 70s, ETA:     8s[>>>>>>>>>>>>>>>>>>>>>>>>   ] 6996/7824, 99.6 task/s, elapsed: 70s, ETA:     8s[>>>>>>>>>>>>>>>>>>>>>>>>   ] 6997/7824, 99.6 task/s, elapsed: 70s, ETA:     8s[>>>>>>>>>>>>>>>>>>>>>>>>   ] 6998/7824, 99.6 task/s, elapsed: 70s, ETA:     8s[>>>>>>>>>>>>>>>>>>>>>>>>   ] 6999/7824, 99.6 task/s, elapsed: 70s, ETA:     8s[>>>>>>>>>>>>>>>>>>>>>>>>   ] 7000/7824, 99.6 task/s, elapsed: 70s, ETA:     8s[>>>>>>>>>>>>>>>>>>>>>>>>   ] 7001/7824, 99.6 task/s, elapsed: 70s, ETA:     8s[>>>>>>>>>>>>>>>>>>>>>>>>   ] 7002/7824, 99.6 task/s, elapsed: 70s, ETA:     8s[>>>>>>>>>>>>>>>>>>>>>>>>   ] 7003/7824, 99.6 task/s, elapsed: 70s, ETA:     8s[>>>>>>>>>>>>>>>>>>>>>>>>   ] 7004/7824, 99.6 task/s, elapsed: 70s, ETA:     8s[>>>>>>>>>>>>>>>>>>>>>>>>   ] 7005/7824, 99.6 task/s, elapsed: 70s, ETA:     8s[>>>>>>>>>>>>>>>>>>>>>>>>   ] 7006/7824, 99.6 task/s, elapsed: 70s, ETA:     8s[>>>>>>>>>>>>>>>>>>>>>>>>   ] 7007/7824, 99.6 task/s, elapsed: 70s, ETA:     8s[>>>>>>>>>>>>>>>>>>>>>>>>   ] 7008/7824, 99.7 task/s, elapsed: 70s, ETA:     8s[>>>>>>>>>>>>>>>>>>>>>>>>   ] 7009/7824, 99.7 task/s, elapsed: 70s, ETA:     8s[>>>>>>>>>>>>>>>>>>>>>>>>   ] 7010/7824, 99.7 task/s, elapsed: 70s, ETA:     8s[>>>>>>>>>>>>>>>>>>>>>>>>   ] 7011/7824, 99.7 task/s, elapsed: 70s, ETA:     8s[>>>>>>>>>>>>>>>>>>>>>>>>   ] 7012/7824, 99.7 task/s, elapsed: 70s, ETA:     8s[>>>>>>>>>>>>>>>>>>>>>>>>   ] 7013/7824, 99.7 task/s, elapsed: 70s, ETA:     8s[>>>>>>>>>>>>>>>>>>>>>>>>   ] 7014/7824, 99.7 task/s, elapsed: 70s, ETA:     8s[>>>>>>>>>>>>>>>>>>>>>>>>   ] 7015/7824, 99.7 task/s, elapsed: 70s, ETA:     8s[>>>>>>>>>>>>>>>>>>>>>>>>   ] 7016/7824, 99.7 task/s, elapsed: 70s, ETA:     8s[>>>>>>>>>>>>>>>>>>>>>>>>   ] 7017/7824, 99.7 task/s, elapsed: 70s, ETA:     8s[>>>>>>>>>>>>>>>>>>>>>>>>   ] 7018/7824, 99.7 task/s, elapsed: 70s, ETA:     8s[>>>>>>>>>>>>>>>>>>>>>>>>   ] 7019/7824, 99.7 task/s, elapsed: 70s, ETA:     8s[>>>>>>>>>>>>>>>>>>>>>>>>   ] 7020/7824, 99.7 task/s, elapsed: 70s, ETA:     8s[>>>>>>>>>>>>>>>>>>>>>>>>   ] 7021/7824, 99.7 task/s, elapsed: 70s, ETA:     8s[>>>>>>>>>>>>>>>>>>>>>>>>   ] 7022/7824, 99.7 task/s, elapsed: 70s, ETA:     8s[>>>>>>>>>>>>>>>>>>>>>>>>   ] 7023/7824, 99.7 task/s, elapsed: 70s, ETA:     8s[>>>>>>>>>>>>>>>>>>>>>>>>   ] 7024/7824, 99.7 task/s, elapsed: 70s, ETA:     8s[>>>>>>>>>>>>>>>>>>>>>>>>   ] 7025/7824, 99.7 task/s, elapsed: 70s, ETA:     8s[>>>>>>>>>>>>>>>>>>>>>>>>   ] 7026/7824, 99.7 task/s, elapsed: 70s, ETA:     8s[>>>>>>>>>>>>>>>>>>>>>>>>   ] 7027/7824, 99.7 task/s, elapsed: 70s, ETA:     8s[>>>>>>>>>>>>>>>>>>>>>>>>   ] 7028/7824, 99.7 task/s, elapsed: 71s, ETA:     8s[>>>>>>>>>>>>>>>>>>>>>>>>   ] 7029/7824, 99.7 task/s, elapsed: 71s, ETA:     8s[>>>>>>>>>>>>>>>>>>>>>>>>   ] 7030/7824, 99.7 task/s, elapsed: 71s, ETA:     8s[>>>>>>>>>>>>>>>>>>>>>>>>   ] 7031/7824, 99.7 task/s, elapsed: 71s, ETA:     8s[>>>>>>>>>>>>>>>>>>>>>>>>   ] 7032/7824, 99.7 task/s, elapsed: 71s, ETA:     8s[>>>>>>>>>>>>>>>>>>>>>>>>   ] 7033/7824, 99.7 task/s, elapsed: 71s, ETA:     8s[>>>>>>>>>>>>>>>>>>>>>>>>   ] 7034/7824, 99.7 task/s, elapsed: 71s, ETA:     8s[>>>>>>>>>>>>>>>>>>>>>>>>   ] 7035/7824, 99.7 task/s, elapsed: 71s, ETA:     8s[>>>>>>>>>>>>>>>>>>>>>>>>   ] 7036/7824, 99.7 task/s, elapsed: 71s, ETA:     8s[>>>>>>>>>>>>>>>>>>>>>>>>   ] 7037/7824, 99.7 task/s, elapsed: 71s, ETA:     8s[>>>>>>>>>>>>>>>>>>>>>>>>   ] 7038/7824, 99.7 task/s, elapsed: 71s, ETA:     8s[>>>>>>>>>>>>>>>>>>>>>>>>   ] 7039/7824, 99.7 task/s, elapsed: 71s, ETA:     8s[>>>>>>>>>>>>>>>>>>>>>>>>   ] 7040/7824, 99.7 task/s, elapsed: 71s, ETA:     8s[>>>>>>>>>>>>>>>>>>>>>>>>   ] 7041/7824, 99.7 task/s, elapsed: 71s, ETA:     8s[>>>>>>>>>>>>>>>>>>>>>>>>   ] 7042/7824, 99.7 task/s, elapsed: 71s, ETA:     8s[>>>>>>>>>>>>>>>>>>>>>>>>   ] 7043/7824, 99.7 task/s, elapsed: 71s, ETA:     8s[>>>>>>>>>>>>>>>>>>>>>>>>   ] 7044/7824, 99.7 task/s, elapsed: 71s, ETA:     8s[>>>>>>>>>>>>>>>>>>>>>>>>   ] 7045/7824, 99.7 task/s, elapsed: 71s, ETA:     8s[>>>>>>>>>>>>>>>>>>>>>>>>   ] 7046/7824, 99.7 task/s, elapsed: 71s, ETA:     8s[>>>>>>>>>>>>>>>>>>>>>>>>   ] 7047/7824, 99.7 task/s, elapsed: 71s, ETA:     8s[>>>>>>>>>>>>>>>>>>>>>>>>   ] 7048/7824, 99.7 task/s, elapsed: 71s, ETA:     8s[>>>>>>>>>>>>>>>>>>>>>>>>   ] 7049/7824, 99.7 task/s, elapsed: 71s, ETA:     8s[>>>>>>>>>>>>>>>>>>>>>>>>   ] 7050/7824, 99.7 task/s, elapsed: 71s, ETA:     8s[>>>>>>>>>>>>>>>>>>>>>>>>   ] 7051/7824, 99.7 task/s, elapsed: 71s, ETA:     8s[>>>>>>>>>>>>>>>>>>>>>>>>   ] 7052/7824, 99.7 task/s, elapsed: 71s, ETA:     8s[>>>>>>>>>>>>>>>>>>>>>>>>   ] 7053/7824, 99.7 task/s, elapsed: 71s, ETA:     8s[>>>>>>>>>>>>>>>>>>>>>>>>   ] 7054/7824, 99.7 task/s, elapsed: 71s, ETA:     8s[>>>>>>>>>>>>>>>>>>>>>>>>   ] 7055/7824, 99.7 task/s, elapsed: 71s, ETA:     8s[>>>>>>>>>>>>>>>>>>>>>>>>   ] 7056/7824, 99.7 task/s, elapsed: 71s, ETA:     8s[>>>>>>>>>>>>>>>>>>>>>>>>   ] 7057/7824, 99.7 task/s, elapsed: 71s, ETA:     8s[>>>>>>>>>>>>>>>>>>>>>>>>   ] 7058/7824, 99.7 task/s, elapsed: 71s, ETA:     8s[>>>>>>>>>>>>>>>>>>>>>>>>   ] 7059/7824, 99.7 task/s, elapsed: 71s, ETA:     8s[>>>>>>>>>>>>>>>>>>>>>>>>   ] 7060/7824, 99.7 task/s, elapsed: 71s, ETA:     8s[>>>>>>>>>>>>>>>>>>>>>>>>   ] 7061/7824, 99.7 task/s, elapsed: 71s, ETA:     8s[>>>>>>>>>>>>>>>>>>>>>>>>   ] 7062/7824, 99.7 task/s, elapsed: 71s, ETA:     8s[>>>>>>>>>>>>>>>>>>>>>>>>   ] 7063/7824, 99.7 task/s, elapsed: 71s, ETA:     8s[>>>>>>>>>>>>>>>>>>>>>>>>   ] 7064/7824, 99.7 task/s, elapsed: 71s, ETA:     8s[>>>>>>>>>>>>>>>>>>>>>>>>   ] 7065/7824, 99.7 task/s, elapsed: 71s, ETA:     8s[>>>>>>>>>>>>>>>>>>>>>>>>   ] 7066/7824, 99.7 task/s, elapsed: 71s, ETA:     8s[>>>>>>>>>>>>>>>>>>>>>>>>   ] 7067/7824, 99.7 task/s, elapsed: 71s, ETA:     8s[>>>>>>>>>>>>>>>>>>>>>>>>   ] 7068/7824, 99.7 task/s, elapsed: 71s, ETA:     8s[>>>>>>>>>>>>>>>>>>>>>>>>   ] 7069/7824, 99.7 task/s, elapsed: 71s, ETA:     8s[>>>>>>>>>>>>>>>>>>>>>>>>   ] 7070/7824, 99.7 task/s, elapsed: 71s, ETA:     8s[>>>>>>>>>>>>>>>>>>>>>>>>   ] 7071/7824, 99.7 task/s, elapsed: 71s, ETA:     8s[>>>>>>>>>>>>>>>>>>>>>>>>   ] 7072/7824, 99.7 task/s, elapsed: 71s, ETA:     8s[>>>>>>>>>>>>>>>>>>>>>>>>   ] 7073/7824, 99.7 task/s, elapsed: 71s, ETA:     8s[>>>>>>>>>>>>>>>>>>>>>>>>   ] 7074/7824, 99.7 task/s, elapsed: 71s, ETA:     8s[>>>>>>>>>>>>>>>>>>>>>>>>   ] 7075/7824, 99.7 task/s, elapsed: 71s, ETA:     8s[>>>>>>>>>>>>>>>>>>>>>>>>   ] 7076/7824, 99.7 task/s, elapsed: 71s, ETA:     7s[>>>>>>>>>>>>>>>>>>>>>>>>   ] 7077/7824, 99.7 task/s, elapsed: 71s, ETA:     7s[>>>>>>>>>>>>>>>>>>>>>>>>   ] 7078/7824, 99.7 task/s, elapsed: 71s, ETA:     7s[>>>>>>>>>>>>>>>>>>>>>>>>   ] 7079/7824, 99.7 task/s, elapsed: 71s, ETA:     7s[>>>>>>>>>>>>>>>>>>>>>>>>   ] 7080/7824, 99.8 task/s, elapsed: 71s, ETA:     7s[>>>>>>>>>>>>>>>>>>>>>>>>   ] 7081/7824, 99.8 task/s, elapsed: 71s, ETA:     7s[>>>>>>>>>>>>>>>>>>>>>>>>   ] 7082/7824, 99.8 task/s, elapsed: 71s, ETA:     7s[>>>>>>>>>>>>>>>>>>>>>>>>   ] 7083/7824, 99.8 task/s, elapsed: 71s, ETA:     7s[>>>>>>>>>>>>>>>>>>>>>>>>   ] 7084/7824, 99.8 task/s, elapsed: 71s, ETA:     7s[>>>>>>>>>>>>>>>>>>>>>>>>   ] 7085/7824, 99.8 task/s, elapsed: 71s, ETA:     7s[>>>>>>>>>>>>>>>>>>>>>>>>   ] 7086/7824, 99.8 task/s, elapsed: 71s, ETA:     7s[>>>>>>>>>>>>>>>>>>>>>>>>   ] 7087/7824, 99.8 task/s, elapsed: 71s, ETA:     7s[>>>>>>>>>>>>>>>>>>>>>>>>   ] 7088/7824, 99.8 task/s, elapsed: 71s, ETA:     7s[>>>>>>>>>>>>>>>>>>>>>>>>   ] 7089/7824, 99.8 task/s, elapsed: 71s, ETA:     7s[>>>>>>>>>>>>>>>>>>>>>>>>   ] 7090/7824, 99.8 task/s, elapsed: 71s, ETA:     7s[>>>>>>>>>>>>>>>>>>>>>>>>   ] 7091/7824, 99.8 task/s, elapsed: 71s, ETA:     7s[>>>>>>>>>>>>>>>>>>>>>>>>   ] 7092/7824, 99.8 task/s, elapsed: 71s, ETA:     7s[>>>>>>>>>>>>>>>>>>>>>>>>   ] 7093/7824, 99.8 task/s, elapsed: 71s, ETA:     7s[>>>>>>>>>>>>>>>>>>>>>>>>   ] 7094/7824, 99.8 task/s, elapsed: 71s, ETA:     7s[>>>>>>>>>>>>>>>>>>>>>>>>   ] 7095/7824, 99.8 task/s, elapsed: 71s, ETA:     7s[>>>>>>>>>>>>>>>>>>>>>>>>   ] 7096/7824, 99.8 task/s, elapsed: 71s, ETA:     7s[>>>>>>>>>>>>>>>>>>>>>>>>   ] 7097/7824, 99.8 task/s, elapsed: 71s, ETA:     7s[>>>>>>>>>>>>>>>>>>>>>>>>   ] 7098/7824, 99.8 task/s, elapsed: 71s, ETA:     7s[>>>>>>>>>>>>>>>>>>>>>>>>   ] 7099/7824, 99.8 task/s, elapsed: 71s, ETA:     7s[>>>>>>>>>>>>>>>>>>>>>>>>   ] 7100/7824, 99.8 task/s, elapsed: 71s, ETA:     7s[>>>>>>>>>>>>>>>>>>>>>>>>   ] 7101/7824, 99.8 task/s, elapsed: 71s, ETA:     7s[>>>>>>>>>>>>>>>>>>>>>>>>   ] 7102/7824, 99.8 task/s, elapsed: 71s, ETA:     7s[>>>>>>>>>>>>>>>>>>>>>>>>   ] 7103/7824, 99.8 task/s, elapsed: 71s, ETA:     7s[>>>>>>>>>>>>>>>>>>>>>>>>   ] 7104/7824, 99.8 task/s, elapsed: 71s, ETA:     7s[>>>>>>>>>>>>>>>>>>>>>>>>   ] 7105/7824, 99.8 task/s, elapsed: 71s, ETA:     7s[>>>>>>>>>>>>>>>>>>>>>>>>   ] 7106/7824, 99.8 task/s, elapsed: 71s, ETA:     7s[>>>>>>>>>>>>>>>>>>>>>>>>   ] 7107/7824, 99.8 task/s, elapsed: 71s, ETA:     7s[>>>>>>>>>>>>>>>>>>>>>>>>   ] 7108/7824, 99.8 task/s, elapsed: 71s, ETA:     7s[>>>>>>>>>>>>>>>>>>>>>>>>   ] 7109/7824, 99.8 task/s, elapsed: 71s, ETA:     7s[>>>>>>>>>>>>>>>>>>>>>>>>   ] 7110/7824, 99.8 task/s, elapsed: 71s, ETA:     7s[>>>>>>>>>>>>>>>>>>>>>>>>   ] 7111/7824, 99.8 task/s, elapsed: 71s, ETA:     7s[>>>>>>>>>>>>>>>>>>>>>>>>   ] 7112/7824, 99.8 task/s, elapsed: 71s, ETA:     7s[>>>>>>>>>>>>>>>>>>>>>>>>   ] 7113/7824, 99.8 task/s, elapsed: 71s, ETA:     7s[>>>>>>>>>>>>>>>>>>>>>>>>   ] 7114/7824, 99.8 task/s, elapsed: 71s, ETA:     7s[>>>>>>>>>>>>>>>>>>>>>>>>   ] 7115/7824, 99.8 task/s, elapsed: 71s, ETA:     7s[>>>>>>>>>>>>>>>>>>>>>>>>   ] 7116/7824, 99.8 task/s, elapsed: 71s, ETA:     7s[>>>>>>>>>>>>>>>>>>>>>>>>   ] 7117/7824, 99.8 task/s, elapsed: 71s, ETA:     7s[>>>>>>>>>>>>>>>>>>>>>>>>   ] 7118/7824, 99.8 task/s, elapsed: 71s, ETA:     7s[>>>>>>>>>>>>>>>>>>>>>>>>   ] 7119/7824, 99.8 task/s, elapsed: 71s, ETA:     7s[>>>>>>>>>>>>>>>>>>>>>>>>   ] 7120/7824, 99.8 task/s, elapsed: 71s, ETA:     7s[>>>>>>>>>>>>>>>>>>>>>>>>   ] 7121/7824, 99.8 task/s, elapsed: 71s, ETA:     7s[>>>>>>>>>>>>>>>>>>>>>>>>   ] 7122/7824, 99.8 task/s, elapsed: 71s, ETA:     7s[>>>>>>>>>>>>>>>>>>>>>>>>   ] 7123/7824, 99.8 task/s, elapsed: 71s, ETA:     7s[>>>>>>>>>>>>>>>>>>>>>>>>   ] 7124/7824, 99.8 task/s, elapsed: 71s, ETA:     7s[>>>>>>>>>>>>>>>>>>>>>>>>   ] 7125/7824, 99.8 task/s, elapsed: 71s, ETA:     7s[>>>>>>>>>>>>>>>>>>>>>>>>   ] 7126/7824, 99.8 task/s, elapsed: 71s, ETA:     7s[>>>>>>>>>>>>>>>>>>>>>>>>   ] 7127/7824, 99.8 task/s, elapsed: 71s, ETA:     7s[>>>>>>>>>>>>>>>>>>>>>>>>   ] 7128/7824, 99.8 task/s, elapsed: 71s, ETA:     7s[>>>>>>>>>>>>>>>>>>>>>>>>   ] 7129/7824, 99.8 task/s, elapsed: 71s, ETA:     7s[>>>>>>>>>>>>>>>>>>>>>>>>   ] 7130/7824, 99.8 task/s, elapsed: 71s, ETA:     7s[>>>>>>>>>>>>>>>>>>>>>>>>   ] 7131/7824, 99.8 task/s, elapsed: 71s, ETA:     7s[>>>>>>>>>>>>>>>>>>>>>>>>   ] 7132/7824, 99.8 task/s, elapsed: 71s, ETA:     7s[>>>>>>>>>>>>>>>>>>>>>>>>   ] 7133/7824, 99.8 task/s, elapsed: 71s, ETA:     7s[>>>>>>>>>>>>>>>>>>>>>>>>   ] 7134/7824, 99.8 task/s, elapsed: 71s, ETA:     7s[>>>>>>>>>>>>>>>>>>>>>>>>   ] 7135/7824, 99.8 task/s, elapsed: 71s, ETA:     7s[>>>>>>>>>>>>>>>>>>>>>>>>   ] 7136/7824, 99.8 task/s, elapsed: 71s, ETA:     7s[>>>>>>>>>>>>>>>>>>>>>>>>   ] 7137/7824, 99.8 task/s, elapsed: 71s, ETA:     7s[>>>>>>>>>>>>>>>>>>>>>>>>   ] 7138/7824, 99.8 task/s, elapsed: 71s, ETA:     7s[>>>>>>>>>>>>>>>>>>>>>>>>   ] 7139/7824, 99.8 task/s, elapsed: 72s, ETA:     7s[>>>>>>>>>>>>>>>>>>>>>>>>   ] 7140/7824, 99.8 task/s, elapsed: 72s, ETA:     7s[>>>>>>>>>>>>>>>>>>>>>>>>   ] 7141/7824, 99.8 task/s, elapsed: 72s, ETA:     7s[>>>>>>>>>>>>>>>>>>>>>>>>   ] 7142/7824, 99.8 task/s, elapsed: 72s, ETA:     7s[>>>>>>>>>>>>>>>>>>>>>>>>   ] 7143/7824, 99.8 task/s, elapsed: 72s, ETA:     7s[>>>>>>>>>>>>>>>>>>>>>>>>   ] 7144/7824, 99.8 task/s, elapsed: 72s, ETA:     7s[>>>>>>>>>>>>>>>>>>>>>>>>   ] 7145/7824, 99.9 task/s, elapsed: 72s, ETA:     7s[>>>>>>>>>>>>>>>>>>>>>>>>   ] 7146/7824, 99.9 task/s, elapsed: 72s, ETA:     7s[>>>>>>>>>>>>>>>>>>>>>>>>   ] 7147/7824, 99.9 task/s, elapsed: 72s, ETA:     7s[>>>>>>>>>>>>>>>>>>>>>>>>   ] 7148/7824, 99.9 task/s, elapsed: 72s, ETA:     7s[>>>>>>>>>>>>>>>>>>>>>>>>   ] 7149/7824, 99.9 task/s, elapsed: 72s, ETA:     7s[>>>>>>>>>>>>>>>>>>>>>>>>   ] 7150/7824, 99.9 task/s, elapsed: 72s, ETA:     7s[>>>>>>>>>>>>>>>>>>>>>>>>   ] 7151/7824, 99.9 task/s, elapsed: 72s, ETA:     7s[>>>>>>>>>>>>>>>>>>>>>>>>   ] 7152/7824, 99.9 task/s, elapsed: 72s, ETA:     7s[>>>>>>>>>>>>>>>>>>>>>>>>   ] 7153/7824, 99.9 task/s, elapsed: 72s, ETA:     7s[>>>>>>>>>>>>>>>>>>>>>>>>   ] 7154/7824, 99.9 task/s, elapsed: 72s, ETA:     7s[>>>>>>>>>>>>>>>>>>>>>>>>   ] 7155/7824, 99.9 task/s, elapsed: 72s, ETA:     7s[>>>>>>>>>>>>>>>>>>>>>>>>   ] 7156/7824, 99.9 task/s, elapsed: 72s, ETA:     7s[>>>>>>>>>>>>>>>>>>>>>>>>   ] 7157/7824, 99.9 task/s, elapsed: 72s, ETA:     7s[>>>>>>>>>>>>>>>>>>>>>>>>   ] 7158/7824, 99.9 task/s, elapsed: 72s, ETA:     7s[>>>>>>>>>>>>>>>>>>>>>>>>   ] 7159/7824, 99.9 task/s, elapsed: 72s, ETA:     7s[>>>>>>>>>>>>>>>>>>>>>>>>   ] 7160/7824, 99.9 task/s, elapsed: 72s, ETA:     7s[>>>>>>>>>>>>>>>>>>>>>>>>   ] 7161/7824, 99.9 task/s, elapsed: 72s, ETA:     7s[>>>>>>>>>>>>>>>>>>>>>>>>   ] 7162/7824, 99.9 task/s, elapsed: 72s, ETA:     7s[>>>>>>>>>>>>>>>>>>>>>>>>   ] 7163/7824, 99.9 task/s, elapsed: 72s, ETA:     7s[>>>>>>>>>>>>>>>>>>>>>>>>   ] 7164/7824, 99.9 task/s, elapsed: 72s, ETA:     7s[>>>>>>>>>>>>>>>>>>>>>>>>   ] 7165/7824, 99.9 task/s, elapsed: 72s, ETA:     7s[>>>>>>>>>>>>>>>>>>>>>>>>   ] 7166/7824, 99.9 task/s, elapsed: 72s, ETA:     7s[>>>>>>>>>>>>>>>>>>>>>>>>   ] 7167/7824, 99.9 task/s, elapsed: 72s, ETA:     7s[>>>>>>>>>>>>>>>>>>>>>>>>   ] 7168/7824, 99.9 task/s, elapsed: 72s, ETA:     7s[>>>>>>>>>>>>>>>>>>>>>>>>   ] 7169/7824, 99.9 task/s, elapsed: 72s, ETA:     7s[>>>>>>>>>>>>>>>>>>>>>>>>   ] 7170/7824, 99.9 task/s, elapsed: 72s, ETA:     7s[>>>>>>>>>>>>>>>>>>>>>>>>   ] 7171/7824, 99.9 task/s, elapsed: 72s, ETA:     7s[>>>>>>>>>>>>>>>>>>>>>>>>   ] 7172/7824, 99.9 task/s, elapsed: 72s, ETA:     7s[>>>>>>>>>>>>>>>>>>>>>>>>   ] 7173/7824, 99.9 task/s, elapsed: 72s, ETA:     7s[>>>>>>>>>>>>>>>>>>>>>>>>   ] 7174/7824, 99.9 task/s, elapsed: 72s, ETA:     7s[>>>>>>>>>>>>>>>>>>>>>>>>   ] 7175/7824, 99.9 task/s, elapsed: 72s, ETA:     6s[>>>>>>>>>>>>>>>>>>>>>>>>   ] 7176/7824, 99.9 task/s, elapsed: 72s, ETA:     6s[>>>>>>>>>>>>>>>>>>>>>>>>   ] 7177/7824, 99.9 task/s, elapsed: 72s, ETA:     6s[>>>>>>>>>>>>>>>>>>>>>>>>   ] 7178/7824, 99.9 task/s, elapsed: 72s, ETA:     6s[>>>>>>>>>>>>>>>>>>>>>>>>   ] 7179/7824, 99.9 task/s, elapsed: 72s, ETA:     6s[>>>>>>>>>>>>>>>>>>>>>>>>   ] 7180/7824, 99.9 task/s, elapsed: 72s, ETA:     6s[>>>>>>>>>>>>>>>>>>>>>>>>   ] 7181/7824, 99.9 task/s, elapsed: 72s, ETA:     6s[>>>>>>>>>>>>>>>>>>>>>>>>   ] 7182/7824, 99.9 task/s, elapsed: 72s, ETA:     6s[>>>>>>>>>>>>>>>>>>>>>>>>   ] 7183/7824, 99.9 task/s, elapsed: 72s, ETA:     6s[>>>>>>>>>>>>>>>>>>>>>>>>   ] 7184/7824, 99.9 task/s, elapsed: 72s, ETA:     6s[>>>>>>>>>>>>>>>>>>>>>>>>   ] 7185/7824, 99.9 task/s, elapsed: 72s, ETA:     6s[>>>>>>>>>>>>>>>>>>>>>>>>   ] 7186/7824, 99.9 task/s, elapsed: 72s, ETA:     6s[>>>>>>>>>>>>>>>>>>>>>>>>   ] 7187/7824, 99.9 task/s, elapsed: 72s, ETA:     6s[>>>>>>>>>>>>>>>>>>>>>>>>   ] 7188/7824, 99.9 task/s, elapsed: 72s, ETA:     6s[>>>>>>>>>>>>>>>>>>>>>>>>   ] 7189/7824, 99.9 task/s, elapsed: 72s, ETA:     6s[>>>>>>>>>>>>>>>>>>>>>>>>   ] 7190/7824, 99.9 task/s, elapsed: 72s, ETA:     6s[>>>>>>>>>>>>>>>>>>>>>>>>   ] 7191/7824, 99.9 task/s, elapsed: 72s, ETA:     6s[>>>>>>>>>>>>>>>>>>>>>>>>   ] 7192/7824, 99.9 task/s, elapsed: 72s, ETA:     6s[>>>>>>>>>>>>>>>>>>>>>>>>   ] 7193/7824, 99.9 task/s, elapsed: 72s, ETA:     6s[>>>>>>>>>>>>>>>>>>>>>>>>   ] 7194/7824, 99.9 task/s, elapsed: 72s, ETA:     6s[>>>>>>>>>>>>>>>>>>>>>>>>   ] 7195/7824, 99.9 task/s, elapsed: 72s, ETA:     6s[>>>>>>>>>>>>>>>>>>>>>>>>   ] 7196/7824, 99.9 task/s, elapsed: 72s, ETA:     6s[>>>>>>>>>>>>>>>>>>>>>>>>   ] 7197/7824, 99.9 task/s, elapsed: 72s, ETA:     6s[>>>>>>>>>>>>>>>>>>>>>>>>   ] 7198/7824, 99.9 task/s, elapsed: 72s, ETA:     6s[>>>>>>>>>>>>>>>>>>>>>>>>   ] 7199/7824, 99.9 task/s, elapsed: 72s, ETA:     6s[>>>>>>>>>>>>>>>>>>>>>>>>   ] 7200/7824, 99.9 task/s, elapsed: 72s, ETA:     6s[>>>>>>>>>>>>>>>>>>>>>>>>   ] 7201/7824, 99.9 task/s, elapsed: 72s, ETA:     6s[>>>>>>>>>>>>>>>>>>>>>>>>   ] 7202/7824, 99.9 task/s, elapsed: 72s, ETA:     6s[>>>>>>>>>>>>>>>>>>>>>>>>   ] 7203/7824, 99.9 task/s, elapsed: 72s, ETA:     6s[>>>>>>>>>>>>>>>>>>>>>>>>   ] 7204/7824, 99.9 task/s, elapsed: 72s, ETA:     6s[>>>>>>>>>>>>>>>>>>>>>>>>   ] 7205/7824, 99.9 task/s, elapsed: 72s, ETA:     6s[>>>>>>>>>>>>>>>>>>>>>>>>   ] 7206/7824, 99.9 task/s, elapsed: 72s, ETA:     6s[>>>>>>>>>>>>>>>>>>>>>>>>   ] 7207/7824, 99.9 task/s, elapsed: 72s, ETA:     6s[>>>>>>>>>>>>>>>>>>>>>>>>   ] 7208/7824, 99.9 task/s, elapsed: 72s, ETA:     6s[>>>>>>>>>>>>>>>>>>>>>>>>   ] 7209/7824, 99.9 task/s, elapsed: 72s, ETA:     6s[>>>>>>>>>>>>>>>>>>>>>>>>   ] 7210/7824, 99.9 task/s, elapsed: 72s, ETA:     6s[>>>>>>>>>>>>>>>>>>>>>>>>   ] 7211/7824, 99.9 task/s, elapsed: 72s, ETA:     6s[>>>>>>>>>>>>>>>>>>>>>>>>   ] 7212/7824, 99.9 task/s, elapsed: 72s, ETA:     6s[>>>>>>>>>>>>>>>>>>>>>>>>   ] 7213/7824, 99.9 task/s, elapsed: 72s, ETA:     6s[>>>>>>>>>>>>>>>>>>>>>>>>   ] 7214/7824, 99.9 task/s, elapsed: 72s, ETA:     6s[>>>>>>>>>>>>>>>>>>>>>>>>   ] 7215/7824, 99.9 task/s, elapsed: 72s, ETA:     6s[>>>>>>>>>>>>>>>>>>>>>>>>   ] 7216/7824, 99.9 task/s, elapsed: 72s, ETA:     6s[>>>>>>>>>>>>>>>>>>>>>>>>   ] 7217/7824, 99.9 task/s, elapsed: 72s, ETA:     6s[>>>>>>>>>>>>>>>>>>>>>>>>   ] 7218/7824, 99.9 task/s, elapsed: 72s, ETA:     6s[>>>>>>>>>>>>>>>>>>>>>>>   ] 7219/7824, 100.0 task/s, elapsed: 72s, ETA:     6s[>>>>>>>>>>>>>>>>>>>>>>>   ] 7220/7824, 100.0 task/s, elapsed: 72s, ETA:     6s[>>>>>>>>>>>>>>>>>>>>>>>   ] 7221/7824, 100.0 task/s, elapsed: 72s, ETA:     6s[>>>>>>>>>>>>>>>>>>>>>>>   ] 7222/7824, 100.0 task/s, elapsed: 72s, ETA:     6s[>>>>>>>>>>>>>>>>>>>>>>>>  ] 7223/7824, 100.0 task/s, elapsed: 72s, ETA:     6s[>>>>>>>>>>>>>>>>>>>>>>>>  ] 7224/7824, 100.0 task/s, elapsed: 72s, ETA:     6s[>>>>>>>>>>>>>>>>>>>>>>>>  ] 7225/7824, 100.0 task/s, elapsed: 72s, ETA:     6s[>>>>>>>>>>>>>>>>>>>>>>>>  ] 7226/7824, 100.0 task/s, elapsed: 72s, ETA:     6s[>>>>>>>>>>>>>>>>>>>>>>>>  ] 7227/7824, 100.0 task/s, elapsed: 72s, ETA:     6s[>>>>>>>>>>>>>>>>>>>>>>>>  ] 7228/7824, 100.0 task/s, elapsed: 72s, ETA:     6s[>>>>>>>>>>>>>>>>>>>>>>>>  ] 7229/7824, 100.0 task/s, elapsed: 72s, ETA:     6s[>>>>>>>>>>>>>>>>>>>>>>>>  ] 7230/7824, 100.0 task/s, elapsed: 72s, ETA:     6s[>>>>>>>>>>>>>>>>>>>>>>>>  ] 7231/7824, 100.0 task/s, elapsed: 72s, ETA:     6s[>>>>>>>>>>>>>>>>>>>>>>>>  ] 7232/7824, 100.0 task/s, elapsed: 72s, ETA:     6s[>>>>>>>>>>>>>>>>>>>>>>>>  ] 7233/7824, 100.0 task/s, elapsed: 72s, ETA:     6s[>>>>>>>>>>>>>>>>>>>>>>>>  ] 7234/7824, 100.0 task/s, elapsed: 72s, ETA:     6s[>>>>>>>>>>>>>>>>>>>>>>>>  ] 7235/7824, 100.0 task/s, elapsed: 72s, ETA:     6s[>>>>>>>>>>>>>>>>>>>>>>>>  ] 7236/7824, 100.0 task/s, elapsed: 72s, ETA:     6s[>>>>>>>>>>>>>>>>>>>>>>>>  ] 7237/7824, 100.0 task/s, elapsed: 72s, ETA:     6s[>>>>>>>>>>>>>>>>>>>>>>>>  ] 7238/7824, 100.0 task/s, elapsed: 72s, ETA:     6s[>>>>>>>>>>>>>>>>>>>>>>>>  ] 7239/7824, 100.0 task/s, elapsed: 72s, ETA:     6s[>>>>>>>>>>>>>>>>>>>>>>>>  ] 7240/7824, 100.0 task/s, elapsed: 72s, ETA:     6s[>>>>>>>>>>>>>>>>>>>>>>>>  ] 7241/7824, 100.0 task/s, elapsed: 72s, ETA:     6s[>>>>>>>>>>>>>>>>>>>>>>>>  ] 7242/7824, 100.0 task/s, elapsed: 72s, ETA:     6s[>>>>>>>>>>>>>>>>>>>>>>>>  ] 7243/7824, 100.0 task/s, elapsed: 72s, ETA:     6s[>>>>>>>>>>>>>>>>>>>>>>>>  ] 7244/7824, 100.0 task/s, elapsed: 72s, ETA:     6s[>>>>>>>>>>>>>>>>>>>>>>>>  ] 7245/7824, 100.0 task/s, elapsed: 72s, ETA:     6s[>>>>>>>>>>>>>>>>>>>>>>>>  ] 7246/7824, 100.0 task/s, elapsed: 72s, ETA:     6s[>>>>>>>>>>>>>>>>>>>>>>>>  ] 7247/7824, 100.0 task/s, elapsed: 72s, ETA:     6s[>>>>>>>>>>>>>>>>>>>>>>>>  ] 7248/7824, 100.0 task/s, elapsed: 72s, ETA:     6s[>>>>>>>>>>>>>>>>>>>>>>>>  ] 7249/7824, 100.0 task/s, elapsed: 72s, ETA:     6s[>>>>>>>>>>>>>>>>>>>>>>>>  ] 7250/7824, 100.0 task/s, elapsed: 73s, ETA:     6s[>>>>>>>>>>>>>>>>>>>>>>>>  ] 7251/7824, 100.0 task/s, elapsed: 73s, ETA:     6s[>>>>>>>>>>>>>>>>>>>>>>>>  ] 7252/7824, 100.0 task/s, elapsed: 73s, ETA:     6s[>>>>>>>>>>>>>>>>>>>>>>>>  ] 7253/7824, 100.0 task/s, elapsed: 73s, ETA:     6s[>>>>>>>>>>>>>>>>>>>>>>>>  ] 7254/7824, 100.0 task/s, elapsed: 73s, ETA:     6s[>>>>>>>>>>>>>>>>>>>>>>>>  ] 7255/7824, 100.0 task/s, elapsed: 73s, ETA:     6s[>>>>>>>>>>>>>>>>>>>>>>>>  ] 7256/7824, 100.0 task/s, elapsed: 73s, ETA:     6s[>>>>>>>>>>>>>>>>>>>>>>>>  ] 7257/7824, 100.0 task/s, elapsed: 73s, ETA:     6s[>>>>>>>>>>>>>>>>>>>>>>>>  ] 7258/7824, 100.0 task/s, elapsed: 73s, ETA:     6s[>>>>>>>>>>>>>>>>>>>>>>>>  ] 7259/7824, 100.0 task/s, elapsed: 73s, ETA:     6s[>>>>>>>>>>>>>>>>>>>>>>>>  ] 7260/7824, 100.0 task/s, elapsed: 73s, ETA:     6s[>>>>>>>>>>>>>>>>>>>>>>>>  ] 7261/7824, 100.0 task/s, elapsed: 73s, ETA:     6s[>>>>>>>>>>>>>>>>>>>>>>>>  ] 7262/7824, 100.0 task/s, elapsed: 73s, ETA:     6s[>>>>>>>>>>>>>>>>>>>>>>>>  ] 7263/7824, 100.0 task/s, elapsed: 73s, ETA:     6s[>>>>>>>>>>>>>>>>>>>>>>>>  ] 7264/7824, 100.0 task/s, elapsed: 73s, ETA:     6s[>>>>>>>>>>>>>>>>>>>>>>>>  ] 7265/7824, 100.0 task/s, elapsed: 73s, ETA:     6s[>>>>>>>>>>>>>>>>>>>>>>>>  ] 7266/7824, 100.0 task/s, elapsed: 73s, ETA:     6s[>>>>>>>>>>>>>>>>>>>>>>>>  ] 7267/7824, 100.0 task/s, elapsed: 73s, ETA:     6s[>>>>>>>>>>>>>>>>>>>>>>>>  ] 7268/7824, 100.0 task/s, elapsed: 73s, ETA:     6s[>>>>>>>>>>>>>>>>>>>>>>>>  ] 7269/7824, 100.0 task/s, elapsed: 73s, ETA:     6s[>>>>>>>>>>>>>>>>>>>>>>>>  ] 7270/7824, 100.0 task/s, elapsed: 73s, ETA:     6s[>>>>>>>>>>>>>>>>>>>>>>>>  ] 7271/7824, 100.0 task/s, elapsed: 73s, ETA:     6s[>>>>>>>>>>>>>>>>>>>>>>>>  ] 7272/7824, 100.0 task/s, elapsed: 73s, ETA:     6s[>>>>>>>>>>>>>>>>>>>>>>>>  ] 7273/7824, 100.0 task/s, elapsed: 73s, ETA:     6s[>>>>>>>>>>>>>>>>>>>>>>>>  ] 7274/7824, 100.0 task/s, elapsed: 73s, ETA:     5s[>>>>>>>>>>>>>>>>>>>>>>>>  ] 7275/7824, 100.0 task/s, elapsed: 73s, ETA:     5s[>>>>>>>>>>>>>>>>>>>>>>>>  ] 7276/7824, 100.0 task/s, elapsed: 73s, ETA:     5s[>>>>>>>>>>>>>>>>>>>>>>>>  ] 7277/7824, 100.0 task/s, elapsed: 73s, ETA:     5s[>>>>>>>>>>>>>>>>>>>>>>>>  ] 7278/7824, 100.0 task/s, elapsed: 73s, ETA:     5s[>>>>>>>>>>>>>>>>>>>>>>>>  ] 7279/7824, 100.0 task/s, elapsed: 73s, ETA:     5s[>>>>>>>>>>>>>>>>>>>>>>>>  ] 7280/7824, 100.0 task/s, elapsed: 73s, ETA:     5s[>>>>>>>>>>>>>>>>>>>>>>>>  ] 7281/7824, 100.0 task/s, elapsed: 73s, ETA:     5s[>>>>>>>>>>>>>>>>>>>>>>>>  ] 7282/7824, 100.0 task/s, elapsed: 73s, ETA:     5s[>>>>>>>>>>>>>>>>>>>>>>>>  ] 7283/7824, 100.0 task/s, elapsed: 73s, ETA:     5s[>>>>>>>>>>>>>>>>>>>>>>>>  ] 7284/7824, 100.0 task/s, elapsed: 73s, ETA:     5s[>>>>>>>>>>>>>>>>>>>>>>>>  ] 7285/7824, 100.0 task/s, elapsed: 73s, ETA:     5s[>>>>>>>>>>>>>>>>>>>>>>>>  ] 7286/7824, 100.0 task/s, elapsed: 73s, ETA:     5s[>>>>>>>>>>>>>>>>>>>>>>>>  ] 7287/7824, 100.0 task/s, elapsed: 73s, ETA:     5s[>>>>>>>>>>>>>>>>>>>>>>>>  ] 7288/7824, 100.0 task/s, elapsed: 73s, ETA:     5s[>>>>>>>>>>>>>>>>>>>>>>>>  ] 7289/7824, 100.0 task/s, elapsed: 73s, ETA:     5s[>>>>>>>>>>>>>>>>>>>>>>>>  ] 7290/7824, 100.0 task/s, elapsed: 73s, ETA:     5s[>>>>>>>>>>>>>>>>>>>>>>>>  ] 7291/7824, 100.0 task/s, elapsed: 73s, ETA:     5s[>>>>>>>>>>>>>>>>>>>>>>>>  ] 7292/7824, 100.0 task/s, elapsed: 73s, ETA:     5s[>>>>>>>>>>>>>>>>>>>>>>>>  ] 7293/7824, 100.0 task/s, elapsed: 73s, ETA:     5s[>>>>>>>>>>>>>>>>>>>>>>>>  ] 7294/7824, 100.0 task/s, elapsed: 73s, ETA:     5s[>>>>>>>>>>>>>>>>>>>>>>>>  ] 7295/7824, 100.0 task/s, elapsed: 73s, ETA:     5s[>>>>>>>>>>>>>>>>>>>>>>>>  ] 7296/7824, 100.0 task/s, elapsed: 73s, ETA:     5s[>>>>>>>>>>>>>>>>>>>>>>>>  ] 7297/7824, 100.0 task/s, elapsed: 73s, ETA:     5s[>>>>>>>>>>>>>>>>>>>>>>>>  ] 7298/7824, 100.1 task/s, elapsed: 73s, ETA:     5s[>>>>>>>>>>>>>>>>>>>>>>>>  ] 7299/7824, 100.1 task/s, elapsed: 73s, ETA:     5s[>>>>>>>>>>>>>>>>>>>>>>>>  ] 7300/7824, 100.1 task/s, elapsed: 73s, ETA:     5s[>>>>>>>>>>>>>>>>>>>>>>>>  ] 7301/7824, 100.1 task/s, elapsed: 73s, ETA:     5s[>>>>>>>>>>>>>>>>>>>>>>>>  ] 7302/7824, 100.1 task/s, elapsed: 73s, ETA:     5s[>>>>>>>>>>>>>>>>>>>>>>>>  ] 7303/7824, 100.1 task/s, elapsed: 73s, ETA:     5s[>>>>>>>>>>>>>>>>>>>>>>>>  ] 7304/7824, 100.1 task/s, elapsed: 73s, ETA:     5s[>>>>>>>>>>>>>>>>>>>>>>>>  ] 7305/7824, 100.1 task/s, elapsed: 73s, ETA:     5s[>>>>>>>>>>>>>>>>>>>>>>>>  ] 7306/7824, 100.1 task/s, elapsed: 73s, ETA:     5s[>>>>>>>>>>>>>>>>>>>>>>>>  ] 7307/7824, 100.1 task/s, elapsed: 73s, ETA:     5s[>>>>>>>>>>>>>>>>>>>>>>>>  ] 7308/7824, 100.1 task/s, elapsed: 73s, ETA:     5s[>>>>>>>>>>>>>>>>>>>>>>>>  ] 7309/7824, 100.1 task/s, elapsed: 73s, ETA:     5s[>>>>>>>>>>>>>>>>>>>>>>>>  ] 7310/7824, 100.1 task/s, elapsed: 73s, ETA:     5s[>>>>>>>>>>>>>>>>>>>>>>>>  ] 7311/7824, 100.1 task/s, elapsed: 73s, ETA:     5s[>>>>>>>>>>>>>>>>>>>>>>>>  ] 7312/7824, 100.1 task/s, elapsed: 73s, ETA:     5s[>>>>>>>>>>>>>>>>>>>>>>>>  ] 7313/7824, 100.1 task/s, elapsed: 73s, ETA:     5s[>>>>>>>>>>>>>>>>>>>>>>>>  ] 7314/7824, 100.1 task/s, elapsed: 73s, ETA:     5s[>>>>>>>>>>>>>>>>>>>>>>>>  ] 7315/7824, 100.1 task/s, elapsed: 73s, ETA:     5s[>>>>>>>>>>>>>>>>>>>>>>>>  ] 7316/7824, 100.1 task/s, elapsed: 73s, ETA:     5s[>>>>>>>>>>>>>>>>>>>>>>>>  ] 7317/7824, 100.1 task/s, elapsed: 73s, ETA:     5s[>>>>>>>>>>>>>>>>>>>>>>>>  ] 7318/7824, 100.1 task/s, elapsed: 73s, ETA:     5s[>>>>>>>>>>>>>>>>>>>>>>>>  ] 7319/7824, 100.1 task/s, elapsed: 73s, ETA:     5s[>>>>>>>>>>>>>>>>>>>>>>>>  ] 7320/7824, 100.1 task/s, elapsed: 73s, ETA:     5s[>>>>>>>>>>>>>>>>>>>>>>>>  ] 7321/7824, 100.1 task/s, elapsed: 73s, ETA:     5s[>>>>>>>>>>>>>>>>>>>>>>>>  ] 7322/7824, 100.1 task/s, elapsed: 73s, ETA:     5s[>>>>>>>>>>>>>>>>>>>>>>>>  ] 7323/7824, 100.1 task/s, elapsed: 73s, ETA:     5s[>>>>>>>>>>>>>>>>>>>>>>>>  ] 7324/7824, 100.1 task/s, elapsed: 73s, ETA:     5s[>>>>>>>>>>>>>>>>>>>>>>>>  ] 7325/7824, 100.1 task/s, elapsed: 73s, ETA:     5s[>>>>>>>>>>>>>>>>>>>>>>>>  ] 7326/7824, 100.1 task/s, elapsed: 73s, ETA:     5s[>>>>>>>>>>>>>>>>>>>>>>>>  ] 7327/7824, 100.1 task/s, elapsed: 73s, ETA:     5s[>>>>>>>>>>>>>>>>>>>>>>>>  ] 7328/7824, 100.1 task/s, elapsed: 73s, ETA:     5s[>>>>>>>>>>>>>>>>>>>>>>>>  ] 7329/7824, 100.1 task/s, elapsed: 73s, ETA:     5s[>>>>>>>>>>>>>>>>>>>>>>>>  ] 7330/7824, 100.1 task/s, elapsed: 73s, ETA:     5s[>>>>>>>>>>>>>>>>>>>>>>>>  ] 7331/7824, 100.1 task/s, elapsed: 73s, ETA:     5s[>>>>>>>>>>>>>>>>>>>>>>>>  ] 7332/7824, 100.1 task/s, elapsed: 73s, ETA:     5s[>>>>>>>>>>>>>>>>>>>>>>>>  ] 7333/7824, 100.1 task/s, elapsed: 73s, ETA:     5s[>>>>>>>>>>>>>>>>>>>>>>>>  ] 7334/7824, 100.1 task/s, elapsed: 73s, ETA:     5s[>>>>>>>>>>>>>>>>>>>>>>>>  ] 7335/7824, 100.1 task/s, elapsed: 73s, ETA:     5s[>>>>>>>>>>>>>>>>>>>>>>>>  ] 7336/7824, 100.1 task/s, elapsed: 73s, ETA:     5s[>>>>>>>>>>>>>>>>>>>>>>>>  ] 7337/7824, 100.1 task/s, elapsed: 73s, ETA:     5s[>>>>>>>>>>>>>>>>>>>>>>>>  ] 7338/7824, 100.1 task/s, elapsed: 73s, ETA:     5s[>>>>>>>>>>>>>>>>>>>>>>>>  ] 7339/7824, 100.1 task/s, elapsed: 73s, ETA:     5s[>>>>>>>>>>>>>>>>>>>>>>>>  ] 7340/7824, 100.1 task/s, elapsed: 73s, ETA:     5s[>>>>>>>>>>>>>>>>>>>>>>>>  ] 7341/7824, 100.1 task/s, elapsed: 73s, ETA:     5s[>>>>>>>>>>>>>>>>>>>>>>>>  ] 7342/7824, 100.1 task/s, elapsed: 73s, ETA:     5s[>>>>>>>>>>>>>>>>>>>>>>>>  ] 7343/7824, 100.1 task/s, elapsed: 73s, ETA:     5s[>>>>>>>>>>>>>>>>>>>>>>>>  ] 7344/7824, 100.1 task/s, elapsed: 73s, ETA:     5s[>>>>>>>>>>>>>>>>>>>>>>>>  ] 7345/7824, 100.1 task/s, elapsed: 73s, ETA:     5s[>>>>>>>>>>>>>>>>>>>>>>>>  ] 7346/7824, 100.1 task/s, elapsed: 73s, ETA:     5s[>>>>>>>>>>>>>>>>>>>>>>>>  ] 7347/7824, 100.1 task/s, elapsed: 73s, ETA:     5s[>>>>>>>>>>>>>>>>>>>>>>>>  ] 7348/7824, 100.1 task/s, elapsed: 73s, ETA:     5s[>>>>>>>>>>>>>>>>>>>>>>>>  ] 7349/7824, 100.1 task/s, elapsed: 73s, ETA:     5s[>>>>>>>>>>>>>>>>>>>>>>>>  ] 7350/7824, 100.1 task/s, elapsed: 73s, ETA:     5s[>>>>>>>>>>>>>>>>>>>>>>>>  ] 7351/7824, 100.1 task/s, elapsed: 73s, ETA:     5s[>>>>>>>>>>>>>>>>>>>>>>>>  ] 7352/7824, 100.1 task/s, elapsed: 73s, ETA:     5s[>>>>>>>>>>>>>>>>>>>>>>>>  ] 7353/7824, 100.1 task/s, elapsed: 73s, ETA:     5s[>>>>>>>>>>>>>>>>>>>>>>>>  ] 7354/7824, 100.1 task/s, elapsed: 73s, ETA:     5s[>>>>>>>>>>>>>>>>>>>>>>>>  ] 7355/7824, 100.1 task/s, elapsed: 73s, ETA:     5s[>>>>>>>>>>>>>>>>>>>>>>>>  ] 7356/7824, 100.1 task/s, elapsed: 73s, ETA:     5s[>>>>>>>>>>>>>>>>>>>>>>>>  ] 7357/7824, 100.1 task/s, elapsed: 73s, ETA:     5s[>>>>>>>>>>>>>>>>>>>>>>>>  ] 7358/7824, 100.1 task/s, elapsed: 73s, ETA:     5s[>>>>>>>>>>>>>>>>>>>>>>>>  ] 7359/7824, 100.1 task/s, elapsed: 73s, ETA:     5s[>>>>>>>>>>>>>>>>>>>>>>>>  ] 7360/7824, 100.1 task/s, elapsed: 73s, ETA:     5s[>>>>>>>>>>>>>>>>>>>>>>>>  ] 7361/7824, 100.1 task/s, elapsed: 74s, ETA:     5s[>>>>>>>>>>>>>>>>>>>>>>>>  ] 7362/7824, 100.1 task/s, elapsed: 74s, ETA:     5s[>>>>>>>>>>>>>>>>>>>>>>>>  ] 7363/7824, 100.1 task/s, elapsed: 74s, ETA:     5s[>>>>>>>>>>>>>>>>>>>>>>>>  ] 7364/7824, 100.1 task/s, elapsed: 74s, ETA:     5s[>>>>>>>>>>>>>>>>>>>>>>>>  ] 7365/7824, 100.1 task/s, elapsed: 74s, ETA:     5s[>>>>>>>>>>>>>>>>>>>>>>>>  ] 7366/7824, 100.1 task/s, elapsed: 74s, ETA:     5s[>>>>>>>>>>>>>>>>>>>>>>>>  ] 7367/7824, 100.1 task/s, elapsed: 74s, ETA:     5s[>>>>>>>>>>>>>>>>>>>>>>>>  ] 7368/7824, 100.1 task/s, elapsed: 74s, ETA:     5s[>>>>>>>>>>>>>>>>>>>>>>>>  ] 7369/7824, 100.1 task/s, elapsed: 74s, ETA:     5s[>>>>>>>>>>>>>>>>>>>>>>>>  ] 7370/7824, 100.2 task/s, elapsed: 74s, ETA:     5s[>>>>>>>>>>>>>>>>>>>>>>>>  ] 7371/7824, 100.2 task/s, elapsed: 74s, ETA:     5s[>>>>>>>>>>>>>>>>>>>>>>>>  ] 7372/7824, 100.2 task/s, elapsed: 74s, ETA:     5s[>>>>>>>>>>>>>>>>>>>>>>>>  ] 7373/7824, 100.2 task/s, elapsed: 74s, ETA:     5s[>>>>>>>>>>>>>>>>>>>>>>>>  ] 7374/7824, 100.2 task/s, elapsed: 74s, ETA:     4s[>>>>>>>>>>>>>>>>>>>>>>>>  ] 7375/7824, 100.2 task/s, elapsed: 74s, ETA:     4s[>>>>>>>>>>>>>>>>>>>>>>>>  ] 7376/7824, 100.2 task/s, elapsed: 74s, ETA:     4s[>>>>>>>>>>>>>>>>>>>>>>>>  ] 7377/7824, 100.2 task/s, elapsed: 74s, ETA:     4s[>>>>>>>>>>>>>>>>>>>>>>>>  ] 7378/7824, 100.2 task/s, elapsed: 74s, ETA:     4s[>>>>>>>>>>>>>>>>>>>>>>>>  ] 7379/7824, 100.2 task/s, elapsed: 74s, ETA:     4s[>>>>>>>>>>>>>>>>>>>>>>>>  ] 7380/7824, 100.2 task/s, elapsed: 74s, ETA:     4s[>>>>>>>>>>>>>>>>>>>>>>>>  ] 7381/7824, 100.2 task/s, elapsed: 74s, ETA:     4s[>>>>>>>>>>>>>>>>>>>>>>>>  ] 7382/7824, 100.2 task/s, elapsed: 74s, ETA:     4s[>>>>>>>>>>>>>>>>>>>>>>>>  ] 7383/7824, 100.2 task/s, elapsed: 74s, ETA:     4s[>>>>>>>>>>>>>>>>>>>>>>>>  ] 7384/7824, 100.2 task/s, elapsed: 74s, ETA:     4s[>>>>>>>>>>>>>>>>>>>>>>>>  ] 7385/7824, 100.2 task/s, elapsed: 74s, ETA:     4s[>>>>>>>>>>>>>>>>>>>>>>>>  ] 7386/7824, 100.2 task/s, elapsed: 74s, ETA:     4s[>>>>>>>>>>>>>>>>>>>>>>>>  ] 7387/7824, 100.2 task/s, elapsed: 74s, ETA:     4s[>>>>>>>>>>>>>>>>>>>>>>>>  ] 7388/7824, 100.2 task/s, elapsed: 74s, ETA:     4s[>>>>>>>>>>>>>>>>>>>>>>>>  ] 7389/7824, 100.2 task/s, elapsed: 74s, ETA:     4s[>>>>>>>>>>>>>>>>>>>>>>>>  ] 7390/7824, 100.2 task/s, elapsed: 74s, ETA:     4s[>>>>>>>>>>>>>>>>>>>>>>>>  ] 7391/7824, 100.2 task/s, elapsed: 74s, ETA:     4s[>>>>>>>>>>>>>>>>>>>>>>>>  ] 7392/7824, 100.2 task/s, elapsed: 74s, ETA:     4s[>>>>>>>>>>>>>>>>>>>>>>>>  ] 7393/7824, 100.2 task/s, elapsed: 74s, ETA:     4s[>>>>>>>>>>>>>>>>>>>>>>>>  ] 7394/7824, 100.2 task/s, elapsed: 74s, ETA:     4s[>>>>>>>>>>>>>>>>>>>>>>>>  ] 7395/7824, 100.2 task/s, elapsed: 74s, ETA:     4s[>>>>>>>>>>>>>>>>>>>>>>>>  ] 7396/7824, 100.2 task/s, elapsed: 74s, ETA:     4s[>>>>>>>>>>>>>>>>>>>>>>>>  ] 7397/7824, 100.2 task/s, elapsed: 74s, ETA:     4s[>>>>>>>>>>>>>>>>>>>>>>>>  ] 7398/7824, 100.2 task/s, elapsed: 74s, ETA:     4s[>>>>>>>>>>>>>>>>>>>>>>>>  ] 7399/7824, 100.2 task/s, elapsed: 74s, ETA:     4s[>>>>>>>>>>>>>>>>>>>>>>>>  ] 7400/7824, 100.2 task/s, elapsed: 74s, ETA:     4s[>>>>>>>>>>>>>>>>>>>>>>>>  ] 7401/7824, 100.2 task/s, elapsed: 74s, ETA:     4s[>>>>>>>>>>>>>>>>>>>>>>>>  ] 7402/7824, 100.2 task/s, elapsed: 74s, ETA:     4s[>>>>>>>>>>>>>>>>>>>>>>>>  ] 7403/7824, 100.2 task/s, elapsed: 74s, ETA:     4s[>>>>>>>>>>>>>>>>>>>>>>>>  ] 7404/7824, 100.2 task/s, elapsed: 74s, ETA:     4s[>>>>>>>>>>>>>>>>>>>>>>>>  ] 7405/7824, 100.2 task/s, elapsed: 74s, ETA:     4s[>>>>>>>>>>>>>>>>>>>>>>>>  ] 7406/7824, 100.2 task/s, elapsed: 74s, ETA:     4s[>>>>>>>>>>>>>>>>>>>>>>>>  ] 7407/7824, 100.2 task/s, elapsed: 74s, ETA:     4s[>>>>>>>>>>>>>>>>>>>>>>>>  ] 7408/7824, 100.2 task/s, elapsed: 74s, ETA:     4s[>>>>>>>>>>>>>>>>>>>>>>>>  ] 7409/7824, 100.2 task/s, elapsed: 74s, ETA:     4s[>>>>>>>>>>>>>>>>>>>>>>>>  ] 7410/7824, 100.2 task/s, elapsed: 74s, ETA:     4s[>>>>>>>>>>>>>>>>>>>>>>>>  ] 7411/7824, 100.2 task/s, elapsed: 74s, ETA:     4s[>>>>>>>>>>>>>>>>>>>>>>>>  ] 7412/7824, 100.2 task/s, elapsed: 74s, ETA:     4s[>>>>>>>>>>>>>>>>>>>>>>>>  ] 7413/7824, 100.2 task/s, elapsed: 74s, ETA:     4s[>>>>>>>>>>>>>>>>>>>>>>>>  ] 7414/7824, 100.2 task/s, elapsed: 74s, ETA:     4s[>>>>>>>>>>>>>>>>>>>>>>>>  ] 7415/7824, 100.2 task/s, elapsed: 74s, ETA:     4s[>>>>>>>>>>>>>>>>>>>>>>>>  ] 7416/7824, 100.2 task/s, elapsed: 74s, ETA:     4s[>>>>>>>>>>>>>>>>>>>>>>>>  ] 7417/7824, 100.2 task/s, elapsed: 74s, ETA:     4s[>>>>>>>>>>>>>>>>>>>>>>>>  ] 7418/7824, 100.2 task/s, elapsed: 74s, ETA:     4s[>>>>>>>>>>>>>>>>>>>>>>>>  ] 7419/7824, 100.2 task/s, elapsed: 74s, ETA:     4s[>>>>>>>>>>>>>>>>>>>>>>>>  ] 7420/7824, 100.2 task/s, elapsed: 74s, ETA:     4s[>>>>>>>>>>>>>>>>>>>>>>>>  ] 7421/7824, 100.2 task/s, elapsed: 74s, ETA:     4s[>>>>>>>>>>>>>>>>>>>>>>>>  ] 7422/7824, 100.2 task/s, elapsed: 74s, ETA:     4s[>>>>>>>>>>>>>>>>>>>>>>>>  ] 7423/7824, 100.2 task/s, elapsed: 74s, ETA:     4s[>>>>>>>>>>>>>>>>>>>>>>>>  ] 7424/7824, 100.2 task/s, elapsed: 74s, ETA:     4s[>>>>>>>>>>>>>>>>>>>>>>>>  ] 7425/7824, 100.2 task/s, elapsed: 74s, ETA:     4s[>>>>>>>>>>>>>>>>>>>>>>>>  ] 7426/7824, 100.2 task/s, elapsed: 74s, ETA:     4s[>>>>>>>>>>>>>>>>>>>>>>>>  ] 7427/7824, 100.2 task/s, elapsed: 74s, ETA:     4s[>>>>>>>>>>>>>>>>>>>>>>>>  ] 7428/7824, 100.2 task/s, elapsed: 74s, ETA:     4s[>>>>>>>>>>>>>>>>>>>>>>>>  ] 7429/7824, 100.2 task/s, elapsed: 74s, ETA:     4s[>>>>>>>>>>>>>>>>>>>>>>>>  ] 7430/7824, 100.2 task/s, elapsed: 74s, ETA:     4s[>>>>>>>>>>>>>>>>>>>>>>>>  ] 7431/7824, 100.2 task/s, elapsed: 74s, ETA:     4s[>>>>>>>>>>>>>>>>>>>>>>>>  ] 7432/7824, 100.2 task/s, elapsed: 74s, ETA:     4s[>>>>>>>>>>>>>>>>>>>>>>>>  ] 7433/7824, 100.2 task/s, elapsed: 74s, ETA:     4s[>>>>>>>>>>>>>>>>>>>>>>>>  ] 7434/7824, 100.2 task/s, elapsed: 74s, ETA:     4s[>>>>>>>>>>>>>>>>>>>>>>>>  ] 7435/7824, 100.2 task/s, elapsed: 74s, ETA:     4s[>>>>>>>>>>>>>>>>>>>>>>>>  ] 7436/7824, 100.2 task/s, elapsed: 74s, ETA:     4s[>>>>>>>>>>>>>>>>>>>>>>>>  ] 7437/7824, 100.2 task/s, elapsed: 74s, ETA:     4s[>>>>>>>>>>>>>>>>>>>>>>>>  ] 7438/7824, 100.3 task/s, elapsed: 74s, ETA:     4s[>>>>>>>>>>>>>>>>>>>>>>>>  ] 7439/7824, 100.3 task/s, elapsed: 74s, ETA:     4s[>>>>>>>>>>>>>>>>>>>>>>>>  ] 7440/7824, 100.3 task/s, elapsed: 74s, ETA:     4s[>>>>>>>>>>>>>>>>>>>>>>>>  ] 7441/7824, 100.3 task/s, elapsed: 74s, ETA:     4s[>>>>>>>>>>>>>>>>>>>>>>>>  ] 7442/7824, 100.3 task/s, elapsed: 74s, ETA:     4s[>>>>>>>>>>>>>>>>>>>>>>>>  ] 7443/7824, 100.3 task/s, elapsed: 74s, ETA:     4s[>>>>>>>>>>>>>>>>>>>>>>>>  ] 7444/7824, 100.3 task/s, elapsed: 74s, ETA:     4s[>>>>>>>>>>>>>>>>>>>>>>>>  ] 7445/7824, 100.3 task/s, elapsed: 74s, ETA:     4s[>>>>>>>>>>>>>>>>>>>>>>>>  ] 7446/7824, 100.3 task/s, elapsed: 74s, ETA:     4s[>>>>>>>>>>>>>>>>>>>>>>>>  ] 7447/7824, 100.3 task/s, elapsed: 74s, ETA:     4s[>>>>>>>>>>>>>>>>>>>>>>>>  ] 7448/7824, 100.3 task/s, elapsed: 74s, ETA:     4s[>>>>>>>>>>>>>>>>>>>>>>>>  ] 7449/7824, 100.3 task/s, elapsed: 74s, ETA:     4s[>>>>>>>>>>>>>>>>>>>>>>>>  ] 7450/7824, 100.3 task/s, elapsed: 74s, ETA:     4s[>>>>>>>>>>>>>>>>>>>>>>>>  ] 7451/7824, 100.3 task/s, elapsed: 74s, ETA:     4s[>>>>>>>>>>>>>>>>>>>>>>>>  ] 7452/7824, 100.3 task/s, elapsed: 74s, ETA:     4s[>>>>>>>>>>>>>>>>>>>>>>>>  ] 7453/7824, 100.3 task/s, elapsed: 74s, ETA:     4s[>>>>>>>>>>>>>>>>>>>>>>>>  ] 7454/7824, 100.3 task/s, elapsed: 74s, ETA:     4s[>>>>>>>>>>>>>>>>>>>>>>>>  ] 7455/7824, 100.3 task/s, elapsed: 74s, ETA:     4s[>>>>>>>>>>>>>>>>>>>>>>>>  ] 7456/7824, 100.3 task/s, elapsed: 74s, ETA:     4s[>>>>>>>>>>>>>>>>>>>>>>>>  ] 7457/7824, 100.3 task/s, elapsed: 74s, ETA:     4s[>>>>>>>>>>>>>>>>>>>>>>>>  ] 7458/7824, 100.3 task/s, elapsed: 74s, ETA:     4s[>>>>>>>>>>>>>>>>>>>>>>>>  ] 7459/7824, 100.3 task/s, elapsed: 74s, ETA:     4s[>>>>>>>>>>>>>>>>>>>>>>>>  ] 7460/7824, 100.3 task/s, elapsed: 74s, ETA:     4s[>>>>>>>>>>>>>>>>>>>>>>>>  ] 7461/7824, 100.3 task/s, elapsed: 74s, ETA:     4s[>>>>>>>>>>>>>>>>>>>>>>>>  ] 7462/7824, 100.3 task/s, elapsed: 74s, ETA:     4s[>>>>>>>>>>>>>>>>>>>>>>>>  ] 7463/7824, 100.3 task/s, elapsed: 74s, ETA:     4s[>>>>>>>>>>>>>>>>>>>>>>>>  ] 7464/7824, 100.3 task/s, elapsed: 74s, ETA:     4s[>>>>>>>>>>>>>>>>>>>>>>>>  ] 7465/7824, 100.3 task/s, elapsed: 74s, ETA:     4s[>>>>>>>>>>>>>>>>>>>>>>>>  ] 7466/7824, 100.3 task/s, elapsed: 74s, ETA:     4s[>>>>>>>>>>>>>>>>>>>>>>>>  ] 7467/7824, 100.3 task/s, elapsed: 74s, ETA:     4s[>>>>>>>>>>>>>>>>>>>>>>>>  ] 7468/7824, 100.3 task/s, elapsed: 74s, ETA:     4s[>>>>>>>>>>>>>>>>>>>>>>>>  ] 7469/7824, 100.3 task/s, elapsed: 74s, ETA:     4s[>>>>>>>>>>>>>>>>>>>>>>>>  ] 7470/7824, 100.3 task/s, elapsed: 74s, ETA:     4s[>>>>>>>>>>>>>>>>>>>>>>>>  ] 7471/7824, 100.3 task/s, elapsed: 74s, ETA:     4s[>>>>>>>>>>>>>>>>>>>>>>>>  ] 7472/7824, 100.3 task/s, elapsed: 74s, ETA:     4s[>>>>>>>>>>>>>>>>>>>>>>>>  ] 7473/7824, 100.3 task/s, elapsed: 75s, ETA:     3s[>>>>>>>>>>>>>>>>>>>>>>>>  ] 7474/7824, 100.3 task/s, elapsed: 75s, ETA:     3s[>>>>>>>>>>>>>>>>>>>>>>>>  ] 7475/7824, 100.3 task/s, elapsed: 75s, ETA:     3s[>>>>>>>>>>>>>>>>>>>>>>>>  ] 7476/7824, 100.3 task/s, elapsed: 75s, ETA:     3s[>>>>>>>>>>>>>>>>>>>>>>>>  ] 7477/7824, 100.3 task/s, elapsed: 75s, ETA:     3s[>>>>>>>>>>>>>>>>>>>>>>>>  ] 7478/7824, 100.3 task/s, elapsed: 75s, ETA:     3s[>>>>>>>>>>>>>>>>>>>>>>>>  ] 7479/7824, 100.3 task/s, elapsed: 75s, ETA:     3s[>>>>>>>>>>>>>>>>>>>>>>>>  ] 7480/7824, 100.3 task/s, elapsed: 75s, ETA:     3s[>>>>>>>>>>>>>>>>>>>>>>>>  ] 7481/7824, 100.3 task/s, elapsed: 75s, ETA:     3s[>>>>>>>>>>>>>>>>>>>>>>>>  ] 7482/7824, 100.3 task/s, elapsed: 75s, ETA:     3s[>>>>>>>>>>>>>>>>>>>>>>>>  ] 7483/7824, 100.3 task/s, elapsed: 75s, ETA:     3s[>>>>>>>>>>>>>>>>>>>>>>>>  ] 7484/7824, 100.3 task/s, elapsed: 75s, ETA:     3s[>>>>>>>>>>>>>>>>>>>>>>>>  ] 7485/7824, 100.3 task/s, elapsed: 75s, ETA:     3s[>>>>>>>>>>>>>>>>>>>>>>>>  ] 7486/7824, 100.3 task/s, elapsed: 75s, ETA:     3s[>>>>>>>>>>>>>>>>>>>>>>>>  ] 7487/7824, 100.3 task/s, elapsed: 75s, ETA:     3s[>>>>>>>>>>>>>>>>>>>>>>>>  ] 7488/7824, 100.3 task/s, elapsed: 75s, ETA:     3s[>>>>>>>>>>>>>>>>>>>>>>>>  ] 7489/7824, 100.3 task/s, elapsed: 75s, ETA:     3s[>>>>>>>>>>>>>>>>>>>>>>>>  ] 7490/7824, 100.3 task/s, elapsed: 75s, ETA:     3s[>>>>>>>>>>>>>>>>>>>>>>>>  ] 7491/7824, 100.3 task/s, elapsed: 75s, ETA:     3s[>>>>>>>>>>>>>>>>>>>>>>>>  ] 7492/7824, 100.3 task/s, elapsed: 75s, ETA:     3s[>>>>>>>>>>>>>>>>>>>>>>>>  ] 7493/7824, 100.3 task/s, elapsed: 75s, ETA:     3s[>>>>>>>>>>>>>>>>>>>>>>>>  ] 7494/7824, 100.3 task/s, elapsed: 75s, ETA:     3s[>>>>>>>>>>>>>>>>>>>>>>>>  ] 7495/7824, 100.3 task/s, elapsed: 75s, ETA:     3s[>>>>>>>>>>>>>>>>>>>>>>>>  ] 7496/7824, 100.3 task/s, elapsed: 75s, ETA:     3s[>>>>>>>>>>>>>>>>>>>>>>>>  ] 7497/7824, 100.3 task/s, elapsed: 75s, ETA:     3s[>>>>>>>>>>>>>>>>>>>>>>>>  ] 7498/7824, 100.3 task/s, elapsed: 75s, ETA:     3s[>>>>>>>>>>>>>>>>>>>>>>>>  ] 7499/7824, 100.3 task/s, elapsed: 75s, ETA:     3s[>>>>>>>>>>>>>>>>>>>>>>>>  ] 7500/7824, 100.3 task/s, elapsed: 75s, ETA:     3s[>>>>>>>>>>>>>>>>>>>>>>>>  ] 7501/7824, 100.3 task/s, elapsed: 75s, ETA:     3s[>>>>>>>>>>>>>>>>>>>>>>>>  ] 7502/7824, 100.3 task/s, elapsed: 75s, ETA:     3s[>>>>>>>>>>>>>>>>>>>>>>>>  ] 7503/7824, 100.3 task/s, elapsed: 75s, ETA:     3s[>>>>>>>>>>>>>>>>>>>>>>>>  ] 7504/7824, 100.3 task/s, elapsed: 75s, ETA:     3s[>>>>>>>>>>>>>>>>>>>>>>>>  ] 7505/7824, 100.3 task/s, elapsed: 75s, ETA:     3s[>>>>>>>>>>>>>>>>>>>>>>>>  ] 7506/7824, 100.3 task/s, elapsed: 75s, ETA:     3s[>>>>>>>>>>>>>>>>>>>>>>>>  ] 7507/7824, 100.3 task/s, elapsed: 75s, ETA:     3s[>>>>>>>>>>>>>>>>>>>>>>>>  ] 7508/7824, 100.3 task/s, elapsed: 75s, ETA:     3s[>>>>>>>>>>>>>>>>>>>>>>>>  ] 7509/7824, 100.3 task/s, elapsed: 75s, ETA:     3s[>>>>>>>>>>>>>>>>>>>>>>>>  ] 7510/7824, 100.3 task/s, elapsed: 75s, ETA:     3s[>>>>>>>>>>>>>>>>>>>>>>>>  ] 7511/7824, 100.3 task/s, elapsed: 75s, ETA:     3s[>>>>>>>>>>>>>>>>>>>>>>>>  ] 7512/7824, 100.3 task/s, elapsed: 75s, ETA:     3s[>>>>>>>>>>>>>>>>>>>>>>>>  ] 7513/7824, 100.3 task/s, elapsed: 75s, ETA:     3s[>>>>>>>>>>>>>>>>>>>>>>>>  ] 7514/7824, 100.3 task/s, elapsed: 75s, ETA:     3s[>>>>>>>>>>>>>>>>>>>>>>>>  ] 7515/7824, 100.3 task/s, elapsed: 75s, ETA:     3s[>>>>>>>>>>>>>>>>>>>>>>>>  ] 7516/7824, 100.3 task/s, elapsed: 75s, ETA:     3s[>>>>>>>>>>>>>>>>>>>>>>>>  ] 7517/7824, 100.3 task/s, elapsed: 75s, ETA:     3s[>>>>>>>>>>>>>>>>>>>>>>>>  ] 7518/7824, 100.3 task/s, elapsed: 75s, ETA:     3s[>>>>>>>>>>>>>>>>>>>>>>>>  ] 7519/7824, 100.3 task/s, elapsed: 75s, ETA:     3s[>>>>>>>>>>>>>>>>>>>>>>>>  ] 7520/7824, 100.3 task/s, elapsed: 75s, ETA:     3s[>>>>>>>>>>>>>>>>>>>>>>>>  ] 7521/7824, 100.3 task/s, elapsed: 75s, ETA:     3s[>>>>>>>>>>>>>>>>>>>>>>>>  ] 7522/7824, 100.3 task/s, elapsed: 75s, ETA:     3s[>>>>>>>>>>>>>>>>>>>>>>>>  ] 7523/7824, 100.4 task/s, elapsed: 75s, ETA:     3s[>>>>>>>>>>>>>>>>>>>>>>>>> ] 7524/7824, 100.4 task/s, elapsed: 75s, ETA:     3s[>>>>>>>>>>>>>>>>>>>>>>>>> ] 7525/7824, 100.4 task/s, elapsed: 75s, ETA:     3s[>>>>>>>>>>>>>>>>>>>>>>>>> ] 7526/7824, 100.4 task/s, elapsed: 75s, ETA:     3s[>>>>>>>>>>>>>>>>>>>>>>>>> ] 7527/7824, 100.4 task/s, elapsed: 75s, ETA:     3s[>>>>>>>>>>>>>>>>>>>>>>>>> ] 7528/7824, 100.4 task/s, elapsed: 75s, ETA:     3s[>>>>>>>>>>>>>>>>>>>>>>>>> ] 7529/7824, 100.4 task/s, elapsed: 75s, ETA:     3s[>>>>>>>>>>>>>>>>>>>>>>>>> ] 7530/7824, 100.4 task/s, elapsed: 75s, ETA:     3s[>>>>>>>>>>>>>>>>>>>>>>>>> ] 7531/7824, 100.4 task/s, elapsed: 75s, ETA:     3s[>>>>>>>>>>>>>>>>>>>>>>>>> ] 7532/7824, 100.4 task/s, elapsed: 75s, ETA:     3s[>>>>>>>>>>>>>>>>>>>>>>>>> ] 7533/7824, 100.4 task/s, elapsed: 75s, ETA:     3s[>>>>>>>>>>>>>>>>>>>>>>>>> ] 7534/7824, 100.4 task/s, elapsed: 75s, ETA:     3s[>>>>>>>>>>>>>>>>>>>>>>>>> ] 7535/7824, 100.4 task/s, elapsed: 75s, ETA:     3s[>>>>>>>>>>>>>>>>>>>>>>>>> ] 7536/7824, 100.4 task/s, elapsed: 75s, ETA:     3s[>>>>>>>>>>>>>>>>>>>>>>>>> ] 7537/7824, 100.4 task/s, elapsed: 75s, ETA:     3s[>>>>>>>>>>>>>>>>>>>>>>>>> ] 7538/7824, 100.4 task/s, elapsed: 75s, ETA:     3s[>>>>>>>>>>>>>>>>>>>>>>>>> ] 7539/7824, 100.4 task/s, elapsed: 75s, ETA:     3s[>>>>>>>>>>>>>>>>>>>>>>>>> ] 7540/7824, 100.4 task/s, elapsed: 75s, ETA:     3s[>>>>>>>>>>>>>>>>>>>>>>>>> ] 7541/7824, 100.4 task/s, elapsed: 75s, ETA:     3s[>>>>>>>>>>>>>>>>>>>>>>>>> ] 7542/7824, 100.4 task/s, elapsed: 75s, ETA:     3s[>>>>>>>>>>>>>>>>>>>>>>>>> ] 7543/7824, 100.4 task/s, elapsed: 75s, ETA:     3s[>>>>>>>>>>>>>>>>>>>>>>>>> ] 7544/7824, 100.4 task/s, elapsed: 75s, ETA:     3s[>>>>>>>>>>>>>>>>>>>>>>>>> ] 7545/7824, 100.4 task/s, elapsed: 75s, ETA:     3s[>>>>>>>>>>>>>>>>>>>>>>>>> ] 7546/7824, 100.4 task/s, elapsed: 75s, ETA:     3s[>>>>>>>>>>>>>>>>>>>>>>>>> ] 7547/7824, 100.4 task/s, elapsed: 75s, ETA:     3s[>>>>>>>>>>>>>>>>>>>>>>>>> ] 7548/7824, 100.4 task/s, elapsed: 75s, ETA:     3s[>>>>>>>>>>>>>>>>>>>>>>>>> ] 7549/7824, 100.4 task/s, elapsed: 75s, ETA:     3s[>>>>>>>>>>>>>>>>>>>>>>>>> ] 7550/7824, 100.4 task/s, elapsed: 75s, ETA:     3s[>>>>>>>>>>>>>>>>>>>>>>>>> ] 7551/7824, 100.4 task/s, elapsed: 75s, ETA:     3s[>>>>>>>>>>>>>>>>>>>>>>>>> ] 7552/7824, 100.4 task/s, elapsed: 75s, ETA:     3s[>>>>>>>>>>>>>>>>>>>>>>>>> ] 7553/7824, 100.4 task/s, elapsed: 75s, ETA:     3s[>>>>>>>>>>>>>>>>>>>>>>>>> ] 7554/7824, 100.4 task/s, elapsed: 75s, ETA:     3s[>>>>>>>>>>>>>>>>>>>>>>>>> ] 7555/7824, 100.4 task/s, elapsed: 75s, ETA:     3s[>>>>>>>>>>>>>>>>>>>>>>>>> ] 7556/7824, 100.4 task/s, elapsed: 75s, ETA:     3s[>>>>>>>>>>>>>>>>>>>>>>>>> ] 7557/7824, 100.4 task/s, elapsed: 75s, ETA:     3s[>>>>>>>>>>>>>>>>>>>>>>>>> ] 7558/7824, 100.4 task/s, elapsed: 75s, ETA:     3s[>>>>>>>>>>>>>>>>>>>>>>>>> ] 7559/7824, 100.4 task/s, elapsed: 75s, ETA:     3s[>>>>>>>>>>>>>>>>>>>>>>>>> ] 7560/7824, 100.4 task/s, elapsed: 75s, ETA:     3s[>>>>>>>>>>>>>>>>>>>>>>>>> ] 7561/7824, 100.4 task/s, elapsed: 75s, ETA:     3s[>>>>>>>>>>>>>>>>>>>>>>>>> ] 7562/7824, 100.4 task/s, elapsed: 75s, ETA:     3s[>>>>>>>>>>>>>>>>>>>>>>>>> ] 7563/7824, 100.4 task/s, elapsed: 75s, ETA:     3s[>>>>>>>>>>>>>>>>>>>>>>>>> ] 7564/7824, 100.4 task/s, elapsed: 75s, ETA:     3s[>>>>>>>>>>>>>>>>>>>>>>>>> ] 7565/7824, 100.4 task/s, elapsed: 75s, ETA:     3s[>>>>>>>>>>>>>>>>>>>>>>>>> ] 7566/7824, 100.4 task/s, elapsed: 75s, ETA:     3s[>>>>>>>>>>>>>>>>>>>>>>>>> ] 7567/7824, 100.4 task/s, elapsed: 75s, ETA:     3s[>>>>>>>>>>>>>>>>>>>>>>>>> ] 7568/7824, 100.4 task/s, elapsed: 75s, ETA:     3s[>>>>>>>>>>>>>>>>>>>>>>>>> ] 7569/7824, 100.4 task/s, elapsed: 75s, ETA:     3s[>>>>>>>>>>>>>>>>>>>>>>>>> ] 7570/7824, 100.4 task/s, elapsed: 75s, ETA:     3s[>>>>>>>>>>>>>>>>>>>>>>>>> ] 7571/7824, 100.4 task/s, elapsed: 75s, ETA:     3s[>>>>>>>>>>>>>>>>>>>>>>>>> ] 7572/7824, 100.4 task/s, elapsed: 75s, ETA:     3s[>>>>>>>>>>>>>>>>>>>>>>>>> ] 7573/7824, 100.4 task/s, elapsed: 75s, ETA:     2s[>>>>>>>>>>>>>>>>>>>>>>>>> ] 7574/7824, 100.4 task/s, elapsed: 75s, ETA:     2s[>>>>>>>>>>>>>>>>>>>>>>>>> ] 7575/7824, 100.4 task/s, elapsed: 75s, ETA:     2s[>>>>>>>>>>>>>>>>>>>>>>>>> ] 7576/7824, 100.4 task/s, elapsed: 75s, ETA:     2s[>>>>>>>>>>>>>>>>>>>>>>>>> ] 7577/7824, 100.4 task/s, elapsed: 75s, ETA:     2s[>>>>>>>>>>>>>>>>>>>>>>>>> ] 7578/7824, 100.4 task/s, elapsed: 75s, ETA:     2s[>>>>>>>>>>>>>>>>>>>>>>>>> ] 7579/7824, 100.4 task/s, elapsed: 75s, ETA:     2s[>>>>>>>>>>>>>>>>>>>>>>>>> ] 7580/7824, 100.4 task/s, elapsed: 75s, ETA:     2s[>>>>>>>>>>>>>>>>>>>>>>>>> ] 7581/7824, 100.4 task/s, elapsed: 75s, ETA:     2s[>>>>>>>>>>>>>>>>>>>>>>>>> ] 7582/7824, 100.4 task/s, elapsed: 75s, ETA:     2s[>>>>>>>>>>>>>>>>>>>>>>>>> ] 7583/7824, 100.4 task/s, elapsed: 75s, ETA:     2s[>>>>>>>>>>>>>>>>>>>>>>>>> ] 7584/7824, 100.4 task/s, elapsed: 76s, ETA:     2s[>>>>>>>>>>>>>>>>>>>>>>>>> ] 7585/7824, 100.4 task/s, elapsed: 76s, ETA:     2s[>>>>>>>>>>>>>>>>>>>>>>>>> ] 7586/7824, 100.4 task/s, elapsed: 76s, ETA:     2s[>>>>>>>>>>>>>>>>>>>>>>>>> ] 7587/7824, 100.4 task/s, elapsed: 76s, ETA:     2s[>>>>>>>>>>>>>>>>>>>>>>>>> ] 7588/7824, 100.4 task/s, elapsed: 76s, ETA:     2s[>>>>>>>>>>>>>>>>>>>>>>>>> ] 7589/7824, 100.4 task/s, elapsed: 76s, ETA:     2s[>>>>>>>>>>>>>>>>>>>>>>>>> ] 7590/7824, 100.4 task/s, elapsed: 76s, ETA:     2s[>>>>>>>>>>>>>>>>>>>>>>>>> ] 7591/7824, 100.4 task/s, elapsed: 76s, ETA:     2s[>>>>>>>>>>>>>>>>>>>>>>>>> ] 7592/7824, 100.5 task/s, elapsed: 76s, ETA:     2s[>>>>>>>>>>>>>>>>>>>>>>>>> ] 7593/7824, 100.5 task/s, elapsed: 76s, ETA:     2s[>>>>>>>>>>>>>>>>>>>>>>>>> ] 7594/7824, 100.5 task/s, elapsed: 76s, ETA:     2s[>>>>>>>>>>>>>>>>>>>>>>>>> ] 7595/7824, 100.5 task/s, elapsed: 76s, ETA:     2s[>>>>>>>>>>>>>>>>>>>>>>>>> ] 7596/7824, 100.5 task/s, elapsed: 76s, ETA:     2s[>>>>>>>>>>>>>>>>>>>>>>>>> ] 7597/7824, 100.5 task/s, elapsed: 76s, ETA:     2s[>>>>>>>>>>>>>>>>>>>>>>>>> ] 7598/7824, 100.5 task/s, elapsed: 76s, ETA:     2s[>>>>>>>>>>>>>>>>>>>>>>>>> ] 7599/7824, 100.5 task/s, elapsed: 76s, ETA:     2s[>>>>>>>>>>>>>>>>>>>>>>>>> ] 7600/7824, 100.5 task/s, elapsed: 76s, ETA:     2s[>>>>>>>>>>>>>>>>>>>>>>>>> ] 7601/7824, 100.5 task/s, elapsed: 76s, ETA:     2s[>>>>>>>>>>>>>>>>>>>>>>>>> ] 7602/7824, 100.5 task/s, elapsed: 76s, ETA:     2s[>>>>>>>>>>>>>>>>>>>>>>>>> ] 7603/7824, 100.5 task/s, elapsed: 76s, ETA:     2s[>>>>>>>>>>>>>>>>>>>>>>>>> ] 7604/7824, 100.5 task/s, elapsed: 76s, ETA:     2s[>>>>>>>>>>>>>>>>>>>>>>>>> ] 7605/7824, 100.5 task/s, elapsed: 76s, ETA:     2s[>>>>>>>>>>>>>>>>>>>>>>>>> ] 7606/7824, 100.5 task/s, elapsed: 76s, ETA:     2s[>>>>>>>>>>>>>>>>>>>>>>>>> ] 7607/7824, 100.5 task/s, elapsed: 76s, ETA:     2s[>>>>>>>>>>>>>>>>>>>>>>>>> ] 7608/7824, 100.5 task/s, elapsed: 76s, ETA:     2s[>>>>>>>>>>>>>>>>>>>>>>>>> ] 7609/7824, 100.5 task/s, elapsed: 76s, ETA:     2s[>>>>>>>>>>>>>>>>>>>>>>>>> ] 7610/7824, 100.5 task/s, elapsed: 76s, ETA:     2s[>>>>>>>>>>>>>>>>>>>>>>>>> ] 7611/7824, 100.5 task/s, elapsed: 76s, ETA:     2s[>>>>>>>>>>>>>>>>>>>>>>>>> ] 7612/7824, 100.5 task/s, elapsed: 76s, ETA:     2s[>>>>>>>>>>>>>>>>>>>>>>>>> ] 7613/7824, 100.5 task/s, elapsed: 76s, ETA:     2s[>>>>>>>>>>>>>>>>>>>>>>>>> ] 7614/7824, 100.5 task/s, elapsed: 76s, ETA:     2s[>>>>>>>>>>>>>>>>>>>>>>>>> ] 7615/7824, 100.5 task/s, elapsed: 76s, ETA:     2s[>>>>>>>>>>>>>>>>>>>>>>>>> ] 7616/7824, 100.5 task/s, elapsed: 76s, ETA:     2s[>>>>>>>>>>>>>>>>>>>>>>>>> ] 7617/7824, 100.5 task/s, elapsed: 76s, ETA:     2s[>>>>>>>>>>>>>>>>>>>>>>>>> ] 7618/7824, 100.5 task/s, elapsed: 76s, ETA:     2s[>>>>>>>>>>>>>>>>>>>>>>>>> ] 7619/7824, 100.5 task/s, elapsed: 76s, ETA:     2s[>>>>>>>>>>>>>>>>>>>>>>>>> ] 7620/7824, 100.5 task/s, elapsed: 76s, ETA:     2s[>>>>>>>>>>>>>>>>>>>>>>>>> ] 7621/7824, 100.5 task/s, elapsed: 76s, ETA:     2s[>>>>>>>>>>>>>>>>>>>>>>>>> ] 7622/7824, 100.5 task/s, elapsed: 76s, ETA:     2s[>>>>>>>>>>>>>>>>>>>>>>>>> ] 7623/7824, 100.5 task/s, elapsed: 76s, ETA:     2s[>>>>>>>>>>>>>>>>>>>>>>>>> ] 7624/7824, 100.5 task/s, elapsed: 76s, ETA:     2s[>>>>>>>>>>>>>>>>>>>>>>>>> ] 7625/7824, 100.5 task/s, elapsed: 76s, ETA:     2s[>>>>>>>>>>>>>>>>>>>>>>>>> ] 7626/7824, 100.5 task/s, elapsed: 76s, ETA:     2s[>>>>>>>>>>>>>>>>>>>>>>>>> ] 7627/7824, 100.5 task/s, elapsed: 76s, ETA:     2s[>>>>>>>>>>>>>>>>>>>>>>>>> ] 7628/7824, 100.5 task/s, elapsed: 76s, ETA:     2s[>>>>>>>>>>>>>>>>>>>>>>>>> ] 7629/7824, 100.5 task/s, elapsed: 76s, ETA:     2s[>>>>>>>>>>>>>>>>>>>>>>>>> ] 7630/7824, 100.5 task/s, elapsed: 76s, ETA:     2s[>>>>>>>>>>>>>>>>>>>>>>>>> ] 7631/7824, 100.5 task/s, elapsed: 76s, ETA:     2s[>>>>>>>>>>>>>>>>>>>>>>>>> ] 7632/7824, 100.5 task/s, elapsed: 76s, ETA:     2s[>>>>>>>>>>>>>>>>>>>>>>>>> ] 7633/7824, 100.5 task/s, elapsed: 76s, ETA:     2s[>>>>>>>>>>>>>>>>>>>>>>>>> ] 7634/7824, 100.5 task/s, elapsed: 76s, ETA:     2s[>>>>>>>>>>>>>>>>>>>>>>>>> ] 7635/7824, 100.5 task/s, elapsed: 76s, ETA:     2s[>>>>>>>>>>>>>>>>>>>>>>>>> ] 7636/7824, 100.5 task/s, elapsed: 76s, ETA:     2s[>>>>>>>>>>>>>>>>>>>>>>>>> ] 7637/7824, 100.5 task/s, elapsed: 76s, ETA:     2s[>>>>>>>>>>>>>>>>>>>>>>>>> ] 7638/7824, 100.5 task/s, elapsed: 76s, ETA:     2s[>>>>>>>>>>>>>>>>>>>>>>>>> ] 7639/7824, 100.5 task/s, elapsed: 76s, ETA:     2s[>>>>>>>>>>>>>>>>>>>>>>>>> ] 7640/7824, 100.5 task/s, elapsed: 76s, ETA:     2s[>>>>>>>>>>>>>>>>>>>>>>>>> ] 7641/7824, 100.5 task/s, elapsed: 76s, ETA:     2s[>>>>>>>>>>>>>>>>>>>>>>>>> ] 7642/7824, 100.5 task/s, elapsed: 76s, ETA:     2s[>>>>>>>>>>>>>>>>>>>>>>>>> ] 7643/7824, 100.5 task/s, elapsed: 76s, ETA:     2s[>>>>>>>>>>>>>>>>>>>>>>>>> ] 7644/7824, 100.5 task/s, elapsed: 76s, ETA:     2s[>>>>>>>>>>>>>>>>>>>>>>>>> ] 7645/7824, 100.5 task/s, elapsed: 76s, ETA:     2s[>>>>>>>>>>>>>>>>>>>>>>>>> ] 7646/7824, 100.4 task/s, elapsed: 76s, ETA:     2s[>>>>>>>>>>>>>>>>>>>>>>>>> ] 7647/7824, 100.4 task/s, elapsed: 76s, ETA:     2s[>>>>>>>>>>>>>>>>>>>>>>>>> ] 7648/7824, 100.4 task/s, elapsed: 76s, ETA:     2s[>>>>>>>>>>>>>>>>>>>>>>>>> ] 7649/7824, 100.4 task/s, elapsed: 76s, ETA:     2s[>>>>>>>>>>>>>>>>>>>>>>>>> ] 7650/7824, 100.4 task/s, elapsed: 76s, ETA:     2s[>>>>>>>>>>>>>>>>>>>>>>>>> ] 7651/7824, 100.4 task/s, elapsed: 76s, ETA:     2s[>>>>>>>>>>>>>>>>>>>>>>>>> ] 7652/7824, 100.4 task/s, elapsed: 76s, ETA:     2s[>>>>>>>>>>>>>>>>>>>>>>>>> ] 7653/7824, 100.4 task/s, elapsed: 76s, ETA:     2s[>>>>>>>>>>>>>>>>>>>>>>>>> ] 7654/7824, 100.4 task/s, elapsed: 76s, ETA:     2s[>>>>>>>>>>>>>>>>>>>>>>>>> ] 7655/7824, 100.4 task/s, elapsed: 76s, ETA:     2s[>>>>>>>>>>>>>>>>>>>>>>>>> ] 7656/7824, 100.4 task/s, elapsed: 76s, ETA:     2s[>>>>>>>>>>>>>>>>>>>>>>>>> ] 7657/7824, 100.4 task/s, elapsed: 76s, ETA:     2s[>>>>>>>>>>>>>>>>>>>>>>>>> ] 7658/7824, 100.4 task/s, elapsed: 76s, ETA:     2s[>>>>>>>>>>>>>>>>>>>>>>>>> ] 7659/7824, 100.4 task/s, elapsed: 76s, ETA:     2s[>>>>>>>>>>>>>>>>>>>>>>>>> ] 7660/7824, 100.4 task/s, elapsed: 76s, ETA:     2s[>>>>>>>>>>>>>>>>>>>>>>>>> ] 7661/7824, 100.4 task/s, elapsed: 76s, ETA:     2s[>>>>>>>>>>>>>>>>>>>>>>>>> ] 7662/7824, 100.4 task/s, elapsed: 76s, ETA:     2s[>>>>>>>>>>>>>>>>>>>>>>>>> ] 7663/7824, 100.4 task/s, elapsed: 76s, ETA:     2s[>>>>>>>>>>>>>>>>>>>>>>>>> ] 7664/7824, 100.4 task/s, elapsed: 76s, ETA:     2s[>>>>>>>>>>>>>>>>>>>>>>>>> ] 7665/7824, 100.4 task/s, elapsed: 76s, ETA:     2s[>>>>>>>>>>>>>>>>>>>>>>>>> ] 7666/7824, 100.4 task/s, elapsed: 76s, ETA:     2s[>>>>>>>>>>>>>>>>>>>>>>>>> ] 7667/7824, 100.4 task/s, elapsed: 76s, ETA:     2s[>>>>>>>>>>>>>>>>>>>>>>>>> ] 7668/7824, 100.3 task/s, elapsed: 76s, ETA:     2s[>>>>>>>>>>>>>>>>>>>>>>>>> ] 7669/7824, 100.3 task/s, elapsed: 76s, ETA:     2s[>>>>>>>>>>>>>>>>>>>>>>>>> ] 7670/7824, 100.3 task/s, elapsed: 76s, ETA:     2s[>>>>>>>>>>>>>>>>>>>>>>>>> ] 7671/7824, 100.3 task/s, elapsed: 76s, ETA:     2s[>>>>>>>>>>>>>>>>>>>>>>>>> ] 7672/7824, 100.3 task/s, elapsed: 76s, ETA:     2s[>>>>>>>>>>>>>>>>>>>>>>>>> ] 7673/7824, 100.3 task/s, elapsed: 76s, ETA:     2s[>>>>>>>>>>>>>>>>>>>>>>>>> ] 7674/7824, 100.3 task/s, elapsed: 76s, ETA:     1s[>>>>>>>>>>>>>>>>>>>>>>>>> ] 7675/7824, 100.3 task/s, elapsed: 77s, ETA:     1s[>>>>>>>>>>>>>>>>>>>>>>>>> ] 7676/7824, 100.3 task/s, elapsed: 77s, ETA:     1s[>>>>>>>>>>>>>>>>>>>>>>>>> ] 7677/7824, 100.3 task/s, elapsed: 77s, ETA:     1s[>>>>>>>>>>>>>>>>>>>>>>>>> ] 7678/7824, 100.3 task/s, elapsed: 77s, ETA:     1s[>>>>>>>>>>>>>>>>>>>>>>>>> ] 7679/7824, 100.3 task/s, elapsed: 77s, ETA:     1s[>>>>>>>>>>>>>>>>>>>>>>>>> ] 7680/7824, 100.3 task/s, elapsed: 77s, ETA:     1s[>>>>>>>>>>>>>>>>>>>>>>>>> ] 7681/7824, 100.3 task/s, elapsed: 77s, ETA:     1s[>>>>>>>>>>>>>>>>>>>>>>>>> ] 7682/7824, 100.3 task/s, elapsed: 77s, ETA:     1s[>>>>>>>>>>>>>>>>>>>>>>>>> ] 7683/7824, 100.3 task/s, elapsed: 77s, ETA:     1s[>>>>>>>>>>>>>>>>>>>>>>>>> ] 7684/7824, 100.3 task/s, elapsed: 77s, ETA:     1s[>>>>>>>>>>>>>>>>>>>>>>>>> ] 7685/7824, 100.3 task/s, elapsed: 77s, ETA:     1s[>>>>>>>>>>>>>>>>>>>>>>>>> ] 7686/7824, 100.3 task/s, elapsed: 77s, ETA:     1s[>>>>>>>>>>>>>>>>>>>>>>>>> ] 7687/7824, 100.3 task/s, elapsed: 77s, ETA:     1s[>>>>>>>>>>>>>>>>>>>>>>>>> ] 7688/7824, 100.3 task/s, elapsed: 77s, ETA:     1s[>>>>>>>>>>>>>>>>>>>>>>>>> ] 7689/7824, 100.3 task/s, elapsed: 77s, ETA:     1s[>>>>>>>>>>>>>>>>>>>>>>>>> ] 7690/7824, 100.2 task/s, elapsed: 77s, ETA:     1s[>>>>>>>>>>>>>>>>>>>>>>>>> ] 7691/7824, 100.2 task/s, elapsed: 77s, ETA:     1s[>>>>>>>>>>>>>>>>>>>>>>>>> ] 7692/7824, 100.2 task/s, elapsed: 77s, ETA:     1s[>>>>>>>>>>>>>>>>>>>>>>>>> ] 7693/7824, 100.2 task/s, elapsed: 77s, ETA:     1s[>>>>>>>>>>>>>>>>>>>>>>>>> ] 7694/7824, 100.2 task/s, elapsed: 77s, ETA:     1s[>>>>>>>>>>>>>>>>>>>>>>>>> ] 7695/7824, 100.2 task/s, elapsed: 77s, ETA:     1s[>>>>>>>>>>>>>>>>>>>>>>>>> ] 7696/7824, 100.2 task/s, elapsed: 77s, ETA:     1s[>>>>>>>>>>>>>>>>>>>>>>>>> ] 7697/7824, 100.2 task/s, elapsed: 77s, ETA:     1s[>>>>>>>>>>>>>>>>>>>>>>>>> ] 7698/7824, 100.2 task/s, elapsed: 77s, ETA:     1s[>>>>>>>>>>>>>>>>>>>>>>>>> ] 7699/7824, 100.2 task/s, elapsed: 77s, ETA:     1s[>>>>>>>>>>>>>>>>>>>>>>>>> ] 7700/7824, 100.2 task/s, elapsed: 77s, ETA:     1s[>>>>>>>>>>>>>>>>>>>>>>>>> ] 7701/7824, 100.2 task/s, elapsed: 77s, ETA:     1s[>>>>>>>>>>>>>>>>>>>>>>>>> ] 7702/7824, 100.2 task/s, elapsed: 77s, ETA:     1s[>>>>>>>>>>>>>>>>>>>>>>>>> ] 7703/7824, 100.2 task/s, elapsed: 77s, ETA:     1s[>>>>>>>>>>>>>>>>>>>>>>>>> ] 7704/7824, 100.2 task/s, elapsed: 77s, ETA:     1s[>>>>>>>>>>>>>>>>>>>>>>>>> ] 7705/7824, 100.2 task/s, elapsed: 77s, ETA:     1s[>>>>>>>>>>>>>>>>>>>>>>>>> ] 7706/7824, 100.2 task/s, elapsed: 77s, ETA:     1s[>>>>>>>>>>>>>>>>>>>>>>>>> ] 7707/7824, 100.2 task/s, elapsed: 77s, ETA:     1s[>>>>>>>>>>>>>>>>>>>>>>>>> ] 7708/7824, 100.2 task/s, elapsed: 77s, ETA:     1s[>>>>>>>>>>>>>>>>>>>>>>>>> ] 7709/7824, 100.2 task/s, elapsed: 77s, ETA:     1s[>>>>>>>>>>>>>>>>>>>>>>>>> ] 7710/7824, 100.2 task/s, elapsed: 77s, ETA:     1s[>>>>>>>>>>>>>>>>>>>>>>>>> ] 7711/7824, 100.2 task/s, elapsed: 77s, ETA:     1s[>>>>>>>>>>>>>>>>>>>>>>>>> ] 7712/7824, 100.1 task/s, elapsed: 77s, ETA:     1s[>>>>>>>>>>>>>>>>>>>>>>>>> ] 7713/7824, 100.1 task/s, elapsed: 77s, ETA:     1s[>>>>>>>>>>>>>>>>>>>>>>>>> ] 7714/7824, 100.1 task/s, elapsed: 77s, ETA:     1s[>>>>>>>>>>>>>>>>>>>>>>>>> ] 7715/7824, 100.1 task/s, elapsed: 77s, ETA:     1s[>>>>>>>>>>>>>>>>>>>>>>>>> ] 7716/7824, 100.1 task/s, elapsed: 77s, ETA:     1s[>>>>>>>>>>>>>>>>>>>>>>>>> ] 7717/7824, 100.1 task/s, elapsed: 77s, ETA:     1s[>>>>>>>>>>>>>>>>>>>>>>>>> ] 7718/7824, 100.1 task/s, elapsed: 77s, ETA:     1s[>>>>>>>>>>>>>>>>>>>>>>>>> ] 7719/7824, 100.1 task/s, elapsed: 77s, ETA:     1s[>>>>>>>>>>>>>>>>>>>>>>>>> ] 7720/7824, 100.1 task/s, elapsed: 77s, ETA:     1s[>>>>>>>>>>>>>>>>>>>>>>>>> ] 7721/7824, 100.1 task/s, elapsed: 77s, ETA:     1s[>>>>>>>>>>>>>>>>>>>>>>>>> ] 7722/7824, 100.1 task/s, elapsed: 77s, ETA:     1s[>>>>>>>>>>>>>>>>>>>>>>>>> ] 7723/7824, 100.1 task/s, elapsed: 77s, ETA:     1s[>>>>>>>>>>>>>>>>>>>>>>>>> ] 7724/7824, 100.1 task/s, elapsed: 77s, ETA:     1s[>>>>>>>>>>>>>>>>>>>>>>>>> ] 7725/7824, 100.1 task/s, elapsed: 77s, ETA:     1s[>>>>>>>>>>>>>>>>>>>>>>>>> ] 7726/7824, 100.1 task/s, elapsed: 77s, ETA:     1s[>>>>>>>>>>>>>>>>>>>>>>>>> ] 7727/7824, 100.1 task/s, elapsed: 77s, ETA:     1s[>>>>>>>>>>>>>>>>>>>>>>>>> ] 7728/7824, 100.1 task/s, elapsed: 77s, ETA:     1s[>>>>>>>>>>>>>>>>>>>>>>>>> ] 7729/7824, 100.1 task/s, elapsed: 77s, ETA:     1s[>>>>>>>>>>>>>>>>>>>>>>>>> ] 7730/7824, 100.1 task/s, elapsed: 77s, ETA:     1s[>>>>>>>>>>>>>>>>>>>>>>>>> ] 7731/7824, 100.1 task/s, elapsed: 77s, ETA:     1s[>>>>>>>>>>>>>>>>>>>>>>>>> ] 7732/7824, 100.1 task/s, elapsed: 77s, ETA:     1s[>>>>>>>>>>>>>>>>>>>>>>>>> ] 7733/7824, 100.1 task/s, elapsed: 77s, ETA:     1s[>>>>>>>>>>>>>>>>>>>>>>>>> ] 7734/7824, 100.0 task/s, elapsed: 77s, ETA:     1s[>>>>>>>>>>>>>>>>>>>>>>>>> ] 7735/7824, 100.0 task/s, elapsed: 77s, ETA:     1s[>>>>>>>>>>>>>>>>>>>>>>>>> ] 7736/7824, 100.0 task/s, elapsed: 77s, ETA:     1s[>>>>>>>>>>>>>>>>>>>>>>>>> ] 7737/7824, 100.0 task/s, elapsed: 77s, ETA:     1s[>>>>>>>>>>>>>>>>>>>>>>>>> ] 7738/7824, 100.0 task/s, elapsed: 77s, ETA:     1s[>>>>>>>>>>>>>>>>>>>>>>>>> ] 7739/7824, 100.0 task/s, elapsed: 77s, ETA:     1s[>>>>>>>>>>>>>>>>>>>>>>>>> ] 7740/7824, 100.0 task/s, elapsed: 77s, ETA:     1s[>>>>>>>>>>>>>>>>>>>>>>>>> ] 7741/7824, 100.0 task/s, elapsed: 77s, ETA:     1s[>>>>>>>>>>>>>>>>>>>>>>>>> ] 7742/7824, 100.0 task/s, elapsed: 77s, ETA:     1s[>>>>>>>>>>>>>>>>>>>>>>>>> ] 7743/7824, 100.0 task/s, elapsed: 77s, ETA:     1s[>>>>>>>>>>>>>>>>>>>>>>>>> ] 7744/7824, 100.0 task/s, elapsed: 77s, ETA:     1s[>>>>>>>>>>>>>>>>>>>>>>>>> ] 7745/7824, 100.0 task/s, elapsed: 77s, ETA:     1s[>>>>>>>>>>>>>>>>>>>>>>>>> ] 7746/7824, 100.0 task/s, elapsed: 77s, ETA:     1s[>>>>>>>>>>>>>>>>>>>>>>>>> ] 7747/7824, 100.0 task/s, elapsed: 77s, ETA:     1s[>>>>>>>>>>>>>>>>>>>>>>>>> ] 7748/7824, 100.0 task/s, elapsed: 77s, ETA:     1s[>>>>>>>>>>>>>>>>>>>>>>>>> ] 7749/7824, 100.0 task/s, elapsed: 78s, ETA:     1s[>>>>>>>>>>>>>>>>>>>>>>>>> ] 7750/7824, 100.0 task/s, elapsed: 78s, ETA:     1s[>>>>>>>>>>>>>>>>>>>>>>>>> ] 7751/7824, 100.0 task/s, elapsed: 78s, ETA:     1s[>>>>>>>>>>>>>>>>>>>>>>>>> ] 7752/7824, 100.0 task/s, elapsed: 78s, ETA:     1s[>>>>>>>>>>>>>>>>>>>>>>>>> ] 7753/7824, 100.0 task/s, elapsed: 78s, ETA:     1s[>>>>>>>>>>>>>>>>>>>>>>>>> ] 7754/7824, 100.0 task/s, elapsed: 78s, ETA:     1s[>>>>>>>>>>>>>>>>>>>>>>>>> ] 7755/7824, 100.0 task/s, elapsed: 78s, ETA:     1s[>>>>>>>>>>>>>>>>>>>>>>>>> ] 7756/7824, 100.0 task/s, elapsed: 78s, ETA:     1s[>>>>>>>>>>>>>>>>>>>>>>>>>> ] 7757/7824, 99.9 task/s, elapsed: 78s, ETA:     1s[>>>>>>>>>>>>>>>>>>>>>>>>>> ] 7758/7824, 99.9 task/s, elapsed: 78s, ETA:     1s[>>>>>>>>>>>>>>>>>>>>>>>>>> ] 7759/7824, 99.9 task/s, elapsed: 78s, ETA:     1s[>>>>>>>>>>>>>>>>>>>>>>>>>> ] 7760/7824, 99.9 task/s, elapsed: 78s, ETA:     1s[>>>>>>>>>>>>>>>>>>>>>>>>>> ] 7761/7824, 99.9 task/s, elapsed: 78s, ETA:     1s[>>>>>>>>>>>>>>>>>>>>>>>>>> ] 7762/7824, 99.9 task/s, elapsed: 78s, ETA:     1s[>>>>>>>>>>>>>>>>>>>>>>>>>> ] 7763/7824, 99.9 task/s, elapsed: 78s, ETA:     1s[>>>>>>>>>>>>>>>>>>>>>>>>>> ] 7764/7824, 99.9 task/s, elapsed: 78s, ETA:     1s[>>>>>>>>>>>>>>>>>>>>>>>>>> ] 7765/7824, 99.9 task/s, elapsed: 78s, ETA:     1s[>>>>>>>>>>>>>>>>>>>>>>>>>> ] 7766/7824, 99.9 task/s, elapsed: 78s, ETA:     1s[>>>>>>>>>>>>>>>>>>>>>>>>>> ] 7767/7824, 99.9 task/s, elapsed: 78s, ETA:     1s[>>>>>>>>>>>>>>>>>>>>>>>>>> ] 7768/7824, 99.9 task/s, elapsed: 78s, ETA:     1s[>>>>>>>>>>>>>>>>>>>>>>>>>> ] 7769/7824, 99.9 task/s, elapsed: 78s, ETA:     1s[>>>>>>>>>>>>>>>>>>>>>>>>>> ] 7770/7824, 99.9 task/s, elapsed: 78s, ETA:     1s[>>>>>>>>>>>>>>>>>>>>>>>>>> ] 7771/7824, 99.9 task/s, elapsed: 78s, ETA:     1s[>>>>>>>>>>>>>>>>>>>>>>>>>> ] 7772/7824, 99.9 task/s, elapsed: 78s, ETA:     1s[>>>>>>>>>>>>>>>>>>>>>>>>>> ] 7773/7824, 99.9 task/s, elapsed: 78s, ETA:     1s[>>>>>>>>>>>>>>>>>>>>>>>>>> ] 7774/7824, 99.9 task/s, elapsed: 78s, ETA:     1s[>>>>>>>>>>>>>>>>>>>>>>>>>> ] 7775/7824, 99.9 task/s, elapsed: 78s, ETA:     0s[>>>>>>>>>>>>>>>>>>>>>>>>>> ] 7776/7824, 99.9 task/s, elapsed: 78s, ETA:     0s[>>>>>>>>>>>>>>>>>>>>>>>>>> ] 7777/7824, 99.9 task/s, elapsed: 78s, ETA:     0s[>>>>>>>>>>>>>>>>>>>>>>>>>> ] 7778/7824, 99.9 task/s, elapsed: 78s, ETA:     0s[>>>>>>>>>>>>>>>>>>>>>>>>>> ] 7779/7824, 99.8 task/s, elapsed: 78s, ETA:     0s[>>>>>>>>>>>>>>>>>>>>>>>>>> ] 7780/7824, 99.8 task/s, elapsed: 78s, ETA:     0s[>>>>>>>>>>>>>>>>>>>>>>>>>> ] 7781/7824, 99.8 task/s, elapsed: 78s, ETA:     0s[>>>>>>>>>>>>>>>>>>>>>>>>>> ] 7782/7824, 99.8 task/s, elapsed: 78s, ETA:     0s[>>>>>>>>>>>>>>>>>>>>>>>>>> ] 7783/7824, 99.8 task/s, elapsed: 78s, ETA:     0s[>>>>>>>>>>>>>>>>>>>>>>>>>> ] 7784/7824, 99.8 task/s, elapsed: 78s, ETA:     0s[>>>>>>>>>>>>>>>>>>>>>>>>>> ] 7785/7824, 99.8 task/s, elapsed: 78s, ETA:     0s[>>>>>>>>>>>>>>>>>>>>>>>>>> ] 7786/7824, 99.8 task/s, elapsed: 78s, ETA:     0s[>>>>>>>>>>>>>>>>>>>>>>>>>> ] 7787/7824, 99.8 task/s, elapsed: 78s, ETA:     0s[>>>>>>>>>>>>>>>>>>>>>>>>>> ] 7788/7824, 99.8 task/s, elapsed: 78s, ETA:     0s[>>>>>>>>>>>>>>>>>>>>>>>>>> ] 7789/7824, 99.8 task/s, elapsed: 78s, ETA:     0s[>>>>>>>>>>>>>>>>>>>>>>>>>> ] 7790/7824, 99.8 task/s, elapsed: 78s, ETA:     0s[>>>>>>>>>>>>>>>>>>>>>>>>>> ] 7791/7824, 99.8 task/s, elapsed: 78s, ETA:     0s[>>>>>>>>>>>>>>>>>>>>>>>>>> ] 7792/7824, 99.8 task/s, elapsed: 78s, ETA:     0s[>>>>>>>>>>>>>>>>>>>>>>>>>> ] 7793/7824, 99.8 task/s, elapsed: 78s, ETA:     0s[>>>>>>>>>>>>>>>>>>>>>>>>>> ] 7794/7824, 99.8 task/s, elapsed: 78s, ETA:     0s[>>>>>>>>>>>>>>>>>>>>>>>>>> ] 7795/7824, 99.8 task/s, elapsed: 78s, ETA:     0s[>>>>>>>>>>>>>>>>>>>>>>>>>> ] 7796/7824, 99.8 task/s, elapsed: 78s, ETA:     0s[>>>>>>>>>>>>>>>>>>>>>>>>>> ] 7797/7824, 99.8 task/s, elapsed: 78s, ETA:     0s[>>>>>>>>>>>>>>>>>>>>>>>>>> ] 7798/7824, 99.8 task/s, elapsed: 78s, ETA:     0s[>>>>>>>>>>>>>>>>>>>>>>>>>> ] 7799/7824, 99.8 task/s, elapsed: 78s, ETA:     0s[>>>>>>>>>>>>>>>>>>>>>>>>>> ] 7800/7824, 99.8 task/s, elapsed: 78s, ETA:     0s[>>>>>>>>>>>>>>>>>>>>>>>>>> ] 7801/7824, 99.8 task/s, elapsed: 78s, ETA:     0s[>>>>>>>>>>>>>>>>>>>>>>>>>> ] 7802/7824, 99.8 task/s, elapsed: 78s, ETA:     0s[>>>>>>>>>>>>>>>>>>>>>>>>>> ] 7803/7824, 99.8 task/s, elapsed: 78s, ETA:     0s[>>>>>>>>>>>>>>>>>>>>>>>>>> ] 7804/7824, 99.7 task/s, elapsed: 78s, ETA:     0s[>>>>>>>>>>>>>>>>>>>>>>>>>> ] 7805/7824, 99.7 task/s, elapsed: 78s, ETA:     0s[>>>>>>>>>>>>>>>>>>>>>>>>>> ] 7806/7824, 99.7 task/s, elapsed: 78s, ETA:     0s[>>>>>>>>>>>>>>>>>>>>>>>>>> ] 7807/7824, 99.7 task/s, elapsed: 78s, ETA:     0s[>>>>>>>>>>>>>>>>>>>>>>>>>> ] 7808/7824, 99.7 task/s, elapsed: 78s, ETA:     0s[>>>>>>>>>>>>>>>>>>>>>>>>>> ] 7809/7824, 99.7 task/s, elapsed: 78s, ETA:     0s[>>>>>>>>>>>>>>>>>>>>>>>>>> ] 7810/7824, 99.7 task/s, elapsed: 78s, ETA:     0s[>>>>>>>>>>>>>>>>>>>>>>>>>> ] 7811/7824, 99.7 task/s, elapsed: 78s, ETA:     0s[>>>>>>>>>>>>>>>>>>>>>>>>>> ] 7812/7824, 99.7 task/s, elapsed: 78s, ETA:     0s[>>>>>>>>>>>>>>>>>>>>>>>>>> ] 7813/7824, 99.7 task/s, elapsed: 78s, ETA:     0s[>>>>>>>>>>>>>>>>>>>>>>>>>> ] 7814/7824, 99.7 task/s, elapsed: 78s, ETA:     0s[>>>>>>>>>>>>>>>>>>>>>>>>>> ] 7815/7824, 99.7 task/s, elapsed: 78s, ETA:     0s[>>>>>>>>>>>>>>>>>>>>>>>>>> ] 7816/7824, 99.7 task/s, elapsed: 78s, ETA:     0s[>>>>>>>>>>>>>>>>>>>>>>>>>> ] 7817/7824, 99.7 task/s, elapsed: 78s, ETA:     0s[>>>>>>>>>>>>>>>>>>>>>>>>>> ] 7818/7824, 99.7 task/s, elapsed: 78s, ETA:     0s[>>>>>>>>>>>>>>>>>>>>>>>>>> ] 7819/7824, 99.7 task/s, elapsed: 78s, ETA:     0s[>>>>>>>>>>>>>>>>>>>>>>>>>> ] 7820/7824, 99.7 task/s, elapsed: 78s, ETA:     0s[>>>>>>>>>>>>>>>>>>>>>>>>>> ] 7821/7824, 99.7 task/s, elapsed: 78s, ETA:     0s[>>>>>>>>>>>>>>>>>>>>>>>>>> ] 7822/7824, 99.7 task/s, elapsed: 78s, ETA:     0s[>>>>>>>>>>>>>>>>>>>>>>>>>> ] 7823/7824, 99.7 task/s, elapsed: 78s, ETA:     0s[>>>>>>>>>>>>>>>>>>>>>>>>>>>] 7824/7824, 99.7 task/s, elapsed: 78s, ETA:     0s2026-06-04 11:44:49,837 - mmdet - INFO - Exp name: wi_tidir_wifi_mamba2_flattened.py
2026-06-04 11:44:49,838 - mmdet - INFO - Epoch(val) [5][7824]	mpjpe: 220.0089, mpjpeh: 105.0253, mpjpev: 125.8631, mpjped: 89.9068, mpjpe_1p: 181.8133, mpjpe_2p: 231.1850, mpjpe_3p: 250.7729, count_1p: 2586, count_2p: 3184, count_3p: 2054, matched_1p: 2586, matched_2p: 3184, matched_3p: 2054

============================================================
               EVALUATION REPORT
============================================================
MPJPE Overall:   220.01 mm
PJDLE (horiz):   105.03 mm
PJDLE (depth):   125.86 mm
PJDLE (vert):    89.91 mm
------------------------------------------------------------
          MPJPE BY NUMBER OF PERSONS
------------------------------------------------------------
  1-person:  181.81 mm  (n=2586, matched=2586)
  2-person:  231.18 mm  (n=3184, matched=3184)
  3-person:  250.77 mm  (n=2054, matched=2054)
------------------------------------------------------------
          PER-JOINT MPJPE (mm)
------------------------------------------------------------
R_Ankle         | 348.14
R_Wrist         | 322.08
R_Hip           | 254.08
R_Elbow         | 244.58
R_Shoulder      | 212.46
Neck            | 208.56
L_Shoulder      | 208.00
Head            | 198.88
L_Wrist         | 188.84
L_Elbow         | 185.92
L_Knee          | 179.97
L_Hip           | 178.09
L_Ankle         | 176.56
R_Knee          | 173.97
------------------------------------------------------------
          BONE LENGTH ERROR (mm)
------------------------------------------------------------
R_Knee-R_Ankle            | 180.08
R_Elbow-R_Wrist           | 112.75
L_Hip-R_Hip               | 107.97
R_Hip-R_Knee              | 104.86
R_Shoulder-R_Elbow        | 46.97
L_Shoulder-L_Elbow        | 46.92
L_Shoulder-R_Shoulder     | 40.29
L_Hip-L_Knee              | 35.42
L_Knee-L_Ankle            | 32.58
L_Elbow-L_Wrist           | 32.11
============================================================
