/usr/local/envs/opera/lib/python3.10/site-packages/mmcv/__init__.py:20: UserWarning: On January 1, 2023, MMCV will release v2.0.0, in which it will remove components related to the training process and add a data transformation module. In addition, it will rename the package names mmcv to mmcv-lite and mmcv-full to mmcv. See https://github.com/open-mmlab/mmcv/blob/master/docs/en/compatibility.md for more details.
  warnings.warn(
/root/Person-in-WiFi-3D/third_party/mmdet/mmdet/utils/setup_env.py:38: UserWarning: Setting OMP_NUM_THREADS environment variable for each process to be 1 in default, to avoid your system being overloaded, please further tune the variable for optimal performance in your application as needed.
  warnings.warn(
/root/Person-in-WiFi-3D/third_party/mmdet/mmdet/utils/setup_env.py:48: UserWarning: Setting MKL_NUM_THREADS environment variable for each process to be 1 in default, to avoid your system being overloaded, please further tune the variable for optimal performance in your application as needed.
  warnings.warn(
2026-06-07 04:59:40,874 - mmdet - INFO - Environment info:
------------------------------------------------------------
sys.platform: linux
Python: 3.10.19 | packaged by conda-forge | (main, Oct 22 2025, 22:29:10) [GCC 14.3.0]
CUDA available: True
GPU 0: NVIDIA RTX 6000 Ada Generation
CUDA_HOME: /usr/local/envs/opera
NVCC: Cuda compilation tools, release 11.7, V11.7.99
GCC: gcc (Ubuntu 9.4.0-1ubuntu1~20.04.2) 9.4.0
PyTorch: 2.1.0+cu121
PyTorch compiling details: PyTorch built with:
  - GCC 9.3
  - C++ Version: 201703
  - Intel(R) oneAPI Math Kernel Library Version 2022.2-Product Build 20220804 for Intel(R) 64 architecture applications
  - Intel(R) MKL-DNN v3.1.1 (Git Hash 64f6bcbcbab628e96f33a62c3e975f8535a7bde4)
  - OpenMP 201511 (a.k.a. OpenMP 4.5)
  - LAPACK is enabled (usually provided by MKL)
  - NNPACK is enabled
  - CPU capability usage: AVX512
  - CUDA Runtime 12.1
  - NVCC architecture flags: -gencode;arch=compute_50,code=sm_50;-gencode;arch=compute_60,code=sm_60;-gencode;arch=compute_70,code=sm_70;-gencode;arch=compute_75,code=sm_75;-gencode;arch=compute_80,code=sm_80;-gencode;arch=compute_86,code=sm_86;-gencode;arch=compute_90,code=sm_90
  - CuDNN 8.9.2
  - Magma 2.6.1
  - Build settings: BLAS_INFO=mkl, BUILD_TYPE=Release, CUDA_VERSION=12.1, CUDNN_VERSION=8.9.2, CXX_COMPILER=/opt/rh/devtoolset-9/root/usr/bin/c++, CXX_FLAGS= -D_GLIBCXX_USE_CXX11_ABI=0 -fabi-version=11 -fvisibility-inlines-hidden -DUSE_PTHREADPOOL -DNDEBUG -DUSE_KINETO -DLIBKINETO_NOROCTRACER -DUSE_FBGEMM -DUSE_QNNPACK -DUSE_PYTORCH_QNNPACK -DUSE_XNNPACK -DSYMBOLICATE_MOBILE_DEBUG_HANDLE -O2 -fPIC -Wall -Wextra -Werror=return-type -Werror=non-virtual-dtor -Werror=bool-operation -Wnarrowing -Wno-missing-field-initializers -Wno-type-limits -Wno-array-bounds -Wno-unknown-pragmas -Wno-unused-parameter -Wno-unused-function -Wno-unused-result -Wno-strict-overflow -Wno-strict-aliasing -Wno-stringop-overflow -Wno-psabi -Wno-error=pedantic -Wno-error=old-style-cast -Wno-invalid-partial-specialization -Wno-unused-private-field -Wno-aligned-allocation-unavailable -Wno-missing-braces -fdiagnostics-color=always -faligned-new -Wno-unused-but-set-variable -Wno-maybe-uninitialized -fno-math-errno -fno-trapping-math -Werror=format -Werror=cast-function-type -Wno-stringop-overflow, LAPACK_INFO=mkl, PERF_WITH_AVX=1, PERF_WITH_AVX2=1, PERF_WITH_AVX512=1, TORCH_DISABLE_GPU_ASSERTS=ON, TORCH_VERSION=2.1.0, USE_CUDA=ON, USE_CUDNN=ON, USE_EXCEPTION_PTR=1, USE_GFLAGS=OFF, USE_GLOG=OFF, USE_MKL=ON, USE_MKLDNN=ON, USE_MPI=OFF, USE_NCCL=1, USE_NNPACK=ON, USE_OPENMP=ON, USE_ROCM=OFF, 

TorchVision: 0.16.0+cu121
OpenCV: 4.9.0
MMCV: 1.7.2
MMCV Compiler: GCC 9.3
MMCV CUDA Compiler: 11.8
MMDetection: 2.25.0+4ef6223
------------------------------------------------------------

2026-06-07 04:59:41,553 - mmdet - INFO - Distributed training: False
2026-06-07 04:59:42,176 - mmdet - INFO - Config:
dataset_type = 'opera.WifiPoseDataset'
data_root = 'data/wifipose'
meta_keys = []
train_pipeline = [
    dict(
        type='opera.DefaultFormatBundle',
        extra_keys=['gt_keypoints', 'gt_labels']),
    dict(
        type='mmdet.Collect',
        keys=['img', 'gt_bboxes', 'gt_labels', 'gt_keypoints', 'gt_areas'],
        meta_keys=[])
]
test_pipeline = [
    dict(
        type='mmdet.MultiScaleFlipAug',
        scale_factor=1.0,
        flip=False,
        transforms=[
            dict(
                type='opera.DefaultFormatBundle',
                extra_keys=['gt_keypoints', 'gt_labels']),
            dict(type='mmdet.Collect', keys=['img'], meta_keys=[])
        ])
]
data = dict(
    samples_per_gpu=32,
    workers_per_gpu=2,
    train=dict(
        type='opera.WifiPoseDataset',
        dataset_root='data/wifipose/train_data',
        pipeline=[
            dict(
                type='opera.DefaultFormatBundle',
                extra_keys=['gt_keypoints', 'gt_labels']),
            dict(
                type='mmdet.Collect',
                keys=[
                    'img', 'gt_bboxes', 'gt_labels', 'gt_keypoints', 'gt_areas'
                ],
                meta_keys=[])
        ],
        mode='train'),
    val=dict(
        type='opera.WifiPoseDataset',
        dataset_root='data/wifipose/test_data',
        pipeline=[
            dict(
                type='mmdet.MultiScaleFlipAug',
                scale_factor=1.0,
                flip=False,
                transforms=[
                    dict(
                        type='opera.DefaultFormatBundle',
                        extra_keys=['gt_keypoints', 'gt_labels']),
                    dict(type='mmdet.Collect', keys=['img'], meta_keys=[])
                ])
        ],
        mode='test'),
    test=dict(
        type='opera.WifiPoseDataset',
        dataset_root='data/wifipose/test_data',
        pipeline=[
            dict(
                type='mmdet.MultiScaleFlipAug',
                scale_factor=1.0,
                flip=False,
                transforms=[
                    dict(
                        type='opera.DefaultFormatBundle',
                        extra_keys=['gt_keypoints', 'gt_labels']),
                    dict(type='mmdet.Collect', keys=['img'], meta_keys=[])
                ])
        ],
        mode='test'))
evaluation = dict(interval=5, metric='mpjpe')
checkpoint_config = dict(interval=5, max_keep_ckpts=20)
log_config = dict(interval=50, hooks=[dict(type='TextLoggerHook')])
custom_hooks = [
    dict(type='NumClassCheckHook'),
    dict(
        type='BoneLossWarmupHook',
        target_weight=1.0,
        warmup_ratio=0.1,
        ramp_ratio=0.1)
]
dist_params = dict(backend='nccl')
log_level = 'INFO'
load_from = None
resume_from = None
workflow = [('train', 1)]
opencv_num_threads = 0
mp_start_method = 'fork'
auto_scale_lr = dict(enable=False, base_batch_size=16)
model = dict(
    type='opera.PETR',
    backbone=dict(
        type='WifiInputAdapter',
        in_channels=60,
        embed_dims=256,
        mode='spectral'),
    neck=None,
    bbox_head=dict(
        type='opera.WiTiDARHead',
        num_query=100,
        num_classes=1,
        in_channels=256,
        sync_cls_avg_factor=True,
        with_kpt_refine=True,
        as_two_stage=True,
        num_keypoints=14,
        transformer=dict(
            type='opera.PETRTransformer',
            num_keypoints=14,
            encoder=dict(
                type='mmcv.DetrTransformerEncoder',
                num_layers=6,
                transformerlayers=dict(
                    type='mmcv.BaseTransformerLayer',
                    attn_cfgs=dict(
                        type='mmcv.MultiheadAttention',
                        embed_dims=256,
                        num_heads=8,
                        dropout=0.1),
                    feedforward_channels=1024,
                    ffn_dropout=0.1,
                    operation_order=('self_attn', 'norm', 'ffn', 'norm'))),
            decoder=dict(
                type='opera.PetrTransformerDecoder',
                num_layers=3,
                num_keypoints=14,
                return_intermediate=True,
                transformerlayers=dict(
                    type='mmcv.DetrTransformerDecoderLayer',
                    attn_cfgs=[
                        dict(
                            type='mmcv.MultiheadAttention',
                            embed_dims=256,
                            num_heads=8,
                            dropout=0.1),
                        dict(
                            type='mmcv.MultiheadAttention',
                            embed_dims=256,
                            num_heads=8,
                            dropout=0.1)
                    ],
                    feedforward_channels=1024,
                    ffn_dropout=0.1,
                    operation_order=('self_attn', 'norm', 'cross_attn', 'norm',
                                     'ffn', 'norm'))),
            refine_decoder=dict(
                type='opera.PetrRefineTransformerDecoder',
                num_layers=2,
                return_intermediate=True,
                transformerlayers=dict(
                    type='mmcv.DetrTransformerDecoderLayer',
                    attn_cfgs=[
                        dict(
                            type='mmcv.MultiheadAttention',
                            embed_dims=256,
                            num_heads=8,
                            dropout=0.1),
                        dict(
                            type='mmcv.MultiheadAttention',
                            embed_dims=256,
                            num_heads=8,
                            dropout=0.1)
                    ],
                    feedforward_channels=1024,
                    ffn_dropout=0.1,
                    operation_order=('self_attn', 'norm', 'cross_attn', 'norm',
                                     'ffn', 'norm')))),
        positional_encoding=dict(
            type='mmcv.SinePositionalEncoding',
            num_feats=128,
            normalize=True,
            offset=-0.5),
        loss_cls=dict(
            type='mmdet.FocalLoss',
            use_sigmoid=True,
            gamma=2.0,
            alpha=0.25,
            loss_weight=2.0),
        loss_kpt=dict(type='mmdet.L1Loss', loss_weight=5.0),
        loss_bone=dict(type='BoneLengthLoss', loss_weight=2.0),
        loss_kpt_rpn=dict(type='mmdet.MSELoss', loss_weight=35.0),
        loss_oks=dict(type='opera.OKSLoss', loss_weight=2.0),
        loss_hm=dict(type='opera.CenterFocalLoss', loss_weight=4.0),
        loss_kpt_refine=dict(type='mmdet.MSELoss', loss_weight=35.0),
        loss_oks_refine=dict(type='opera.OKSLoss', loss_weight=3.0),
        embed_dims=256,
        mamba_cfg=dict(
            type='WiMambaV2Encoder',
            embed_dims=256,
            num_layers=4,
            d_state=16,
            d_conv=4,
            expand=2,
            dropout=0.1),
        loss_flow_weight=10.0,
        train_cfg=dict(
            assigner=dict(
                type='opera.PoseHungarianAssigner',
                cls_cost=dict(type='mmdet.FocalLossCost', weight=2.0),
                kpt_cost=dict(type='opera.KptL1Cost', weight=5.0),
                oks_cost=dict(type='opera.OksCost', weight=0.0))),
        test_cfg=dict(max_per_img=100)),
    train_cfg=dict(
        assigner=dict(
            type='opera.PoseHungarianAssigner',
            cls_cost=dict(type='mmdet.FocalLossCost', weight=4.0),
            kpt_cost=dict(type='opera.KptMSECost', weight=35.0),
            oks_cost=dict(type='opera.OksCost', weight=7.0))),
    test_cfg=dict(max_per_img=100))
optimizer = dict(
    type='AdamW',
    betas=(0.9, 0.999),
    lr=2e-05,
    weight_decay=0.0001,
    paramwise_cfg=dict(
        custom_keys=dict(
            backbone=dict(lr_mult=0.1),
            sampling_offsets=dict(lr_mult=0.1),
            reference_points=dict(lr_mult=0.1))))
optimizer_config = dict(grad_clip=dict(max_norm=0.1, norm_type=2))
lr_config = dict(policy='step', step=[450])
runner = dict(type='EpochBasedRunner', max_epochs=20)
find_unused_parameters = True
work_dir = 'work_dirs/wimamba_backbone_ablation_witidar_20e/M1V2'
auto_resume = False
gpu_ids = [0]

2026-06-07 04:59:42,176 - mmdet - INFO - Set random seed to 42, deterministic: True
2026-06-07 04:59:42,290 - mmcv - INFO - 
backbone.head.weight - torch.Size([256, 60]): 
The value is the same before and after calling `init_weights` of PETR  
 
2026-06-07 04:59:42,290 - mmcv - INFO - 
backbone.head.bias - torch.Size([256]): 
The value is the same before and after calling `init_weights` of PETR  
 
2026-06-07 04:59:42,290 - mmcv - INFO - 
backbone.time_conv.weight - torch.Size([256, 1, 5]): 
The value is the same before and after calling `init_weights` of PETR  
 
2026-06-07 04:59:42,290 - mmcv - INFO - 
backbone.time_conv.bias - torch.Size([256]): 
The value is the same before and after calling `init_weights` of PETR  
 
2026-06-07 04:59:42,290 - mmcv - INFO - 
backbone.freq_gate.0.weight - torch.Size([22, 11]): 
The value is the same before and after calling `init_weights` of PETR  
 
2026-06-07 04:59:42,291 - mmcv - INFO - 
backbone.freq_gate.0.bias - torch.Size([22]): 
The value is the same before and after calling `init_weights` of PETR  
 
2026-06-07 04:59:42,291 - mmcv - INFO - 
backbone.freq_gate.2.weight - torch.Size([20, 22]): 
The value is the same before and after calling `init_weights` of PETR  
 
2026-06-07 04:59:42,291 - mmcv - INFO - 
backbone.freq_gate.2.bias - torch.Size([20]): 
The value is the same before and after calling `init_weights` of PETR  
 
2026-06-07 04:59:42,291 - mmcv - INFO - 
backbone.channel_proj.weight - torch.Size([256, 256]): 
The value is the same before and after calling `init_weights` of PETR  
 
2026-06-07 04:59:42,291 - mmcv - INFO - 
backbone.channel_proj.bias - torch.Size([256]): 
The value is the same before and after calling `init_weights` of PETR  
 
2026-06-07 04:59:42,291 - mmcv - INFO - 
backbone.norm.weight - torch.Size([256]): 
The value is the same before and after calling `init_weights` of PETR  
 
2026-06-07 04:59:42,291 - mmcv - INFO - 
backbone.norm.bias - torch.Size([256]): 
The value is the same before and after calling `init_weights` of PETR  
 
2026-06-07 04:59:42,291 - mmcv - INFO - 
bbox_head.encoder.layers.0.norm_t.weight - torch.Size([256]): 
The value is the same before and after calling `init_weights` of PETR  
 
2026-06-07 04:59:42,291 - mmcv - INFO - 
bbox_head.encoder.layers.0.norm_t.bias - torch.Size([256]): 
The value is the same before and after calling `init_weights` of PETR  
 
2026-06-07 04:59:42,291 - mmcv - INFO - 
bbox_head.encoder.layers.0.mamba_t.A_log - torch.Size([512, 16]): 
The value is the same before and after calling `init_weights` of PETR  
 
2026-06-07 04:59:42,291 - mmcv - INFO - 
bbox_head.encoder.layers.0.mamba_t.D - torch.Size([512]): 
The value is the same before and after calling `init_weights` of PETR  
 
2026-06-07 04:59:42,291 - mmcv - INFO - 
bbox_head.encoder.layers.0.mamba_t.in_proj.weight - torch.Size([1024, 256]): 
The value is the same before and after calling `init_weights` of PETR  
 
2026-06-07 04:59:42,291 - mmcv - INFO - 
bbox_head.encoder.layers.0.mamba_t.conv1d.weight - torch.Size([512, 1, 4]): 
The value is the same before and after calling `init_weights` of PETR  
 
2026-06-07 04:59:42,291 - mmcv - INFO - 
bbox_head.encoder.layers.0.mamba_t.conv1d.bias - torch.Size([512]): 
The value is the same before and after calling `init_weights` of PETR  
 
2026-06-07 04:59:42,291 - mmcv - INFO - 
bbox_head.encoder.layers.0.mamba_t.x_proj.weight - torch.Size([48, 512]): 
The value is the same before and after calling `init_weights` of PETR  
 
2026-06-07 04:59:42,291 - mmcv - INFO - 
bbox_head.encoder.layers.0.mamba_t.dt_proj.weight - torch.Size([512, 16]): 
The value is the same before and after calling `init_weights` of PETR  
 
2026-06-07 04:59:42,291 - mmcv - INFO - 
bbox_head.encoder.layers.0.mamba_t.dt_proj.bias - torch.Size([512]): 
The value is the same before and after calling `init_weights` of PETR  
 
2026-06-07 04:59:42,291 - mmcv - INFO - 
bbox_head.encoder.layers.0.mamba_t.out_proj.weight - torch.Size([256, 512]): 
The value is the same before and after calling `init_weights` of PETR  
 
2026-06-07 04:59:42,291 - mmcv - INFO - 
bbox_head.encoder.layers.0.norm_s.weight - torch.Size([256]): 
The value is the same before and after calling `init_weights` of PETR  
 
2026-06-07 04:59:42,291 - mmcv - INFO - 
bbox_head.encoder.layers.0.norm_s.bias - torch.Size([256]): 
The value is the same before and after calling `init_weights` of PETR  
 
2026-06-07 04:59:42,291 - mmcv - INFO - 
bbox_head.encoder.layers.0.spatial_mixer.0.weight - torch.Size([18, 9, 1]): 
The value is the same before and after calling `init_weights` of PETR  
 
2026-06-07 04:59:42,291 - mmcv - INFO - 
bbox_head.encoder.layers.0.spatial_mixer.0.bias - torch.Size([18]): 
The value is the same before and after calling `init_weights` of PETR  
 
2026-06-07 04:59:42,291 - mmcv - INFO - 
bbox_head.encoder.layers.0.spatial_mixer.2.weight - torch.Size([9, 18, 1]): 
The value is the same before and after calling `init_weights` of PETR  
 
2026-06-07 04:59:42,291 - mmcv - INFO - 
bbox_head.encoder.layers.0.spatial_mixer.2.bias - torch.Size([9]): 
The value is the same before and after calling `init_weights` of PETR  
 
2026-06-07 04:59:42,291 - mmcv - INFO - 
bbox_head.encoder.layers.1.norm_t.weight - torch.Size([256]): 
The value is the same before and after calling `init_weights` of PETR  
 
2026-06-07 04:59:42,291 - mmcv - INFO - 
bbox_head.encoder.layers.1.norm_t.bias - torch.Size([256]): 
The value is the same before and after calling `init_weights` of PETR  
 
2026-06-07 04:59:42,291 - mmcv - INFO - 
bbox_head.encoder.layers.1.mamba_t.A_log - torch.Size([512, 16]): 
The value is the same before and after calling `init_weights` of PETR  
 
2026-06-07 04:59:42,292 - mmcv - INFO - 
bbox_head.encoder.layers.1.mamba_t.D - torch.Size([512]): 
The value is the same before and after calling `init_weights` of PETR  
 
2026-06-07 04:59:42,292 - mmcv - INFO - 
bbox_head.encoder.layers.1.mamba_t.in_proj.weight - torch.Size([1024, 256]): 
The value is the same before and after calling `init_weights` of PETR  
 
2026-06-07 04:59:42,292 - mmcv - INFO - 
bbox_head.encoder.layers.1.mamba_t.conv1d.weight - torch.Size([512, 1, 4]): 
The value is the same before and after calling `init_weights` of PETR  
 
2026-06-07 04:59:42,292 - mmcv - INFO - 
bbox_head.encoder.layers.1.mamba_t.conv1d.bias - torch.Size([512]): 
The value is the same before and after calling `init_weights` of PETR  
 
2026-06-07 04:59:42,292 - mmcv - INFO - 
bbox_head.encoder.layers.1.mamba_t.x_proj.weight - torch.Size([48, 512]): 
The value is the same before and after calling `init_weights` of PETR  
 
2026-06-07 04:59:42,292 - mmcv - INFO - 
bbox_head.encoder.layers.1.mamba_t.dt_proj.weight - torch.Size([512, 16]): 
The value is the same before and after calling `init_weights` of PETR  
 
2026-06-07 04:59:42,292 - mmcv - INFO - 
bbox_head.encoder.layers.1.mamba_t.dt_proj.bias - torch.Size([512]): 
The value is the same before and after calling `init_weights` of PETR  
 
2026-06-07 04:59:42,292 - mmcv - INFO - 
bbox_head.encoder.layers.1.mamba_t.out_proj.weight - torch.Size([256, 512]): 
The value is the same before and after calling `init_weights` of PETR  
 
2026-06-07 04:59:42,292 - mmcv - INFO - 
bbox_head.encoder.layers.1.norm_s.weight - torch.Size([256]): 
The value is the same before and after calling `init_weights` of PETR  
 
2026-06-07 04:59:42,292 - mmcv - INFO - 
bbox_head.encoder.layers.1.norm_s.bias - torch.Size([256]): 
The value is the same before and after calling `init_weights` of PETR  
 
2026-06-07 04:59:42,292 - mmcv - INFO - 
bbox_head.encoder.layers.1.spatial_mixer.0.weight - torch.Size([18, 9, 1]): 
The value is the same before and after calling `init_weights` of PETR  
 
2026-06-07 04:59:42,292 - mmcv - INFO - 
bbox_head.encoder.layers.1.spatial_mixer.0.bias - torch.Size([18]): 
The value is the same before and after calling `init_weights` of PETR  
 
2026-06-07 04:59:42,292 - mmcv - INFO - 
bbox_head.encoder.layers.1.spatial_mixer.2.weight - torch.Size([9, 18, 1]): 
The value is the same before and after calling `init_weights` of PETR  
 
2026-06-07 04:59:42,292 - mmcv - INFO - 
bbox_head.encoder.layers.1.spatial_mixer.2.bias - torch.Size([9]): 
The value is the same before and after calling `init_weights` of PETR  
 
2026-06-07 04:59:42,292 - mmcv - INFO - 
bbox_head.encoder.layers.2.norm_t.weight - torch.Size([256]): 
The value is the same before and after calling `init_weights` of PETR  
 
2026-06-07 04:59:42,292 - mmcv - INFO - 
bbox_head.encoder.layers.2.norm_t.bias - torch.Size([256]): 
The value is the same before and after calling `init_weights` of PETR  
 
2026-06-07 04:59:42,292 - mmcv - INFO - 
bbox_head.encoder.layers.2.mamba_t.A_log - torch.Size([512, 16]): 
The value is the same before and after calling `init_weights` of PETR  
 
2026-06-07 04:59:42,292 - mmcv - INFO - 
bbox_head.encoder.layers.2.mamba_t.D - torch.Size([512]): 
The value is the same before and after calling `init_weights` of PETR  
 
2026-06-07 04:59:42,292 - mmcv - INFO - 
bbox_head.encoder.layers.2.mamba_t.in_proj.weight - torch.Size([1024, 256]): 
The value is the same before and after calling `init_weights` of PETR  
 
2026-06-07 04:59:42,292 - mmcv - INFO - 
bbox_head.encoder.layers.2.mamba_t.conv1d.weight - torch.Size([512, 1, 4]): 
The value is the same before and after calling `init_weights` of PETR  
 
2026-06-07 04:59:42,292 - mmcv - INFO - 
bbox_head.encoder.layers.2.mamba_t.conv1d.bias - torch.Size([512]): 
The value is the same before and after calling `init_weights` of PETR  
 
2026-06-07 04:59:42,292 - mmcv - INFO - 
bbox_head.encoder.layers.2.mamba_t.x_proj.weight - torch.Size([48, 512]): 
The value is the same before and after calling `init_weights` of PETR  
 
2026-06-07 04:59:42,292 - mmcv - INFO - 
bbox_head.encoder.layers.2.mamba_t.dt_proj.weight - torch.Size([512, 16]): 
The value is the same before and after calling `init_weights` of PETR  
 
2026-06-07 04:59:42,292 - mmcv - INFO - 
bbox_head.encoder.layers.2.mamba_t.dt_proj.bias - torch.Size([512]): 
The value is the same before and after calling `init_weights` of PETR  
 
2026-06-07 04:59:42,292 - mmcv - INFO - 
bbox_head.encoder.layers.2.mamba_t.out_proj.weight - torch.Size([256, 512]): 
The value is the same before and after calling `init_weights` of PETR  
 
2026-06-07 04:59:42,292 - mmcv - INFO - 
bbox_head.encoder.layers.2.norm_s.weight - torch.Size([256]): 
The value is the same before and after calling `init_weights` of PETR  
 
2026-06-07 04:59:42,292 - mmcv - INFO - 
bbox_head.encoder.layers.2.norm_s.bias - torch.Size([256]): 
The value is the same before and after calling `init_weights` of PETR  
 
2026-06-07 04:59:42,293 - mmcv - INFO - 
bbox_head.encoder.layers.2.spatial_mixer.0.weight - torch.Size([18, 9, 1]): 
The value is the same before and after calling `init_weights` of PETR  
 
2026-06-07 04:59:42,293 - mmcv - INFO - 
bbox_head.encoder.layers.2.spatial_mixer.0.bias - torch.Size([18]): 
The value is the same before and after calling `init_weights` of PETR  
 
2026-06-07 04:59:42,293 - mmcv - INFO - 
bbox_head.encoder.layers.2.spatial_mixer.2.weight - torch.Size([9, 18, 1]): 
The value is the same before and after calling `init_weights` of PETR  
 
2026-06-07 04:59:42,293 - mmcv - INFO - 
bbox_head.encoder.layers.2.spatial_mixer.2.bias - torch.Size([9]): 
The value is the same before and after calling `init_weights` of PETR  
 
2026-06-07 04:59:42,293 - mmcv - INFO - 
bbox_head.encoder.layers.3.norm_t.weight - torch.Size([256]): 
The value is the same before and after calling `init_weights` of PETR  
 
2026-06-07 04:59:42,293 - mmcv - INFO - 
bbox_head.encoder.layers.3.norm_t.bias - torch.Size([256]): 
The value is the same before and after calling `init_weights` of PETR  
 
2026-06-07 04:59:42,293 - mmcv - INFO - 
bbox_head.encoder.layers.3.mamba_t.A_log - torch.Size([512, 16]): 
The value is the same before and after calling `init_weights` of PETR  
 
2026-06-07 04:59:42,293 - mmcv - INFO - 
bbox_head.encoder.layers.3.mamba_t.D - torch.Size([512]): 
The value is the same before and after calling `init_weights` of PETR  
 
2026-06-07 04:59:42,293 - mmcv - INFO - 
bbox_head.encoder.layers.3.mamba_t.in_proj.weight - torch.Size([1024, 256]): 
The value is the same before and after calling `init_weights` of PETR  
 
2026-06-07 04:59:42,293 - mmcv - INFO - 
bbox_head.encoder.layers.3.mamba_t.conv1d.weight - torch.Size([512, 1, 4]): 
The value is the same before and after calling `init_weights` of PETR  
 
2026-06-07 04:59:42,293 - mmcv - INFO - 
bbox_head.encoder.layers.3.mamba_t.conv1d.bias - torch.Size([512]): 
The value is the same before and after calling `init_weights` of PETR  
 
2026-06-07 04:59:42,293 - mmcv - INFO - 
bbox_head.encoder.layers.3.mamba_t.x_proj.weight - torch.Size([48, 512]): 
The value is the same before and after calling `init_weights` of PETR  
 
2026-06-07 04:59:42,293 - mmcv - INFO - 
bbox_head.encoder.layers.3.mamba_t.dt_proj.weight - torch.Size([512, 16]): 
The value is the same before and after calling `init_weights` of PETR  
 
2026-06-07 04:59:42,293 - mmcv - INFO - 
bbox_head.encoder.layers.3.mamba_t.dt_proj.bias - torch.Size([512]): 
The value is the same before and after calling `init_weights` of PETR  
 
2026-06-07 04:59:42,293 - mmcv - INFO - 
bbox_head.encoder.layers.3.mamba_t.out_proj.weight - torch.Size([256, 512]): 
The value is the same before and after calling `init_weights` of PETR  
 
2026-06-07 04:59:42,293 - mmcv - INFO - 
bbox_head.encoder.layers.3.norm_s.weight - torch.Size([256]): 
The value is the same before and after calling `init_weights` of PETR  
 
2026-06-07 04:59:42,293 - mmcv - INFO - 
bbox_head.encoder.layers.3.norm_s.bias - torch.Size([256]): 
The value is the same before and after calling `init_weights` of PETR  
 
2026-06-07 04:59:42,293 - mmcv - INFO - 
bbox_head.encoder.layers.3.spatial_mixer.0.weight - torch.Size([18, 9, 1]): 
The value is the same before and after calling `init_weights` of PETR  
 
2026-06-07 04:59:42,293 - mmcv - INFO - 
bbox_head.encoder.layers.3.spatial_mixer.0.bias - torch.Size([18]): 
The value is the same before and after calling `init_weights` of PETR  
 
2026-06-07 04:59:42,293 - mmcv - INFO - 
bbox_head.encoder.layers.3.spatial_mixer.2.weight - torch.Size([9, 18, 1]): 
The value is the same before and after calling `init_weights` of PETR  
 
2026-06-07 04:59:42,293 - mmcv - INFO - 
bbox_head.encoder.layers.3.spatial_mixer.2.bias - torch.Size([9]): 
The value is the same before and after calling `init_weights` of PETR  
 
2026-06-07 04:59:42,293 - mmcv - INFO - 
bbox_head.encoder.final_norm.weight - torch.Size([256]): 
The value is the same before and after calling `init_weights` of PETR  
 
2026-06-07 04:59:42,293 - mmcv - INFO - 
bbox_head.encoder.final_norm.bias - torch.Size([256]): 
The value is the same before and after calling `init_weights` of PETR  
 
2026-06-07 04:59:42,293 - mmcv - INFO - 
bbox_head.decoder_attn.in_proj_weight - torch.Size([768, 256]): 
The value is the same before and after calling `init_weights` of PETR  
 
2026-06-07 04:59:42,293 - mmcv - INFO - 
bbox_head.decoder_attn.in_proj_bias - torch.Size([768]): 
The value is the same before and after calling `init_weights` of PETR  
 
2026-06-07 04:59:42,293 - mmcv - INFO - 
bbox_head.decoder_attn.out_proj.weight - torch.Size([256, 256]): 
The value is the same before and after calling `init_weights` of PETR  
 
2026-06-07 04:59:42,293 - mmcv - INFO - 
bbox_head.decoder_attn.out_proj.bias - torch.Size([256]): 
The value is the same before and after calling `init_weights` of PETR  
 
2026-06-07 04:59:42,293 - mmcv - INFO - 
bbox_head.query_embedding.weight - torch.Size([100, 256]): 
Initialized by user-defined `init_weights` in WiTiDARHead  
 
2026-06-07 04:59:42,294 - mmcv - INFO - 
bbox_head.decoder_norm.weight - torch.Size([256]): 
The value is the same before and after calling `init_weights` of PETR  
 
2026-06-07 04:59:42,294 - mmcv - INFO - 
bbox_head.decoder_norm.bias - torch.Size([256]): 
The value is the same before and after calling `init_weights` of PETR  
 
2026-06-07 04:59:42,294 - mmcv - INFO - 
bbox_head.draft_regressor.0.weight - torch.Size([256, 256]): 
Initialized by user-defined `init_weights` in WiTiDARHead  
 
2026-06-07 04:59:42,294 - mmcv - INFO - 
bbox_head.draft_regressor.0.bias - torch.Size([256]): 
Initialized by user-defined `init_weights` in WiTiDARHead  
 
2026-06-07 04:59:42,294 - mmcv - INFO - 
bbox_head.draft_regressor.2.weight - torch.Size([256, 256]): 
Initialized by user-defined `init_weights` in WiTiDARHead  
 
2026-06-07 04:59:42,294 - mmcv - INFO - 
bbox_head.draft_regressor.2.bias - torch.Size([256]): 
Initialized by user-defined `init_weights` in WiTiDARHead  
 
2026-06-07 04:59:42,294 - mmcv - INFO - 
bbox_head.draft_regressor.4.weight - torch.Size([42, 256]): 
Initialized by user-defined `init_weights` in WiTiDARHead  
 
2026-06-07 04:59:42,294 - mmcv - INFO - 
bbox_head.draft_regressor.4.bias - torch.Size([42]): 
Initialized by user-defined `init_weights` in WiTiDARHead  
 
2026-06-07 04:59:42,294 - mmcv - INFO - 
bbox_head.cls_head.weight - torch.Size([1, 256]): 
The value is the same before and after calling `init_weights` of PETR  
 
2026-06-07 04:59:42,294 - mmcv - INFO - 
bbox_head.cls_head.bias - torch.Size([1]): 
Initialized by user-defined `init_weights` in WiTiDARHead  
 
2026-06-07 04:59:42,294 - mmcv - INFO - 
bbox_head.flow_model.velocity_net.time_mlp.1.weight - torch.Size([128, 64]): 
The value is the same before and after calling `init_weights` of PETR  
 
2026-06-07 04:59:42,294 - mmcv - INFO - 
bbox_head.flow_model.velocity_net.time_mlp.1.bias - torch.Size([128]): 
The value is the same before and after calling `init_weights` of PETR  
 
2026-06-07 04:59:42,294 - mmcv - INFO - 
bbox_head.flow_model.velocity_net.time_mlp.3.weight - torch.Size([64, 128]): 
The value is the same before and after calling `init_weights` of PETR  
 
2026-06-07 04:59:42,294 - mmcv - INFO - 
bbox_head.flow_model.velocity_net.time_mlp.3.bias - torch.Size([64]): 
The value is the same before and after calling `init_weights` of PETR  
 
2026-06-07 04:59:42,294 - mmcv - INFO - 
bbox_head.flow_model.velocity_net.input_proj.weight - torch.Size([512, 362]): 
The value is the same before and after calling `init_weights` of PETR  
 
2026-06-07 04:59:42,294 - mmcv - INFO - 
bbox_head.flow_model.velocity_net.input_proj.bias - torch.Size([512]): 
The value is the same before and after calling `init_weights` of PETR  
 
2026-06-07 04:59:42,294 - mmcv - INFO - 
bbox_head.flow_model.velocity_net.blocks.0.net.0.weight - torch.Size([512]): 
The value is the same before and after calling `init_weights` of PETR  
 
2026-06-07 04:59:42,294 - mmcv - INFO - 
bbox_head.flow_model.velocity_net.blocks.0.net.0.bias - torch.Size([512]): 
The value is the same before and after calling `init_weights` of PETR  
 
2026-06-07 04:59:42,294 - mmcv - INFO - 
bbox_head.flow_model.velocity_net.blocks.0.net.1.weight - torch.Size([512, 512]): 
The value is the same before and after calling `init_weights` of PETR  
 
2026-06-07 04:59:42,294 - mmcv - INFO - 
bbox_head.flow_model.velocity_net.blocks.0.net.1.bias - torch.Size([512]): 
The value is the same before and after calling `init_weights` of PETR  
 
2026-06-07 04:59:42,294 - mmcv - INFO - 
bbox_head.flow_model.velocity_net.blocks.0.net.4.weight - torch.Size([512, 512]): 
The value is the same before and after calling `init_weights` of PETR  
 
2026-06-07 04:59:42,294 - mmcv - INFO - 
bbox_head.flow_model.velocity_net.blocks.0.net.4.bias - torch.Size([512]): 
The value is the same before and after calling `init_weights` of PETR  
 
2026-06-07 04:59:42,294 - mmcv - INFO - 
bbox_head.flow_model.velocity_net.blocks.1.net.0.weight - torch.Size([512]): 
The value is the same before and after calling `init_weights` of PETR  
 
2026-06-07 04:59:42,294 - mmcv - INFO - 
bbox_head.flow_model.velocity_net.blocks.1.net.0.bias - torch.Size([512]): 
The value is the same before and after calling `init_weights` of PETR  
 
2026-06-07 04:59:42,294 - mmcv - INFO - 
bbox_head.flow_model.velocity_net.blocks.1.net.1.weight - torch.Size([512, 512]): 
The value is the same before and after calling `init_weights` of PETR  
 
2026-06-07 04:59:42,294 - mmcv - INFO - 
bbox_head.flow_model.velocity_net.blocks.1.net.1.bias - torch.Size([512]): 
The value is the same before and after calling `init_weights` of PETR  
 
2026-06-07 04:59:42,294 - mmcv - INFO - 
bbox_head.flow_model.velocity_net.blocks.1.net.4.weight - torch.Size([512, 512]): 
The value is the same before and after calling `init_weights` of PETR  
 
2026-06-07 04:59:42,295 - mmcv - INFO - 
bbox_head.flow_model.velocity_net.blocks.1.net.4.bias - torch.Size([512]): 
The value is the same before and after calling `init_weights` of PETR  
 
2026-06-07 04:59:42,295 - mmcv - INFO - 
bbox_head.flow_model.velocity_net.blocks.2.net.0.weight - torch.Size([512]): 
The value is the same before and after calling `init_weights` of PETR  
 
2026-06-07 04:59:42,295 - mmcv - INFO - 
bbox_head.flow_model.velocity_net.blocks.2.net.0.bias - torch.Size([512]): 
The value is the same before and after calling `init_weights` of PETR  
 
2026-06-07 04:59:42,295 - mmcv - INFO - 
bbox_head.flow_model.velocity_net.blocks.2.net.1.weight - torch.Size([512, 512]): 
The value is the same before and after calling `init_weights` of PETR  
 
2026-06-07 04:59:42,295 - mmcv - INFO - 
bbox_head.flow_model.velocity_net.blocks.2.net.1.bias - torch.Size([512]): 
The value is the same before and after calling `init_weights` of PETR  
 
2026-06-07 04:59:42,295 - mmcv - INFO - 
bbox_head.flow_model.velocity_net.blocks.2.net.4.weight - torch.Size([512, 512]): 
The value is the same before and after calling `init_weights` of PETR  
 
2026-06-07 04:59:42,295 - mmcv - INFO - 
bbox_head.flow_model.velocity_net.blocks.2.net.4.bias - torch.Size([512]): 
The value is the same before and after calling `init_weights` of PETR  
 
2026-06-07 04:59:42,295 - mmcv - INFO - 
bbox_head.flow_model.velocity_net.output_norm.weight - torch.Size([512]): 
The value is the same before and after calling `init_weights` of PETR  
 
2026-06-07 04:59:42,295 - mmcv - INFO - 
bbox_head.flow_model.velocity_net.output_norm.bias - torch.Size([512]): 
The value is the same before and after calling `init_weights` of PETR  
 
2026-06-07 04:59:42,295 - mmcv - INFO - 
bbox_head.flow_model.velocity_net.final_linear.weight - torch.Size([42, 512]): 
The value is the same before and after calling `init_weights` of PETR  
 
2026-06-07 04:59:42,295 - mmcv - INFO - 
bbox_head.flow_model.velocity_net.final_linear.bias - torch.Size([42]): 
The value is the same before and after calling `init_weights` of PETR  
 
2026-06-07 04:59:42,439 - mmdet - INFO - Automatic scaling of learning rate (LR) has been disabled.
2026-06-07 04:59:42,448 - mmdet - INFO - Start running, host: root@cf7a4801a593, work_dir: /root/Person-in-WiFi-3D/work_dirs/wimamba_backbone_ablation_witidar_20e/M1V2
2026-06-07 04:59:42,448 - mmdet - INFO - Hooks will be executed in the following order:
before_run:
(VERY_HIGH   ) StepLrUpdaterHook                  
(NORMAL      ) LatestCheckpointHook               
(LOW         ) EvalHook                           
(VERY_LOW    ) TextLoggerHook                     
 -------------------- 
before_train_epoch:
(VERY_HIGH   ) StepLrUpdaterHook                  
(NORMAL      ) NumClassCheckHook                  
(NORMAL      ) BoneLossWarmupHook                 
(LOW         ) IterTimerHook                      
(LOW         ) EvalHook                           
(VERY_LOW    ) TextLoggerHook                     
 -------------------- 
before_train_iter:
(VERY_HIGH   ) StepLrUpdaterHook                  
(LOW         ) IterTimerHook                      
(LOW         ) EvalHook                           
 -------------------- 
after_train_iter:
(ABOVE_NORMAL) OptimizerHook                      
(NORMAL      ) LatestCheckpointHook               
(LOW         ) IterTimerHook                      
(LOW         ) EvalHook                           
(VERY_LOW    ) TextLoggerHook                     
 -------------------- 
after_train_epoch:
(NORMAL      ) LatestCheckpointHook               
(LOW         ) EvalHook                           
(VERY_LOW    ) TextLoggerHook                     
 -------------------- 
before_val_epoch:
(NORMAL      ) NumClassCheckHook                  
(LOW         ) IterTimerHook                      
(VERY_LOW    ) TextLoggerHook                     
 -------------------- 
before_val_iter:
(LOW         ) IterTimerHook                      
 -------------------- 
after_val_iter:
(LOW         ) IterTimerHook                      
 -------------------- 
after_val_epoch:
(VERY_LOW    ) TextLoggerHook                     
 -------------------- 
after_run:
(VERY_LOW    ) TextLoggerHook                     
 -------------------- 
2026-06-07 04:59:42,448 - mmdet - INFO - workflow: [('train', 1)], max: 20 epochs
2026-06-07 04:59:42,448 - mmdet - INFO - Checkpoints will be saved to /root/Person-in-WiFi-3D/work_dirs/wimamba_backbone_ablation_witidar_20e/M1V2 by HardDiskBackend.
2026-06-07 04:59:42,450 - mmdet - INFO - [BoneLossWarmup] Epoch 1/20 | Warmup: 2e, Ramp: 2e | Bone weight -> 0.0000
>>> Successfully patched mmcv._get_stream for PyTorch 2.0 compatibility.
[WiTiDARHead] Loaded gt_bone_stats.json from /root/Person-in-WiFi-3D/gt_bone_stats.json
2026-06-07 05:00:07,111 - mmdet - INFO - Epoch [1][50/2811]	lr: 2.000e-06, eta: 7:41:41, time: 0.493, data_time: 0.072, memory: 691, loss_cls: 1.4982, loss_kpt: 350.8697, loss_flow: 32.8272, loss_bone: 0.0000, loss: 385.1951, grad_norm: 628.5823
2026-06-07 05:00:28,040 - mmdet - INFO - Epoch [1][100/2811]	lr: 2.000e-06, eta: 7:06:24, time: 0.419, data_time: 0.020, memory: 691, loss_cls: 1.4335, loss_kpt: 217.2544, loss_flow: 10.1385, loss_bone: 0.0000, loss: 228.8264, grad_norm: 508.9712
2026-06-07 05:00:47,668 - mmdet - INFO - Epoch [1][150/2811]	lr: 2.000e-06, eta: 6:46:17, time: 0.393, data_time: 0.019, memory: 691, loss_cls: 1.3592, loss_kpt: 129.8936, loss_flow: 5.0484, loss_bone: 0.0000, loss: 136.3012, grad_norm: 404.3926
2026-06-07 05:01:08,319 - mmdet - INFO - Epoch [1][200/2811]	lr: 2.000e-06, eta: 6:40:51, time: 0.413, data_time: 0.019, memory: 691, loss_cls: 1.1309, loss_kpt: 97.1705, loss_flow: 2.9038, loss_bone: 0.0000, loss: 101.2053, grad_norm: 245.6016
2026-06-07 05:01:28,261 - mmdet - INFO - Epoch [1][250/2811]	lr: 2.000e-06, eta: 6:34:48, time: 0.399, data_time: 0.020, memory: 691, loss_cls: 0.9478, loss_kpt: 93.3159, loss_flow: 1.5594, loss_bone: 0.0000, loss: 95.8231, grad_norm: 198.2330
2026-06-07 05:01:45,373 - mmdet - INFO - Epoch [1][300/2811]	lr: 2.000e-06, eta: 6:21:52, time: 0.342, data_time: 0.019, memory: 691, loss_cls: 0.9288, loss_kpt: 92.1270, loss_flow: 0.9226, loss_bone: 0.0000, loss: 93.9784, grad_norm: 213.9327
2026-06-07 05:02:04,165 - mmdet - INFO - Epoch [1][350/2811]	lr: 2.000e-06, eta: 6:17:01, time: 0.376, data_time: 0.020, memory: 691, loss_cls: 0.9169, loss_kpt: 90.9963, loss_flow: 0.7376, loss_bone: 0.0000, loss: 92.6507, grad_norm: 229.3089
2026-06-07 05:02:24,559 - mmdet - INFO - Epoch [1][400/2811]	lr: 2.000e-06, eta: 6:17:01, time: 0.408, data_time: 0.021, memory: 691, loss_cls: 0.8955, loss_kpt: 89.1249, loss_flow: 0.6733, loss_bone: 0.0000, loss: 90.6937, grad_norm: 234.6495
2026-06-07 05:02:44,393 - mmdet - INFO - Epoch [1][450/2811]	lr: 2.000e-06, eta: 6:15:48, time: 0.397, data_time: 0.021, memory: 691, loss_cls: 0.8742, loss_kpt: 84.8318, loss_flow: 0.6690, loss_bone: 0.0000, loss: 86.3750, grad_norm: 296.8468
2026-06-07 05:03:04,687 - mmdet - INFO - Epoch [1][500/2811]	lr: 2.000e-06, eta: 6:15:36, time: 0.406, data_time: 0.021, memory: 691, loss_cls: 0.8396, loss_kpt: 76.9170, loss_flow: 0.7210, loss_bone: 0.0000, loss: 78.4776, grad_norm: 346.5682
2026-06-07 05:03:24,206 - mmdet - INFO - Epoch [1][550/2811]	lr: 2.000e-06, eta: 6:14:05, time: 0.390, data_time: 0.021, memory: 691, loss_cls: 0.8067, loss_kpt: 61.7542, loss_flow: 0.8670, loss_bone: 0.0000, loss: 63.4279, grad_norm: 466.2321
2026-06-07 05:03:43,986 - mmdet - INFO - Epoch [1][600/2811]	lr: 2.000e-06, eta: 6:13:10, time: 0.396, data_time: 0.021, memory: 691, loss_cls: 0.7726, loss_kpt: 54.1228, loss_flow: 0.7828, loss_bone: 0.0000, loss: 55.6781, grad_norm: 584.7512
2026-06-07 05:04:05,086 - mmdet - INFO - Epoch [1][650/2811]	lr: 2.000e-06, eta: 6:14:13, time: 0.422, data_time: 0.021, memory: 691, loss_cls: 0.7359, loss_kpt: 50.1313, loss_flow: 0.6789, loss_bone: 0.0000, loss: 51.5461, grad_norm: 668.4063
2026-06-07 05:04:26,402 - mmdet - INFO - Epoch [1][700/2811]	lr: 2.000e-06, eta: 6:15:21, time: 0.426, data_time: 0.021, memory: 691, loss_cls: 0.7102, loss_kpt: 46.5503, loss_flow: 0.6245, loss_bone: 0.0000, loss: 47.8850, grad_norm: 753.1623
2026-06-07 05:04:48,079 - mmdet - INFO - Epoch [1][750/2811]	lr: 2.000e-06, eta: 6:16:43, time: 0.434, data_time: 0.020, memory: 691, loss_cls: 0.6975, loss_kpt: 45.6499, loss_flow: 0.6034, loss_bone: 0.0000, loss: 46.9508, grad_norm: 788.8355
2026-06-07 05:05:09,896 - mmdet - INFO - Epoch [1][800/2811]	lr: 2.000e-06, eta: 6:18:03, time: 0.436, data_time: 0.020, memory: 691, loss_cls: 0.6843, loss_kpt: 44.7957, loss_flow: 0.5795, loss_bone: 0.0000, loss: 46.0594, grad_norm: 771.0607
2026-06-07 05:05:29,566 - mmdet - INFO - Epoch [1][850/2811]	lr: 2.000e-06, eta: 6:16:51, time: 0.393, data_time: 0.021, memory: 691, loss_cls: 0.6715, loss_kpt: 42.4252, loss_flow: 0.5623, loss_bone: 0.0000, loss: 43.6591, grad_norm: 718.7143
2026-06-07 05:05:50,812 - mmdet - INFO - Epoch [1][900/2811]	lr: 2.000e-06, eta: 6:17:21, time: 0.425, data_time: 0.021, memory: 691, loss_cls: 0.6628, loss_kpt: 41.1523, loss_flow: 0.5467, loss_bone: 0.0000, loss: 42.3618, grad_norm: 758.9500
2026-06-07 05:06:08,813 - mmdet - INFO - Epoch [1][950/2811]	lr: 2.000e-06, eta: 6:14:37, time: 0.360, data_time: 0.020, memory: 691, loss_cls: 0.6449, loss_kpt: 39.8456, loss_flow: 0.5298, loss_bone: 0.0000, loss: 41.0203, grad_norm: 774.5711
2026-06-07 05:06:28,466 - mmdet - INFO - Exp name: wi_tidir_wifi_mamba_v2.py
2026-06-07 05:06:28,466 - mmdet - INFO - Epoch [1][1000/2811]	lr: 2.000e-06, eta: 6:13:39, time: 0.393, data_time: 0.020, memory: 691, loss_cls: 0.6384, loss_kpt: 38.0263, loss_flow: 0.5130, loss_bone: 0.0000, loss: 39.1776, grad_norm: 826.3138
2026-06-07 05:06:48,345 - mmdet - INFO - Epoch [1][1050/2811]	lr: 2.000e-06, eta: 6:12:57, time: 0.398, data_time: 0.020, memory: 691, loss_cls: 0.6323, loss_kpt: 37.1915, loss_flow: 0.5086, loss_bone: 0.0000, loss: 38.3325, grad_norm: 807.1920
2026-06-07 05:07:08,682 - mmdet - INFO - Epoch [1][1100/2811]	lr: 2.000e-06, eta: 6:12:39, time: 0.407, data_time: 0.019, memory: 691, loss_cls: 0.6270, loss_kpt: 36.0756, loss_flow: 0.5053, loss_bone: 0.0000, loss: 37.2080, grad_norm: 877.4687
2026-06-07 05:07:27,136 - mmdet - INFO - Epoch [1][1150/2811]	lr: 2.000e-06, eta: 6:10:52, time: 0.369, data_time: 0.019, memory: 691, loss_cls: 0.6203, loss_kpt: 35.6554, loss_flow: 0.4918, loss_bone: 0.0000, loss: 36.7674, grad_norm: 877.1272
2026-06-07 05:07:44,478 - mmdet - INFO - Epoch [1][1200/2811]	lr: 2.000e-06, eta: 6:08:20, time: 0.347, data_time: 0.018, memory: 691, loss_cls: 0.6180, loss_kpt: 34.8450, loss_flow: 0.4844, loss_bone: 0.0000, loss: 35.9474, grad_norm: 868.0908
2026-06-07 05:08:03,961 - mmdet - INFO - Epoch [1][1250/2811]	lr: 2.000e-06, eta: 6:07:34, time: 0.390, data_time: 0.021, memory: 691, loss_cls: 0.6165, loss_kpt: 33.8252, loss_flow: 0.4818, loss_bone: 0.0000, loss: 34.9235, grad_norm: 995.0452
2026-06-07 05:08:26,198 - mmdet - INFO - Epoch [1][1300/2811]	lr: 2.000e-06, eta: 6:08:46, time: 0.445, data_time: 0.021, memory: 691, loss_cls: 0.6152, loss_kpt: 33.9787, loss_flow: 0.4772, loss_bone: 0.0000, loss: 35.0711, grad_norm: 931.9024
2026-06-07 05:08:44,922 - mmdet - INFO - Epoch [1][1350/2811]	lr: 2.000e-06, eta: 6:07:28, time: 0.374, data_time: 0.020, memory: 691, loss_cls: 0.6117, loss_kpt: 33.0512, loss_flow: 0.4714, loss_bone: 0.0000, loss: 34.1343, grad_norm: 831.5356
2026-06-07 05:09:04,350 - mmdet - INFO - Epoch [1][1400/2811]	lr: 2.000e-06, eta: 6:06:42, time: 0.389, data_time: 0.021, memory: 691, loss_cls: 0.6144, loss_kpt: 32.6845, loss_flow: 0.4613, loss_bone: 0.0000, loss: 33.7602, grad_norm: 978.5906
2026-06-07 05:09:24,136 - mmdet - INFO - Epoch [1][1450/2811]	lr: 2.000e-06, eta: 6:06:11, time: 0.396, data_time: 0.020, memory: 691, loss_cls: 0.6149, loss_kpt: 32.2827, loss_flow: 0.4554, loss_bone: 0.0000, loss: 33.3530, grad_norm: 982.8836
2026-06-07 05:09:45,061 - mmdet - INFO - Epoch [1][1500/2811]	lr: 2.000e-06, eta: 6:06:22, time: 0.419, data_time: 0.021, memory: 691, loss_cls: 0.6100, loss_kpt: 31.8727, loss_flow: 0.4388, loss_bone: 0.0000, loss: 32.9216, grad_norm: 944.2508
2026-06-07 05:10:04,758 - mmdet - INFO - Epoch [1][1550/2811]	lr: 2.000e-06, eta: 6:05:49, time: 0.394, data_time: 0.021, memory: 691, loss_cls: 0.6095, loss_kpt: 31.6440, loss_flow: 0.4327, loss_bone: 0.0000, loss: 32.6862, grad_norm: 878.2517
2026-06-07 05:10:24,922 - mmdet - INFO - Epoch [1][1600/2811]	lr: 2.000e-06, eta: 6:05:32, time: 0.403, data_time: 0.020, memory: 691, loss_cls: 0.6151, loss_kpt: 31.5377, loss_flow: 0.4332, loss_bone: 0.0000, loss: 32.5861, grad_norm: 917.1047
2026-06-07 05:10:47,186 - mmdet - INFO - Epoch [1][1650/2811]	lr: 2.000e-06, eta: 6:06:24, time: 0.445, data_time: 0.019, memory: 691, loss_cls: 0.6106, loss_kpt: 30.9910, loss_flow: 0.4220, loss_bone: 0.0000, loss: 32.0236, grad_norm: 920.5268
2026-06-07 05:11:09,155 - mmdet - INFO - Epoch [1][1700/2811]	lr: 2.000e-06, eta: 6:07:02, time: 0.439, data_time: 0.019, memory: 691, loss_cls: 0.6077, loss_kpt: 30.7475, loss_flow: 0.4167, loss_bone: 0.0000, loss: 31.7718, grad_norm: 1027.1361
2026-06-07 05:11:31,273 - mmdet - INFO - Epoch [1][1750/2811]	lr: 2.000e-06, eta: 6:07:42, time: 0.442, data_time: 0.019, memory: 691, loss_cls: 0.6102, loss_kpt: 30.5552, loss_flow: 0.4198, loss_bone: 0.0000, loss: 31.5853, grad_norm: 915.0649
2026-06-07 05:11:53,355 - mmdet - INFO - Epoch [1][1800/2811]	lr: 2.000e-06, eta: 6:08:17, time: 0.442, data_time: 0.020, memory: 691, loss_cls: 0.6039, loss_kpt: 30.4057, loss_flow: 0.4045, loss_bone: 0.0000, loss: 31.4140, grad_norm: 883.0148
2026-06-07 05:12:13,214 - mmdet - INFO - Epoch [1][1850/2811]	lr: 2.000e-06, eta: 6:07:44, time: 0.397, data_time: 0.019, memory: 691, loss_cls: 0.6068, loss_kpt: 29.7101, loss_flow: 0.3975, loss_bone: 0.0000, loss: 30.7144, grad_norm: 851.2402
2026-06-07 05:12:32,787 - mmdet - INFO - Epoch [1][1900/2811]	lr: 2.000e-06, eta: 6:07:03, time: 0.391, data_time: 0.020, memory: 691, loss_cls: 0.6079, loss_kpt: 29.9277, loss_flow: 0.4008, loss_bone: 0.0000, loss: 30.9364, grad_norm: 854.7508
2026-06-07 05:12:52,882 - mmdet - INFO - Epoch [1][1950/2811]	lr: 2.000e-06, eta: 6:06:38, time: 0.402, data_time: 0.019, memory: 691, loss_cls: 0.6041, loss_kpt: 29.8125, loss_flow: 0.3933, loss_bone: 0.0000, loss: 30.8099, grad_norm: 838.9173
2026-06-07 05:13:12,975 - mmdet - INFO - Exp name: wi_tidir_wifi_mamba_v2.py
2026-06-07 05:13:12,975 - mmdet - INFO - Epoch [1][2000/2811]	lr: 2.000e-06, eta: 6:06:13, time: 0.402, data_time: 0.020, memory: 691, loss_cls: 0.6031, loss_kpt: 29.4007, loss_flow: 0.3912, loss_bone: 0.0000, loss: 30.3950, grad_norm: 832.6890
2026-06-07 05:13:34,125 - mmdet - INFO - Epoch [1][2050/2811]	lr: 2.000e-06, eta: 6:06:16, time: 0.423, data_time: 0.020, memory: 691, loss_cls: 0.6072, loss_kpt: 29.6219, loss_flow: 0.3963, loss_bone: 0.0000, loss: 30.6254, grad_norm: 1032.7963
2026-06-07 05:13:54,774 - mmdet - INFO - Epoch [1][2100/2811]	lr: 2.000e-06, eta: 6:06:05, time: 0.413, data_time: 0.019, memory: 691, loss_cls: 0.6032, loss_kpt: 28.7815, loss_flow: 0.3814, loss_bone: 0.0000, loss: 29.7660, grad_norm: 824.9283
2026-06-07 05:14:14,922 - mmdet - INFO - Epoch [1][2150/2811]	lr: 2.000e-06, eta: 6:05:41, time: 0.403, data_time: 0.019, memory: 691, loss_cls: 0.6030, loss_kpt: 29.2058, loss_flow: 0.3728, loss_bone: 0.0000, loss: 30.1816, grad_norm: 828.7619
2026-06-07 05:14:34,701 - mmdet - INFO - Epoch [1][2200/2811]	lr: 2.000e-06, eta: 6:05:08, time: 0.396, data_time: 0.019, memory: 691, loss_cls: 0.6007, loss_kpt: 28.8645, loss_flow: 0.3754, loss_bone: 0.0000, loss: 29.8407, grad_norm: 891.0554
2026-06-07 05:14:55,439 - mmdet - INFO - Epoch [1][2250/2811]	lr: 2.000e-06, eta: 6:04:59, time: 0.415, data_time: 0.019, memory: 691, loss_cls: 0.5971, loss_kpt: 28.8373, loss_flow: 0.3690, loss_bone: 0.0000, loss: 29.8033, grad_norm: 857.8244
2026-06-07 05:15:14,847 - mmdet - INFO - Epoch [1][2300/2811]	lr: 2.000e-06, eta: 6:04:18, time: 0.388, data_time: 0.020, memory: 691, loss_cls: 0.6042, loss_kpt: 28.9075, loss_flow: 0.3734, loss_bone: 0.0000, loss: 29.8851, grad_norm: 850.4446
2026-06-07 05:15:36,131 - mmdet - INFO - Epoch [1][2350/2811]	lr: 2.000e-06, eta: 6:04:21, time: 0.426, data_time: 0.018, memory: 691, loss_cls: 0.6029, loss_kpt: 29.0521, loss_flow: 0.3731, loss_bone: 0.0000, loss: 30.0281, grad_norm: 848.7527
2026-06-07 05:15:57,041 - mmdet - INFO - Epoch [1][2400/2811]	lr: 2.000e-06, eta: 6:04:14, time: 0.418, data_time: 0.019, memory: 691, loss_cls: 0.6019, loss_kpt: 28.1881, loss_flow: 0.3669, loss_bone: 0.0000, loss: 29.1568, grad_norm: 810.0215
2026-06-07 05:16:16,787 - mmdet - INFO - Epoch [1][2450/2811]	lr: 2.000e-06, eta: 6:03:42, time: 0.395, data_time: 0.019, memory: 691, loss_cls: 0.5985, loss_kpt: 28.3224, loss_flow: 0.3593, loss_bone: 0.0000, loss: 29.2802, grad_norm: 900.5354
2026-06-07 05:16:37,823 - mmdet - INFO - Epoch [1][2500/2811]	lr: 2.000e-06, eta: 6:03:38, time: 0.421, data_time: 0.020, memory: 691, loss_cls: 0.6017, loss_kpt: 28.3019, loss_flow: 0.3573, loss_bone: 0.0000, loss: 29.2610, grad_norm: 913.2590
2026-06-07 05:16:57,919 - mmdet - INFO - Epoch [1][2550/2811]	lr: 2.000e-06, eta: 6:03:13, time: 0.402, data_time: 0.020, memory: 691, loss_cls: 0.5966, loss_kpt: 28.0267, loss_flow: 0.3605, loss_bone: 0.0000, loss: 28.9837, grad_norm: 739.2822
2026-06-07 05:17:17,987 - mmdet - INFO - Epoch [1][2600/2811]	lr: 2.000e-06, eta: 6:02:48, time: 0.401, data_time: 0.020, memory: 691, loss_cls: 0.6000, loss_kpt: 28.3542, loss_flow: 0.3624, loss_bone: 0.0000, loss: 29.3166, grad_norm: 867.1124
2026-06-07 05:17:37,598 - mmdet - INFO - Epoch [1][2650/2811]	lr: 2.000e-06, eta: 6:02:13, time: 0.392, data_time: 0.020, memory: 691, loss_cls: 0.5993, loss_kpt: 28.0142, loss_flow: 0.3561, loss_bone: 0.0000, loss: 28.9696, grad_norm: 826.4066
2026-06-07 05:17:58,390 - mmdet - INFO - Epoch [1][2700/2811]	lr: 2.000e-06, eta: 6:02:03, time: 0.416, data_time: 0.020, memory: 691, loss_cls: 0.5930, loss_kpt: 27.6429, loss_flow: 0.3511, loss_bone: 0.0000, loss: 28.5870, grad_norm: 761.7612
2026-06-07 05:18:19,130 - mmdet - INFO - Epoch [1][2750/2811]	lr: 2.000e-06, eta: 6:01:52, time: 0.415, data_time: 0.019, memory: 691, loss_cls: 0.6008, loss_kpt: 27.7628, loss_flow: 0.3489, loss_bone: 0.0000, loss: 28.7125, grad_norm: 740.1032
2026-06-07 05:18:39,020 - mmdet - INFO - Epoch [1][2800/2811]	lr: 2.000e-06, eta: 6:01:23, time: 0.398, data_time: 0.020, memory: 691, loss_cls: 0.5932, loss_kpt: 27.4464, loss_flow: 0.3382, loss_bone: 0.0000, loss: 28.3779, grad_norm: 748.8116
2026-06-07 05:18:43,337 - mmdet - INFO - Updating latest checkpoint at 1 epochs
2026-06-07 05:18:43,476 - mmdet - INFO - [BoneLossWarmup] Epoch 2/20 | Warmup: 2e, Ramp: 2e | Bone weight -> 0.0000
2026-06-07 05:19:07,022 - mmdet - INFO - Epoch [2][50/2811]	lr: 2.000e-06, eta: 6:00:36, time: 0.471, data_time: 0.074, memory: 691, loss_cls: 0.5983, loss_kpt: 27.0596, loss_flow: 0.3259, loss_bone: 0.0000, loss: 27.9839, grad_norm: 713.7362
2026-06-07 05:19:28,594 - mmdet - INFO - Epoch [2][100/2811]	lr: 2.000e-06, eta: 6:00:39, time: 0.431, data_time: 0.019, memory: 691, loss_cls: 0.5977, loss_kpt: 27.1824, loss_flow: 0.3397, loss_bone: 0.0000, loss: 28.1198, grad_norm: 863.3099
2026-06-07 05:19:50,141 - mmdet - INFO - Epoch [2][150/2811]	lr: 2.000e-06, eta: 6:00:42, time: 0.431, data_time: 0.019, memory: 691, loss_cls: 0.5896, loss_kpt: 27.4674, loss_flow: 0.3380, loss_bone: 0.0000, loss: 28.3950, grad_norm: 796.0747
2026-06-07 05:20:12,223 - mmdet - INFO - Epoch [2][200/2811]	lr: 2.000e-06, eta: 6:00:52, time: 0.442, data_time: 0.020, memory: 691, loss_cls: 0.5956, loss_kpt: 27.3151, loss_flow: 0.3314, loss_bone: 0.0000, loss: 28.2421, grad_norm: 848.4252
2026-06-07 05:20:34,303 - mmdet - INFO - Epoch [2][250/2811]	lr: 2.000e-06, eta: 6:01:02, time: 0.442, data_time: 0.019, memory: 691, loss_cls: 0.5943, loss_kpt: 27.1041, loss_flow: 0.3179, loss_bone: 0.0000, loss: 28.0163, grad_norm: 704.4844
2026-06-07 05:20:56,314 - mmdet - INFO - Epoch [2][300/2811]	lr: 2.000e-06, eta: 6:01:10, time: 0.440, data_time: 0.020, memory: 691, loss_cls: 0.5942, loss_kpt: 26.6551, loss_flow: 0.3171, loss_bone: 0.0000, loss: 27.5665, grad_norm: 738.0810
2026-06-07 05:21:17,533 - mmdet - INFO - Epoch [2][350/2811]	lr: 2.000e-06, eta: 6:01:03, time: 0.424, data_time: 0.019, memory: 691, loss_cls: 0.5942, loss_kpt: 27.1737, loss_flow: 0.3242, loss_bone: 0.0000, loss: 28.0920, grad_norm: 901.0687
2026-06-07 05:21:37,162 - mmdet - INFO - Epoch [2][400/2811]	lr: 2.000e-06, eta: 6:00:30, time: 0.393, data_time: 0.018, memory: 691, loss_cls: 0.5947, loss_kpt: 26.9686, loss_flow: 0.3176, loss_bone: 0.0000, loss: 27.8808, grad_norm: 719.8386
2026-06-07 05:21:58,670 - mmdet - INFO - Epoch [2][450/2811]	lr: 2.000e-06, eta: 6:00:27, time: 0.430, data_time: 0.020, memory: 691, loss_cls: 0.5973, loss_kpt: 26.8199, loss_flow: 0.3099, loss_bone: 0.0000, loss: 27.7271, grad_norm: 750.0279
2026-06-07 05:22:18,306 - mmdet - INFO - Epoch [2][500/2811]	lr: 2.000e-06, eta: 5:59:54, time: 0.393, data_time: 0.019, memory: 691, loss_cls: 0.5937, loss_kpt: 26.4696, loss_flow: 0.3160, loss_bone: 0.0000, loss: 27.3793, grad_norm: 684.7955
2026-06-07 05:22:38,451 - mmdet - INFO - Epoch [2][550/2811]	lr: 2.000e-06, eta: 5:59:30, time: 0.403, data_time: 0.019, memory: 691, loss_cls: 0.5912, loss_kpt: 26.6728, loss_flow: 0.3129, loss_bone: 0.0000, loss: 27.5769, grad_norm: 744.9409
2026-06-07 05:22:58,986 - mmdet - INFO - Epoch [2][600/2811]	lr: 2.000e-06, eta: 5:59:11, time: 0.411, data_time: 0.020, memory: 691, loss_cls: 0.5934, loss_kpt: 26.9719, loss_flow: 0.3133, loss_bone: 0.0000, loss: 27.8786, grad_norm: 712.4805
2026-06-07 05:23:20,595 - mmdet - INFO - Epoch [2][650/2811]	lr: 2.000e-06, eta: 5:59:09, time: 0.432, data_time: 0.019, memory: 691, loss_cls: 0.5931, loss_kpt: 26.4907, loss_flow: 0.3111, loss_bone: 0.0000, loss: 27.3948, grad_norm: 857.0545
2026-06-07 05:23:42,665 - mmdet - INFO - Epoch [2][700/2811]	lr: 2.000e-06, eta: 5:59:14, time: 0.441, data_time: 0.019, memory: 691, loss_cls: 0.5965, loss_kpt: 26.2839, loss_flow: 0.2989, loss_bone: 0.0000, loss: 27.1793, grad_norm: 724.1204
2026-06-07 05:24:02,042 - mmdet - INFO - Epoch [2][750/2811]	lr: 2.000e-06, eta: 5:58:37, time: 0.388, data_time: 0.019, memory: 691, loss_cls: 0.5923, loss_kpt: 26.3435, loss_flow: 0.3125, loss_bone: 0.0000, loss: 27.2483, grad_norm: 711.8384
2026-06-07 05:24:23,320 - mmdet - INFO - Epoch [2][800/2811]	lr: 2.000e-06, eta: 5:58:29, time: 0.426, data_time: 0.019, memory: 691, loss_cls: 0.5929, loss_kpt: 26.3625, loss_flow: 0.3085, loss_bone: 0.0000, loss: 27.2639, grad_norm: 794.7856
2026-06-07 05:24:44,422 - mmdet - INFO - Epoch [2][850/2811]	lr: 2.000e-06, eta: 5:58:18, time: 0.422, data_time: 0.019, memory: 691, loss_cls: 0.5923, loss_kpt: 26.4276, loss_flow: 0.3000, loss_bone: 0.0000, loss: 27.3199, grad_norm: 718.4534
2026-06-07 05:25:05,203 - mmdet - INFO - Epoch [2][900/2811]	lr: 2.000e-06, eta: 5:58:02, time: 0.416, data_time: 0.020, memory: 691, loss_cls: 0.5923, loss_kpt: 26.1122, loss_flow: 0.3004, loss_bone: 0.0000, loss: 27.0049, grad_norm: 806.2059
2026-06-07 05:25:23,680 - mmdet - INFO - Epoch [2][950/2811]	lr: 2.000e-06, eta: 5:57:14, time: 0.370, data_time: 0.018, memory: 691, loss_cls: 0.5876, loss_kpt: 26.3285, loss_flow: 0.3046, loss_bone: 0.0000, loss: 27.2206, grad_norm: 804.4573
2026-06-07 05:25:42,213 - mmdet - INFO - Epoch [2][1000/2811]	lr: 2.000e-06, eta: 5:56:28, time: 0.371, data_time: 0.019, memory: 691, loss_cls: 0.5892, loss_kpt: 26.2470, loss_flow: 0.2985, loss_bone: 0.0000, loss: 27.1347, grad_norm: 704.8785
2026-06-07 05:26:01,663 - mmdet - INFO - Epoch [2][1050/2811]	lr: 2.000e-06, eta: 5:55:55, time: 0.389, data_time: 0.020, memory: 691, loss_cls: 0.5908, loss_kpt: 26.3329, loss_flow: 0.3005, loss_bone: 0.0000, loss: 27.2242, grad_norm: 757.6050
2026-06-07 05:26:20,150 - mmdet - INFO - Epoch [2][1100/2811]	lr: 2.000e-06, eta: 5:55:09, time: 0.370, data_time: 0.020, memory: 691, loss_cls: 0.5895, loss_kpt: 25.8519, loss_flow: 0.2904, loss_bone: 0.0000, loss: 26.7318, grad_norm: 698.2704
2026-06-07 05:26:38,390 - mmdet - INFO - Epoch [2][1150/2811]	lr: 2.000e-06, eta: 5:54:20, time: 0.365, data_time: 0.019, memory: 691, loss_cls: 0.5895, loss_kpt: 26.1909, loss_flow: 0.2940, loss_bone: 0.0000, loss: 27.0744, grad_norm: 715.7323
2026-06-07 05:26:59,298 - mmdet - INFO - Epoch [2][1200/2811]	lr: 2.000e-06, eta: 5:54:07, time: 0.418, data_time: 0.020, memory: 691, loss_cls: 0.5890, loss_kpt: 25.7805, loss_flow: 0.3012, loss_bone: 0.0000, loss: 26.6707, grad_norm: 693.4145
2026-06-07 05:27:21,205 - mmdet - INFO - Epoch [2][1250/2811]	lr: 2.000e-06, eta: 5:54:07, time: 0.438, data_time: 0.019, memory: 691, loss_cls: 0.5894, loss_kpt: 25.9150, loss_flow: 0.2934, loss_bone: 0.0000, loss: 26.7978, grad_norm: 668.2716
2026-06-07 05:27:42,686 - mmdet - INFO - Epoch [2][1300/2811]	lr: 2.000e-06, eta: 5:54:01, time: 0.430, data_time: 0.019, memory: 691, loss_cls: 0.5885, loss_kpt: 26.0899, loss_flow: 0.3017, loss_bone: 0.0000, loss: 26.9801, grad_norm: 749.6638
2026-06-07 05:28:02,130 - mmdet - INFO - Epoch [2][1350/2811]	lr: 2.000e-06, eta: 5:53:29, time: 0.389, data_time: 0.019, memory: 691, loss_cls: 0.5878, loss_kpt: 25.6107, loss_flow: 0.2847, loss_bone: 0.0000, loss: 26.4833, grad_norm: 691.8218
2026-06-07 05:28:21,656 - mmdet - INFO - Epoch [2][1400/2811]	lr: 2.000e-06, eta: 5:52:58, time: 0.391, data_time: 0.020, memory: 691, loss_cls: 0.5875, loss_kpt: 25.9002, loss_flow: 0.2880, loss_bone: 0.0000, loss: 26.7756, grad_norm: 703.4787
2026-06-07 05:28:42,959 - mmdet - INFO - Epoch [2][1450/2811]	lr: 2.000e-06, eta: 5:52:49, time: 0.426, data_time: 0.019, memory: 691, loss_cls: 0.5839, loss_kpt: 25.7925, loss_flow: 0.2895, loss_bone: 0.0000, loss: 26.6659, grad_norm: 712.8585
2026-06-07 05:29:03,930 - mmdet - INFO - Epoch [2][1500/2811]	lr: 2.000e-06, eta: 5:52:36, time: 0.419, data_time: 0.020, memory: 691, loss_cls: 0.5895, loss_kpt: 25.6630, loss_flow: 0.2832, loss_bone: 0.0000, loss: 26.5357, grad_norm: 689.7880
2026-06-07 05:29:25,810 - mmdet - INFO - Epoch [2][1550/2811]	lr: 2.000e-06, eta: 5:52:33, time: 0.438, data_time: 0.019, memory: 691, loss_cls: 0.5874, loss_kpt: 25.7847, loss_flow: 0.2842, loss_bone: 0.0000, loss: 26.6562, grad_norm: 688.6576
2026-06-07 05:29:47,418 - mmdet - INFO - Epoch [2][1600/2811]	lr: 2.000e-06, eta: 5:52:27, time: 0.432, data_time: 0.019, memory: 691, loss_cls: 0.5892, loss_kpt: 25.8337, loss_flow: 0.2883, loss_bone: 0.0000, loss: 26.7112, grad_norm: 689.2992
2026-06-07 05:30:08,189 - mmdet - INFO - Epoch [2][1650/2811]	lr: 2.000e-06, eta: 5:52:11, time: 0.415, data_time: 0.021, memory: 691, loss_cls: 0.5907, loss_kpt: 25.7636, loss_flow: 0.2900, loss_bone: 0.0000, loss: 26.6443, grad_norm: 842.9809
2026-06-07 05:30:30,790 - mmdet - INFO - Epoch [2][1700/2811]	lr: 2.000e-06, eta: 5:52:15, time: 0.452, data_time: 0.021, memory: 691, loss_cls: 0.5913, loss_kpt: 25.7772, loss_flow: 0.2795, loss_bone: 0.0000, loss: 26.6480, grad_norm: 627.8661
2026-06-07 05:30:50,822 - mmdet - INFO - Epoch [2][1750/2811]	lr: 2.000e-06, eta: 5:51:50, time: 0.401, data_time: 0.020, memory: 691, loss_cls: 0.5815, loss_kpt: 25.5166, loss_flow: 0.2814, loss_bone: 0.0000, loss: 26.3795, grad_norm: 656.7556
2026-06-07 05:31:11,789 - mmdet - INFO - Epoch [2][1800/2811]	lr: 2.000e-06, eta: 5:51:36, time: 0.419, data_time: 0.020, memory: 691, loss_cls: 0.5854, loss_kpt: 25.5648, loss_flow: 0.2844, loss_bone: 0.0000, loss: 26.4347, grad_norm: 815.2422
2026-06-07 05:31:33,792 - mmdet - INFO - Epoch [2][1850/2811]	lr: 2.000e-06, eta: 5:51:33, time: 0.440, data_time: 0.018, memory: 691, loss_cls: 0.5833, loss_kpt: 26.2206, loss_flow: 0.2968, loss_bone: 0.0000, loss: 27.1007, grad_norm: 784.8557
2026-06-07 05:31:55,347 - mmdet - INFO - Epoch [2][1900/2811]	lr: 2.000e-06, eta: 5:51:24, time: 0.431, data_time: 0.019, memory: 691, loss_cls: 0.5852, loss_kpt: 25.5330, loss_flow: 0.2836, loss_bone: 0.0000, loss: 26.4018, grad_norm: 745.9650
2026-06-07 05:32:15,795 - mmdet - INFO - Epoch [2][1950/2811]	lr: 2.000e-06, eta: 5:51:04, time: 0.409, data_time: 0.019, memory: 691, loss_cls: 0.5872, loss_kpt: 25.4087, loss_flow: 0.2828, loss_bone: 0.0000, loss: 26.2787, grad_norm: 659.7602
2026-06-07 05:32:37,218 - mmdet - INFO - Epoch [2][2000/2811]	lr: 2.000e-06, eta: 5:50:53, time: 0.428, data_time: 0.020, memory: 691, loss_cls: 0.5859, loss_kpt: 25.2619, loss_flow: 0.2751, loss_bone: 0.0000, loss: 26.1229, grad_norm: 678.2865
2026-06-07 05:32:58,366 - mmdet - INFO - Epoch [2][2050/2811]	lr: 2.000e-06, eta: 5:50:40, time: 0.423, data_time: 0.019, memory: 691, loss_cls: 0.5877, loss_kpt: 25.7218, loss_flow: 0.2979, loss_bone: 0.0000, loss: 26.6074, grad_norm: 691.2488
2026-06-07 05:33:19,832 - mmdet - INFO - Epoch [2][2100/2811]	lr: 2.000e-06, eta: 5:50:30, time: 0.429, data_time: 0.019, memory: 691, loss_cls: 0.5829, loss_kpt: 25.2434, loss_flow: 0.2840, loss_bone: 0.0000, loss: 26.1103, grad_norm: 652.1313
2026-06-07 05:33:41,862 - mmdet - INFO - Epoch [2][2150/2811]	lr: 2.000e-06, eta: 5:50:25, time: 0.441, data_time: 0.019, memory: 691, loss_cls: 0.5863, loss_kpt: 25.3084, loss_flow: 0.2749, loss_bone: 0.0000, loss: 26.1696, grad_norm: 682.7793
2026-06-07 05:34:03,941 - mmdet - INFO - Epoch [2][2200/2811]	lr: 2.000e-06, eta: 5:50:21, time: 0.442, data_time: 0.019, memory: 691, loss_cls: 0.5791, loss_kpt: 25.3149, loss_flow: 0.2798, loss_bone: 0.0000, loss: 26.1738, grad_norm: 749.4292
2026-06-07 05:34:25,662 - mmdet - INFO - Epoch [2][2250/2811]	lr: 2.000e-06, eta: 5:50:12, time: 0.434, data_time: 0.019, memory: 691, loss_cls: 0.5854, loss_kpt: 25.5768, loss_flow: 0.2752, loss_bone: 0.0000, loss: 26.4374, grad_norm: 719.5258
2026-06-07 05:34:45,795 - mmdet - INFO - Epoch [2][2300/2811]	lr: 2.000e-06, eta: 5:49:48, time: 0.403, data_time: 0.019, memory: 691, loss_cls: 0.5863, loss_kpt: 25.2112, loss_flow: 0.2743, loss_bone: 0.0000, loss: 26.0717, grad_norm: 634.1228
2026-06-07 05:35:05,362 - mmdet - INFO - Epoch [2][2350/2811]	lr: 2.000e-06, eta: 5:49:18, time: 0.391, data_time: 0.019, memory: 691, loss_cls: 0.5855, loss_kpt: 25.3496, loss_flow: 0.2677, loss_bone: 0.0000, loss: 26.2029, grad_norm: 669.7782
2026-06-07 05:35:23,822 - mmdet - INFO - Epoch [2][2400/2811]	lr: 2.000e-06, eta: 5:48:37, time: 0.369, data_time: 0.019, memory: 691, loss_cls: 0.5807, loss_kpt: 25.7983, loss_flow: 0.2773, loss_bone: 0.0000, loss: 26.6563, grad_norm: 755.9055
2026-06-07 05:35:43,073 - mmdet - INFO - Epoch [2][2450/2811]	lr: 2.000e-06, eta: 5:48:04, time: 0.385, data_time: 0.018, memory: 691, loss_cls: 0.5832, loss_kpt: 25.1280, loss_flow: 0.2736, loss_bone: 0.0000, loss: 25.9848, grad_norm: 601.2972
2026-06-07 05:36:02,839 - mmdet - INFO - Epoch [2][2500/2811]	lr: 2.000e-06, eta: 5:47:37, time: 0.395, data_time: 0.019, memory: 691, loss_cls: 0.5840, loss_kpt: 25.3374, loss_flow: 0.2739, loss_bone: 0.0000, loss: 26.1953, grad_norm: 723.5309
2026-06-07 05:36:24,906 - mmdet - INFO - Epoch [2][2550/2811]	lr: 2.000e-06, eta: 5:47:31, time: 0.441, data_time: 0.018, memory: 691, loss_cls: 0.5831, loss_kpt: 25.2678, loss_flow: 0.2707, loss_bone: 0.0000, loss: 26.1216, grad_norm: 620.1538
2026-06-07 05:36:46,905 - mmdet - INFO - Epoch [2][2600/2811]	lr: 2.000e-06, eta: 5:47:25, time: 0.440, data_time: 0.019, memory: 691, loss_cls: 0.5802, loss_kpt: 25.3235, loss_flow: 0.2681, loss_bone: 0.0000, loss: 26.1718, grad_norm: 612.3480
2026-06-07 05:37:06,526 - mmdet - INFO - Epoch [2][2650/2811]	lr: 2.000e-06, eta: 5:46:56, time: 0.392, data_time: 0.019, memory: 691, loss_cls: 0.5763, loss_kpt: 25.4060, loss_flow: 0.2761, loss_bone: 0.0000, loss: 26.2584, grad_norm: 682.2781
2026-06-07 05:37:25,899 - mmdet - INFO - Epoch [2][2700/2811]	lr: 2.000e-06, eta: 5:46:25, time: 0.387, data_time: 0.020, memory: 691, loss_cls: 0.5811, loss_kpt: 25.2027, loss_flow: 0.2675, loss_bone: 0.0000, loss: 26.0513, grad_norm: 635.9759
2026-06-07 05:37:47,398 - mmdet - INFO - Epoch [2][2750/2811]	lr: 2.000e-06, eta: 5:46:14, time: 0.430, data_time: 0.019, memory: 691, loss_cls: 0.5874, loss_kpt: 24.9531, loss_flow: 0.2659, loss_bone: 0.0000, loss: 25.8064, grad_norm: 618.9786
2026-06-07 05:38:09,243 - mmdet - INFO - Epoch [2][2800/2811]	lr: 2.000e-06, eta: 5:46:05, time: 0.437, data_time: 0.019, memory: 691, loss_cls: 0.5790, loss_kpt: 25.2277, loss_flow: 0.2725, loss_bone: 0.0000, loss: 26.0792, grad_norm: 671.3182
2026-06-07 05:38:13,514 - mmdet - INFO - Updating latest checkpoint at 2 epochs
2026-06-07 05:38:13,751 - mmdet - INFO - [BoneLossWarmup] Epoch 3/20 | Warmup: 2e, Ramp: 2e | Bone weight -> 0.5000
2026-06-07 05:38:37,227 - mmdet - INFO - Epoch [3][50/2811]	lr: 2.000e-06, eta: 5:45:27, time: 0.469, data_time: 0.073, memory: 691, loss_cls: 0.5799, loss_kpt: 24.8003, loss_flow: 0.2674, loss_bone: 0.0440, loss: 25.6916, grad_norm: 605.7814
2026-06-07 05:38:57,838 - mmdet - INFO - Epoch [3][100/2811]	lr: 2.000e-06, eta: 5:45:07, time: 0.412, data_time: 0.020, memory: 691, loss_cls: 0.5819, loss_kpt: 25.1657, loss_flow: 0.2659, loss_bone: 0.0442, loss: 26.0577, grad_norm: 701.6050
2026-06-07 05:39:19,342 - mmdet - INFO - Epoch [3][150/2811]	lr: 2.000e-06, eta: 5:44:55, time: 0.430, data_time: 0.019, memory: 691, loss_cls: 0.5807, loss_kpt: 25.1465, loss_flow: 0.2659, loss_bone: 0.0441, loss: 26.0371, grad_norm: 633.2503
2026-06-07 05:39:40,797 - mmdet - INFO - Epoch [3][200/2811]	lr: 2.000e-06, eta: 5:44:43, time: 0.429, data_time: 0.019, memory: 691, loss_cls: 0.5780, loss_kpt: 25.3376, loss_flow: 0.2636, loss_bone: 0.0441, loss: 26.2232, grad_norm: 714.0361
2026-06-07 05:40:02,484 - mmdet - INFO - Epoch [3][250/2811]	lr: 2.000e-06, eta: 5:44:32, time: 0.434, data_time: 0.019, memory: 691, loss_cls: 0.5755, loss_kpt: 24.9990, loss_flow: 0.2650, loss_bone: 0.0435, loss: 25.8829, grad_norm: 614.6855
2026-06-07 05:40:24,470 - mmdet - INFO - Epoch [3][300/2811]	lr: 2.000e-06, eta: 5:44:24, time: 0.440, data_time: 0.020, memory: 691, loss_cls: 0.5756, loss_kpt: 25.2050, loss_flow: 0.2599, loss_bone: 0.0444, loss: 26.0849, grad_norm: 634.0522
2026-06-07 05:40:47,057 - mmdet - INFO - Epoch [3][350/2811]	lr: 2.000e-06, eta: 5:44:21, time: 0.452, data_time: 0.022, memory: 691, loss_cls: 0.5783, loss_kpt: 25.0079, loss_flow: 0.2617, loss_bone: 0.0441, loss: 25.8920, grad_norm: 617.0366
2026-06-07 05:41:06,467 - mmdet - INFO - Epoch [3][400/2811]	lr: 2.000e-06, eta: 5:43:51, time: 0.388, data_time: 0.021, memory: 691, loss_cls: 0.5781, loss_kpt: 24.9574, loss_flow: 0.2553, loss_bone: 0.0434, loss: 25.8343, grad_norm: 637.5084
2026-06-07 05:41:25,857 - mmdet - INFO - Epoch [3][450/2811]	lr: 2.000e-06, eta: 5:43:21, time: 0.388, data_time: 0.021, memory: 691, loss_cls: 0.5767, loss_kpt: 24.9690, loss_flow: 0.2577, loss_bone: 0.0441, loss: 25.8475, grad_norm: 610.5538
2026-06-07 05:41:47,095 - mmdet - INFO - Epoch [3][500/2811]	lr: 2.000e-06, eta: 5:43:06, time: 0.425, data_time: 0.021, memory: 691, loss_cls: 0.5806, loss_kpt: 25.1494, loss_flow: 0.2653, loss_bone: 0.0447, loss: 26.0400, grad_norm: 706.2304
2026-06-07 05:42:06,666 - mmdet - INFO - Epoch [3][550/2811]	lr: 2.000e-06, eta: 5:42:37, time: 0.391, data_time: 0.021, memory: 691, loss_cls: 0.5745, loss_kpt: 25.0540, loss_flow: 0.2573, loss_bone: 0.0438, loss: 25.9297, grad_norm: 605.6585
2026-06-07 05:42:25,990 - mmdet - INFO - Epoch [3][600/2811]	lr: 2.000e-06, eta: 5:42:07, time: 0.386, data_time: 0.020, memory: 691, loss_cls: 0.5757, loss_kpt: 24.8581, loss_flow: 0.2555, loss_bone: 0.0443, loss: 25.7336, grad_norm: 653.4470
2026-06-07 05:42:45,486 - mmdet - INFO - Epoch [3][650/2811]	lr: 2.000e-06, eta: 5:41:38, time: 0.390, data_time: 0.021, memory: 691, loss_cls: 0.5763, loss_kpt: 25.2402, loss_flow: 0.2614, loss_bone: 0.0437, loss: 26.1216, grad_norm: 611.9949
2026-06-07 05:43:05,278 - mmdet - INFO - Epoch [3][700/2811]	lr: 2.000e-06, eta: 5:41:12, time: 0.396, data_time: 0.020, memory: 691, loss_cls: 0.5775, loss_kpt: 24.6877, loss_flow: 0.2557, loss_bone: 0.0434, loss: 25.5642, grad_norm: 587.8226
2026-06-07 05:43:24,988 - mmdet - INFO - Epoch [3][750/2811]	lr: 2.000e-06, eta: 5:40:45, time: 0.394, data_time: 0.021, memory: 691, loss_cls: 0.5742, loss_kpt: 24.8195, loss_flow: 0.2512, loss_bone: 0.0437, loss: 25.6887, grad_norm: 671.5908
2026-06-07 05:43:46,841 - mmdet - INFO - Epoch [3][800/2811]	lr: 2.000e-06, eta: 5:40:35, time: 0.437, data_time: 0.021, memory: 691, loss_cls: 0.5778, loss_kpt: 24.2955, loss_flow: 0.2494, loss_bone: 0.0438, loss: 25.1665, grad_norm: 602.8726
2026-06-07 05:44:06,441 - mmdet - INFO - Epoch [3][850/2811]	lr: 2.000e-06, eta: 5:40:08, time: 0.392, data_time: 0.021, memory: 691, loss_cls: 0.5732, loss_kpt: 25.2177, loss_flow: 0.2573, loss_bone: 0.0440, loss: 26.0922, grad_norm: 609.1970
2026-06-07 05:44:27,341 - mmdet - INFO - Epoch [3][900/2811]	lr: 2.000e-06, eta: 5:39:50, time: 0.418, data_time: 0.020, memory: 691, loss_cls: 0.5762, loss_kpt: 25.0809, loss_flow: 0.2568, loss_bone: 0.0442, loss: 25.9581, grad_norm: 711.9028
2026-06-07 05:44:48,662 - mmdet - INFO - Epoch [3][950/2811]	lr: 2.000e-06, eta: 5:39:36, time: 0.426, data_time: 0.021, memory: 691, loss_cls: 0.5731, loss_kpt: 24.8513, loss_flow: 0.2529, loss_bone: 0.0435, loss: 25.7208, grad_norm: 571.1368
2026-06-07 05:45:09,975 - mmdet - INFO - Epoch [3][1000/2811]	lr: 2.000e-06, eta: 5:39:21, time: 0.426, data_time: 0.022, memory: 691, loss_cls: 0.5731, loss_kpt: 25.3278, loss_flow: 0.2675, loss_bone: 0.0439, loss: 26.2123, grad_norm: 764.0993
2026-06-07 05:45:31,327 - mmdet - INFO - Epoch [3][1050/2811]	lr: 2.000e-06, eta: 5:39:07, time: 0.427, data_time: 0.021, memory: 691, loss_cls: 0.5780, loss_kpt: 24.2454, loss_flow: 0.2489, loss_bone: 0.0436, loss: 25.1160, grad_norm: 519.3204
2026-06-07 05:45:51,167 - mmdet - INFO - Epoch [3][1100/2811]	lr: 2.000e-06, eta: 5:38:41, time: 0.397, data_time: 0.022, memory: 691, loss_cls: 0.5737, loss_kpt: 24.4782, loss_flow: 0.2502, loss_bone: 0.0442, loss: 25.3463, grad_norm: 657.7880
2026-06-07 05:46:11,637 - mmdet - INFO - Epoch [3][1150/2811]	lr: 2.000e-06, eta: 5:38:20, time: 0.409, data_time: 0.020, memory: 691, loss_cls: 0.5741, loss_kpt: 24.5182, loss_flow: 0.2446, loss_bone: 0.0433, loss: 25.3801, grad_norm: 587.5226
2026-06-07 05:46:34,066 - mmdet - INFO - Epoch [3][1200/2811]	lr: 2.000e-06, eta: 5:38:13, time: 0.449, data_time: 0.021, memory: 691, loss_cls: 0.5751, loss_kpt: 24.3754, loss_flow: 0.2522, loss_bone: 0.0440, loss: 25.2467, grad_norm: 568.1540
2026-06-07 05:46:56,298 - mmdet - INFO - Epoch [3][1250/2811]	lr: 2.000e-06, eta: 5:38:05, time: 0.445, data_time: 0.021, memory: 691, loss_cls: 0.5789, loss_kpt: 24.4105, loss_flow: 0.2497, loss_bone: 0.0438, loss: 25.2828, grad_norm: 565.7988
2026-06-07 05:47:16,678 - mmdet - INFO - Epoch [3][1300/2811]	lr: 2.000e-06, eta: 5:37:43, time: 0.408, data_time: 0.019, memory: 691, loss_cls: 0.5757, loss_kpt: 24.6811, loss_flow: 0.2545, loss_bone: 0.0443, loss: 25.5556, grad_norm: 655.1801
2026-06-07 05:47:38,750 - mmdet - INFO - Epoch [3][1350/2811]	lr: 2.000e-06, eta: 5:37:33, time: 0.441, data_time: 0.021, memory: 691, loss_cls: 0.5749, loss_kpt: 24.4118, loss_flow: 0.2472, loss_bone: 0.0437, loss: 25.2776, grad_norm: 683.0351
2026-06-07 05:47:58,513 - mmdet - INFO - Epoch [3][1400/2811]	lr: 2.000e-06, eta: 5:37:07, time: 0.395, data_time: 0.021, memory: 691, loss_cls: 0.5734, loss_kpt: 24.6188, loss_flow: 0.2427, loss_bone: 0.0437, loss: 25.4786, grad_norm: 624.3850
2026-06-07 05:48:18,113 - mmdet - INFO - Epoch [3][1450/2811]	lr: 2.000e-06, eta: 5:36:40, time: 0.392, data_time: 0.021, memory: 691, loss_cls: 0.5726, loss_kpt: 24.5204, loss_flow: 0.2459, loss_bone: 0.0441, loss: 25.3830, grad_norm: 563.8907
2026-06-07 05:48:39,045 - mmdet - INFO - Epoch [3][1500/2811]	lr: 2.000e-06, eta: 5:36:22, time: 0.419, data_time: 0.021, memory: 691, loss_cls: 0.5739, loss_kpt: 24.6430, loss_flow: 0.2482, loss_bone: 0.0436, loss: 25.5086, grad_norm: 548.6485
2026-06-07 05:49:01,219 - mmdet - INFO - Epoch [3][1550/2811]	lr: 2.000e-06, eta: 5:36:12, time: 0.443, data_time: 0.020, memory: 691, loss_cls: 0.5733, loss_kpt: 24.6747, loss_flow: 0.2503, loss_bone: 0.0448, loss: 25.5432, grad_norm: 663.8555
2026-06-07 05:49:22,719 - mmdet - INFO - Epoch [3][1600/2811]	lr: 2.000e-06, eta: 5:35:58, time: 0.430, data_time: 0.021, memory: 691, loss_cls: 0.5754, loss_kpt: 24.4520, loss_flow: 0.2458, loss_bone: 0.0436, loss: 25.3168, grad_norm: 621.0814
2026-06-07 05:49:43,246 - mmdet - INFO - Epoch [3][1650/2811]	lr: 2.000e-06, eta: 5:35:37, time: 0.411, data_time: 0.019, memory: 691, loss_cls: 0.5783, loss_kpt: 24.2908, loss_flow: 0.2411, loss_bone: 0.0437, loss: 25.1539, grad_norm: 610.5656
2026-06-07 05:50:05,562 - mmdet - INFO - Epoch [3][1700/2811]	lr: 2.000e-06, eta: 5:35:28, time: 0.446, data_time: 0.021, memory: 691, loss_cls: 0.5745, loss_kpt: 24.5352, loss_flow: 0.2519, loss_bone: 0.0439, loss: 25.4055, grad_norm: 596.7381
2026-06-07 05:50:27,927 - mmdet - INFO - Epoch [3][1750/2811]	lr: 2.000e-06, eta: 5:35:20, time: 0.447, data_time: 0.021, memory: 691, loss_cls: 0.5755, loss_kpt: 24.1488, loss_flow: 0.2422, loss_bone: 0.0436, loss: 25.0101, grad_norm: 644.5925
2026-06-07 05:50:50,246 - mmdet - INFO - Epoch [3][1800/2811]	lr: 2.000e-06, eta: 5:35:10, time: 0.446, data_time: 0.021, memory: 691, loss_cls: 0.5703, loss_kpt: 24.5348, loss_flow: 0.2379, loss_bone: 0.0435, loss: 25.3865, grad_norm: 595.6726
2026-06-07 05:51:12,125 - mmdet - INFO - Epoch [3][1850/2811]	lr: 2.000e-06, eta: 5:34:58, time: 0.438, data_time: 0.021, memory: 691, loss_cls: 0.5720, loss_kpt: 24.6983, loss_flow: 0.2434, loss_bone: 0.0435, loss: 25.5572, grad_norm: 595.2398
2026-06-07 05:51:32,846 - mmdet - INFO - Epoch [3][1900/2811]	lr: 2.000e-06, eta: 5:34:38, time: 0.414, data_time: 0.021, memory: 691, loss_cls: 0.5699, loss_kpt: 24.4388, loss_flow: 0.2442, loss_bone: 0.0433, loss: 25.2962, grad_norm: 568.5502
2026-06-07 05:51:53,781 - mmdet - INFO - Epoch [3][1950/2811]	lr: 2.000e-06, eta: 5:34:20, time: 0.419, data_time: 0.021, memory: 691, loss_cls: 0.5743, loss_kpt: 24.3783, loss_flow: 0.2474, loss_bone: 0.0439, loss: 25.2439, grad_norm: 527.4906
2026-06-07 05:52:13,422 - mmdet - INFO - Epoch [3][2000/2811]	lr: 2.000e-06, eta: 5:33:53, time: 0.393, data_time: 0.021, memory: 691, loss_cls: 0.5713, loss_kpt: 24.6428, loss_flow: 0.2524, loss_bone: 0.0435, loss: 25.5101, grad_norm: 623.2592
2026-06-07 05:52:35,723 - mmdet - INFO - Epoch [3][2050/2811]	lr: 2.000e-06, eta: 5:33:43, time: 0.446, data_time: 0.021, memory: 691, loss_cls: 0.5704, loss_kpt: 24.3027, loss_flow: 0.2435, loss_bone: 0.0432, loss: 25.1597, grad_norm: 586.3750
2026-06-07 05:52:57,301 - mmdet - INFO - Epoch [3][2100/2811]	lr: 2.000e-06, eta: 5:33:28, time: 0.432, data_time: 0.021, memory: 691, loss_cls: 0.5710, loss_kpt: 24.2311, loss_flow: 0.2410, loss_bone: 0.0439, loss: 25.0870, grad_norm: 578.0553
2026-06-07 05:53:19,014 - mmdet - INFO - Epoch [3][2150/2811]	lr: 2.000e-06, eta: 5:33:14, time: 0.434, data_time: 0.021, memory: 691, loss_cls: 0.5736, loss_kpt: 24.5028, loss_flow: 0.2481, loss_bone: 0.0434, loss: 25.3679, grad_norm: 558.0907
2026-06-07 05:53:41,166 - mmdet - INFO - Epoch [3][2200/2811]	lr: 2.000e-06, eta: 5:33:03, time: 0.443, data_time: 0.020, memory: 691, loss_cls: 0.5738, loss_kpt: 24.3856, loss_flow: 0.2454, loss_bone: 0.0437, loss: 25.2484, grad_norm: 579.1952
2026-06-07 05:54:03,626 - mmdet - INFO - Epoch [3][2250/2811]	lr: 2.000e-06, eta: 5:32:54, time: 0.449, data_time: 0.021, memory: 691, loss_cls: 0.5733, loss_kpt: 23.8385, loss_flow: 0.2392, loss_bone: 0.0434, loss: 24.6944, grad_norm: 546.0272
2026-06-07 05:54:25,246 - mmdet - INFO - Epoch [3][2300/2811]	lr: 2.000e-06, eta: 5:32:39, time: 0.432, data_time: 0.020, memory: 691, loss_cls: 0.5747, loss_kpt: 24.1885, loss_flow: 0.2419, loss_bone: 0.0441, loss: 25.0492, grad_norm: 617.8299
2026-06-07 05:54:47,262 - mmdet - INFO - Epoch [3][2350/2811]	lr: 2.000e-06, eta: 5:32:26, time: 0.440, data_time: 0.019, memory: 691, loss_cls: 0.5680, loss_kpt: 24.1087, loss_flow: 0.2379, loss_bone: 0.0439, loss: 24.9585, grad_norm: 544.0527
2026-06-07 05:55:07,606 - mmdet - INFO - Epoch [3][2400/2811]	lr: 2.000e-06, eta: 5:32:04, time: 0.407, data_time: 0.020, memory: 691, loss_cls: 0.5729, loss_kpt: 24.1884, loss_flow: 0.2383, loss_bone: 0.0439, loss: 25.0435, grad_norm: 550.5133
2026-06-07 05:55:29,499 - mmdet - INFO - Epoch [3][2450/2811]	lr: 2.000e-06, eta: 5:31:50, time: 0.438, data_time: 0.021, memory: 691, loss_cls: 0.5733, loss_kpt: 24.1203, loss_flow: 0.2368, loss_bone: 0.0436, loss: 24.9740, grad_norm: 552.5405
2026-06-07 05:55:51,710 - mmdet - INFO - Epoch [3][2500/2811]	lr: 2.000e-06, eta: 5:31:39, time: 0.444, data_time: 0.020, memory: 691, loss_cls: 0.5701, loss_kpt: 24.2003, loss_flow: 0.2360, loss_bone: 0.0439, loss: 25.0504, grad_norm: 572.9884
2026-06-07 05:56:14,094 - mmdet - INFO - Epoch [3][2550/2811]	lr: 2.000e-06, eta: 5:31:28, time: 0.448, data_time: 0.020, memory: 691, loss_cls: 0.5698, loss_kpt: 23.9104, loss_flow: 0.2370, loss_bone: 0.0444, loss: 24.7616, grad_norm: 672.2160
2026-06-07 05:56:36,353 - mmdet - INFO - Epoch [3][2600/2811]	lr: 2.000e-06, eta: 5:31:16, time: 0.445, data_time: 0.020, memory: 691, loss_cls: 0.5696, loss_kpt: 24.0884, loss_flow: 0.2329, loss_bone: 0.0436, loss: 24.9345, grad_norm: 532.9364
2026-06-07 05:56:57,935 - mmdet - INFO - Epoch [3][2650/2811]	lr: 2.000e-06, eta: 5:31:01, time: 0.432, data_time: 0.020, memory: 691, loss_cls: 0.5716, loss_kpt: 24.4626, loss_flow: 0.2447, loss_bone: 0.0432, loss: 25.3221, grad_norm: 586.7452
2026-06-07 05:57:19,338 - mmdet - INFO - Epoch [3][2700/2811]	lr: 2.000e-06, eta: 5:30:44, time: 0.428, data_time: 0.020, memory: 691, loss_cls: 0.5681, loss_kpt: 23.9669, loss_flow: 0.2342, loss_bone: 0.0438, loss: 24.8131, grad_norm: 584.5555
2026-06-07 05:57:41,750 - mmdet - INFO - Epoch [3][2750/2811]	lr: 2.000e-06, eta: 5:30:33, time: 0.448, data_time: 0.021, memory: 691, loss_cls: 0.5716, loss_kpt: 23.8906, loss_flow: 0.2348, loss_bone: 0.0435, loss: 24.7406, grad_norm: 594.5822
2026-06-07 05:58:04,278 - mmdet - INFO - Epoch [3][2800/2811]	lr: 2.000e-06, eta: 5:30:23, time: 0.451, data_time: 0.021, memory: 691, loss_cls: 0.5691, loss_kpt: 24.3494, loss_flow: 0.2360, loss_bone: 0.0437, loss: 25.1982, grad_norm: 559.1636
2026-06-07 05:58:09,204 - mmdet - INFO - Updating latest checkpoint at 3 epochs
2026-06-07 05:58:09,443 - mmdet - INFO - [BoneLossWarmup] Epoch 4/20 | Warmup: 2e, Ramp: 2e | Bone weight -> 1.0000
2026-06-07 05:58:34,510 - mmdet - INFO - Epoch [4][50/2811]	lr: 2.000e-06, eta: 5:29:56, time: 0.501, data_time: 0.073, memory: 691, loss_cls: 0.5644, loss_kpt: 23.7759, loss_flow: 0.2302, loss_bone: 0.0863, loss: 24.6568, grad_norm: 486.6667
2026-06-07 05:58:56,766 - mmdet - INFO - Epoch [4][100/2811]	lr: 2.000e-06, eta: 5:29:44, time: 0.445, data_time: 0.019, memory: 691, loss_cls: 0.5711, loss_kpt: 24.3533, loss_flow: 0.2433, loss_bone: 0.0858, loss: 25.2534, grad_norm: 552.3740
2026-06-07 05:59:19,053 - mmdet - INFO - Epoch [4][150/2811]	lr: 2.000e-06, eta: 5:29:32, time: 0.446, data_time: 0.020, memory: 691, loss_cls: 0.5687, loss_kpt: 23.8885, loss_flow: 0.2312, loss_bone: 0.0858, loss: 24.7742, grad_norm: 537.1796
2026-06-07 05:59:41,277 - mmdet - INFO - Epoch [4][200/2811]	lr: 2.000e-06, eta: 5:29:19, time: 0.444, data_time: 0.020, memory: 691, loss_cls: 0.5696, loss_kpt: 24.1398, loss_flow: 0.2346, loss_bone: 0.0852, loss: 25.0291, grad_norm: 529.5860
2026-06-07 06:00:03,422 - mmdet - INFO - Epoch [4][250/2811]	lr: 2.000e-06, eta: 5:29:06, time: 0.443, data_time: 0.019, memory: 691, loss_cls: 0.5644, loss_kpt: 23.8226, loss_flow: 0.2317, loss_bone: 0.0866, loss: 24.7054, grad_norm: 535.9850
2026-06-07 06:00:25,354 - mmdet - INFO - Epoch [4][300/2811]	lr: 2.000e-06, eta: 5:28:51, time: 0.439, data_time: 0.021, memory: 691, loss_cls: 0.5652, loss_kpt: 25.3166, loss_flow: 0.2402, loss_bone: 0.0851, loss: 26.2071, grad_norm: 663.3984
2026-06-07 06:00:45,093 - mmdet - INFO - Epoch [4][350/2811]	lr: 2.000e-06, eta: 5:28:25, time: 0.395, data_time: 0.020, memory: 691, loss_cls: 0.5722, loss_kpt: 24.4367, loss_flow: 0.2569, loss_bone: 0.0863, loss: 25.3521, grad_norm: 658.0505
2026-06-07 06:01:05,595 - mmdet - INFO - Epoch [4][400/2811]	lr: 2.000e-06, eta: 5:28:03, time: 0.410, data_time: 0.022, memory: 691, loss_cls: 0.5706, loss_kpt: 24.0636, loss_flow: 0.2349, loss_bone: 0.0858, loss: 24.9548, grad_norm: 575.2268
2026-06-07 06:01:25,215 - mmdet - INFO - Epoch [4][450/2811]	lr: 2.000e-06, eta: 5:27:36, time: 0.392, data_time: 0.021, memory: 691, loss_cls: 0.5694, loss_kpt: 24.2372, loss_flow: 0.2315, loss_bone: 0.0855, loss: 25.1236, grad_norm: 625.0333
2026-06-07 06:01:45,681 - mmdet - INFO - Epoch [4][500/2811]	lr: 2.000e-06, eta: 5:27:13, time: 0.409, data_time: 0.021, memory: 691, loss_cls: 0.5678, loss_kpt: 23.8572, loss_flow: 0.2219, loss_bone: 0.0853, loss: 24.7322, grad_norm: 586.3506
2026-06-07 06:02:08,078 - mmdet - INFO - Epoch [4][550/2811]	lr: 2.000e-06, eta: 5:27:01, time: 0.448, data_time: 0.021, memory: 691, loss_cls: 0.5666, loss_kpt: 24.0765, loss_flow: 0.2330, loss_bone: 0.0863, loss: 24.9623, grad_norm: 603.8940
2026-06-07 06:02:29,302 - mmdet - INFO - Epoch [4][600/2811]	lr: 2.000e-06, eta: 5:26:43, time: 0.424, data_time: 0.022, memory: 691, loss_cls: 0.5696, loss_kpt: 23.9353, loss_flow: 0.2312, loss_bone: 0.0861, loss: 24.8222, grad_norm: 660.8068
2026-06-07 06:02:49,102 - mmdet - INFO - Epoch [4][650/2811]	lr: 2.000e-06, eta: 5:26:17, time: 0.396, data_time: 0.021, memory: 691, loss_cls: 0.5714, loss_kpt: 23.6218, loss_flow: 0.2294, loss_bone: 0.0867, loss: 24.5093, grad_norm: 503.4968
2026-06-07 06:03:08,934 - mmdet - INFO - Epoch [4][700/2811]	lr: 2.000e-06, eta: 5:25:52, time: 0.397, data_time: 0.021, memory: 691, loss_cls: 0.5681, loss_kpt: 23.9981, loss_flow: 0.2284, loss_bone: 0.0854, loss: 24.8799, grad_norm: 591.2231
2026-06-07 06:03:29,316 - mmdet - INFO - Epoch [4][750/2811]	lr: 2.000e-06, eta: 5:25:29, time: 0.408, data_time: 0.021, memory: 691, loss_cls: 0.5667, loss_kpt: 23.7906, loss_flow: 0.2338, loss_bone: 0.0859, loss: 24.6769, grad_norm: 525.8698
2026-06-07 06:03:51,334 - mmdet - INFO - Epoch [4][800/2811]	lr: 2.000e-06, eta: 5:25:14, time: 0.440, data_time: 0.021, memory: 691, loss_cls: 0.5715, loss_kpt: 23.6178, loss_flow: 0.2293, loss_bone: 0.0859, loss: 24.5044, grad_norm: 610.4006
2026-06-07 06:04:13,603 - mmdet - INFO - Epoch [4][850/2811]	lr: 2.000e-06, eta: 5:25:01, time: 0.445, data_time: 0.020, memory: 691, loss_cls: 0.5693, loss_kpt: 23.8552, loss_flow: 0.2269, loss_bone: 0.0860, loss: 24.7375, grad_norm: 587.5582
2026-06-07 06:04:34,267 - mmdet - INFO - Epoch [4][900/2811]	lr: 2.000e-06, eta: 5:24:40, time: 0.413, data_time: 0.019, memory: 691, loss_cls: 0.5675, loss_kpt: 24.0083, loss_flow: 0.2320, loss_bone: 0.0871, loss: 24.8949, grad_norm: 607.3281
2026-06-07 06:04:56,366 - mmdet - INFO - Epoch [4][950/2811]	lr: 2.000e-06, eta: 5:24:26, time: 0.442, data_time: 0.019, memory: 691, loss_cls: 0.5725, loss_kpt: 23.5536, loss_flow: 0.2258, loss_bone: 0.0846, loss: 24.4365, grad_norm: 578.7163
2026-06-07 06:05:17,280 - mmdet - INFO - Epoch [4][1000/2811]	lr: 2.000e-06, eta: 5:24:06, time: 0.418, data_time: 0.021, memory: 691, loss_cls: 0.5667, loss_kpt: 23.9357, loss_flow: 0.2377, loss_bone: 0.0866, loss: 24.8267, grad_norm: 557.7782
2026-06-07 06:05:39,494 - mmdet - INFO - Epoch [4][1050/2811]	lr: 2.000e-06, eta: 5:23:52, time: 0.444, data_time: 0.020, memory: 691, loss_cls: 0.5659, loss_kpt: 23.9680, loss_flow: 0.2292, loss_bone: 0.0858, loss: 24.8489, grad_norm: 518.7373
2026-06-07 06:06:01,626 - mmdet - INFO - Epoch [4][1100/2811]	lr: 2.000e-06, eta: 5:23:38, time: 0.443, data_time: 0.019, memory: 691, loss_cls: 0.5736, loss_kpt: 23.4533, loss_flow: 0.2268, loss_bone: 0.0848, loss: 24.3386, grad_norm: 532.9951
2026-06-07 06:06:23,852 - mmdet - INFO - Epoch [4][1150/2811]	lr: 2.000e-06, eta: 5:23:24, time: 0.445, data_time: 0.020, memory: 691, loss_cls: 0.5671, loss_kpt: 23.6712, loss_flow: 0.2284, loss_bone: 0.0860, loss: 24.5527, grad_norm: 478.4254
2026-06-07 06:06:46,134 - mmdet - INFO - Epoch [4][1200/2811]	lr: 2.000e-06, eta: 5:23:10, time: 0.446, data_time: 0.021, memory: 691, loss_cls: 0.5756, loss_kpt: 23.4092, loss_flow: 0.2283, loss_bone: 0.0855, loss: 24.2986, grad_norm: 526.2421
2026-06-07 06:07:04,892 - mmdet - INFO - Epoch [4][1250/2811]	lr: 2.000e-06, eta: 5:22:40, time: 0.375, data_time: 0.020, memory: 691, loss_cls: 0.5661, loss_kpt: 23.7630, loss_flow: 0.2281, loss_bone: 0.0857, loss: 24.6428, grad_norm: 551.5599
2026-06-07 06:07:24,415 - mmdet - INFO - Epoch [4][1300/2811]	lr: 2.000e-06, eta: 5:22:13, time: 0.390, data_time: 0.019, memory: 691, loss_cls: 0.5694, loss_kpt: 23.6248, loss_flow: 0.2236, loss_bone: 0.0870, loss: 24.5048, grad_norm: 539.9338
2026-06-07 06:07:43,866 - mmdet - INFO - Epoch [4][1350/2811]	lr: 2.000e-06, eta: 5:21:45, time: 0.389, data_time: 0.019, memory: 691, loss_cls: 0.5688, loss_kpt: 23.6143, loss_flow: 0.2250, loss_bone: 0.0853, loss: 24.4935, grad_norm: 553.1748
2026-06-07 06:08:05,573 - mmdet - INFO - Epoch [4][1400/2811]	lr: 2.000e-06, eta: 5:21:29, time: 0.434, data_time: 0.020, memory: 691, loss_cls: 0.5656, loss_kpt: 23.6579, loss_flow: 0.2269, loss_bone: 0.0860, loss: 24.5364, grad_norm: 561.2862
2026-06-07 06:08:27,698 - mmdet - INFO - Epoch [4][1450/2811]	lr: 2.000e-06, eta: 5:21:15, time: 0.442, data_time: 0.019, memory: 691, loss_cls: 0.5680, loss_kpt: 23.3609, loss_flow: 0.2243, loss_bone: 0.0848, loss: 24.2379, grad_norm: 559.5145
2026-06-07 06:08:48,352 - mmdet - INFO - Epoch [4][1500/2811]	lr: 2.000e-06, eta: 5:20:53, time: 0.413, data_time: 0.019, memory: 691, loss_cls: 0.5679, loss_kpt: 23.6623, loss_flow: 0.2255, loss_bone: 0.0858, loss: 24.5415, grad_norm: 631.4831
2026-06-07 06:09:07,908 - mmdet - INFO - Epoch [4][1550/2811]	lr: 2.000e-06, eta: 5:20:26, time: 0.391, data_time: 0.020, memory: 691, loss_cls: 0.5698, loss_kpt: 23.1460, loss_flow: 0.2146, loss_bone: 0.0852, loss: 24.0155, grad_norm: 521.6258
2026-06-07 06:09:27,514 - mmdet - INFO - Epoch [4][1600/2811]	lr: 2.000e-06, eta: 5:20:00, time: 0.392, data_time: 0.021, memory: 691, loss_cls: 0.5680, loss_kpt: 23.4814, loss_flow: 0.2266, loss_bone: 0.0858, loss: 24.3618, grad_norm: 629.1457
2026-06-07 06:09:47,835 - mmdet - INFO - Epoch [4][1650/2811]	lr: 2.000e-06, eta: 5:19:37, time: 0.406, data_time: 0.021, memory: 691, loss_cls: 0.5687, loss_kpt: 23.7653, loss_flow: 0.2207, loss_bone: 0.0848, loss: 24.6396, grad_norm: 597.8195
2026-06-07 06:10:07,898 - mmdet - INFO - Epoch [4][1700/2811]	lr: 2.000e-06, eta: 5:19:13, time: 0.401, data_time: 0.020, memory: 691, loss_cls: 0.5668, loss_kpt: 23.7874, loss_flow: 0.2201, loss_bone: 0.0857, loss: 24.6601, grad_norm: 589.8936
2026-06-07 06:10:28,010 - mmdet - INFO - Epoch [4][1750/2811]	lr: 2.000e-06, eta: 5:18:49, time: 0.402, data_time: 0.021, memory: 691, loss_cls: 0.5677, loss_kpt: 23.4540, loss_flow: 0.2207, loss_bone: 0.0850, loss: 24.3274, grad_norm: 546.7607
2026-06-07 06:10:47,637 - mmdet - INFO - Epoch [4][1800/2811]	lr: 2.000e-06, eta: 5:18:24, time: 0.393, data_time: 0.020, memory: 691, loss_cls: 0.5691, loss_kpt: 23.3863, loss_flow: 0.2246, loss_bone: 0.0867, loss: 24.2667, grad_norm: 560.1040
2026-06-07 06:11:07,702 - mmdet - INFO - Epoch [4][1850/2811]	lr: 2.000e-06, eta: 5:18:00, time: 0.401, data_time: 0.021, memory: 691, loss_cls: 0.5695, loss_kpt: 23.6584, loss_flow: 0.2232, loss_bone: 0.0859, loss: 24.5371, grad_norm: 525.8487
2026-06-07 06:11:27,146 - mmdet - INFO - Epoch [4][1900/2811]	lr: 2.000e-06, eta: 5:17:33, time: 0.389, data_time: 0.021, memory: 691, loss_cls: 0.5704, loss_kpt: 23.1725, loss_flow: 0.2224, loss_bone: 0.0859, loss: 24.0513, grad_norm: 517.8560
2026-06-07 06:11:46,751 - mmdet - INFO - Epoch [4][1950/2811]	lr: 2.000e-06, eta: 5:17:07, time: 0.392, data_time: 0.021, memory: 691, loss_cls: 0.5640, loss_kpt: 23.7190, loss_flow: 0.2179, loss_bone: 0.0859, loss: 24.5867, grad_norm: 596.6174
2026-06-07 06:12:06,278 - mmdet - INFO - Epoch [4][2000/2811]	lr: 2.000e-06, eta: 5:16:41, time: 0.391, data_time: 0.021, memory: 691, loss_cls: 0.5645, loss_kpt: 23.7123, loss_flow: 0.2273, loss_bone: 0.0857, loss: 24.5898, grad_norm: 512.1197
2026-06-07 06:12:25,701 - mmdet - INFO - Epoch [4][2050/2811]	lr: 2.000e-06, eta: 5:16:14, time: 0.388, data_time: 0.020, memory: 691, loss_cls: 0.5662, loss_kpt: 23.4843, loss_flow: 0.2231, loss_bone: 0.0855, loss: 24.3590, grad_norm: 554.9789
2026-06-07 06:12:44,521 - mmdet - INFO - Epoch [4][2100/2811]	lr: 2.000e-06, eta: 5:15:45, time: 0.376, data_time: 0.020, memory: 691, loss_cls: 0.5665, loss_kpt: 23.5383, loss_flow: 0.2192, loss_bone: 0.0864, loss: 24.4104, grad_norm: 474.3719
2026-06-07 06:13:01,499 - mmdet - INFO - Epoch [4][2150/2811]	lr: 2.000e-06, eta: 5:15:08, time: 0.340, data_time: 0.019, memory: 691, loss_cls: 0.5696, loss_kpt: 23.3917, loss_flow: 0.2215, loss_bone: 0.0857, loss: 24.2685, grad_norm: 503.3745
2026-06-07 06:13:19,227 - mmdet - INFO - Epoch [4][2200/2811]	lr: 2.000e-06, eta: 5:14:35, time: 0.355, data_time: 0.020, memory: 691, loss_cls: 0.5672, loss_kpt: 23.2876, loss_flow: 0.2170, loss_bone: 0.0858, loss: 24.1577, grad_norm: 454.8467
2026-06-07 06:13:38,770 - mmdet - INFO - Epoch [4][2250/2811]	lr: 2.000e-06, eta: 5:14:09, time: 0.391, data_time: 0.021, memory: 691, loss_cls: 0.5691, loss_kpt: 23.4929, loss_flow: 0.2215, loss_bone: 0.0863, loss: 24.3697, grad_norm: 584.2947
2026-06-07 06:13:58,097 - mmdet - INFO - Epoch [4][2300/2811]	lr: 2.000e-06, eta: 5:13:43, time: 0.387, data_time: 0.020, memory: 691, loss_cls: 0.5698, loss_kpt: 23.1639, loss_flow: 0.2176, loss_bone: 0.0844, loss: 24.0357, grad_norm: 579.0439
2026-06-07 06:14:19,682 - mmdet - INFO - Epoch [4][2350/2811]	lr: 2.000e-06, eta: 5:13:26, time: 0.432, data_time: 0.021, memory: 691, loss_cls: 0.5677, loss_kpt: 23.5353, loss_flow: 0.2186, loss_bone: 0.0857, loss: 24.4073, grad_norm: 577.1819
2026-06-07 06:14:39,422 - mmdet - INFO - Epoch [4][2400/2811]	lr: 2.000e-06, eta: 5:13:01, time: 0.395, data_time: 0.020, memory: 691, loss_cls: 0.5673, loss_kpt: 23.6845, loss_flow: 0.2245, loss_bone: 0.0853, loss: 24.5617, grad_norm: 567.9555
2026-06-07 06:14:58,839 - mmdet - INFO - Epoch [4][2450/2811]	lr: 2.000e-06, eta: 5:12:35, time: 0.388, data_time: 0.021, memory: 691, loss_cls: 0.5677, loss_kpt: 22.8458, loss_flow: 0.2127, loss_bone: 0.0842, loss: 23.7105, grad_norm: 541.9912
2026-06-07 06:15:18,314 - mmdet - INFO - Epoch [4][2500/2811]	lr: 2.000e-06, eta: 5:12:09, time: 0.390, data_time: 0.021, memory: 691, loss_cls: 0.5596, loss_kpt: 23.8440, loss_flow: 0.2215, loss_bone: 0.0853, loss: 24.7104, grad_norm: 564.5040
2026-06-07 06:15:37,913 - mmdet - INFO - Epoch [4][2550/2811]	lr: 2.000e-06, eta: 5:11:44, time: 0.392, data_time: 0.020, memory: 691, loss_cls: 0.5657, loss_kpt: 23.4931, loss_flow: 0.2203, loss_bone: 0.0857, loss: 24.3648, grad_norm: 634.2915
2026-06-07 06:15:56,618 - mmdet - INFO - Epoch [4][2600/2811]	lr: 2.000e-06, eta: 5:11:15, time: 0.374, data_time: 0.020, memory: 691, loss_cls: 0.5618, loss_kpt: 23.8189, loss_flow: 0.2126, loss_bone: 0.0852, loss: 24.6785, grad_norm: 584.8027
2026-06-07 06:16:13,215 - mmdet - INFO - Epoch [4][2650/2811]	lr: 2.000e-06, eta: 5:10:38, time: 0.332, data_time: 0.019, memory: 691, loss_cls: 0.5681, loss_kpt: 23.3380, loss_flow: 0.2141, loss_bone: 0.0861, loss: 24.2063, grad_norm: 504.5853
2026-06-07 06:16:31,498 - mmdet - INFO - Epoch [4][2700/2811]	lr: 2.000e-06, eta: 5:10:08, time: 0.366, data_time: 0.020, memory: 691, loss_cls: 0.5644, loss_kpt: 23.9245, loss_flow: 0.2232, loss_bone: 0.0858, loss: 24.7979, grad_norm: 553.6593
2026-06-07 06:16:49,909 - mmdet - INFO - Epoch [4][2750/2811]	lr: 2.000e-06, eta: 5:09:38, time: 0.368, data_time: 0.020, memory: 691, loss_cls: 0.5680, loss_kpt: 23.1209, loss_flow: 0.2186, loss_bone: 0.0867, loss: 23.9942, grad_norm: 491.1506
2026-06-07 06:17:09,364 - mmdet - INFO - Epoch [4][2800/2811]	lr: 2.000e-06, eta: 5:09:13, time: 0.389, data_time: 0.021, memory: 691, loss_cls: 0.5649, loss_kpt: 23.2954, loss_flow: 0.2207, loss_bone: 0.0852, loss: 24.1661, grad_norm: 539.6163
2026-06-07 06:17:13,757 - mmdet - INFO - Updating latest checkpoint at 4 epochs
2026-06-07 06:17:13,993 - mmdet - INFO - [BoneLossWarmup] Epoch 5/20 | Warmup: 2e, Ramp: 2e | Bone weight -> 1.0000
2026-06-07 06:17:37,609 - mmdet - INFO - Epoch [5][50/2811]	lr: 2.000e-06, eta: 5:08:42, time: 0.472, data_time: 0.073, memory: 691, loss_cls: 0.5679, loss_kpt: 22.9971, loss_flow: 0.2107, loss_bone: 0.0851, loss: 23.8607, grad_norm: 560.8388
2026-06-07 06:17:57,538 - mmdet - INFO - Epoch [5][100/2811]	lr: 2.000e-06, eta: 5:08:19, time: 0.399, data_time: 0.021, memory: 691, loss_cls: 0.5618, loss_kpt: 23.3357, loss_flow: 0.2153, loss_bone: 0.0862, loss: 24.1990, grad_norm: 509.0761
2026-06-07 06:18:15,146 - mmdet - INFO - Epoch [5][150/2811]	lr: 2.000e-06, eta: 5:07:46, time: 0.352, data_time: 0.019, memory: 691, loss_cls: 0.5658, loss_kpt: 23.5700, loss_flow: 0.2117, loss_bone: 0.0862, loss: 24.4337, grad_norm: 566.4326
2026-06-07 06:18:35,145 - mmdet - INFO - Epoch [5][200/2811]	lr: 2.000e-06, eta: 5:07:23, time: 0.400, data_time: 0.021, memory: 691, loss_cls: 0.5646, loss_kpt: 23.3410, loss_flow: 0.2091, loss_bone: 0.0859, loss: 24.2007, grad_norm: 569.4184
2026-06-07 06:18:55,986 - mmdet - INFO - Epoch [5][250/2811]	lr: 2.000e-06, eta: 5:07:03, time: 0.417, data_time: 0.021, memory: 691, loss_cls: 0.5684, loss_kpt: 23.0233, loss_flow: 0.2098, loss_bone: 0.0861, loss: 23.8877, grad_norm: 489.5376
2026-06-07 06:19:15,359 - mmdet - INFO - Epoch [5][300/2811]	lr: 2.000e-06, eta: 5:06:38, time: 0.387, data_time: 0.020, memory: 691, loss_cls: 0.5658, loss_kpt: 23.1067, loss_flow: 0.2056, loss_bone: 0.0865, loss: 23.9646, grad_norm: 538.8717
2026-06-07 06:19:36,130 - mmdet - INFO - Epoch [5][350/2811]	lr: 2.000e-06, eta: 5:06:18, time: 0.415, data_time: 0.020, memory: 691, loss_cls: 0.5673, loss_kpt: 23.3433, loss_flow: 0.2196, loss_bone: 0.0864, loss: 24.2166, grad_norm: 541.1665
2026-06-07 06:19:58,422 - mmdet - INFO - Epoch [5][400/2811]	lr: 2.000e-06, eta: 5:06:04, time: 0.446, data_time: 0.021, memory: 691, loss_cls: 0.5639, loss_kpt: 23.1709, loss_flow: 0.2053, loss_bone: 0.0878, loss: 24.0279, grad_norm: 462.1693
2026-06-07 06:20:18,542 - mmdet - INFO - Epoch [5][450/2811]	lr: 2.000e-06, eta: 5:05:42, time: 0.402, data_time: 0.020, memory: 691, loss_cls: 0.5609, loss_kpt: 22.9935, loss_flow: 0.2119, loss_bone: 0.0856, loss: 23.8520, grad_norm: 487.8046
2026-06-07 06:20:35,858 - mmdet - INFO - Epoch [5][500/2811]	lr: 2.000e-06, eta: 5:05:09, time: 0.346, data_time: 0.019, memory: 691, loss_cls: 0.5698, loss_kpt: 23.2221, loss_flow: 0.2092, loss_bone: 0.0865, loss: 24.0876, grad_norm: 566.6641
2026-06-07 06:20:54,890 - mmdet - INFO - Epoch [5][550/2811]	lr: 2.000e-06, eta: 5:04:42, time: 0.381, data_time: 0.021, memory: 691, loss_cls: 0.5661, loss_kpt: 23.0533, loss_flow: 0.2098, loss_bone: 0.0852, loss: 23.9144, grad_norm: 496.3781
2026-06-07 06:21:14,510 - mmdet - INFO - Epoch [5][600/2811]	lr: 2.000e-06, eta: 5:04:18, time: 0.392, data_time: 0.021, memory: 691, loss_cls: 0.5630, loss_kpt: 23.4692, loss_flow: 0.2111, loss_bone: 0.0863, loss: 24.3295, grad_norm: 465.4818
2026-06-07 06:21:34,886 - mmdet - INFO - Epoch [5][650/2811]	lr: 2.000e-06, eta: 5:03:57, time: 0.408, data_time: 0.024, memory: 691, loss_cls: 0.5617, loss_kpt: 23.0649, loss_flow: 0.2067, loss_bone: 0.0852, loss: 23.9186, grad_norm: 490.3683
2026-06-07 06:21:54,638 - mmdet - INFO - Epoch [5][700/2811]	lr: 2.000e-06, eta: 5:03:33, time: 0.395, data_time: 0.021, memory: 691, loss_cls: 0.5660, loss_kpt: 23.1911, loss_flow: 0.2103, loss_bone: 0.0863, loss: 24.0538, grad_norm: 500.3733
2026-06-07 06:22:16,806 - mmdet - INFO - Epoch [5][750/2811]	lr: 2.000e-06, eta: 5:03:19, time: 0.443, data_time: 0.021, memory: 691, loss_cls: 0.5640, loss_kpt: 23.3610, loss_flow: 0.2145, loss_bone: 0.0860, loss: 24.2255, grad_norm: 531.4434
2026-06-07 06:22:38,734 - mmdet - INFO - Epoch [5][800/2811]	lr: 2.000e-06, eta: 5:03:03, time: 0.439, data_time: 0.020, memory: 691, loss_cls: 0.5627, loss_kpt: 23.0318, loss_flow: 0.2085, loss_bone: 0.0865, loss: 23.8896, grad_norm: 523.3355
2026-06-07 06:23:00,733 - mmdet - INFO - Epoch [5][850/2811]	lr: 2.000e-06, eta: 5:02:48, time: 0.440, data_time: 0.020, memory: 691, loss_cls: 0.5638, loss_kpt: 23.6247, loss_flow: 0.2113, loss_bone: 0.0862, loss: 24.4860, grad_norm: 680.2652
2026-06-07 06:23:22,083 - mmdet - INFO - Epoch [5][900/2811]	lr: 2.000e-06, eta: 5:02:30, time: 0.427, data_time: 0.020, memory: 691, loss_cls: 0.5599, loss_kpt: 23.2683, loss_flow: 0.2084, loss_bone: 0.0856, loss: 24.1222, grad_norm: 488.9251
2026-06-07 06:23:42,811 - mmdet - INFO - Epoch [5][950/2811]	lr: 2.000e-06, eta: 5:02:10, time: 0.415, data_time: 0.021, memory: 691, loss_cls: 0.5677, loss_kpt: 22.7760, loss_flow: 0.2121, loss_bone: 0.0855, loss: 23.6412, grad_norm: 546.5696
2026-06-07 06:24:03,550 - mmdet - INFO - Epoch [5][1000/2811]	lr: 2.000e-06, eta: 5:01:50, time: 0.415, data_time: 0.021, memory: 691, loss_cls: 0.5623, loss_kpt: 23.1380, loss_flow: 0.2143, loss_bone: 0.0858, loss: 24.0005, grad_norm: 479.5764
2026-06-07 06:24:25,339 - mmdet - INFO - Epoch [5][1050/2811]	lr: 2.000e-06, eta: 5:01:33, time: 0.436, data_time: 0.021, memory: 691, loss_cls: 0.5689, loss_kpt: 22.9486, loss_flow: 0.2021, loss_bone: 0.0862, loss: 23.8057, grad_norm: 542.4434
2026-06-07 06:24:47,811 - mmdet - INFO - Epoch [5][1100/2811]	lr: 2.000e-06, eta: 5:01:19, time: 0.449, data_time: 0.021, memory: 691, loss_cls: 0.5671, loss_kpt: 22.6543, loss_flow: 0.2029, loss_bone: 0.0849, loss: 23.5092, grad_norm: 494.7415
2026-06-07 06:25:10,226 - mmdet - INFO - Epoch [5][1150/2811]	lr: 2.000e-06, eta: 5:01:05, time: 0.448, data_time: 0.021, memory: 691, loss_cls: 0.5649, loss_kpt: 22.9052, loss_flow: 0.2022, loss_bone: 0.0856, loss: 23.7578, grad_norm: 519.5332
2026-06-07 06:25:32,444 - mmdet - INFO - Epoch [5][1200/2811]	lr: 2.000e-06, eta: 5:00:50, time: 0.444, data_time: 0.021, memory: 691, loss_cls: 0.5647, loss_kpt: 22.9134, loss_flow: 0.2133, loss_bone: 0.0857, loss: 23.7771, grad_norm: 560.7279
2026-06-07 06:25:54,674 - mmdet - INFO - Epoch [5][1250/2811]	lr: 2.000e-06, eta: 5:00:35, time: 0.445, data_time: 0.021, memory: 691, loss_cls: 0.5617, loss_kpt: 22.7794, loss_flow: 0.2072, loss_bone: 0.0866, loss: 23.6349, grad_norm: 505.2311
2026-06-07 06:26:16,545 - mmdet - INFO - Epoch [5][1300/2811]	lr: 2.000e-06, eta: 5:00:19, time: 0.437, data_time: 0.021, memory: 691, loss_cls: 0.5640, loss_kpt: 23.0687, loss_flow: 0.2080, loss_bone: 0.0869, loss: 23.9276, grad_norm: 494.4004
2026-06-07 06:26:35,835 - mmdet - INFO - Epoch [5][1350/2811]	lr: 2.000e-06, eta: 4:59:54, time: 0.386, data_time: 0.020, memory: 691, loss_cls: 0.5637, loss_kpt: 23.2141, loss_flow: 0.2042, loss_bone: 0.0856, loss: 24.0676, grad_norm: 558.9098
2026-06-07 06:26:56,317 - mmdet - INFO - Epoch [5][1400/2811]	lr: 2.000e-06, eta: 4:59:33, time: 0.410, data_time: 0.020, memory: 691, loss_cls: 0.5587, loss_kpt: 23.4940, loss_flow: 0.2088, loss_bone: 0.0855, loss: 24.3469, grad_norm: 485.7648
2026-06-07 06:27:18,226 - mmdet - INFO - Epoch [5][1450/2811]	lr: 2.000e-06, eta: 4:59:16, time: 0.438, data_time: 0.021, memory: 691, loss_cls: 0.5662, loss_kpt: 22.8098, loss_flow: 0.2041, loss_bone: 0.0863, loss: 23.6664, grad_norm: 507.0033
2026-06-07 06:27:39,534 - mmdet - INFO - Epoch [5][1500/2811]	lr: 2.000e-06, eta: 4:58:58, time: 0.426, data_time: 0.021, memory: 691, loss_cls: 0.5643, loss_kpt: 22.8594, loss_flow: 0.2078, loss_bone: 0.0860, loss: 23.7174, grad_norm: 474.2354
2026-06-07 06:27:59,941 - mmdet - INFO - Epoch [5][1550/2811]	lr: 2.000e-06, eta: 4:58:37, time: 0.408, data_time: 0.021, memory: 691, loss_cls: 0.5656, loss_kpt: 23.0254, loss_flow: 0.2042, loss_bone: 0.0861, loss: 23.8812, grad_norm: 488.9280
2026-06-07 06:28:19,769 - mmdet - INFO - Epoch [5][1600/2811]	lr: 2.000e-06, eta: 4:58:13, time: 0.397, data_time: 0.021, memory: 691, loss_cls: 0.5654, loss_kpt: 22.4956, loss_flow: 0.2015, loss_bone: 0.0875, loss: 23.3500, grad_norm: 538.4317
2026-06-07 06:28:40,156 - mmdet - INFO - Epoch [5][1650/2811]	lr: 2.000e-06, eta: 4:57:52, time: 0.408, data_time: 0.021, memory: 691, loss_cls: 0.5661, loss_kpt: 22.8414, loss_flow: 0.2054, loss_bone: 0.0867, loss: 23.6997, grad_norm: 553.4683
2026-06-07 06:29:02,542 - mmdet - INFO - Epoch [5][1700/2811]	lr: 2.000e-06, eta: 4:57:37, time: 0.448, data_time: 0.020, memory: 691, loss_cls: 0.5634, loss_kpt: 22.8140, loss_flow: 0.1965, loss_bone: 0.0858, loss: 23.6597, grad_norm: 489.0438
2026-06-07 06:29:23,141 - mmdet - INFO - Epoch [5][1750/2811]	lr: 2.000e-06, eta: 4:57:16, time: 0.412, data_time: 0.021, memory: 691, loss_cls: 0.5621, loss_kpt: 22.9064, loss_flow: 0.2075, loss_bone: 0.0868, loss: 23.7627, grad_norm: 559.9095
2026-06-07 06:29:44,266 - mmdet - INFO - Epoch [5][1800/2811]	lr: 2.000e-06, eta: 4:56:57, time: 0.423, data_time: 0.021, memory: 691, loss_cls: 0.5642, loss_kpt: 22.8958, loss_flow: 0.2073, loss_bone: 0.0866, loss: 23.7539, grad_norm: 536.7735
2026-06-07 06:30:06,050 - mmdet - INFO - Epoch [5][1850/2811]	lr: 2.000e-06, eta: 4:56:41, time: 0.436, data_time: 0.021, memory: 691, loss_cls: 0.5657, loss_kpt: 22.8008, loss_flow: 0.2028, loss_bone: 0.0850, loss: 23.6542, grad_norm: 547.0688
2026-06-07 06:30:25,944 - mmdet - INFO - Epoch [5][1900/2811]	lr: 2.000e-06, eta: 4:56:17, time: 0.398, data_time: 0.021, memory: 691, loss_cls: 0.5588, loss_kpt: 23.2800, loss_flow: 0.2012, loss_bone: 0.0860, loss: 24.1260, grad_norm: 514.5664
2026-06-07 06:30:45,557 - mmdet - INFO - Epoch [5][1950/2811]	lr: 2.000e-06, eta: 4:55:53, time: 0.392, data_time: 0.021, memory: 691, loss_cls: 0.5595, loss_kpt: 22.8791, loss_flow: 0.2095, loss_bone: 0.0860, loss: 23.7340, grad_norm: 518.7951
2026-06-07 06:31:06,887 - mmdet - INFO - Epoch [5][2000/2811]	lr: 2.000e-06, eta: 4:55:35, time: 0.427, data_time: 0.022, memory: 691, loss_cls: 0.5656, loss_kpt: 22.8078, loss_flow: 0.2050, loss_bone: 0.0867, loss: 23.6651, grad_norm: 491.3114
2026-06-07 06:31:26,590 - mmdet - INFO - Epoch [5][2050/2811]	lr: 2.000e-06, eta: 4:55:11, time: 0.394, data_time: 0.021, memory: 691, loss_cls: 0.5633, loss_kpt: 22.7985, loss_flow: 0.2022, loss_bone: 0.0858, loss: 23.6498, grad_norm: 510.8183
2026-06-07 06:31:46,186 - mmdet - INFO - Epoch [5][2100/2811]	lr: 2.000e-06, eta: 4:54:48, time: 0.392, data_time: 0.021, memory: 691, loss_cls: 0.5630, loss_kpt: 22.6408, loss_flow: 0.2033, loss_bone: 0.0858, loss: 23.4929, grad_norm: 465.2607
2026-06-07 06:32:05,643 - mmdet - INFO - Epoch [5][2150/2811]	lr: 2.000e-06, eta: 4:54:23, time: 0.389, data_time: 0.020, memory: 691, loss_cls: 0.5594, loss_kpt: 22.8826, loss_flow: 0.2010, loss_bone: 0.0879, loss: 23.7309, grad_norm: 549.7985
2026-06-07 06:32:25,293 - mmdet - INFO - Epoch [5][2200/2811]	lr: 2.000e-06, eta: 4:53:59, time: 0.393, data_time: 0.021, memory: 691, loss_cls: 0.5660, loss_kpt: 22.7295, loss_flow: 0.2035, loss_bone: 0.0861, loss: 23.5851, grad_norm: 515.0738
2026-06-07 06:32:44,983 - mmdet - INFO - Epoch [5][2250/2811]	lr: 2.000e-06, eta: 4:53:36, time: 0.394, data_time: 0.021, memory: 691, loss_cls: 0.5641, loss_kpt: 22.8749, loss_flow: 0.2012, loss_bone: 0.0862, loss: 23.7265, grad_norm: 491.0692
2026-06-07 06:33:05,295 - mmdet - INFO - Epoch [5][2300/2811]	lr: 2.000e-06, eta: 4:53:14, time: 0.406, data_time: 0.021, memory: 691, loss_cls: 0.5615, loss_kpt: 22.8889, loss_flow: 0.2028, loss_bone: 0.0858, loss: 23.7390, grad_norm: 473.2891
2026-06-07 06:33:25,631 - mmdet - INFO - Epoch [5][2350/2811]	lr: 2.000e-06, eta: 4:52:53, time: 0.407, data_time: 0.021, memory: 691, loss_cls: 0.5648, loss_kpt: 22.4554, loss_flow: 0.1915, loss_bone: 0.0865, loss: 23.2981, grad_norm: 541.7369
2026-06-07 06:33:47,887 - mmdet - INFO - Epoch [5][2400/2811]	lr: 2.000e-06, eta: 4:52:37, time: 0.445, data_time: 0.020, memory: 691, loss_cls: 0.5592, loss_kpt: 23.0250, loss_flow: 0.2020, loss_bone: 0.0867, loss: 23.8731, grad_norm: 450.7245
2026-06-07 06:34:08,614 - mmdet - INFO - Epoch [5][2450/2811]	lr: 2.000e-06, eta: 4:52:17, time: 0.415, data_time: 0.021, memory: 691, loss_cls: 0.5637, loss_kpt: 22.9321, loss_flow: 0.1994, loss_bone: 0.0865, loss: 23.7817, grad_norm: 512.1859
2026-06-07 06:34:28,858 - mmdet - INFO - Epoch [5][2500/2811]	lr: 2.000e-06, eta: 4:51:55, time: 0.405, data_time: 0.020, memory: 691, loss_cls: 0.5630, loss_kpt: 22.9696, loss_flow: 0.2021, loss_bone: 0.0870, loss: 23.8217, grad_norm: 547.4420
2026-06-07 06:34:51,178 - mmdet - INFO - Epoch [5][2550/2811]	lr: 2.000e-06, eta: 4:51:40, time: 0.446, data_time: 0.021, memory: 691, loss_cls: 0.5629, loss_kpt: 22.6732, loss_flow: 0.1988, loss_bone: 0.0872, loss: 23.5221, grad_norm: 494.6286
2026-06-07 06:35:11,038 - mmdet - INFO - Epoch [5][2600/2811]	lr: 2.000e-06, eta: 4:51:17, time: 0.397, data_time: 0.021, memory: 691, loss_cls: 0.5597, loss_kpt: 22.6708, loss_flow: 0.2008, loss_bone: 0.0862, loss: 23.5175, grad_norm: 480.0766
2026-06-07 06:35:31,623 - mmdet - INFO - Epoch [5][2650/2811]	lr: 2.000e-06, eta: 4:50:56, time: 0.412, data_time: 0.021, memory: 691, loss_cls: 0.5699, loss_kpt: 22.8544, loss_flow: 0.1973, loss_bone: 0.0868, loss: 23.7084, grad_norm: 526.3736
2026-06-07 06:35:51,174 - mmdet - INFO - Epoch [5][2700/2811]	lr: 2.000e-06, eta: 4:50:32, time: 0.391, data_time: 0.021, memory: 691, loss_cls: 0.5624, loss_kpt: 22.6797, loss_flow: 0.1972, loss_bone: 0.0865, loss: 23.5257, grad_norm: 518.8815
2026-06-07 06:36:10,691 - mmdet - INFO - Epoch [5][2750/2811]	lr: 2.000e-06, eta: 4:50:08, time: 0.390, data_time: 0.021, memory: 691, loss_cls: 0.5587, loss_kpt: 22.8194, loss_flow: 0.1968, loss_bone: 0.0864, loss: 23.6612, grad_norm: 464.5455
2026-06-07 06:36:30,298 - mmdet - INFO - Epoch [5][2800/2811]	lr: 2.000e-06, eta: 4:49:45, time: 0.392, data_time: 0.021, memory: 691, loss_cls: 0.5590, loss_kpt: 22.6842, loss_flow: 0.2011, loss_bone: 0.0866, loss: 23.5309, grad_norm: 502.0608
2026-06-07 06:36:34,697 - mmdet - INFO - Saving checkpoint at 5 epochs
[                                                  ] 0/7824, elapsed: 0s, ETA:[                                ] 1/7824, 6.4 task/s, elapsed: 0s, ETA:  1220s[                               ] 2/7824, 11.8 task/s, elapsed: 0s, ETA:   665s[                               ] 3/7824, 16.2 task/s, elapsed: 0s, ETA:   483s[                               ] 4/7824, 20.2 task/s, elapsed: 0s, ETA:   386s[                               ] 5/7824, 23.8 task/s, elapsed: 0s, ETA:   329s[                               ] 6/7824, 26.9 task/s, elapsed: 0s, ETA:   291s[                               ] 7/7824, 29.7 task/s, elapsed: 0s, ETA:   263s[                               ] 8/7824, 32.2 task/s, elapsed: 0s, ETA:   243s[                               ] 9/7824, 34.5 task/s, elapsed: 0s, ETA:   227s[                              ] 10/7824, 36.5 task/s, elapsed: 0s, ETA:   214s[                              ] 11/7824, 38.4 task/s, elapsed: 0s, ETA:   203s[                              ] 12/7824, 40.1 task/s, elapsed: 0s, ETA:   195s[                              ] 13/7824, 41.7 task/s, elapsed: 0s, ETA:   187s[                              ] 14/7824, 43.2 task/s, elapsed: 0s, ETA:   181s[                              ] 15/7824, 44.5 task/s, elapsed: 0s, ETA:   175s[                              ] 16/7824, 45.8 task/s, elapsed: 0s, ETA:   171s[                              ] 17/7824, 46.9 task/s, elapsed: 0s, ETA:   166s[                              ] 18/7824, 48.0 task/s, elapsed: 0s, ETA:   163s[                              ] 19/7824, 49.1 task/s, elapsed: 0s, ETA:   159s[                              ] 20/7824, 50.0 task/s, elapsed: 0s, ETA:   156s[                              ] 21/7824, 50.9 task/s, elapsed: 0s, ETA:   153s[                              ] 22/7824, 51.7 task/s, elapsed: 0s, ETA:   151s[                              ] 23/7824, 52.4 task/s, elapsed: 0s, ETA:   149s[                              ] 24/7824, 53.2 task/s, elapsed: 0s, ETA:   147s[                              ] 25/7824, 53.8 task/s, elapsed: 0s, ETA:   145s[                              ] 26/7824, 54.5 task/s, elapsed: 0s, ETA:   143s[                              ] 27/7824, 55.1 task/s, elapsed: 0s, ETA:   142s[                              ] 28/7824, 55.7 task/s, elapsed: 1s, ETA:   140s[                              ] 29/7824, 56.2 task/s, elapsed: 1s, ETA:   139s[                              ] 30/7824, 56.8 task/s, elapsed: 1s, ETA:   137s[                              ] 31/7824, 57.3 task/s, elapsed: 1s, ETA:   136s[                              ] 32/7824, 57.0 task/s, elapsed: 1s, ETA:   137s[                              ] 33/7824, 57.4 task/s, elapsed: 1s, ETA:   136s[                              ] 34/7824, 57.8 task/s, elapsed: 1s, ETA:   135s[                              ] 35/7824, 58.2 task/s, elapsed: 1s, ETA:   134s[                              ] 36/7824, 58.6 task/s, elapsed: 1s, ETA:   133s[                              ] 37/7824, 59.0 task/s, elapsed: 1s, ETA:   132s[                              ] 38/7824, 59.3 task/s, elapsed: 1s, ETA:   131s[                              ] 39/7824, 59.7 task/s, elapsed: 1s, ETA:   130s[                              ] 40/7824, 60.1 task/s, elapsed: 1s, ETA:   130s[                              ] 41/7824, 60.4 task/s, elapsed: 1s, ETA:   129s[                              ] 42/7824, 60.7 task/s, elapsed: 1s, ETA:   128s[                              ] 43/7824, 61.0 task/s, elapsed: 1s, ETA:   128s[                              ] 44/7824, 61.3 task/s, elapsed: 1s, ETA:   127s[                              ] 45/7824, 61.6 task/s, elapsed: 1s, ETA:   126s[                              ] 46/7824, 61.9 task/s, elapsed: 1s, ETA:   126s[                              ] 47/7824, 62.1 task/s, elapsed: 1s, ETA:   125s[                              ] 48/7824, 62.4 task/s, elapsed: 1s, ETA:   125s[                              ] 49/7824, 62.7 task/s, elapsed: 1s, ETA:   124s[                              ] 50/7824, 62.9 task/s, elapsed: 1s, ETA:   124s[                              ] 51/7824, 63.1 task/s, elapsed: 1s, ETA:   123s[                              ] 52/7824, 63.3 task/s, elapsed: 1s, ETA:   123s[                              ] 53/7824, 63.5 task/s, elapsed: 1s, ETA:   122s[                              ] 54/7824, 63.7 task/s, elapsed: 1s, ETA:   122s[                              ] 55/7824, 63.9 task/s, elapsed: 1s, ETA:   122s[                              ] 56/7824, 64.1 task/s, elapsed: 1s, ETA:   121s[                              ] 57/7824, 64.3 task/s, elapsed: 1s, ETA:   121s[                              ] 58/7824, 64.3 task/s, elapsed: 1s, ETA:   121s[                              ] 59/7824, 64.5 task/s, elapsed: 1s, ETA:   120s[                              ] 60/7824, 64.7 task/s, elapsed: 1s, ETA:   120s[                              ] 61/7824, 64.8 task/s, elapsed: 1s, ETA:   120s[                              ] 62/7824, 65.0 task/s, elapsed: 1s, ETA:   119s[                              ] 63/7824, 65.2 task/s, elapsed: 1s, ETA:   119s[                              ] 64/7824, 65.3 task/s, elapsed: 1s, ETA:   119s[                              ] 65/7824, 65.5 task/s, elapsed: 1s, ETA:   118s[                              ] 66/7824, 65.6 task/s, elapsed: 1s, ETA:   118s[                              ] 67/7824, 65.8 task/s, elapsed: 1s, ETA:   118s[                              ] 68/7824, 65.9 task/s, elapsed: 1s, ETA:   118s[                              ] 69/7824, 66.1 task/s, elapsed: 1s, ETA:   117s[                              ] 70/7824, 66.2 task/s, elapsed: 1s, ETA:   117s[                              ] 71/7824, 66.4 task/s, elapsed: 1s, ETA:   117s[                              ] 72/7824, 66.5 task/s, elapsed: 1s, ETA:   117s[                              ] 73/7824, 66.6 task/s, elapsed: 1s, ETA:   116s[                              ] 74/7824, 66.7 task/s, elapsed: 1s, ETA:   116s[                              ] 75/7824, 66.9 task/s, elapsed: 1s, ETA:   116s[                              ] 76/7824, 67.0 task/s, elapsed: 1s, ETA:   116s[                              ] 77/7824, 67.1 task/s, elapsed: 1s, ETA:   115s[                              ] 78/7824, 67.2 task/s, elapsed: 1s, ETA:   115s[                              ] 79/7824, 67.3 task/s, elapsed: 1s, ETA:   115s[                              ] 80/7824, 67.4 task/s, elapsed: 1s, ETA:   115s[                              ] 81/7824, 67.5 task/s, elapsed: 1s, ETA:   115s[                              ] 82/7824, 67.6 task/s, elapsed: 1s, ETA:   114s[                              ] 83/7824, 67.7 task/s, elapsed: 1s, ETA:   114s[                              ] 84/7824, 67.8 task/s, elapsed: 1s, ETA:   114s[                              ] 85/7824, 68.0 task/s, elapsed: 1s, ETA:   114s[                              ] 86/7824, 68.0 task/s, elapsed: 1s, ETA:   114s[                              ] 87/7824, 68.1 task/s, elapsed: 1s, ETA:   114s[                              ] 88/7824, 68.2 task/s, elapsed: 1s, ETA:   113s[                              ] 89/7824, 68.3 task/s, elapsed: 1s, ETA:   113s[                              ] 90/7824, 68.4 task/s, elapsed: 1s, ETA:   113s[                              ] 91/7824, 68.5 task/s, elapsed: 1s, ETA:   113s[                              ] 92/7824, 68.6 task/s, elapsed: 1s, ETA:   113s[                              ] 93/7824, 68.7 task/s, elapsed: 1s, ETA:   113s[                              ] 94/7824, 68.7 task/s, elapsed: 1s, ETA:   112s[                              ] 95/7824, 68.8 task/s, elapsed: 1s, ETA:   112s[                              ] 96/7824, 68.9 task/s, elapsed: 1s, ETA:   112s[                              ] 97/7824, 69.0 task/s, elapsed: 1s, ETA:   112s[                              ] 98/7824, 69.0 task/s, elapsed: 1s, ETA:   112s[                              ] 99/7824, 69.1 task/s, elapsed: 1s, ETA:   112s[                             ] 100/7824, 69.1 task/s, elapsed: 1s, ETA:   112s[                             ] 101/7824, 69.2 task/s, elapsed: 1s, ETA:   112s[                             ] 102/7824, 69.3 task/s, elapsed: 1s, ETA:   111s[                             ] 103/7824, 69.3 task/s, elapsed: 1s, ETA:   111s[                             ] 104/7824, 69.4 task/s, elapsed: 1s, ETA:   111s[                             ] 105/7824, 69.4 task/s, elapsed: 2s, ETA:   111s[                             ] 106/7824, 69.4 task/s, elapsed: 2s, ETA:   111s[                             ] 107/7824, 69.4 task/s, elapsed: 2s, ETA:   111s[                             ] 108/7824, 69.5 task/s, elapsed: 2s, ETA:   111s[                             ] 109/7824, 69.6 task/s, elapsed: 2s, ETA:   111s[                             ] 110/7824, 69.6 task/s, elapsed: 2s, ETA:   111s[                             ] 111/7824, 69.7 task/s, elapsed: 2s, ETA:   111s[                             ] 112/7824, 69.8 task/s, elapsed: 2s, ETA:   111s[                             ] 113/7824, 69.8 task/s, elapsed: 2s, ETA:   110s[                             ] 114/7824, 69.9 task/s, elapsed: 2s, ETA:   110s[                             ] 115/7824, 69.9 task/s, elapsed: 2s, ETA:   110s[                             ] 116/7824, 70.0 task/s, elapsed: 2s, ETA:   110s[                             ] 117/7824, 70.0 task/s, elapsed: 2s, ETA:   110s[                             ] 118/7824, 70.1 task/s, elapsed: 2s, ETA:   110s[                             ] 119/7824, 70.1 task/s, elapsed: 2s, ETA:   110s[                             ] 120/7824, 70.2 task/s, elapsed: 2s, ETA:   110s[                             ] 121/7824, 70.3 task/s, elapsed: 2s, ETA:   110s[                             ] 122/7824, 70.3 task/s, elapsed: 2s, ETA:   110s[                             ] 123/7824, 70.4 task/s, elapsed: 2s, ETA:   109s[                             ] 124/7824, 70.4 task/s, elapsed: 2s, ETA:   109s[                             ] 125/7824, 70.5 task/s, elapsed: 2s, ETA:   109s[                             ] 126/7824, 70.5 task/s, elapsed: 2s, ETA:   109s[                             ] 127/7824, 70.6 task/s, elapsed: 2s, ETA:   109s[                             ] 128/7824, 70.6 task/s, elapsed: 2s, ETA:   109s[                             ] 129/7824, 70.6 task/s, elapsed: 2s, ETA:   109s[                             ] 130/7824, 70.7 task/s, elapsed: 2s, ETA:   109s[                             ] 131/7824, 70.7 task/s, elapsed: 2s, ETA:   109s[                             ] 132/7824, 70.8 task/s, elapsed: 2s, ETA:   109s[                             ] 133/7824, 70.8 task/s, elapsed: 2s, ETA:   109s[                             ] 134/7824, 70.9 task/s, elapsed: 2s, ETA:   109s[                             ] 135/7824, 70.9 task/s, elapsed: 2s, ETA:   108s[                             ] 136/7824, 70.9 task/s, elapsed: 2s, ETA:   108s[                             ] 137/7824, 71.0 task/s, elapsed: 2s, ETA:   108s[                             ] 138/7824, 71.0 task/s, elapsed: 2s, ETA:   108s[                             ] 139/7824, 71.1 task/s, elapsed: 2s, ETA:   108s[                             ] 140/7824, 71.1 task/s, elapsed: 2s, ETA:   108s[                             ] 141/7824, 71.2 task/s, elapsed: 2s, ETA:   108s[                             ] 142/7824, 71.2 task/s, elapsed: 2s, ETA:   108s[                             ] 143/7824, 71.2 task/s, elapsed: 2s, ETA:   108s[                             ] 144/7824, 71.3 task/s, elapsed: 2s, ETA:   108s[                             ] 145/7824, 71.3 task/s, elapsed: 2s, ETA:   108s[                             ] 146/7824, 71.3 task/s, elapsed: 2s, ETA:   108s[                             ] 147/7824, 71.4 task/s, elapsed: 2s, ETA:   108s[                             ] 148/7824, 71.4 task/s, elapsed: 2s, ETA:   108s[                             ] 149/7824, 71.4 task/s, elapsed: 2s, ETA:   107s[                             ] 150/7824, 71.5 task/s, elapsed: 2s, ETA:   107s[                             ] 151/7824, 71.5 task/s, elapsed: 2s, ETA:   107s[                             ] 152/7824, 71.5 task/s, elapsed: 2s, ETA:   107s[                             ] 153/7824, 71.6 task/s, elapsed: 2s, ETA:   107s[                             ] 154/7824, 71.6 task/s, elapsed: 2s, ETA:   107s[                             ] 155/7824, 71.7 task/s, elapsed: 2s, ETA:   107s[                             ] 156/7824, 71.7 task/s, elapsed: 2s, ETA:   107s[                             ] 157/7824, 71.7 task/s, elapsed: 2s, ETA:   107s[                             ] 158/7824, 71.7 task/s, elapsed: 2s, ETA:   107s[                             ] 159/7824, 71.8 task/s, elapsed: 2s, ETA:   107s[                             ] 160/7824, 71.8 task/s, elapsed: 2s, ETA:   107s[                             ] 161/7824, 71.8 task/s, elapsed: 2s, ETA:   107s[                             ] 162/7824, 71.9 task/s, elapsed: 2s, ETA:   107s[                             ] 163/7824, 71.9 task/s, elapsed: 2s, ETA:   107s[                             ] 164/7824, 71.9 task/s, elapsed: 2s, ETA:   106s[                             ] 165/7824, 72.0 task/s, elapsed: 2s, ETA:   106s[                             ] 166/7824, 72.0 task/s, elapsed: 2s, ETA:   106s[                             ] 167/7824, 72.0 task/s, elapsed: 2s, ETA:   106s[                             ] 168/7824, 72.1 task/s, elapsed: 2s, ETA:   106s[                             ] 169/7824, 72.1 task/s, elapsed: 2s, ETA:   106s[                             ] 170/7824, 72.1 task/s, elapsed: 2s, ETA:   106s[                             ] 171/7824, 72.2 task/s, elapsed: 2s, ETA:   106s[                             ] 172/7824, 72.2 task/s, elapsed: 2s, ETA:   106s[                             ] 173/7824, 72.2 task/s, elapsed: 2s, ETA:   106s[                             ] 174/7824, 72.2 task/s, elapsed: 2s, ETA:   106s[                             ] 175/7824, 72.3 task/s, elapsed: 2s, ETA:   106s[                             ] 176/7824, 72.3 task/s, elapsed: 2s, ETA:   106s[                             ] 177/7824, 72.3 task/s, elapsed: 2s, ETA:   106s[                             ] 178/7824, 72.3 task/s, elapsed: 2s, ETA:   106s[                             ] 179/7824, 72.4 task/s, elapsed: 2s, ETA:   106s[                             ] 180/7824, 72.4 task/s, elapsed: 2s, ETA:   106s[                             ] 181/7824, 72.4 task/s, elapsed: 2s, ETA:   106s[                             ] 182/7824, 72.4 task/s, elapsed: 3s, ETA:   105s[                             ] 183/7824, 72.5 task/s, elapsed: 3s, ETA:   105s[                             ] 184/7824, 72.5 task/s, elapsed: 3s, ETA:   105s[                             ] 185/7824, 72.5 task/s, elapsed: 3s, ETA:   105s[                             ] 186/7824, 72.6 task/s, elapsed: 3s, ETA:   105s[                             ] 187/7824, 72.6 task/s, elapsed: 3s, ETA:   105s[                             ] 188/7824, 72.6 task/s, elapsed: 3s, ETA:   105s[                             ] 189/7824, 72.6 task/s, elapsed: 3s, ETA:   105s[                             ] 190/7824, 72.7 task/s, elapsed: 3s, ETA:   105s[                             ] 191/7824, 72.7 task/s, elapsed: 3s, ETA:   105s[                             ] 192/7824, 72.7 task/s, elapsed: 3s, ETA:   105s[                             ] 193/7824, 72.7 task/s, elapsed: 3s, ETA:   105s[                             ] 194/7824, 72.7 task/s, elapsed: 3s, ETA:   105s[                             ] 195/7824, 72.8 task/s, elapsed: 3s, ETA:   105s[                             ] 196/7824, 72.8 task/s, elapsed: 3s, ETA:   105s[                             ] 197/7824, 72.8 task/s, elapsed: 3s, ETA:   105s[                             ] 198/7824, 72.8 task/s, elapsed: 3s, ETA:   105s[                             ] 199/7824, 72.9 task/s, elapsed: 3s, ETA:   105s[                             ] 200/7824, 72.9 task/s, elapsed: 3s, ETA:   105s[                             ] 201/7824, 72.9 task/s, elapsed: 3s, ETA:   105s[                             ] 202/7824, 72.9 task/s, elapsed: 3s, ETA:   105s[                             ] 203/7824, 73.0 task/s, elapsed: 3s, ETA:   104s[                             ] 204/7824, 73.0 task/s, elapsed: 3s, ETA:   104s[                             ] 205/7824, 73.0 task/s, elapsed: 3s, ETA:   104s[                             ] 206/7824, 73.0 task/s, elapsed: 3s, ETA:   104s[                             ] 207/7824, 73.0 task/s, elapsed: 3s, ETA:   104s[                             ] 208/7824, 73.1 task/s, elapsed: 3s, ETA:   104s[                             ] 209/7824, 73.1 task/s, elapsed: 3s, ETA:   104s[                             ] 210/7824, 73.1 task/s, elapsed: 3s, ETA:   104s[                             ] 211/7824, 73.1 task/s, elapsed: 3s, ETA:   104s[                             ] 212/7824, 73.1 task/s, elapsed: 3s, ETA:   104s[                             ] 213/7824, 73.2 task/s, elapsed: 3s, ETA:   104s[                             ] 214/7824, 73.2 task/s, elapsed: 3s, ETA:   104s[                             ] 215/7824, 73.2 task/s, elapsed: 3s, ETA:   104s[                             ] 216/7824, 73.2 task/s, elapsed: 3s, ETA:   104s[                             ] 217/7824, 73.2 task/s, elapsed: 3s, ETA:   104s[                             ] 218/7824, 73.2 task/s, elapsed: 3s, ETA:   104s[                             ] 219/7824, 73.3 task/s, elapsed: 3s, ETA:   104s[                             ] 220/7824, 73.3 task/s, elapsed: 3s, ETA:   104s[                             ] 221/7824, 73.3 task/s, elapsed: 3s, ETA:   104s[                             ] 222/7824, 73.3 task/s, elapsed: 3s, ETA:   104s[                             ] 223/7824, 73.3 task/s, elapsed: 3s, ETA:   104s[                             ] 224/7824, 73.3 task/s, elapsed: 3s, ETA:   104s[                             ] 225/7824, 73.4 task/s, elapsed: 3s, ETA:   104s[                             ] 226/7824, 73.4 task/s, elapsed: 3s, ETA:   104s[                             ] 227/7824, 73.4 task/s, elapsed: 3s, ETA:   104s[                             ] 228/7824, 73.4 task/s, elapsed: 3s, ETA:   103s[                             ] 229/7824, 73.4 task/s, elapsed: 3s, ETA:   103s[                             ] 230/7824, 73.4 task/s, elapsed: 3s, ETA:   103s[                             ] 231/7824, 73.5 task/s, elapsed: 3s, ETA:   103s[                             ] 232/7824, 73.5 task/s, elapsed: 3s, ETA:   103s[                             ] 233/7824, 73.5 task/s, elapsed: 3s, ETA:   103s[                             ] 234/7824, 73.5 task/s, elapsed: 3s, ETA:   103s[                             ] 235/7824, 73.5 task/s, elapsed: 3s, ETA:   103s[                             ] 236/7824, 73.5 task/s, elapsed: 3s, ETA:   103s[                             ] 237/7824, 73.6 task/s, elapsed: 3s, ETA:   103s[                             ] 238/7824, 73.6 task/s, elapsed: 3s, ETA:   103s[                             ] 239/7824, 73.6 task/s, elapsed: 3s, ETA:   103s[                             ] 240/7824, 73.6 task/s, elapsed: 3s, ETA:   103s[                             ] 241/7824, 73.6 task/s, elapsed: 3s, ETA:   103s[                             ] 242/7824, 73.7 task/s, elapsed: 3s, ETA:   103s[                             ] 243/7824, 73.7 task/s, elapsed: 3s, ETA:   103s[                             ] 244/7824, 73.7 task/s, elapsed: 3s, ETA:   103s[                             ] 245/7824, 73.7 task/s, elapsed: 3s, ETA:   103s[                             ] 246/7824, 73.7 task/s, elapsed: 3s, ETA:   103s[                             ] 247/7824, 73.8 task/s, elapsed: 3s, ETA:   103s[                             ] 248/7824, 73.8 task/s, elapsed: 3s, ETA:   103s[                             ] 249/7824, 73.8 task/s, elapsed: 3s, ETA:   103s[                             ] 250/7824, 73.8 task/s, elapsed: 3s, ETA:   103s[                             ] 251/7824, 73.8 task/s, elapsed: 3s, ETA:   103s[                             ] 252/7824, 73.8 task/s, elapsed: 3s, ETA:   103s[                             ] 253/7824, 73.8 task/s, elapsed: 3s, ETA:   103s[                             ] 254/7824, 73.8 task/s, elapsed: 3s, ETA:   103s[                             ] 255/7824, 73.9 task/s, elapsed: 3s, ETA:   102s[                             ] 256/7824, 73.9 task/s, elapsed: 3s, ETA:   102s[                             ] 257/7824, 73.9 task/s, elapsed: 3s, ETA:   102s[                             ] 258/7824, 73.9 task/s, elapsed: 3s, ETA:   102s[                             ] 259/7824, 73.9 task/s, elapsed: 4s, ETA:   102s[                             ] 260/7824, 73.9 task/s, elapsed: 4s, ETA:   102s[                             ] 261/7824, 73.9 task/s, elapsed: 4s, ETA:   102s[                             ] 262/7824, 73.9 task/s, elapsed: 4s, ETA:   102s[                             ] 263/7824, 74.0 task/s, elapsed: 4s, ETA:   102s[                             ] 264/7824, 74.0 task/s, elapsed: 4s, ETA:   102s[                             ] 265/7824, 74.0 task/s, elapsed: 4s, ETA:   102s[                             ] 266/7824, 74.0 task/s, elapsed: 4s, ETA:   102s[                             ] 267/7824, 74.0 task/s, elapsed: 4s, ETA:   102s[                             ] 268/7824, 74.0 task/s, elapsed: 4s, ETA:   102s[                             ] 269/7824, 74.0 task/s, elapsed: 4s, ETA:   102s[>                            ] 270/7824, 74.0 task/s, elapsed: 4s, ETA:   102s[>                            ] 271/7824, 74.0 task/s, elapsed: 4s, ETA:   102s[>                            ] 272/7824, 74.0 task/s, elapsed: 4s, ETA:   102s[>                            ] 273/7824, 74.1 task/s, elapsed: 4s, ETA:   102s[>                            ] 274/7824, 74.1 task/s, elapsed: 4s, ETA:   102s[>                            ] 275/7824, 74.1 task/s, elapsed: 4s, ETA:   102s[>                            ] 276/7824, 74.1 task/s, elapsed: 4s, ETA:   102s[>                            ] 277/7824, 74.1 task/s, elapsed: 4s, ETA:   102s[>                            ] 278/7824, 74.1 task/s, elapsed: 4s, ETA:   102s[>                            ] 279/7824, 74.0 task/s, elapsed: 4s, ETA:   102s[>                            ] 280/7824, 74.0 task/s, elapsed: 4s, ETA:   102s[>                            ] 281/7824, 74.0 task/s, elapsed: 4s, ETA:   102s[>                            ] 282/7824, 74.0 task/s, elapsed: 4s, ETA:   102s[>                            ] 283/7824, 74.0 task/s, elapsed: 4s, ETA:   102s[>                            ] 284/7824, 74.0 task/s, elapsed: 4s, ETA:   102s[>                            ] 285/7824, 74.0 task/s, elapsed: 4s, ETA:   102s[>                            ] 286/7824, 74.1 task/s, elapsed: 4s, ETA:   102s[>                            ] 287/7824, 74.1 task/s, elapsed: 4s, ETA:   102s[>                            ] 288/7824, 74.1 task/s, elapsed: 4s, ETA:   102s[>                            ] 289/7824, 74.1 task/s, elapsed: 4s, ETA:   102s[>                            ] 290/7824, 74.1 task/s, elapsed: 4s, ETA:   102s[>                            ] 291/7824, 74.1 task/s, elapsed: 4s, ETA:   102s[>                            ] 292/7824, 74.1 task/s, elapsed: 4s, ETA:   102s[>                            ] 293/7824, 74.1 task/s, elapsed: 4s, ETA:   102s[>                            ] 294/7824, 74.1 task/s, elapsed: 4s, ETA:   102s[>                            ] 295/7824, 74.1 task/s, elapsed: 4s, ETA:   102s[>                            ] 296/7824, 74.1 task/s, elapsed: 4s, ETA:   102s[>                            ] 297/7824, 74.1 task/s, elapsed: 4s, ETA:   102s[>                            ] 298/7824, 74.1 task/s, elapsed: 4s, ETA:   102s[>                            ] 299/7824, 74.1 task/s, elapsed: 4s, ETA:   102s[>                            ] 300/7824, 74.1 task/s, elapsed: 4s, ETA:   102s[>                            ] 301/7824, 74.1 task/s, elapsed: 4s, ETA:   101s[>                            ] 302/7824, 74.1 task/s, elapsed: 4s, ETA:   101s[>                            ] 303/7824, 74.1 task/s, elapsed: 4s, ETA:   101s[>                            ] 304/7824, 74.1 task/s, elapsed: 4s, ETA:   101s[>                            ] 305/7824, 74.1 task/s, elapsed: 4s, ETA:   101s[>                            ] 306/7824, 74.1 task/s, elapsed: 4s, ETA:   101s[>                            ] 307/7824, 74.1 task/s, elapsed: 4s, ETA:   101s[>                            ] 308/7824, 74.1 task/s, elapsed: 4s, ETA:   101s[>                            ] 309/7824, 74.2 task/s, elapsed: 4s, ETA:   101s[>                            ] 310/7824, 74.2 task/s, elapsed: 4s, ETA:   101s[>                            ] 311/7824, 74.2 task/s, elapsed: 4s, ETA:   101s[>                            ] 312/7824, 74.2 task/s, elapsed: 4s, ETA:   101s[>                            ] 313/7824, 74.2 task/s, elapsed: 4s, ETA:   101s[>                            ] 314/7824, 74.2 task/s, elapsed: 4s, ETA:   101s[>                            ] 315/7824, 74.2 task/s, elapsed: 4s, ETA:   101s[>                            ] 316/7824, 74.2 task/s, elapsed: 4s, ETA:   101s[>                            ] 317/7824, 74.3 task/s, elapsed: 4s, ETA:   101s[>                            ] 318/7824, 74.3 task/s, elapsed: 4s, ETA:   101s[>                            ] 319/7824, 74.3 task/s, elapsed: 4s, ETA:   101s[>                            ] 320/7824, 74.3 task/s, elapsed: 4s, ETA:   101s[>                            ] 321/7824, 74.3 task/s, elapsed: 4s, ETA:   101s[>                            ] 322/7824, 74.3 task/s, elapsed: 4s, ETA:   101s[>                            ] 323/7824, 74.3 task/s, elapsed: 4s, ETA:   101s[>                            ] 324/7824, 74.3 task/s, elapsed: 4s, ETA:   101s[>                            ] 325/7824, 74.3 task/s, elapsed: 4s, ETA:   101s[>                            ] 326/7824, 74.4 task/s, elapsed: 4s, ETA:   101s[>                            ] 327/7824, 74.4 task/s, elapsed: 4s, ETA:   101s[>                            ] 328/7824, 74.4 task/s, elapsed: 4s, ETA:   101s[>                            ] 329/7824, 74.4 task/s, elapsed: 4s, ETA:   101s[>                            ] 330/7824, 74.4 task/s, elapsed: 4s, ETA:   101s[>                            ] 331/7824, 74.4 task/s, elapsed: 4s, ETA:   101s[>                            ] 332/7824, 74.4 task/s, elapsed: 4s, ETA:   101s[>                            ] 333/7824, 74.4 task/s, elapsed: 4s, ETA:   101s[>                            ] 334/7824, 74.4 task/s, elapsed: 4s, ETA:   101s[>                            ] 335/7824, 74.4 task/s, elapsed: 4s, ETA:   101s[>                            ] 336/7824, 74.5 task/s, elapsed: 5s, ETA:   101s[>                            ] 337/7824, 74.4 task/s, elapsed: 5s, ETA:   101s[>                            ] 338/7824, 74.4 task/s, elapsed: 5s, ETA:   101s[>                            ] 339/7824, 74.4 task/s, elapsed: 5s, ETA:   101s[>                            ] 340/7824, 74.5 task/s, elapsed: 5s, ETA:   101s[>                            ] 341/7824, 74.5 task/s, elapsed: 5s, ETA:   100s[>                            ] 342/7824, 74.5 task/s, elapsed: 5s, ETA:   100s[>                            ] 343/7824, 74.5 task/s, elapsed: 5s, ETA:   100s[>                            ] 344/7824, 74.5 task/s, elapsed: 5s, ETA:   100s[>                            ] 345/7824, 74.5 task/s, elapsed: 5s, ETA:   100s[>                            ] 346/7824, 74.5 task/s, elapsed: 5s, ETA:   100s[>                            ] 347/7824, 74.5 task/s, elapsed: 5s, ETA:   100s[>                            ] 348/7824, 74.5 task/s, elapsed: 5s, ETA:   100s[>                            ] 349/7824, 74.5 task/s, elapsed: 5s, ETA:   100s[>                            ] 350/7824, 74.5 task/s, elapsed: 5s, ETA:   100s[>                            ] 351/7824, 74.6 task/s, elapsed: 5s, ETA:   100s[>                            ] 352/7824, 74.6 task/s, elapsed: 5s, ETA:   100s[>                            ] 353/7824, 74.6 task/s, elapsed: 5s, ETA:   100s[>                            ] 354/7824, 74.6 task/s, elapsed: 5s, ETA:   100s[>                            ] 355/7824, 74.6 task/s, elapsed: 5s, ETA:   100s[>                            ] 356/7824, 74.6 task/s, elapsed: 5s, ETA:   100s[>                            ] 357/7824, 74.6 task/s, elapsed: 5s, ETA:   100s[>                            ] 358/7824, 74.6 task/s, elapsed: 5s, ETA:   100s[>                            ] 359/7824, 74.6 task/s, elapsed: 5s, ETA:   100s[>                            ] 360/7824, 74.6 task/s, elapsed: 5s, ETA:   100s[>                            ] 361/7824, 74.6 task/s, elapsed: 5s, ETA:   100s[>                            ] 362/7824, 74.7 task/s, elapsed: 5s, ETA:   100s[>                            ] 363/7824, 74.7 task/s, elapsed: 5s, ETA:   100s[>                            ] 364/7824, 74.7 task/s, elapsed: 5s, ETA:   100s[>                            ] 365/7824, 74.7 task/s, elapsed: 5s, ETA:   100s[>                            ] 366/7824, 74.7 task/s, elapsed: 5s, ETA:   100s[>                            ] 367/7824, 74.7 task/s, elapsed: 5s, ETA:   100s[>                            ] 368/7824, 74.7 task/s, elapsed: 5s, ETA:   100s[>                            ] 369/7824, 74.7 task/s, elapsed: 5s, ETA:   100s[>                            ] 370/7824, 74.7 task/s, elapsed: 5s, ETA:   100s[>                            ] 371/7824, 74.7 task/s, elapsed: 5s, ETA:   100s[>                            ] 372/7824, 74.7 task/s, elapsed: 5s, ETA:   100s[>                            ] 373/7824, 74.7 task/s, elapsed: 5s, ETA:   100s[>                            ] 374/7824, 74.8 task/s, elapsed: 5s, ETA:   100s[>                            ] 375/7824, 74.8 task/s, elapsed: 5s, ETA:   100s[>                            ] 376/7824, 74.8 task/s, elapsed: 5s, ETA:   100s[>                            ] 377/7824, 74.8 task/s, elapsed: 5s, ETA:   100s[>                            ] 378/7824, 74.8 task/s, elapsed: 5s, ETA:   100s[>                            ] 379/7824, 74.8 task/s, elapsed: 5s, ETA:   100s[>                            ] 380/7824, 74.8 task/s, elapsed: 5s, ETA:   100s[>                            ] 381/7824, 74.8 task/s, elapsed: 5s, ETA:   100s[>                            ] 382/7824, 74.8 task/s, elapsed: 5s, ETA:    99s[>                            ] 383/7824, 74.8 task/s, elapsed: 5s, ETA:    99s[>                            ] 384/7824, 74.8 task/s, elapsed: 5s, ETA:    99s[>                            ] 385/7824, 74.8 task/s, elapsed: 5s, ETA:    99s[>                            ] 386/7824, 74.8 task/s, elapsed: 5s, ETA:    99s[>                            ] 387/7824, 74.8 task/s, elapsed: 5s, ETA:    99s[>                            ] 388/7824, 74.8 task/s, elapsed: 5s, ETA:    99s[>                            ] 389/7824, 74.9 task/s, elapsed: 5s, ETA:    99s[>                            ] 390/7824, 74.9 task/s, elapsed: 5s, ETA:    99s[>                            ] 391/7824, 74.9 task/s, elapsed: 5s, ETA:    99s[>                            ] 392/7824, 74.9 task/s, elapsed: 5s, ETA:    99s[>                            ] 393/7824, 74.9 task/s, elapsed: 5s, ETA:    99s[>                            ] 394/7824, 74.9 task/s, elapsed: 5s, ETA:    99s[>                            ] 395/7824, 74.9 task/s, elapsed: 5s, ETA:    99s[>                            ] 396/7824, 74.9 task/s, elapsed: 5s, ETA:    99s[>                            ] 397/7824, 74.9 task/s, elapsed: 5s, ETA:    99s[>                            ] 398/7824, 74.9 task/s, elapsed: 5s, ETA:    99s[>                            ] 399/7824, 74.9 task/s, elapsed: 5s, ETA:    99s[>                            ] 400/7824, 74.9 task/s, elapsed: 5s, ETA:    99s[>                            ] 401/7824, 74.9 task/s, elapsed: 5s, ETA:    99s[>                            ] 402/7824, 74.9 task/s, elapsed: 5s, ETA:    99s[>                            ] 403/7824, 74.9 task/s, elapsed: 5s, ETA:    99s[>                            ] 404/7824, 75.0 task/s, elapsed: 5s, ETA:    99s[>                            ] 405/7824, 75.0 task/s, elapsed: 5s, ETA:    99s[>                            ] 406/7824, 75.0 task/s, elapsed: 5s, ETA:    99s[>                            ] 407/7824, 75.0 task/s, elapsed: 5s, ETA:    99s[>                            ] 408/7824, 75.0 task/s, elapsed: 5s, ETA:    99s[>                            ] 409/7824, 75.0 task/s, elapsed: 5s, ETA:    99s[>                            ] 410/7824, 75.0 task/s, elapsed: 5s, ETA:    99s[>                            ] 411/7824, 75.0 task/s, elapsed: 5s, ETA:    99s[>                            ] 412/7824, 75.0 task/s, elapsed: 5s, ETA:    99s[>                            ] 413/7824, 75.0 task/s, elapsed: 6s, ETA:    99s[>                            ] 414/7824, 75.0 task/s, elapsed: 6s, ETA:    99s[>                            ] 415/7824, 75.0 task/s, elapsed: 6s, ETA:    99s[>                            ] 416/7824, 75.0 task/s, elapsed: 6s, ETA:    99s[>                            ] 417/7824, 75.0 task/s, elapsed: 6s, ETA:    99s[>                            ] 418/7824, 75.0 task/s, elapsed: 6s, ETA:    99s[>                            ] 419/7824, 75.1 task/s, elapsed: 6s, ETA:    99s[>                            ] 420/7824, 75.1 task/s, elapsed: 6s, ETA:    99s[>                            ] 421/7824, 75.1 task/s, elapsed: 6s, ETA:    99s[>                            ] 422/7824, 75.1 task/s, elapsed: 6s, ETA:    99s[>                            ] 423/7824, 75.1 task/s, elapsed: 6s, ETA:    99s[>                            ] 424/7824, 75.1 task/s, elapsed: 6s, ETA:    99s[>                            ] 425/7824, 75.1 task/s, elapsed: 6s, ETA:    99s[>                            ] 426/7824, 75.1 task/s, elapsed: 6s, ETA:    99s[>                            ] 427/7824, 75.1 task/s, elapsed: 6s, ETA:    98s[>                            ] 428/7824, 75.1 task/s, elapsed: 6s, ETA:    98s[>                            ] 429/7824, 75.1 task/s, elapsed: 6s, ETA:    98s[>                            ] 430/7824, 75.1 task/s, elapsed: 6s, ETA:    98s[>                            ] 431/7824, 75.1 task/s, elapsed: 6s, ETA:    98s[>                            ] 432/7824, 75.1 task/s, elapsed: 6s, ETA:    98s[>                            ] 433/7824, 75.1 task/s, elapsed: 6s, ETA:    98s[>                            ] 434/7824, 75.1 task/s, elapsed: 6s, ETA:    98s[>                            ] 435/7824, 75.1 task/s, elapsed: 6s, ETA:    98s[>                            ] 436/7824, 75.1 task/s, elapsed: 6s, ETA:    98s[>                            ] 437/7824, 75.2 task/s, elapsed: 6s, ETA:    98s[>                            ] 438/7824, 75.2 task/s, elapsed: 6s, ETA:    98s[>                            ] 439/7824, 75.2 task/s, elapsed: 6s, ETA:    98s[>                            ] 440/7824, 75.2 task/s, elapsed: 6s, ETA:    98s[>                            ] 441/7824, 75.2 task/s, elapsed: 6s, ETA:    98s[>                            ] 442/7824, 75.2 task/s, elapsed: 6s, ETA:    98s[>                            ] 443/7824, 75.2 task/s, elapsed: 6s, ETA:    98s[>                            ] 444/7824, 75.2 task/s, elapsed: 6s, ETA:    98s[>                            ] 445/7824, 75.2 task/s, elapsed: 6s, ETA:    98s[>                            ] 446/7824, 75.2 task/s, elapsed: 6s, ETA:    98s[>                            ] 447/7824, 75.2 task/s, elapsed: 6s, ETA:    98s[>                            ] 448/7824, 75.2 task/s, elapsed: 6s, ETA:    98s[>                            ] 449/7824, 75.2 task/s, elapsed: 6s, ETA:    98s[>                            ] 450/7824, 75.2 task/s, elapsed: 6s, ETA:    98s[>                            ] 451/7824, 75.2 task/s, elapsed: 6s, ETA:    98s[>                            ] 452/7824, 75.2 task/s, elapsed: 6s, ETA:    98s[>                            ] 453/7824, 75.2 task/s, elapsed: 6s, ETA:    98s[>                            ] 454/7824, 75.2 task/s, elapsed: 6s, ETA:    98s[>                            ] 455/7824, 75.2 task/s, elapsed: 6s, ETA:    98s[>                            ] 456/7824, 75.2 task/s, elapsed: 6s, ETA:    98s[>                            ] 457/7824, 75.2 task/s, elapsed: 6s, ETA:    98s[>                            ] 458/7824, 75.2 task/s, elapsed: 6s, ETA:    98s[>                            ] 459/7824, 75.2 task/s, elapsed: 6s, ETA:    98s[>                            ] 460/7824, 75.2 task/s, elapsed: 6s, ETA:    98s[>                            ] 461/7824, 75.3 task/s, elapsed: 6s, ETA:    98s[>                            ] 462/7824, 75.3 task/s, elapsed: 6s, ETA:    98s[>                            ] 463/7824, 75.3 task/s, elapsed: 6s, ETA:    98s[>                            ] 464/7824, 75.3 task/s, elapsed: 6s, ETA:    98s[>                            ] 465/7824, 75.3 task/s, elapsed: 6s, ETA:    98s[>                            ] 466/7824, 75.3 task/s, elapsed: 6s, ETA:    98s[>                            ] 467/7824, 75.3 task/s, elapsed: 6s, ETA:    98s[>                            ] 468/7824, 75.3 task/s, elapsed: 6s, ETA:    98s[>                            ] 469/7824, 75.3 task/s, elapsed: 6s, ETA:    98s[>                            ] 470/7824, 75.3 task/s, elapsed: 6s, ETA:    98s[>                            ] 471/7824, 75.3 task/s, elapsed: 6s, ETA:    98s[>                            ] 472/7824, 75.3 task/s, elapsed: 6s, ETA:    98s[>                            ] 473/7824, 75.3 task/s, elapsed: 6s, ETA:    98s[>                            ] 474/7824, 75.3 task/s, elapsed: 6s, ETA:    98s[>                            ] 475/7824, 75.3 task/s, elapsed: 6s, ETA:    98s[>                            ] 476/7824, 75.3 task/s, elapsed: 6s, ETA:    98s[>                            ] 477/7824, 75.3 task/s, elapsed: 6s, ETA:    98s[>                            ] 478/7824, 75.3 task/s, elapsed: 6s, ETA:    98s[>                            ] 479/7824, 75.3 task/s, elapsed: 6s, ETA:    97s[>                            ] 480/7824, 75.3 task/s, elapsed: 6s, ETA:    97s[>                            ] 481/7824, 75.3 task/s, elapsed: 6s, ETA:    97s[>                            ] 482/7824, 75.4 task/s, elapsed: 6s, ETA:    97s[>                            ] 483/7824, 75.4 task/s, elapsed: 6s, ETA:    97s[>                            ] 484/7824, 75.4 task/s, elapsed: 6s, ETA:    97s[>                            ] 485/7824, 75.4 task/s, elapsed: 6s, ETA:    97s[>                            ] 486/7824, 75.4 task/s, elapsed: 6s, ETA:    97s[>                            ] 487/7824, 75.4 task/s, elapsed: 6s, ETA:    97s[>                            ] 488/7824, 75.5 task/s, elapsed: 6s, ETA:    97s[>                            ] 489/7824, 75.5 task/s, elapsed: 6s, ETA:    97s[>                            ] 490/7824, 75.6 task/s, elapsed: 6s, ETA:    97s[>                            ] 491/7824, 75.6 task/s, elapsed: 6s, ETA:    97s[>                            ] 492/7824, 75.7 task/s, elapsed: 7s, ETA:    97s[>                            ] 493/7824, 75.7 task/s, elapsed: 7s, ETA:    97s[>                            ] 494/7824, 75.8 task/s, elapsed: 7s, ETA:    97s[>                            ] 495/7824, 75.8 task/s, elapsed: 7s, ETA:    97s[>                            ] 496/7824, 75.9 task/s, elapsed: 7s, ETA:    97s[>                            ] 497/7824, 75.9 task/s, elapsed: 7s, ETA:    97s[>                            ] 498/7824, 76.0 task/s, elapsed: 7s, ETA:    96s[>                            ] 499/7824, 76.0 task/s, elapsed: 7s, ETA:    96s[>                            ] 500/7824, 76.1 task/s, elapsed: 7s, ETA:    96s[>                            ] 501/7824, 76.1 task/s, elapsed: 7s, ETA:    96s[>                            ] 502/7824, 76.2 task/s, elapsed: 7s, ETA:    96s[>                            ] 503/7824, 76.2 task/s, elapsed: 7s, ETA:    96s[>                            ] 504/7824, 76.3 task/s, elapsed: 7s, ETA:    96s[>                            ] 505/7824, 76.3 task/s, elapsed: 7s, ETA:    96s[>                            ] 506/7824, 76.4 task/s, elapsed: 7s, ETA:    96s[>                            ] 507/7824, 76.4 task/s, elapsed: 7s, ETA:    96s[>                            ] 508/7824, 76.5 task/s, elapsed: 7s, ETA:    96s[>                            ] 509/7824, 76.5 task/s, elapsed: 7s, ETA:    96s[>                            ] 510/7824, 76.6 task/s, elapsed: 7s, ETA:    96s[>                            ] 511/7824, 76.6 task/s, elapsed: 7s, ETA:    95s[>                            ] 512/7824, 76.7 task/s, elapsed: 7s, ETA:    95s[>                            ] 513/7824, 76.7 task/s, elapsed: 7s, ETA:    95s[>                            ] 514/7824, 76.8 task/s, elapsed: 7s, ETA:    95s[>                            ] 515/7824, 76.8 task/s, elapsed: 7s, ETA:    95s[>                            ] 516/7824, 76.9 task/s, elapsed: 7s, ETA:    95s[>                            ] 517/7824, 76.9 task/s, elapsed: 7s, ETA:    95s[>                            ] 518/7824, 77.0 task/s, elapsed: 7s, ETA:    95s[>                            ] 519/7824, 77.0 task/s, elapsed: 7s, ETA:    95s[>                            ] 520/7824, 77.1 task/s, elapsed: 7s, ETA:    95s[>                            ] 521/7824, 77.1 task/s, elapsed: 7s, ETA:    95s[>                            ] 522/7824, 77.1 task/s, elapsed: 7s, ETA:    95s[>                            ] 523/7824, 77.2 task/s, elapsed: 7s, ETA:    95s[>                            ] 524/7824, 77.2 task/s, elapsed: 7s, ETA:    95s[>                            ] 525/7824, 77.3 task/s, elapsed: 7s, ETA:    94s[>                            ] 526/7824, 77.3 task/s, elapsed: 7s, ETA:    94s[>                            ] 527/7824, 77.4 task/s, elapsed: 7s, ETA:    94s[>                            ] 528/7824, 77.4 task/s, elapsed: 7s, ETA:    94s[>                            ] 529/7824, 77.5 task/s, elapsed: 7s, ETA:    94s[>                            ] 530/7824, 77.5 task/s, elapsed: 7s, ETA:    94s[>                            ] 531/7824, 77.6 task/s, elapsed: 7s, ETA:    94s[>                            ] 532/7824, 77.6 task/s, elapsed: 7s, ETA:    94s[>                            ] 533/7824, 77.7 task/s, elapsed: 7s, ETA:    94s[>                            ] 534/7824, 77.6 task/s, elapsed: 7s, ETA:    94s[>                            ] 535/7824, 77.6 task/s, elapsed: 7s, ETA:    94s[>                            ] 536/7824, 77.6 task/s, elapsed: 7s, ETA:    94s[>                            ] 537/7824, 77.6 task/s, elapsed: 7s, ETA:    94s[>                            ] 538/7824, 77.6 task/s, elapsed: 7s, ETA:    94s[>                            ] 539/7824, 77.6 task/s, elapsed: 7s, ETA:    94s[>>                           ] 540/7824, 77.6 task/s, elapsed: 7s, ETA:    94s[>>                           ] 541/7824, 77.6 task/s, elapsed: 7s, ETA:    94s[>>                           ] 542/7824, 77.6 task/s, elapsed: 7s, ETA:    94s[>>                           ] 543/7824, 77.6 task/s, elapsed: 7s, ETA:    94s[>>                           ] 544/7824, 77.6 task/s, elapsed: 7s, ETA:    94s[>>                           ] 545/7824, 77.6 task/s, elapsed: 7s, ETA:    94s[>>                           ] 546/7824, 77.5 task/s, elapsed: 7s, ETA:    94s[>>                           ] 547/7824, 77.5 task/s, elapsed: 7s, ETA:    94s[>>                           ] 548/7824, 77.6 task/s, elapsed: 7s, ETA:    94s[>>                           ] 549/7824, 77.6 task/s, elapsed: 7s, ETA:    94s[>>                           ] 550/7824, 77.7 task/s, elapsed: 7s, ETA:    94s[>>                           ] 551/7824, 77.7 task/s, elapsed: 7s, ETA:    94s[>>                           ] 552/7824, 77.7 task/s, elapsed: 7s, ETA:    94s[>>                           ] 553/7824, 77.8 task/s, elapsed: 7s, ETA:    94s[>>                           ] 554/7824, 77.8 task/s, elapsed: 7s, ETA:    93s[>>                           ] 555/7824, 77.8 task/s, elapsed: 7s, ETA:    93s[>>                           ] 556/7824, 77.9 task/s, elapsed: 7s, ETA:    93s[>>                           ] 557/7824, 77.9 task/s, elapsed: 7s, ETA:    93s[>>                           ] 558/7824, 77.9 task/s, elapsed: 7s, ETA:    93s[>>                           ] 559/7824, 78.0 task/s, elapsed: 7s, ETA:    93s[>>                           ] 560/7824, 78.0 task/s, elapsed: 7s, ETA:    93s[>>                           ] 561/7824, 78.0 task/s, elapsed: 7s, ETA:    93s[>>                           ] 562/7824, 78.1 task/s, elapsed: 7s, ETA:    93s[>>                           ] 563/7824, 78.1 task/s, elapsed: 7s, ETA:    93s[>>                           ] 564/7824, 78.1 task/s, elapsed: 7s, ETA:    93s[>>                           ] 565/7824, 78.1 task/s, elapsed: 7s, ETA:    93s[>>                           ] 566/7824, 78.2 task/s, elapsed: 7s, ETA:    93s[>>                           ] 567/7824, 78.2 task/s, elapsed: 7s, ETA:    93s[>>                           ] 568/7824, 78.3 task/s, elapsed: 7s, ETA:    93s[>>                           ] 569/7824, 78.3 task/s, elapsed: 7s, ETA:    93s[>>                           ] 570/7824, 78.4 task/s, elapsed: 7s, ETA:    93s[>>                           ] 571/7824, 78.4 task/s, elapsed: 7s, ETA:    93s[>>                           ] 572/7824, 78.4 task/s, elapsed: 7s, ETA:    92s[>>                           ] 573/7824, 78.5 task/s, elapsed: 7s, ETA:    92s[>>                           ] 574/7824, 78.5 task/s, elapsed: 7s, ETA:    92s[>>                           ] 575/7824, 78.6 task/s, elapsed: 7s, ETA:    92s[>>                           ] 576/7824, 78.6 task/s, elapsed: 7s, ETA:    92s[>>                           ] 577/7824, 78.6 task/s, elapsed: 7s, ETA:    92s[>>                           ] 578/7824, 78.7 task/s, elapsed: 7s, ETA:    92s[>>                           ] 579/7824, 78.7 task/s, elapsed: 7s, ETA:    92s[>>                           ] 580/7824, 78.8 task/s, elapsed: 7s, ETA:    92s[>>                           ] 581/7824, 78.8 task/s, elapsed: 7s, ETA:    92s[>>                           ] 582/7824, 78.8 task/s, elapsed: 7s, ETA:    92s[>>                           ] 583/7824, 78.9 task/s, elapsed: 7s, ETA:    92s[>>                           ] 584/7824, 78.9 task/s, elapsed: 7s, ETA:    92s[>>                           ] 585/7824, 79.0 task/s, elapsed: 7s, ETA:    92s[>>                           ] 586/7824, 79.0 task/s, elapsed: 7s, ETA:    92s[>>                           ] 587/7824, 79.0 task/s, elapsed: 7s, ETA:    92s[>>                           ] 588/7824, 79.1 task/s, elapsed: 7s, ETA:    91s[>>                           ] 589/7824, 79.1 task/s, elapsed: 7s, ETA:    91s[>>                           ] 590/7824, 79.2 task/s, elapsed: 7s, ETA:    91s[>>                           ] 591/7824, 79.2 task/s, elapsed: 7s, ETA:    91s[>>                           ] 592/7824, 79.2 task/s, elapsed: 7s, ETA:    91s[>>                           ] 593/7824, 79.3 task/s, elapsed: 7s, ETA:    91s[>>                           ] 594/7824, 79.3 task/s, elapsed: 7s, ETA:    91s[>>                           ] 595/7824, 79.3 task/s, elapsed: 7s, ETA:    91s[>>                           ] 596/7824, 79.4 task/s, elapsed: 8s, ETA:    91s[>>                           ] 597/7824, 79.4 task/s, elapsed: 8s, ETA:    91s[>>                           ] 598/7824, 79.5 task/s, elapsed: 8s, ETA:    91s[>>                           ] 599/7824, 79.5 task/s, elapsed: 8s, ETA:    91s[>>                           ] 600/7824, 79.5 task/s, elapsed: 8s, ETA:    91s[>>                           ] 601/7824, 79.6 task/s, elapsed: 8s, ETA:    91s[>>                           ] 602/7824, 79.6 task/s, elapsed: 8s, ETA:    91s[>>                           ] 603/7824, 79.7 task/s, elapsed: 8s, ETA:    91s[>>                           ] 604/7824, 79.7 task/s, elapsed: 8s, ETA:    91s[>>                           ] 605/7824, 79.7 task/s, elapsed: 8s, ETA:    91s[>>                           ] 606/7824, 79.8 task/s, elapsed: 8s, ETA:    90s[>>                           ] 607/7824, 79.8 task/s, elapsed: 8s, ETA:    90s[>>                           ] 608/7824, 79.9 task/s, elapsed: 8s, ETA:    90s[>>                           ] 609/7824, 79.9 task/s, elapsed: 8s, ETA:    90s[>>                           ] 610/7824, 79.9 task/s, elapsed: 8s, ETA:    90s[>>                           ] 611/7824, 80.0 task/s, elapsed: 8s, ETA:    90s[>>                           ] 612/7824, 80.0 task/s, elapsed: 8s, ETA:    90s[>>                           ] 613/7824, 80.0 task/s, elapsed: 8s, ETA:    90s[>>                           ] 614/7824, 80.1 task/s, elapsed: 8s, ETA:    90s[>>                           ] 615/7824, 80.1 task/s, elapsed: 8s, ETA:    90s[>>                           ] 616/7824, 80.1 task/s, elapsed: 8s, ETA:    90s[>>                           ] 617/7824, 80.2 task/s, elapsed: 8s, ETA:    90s[>>                           ] 618/7824, 80.2 task/s, elapsed: 8s, ETA:    90s[>>                           ] 619/7824, 80.2 task/s, elapsed: 8s, ETA:    90s[>>                           ] 620/7824, 80.3 task/s, elapsed: 8s, ETA:    90s[>>                           ] 621/7824, 80.3 task/s, elapsed: 8s, ETA:    90s[>>                           ] 622/7824, 80.3 task/s, elapsed: 8s, ETA:    90s[>>                           ] 623/7824, 80.4 task/s, elapsed: 8s, ETA:    90s[>>                           ] 624/7824, 80.4 task/s, elapsed: 8s, ETA:    90s[>>                           ] 625/7824, 80.4 task/s, elapsed: 8s, ETA:    90s[>>                           ] 626/7824, 80.5 task/s, elapsed: 8s, ETA:    89s[>>                           ] 627/7824, 80.5 task/s, elapsed: 8s, ETA:    89s[>>                           ] 628/7824, 80.5 task/s, elapsed: 8s, ETA:    89s[>>                           ] 629/7824, 80.6 task/s, elapsed: 8s, ETA:    89s[>>                           ] 630/7824, 80.6 task/s, elapsed: 8s, ETA:    89s[>>                           ] 631/7824, 80.6 task/s, elapsed: 8s, ETA:    89s[>>                           ] 632/7824, 80.7 task/s, elapsed: 8s, ETA:    89s[>>                           ] 633/7824, 80.7 task/s, elapsed: 8s, ETA:    89s[>>                           ] 634/7824, 80.7 task/s, elapsed: 8s, ETA:    89s[>>                           ] 635/7824, 80.8 task/s, elapsed: 8s, ETA:    89s[>>                           ] 636/7824, 80.8 task/s, elapsed: 8s, ETA:    89s[>>                           ] 637/7824, 80.9 task/s, elapsed: 8s, ETA:    89s[>>                           ] 638/7824, 80.9 task/s, elapsed: 8s, ETA:    89s[>>                           ] 639/7824, 80.9 task/s, elapsed: 8s, ETA:    89s[>>                           ] 640/7824, 81.0 task/s, elapsed: 8s, ETA:    89s[>>                           ] 641/7824, 81.0 task/s, elapsed: 8s, ETA:    89s[>>                           ] 642/7824, 81.0 task/s, elapsed: 8s, ETA:    89s[>>                           ] 643/7824, 81.1 task/s, elapsed: 8s, ETA:    89s[>>                           ] 644/7824, 81.1 task/s, elapsed: 8s, ETA:    89s[>>                           ] 645/7824, 81.2 task/s, elapsed: 8s, ETA:    88s[>>                           ] 646/7824, 81.2 task/s, elapsed: 8s, ETA:    88s[>>                           ] 647/7824, 81.2 task/s, elapsed: 8s, ETA:    88s[>>                           ] 648/7824, 81.3 task/s, elapsed: 8s, ETA:    88s[>>                           ] 649/7824, 81.3 task/s, elapsed: 8s, ETA:    88s[>>                           ] 650/7824, 81.3 task/s, elapsed: 8s, ETA:    88s[>>                           ] 651/7824, 81.4 task/s, elapsed: 8s, ETA:    88s[>>                           ] 652/7824, 81.4 task/s, elapsed: 8s, ETA:    88s[>>                           ] 653/7824, 81.4 task/s, elapsed: 8s, ETA:    88s[>>                           ] 654/7824, 81.5 task/s, elapsed: 8s, ETA:    88s[>>                           ] 655/7824, 81.5 task/s, elapsed: 8s, ETA:    88s[>>                           ] 656/7824, 81.6 task/s, elapsed: 8s, ETA:    88s[>>                           ] 657/7824, 81.6 task/s, elapsed: 8s, ETA:    88s[>>                           ] 658/7824, 81.6 task/s, elapsed: 8s, ETA:    88s[>>                           ] 659/7824, 81.7 task/s, elapsed: 8s, ETA:    88s[>>                           ] 660/7824, 81.7 task/s, elapsed: 8s, ETA:    88s[>>                           ] 661/7824, 81.7 task/s, elapsed: 8s, ETA:    88s[>>                           ] 662/7824, 81.8 task/s, elapsed: 8s, ETA:    88s[>>                           ] 663/7824, 81.8 task/s, elapsed: 8s, ETA:    88s[>>                           ] 664/7824, 81.8 task/s, elapsed: 8s, ETA:    87s[>>                           ] 665/7824, 81.9 task/s, elapsed: 8s, ETA:    87s[>>                           ] 666/7824, 81.9 task/s, elapsed: 8s, ETA:    87s[>>                           ] 667/7824, 82.0 task/s, elapsed: 8s, ETA:    87s[>>                           ] 668/7824, 82.0 task/s, elapsed: 8s, ETA:    87s[>>                           ] 669/7824, 82.0 task/s, elapsed: 8s, ETA:    87s[>>                           ] 670/7824, 82.1 task/s, elapsed: 8s, ETA:    87s[>>                           ] 671/7824, 82.1 task/s, elapsed: 8s, ETA:    87s[>>                           ] 672/7824, 82.1 task/s, elapsed: 8s, ETA:    87s[>>                           ] 673/7824, 82.1 task/s, elapsed: 8s, ETA:    87s[>>                           ] 674/7824, 82.2 task/s, elapsed: 8s, ETA:    87s[>>                           ] 675/7824, 82.2 task/s, elapsed: 8s, ETA:    87s[>>                           ] 676/7824, 82.2 task/s, elapsed: 8s, ETA:    87s[>>                           ] 677/7824, 82.3 task/s, elapsed: 8s, ETA:    87s[>>                           ] 678/7824, 82.3 task/s, elapsed: 8s, ETA:    87s[>>                           ] 679/7824, 82.3 task/s, elapsed: 8s, ETA:    87s[>>                           ] 680/7824, 82.4 task/s, elapsed: 8s, ETA:    87s[>>                           ] 681/7824, 82.4 task/s, elapsed: 8s, ETA:    87s[>>                           ] 682/7824, 82.4 task/s, elapsed: 8s, ETA:    87s[>>                           ] 683/7824, 82.4 task/s, elapsed: 8s, ETA:    87s[>>                           ] 684/7824, 82.5 task/s, elapsed: 8s, ETA:    87s[>>                           ] 685/7824, 82.5 task/s, elapsed: 8s, ETA:    87s[>>                           ] 686/7824, 82.5 task/s, elapsed: 8s, ETA:    86s[>>                           ] 687/7824, 82.5 task/s, elapsed: 8s, ETA:    86s[>>                           ] 688/7824, 82.6 task/s, elapsed: 8s, ETA:    86s[>>                           ] 689/7824, 82.6 task/s, elapsed: 8s, ETA:    86s[>>                           ] 690/7824, 82.6 task/s, elapsed: 8s, ETA:    86s[>>                           ] 691/7824, 82.6 task/s, elapsed: 8s, ETA:    86s[>>                           ] 692/7824, 82.7 task/s, elapsed: 8s, ETA:    86s[>>                           ] 693/7824, 82.7 task/s, elapsed: 8s, ETA:    86s[>>                           ] 694/7824, 82.7 task/s, elapsed: 8s, ETA:    86s[>>                           ] 695/7824, 82.7 task/s, elapsed: 8s, ETA:    86s[>>                           ] 696/7824, 82.8 task/s, elapsed: 8s, ETA:    86s[>>                           ] 697/7824, 82.8 task/s, elapsed: 8s, ETA:    86s[>>                           ] 698/7824, 82.8 task/s, elapsed: 8s, ETA:    86s[>>                           ] 699/7824, 82.9 task/s, elapsed: 8s, ETA:    86s[>>                           ] 700/7824, 82.9 task/s, elapsed: 8s, ETA:    86s[>>                           ] 701/7824, 82.9 task/s, elapsed: 8s, ETA:    86s[>>                           ] 702/7824, 82.9 task/s, elapsed: 8s, ETA:    86s[>>                           ] 703/7824, 83.0 task/s, elapsed: 8s, ETA:    86s[>>                           ] 704/7824, 83.0 task/s, elapsed: 8s, ETA:    86s[>>                           ] 705/7824, 83.0 task/s, elapsed: 8s, ETA:    86s[>>                           ] 706/7824, 83.0 task/s, elapsed: 9s, ETA:    86s[>>                           ] 707/7824, 83.1 task/s, elapsed: 9s, ETA:    86s[>>                           ] 708/7824, 83.1 task/s, elapsed: 9s, ETA:    86s[>>                           ] 709/7824, 83.1 task/s, elapsed: 9s, ETA:    86s[>>                           ] 710/7824, 83.2 task/s, elapsed: 9s, ETA:    86s[>>                           ] 711/7824, 83.2 task/s, elapsed: 9s, ETA:    85s[>>                           ] 712/7824, 83.2 task/s, elapsed: 9s, ETA:    85s[>>                           ] 713/7824, 83.3 task/s, elapsed: 9s, ETA:    85s[>>                           ] 714/7824, 83.3 task/s, elapsed: 9s, ETA:    85s[>>                           ] 715/7824, 83.3 task/s, elapsed: 9s, ETA:    85s[>>                           ] 716/7824, 83.4 task/s, elapsed: 9s, ETA:    85s[>>                           ] 717/7824, 83.4 task/s, elapsed: 9s, ETA:    85s[>>                           ] 718/7824, 83.4 task/s, elapsed: 9s, ETA:    85s[>>                           ] 719/7824, 83.4 task/s, elapsed: 9s, ETA:    85s[>>                           ] 720/7824, 83.5 task/s, elapsed: 9s, ETA:    85s[>>                           ] 721/7824, 83.5 task/s, elapsed: 9s, ETA:    85s[>>                           ] 722/7824, 83.5 task/s, elapsed: 9s, ETA:    85s[>>                           ] 723/7824, 83.6 task/s, elapsed: 9s, ETA:    85s[>>                           ] 724/7824, 83.6 task/s, elapsed: 9s, ETA:    85s[>>                           ] 725/7824, 83.6 task/s, elapsed: 9s, ETA:    85s[>>                           ] 726/7824, 83.7 task/s, elapsed: 9s, ETA:    85s[>>                           ] 727/7824, 83.7 task/s, elapsed: 9s, ETA:    85s[>>                           ] 728/7824, 83.7 task/s, elapsed: 9s, ETA:    85s[>>                           ] 729/7824, 83.7 task/s, elapsed: 9s, ETA:    85s[>>                           ] 730/7824, 83.8 task/s, elapsed: 9s, ETA:    85s[>>                           ] 731/7824, 83.8 task/s, elapsed: 9s, ETA:    85s[>>                           ] 732/7824, 83.8 task/s, elapsed: 9s, ETA:    85s[>>                           ] 733/7824, 83.9 task/s, elapsed: 9s, ETA:    85s[>>                           ] 734/7824, 83.9 task/s, elapsed: 9s, ETA:    85s[>>                           ] 735/7824, 83.9 task/s, elapsed: 9s, ETA:    84s[>>                           ] 736/7824, 84.0 task/s, elapsed: 9s, ETA:    84s[>>                           ] 737/7824, 84.0 task/s, elapsed: 9s, ETA:    84s[>>                           ] 738/7824, 84.0 task/s, elapsed: 9s, ETA:    84s[>>                           ] 739/7824, 84.1 task/s, elapsed: 9s, ETA:    84s[>>                           ] 740/7824, 84.1 task/s, elapsed: 9s, ETA:    84s[>>                           ] 741/7824, 84.1 task/s, elapsed: 9s, ETA:    84s[>>                           ] 742/7824, 84.1 task/s, elapsed: 9s, ETA:    84s[>>                           ] 743/7824, 84.2 task/s, elapsed: 9s, ETA:    84s[>>                           ] 744/7824, 84.2 task/s, elapsed: 9s, ETA:    84s[>>                           ] 745/7824, 84.2 task/s, elapsed: 9s, ETA:    84s[>>                           ] 746/7824, 84.3 task/s, elapsed: 9s, ETA:    84s[>>                           ] 747/7824, 84.3 task/s, elapsed: 9s, ETA:    84s[>>                           ] 748/7824, 84.3 task/s, elapsed: 9s, ETA:    84s[>>                           ] 749/7824, 84.4 task/s, elapsed: 9s, ETA:    84s[>>                           ] 750/7824, 84.4 task/s, elapsed: 9s, ETA:    84s[>>                           ] 751/7824, 84.4 task/s, elapsed: 9s, ETA:    84s[>>                           ] 752/7824, 84.4 task/s, elapsed: 9s, ETA:    84s[>>                           ] 753/7824, 84.5 task/s, elapsed: 9s, ETA:    84s[>>                           ] 754/7824, 84.5 task/s, elapsed: 9s, ETA:    84s[>>                           ] 755/7824, 84.5 task/s, elapsed: 9s, ETA:    84s[>>                           ] 756/7824, 84.6 task/s, elapsed: 9s, ETA:    84s[>>                           ] 757/7824, 84.6 task/s, elapsed: 9s, ETA:    84s[>>                           ] 758/7824, 84.6 task/s, elapsed: 9s, ETA:    84s[>>                           ] 759/7824, 84.6 task/s, elapsed: 9s, ETA:    83s[>>                           ] 760/7824, 84.7 task/s, elapsed: 9s, ETA:    83s[>>                           ] 761/7824, 84.7 task/s, elapsed: 9s, ETA:    83s[>>                           ] 762/7824, 84.7 task/s, elapsed: 9s, ETA:    83s[>>                           ] 763/7824, 84.7 task/s, elapsed: 9s, ETA:    83s[>>                           ] 764/7824, 84.8 task/s, elapsed: 9s, ETA:    83s[>>                           ] 765/7824, 84.8 task/s, elapsed: 9s, ETA:    83s[>>                           ] 766/7824, 84.8 task/s, elapsed: 9s, ETA:    83s[>>                           ] 767/7824, 84.8 task/s, elapsed: 9s, ETA:    83s[>>                           ] 768/7824, 84.9 task/s, elapsed: 9s, ETA:    83s[>>                           ] 769/7824, 84.9 task/s, elapsed: 9s, ETA:    83s[>>                           ] 770/7824, 84.9 task/s, elapsed: 9s, ETA:    83s[>>                           ] 771/7824, 84.9 task/s, elapsed: 9s, ETA:    83s[>>                           ] 772/7824, 85.0 task/s, elapsed: 9s, ETA:    83s[>>                           ] 773/7824, 85.0 task/s, elapsed: 9s, ETA:    83s[>>                           ] 774/7824, 85.0 task/s, elapsed: 9s, ETA:    83s[>>                           ] 775/7824, 85.0 task/s, elapsed: 9s, ETA:    83s[>>                           ] 776/7824, 85.1 task/s, elapsed: 9s, ETA:    83s[>>                           ] 777/7824, 85.1 task/s, elapsed: 9s, ETA:    83s[>>                           ] 778/7824, 85.1 task/s, elapsed: 9s, ETA:    83s[>>                           ] 779/7824, 85.2 task/s, elapsed: 9s, ETA:    83s[>>                           ] 780/7824, 85.2 task/s, elapsed: 9s, ETA:    83s[>>                           ] 781/7824, 85.2 task/s, elapsed: 9s, ETA:    83s[>>                           ] 782/7824, 85.2 task/s, elapsed: 9s, ETA:    83s[>>                           ] 783/7824, 85.3 task/s, elapsed: 9s, ETA:    83s[>>                           ] 784/7824, 85.3 task/s, elapsed: 9s, ETA:    83s[>>                           ] 785/7824, 85.3 task/s, elapsed: 9s, ETA:    83s[>>                           ] 786/7824, 85.3 task/s, elapsed: 9s, ETA:    82s[>>                           ] 787/7824, 85.4 task/s, elapsed: 9s, ETA:    82s[>>                           ] 788/7824, 85.4 task/s, elapsed: 9s, ETA:    82s[>>                           ] 789/7824, 85.4 task/s, elapsed: 9s, ETA:    82s[>>                           ] 790/7824, 85.4 task/s, elapsed: 9s, ETA:    82s[>>                           ] 791/7824, 85.5 task/s, elapsed: 9s, ETA:    82s[>>                           ] 792/7824, 85.5 task/s, elapsed: 9s, ETA:    82s[>>                           ] 793/7824, 85.5 task/s, elapsed: 9s, ETA:    82s[>>                           ] 794/7824, 85.5 task/s, elapsed: 9s, ETA:    82s[>>                           ] 795/7824, 85.6 task/s, elapsed: 9s, ETA:    82s[>>                           ] 796/7824, 85.6 task/s, elapsed: 9s, ETA:    82s[>>                           ] 797/7824, 85.6 task/s, elapsed: 9s, ETA:    82s[>>                           ] 798/7824, 85.6 task/s, elapsed: 9s, ETA:    82s[>>                           ] 799/7824, 85.7 task/s, elapsed: 9s, ETA:    82s[>>                           ] 800/7824, 85.7 task/s, elapsed: 9s, ETA:    82s[>>                           ] 801/7824, 85.7 task/s, elapsed: 9s, ETA:    82s[>>                           ] 802/7824, 85.7 task/s, elapsed: 9s, ETA:    82s[>>                           ] 803/7824, 85.8 task/s, elapsed: 9s, ETA:    82s[>>                           ] 804/7824, 85.8 task/s, elapsed: 9s, ETA:    82s[>>                           ] 805/7824, 85.8 task/s, elapsed: 9s, ETA:    82s[>>                           ] 806/7824, 85.9 task/s, elapsed: 9s, ETA:    82s[>>                           ] 807/7824, 85.9 task/s, elapsed: 9s, ETA:    82s[>>                           ] 808/7824, 85.9 task/s, elapsed: 9s, ETA:    82s[>>                           ] 809/7824, 85.9 task/s, elapsed: 9s, ETA:    82s[>>>                          ] 810/7824, 86.0 task/s, elapsed: 9s, ETA:    82s[>>>                          ] 811/7824, 86.0 task/s, elapsed: 9s, ETA:    82s[>>>                          ] 812/7824, 86.0 task/s, elapsed: 9s, ETA:    82s[>>>                          ] 813/7824, 86.0 task/s, elapsed: 9s, ETA:    81s[>>>                          ] 814/7824, 86.1 task/s, elapsed: 9s, ETA:    81s[>>>                          ] 815/7824, 86.1 task/s, elapsed: 9s, ETA:    81s[>>>                          ] 816/7824, 86.1 task/s, elapsed: 9s, ETA:    81s[>>>                          ] 817/7824, 86.1 task/s, elapsed: 9s, ETA:    81s[>>>                          ] 818/7824, 86.2 task/s, elapsed: 9s, ETA:    81s[>>                          ] 819/7824, 86.2 task/s, elapsed: 10s, ETA:    81s[>>                          ] 820/7824, 86.2 task/s, elapsed: 10s, ETA:    81s[>>                          ] 821/7824, 86.2 task/s, elapsed: 10s, ETA:    81s[>>                          ] 822/7824, 86.3 task/s, elapsed: 10s, ETA:    81s[>>                          ] 823/7824, 86.3 task/s, elapsed: 10s, ETA:    81s[>>                          ] 824/7824, 86.3 task/s, elapsed: 10s, ETA:    81s[>>                          ] 825/7824, 86.3 task/s, elapsed: 10s, ETA:    81s[>>                          ] 826/7824, 86.3 task/s, elapsed: 10s, ETA:    81s[>>                          ] 827/7824, 86.4 task/s, elapsed: 10s, ETA:    81s[>>                          ] 828/7824, 86.4 task/s, elapsed: 10s, ETA:    81s[>>                          ] 829/7824, 86.4 task/s, elapsed: 10s, ETA:    81s[>>                          ] 830/7824, 86.4 task/s, elapsed: 10s, ETA:    81s[>>                          ] 831/7824, 86.5 task/s, elapsed: 10s, ETA:    81s[>>                          ] 832/7824, 86.5 task/s, elapsed: 10s, ETA:    81s[>>                          ] 833/7824, 86.5 task/s, elapsed: 10s, ETA:    81s[>>                          ] 834/7824, 86.5 task/s, elapsed: 10s, ETA:    81s[>>                          ] 835/7824, 86.5 task/s, elapsed: 10s, ETA:    81s[>>                          ] 836/7824, 86.6 task/s, elapsed: 10s, ETA:    81s[>>                          ] 837/7824, 86.6 task/s, elapsed: 10s, ETA:    81s[>>                          ] 838/7824, 86.6 task/s, elapsed: 10s, ETA:    81s[>>>                         ] 839/7824, 86.6 task/s, elapsed: 10s, ETA:    81s[>>>                         ] 840/7824, 86.6 task/s, elapsed: 10s, ETA:    81s[>>>                         ] 841/7824, 86.7 task/s, elapsed: 10s, ETA:    81s[>>>                         ] 842/7824, 86.7 task/s, elapsed: 10s, ETA:    81s[>>>                         ] 843/7824, 86.7 task/s, elapsed: 10s, ETA:    81s[>>>                         ] 844/7824, 86.7 task/s, elapsed: 10s, ETA:    80s[>>>                         ] 845/7824, 86.8 task/s, elapsed: 10s, ETA:    80s[>>>                         ] 846/7824, 86.8 task/s, elapsed: 10s, ETA:    80s[>>>                         ] 847/7824, 86.8 task/s, elapsed: 10s, ETA:    80s[>>>                         ] 848/7824, 86.8 task/s, elapsed: 10s, ETA:    80s[>>>                         ] 849/7824, 86.9 task/s, elapsed: 10s, ETA:    80s[>>>                         ] 850/7824, 86.9 task/s, elapsed: 10s, ETA:    80s[>>>                         ] 851/7824, 86.9 task/s, elapsed: 10s, ETA:    80s[>>>                         ] 852/7824, 86.9 task/s, elapsed: 10s, ETA:    80s[>>>                         ] 853/7824, 87.0 task/s, elapsed: 10s, ETA:    80s[>>>                         ] 854/7824, 87.0 task/s, elapsed: 10s, ETA:    80s[>>>                         ] 855/7824, 87.0 task/s, elapsed: 10s, ETA:    80s[>>>                         ] 856/7824, 87.0 task/s, elapsed: 10s, ETA:    80s[>>>                         ] 857/7824, 87.1 task/s, elapsed: 10s, ETA:    80s[>>>                         ] 858/7824, 87.1 task/s, elapsed: 10s, ETA:    80s[>>>                         ] 859/7824, 87.1 task/s, elapsed: 10s, ETA:    80s[>>>                         ] 860/7824, 87.1 task/s, elapsed: 10s, ETA:    80s[>>>                         ] 861/7824, 87.2 task/s, elapsed: 10s, ETA:    80s[>>>                         ] 862/7824, 87.2 task/s, elapsed: 10s, ETA:    80s[>>>                         ] 863/7824, 87.2 task/s, elapsed: 10s, ETA:    80s[>>>                         ] 864/7824, 87.2 task/s, elapsed: 10s, ETA:    80s[>>>                         ] 865/7824, 87.3 task/s, elapsed: 10s, ETA:    80s[>>>                         ] 866/7824, 87.3 task/s, elapsed: 10s, ETA:    80s[>>>                         ] 867/7824, 87.3 task/s, elapsed: 10s, ETA:    80s[>>>                         ] 868/7824, 87.3 task/s, elapsed: 10s, ETA:    80s[>>>                         ] 869/7824, 87.3 task/s, elapsed: 10s, ETA:    80s[>>>                         ] 870/7824, 87.4 task/s, elapsed: 10s, ETA:    80s[>>>                         ] 871/7824, 87.4 task/s, elapsed: 10s, ETA:    80s[>>>                         ] 872/7824, 87.4 task/s, elapsed: 10s, ETA:    80s[>>>                         ] 873/7824, 87.4 task/s, elapsed: 10s, ETA:    79s[>>>                         ] 874/7824, 87.5 task/s, elapsed: 10s, ETA:    79s[>>>                         ] 875/7824, 87.5 task/s, elapsed: 10s, ETA:    79s[>>>                         ] 876/7824, 87.5 task/s, elapsed: 10s, ETA:    79s[>>>                         ] 877/7824, 87.5 task/s, elapsed: 10s, ETA:    79s[>>>                         ] 878/7824, 87.6 task/s, elapsed: 10s, ETA:    79s[>>>                         ] 879/7824, 87.6 task/s, elapsed: 10s, ETA:    79s[>>>                         ] 880/7824, 87.6 task/s, elapsed: 10s, ETA:    79s[>>>                         ] 881/7824, 87.6 task/s, elapsed: 10s, ETA:    79s[>>>                         ] 882/7824, 87.6 task/s, elapsed: 10s, ETA:    79s[>>>                         ] 883/7824, 87.7 task/s, elapsed: 10s, ETA:    79s[>>>                         ] 884/7824, 87.7 task/s, elapsed: 10s, ETA:    79s[>>>                         ] 885/7824, 87.7 task/s, elapsed: 10s, ETA:    79s[>>>                         ] 886/7824, 87.7 task/s, elapsed: 10s, ETA:    79s[>>>                         ] 887/7824, 87.8 task/s, elapsed: 10s, ETA:    79s[>>>                         ] 888/7824, 87.8 task/s, elapsed: 10s, ETA:    79s[>>>                         ] 889/7824, 87.8 task/s, elapsed: 10s, ETA:    79s[>>>                         ] 890/7824, 87.8 task/s, elapsed: 10s, ETA:    79s[>>>                         ] 891/7824, 87.9 task/s, elapsed: 10s, ETA:    79s[>>>                         ] 892/7824, 87.9 task/s, elapsed: 10s, ETA:    79s[>>>                         ] 893/7824, 87.9 task/s, elapsed: 10s, ETA:    79s[>>>                         ] 894/7824, 87.9 task/s, elapsed: 10s, ETA:    79s[>>>                         ] 895/7824, 87.9 task/s, elapsed: 10s, ETA:    79s[>>>                         ] 896/7824, 88.0 task/s, elapsed: 10s, ETA:    79s[>>>                         ] 897/7824, 88.0 task/s, elapsed: 10s, ETA:    79s[>>>                         ] 898/7824, 88.0 task/s, elapsed: 10s, ETA:    79s[>>>                         ] 899/7824, 88.0 task/s, elapsed: 10s, ETA:    79s[>>>                         ] 900/7824, 88.0 task/s, elapsed: 10s, ETA:    79s[>>>                         ] 901/7824, 88.0 task/s, elapsed: 10s, ETA:    79s[>>>                         ] 902/7824, 88.0 task/s, elapsed: 10s, ETA:    79s[>>>                         ] 903/7824, 88.1 task/s, elapsed: 10s, ETA:    79s[>>>                         ] 904/7824, 88.1 task/s, elapsed: 10s, ETA:    79s[>>>                         ] 905/7824, 88.1 task/s, elapsed: 10s, ETA:    79s[>>>                         ] 906/7824, 88.1 task/s, elapsed: 10s, ETA:    79s[>>>                         ] 907/7824, 88.1 task/s, elapsed: 10s, ETA:    78s[>>>                         ] 908/7824, 88.2 task/s, elapsed: 10s, ETA:    78s[>>>                         ] 909/7824, 88.2 task/s, elapsed: 10s, ETA:    78s[>>>                         ] 910/7824, 88.2 task/s, elapsed: 10s, ETA:    78s[>>>                         ] 911/7824, 88.2 task/s, elapsed: 10s, ETA:    78s[>>>                         ] 912/7824, 88.2 task/s, elapsed: 10s, ETA:    78s[>>>                         ] 913/7824, 88.2 task/s, elapsed: 10s, ETA:    78s[>>>                         ] 914/7824, 88.3 task/s, elapsed: 10s, ETA:    78s[>>>                         ] 915/7824, 88.3 task/s, elapsed: 10s, ETA:    78s[>>>                         ] 916/7824, 88.3 task/s, elapsed: 10s, ETA:    78s[>>>                         ] 917/7824, 88.3 task/s, elapsed: 10s, ETA:    78s[>>>                         ] 918/7824, 88.4 task/s, elapsed: 10s, ETA:    78s[>>>                         ] 919/7824, 88.4 task/s, elapsed: 10s, ETA:    78s[>>>                         ] 920/7824, 88.4 task/s, elapsed: 10s, ETA:    78s[>>>                         ] 921/7824, 88.4 task/s, elapsed: 10s, ETA:    78s[>>>                         ] 922/7824, 88.4 task/s, elapsed: 10s, ETA:    78s[>>>                         ] 923/7824, 88.4 task/s, elapsed: 10s, ETA:    78s[>>>                         ] 924/7824, 88.5 task/s, elapsed: 10s, ETA:    78s[>>>                         ] 925/7824, 88.5 task/s, elapsed: 10s, ETA:    78s[>>>                         ] 926/7824, 88.5 task/s, elapsed: 10s, ETA:    78s[>>>                         ] 927/7824, 88.5 task/s, elapsed: 10s, ETA:    78s[>>>                         ] 928/7824, 88.6 task/s, elapsed: 10s, ETA:    78s[>>>                         ] 929/7824, 88.6 task/s, elapsed: 10s, ETA:    78s[>>>                         ] 930/7824, 88.6 task/s, elapsed: 10s, ETA:    78s[>>>                         ] 931/7824, 88.6 task/s, elapsed: 11s, ETA:    78s[>>>                         ] 932/7824, 88.6 task/s, elapsed: 11s, ETA:    78s[>>>                         ] 933/7824, 88.7 task/s, elapsed: 11s, ETA:    78s[>>>                         ] 934/7824, 88.7 task/s, elapsed: 11s, ETA:    78s[>>>                         ] 935/7824, 88.7 task/s, elapsed: 11s, ETA:    78s[>>>                         ] 936/7824, 88.7 task/s, elapsed: 11s, ETA:    78s[>>>                         ] 937/7824, 88.8 task/s, elapsed: 11s, ETA:    78s[>>>                         ] 938/7824, 88.8 task/s, elapsed: 11s, ETA:    78s[>>>                         ] 939/7824, 88.8 task/s, elapsed: 11s, ETA:    78s[>>>                         ] 940/7824, 88.8 task/s, elapsed: 11s, ETA:    78s[>>>                         ] 941/7824, 88.8 task/s, elapsed: 11s, ETA:    77s[>>>                         ] 942/7824, 88.9 task/s, elapsed: 11s, ETA:    77s[>>>                         ] 943/7824, 88.9 task/s, elapsed: 11s, ETA:    77s[>>>                         ] 944/7824, 88.9 task/s, elapsed: 11s, ETA:    77s[>>>                         ] 945/7824, 88.9 task/s, elapsed: 11s, ETA:    77s[>>>                         ] 946/7824, 88.9 task/s, elapsed: 11s, ETA:    77s[>>>                         ] 947/7824, 89.0 task/s, elapsed: 11s, ETA:    77s[>>>                         ] 948/7824, 89.0 task/s, elapsed: 11s, ETA:    77s[>>>                         ] 949/7824, 89.0 task/s, elapsed: 11s, ETA:    77s[>>>                         ] 950/7824, 89.0 task/s, elapsed: 11s, ETA:    77s[>>>                         ] 951/7824, 89.1 task/s, elapsed: 11s, ETA:    77s[>>>                         ] 952/7824, 89.1 task/s, elapsed: 11s, ETA:    77s[>>>                         ] 953/7824, 89.1 task/s, elapsed: 11s, ETA:    77s[>>>                         ] 954/7824, 89.1 task/s, elapsed: 11s, ETA:    77s[>>>                         ] 955/7824, 89.1 task/s, elapsed: 11s, ETA:    77s[>>>                         ] 956/7824, 89.2 task/s, elapsed: 11s, ETA:    77s[>>>                         ] 957/7824, 89.2 task/s, elapsed: 11s, ETA:    77s[>>>                         ] 958/7824, 89.2 task/s, elapsed: 11s, ETA:    77s[>>>                         ] 959/7824, 89.2 task/s, elapsed: 11s, ETA:    77s[>>>                         ] 960/7824, 89.2 task/s, elapsed: 11s, ETA:    77s[>>>                         ] 961/7824, 89.3 task/s, elapsed: 11s, ETA:    77s[>>>                         ] 962/7824, 89.3 task/s, elapsed: 11s, ETA:    77s[>>>                         ] 963/7824, 89.3 task/s, elapsed: 11s, ETA:    77s[>>>                         ] 964/7824, 89.3 task/s, elapsed: 11s, ETA:    77s[>>>                         ] 965/7824, 89.3 task/s, elapsed: 11s, ETA:    77s[>>>                         ] 966/7824, 89.4 task/s, elapsed: 11s, ETA:    77s[>>>                         ] 967/7824, 89.4 task/s, elapsed: 11s, ETA:    77s[>>>                         ] 968/7824, 89.4 task/s, elapsed: 11s, ETA:    77s[>>>                         ] 969/7824, 89.4 task/s, elapsed: 11s, ETA:    77s[>>>                         ] 970/7824, 89.4 task/s, elapsed: 11s, ETA:    77s[>>>                         ] 971/7824, 89.4 task/s, elapsed: 11s, ETA:    77s[>>>                         ] 972/7824, 89.5 task/s, elapsed: 11s, ETA:    77s[>>>                         ] 973/7824, 89.5 task/s, elapsed: 11s, ETA:    77s[>>>                         ] 974/7824, 89.5 task/s, elapsed: 11s, ETA:    77s[>>>                         ] 975/7824, 89.5 task/s, elapsed: 11s, ETA:    77s[>>>                         ] 976/7824, 89.5 task/s, elapsed: 11s, ETA:    76s[>>>                         ] 977/7824, 89.5 task/s, elapsed: 11s, ETA:    76s[>>>                         ] 978/7824, 89.6 task/s, elapsed: 11s, ETA:    76s[>>>                         ] 979/7824, 89.6 task/s, elapsed: 11s, ETA:    76s[>>>                         ] 980/7824, 89.6 task/s, elapsed: 11s, ETA:    76s[>>>                         ] 981/7824, 89.6 task/s, elapsed: 11s, ETA:    76s[>>>                         ] 982/7824, 89.6 task/s, elapsed: 11s, ETA:    76s[>>>                         ] 983/7824, 89.6 task/s, elapsed: 11s, ETA:    76s[>>>                         ] 984/7824, 89.7 task/s, elapsed: 11s, ETA:    76s[>>>                         ] 985/7824, 89.7 task/s, elapsed: 11s, ETA:    76s[>>>                         ] 986/7824, 89.7 task/s, elapsed: 11s, ETA:    76s[>>>                         ] 987/7824, 89.7 task/s, elapsed: 11s, ETA:    76s[>>>                         ] 988/7824, 89.7 task/s, elapsed: 11s, ETA:    76s[>>>                         ] 989/7824, 89.8 task/s, elapsed: 11s, ETA:    76s[>>>                         ] 990/7824, 89.8 task/s, elapsed: 11s, ETA:    76s[>>>                         ] 991/7824, 89.8 task/s, elapsed: 11s, ETA:    76s[>>>                         ] 992/7824, 89.8 task/s, elapsed: 11s, ETA:    76s[>>>                         ] 993/7824, 89.8 task/s, elapsed: 11s, ETA:    76s[>>>                         ] 994/7824, 89.9 task/s, elapsed: 11s, ETA:    76s[>>>                         ] 995/7824, 89.9 task/s, elapsed: 11s, ETA:    76s[>>>                         ] 996/7824, 89.9 task/s, elapsed: 11s, ETA:    76s[>>>                         ] 997/7824, 89.9 task/s, elapsed: 11s, ETA:    76s[>>>                         ] 998/7824, 89.9 task/s, elapsed: 11s, ETA:    76s[>>>                         ] 999/7824, 90.0 task/s, elapsed: 11s, ETA:    76s[>>>                        ] 1000/7824, 90.0 task/s, elapsed: 11s, ETA:    76s[>>>                        ] 1001/7824, 90.0 task/s, elapsed: 11s, ETA:    76s[>>>                        ] 1002/7824, 90.0 task/s, elapsed: 11s, ETA:    76s[>>>                        ] 1003/7824, 90.0 task/s, elapsed: 11s, ETA:    76s[>>>                        ] 1004/7824, 90.1 task/s, elapsed: 11s, ETA:    76s[>>>                        ] 1005/7824, 90.1 task/s, elapsed: 11s, ETA:    76s[>>>                        ] 1006/7824, 90.1 task/s, elapsed: 11s, ETA:    76s[>>>                        ] 1007/7824, 90.1 task/s, elapsed: 11s, ETA:    76s[>>>                        ] 1008/7824, 90.1 task/s, elapsed: 11s, ETA:    76s[>>>                        ] 1009/7824, 90.1 task/s, elapsed: 11s, ETA:    76s[>>>                        ] 1010/7824, 90.1 task/s, elapsed: 11s, ETA:    76s[>>>                        ] 1011/7824, 90.2 task/s, elapsed: 11s, ETA:    76s[>>>                        ] 1012/7824, 90.2 task/s, elapsed: 11s, ETA:    76s[>>>                        ] 1013/7824, 90.2 task/s, elapsed: 11s, ETA:    76s[>>>                        ] 1014/7824, 90.2 task/s, elapsed: 11s, ETA:    76s[>>>                        ] 1015/7824, 90.2 task/s, elapsed: 11s, ETA:    75s[>>>                        ] 1016/7824, 90.2 task/s, elapsed: 11s, ETA:    75s[>>>                        ] 1017/7824, 90.2 task/s, elapsed: 11s, ETA:    75s[>>>                        ] 1018/7824, 90.3 task/s, elapsed: 11s, ETA:    75s[>>>                        ] 1019/7824, 90.3 task/s, elapsed: 11s, ETA:    75s[>>>                        ] 1020/7824, 90.3 task/s, elapsed: 11s, ETA:    75s[>>>                        ] 1021/7824, 90.3 task/s, elapsed: 11s, ETA:    75s[>>>                        ] 1022/7824, 90.3 task/s, elapsed: 11s, ETA:    75s[>>>                        ] 1023/7824, 90.3 task/s, elapsed: 11s, ETA:    75s[>>>                        ] 1024/7824, 90.4 task/s, elapsed: 11s, ETA:    75s[>>>                        ] 1025/7824, 90.4 task/s, elapsed: 11s, ETA:    75s[>>>                        ] 1026/7824, 90.4 task/s, elapsed: 11s, ETA:    75s[>>>                        ] 1027/7824, 90.4 task/s, elapsed: 11s, ETA:    75s[>>>                        ] 1028/7824, 90.4 task/s, elapsed: 11s, ETA:    75s[>>>                        ] 1029/7824, 90.5 task/s, elapsed: 11s, ETA:    75s[>>>                        ] 1030/7824, 90.5 task/s, elapsed: 11s, ETA:    75s[>>>                        ] 1031/7824, 90.5 task/s, elapsed: 11s, ETA:    75s[>>>                        ] 1032/7824, 90.5 task/s, elapsed: 11s, ETA:    75s[>>>                        ] 1033/7824, 90.5 task/s, elapsed: 11s, ETA:    75s[>>>                        ] 1034/7824, 90.6 task/s, elapsed: 11s, ETA:    75s[>>>                        ] 1035/7824, 90.6 task/s, elapsed: 11s, ETA:    75s[>>>                        ] 1036/7824, 90.6 task/s, elapsed: 11s, ETA:    75s[>>>                        ] 1037/7824, 90.6 task/s, elapsed: 11s, ETA:    75s[>>>                        ] 1038/7824, 90.6 task/s, elapsed: 11s, ETA:    75s[>>>                        ] 1039/7824, 90.6 task/s, elapsed: 11s, ETA:    75s[>>>                        ] 1040/7824, 90.6 task/s, elapsed: 11s, ETA:    75s[>>>                        ] 1041/7824, 90.6 task/s, elapsed: 11s, ETA:    75s[>>>                        ] 1042/7824, 90.6 task/s, elapsed: 11s, ETA:    75s[>>>                        ] 1043/7824, 90.6 task/s, elapsed: 12s, ETA:    75s[>>>                        ] 1044/7824, 90.7 task/s, elapsed: 12s, ETA:    75s[>>>                        ] 1045/7824, 90.7 task/s, elapsed: 12s, ETA:    75s[>>>                        ] 1046/7824, 90.7 task/s, elapsed: 12s, ETA:    75s[>>>                        ] 1047/7824, 90.7 task/s, elapsed: 12s, ETA:    75s[>>>                        ] 1048/7824, 90.7 task/s, elapsed: 12s, ETA:    75s[>>>                        ] 1049/7824, 90.7 task/s, elapsed: 12s, ETA:    75s[>>>                        ] 1050/7824, 90.8 task/s, elapsed: 12s, ETA:    75s[>>>                        ] 1051/7824, 90.8 task/s, elapsed: 12s, ETA:    75s[>>>                        ] 1052/7824, 90.8 task/s, elapsed: 12s, ETA:    75s[>>>                        ] 1053/7824, 90.8 task/s, elapsed: 12s, ETA:    75s[>>>                        ] 1054/7824, 90.8 task/s, elapsed: 12s, ETA:    75s[>>>                        ] 1055/7824, 90.8 task/s, elapsed: 12s, ETA:    75s[>>>                        ] 1056/7824, 90.9 task/s, elapsed: 12s, ETA:    74s[>>>                        ] 1057/7824, 90.9 task/s, elapsed: 12s, ETA:    74s[>>>                        ] 1058/7824, 90.9 task/s, elapsed: 12s, ETA:    74s[>>>                        ] 1059/7824, 90.9 task/s, elapsed: 12s, ETA:    74s[>>>                        ] 1060/7824, 90.9 task/s, elapsed: 12s, ETA:    74s[>>>                        ] 1061/7824, 90.9 task/s, elapsed: 12s, ETA:    74s[>>>                        ] 1062/7824, 91.0 task/s, elapsed: 12s, ETA:    74s[>>>                        ] 1063/7824, 91.0 task/s, elapsed: 12s, ETA:    74s[>>>                        ] 1064/7824, 91.0 task/s, elapsed: 12s, ETA:    74s[>>>                        ] 1065/7824, 91.0 task/s, elapsed: 12s, ETA:    74s[>>>                        ] 1066/7824, 91.0 task/s, elapsed: 12s, ETA:    74s[>>>                        ] 1067/7824, 91.1 task/s, elapsed: 12s, ETA:    74s[>>>                        ] 1068/7824, 91.1 task/s, elapsed: 12s, ETA:    74s[>>>                        ] 1069/7824, 91.1 task/s, elapsed: 12s, ETA:    74s[>>>                        ] 1070/7824, 91.1 task/s, elapsed: 12s, ETA:    74s[>>>                        ] 1071/7824, 91.1 task/s, elapsed: 12s, ETA:    74s[>>>                        ] 1072/7824, 91.1 task/s, elapsed: 12s, ETA:    74s[>>>                        ] 1073/7824, 91.2 task/s, elapsed: 12s, ETA:    74s[>>>                        ] 1074/7824, 91.2 task/s, elapsed: 12s, ETA:    74s[>>>                        ] 1075/7824, 91.2 task/s, elapsed: 12s, ETA:    74s[>>>                        ] 1076/7824, 91.2 task/s, elapsed: 12s, ETA:    74s[>>>                        ] 1077/7824, 91.2 task/s, elapsed: 12s, ETA:    74s[>>>                        ] 1078/7824, 91.2 task/s, elapsed: 12s, ETA:    74s[>>>                        ] 1079/7824, 91.3 task/s, elapsed: 12s, ETA:    74s[>>>                        ] 1080/7824, 91.3 task/s, elapsed: 12s, ETA:    74s[>>>                        ] 1081/7824, 91.3 task/s, elapsed: 12s, ETA:    74s[>>>                        ] 1082/7824, 91.3 task/s, elapsed: 12s, ETA:    74s[>>>                        ] 1083/7824, 91.3 task/s, elapsed: 12s, ETA:    74s[>>>                        ] 1084/7824, 91.4 task/s, elapsed: 12s, ETA:    74s[>>>                        ] 1085/7824, 91.4 task/s, elapsed: 12s, ETA:    74s[>>>                        ] 1086/7824, 91.4 task/s, elapsed: 12s, ETA:    74s[>>>                        ] 1087/7824, 91.4 task/s, elapsed: 12s, ETA:    74s[>>>                        ] 1088/7824, 91.4 task/s, elapsed: 12s, ETA:    74s[>>>                        ] 1089/7824, 91.4 task/s, elapsed: 12s, ETA:    74s[>>>                        ] 1090/7824, 91.5 task/s, elapsed: 12s, ETA:    74s[>>>                        ] 1091/7824, 91.5 task/s, elapsed: 12s, ETA:    74s[>>>                        ] 1092/7824, 91.5 task/s, elapsed: 12s, ETA:    74s[>>>                        ] 1093/7824, 91.5 task/s, elapsed: 12s, ETA:    74s[>>>                        ] 1094/7824, 91.5 task/s, elapsed: 12s, ETA:    74s[>>>                        ] 1095/7824, 91.5 task/s, elapsed: 12s, ETA:    74s[>>>                        ] 1096/7824, 91.6 task/s, elapsed: 12s, ETA:    73s[>>>                        ] 1097/7824, 91.6 task/s, elapsed: 12s, ETA:    73s[>>>                        ] 1098/7824, 91.6 task/s, elapsed: 12s, ETA:    73s[>>>                        ] 1099/7824, 91.6 task/s, elapsed: 12s, ETA:    73s[>>>                        ] 1100/7824, 91.6 task/s, elapsed: 12s, ETA:    73s[>>>                        ] 1101/7824, 91.6 task/s, elapsed: 12s, ETA:    73s[>>>                        ] 1102/7824, 91.7 task/s, elapsed: 12s, ETA:    73s[>>>                        ] 1103/7824, 91.7 task/s, elapsed: 12s, ETA:    73s[>>>                        ] 1104/7824, 91.7 task/s, elapsed: 12s, ETA:    73s[>>>                        ] 1105/7824, 91.7 task/s, elapsed: 12s, ETA:    73s[>>>                        ] 1106/7824, 91.7 task/s, elapsed: 12s, ETA:    73s[>>>                        ] 1107/7824, 91.7 task/s, elapsed: 12s, ETA:    73s[>>>                        ] 1108/7824, 91.7 task/s, elapsed: 12s, ETA:    73s[>>>                        ] 1109/7824, 91.7 task/s, elapsed: 12s, ETA:    73s[>>>                        ] 1110/7824, 91.8 task/s, elapsed: 12s, ETA:    73s[>>>                        ] 1111/7824, 91.8 task/s, elapsed: 12s, ETA:    73s[>>>                        ] 1112/7824, 91.8 task/s, elapsed: 12s, ETA:    73s[>>>                        ] 1113/7824, 91.8 task/s, elapsed: 12s, ETA:    73s[>>>                        ] 1114/7824, 91.8 task/s, elapsed: 12s, ETA:    73s[>>>                        ] 1115/7824, 91.8 task/s, elapsed: 12s, ETA:    73s[>>>                        ] 1116/7824, 91.8 task/s, elapsed: 12s, ETA:    73s[>>>                        ] 1117/7824, 91.8 task/s, elapsed: 12s, ETA:    73s[>>>                        ] 1118/7824, 91.8 task/s, elapsed: 12s, ETA:    73s[>>>                        ] 1119/7824, 91.9 task/s, elapsed: 12s, ETA:    73s[>>>                        ] 1120/7824, 91.9 task/s, elapsed: 12s, ETA:    73s[>>>                        ] 1121/7824, 91.9 task/s, elapsed: 12s, ETA:    73s[>>>                        ] 1122/7824, 91.9 task/s, elapsed: 12s, ETA:    73s[>>>                        ] 1123/7824, 91.9 task/s, elapsed: 12s, ETA:    73s[>>>                        ] 1124/7824, 91.9 task/s, elapsed: 12s, ETA:    73s[>>>                        ] 1125/7824, 91.9 task/s, elapsed: 12s, ETA:    73s[>>>                        ] 1126/7824, 91.9 task/s, elapsed: 12s, ETA:    73s[>>>                        ] 1127/7824, 91.9 task/s, elapsed: 12s, ETA:    73s[>>>                        ] 1128/7824, 92.0 task/s, elapsed: 12s, ETA:    73s[>>>                        ] 1129/7824, 92.0 task/s, elapsed: 12s, ETA:    73s[>>>                        ] 1130/7824, 92.0 task/s, elapsed: 12s, ETA:    73s[>>>                        ] 1131/7824, 92.0 task/s, elapsed: 12s, ETA:    73s[>>>                        ] 1132/7824, 92.0 task/s, elapsed: 12s, ETA:    73s[>>>                        ] 1133/7824, 92.0 task/s, elapsed: 12s, ETA:    73s[>>>                        ] 1134/7824, 92.0 task/s, elapsed: 12s, ETA:    73s[>>>                        ] 1135/7824, 92.1 task/s, elapsed: 12s, ETA:    73s[>>>                        ] 1136/7824, 92.1 task/s, elapsed: 12s, ETA:    73s[>>>                        ] 1137/7824, 92.1 task/s, elapsed: 12s, ETA:    73s[>>>                        ] 1138/7824, 92.1 task/s, elapsed: 12s, ETA:    73s[>>>                        ] 1139/7824, 92.1 task/s, elapsed: 12s, ETA:    73s[>>>                        ] 1140/7824, 92.1 task/s, elapsed: 12s, ETA:    73s[>>>                        ] 1141/7824, 92.2 task/s, elapsed: 12s, ETA:    73s[>>>                        ] 1142/7824, 92.2 task/s, elapsed: 12s, ETA:    72s[>>>                        ] 1143/7824, 92.2 task/s, elapsed: 12s, ETA:    72s[>>>                        ] 1144/7824, 92.2 task/s, elapsed: 12s, ETA:    72s[>>>                        ] 1145/7824, 92.2 task/s, elapsed: 12s, ETA:    72s[>>>                        ] 1146/7824, 92.2 task/s, elapsed: 12s, ETA:    72s[>>>                        ] 1147/7824, 92.3 task/s, elapsed: 12s, ETA:    72s[>>>                        ] 1148/7824, 92.3 task/s, elapsed: 12s, ETA:    72s[>>>                        ] 1149/7824, 92.3 task/s, elapsed: 12s, ETA:    72s[>>>                        ] 1150/7824, 92.3 task/s, elapsed: 12s, ETA:    72s[>>>                        ] 1151/7824, 92.3 task/s, elapsed: 12s, ETA:    72s[>>>                        ] 1152/7824, 92.3 task/s, elapsed: 12s, ETA:    72s[>>>                        ] 1153/7824, 92.3 task/s, elapsed: 12s, ETA:    72s[>>>                        ] 1154/7824, 92.4 task/s, elapsed: 12s, ETA:    72s[>>>                        ] 1155/7824, 92.4 task/s, elapsed: 13s, ETA:    72s[>>>                        ] 1156/7824, 92.4 task/s, elapsed: 13s, ETA:    72s[>>>                        ] 1157/7824, 92.4 task/s, elapsed: 13s, ETA:    72s[>>>                        ] 1158/7824, 92.4 task/s, elapsed: 13s, ETA:    72s[>>>                        ] 1159/7824, 92.4 task/s, elapsed: 13s, ETA:    72s[>>>>                       ] 1160/7824, 92.5 task/s, elapsed: 13s, ETA:    72s[>>>>                       ] 1161/7824, 92.5 task/s, elapsed: 13s, ETA:    72s[>>>>                       ] 1162/7824, 92.5 task/s, elapsed: 13s, ETA:    72s[>>>>                       ] 1163/7824, 92.5 task/s, elapsed: 13s, ETA:    72s[>>>>                       ] 1164/7824, 92.5 task/s, elapsed: 13s, ETA:    72s[>>>>                       ] 1165/7824, 92.5 task/s, elapsed: 13s, ETA:    72s[>>>>                       ] 1166/7824, 92.5 task/s, elapsed: 13s, ETA:    72s[>>>>                       ] 1167/7824, 92.6 task/s, elapsed: 13s, ETA:    72s[>>>>                       ] 1168/7824, 92.6 task/s, elapsed: 13s, ETA:    72s[>>>>                       ] 1169/7824, 92.6 task/s, elapsed: 13s, ETA:    72s[>>>>                       ] 1170/7824, 92.6 task/s, elapsed: 13s, ETA:    72s[>>>>                       ] 1171/7824, 92.6 task/s, elapsed: 13s, ETA:    72s[>>>>                       ] 1172/7824, 92.6 task/s, elapsed: 13s, ETA:    72s[>>>>                       ] 1173/7824, 92.7 task/s, elapsed: 13s, ETA:    72s[>>>>                       ] 1174/7824, 92.7 task/s, elapsed: 13s, ETA:    72s[>>>>                       ] 1175/7824, 92.7 task/s, elapsed: 13s, ETA:    72s[>>>>                       ] 1176/7824, 92.7 task/s, elapsed: 13s, ETA:    72s[>>>>                       ] 1177/7824, 92.7 task/s, elapsed: 13s, ETA:    72s[>>>>                       ] 1178/7824, 92.7 task/s, elapsed: 13s, ETA:    72s[>>>>                       ] 1179/7824, 92.7 task/s, elapsed: 13s, ETA:    72s[>>>>                       ] 1180/7824, 92.7 task/s, elapsed: 13s, ETA:    72s[>>>>                       ] 1181/7824, 92.8 task/s, elapsed: 13s, ETA:    72s[>>>>                       ] 1182/7824, 92.8 task/s, elapsed: 13s, ETA:    72s[>>>>                       ] 1183/7824, 92.8 task/s, elapsed: 13s, ETA:    72s[>>>>                       ] 1184/7824, 92.8 task/s, elapsed: 13s, ETA:    72s[>>>>                       ] 1185/7824, 92.8 task/s, elapsed: 13s, ETA:    72s[>>>>                       ] 1186/7824, 92.8 task/s, elapsed: 13s, ETA:    72s[>>>>                       ] 1187/7824, 92.8 task/s, elapsed: 13s, ETA:    71s[>>>>                       ] 1188/7824, 92.8 task/s, elapsed: 13s, ETA:    71s[>>>>                       ] 1189/7824, 92.9 task/s, elapsed: 13s, ETA:    71s[>>>>                       ] 1190/7824, 92.9 task/s, elapsed: 13s, ETA:    71s[>>>>                       ] 1191/7824, 92.9 task/s, elapsed: 13s, ETA:    71s[>>>>                       ] 1192/7824, 92.9 task/s, elapsed: 13s, ETA:    71s[>>>>                       ] 1193/7824, 92.9 task/s, elapsed: 13s, ETA:    71s[>>>>                       ] 1194/7824, 92.9 task/s, elapsed: 13s, ETA:    71s[>>>>                       ] 1195/7824, 92.9 task/s, elapsed: 13s, ETA:    71s[>>>>                       ] 1196/7824, 92.9 task/s, elapsed: 13s, ETA:    71s[>>>>                       ] 1197/7824, 93.0 task/s, elapsed: 13s, ETA:    71s[>>>>                       ] 1198/7824, 93.0 task/s, elapsed: 13s, ETA:    71s[>>>>                       ] 1199/7824, 93.0 task/s, elapsed: 13s, ETA:    71s[>>>>                       ] 1200/7824, 93.0 task/s, elapsed: 13s, ETA:    71s[>>>>                       ] 1201/7824, 93.0 task/s, elapsed: 13s, ETA:    71s[>>>>                       ] 1202/7824, 93.0 task/s, elapsed: 13s, ETA:    71s[>>>>                       ] 1203/7824, 93.1 task/s, elapsed: 13s, ETA:    71s[>>>>                       ] 1204/7824, 93.1 task/s, elapsed: 13s, ETA:    71s[>>>>                       ] 1205/7824, 93.1 task/s, elapsed: 13s, ETA:    71s[>>>>                       ] 1206/7824, 93.1 task/s, elapsed: 13s, ETA:    71s[>>>>                       ] 1207/7824, 93.1 task/s, elapsed: 13s, ETA:    71s[>>>>                       ] 1208/7824, 93.1 task/s, elapsed: 13s, ETA:    71s[>>>>                       ] 1209/7824, 93.1 task/s, elapsed: 13s, ETA:    71s[>>>>                       ] 1210/7824, 93.2 task/s, elapsed: 13s, ETA:    71s[>>>>                       ] 1211/7824, 93.2 task/s, elapsed: 13s, ETA:    71s[>>>>                       ] 1212/7824, 93.2 task/s, elapsed: 13s, ETA:    71s[>>>>                       ] 1213/7824, 93.2 task/s, elapsed: 13s, ETA:    71s[>>>>                       ] 1214/7824, 93.2 task/s, elapsed: 13s, ETA:    71s[>>>>                       ] 1215/7824, 93.2 task/s, elapsed: 13s, ETA:    71s[>>>>                       ] 1216/7824, 93.2 task/s, elapsed: 13s, ETA:    71s[>>>>                       ] 1217/7824, 93.3 task/s, elapsed: 13s, ETA:    71s[>>>>                       ] 1218/7824, 93.3 task/s, elapsed: 13s, ETA:    71s[>>>>                       ] 1219/7824, 93.3 task/s, elapsed: 13s, ETA:    71s[>>>>                       ] 1220/7824, 93.3 task/s, elapsed: 13s, ETA:    71s[>>>>                       ] 1221/7824, 93.3 task/s, elapsed: 13s, ETA:    71s[>>>>                       ] 1222/7824, 93.3 task/s, elapsed: 13s, ETA:    71s[>>>>                       ] 1223/7824, 93.3 task/s, elapsed: 13s, ETA:    71s[>>>>                       ] 1224/7824, 93.4 task/s, elapsed: 13s, ETA:    71s[>>>>                       ] 1225/7824, 93.4 task/s, elapsed: 13s, ETA:    71s[>>>>                       ] 1226/7824, 93.4 task/s, elapsed: 13s, ETA:    71s[>>>>                       ] 1227/7824, 93.4 task/s, elapsed: 13s, ETA:    71s[>>>>                       ] 1228/7824, 93.4 task/s, elapsed: 13s, ETA:    71s[>>>>                       ] 1229/7824, 93.4 task/s, elapsed: 13s, ETA:    71s[>>>>                       ] 1230/7824, 93.4 task/s, elapsed: 13s, ETA:    71s[>>>>                       ] 1231/7824, 93.5 task/s, elapsed: 13s, ETA:    71s[>>>>                       ] 1232/7824, 93.5 task/s, elapsed: 13s, ETA:    71s[>>>>                       ] 1233/7824, 93.5 task/s, elapsed: 13s, ETA:    71s[>>>>                       ] 1234/7824, 93.5 task/s, elapsed: 13s, ETA:    70s[>>>>                       ] 1235/7824, 93.5 task/s, elapsed: 13s, ETA:    70s[>>>>                       ] 1236/7824, 93.5 task/s, elapsed: 13s, ETA:    70s[>>>>                       ] 1237/7824, 93.5 task/s, elapsed: 13s, ETA:    70s[>>>>                       ] 1238/7824, 93.5 task/s, elapsed: 13s, ETA:    70s[>>>>                       ] 1239/7824, 93.6 task/s, elapsed: 13s, ETA:    70s[>>>>                       ] 1240/7824, 93.6 task/s, elapsed: 13s, ETA:    70s[>>>>                       ] 1241/7824, 93.6 task/s, elapsed: 13s, ETA:    70s[>>>>                       ] 1242/7824, 93.6 task/s, elapsed: 13s, ETA:    70s[>>>>                       ] 1243/7824, 93.6 task/s, elapsed: 13s, ETA:    70s[>>>>                       ] 1244/7824, 93.6 task/s, elapsed: 13s, ETA:    70s[>>>>                       ] 1245/7824, 93.6 task/s, elapsed: 13s, ETA:    70s[>>>>                       ] 1246/7824, 93.6 task/s, elapsed: 13s, ETA:    70s[>>>>                       ] 1247/7824, 93.6 task/s, elapsed: 13s, ETA:    70s[>>>>                       ] 1248/7824, 93.6 task/s, elapsed: 13s, ETA:    70s[>>>>                       ] 1249/7824, 93.7 task/s, elapsed: 13s, ETA:    70s[>>>>                       ] 1250/7824, 93.7 task/s, elapsed: 13s, ETA:    70s[>>>>                       ] 1251/7824, 93.7 task/s, elapsed: 13s, ETA:    70s[>>>>                       ] 1252/7824, 93.7 task/s, elapsed: 13s, ETA:    70s[>>>>                       ] 1253/7824, 93.7 task/s, elapsed: 13s, ETA:    70s[>>>>                       ] 1254/7824, 93.7 task/s, elapsed: 13s, ETA:    70s[>>>>                       ] 1255/7824, 93.7 task/s, elapsed: 13s, ETA:    70s[>>>>                       ] 1256/7824, 93.7 task/s, elapsed: 13s, ETA:    70s[>>>>                       ] 1257/7824, 93.7 task/s, elapsed: 13s, ETA:    70s[>>>>                       ] 1258/7824, 93.7 task/s, elapsed: 13s, ETA:    70s[>>>>                       ] 1259/7824, 93.7 task/s, elapsed: 13s, ETA:    70s[>>>>                       ] 1260/7824, 93.8 task/s, elapsed: 13s, ETA:    70s[>>>>                       ] 1261/7824, 93.8 task/s, elapsed: 13s, ETA:    70s[>>>>                       ] 1262/7824, 93.8 task/s, elapsed: 13s, ETA:    70s[>>>>                       ] 1263/7824, 93.8 task/s, elapsed: 13s, ETA:    70s[>>>>                       ] 1264/7824, 93.8 task/s, elapsed: 13s, ETA:    70s[>>>>                       ] 1265/7824, 93.8 task/s, elapsed: 13s, ETA:    70s[>>>>                       ] 1266/7824, 93.8 task/s, elapsed: 13s, ETA:    70s[>>>>                       ] 1267/7824, 93.8 task/s, elapsed: 14s, ETA:    70s[>>>>                       ] 1268/7824, 93.9 task/s, elapsed: 14s, ETA:    70s[>>>>                       ] 1269/7824, 93.9 task/s, elapsed: 14s, ETA:    70s[>>>>                       ] 1270/7824, 93.9 task/s, elapsed: 14s, ETA:    70s[>>>>                       ] 1271/7824, 93.9 task/s, elapsed: 14s, ETA:    70s[>>>>                       ] 1272/7824, 93.9 task/s, elapsed: 14s, ETA:    70s[>>>>                       ] 1273/7824, 93.9 task/s, elapsed: 14s, ETA:    70s[>>>>                       ] 1274/7824, 93.9 task/s, elapsed: 14s, ETA:    70s[>>>>                       ] 1275/7824, 94.0 task/s, elapsed: 14s, ETA:    70s[>>>>                       ] 1276/7824, 94.0 task/s, elapsed: 14s, ETA:    70s[>>>>                       ] 1277/7824, 94.0 task/s, elapsed: 14s, ETA:    70s[>>>>                       ] 1278/7824, 94.0 task/s, elapsed: 14s, ETA:    70s[>>>>                       ] 1279/7824, 94.0 task/s, elapsed: 14s, ETA:    70s[>>>>                       ] 1280/7824, 94.0 task/s, elapsed: 14s, ETA:    70s[>>>>                       ] 1281/7824, 94.0 task/s, elapsed: 14s, ETA:    70s[>>>>                       ] 1282/7824, 94.0 task/s, elapsed: 14s, ETA:    70s[>>>>                       ] 1283/7824, 94.1 task/s, elapsed: 14s, ETA:    70s[>>>>                       ] 1284/7824, 94.1 task/s, elapsed: 14s, ETA:    70s[>>>>                       ] 1285/7824, 94.1 task/s, elapsed: 14s, ETA:    69s[>>>>                       ] 1286/7824, 94.1 task/s, elapsed: 14s, ETA:    69s[>>>>                       ] 1287/7824, 94.1 task/s, elapsed: 14s, ETA:    69s[>>>>                       ] 1288/7824, 94.1 task/s, elapsed: 14s, ETA:    69s[>>>>                       ] 1289/7824, 94.1 task/s, elapsed: 14s, ETA:    69s[>>>>                       ] 1290/7824, 94.1 task/s, elapsed: 14s, ETA:    69s[>>>>                       ] 1291/7824, 94.2 task/s, elapsed: 14s, ETA:    69s[>>>>                       ] 1292/7824, 94.2 task/s, elapsed: 14s, ETA:    69s[>>>>                       ] 1293/7824, 94.2 task/s, elapsed: 14s, ETA:    69s[>>>>                       ] 1294/7824, 94.2 task/s, elapsed: 14s, ETA:    69s[>>>>                       ] 1295/7824, 94.2 task/s, elapsed: 14s, ETA:    69s[>>>>                       ] 1296/7824, 94.2 task/s, elapsed: 14s, ETA:    69s[>>>>                       ] 1297/7824, 94.2 task/s, elapsed: 14s, ETA:    69s[>>>>                       ] 1298/7824, 94.3 task/s, elapsed: 14s, ETA:    69s[>>>>                       ] 1299/7824, 94.3 task/s, elapsed: 14s, ETA:    69s[>>>>                       ] 1300/7824, 94.3 task/s, elapsed: 14s, ETA:    69s[>>>>                       ] 1301/7824, 94.3 task/s, elapsed: 14s, ETA:    69s[>>>>                       ] 1302/7824, 94.3 task/s, elapsed: 14s, ETA:    69s[>>>>                       ] 1303/7824, 94.3 task/s, elapsed: 14s, ETA:    69s[>>>>                       ] 1304/7824, 94.3 task/s, elapsed: 14s, ETA:    69s[>>>>                       ] 1305/7824, 94.3 task/s, elapsed: 14s, ETA:    69s[>>>>                       ] 1306/7824, 94.4 task/s, elapsed: 14s, ETA:    69s[>>>>                       ] 1307/7824, 94.4 task/s, elapsed: 14s, ETA:    69s[>>>>                       ] 1308/7824, 94.4 task/s, elapsed: 14s, ETA:    69s[>>>>                       ] 1309/7824, 94.4 task/s, elapsed: 14s, ETA:    69s[>>>>                       ] 1310/7824, 94.4 task/s, elapsed: 14s, ETA:    69s[>>>>                       ] 1311/7824, 94.4 task/s, elapsed: 14s, ETA:    69s[>>>>                       ] 1312/7824, 94.4 task/s, elapsed: 14s, ETA:    69s[>>>>                       ] 1313/7824, 94.4 task/s, elapsed: 14s, ETA:    69s[>>>>                       ] 1314/7824, 94.5 task/s, elapsed: 14s, ETA:    69s[>>>>                       ] 1315/7824, 94.5 task/s, elapsed: 14s, ETA:    69s[>>>>                       ] 1316/7824, 94.5 task/s, elapsed: 14s, ETA:    69s[>>>>                       ] 1317/7824, 94.5 task/s, elapsed: 14s, ETA:    69s[>>>>                       ] 1318/7824, 94.5 task/s, elapsed: 14s, ETA:    69s[>>>>                       ] 1319/7824, 94.5 task/s, elapsed: 14s, ETA:    69s[>>>>                       ] 1320/7824, 94.5 task/s, elapsed: 14s, ETA:    69s[>>>>                       ] 1321/7824, 94.5 task/s, elapsed: 14s, ETA:    69s[>>>>                       ] 1322/7824, 94.5 task/s, elapsed: 14s, ETA:    69s[>>>>                       ] 1323/7824, 94.5 task/s, elapsed: 14s, ETA:    69s[>>>>                       ] 1324/7824, 94.6 task/s, elapsed: 14s, ETA:    69s[>>>>                       ] 1325/7824, 94.6 task/s, elapsed: 14s, ETA:    69s[>>>>                       ] 1326/7824, 94.6 task/s, elapsed: 14s, ETA:    69s[>>>>                       ] 1327/7824, 94.6 task/s, elapsed: 14s, ETA:    69s[>>>>                       ] 1328/7824, 94.6 task/s, elapsed: 14s, ETA:    69s[>>>>                       ] 1329/7824, 94.6 task/s, elapsed: 14s, ETA:    69s[>>>>                       ] 1330/7824, 94.6 task/s, elapsed: 14s, ETA:    69s[>>>>                       ] 1331/7824, 94.6 task/s, elapsed: 14s, ETA:    69s[>>>>                       ] 1332/7824, 94.6 task/s, elapsed: 14s, ETA:    69s[>>>>                       ] 1333/7824, 94.6 task/s, elapsed: 14s, ETA:    69s[>>>>                       ] 1334/7824, 94.7 task/s, elapsed: 14s, ETA:    69s[>>>>                       ] 1335/7824, 94.7 task/s, elapsed: 14s, ETA:    69s[>>>>                       ] 1336/7824, 94.7 task/s, elapsed: 14s, ETA:    69s[>>>>                       ] 1337/7824, 94.7 task/s, elapsed: 14s, ETA:    69s[>>>>                       ] 1338/7824, 94.7 task/s, elapsed: 14s, ETA:    68s[>>>>                       ] 1339/7824, 94.7 task/s, elapsed: 14s, ETA:    68s[>>>>                       ] 1340/7824, 94.7 task/s, elapsed: 14s, ETA:    68s[>>>>                       ] 1341/7824, 94.7 task/s, elapsed: 14s, ETA:    68s[>>>>                       ] 1342/7824, 94.8 task/s, elapsed: 14s, ETA:    68s[>>>>                       ] 1343/7824, 94.8 task/s, elapsed: 14s, ETA:    68s[>>>>                       ] 1344/7824, 94.8 task/s, elapsed: 14s, ETA:    68s[>>>>                       ] 1345/7824, 94.8 task/s, elapsed: 14s, ETA:    68s[>>>>                       ] 1346/7824, 94.8 task/s, elapsed: 14s, ETA:    68s[>>>>                       ] 1347/7824, 94.8 task/s, elapsed: 14s, ETA:    68s[>>>>                       ] 1348/7824, 94.8 task/s, elapsed: 14s, ETA:    68s[>>>>                       ] 1349/7824, 94.8 task/s, elapsed: 14s, ETA:    68s[>>>>                       ] 1350/7824, 94.8 task/s, elapsed: 14s, ETA:    68s[>>>>                       ] 1351/7824, 94.8 task/s, elapsed: 14s, ETA:    68s[>>>>                       ] 1352/7824, 94.9 task/s, elapsed: 14s, ETA:    68s[>>>>                       ] 1353/7824, 94.9 task/s, elapsed: 14s, ETA:    68s[>>>>                       ] 1354/7824, 94.9 task/s, elapsed: 14s, ETA:    68s[>>>>                       ] 1355/7824, 94.9 task/s, elapsed: 14s, ETA:    68s[>>>>                       ] 1356/7824, 94.9 task/s, elapsed: 14s, ETA:    68s[>>>>                       ] 1357/7824, 94.9 task/s, elapsed: 14s, ETA:    68s[>>>>                       ] 1358/7824, 94.9 task/s, elapsed: 14s, ETA:    68s[>>>>                       ] 1359/7824, 94.9 task/s, elapsed: 14s, ETA:    68s[>>>>                       ] 1360/7824, 94.9 task/s, elapsed: 14s, ETA:    68s[>>>>                       ] 1361/7824, 94.9 task/s, elapsed: 14s, ETA:    68s[>>>>                       ] 1362/7824, 94.9 task/s, elapsed: 14s, ETA:    68s[>>>>                       ] 1363/7824, 94.9 task/s, elapsed: 14s, ETA:    68s[>>>>                       ] 1364/7824, 95.0 task/s, elapsed: 14s, ETA:    68s[>>>>                       ] 1365/7824, 95.0 task/s, elapsed: 14s, ETA:    68s[>>>>                       ] 1366/7824, 95.0 task/s, elapsed: 14s, ETA:    68s[>>>>                       ] 1367/7824, 95.0 task/s, elapsed: 14s, ETA:    68s[>>>>                       ] 1368/7824, 95.0 task/s, elapsed: 14s, ETA:    68s[>>>>                       ] 1369/7824, 95.0 task/s, elapsed: 14s, ETA:    68s[>>>>                       ] 1370/7824, 95.0 task/s, elapsed: 14s, ETA:    68s[>>>>                       ] 1371/7824, 95.0 task/s, elapsed: 14s, ETA:    68s[>>>>                       ] 1372/7824, 95.0 task/s, elapsed: 14s, ETA:    68s[>>>>                       ] 1373/7824, 95.1 task/s, elapsed: 14s, ETA:    68s[>>>>                       ] 1374/7824, 95.1 task/s, elapsed: 14s, ETA:    68s[>>>>                       ] 1375/7824, 95.1 task/s, elapsed: 14s, ETA:    68s[>>>>                       ] 1376/7824, 95.1 task/s, elapsed: 14s, ETA:    68s[>>>>                       ] 1377/7824, 95.1 task/s, elapsed: 14s, ETA:    68s[>>>>                       ] 1378/7824, 95.1 task/s, elapsed: 14s, ETA:    68s[>>>>                       ] 1379/7824, 95.1 task/s, elapsed: 14s, ETA:    68s[>>>>                       ] 1380/7824, 95.1 task/s, elapsed: 15s, ETA:    68s[>>>>                       ] 1381/7824, 95.1 task/s, elapsed: 15s, ETA:    68s[>>>>                       ] 1382/7824, 95.2 task/s, elapsed: 15s, ETA:    68s[>>>>                       ] 1383/7824, 95.2 task/s, elapsed: 15s, ETA:    68s[>>>>                       ] 1384/7824, 95.2 task/s, elapsed: 15s, ETA:    68s[>>>>                       ] 1385/7824, 95.2 task/s, elapsed: 15s, ETA:    68s[>>>>                       ] 1386/7824, 95.2 task/s, elapsed: 15s, ETA:    68s[>>>>                       ] 1387/7824, 95.2 task/s, elapsed: 15s, ETA:    68s[>>>>                       ] 1388/7824, 95.2 task/s, elapsed: 15s, ETA:    68s[>>>>                       ] 1389/7824, 95.2 task/s, elapsed: 15s, ETA:    68s[>>>>                       ] 1390/7824, 95.2 task/s, elapsed: 15s, ETA:    68s[>>>>                       ] 1391/7824, 95.2 task/s, elapsed: 15s, ETA:    68s[>>>>                       ] 1392/7824, 95.3 task/s, elapsed: 15s, ETA:    68s[>>>>                       ] 1393/7824, 95.3 task/s, elapsed: 15s, ETA:    68s[>>>>                       ] 1394/7824, 95.3 task/s, elapsed: 15s, ETA:    67s[>>>>                       ] 1395/7824, 95.3 task/s, elapsed: 15s, ETA:    67s[>>>>                       ] 1396/7824, 95.3 task/s, elapsed: 15s, ETA:    67s[>>>>                       ] 1397/7824, 95.3 task/s, elapsed: 15s, ETA:    67s[>>>>                       ] 1398/7824, 95.3 task/s, elapsed: 15s, ETA:    67s[>>>>                       ] 1399/7824, 95.3 task/s, elapsed: 15s, ETA:    67s[>>>>                       ] 1400/7824, 95.3 task/s, elapsed: 15s, ETA:    67s[>>>>                       ] 1401/7824, 95.4 task/s, elapsed: 15s, ETA:    67s[>>>>                       ] 1402/7824, 95.4 task/s, elapsed: 15s, ETA:    67s[>>>>                       ] 1403/7824, 95.4 task/s, elapsed: 15s, ETA:    67s[>>>>                       ] 1404/7824, 95.4 task/s, elapsed: 15s, ETA:    67s[>>>>                       ] 1405/7824, 95.4 task/s, elapsed: 15s, ETA:    67s[>>>>                       ] 1406/7824, 95.4 task/s, elapsed: 15s, ETA:    67s[>>>>                       ] 1407/7824, 95.4 task/s, elapsed: 15s, ETA:    67s[>>>>                       ] 1408/7824, 95.4 task/s, elapsed: 15s, ETA:    67s[>>>>                       ] 1409/7824, 95.4 task/s, elapsed: 15s, ETA:    67s[>>>>                       ] 1410/7824, 95.5 task/s, elapsed: 15s, ETA:    67s[>>>>                       ] 1411/7824, 95.5 task/s, elapsed: 15s, ETA:    67s[>>>>                       ] 1412/7824, 95.5 task/s, elapsed: 15s, ETA:    67s[>>>>                       ] 1413/7824, 95.5 task/s, elapsed: 15s, ETA:    67s[>>>>                       ] 1414/7824, 95.5 task/s, elapsed: 15s, ETA:    67s[>>>>                       ] 1415/7824, 95.5 task/s, elapsed: 15s, ETA:    67s[>>>>                       ] 1416/7824, 95.5 task/s, elapsed: 15s, ETA:    67s[>>>>                       ] 1417/7824, 95.5 task/s, elapsed: 15s, ETA:    67s[>>>>                       ] 1418/7824, 95.6 task/s, elapsed: 15s, ETA:    67s[>>>>                       ] 1419/7824, 95.6 task/s, elapsed: 15s, ETA:    67s[>>>>                       ] 1420/7824, 95.6 task/s, elapsed: 15s, ETA:    67s[>>>>                       ] 1421/7824, 95.6 task/s, elapsed: 15s, ETA:    67s[>>>>                       ] 1422/7824, 95.6 task/s, elapsed: 15s, ETA:    67s[>>>>                       ] 1423/7824, 95.6 task/s, elapsed: 15s, ETA:    67s[>>>>                       ] 1424/7824, 95.6 task/s, elapsed: 15s, ETA:    67s[>>>>                       ] 1425/7824, 95.6 task/s, elapsed: 15s, ETA:    67s[>>>>                       ] 1426/7824, 95.6 task/s, elapsed: 15s, ETA:    67s[>>>>                       ] 1427/7824, 95.7 task/s, elapsed: 15s, ETA:    67s[>>>>                       ] 1428/7824, 95.7 task/s, elapsed: 15s, ETA:    67s[>>>>                       ] 1429/7824, 95.7 task/s, elapsed: 15s, ETA:    67s[>>>>                       ] 1430/7824, 95.7 task/s, elapsed: 15s, ETA:    67s[>>>>                       ] 1431/7824, 95.7 task/s, elapsed: 15s, ETA:    67s[>>>>                       ] 1432/7824, 95.7 task/s, elapsed: 15s, ETA:    67s[>>>>                       ] 1433/7824, 95.7 task/s, elapsed: 15s, ETA:    67s[>>>>                       ] 1434/7824, 95.7 task/s, elapsed: 15s, ETA:    67s[>>>>                       ] 1435/7824, 95.7 task/s, elapsed: 15s, ETA:    67s[>>>>                       ] 1436/7824, 95.8 task/s, elapsed: 15s, ETA:    67s[>>>>                       ] 1437/7824, 95.8 task/s, elapsed: 15s, ETA:    67s[>>>>                       ] 1438/7824, 95.8 task/s, elapsed: 15s, ETA:    67s[>>>>                       ] 1439/7824, 95.8 task/s, elapsed: 15s, ETA:    67s[>>>>                       ] 1440/7824, 95.8 task/s, elapsed: 15s, ETA:    67s[>>>>                       ] 1441/7824, 95.8 task/s, elapsed: 15s, ETA:    67s[>>>>                       ] 1442/7824, 95.8 task/s, elapsed: 15s, ETA:    67s[>>>>                       ] 1443/7824, 95.8 task/s, elapsed: 15s, ETA:    67s[>>>>                       ] 1444/7824, 95.8 task/s, elapsed: 15s, ETA:    67s[>>>>                       ] 1445/7824, 95.9 task/s, elapsed: 15s, ETA:    67s[>>>>                       ] 1446/7824, 95.9 task/s, elapsed: 15s, ETA:    67s[>>>>                       ] 1447/7824, 95.9 task/s, elapsed: 15s, ETA:    67s[>>>>                       ] 1448/7824, 95.9 task/s, elapsed: 15s, ETA:    66s[>>>>>                      ] 1449/7824, 95.9 task/s, elapsed: 15s, ETA:    66s[>>>>>                      ] 1450/7824, 95.9 task/s, elapsed: 15s, ETA:    66s[>>>>>                      ] 1451/7824, 95.9 task/s, elapsed: 15s, ETA:    66s[>>>>>                      ] 1452/7824, 95.9 task/s, elapsed: 15s, ETA:    66s[>>>>>                      ] 1453/7824, 95.9 task/s, elapsed: 15s, ETA:    66s[>>>>>                      ] 1454/7824, 95.9 task/s, elapsed: 15s, ETA:    66s[>>>>>                      ] 1455/7824, 96.0 task/s, elapsed: 15s, ETA:    66s[>>>>>                      ] 1456/7824, 96.0 task/s, elapsed: 15s, ETA:    66s[>>>>>                      ] 1457/7824, 96.0 task/s, elapsed: 15s, ETA:    66s[>>>>>                      ] 1458/7824, 96.0 task/s, elapsed: 15s, ETA:    66s[>>>>>                      ] 1459/7824, 96.0 task/s, elapsed: 15s, ETA:    66s[>>>>>                      ] 1460/7824, 96.0 task/s, elapsed: 15s, ETA:    66s[>>>>>                      ] 1461/7824, 96.0 task/s, elapsed: 15s, ETA:    66s[>>>>>                      ] 1462/7824, 96.0 task/s, elapsed: 15s, ETA:    66s[>>>>>                      ] 1463/7824, 96.0 task/s, elapsed: 15s, ETA:    66s[>>>>>                      ] 1464/7824, 96.0 task/s, elapsed: 15s, ETA:    66s[>>>>>                      ] 1465/7824, 96.0 task/s, elapsed: 15s, ETA:    66s[>>>>>                      ] 1466/7824, 96.0 task/s, elapsed: 15s, ETA:    66s[>>>>>                      ] 1467/7824, 96.0 task/s, elapsed: 15s, ETA:    66s[>>>>>                      ] 1468/7824, 96.0 task/s, elapsed: 15s, ETA:    66s[>>>>>                      ] 1469/7824, 96.0 task/s, elapsed: 15s, ETA:    66s[>>>>>                      ] 1470/7824, 96.1 task/s, elapsed: 15s, ETA:    66s[>>>>>                      ] 1471/7824, 96.1 task/s, elapsed: 15s, ETA:    66s[>>>>>                      ] 1472/7824, 96.1 task/s, elapsed: 15s, ETA:    66s[>>>>>                      ] 1473/7824, 96.1 task/s, elapsed: 15s, ETA:    66s[>>>>>                      ] 1474/7824, 96.1 task/s, elapsed: 15s, ETA:    66s[>>>>>                      ] 1475/7824, 96.1 task/s, elapsed: 15s, ETA:    66s[>>>>>                      ] 1476/7824, 96.1 task/s, elapsed: 15s, ETA:    66s[>>>>>                      ] 1477/7824, 96.1 task/s, elapsed: 15s, ETA:    66s[>>>>>                      ] 1478/7824, 96.1 task/s, elapsed: 15s, ETA:    66s[>>>>>                      ] 1479/7824, 96.1 task/s, elapsed: 15s, ETA:    66s[>>>>>                      ] 1480/7824, 96.1 task/s, elapsed: 15s, ETA:    66s[>>>>>                      ] 1481/7824, 96.1 task/s, elapsed: 15s, ETA:    66s[>>>>>                      ] 1482/7824, 96.1 task/s, elapsed: 15s, ETA:    66s[>>>>>                      ] 1483/7824, 96.1 task/s, elapsed: 15s, ETA:    66s[>>>>>                      ] 1484/7824, 96.1 task/s, elapsed: 15s, ETA:    66s[>>>>>                      ] 1485/7824, 96.1 task/s, elapsed: 15s, ETA:    66s[>>>>>                      ] 1486/7824, 96.1 task/s, elapsed: 15s, ETA:    66s[>>>>>                      ] 1487/7824, 96.2 task/s, elapsed: 15s, ETA:    66s[>>>>>                      ] 1488/7824, 96.2 task/s, elapsed: 15s, ETA:    66s[>>>>>                      ] 1489/7824, 96.2 task/s, elapsed: 15s, ETA:    66s[>>>>>                      ] 1490/7824, 96.2 task/s, elapsed: 15s, ETA:    66s[>>>>>                      ] 1491/7824, 96.2 task/s, elapsed: 15s, ETA:    66s[>>>>>                      ] 1492/7824, 96.2 task/s, elapsed: 16s, ETA:    66s[>>>>>                      ] 1493/7824, 96.2 task/s, elapsed: 16s, ETA:    66s[>>>>>                      ] 1494/7824, 96.2 task/s, elapsed: 16s, ETA:    66s[>>>>>                      ] 1495/7824, 96.2 task/s, elapsed: 16s, ETA:    66s[>>>>>                      ] 1496/7824, 96.3 task/s, elapsed: 16s, ETA:    66s[>>>>>                      ] 1497/7824, 96.3 task/s, elapsed: 16s, ETA:    66s[>>>>>                      ] 1498/7824, 96.3 task/s, elapsed: 16s, ETA:    66s[>>>>>                      ] 1499/7824, 96.3 task/s, elapsed: 16s, ETA:    66s[>>>>>                      ] 1500/7824, 96.3 task/s, elapsed: 16s, ETA:    66s[>>>>>                      ] 1501/7824, 96.3 task/s, elapsed: 16s, ETA:    66s[>>>>>                      ] 1502/7824, 96.3 task/s, elapsed: 16s, ETA:    66s[>>>>>                      ] 1503/7824, 96.3 task/s, elapsed: 16s, ETA:    66s[>>>>>                      ] 1504/7824, 96.3 task/s, elapsed: 16s, ETA:    66s[>>>>>                      ] 1505/7824, 96.3 task/s, elapsed: 16s, ETA:    66s[>>>>>                      ] 1506/7824, 96.4 task/s, elapsed: 16s, ETA:    66s[>>>>>                      ] 1507/7824, 96.4 task/s, elapsed: 16s, ETA:    66s[>>>>>                      ] 1508/7824, 96.4 task/s, elapsed: 16s, ETA:    66s[>>>>>                      ] 1509/7824, 96.4 task/s, elapsed: 16s, ETA:    66s[>>>>>                      ] 1510/7824, 96.4 task/s, elapsed: 16s, ETA:    65s[>>>>>                      ] 1511/7824, 96.4 task/s, elapsed: 16s, ETA:    65s[>>>>>                      ] 1512/7824, 96.4 task/s, elapsed: 16s, ETA:    65s[>>>>>                      ] 1513/7824, 96.4 task/s, elapsed: 16s, ETA:    65s[>>>>>                      ] 1514/7824, 96.4 task/s, elapsed: 16s, ETA:    65s[>>>>>                      ] 1515/7824, 96.5 task/s, elapsed: 16s, ETA:    65s[>>>>>                      ] 1516/7824, 96.5 task/s, elapsed: 16s, ETA:    65s[>>>>>                      ] 1517/7824, 96.5 task/s, elapsed: 16s, ETA:    65s[>>>>>                      ] 1518/7824, 96.5 task/s, elapsed: 16s, ETA:    65s[>>>>>                      ] 1519/7824, 96.5 task/s, elapsed: 16s, ETA:    65s[>>>>>                      ] 1520/7824, 96.5 task/s, elapsed: 16s, ETA:    65s[>>>>>                      ] 1521/7824, 96.5 task/s, elapsed: 16s, ETA:    65s[>>>>>                      ] 1522/7824, 96.5 task/s, elapsed: 16s, ETA:    65s[>>>>>                      ] 1523/7824, 96.5 task/s, elapsed: 16s, ETA:    65s[>>>>>                      ] 1524/7824, 96.5 task/s, elapsed: 16s, ETA:    65s[>>>>>                      ] 1525/7824, 96.6 task/s, elapsed: 16s, ETA:    65s[>>>>>                      ] 1526/7824, 96.6 task/s, elapsed: 16s, ETA:    65s[>>>>>                      ] 1527/7824, 96.6 task/s, elapsed: 16s, ETA:    65s[>>>>>                      ] 1528/7824, 96.6 task/s, elapsed: 16s, ETA:    65s[>>>>>                      ] 1529/7824, 96.6 task/s, elapsed: 16s, ETA:    65s[>>>>>                      ] 1530/7824, 96.6 task/s, elapsed: 16s, ETA:    65s[>>>>>                      ] 1531/7824, 96.6 task/s, elapsed: 16s, ETA:    65s[>>>>>                      ] 1532/7824, 96.6 task/s, elapsed: 16s, ETA:    65s[>>>>>                      ] 1533/7824, 96.6 task/s, elapsed: 16s, ETA:    65s[>>>>>                      ] 1534/7824, 96.6 task/s, elapsed: 16s, ETA:    65s[>>>>>                      ] 1535/7824, 96.6 task/s, elapsed: 16s, ETA:    65s[>>>>>                      ] 1536/7824, 96.6 task/s, elapsed: 16s, ETA:    65s[>>>>>                      ] 1537/7824, 96.6 task/s, elapsed: 16s, ETA:    65s[>>>>>                      ] 1538/7824, 96.7 task/s, elapsed: 16s, ETA:    65s[>>>>>                      ] 1539/7824, 96.7 task/s, elapsed: 16s, ETA:    65s[>>>>>                      ] 1540/7824, 96.7 task/s, elapsed: 16s, ETA:    65s[>>>>>                      ] 1541/7824, 96.7 task/s, elapsed: 16s, ETA:    65s[>>>>>                      ] 1542/7824, 96.7 task/s, elapsed: 16s, ETA:    65s[>>>>>                      ] 1543/7824, 96.7 task/s, elapsed: 16s, ETA:    65s[>>>>>                      ] 1544/7824, 96.7 task/s, elapsed: 16s, ETA:    65s[>>>>>                      ] 1545/7824, 96.7 task/s, elapsed: 16s, ETA:    65s[>>>>>                      ] 1546/7824, 96.7 task/s, elapsed: 16s, ETA:    65s[>>>>>                      ] 1547/7824, 96.7 task/s, elapsed: 16s, ETA:    65s[>>>>>                      ] 1548/7824, 96.7 task/s, elapsed: 16s, ETA:    65s[>>>>>                      ] 1549/7824, 96.8 task/s, elapsed: 16s, ETA:    65s[>>>>>                      ] 1550/7824, 96.8 task/s, elapsed: 16s, ETA:    65s[>>>>>                      ] 1551/7824, 96.8 task/s, elapsed: 16s, ETA:    65s[>>>>>                      ] 1552/7824, 96.8 task/s, elapsed: 16s, ETA:    65s[>>>>>                      ] 1553/7824, 96.8 task/s, elapsed: 16s, ETA:    65s[>>>>>                      ] 1554/7824, 96.8 task/s, elapsed: 16s, ETA:    65s[>>>>>                      ] 1555/7824, 96.8 task/s, elapsed: 16s, ETA:    65s[>>>>>                      ] 1556/7824, 96.8 task/s, elapsed: 16s, ETA:    65s[>>>>>                      ] 1557/7824, 96.8 task/s, elapsed: 16s, ETA:    65s[>>>>>                      ] 1558/7824, 96.8 task/s, elapsed: 16s, ETA:    65s[>>>>>                      ] 1559/7824, 96.9 task/s, elapsed: 16s, ETA:    65s[>>>>>                      ] 1560/7824, 96.9 task/s, elapsed: 16s, ETA:    65s[>>>>>                      ] 1561/7824, 96.9 task/s, elapsed: 16s, ETA:    65s[>>>>>                      ] 1562/7824, 96.9 task/s, elapsed: 16s, ETA:    65s[>>>>>                      ] 1563/7824, 96.9 task/s, elapsed: 16s, ETA:    65s[>>>>>                      ] 1564/7824, 96.9 task/s, elapsed: 16s, ETA:    65s[>>>>>                      ] 1565/7824, 96.9 task/s, elapsed: 16s, ETA:    65s[>>>>>                      ] 1566/7824, 96.9 task/s, elapsed: 16s, ETA:    65s[>>>>>                      ] 1567/7824, 96.9 task/s, elapsed: 16s, ETA:    65s[>>>>>                      ] 1568/7824, 96.9 task/s, elapsed: 16s, ETA:    65s[>>>>>                      ] 1569/7824, 97.0 task/s, elapsed: 16s, ETA:    65s[>>>>>                      ] 1570/7824, 97.0 task/s, elapsed: 16s, ETA:    64s[>>>>>                      ] 1571/7824, 97.0 task/s, elapsed: 16s, ETA:    64s[>>>>>                      ] 1572/7824, 97.0 task/s, elapsed: 16s, ETA:    64s[>>>>>                      ] 1573/7824, 97.0 task/s, elapsed: 16s, ETA:    64s[>>>>>                      ] 1574/7824, 97.0 task/s, elapsed: 16s, ETA:    64s[>>>>>                      ] 1575/7824, 97.0 task/s, elapsed: 16s, ETA:    64s[>>>>>                      ] 1576/7824, 97.0 task/s, elapsed: 16s, ETA:    64s[>>>>>                      ] 1577/7824, 97.0 task/s, elapsed: 16s, ETA:    64s[>>>>>                      ] 1578/7824, 97.0 task/s, elapsed: 16s, ETA:    64s[>>>>>                      ] 1579/7824, 97.1 task/s, elapsed: 16s, ETA:    64s[>>>>>                      ] 1580/7824, 97.1 task/s, elapsed: 16s, ETA:    64s[>>>>>                      ] 1581/7824, 97.1 task/s, elapsed: 16s, ETA:    64s[>>>>>                      ] 1582/7824, 97.1 task/s, elapsed: 16s, ETA:    64s[>>>>>                      ] 1583/7824, 97.1 task/s, elapsed: 16s, ETA:    64s[>>>>>                      ] 1584/7824, 97.1 task/s, elapsed: 16s, ETA:    64s[>>>>>                      ] 1585/7824, 97.1 task/s, elapsed: 16s, ETA:    64s[>>>>>                      ] 1586/7824, 97.1 task/s, elapsed: 16s, ETA:    64s[>>>>>                      ] 1587/7824, 97.1 task/s, elapsed: 16s, ETA:    64s[>>>>>                      ] 1588/7824, 97.1 task/s, elapsed: 16s, ETA:    64s[>>>>>                      ] 1589/7824, 97.1 task/s, elapsed: 16s, ETA:    64s[>>>>>                      ] 1590/7824, 97.1 task/s, elapsed: 16s, ETA:    64s[>>>>>                      ] 1591/7824, 97.2 task/s, elapsed: 16s, ETA:    64s[>>>>>                      ] 1592/7824, 97.2 task/s, elapsed: 16s, ETA:    64s[>>>>>                      ] 1593/7824, 97.2 task/s, elapsed: 16s, ETA:    64s[>>>>>                      ] 1594/7824, 97.2 task/s, elapsed: 16s, ETA:    64s[>>>>>                      ] 1595/7824, 97.2 task/s, elapsed: 16s, ETA:    64s[>>>>>                      ] 1596/7824, 97.2 task/s, elapsed: 16s, ETA:    64s[>>>>>                      ] 1597/7824, 97.2 task/s, elapsed: 16s, ETA:    64s[>>>>>                      ] 1598/7824, 97.2 task/s, elapsed: 16s, ETA:    64s[>>>>>                      ] 1599/7824, 97.2 task/s, elapsed: 16s, ETA:    64s[>>>>>                      ] 1600/7824, 97.2 task/s, elapsed: 16s, ETA:    64s[>>>>>                      ] 1601/7824, 97.2 task/s, elapsed: 16s, ETA:    64s[>>>>>                      ] 1602/7824, 97.2 task/s, elapsed: 16s, ETA:    64s[>>>>>                      ] 1603/7824, 97.2 task/s, elapsed: 16s, ETA:    64s[>>>>>                      ] 1604/7824, 97.3 task/s, elapsed: 16s, ETA:    64s[>>>>>                      ] 1605/7824, 97.3 task/s, elapsed: 17s, ETA:    64s[>>>>>                      ] 1606/7824, 97.3 task/s, elapsed: 17s, ETA:    64s[>>>>>                      ] 1607/7824, 97.3 task/s, elapsed: 17s, ETA:    64s[>>>>>                      ] 1608/7824, 97.3 task/s, elapsed: 17s, ETA:    64s[>>>>>                      ] 1609/7824, 97.3 task/s, elapsed: 17s, ETA:    64s[>>>>>                      ] 1610/7824, 97.3 task/s, elapsed: 17s, ETA:    64s[>>>>>                      ] 1611/7824, 97.3 task/s, elapsed: 17s, ETA:    64s[>>>>>                      ] 1612/7824, 97.3 task/s, elapsed: 17s, ETA:    64s[>>>>>                      ] 1613/7824, 97.3 task/s, elapsed: 17s, ETA:    64s[>>>>>                      ] 1614/7824, 97.3 task/s, elapsed: 17s, ETA:    64s[>>>>>                      ] 1615/7824, 97.3 task/s, elapsed: 17s, ETA:    64s[>>>>>                      ] 1616/7824, 97.4 task/s, elapsed: 17s, ETA:    64s[>>>>>                      ] 1617/7824, 97.4 task/s, elapsed: 17s, ETA:    64s[>>>>>                      ] 1618/7824, 97.4 task/s, elapsed: 17s, ETA:    64s[>>>>>                      ] 1619/7824, 97.4 task/s, elapsed: 17s, ETA:    64s[>>>>>                      ] 1620/7824, 97.4 task/s, elapsed: 17s, ETA:    64s[>>>>>                      ] 1621/7824, 97.4 task/s, elapsed: 17s, ETA:    64s[>>>>>                      ] 1622/7824, 97.4 task/s, elapsed: 17s, ETA:    64s[>>>>>                      ] 1623/7824, 97.4 task/s, elapsed: 17s, ETA:    64s[>>>>>                      ] 1624/7824, 97.4 task/s, elapsed: 17s, ETA:    64s[>>>>>                      ] 1625/7824, 97.4 task/s, elapsed: 17s, ETA:    64s[>>>>>                      ] 1626/7824, 97.4 task/s, elapsed: 17s, ETA:    64s[>>>>>                      ] 1627/7824, 97.4 task/s, elapsed: 17s, ETA:    64s[>>>>>                      ] 1628/7824, 97.4 task/s, elapsed: 17s, ETA:    64s[>>>>>                      ] 1629/7824, 97.4 task/s, elapsed: 17s, ETA:    64s[>>>>>                      ] 1630/7824, 97.5 task/s, elapsed: 17s, ETA:    64s[>>>>>                      ] 1631/7824, 97.5 task/s, elapsed: 17s, ETA:    64s[>>>>>                      ] 1632/7824, 97.5 task/s, elapsed: 17s, ETA:    64s[>>>>>                      ] 1633/7824, 97.5 task/s, elapsed: 17s, ETA:    64s[>>>>>                      ] 1634/7824, 97.5 task/s, elapsed: 17s, ETA:    63s[>>>>>                      ] 1635/7824, 97.5 task/s, elapsed: 17s, ETA:    63s[>>>>>                      ] 1636/7824, 97.5 task/s, elapsed: 17s, ETA:    63s[>>>>>                      ] 1637/7824, 97.5 task/s, elapsed: 17s, ETA:    63s[>>>>>                      ] 1638/7824, 97.5 task/s, elapsed: 17s, ETA:    63s[>>>>>                      ] 1639/7824, 97.5 task/s, elapsed: 17s, ETA:    63s[>>>>>                      ] 1640/7824, 97.5 task/s, elapsed: 17s, ETA:    63s[>>>>>                      ] 1641/7824, 97.5 task/s, elapsed: 17s, ETA:    63s[>>>>>                      ] 1642/7824, 97.6 task/s, elapsed: 17s, ETA:    63s[>>>>>                      ] 1643/7824, 97.6 task/s, elapsed: 17s, ETA:    63s[>>>>>                      ] 1644/7824, 97.6 task/s, elapsed: 17s, ETA:    63s[>>>>>                      ] 1645/7824, 97.6 task/s, elapsed: 17s, ETA:    63s[>>>>>                      ] 1646/7824, 97.6 task/s, elapsed: 17s, ETA:    63s[>>>>>                      ] 1647/7824, 97.6 task/s, elapsed: 17s, ETA:    63s[>>>>>                      ] 1648/7824, 97.6 task/s, elapsed: 17s, ETA:    63s[>>>>>                      ] 1649/7824, 97.6 task/s, elapsed: 17s, ETA:    63s[>>>>>                      ] 1650/7824, 97.6 task/s, elapsed: 17s, ETA:    63s[>>>>>                      ] 1651/7824, 97.6 task/s, elapsed: 17s, ETA:    63s[>>>>>                      ] 1652/7824, 97.6 task/s, elapsed: 17s, ETA:    63s[>>>>>                      ] 1653/7824, 97.6 task/s, elapsed: 17s, ETA:    63s[>>>>>                      ] 1654/7824, 97.6 task/s, elapsed: 17s, ETA:    63s[>>>>>                      ] 1655/7824, 97.7 task/s, elapsed: 17s, ETA:    63s[>>>>>                      ] 1656/7824, 97.7 task/s, elapsed: 17s, ETA:    63s[>>>>>                      ] 1657/7824, 97.7 task/s, elapsed: 17s, ETA:    63s[>>>>>                      ] 1658/7824, 97.7 task/s, elapsed: 17s, ETA:    63s[>>>>>                      ] 1659/7824, 97.7 task/s, elapsed: 17s, ETA:    63s[>>>>>                      ] 1660/7824, 97.7 task/s, elapsed: 17s, ETA:    63s[>>>>>                      ] 1661/7824, 97.7 task/s, elapsed: 17s, ETA:    63s[>>>>>                      ] 1662/7824, 97.7 task/s, elapsed: 17s, ETA:    63s[>>>>>                      ] 1663/7824, 97.7 task/s, elapsed: 17s, ETA:    63s[>>>>>                      ] 1664/7824, 97.7 task/s, elapsed: 17s, ETA:    63s[>>>>>                      ] 1665/7824, 97.7 task/s, elapsed: 17s, ETA:    63s[>>>>>                      ] 1666/7824, 97.7 task/s, elapsed: 17s, ETA:    63s[>>>>>                      ] 1667/7824, 97.7 task/s, elapsed: 17s, ETA:    63s[>>>>>                      ] 1668/7824, 97.7 task/s, elapsed: 17s, ETA:    63s[>>>>>                      ] 1669/7824, 97.7 task/s, elapsed: 17s, ETA:    63s[>>>>>                      ] 1670/7824, 97.7 task/s, elapsed: 17s, ETA:    63s[>>>>>                      ] 1671/7824, 97.7 task/s, elapsed: 17s, ETA:    63s[>>>>>                      ] 1672/7824, 97.7 task/s, elapsed: 17s, ETA:    63s[>>>>>                      ] 1673/7824, 97.7 task/s, elapsed: 17s, ETA:    63s[>>>>>                      ] 1674/7824, 97.7 task/s, elapsed: 17s, ETA:    63s[>>>>>                      ] 1675/7824, 97.7 task/s, elapsed: 17s, ETA:    63s[>>>>>                      ] 1676/7824, 97.7 task/s, elapsed: 17s, ETA:    63s[>>>>>                      ] 1677/7824, 97.7 task/s, elapsed: 17s, ETA:    63s[>>>>>                      ] 1678/7824, 97.7 task/s, elapsed: 17s, ETA:    63s[>>>>>                      ] 1679/7824, 97.7 task/s, elapsed: 17s, ETA:    63s[>>>>>                      ] 1680/7824, 97.7 task/s, elapsed: 17s, ETA:    63s[>>>>>                      ] 1681/7824, 97.8 task/s, elapsed: 17s, ETA:    63s[>>>>>                      ] 1682/7824, 97.8 task/s, elapsed: 17s, ETA:    63s[>>>>>                      ] 1683/7824, 97.8 task/s, elapsed: 17s, ETA:    63s[>>>>>                      ] 1684/7824, 97.8 task/s, elapsed: 17s, ETA:    63s[>>>>>                      ] 1685/7824, 97.8 task/s, elapsed: 17s, ETA:    63s[>>>>>                      ] 1686/7824, 97.8 task/s, elapsed: 17s, ETA:    63s[>>>>>                      ] 1687/7824, 97.8 task/s, elapsed: 17s, ETA:    63s[>>>>>                      ] 1688/7824, 97.8 task/s, elapsed: 17s, ETA:    63s[>>>>>                      ] 1689/7824, 97.8 task/s, elapsed: 17s, ETA:    63s[>>>>>                      ] 1690/7824, 97.8 task/s, elapsed: 17s, ETA:    63s[>>>>>                      ] 1691/7824, 97.8 task/s, elapsed: 17s, ETA:    63s[>>>>>                      ] 1692/7824, 97.8 task/s, elapsed: 17s, ETA:    63s[>>>>>                      ] 1693/7824, 97.8 task/s, elapsed: 17s, ETA:    63s[>>>>>                      ] 1694/7824, 97.8 task/s, elapsed: 17s, ETA:    63s[>>>>>                      ] 1695/7824, 97.8 task/s, elapsed: 17s, ETA:    63s[>>>>>                      ] 1696/7824, 97.8 task/s, elapsed: 17s, ETA:    63s[>>>>>                      ] 1697/7824, 97.8 task/s, elapsed: 17s, ETA:    63s[>>>>>                      ] 1698/7824, 97.9 task/s, elapsed: 17s, ETA:    63s[>>>>>                      ] 1699/7824, 97.9 task/s, elapsed: 17s, ETA:    63s[>>>>>                      ] 1700/7824, 97.9 task/s, elapsed: 17s, ETA:    63s[>>>>>                      ] 1701/7824, 97.9 task/s, elapsed: 17s, ETA:    63s[>>>>>                      ] 1702/7824, 97.9 task/s, elapsed: 17s, ETA:    63s[>>>>>                      ] 1703/7824, 97.9 task/s, elapsed: 17s, ETA:    63s[>>>>>                      ] 1704/7824, 97.9 task/s, elapsed: 17s, ETA:    63s[>>>>>                      ] 1705/7824, 97.9 task/s, elapsed: 17s, ETA:    62s[>>>>>                      ] 1706/7824, 97.9 task/s, elapsed: 17s, ETA:    62s[>>>>>                      ] 1707/7824, 97.9 task/s, elapsed: 17s, ETA:    62s[>>>>>                      ] 1708/7824, 97.9 task/s, elapsed: 17s, ETA:    62s[>>>>>                      ] 1709/7824, 97.9 task/s, elapsed: 17s, ETA:    62s[>>>>>                      ] 1710/7824, 97.9 task/s, elapsed: 17s, ETA:    62s[>>>>>                      ] 1711/7824, 97.9 task/s, elapsed: 17s, ETA:    62s[>>>>>                      ] 1712/7824, 97.9 task/s, elapsed: 17s, ETA:    62s[>>>>>                      ] 1713/7824, 97.9 task/s, elapsed: 17s, ETA:    62s[>>>>>                      ] 1714/7824, 98.0 task/s, elapsed: 17s, ETA:    62s[>>>>>                      ] 1715/7824, 98.0 task/s, elapsed: 18s, ETA:    62s[>>>>>                      ] 1716/7824, 98.0 task/s, elapsed: 18s, ETA:    62s[>>>>>                      ] 1717/7824, 98.0 task/s, elapsed: 18s, ETA:    62s[>>>>>                      ] 1718/7824, 98.0 task/s, elapsed: 18s, ETA:    62s[>>>>>                      ] 1719/7824, 98.0 task/s, elapsed: 18s, ETA:    62s[>>>>>                      ] 1720/7824, 98.0 task/s, elapsed: 18s, ETA:    62s[>>>>>                      ] 1721/7824, 98.0 task/s, elapsed: 18s, ETA:    62s[>>>>>                      ] 1722/7824, 98.0 task/s, elapsed: 18s, ETA:    62s[>>>>>                      ] 1723/7824, 98.0 task/s, elapsed: 18s, ETA:    62s[>>>>>                      ] 1724/7824, 98.0 task/s, elapsed: 18s, ETA:    62s[>>>>>                      ] 1725/7824, 98.1 task/s, elapsed: 18s, ETA:    62s[>>>>>                      ] 1726/7824, 98.1 task/s, elapsed: 18s, ETA:    62s[>>>>>                      ] 1727/7824, 98.1 task/s, elapsed: 18s, ETA:    62s[>>>>>                      ] 1728/7824, 98.1 task/s, elapsed: 18s, ETA:    62s[>>>>>                      ] 1729/7824, 98.1 task/s, elapsed: 18s, ETA:    62s[>>>>>                      ] 1730/7824, 98.1 task/s, elapsed: 18s, ETA:    62s[>>>>>                      ] 1731/7824, 98.1 task/s, elapsed: 18s, ETA:    62s[>>>>>                      ] 1732/7824, 98.1 task/s, elapsed: 18s, ETA:    62s[>>>>>                      ] 1733/7824, 98.1 task/s, elapsed: 18s, ETA:    62s[>>>>>                      ] 1734/7824, 98.1 task/s, elapsed: 18s, ETA:    62s[>>>>>                      ] 1735/7824, 98.1 task/s, elapsed: 18s, ETA:    62s[>>>>>                      ] 1736/7824, 98.1 task/s, elapsed: 18s, ETA:    62s[>>>>>                      ] 1737/7824, 98.1 task/s, elapsed: 18s, ETA:    62s[>>>>>                      ] 1738/7824, 98.1 task/s, elapsed: 18s, ETA:    62s[>>>>>>                     ] 1739/7824, 98.1 task/s, elapsed: 18s, ETA:    62s[>>>>>>                     ] 1740/7824, 98.1 task/s, elapsed: 18s, ETA:    62s[>>>>>>                     ] 1741/7824, 98.1 task/s, elapsed: 18s, ETA:    62s[>>>>>>                     ] 1742/7824, 98.2 task/s, elapsed: 18s, ETA:    62s[>>>>>>                     ] 1743/7824, 98.2 task/s, elapsed: 18s, ETA:    62s[>>>>>>                     ] 1744/7824, 98.2 task/s, elapsed: 18s, ETA:    62s[>>>>>>                     ] 1745/7824, 98.2 task/s, elapsed: 18s, ETA:    62s[>>>>>>                     ] 1746/7824, 98.2 task/s, elapsed: 18s, ETA:    62s[>>>>>>                     ] 1747/7824, 98.2 task/s, elapsed: 18s, ETA:    62s[>>>>>>                     ] 1748/7824, 98.2 task/s, elapsed: 18s, ETA:    62s[>>>>>>                     ] 1749/7824, 98.2 task/s, elapsed: 18s, ETA:    62s[>>>>>>                     ] 1750/7824, 98.2 task/s, elapsed: 18s, ETA:    62s[>>>>>>                     ] 1751/7824, 98.2 task/s, elapsed: 18s, ETA:    62s[>>>>>>                     ] 1752/7824, 98.2 task/s, elapsed: 18s, ETA:    62s[>>>>>>                     ] 1753/7824, 98.2 task/s, elapsed: 18s, ETA:    62s[>>>>>>                     ] 1754/7824, 98.2 task/s, elapsed: 18s, ETA:    62s[>>>>>>                     ] 1755/7824, 98.2 task/s, elapsed: 18s, ETA:    62s[>>>>>>                     ] 1756/7824, 98.2 task/s, elapsed: 18s, ETA:    62s[>>>>>>                     ] 1757/7824, 98.3 task/s, elapsed: 18s, ETA:    62s[>>>>>>                     ] 1758/7824, 98.3 task/s, elapsed: 18s, ETA:    62s[>>>>>>                     ] 1759/7824, 98.3 task/s, elapsed: 18s, ETA:    62s[>>>>>>                     ] 1760/7824, 98.3 task/s, elapsed: 18s, ETA:    62s[>>>>>>                     ] 1761/7824, 98.3 task/s, elapsed: 18s, ETA:    62s[>>>>>>                     ] 1762/7824, 98.3 task/s, elapsed: 18s, ETA:    62s[>>>>>>                     ] 1763/7824, 98.3 task/s, elapsed: 18s, ETA:    62s[>>>>>>                     ] 1764/7824, 98.3 task/s, elapsed: 18s, ETA:    62s[>>>>>>                     ] 1765/7824, 98.3 task/s, elapsed: 18s, ETA:    62s[>>>>>>                     ] 1766/7824, 98.3 task/s, elapsed: 18s, ETA:    62s[>>>>>>                     ] 1767/7824, 98.3 task/s, elapsed: 18s, ETA:    62s[>>>>>>                     ] 1768/7824, 98.3 task/s, elapsed: 18s, ETA:    62s[>>>>>>                     ] 1769/7824, 98.3 task/s, elapsed: 18s, ETA:    62s[>>>>>>                     ] 1770/7824, 98.4 task/s, elapsed: 18s, ETA:    62s[>>>>>>                     ] 1771/7824, 98.4 task/s, elapsed: 18s, ETA:    62s[>>>>>>                     ] 1772/7824, 98.4 task/s, elapsed: 18s, ETA:    62s[>>>>>>                     ] 1773/7824, 98.4 task/s, elapsed: 18s, ETA:    62s[>>>>>>                     ] 1774/7824, 98.4 task/s, elapsed: 18s, ETA:    61s[>>>>>>                     ] 1775/7824, 98.4 task/s, elapsed: 18s, ETA:    61s[>>>>>>                     ] 1776/7824, 98.4 task/s, elapsed: 18s, ETA:    61s[>>>>>>                     ] 1777/7824, 98.4 task/s, elapsed: 18s, ETA:    61s[>>>>>>                     ] 1778/7824, 98.4 task/s, elapsed: 18s, ETA:    61s[>>>>>>                     ] 1779/7824, 98.4 task/s, elapsed: 18s, ETA:    61s[>>>>>>                     ] 1780/7824, 98.4 task/s, elapsed: 18s, ETA:    61s[>>>>>>                     ] 1781/7824, 98.4 task/s, elapsed: 18s, ETA:    61s[>>>>>>                     ] 1782/7824, 98.4 task/s, elapsed: 18s, ETA:    61s[>>>>>>                     ] 1783/7824, 98.5 task/s, elapsed: 18s, ETA:    61s[>>>>>>                     ] 1784/7824, 98.5 task/s, elapsed: 18s, ETA:    61s[>>>>>>                     ] 1785/7824, 98.5 task/s, elapsed: 18s, ETA:    61s[>>>>>>                     ] 1786/7824, 98.5 task/s, elapsed: 18s, ETA:    61s[>>>>>>                     ] 1787/7824, 98.5 task/s, elapsed: 18s, ETA:    61s[>>>>>>                     ] 1788/7824, 98.5 task/s, elapsed: 18s, ETA:    61s[>>>>>>                     ] 1789/7824, 98.5 task/s, elapsed: 18s, ETA:    61s[>>>>>>                     ] 1790/7824, 98.5 task/s, elapsed: 18s, ETA:    61s[>>>>>>                     ] 1791/7824, 98.5 task/s, elapsed: 18s, ETA:    61s[>>>>>>                     ] 1792/7824, 98.5 task/s, elapsed: 18s, ETA:    61s[>>>>>>                     ] 1793/7824, 98.5 task/s, elapsed: 18s, ETA:    61s[>>>>>>                     ] 1794/7824, 98.5 task/s, elapsed: 18s, ETA:    61s[>>>>>>                     ] 1795/7824, 98.6 task/s, elapsed: 18s, ETA:    61s[>>>>>>                     ] 1796/7824, 98.6 task/s, elapsed: 18s, ETA:    61s[>>>>>>                     ] 1797/7824, 98.6 task/s, elapsed: 18s, ETA:    61s[>>>>>>                     ] 1798/7824, 98.6 task/s, elapsed: 18s, ETA:    61s[>>>>>>                     ] 1799/7824, 98.6 task/s, elapsed: 18s, ETA:    61s[>>>>>>                     ] 1800/7824, 98.6 task/s, elapsed: 18s, ETA:    61s[>>>>>>                     ] 1801/7824, 98.6 task/s, elapsed: 18s, ETA:    61s[>>>>>>                     ] 1802/7824, 98.6 task/s, elapsed: 18s, ETA:    61s[>>>>>>                     ] 1803/7824, 98.6 task/s, elapsed: 18s, ETA:    61s[>>>>>>                     ] 1804/7824, 98.6 task/s, elapsed: 18s, ETA:    61s[>>>>>>                     ] 1805/7824, 98.6 task/s, elapsed: 18s, ETA:    61s[>>>>>>                     ] 1806/7824, 98.6 task/s, elapsed: 18s, ETA:    61s[>>>>>>                     ] 1807/7824, 98.6 task/s, elapsed: 18s, ETA:    61s[>>>>>>                     ] 1808/7824, 98.6 task/s, elapsed: 18s, ETA:    61s[>>>>>>                     ] 1809/7824, 98.6 task/s, elapsed: 18s, ETA:    61s[>>>>>>                     ] 1810/7824, 98.7 task/s, elapsed: 18s, ETA:    61s[>>>>>>                     ] 1811/7824, 98.7 task/s, elapsed: 18s, ETA:    61s[>>>>>>                     ] 1812/7824, 98.7 task/s, elapsed: 18s, ETA:    61s[>>>>>>                     ] 1813/7824, 98.7 task/s, elapsed: 18s, ETA:    61s[>>>>>>                     ] 1814/7824, 98.7 task/s, elapsed: 18s, ETA:    61s[>>>>>>                     ] 1815/7824, 98.7 task/s, elapsed: 18s, ETA:    61s[>>>>>>                     ] 1816/7824, 98.7 task/s, elapsed: 18s, ETA:    61s[>>>>>>                     ] 1817/7824, 98.7 task/s, elapsed: 18s, ETA:    61s[>>>>>>                     ] 1818/7824, 98.7 task/s, elapsed: 18s, ETA:    61s[>>>>>>                     ] 1819/7824, 98.7 task/s, elapsed: 18s, ETA:    61s[>>>>>>                     ] 1820/7824, 98.7 task/s, elapsed: 18s, ETA:    61s[>>>>>>                     ] 1821/7824, 98.7 task/s, elapsed: 18s, ETA:    61s[>>>>>>                     ] 1822/7824, 98.7 task/s, elapsed: 18s, ETA:    61s[>>>>>>                     ] 1823/7824, 98.7 task/s, elapsed: 18s, ETA:    61s[>>>>>>                     ] 1824/7824, 98.7 task/s, elapsed: 18s, ETA:    61s[>>>>>>                     ] 1825/7824, 98.7 task/s, elapsed: 18s, ETA:    61s[>>>>>>                     ] 1826/7824, 98.7 task/s, elapsed: 18s, ETA:    61s[>>>>>>                     ] 1827/7824, 98.7 task/s, elapsed: 19s, ETA:    61s[>>>>>>                     ] 1828/7824, 98.7 task/s, elapsed: 19s, ETA:    61s[>>>>>>                     ] 1829/7824, 98.7 task/s, elapsed: 19s, ETA:    61s[>>>>>>                     ] 1830/7824, 98.7 task/s, elapsed: 19s, ETA:    61s[>>>>>>                     ] 1831/7824, 98.8 task/s, elapsed: 19s, ETA:    61s[>>>>>>                     ] 1832/7824, 98.8 task/s, elapsed: 19s, ETA:    61s[>>>>>>                     ] 1833/7824, 98.8 task/s, elapsed: 19s, ETA:    61s[>>>>>>                     ] 1834/7824, 98.8 task/s, elapsed: 19s, ETA:    61s[>>>>>>                     ] 1835/7824, 98.8 task/s, elapsed: 19s, ETA:    61s[>>>>>>                     ] 1836/7824, 98.8 task/s, elapsed: 19s, ETA:    61s[>>>>>>                     ] 1837/7824, 98.8 task/s, elapsed: 19s, ETA:    61s[>>>>>>                     ] 1838/7824, 98.8 task/s, elapsed: 19s, ETA:    61s[>>>>>>                     ] 1839/7824, 98.8 task/s, elapsed: 19s, ETA:    61s[>>>>>>                     ] 1840/7824, 98.8 task/s, elapsed: 19s, ETA:    61s[>>>>>>                     ] 1841/7824, 98.8 task/s, elapsed: 19s, ETA:    61s[>>>>>>                     ] 1842/7824, 98.8 task/s, elapsed: 19s, ETA:    61s[>>>>>>                     ] 1843/7824, 98.8 task/s, elapsed: 19s, ETA:    61s[>>>>>>                     ] 1844/7824, 98.8 task/s, elapsed: 19s, ETA:    60s[>>>>>>                     ] 1845/7824, 98.9 task/s, elapsed: 19s, ETA:    60s[>>>>>>                     ] 1846/7824, 98.9 task/s, elapsed: 19s, ETA:    60s[>>>>>>                     ] 1847/7824, 98.9 task/s, elapsed: 19s, ETA:    60s[>>>>>>                     ] 1848/7824, 98.9 task/s, elapsed: 19s, ETA:    60s[>>>>>>                     ] 1849/7824, 98.9 task/s, elapsed: 19s, ETA:    60s[>>>>>>                     ] 1850/7824, 98.9 task/s, elapsed: 19s, ETA:    60s[>>>>>>                     ] 1851/7824, 98.9 task/s, elapsed: 19s, ETA:    60s[>>>>>>                     ] 1852/7824, 98.9 task/s, elapsed: 19s, ETA:    60s[>>>>>>                     ] 1853/7824, 98.9 task/s, elapsed: 19s, ETA:    60s[>>>>>>                     ] 1854/7824, 98.9 task/s, elapsed: 19s, ETA:    60s[>>>>>>                     ] 1855/7824, 98.9 task/s, elapsed: 19s, ETA:    60s[>>>>>>                     ] 1856/7824, 98.9 task/s, elapsed: 19s, ETA:    60s[>>>>>>                     ] 1857/7824, 98.9 task/s, elapsed: 19s, ETA:    60s[>>>>>>                     ] 1858/7824, 98.9 task/s, elapsed: 19s, ETA:    60s[>>>>>>                     ] 1859/7824, 98.9 task/s, elapsed: 19s, ETA:    60s[>>>>>>                     ] 1860/7824, 98.9 task/s, elapsed: 19s, ETA:    60s[>>>>>>                     ] 1861/7824, 99.0 task/s, elapsed: 19s, ETA:    60s[>>>>>>                     ] 1862/7824, 99.0 task/s, elapsed: 19s, ETA:    60s[>>>>>>                     ] 1863/7824, 99.0 task/s, elapsed: 19s, ETA:    60s[>>>>>>                     ] 1864/7824, 99.0 task/s, elapsed: 19s, ETA:    60s[>>>>>>                     ] 1865/7824, 99.0 task/s, elapsed: 19s, ETA:    60s[>>>>>>                     ] 1866/7824, 99.0 task/s, elapsed: 19s, ETA:    60s[>>>>>>                     ] 1867/7824, 99.0 task/s, elapsed: 19s, ETA:    60s[>>>>>>                     ] 1868/7824, 99.0 task/s, elapsed: 19s, ETA:    60s[>>>>>>                     ] 1869/7824, 99.0 task/s, elapsed: 19s, ETA:    60s[>>>>>>                     ] 1870/7824, 99.0 task/s, elapsed: 19s, ETA:    60s[>>>>>>                     ] 1871/7824, 99.0 task/s, elapsed: 19s, ETA:    60s[>>>>>>                     ] 1872/7824, 99.0 task/s, elapsed: 19s, ETA:    60s[>>>>>>                     ] 1873/7824, 99.0 task/s, elapsed: 19s, ETA:    60s[>>>>>>                     ] 1874/7824, 99.0 task/s, elapsed: 19s, ETA:    60s[>>>>>>                     ] 1875/7824, 99.0 task/s, elapsed: 19s, ETA:    60s[>>>>>>                     ] 1876/7824, 99.0 task/s, elapsed: 19s, ETA:    60s[>>>>>>                     ] 1877/7824, 99.0 task/s, elapsed: 19s, ETA:    60s[>>>>>>                     ] 1878/7824, 99.0 task/s, elapsed: 19s, ETA:    60s[>>>>>>                     ] 1879/7824, 99.0 task/s, elapsed: 19s, ETA:    60s[>>>>>>                     ] 1880/7824, 99.0 task/s, elapsed: 19s, ETA:    60s[>>>>>>                     ] 1881/7824, 99.0 task/s, elapsed: 19s, ETA:    60s[>>>>>>                     ] 1882/7824, 99.0 task/s, elapsed: 19s, ETA:    60s[>>>>>>                     ] 1883/7824, 99.1 task/s, elapsed: 19s, ETA:    60s[>>>>>>                     ] 1884/7824, 99.1 task/s, elapsed: 19s, ETA:    60s[>>>>>>                     ] 1885/7824, 99.1 task/s, elapsed: 19s, ETA:    60s[>>>>>>                     ] 1886/7824, 99.1 task/s, elapsed: 19s, ETA:    60s[>>>>>>                     ] 1887/7824, 99.1 task/s, elapsed: 19s, ETA:    60s[>>>>>>                     ] 1888/7824, 99.1 task/s, elapsed: 19s, ETA:    60s[>>>>>>                     ] 1889/7824, 99.1 task/s, elapsed: 19s, ETA:    60s[>>>>>>                     ] 1890/7824, 99.1 task/s, elapsed: 19s, ETA:    60s[>>>>>>                     ] 1891/7824, 99.1 task/s, elapsed: 19s, ETA:    60s[>>>>>>                     ] 1892/7824, 99.1 task/s, elapsed: 19s, ETA:    60s[>>>>>>                     ] 1893/7824, 99.1 task/s, elapsed: 19s, ETA:    60s[>>>>>>                     ] 1894/7824, 99.1 task/s, elapsed: 19s, ETA:    60s[>>>>>>                     ] 1895/7824, 99.1 task/s, elapsed: 19s, ETA:    60s[>>>>>>                     ] 1896/7824, 99.1 task/s, elapsed: 19s, ETA:    60s[>>>>>>                     ] 1897/7824, 99.1 task/s, elapsed: 19s, ETA:    60s[>>>>>>                     ] 1898/7824, 99.1 task/s, elapsed: 19s, ETA:    60s[>>>>>>                     ] 1899/7824, 99.1 task/s, elapsed: 19s, ETA:    60s[>>>>>>                     ] 1900/7824, 99.1 task/s, elapsed: 19s, ETA:    60s[>>>>>>                     ] 1901/7824, 99.1 task/s, elapsed: 19s, ETA:    60s[>>>>>>                     ] 1902/7824, 99.2 task/s, elapsed: 19s, ETA:    60s[>>>>>>                     ] 1903/7824, 99.2 task/s, elapsed: 19s, ETA:    60s[>>>>>>                     ] 1904/7824, 99.2 task/s, elapsed: 19s, ETA:    60s[>>>>>>                     ] 1905/7824, 99.2 task/s, elapsed: 19s, ETA:    60s[>>>>>>                     ] 1906/7824, 99.2 task/s, elapsed: 19s, ETA:    60s[>>>>>>                     ] 1907/7824, 99.2 task/s, elapsed: 19s, ETA:    60s[>>>>>>                     ] 1908/7824, 99.2 task/s, elapsed: 19s, ETA:    60s[>>>>>>                     ] 1909/7824, 99.2 task/s, elapsed: 19s, ETA:    60s[>>>>>>                     ] 1910/7824, 99.2 task/s, elapsed: 19s, ETA:    60s[>>>>>>                     ] 1911/7824, 99.2 task/s, elapsed: 19s, ETA:    60s[>>>>>>                     ] 1912/7824, 99.2 task/s, elapsed: 19s, ETA:    60s[>>>>>>                     ] 1913/7824, 99.2 task/s, elapsed: 19s, ETA:    60s[>>>>>>                     ] 1914/7824, 99.2 task/s, elapsed: 19s, ETA:    60s[>>>>>>                     ] 1915/7824, 99.2 task/s, elapsed: 19s, ETA:    60s[>>>>>>                     ] 1916/7824, 99.2 task/s, elapsed: 19s, ETA:    60s[>>>>>>                     ] 1917/7824, 99.2 task/s, elapsed: 19s, ETA:    60s[>>>>>>                     ] 1918/7824, 99.2 task/s, elapsed: 19s, ETA:    60s[>>>>>>                     ] 1919/7824, 99.3 task/s, elapsed: 19s, ETA:    59s[>>>>>>                     ] 1920/7824, 99.3 task/s, elapsed: 19s, ETA:    59s[>>>>>>                     ] 1921/7824, 99.3 task/s, elapsed: 19s, ETA:    59s[>>>>>>                     ] 1922/7824, 99.3 task/s, elapsed: 19s, ETA:    59s[>>>>>>                     ] 1923/7824, 99.3 task/s, elapsed: 19s, ETA:    59s[>>>>>>                     ] 1924/7824, 99.3 task/s, elapsed: 19s, ETA:    59s[>>>>>>                     ] 1925/7824, 99.3 task/s, elapsed: 19s, ETA:    59s[>>>>>>                     ] 1926/7824, 99.3 task/s, elapsed: 19s, ETA:    59s[>>>>>>                     ] 1927/7824, 99.3 task/s, elapsed: 19s, ETA:    59s[>>>>>>                     ] 1928/7824, 99.3 task/s, elapsed: 19s, ETA:    59s[>>>>>>                     ] 1929/7824, 99.3 task/s, elapsed: 19s, ETA:    59s[>>>>>>                     ] 1930/7824, 99.3 task/s, elapsed: 19s, ETA:    59s[>>>>>>                     ] 1931/7824, 99.3 task/s, elapsed: 19s, ETA:    59s[>>>>>>                     ] 1932/7824, 99.3 task/s, elapsed: 19s, ETA:    59s[>>>>>>                     ] 1933/7824, 99.3 task/s, elapsed: 19s, ETA:    59s[>>>>>>                     ] 1934/7824, 99.3 task/s, elapsed: 19s, ETA:    59s[>>>>>>                     ] 1935/7824, 99.3 task/s, elapsed: 19s, ETA:    59s[>>>>>>                     ] 1936/7824, 99.3 task/s, elapsed: 19s, ETA:    59s[>>>>>>                     ] 1937/7824, 99.4 task/s, elapsed: 19s, ETA:    59s[>>>>>>                     ] 1938/7824, 99.4 task/s, elapsed: 20s, ETA:    59s[>>>>>>                     ] 1939/7824, 99.4 task/s, elapsed: 20s, ETA:    59s[>>>>>>                     ] 1940/7824, 99.4 task/s, elapsed: 20s, ETA:    59s[>>>>>>                     ] 1941/7824, 99.4 task/s, elapsed: 20s, ETA:    59s[>>>>>>                     ] 1942/7824, 99.4 task/s, elapsed: 20s, ETA:    59s[>>>>>>                     ] 1943/7824, 99.4 task/s, elapsed: 20s, ETA:    59s[>>>>>>                     ] 1944/7824, 99.4 task/s, elapsed: 20s, ETA:    59s[>>>>>>                     ] 1945/7824, 99.4 task/s, elapsed: 20s, ETA:    59s[>>>>>>                     ] 1946/7824, 99.4 task/s, elapsed: 20s, ETA:    59s[>>>>>>                     ] 1947/7824, 99.4 task/s, elapsed: 20s, ETA:    59s[>>>>>>                     ] 1948/7824, 99.4 task/s, elapsed: 20s, ETA:    59s[>>>>>>                     ] 1949/7824, 99.4 task/s, elapsed: 20s, ETA:    59s[>>>>>>                     ] 1950/7824, 99.4 task/s, elapsed: 20s, ETA:    59s[>>>>>>                     ] 1951/7824, 99.4 task/s, elapsed: 20s, ETA:    59s[>>>>>>                     ] 1952/7824, 99.5 task/s, elapsed: 20s, ETA:    59s[>>>>>>                     ] 1953/7824, 99.5 task/s, elapsed: 20s, ETA:    59s[>>>>>>                     ] 1954/7824, 99.5 task/s, elapsed: 20s, ETA:    59s[>>>>>>                     ] 1955/7824, 99.5 task/s, elapsed: 20s, ETA:    59s[>>>>>>                     ] 1956/7824, 99.5 task/s, elapsed: 20s, ETA:    59s[>>>>>>                     ] 1957/7824, 99.5 task/s, elapsed: 20s, ETA:    59s[>>>>>>                     ] 1958/7824, 99.5 task/s, elapsed: 20s, ETA:    59s[>>>>>>                     ] 1959/7824, 99.5 task/s, elapsed: 20s, ETA:    59s[>>>>>>                     ] 1960/7824, 99.5 task/s, elapsed: 20s, ETA:    59s[>>>>>>                     ] 1961/7824, 99.5 task/s, elapsed: 20s, ETA:    59s[>>>>>>                     ] 1962/7824, 99.5 task/s, elapsed: 20s, ETA:    59s[>>>>>>                     ] 1963/7824, 99.5 task/s, elapsed: 20s, ETA:    59s[>>>>>>                     ] 1964/7824, 99.5 task/s, elapsed: 20s, ETA:    59s[>>>>>>                     ] 1965/7824, 99.5 task/s, elapsed: 20s, ETA:    59s[>>>>>>                     ] 1966/7824, 99.5 task/s, elapsed: 20s, ETA:    59s[>>>>>>                     ] 1967/7824, 99.6 task/s, elapsed: 20s, ETA:    59s[>>>>>>                     ] 1968/7824, 99.6 task/s, elapsed: 20s, ETA:    59s[>>>>>>                     ] 1969/7824, 99.6 task/s, elapsed: 20s, ETA:    59s[>>>>>>                     ] 1970/7824, 99.6 task/s, elapsed: 20s, ETA:    59s[>>>>>>                     ] 1971/7824, 99.6 task/s, elapsed: 20s, ETA:    59s[>>>>>>                     ] 1972/7824, 99.6 task/s, elapsed: 20s, ETA:    59s[>>>>>>                     ] 1973/7824, 99.6 task/s, elapsed: 20s, ETA:    59s[>>>>>>                     ] 1974/7824, 99.6 task/s, elapsed: 20s, ETA:    59s[>>>>>>                     ] 1975/7824, 99.6 task/s, elapsed: 20s, ETA:    59s[>>>>>>                     ] 1976/7824, 99.6 task/s, elapsed: 20s, ETA:    59s[>>>>>>                     ] 1977/7824, 99.6 task/s, elapsed: 20s, ETA:    59s[>>>>>>                     ] 1978/7824, 99.6 task/s, elapsed: 20s, ETA:    59s[>>>>>>                     ] 1979/7824, 99.6 task/s, elapsed: 20s, ETA:    59s[>>>>>>                     ] 1980/7824, 99.6 task/s, elapsed: 20s, ETA:    59s[>>>>>>                     ] 1981/7824, 99.6 task/s, elapsed: 20s, ETA:    59s[>>>>>>                     ] 1982/7824, 99.6 task/s, elapsed: 20s, ETA:    59s[>>>>>>                     ] 1983/7824, 99.7 task/s, elapsed: 20s, ETA:    59s[>>>>>>                     ] 1984/7824, 99.7 task/s, elapsed: 20s, ETA:    59s[>>>>>>                     ] 1985/7824, 99.7 task/s, elapsed: 20s, ETA:    59s[>>>>>>                     ] 1986/7824, 99.7 task/s, elapsed: 20s, ETA:    59s[>>>>>>                     ] 1987/7824, 99.7 task/s, elapsed: 20s, ETA:    59s[>>>>>>                     ] 1988/7824, 99.7 task/s, elapsed: 20s, ETA:    59s[>>>>>>                     ] 1989/7824, 99.7 task/s, elapsed: 20s, ETA:    59s[>>>>>>                     ] 1990/7824, 99.7 task/s, elapsed: 20s, ETA:    59s[>>>>>>                     ] 1991/7824, 99.7 task/s, elapsed: 20s, ETA:    58s[>>>>>>                     ] 1992/7824, 99.7 task/s, elapsed: 20s, ETA:    58s[>>>>>>                     ] 1993/7824, 99.7 task/s, elapsed: 20s, ETA:    58s[>>>>>>                     ] 1994/7824, 99.7 task/s, elapsed: 20s, ETA:    58s[>>>>>>                     ] 1995/7824, 99.7 task/s, elapsed: 20s, ETA:    58s[>>>>>>                     ] 1996/7824, 99.7 task/s, elapsed: 20s, ETA:    58s[>>>>>>                     ] 1997/7824, 99.8 task/s, elapsed: 20s, ETA:    58s[>>>>>>                     ] 1998/7824, 99.8 task/s, elapsed: 20s, ETA:    58s[>>>>>>                     ] 1999/7824, 99.8 task/s, elapsed: 20s, ETA:    58s[>>>>>>                     ] 2000/7824, 99.8 task/s, elapsed: 20s, ETA:    58s[>>>>>>                     ] 2001/7824, 99.8 task/s, elapsed: 20s, ETA:    58s[>>>>>>                     ] 2002/7824, 99.8 task/s, elapsed: 20s, ETA:    58s[>>>>>>                     ] 2003/7824, 99.8 task/s, elapsed: 20s, ETA:    58s[>>>>>>                     ] 2004/7824, 99.8 task/s, elapsed: 20s, ETA:    58s[>>>>>>                     ] 2005/7824, 99.8 task/s, elapsed: 20s, ETA:    58s[>>>>>>                     ] 2006/7824, 99.8 task/s, elapsed: 20s, ETA:    58s[>>>>>>                     ] 2007/7824, 99.8 task/s, elapsed: 20s, ETA:    58s[>>>>>>                     ] 2008/7824, 99.8 task/s, elapsed: 20s, ETA:    58s[>>>>>>                     ] 2009/7824, 99.8 task/s, elapsed: 20s, ETA:    58s[>>>>>>                     ] 2010/7824, 99.8 task/s, elapsed: 20s, ETA:    58s[>>>>>>                     ] 2011/7824, 99.8 task/s, elapsed: 20s, ETA:    58s[>>>>>>                     ] 2012/7824, 99.9 task/s, elapsed: 20s, ETA:    58s[>>>>>>                     ] 2013/7824, 99.9 task/s, elapsed: 20s, ETA:    58s[>>>>>>                     ] 2014/7824, 99.9 task/s, elapsed: 20s, ETA:    58s[>>>>>>                     ] 2015/7824, 99.9 task/s, elapsed: 20s, ETA:    58s[>>>>>>                     ] 2016/7824, 99.9 task/s, elapsed: 20s, ETA:    58s[>>>>>>                     ] 2017/7824, 99.9 task/s, elapsed: 20s, ETA:    58s[>>>>>>                     ] 2018/7824, 99.9 task/s, elapsed: 20s, ETA:    58s[>>>>>>                     ] 2019/7824, 99.9 task/s, elapsed: 20s, ETA:    58s[>>>>>>                     ] 2020/7824, 99.9 task/s, elapsed: 20s, ETA:    58s[>>>>>>                     ] 2021/7824, 99.9 task/s, elapsed: 20s, ETA:    58s[>>>>>>                     ] 2022/7824, 99.9 task/s, elapsed: 20s, ETA:    58s[>>>>>>                     ] 2023/7824, 99.9 task/s, elapsed: 20s, ETA:    58s[>>>>>>                     ] 2024/7824, 99.9 task/s, elapsed: 20s, ETA:    58s[>>>>>>                     ] 2025/7824, 99.9 task/s, elapsed: 20s, ETA:    58s[>>>>>>                     ] 2026/7824, 99.9 task/s, elapsed: 20s, ETA:    58s[>>>>>>                    ] 2027/7824, 100.0 task/s, elapsed: 20s, ETA:    58s[>>>>>>                    ] 2028/7824, 100.0 task/s, elapsed: 20s, ETA:    58s[>>>>>>                    ] 2029/7824, 100.0 task/s, elapsed: 20s, ETA:    58s[>>>>>>                    ] 2030/7824, 100.0 task/s, elapsed: 20s, ETA:    58s[>>>>>>                    ] 2031/7824, 100.0 task/s, elapsed: 20s, ETA:    58s[>>>>>>                    ] 2032/7824, 100.0 task/s, elapsed: 20s, ETA:    58s[>>>>>>                    ] 2033/7824, 100.0 task/s, elapsed: 20s, ETA:    58s[>>>>>>                    ] 2034/7824, 100.0 task/s, elapsed: 20s, ETA:    58s[>>>>>>                    ] 2035/7824, 100.0 task/s, elapsed: 20s, ETA:    58s[>>>>>>                    ] 2036/7824, 100.0 task/s, elapsed: 20s, ETA:    58s[>>>>>>                    ] 2037/7824, 100.0 task/s, elapsed: 20s, ETA:    58s[>>>>>>                    ] 2038/7824, 100.0 task/s, elapsed: 20s, ETA:    58s[>>>>>>                    ] 2039/7824, 100.0 task/s, elapsed: 20s, ETA:    58s[>>>>>>                    ] 2040/7824, 100.0 task/s, elapsed: 20s, ETA:    58s[>>>>>>                    ] 2041/7824, 100.0 task/s, elapsed: 20s, ETA:    58s[>>>>>>                    ] 2042/7824, 100.0 task/s, elapsed: 20s, ETA:    58s[>>>>>>                    ] 2043/7824, 100.0 task/s, elapsed: 20s, ETA:    58s[>>>>>>                    ] 2044/7824, 100.0 task/s, elapsed: 20s, ETA:    58s[>>>>>>                    ] 2045/7824, 100.0 task/s, elapsed: 20s, ETA:    58s[>>>>>>                    ] 2046/7824, 100.1 task/s, elapsed: 20s, ETA:    58s[>>>>>>                    ] 2047/7824, 100.1 task/s, elapsed: 20s, ETA:    58s[>>>>>>                    ] 2048/7824, 100.1 task/s, elapsed: 20s, ETA:    58s[>>>>>>                    ] 2049/7824, 100.1 task/s, elapsed: 20s, ETA:    58s[>>>>>>                    ] 2050/7824, 100.1 task/s, elapsed: 20s, ETA:    58s[>>>>>>                    ] 2051/7824, 100.1 task/s, elapsed: 20s, ETA:    58s[>>>>>>                    ] 2052/7824, 100.1 task/s, elapsed: 21s, ETA:    58s[>>>>>>                    ] 2053/7824, 100.1 task/s, elapsed: 21s, ETA:    58s[>>>>>>                    ] 2054/7824, 100.1 task/s, elapsed: 21s, ETA:    58s[>>>>>>                    ] 2055/7824, 100.1 task/s, elapsed: 21s, ETA:    58s[>>>>>>                    ] 2056/7824, 100.1 task/s, elapsed: 21s, ETA:    58s[>>>>>>                    ] 2057/7824, 100.1 task/s, elapsed: 21s, ETA:    58s[>>>>>>                    ] 2058/7824, 100.1 task/s, elapsed: 21s, ETA:    58s[>>>>>>                    ] 2059/7824, 100.1 task/s, elapsed: 21s, ETA:    58s[>>>>>>                    ] 2060/7824, 100.1 task/s, elapsed: 21s, ETA:    58s[>>>>>>                    ] 2061/7824, 100.1 task/s, elapsed: 21s, ETA:    58s[>>>>>>                    ] 2062/7824, 100.2 task/s, elapsed: 21s, ETA:    58s[>>>>>>                    ] 2063/7824, 100.2 task/s, elapsed: 21s, ETA:    58s[>>>>>>                    ] 2064/7824, 100.2 task/s, elapsed: 21s, ETA:    58s[>>>>>>                    ] 2065/7824, 100.2 task/s, elapsed: 21s, ETA:    57s[>>>>>>                    ] 2066/7824, 100.2 task/s, elapsed: 21s, ETA:    57s[>>>>>>                    ] 2067/7824, 100.2 task/s, elapsed: 21s, ETA:    57s[>>>>>>                    ] 2068/7824, 100.2 task/s, elapsed: 21s, ETA:    57s[>>>>>>                    ] 2069/7824, 100.2 task/s, elapsed: 21s, ETA:    57s[>>>>>>                    ] 2070/7824, 100.2 task/s, elapsed: 21s, ETA:    57s[>>>>>>                    ] 2071/7824, 100.2 task/s, elapsed: 21s, ETA:    57s[>>>>>>                    ] 2072/7824, 100.2 task/s, elapsed: 21s, ETA:    57s[>>>>>>                    ] 2073/7824, 100.2 task/s, elapsed: 21s, ETA:    57s[>>>>>>                    ] 2074/7824, 100.2 task/s, elapsed: 21s, ETA:    57s[>>>>>>                    ] 2075/7824, 100.2 task/s, elapsed: 21s, ETA:    57s[>>>>>>                    ] 2076/7824, 100.2 task/s, elapsed: 21s, ETA:    57s[>>>>>>                    ] 2077/7824, 100.2 task/s, elapsed: 21s, ETA:    57s[>>>>>>                    ] 2078/7824, 100.3 task/s, elapsed: 21s, ETA:    57s[>>>>>>                    ] 2079/7824, 100.3 task/s, elapsed: 21s, ETA:    57s[>>>>>>                    ] 2080/7824, 100.3 task/s, elapsed: 21s, ETA:    57s[>>>>>>                    ] 2081/7824, 100.3 task/s, elapsed: 21s, ETA:    57s[>>>>>>                    ] 2082/7824, 100.3 task/s, elapsed: 21s, ETA:    57s[>>>>>>                    ] 2083/7824, 100.3 task/s, elapsed: 21s, ETA:    57s[>>>>>>                    ] 2084/7824, 100.3 task/s, elapsed: 21s, ETA:    57s[>>>>>>                    ] 2085/7824, 100.3 task/s, elapsed: 21s, ETA:    57s[>>>>>>                    ] 2086/7824, 100.3 task/s, elapsed: 21s, ETA:    57s[>>>>>>                    ] 2087/7824, 100.3 task/s, elapsed: 21s, ETA:    57s[>>>>>>                    ] 2088/7824, 100.3 task/s, elapsed: 21s, ETA:    57s[>>>>>>                    ] 2089/7824, 100.3 task/s, elapsed: 21s, ETA:    57s[>>>>>>                    ] 2090/7824, 100.3 task/s, elapsed: 21s, ETA:    57s[>>>>>>                    ] 2091/7824, 100.3 task/s, elapsed: 21s, ETA:    57s[>>>>>>                    ] 2092/7824, 100.3 task/s, elapsed: 21s, ETA:    57s[>>>>>>                    ] 2093/7824, 100.3 task/s, elapsed: 21s, ETA:    57s[>>>>>>                    ] 2094/7824, 100.4 task/s, elapsed: 21s, ETA:    57s[>>>>>>                    ] 2095/7824, 100.4 task/s, elapsed: 21s, ETA:    57s[>>>>>>                    ] 2096/7824, 100.4 task/s, elapsed: 21s, ETA:    57s[>>>>>>                    ] 2097/7824, 100.4 task/s, elapsed: 21s, ETA:    57s[>>>>>>                    ] 2098/7824, 100.4 task/s, elapsed: 21s, ETA:    57s[>>>>>>                    ] 2099/7824, 100.4 task/s, elapsed: 21s, ETA:    57s[>>>>>>                    ] 2100/7824, 100.4 task/s, elapsed: 21s, ETA:    57s[>>>>>>                    ] 2101/7824, 100.4 task/s, elapsed: 21s, ETA:    57s[>>>>>>                    ] 2102/7824, 100.4 task/s, elapsed: 21s, ETA:    57s[>>>>>>                    ] 2103/7824, 100.4 task/s, elapsed: 21s, ETA:    57s[>>>>>>                    ] 2104/7824, 100.4 task/s, elapsed: 21s, ETA:    57s[>>>>>>                    ] 2105/7824, 100.4 task/s, elapsed: 21s, ETA:    57s[>>>>>>                    ] 2106/7824, 100.4 task/s, elapsed: 21s, ETA:    57s[>>>>>>>                   ] 2107/7824, 100.4 task/s, elapsed: 21s, ETA:    57s[>>>>>>>                   ] 2108/7824, 100.4 task/s, elapsed: 21s, ETA:    57s[>>>>>>>                   ] 2109/7824, 100.4 task/s, elapsed: 21s, ETA:    57s[>>>>>>>                   ] 2110/7824, 100.4 task/s, elapsed: 21s, ETA:    57s[>>>>>>>                   ] 2111/7824, 100.4 task/s, elapsed: 21s, ETA:    57s[>>>>>>>                   ] 2112/7824, 100.5 task/s, elapsed: 21s, ETA:    57s[>>>>>>>                   ] 2113/7824, 100.5 task/s, elapsed: 21s, ETA:    57s[>>>>>>>                   ] 2114/7824, 100.5 task/s, elapsed: 21s, ETA:    57s[>>>>>>>                   ] 2115/7824, 100.5 task/s, elapsed: 21s, ETA:    57s[>>>>>>>                   ] 2116/7824, 100.5 task/s, elapsed: 21s, ETA:    57s[>>>>>>>                   ] 2117/7824, 100.5 task/s, elapsed: 21s, ETA:    57s[>>>>>>>                   ] 2118/7824, 100.5 task/s, elapsed: 21s, ETA:    57s[>>>>>>>                   ] 2119/7824, 100.5 task/s, elapsed: 21s, ETA:    57s[>>>>>>>                   ] 2120/7824, 100.5 task/s, elapsed: 21s, ETA:    57s[>>>>>>>                   ] 2121/7824, 100.5 task/s, elapsed: 21s, ETA:    57s[>>>>>>>                   ] 2122/7824, 100.5 task/s, elapsed: 21s, ETA:    57s[>>>>>>>                   ] 2123/7824, 100.5 task/s, elapsed: 21s, ETA:    57s[>>>>>>>                   ] 2124/7824, 100.5 task/s, elapsed: 21s, ETA:    57s[>>>>>>>                   ] 2125/7824, 100.5 task/s, elapsed: 21s, ETA:    57s[>>>>>>>                   ] 2126/7824, 100.5 task/s, elapsed: 21s, ETA:    57s[>>>>>>>                   ] 2127/7824, 100.5 task/s, elapsed: 21s, ETA:    57s[>>>>>>>                   ] 2128/7824, 100.6 task/s, elapsed: 21s, ETA:    57s[>>>>>>>                   ] 2129/7824, 100.6 task/s, elapsed: 21s, ETA:    57s[>>>>>>>                   ] 2130/7824, 100.6 task/s, elapsed: 21s, ETA:    57s[>>>>>>>                   ] 2131/7824, 100.6 task/s, elapsed: 21s, ETA:    57s[>>>>>>>                   ] 2132/7824, 100.6 task/s, elapsed: 21s, ETA:    57s[>>>>>>>                   ] 2133/7824, 100.6 task/s, elapsed: 21s, ETA:    57s[>>>>>>>                   ] 2134/7824, 100.6 task/s, elapsed: 21s, ETA:    57s[>>>>>>>                   ] 2135/7824, 100.6 task/s, elapsed: 21s, ETA:    57s[>>>>>>>                   ] 2136/7824, 100.6 task/s, elapsed: 21s, ETA:    57s[>>>>>>>                   ] 2137/7824, 100.6 task/s, elapsed: 21s, ETA:    57s[>>>>>>>                   ] 2138/7824, 100.6 task/s, elapsed: 21s, ETA:    57s[>>>>>>>                   ] 2139/7824, 100.6 task/s, elapsed: 21s, ETA:    57s[>>>>>>>                   ] 2140/7824, 100.6 task/s, elapsed: 21s, ETA:    56s[>>>>>>>                   ] 2141/7824, 100.6 task/s, elapsed: 21s, ETA:    56s[>>>>>>>                   ] 2142/7824, 100.6 task/s, elapsed: 21s, ETA:    56s[>>>>>>>                   ] 2143/7824, 100.6 task/s, elapsed: 21s, ETA:    56s[>>>>>>>                   ] 2144/7824, 100.6 task/s, elapsed: 21s, ETA:    56s[>>>>>>>                   ] 2145/7824, 100.6 task/s, elapsed: 21s, ETA:    56s[>>>>>>>                   ] 2146/7824, 100.6 task/s, elapsed: 21s, ETA:    56s[>>>>>>>                   ] 2147/7824, 100.7 task/s, elapsed: 21s, ETA:    56s[>>>>>>>                   ] 2148/7824, 100.7 task/s, elapsed: 21s, ETA:    56s[>>>>>>>                   ] 2149/7824, 100.7 task/s, elapsed: 21s, ETA:    56s[>>>>>>>                   ] 2150/7824, 100.7 task/s, elapsed: 21s, ETA:    56s[>>>>>>>                   ] 2151/7824, 100.7 task/s, elapsed: 21s, ETA:    56s[>>>>>>>                   ] 2152/7824, 100.7 task/s, elapsed: 21s, ETA:    56s[>>>>>>>                   ] 2153/7824, 100.7 task/s, elapsed: 21s, ETA:    56s[>>>>>>>                   ] 2154/7824, 100.7 task/s, elapsed: 21s, ETA:    56s[>>>>>>>                   ] 2155/7824, 100.7 task/s, elapsed: 21s, ETA:    56s[>>>>>>>                   ] 2156/7824, 100.7 task/s, elapsed: 21s, ETA:    56s[>>>>>>>                   ] 2157/7824, 100.7 task/s, elapsed: 21s, ETA:    56s[>>>>>>>                   ] 2158/7824, 100.7 task/s, elapsed: 21s, ETA:    56s[>>>>>>>                   ] 2159/7824, 100.7 task/s, elapsed: 21s, ETA:    56s[>>>>>>>                   ] 2160/7824, 100.7 task/s, elapsed: 21s, ETA:    56s[>>>>>>>                   ] 2161/7824, 100.7 task/s, elapsed: 21s, ETA:    56s[>>>>>>>                   ] 2162/7824, 100.7 task/s, elapsed: 21s, ETA:    56s[>>>>>>>                   ] 2163/7824, 100.7 task/s, elapsed: 21s, ETA:    56s[>>>>>>>                   ] 2164/7824, 100.7 task/s, elapsed: 21s, ETA:    56s[>>>>>>>                   ] 2165/7824, 100.7 task/s, elapsed: 21s, ETA:    56s[>>>>>>>                   ] 2166/7824, 100.7 task/s, elapsed: 22s, ETA:    56s[>>>>>>>                   ] 2167/7824, 100.7 task/s, elapsed: 22s, ETA:    56s[>>>>>>>                   ] 2168/7824, 100.7 task/s, elapsed: 22s, ETA:    56s[>>>>>>>                   ] 2169/7824, 100.8 task/s, elapsed: 22s, ETA:    56s[>>>>>>>                   ] 2170/7824, 100.8 task/s, elapsed: 22s, ETA:    56s[>>>>>>>                   ] 2171/7824, 100.8 task/s, elapsed: 22s, ETA:    56s[>>>>>>>                   ] 2172/7824, 100.8 task/s, elapsed: 22s, ETA:    56s[>>>>>>>                   ] 2173/7824, 100.8 task/s, elapsed: 22s, ETA:    56s[>>>>>>>                   ] 2174/7824, 100.8 task/s, elapsed: 22s, ETA:    56s[>>>>>>>                   ] 2175/7824, 100.8 task/s, elapsed: 22s, ETA:    56s[>>>>>>>                   ] 2176/7824, 100.8 task/s, elapsed: 22s, ETA:    56s[>>>>>>>                   ] 2177/7824, 100.8 task/s, elapsed: 22s, ETA:    56s[>>>>>>>                   ] 2178/7824, 100.8 task/s, elapsed: 22s, ETA:    56s[>>>>>>>                   ] 2179/7824, 100.8 task/s, elapsed: 22s, ETA:    56s[>>>>>>>                   ] 2180/7824, 100.8 task/s, elapsed: 22s, ETA:    56s[>>>>>>>                   ] 2181/7824, 100.8 task/s, elapsed: 22s, ETA:    56s[>>>>>>>                   ] 2182/7824, 100.8 task/s, elapsed: 22s, ETA:    56s[>>>>>>>                   ] 2183/7824, 100.8 task/s, elapsed: 22s, ETA:    56s[>>>>>>>                   ] 2184/7824, 100.8 task/s, elapsed: 22s, ETA:    56s[>>>>>>>                   ] 2185/7824, 100.8 task/s, elapsed: 22s, ETA:    56s[>>>>>>>                   ] 2186/7824, 100.8 task/s, elapsed: 22s, ETA:    56s[>>>>>>>                   ] 2187/7824, 100.8 task/s, elapsed: 22s, ETA:    56s[>>>>>>>                   ] 2188/7824, 100.8 task/s, elapsed: 22s, ETA:    56s[>>>>>>>                   ] 2189/7824, 100.9 task/s, elapsed: 22s, ETA:    56s[>>>>>>>                   ] 2190/7824, 100.9 task/s, elapsed: 22s, ETA:    56s[>>>>>>>                   ] 2191/7824, 100.9 task/s, elapsed: 22s, ETA:    56s[>>>>>>>                   ] 2192/7824, 100.9 task/s, elapsed: 22s, ETA:    56s[>>>>>>>                   ] 2193/7824, 100.9 task/s, elapsed: 22s, ETA:    56s[>>>>>>>                   ] 2194/7824, 100.9 task/s, elapsed: 22s, ETA:    56s[>>>>>>>                   ] 2195/7824, 100.9 task/s, elapsed: 22s, ETA:    56s[>>>>>>>                   ] 2196/7824, 100.9 task/s, elapsed: 22s, ETA:    56s[>>>>>>>                   ] 2197/7824, 100.9 task/s, elapsed: 22s, ETA:    56s[>>>>>>>                   ] 2198/7824, 100.9 task/s, elapsed: 22s, ETA:    56s[>>>>>>>                   ] 2199/7824, 100.9 task/s, elapsed: 22s, ETA:    56s[>>>>>>>                   ] 2200/7824, 100.9 task/s, elapsed: 22s, ETA:    56s[>>>>>>>                   ] 2201/7824, 100.9 task/s, elapsed: 22s, ETA:    56s[>>>>>>>                   ] 2202/7824, 100.9 task/s, elapsed: 22s, ETA:    56s[>>>>>>>                   ] 2203/7824, 100.9 task/s, elapsed: 22s, ETA:    56s[>>>>>>>                   ] 2204/7824, 100.9 task/s, elapsed: 22s, ETA:    56s[>>>>>>>                   ] 2205/7824, 100.9 task/s, elapsed: 22s, ETA:    56s[>>>>>>>                   ] 2206/7824, 100.9 task/s, elapsed: 22s, ETA:    56s[>>>>>>>                   ] 2207/7824, 101.0 task/s, elapsed: 22s, ETA:    56s[>>>>>>>                   ] 2208/7824, 101.0 task/s, elapsed: 22s, ETA:    56s[>>>>>>>                   ] 2209/7824, 101.0 task/s, elapsed: 22s, ETA:    56s[>>>>>>>                   ] 2210/7824, 101.0 task/s, elapsed: 22s, ETA:    56s[>>>>>>>                   ] 2211/7824, 101.0 task/s, elapsed: 22s, ETA:    56s[>>>>>>>                   ] 2212/7824, 101.0 task/s, elapsed: 22s, ETA:    56s[>>>>>>>                   ] 2213/7824, 101.0 task/s, elapsed: 22s, ETA:    56s[>>>>>>>                   ] 2214/7824, 101.0 task/s, elapsed: 22s, ETA:    56s[>>>>>>>                   ] 2215/7824, 101.0 task/s, elapsed: 22s, ETA:    56s[>>>>>>>                   ] 2216/7824, 101.0 task/s, elapsed: 22s, ETA:    56s[>>>>>>>                   ] 2217/7824, 101.0 task/s, elapsed: 22s, ETA:    56s[>>>>>>>                   ] 2218/7824, 101.0 task/s, elapsed: 22s, ETA:    55s[>>>>>>>                   ] 2219/7824, 101.0 task/s, elapsed: 22s, ETA:    55s[>>>>>>>                   ] 2220/7824, 101.0 task/s, elapsed: 22s, ETA:    55s[>>>>>>>                   ] 2221/7824, 101.0 task/s, elapsed: 22s, ETA:    55s[>>>>>>>                   ] 2222/7824, 101.0 task/s, elapsed: 22s, ETA:    55s[>>>>>>>                   ] 2223/7824, 101.0 task/s, elapsed: 22s, ETA:    55s[>>>>>>>                   ] 2224/7824, 101.0 task/s, elapsed: 22s, ETA:    55s[>>>>>>>                   ] 2225/7824, 101.1 task/s, elapsed: 22s, ETA:    55s[>>>>>>>                   ] 2226/7824, 101.1 task/s, elapsed: 22s, ETA:    55s[>>>>>>>                   ] 2227/7824, 101.1 task/s, elapsed: 22s, ETA:    55s[>>>>>>>                   ] 2228/7824, 101.1 task/s, elapsed: 22s, ETA:    55s[>>>>>>>                   ] 2229/7824, 101.1 task/s, elapsed: 22s, ETA:    55s[>>>>>>>                   ] 2230/7824, 101.1 task/s, elapsed: 22s, ETA:    55s[>>>>>>>                   ] 2231/7824, 101.1 task/s, elapsed: 22s, ETA:    55s[>>>>>>>                   ] 2232/7824, 101.1 task/s, elapsed: 22s, ETA:    55s[>>>>>>>                   ] 2233/7824, 101.1 task/s, elapsed: 22s, ETA:    55s[>>>>>>>                   ] 2234/7824, 101.1 task/s, elapsed: 22s, ETA:    55s[>>>>>>>                   ] 2235/7824, 101.1 task/s, elapsed: 22s, ETA:    55s[>>>>>>>                   ] 2236/7824, 101.1 task/s, elapsed: 22s, ETA:    55s[>>>>>>>                   ] 2237/7824, 101.1 task/s, elapsed: 22s, ETA:    55s[>>>>>>>                   ] 2238/7824, 101.1 task/s, elapsed: 22s, ETA:    55s[>>>>>>>                   ] 2239/7824, 101.1 task/s, elapsed: 22s, ETA:    55s[>>>>>>>                   ] 2240/7824, 101.1 task/s, elapsed: 22s, ETA:    55s[>>>>>>>                   ] 2241/7824, 101.1 task/s, elapsed: 22s, ETA:    55s[>>>>>>>                   ] 2242/7824, 101.1 task/s, elapsed: 22s, ETA:    55s[>>>>>>>                   ] 2243/7824, 101.1 task/s, elapsed: 22s, ETA:    55s[>>>>>>>                   ] 2244/7824, 101.1 task/s, elapsed: 22s, ETA:    55s[>>>>>>>                   ] 2245/7824, 101.1 task/s, elapsed: 22s, ETA:    55s[>>>>>>>                   ] 2246/7824, 101.1 task/s, elapsed: 22s, ETA:    55s[>>>>>>>                   ] 2247/7824, 101.1 task/s, elapsed: 22s, ETA:    55s[>>>>>>>                   ] 2248/7824, 101.1 task/s, elapsed: 22s, ETA:    55s[>>>>>>>                   ] 2249/7824, 101.2 task/s, elapsed: 22s, ETA:    55s[>>>>>>>                   ] 2250/7824, 101.2 task/s, elapsed: 22s, ETA:    55s[>>>>>>>                   ] 2251/7824, 101.2 task/s, elapsed: 22s, ETA:    55s[>>>>>>>                   ] 2252/7824, 101.2 task/s, elapsed: 22s, ETA:    55s[>>>>>>>                   ] 2253/7824, 101.2 task/s, elapsed: 22s, ETA:    55s[>>>>>>>                   ] 2254/7824, 101.2 task/s, elapsed: 22s, ETA:    55s[>>>>>>>                   ] 2255/7824, 101.2 task/s, elapsed: 22s, ETA:    55s[>>>>>>>                   ] 2256/7824, 101.2 task/s, elapsed: 22s, ETA:    55s[>>>>>>>                   ] 2257/7824, 101.2 task/s, elapsed: 22s, ETA:    55s[>>>>>>>                   ] 2258/7824, 101.2 task/s, elapsed: 22s, ETA:    55s[>>>>>>>                   ] 2259/7824, 101.2 task/s, elapsed: 22s, ETA:    55s[>>>>>>>                   ] 2260/7824, 101.2 task/s, elapsed: 22s, ETA:    55s[>>>>>>>                   ] 2261/7824, 101.2 task/s, elapsed: 22s, ETA:    55s[>>>>>>>                   ] 2262/7824, 101.2 task/s, elapsed: 22s, ETA:    55s[>>>>>>>                   ] 2263/7824, 101.2 task/s, elapsed: 22s, ETA:    55s[>>>>>>>                   ] 2264/7824, 101.2 task/s, elapsed: 22s, ETA:    55s[>>>>>>>                   ] 2265/7824, 101.2 task/s, elapsed: 22s, ETA:    55s[>>>>>>>                   ] 2266/7824, 101.2 task/s, elapsed: 22s, ETA:    55s[>>>>>>>                   ] 2267/7824, 101.2 task/s, elapsed: 22s, ETA:    55s[>>>>>>>                   ] 2268/7824, 101.3 task/s, elapsed: 22s, ETA:    55s[>>>>>>>                   ] 2269/7824, 101.3 task/s, elapsed: 22s, ETA:    55s[>>>>>>>                   ] 2270/7824, 101.3 task/s, elapsed: 22s, ETA:    55s[>>>>>>>                   ] 2271/7824, 101.3 task/s, elapsed: 22s, ETA:    55s[>>>>>>>                   ] 2272/7824, 101.3 task/s, elapsed: 22s, ETA:    55s[>>>>>>>                   ] 2273/7824, 101.3 task/s, elapsed: 22s, ETA:    55s[>>>>>>>                   ] 2274/7824, 101.3 task/s, elapsed: 22s, ETA:    55s[>>>>>>>                   ] 2275/7824, 101.3 task/s, elapsed: 22s, ETA:    55s[>>>>>>>                   ] 2276/7824, 101.3 task/s, elapsed: 22s, ETA:    55s[>>>>>>>                   ] 2277/7824, 101.3 task/s, elapsed: 22s, ETA:    55s[>>>>>>>                   ] 2278/7824, 101.3 task/s, elapsed: 22s, ETA:    55s[>>>>>>>                   ] 2279/7824, 101.3 task/s, elapsed: 22s, ETA:    55s[>>>>>>>                   ] 2280/7824, 101.3 task/s, elapsed: 23s, ETA:    55s[>>>>>>>                   ] 2281/7824, 101.3 task/s, elapsed: 23s, ETA:    55s[>>>>>>>                   ] 2282/7824, 101.3 task/s, elapsed: 23s, ETA:    55s[>>>>>>>                   ] 2283/7824, 101.3 task/s, elapsed: 23s, ETA:    55s[>>>>>>>                   ] 2284/7824, 101.3 task/s, elapsed: 23s, ETA:    55s[>>>>>>>                   ] 2285/7824, 101.3 task/s, elapsed: 23s, ETA:    55s[>>>>>>>                   ] 2286/7824, 101.3 task/s, elapsed: 23s, ETA:    55s[>>>>>>>                   ] 2287/7824, 101.3 task/s, elapsed: 23s, ETA:    55s[>>>>>>>                   ] 2288/7824, 101.4 task/s, elapsed: 23s, ETA:    55s[>>>>>>>                   ] 2289/7824, 101.4 task/s, elapsed: 23s, ETA:    55s[>>>>>>>                   ] 2290/7824, 101.4 task/s, elapsed: 23s, ETA:    55s[>>>>>>>                   ] 2291/7824, 101.4 task/s, elapsed: 23s, ETA:    55s[>>>>>>>                   ] 2292/7824, 101.4 task/s, elapsed: 23s, ETA:    55s[>>>>>>>                   ] 2293/7824, 101.4 task/s, elapsed: 23s, ETA:    55s[>>>>>>>                   ] 2294/7824, 101.4 task/s, elapsed: 23s, ETA:    55s[>>>>>>>                   ] 2295/7824, 101.4 task/s, elapsed: 23s, ETA:    55s[>>>>>>>                   ] 2296/7824, 101.4 task/s, elapsed: 23s, ETA:    55s[>>>>>>>                   ] 2297/7824, 101.4 task/s, elapsed: 23s, ETA:    55s[>>>>>>>                   ] 2298/7824, 101.4 task/s, elapsed: 23s, ETA:    54s[>>>>>>>                   ] 2299/7824, 101.4 task/s, elapsed: 23s, ETA:    54s[>>>>>>>                   ] 2300/7824, 101.4 task/s, elapsed: 23s, ETA:    54s[>>>>>>>                   ] 2301/7824, 101.4 task/s, elapsed: 23s, ETA:    54s[>>>>>>>                   ] 2302/7824, 101.4 task/s, elapsed: 23s, ETA:    54s[>>>>>>>                   ] 2303/7824, 101.4 task/s, elapsed: 23s, ETA:    54s[>>>>>>>                   ] 2304/7824, 101.4 task/s, elapsed: 23s, ETA:    54s[>>>>>>>                   ] 2305/7824, 101.4 task/s, elapsed: 23s, ETA:    54s[>>>>>>>                   ] 2306/7824, 101.4 task/s, elapsed: 23s, ETA:    54s[>>>>>>>                   ] 2307/7824, 101.4 task/s, elapsed: 23s, ETA:    54s[>>>>>>>                   ] 2308/7824, 101.5 task/s, elapsed: 23s, ETA:    54s[>>>>>>>                   ] 2309/7824, 101.5 task/s, elapsed: 23s, ETA:    54s[>>>>>>>                   ] 2310/7824, 101.5 task/s, elapsed: 23s, ETA:    54s[>>>>>>>                   ] 2311/7824, 101.5 task/s, elapsed: 23s, ETA:    54s[>>>>>>>                   ] 2312/7824, 101.5 task/s, elapsed: 23s, ETA:    54s[>>>>>>>                   ] 2313/7824, 101.5 task/s, elapsed: 23s, ETA:    54s[>>>>>>>                   ] 2314/7824, 101.5 task/s, elapsed: 23s, ETA:    54s[>>>>>>>                   ] 2315/7824, 101.5 task/s, elapsed: 23s, ETA:    54s[>>>>>>>                   ] 2316/7824, 101.5 task/s, elapsed: 23s, ETA:    54s[>>>>>>>                   ] 2317/7824, 101.5 task/s, elapsed: 23s, ETA:    54s[>>>>>>>                   ] 2318/7824, 101.5 task/s, elapsed: 23s, ETA:    54s[>>>>>>>                   ] 2319/7824, 101.5 task/s, elapsed: 23s, ETA:    54s[>>>>>>>                   ] 2320/7824, 101.5 task/s, elapsed: 23s, ETA:    54s[>>>>>>>                   ] 2321/7824, 101.5 task/s, elapsed: 23s, ETA:    54s[>>>>>>>                   ] 2322/7824, 101.5 task/s, elapsed: 23s, ETA:    54s[>>>>>>>                   ] 2323/7824, 101.5 task/s, elapsed: 23s, ETA:    54s[>>>>>>>                   ] 2324/7824, 101.5 task/s, elapsed: 23s, ETA:    54s[>>>>>>>                   ] 2325/7824, 101.5 task/s, elapsed: 23s, ETA:    54s[>>>>>>>                   ] 2326/7824, 101.5 task/s, elapsed: 23s, ETA:    54s[>>>>>>>                   ] 2327/7824, 101.5 task/s, elapsed: 23s, ETA:    54s[>>>>>>>                   ] 2328/7824, 101.5 task/s, elapsed: 23s, ETA:    54s[>>>>>>>                   ] 2329/7824, 101.5 task/s, elapsed: 23s, ETA:    54s[>>>>>>>                   ] 2330/7824, 101.6 task/s, elapsed: 23s, ETA:    54s[>>>>>>>                   ] 2331/7824, 101.6 task/s, elapsed: 23s, ETA:    54s[>>>>>>>                   ] 2332/7824, 101.6 task/s, elapsed: 23s, ETA:    54s[>>>>>>>                   ] 2333/7824, 101.6 task/s, elapsed: 23s, ETA:    54s[>>>>>>>                   ] 2334/7824, 101.6 task/s, elapsed: 23s, ETA:    54s[>>>>>>>                   ] 2335/7824, 101.6 task/s, elapsed: 23s, ETA:    54s[>>>>>>>                   ] 2336/7824, 101.6 task/s, elapsed: 23s, ETA:    54s[>>>>>>>                   ] 2337/7824, 101.6 task/s, elapsed: 23s, ETA:    54s[>>>>>>>                   ] 2338/7824, 101.6 task/s, elapsed: 23s, ETA:    54s[>>>>>>>                   ] 2339/7824, 101.6 task/s, elapsed: 23s, ETA:    54s[>>>>>>>                   ] 2340/7824, 101.6 task/s, elapsed: 23s, ETA:    54s[>>>>>>>                   ] 2341/7824, 101.6 task/s, elapsed: 23s, ETA:    54s[>>>>>>>                   ] 2342/7824, 101.6 task/s, elapsed: 23s, ETA:    54s[>>>>>>>                   ] 2343/7824, 101.6 task/s, elapsed: 23s, ETA:    54s[>>>>>>>                   ] 2344/7824, 101.6 task/s, elapsed: 23s, ETA:    54s[>>>>>>>                   ] 2345/7824, 101.6 task/s, elapsed: 23s, ETA:    54s[>>>>>>>                   ] 2346/7824, 101.6 task/s, elapsed: 23s, ETA:    54s[>>>>>>>                   ] 2347/7824, 101.6 task/s, elapsed: 23s, ETA:    54s[>>>>>>>                   ] 2348/7824, 101.6 task/s, elapsed: 23s, ETA:    54s[>>>>>>>                   ] 2349/7824, 101.6 task/s, elapsed: 23s, ETA:    54s[>>>>>>>                   ] 2350/7824, 101.5 task/s, elapsed: 23s, ETA:    54s[>>>>>>>                   ] 2351/7824, 101.5 task/s, elapsed: 23s, ETA:    54s[>>>>>>>                   ] 2352/7824, 101.5 task/s, elapsed: 23s, ETA:    54s[>>>>>>>                   ] 2353/7824, 101.5 task/s, elapsed: 23s, ETA:    54s[>>>>>>>                   ] 2354/7824, 101.5 task/s, elapsed: 23s, ETA:    54s[>>>>>>>                   ] 2355/7824, 101.5 task/s, elapsed: 23s, ETA:    54s[>>>>>>>                   ] 2356/7824, 101.5 task/s, elapsed: 23s, ETA:    54s[>>>>>>>                   ] 2357/7824, 101.4 task/s, elapsed: 23s, ETA:    54s[>>>>>>>                   ] 2358/7824, 101.4 task/s, elapsed: 23s, ETA:    54s[>>>>>>>                   ] 2359/7824, 101.4 task/s, elapsed: 23s, ETA:    54s[>>>>>>>                   ] 2360/7824, 101.4 task/s, elapsed: 23s, ETA:    54s[>>>>>>>                   ] 2361/7824, 101.4 task/s, elapsed: 23s, ETA:    54s[>>>>>>>                   ] 2362/7824, 101.4 task/s, elapsed: 23s, ETA:    54s[>>>>>>>                   ] 2363/7824, 101.4 task/s, elapsed: 23s, ETA:    54s[>>>>>>>                   ] 2364/7824, 101.4 task/s, elapsed: 23s, ETA:    54s[>>>>>>>                   ] 2365/7824, 101.3 task/s, elapsed: 23s, ETA:    54s[>>>>>>>                   ] 2366/7824, 101.3 task/s, elapsed: 23s, ETA:    54s[>>>>>>>                   ] 2367/7824, 101.3 task/s, elapsed: 23s, ETA:    54s[>>>>>>>                   ] 2368/7824, 101.3 task/s, elapsed: 23s, ETA:    54s[>>>>>>>                   ] 2369/7824, 101.3 task/s, elapsed: 23s, ETA:    54s[>>>>>>>                   ] 2370/7824, 101.3 task/s, elapsed: 23s, ETA:    54s[>>>>>>>                   ] 2371/7824, 101.3 task/s, elapsed: 23s, ETA:    54s[>>>>>>>                   ] 2372/7824, 101.3 task/s, elapsed: 23s, ETA:    54s[>>>>>>>                   ] 2373/7824, 101.2 task/s, elapsed: 23s, ETA:    54s[>>>>>>>                   ] 2374/7824, 101.2 task/s, elapsed: 23s, ETA:    54s[>>>>>>>                   ] 2375/7824, 101.2 task/s, elapsed: 23s, ETA:    54s[>>>>>>>                   ] 2376/7824, 101.2 task/s, elapsed: 23s, ETA:    54s[>>>>>>>                   ] 2377/7824, 101.2 task/s, elapsed: 23s, ETA:    54s[>>>>>>>                   ] 2378/7824, 101.2 task/s, elapsed: 24s, ETA:    54s[>>>>>>>                   ] 2379/7824, 101.2 task/s, elapsed: 24s, ETA:    54s[>>>>>>>                   ] 2380/7824, 101.1 task/s, elapsed: 24s, ETA:    54s[>>>>>>>                   ] 2381/7824, 101.1 task/s, elapsed: 24s, ETA:    54s[>>>>>>>                   ] 2382/7824, 101.1 task/s, elapsed: 24s, ETA:    54s[>>>>>>>                   ] 2383/7824, 101.1 task/s, elapsed: 24s, ETA:    54s[>>>>>>>                   ] 2384/7824, 101.1 task/s, elapsed: 24s, ETA:    54s[>>>>>>>                   ] 2385/7824, 101.1 task/s, elapsed: 24s, ETA:    54s[>>>>>>>                   ] 2386/7824, 101.1 task/s, elapsed: 24s, ETA:    54s[>>>>>>>                   ] 2387/7824, 101.1 task/s, elapsed: 24s, ETA:    54s[>>>>>>>                   ] 2388/7824, 101.0 task/s, elapsed: 24s, ETA:    54s[>>>>>>>                   ] 2389/7824, 101.0 task/s, elapsed: 24s, ETA:    54s[>>>>>>>                   ] 2390/7824, 101.0 task/s, elapsed: 24s, ETA:    54s[>>>>>>>                   ] 2391/7824, 101.0 task/s, elapsed: 24s, ETA:    54s[>>>>>>>                   ] 2392/7824, 101.0 task/s, elapsed: 24s, ETA:    54s[>>>>>>>                   ] 2393/7824, 101.0 task/s, elapsed: 24s, ETA:    54s[>>>>>>>                   ] 2394/7824, 101.0 task/s, elapsed: 24s, ETA:    54s[>>>>>>>                   ] 2395/7824, 101.0 task/s, elapsed: 24s, ETA:    54s[>>>>>>>                   ] 2396/7824, 100.9 task/s, elapsed: 24s, ETA:    54s[>>>>>>>                   ] 2397/7824, 100.9 task/s, elapsed: 24s, ETA:    54s[>>>>>>>                   ] 2398/7824, 100.9 task/s, elapsed: 24s, ETA:    54s[>>>>>>>                   ] 2399/7824, 100.9 task/s, elapsed: 24s, ETA:    54s[>>>>>>>                   ] 2400/7824, 100.9 task/s, elapsed: 24s, ETA:    54s[>>>>>>>                   ] 2401/7824, 100.9 task/s, elapsed: 24s, ETA:    54s[>>>>>>>                   ] 2402/7824, 100.9 task/s, elapsed: 24s, ETA:    54s[>>>>>>>                   ] 2403/7824, 100.9 task/s, elapsed: 24s, ETA:    54s[>>>>>>>                   ] 2404/7824, 100.8 task/s, elapsed: 24s, ETA:    54s[>>>>>>>                   ] 2405/7824, 100.8 task/s, elapsed: 24s, ETA:    54s[>>>>>>>                   ] 2406/7824, 100.9 task/s, elapsed: 24s, ETA:    54s[>>>>>>>                   ] 2407/7824, 100.9 task/s, elapsed: 24s, ETA:    54s[>>>>>>>>                  ] 2408/7824, 100.9 task/s, elapsed: 24s, ETA:    54s[>>>>>>>>                  ] 2409/7824, 100.9 task/s, elapsed: 24s, ETA:    54s[>>>>>>>>                  ] 2410/7824, 100.9 task/s, elapsed: 24s, ETA:    54s[>>>>>>>>                  ] 2411/7824, 100.9 task/s, elapsed: 24s, ETA:    54s[>>>>>>>>                  ] 2412/7824, 100.9 task/s, elapsed: 24s, ETA:    54s[>>>>>>>>                  ] 2413/7824, 100.9 task/s, elapsed: 24s, ETA:    54s[>>>>>>>>                  ] 2414/7824, 100.9 task/s, elapsed: 24s, ETA:    54s[>>>>>>>>                  ] 2415/7824, 100.9 task/s, elapsed: 24s, ETA:    54s[>>>>>>>>                  ] 2416/7824, 100.9 task/s, elapsed: 24s, ETA:    54s[>>>>>>>>                  ] 2417/7824, 100.9 task/s, elapsed: 24s, ETA:    54s[>>>>>>>>                  ] 2418/7824, 100.9 task/s, elapsed: 24s, ETA:    54s[>>>>>>>>                  ] 2419/7824, 100.9 task/s, elapsed: 24s, ETA:    54s[>>>>>>>>                  ] 2420/7824, 100.9 task/s, elapsed: 24s, ETA:    54s[>>>>>>>>                  ] 2421/7824, 100.9 task/s, elapsed: 24s, ETA:    54s[>>>>>>>>                  ] 2422/7824, 100.9 task/s, elapsed: 24s, ETA:    54s[>>>>>>>>                  ] 2423/7824, 100.9 task/s, elapsed: 24s, ETA:    54s[>>>>>>>>                  ] 2424/7824, 100.9 task/s, elapsed: 24s, ETA:    54s[>>>>>>>>                  ] 2425/7824, 100.9 task/s, elapsed: 24s, ETA:    53s[>>>>>>>>                  ] 2426/7824, 100.9 task/s, elapsed: 24s, ETA:    53s[>>>>>>>>                  ] 2427/7824, 100.9 task/s, elapsed: 24s, ETA:    53s[>>>>>>>>                  ] 2428/7824, 100.9 task/s, elapsed: 24s, ETA:    53s[>>>>>>>>                  ] 2429/7824, 100.9 task/s, elapsed: 24s, ETA:    53s[>>>>>>>>                  ] 2430/7824, 100.9 task/s, elapsed: 24s, ETA:    53s[>>>>>>>>                  ] 2431/7824, 100.9 task/s, elapsed: 24s, ETA:    53s[>>>>>>>>                  ] 2432/7824, 101.0 task/s, elapsed: 24s, ETA:    53s[>>>>>>>>                  ] 2433/7824, 101.0 task/s, elapsed: 24s, ETA:    53s[>>>>>>>>                  ] 2434/7824, 101.0 task/s, elapsed: 24s, ETA:    53s[>>>>>>>>                  ] 2435/7824, 101.0 task/s, elapsed: 24s, ETA:    53s[>>>>>>>>                  ] 2436/7824, 101.0 task/s, elapsed: 24s, ETA:    53s[>>>>>>>>                  ] 2437/7824, 101.0 task/s, elapsed: 24s, ETA:    53s[>>>>>>>>                  ] 2438/7824, 101.0 task/s, elapsed: 24s, ETA:    53s[>>>>>>>>                  ] 2439/7824, 101.0 task/s, elapsed: 24s, ETA:    53s[>>>>>>>>                  ] 2440/7824, 101.0 task/s, elapsed: 24s, ETA:    53s[>>>>>>>>                  ] 2441/7824, 101.0 task/s, elapsed: 24s, ETA:    53s[>>>>>>>>                  ] 2442/7824, 101.0 task/s, elapsed: 24s, ETA:    53s[>>>>>>>>                  ] 2443/7824, 101.0 task/s, elapsed: 24s, ETA:    53s[>>>>>>>>                  ] 2444/7824, 101.0 task/s, elapsed: 24s, ETA:    53s[>>>>>>>>                  ] 2445/7824, 101.0 task/s, elapsed: 24s, ETA:    53s[>>>>>>>>                  ] 2446/7824, 101.0 task/s, elapsed: 24s, ETA:    53s[>>>>>>>>                  ] 2447/7824, 101.0 task/s, elapsed: 24s, ETA:    53s[>>>>>>>>                  ] 2448/7824, 101.0 task/s, elapsed: 24s, ETA:    53s[>>>>>>>>                  ] 2449/7824, 101.0 task/s, elapsed: 24s, ETA:    53s[>>>>>>>>                  ] 2450/7824, 101.0 task/s, elapsed: 24s, ETA:    53s[>>>>>>>>                  ] 2451/7824, 101.0 task/s, elapsed: 24s, ETA:    53s[>>>>>>>>                  ] 2452/7824, 101.0 task/s, elapsed: 24s, ETA:    53s[>>>>>>>>                  ] 2453/7824, 101.0 task/s, elapsed: 24s, ETA:    53s[>>>>>>>>                  ] 2454/7824, 101.1 task/s, elapsed: 24s, ETA:    53s[>>>>>>>>                  ] 2455/7824, 101.1 task/s, elapsed: 24s, ETA:    53s[>>>>>>>>                  ] 2456/7824, 101.1 task/s, elapsed: 24s, ETA:    53s[>>>>>>>>                  ] 2457/7824, 101.1 task/s, elapsed: 24s, ETA:    53s[>>>>>>>>                  ] 2458/7824, 101.1 task/s, elapsed: 24s, ETA:    53s[>>>>>>>>                  ] 2459/7824, 101.1 task/s, elapsed: 24s, ETA:    53s[>>>>>>>>                  ] 2460/7824, 101.1 task/s, elapsed: 24s, ETA:    53s[>>>>>>>>                  ] 2461/7824, 101.1 task/s, elapsed: 24s, ETA:    53s[>>>>>>>>                  ] 2462/7824, 101.1 task/s, elapsed: 24s, ETA:    53s[>>>>>>>>                  ] 2463/7824, 101.1 task/s, elapsed: 24s, ETA:    53s[>>>>>>>>                  ] 2464/7824, 101.1 task/s, elapsed: 24s, ETA:    53s[>>>>>>>>                  ] 2465/7824, 101.1 task/s, elapsed: 24s, ETA:    53s[>>>>>>>>                  ] 2466/7824, 101.1 task/s, elapsed: 24s, ETA:    53s[>>>>>>>>                  ] 2467/7824, 101.1 task/s, elapsed: 24s, ETA:    53s[>>>>>>>>                  ] 2468/7824, 101.1 task/s, elapsed: 24s, ETA:    53s[>>>>>>>>                  ] 2469/7824, 101.1 task/s, elapsed: 24s, ETA:    53s[>>>>>>>>                  ] 2470/7824, 101.1 task/s, elapsed: 24s, ETA:    53s[>>>>>>>>                  ] 2471/7824, 101.1 task/s, elapsed: 24s, ETA:    53s[>>>>>>>>                  ] 2472/7824, 101.1 task/s, elapsed: 24s, ETA:    53s[>>>>>>>>                  ] 2473/7824, 101.1 task/s, elapsed: 24s, ETA:    53s[>>>>>>>>                  ] 2474/7824, 101.1 task/s, elapsed: 24s, ETA:    53s[>>>>>>>>                  ] 2475/7824, 101.1 task/s, elapsed: 24s, ETA:    53s[>>>>>>>>                  ] 2476/7824, 101.2 task/s, elapsed: 24s, ETA:    53s[>>>>>>>>                  ] 2477/7824, 101.2 task/s, elapsed: 24s, ETA:    53s[>>>>>>>>                  ] 2478/7824, 101.2 task/s, elapsed: 24s, ETA:    53s[>>>>>>>>                  ] 2479/7824, 101.2 task/s, elapsed: 25s, ETA:    53s[>>>>>>>>                  ] 2480/7824, 101.2 task/s, elapsed: 25s, ETA:    53s[>>>>>>>>                  ] 2481/7824, 101.2 task/s, elapsed: 25s, ETA:    53s[>>>>>>>>                  ] 2482/7824, 101.2 task/s, elapsed: 25s, ETA:    53s[>>>>>>>>                  ] 2483/7824, 101.2 task/s, elapsed: 25s, ETA:    53s[>>>>>>>>                  ] 2484/7824, 101.2 task/s, elapsed: 25s, ETA:    53s[>>>>>>>>                  ] 2485/7824, 101.2 task/s, elapsed: 25s, ETA:    53s[>>>>>>>>                  ] 2486/7824, 101.2 task/s, elapsed: 25s, ETA:    53s[>>>>>>>>                  ] 2487/7824, 101.2 task/s, elapsed: 25s, ETA:    53s[>>>>>>>>                  ] 2488/7824, 101.2 task/s, elapsed: 25s, ETA:    53s[>>>>>>>>                  ] 2489/7824, 101.2 task/s, elapsed: 25s, ETA:    53s[>>>>>>>>                  ] 2490/7824, 101.2 task/s, elapsed: 25s, ETA:    53s[>>>>>>>>                  ] 2491/7824, 101.2 task/s, elapsed: 25s, ETA:    53s[>>>>>>>>                  ] 2492/7824, 101.2 task/s, elapsed: 25s, ETA:    53s[>>>>>>>>                  ] 2493/7824, 101.2 task/s, elapsed: 25s, ETA:    53s[>>>>>>>>                  ] 2494/7824, 101.2 task/s, elapsed: 25s, ETA:    53s[>>>>>>>>                  ] 2495/7824, 101.2 task/s, elapsed: 25s, ETA:    53s[>>>>>>>>                  ] 2496/7824, 101.2 task/s, elapsed: 25s, ETA:    53s[>>>>>>>>                  ] 2497/7824, 101.2 task/s, elapsed: 25s, ETA:    53s[>>>>>>>>                  ] 2498/7824, 101.2 task/s, elapsed: 25s, ETA:    53s[>>>>>>>>                  ] 2499/7824, 101.2 task/s, elapsed: 25s, ETA:    53s[>>>>>>>>                  ] 2500/7824, 101.3 task/s, elapsed: 25s, ETA:    53s[>>>>>>>>                  ] 2501/7824, 101.3 task/s, elapsed: 25s, ETA:    53s[>>>>>>>>                  ] 2502/7824, 101.3 task/s, elapsed: 25s, ETA:    53s[>>>>>>>>                  ] 2503/7824, 101.3 task/s, elapsed: 25s, ETA:    53s[>>>>>>>>                  ] 2504/7824, 101.3 task/s, elapsed: 25s, ETA:    53s[>>>>>>>>                  ] 2505/7824, 101.3 task/s, elapsed: 25s, ETA:    53s[>>>>>>>>                  ] 2506/7824, 101.3 task/s, elapsed: 25s, ETA:    53s[>>>>>>>>                  ] 2507/7824, 101.3 task/s, elapsed: 25s, ETA:    52s[>>>>>>>>                  ] 2508/7824, 101.3 task/s, elapsed: 25s, ETA:    52s[>>>>>>>>                  ] 2509/7824, 101.3 task/s, elapsed: 25s, ETA:    52s[>>>>>>>>                  ] 2510/7824, 101.3 task/s, elapsed: 25s, ETA:    52s[>>>>>>>>                  ] 2511/7824, 101.3 task/s, elapsed: 25s, ETA:    52s[>>>>>>>>                  ] 2512/7824, 101.3 task/s, elapsed: 25s, ETA:    52s[>>>>>>>>                  ] 2513/7824, 101.3 task/s, elapsed: 25s, ETA:    52s[>>>>>>>>                  ] 2514/7824, 101.3 task/s, elapsed: 25s, ETA:    52s[>>>>>>>>                  ] 2515/7824, 101.3 task/s, elapsed: 25s, ETA:    52s[>>>>>>>>                  ] 2516/7824, 101.3 task/s, elapsed: 25s, ETA:    52s[>>>>>>>>                  ] 2517/7824, 101.3 task/s, elapsed: 25s, ETA:    52s[>>>>>>>>                  ] 2518/7824, 101.3 task/s, elapsed: 25s, ETA:    52s[>>>>>>>>                  ] 2519/7824, 101.3 task/s, elapsed: 25s, ETA:    52s[>>>>>>>>                  ] 2520/7824, 101.3 task/s, elapsed: 25s, ETA:    52s[>>>>>>>>                  ] 2521/7824, 101.3 task/s, elapsed: 25s, ETA:    52s[>>>>>>>>                  ] 2522/7824, 101.4 task/s, elapsed: 25s, ETA:    52s[>>>>>>>>                  ] 2523/7824, 101.4 task/s, elapsed: 25s, ETA:    52s[>>>>>>>>                  ] 2524/7824, 101.4 task/s, elapsed: 25s, ETA:    52s[>>>>>>>>                  ] 2525/7824, 101.4 task/s, elapsed: 25s, ETA:    52s[>>>>>>>>                  ] 2526/7824, 101.4 task/s, elapsed: 25s, ETA:    52s[>>>>>>>>                  ] 2527/7824, 101.4 task/s, elapsed: 25s, ETA:    52s[>>>>>>>>                  ] 2528/7824, 101.4 task/s, elapsed: 25s, ETA:    52s[>>>>>>>>                  ] 2529/7824, 101.4 task/s, elapsed: 25s, ETA:    52s[>>>>>>>>                  ] 2530/7824, 101.4 task/s, elapsed: 25s, ETA:    52s[>>>>>>>>                  ] 2531/7824, 101.4 task/s, elapsed: 25s, ETA:    52s[>>>>>>>>                  ] 2532/7824, 101.4 task/s, elapsed: 25s, ETA:    52s[>>>>>>>>                  ] 2533/7824, 101.4 task/s, elapsed: 25s, ETA:    52s[>>>>>>>>                  ] 2534/7824, 101.4 task/s, elapsed: 25s, ETA:    52s[>>>>>>>>                  ] 2535/7824, 101.4 task/s, elapsed: 25s, ETA:    52s[>>>>>>>>                  ] 2536/7824, 101.4 task/s, elapsed: 25s, ETA:    52s[>>>>>>>>                  ] 2537/7824, 101.4 task/s, elapsed: 25s, ETA:    52s[>>>>>>>>                  ] 2538/7824, 101.4 task/s, elapsed: 25s, ETA:    52s[>>>>>>>>                  ] 2539/7824, 101.4 task/s, elapsed: 25s, ETA:    52s[>>>>>>>>                  ] 2540/7824, 101.4 task/s, elapsed: 25s, ETA:    52s[>>>>>>>>                  ] 2541/7824, 101.4 task/s, elapsed: 25s, ETA:    52s[>>>>>>>>                  ] 2542/7824, 101.4 task/s, elapsed: 25s, ETA:    52s[>>>>>>>>                  ] 2543/7824, 101.4 task/s, elapsed: 25s, ETA:    52s[>>>>>>>>                  ] 2544/7824, 101.4 task/s, elapsed: 25s, ETA:    52s[>>>>>>>>                  ] 2545/7824, 101.4 task/s, elapsed: 25s, ETA:    52s[>>>>>>>>                  ] 2546/7824, 101.5 task/s, elapsed: 25s, ETA:    52s[>>>>>>>>                  ] 2547/7824, 101.5 task/s, elapsed: 25s, ETA:    52s[>>>>>>>>                  ] 2548/7824, 101.5 task/s, elapsed: 25s, ETA:    52s[>>>>>>>>                  ] 2549/7824, 101.5 task/s, elapsed: 25s, ETA:    52s[>>>>>>>>                  ] 2550/7824, 101.5 task/s, elapsed: 25s, ETA:    52s[>>>>>>>>                  ] 2551/7824, 101.5 task/s, elapsed: 25s, ETA:    52s[>>>>>>>>                  ] 2552/7824, 101.5 task/s, elapsed: 25s, ETA:    52s[>>>>>>>>                  ] 2553/7824, 101.5 task/s, elapsed: 25s, ETA:    52s[>>>>>>>>                  ] 2554/7824, 101.5 task/s, elapsed: 25s, ETA:    52s[>>>>>>>>                  ] 2555/7824, 101.5 task/s, elapsed: 25s, ETA:    52s[>>>>>>>>                  ] 2556/7824, 101.5 task/s, elapsed: 25s, ETA:    52s[>>>>>>>>                  ] 2557/7824, 101.5 task/s, elapsed: 25s, ETA:    52s[>>>>>>>>                  ] 2558/7824, 101.5 task/s, elapsed: 25s, ETA:    52s[>>>>>>>>                  ] 2559/7824, 101.5 task/s, elapsed: 25s, ETA:    52s[>>>>>>>>                  ] 2560/7824, 101.5 task/s, elapsed: 25s, ETA:    52s[>>>>>>>>                  ] 2561/7824, 101.5 task/s, elapsed: 25s, ETA:    52s[>>>>>>>>                  ] 2562/7824, 101.5 task/s, elapsed: 25s, ETA:    52s[>>>>>>>>                  ] 2563/7824, 101.5 task/s, elapsed: 25s, ETA:    52s[>>>>>>>>                  ] 2564/7824, 101.5 task/s, elapsed: 25s, ETA:    52s[>>>>>>>>                  ] 2565/7824, 101.5 task/s, elapsed: 25s, ETA:    52s[>>>>>>>>                  ] 2566/7824, 101.5 task/s, elapsed: 25s, ETA:    52s[>>>>>>>>                  ] 2567/7824, 101.5 task/s, elapsed: 25s, ETA:    52s[>>>>>>>>                  ] 2568/7824, 101.5 task/s, elapsed: 25s, ETA:    52s[>>>>>>>>                  ] 2569/7824, 101.5 task/s, elapsed: 25s, ETA:    52s[>>>>>>>>                  ] 2570/7824, 101.5 task/s, elapsed: 25s, ETA:    52s[>>>>>>>>                  ] 2571/7824, 101.5 task/s, elapsed: 25s, ETA:    52s[>>>>>>>>                  ] 2572/7824, 101.5 task/s, elapsed: 25s, ETA:    52s[>>>>>>>>                  ] 2573/7824, 101.5 task/s, elapsed: 25s, ETA:    52s[>>>>>>>>                  ] 2574/7824, 101.5 task/s, elapsed: 25s, ETA:    52s[>>>>>>>>                  ] 2575/7824, 101.5 task/s, elapsed: 25s, ETA:    52s[>>>>>>>>                  ] 2576/7824, 101.5 task/s, elapsed: 25s, ETA:    52s[>>>>>>>>                  ] 2577/7824, 101.5 task/s, elapsed: 25s, ETA:    52s[>>>>>>>>                  ] 2578/7824, 101.6 task/s, elapsed: 25s, ETA:    52s[>>>>>>>>                  ] 2579/7824, 101.6 task/s, elapsed: 25s, ETA:    52s[>>>>>>>>                  ] 2580/7824, 101.6 task/s, elapsed: 25s, ETA:    52s[>>>>>>>>                  ] 2581/7824, 101.6 task/s, elapsed: 25s, ETA:    52s[>>>>>>>>                  ] 2582/7824, 101.6 task/s, elapsed: 25s, ETA:    52s[>>>>>>>>                  ] 2583/7824, 101.6 task/s, elapsed: 25s, ETA:    52s[>>>>>>>>                  ] 2584/7824, 101.6 task/s, elapsed: 25s, ETA:    52s[>>>>>>>>                  ] 2585/7824, 101.6 task/s, elapsed: 25s, ETA:    52s[>>>>>>>>                  ] 2586/7824, 101.6 task/s, elapsed: 25s, ETA:    52s[>>>>>>>>                  ] 2587/7824, 101.6 task/s, elapsed: 25s, ETA:    52s[>>>>>>>>                  ] 2588/7824, 101.6 task/s, elapsed: 25s, ETA:    52s[>>>>>>>>                  ] 2589/7824, 101.6 task/s, elapsed: 25s, ETA:    52s[>>>>>>>>                  ] 2590/7824, 101.6 task/s, elapsed: 25s, ETA:    52s[>>>>>>>>                  ] 2591/7824, 101.6 task/s, elapsed: 26s, ETA:    52s[>>>>>>>>                  ] 2592/7824, 101.6 task/s, elapsed: 26s, ETA:    51s[>>>>>>>>                  ] 2593/7824, 101.6 task/s, elapsed: 26s, ETA:    51s[>>>>>>>>                  ] 2594/7824, 101.6 task/s, elapsed: 26s, ETA:    51s[>>>>>>>>                  ] 2595/7824, 101.6 task/s, elapsed: 26s, ETA:    51s[>>>>>>>>                  ] 2596/7824, 101.6 task/s, elapsed: 26s, ETA:    51s[>>>>>>>>                  ] 2597/7824, 101.6 task/s, elapsed: 26s, ETA:    51s[>>>>>>>>                  ] 2598/7824, 101.6 task/s, elapsed: 26s, ETA:    51s[>>>>>>>>                  ] 2599/7824, 101.6 task/s, elapsed: 26s, ETA:    51s[>>>>>>>>                  ] 2600/7824, 101.6 task/s, elapsed: 26s, ETA:    51s[>>>>>>>>                  ] 2601/7824, 101.6 task/s, elapsed: 26s, ETA:    51s[>>>>>>>>                  ] 2602/7824, 101.6 task/s, elapsed: 26s, ETA:    51s[>>>>>>>>                  ] 2603/7824, 101.6 task/s, elapsed: 26s, ETA:    51s[>>>>>>>>                  ] 2604/7824, 101.6 task/s, elapsed: 26s, ETA:    51s[>>>>>>>>                  ] 2605/7824, 101.6 task/s, elapsed: 26s, ETA:    51s[>>>>>>>>                  ] 2606/7824, 101.6 task/s, elapsed: 26s, ETA:    51s[>>>>>>>>                  ] 2607/7824, 101.6 task/s, elapsed: 26s, ETA:    51s[>>>>>>>>                  ] 2608/7824, 101.7 task/s, elapsed: 26s, ETA:    51s[>>>>>>>>                  ] 2609/7824, 101.7 task/s, elapsed: 26s, ETA:    51s[>>>>>>>>                  ] 2610/7824, 101.7 task/s, elapsed: 26s, ETA:    51s[>>>>>>>>                  ] 2611/7824, 101.7 task/s, elapsed: 26s, ETA:    51s[>>>>>>>>                  ] 2612/7824, 101.7 task/s, elapsed: 26s, ETA:    51s[>>>>>>>>                  ] 2613/7824, 101.7 task/s, elapsed: 26s, ETA:    51s[>>>>>>>>                  ] 2614/7824, 101.7 task/s, elapsed: 26s, ETA:    51s[>>>>>>>>                  ] 2615/7824, 101.7 task/s, elapsed: 26s, ETA:    51s[>>>>>>>>                  ] 2616/7824, 101.7 task/s, elapsed: 26s, ETA:    51s[>>>>>>>>                  ] 2617/7824, 101.7 task/s, elapsed: 26s, ETA:    51s[>>>>>>>>                  ] 2618/7824, 101.7 task/s, elapsed: 26s, ETA:    51s[>>>>>>>>                  ] 2619/7824, 101.7 task/s, elapsed: 26s, ETA:    51s[>>>>>>>>                  ] 2620/7824, 101.7 task/s, elapsed: 26s, ETA:    51s[>>>>>>>>                  ] 2621/7824, 101.7 task/s, elapsed: 26s, ETA:    51s[>>>>>>>>                  ] 2622/7824, 101.7 task/s, elapsed: 26s, ETA:    51s[>>>>>>>>                  ] 2623/7824, 101.7 task/s, elapsed: 26s, ETA:    51s[>>>>>>>>                  ] 2624/7824, 101.7 task/s, elapsed: 26s, ETA:    51s[>>>>>>>>                  ] 2625/7824, 101.7 task/s, elapsed: 26s, ETA:    51s[>>>>>>>>                  ] 2626/7824, 101.7 task/s, elapsed: 26s, ETA:    51s[>>>>>>>>                  ] 2627/7824, 101.7 task/s, elapsed: 26s, ETA:    51s[>>>>>>>>                  ] 2628/7824, 101.7 task/s, elapsed: 26s, ETA:    51s[>>>>>>>>                  ] 2629/7824, 101.7 task/s, elapsed: 26s, ETA:    51s[>>>>>>>>                  ] 2630/7824, 101.7 task/s, elapsed: 26s, ETA:    51s[>>>>>>>>                  ] 2631/7824, 101.7 task/s, elapsed: 26s, ETA:    51s[>>>>>>>>                  ] 2632/7824, 101.7 task/s, elapsed: 26s, ETA:    51s[>>>>>>>>                  ] 2633/7824, 101.7 task/s, elapsed: 26s, ETA:    51s[>>>>>>>>                  ] 2634/7824, 101.7 task/s, elapsed: 26s, ETA:    51s[>>>>>>>>                  ] 2635/7824, 101.7 task/s, elapsed: 26s, ETA:    51s[>>>>>>>>                  ] 2636/7824, 101.7 task/s, elapsed: 26s, ETA:    51s[>>>>>>>>                  ] 2637/7824, 101.7 task/s, elapsed: 26s, ETA:    51s[>>>>>>>>                  ] 2638/7824, 101.7 task/s, elapsed: 26s, ETA:    51s[>>>>>>>>                  ] 2639/7824, 101.7 task/s, elapsed: 26s, ETA:    51s[>>>>>>>>                  ] 2640/7824, 101.7 task/s, elapsed: 26s, ETA:    51s[>>>>>>>>                  ] 2641/7824, 101.7 task/s, elapsed: 26s, ETA:    51s[>>>>>>>>                  ] 2642/7824, 101.8 task/s, elapsed: 26s, ETA:    51s[>>>>>>>>                  ] 2643/7824, 101.8 task/s, elapsed: 26s, ETA:    51s[>>>>>>>>                  ] 2644/7824, 101.8 task/s, elapsed: 26s, ETA:    51s[>>>>>>>>                  ] 2645/7824, 101.8 task/s, elapsed: 26s, ETA:    51s[>>>>>>>>                  ] 2646/7824, 101.8 task/s, elapsed: 26s, ETA:    51s[>>>>>>>>                  ] 2647/7824, 101.8 task/s, elapsed: 26s, ETA:    51s[>>>>>>>>                  ] 2648/7824, 101.8 task/s, elapsed: 26s, ETA:    51s[>>>>>>>>                  ] 2649/7824, 101.8 task/s, elapsed: 26s, ETA:    51s[>>>>>>>>                  ] 2650/7824, 101.8 task/s, elapsed: 26s, ETA:    51s[>>>>>>>>                  ] 2651/7824, 101.8 task/s, elapsed: 26s, ETA:    51s[>>>>>>>>                  ] 2652/7824, 101.8 task/s, elapsed: 26s, ETA:    51s[>>>>>>>>                  ] 2653/7824, 101.8 task/s, elapsed: 26s, ETA:    51s[>>>>>>>>                  ] 2654/7824, 101.8 task/s, elapsed: 26s, ETA:    51s[>>>>>>>>                  ] 2655/7824, 101.8 task/s, elapsed: 26s, ETA:    51s[>>>>>>>>                  ] 2656/7824, 101.8 task/s, elapsed: 26s, ETA:    51s[>>>>>>>>                  ] 2657/7824, 101.8 task/s, elapsed: 26s, ETA:    51s[>>>>>>>>                  ] 2658/7824, 101.8 task/s, elapsed: 26s, ETA:    51s[>>>>>>>>                  ] 2659/7824, 101.8 task/s, elapsed: 26s, ETA:    51s[>>>>>>>>                  ] 2660/7824, 101.8 task/s, elapsed: 26s, ETA:    51s[>>>>>>>>                  ] 2661/7824, 101.8 task/s, elapsed: 26s, ETA:    51s[>>>>>>>>                  ] 2662/7824, 101.8 task/s, elapsed: 26s, ETA:    51s[>>>>>>>>                  ] 2663/7824, 101.8 task/s, elapsed: 26s, ETA:    51s[>>>>>>>>                  ] 2664/7824, 101.8 task/s, elapsed: 26s, ETA:    51s[>>>>>>>>                  ] 2665/7824, 101.8 task/s, elapsed: 26s, ETA:    51s[>>>>>>>>                  ] 2666/7824, 101.9 task/s, elapsed: 26s, ETA:    51s[>>>>>>>>                  ] 2667/7824, 101.9 task/s, elapsed: 26s, ETA:    51s[>>>>>>>>                  ] 2668/7824, 101.9 task/s, elapsed: 26s, ETA:    51s[>>>>>>>>                  ] 2669/7824, 101.9 task/s, elapsed: 26s, ETA:    51s[>>>>>>>>                  ] 2670/7824, 101.9 task/s, elapsed: 26s, ETA:    51s[>>>>>>>>                  ] 2671/7824, 101.9 task/s, elapsed: 26s, ETA:    51s[>>>>>>>>                  ] 2672/7824, 101.9 task/s, elapsed: 26s, ETA:    51s[>>>>>>>>                  ] 2673/7824, 101.9 task/s, elapsed: 26s, ETA:    51s[>>>>>>>>                  ] 2674/7824, 101.9 task/s, elapsed: 26s, ETA:    51s[>>>>>>>>                  ] 2675/7824, 101.9 task/s, elapsed: 26s, ETA:    51s[>>>>>>>>                  ] 2676/7824, 101.9 task/s, elapsed: 26s, ETA:    51s[>>>>>>>>                  ] 2677/7824, 101.9 task/s, elapsed: 26s, ETA:    51s[>>>>>>>>                  ] 2678/7824, 101.9 task/s, elapsed: 26s, ETA:    50s[>>>>>>>>                  ] 2679/7824, 101.9 task/s, elapsed: 26s, ETA:    50s[>>>>>>>>                  ] 2680/7824, 101.9 task/s, elapsed: 26s, ETA:    50s[>>>>>>>>                  ] 2681/7824, 101.9 task/s, elapsed: 26s, ETA:    50s[>>>>>>>>                  ] 2682/7824, 101.9 task/s, elapsed: 26s, ETA:    50s[>>>>>>>>                  ] 2683/7824, 101.9 task/s, elapsed: 26s, ETA:    50s[>>>>>>>>                  ] 2684/7824, 101.9 task/s, elapsed: 26s, ETA:    50s[>>>>>>>>                  ] 2685/7824, 101.9 task/s, elapsed: 26s, ETA:    50s[>>>>>>>>                  ] 2686/7824, 101.9 task/s, elapsed: 26s, ETA:    50s[>>>>>>>>                  ] 2687/7824, 101.9 task/s, elapsed: 26s, ETA:    50s[>>>>>>>>                  ] 2688/7824, 101.9 task/s, elapsed: 26s, ETA:    50s[>>>>>>>>                  ] 2689/7824, 101.9 task/s, elapsed: 26s, ETA:    50s[>>>>>>>>                  ] 2690/7824, 102.0 task/s, elapsed: 26s, ETA:    50s[>>>>>>>>                  ] 2691/7824, 102.0 task/s, elapsed: 26s, ETA:    50s[>>>>>>>>                  ] 2692/7824, 102.0 task/s, elapsed: 26s, ETA:    50s[>>>>>>>>                  ] 2693/7824, 102.0 task/s, elapsed: 26s, ETA:    50s[>>>>>>>>                  ] 2694/7824, 102.0 task/s, elapsed: 26s, ETA:    50s[>>>>>>>>                  ] 2695/7824, 102.0 task/s, elapsed: 26s, ETA:    50s[>>>>>>>>                  ] 2696/7824, 102.0 task/s, elapsed: 26s, ETA:    50s[>>>>>>>>                  ] 2697/7824, 102.0 task/s, elapsed: 26s, ETA:    50s[>>>>>>>>                  ] 2698/7824, 102.0 task/s, elapsed: 26s, ETA:    50s[>>>>>>>>                  ] 2699/7824, 102.0 task/s, elapsed: 26s, ETA:    50s[>>>>>>>>                  ] 2700/7824, 102.0 task/s, elapsed: 26s, ETA:    50s[>>>>>>>>                  ] 2701/7824, 102.0 task/s, elapsed: 26s, ETA:    50s[>>>>>>>>                  ] 2702/7824, 102.0 task/s, elapsed: 26s, ETA:    50s[>>>>>>>>                  ] 2703/7824, 102.0 task/s, elapsed: 27s, ETA:    50s[>>>>>>>>                  ] 2704/7824, 102.0 task/s, elapsed: 27s, ETA:    50s[>>>>>>>>                  ] 2705/7824, 102.0 task/s, elapsed: 27s, ETA:    50s[>>>>>>>>                  ] 2706/7824, 102.0 task/s, elapsed: 27s, ETA:    50s[>>>>>>>>                  ] 2707/7824, 102.0 task/s, elapsed: 27s, ETA:    50s[>>>>>>>>                  ] 2708/7824, 102.0 task/s, elapsed: 27s, ETA:    50s[>>>>>>>>>                 ] 2709/7824, 102.0 task/s, elapsed: 27s, ETA:    50s[>>>>>>>>>                 ] 2710/7824, 102.0 task/s, elapsed: 27s, ETA:    50s[>>>>>>>>>                 ] 2711/7824, 102.0 task/s, elapsed: 27s, ETA:    50s[>>>>>>>>>                 ] 2712/7824, 102.0 task/s, elapsed: 27s, ETA:    50s[>>>>>>>>>                 ] 2713/7824, 102.0 task/s, elapsed: 27s, ETA:    50s[>>>>>>>>>                 ] 2714/7824, 102.0 task/s, elapsed: 27s, ETA:    50s[>>>>>>>>>                 ] 2715/7824, 102.0 task/s, elapsed: 27s, ETA:    50s[>>>>>>>>>                 ] 2716/7824, 102.0 task/s, elapsed: 27s, ETA:    50s[>>>>>>>>>                 ] 2717/7824, 102.0 task/s, elapsed: 27s, ETA:    50s[>>>>>>>>>                 ] 2718/7824, 102.0 task/s, elapsed: 27s, ETA:    50s[>>>>>>>>>                 ] 2719/7824, 102.0 task/s, elapsed: 27s, ETA:    50s[>>>>>>>>>                 ] 2720/7824, 102.0 task/s, elapsed: 27s, ETA:    50s[>>>>>>>>>                 ] 2721/7824, 102.0 task/s, elapsed: 27s, ETA:    50s[>>>>>>>>>                 ] 2722/7824, 102.0 task/s, elapsed: 27s, ETA:    50s[>>>>>>>>>                 ] 2723/7824, 102.0 task/s, elapsed: 27s, ETA:    50s[>>>>>>>>>                 ] 2724/7824, 102.0 task/s, elapsed: 27s, ETA:    50s[>>>>>>>>>                 ] 2725/7824, 102.0 task/s, elapsed: 27s, ETA:    50s[>>>>>>>>>                 ] 2726/7824, 102.0 task/s, elapsed: 27s, ETA:    50s[>>>>>>>>>                 ] 2727/7824, 102.0 task/s, elapsed: 27s, ETA:    50s[>>>>>>>>>                 ] 2728/7824, 102.0 task/s, elapsed: 27s, ETA:    50s[>>>>>>>>>                 ] 2729/7824, 102.0 task/s, elapsed: 27s, ETA:    50s[>>>>>>>>>                 ] 2730/7824, 102.0 task/s, elapsed: 27s, ETA:    50s[>>>>>>>>>                 ] 2731/7824, 102.0 task/s, elapsed: 27s, ETA:    50s[>>>>>>>>>                 ] 2732/7824, 102.0 task/s, elapsed: 27s, ETA:    50s[>>>>>>>>>                 ] 2733/7824, 102.0 task/s, elapsed: 27s, ETA:    50s[>>>>>>>>>                 ] 2734/7824, 102.0 task/s, elapsed: 27s, ETA:    50s[>>>>>>>>>                 ] 2735/7824, 102.0 task/s, elapsed: 27s, ETA:    50s[>>>>>>>>>                 ] 2736/7824, 102.0 task/s, elapsed: 27s, ETA:    50s[>>>>>>>>>                 ] 2737/7824, 102.0 task/s, elapsed: 27s, ETA:    50s[>>>>>>>>>                 ] 2738/7824, 102.0 task/s, elapsed: 27s, ETA:    50s[>>>>>>>>>                 ] 2739/7824, 102.0 task/s, elapsed: 27s, ETA:    50s[>>>>>>>>>                 ] 2740/7824, 102.0 task/s, elapsed: 27s, ETA:    50s[>>>>>>>>>                 ] 2741/7824, 102.0 task/s, elapsed: 27s, ETA:    50s[>>>>>>>>>                 ] 2742/7824, 102.0 task/s, elapsed: 27s, ETA:    50s[>>>>>>>>>                 ] 2743/7824, 102.0 task/s, elapsed: 27s, ETA:    50s[>>>>>>>>>                 ] 2744/7824, 102.0 task/s, elapsed: 27s, ETA:    50s[>>>>>>>>>                 ] 2745/7824, 102.0 task/s, elapsed: 27s, ETA:    50s[>>>>>>>>>                 ] 2746/7824, 102.0 task/s, elapsed: 27s, ETA:    50s[>>>>>>>>>                 ] 2747/7824, 102.0 task/s, elapsed: 27s, ETA:    50s[>>>>>>>>>                 ] 2748/7824, 102.0 task/s, elapsed: 27s, ETA:    50s[>>>>>>>>>                 ] 2749/7824, 102.0 task/s, elapsed: 27s, ETA:    50s[>>>>>>>>>                 ] 2750/7824, 102.0 task/s, elapsed: 27s, ETA:    50s[>>>>>>>>>                 ] 2751/7824, 102.0 task/s, elapsed: 27s, ETA:    50s[>>>>>>>>>                 ] 2752/7824, 102.0 task/s, elapsed: 27s, ETA:    50s[>>>>>>>>>                 ] 2753/7824, 102.0 task/s, elapsed: 27s, ETA:    50s[>>>>>>>>>                 ] 2754/7824, 102.0 task/s, elapsed: 27s, ETA:    50s[>>>>>>>>>                 ] 2755/7824, 102.0 task/s, elapsed: 27s, ETA:    50s[>>>>>>>>>                 ] 2756/7824, 102.1 task/s, elapsed: 27s, ETA:    50s[>>>>>>>>>                 ] 2757/7824, 102.1 task/s, elapsed: 27s, ETA:    50s[>>>>>>>>>                 ] 2758/7824, 102.1 task/s, elapsed: 27s, ETA:    50s[>>>>>>>>>                 ] 2759/7824, 102.1 task/s, elapsed: 27s, ETA:    50s[>>>>>>>>>                 ] 2760/7824, 102.1 task/s, elapsed: 27s, ETA:    50s[>>>>>>>>>                 ] 2761/7824, 102.1 task/s, elapsed: 27s, ETA:    50s[>>>>>>>>>                 ] 2762/7824, 102.1 task/s, elapsed: 27s, ETA:    50s[>>>>>>>>>                 ] 2763/7824, 102.1 task/s, elapsed: 27s, ETA:    50s[>>>>>>>>>                 ] 2764/7824, 102.1 task/s, elapsed: 27s, ETA:    50s[>>>>>>>>>                 ] 2765/7824, 102.1 task/s, elapsed: 27s, ETA:    50s[>>>>>>>>>                 ] 2766/7824, 102.1 task/s, elapsed: 27s, ETA:    50s[>>>>>>>>>                 ] 2767/7824, 102.1 task/s, elapsed: 27s, ETA:    50s[>>>>>>>>>                 ] 2768/7824, 102.1 task/s, elapsed: 27s, ETA:    50s[>>>>>>>>>                 ] 2769/7824, 102.1 task/s, elapsed: 27s, ETA:    50s[>>>>>>>>>                 ] 2770/7824, 102.1 task/s, elapsed: 27s, ETA:    50s[>>>>>>>>>                 ] 2771/7824, 102.1 task/s, elapsed: 27s, ETA:    50s[>>>>>>>>>                 ] 2772/7824, 102.1 task/s, elapsed: 27s, ETA:    49s[>>>>>>>>>                 ] 2773/7824, 102.1 task/s, elapsed: 27s, ETA:    49s[>>>>>>>>>                 ] 2774/7824, 102.1 task/s, elapsed: 27s, ETA:    49s[>>>>>>>>>                 ] 2775/7824, 102.1 task/s, elapsed: 27s, ETA:    49s[>>>>>>>>>                 ] 2776/7824, 102.1 task/s, elapsed: 27s, ETA:    49s[>>>>>>>>>                 ] 2777/7824, 102.1 task/s, elapsed: 27s, ETA:    49s[>>>>>>>>>                 ] 2778/7824, 102.1 task/s, elapsed: 27s, ETA:    49s[>>>>>>>>>                 ] 2779/7824, 102.1 task/s, elapsed: 27s, ETA:    49s[>>>>>>>>>                 ] 2780/7824, 102.1 task/s, elapsed: 27s, ETA:    49s[>>>>>>>>>                 ] 2781/7824, 102.1 task/s, elapsed: 27s, ETA:    49s[>>>>>>>>>                 ] 2782/7824, 102.1 task/s, elapsed: 27s, ETA:    49s[>>>>>>>>>                 ] 2783/7824, 102.1 task/s, elapsed: 27s, ETA:    49s[>>>>>>>>>                 ] 2784/7824, 102.1 task/s, elapsed: 27s, ETA:    49s[>>>>>>>>>                 ] 2785/7824, 102.1 task/s, elapsed: 27s, ETA:    49s[>>>>>>>>>                 ] 2786/7824, 102.1 task/s, elapsed: 27s, ETA:    49s[>>>>>>>>>                 ] 2787/7824, 102.1 task/s, elapsed: 27s, ETA:    49s[>>>>>>>>>                 ] 2788/7824, 102.1 task/s, elapsed: 27s, ETA:    49s[>>>>>>>>>                 ] 2789/7824, 102.1 task/s, elapsed: 27s, ETA:    49s[>>>>>>>>>                 ] 2790/7824, 102.1 task/s, elapsed: 27s, ETA:    49s[>>>>>>>>>                 ] 2791/7824, 102.1 task/s, elapsed: 27s, ETA:    49s[>>>>>>>>>                 ] 2792/7824, 102.1 task/s, elapsed: 27s, ETA:    49s[>>>>>>>>>                 ] 2793/7824, 102.1 task/s, elapsed: 27s, ETA:    49s[>>>>>>>>>                 ] 2794/7824, 102.1 task/s, elapsed: 27s, ETA:    49s[>>>>>>>>>                 ] 2795/7824, 102.1 task/s, elapsed: 27s, ETA:    49s[>>>>>>>>>                 ] 2796/7824, 102.1 task/s, elapsed: 27s, ETA:    49s[>>>>>>>>>                 ] 2797/7824, 102.1 task/s, elapsed: 27s, ETA:    49s[>>>>>>>>>                 ] 2798/7824, 102.1 task/s, elapsed: 27s, ETA:    49s[>>>>>>>>>                 ] 2799/7824, 102.1 task/s, elapsed: 27s, ETA:    49s[>>>>>>>>>                 ] 2800/7824, 102.2 task/s, elapsed: 27s, ETA:    49s[>>>>>>>>>                 ] 2801/7824, 102.2 task/s, elapsed: 27s, ETA:    49s[>>>>>>>>>                 ] 2802/7824, 102.2 task/s, elapsed: 27s, ETA:    49s[>>>>>>>>>                 ] 2803/7824, 102.2 task/s, elapsed: 27s, ETA:    49s[>>>>>>>>>                 ] 2804/7824, 102.2 task/s, elapsed: 27s, ETA:    49s[>>>>>>>>>                 ] 2805/7824, 102.2 task/s, elapsed: 27s, ETA:    49s[>>>>>>>>>                 ] 2806/7824, 102.2 task/s, elapsed: 27s, ETA:    49s[>>>>>>>>>                 ] 2807/7824, 102.2 task/s, elapsed: 27s, ETA:    49s[>>>>>>>>>                 ] 2808/7824, 102.2 task/s, elapsed: 27s, ETA:    49s[>>>>>>>>>                 ] 2809/7824, 102.2 task/s, elapsed: 27s, ETA:    49s[>>>>>>>>>                 ] 2810/7824, 102.2 task/s, elapsed: 28s, ETA:    49s[>>>>>>>>>                 ] 2811/7824, 102.2 task/s, elapsed: 28s, ETA:    49s[>>>>>>>>>                 ] 2812/7824, 102.2 task/s, elapsed: 28s, ETA:    49s[>>>>>>>>>                 ] 2813/7824, 102.2 task/s, elapsed: 28s, ETA:    49s[>>>>>>>>>                 ] 2814/7824, 102.2 task/s, elapsed: 28s, ETA:    49s[>>>>>>>>>                 ] 2815/7824, 102.2 task/s, elapsed: 28s, ETA:    49s[>>>>>>>>>                 ] 2816/7824, 102.2 task/s, elapsed: 28s, ETA:    49s[>>>>>>>>>                 ] 2817/7824, 102.2 task/s, elapsed: 28s, ETA:    49s[>>>>>>>>>                 ] 2818/7824, 102.2 task/s, elapsed: 28s, ETA:    49s[>>>>>>>>>                 ] 2819/7824, 102.2 task/s, elapsed: 28s, ETA:    49s[>>>>>>>>>                 ] 2820/7824, 102.2 task/s, elapsed: 28s, ETA:    49s[>>>>>>>>>                 ] 2821/7824, 102.2 task/s, elapsed: 28s, ETA:    49s[>>>>>>>>>                 ] 2822/7824, 102.2 task/s, elapsed: 28s, ETA:    49s[>>>>>>>>>                 ] 2823/7824, 102.2 task/s, elapsed: 28s, ETA:    49s[>>>>>>>>>                 ] 2824/7824, 102.2 task/s, elapsed: 28s, ETA:    49s[>>>>>>>>>                 ] 2825/7824, 102.2 task/s, elapsed: 28s, ETA:    49s[>>>>>>>>>                 ] 2826/7824, 102.2 task/s, elapsed: 28s, ETA:    49s[>>>>>>>>>                 ] 2827/7824, 102.2 task/s, elapsed: 28s, ETA:    49s[>>>>>>>>>                 ] 2828/7824, 102.2 task/s, elapsed: 28s, ETA:    49s[>>>>>>>>>                 ] 2829/7824, 102.2 task/s, elapsed: 28s, ETA:    49s[>>>>>>>>>                 ] 2830/7824, 102.2 task/s, elapsed: 28s, ETA:    49s[>>>>>>>>>                 ] 2831/7824, 102.3 task/s, elapsed: 28s, ETA:    49s[>>>>>>>>>                 ] 2832/7824, 102.3 task/s, elapsed: 28s, ETA:    49s[>>>>>>>>>                 ] 2833/7824, 102.3 task/s, elapsed: 28s, ETA:    49s[>>>>>>>>>                 ] 2834/7824, 102.3 task/s, elapsed: 28s, ETA:    49s[>>>>>>>>>                 ] 2835/7824, 102.3 task/s, elapsed: 28s, ETA:    49s[>>>>>>>>>                 ] 2836/7824, 102.3 task/s, elapsed: 28s, ETA:    49s[>>>>>>>>>                 ] 2837/7824, 102.3 task/s, elapsed: 28s, ETA:    49s[>>>>>>>>>                 ] 2838/7824, 102.3 task/s, elapsed: 28s, ETA:    49s[>>>>>>>>>                 ] 2839/7824, 102.3 task/s, elapsed: 28s, ETA:    49s[>>>>>>>>>                 ] 2840/7824, 102.3 task/s, elapsed: 28s, ETA:    49s[>>>>>>>>>                 ] 2841/7824, 102.3 task/s, elapsed: 28s, ETA:    49s[>>>>>>>>>                 ] 2842/7824, 102.3 task/s, elapsed: 28s, ETA:    49s[>>>>>>>>>                 ] 2843/7824, 102.3 task/s, elapsed: 28s, ETA:    49s[>>>>>>>>>                 ] 2844/7824, 102.3 task/s, elapsed: 28s, ETA:    49s[>>>>>>>>>                 ] 2845/7824, 102.3 task/s, elapsed: 28s, ETA:    49s[>>>>>>>>>                 ] 2846/7824, 102.3 task/s, elapsed: 28s, ETA:    49s[>>>>>>>>>                 ] 2847/7824, 102.3 task/s, elapsed: 28s, ETA:    49s[>>>>>>>>>                 ] 2848/7824, 102.3 task/s, elapsed: 28s, ETA:    49s[>>>>>>>>>                 ] 2849/7824, 102.3 task/s, elapsed: 28s, ETA:    49s[>>>>>>>>>                 ] 2850/7824, 102.3 task/s, elapsed: 28s, ETA:    49s[>>>>>>>>>                 ] 2851/7824, 102.3 task/s, elapsed: 28s, ETA:    49s[>>>>>>>>>                 ] 2852/7824, 102.3 task/s, elapsed: 28s, ETA:    49s[>>>>>>>>>                 ] 2853/7824, 102.3 task/s, elapsed: 28s, ETA:    49s[>>>>>>>>>                 ] 2854/7824, 102.3 task/s, elapsed: 28s, ETA:    49s[>>>>>>>>>                 ] 2855/7824, 102.3 task/s, elapsed: 28s, ETA:    49s[>>>>>>>>>                 ] 2856/7824, 102.3 task/s, elapsed: 28s, ETA:    49s[>>>>>>>>>                 ] 2857/7824, 102.3 task/s, elapsed: 28s, ETA:    49s[>>>>>>>>>                 ] 2858/7824, 102.3 task/s, elapsed: 28s, ETA:    49s[>>>>>>>>>                 ] 2859/7824, 102.3 task/s, elapsed: 28s, ETA:    49s[>>>>>>>>>                 ] 2860/7824, 102.3 task/s, elapsed: 28s, ETA:    49s[>>>>>>>>>                 ] 2861/7824, 102.3 task/s, elapsed: 28s, ETA:    49s[>>>>>>>>>                 ] 2862/7824, 102.3 task/s, elapsed: 28s, ETA:    48s[>>>>>>>>>                 ] 2863/7824, 102.3 task/s, elapsed: 28s, ETA:    48s[>>>>>>>>>                 ] 2864/7824, 102.3 task/s, elapsed: 28s, ETA:    48s[>>>>>>>>>                 ] 2865/7824, 102.3 task/s, elapsed: 28s, ETA:    48s[>>>>>>>>>                 ] 2866/7824, 102.3 task/s, elapsed: 28s, ETA:    48s[>>>>>>>>>                 ] 2867/7824, 102.3 task/s, elapsed: 28s, ETA:    48s[>>>>>>>>>                 ] 2868/7824, 102.3 task/s, elapsed: 28s, ETA:    48s[>>>>>>>>>                 ] 2869/7824, 102.3 task/s, elapsed: 28s, ETA:    48s[>>>>>>>>>                 ] 2870/7824, 102.3 task/s, elapsed: 28s, ETA:    48s[>>>>>>>>>                 ] 2871/7824, 102.3 task/s, elapsed: 28s, ETA:    48s[>>>>>>>>>                 ] 2872/7824, 102.4 task/s, elapsed: 28s, ETA:    48s[>>>>>>>>>                 ] 2873/7824, 102.4 task/s, elapsed: 28s, ETA:    48s[>>>>>>>>>                 ] 2874/7824, 102.4 task/s, elapsed: 28s, ETA:    48s[>>>>>>>>>                 ] 2875/7824, 102.4 task/s, elapsed: 28s, ETA:    48s[>>>>>>>>>                 ] 2876/7824, 102.4 task/s, elapsed: 28s, ETA:    48s[>>>>>>>>>                 ] 2877/7824, 102.4 task/s, elapsed: 28s, ETA:    48s[>>>>>>>>>                 ] 2878/7824, 102.4 task/s, elapsed: 28s, ETA:    48s[>>>>>>>>>                 ] 2879/7824, 102.4 task/s, elapsed: 28s, ETA:    48s[>>>>>>>>>                 ] 2880/7824, 102.4 task/s, elapsed: 28s, ETA:    48s[>>>>>>>>>                 ] 2881/7824, 102.4 task/s, elapsed: 28s, ETA:    48s[>>>>>>>>>                 ] 2882/7824, 102.4 task/s, elapsed: 28s, ETA:    48s[>>>>>>>>>                 ] 2883/7824, 102.4 task/s, elapsed: 28s, ETA:    48s[>>>>>>>>>                 ] 2884/7824, 102.4 task/s, elapsed: 28s, ETA:    48s[>>>>>>>>>                 ] 2885/7824, 102.4 task/s, elapsed: 28s, ETA:    48s[>>>>>>>>>                 ] 2886/7824, 102.4 task/s, elapsed: 28s, ETA:    48s[>>>>>>>>>                 ] 2887/7824, 102.4 task/s, elapsed: 28s, ETA:    48s[>>>>>>>>>                 ] 2888/7824, 102.4 task/s, elapsed: 28s, ETA:    48s[>>>>>>>>>                 ] 2889/7824, 102.4 task/s, elapsed: 28s, ETA:    48s[>>>>>>>>>                 ] 2890/7824, 102.4 task/s, elapsed: 28s, ETA:    48s[>>>>>>>>>                 ] 2891/7824, 102.4 task/s, elapsed: 28s, ETA:    48s[>>>>>>>>>                 ] 2892/7824, 102.4 task/s, elapsed: 28s, ETA:    48s[>>>>>>>>>                 ] 2893/7824, 102.4 task/s, elapsed: 28s, ETA:    48s[>>>>>>>>>                 ] 2894/7824, 102.4 task/s, elapsed: 28s, ETA:    48s[>>>>>>>>>                 ] 2895/7824, 102.4 task/s, elapsed: 28s, ETA:    48s[>>>>>>>>>                 ] 2896/7824, 102.4 task/s, elapsed: 28s, ETA:    48s[>>>>>>>>>                 ] 2897/7824, 102.4 task/s, elapsed: 28s, ETA:    48s[>>>>>>>>>                 ] 2898/7824, 102.5 task/s, elapsed: 28s, ETA:    48s[>>>>>>>>>                 ] 2899/7824, 102.5 task/s, elapsed: 28s, ETA:    48s[>>>>>>>>>                 ] 2900/7824, 102.4 task/s, elapsed: 28s, ETA:    48s[>>>>>>>>>                 ] 2901/7824, 102.4 task/s, elapsed: 28s, ETA:    48s[>>>>>>>>>                 ] 2902/7824, 102.4 task/s, elapsed: 28s, ETA:    48s[>>>>>>>>>                 ] 2903/7824, 102.4 task/s, elapsed: 28s, ETA:    48s[>>>>>>>>>                 ] 2904/7824, 102.4 task/s, elapsed: 28s, ETA:    48s[>>>>>>>>>                 ] 2905/7824, 102.4 task/s, elapsed: 28s, ETA:    48s[>>>>>>>>>                 ] 2906/7824, 102.4 task/s, elapsed: 28s, ETA:    48s[>>>>>>>>>                 ] 2907/7824, 102.3 task/s, elapsed: 28s, ETA:    48s[>>>>>>>>>                 ] 2908/7824, 102.3 task/s, elapsed: 28s, ETA:    48s[>>>>>>>>>                 ] 2909/7824, 102.3 task/s, elapsed: 28s, ETA:    48s[>>>>>>>>>                 ] 2910/7824, 102.3 task/s, elapsed: 28s, ETA:    48s[>>>>>>>>>                 ] 2911/7824, 102.3 task/s, elapsed: 28s, ETA:    48s[>>>>>>>>>                 ] 2912/7824, 102.3 task/s, elapsed: 28s, ETA:    48s[>>>>>>>>>                 ] 2913/7824, 102.3 task/s, elapsed: 28s, ETA:    48s[>>>>>>>>>                 ] 2914/7824, 102.3 task/s, elapsed: 28s, ETA:    48s[>>>>>>>>>                 ] 2915/7824, 102.2 task/s, elapsed: 29s, ETA:    48s[>>>>>>>>>                 ] 2916/7824, 102.2 task/s, elapsed: 29s, ETA:    48s[>>>>>>>>>                 ] 2917/7824, 102.2 task/s, elapsed: 29s, ETA:    48s[>>>>>>>>>                 ] 2918/7824, 102.2 task/s, elapsed: 29s, ETA:    48s[>>>>>>>>>                 ] 2919/7824, 102.2 task/s, elapsed: 29s, ETA:    48s[>>>>>>>>>                 ] 2920/7824, 102.2 task/s, elapsed: 29s, ETA:    48s[>>>>>>>>>                 ] 2921/7824, 102.2 task/s, elapsed: 29s, ETA:    48s[>>>>>>>>>                 ] 2922/7824, 102.2 task/s, elapsed: 29s, ETA:    48s[>>>>>>>>>                 ] 2923/7824, 102.2 task/s, elapsed: 29s, ETA:    48s[>>>>>>>>>                 ] 2924/7824, 102.1 task/s, elapsed: 29s, ETA:    48s[>>>>>>>>>                 ] 2925/7824, 102.1 task/s, elapsed: 29s, ETA:    48s[>>>>>>>>>                 ] 2926/7824, 102.1 task/s, elapsed: 29s, ETA:    48s[>>>>>>>>>                 ] 2927/7824, 102.1 task/s, elapsed: 29s, ETA:    48s[>>>>>>>>>                 ] 2928/7824, 102.1 task/s, elapsed: 29s, ETA:    48s[>>>>>>>>>                 ] 2929/7824, 102.1 task/s, elapsed: 29s, ETA:    48s[>>>>>>>>>                 ] 2930/7824, 102.1 task/s, elapsed: 29s, ETA:    48s[>>>>>>>>>                 ] 2931/7824, 102.1 task/s, elapsed: 29s, ETA:    48s[>>>>>>>>>                 ] 2932/7824, 102.1 task/s, elapsed: 29s, ETA:    48s[>>>>>>>>>                 ] 2933/7824, 102.0 task/s, elapsed: 29s, ETA:    48s[>>>>>>>>>                 ] 2934/7824, 102.0 task/s, elapsed: 29s, ETA:    48s[>>>>>>>>>                 ] 2935/7824, 102.0 task/s, elapsed: 29s, ETA:    48s[>>>>>>>>>                 ] 2936/7824, 102.0 task/s, elapsed: 29s, ETA:    48s[>>>>>>>>>                 ] 2937/7824, 102.0 task/s, elapsed: 29s, ETA:    48s[>>>>>>>>>                 ] 2938/7824, 102.0 task/s, elapsed: 29s, ETA:    48s[>>>>>>>>>                 ] 2939/7824, 102.0 task/s, elapsed: 29s, ETA:    48s[>>>>>>>>>                 ] 2940/7824, 102.0 task/s, elapsed: 29s, ETA:    48s[>>>>>>>>>                 ] 2941/7824, 102.0 task/s, elapsed: 29s, ETA:    48s[>>>>>>>>>                 ] 2942/7824, 101.9 task/s, elapsed: 29s, ETA:    48s[>>>>>>>>>                 ] 2943/7824, 101.9 task/s, elapsed: 29s, ETA:    48s[>>>>>>>>>                 ] 2944/7824, 101.9 task/s, elapsed: 29s, ETA:    48s[>>>>>>>>>                 ] 2945/7824, 101.9 task/s, elapsed: 29s, ETA:    48s[>>>>>>>>>                 ] 2946/7824, 101.9 task/s, elapsed: 29s, ETA:    48s[>>>>>>>>>                 ] 2947/7824, 101.9 task/s, elapsed: 29s, ETA:    48s[>>>>>>>>>                 ] 2948/7824, 101.9 task/s, elapsed: 29s, ETA:    48s[>>>>>>>>>                 ] 2949/7824, 101.9 task/s, elapsed: 29s, ETA:    48s[>>>>>>>>>                 ] 2950/7824, 101.9 task/s, elapsed: 29s, ETA:    48s[>>>>>>>>>                 ] 2951/7824, 101.8 task/s, elapsed: 29s, ETA:    48s[>>>>>>>>>                 ] 2952/7824, 101.8 task/s, elapsed: 29s, ETA:    48s[>>>>>>>>>                 ] 2953/7824, 101.8 task/s, elapsed: 29s, ETA:    48s[>>>>>>>>>                 ] 2954/7824, 101.8 task/s, elapsed: 29s, ETA:    48s[>>>>>>>>>                 ] 2955/7824, 101.8 task/s, elapsed: 29s, ETA:    48s[>>>>>>>>>                 ] 2956/7824, 101.8 task/s, elapsed: 29s, ETA:    48s[>>>>>>>>>                 ] 2957/7824, 101.8 task/s, elapsed: 29s, ETA:    48s[>>>>>>>>>                 ] 2958/7824, 101.8 task/s, elapsed: 29s, ETA:    48s[>>>>>>>>>                 ] 2959/7824, 101.8 task/s, elapsed: 29s, ETA:    48s[>>>>>>>>>                 ] 2960/7824, 101.7 task/s, elapsed: 29s, ETA:    48s[>>>>>>>>>                 ] 2961/7824, 101.7 task/s, elapsed: 29s, ETA:    48s[>>>>>>>>>                 ] 2962/7824, 101.7 task/s, elapsed: 29s, ETA:    48s[>>>>>>>>>                 ] 2963/7824, 101.7 task/s, elapsed: 29s, ETA:    48s[>>>>>>>>>                 ] 2964/7824, 101.7 task/s, elapsed: 29s, ETA:    48s[>>>>>>>>>                 ] 2965/7824, 101.7 task/s, elapsed: 29s, ETA:    48s[>>>>>>>>>                 ] 2966/7824, 101.7 task/s, elapsed: 29s, ETA:    48s[>>>>>>>>>                 ] 2967/7824, 101.7 task/s, elapsed: 29s, ETA:    48s[>>>>>>>>>                 ] 2968/7824, 101.7 task/s, elapsed: 29s, ETA:    48s[>>>>>>>>>                 ] 2969/7824, 101.7 task/s, elapsed: 29s, ETA:    48s[>>>>>>>>>                 ] 2970/7824, 101.6 task/s, elapsed: 29s, ETA:    48s[>>>>>>>>>                 ] 2971/7824, 101.6 task/s, elapsed: 29s, ETA:    48s[>>>>>>>>>                 ] 2972/7824, 101.6 task/s, elapsed: 29s, ETA:    48s[>>>>>>>>>                 ] 2973/7824, 101.6 task/s, elapsed: 29s, ETA:    48s[>>>>>>>>>                 ] 2974/7824, 101.6 task/s, elapsed: 29s, ETA:    48s[>>>>>>>>>                 ] 2975/7824, 101.6 task/s, elapsed: 29s, ETA:    48s[>>>>>>>>>                 ] 2976/7824, 101.6 task/s, elapsed: 29s, ETA:    48s[>>>>>>>>>                 ] 2977/7824, 101.6 task/s, elapsed: 29s, ETA:    48s[>>>>>>>>>                 ] 2978/7824, 101.6 task/s, elapsed: 29s, ETA:    48s[>>>>>>>>>                 ] 2979/7824, 101.5 task/s, elapsed: 29s, ETA:    48s[>>>>>>>>>                 ] 2980/7824, 101.5 task/s, elapsed: 29s, ETA:    48s[>>>>>>>>>                 ] 2981/7824, 101.5 task/s, elapsed: 29s, ETA:    48s[>>>>>>>>>                 ] 2982/7824, 101.5 task/s, elapsed: 29s, ETA:    48s[>>>>>>>>>                 ] 2983/7824, 101.5 task/s, elapsed: 29s, ETA:    48s[>>>>>>>>>                 ] 2984/7824, 101.5 task/s, elapsed: 29s, ETA:    48s[>>>>>>>>>                 ] 2985/7824, 101.5 task/s, elapsed: 29s, ETA:    48s[>>>>>>>>>                 ] 2986/7824, 101.5 task/s, elapsed: 29s, ETA:    48s[>>>>>>>>>                 ] 2987/7824, 101.5 task/s, elapsed: 29s, ETA:    48s[>>>>>>>>>                 ] 2988/7824, 101.5 task/s, elapsed: 29s, ETA:    48s[>>>>>>>>>                 ] 2989/7824, 101.4 task/s, elapsed: 29s, ETA:    48s[>>>>>>>>>                 ] 2990/7824, 101.4 task/s, elapsed: 29s, ETA:    48s[>>>>>>>>>                 ] 2991/7824, 101.4 task/s, elapsed: 29s, ETA:    48s[>>>>>>>>>                 ] 2992/7824, 101.4 task/s, elapsed: 30s, ETA:    48s[>>>>>>>>>                 ] 2993/7824, 101.4 task/s, elapsed: 30s, ETA:    48s[>>>>>>>>>                 ] 2994/7824, 101.4 task/s, elapsed: 30s, ETA:    48s[>>>>>>>>>                 ] 2995/7824, 101.4 task/s, elapsed: 30s, ETA:    48s[>>>>>>>>>                 ] 2996/7824, 101.4 task/s, elapsed: 30s, ETA:    48s[>>>>>>>>>                 ] 2997/7824, 101.4 task/s, elapsed: 30s, ETA:    48s[>>>>>>>>>                 ] 2998/7824, 101.3 task/s, elapsed: 30s, ETA:    48s[>>>>>>>>>                 ] 2999/7824, 101.3 task/s, elapsed: 30s, ETA:    48s[>>>>>>>>>                 ] 3000/7824, 101.3 task/s, elapsed: 30s, ETA:    48s[>>>>>>>>>                 ] 3001/7824, 101.3 task/s, elapsed: 30s, ETA:    48s[>>>>>>>>>                 ] 3002/7824, 101.3 task/s, elapsed: 30s, ETA:    48s[>>>>>>>>>                 ] 3003/7824, 101.3 task/s, elapsed: 30s, ETA:    48s[>>>>>>>>>                 ] 3004/7824, 101.3 task/s, elapsed: 30s, ETA:    48s[>>>>>>>>>                 ] 3005/7824, 101.3 task/s, elapsed: 30s, ETA:    48s[>>>>>>>>>                 ] 3006/7824, 101.3 task/s, elapsed: 30s, ETA:    48s[>>>>>>>>>                 ] 3007/7824, 101.3 task/s, elapsed: 30s, ETA:    48s[>>>>>>>>>                 ] 3008/7824, 101.2 task/s, elapsed: 30s, ETA:    48s[>>>>>>>>>                 ] 3009/7824, 101.2 task/s, elapsed: 30s, ETA:    48s[>>>>>>>>>>                ] 3010/7824, 101.2 task/s, elapsed: 30s, ETA:    48s[>>>>>>>>>>                ] 3011/7824, 101.2 task/s, elapsed: 30s, ETA:    48s[>>>>>>>>>>                ] 3012/7824, 101.2 task/s, elapsed: 30s, ETA:    48s[>>>>>>>>>>                ] 3013/7824, 101.2 task/s, elapsed: 30s, ETA:    48s[>>>>>>>>>>                ] 3014/7824, 101.2 task/s, elapsed: 30s, ETA:    48s[>>>>>>>>>>                ] 3015/7824, 101.2 task/s, elapsed: 30s, ETA:    48s[>>>>>>>>>>                ] 3016/7824, 101.2 task/s, elapsed: 30s, ETA:    48s[>>>>>>>>>>                ] 3017/7824, 101.2 task/s, elapsed: 30s, ETA:    48s[>>>>>>>>>>                ] 3018/7824, 101.1 task/s, elapsed: 30s, ETA:    48s[>>>>>>>>>>                ] 3019/7824, 101.1 task/s, elapsed: 30s, ETA:    48s[>>>>>>>>>>                ] 3020/7824, 101.1 task/s, elapsed: 30s, ETA:    48s[>>>>>>>>>>                ] 3021/7824, 101.1 task/s, elapsed: 30s, ETA:    48s[>>>>>>>>>>                ] 3022/7824, 101.1 task/s, elapsed: 30s, ETA:    47s[>>>>>>>>>>                ] 3023/7824, 101.1 task/s, elapsed: 30s, ETA:    47s[>>>>>>>>>>                ] 3024/7824, 101.1 task/s, elapsed: 30s, ETA:    47s[>>>>>>>>>>                ] 3025/7824, 101.1 task/s, elapsed: 30s, ETA:    47s[>>>>>>>>>>                ] 3026/7824, 101.1 task/s, elapsed: 30s, ETA:    47s[>>>>>>>>>>                ] 3027/7824, 101.1 task/s, elapsed: 30s, ETA:    47s[>>>>>>>>>>                ] 3028/7824, 101.0 task/s, elapsed: 30s, ETA:    47s[>>>>>>>>>>                ] 3029/7824, 101.0 task/s, elapsed: 30s, ETA:    47s[>>>>>>>>>>                ] 3030/7824, 101.0 task/s, elapsed: 30s, ETA:    47s[>>>>>>>>>>                ] 3031/7824, 101.0 task/s, elapsed: 30s, ETA:    47s[>>>>>>>>>>                ] 3032/7824, 101.0 task/s, elapsed: 30s, ETA:    47s[>>>>>>>>>>                ] 3033/7824, 101.0 task/s, elapsed: 30s, ETA:    47s[>>>>>>>>>>                ] 3034/7824, 101.0 task/s, elapsed: 30s, ETA:    47s[>>>>>>>>>>                ] 3035/7824, 101.0 task/s, elapsed: 30s, ETA:    47s[>>>>>>>>>>                ] 3036/7824, 101.0 task/s, elapsed: 30s, ETA:    47s[>>>>>>>>>>                ] 3037/7824, 100.9 task/s, elapsed: 30s, ETA:    47s[>>>>>>>>>>                ] 3038/7824, 100.9 task/s, elapsed: 30s, ETA:    47s[>>>>>>>>>>                ] 3039/7824, 100.9 task/s, elapsed: 30s, ETA:    47s[>>>>>>>>>>                ] 3040/7824, 100.9 task/s, elapsed: 30s, ETA:    47s[>>>>>>>>>>                ] 3041/7824, 100.9 task/s, elapsed: 30s, ETA:    47s[>>>>>>>>>>                ] 3042/7824, 100.9 task/s, elapsed: 30s, ETA:    47s[>>>>>>>>>>                ] 3043/7824, 100.9 task/s, elapsed: 30s, ETA:    47s[>>>>>>>>>>                ] 3044/7824, 100.9 task/s, elapsed: 30s, ETA:    47s[>>>>>>>>>>                ] 3045/7824, 100.9 task/s, elapsed: 30s, ETA:    47s[>>>>>>>>>>                ] 3046/7824, 100.9 task/s, elapsed: 30s, ETA:    47s[>>>>>>>>>>                ] 3047/7824, 100.8 task/s, elapsed: 30s, ETA:    47s[>>>>>>>>>>                ] 3048/7824, 100.8 task/s, elapsed: 30s, ETA:    47s[>>>>>>>>>>                ] 3049/7824, 100.8 task/s, elapsed: 30s, ETA:    47s[>>>>>>>>>>                ] 3050/7824, 100.8 task/s, elapsed: 30s, ETA:    47s[>>>>>>>>>>                ] 3051/7824, 100.8 task/s, elapsed: 30s, ETA:    47s[>>>>>>>>>>                ] 3052/7824, 100.8 task/s, elapsed: 30s, ETA:    47s[>>>>>>>>>>                ] 3053/7824, 100.8 task/s, elapsed: 30s, ETA:    47s[>>>>>>>>>>                ] 3054/7824, 100.8 task/s, elapsed: 30s, ETA:    47s[>>>>>>>>>>                ] 3055/7824, 100.8 task/s, elapsed: 30s, ETA:    47s[>>>>>>>>>>                ] 3056/7824, 100.8 task/s, elapsed: 30s, ETA:    47s[>>>>>>>>>>                ] 3057/7824, 100.8 task/s, elapsed: 30s, ETA:    47s[>>>>>>>>>>                ] 3058/7824, 100.7 task/s, elapsed: 30s, ETA:    47s[>>>>>>>>>>                ] 3059/7824, 100.7 task/s, elapsed: 30s, ETA:    47s[>>>>>>>>>>                ] 3060/7824, 100.7 task/s, elapsed: 30s, ETA:    47s[>>>>>>>>>>                ] 3061/7824, 100.7 task/s, elapsed: 30s, ETA:    47s[>>>>>>>>>>                ] 3062/7824, 100.7 task/s, elapsed: 30s, ETA:    47s[>>>>>>>>>>                ] 3063/7824, 100.7 task/s, elapsed: 30s, ETA:    47s[>>>>>>>>>>                ] 3064/7824, 100.7 task/s, elapsed: 30s, ETA:    47s[>>>>>>>>>>                ] 3065/7824, 100.7 task/s, elapsed: 30s, ETA:    47s[>>>>>>>>>>                ] 3066/7824, 100.7 task/s, elapsed: 30s, ETA:    47s[>>>>>>>>>>                ] 3067/7824, 100.7 task/s, elapsed: 30s, ETA:    47s[>>>>>>>>>>                ] 3068/7824, 100.6 task/s, elapsed: 30s, ETA:    47s[>>>>>>>>>>                ] 3069/7824, 100.6 task/s, elapsed: 30s, ETA:    47s[>>>>>>>>>>                ] 3070/7824, 100.6 task/s, elapsed: 31s, ETA:    47s[>>>>>>>>>>                ] 3071/7824, 100.6 task/s, elapsed: 31s, ETA:    47s[>>>>>>>>>>                ] 3072/7824, 100.6 task/s, elapsed: 31s, ETA:    47s[>>>>>>>>>>                ] 3073/7824, 100.6 task/s, elapsed: 31s, ETA:    47s[>>>>>>>>>>                ] 3074/7824, 100.6 task/s, elapsed: 31s, ETA:    47s[>>>>>>>>>>                ] 3075/7824, 100.6 task/s, elapsed: 31s, ETA:    47s[>>>>>>>>>>                ] 3076/7824, 100.6 task/s, elapsed: 31s, ETA:    47s[>>>>>>>>>>                ] 3077/7824, 100.6 task/s, elapsed: 31s, ETA:    47s[>>>>>>>>>>                ] 3078/7824, 100.5 task/s, elapsed: 31s, ETA:    47s[>>>>>>>>>>                ] 3079/7824, 100.5 task/s, elapsed: 31s, ETA:    47s[>>>>>>>>>>                ] 3080/7824, 100.5 task/s, elapsed: 31s, ETA:    47s[>>>>>>>>>>                ] 3081/7824, 100.5 task/s, elapsed: 31s, ETA:    47s[>>>>>>>>>>                ] 3082/7824, 100.5 task/s, elapsed: 31s, ETA:    47s[>>>>>>>>>>                ] 3083/7824, 100.5 task/s, elapsed: 31s, ETA:    47s[>>>>>>>>>>                ] 3084/7824, 100.5 task/s, elapsed: 31s, ETA:    47s[>>>>>>>>>>                ] 3085/7824, 100.5 task/s, elapsed: 31s, ETA:    47s[>>>>>>>>>>                ] 3086/7824, 100.5 task/s, elapsed: 31s, ETA:    47s[>>>>>>>>>>                ] 3087/7824, 100.5 task/s, elapsed: 31s, ETA:    47s[>>>>>>>>>>                ] 3088/7824, 100.4 task/s, elapsed: 31s, ETA:    47s[>>>>>>>>>>                ] 3089/7824, 100.4 task/s, elapsed: 31s, ETA:    47s[>>>>>>>>>>                ] 3090/7824, 100.4 task/s, elapsed: 31s, ETA:    47s[>>>>>>>>>>                ] 3091/7824, 100.4 task/s, elapsed: 31s, ETA:    47s[>>>>>>>>>>                ] 3092/7824, 100.4 task/s, elapsed: 31s, ETA:    47s[>>>>>>>>>>                ] 3093/7824, 100.4 task/s, elapsed: 31s, ETA:    47s[>>>>>>>>>>                ] 3094/7824, 100.4 task/s, elapsed: 31s, ETA:    47s[>>>>>>>>>>                ] 3095/7824, 100.4 task/s, elapsed: 31s, ETA:    47s[>>>>>>>>>>                ] 3096/7824, 100.4 task/s, elapsed: 31s, ETA:    47s[>>>>>>>>>>                ] 3097/7824, 100.4 task/s, elapsed: 31s, ETA:    47s[>>>>>>>>>>                ] 3098/7824, 100.3 task/s, elapsed: 31s, ETA:    47s[>>>>>>>>>>                ] 3099/7824, 100.3 task/s, elapsed: 31s, ETA:    47s[>>>>>>>>>>                ] 3100/7824, 100.3 task/s, elapsed: 31s, ETA:    47s[>>>>>>>>>>                ] 3101/7824, 100.3 task/s, elapsed: 31s, ETA:    47s[>>>>>>>>>>                ] 3102/7824, 100.3 task/s, elapsed: 31s, ETA:    47s[>>>>>>>>>>                ] 3103/7824, 100.3 task/s, elapsed: 31s, ETA:    47s[>>>>>>>>>>                ] 3104/7824, 100.3 task/s, elapsed: 31s, ETA:    47s[>>>>>>>>>>                ] 3105/7824, 100.3 task/s, elapsed: 31s, ETA:    47s[>>>>>>>>>>                ] 3106/7824, 100.3 task/s, elapsed: 31s, ETA:    47s[>>>>>>>>>>                ] 3107/7824, 100.3 task/s, elapsed: 31s, ETA:    47s[>>>>>>>>>>                ] 3108/7824, 100.2 task/s, elapsed: 31s, ETA:    47s[>>>>>>>>>>                ] 3109/7824, 100.2 task/s, elapsed: 31s, ETA:    47s[>>>>>>>>>>                ] 3110/7824, 100.2 task/s, elapsed: 31s, ETA:    47s[>>>>>>>>>>                ] 3111/7824, 100.2 task/s, elapsed: 31s, ETA:    47s[>>>>>>>>>>                ] 3112/7824, 100.2 task/s, elapsed: 31s, ETA:    47s[>>>>>>>>>>                ] 3113/7824, 100.2 task/s, elapsed: 31s, ETA:    47s[>>>>>>>>>>                ] 3114/7824, 100.2 task/s, elapsed: 31s, ETA:    47s[>>>>>>>>>>                ] 3115/7824, 100.2 task/s, elapsed: 31s, ETA:    47s[>>>>>>>>>>                ] 3116/7824, 100.2 task/s, elapsed: 31s, ETA:    47s[>>>>>>>>>>                ] 3117/7824, 100.2 task/s, elapsed: 31s, ETA:    47s[>>>>>>>>>>                ] 3118/7824, 100.2 task/s, elapsed: 31s, ETA:    47s[>>>>>>>>>>                ] 3119/7824, 100.1 task/s, elapsed: 31s, ETA:    47s[>>>>>>>>>>                ] 3120/7824, 100.1 task/s, elapsed: 31s, ETA:    47s[>>>>>>>>>>                ] 3121/7824, 100.1 task/s, elapsed: 31s, ETA:    47s[>>>>>>>>>>                ] 3122/7824, 100.1 task/s, elapsed: 31s, ETA:    47s[>>>>>>>>>>                ] 3123/7824, 100.1 task/s, elapsed: 31s, ETA:    47s[>>>>>>>>>>                ] 3124/7824, 100.1 task/s, elapsed: 31s, ETA:    47s[>>>>>>>>>>                ] 3125/7824, 100.1 task/s, elapsed: 31s, ETA:    47s[>>>>>>>>>>                ] 3126/7824, 100.1 task/s, elapsed: 31s, ETA:    47s[>>>>>>>>>>                ] 3127/7824, 100.1 task/s, elapsed: 31s, ETA:    47s[>>>>>>>>>>                ] 3128/7824, 100.1 task/s, elapsed: 31s, ETA:    47s[>>>>>>>>>>                ] 3129/7824, 100.1 task/s, elapsed: 31s, ETA:    47s[>>>>>>>>>>                ] 3130/7824, 100.1 task/s, elapsed: 31s, ETA:    47s[>>>>>>>>>>                ] 3131/7824, 100.1 task/s, elapsed: 31s, ETA:    47s[>>>>>>>>>>                ] 3132/7824, 100.1 task/s, elapsed: 31s, ETA:    47s[>>>>>>>>>>                ] 3133/7824, 100.1 task/s, elapsed: 31s, ETA:    47s[>>>>>>>>>>                ] 3134/7824, 100.1 task/s, elapsed: 31s, ETA:    47s[>>>>>>>>>>                ] 3135/7824, 100.1 task/s, elapsed: 31s, ETA:    47s[>>>>>>>>>>                ] 3136/7824, 100.1 task/s, elapsed: 31s, ETA:    47s[>>>>>>>>>>                ] 3137/7824, 100.1 task/s, elapsed: 31s, ETA:    47s[>>>>>>>>>>                ] 3138/7824, 100.1 task/s, elapsed: 31s, ETA:    47s[>>>>>>>>>>                ] 3139/7824, 100.1 task/s, elapsed: 31s, ETA:    47s[>>>>>>>>>>                ] 3140/7824, 100.1 task/s, elapsed: 31s, ETA:    47s[>>>>>>>>>>                ] 3141/7824, 100.1 task/s, elapsed: 31s, ETA:    47s[>>>>>>>>>>                ] 3142/7824, 100.1 task/s, elapsed: 31s, ETA:    47s[>>>>>>>>>>                ] 3143/7824, 100.1 task/s, elapsed: 31s, ETA:    47s[>>>>>>>>>>                ] 3144/7824, 100.1 task/s, elapsed: 31s, ETA:    47s[>>>>>>>>>>                ] 3145/7824, 100.1 task/s, elapsed: 31s, ETA:    47s[>>>>>>>>>>                ] 3146/7824, 100.1 task/s, elapsed: 31s, ETA:    47s[>>>>>>>>>>                ] 3147/7824, 100.1 task/s, elapsed: 31s, ETA:    47s[>>>>>>>>>>                ] 3148/7824, 100.1 task/s, elapsed: 31s, ETA:    47s[>>>>>>>>>>                ] 3149/7824, 100.1 task/s, elapsed: 31s, ETA:    47s[>>>>>>>>>>                ] 3150/7824, 100.1 task/s, elapsed: 31s, ETA:    47s[>>>>>>>>>>                ] 3151/7824, 100.1 task/s, elapsed: 31s, ETA:    47s[>>>>>>>>>>                ] 3152/7824, 100.1 task/s, elapsed: 31s, ETA:    47s[>>>>>>>>>>                ] 3153/7824, 100.2 task/s, elapsed: 31s, ETA:    47s[>>>>>>>>>>                ] 3154/7824, 100.2 task/s, elapsed: 31s, ETA:    47s[>>>>>>>>>>                ] 3155/7824, 100.2 task/s, elapsed: 32s, ETA:    47s[>>>>>>>>>>                ] 3156/7824, 100.2 task/s, elapsed: 32s, ETA:    47s[>>>>>>>>>>                ] 3157/7824, 100.2 task/s, elapsed: 32s, ETA:    47s[>>>>>>>>>>                ] 3158/7824, 100.2 task/s, elapsed: 32s, ETA:    47s[>>>>>>>>>>                ] 3159/7824, 100.2 task/s, elapsed: 32s, ETA:    47s[>>>>>>>>>>                ] 3160/7824, 100.2 task/s, elapsed: 32s, ETA:    47s[>>>>>>>>>>                ] 3161/7824, 100.2 task/s, elapsed: 32s, ETA:    47s[>>>>>>>>>>                ] 3162/7824, 100.2 task/s, elapsed: 32s, ETA:    47s[>>>>>>>>>>                ] 3163/7824, 100.2 task/s, elapsed: 32s, ETA:    47s[>>>>>>>>>>                ] 3164/7824, 100.2 task/s, elapsed: 32s, ETA:    47s[>>>>>>>>>>                ] 3165/7824, 100.2 task/s, elapsed: 32s, ETA:    47s[>>>>>>>>>>                ] 3166/7824, 100.2 task/s, elapsed: 32s, ETA:    47s[>>>>>>>>>>                ] 3167/7824, 100.2 task/s, elapsed: 32s, ETA:    46s[>>>>>>>>>>                ] 3168/7824, 100.2 task/s, elapsed: 32s, ETA:    46s[>>>>>>>>>>                ] 3169/7824, 100.2 task/s, elapsed: 32s, ETA:    46s[>>>>>>>>>>                ] 3170/7824, 100.2 task/s, elapsed: 32s, ETA:    46s[>>>>>>>>>>                ] 3171/7824, 100.2 task/s, elapsed: 32s, ETA:    46s[>>>>>>>>>>                ] 3172/7824, 100.2 task/s, elapsed: 32s, ETA:    46s[>>>>>>>>>>                ] 3173/7824, 100.2 task/s, elapsed: 32s, ETA:    46s[>>>>>>>>>>                ] 3174/7824, 100.2 task/s, elapsed: 32s, ETA:    46s[>>>>>>>>>>                ] 3175/7824, 100.2 task/s, elapsed: 32s, ETA:    46s[>>>>>>>>>>                ] 3176/7824, 100.2 task/s, elapsed: 32s, ETA:    46s[>>>>>>>>>>                ] 3177/7824, 100.2 task/s, elapsed: 32s, ETA:    46s[>>>>>>>>>>                ] 3178/7824, 100.2 task/s, elapsed: 32s, ETA:    46s[>>>>>>>>>>                ] 3179/7824, 100.2 task/s, elapsed: 32s, ETA:    46s[>>>>>>>>>>                ] 3180/7824, 100.2 task/s, elapsed: 32s, ETA:    46s[>>>>>>>>>>                ] 3181/7824, 100.2 task/s, elapsed: 32s, ETA:    46s[>>>>>>>>>>                ] 3182/7824, 100.2 task/s, elapsed: 32s, ETA:    46s[>>>>>>>>>>                ] 3183/7824, 100.2 task/s, elapsed: 32s, ETA:    46s[>>>>>>>>>>                ] 3184/7824, 100.2 task/s, elapsed: 32s, ETA:    46s[>>>>>>>>>>                ] 3185/7824, 100.2 task/s, elapsed: 32s, ETA:    46s[>>>>>>>>>>                ] 3186/7824, 100.2 task/s, elapsed: 32s, ETA:    46s[>>>>>>>>>>                ] 3187/7824, 100.2 task/s, elapsed: 32s, ETA:    46s[>>>>>>>>>>                ] 3188/7824, 100.2 task/s, elapsed: 32s, ETA:    46s[>>>>>>>>>>                ] 3189/7824, 100.2 task/s, elapsed: 32s, ETA:    46s[>>>>>>>>>>                ] 3190/7824, 100.2 task/s, elapsed: 32s, ETA:    46s[>>>>>>>>>>                ] 3191/7824, 100.2 task/s, elapsed: 32s, ETA:    46s[>>>>>>>>>>                ] 3192/7824, 100.2 task/s, elapsed: 32s, ETA:    46s[>>>>>>>>>>                ] 3193/7824, 100.3 task/s, elapsed: 32s, ETA:    46s[>>>>>>>>>>                ] 3194/7824, 100.3 task/s, elapsed: 32s, ETA:    46s[>>>>>>>>>>                ] 3195/7824, 100.3 task/s, elapsed: 32s, ETA:    46s[>>>>>>>>>>                ] 3196/7824, 100.3 task/s, elapsed: 32s, ETA:    46s[>>>>>>>>>>                ] 3197/7824, 100.3 task/s, elapsed: 32s, ETA:    46s[>>>>>>>>>>                ] 3198/7824, 100.3 task/s, elapsed: 32s, ETA:    46s[>>>>>>>>>>                ] 3199/7824, 100.3 task/s, elapsed: 32s, ETA:    46s[>>>>>>>>>>                ] 3200/7824, 100.3 task/s, elapsed: 32s, ETA:    46s[>>>>>>>>>>                ] 3201/7824, 100.3 task/s, elapsed: 32s, ETA:    46s[>>>>>>>>>>                ] 3202/7824, 100.3 task/s, elapsed: 32s, ETA:    46s[>>>>>>>>>>                ] 3203/7824, 100.3 task/s, elapsed: 32s, ETA:    46s[>>>>>>>>>>                ] 3204/7824, 100.3 task/s, elapsed: 32s, ETA:    46s[>>>>>>>>>>                ] 3205/7824, 100.3 task/s, elapsed: 32s, ETA:    46s[>>>>>>>>>>                ] 3206/7824, 100.3 task/s, elapsed: 32s, ETA:    46s[>>>>>>>>>>                ] 3207/7824, 100.3 task/s, elapsed: 32s, ETA:    46s[>>>>>>>>>>                ] 3208/7824, 100.3 task/s, elapsed: 32s, ETA:    46s[>>>>>>>>>>                ] 3209/7824, 100.3 task/s, elapsed: 32s, ETA:    46s[>>>>>>>>>>                ] 3210/7824, 100.3 task/s, elapsed: 32s, ETA:    46s[>>>>>>>>>>                ] 3211/7824, 100.3 task/s, elapsed: 32s, ETA:    46s[>>>>>>>>>>                ] 3212/7824, 100.3 task/s, elapsed: 32s, ETA:    46s[>>>>>>>>>>                ] 3213/7824, 100.3 task/s, elapsed: 32s, ETA:    46s[>>>>>>>>>>                ] 3214/7824, 100.3 task/s, elapsed: 32s, ETA:    46s[>>>>>>>>>>                ] 3215/7824, 100.3 task/s, elapsed: 32s, ETA:    46s[>>>>>>>>>>                ] 3216/7824, 100.3 task/s, elapsed: 32s, ETA:    46s[>>>>>>>>>>                ] 3217/7824, 100.3 task/s, elapsed: 32s, ETA:    46s[>>>>>>>>>>                ] 3218/7824, 100.3 task/s, elapsed: 32s, ETA:    46s[>>>>>>>>>>                ] 3219/7824, 100.3 task/s, elapsed: 32s, ETA:    46s[>>>>>>>>>>                ] 3220/7824, 100.3 task/s, elapsed: 32s, ETA:    46s[>>>>>>>>>>                ] 3221/7824, 100.3 task/s, elapsed: 32s, ETA:    46s[>>>>>>>>>>                ] 3222/7824, 100.3 task/s, elapsed: 32s, ETA:    46s[>>>>>>>>>>                ] 3223/7824, 100.3 task/s, elapsed: 32s, ETA:    46s[>>>>>>>>>>                ] 3224/7824, 100.3 task/s, elapsed: 32s, ETA:    46s[>>>>>>>>>>                ] 3225/7824, 100.3 task/s, elapsed: 32s, ETA:    46s[>>>>>>>>>>                ] 3226/7824, 100.3 task/s, elapsed: 32s, ETA:    46s[>>>>>>>>>>                ] 3227/7824, 100.4 task/s, elapsed: 32s, ETA:    46s[>>>>>>>>>>                ] 3228/7824, 100.4 task/s, elapsed: 32s, ETA:    46s[>>>>>>>>>>                ] 3229/7824, 100.4 task/s, elapsed: 32s, ETA:    46s[>>>>>>>>>>                ] 3230/7824, 100.4 task/s, elapsed: 32s, ETA:    46s[>>>>>>>>>>                ] 3231/7824, 100.4 task/s, elapsed: 32s, ETA:    46s[>>>>>>>>>>                ] 3232/7824, 100.4 task/s, elapsed: 32s, ETA:    46s[>>>>>>>>>>                ] 3233/7824, 100.4 task/s, elapsed: 32s, ETA:    46s[>>>>>>>>>>                ] 3234/7824, 100.4 task/s, elapsed: 32s, ETA:    46s[>>>>>>>>>>                ] 3235/7824, 100.4 task/s, elapsed: 32s, ETA:    46s[>>>>>>>>>>                ] 3236/7824, 100.4 task/s, elapsed: 32s, ETA:    46s[>>>>>>>>>>                ] 3237/7824, 100.4 task/s, elapsed: 32s, ETA:    46s[>>>>>>>>>>                ] 3238/7824, 100.4 task/s, elapsed: 32s, ETA:    46s[>>>>>>>>>>                ] 3239/7824, 100.4 task/s, elapsed: 32s, ETA:    46s[>>>>>>>>>>                ] 3240/7824, 100.4 task/s, elapsed: 32s, ETA:    46s[>>>>>>>>>>                ] 3241/7824, 100.4 task/s, elapsed: 32s, ETA:    46s[>>>>>>>>>>                ] 3242/7824, 100.4 task/s, elapsed: 32s, ETA:    46s[>>>>>>>>>>                ] 3243/7824, 100.4 task/s, elapsed: 32s, ETA:    46s[>>>>>>>>>>                ] 3244/7824, 100.4 task/s, elapsed: 32s, ETA:    46s[>>>>>>>>>>                ] 3245/7824, 100.4 task/s, elapsed: 32s, ETA:    46s[>>>>>>>>>>                ] 3246/7824, 100.4 task/s, elapsed: 32s, ETA:    46s[>>>>>>>>>>                ] 3247/7824, 100.4 task/s, elapsed: 32s, ETA:    46s[>>>>>>>>>>                ] 3248/7824, 100.4 task/s, elapsed: 32s, ETA:    46s[>>>>>>>>>>                ] 3249/7824, 100.4 task/s, elapsed: 32s, ETA:    46s[>>>>>>>>>>                ] 3250/7824, 100.4 task/s, elapsed: 32s, ETA:    46s[>>>>>>>>>>                ] 3251/7824, 100.4 task/s, elapsed: 32s, ETA:    46s[>>>>>>>>>>                ] 3252/7824, 100.4 task/s, elapsed: 32s, ETA:    46s[>>>>>>>>>>                ] 3253/7824, 100.4 task/s, elapsed: 32s, ETA:    46s[>>>>>>>>>>                ] 3254/7824, 100.4 task/s, elapsed: 32s, ETA:    46s[>>>>>>>>>>                ] 3255/7824, 100.4 task/s, elapsed: 32s, ETA:    45s[>>>>>>>>>>                ] 3256/7824, 100.4 task/s, elapsed: 32s, ETA:    45s[>>>>>>>>>>                ] 3257/7824, 100.4 task/s, elapsed: 32s, ETA:    45s[>>>>>>>>>>                ] 3258/7824, 100.4 task/s, elapsed: 32s, ETA:    45s[>>>>>>>>>>                ] 3259/7824, 100.4 task/s, elapsed: 32s, ETA:    45s[>>>>>>>>>>                ] 3260/7824, 100.5 task/s, elapsed: 32s, ETA:    45s[>>>>>>>>>>                ] 3261/7824, 100.5 task/s, elapsed: 32s, ETA:    45s[>>>>>>>>>>                ] 3262/7824, 100.5 task/s, elapsed: 32s, ETA:    45s[>>>>>>>>>>                ] 3263/7824, 100.5 task/s, elapsed: 32s, ETA:    45s[>>>>>>>>>>                ] 3264/7824, 100.5 task/s, elapsed: 32s, ETA:    45s[>>>>>>>>>>                ] 3265/7824, 100.5 task/s, elapsed: 32s, ETA:    45s[>>>>>>>>>>                ] 3266/7824, 100.5 task/s, elapsed: 33s, ETA:    45s[>>>>>>>>>>                ] 3267/7824, 100.5 task/s, elapsed: 33s, ETA:    45s[>>>>>>>>>>                ] 3268/7824, 100.5 task/s, elapsed: 33s, ETA:    45s[>>>>>>>>>>                ] 3269/7824, 100.5 task/s, elapsed: 33s, ETA:    45s[>>>>>>>>>>                ] 3270/7824, 100.5 task/s, elapsed: 33s, ETA:    45s[>>>>>>>>>>                ] 3271/7824, 100.5 task/s, elapsed: 33s, ETA:    45s[>>>>>>>>>>                ] 3272/7824, 100.5 task/s, elapsed: 33s, ETA:    45s[>>>>>>>>>>                ] 3273/7824, 100.5 task/s, elapsed: 33s, ETA:    45s[>>>>>>>>>>                ] 3274/7824, 100.5 task/s, elapsed: 33s, ETA:    45s[>>>>>>>>>>                ] 3275/7824, 100.5 task/s, elapsed: 33s, ETA:    45s[>>>>>>>>>>                ] 3276/7824, 100.5 task/s, elapsed: 33s, ETA:    45s[>>>>>>>>>>                ] 3277/7824, 100.5 task/s, elapsed: 33s, ETA:    45s[>>>>>>>>>>                ] 3278/7824, 100.5 task/s, elapsed: 33s, ETA:    45s[>>>>>>>>>>                ] 3279/7824, 100.5 task/s, elapsed: 33s, ETA:    45s[>>>>>>>>>>                ] 3280/7824, 100.5 task/s, elapsed: 33s, ETA:    45s[>>>>>>>>>>                ] 3281/7824, 100.5 task/s, elapsed: 33s, ETA:    45s[>>>>>>>>>>                ] 3282/7824, 100.5 task/s, elapsed: 33s, ETA:    45s[>>>>>>>>>>                ] 3283/7824, 100.5 task/s, elapsed: 33s, ETA:    45s[>>>>>>>>>>                ] 3284/7824, 100.5 task/s, elapsed: 33s, ETA:    45s[>>>>>>>>>>                ] 3285/7824, 100.5 task/s, elapsed: 33s, ETA:    45s[>>>>>>>>>>                ] 3286/7824, 100.5 task/s, elapsed: 33s, ETA:    45s[>>>>>>>>>>                ] 3287/7824, 100.5 task/s, elapsed: 33s, ETA:    45s[>>>>>>>>>>                ] 3288/7824, 100.5 task/s, elapsed: 33s, ETA:    45s[>>>>>>>>>>                ] 3289/7824, 100.6 task/s, elapsed: 33s, ETA:    45s[>>>>>>>>>>                ] 3290/7824, 100.6 task/s, elapsed: 33s, ETA:    45s[>>>>>>>>>>                ] 3291/7824, 100.6 task/s, elapsed: 33s, ETA:    45s[>>>>>>>>>>                ] 3292/7824, 100.6 task/s, elapsed: 33s, ETA:    45s[>>>>>>>>>>                ] 3293/7824, 100.6 task/s, elapsed: 33s, ETA:    45s[>>>>>>>>>>                ] 3294/7824, 100.6 task/s, elapsed: 33s, ETA:    45s[>>>>>>>>>>                ] 3295/7824, 100.6 task/s, elapsed: 33s, ETA:    45s[>>>>>>>>>>                ] 3296/7824, 100.6 task/s, elapsed: 33s, ETA:    45s[>>>>>>>>>>                ] 3297/7824, 100.6 task/s, elapsed: 33s, ETA:    45s[>>>>>>>>>>                ] 3298/7824, 100.6 task/s, elapsed: 33s, ETA:    45s[>>>>>>>>>>                ] 3299/7824, 100.6 task/s, elapsed: 33s, ETA:    45s[>>>>>>>>>>                ] 3300/7824, 100.6 task/s, elapsed: 33s, ETA:    45s[>>>>>>>>>>                ] 3301/7824, 100.6 task/s, elapsed: 33s, ETA:    45s[>>>>>>>>>>                ] 3302/7824, 100.6 task/s, elapsed: 33s, ETA:    45s[>>>>>>>>>>                ] 3303/7824, 100.6 task/s, elapsed: 33s, ETA:    45s[>>>>>>>>>>                ] 3304/7824, 100.6 task/s, elapsed: 33s, ETA:    45s[>>>>>>>>>>                ] 3305/7824, 100.6 task/s, elapsed: 33s, ETA:    45s[>>>>>>>>>>                ] 3306/7824, 100.6 task/s, elapsed: 33s, ETA:    45s[>>>>>>>>>>                ] 3307/7824, 100.6 task/s, elapsed: 33s, ETA:    45s[>>>>>>>>>>                ] 3308/7824, 100.6 task/s, elapsed: 33s, ETA:    45s[>>>>>>>>>>                ] 3309/7824, 100.6 task/s, elapsed: 33s, ETA:    45s[>>>>>>>>>>                ] 3310/7824, 100.6 task/s, elapsed: 33s, ETA:    45s[>>>>>>>>>>>               ] 3311/7824, 100.6 task/s, elapsed: 33s, ETA:    45s[>>>>>>>>>>>               ] 3312/7824, 100.6 task/s, elapsed: 33s, ETA:    45s[>>>>>>>>>>>               ] 3313/7824, 100.6 task/s, elapsed: 33s, ETA:    45s[>>>>>>>>>>>               ] 3314/7824, 100.6 task/s, elapsed: 33s, ETA:    45s[>>>>>>>>>>>               ] 3315/7824, 100.6 task/s, elapsed: 33s, ETA:    45s[>>>>>>>>>>>               ] 3316/7824, 100.6 task/s, elapsed: 33s, ETA:    45s[>>>>>>>>>>>               ] 3317/7824, 100.6 task/s, elapsed: 33s, ETA:    45s[>>>>>>>>>>>               ] 3318/7824, 100.6 task/s, elapsed: 33s, ETA:    45s[>>>>>>>>>>>               ] 3319/7824, 100.6 task/s, elapsed: 33s, ETA:    45s[>>>>>>>>>>>               ] 3320/7824, 100.7 task/s, elapsed: 33s, ETA:    45s[>>>>>>>>>>>               ] 3321/7824, 100.7 task/s, elapsed: 33s, ETA:    45s[>>>>>>>>>>>               ] 3322/7824, 100.7 task/s, elapsed: 33s, ETA:    45s[>>>>>>>>>>>               ] 3323/7824, 100.7 task/s, elapsed: 33s, ETA:    45s[>>>>>>>>>>>               ] 3324/7824, 100.7 task/s, elapsed: 33s, ETA:    45s[>>>>>>>>>>>               ] 3325/7824, 100.7 task/s, elapsed: 33s, ETA:    45s[>>>>>>>>>>>               ] 3326/7824, 100.7 task/s, elapsed: 33s, ETA:    45s[>>>>>>>>>>>               ] 3327/7824, 100.7 task/s, elapsed: 33s, ETA:    45s[>>>>>>>>>>>               ] 3328/7824, 100.7 task/s, elapsed: 33s, ETA:    45s[>>>>>>>>>>>               ] 3329/7824, 100.7 task/s, elapsed: 33s, ETA:    45s[>>>>>>>>>>>               ] 3330/7824, 100.7 task/s, elapsed: 33s, ETA:    45s[>>>>>>>>>>>               ] 3331/7824, 100.7 task/s, elapsed: 33s, ETA:    45s[>>>>>>>>>>>               ] 3332/7824, 100.7 task/s, elapsed: 33s, ETA:    45s[>>>>>>>>>>>               ] 3333/7824, 100.7 task/s, elapsed: 33s, ETA:    45s[>>>>>>>>>>>               ] 3334/7824, 100.7 task/s, elapsed: 33s, ETA:    45s[>>>>>>>>>>>               ] 3335/7824, 100.7 task/s, elapsed: 33s, ETA:    45s[>>>>>>>>>>>               ] 3336/7824, 100.7 task/s, elapsed: 33s, ETA:    45s[>>>>>>>>>>>               ] 3337/7824, 100.7 task/s, elapsed: 33s, ETA:    45s[>>>>>>>>>>>               ] 3338/7824, 100.7 task/s, elapsed: 33s, ETA:    45s[>>>>>>>>>>>               ] 3339/7824, 100.7 task/s, elapsed: 33s, ETA:    45s[>>>>>>>>>>>               ] 3340/7824, 100.7 task/s, elapsed: 33s, ETA:    45s[>>>>>>>>>>>               ] 3341/7824, 100.7 task/s, elapsed: 33s, ETA:    45s[>>>>>>>>>>>               ] 3342/7824, 100.7 task/s, elapsed: 33s, ETA:    44s[>>>>>>>>>>>               ] 3343/7824, 100.7 task/s, elapsed: 33s, ETA:    44s[>>>>>>>>>>>               ] 3344/7824, 100.7 task/s, elapsed: 33s, ETA:    44s[>>>>>>>>>>>               ] 3345/7824, 100.7 task/s, elapsed: 33s, ETA:    44s[>>>>>>>>>>>               ] 3346/7824, 100.7 task/s, elapsed: 33s, ETA:    44s[>>>>>>>>>>>               ] 3347/7824, 100.8 task/s, elapsed: 33s, ETA:    44s[>>>>>>>>>>>               ] 3348/7824, 100.8 task/s, elapsed: 33s, ETA:    44s[>>>>>>>>>>>               ] 3349/7824, 100.8 task/s, elapsed: 33s, ETA:    44s[>>>>>>>>>>>               ] 3350/7824, 100.8 task/s, elapsed: 33s, ETA:    44s[>>>>>>>>>>>               ] 3351/7824, 100.8 task/s, elapsed: 33s, ETA:    44s[>>>>>>>>>>>               ] 3352/7824, 100.8 task/s, elapsed: 33s, ETA:    44s[>>>>>>>>>>>               ] 3353/7824, 100.8 task/s, elapsed: 33s, ETA:    44s[>>>>>>>>>>>               ] 3354/7824, 100.8 task/s, elapsed: 33s, ETA:    44s[>>>>>>>>>>>               ] 3355/7824, 100.8 task/s, elapsed: 33s, ETA:    44s[>>>>>>>>>>>               ] 3356/7824, 100.8 task/s, elapsed: 33s, ETA:    44s[>>>>>>>>>>>               ] 3357/7824, 100.8 task/s, elapsed: 33s, ETA:    44s[>>>>>>>>>>>               ] 3358/7824, 100.8 task/s, elapsed: 33s, ETA:    44s[>>>>>>>>>>>               ] 3359/7824, 100.8 task/s, elapsed: 33s, ETA:    44s[>>>>>>>>>>>               ] 3360/7824, 100.8 task/s, elapsed: 33s, ETA:    44s[>>>>>>>>>>>               ] 3361/7824, 100.8 task/s, elapsed: 33s, ETA:    44s[>>>>>>>>>>>               ] 3362/7824, 100.8 task/s, elapsed: 33s, ETA:    44s[>>>>>>>>>>>               ] 3363/7824, 100.8 task/s, elapsed: 33s, ETA:    44s[>>>>>>>>>>>               ] 3364/7824, 100.8 task/s, elapsed: 33s, ETA:    44s[>>>>>>>>>>>               ] 3365/7824, 100.8 task/s, elapsed: 33s, ETA:    44s[>>>>>>>>>>>               ] 3366/7824, 100.8 task/s, elapsed: 33s, ETA:    44s[>>>>>>>>>>>               ] 3367/7824, 100.8 task/s, elapsed: 33s, ETA:    44s[>>>>>>>>>>>               ] 3368/7824, 100.8 task/s, elapsed: 33s, ETA:    44s[>>>>>>>>>>>               ] 3369/7824, 100.8 task/s, elapsed: 33s, ETA:    44s[>>>>>>>>>>>               ] 3370/7824, 100.8 task/s, elapsed: 33s, ETA:    44s[>>>>>>>>>>>               ] 3371/7824, 100.8 task/s, elapsed: 33s, ETA:    44s[>>>>>>>>>>>               ] 3372/7824, 100.8 task/s, elapsed: 33s, ETA:    44s[>>>>>>>>>>>               ] 3373/7824, 100.8 task/s, elapsed: 33s, ETA:    44s[>>>>>>>>>>>               ] 3374/7824, 100.8 task/s, elapsed: 33s, ETA:    44s[>>>>>>>>>>>               ] 3375/7824, 100.8 task/s, elapsed: 33s, ETA:    44s[>>>>>>>>>>>               ] 3376/7824, 100.8 task/s, elapsed: 33s, ETA:    44s[>>>>>>>>>>>               ] 3377/7824, 100.8 task/s, elapsed: 33s, ETA:    44s[>>>>>>>>>>>               ] 3378/7824, 100.8 task/s, elapsed: 33s, ETA:    44s[>>>>>>>>>>>               ] 3379/7824, 100.8 task/s, elapsed: 34s, ETA:    44s[>>>>>>>>>>>               ] 3380/7824, 100.8 task/s, elapsed: 34s, ETA:    44s[>>>>>>>>>>>               ] 3381/7824, 100.8 task/s, elapsed: 34s, ETA:    44s[>>>>>>>>>>>               ] 3382/7824, 100.9 task/s, elapsed: 34s, ETA:    44s[>>>>>>>>>>>               ] 3383/7824, 100.9 task/s, elapsed: 34s, ETA:    44s[>>>>>>>>>>>               ] 3384/7824, 100.9 task/s, elapsed: 34s, ETA:    44s[>>>>>>>>>>>               ] 3385/7824, 100.8 task/s, elapsed: 34s, ETA:    44s[>>>>>>>>>>>               ] 3386/7824, 100.8 task/s, elapsed: 34s, ETA:    44s[>>>>>>>>>>>               ] 3387/7824, 100.8 task/s, elapsed: 34s, ETA:    44s[>>>>>>>>>>>               ] 3388/7824, 100.8 task/s, elapsed: 34s, ETA:    44s[>>>>>>>>>>>               ] 3389/7824, 100.8 task/s, elapsed: 34s, ETA:    44s[>>>>>>>>>>>               ] 3390/7824, 100.8 task/s, elapsed: 34s, ETA:    44s[>>>>>>>>>>>               ] 3391/7824, 100.8 task/s, elapsed: 34s, ETA:    44s[>>>>>>>>>>>               ] 3392/7824, 100.8 task/s, elapsed: 34s, ETA:    44s[>>>>>>>>>>>               ] 3393/7824, 100.8 task/s, elapsed: 34s, ETA:    44s[>>>>>>>>>>>               ] 3394/7824, 100.7 task/s, elapsed: 34s, ETA:    44s[>>>>>>>>>>>               ] 3395/7824, 100.7 task/s, elapsed: 34s, ETA:    44s[>>>>>>>>>>>               ] 3396/7824, 100.7 task/s, elapsed: 34s, ETA:    44s[>>>>>>>>>>>               ] 3397/7824, 100.7 task/s, elapsed: 34s, ETA:    44s[>>>>>>>>>>>               ] 3398/7824, 100.7 task/s, elapsed: 34s, ETA:    44s[>>>>>>>>>>>               ] 3399/7824, 100.7 task/s, elapsed: 34s, ETA:    44s[>>>>>>>>>>>               ] 3400/7824, 100.7 task/s, elapsed: 34s, ETA:    44s[>>>>>>>>>>>               ] 3401/7824, 100.7 task/s, elapsed: 34s, ETA:    44s[>>>>>>>>>>>               ] 3402/7824, 100.7 task/s, elapsed: 34s, ETA:    44s[>>>>>>>>>>>               ] 3403/7824, 100.7 task/s, elapsed: 34s, ETA:    44s[>>>>>>>>>>>               ] 3404/7824, 100.7 task/s, elapsed: 34s, ETA:    44s[>>>>>>>>>>>               ] 3405/7824, 100.7 task/s, elapsed: 34s, ETA:    44s[>>>>>>>>>>>               ] 3406/7824, 100.6 task/s, elapsed: 34s, ETA:    44s[>>>>>>>>>>>               ] 3407/7824, 100.6 task/s, elapsed: 34s, ETA:    44s[>>>>>>>>>>>               ] 3408/7824, 100.6 task/s, elapsed: 34s, ETA:    44s[>>>>>>>>>>>               ] 3409/7824, 100.6 task/s, elapsed: 34s, ETA:    44s[>>>>>>>>>>>               ] 3410/7824, 100.6 task/s, elapsed: 34s, ETA:    44s[>>>>>>>>>>>               ] 3411/7824, 100.6 task/s, elapsed: 34s, ETA:    44s[>>>>>>>>>>>               ] 3412/7824, 100.6 task/s, elapsed: 34s, ETA:    44s[>>>>>>>>>>>               ] 3413/7824, 100.6 task/s, elapsed: 34s, ETA:    44s[>>>>>>>>>>>               ] 3414/7824, 100.6 task/s, elapsed: 34s, ETA:    44s[>>>>>>>>>>>               ] 3415/7824, 100.6 task/s, elapsed: 34s, ETA:    44s[>>>>>>>>>>>               ] 3416/7824, 100.6 task/s, elapsed: 34s, ETA:    44s[>>>>>>>>>>>               ] 3417/7824, 100.6 task/s, elapsed: 34s, ETA:    44s[>>>>>>>>>>>               ] 3418/7824, 100.5 task/s, elapsed: 34s, ETA:    44s[>>>>>>>>>>>               ] 3419/7824, 100.5 task/s, elapsed: 34s, ETA:    44s[>>>>>>>>>>>               ] 3420/7824, 100.5 task/s, elapsed: 34s, ETA:    44s[>>>>>>>>>>>               ] 3421/7824, 100.5 task/s, elapsed: 34s, ETA:    44s[>>>>>>>>>>>               ] 3422/7824, 100.5 task/s, elapsed: 34s, ETA:    44s[>>>>>>>>>>>               ] 3423/7824, 100.5 task/s, elapsed: 34s, ETA:    44s[>>>>>>>>>>>               ] 3424/7824, 100.5 task/s, elapsed: 34s, ETA:    44s[>>>>>>>>>>>               ] 3425/7824, 100.5 task/s, elapsed: 34s, ETA:    44s[>>>>>>>>>>>               ] 3426/7824, 100.5 task/s, elapsed: 34s, ETA:    44s[>>>>>>>>>>>               ] 3427/7824, 100.5 task/s, elapsed: 34s, ETA:    44s[>>>>>>>>>>>               ] 3428/7824, 100.5 task/s, elapsed: 34s, ETA:    44s[>>>>>>>>>>>               ] 3429/7824, 100.4 task/s, elapsed: 34s, ETA:    44s[>>>>>>>>>>>               ] 3430/7824, 100.4 task/s, elapsed: 34s, ETA:    44s[>>>>>>>>>>>               ] 3431/7824, 100.4 task/s, elapsed: 34s, ETA:    44s[>>>>>>>>>>>               ] 3432/7824, 100.4 task/s, elapsed: 34s, ETA:    44s[>>>>>>>>>>>               ] 3433/7824, 100.4 task/s, elapsed: 34s, ETA:    44s[>>>>>>>>>>>               ] 3434/7824, 100.4 task/s, elapsed: 34s, ETA:    44s[>>>>>>>>>>>               ] 3435/7824, 100.4 task/s, elapsed: 34s, ETA:    44s[>>>>>>>>>>>               ] 3436/7824, 100.4 task/s, elapsed: 34s, ETA:    44s[>>>>>>>>>>>               ] 3437/7824, 100.4 task/s, elapsed: 34s, ETA:    44s[>>>>>>>>>>>               ] 3438/7824, 100.4 task/s, elapsed: 34s, ETA:    44s[>>>>>>>>>>>               ] 3439/7824, 100.4 task/s, elapsed: 34s, ETA:    44s[>>>>>>>>>>>               ] 3440/7824, 100.4 task/s, elapsed: 34s, ETA:    44s[>>>>>>>>>>>               ] 3441/7824, 100.3 task/s, elapsed: 34s, ETA:    44s[>>>>>>>>>>>               ] 3442/7824, 100.3 task/s, elapsed: 34s, ETA:    44s[>>>>>>>>>>>               ] 3443/7824, 100.3 task/s, elapsed: 34s, ETA:    44s[>>>>>>>>>>>               ] 3444/7824, 100.3 task/s, elapsed: 34s, ETA:    44s[>>>>>>>>>>>               ] 3445/7824, 100.3 task/s, elapsed: 34s, ETA:    44s[>>>>>>>>>>>               ] 3446/7824, 100.3 task/s, elapsed: 34s, ETA:    44s[>>>>>>>>>>>               ] 3447/7824, 100.3 task/s, elapsed: 34s, ETA:    44s[>>>>>>>>>>>               ] 3448/7824, 100.3 task/s, elapsed: 34s, ETA:    44s[>>>>>>>>>>>               ] 3449/7824, 100.3 task/s, elapsed: 34s, ETA:    44s[>>>>>>>>>>>               ] 3450/7824, 100.3 task/s, elapsed: 34s, ETA:    44s[>>>>>>>>>>>               ] 3451/7824, 100.3 task/s, elapsed: 34s, ETA:    44s[>>>>>>>>>>>               ] 3452/7824, 100.3 task/s, elapsed: 34s, ETA:    44s[>>>>>>>>>>>               ] 3453/7824, 100.3 task/s, elapsed: 34s, ETA:    44s[>>>>>>>>>>>               ] 3454/7824, 100.2 task/s, elapsed: 34s, ETA:    44s[>>>>>>>>>>>               ] 3455/7824, 100.2 task/s, elapsed: 34s, ETA:    44s[>>>>>>>>>>>               ] 3456/7824, 100.2 task/s, elapsed: 34s, ETA:    44s[>>>>>>>>>>>               ] 3457/7824, 100.2 task/s, elapsed: 34s, ETA:    44s[>>>>>>>>>>>               ] 3458/7824, 100.2 task/s, elapsed: 35s, ETA:    44s[>>>>>>>>>>>               ] 3459/7824, 100.2 task/s, elapsed: 35s, ETA:    44s[>>>>>>>>>>>               ] 3460/7824, 100.2 task/s, elapsed: 35s, ETA:    44s[>>>>>>>>>>>               ] 3461/7824, 100.2 task/s, elapsed: 35s, ETA:    44s[>>>>>>>>>>>               ] 3462/7824, 100.2 task/s, elapsed: 35s, ETA:    44s[>>>>>>>>>>>               ] 3463/7824, 100.2 task/s, elapsed: 35s, ETA:    44s[>>>>>>>>>>>               ] 3464/7824, 100.1 task/s, elapsed: 35s, ETA:    44s[>>>>>>>>>>>               ] 3465/7824, 100.1 task/s, elapsed: 35s, ETA:    44s[>>>>>>>>>>>               ] 3466/7824, 100.1 task/s, elapsed: 35s, ETA:    44s[>>>>>>>>>>>               ] 3467/7824, 100.1 task/s, elapsed: 35s, ETA:    44s[>>>>>>>>>>>               ] 3468/7824, 100.1 task/s, elapsed: 35s, ETA:    44s[>>>>>>>>>>>               ] 3469/7824, 100.1 task/s, elapsed: 35s, ETA:    44s[>>>>>>>>>>>               ] 3470/7824, 100.1 task/s, elapsed: 35s, ETA:    44s[>>>>>>>>>>>               ] 3471/7824, 100.1 task/s, elapsed: 35s, ETA:    43s[>>>>>>>>>>>               ] 3472/7824, 100.1 task/s, elapsed: 35s, ETA:    43s[>>>>>>>>>>>               ] 3473/7824, 100.1 task/s, elapsed: 35s, ETA:    43s[>>>>>>>>>>>               ] 3474/7824, 100.1 task/s, elapsed: 35s, ETA:    43s[>>>>>>>>>>>               ] 3475/7824, 100.0 task/s, elapsed: 35s, ETA:    43s[>>>>>>>>>>>               ] 3476/7824, 100.0 task/s, elapsed: 35s, ETA:    43s[>>>>>>>>>>>               ] 3477/7824, 100.0 task/s, elapsed: 35s, ETA:    43s[>>>>>>>>>>>               ] 3478/7824, 100.0 task/s, elapsed: 35s, ETA:    43s[>>>>>>>>>>>               ] 3479/7824, 100.0 task/s, elapsed: 35s, ETA:    43s[>>>>>>>>>>>               ] 3480/7824, 100.0 task/s, elapsed: 35s, ETA:    43s[>>>>>>>>>>>               ] 3481/7824, 100.0 task/s, elapsed: 35s, ETA:    43s[>>>>>>>>>>>               ] 3482/7824, 100.0 task/s, elapsed: 35s, ETA:    43s[>>>>>>>>>>>               ] 3483/7824, 100.0 task/s, elapsed: 35s, ETA:    43s[>>>>>>>>>>>               ] 3484/7824, 100.0 task/s, elapsed: 35s, ETA:    43s[>>>>>>>>>>>               ] 3485/7824, 100.0 task/s, elapsed: 35s, ETA:    43s[>>>>>>>>>>>               ] 3486/7824, 100.0 task/s, elapsed: 35s, ETA:    43s[>>>>>>>>>>>>               ] 3487/7824, 99.9 task/s, elapsed: 35s, ETA:    43s[>>>>>>>>>>>>               ] 3488/7824, 99.9 task/s, elapsed: 35s, ETA:    43s[>>>>>>>>>>>>               ] 3489/7824, 99.9 task/s, elapsed: 35s, ETA:    43s[>>>>>>>>>>>>               ] 3490/7824, 99.9 task/s, elapsed: 35s, ETA:    43s[>>>>>>>>>>>>               ] 3491/7824, 99.9 task/s, elapsed: 35s, ETA:    43s[>>>>>>>>>>>>               ] 3492/7824, 99.9 task/s, elapsed: 35s, ETA:    43s[>>>>>>>>>>>>               ] 3493/7824, 99.9 task/s, elapsed: 35s, ETA:    43s[>>>>>>>>>>>>               ] 3494/7824, 99.9 task/s, elapsed: 35s, ETA:    43s[>>>>>>>>>>>>               ] 3495/7824, 99.9 task/s, elapsed: 35s, ETA:    43s[>>>>>>>>>>>>               ] 3496/7824, 99.9 task/s, elapsed: 35s, ETA:    43s[>>>>>>>>>>>>               ] 3497/7824, 99.9 task/s, elapsed: 35s, ETA:    43s[>>>>>>>>>>>>               ] 3498/7824, 99.9 task/s, elapsed: 35s, ETA:    43s[>>>>>>>>>>>>               ] 3499/7824, 99.9 task/s, elapsed: 35s, ETA:    43s[>>>>>>>>>>>>               ] 3500/7824, 99.8 task/s, elapsed: 35s, ETA:    43s[>>>>>>>>>>>>               ] 3501/7824, 99.8 task/s, elapsed: 35s, ETA:    43s[>>>>>>>>>>>>               ] 3502/7824, 99.8 task/s, elapsed: 35s, ETA:    43s[>>>>>>>>>>>>               ] 3503/7824, 99.8 task/s, elapsed: 35s, ETA:    43s[>>>>>>>>>>>>               ] 3504/7824, 99.8 task/s, elapsed: 35s, ETA:    43s[>>>>>>>>>>>>               ] 3505/7824, 99.8 task/s, elapsed: 35s, ETA:    43s[>>>>>>>>>>>>               ] 3506/7824, 99.8 task/s, elapsed: 35s, ETA:    43s[>>>>>>>>>>>>               ] 3507/7824, 99.8 task/s, elapsed: 35s, ETA:    43s[>>>>>>>>>>>>               ] 3508/7824, 99.8 task/s, elapsed: 35s, ETA:    43s[>>>>>>>>>>>>               ] 3509/7824, 99.8 task/s, elapsed: 35s, ETA:    43s[>>>>>>>>>>>>               ] 3510/7824, 99.8 task/s, elapsed: 35s, ETA:    43s[>>>>>>>>>>>>               ] 3511/7824, 99.8 task/s, elapsed: 35s, ETA:    43s[>>>>>>>>>>>>               ] 3512/7824, 99.7 task/s, elapsed: 35s, ETA:    43s[>>>>>>>>>>>>               ] 3513/7824, 99.7 task/s, elapsed: 35s, ETA:    43s[>>>>>>>>>>>>               ] 3514/7824, 99.7 task/s, elapsed: 35s, ETA:    43s[>>>>>>>>>>>>               ] 3515/7824, 99.7 task/s, elapsed: 35s, ETA:    43s[>>>>>>>>>>>>               ] 3516/7824, 99.7 task/s, elapsed: 35s, ETA:    43s[>>>>>>>>>>>>               ] 3517/7824, 99.7 task/s, elapsed: 35s, ETA:    43s[>>>>>>>>>>>>               ] 3518/7824, 99.7 task/s, elapsed: 35s, ETA:    43s[>>>>>>>>>>>>               ] 3519/7824, 99.7 task/s, elapsed: 35s, ETA:    43s[>>>>>>>>>>>>               ] 3520/7824, 99.7 task/s, elapsed: 35s, ETA:    43s[>>>>>>>>>>>>               ] 3521/7824, 99.7 task/s, elapsed: 35s, ETA:    43s[>>>>>>>>>>>>               ] 3522/7824, 99.7 task/s, elapsed: 35s, ETA:    43s[>>>>>>>>>>>>               ] 3523/7824, 99.7 task/s, elapsed: 35s, ETA:    43s[>>>>>>>>>>>>               ] 3524/7824, 99.7 task/s, elapsed: 35s, ETA:    43s[>>>>>>>>>>>>               ] 3525/7824, 99.6 task/s, elapsed: 35s, ETA:    43s[>>>>>>>>>>>>               ] 3526/7824, 99.6 task/s, elapsed: 35s, ETA:    43s[>>>>>>>>>>>>               ] 3527/7824, 99.6 task/s, elapsed: 35s, ETA:    43s[>>>>>>>>>>>>               ] 3528/7824, 99.6 task/s, elapsed: 35s, ETA:    43s[>>>>>>>>>>>>               ] 3529/7824, 99.6 task/s, elapsed: 35s, ETA:    43s[>>>>>>>>>>>>               ] 3530/7824, 99.6 task/s, elapsed: 35s, ETA:    43s[>>>>>>>>>>>>               ] 3531/7824, 99.6 task/s, elapsed: 35s, ETA:    43s[>>>>>>>>>>>>               ] 3532/7824, 99.6 task/s, elapsed: 35s, ETA:    43s[>>>>>>>>>>>>               ] 3533/7824, 99.6 task/s, elapsed: 35s, ETA:    43s[>>>>>>>>>>>>               ] 3534/7824, 99.6 task/s, elapsed: 35s, ETA:    43s[>>>>>>>>>>>>               ] 3535/7824, 99.6 task/s, elapsed: 36s, ETA:    43s[>>>>>>>>>>>>               ] 3536/7824, 99.6 task/s, elapsed: 36s, ETA:    43s[>>>>>>>>>>>>               ] 3537/7824, 99.6 task/s, elapsed: 36s, ETA:    43s[>>>>>>>>>>>>               ] 3538/7824, 99.5 task/s, elapsed: 36s, ETA:    43s[>>>>>>>>>>>>               ] 3539/7824, 99.5 task/s, elapsed: 36s, ETA:    43s[>>>>>>>>>>>>               ] 3540/7824, 99.5 task/s, elapsed: 36s, ETA:    43s[>>>>>>>>>>>>               ] 3541/7824, 99.5 task/s, elapsed: 36s, ETA:    43s[>>>>>>>>>>>>               ] 3542/7824, 99.5 task/s, elapsed: 36s, ETA:    43s[>>>>>>>>>>>>               ] 3543/7824, 99.5 task/s, elapsed: 36s, ETA:    43s[>>>>>>>>>>>>               ] 3544/7824, 99.5 task/s, elapsed: 36s, ETA:    43s[>>>>>>>>>>>>               ] 3545/7824, 99.5 task/s, elapsed: 36s, ETA:    43s[>>>>>>>>>>>>               ] 3546/7824, 99.5 task/s, elapsed: 36s, ETA:    43s[>>>>>>>>>>>>               ] 3547/7824, 99.5 task/s, elapsed: 36s, ETA:    43s[>>>>>>>>>>>>               ] 3548/7824, 99.5 task/s, elapsed: 36s, ETA:    43s[>>>>>>>>>>>>               ] 3549/7824, 99.5 task/s, elapsed: 36s, ETA:    43s[>>>>>>>>>>>>               ] 3550/7824, 99.5 task/s, elapsed: 36s, ETA:    43s[>>>>>>>>>>>>               ] 3551/7824, 99.4 task/s, elapsed: 36s, ETA:    43s[>>>>>>>>>>>>               ] 3552/7824, 99.4 task/s, elapsed: 36s, ETA:    43s[>>>>>>>>>>>>               ] 3553/7824, 99.4 task/s, elapsed: 36s, ETA:    43s[>>>>>>>>>>>>               ] 3554/7824, 99.4 task/s, elapsed: 36s, ETA:    43s[>>>>>>>>>>>>               ] 3555/7824, 99.4 task/s, elapsed: 36s, ETA:    43s[>>>>>>>>>>>>               ] 3556/7824, 99.4 task/s, elapsed: 36s, ETA:    43s[>>>>>>>>>>>>               ] 3557/7824, 99.4 task/s, elapsed: 36s, ETA:    43s[>>>>>>>>>>>>               ] 3558/7824, 99.4 task/s, elapsed: 36s, ETA:    43s[>>>>>>>>>>>>               ] 3559/7824, 99.4 task/s, elapsed: 36s, ETA:    43s[>>>>>>>>>>>>               ] 3560/7824, 99.4 task/s, elapsed: 36s, ETA:    43s[>>>>>>>>>>>>               ] 3561/7824, 99.4 task/s, elapsed: 36s, ETA:    43s[>>>>>>>>>>>>               ] 3562/7824, 99.4 task/s, elapsed: 36s, ETA:    43s[>>>>>>>>>>>>               ] 3563/7824, 99.4 task/s, elapsed: 36s, ETA:    43s[>>>>>>>>>>>>               ] 3564/7824, 99.3 task/s, elapsed: 36s, ETA:    43s[>>>>>>>>>>>>               ] 3565/7824, 99.3 task/s, elapsed: 36s, ETA:    43s[>>>>>>>>>>>>               ] 3566/7824, 99.3 task/s, elapsed: 36s, ETA:    43s[>>>>>>>>>>>>               ] 3567/7824, 99.3 task/s, elapsed: 36s, ETA:    43s[>>>>>>>>>>>>               ] 3568/7824, 99.3 task/s, elapsed: 36s, ETA:    43s[>>>>>>>>>>>>               ] 3569/7824, 99.3 task/s, elapsed: 36s, ETA:    43s[>>>>>>>>>>>>               ] 3570/7824, 99.3 task/s, elapsed: 36s, ETA:    43s[>>>>>>>>>>>>               ] 3571/7824, 99.3 task/s, elapsed: 36s, ETA:    43s[>>>>>>>>>>>>               ] 3572/7824, 99.3 task/s, elapsed: 36s, ETA:    43s[>>>>>>>>>>>>               ] 3573/7824, 99.3 task/s, elapsed: 36s, ETA:    43s[>>>>>>>>>>>>               ] 3574/7824, 99.3 task/s, elapsed: 36s, ETA:    43s[>>>>>>>>>>>>               ] 3575/7824, 99.3 task/s, elapsed: 36s, ETA:    43s[>>>>>>>>>>>>               ] 3576/7824, 99.3 task/s, elapsed: 36s, ETA:    43s[>>>>>>>>>>>>               ] 3577/7824, 99.2 task/s, elapsed: 36s, ETA:    43s[>>>>>>>>>>>>               ] 3578/7824, 99.2 task/s, elapsed: 36s, ETA:    43s[>>>>>>>>>>>>               ] 3579/7824, 99.2 task/s, elapsed: 36s, ETA:    43s[>>>>>>>>>>>>               ] 3580/7824, 99.2 task/s, elapsed: 36s, ETA:    43s[>>>>>>>>>>>>               ] 3581/7824, 99.2 task/s, elapsed: 36s, ETA:    43s[>>>>>>>>>>>>               ] 3582/7824, 99.2 task/s, elapsed: 36s, ETA:    43s[>>>>>>>>>>>>               ] 3583/7824, 99.2 task/s, elapsed: 36s, ETA:    43s[>>>>>>>>>>>>               ] 3584/7824, 99.2 task/s, elapsed: 36s, ETA:    43s[>>>>>>>>>>>>               ] 3585/7824, 99.2 task/s, elapsed: 36s, ETA:    43s[>>>>>>>>>>>>               ] 3586/7824, 99.2 task/s, elapsed: 36s, ETA:    43s[>>>>>>>>>>>>               ] 3587/7824, 99.2 task/s, elapsed: 36s, ETA:    43s[>>>>>>>>>>>>               ] 3588/7824, 99.2 task/s, elapsed: 36s, ETA:    43s[>>>>>>>>>>>>               ] 3589/7824, 99.2 task/s, elapsed: 36s, ETA:    43s[>>>>>>>>>>>>               ] 3590/7824, 99.1 task/s, elapsed: 36s, ETA:    43s[>>>>>>>>>>>>               ] 3591/7824, 99.1 task/s, elapsed: 36s, ETA:    43s[>>>>>>>>>>>>               ] 3592/7824, 99.1 task/s, elapsed: 36s, ETA:    43s[>>>>>>>>>>>>               ] 3593/7824, 99.1 task/s, elapsed: 36s, ETA:    43s[>>>>>>>>>>>>               ] 3594/7824, 99.1 task/s, elapsed: 36s, ETA:    43s[>>>>>>>>>>>>               ] 3595/7824, 99.1 task/s, elapsed: 36s, ETA:    43s[>>>>>>>>>>>>               ] 3596/7824, 99.1 task/s, elapsed: 36s, ETA:    43s[>>>>>>>>>>>>               ] 3597/7824, 99.1 task/s, elapsed: 36s, ETA:    43s[>>>>>>>>>>>>               ] 3598/7824, 99.1 task/s, elapsed: 36s, ETA:    43s[>>>>>>>>>>>>               ] 3599/7824, 99.1 task/s, elapsed: 36s, ETA:    43s[>>>>>>>>>>>>               ] 3600/7824, 99.1 task/s, elapsed: 36s, ETA:    43s[>>>>>>>>>>>>               ] 3601/7824, 99.1 task/s, elapsed: 36s, ETA:    43s[>>>>>>>>>>>>               ] 3602/7824, 99.1 task/s, elapsed: 36s, ETA:    43s[>>>>>>>>>>>>               ] 3603/7824, 99.1 task/s, elapsed: 36s, ETA:    43s[>>>>>>>>>>>>               ] 3604/7824, 99.0 task/s, elapsed: 36s, ETA:    43s[>>>>>>>>>>>>               ] 3605/7824, 99.0 task/s, elapsed: 36s, ETA:    43s[>>>>>>>>>>>>               ] 3606/7824, 99.0 task/s, elapsed: 36s, ETA:    43s[>>>>>>>>>>>>               ] 3607/7824, 99.0 task/s, elapsed: 36s, ETA:    43s[>>>>>>>>>>>>               ] 3608/7824, 99.0 task/s, elapsed: 36s, ETA:    43s[>>>>>>>>>>>>               ] 3609/7824, 99.0 task/s, elapsed: 36s, ETA:    43s[>>>>>>>>>>>>               ] 3610/7824, 99.0 task/s, elapsed: 36s, ETA:    43s[>>>>>>>>>>>>               ] 3611/7824, 99.0 task/s, elapsed: 36s, ETA:    43s[>>>>>>>>>>>>               ] 3612/7824, 99.0 task/s, elapsed: 36s, ETA:    43s[>>>>>>>>>>>>               ] 3613/7824, 99.0 task/s, elapsed: 37s, ETA:    43s[>>>>>>>>>>>>               ] 3614/7824, 99.0 task/s, elapsed: 37s, ETA:    43s[>>>>>>>>>>>>               ] 3615/7824, 99.0 task/s, elapsed: 37s, ETA:    43s[>>>>>>>>>>>>               ] 3616/7824, 99.0 task/s, elapsed: 37s, ETA:    43s[>>>>>>>>>>>>               ] 3617/7824, 99.0 task/s, elapsed: 37s, ETA:    43s[>>>>>>>>>>>>               ] 3618/7824, 98.9 task/s, elapsed: 37s, ETA:    43s[>>>>>>>>>>>>               ] 3619/7824, 98.9 task/s, elapsed: 37s, ETA:    43s[>>>>>>>>>>>>               ] 3620/7824, 98.9 task/s, elapsed: 37s, ETA:    42s[>>>>>>>>>>>>               ] 3621/7824, 98.9 task/s, elapsed: 37s, ETA:    42s[>>>>>>>>>>>>               ] 3622/7824, 98.9 task/s, elapsed: 37s, ETA:    42s[>>>>>>>>>>>>               ] 3623/7824, 98.9 task/s, elapsed: 37s, ETA:    42s[>>>>>>>>>>>>               ] 3624/7824, 98.9 task/s, elapsed: 37s, ETA:    42s[>>>>>>>>>>>>               ] 3625/7824, 98.9 task/s, elapsed: 37s, ETA:    42s[>>>>>>>>>>>>               ] 3626/7824, 98.9 task/s, elapsed: 37s, ETA:    42s[>>>>>>>>>>>>               ] 3627/7824, 98.9 task/s, elapsed: 37s, ETA:    42s[>>>>>>>>>>>>               ] 3628/7824, 98.9 task/s, elapsed: 37s, ETA:    42s[>>>>>>>>>>>>               ] 3629/7824, 98.9 task/s, elapsed: 37s, ETA:    42s[>>>>>>>>>>>>               ] 3630/7824, 98.9 task/s, elapsed: 37s, ETA:    42s[>>>>>>>>>>>>               ] 3631/7824, 98.9 task/s, elapsed: 37s, ETA:    42s[>>>>>>>>>>>>               ] 3632/7824, 98.8 task/s, elapsed: 37s, ETA:    42s[>>>>>>>>>>>>               ] 3633/7824, 98.8 task/s, elapsed: 37s, ETA:    42s[>>>>>>>>>>>>               ] 3634/7824, 98.8 task/s, elapsed: 37s, ETA:    42s[>>>>>>>>>>>>               ] 3635/7824, 98.8 task/s, elapsed: 37s, ETA:    42s[>>>>>>>>>>>>               ] 3636/7824, 98.8 task/s, elapsed: 37s, ETA:    42s[>>>>>>>>>>>>               ] 3637/7824, 98.8 task/s, elapsed: 37s, ETA:    42s[>>>>>>>>>>>>               ] 3638/7824, 98.8 task/s, elapsed: 37s, ETA:    42s[>>>>>>>>>>>>               ] 3639/7824, 98.8 task/s, elapsed: 37s, ETA:    42s[>>>>>>>>>>>>               ] 3640/7824, 98.8 task/s, elapsed: 37s, ETA:    42s[>>>>>>>>>>>>               ] 3641/7824, 98.8 task/s, elapsed: 37s, ETA:    42s[>>>>>>>>>>>>               ] 3642/7824, 98.8 task/s, elapsed: 37s, ETA:    42s[>>>>>>>>>>>>               ] 3643/7824, 98.8 task/s, elapsed: 37s, ETA:    42s[>>>>>>>>>>>>               ] 3644/7824, 98.8 task/s, elapsed: 37s, ETA:    42s[>>>>>>>>>>>>               ] 3645/7824, 98.8 task/s, elapsed: 37s, ETA:    42s[>>>>>>>>>>>>               ] 3646/7824, 98.7 task/s, elapsed: 37s, ETA:    42s[>>>>>>>>>>>>               ] 3647/7824, 98.7 task/s, elapsed: 37s, ETA:    42s[>>>>>>>>>>>>               ] 3648/7824, 98.7 task/s, elapsed: 37s, ETA:    42s[>>>>>>>>>>>>               ] 3649/7824, 98.7 task/s, elapsed: 37s, ETA:    42s[>>>>>>>>>>>>               ] 3650/7824, 98.7 task/s, elapsed: 37s, ETA:    42s[>>>>>>>>>>>>               ] 3651/7824, 98.7 task/s, elapsed: 37s, ETA:    42s[>>>>>>>>>>>>               ] 3652/7824, 98.7 task/s, elapsed: 37s, ETA:    42s[>>>>>>>>>>>>               ] 3653/7824, 98.7 task/s, elapsed: 37s, ETA:    42s[>>>>>>>>>>>>               ] 3654/7824, 98.7 task/s, elapsed: 37s, ETA:    42s[>>>>>>>>>>>>               ] 3655/7824, 98.7 task/s, elapsed: 37s, ETA:    42s[>>>>>>>>>>>>               ] 3656/7824, 98.7 task/s, elapsed: 37s, ETA:    42s[>>>>>>>>>>>>               ] 3657/7824, 98.7 task/s, elapsed: 37s, ETA:    42s[>>>>>>>>>>>>               ] 3658/7824, 98.7 task/s, elapsed: 37s, ETA:    42s[>>>>>>>>>>>>               ] 3659/7824, 98.7 task/s, elapsed: 37s, ETA:    42s[>>>>>>>>>>>>               ] 3660/7824, 98.7 task/s, elapsed: 37s, ETA:    42s[>>>>>>>>>>>>               ] 3661/7824, 98.6 task/s, elapsed: 37s, ETA:    42s[>>>>>>>>>>>>               ] 3662/7824, 98.6 task/s, elapsed: 37s, ETA:    42s[>>>>>>>>>>>>               ] 3663/7824, 98.6 task/s, elapsed: 37s, ETA:    42s[>>>>>>>>>>>>               ] 3664/7824, 98.6 task/s, elapsed: 37s, ETA:    42s[>>>>>>>>>>>>               ] 3665/7824, 98.6 task/s, elapsed: 37s, ETA:    42s[>>>>>>>>>>>>               ] 3666/7824, 98.6 task/s, elapsed: 37s, ETA:    42s[>>>>>>>>>>>>               ] 3667/7824, 98.6 task/s, elapsed: 37s, ETA:    42s[>>>>>>>>>>>>               ] 3668/7824, 98.6 task/s, elapsed: 37s, ETA:    42s[>>>>>>>>>>>>               ] 3669/7824, 98.6 task/s, elapsed: 37s, ETA:    42s[>>>>>>>>>>>>               ] 3670/7824, 98.6 task/s, elapsed: 37s, ETA:    42s[>>>>>>>>>>>>               ] 3671/7824, 98.6 task/s, elapsed: 37s, ETA:    42s[>>>>>>>>>>>>               ] 3672/7824, 98.6 task/s, elapsed: 37s, ETA:    42s[>>>>>>>>>>>>               ] 3673/7824, 98.6 task/s, elapsed: 37s, ETA:    42s[>>>>>>>>>>>>               ] 3674/7824, 98.6 task/s, elapsed: 37s, ETA:    42s[>>>>>>>>>>>>               ] 3675/7824, 98.5 task/s, elapsed: 37s, ETA:    42s[>>>>>>>>>>>>               ] 3676/7824, 98.5 task/s, elapsed: 37s, ETA:    42s[>>>>>>>>>>>>               ] 3677/7824, 98.5 task/s, elapsed: 37s, ETA:    42s[>>>>>>>>>>>>               ] 3678/7824, 98.5 task/s, elapsed: 37s, ETA:    42s[>>>>>>>>>>>>               ] 3679/7824, 98.5 task/s, elapsed: 37s, ETA:    42s[>>>>>>>>>>>>               ] 3680/7824, 98.5 task/s, elapsed: 37s, ETA:    42s[>>>>>>>>>>>>               ] 3681/7824, 98.5 task/s, elapsed: 37s, ETA:    42s[>>>>>>>>>>>>               ] 3682/7824, 98.5 task/s, elapsed: 37s, ETA:    42s[>>>>>>>>>>>>               ] 3683/7824, 98.5 task/s, elapsed: 37s, ETA:    42s[>>>>>>>>>>>>               ] 3684/7824, 98.5 task/s, elapsed: 37s, ETA:    42s[>>>>>>>>>>>>               ] 3685/7824, 98.5 task/s, elapsed: 37s, ETA:    42s[>>>>>>>>>>>>               ] 3686/7824, 98.5 task/s, elapsed: 37s, ETA:    42s[>>>>>>>>>>>>               ] 3687/7824, 98.5 task/s, elapsed: 37s, ETA:    42s[>>>>>>>>>>>>               ] 3688/7824, 98.5 task/s, elapsed: 37s, ETA:    42s[>>>>>>>>>>>>               ] 3689/7824, 98.4 task/s, elapsed: 37s, ETA:    42s[>>>>>>>>>>>>               ] 3690/7824, 98.4 task/s, elapsed: 37s, ETA:    42s[>>>>>>>>>>>>               ] 3691/7824, 98.4 task/s, elapsed: 37s, ETA:    42s[>>>>>>>>>>>>               ] 3692/7824, 98.4 task/s, elapsed: 38s, ETA:    42s[>>>>>>>>>>>>               ] 3693/7824, 98.4 task/s, elapsed: 38s, ETA:    42s[>>>>>>>>>>>>               ] 3694/7824, 98.4 task/s, elapsed: 38s, ETA:    42s[>>>>>>>>>>>>               ] 3695/7824, 98.4 task/s, elapsed: 38s, ETA:    42s[>>>>>>>>>>>>               ] 3696/7824, 98.4 task/s, elapsed: 38s, ETA:    42s[>>>>>>>>>>>>               ] 3697/7824, 98.4 task/s, elapsed: 38s, ETA:    42s[>>>>>>>>>>>>               ] 3698/7824, 98.4 task/s, elapsed: 38s, ETA:    42s[>>>>>>>>>>>>               ] 3699/7824, 98.4 task/s, elapsed: 38s, ETA:    42s[>>>>>>>>>>>>               ] 3700/7824, 98.4 task/s, elapsed: 38s, ETA:    42s[>>>>>>>>>>>>               ] 3701/7824, 98.4 task/s, elapsed: 38s, ETA:    42s[>>>>>>>>>>>>               ] 3702/7824, 98.4 task/s, elapsed: 38s, ETA:    42s[>>>>>>>>>>>>               ] 3703/7824, 98.4 task/s, elapsed: 38s, ETA:    42s[>>>>>>>>>>>>               ] 3704/7824, 98.3 task/s, elapsed: 38s, ETA:    42s[>>>>>>>>>>>>               ] 3705/7824, 98.3 task/s, elapsed: 38s, ETA:    42s[>>>>>>>>>>>>               ] 3706/7824, 98.3 task/s, elapsed: 38s, ETA:    42s[>>>>>>>>>>>>               ] 3707/7824, 98.3 task/s, elapsed: 38s, ETA:    42s[>>>>>>>>>>>>               ] 3708/7824, 98.3 task/s, elapsed: 38s, ETA:    42s[>>>>>>>>>>>>               ] 3709/7824, 98.3 task/s, elapsed: 38s, ETA:    42s[>>>>>>>>>>>>               ] 3710/7824, 98.3 task/s, elapsed: 38s, ETA:    42s[>>>>>>>>>>>>               ] 3711/7824, 98.3 task/s, elapsed: 38s, ETA:    42s[>>>>>>>>>>>>               ] 3712/7824, 98.3 task/s, elapsed: 38s, ETA:    42s[>>>>>>>>>>>>               ] 3713/7824, 98.3 task/s, elapsed: 38s, ETA:    42s[>>>>>>>>>>>>               ] 3714/7824, 98.3 task/s, elapsed: 38s, ETA:    42s[>>>>>>>>>>>>               ] 3715/7824, 98.3 task/s, elapsed: 38s, ETA:    42s[>>>>>>>>>>>>               ] 3716/7824, 98.3 task/s, elapsed: 38s, ETA:    42s[>>>>>>>>>>>>               ] 3717/7824, 98.3 task/s, elapsed: 38s, ETA:    42s[>>>>>>>>>>>>               ] 3718/7824, 98.3 task/s, elapsed: 38s, ETA:    42s[>>>>>>>>>>>>               ] 3719/7824, 98.3 task/s, elapsed: 38s, ETA:    42s[>>>>>>>>>>>>               ] 3720/7824, 98.3 task/s, elapsed: 38s, ETA:    42s[>>>>>>>>>>>>               ] 3721/7824, 98.3 task/s, elapsed: 38s, ETA:    42s[>>>>>>>>>>>>               ] 3722/7824, 98.3 task/s, elapsed: 38s, ETA:    42s[>>>>>>>>>>>>               ] 3723/7824, 98.3 task/s, elapsed: 38s, ETA:    42s[>>>>>>>>>>>>               ] 3724/7824, 98.3 task/s, elapsed: 38s, ETA:    42s[>>>>>>>>>>>>               ] 3725/7824, 98.3 task/s, elapsed: 38s, ETA:    42s[>>>>>>>>>>>>               ] 3726/7824, 98.3 task/s, elapsed: 38s, ETA:    42s[>>>>>>>>>>>>               ] 3727/7824, 98.3 task/s, elapsed: 38s, ETA:    42s[>>>>>>>>>>>>               ] 3728/7824, 98.3 task/s, elapsed: 38s, ETA:    42s[>>>>>>>>>>>>               ] 3729/7824, 98.3 task/s, elapsed: 38s, ETA:    42s[>>>>>>>>>>>>               ] 3730/7824, 98.4 task/s, elapsed: 38s, ETA:    42s[>>>>>>>>>>>>               ] 3731/7824, 98.4 task/s, elapsed: 38s, ETA:    42s[>>>>>>>>>>>>               ] 3732/7824, 98.4 task/s, elapsed: 38s, ETA:    42s[>>>>>>>>>>>>               ] 3733/7824, 98.4 task/s, elapsed: 38s, ETA:    42s[>>>>>>>>>>>>               ] 3734/7824, 98.4 task/s, elapsed: 38s, ETA:    42s[>>>>>>>>>>>>               ] 3735/7824, 98.4 task/s, elapsed: 38s, ETA:    42s[>>>>>>>>>>>>               ] 3736/7824, 98.4 task/s, elapsed: 38s, ETA:    42s[>>>>>>>>>>>>               ] 3737/7824, 98.4 task/s, elapsed: 38s, ETA:    42s[>>>>>>>>>>>>               ] 3738/7824, 98.4 task/s, elapsed: 38s, ETA:    42s[>>>>>>>>>>>>               ] 3739/7824, 98.4 task/s, elapsed: 38s, ETA:    42s[>>>>>>>>>>>>               ] 3740/7824, 98.4 task/s, elapsed: 38s, ETA:    42s[>>>>>>>>>>>>               ] 3741/7824, 98.4 task/s, elapsed: 38s, ETA:    42s[>>>>>>>>>>>>               ] 3742/7824, 98.4 task/s, elapsed: 38s, ETA:    41s[>>>>>>>>>>>>               ] 3743/7824, 98.4 task/s, elapsed: 38s, ETA:    41s[>>>>>>>>>>>>               ] 3744/7824, 98.4 task/s, elapsed: 38s, ETA:    41s[>>>>>>>>>>>>               ] 3745/7824, 98.4 task/s, elapsed: 38s, ETA:    41s[>>>>>>>>>>>>               ] 3746/7824, 98.4 task/s, elapsed: 38s, ETA:    41s[>>>>>>>>>>>>               ] 3747/7824, 98.4 task/s, elapsed: 38s, ETA:    41s[>>>>>>>>>>>>               ] 3748/7824, 98.4 task/s, elapsed: 38s, ETA:    41s[>>>>>>>>>>>>               ] 3749/7824, 98.4 task/s, elapsed: 38s, ETA:    41s[>>>>>>>>>>>>               ] 3750/7824, 98.4 task/s, elapsed: 38s, ETA:    41s[>>>>>>>>>>>>               ] 3751/7824, 98.4 task/s, elapsed: 38s, ETA:    41s[>>>>>>>>>>>>               ] 3752/7824, 98.4 task/s, elapsed: 38s, ETA:    41s[>>>>>>>>>>>>               ] 3753/7824, 98.4 task/s, elapsed: 38s, ETA:    41s[>>>>>>>>>>>>               ] 3754/7824, 98.4 task/s, elapsed: 38s, ETA:    41s[>>>>>>>>>>>>               ] 3755/7824, 98.4 task/s, elapsed: 38s, ETA:    41s[>>>>>>>>>>>>               ] 3756/7824, 98.4 task/s, elapsed: 38s, ETA:    41s[>>>>>>>>>>>>               ] 3757/7824, 98.4 task/s, elapsed: 38s, ETA:    41s[>>>>>>>>>>>>               ] 3758/7824, 98.4 task/s, elapsed: 38s, ETA:    41s[>>>>>>>>>>>>               ] 3759/7824, 98.4 task/s, elapsed: 38s, ETA:    41s[>>>>>>>>>>>>               ] 3760/7824, 98.5 task/s, elapsed: 38s, ETA:    41s[>>>>>>>>>>>>               ] 3761/7824, 98.5 task/s, elapsed: 38s, ETA:    41s[>>>>>>>>>>>>               ] 3762/7824, 98.5 task/s, elapsed: 38s, ETA:    41s[>>>>>>>>>>>>               ] 3763/7824, 98.5 task/s, elapsed: 38s, ETA:    41s[>>>>>>>>>>>>               ] 3764/7824, 98.5 task/s, elapsed: 38s, ETA:    41s[>>>>>>>>>>>>               ] 3765/7824, 98.5 task/s, elapsed: 38s, ETA:    41s[>>>>>>>>>>>>               ] 3766/7824, 98.5 task/s, elapsed: 38s, ETA:    41s[>>>>>>>>>>>>               ] 3767/7824, 98.5 task/s, elapsed: 38s, ETA:    41s[>>>>>>>>>>>>>              ] 3768/7824, 98.5 task/s, elapsed: 38s, ETA:    41s[>>>>>>>>>>>>>              ] 3769/7824, 98.5 task/s, elapsed: 38s, ETA:    41s[>>>>>>>>>>>>>              ] 3770/7824, 98.5 task/s, elapsed: 38s, ETA:    41s[>>>>>>>>>>>>>              ] 3771/7824, 98.5 task/s, elapsed: 38s, ETA:    41s[>>>>>>>>>>>>>              ] 3772/7824, 98.5 task/s, elapsed: 38s, ETA:    41s[>>>>>>>>>>>>>              ] 3773/7824, 98.5 task/s, elapsed: 38s, ETA:    41s[>>>>>>>>>>>>>              ] 3774/7824, 98.5 task/s, elapsed: 38s, ETA:    41s[>>>>>>>>>>>>>              ] 3775/7824, 98.5 task/s, elapsed: 38s, ETA:    41s[>>>>>>>>>>>>>              ] 3776/7824, 98.5 task/s, elapsed: 38s, ETA:    41s[>>>>>>>>>>>>>              ] 3777/7824, 98.5 task/s, elapsed: 38s, ETA:    41s[>>>>>>>>>>>>>              ] 3778/7824, 98.5 task/s, elapsed: 38s, ETA:    41s[>>>>>>>>>>>>>              ] 3779/7824, 98.5 task/s, elapsed: 38s, ETA:    41s[>>>>>>>>>>>>>              ] 3780/7824, 98.5 task/s, elapsed: 38s, ETA:    41s[>>>>>>>>>>>>>              ] 3781/7824, 98.5 task/s, elapsed: 38s, ETA:    41s[>>>>>>>>>>>>>              ] 3782/7824, 98.5 task/s, elapsed: 38s, ETA:    41s[>>>>>>>>>>>>>              ] 3783/7824, 98.5 task/s, elapsed: 38s, ETA:    41s[>>>>>>>>>>>>>              ] 3784/7824, 98.5 task/s, elapsed: 38s, ETA:    41s[>>>>>>>>>>>>>              ] 3785/7824, 98.6 task/s, elapsed: 38s, ETA:    41s[>>>>>>>>>>>>>              ] 3786/7824, 98.6 task/s, elapsed: 38s, ETA:    41s[>>>>>>>>>>>>>              ] 3787/7824, 98.6 task/s, elapsed: 38s, ETA:    41s[>>>>>>>>>>>>>              ] 3788/7824, 98.6 task/s, elapsed: 38s, ETA:    41s[>>>>>>>>>>>>>              ] 3789/7824, 98.6 task/s, elapsed: 38s, ETA:    41s[>>>>>>>>>>>>>              ] 3790/7824, 98.6 task/s, elapsed: 38s, ETA:    41s[>>>>>>>>>>>>>              ] 3791/7824, 98.6 task/s, elapsed: 38s, ETA:    41s[>>>>>>>>>>>>>              ] 3792/7824, 98.6 task/s, elapsed: 38s, ETA:    41s[>>>>>>>>>>>>>              ] 3793/7824, 98.6 task/s, elapsed: 38s, ETA:    41s[>>>>>>>>>>>>>              ] 3794/7824, 98.6 task/s, elapsed: 38s, ETA:    41s[>>>>>>>>>>>>>              ] 3795/7824, 98.6 task/s, elapsed: 38s, ETA:    41s[>>>>>>>>>>>>>              ] 3796/7824, 98.6 task/s, elapsed: 39s, ETA:    41s[>>>>>>>>>>>>>              ] 3797/7824, 98.6 task/s, elapsed: 39s, ETA:    41s[>>>>>>>>>>>>>              ] 3798/7824, 98.6 task/s, elapsed: 39s, ETA:    41s[>>>>>>>>>>>>>              ] 3799/7824, 98.6 task/s, elapsed: 39s, ETA:    41s[>>>>>>>>>>>>>              ] 3800/7824, 98.6 task/s, elapsed: 39s, ETA:    41s[>>>>>>>>>>>>>              ] 3801/7824, 98.6 task/s, elapsed: 39s, ETA:    41s[>>>>>>>>>>>>>              ] 3802/7824, 98.6 task/s, elapsed: 39s, ETA:    41s[>>>>>>>>>>>>>              ] 3803/7824, 98.6 task/s, elapsed: 39s, ETA:    41s[>>>>>>>>>>>>>              ] 3804/7824, 98.6 task/s, elapsed: 39s, ETA:    41s[>>>>>>>>>>>>>              ] 3805/7824, 98.6 task/s, elapsed: 39s, ETA:    41s[>>>>>>>>>>>>>              ] 3806/7824, 98.6 task/s, elapsed: 39s, ETA:    41s[>>>>>>>>>>>>>              ] 3807/7824, 98.6 task/s, elapsed: 39s, ETA:    41s[>>>>>>>>>>>>>              ] 3808/7824, 98.6 task/s, elapsed: 39s, ETA:    41s[>>>>>>>>>>>>>              ] 3809/7824, 98.6 task/s, elapsed: 39s, ETA:    41s[>>>>>>>>>>>>>              ] 3810/7824, 98.6 task/s, elapsed: 39s, ETA:    41s[>>>>>>>>>>>>>              ] 3811/7824, 98.6 task/s, elapsed: 39s, ETA:    41s[>>>>>>>>>>>>>              ] 3812/7824, 98.6 task/s, elapsed: 39s, ETA:    41s[>>>>>>>>>>>>>              ] 3813/7824, 98.6 task/s, elapsed: 39s, ETA:    41s[>>>>>>>>>>>>>              ] 3814/7824, 98.6 task/s, elapsed: 39s, ETA:    41s[>>>>>>>>>>>>>              ] 3815/7824, 98.6 task/s, elapsed: 39s, ETA:    41s[>>>>>>>>>>>>>              ] 3816/7824, 98.6 task/s, elapsed: 39s, ETA:    41s[>>>>>>>>>>>>>              ] 3817/7824, 98.6 task/s, elapsed: 39s, ETA:    41s[>>>>>>>>>>>>>              ] 3818/7824, 98.6 task/s, elapsed: 39s, ETA:    41s[>>>>>>>>>>>>>              ] 3819/7824, 98.6 task/s, elapsed: 39s, ETA:    41s[>>>>>>>>>>>>>              ] 3820/7824, 98.7 task/s, elapsed: 39s, ETA:    41s[>>>>>>>>>>>>>              ] 3821/7824, 98.7 task/s, elapsed: 39s, ETA:    41s[>>>>>>>>>>>>>              ] 3822/7824, 98.7 task/s, elapsed: 39s, ETA:    41s[>>>>>>>>>>>>>              ] 3823/7824, 98.7 task/s, elapsed: 39s, ETA:    41s[>>>>>>>>>>>>>              ] 3824/7824, 98.7 task/s, elapsed: 39s, ETA:    41s[>>>>>>>>>>>>>              ] 3825/7824, 98.7 task/s, elapsed: 39s, ETA:    41s[>>>>>>>>>>>>>              ] 3826/7824, 98.7 task/s, elapsed: 39s, ETA:    41s[>>>>>>>>>>>>>              ] 3827/7824, 98.7 task/s, elapsed: 39s, ETA:    41s[>>>>>>>>>>>>>              ] 3828/7824, 98.7 task/s, elapsed: 39s, ETA:    40s[>>>>>>>>>>>>>              ] 3829/7824, 98.7 task/s, elapsed: 39s, ETA:    40s[>>>>>>>>>>>>>              ] 3830/7824, 98.7 task/s, elapsed: 39s, ETA:    40s[>>>>>>>>>>>>>              ] 3831/7824, 98.7 task/s, elapsed: 39s, ETA:    40s[>>>>>>>>>>>>>              ] 3832/7824, 98.7 task/s, elapsed: 39s, ETA:    40s[>>>>>>>>>>>>>              ] 3833/7824, 98.7 task/s, elapsed: 39s, ETA:    40s[>>>>>>>>>>>>>              ] 3834/7824, 98.7 task/s, elapsed: 39s, ETA:    40s[>>>>>>>>>>>>>              ] 3835/7824, 98.7 task/s, elapsed: 39s, ETA:    40s[>>>>>>>>>>>>>              ] 3836/7824, 98.7 task/s, elapsed: 39s, ETA:    40s[>>>>>>>>>>>>>              ] 3837/7824, 98.7 task/s, elapsed: 39s, ETA:    40s[>>>>>>>>>>>>>              ] 3838/7824, 98.7 task/s, elapsed: 39s, ETA:    40s[>>>>>>>>>>>>>              ] 3839/7824, 98.7 task/s, elapsed: 39s, ETA:    40s[>>>>>>>>>>>>>              ] 3840/7824, 98.7 task/s, elapsed: 39s, ETA:    40s[>>>>>>>>>>>>>              ] 3841/7824, 98.7 task/s, elapsed: 39s, ETA:    40s[>>>>>>>>>>>>>              ] 3842/7824, 98.7 task/s, elapsed: 39s, ETA:    40s[>>>>>>>>>>>>>              ] 3843/7824, 98.7 task/s, elapsed: 39s, ETA:    40s[>>>>>>>>>>>>>              ] 3844/7824, 98.7 task/s, elapsed: 39s, ETA:    40s[>>>>>>>>>>>>>              ] 3845/7824, 98.8 task/s, elapsed: 39s, ETA:    40s[>>>>>>>>>>>>>              ] 3846/7824, 98.8 task/s, elapsed: 39s, ETA:    40s[>>>>>>>>>>>>>              ] 3847/7824, 98.8 task/s, elapsed: 39s, ETA:    40s[>>>>>>>>>>>>>              ] 3848/7824, 98.8 task/s, elapsed: 39s, ETA:    40s[>>>>>>>>>>>>>              ] 3849/7824, 98.8 task/s, elapsed: 39s, ETA:    40s[>>>>>>>>>>>>>              ] 3850/7824, 98.8 task/s, elapsed: 39s, ETA:    40s[>>>>>>>>>>>>>              ] 3851/7824, 98.8 task/s, elapsed: 39s, ETA:    40s[>>>>>>>>>>>>>              ] 3852/7824, 98.8 task/s, elapsed: 39s, ETA:    40s[>>>>>>>>>>>>>              ] 3853/7824, 98.8 task/s, elapsed: 39s, ETA:    40s[>>>>>>>>>>>>>              ] 3854/7824, 98.8 task/s, elapsed: 39s, ETA:    40s[>>>>>>>>>>>>>              ] 3855/7824, 98.8 task/s, elapsed: 39s, ETA:    40s[>>>>>>>>>>>>>              ] 3856/7824, 98.8 task/s, elapsed: 39s, ETA:    40s[>>>>>>>>>>>>>              ] 3857/7824, 98.8 task/s, elapsed: 39s, ETA:    40s[>>>>>>>>>>>>>              ] 3858/7824, 98.8 task/s, elapsed: 39s, ETA:    40s[>>>>>>>>>>>>>              ] 3859/7824, 98.8 task/s, elapsed: 39s, ETA:    40s[>>>>>>>>>>>>>              ] 3860/7824, 98.8 task/s, elapsed: 39s, ETA:    40s[>>>>>>>>>>>>>              ] 3861/7824, 98.8 task/s, elapsed: 39s, ETA:    40s[>>>>>>>>>>>>>              ] 3862/7824, 98.8 task/s, elapsed: 39s, ETA:    40s[>>>>>>>>>>>>>              ] 3863/7824, 98.8 task/s, elapsed: 39s, ETA:    40s[>>>>>>>>>>>>>              ] 3864/7824, 98.8 task/s, elapsed: 39s, ETA:    40s[>>>>>>>>>>>>>              ] 3865/7824, 98.8 task/s, elapsed: 39s, ETA:    40s[>>>>>>>>>>>>>              ] 3866/7824, 98.8 task/s, elapsed: 39s, ETA:    40s[>>>>>>>>>>>>>              ] 3867/7824, 98.8 task/s, elapsed: 39s, ETA:    40s[>>>>>>>>>>>>>              ] 3868/7824, 98.8 task/s, elapsed: 39s, ETA:    40s[>>>>>>>>>>>>>              ] 3869/7824, 98.8 task/s, elapsed: 39s, ETA:    40s[>>>>>>>>>>>>>              ] 3870/7824, 98.8 task/s, elapsed: 39s, ETA:    40s[>>>>>>>>>>>>>              ] 3871/7824, 98.8 task/s, elapsed: 39s, ETA:    40s[>>>>>>>>>>>>>              ] 3872/7824, 98.8 task/s, elapsed: 39s, ETA:    40s[>>>>>>>>>>>>>              ] 3873/7824, 98.8 task/s, elapsed: 39s, ETA:    40s[>>>>>>>>>>>>>              ] 3874/7824, 98.8 task/s, elapsed: 39s, ETA:    40s[>>>>>>>>>>>>>              ] 3875/7824, 98.8 task/s, elapsed: 39s, ETA:    40s[>>>>>>>>>>>>>              ] 3876/7824, 98.9 task/s, elapsed: 39s, ETA:    40s[>>>>>>>>>>>>>              ] 3877/7824, 98.9 task/s, elapsed: 39s, ETA:    40s[>>>>>>>>>>>>>              ] 3878/7824, 98.9 task/s, elapsed: 39s, ETA:    40s[>>>>>>>>>>>>>              ] 3879/7824, 98.9 task/s, elapsed: 39s, ETA:    40s[>>>>>>>>>>>>>              ] 3880/7824, 98.9 task/s, elapsed: 39s, ETA:    40s[>>>>>>>>>>>>>              ] 3881/7824, 98.9 task/s, elapsed: 39s, ETA:    40s[>>>>>>>>>>>>>              ] 3882/7824, 98.9 task/s, elapsed: 39s, ETA:    40s[>>>>>>>>>>>>>              ] 3883/7824, 98.9 task/s, elapsed: 39s, ETA:    40s[>>>>>>>>>>>>>              ] 3884/7824, 98.9 task/s, elapsed: 39s, ETA:    40s[>>>>>>>>>>>>>              ] 3885/7824, 98.9 task/s, elapsed: 39s, ETA:    40s[>>>>>>>>>>>>>              ] 3886/7824, 98.9 task/s, elapsed: 39s, ETA:    40s[>>>>>>>>>>>>>              ] 3887/7824, 98.9 task/s, elapsed: 39s, ETA:    40s[>>>>>>>>>>>>>              ] 3888/7824, 98.9 task/s, elapsed: 39s, ETA:    40s[>>>>>>>>>>>>>              ] 3889/7824, 98.9 task/s, elapsed: 39s, ETA:    40s[>>>>>>>>>>>>>              ] 3890/7824, 98.9 task/s, elapsed: 39s, ETA:    40s[>>>>>>>>>>>>>              ] 3891/7824, 98.9 task/s, elapsed: 39s, ETA:    40s[>>>>>>>>>>>>>              ] 3892/7824, 98.9 task/s, elapsed: 39s, ETA:    40s[>>>>>>>>>>>>>              ] 3893/7824, 98.9 task/s, elapsed: 39s, ETA:    40s[>>>>>>>>>>>>>              ] 3894/7824, 98.9 task/s, elapsed: 39s, ETA:    40s[>>>>>>>>>>>>>              ] 3895/7824, 98.9 task/s, elapsed: 39s, ETA:    40s[>>>>>>>>>>>>>              ] 3896/7824, 98.9 task/s, elapsed: 39s, ETA:    40s[>>>>>>>>>>>>>              ] 3897/7824, 98.9 task/s, elapsed: 39s, ETA:    40s[>>>>>>>>>>>>>              ] 3898/7824, 98.9 task/s, elapsed: 39s, ETA:    40s[>>>>>>>>>>>>>              ] 3899/7824, 98.9 task/s, elapsed: 39s, ETA:    40s[>>>>>>>>>>>>>              ] 3900/7824, 98.9 task/s, elapsed: 39s, ETA:    40s[>>>>>>>>>>>>>              ] 3901/7824, 98.9 task/s, elapsed: 39s, ETA:    40s[>>>>>>>>>>>>>              ] 3902/7824, 98.9 task/s, elapsed: 39s, ETA:    40s[>>>>>>>>>>>>>              ] 3903/7824, 98.9 task/s, elapsed: 39s, ETA:    40s[>>>>>>>>>>>>>              ] 3904/7824, 99.0 task/s, elapsed: 39s, ETA:    40s[>>>>>>>>>>>>>              ] 3905/7824, 99.0 task/s, elapsed: 39s, ETA:    40s[>>>>>>>>>>>>>              ] 3906/7824, 99.0 task/s, elapsed: 39s, ETA:    40s[>>>>>>>>>>>>>              ] 3907/7824, 99.0 task/s, elapsed: 39s, ETA:    40s[>>>>>>>>>>>>>              ] 3908/7824, 99.0 task/s, elapsed: 39s, ETA:    40s[>>>>>>>>>>>>>              ] 3909/7824, 99.0 task/s, elapsed: 39s, ETA:    40s[>>>>>>>>>>>>>              ] 3910/7824, 99.0 task/s, elapsed: 40s, ETA:    40s[>>>>>>>>>>>>>              ] 3911/7824, 99.0 task/s, elapsed: 40s, ETA:    40s[>>>>>>>>>>>>>              ] 3912/7824, 99.0 task/s, elapsed: 40s, ETA:    40s[>>>>>>>>>>>>>              ] 3913/7824, 99.0 task/s, elapsed: 40s, ETA:    40s[>>>>>>>>>>>>>              ] 3914/7824, 99.0 task/s, elapsed: 40s, ETA:    39s[>>>>>>>>>>>>>              ] 3915/7824, 99.0 task/s, elapsed: 40s, ETA:    39s[>>>>>>>>>>>>>              ] 3916/7824, 99.0 task/s, elapsed: 40s, ETA:    39s[>>>>>>>>>>>>>              ] 3917/7824, 99.0 task/s, elapsed: 40s, ETA:    39s[>>>>>>>>>>>>>              ] 3918/7824, 99.0 task/s, elapsed: 40s, ETA:    39s[>>>>>>>>>>>>>              ] 3919/7824, 99.0 task/s, elapsed: 40s, ETA:    39s[>>>>>>>>>>>>>              ] 3920/7824, 99.0 task/s, elapsed: 40s, ETA:    39s[>>>>>>>>>>>>>              ] 3921/7824, 99.0 task/s, elapsed: 40s, ETA:    39s[>>>>>>>>>>>>>              ] 3922/7824, 99.0 task/s, elapsed: 40s, ETA:    39s[>>>>>>>>>>>>>              ] 3923/7824, 99.0 task/s, elapsed: 40s, ETA:    39s[>>>>>>>>>>>>>              ] 3924/7824, 99.0 task/s, elapsed: 40s, ETA:    39s[>>>>>>>>>>>>>              ] 3925/7824, 99.0 task/s, elapsed: 40s, ETA:    39s[>>>>>>>>>>>>>              ] 3926/7824, 99.0 task/s, elapsed: 40s, ETA:    39s[>>>>>>>>>>>>>              ] 3927/7824, 99.0 task/s, elapsed: 40s, ETA:    39s[>>>>>>>>>>>>>              ] 3928/7824, 99.0 task/s, elapsed: 40s, ETA:    39s[>>>>>>>>>>>>>              ] 3929/7824, 99.0 task/s, elapsed: 40s, ETA:    39s[>>>>>>>>>>>>>              ] 3930/7824, 99.0 task/s, elapsed: 40s, ETA:    39s[>>>>>>>>>>>>>              ] 3931/7824, 99.0 task/s, elapsed: 40s, ETA:    39s[>>>>>>>>>>>>>              ] 3932/7824, 99.0 task/s, elapsed: 40s, ETA:    39s[>>>>>>>>>>>>>              ] 3933/7824, 99.1 task/s, elapsed: 40s, ETA:    39s[>>>>>>>>>>>>>              ] 3934/7824, 99.1 task/s, elapsed: 40s, ETA:    39s[>>>>>>>>>>>>>              ] 3935/7824, 99.1 task/s, elapsed: 40s, ETA:    39s[>>>>>>>>>>>>>              ] 3936/7824, 99.1 task/s, elapsed: 40s, ETA:    39s[>>>>>>>>>>>>>              ] 3937/7824, 99.1 task/s, elapsed: 40s, ETA:    39s[>>>>>>>>>>>>>              ] 3938/7824, 99.1 task/s, elapsed: 40s, ETA:    39s[>>>>>>>>>>>>>              ] 3939/7824, 99.1 task/s, elapsed: 40s, ETA:    39s[>>>>>>>>>>>>>              ] 3940/7824, 99.1 task/s, elapsed: 40s, ETA:    39s[>>>>>>>>>>>>>              ] 3941/7824, 99.1 task/s, elapsed: 40s, ETA:    39s[>>>>>>>>>>>>>              ] 3942/7824, 99.1 task/s, elapsed: 40s, ETA:    39s[>>>>>>>>>>>>>              ] 3943/7824, 99.1 task/s, elapsed: 40s, ETA:    39s[>>>>>>>>>>>>>              ] 3944/7824, 99.1 task/s, elapsed: 40s, ETA:    39s[>>>>>>>>>>>>>              ] 3945/7824, 99.1 task/s, elapsed: 40s, ETA:    39s[>>>>>>>>>>>>>              ] 3946/7824, 99.1 task/s, elapsed: 40s, ETA:    39s[>>>>>>>>>>>>>              ] 3947/7824, 99.1 task/s, elapsed: 40s, ETA:    39s[>>>>>>>>>>>>>              ] 3948/7824, 99.1 task/s, elapsed: 40s, ETA:    39s[>>>>>>>>>>>>>              ] 3949/7824, 99.1 task/s, elapsed: 40s, ETA:    39s[>>>>>>>>>>>>>              ] 3950/7824, 99.1 task/s, elapsed: 40s, ETA:    39s[>>>>>>>>>>>>>              ] 3951/7824, 99.1 task/s, elapsed: 40s, ETA:    39s[>>>>>>>>>>>>>              ] 3952/7824, 99.1 task/s, elapsed: 40s, ETA:    39s[>>>>>>>>>>>>>              ] 3953/7824, 99.1 task/s, elapsed: 40s, ETA:    39s[>>>>>>>>>>>>>              ] 3954/7824, 99.1 task/s, elapsed: 40s, ETA:    39s[>>>>>>>>>>>>>              ] 3955/7824, 99.1 task/s, elapsed: 40s, ETA:    39s[>>>>>>>>>>>>>              ] 3956/7824, 99.1 task/s, elapsed: 40s, ETA:    39s[>>>>>>>>>>>>>              ] 3957/7824, 99.1 task/s, elapsed: 40s, ETA:    39s[>>>>>>>>>>>>>              ] 3958/7824, 99.1 task/s, elapsed: 40s, ETA:    39s[>>>>>>>>>>>>>              ] 3959/7824, 99.1 task/s, elapsed: 40s, ETA:    39s[>>>>>>>>>>>>>              ] 3960/7824, 99.1 task/s, elapsed: 40s, ETA:    39s[>>>>>>>>>>>>>              ] 3961/7824, 99.1 task/s, elapsed: 40s, ETA:    39s[>>>>>>>>>>>>>              ] 3962/7824, 99.1 task/s, elapsed: 40s, ETA:    39s[>>>>>>>>>>>>>              ] 3963/7824, 99.2 task/s, elapsed: 40s, ETA:    39s[>>>>>>>>>>>>>              ] 3964/7824, 99.2 task/s, elapsed: 40s, ETA:    39s[>>>>>>>>>>>>>              ] 3965/7824, 99.2 task/s, elapsed: 40s, ETA:    39s[>>>>>>>>>>>>>              ] 3966/7824, 99.2 task/s, elapsed: 40s, ETA:    39s[>>>>>>>>>>>>>              ] 3967/7824, 99.2 task/s, elapsed: 40s, ETA:    39s[>>>>>>>>>>>>>              ] 3968/7824, 99.2 task/s, elapsed: 40s, ETA:    39s[>>>>>>>>>>>>>              ] 3969/7824, 99.2 task/s, elapsed: 40s, ETA:    39s[>>>>>>>>>>>>>              ] 3970/7824, 99.2 task/s, elapsed: 40s, ETA:    39s[>>>>>>>>>>>>>              ] 3971/7824, 99.2 task/s, elapsed: 40s, ETA:    39s[>>>>>>>>>>>>>              ] 3972/7824, 99.2 task/s, elapsed: 40s, ETA:    39s[>>>>>>>>>>>>>              ] 3973/7824, 99.2 task/s, elapsed: 40s, ETA:    39s[>>>>>>>>>>>>>              ] 3974/7824, 99.2 task/s, elapsed: 40s, ETA:    39s[>>>>>>>>>>>>>              ] 3975/7824, 99.2 task/s, elapsed: 40s, ETA:    39s[>>>>>>>>>>>>>              ] 3976/7824, 99.2 task/s, elapsed: 40s, ETA:    39s[>>>>>>>>>>>>>              ] 3977/7824, 99.2 task/s, elapsed: 40s, ETA:    39s[>>>>>>>>>>>>>              ] 3978/7824, 99.2 task/s, elapsed: 40s, ETA:    39s[>>>>>>>>>>>>>              ] 3979/7824, 99.2 task/s, elapsed: 40s, ETA:    39s[>>>>>>>>>>>>>              ] 3980/7824, 99.2 task/s, elapsed: 40s, ETA:    39s[>>>>>>>>>>>>>              ] 3981/7824, 99.2 task/s, elapsed: 40s, ETA:    39s[>>>>>>>>>>>>>              ] 3982/7824, 99.2 task/s, elapsed: 40s, ETA:    39s[>>>>>>>>>>>>>              ] 3983/7824, 99.2 task/s, elapsed: 40s, ETA:    39s[>>>>>>>>>>>>>              ] 3984/7824, 99.2 task/s, elapsed: 40s, ETA:    39s[>>>>>>>>>>>>>              ] 3985/7824, 99.2 task/s, elapsed: 40s, ETA:    39s[>>>>>>>>>>>>>              ] 3986/7824, 99.2 task/s, elapsed: 40s, ETA:    39s[>>>>>>>>>>>>>              ] 3987/7824, 99.2 task/s, elapsed: 40s, ETA:    39s[>>>>>>>>>>>>>              ] 3988/7824, 99.2 task/s, elapsed: 40s, ETA:    39s[>>>>>>>>>>>>>              ] 3989/7824, 99.2 task/s, elapsed: 40s, ETA:    39s[>>>>>>>>>>>>>              ] 3990/7824, 99.2 task/s, elapsed: 40s, ETA:    39s[>>>>>>>>>>>>>              ] 3991/7824, 99.2 task/s, elapsed: 40s, ETA:    39s[>>>>>>>>>>>>>              ] 3992/7824, 99.2 task/s, elapsed: 40s, ETA:    39s[>>>>>>>>>>>>>              ] 3993/7824, 99.2 task/s, elapsed: 40s, ETA:    39s[>>>>>>>>>>>>>              ] 3994/7824, 99.2 task/s, elapsed: 40s, ETA:    39s[>>>>>>>>>>>>>              ] 3995/7824, 99.2 task/s, elapsed: 40s, ETA:    39s[>>>>>>>>>>>>>              ] 3996/7824, 99.2 task/s, elapsed: 40s, ETA:    39s[>>>>>>>>>>>>>              ] 3997/7824, 99.2 task/s, elapsed: 40s, ETA:    39s[>>>>>>>>>>>>>              ] 3998/7824, 99.2 task/s, elapsed: 40s, ETA:    39s[>>>>>>>>>>>>>              ] 3999/7824, 99.2 task/s, elapsed: 40s, ETA:    39s[>>>>>>>>>>>>>              ] 4000/7824, 99.2 task/s, elapsed: 40s, ETA:    39s[>>>>>>>>>>>>>              ] 4001/7824, 99.2 task/s, elapsed: 40s, ETA:    39s[>>>>>>>>>>>>>              ] 4002/7824, 99.2 task/s, elapsed: 40s, ETA:    39s[>>>>>>>>>>>>>              ] 4003/7824, 99.2 task/s, elapsed: 40s, ETA:    39s[>>>>>>>>>>>>>              ] 4004/7824, 99.2 task/s, elapsed: 40s, ETA:    38s[>>>>>>>>>>>>>              ] 4005/7824, 99.2 task/s, elapsed: 40s, ETA:    38s[>>>>>>>>>>>>>              ] 4006/7824, 99.2 task/s, elapsed: 40s, ETA:    38s[>>>>>>>>>>>>>              ] 4007/7824, 99.2 task/s, elapsed: 40s, ETA:    38s[>>>>>>>>>>>>>              ] 4008/7824, 99.2 task/s, elapsed: 40s, ETA:    38s[>>>>>>>>>>>>>              ] 4009/7824, 99.2 task/s, elapsed: 40s, ETA:    38s[>>>>>>>>>>>>>              ] 4010/7824, 99.2 task/s, elapsed: 40s, ETA:    38s[>>>>>>>>>>>>>              ] 4011/7824, 99.2 task/s, elapsed: 40s, ETA:    38s[>>>>>>>>>>>>>              ] 4012/7824, 99.2 task/s, elapsed: 40s, ETA:    38s[>>>>>>>>>>>>>              ] 4013/7824, 99.2 task/s, elapsed: 40s, ETA:    38s[>>>>>>>>>>>>>              ] 4014/7824, 99.2 task/s, elapsed: 40s, ETA:    38s[>>>>>>>>>>>>>              ] 4015/7824, 99.3 task/s, elapsed: 40s, ETA:    38s[>>>>>>>>>>>>>              ] 4016/7824, 99.3 task/s, elapsed: 40s, ETA:    38s[>>>>>>>>>>>>>              ] 4017/7824, 99.3 task/s, elapsed: 40s, ETA:    38s[>>>>>>>>>>>>>              ] 4018/7824, 99.3 task/s, elapsed: 40s, ETA:    38s[>>>>>>>>>>>>>              ] 4019/7824, 99.3 task/s, elapsed: 40s, ETA:    38s[>>>>>>>>>>>>>              ] 4020/7824, 99.3 task/s, elapsed: 40s, ETA:    38s[>>>>>>>>>>>>>              ] 4021/7824, 99.3 task/s, elapsed: 41s, ETA:    38s[>>>>>>>>>>>>>              ] 4022/7824, 99.3 task/s, elapsed: 41s, ETA:    38s[>>>>>>>>>>>>>              ] 4023/7824, 99.3 task/s, elapsed: 41s, ETA:    38s[>>>>>>>>>>>>>              ] 4024/7824, 99.3 task/s, elapsed: 41s, ETA:    38s[>>>>>>>>>>>>>              ] 4025/7824, 99.3 task/s, elapsed: 41s, ETA:    38s[>>>>>>>>>>>>>              ] 4026/7824, 99.3 task/s, elapsed: 41s, ETA:    38s[>>>>>>>>>>>>>              ] 4027/7824, 99.3 task/s, elapsed: 41s, ETA:    38s[>>>>>>>>>>>>>              ] 4028/7824, 99.3 task/s, elapsed: 41s, ETA:    38s[>>>>>>>>>>>>>              ] 4029/7824, 99.3 task/s, elapsed: 41s, ETA:    38s[>>>>>>>>>>>>>              ] 4030/7824, 99.3 task/s, elapsed: 41s, ETA:    38s[>>>>>>>>>>>>>              ] 4031/7824, 99.3 task/s, elapsed: 41s, ETA:    38s[>>>>>>>>>>>>>              ] 4032/7824, 99.3 task/s, elapsed: 41s, ETA:    38s[>>>>>>>>>>>>>              ] 4033/7824, 99.3 task/s, elapsed: 41s, ETA:    38s[>>>>>>>>>>>>>              ] 4034/7824, 99.3 task/s, elapsed: 41s, ETA:    38s[>>>>>>>>>>>>>              ] 4035/7824, 99.3 task/s, elapsed: 41s, ETA:    38s[>>>>>>>>>>>>>              ] 4036/7824, 99.3 task/s, elapsed: 41s, ETA:    38s[>>>>>>>>>>>>>              ] 4037/7824, 99.3 task/s, elapsed: 41s, ETA:    38s[>>>>>>>>>>>>>              ] 4038/7824, 99.3 task/s, elapsed: 41s, ETA:    38s[>>>>>>>>>>>>>              ] 4039/7824, 99.3 task/s, elapsed: 41s, ETA:    38s[>>>>>>>>>>>>>              ] 4040/7824, 99.3 task/s, elapsed: 41s, ETA:    38s[>>>>>>>>>>>>>              ] 4041/7824, 99.3 task/s, elapsed: 41s, ETA:    38s[>>>>>>>>>>>>>              ] 4042/7824, 99.3 task/s, elapsed: 41s, ETA:    38s[>>>>>>>>>>>>>              ] 4043/7824, 99.3 task/s, elapsed: 41s, ETA:    38s[>>>>>>>>>>>>>              ] 4044/7824, 99.3 task/s, elapsed: 41s, ETA:    38s[>>>>>>>>>>>>>              ] 4045/7824, 99.3 task/s, elapsed: 41s, ETA:    38s[>>>>>>>>>>>>>              ] 4046/7824, 99.3 task/s, elapsed: 41s, ETA:    38s[>>>>>>>>>>>>>              ] 4047/7824, 99.3 task/s, elapsed: 41s, ETA:    38s[>>>>>>>>>>>>>              ] 4048/7824, 99.3 task/s, elapsed: 41s, ETA:    38s[>>>>>>>>>>>>>              ] 4049/7824, 99.4 task/s, elapsed: 41s, ETA:    38s[>>>>>>>>>>>>>              ] 4050/7824, 99.4 task/s, elapsed: 41s, ETA:    38s[>>>>>>>>>>>>>              ] 4051/7824, 99.4 task/s, elapsed: 41s, ETA:    38s[>>>>>>>>>>>>>              ] 4052/7824, 99.4 task/s, elapsed: 41s, ETA:    38s[>>>>>>>>>>>>>              ] 4053/7824, 99.4 task/s, elapsed: 41s, ETA:    38s[>>>>>>>>>>>>>              ] 4054/7824, 99.4 task/s, elapsed: 41s, ETA:    38s[>>>>>>>>>>>>>              ] 4055/7824, 99.4 task/s, elapsed: 41s, ETA:    38s[>>>>>>>>>>>>>              ] 4056/7824, 99.4 task/s, elapsed: 41s, ETA:    38s[>>>>>>>>>>>>>>             ] 4057/7824, 99.4 task/s, elapsed: 41s, ETA:    38s[>>>>>>>>>>>>>>             ] 4058/7824, 99.4 task/s, elapsed: 41s, ETA:    38s[>>>>>>>>>>>>>>             ] 4059/7824, 99.4 task/s, elapsed: 41s, ETA:    38s[>>>>>>>>>>>>>>             ] 4060/7824, 99.4 task/s, elapsed: 41s, ETA:    38s[>>>>>>>>>>>>>>             ] 4061/7824, 99.4 task/s, elapsed: 41s, ETA:    38s[>>>>>>>>>>>>>>             ] 4062/7824, 99.4 task/s, elapsed: 41s, ETA:    38s[>>>>>>>>>>>>>>             ] 4063/7824, 99.4 task/s, elapsed: 41s, ETA:    38s[>>>>>>>>>>>>>>             ] 4064/7824, 99.4 task/s, elapsed: 41s, ETA:    38s[>>>>>>>>>>>>>>             ] 4065/7824, 99.4 task/s, elapsed: 41s, ETA:    38s[>>>>>>>>>>>>>>             ] 4066/7824, 99.4 task/s, elapsed: 41s, ETA:    38s[>>>>>>>>>>>>>>             ] 4067/7824, 99.4 task/s, elapsed: 41s, ETA:    38s[>>>>>>>>>>>>>>             ] 4068/7824, 99.4 task/s, elapsed: 41s, ETA:    38s[>>>>>>>>>>>>>>             ] 4069/7824, 99.4 task/s, elapsed: 41s, ETA:    38s[>>>>>>>>>>>>>>             ] 4070/7824, 99.4 task/s, elapsed: 41s, ETA:    38s[>>>>>>>>>>>>>>             ] 4071/7824, 99.4 task/s, elapsed: 41s, ETA:    38s[>>>>>>>>>>>>>>             ] 4072/7824, 99.4 task/s, elapsed: 41s, ETA:    38s[>>>>>>>>>>>>>>             ] 4073/7824, 99.4 task/s, elapsed: 41s, ETA:    38s[>>>>>>>>>>>>>>             ] 4074/7824, 99.4 task/s, elapsed: 41s, ETA:    38s[>>>>>>>>>>>>>>             ] 4075/7824, 99.4 task/s, elapsed: 41s, ETA:    38s[>>>>>>>>>>>>>>             ] 4076/7824, 99.4 task/s, elapsed: 41s, ETA:    38s[>>>>>>>>>>>>>>             ] 4077/7824, 99.4 task/s, elapsed: 41s, ETA:    38s[>>>>>>>>>>>>>>             ] 4078/7824, 99.4 task/s, elapsed: 41s, ETA:    38s[>>>>>>>>>>>>>>             ] 4079/7824, 99.4 task/s, elapsed: 41s, ETA:    38s[>>>>>>>>>>>>>>             ] 4080/7824, 99.4 task/s, elapsed: 41s, ETA:    38s[>>>>>>>>>>>>>>             ] 4081/7824, 99.4 task/s, elapsed: 41s, ETA:    38s[>>>>>>>>>>>>>>             ] 4082/7824, 99.4 task/s, elapsed: 41s, ETA:    38s[>>>>>>>>>>>>>>             ] 4083/7824, 99.4 task/s, elapsed: 41s, ETA:    38s[>>>>>>>>>>>>>>             ] 4084/7824, 99.4 task/s, elapsed: 41s, ETA:    38s[>>>>>>>>>>>>>>             ] 4085/7824, 99.4 task/s, elapsed: 41s, ETA:    38s[>>>>>>>>>>>>>>             ] 4086/7824, 99.4 task/s, elapsed: 41s, ETA:    38s[>>>>>>>>>>>>>>             ] 4087/7824, 99.4 task/s, elapsed: 41s, ETA:    38s[>>>>>>>>>>>>>>             ] 4088/7824, 99.5 task/s, elapsed: 41s, ETA:    38s[>>>>>>>>>>>>>>             ] 4089/7824, 99.5 task/s, elapsed: 41s, ETA:    38s[>>>>>>>>>>>>>>             ] 4090/7824, 99.5 task/s, elapsed: 41s, ETA:    38s[>>>>>>>>>>>>>>             ] 4091/7824, 99.5 task/s, elapsed: 41s, ETA:    38s[>>>>>>>>>>>>>>             ] 4092/7824, 99.5 task/s, elapsed: 41s, ETA:    38s[>>>>>>>>>>>>>>             ] 4093/7824, 99.5 task/s, elapsed: 41s, ETA:    38s[>>>>>>>>>>>>>>             ] 4094/7824, 99.5 task/s, elapsed: 41s, ETA:    37s[>>>>>>>>>>>>>>             ] 4095/7824, 99.5 task/s, elapsed: 41s, ETA:    37s[>>>>>>>>>>>>>>             ] 4096/7824, 99.5 task/s, elapsed: 41s, ETA:    37s[>>>>>>>>>>>>>>             ] 4097/7824, 99.5 task/s, elapsed: 41s, ETA:    37s[>>>>>>>>>>>>>>             ] 4098/7824, 99.5 task/s, elapsed: 41s, ETA:    37s[>>>>>>>>>>>>>>             ] 4099/7824, 99.5 task/s, elapsed: 41s, ETA:    37s[>>>>>>>>>>>>>>             ] 4100/7824, 99.5 task/s, elapsed: 41s, ETA:    37s[>>>>>>>>>>>>>>             ] 4101/7824, 99.5 task/s, elapsed: 41s, ETA:    37s[>>>>>>>>>>>>>>             ] 4102/7824, 99.5 task/s, elapsed: 41s, ETA:    37s[>>>>>>>>>>>>>>             ] 4103/7824, 99.5 task/s, elapsed: 41s, ETA:    37s[>>>>>>>>>>>>>>             ] 4104/7824, 99.5 task/s, elapsed: 41s, ETA:    37s[>>>>>>>>>>>>>>             ] 4105/7824, 99.5 task/s, elapsed: 41s, ETA:    37s[>>>>>>>>>>>>>>             ] 4106/7824, 99.5 task/s, elapsed: 41s, ETA:    37s[>>>>>>>>>>>>>>             ] 4107/7824, 99.5 task/s, elapsed: 41s, ETA:    37s[>>>>>>>>>>>>>>             ] 4108/7824, 99.5 task/s, elapsed: 41s, ETA:    37s[>>>>>>>>>>>>>>             ] 4109/7824, 99.5 task/s, elapsed: 41s, ETA:    37s[>>>>>>>>>>>>>>             ] 4110/7824, 99.5 task/s, elapsed: 41s, ETA:    37s[>>>>>>>>>>>>>>             ] 4111/7824, 99.5 task/s, elapsed: 41s, ETA:    37s[>>>>>>>>>>>>>>             ] 4112/7824, 99.5 task/s, elapsed: 41s, ETA:    37s[>>>>>>>>>>>>>>             ] 4113/7824, 99.5 task/s, elapsed: 41s, ETA:    37s[>>>>>>>>>>>>>>             ] 4114/7824, 99.5 task/s, elapsed: 41s, ETA:    37s[>>>>>>>>>>>>>>             ] 4115/7824, 99.5 task/s, elapsed: 41s, ETA:    37s[>>>>>>>>>>>>>>             ] 4116/7824, 99.5 task/s, elapsed: 41s, ETA:    37s[>>>>>>>>>>>>>>             ] 4117/7824, 99.5 task/s, elapsed: 41s, ETA:    37s[>>>>>>>>>>>>>>             ] 4118/7824, 99.5 task/s, elapsed: 41s, ETA:    37s[>>>>>>>>>>>>>>             ] 4119/7824, 99.6 task/s, elapsed: 41s, ETA:    37s[>>>>>>>>>>>>>>             ] 4120/7824, 99.6 task/s, elapsed: 41s, ETA:    37s[>>>>>>>>>>>>>>             ] 4121/7824, 99.6 task/s, elapsed: 41s, ETA:    37s[>>>>>>>>>>>>>>             ] 4122/7824, 99.6 task/s, elapsed: 41s, ETA:    37s[>>>>>>>>>>>>>>             ] 4123/7824, 99.6 task/s, elapsed: 41s, ETA:    37s[>>>>>>>>>>>>>>             ] 4124/7824, 99.6 task/s, elapsed: 41s, ETA:    37s[>>>>>>>>>>>>>>             ] 4125/7824, 99.6 task/s, elapsed: 41s, ETA:    37s[>>>>>>>>>>>>>>             ] 4126/7824, 99.6 task/s, elapsed: 41s, ETA:    37s[>>>>>>>>>>>>>>             ] 4127/7824, 99.6 task/s, elapsed: 41s, ETA:    37s[>>>>>>>>>>>>>>             ] 4128/7824, 99.6 task/s, elapsed: 41s, ETA:    37s[>>>>>>>>>>>>>>             ] 4129/7824, 99.6 task/s, elapsed: 41s, ETA:    37s[>>>>>>>>>>>>>>             ] 4130/7824, 99.6 task/s, elapsed: 41s, ETA:    37s[>>>>>>>>>>>>>>             ] 4131/7824, 99.6 task/s, elapsed: 41s, ETA:    37s[>>>>>>>>>>>>>>             ] 4132/7824, 99.6 task/s, elapsed: 41s, ETA:    37s[>>>>>>>>>>>>>>             ] 4133/7824, 99.6 task/s, elapsed: 41s, ETA:    37s[>>>>>>>>>>>>>>             ] 4134/7824, 99.6 task/s, elapsed: 42s, ETA:    37s[>>>>>>>>>>>>>>             ] 4135/7824, 99.6 task/s, elapsed: 42s, ETA:    37s[>>>>>>>>>>>>>>             ] 4136/7824, 99.6 task/s, elapsed: 42s, ETA:    37s[>>>>>>>>>>>>>>             ] 4137/7824, 99.6 task/s, elapsed: 42s, ETA:    37s[>>>>>>>>>>>>>>             ] 4138/7824, 99.6 task/s, elapsed: 42s, ETA:    37s[>>>>>>>>>>>>>>             ] 4139/7824, 99.6 task/s, elapsed: 42s, ETA:    37s[>>>>>>>>>>>>>>             ] 4140/7824, 99.6 task/s, elapsed: 42s, ETA:    37s[>>>>>>>>>>>>>>             ] 4141/7824, 99.6 task/s, elapsed: 42s, ETA:    37s[>>>>>>>>>>>>>>             ] 4142/7824, 99.6 task/s, elapsed: 42s, ETA:    37s[>>>>>>>>>>>>>>             ] 4143/7824, 99.6 task/s, elapsed: 42s, ETA:    37s[>>>>>>>>>>>>>>             ] 4144/7824, 99.6 task/s, elapsed: 42s, ETA:    37s[>>>>>>>>>>>>>>             ] 4145/7824, 99.6 task/s, elapsed: 42s, ETA:    37s[>>>>>>>>>>>>>>             ] 4146/7824, 99.6 task/s, elapsed: 42s, ETA:    37s[>>>>>>>>>>>>>>             ] 4147/7824, 99.6 task/s, elapsed: 42s, ETA:    37s[>>>>>>>>>>>>>>             ] 4148/7824, 99.6 task/s, elapsed: 42s, ETA:    37s[>>>>>>>>>>>>>>             ] 4149/7824, 99.6 task/s, elapsed: 42s, ETA:    37s[>>>>>>>>>>>>>>             ] 4150/7824, 99.6 task/s, elapsed: 42s, ETA:    37s[>>>>>>>>>>>>>>             ] 4151/7824, 99.6 task/s, elapsed: 42s, ETA:    37s[>>>>>>>>>>>>>>             ] 4152/7824, 99.6 task/s, elapsed: 42s, ETA:    37s[>>>>>>>>>>>>>>             ] 4153/7824, 99.6 task/s, elapsed: 42s, ETA:    37s[>>>>>>>>>>>>>>             ] 4154/7824, 99.6 task/s, elapsed: 42s, ETA:    37s[>>>>>>>>>>>>>>             ] 4155/7824, 99.6 task/s, elapsed: 42s, ETA:    37s[>>>>>>>>>>>>>>             ] 4156/7824, 99.6 task/s, elapsed: 42s, ETA:    37s[>>>>>>>>>>>>>>             ] 4157/7824, 99.6 task/s, elapsed: 42s, ETA:    37s[>>>>>>>>>>>>>>             ] 4158/7824, 99.6 task/s, elapsed: 42s, ETA:    37s[>>>>>>>>>>>>>>             ] 4159/7824, 99.6 task/s, elapsed: 42s, ETA:    37s[>>>>>>>>>>>>>>             ] 4160/7824, 99.7 task/s, elapsed: 42s, ETA:    37s[>>>>>>>>>>>>>>             ] 4161/7824, 99.7 task/s, elapsed: 42s, ETA:    37s[>>>>>>>>>>>>>>             ] 4162/7824, 99.7 task/s, elapsed: 42s, ETA:    37s[>>>>>>>>>>>>>>             ] 4163/7824, 99.7 task/s, elapsed: 42s, ETA:    37s[>>>>>>>>>>>>>>             ] 4164/7824, 99.7 task/s, elapsed: 42s, ETA:    37s[>>>>>>>>>>>>>>             ] 4165/7824, 99.7 task/s, elapsed: 42s, ETA:    37s[>>>>>>>>>>>>>>             ] 4166/7824, 99.7 task/s, elapsed: 42s, ETA:    37s[>>>>>>>>>>>>>>             ] 4167/7824, 99.7 task/s, elapsed: 42s, ETA:    37s[>>>>>>>>>>>>>>             ] 4168/7824, 99.7 task/s, elapsed: 42s, ETA:    37s[>>>>>>>>>>>>>>             ] 4169/7824, 99.7 task/s, elapsed: 42s, ETA:    37s[>>>>>>>>>>>>>>             ] 4170/7824, 99.7 task/s, elapsed: 42s, ETA:    37s[>>>>>>>>>>>>>>             ] 4171/7824, 99.7 task/s, elapsed: 42s, ETA:    37s[>>>>>>>>>>>>>>             ] 4172/7824, 99.7 task/s, elapsed: 42s, ETA:    37s[>>>>>>>>>>>>>>             ] 4173/7824, 99.7 task/s, elapsed: 42s, ETA:    37s[>>>>>>>>>>>>>>             ] 4174/7824, 99.7 task/s, elapsed: 42s, ETA:    37s[>>>>>>>>>>>>>>             ] 4175/7824, 99.7 task/s, elapsed: 42s, ETA:    37s[>>>>>>>>>>>>>>             ] 4176/7824, 99.7 task/s, elapsed: 42s, ETA:    37s[>>>>>>>>>>>>>>             ] 4177/7824, 99.7 task/s, elapsed: 42s, ETA:    37s[>>>>>>>>>>>>>>             ] 4178/7824, 99.7 task/s, elapsed: 42s, ETA:    37s[>>>>>>>>>>>>>>             ] 4179/7824, 99.7 task/s, elapsed: 42s, ETA:    37s[>>>>>>>>>>>>>>             ] 4180/7824, 99.7 task/s, elapsed: 42s, ETA:    37s[>>>>>>>>>>>>>>             ] 4181/7824, 99.7 task/s, elapsed: 42s, ETA:    37s[>>>>>>>>>>>>>>             ] 4182/7824, 99.7 task/s, elapsed: 42s, ETA:    37s[>>>>>>>>>>>>>>             ] 4183/7824, 99.7 task/s, elapsed: 42s, ETA:    37s[>>>>>>>>>>>>>>             ] 4184/7824, 99.7 task/s, elapsed: 42s, ETA:    37s[>>>>>>>>>>>>>>             ] 4185/7824, 99.7 task/s, elapsed: 42s, ETA:    36s[>>>>>>>>>>>>>>             ] 4186/7824, 99.7 task/s, elapsed: 42s, ETA:    36s[>>>>>>>>>>>>>>             ] 4187/7824, 99.7 task/s, elapsed: 42s, ETA:    36s[>>>>>>>>>>>>>>             ] 4188/7824, 99.7 task/s, elapsed: 42s, ETA:    36s[>>>>>>>>>>>>>>             ] 4189/7824, 99.7 task/s, elapsed: 42s, ETA:    36s[>>>>>>>>>>>>>>             ] 4190/7824, 99.7 task/s, elapsed: 42s, ETA:    36s[>>>>>>>>>>>>>>             ] 4191/7824, 99.7 task/s, elapsed: 42s, ETA:    36s[>>>>>>>>>>>>>>             ] 4192/7824, 99.7 task/s, elapsed: 42s, ETA:    36s[>>>>>>>>>>>>>>             ] 4193/7824, 99.7 task/s, elapsed: 42s, ETA:    36s[>>>>>>>>>>>>>>             ] 4194/7824, 99.8 task/s, elapsed: 42s, ETA:    36s[>>>>>>>>>>>>>>             ] 4195/7824, 99.8 task/s, elapsed: 42s, ETA:    36s[>>>>>>>>>>>>>>             ] 4196/7824, 99.8 task/s, elapsed: 42s, ETA:    36s[>>>>>>>>>>>>>>             ] 4197/7824, 99.8 task/s, elapsed: 42s, ETA:    36s[>>>>>>>>>>>>>>             ] 4198/7824, 99.8 task/s, elapsed: 42s, ETA:    36s[>>>>>>>>>>>>>>             ] 4199/7824, 99.8 task/s, elapsed: 42s, ETA:    36s[>>>>>>>>>>>>>>             ] 4200/7824, 99.8 task/s, elapsed: 42s, ETA:    36s[>>>>>>>>>>>>>>             ] 4201/7824, 99.8 task/s, elapsed: 42s, ETA:    36s[>>>>>>>>>>>>>>             ] 4202/7824, 99.8 task/s, elapsed: 42s, ETA:    36s[>>>>>>>>>>>>>>             ] 4203/7824, 99.8 task/s, elapsed: 42s, ETA:    36s[>>>>>>>>>>>>>>             ] 4204/7824, 99.8 task/s, elapsed: 42s, ETA:    36s[>>>>>>>>>>>>>>             ] 4205/7824, 99.8 task/s, elapsed: 42s, ETA:    36s[>>>>>>>>>>>>>>             ] 4206/7824, 99.8 task/s, elapsed: 42s, ETA:    36s[>>>>>>>>>>>>>>             ] 4207/7824, 99.8 task/s, elapsed: 42s, ETA:    36s[>>>>>>>>>>>>>>             ] 4208/7824, 99.8 task/s, elapsed: 42s, ETA:    36s[>>>>>>>>>>>>>>             ] 4209/7824, 99.8 task/s, elapsed: 42s, ETA:    36s[>>>>>>>>>>>>>>             ] 4210/7824, 99.8 task/s, elapsed: 42s, ETA:    36s[>>>>>>>>>>>>>>             ] 4211/7824, 99.8 task/s, elapsed: 42s, ETA:    36s[>>>>>>>>>>>>>>             ] 4212/7824, 99.8 task/s, elapsed: 42s, ETA:    36s[>>>>>>>>>>>>>>             ] 4213/7824, 99.8 task/s, elapsed: 42s, ETA:    36s[>>>>>>>>>>>>>>             ] 4214/7824, 99.8 task/s, elapsed: 42s, ETA:    36s[>>>>>>>>>>>>>>             ] 4215/7824, 99.8 task/s, elapsed: 42s, ETA:    36s[>>>>>>>>>>>>>>             ] 4216/7824, 99.8 task/s, elapsed: 42s, ETA:    36s[>>>>>>>>>>>>>>             ] 4217/7824, 99.8 task/s, elapsed: 42s, ETA:    36s[>>>>>>>>>>>>>>             ] 4218/7824, 99.8 task/s, elapsed: 42s, ETA:    36s[>>>>>>>>>>>>>>             ] 4219/7824, 99.8 task/s, elapsed: 42s, ETA:    36s[>>>>>>>>>>>>>>             ] 4220/7824, 99.8 task/s, elapsed: 42s, ETA:    36s[>>>>>>>>>>>>>>             ] 4221/7824, 99.8 task/s, elapsed: 42s, ETA:    36s[>>>>>>>>>>>>>>             ] 4222/7824, 99.8 task/s, elapsed: 42s, ETA:    36s[>>>>>>>>>>>>>>             ] 4223/7824, 99.8 task/s, elapsed: 42s, ETA:    36s[>>>>>>>>>>>>>>             ] 4224/7824, 99.8 task/s, elapsed: 42s, ETA:    36s[>>>>>>>>>>>>>>             ] 4225/7824, 99.8 task/s, elapsed: 42s, ETA:    36s[>>>>>>>>>>>>>>             ] 4226/7824, 99.8 task/s, elapsed: 42s, ETA:    36s[>>>>>>>>>>>>>>             ] 4227/7824, 99.8 task/s, elapsed: 42s, ETA:    36s[>>>>>>>>>>>>>>             ] 4228/7824, 99.8 task/s, elapsed: 42s, ETA:    36s[>>>>>>>>>>>>>>             ] 4229/7824, 99.8 task/s, elapsed: 42s, ETA:    36s[>>>>>>>>>>>>>>             ] 4230/7824, 99.8 task/s, elapsed: 42s, ETA:    36s[>>>>>>>>>>>>>>             ] 4231/7824, 99.8 task/s, elapsed: 42s, ETA:    36s[>>>>>>>>>>>>>>             ] 4232/7824, 99.8 task/s, elapsed: 42s, ETA:    36s[>>>>>>>>>>>>>>             ] 4233/7824, 99.8 task/s, elapsed: 42s, ETA:    36s[>>>>>>>>>>>>>>             ] 4234/7824, 99.8 task/s, elapsed: 42s, ETA:    36s[>>>>>>>>>>>>>>             ] 4235/7824, 99.8 task/s, elapsed: 42s, ETA:    36s[>>>>>>>>>>>>>>             ] 4236/7824, 99.9 task/s, elapsed: 42s, ETA:    36s[>>>>>>>>>>>>>>             ] 4237/7824, 99.9 task/s, elapsed: 42s, ETA:    36s[>>>>>>>>>>>>>>             ] 4238/7824, 99.9 task/s, elapsed: 42s, ETA:    36s[>>>>>>>>>>>>>>             ] 4239/7824, 99.9 task/s, elapsed: 42s, ETA:    36s[>>>>>>>>>>>>>>             ] 4240/7824, 99.9 task/s, elapsed: 42s, ETA:    36s[>>>>>>>>>>>>>>             ] 4241/7824, 99.9 task/s, elapsed: 42s, ETA:    36s[>>>>>>>>>>>>>>             ] 4242/7824, 99.9 task/s, elapsed: 42s, ETA:    36s[>>>>>>>>>>>>>>             ] 4243/7824, 99.9 task/s, elapsed: 42s, ETA:    36s[>>>>>>>>>>>>>>             ] 4244/7824, 99.9 task/s, elapsed: 42s, ETA:    36s[>>>>>>>>>>>>>>             ] 4245/7824, 99.9 task/s, elapsed: 43s, ETA:    36s[>>>>>>>>>>>>>>             ] 4246/7824, 99.9 task/s, elapsed: 43s, ETA:    36s[>>>>>>>>>>>>>>             ] 4247/7824, 99.9 task/s, elapsed: 43s, ETA:    36s[>>>>>>>>>>>>>>             ] 4248/7824, 99.9 task/s, elapsed: 43s, ETA:    36s[>>>>>>>>>>>>>>             ] 4249/7824, 99.9 task/s, elapsed: 43s, ETA:    36s[>>>>>>>>>>>>>>             ] 4250/7824, 99.9 task/s, elapsed: 43s, ETA:    36s[>>>>>>>>>>>>>>             ] 4251/7824, 99.9 task/s, elapsed: 43s, ETA:    36s[>>>>>>>>>>>>>>             ] 4252/7824, 99.9 task/s, elapsed: 43s, ETA:    36s[>>>>>>>>>>>>>>             ] 4253/7824, 99.9 task/s, elapsed: 43s, ETA:    36s[>>>>>>>>>>>>>>             ] 4254/7824, 99.9 task/s, elapsed: 43s, ETA:    36s[>>>>>>>>>>>>>>             ] 4255/7824, 99.9 task/s, elapsed: 43s, ETA:    36s[>>>>>>>>>>>>>>             ] 4256/7824, 99.9 task/s, elapsed: 43s, ETA:    36s[>>>>>>>>>>>>>>             ] 4257/7824, 99.9 task/s, elapsed: 43s, ETA:    36s[>>>>>>>>>>>>>>             ] 4258/7824, 99.9 task/s, elapsed: 43s, ETA:    36s[>>>>>>>>>>>>>>             ] 4259/7824, 99.9 task/s, elapsed: 43s, ETA:    36s[>>>>>>>>>>>>>>             ] 4260/7824, 99.9 task/s, elapsed: 43s, ETA:    36s[>>>>>>>>>>>>>>             ] 4261/7824, 99.9 task/s, elapsed: 43s, ETA:    36s[>>>>>>>>>>>>>>             ] 4262/7824, 99.9 task/s, elapsed: 43s, ETA:    36s[>>>>>>>>>>>>>>             ] 4263/7824, 99.9 task/s, elapsed: 43s, ETA:    36s[>>>>>>>>>>>>>>             ] 4264/7824, 99.9 task/s, elapsed: 43s, ETA:    36s[>>>>>>>>>>>>>>             ] 4265/7824, 99.9 task/s, elapsed: 43s, ETA:    36s[>>>>>>>>>>>>>>             ] 4266/7824, 99.9 task/s, elapsed: 43s, ETA:    36s[>>>>>>>>>>>>>>             ] 4267/7824, 99.9 task/s, elapsed: 43s, ETA:    36s[>>>>>>>>>>>>>>             ] 4268/7824, 99.9 task/s, elapsed: 43s, ETA:    36s[>>>>>>>>>>>>>>            ] 4269/7824, 100.0 task/s, elapsed: 43s, ETA:    36s[>>>>>>>>>>>>>>            ] 4270/7824, 100.0 task/s, elapsed: 43s, ETA:    36s[>>>>>>>>>>>>>>            ] 4271/7824, 100.0 task/s, elapsed: 43s, ETA:    36s[>>>>>>>>>>>>>>            ] 4272/7824, 100.0 task/s, elapsed: 43s, ETA:    36s[>>>>>>>>>>>>>>            ] 4273/7824, 100.0 task/s, elapsed: 43s, ETA:    36s[>>>>>>>>>>>>>>            ] 4274/7824, 100.0 task/s, elapsed: 43s, ETA:    36s[>>>>>>>>>>>>>>            ] 4275/7824, 100.0 task/s, elapsed: 43s, ETA:    36s[>>>>>>>>>>>>>>            ] 4276/7824, 100.0 task/s, elapsed: 43s, ETA:    35s[>>>>>>>>>>>>>>            ] 4277/7824, 100.0 task/s, elapsed: 43s, ETA:    35s[>>>>>>>>>>>>>>            ] 4278/7824, 100.0 task/s, elapsed: 43s, ETA:    35s[>>>>>>>>>>>>>>            ] 4279/7824, 100.0 task/s, elapsed: 43s, ETA:    35s[>>>>>>>>>>>>>>            ] 4280/7824, 100.0 task/s, elapsed: 43s, ETA:    35s[>>>>>>>>>>>>>>            ] 4281/7824, 100.0 task/s, elapsed: 43s, ETA:    35s[>>>>>>>>>>>>>>            ] 4282/7824, 100.0 task/s, elapsed: 43s, ETA:    35s[>>>>>>>>>>>>>>            ] 4283/7824, 100.0 task/s, elapsed: 43s, ETA:    35s[>>>>>>>>>>>>>>            ] 4284/7824, 100.0 task/s, elapsed: 43s, ETA:    35s[>>>>>>>>>>>>>>            ] 4285/7824, 100.0 task/s, elapsed: 43s, ETA:    35s[>>>>>>>>>>>>>>            ] 4286/7824, 100.0 task/s, elapsed: 43s, ETA:    35s[>>>>>>>>>>>>>>            ] 4287/7824, 100.0 task/s, elapsed: 43s, ETA:    35s[>>>>>>>>>>>>>>            ] 4288/7824, 100.0 task/s, elapsed: 43s, ETA:    35s[>>>>>>>>>>>>>>            ] 4289/7824, 100.0 task/s, elapsed: 43s, ETA:    35s[>>>>>>>>>>>>>>            ] 4290/7824, 100.0 task/s, elapsed: 43s, ETA:    35s[>>>>>>>>>>>>>>            ] 4291/7824, 100.0 task/s, elapsed: 43s, ETA:    35s[>>>>>>>>>>>>>>            ] 4292/7824, 100.0 task/s, elapsed: 43s, ETA:    35s[>>>>>>>>>>>>>>            ] 4293/7824, 100.0 task/s, elapsed: 43s, ETA:    35s[>>>>>>>>>>>>>>            ] 4294/7824, 100.0 task/s, elapsed: 43s, ETA:    35s[>>>>>>>>>>>>>>            ] 4295/7824, 100.0 task/s, elapsed: 43s, ETA:    35s[>>>>>>>>>>>>>>            ] 4296/7824, 100.0 task/s, elapsed: 43s, ETA:    35s[>>>>>>>>>>>>>>            ] 4297/7824, 100.0 task/s, elapsed: 43s, ETA:    35s[>>>>>>>>>>>>>>            ] 4298/7824, 100.0 task/s, elapsed: 43s, ETA:    35s[>>>>>>>>>>>>>>            ] 4299/7824, 100.0 task/s, elapsed: 43s, ETA:    35s[>>>>>>>>>>>>>>            ] 4300/7824, 100.0 task/s, elapsed: 43s, ETA:    35s[>>>>>>>>>>>>>>            ] 4301/7824, 100.0 task/s, elapsed: 43s, ETA:    35s[>>>>>>>>>>>>>>            ] 4302/7824, 100.0 task/s, elapsed: 43s, ETA:    35s[>>>>>>>>>>>>>>            ] 4303/7824, 100.0 task/s, elapsed: 43s, ETA:    35s[>>>>>>>>>>>>>>            ] 4304/7824, 100.0 task/s, elapsed: 43s, ETA:    35s[>>>>>>>>>>>>>>            ] 4305/7824, 100.0 task/s, elapsed: 43s, ETA:    35s[>>>>>>>>>>>>>>            ] 4306/7824, 100.0 task/s, elapsed: 43s, ETA:    35s[>>>>>>>>>>>>>>            ] 4307/7824, 100.0 task/s, elapsed: 43s, ETA:    35s[>>>>>>>>>>>>>>            ] 4308/7824, 100.0 task/s, elapsed: 43s, ETA:    35s[>>>>>>>>>>>>>>            ] 4309/7824, 100.0 task/s, elapsed: 43s, ETA:    35s[>>>>>>>>>>>>>>            ] 4310/7824, 100.0 task/s, elapsed: 43s, ETA:    35s[>>>>>>>>>>>>>>            ] 4311/7824, 100.0 task/s, elapsed: 43s, ETA:    35s[>>>>>>>>>>>>>>            ] 4312/7824, 100.0 task/s, elapsed: 43s, ETA:    35s[>>>>>>>>>>>>>>            ] 4313/7824, 100.0 task/s, elapsed: 43s, ETA:    35s[>>>>>>>>>>>>>>            ] 4314/7824, 100.0 task/s, elapsed: 43s, ETA:    35s[>>>>>>>>>>>>>>            ] 4315/7824, 100.0 task/s, elapsed: 43s, ETA:    35s[>>>>>>>>>>>>>>            ] 4316/7824, 100.0 task/s, elapsed: 43s, ETA:    35s[>>>>>>>>>>>>>>            ] 4317/7824, 100.1 task/s, elapsed: 43s, ETA:    35s[>>>>>>>>>>>>>>            ] 4318/7824, 100.1 task/s, elapsed: 43s, ETA:    35s[>>>>>>>>>>>>>>            ] 4319/7824, 100.1 task/s, elapsed: 43s, ETA:    35s[>>>>>>>>>>>>>>            ] 4320/7824, 100.1 task/s, elapsed: 43s, ETA:    35s[>>>>>>>>>>>>>>            ] 4321/7824, 100.1 task/s, elapsed: 43s, ETA:    35s[>>>>>>>>>>>>>>            ] 4322/7824, 100.1 task/s, elapsed: 43s, ETA:    35s[>>>>>>>>>>>>>>            ] 4323/7824, 100.1 task/s, elapsed: 43s, ETA:    35s[>>>>>>>>>>>>>>            ] 4324/7824, 100.1 task/s, elapsed: 43s, ETA:    35s[>>>>>>>>>>>>>>            ] 4325/7824, 100.1 task/s, elapsed: 43s, ETA:    35s[>>>>>>>>>>>>>>            ] 4326/7824, 100.1 task/s, elapsed: 43s, ETA:    35s[>>>>>>>>>>>>>>            ] 4327/7824, 100.1 task/s, elapsed: 43s, ETA:    35s[>>>>>>>>>>>>>>            ] 4328/7824, 100.1 task/s, elapsed: 43s, ETA:    35s[>>>>>>>>>>>>>>            ] 4329/7824, 100.1 task/s, elapsed: 43s, ETA:    35s[>>>>>>>>>>>>>>            ] 4330/7824, 100.1 task/s, elapsed: 43s, ETA:    35s[>>>>>>>>>>>>>>            ] 4331/7824, 100.1 task/s, elapsed: 43s, ETA:    35s[>>>>>>>>>>>>>>            ] 4332/7824, 100.1 task/s, elapsed: 43s, ETA:    35s[>>>>>>>>>>>>>>            ] 4333/7824, 100.1 task/s, elapsed: 43s, ETA:    35s[>>>>>>>>>>>>>>            ] 4334/7824, 100.1 task/s, elapsed: 43s, ETA:    35s[>>>>>>>>>>>>>>            ] 4335/7824, 100.1 task/s, elapsed: 43s, ETA:    35s[>>>>>>>>>>>>>>            ] 4336/7824, 100.1 task/s, elapsed: 43s, ETA:    35s[>>>>>>>>>>>>>>            ] 4337/7824, 100.1 task/s, elapsed: 43s, ETA:    35s[>>>>>>>>>>>>>>            ] 4338/7824, 100.1 task/s, elapsed: 43s, ETA:    35s[>>>>>>>>>>>>>>            ] 4339/7824, 100.1 task/s, elapsed: 43s, ETA:    35s[>>>>>>>>>>>>>>            ] 4340/7824, 100.1 task/s, elapsed: 43s, ETA:    35s[>>>>>>>>>>>>>>            ] 4341/7824, 100.1 task/s, elapsed: 43s, ETA:    35s[>>>>>>>>>>>>>>            ] 4342/7824, 100.1 task/s, elapsed: 43s, ETA:    35s[>>>>>>>>>>>>>>            ] 4343/7824, 100.1 task/s, elapsed: 43s, ETA:    35s[>>>>>>>>>>>>>>            ] 4344/7824, 100.1 task/s, elapsed: 43s, ETA:    35s[>>>>>>>>>>>>>>            ] 4345/7824, 100.1 task/s, elapsed: 43s, ETA:    35s[>>>>>>>>>>>>>>            ] 4346/7824, 100.1 task/s, elapsed: 43s, ETA:    35s[>>>>>>>>>>>>>>            ] 4347/7824, 100.1 task/s, elapsed: 43s, ETA:    35s[>>>>>>>>>>>>>>            ] 4348/7824, 100.1 task/s, elapsed: 43s, ETA:    35s[>>>>>>>>>>>>>>            ] 4349/7824, 100.1 task/s, elapsed: 43s, ETA:    35s[>>>>>>>>>>>>>>            ] 4350/7824, 100.1 task/s, elapsed: 43s, ETA:    35s[>>>>>>>>>>>>>>            ] 4351/7824, 100.1 task/s, elapsed: 43s, ETA:    35s[>>>>>>>>>>>>>>            ] 4352/7824, 100.2 task/s, elapsed: 43s, ETA:    35s[>>>>>>>>>>>>>>            ] 4353/7824, 100.2 task/s, elapsed: 43s, ETA:    35s[>>>>>>>>>>>>>>            ] 4354/7824, 100.2 task/s, elapsed: 43s, ETA:    35s[>>>>>>>>>>>>>>            ] 4355/7824, 100.2 task/s, elapsed: 43s, ETA:    35s[>>>>>>>>>>>>>>            ] 4356/7824, 100.2 task/s, elapsed: 43s, ETA:    35s[>>>>>>>>>>>>>>            ] 4357/7824, 100.2 task/s, elapsed: 44s, ETA:    35s[>>>>>>>>>>>>>>            ] 4358/7824, 100.2 task/s, elapsed: 44s, ETA:    35s[>>>>>>>>>>>>>>            ] 4359/7824, 100.2 task/s, elapsed: 44s, ETA:    35s[>>>>>>>>>>>>>>            ] 4360/7824, 100.2 task/s, elapsed: 44s, ETA:    35s[>>>>>>>>>>>>>>            ] 4361/7824, 100.2 task/s, elapsed: 44s, ETA:    35s[>>>>>>>>>>>>>>            ] 4362/7824, 100.2 task/s, elapsed: 44s, ETA:    35s[>>>>>>>>>>>>>>            ] 4363/7824, 100.2 task/s, elapsed: 44s, ETA:    35s[>>>>>>>>>>>>>>            ] 4364/7824, 100.2 task/s, elapsed: 44s, ETA:    35s[>>>>>>>>>>>>>>            ] 4365/7824, 100.2 task/s, elapsed: 44s, ETA:    35s[>>>>>>>>>>>>>>            ] 4366/7824, 100.2 task/s, elapsed: 44s, ETA:    35s[>>>>>>>>>>>>>>            ] 4367/7824, 100.2 task/s, elapsed: 44s, ETA:    35s[>>>>>>>>>>>>>>            ] 4368/7824, 100.2 task/s, elapsed: 44s, ETA:    34s[>>>>>>>>>>>>>>            ] 4369/7824, 100.2 task/s, elapsed: 44s, ETA:    34s[>>>>>>>>>>>>>>            ] 4370/7824, 100.2 task/s, elapsed: 44s, ETA:    34s[>>>>>>>>>>>>>>            ] 4371/7824, 100.2 task/s, elapsed: 44s, ETA:    34s[>>>>>>>>>>>>>>            ] 4372/7824, 100.2 task/s, elapsed: 44s, ETA:    34s[>>>>>>>>>>>>>>            ] 4373/7824, 100.2 task/s, elapsed: 44s, ETA:    34s[>>>>>>>>>>>>>>            ] 4374/7824, 100.2 task/s, elapsed: 44s, ETA:    34s[>>>>>>>>>>>>>>            ] 4375/7824, 100.2 task/s, elapsed: 44s, ETA:    34s[>>>>>>>>>>>>>>            ] 4376/7824, 100.2 task/s, elapsed: 44s, ETA:    34s[>>>>>>>>>>>>>>            ] 4377/7824, 100.2 task/s, elapsed: 44s, ETA:    34s[>>>>>>>>>>>>>>            ] 4378/7824, 100.2 task/s, elapsed: 44s, ETA:    34s[>>>>>>>>>>>>>>            ] 4379/7824, 100.2 task/s, elapsed: 44s, ETA:    34s[>>>>>>>>>>>>>>            ] 4380/7824, 100.2 task/s, elapsed: 44s, ETA:    34s[>>>>>>>>>>>>>>            ] 4381/7824, 100.2 task/s, elapsed: 44s, ETA:    34s[>>>>>>>>>>>>>>            ] 4382/7824, 100.2 task/s, elapsed: 44s, ETA:    34s[>>>>>>>>>>>>>>            ] 4383/7824, 100.2 task/s, elapsed: 44s, ETA:    34s[>>>>>>>>>>>>>>            ] 4384/7824, 100.2 task/s, elapsed: 44s, ETA:    34s[>>>>>>>>>>>>>>            ] 4385/7824, 100.2 task/s, elapsed: 44s, ETA:    34s[>>>>>>>>>>>>>>            ] 4386/7824, 100.2 task/s, elapsed: 44s, ETA:    34s[>>>>>>>>>>>>>>            ] 4387/7824, 100.2 task/s, elapsed: 44s, ETA:    34s[>>>>>>>>>>>>>>            ] 4388/7824, 100.2 task/s, elapsed: 44s, ETA:    34s[>>>>>>>>>>>>>>            ] 4389/7824, 100.2 task/s, elapsed: 44s, ETA:    34s[>>>>>>>>>>>>>>            ] 4390/7824, 100.2 task/s, elapsed: 44s, ETA:    34s[>>>>>>>>>>>>>>            ] 4391/7824, 100.2 task/s, elapsed: 44s, ETA:    34s[>>>>>>>>>>>>>>            ] 4392/7824, 100.2 task/s, elapsed: 44s, ETA:    34s[>>>>>>>>>>>>>>            ] 4393/7824, 100.2 task/s, elapsed: 44s, ETA:    34s[>>>>>>>>>>>>>>            ] 4394/7824, 100.2 task/s, elapsed: 44s, ETA:    34s[>>>>>>>>>>>>>>            ] 4395/7824, 100.3 task/s, elapsed: 44s, ETA:    34s[>>>>>>>>>>>>>>            ] 4396/7824, 100.3 task/s, elapsed: 44s, ETA:    34s[>>>>>>>>>>>>>>            ] 4397/7824, 100.3 task/s, elapsed: 44s, ETA:    34s[>>>>>>>>>>>>>>            ] 4398/7824, 100.3 task/s, elapsed: 44s, ETA:    34s[>>>>>>>>>>>>>>            ] 4399/7824, 100.3 task/s, elapsed: 44s, ETA:    34s[>>>>>>>>>>>>>>            ] 4400/7824, 100.3 task/s, elapsed: 44s, ETA:    34s[>>>>>>>>>>>>>>            ] 4401/7824, 100.3 task/s, elapsed: 44s, ETA:    34s[>>>>>>>>>>>>>>            ] 4402/7824, 100.3 task/s, elapsed: 44s, ETA:    34s[>>>>>>>>>>>>>>            ] 4403/7824, 100.3 task/s, elapsed: 44s, ETA:    34s[>>>>>>>>>>>>>>            ] 4404/7824, 100.3 task/s, elapsed: 44s, ETA:    34s[>>>>>>>>>>>>>>            ] 4405/7824, 100.3 task/s, elapsed: 44s, ETA:    34s[>>>>>>>>>>>>>>            ] 4406/7824, 100.3 task/s, elapsed: 44s, ETA:    34s[>>>>>>>>>>>>>>            ] 4407/7824, 100.3 task/s, elapsed: 44s, ETA:    34s[>>>>>>>>>>>>>>            ] 4408/7824, 100.3 task/s, elapsed: 44s, ETA:    34s[>>>>>>>>>>>>>>            ] 4409/7824, 100.3 task/s, elapsed: 44s, ETA:    34s[>>>>>>>>>>>>>>            ] 4410/7824, 100.3 task/s, elapsed: 44s, ETA:    34s[>>>>>>>>>>>>>>            ] 4411/7824, 100.3 task/s, elapsed: 44s, ETA:    34s[>>>>>>>>>>>>>>            ] 4412/7824, 100.3 task/s, elapsed: 44s, ETA:    34s[>>>>>>>>>>>>>>            ] 4413/7824, 100.3 task/s, elapsed: 44s, ETA:    34s[>>>>>>>>>>>>>>            ] 4414/7824, 100.3 task/s, elapsed: 44s, ETA:    34s[>>>>>>>>>>>>>>            ] 4415/7824, 100.3 task/s, elapsed: 44s, ETA:    34s[>>>>>>>>>>>>>>            ] 4416/7824, 100.3 task/s, elapsed: 44s, ETA:    34s[>>>>>>>>>>>>>>            ] 4417/7824, 100.3 task/s, elapsed: 44s, ETA:    34s[>>>>>>>>>>>>>>            ] 4418/7824, 100.3 task/s, elapsed: 44s, ETA:    34s[>>>>>>>>>>>>>>            ] 4419/7824, 100.3 task/s, elapsed: 44s, ETA:    34s[>>>>>>>>>>>>>>            ] 4420/7824, 100.3 task/s, elapsed: 44s, ETA:    34s[>>>>>>>>>>>>>>            ] 4421/7824, 100.3 task/s, elapsed: 44s, ETA:    34s[>>>>>>>>>>>>>>            ] 4422/7824, 100.3 task/s, elapsed: 44s, ETA:    34s[>>>>>>>>>>>>>>            ] 4423/7824, 100.3 task/s, elapsed: 44s, ETA:    34s[>>>>>>>>>>>>>>            ] 4424/7824, 100.3 task/s, elapsed: 44s, ETA:    34s[>>>>>>>>>>>>>>            ] 4425/7824, 100.3 task/s, elapsed: 44s, ETA:    34s[>>>>>>>>>>>>>>            ] 4426/7824, 100.3 task/s, elapsed: 44s, ETA:    34s[>>>>>>>>>>>>>>            ] 4427/7824, 100.3 task/s, elapsed: 44s, ETA:    34s[>>>>>>>>>>>>>>            ] 4428/7824, 100.3 task/s, elapsed: 44s, ETA:    34s[>>>>>>>>>>>>>>            ] 4429/7824, 100.3 task/s, elapsed: 44s, ETA:    34s[>>>>>>>>>>>>>>            ] 4430/7824, 100.3 task/s, elapsed: 44s, ETA:    34s[>>>>>>>>>>>>>>            ] 4431/7824, 100.3 task/s, elapsed: 44s, ETA:    34s[>>>>>>>>>>>>>>            ] 4432/7824, 100.3 task/s, elapsed: 44s, ETA:    34s[>>>>>>>>>>>>>>            ] 4433/7824, 100.3 task/s, elapsed: 44s, ETA:    34s[>>>>>>>>>>>>>>            ] 4434/7824, 100.3 task/s, elapsed: 44s, ETA:    34s[>>>>>>>>>>>>>>            ] 4435/7824, 100.3 task/s, elapsed: 44s, ETA:    34s[>>>>>>>>>>>>>>            ] 4436/7824, 100.3 task/s, elapsed: 44s, ETA:    34s[>>>>>>>>>>>>>>            ] 4437/7824, 100.4 task/s, elapsed: 44s, ETA:    34s[>>>>>>>>>>>>>>            ] 4438/7824, 100.4 task/s, elapsed: 44s, ETA:    34s[>>>>>>>>>>>>>>            ] 4439/7824, 100.4 task/s, elapsed: 44s, ETA:    34s[>>>>>>>>>>>>>>            ] 4440/7824, 100.4 task/s, elapsed: 44s, ETA:    34s[>>>>>>>>>>>>>>            ] 4441/7824, 100.4 task/s, elapsed: 44s, ETA:    34s[>>>>>>>>>>>>>>            ] 4442/7824, 100.4 task/s, elapsed: 44s, ETA:    34s[>>>>>>>>>>>>>>            ] 4443/7824, 100.4 task/s, elapsed: 44s, ETA:    34s[>>>>>>>>>>>>>>            ] 4444/7824, 100.4 task/s, elapsed: 44s, ETA:    34s[>>>>>>>>>>>>>>            ] 4445/7824, 100.4 task/s, elapsed: 44s, ETA:    34s[>>>>>>>>>>>>>>            ] 4446/7824, 100.4 task/s, elapsed: 44s, ETA:    34s[>>>>>>>>>>>>>>            ] 4447/7824, 100.4 task/s, elapsed: 44s, ETA:    34s[>>>>>>>>>>>>>>            ] 4448/7824, 100.4 task/s, elapsed: 44s, ETA:    34s[>>>>>>>>>>>>>>            ] 4449/7824, 100.4 task/s, elapsed: 44s, ETA:    34s[>>>>>>>>>>>>>>            ] 4450/7824, 100.4 task/s, elapsed: 44s, ETA:    34s[>>>>>>>>>>>>>>            ] 4451/7824, 100.4 task/s, elapsed: 44s, ETA:    34s[>>>>>>>>>>>>>>            ] 4452/7824, 100.4 task/s, elapsed: 44s, ETA:    34s[>>>>>>>>>>>>>>            ] 4453/7824, 100.4 task/s, elapsed: 44s, ETA:    34s[>>>>>>>>>>>>>>            ] 4454/7824, 100.4 task/s, elapsed: 44s, ETA:    34s[>>>>>>>>>>>>>>            ] 4455/7824, 100.4 task/s, elapsed: 44s, ETA:    34s[>>>>>>>>>>>>>>            ] 4456/7824, 100.4 task/s, elapsed: 44s, ETA:    34s[>>>>>>>>>>>>>>            ] 4457/7824, 100.4 task/s, elapsed: 44s, ETA:    34s[>>>>>>>>>>>>>>            ] 4458/7824, 100.4 task/s, elapsed: 44s, ETA:    34s[>>>>>>>>>>>>>>            ] 4459/7824, 100.4 task/s, elapsed: 44s, ETA:    34s[>>>>>>>>>>>>>>            ] 4460/7824, 100.4 task/s, elapsed: 44s, ETA:    34s[>>>>>>>>>>>>>>            ] 4461/7824, 100.4 task/s, elapsed: 44s, ETA:    33s[>>>>>>>>>>>>>>            ] 4462/7824, 100.4 task/s, elapsed: 44s, ETA:    33s[>>>>>>>>>>>>>>            ] 4463/7824, 100.4 task/s, elapsed: 44s, ETA:    33s[>>>>>>>>>>>>>>            ] 4464/7824, 100.4 task/s, elapsed: 44s, ETA:    33s[>>>>>>>>>>>>>>            ] 4465/7824, 100.4 task/s, elapsed: 44s, ETA:    33s[>>>>>>>>>>>>>>            ] 4466/7824, 100.4 task/s, elapsed: 44s, ETA:    33s[>>>>>>>>>>>>>>            ] 4467/7824, 100.4 task/s, elapsed: 44s, ETA:    33s[>>>>>>>>>>>>>>            ] 4468/7824, 100.4 task/s, elapsed: 44s, ETA:    33s[>>>>>>>>>>>>>>            ] 4469/7824, 100.4 task/s, elapsed: 44s, ETA:    33s[>>>>>>>>>>>>>>            ] 4470/7824, 100.4 task/s, elapsed: 45s, ETA:    33s[>>>>>>>>>>>>>>            ] 4471/7824, 100.4 task/s, elapsed: 45s, ETA:    33s[>>>>>>>>>>>>>>            ] 4472/7824, 100.4 task/s, elapsed: 45s, ETA:    33s[>>>>>>>>>>>>>>            ] 4473/7824, 100.4 task/s, elapsed: 45s, ETA:    33s[>>>>>>>>>>>>>>            ] 4474/7824, 100.5 task/s, elapsed: 45s, ETA:    33s[>>>>>>>>>>>>>>            ] 4475/7824, 100.5 task/s, elapsed: 45s, ETA:    33s[>>>>>>>>>>>>>>            ] 4476/7824, 100.5 task/s, elapsed: 45s, ETA:    33s[>>>>>>>>>>>>>>            ] 4477/7824, 100.5 task/s, elapsed: 45s, ETA:    33s[>>>>>>>>>>>>>>            ] 4478/7824, 100.5 task/s, elapsed: 45s, ETA:    33s[>>>>>>>>>>>>>>            ] 4479/7824, 100.5 task/s, elapsed: 45s, ETA:    33s[>>>>>>>>>>>>>>            ] 4480/7824, 100.5 task/s, elapsed: 45s, ETA:    33s[>>>>>>>>>>>>>>            ] 4481/7824, 100.5 task/s, elapsed: 45s, ETA:    33s[>>>>>>>>>>>>>>            ] 4482/7824, 100.5 task/s, elapsed: 45s, ETA:    33s[>>>>>>>>>>>>>>            ] 4483/7824, 100.5 task/s, elapsed: 45s, ETA:    33s[>>>>>>>>>>>>>>            ] 4484/7824, 100.5 task/s, elapsed: 45s, ETA:    33s[>>>>>>>>>>>>>>            ] 4485/7824, 100.5 task/s, elapsed: 45s, ETA:    33s[>>>>>>>>>>>>>>            ] 4486/7824, 100.5 task/s, elapsed: 45s, ETA:    33s[>>>>>>>>>>>>>>            ] 4487/7824, 100.5 task/s, elapsed: 45s, ETA:    33s[>>>>>>>>>>>>>>            ] 4488/7824, 100.5 task/s, elapsed: 45s, ETA:    33s[>>>>>>>>>>>>>>            ] 4489/7824, 100.5 task/s, elapsed: 45s, ETA:    33s[>>>>>>>>>>>>>>            ] 4490/7824, 100.5 task/s, elapsed: 45s, ETA:    33s[>>>>>>>>>>>>>>            ] 4491/7824, 100.5 task/s, elapsed: 45s, ETA:    33s[>>>>>>>>>>>>>>            ] 4492/7824, 100.5 task/s, elapsed: 45s, ETA:    33s[>>>>>>>>>>>>>>            ] 4493/7824, 100.5 task/s, elapsed: 45s, ETA:    33s[>>>>>>>>>>>>>>            ] 4494/7824, 100.5 task/s, elapsed: 45s, ETA:    33s[>>>>>>>>>>>>>>            ] 4495/7824, 100.5 task/s, elapsed: 45s, ETA:    33s[>>>>>>>>>>>>>>            ] 4496/7824, 100.5 task/s, elapsed: 45s, ETA:    33s[>>>>>>>>>>>>>>            ] 4497/7824, 100.5 task/s, elapsed: 45s, ETA:    33s[>>>>>>>>>>>>>>            ] 4498/7824, 100.5 task/s, elapsed: 45s, ETA:    33s[>>>>>>>>>>>>>>            ] 4499/7824, 100.5 task/s, elapsed: 45s, ETA:    33s[>>>>>>>>>>>>>>            ] 4500/7824, 100.5 task/s, elapsed: 45s, ETA:    33s[>>>>>>>>>>>>>>            ] 4501/7824, 100.5 task/s, elapsed: 45s, ETA:    33s[>>>>>>>>>>>>>>            ] 4502/7824, 100.5 task/s, elapsed: 45s, ETA:    33s[>>>>>>>>>>>>>>            ] 4503/7824, 100.5 task/s, elapsed: 45s, ETA:    33s[>>>>>>>>>>>>>>            ] 4504/7824, 100.5 task/s, elapsed: 45s, ETA:    33s[>>>>>>>>>>>>>>            ] 4505/7824, 100.5 task/s, elapsed: 45s, ETA:    33s[>>>>>>>>>>>>>>            ] 4506/7824, 100.5 task/s, elapsed: 45s, ETA:    33s[>>>>>>>>>>>>>>            ] 4507/7824, 100.5 task/s, elapsed: 45s, ETA:    33s[>>>>>>>>>>>>>>            ] 4508/7824, 100.5 task/s, elapsed: 45s, ETA:    33s[>>>>>>>>>>>>>>            ] 4509/7824, 100.5 task/s, elapsed: 45s, ETA:    33s[>>>>>>>>>>>>>>            ] 4510/7824, 100.5 task/s, elapsed: 45s, ETA:    33s[>>>>>>>>>>>>>>            ] 4511/7824, 100.5 task/s, elapsed: 45s, ETA:    33s[>>>>>>>>>>>>>>            ] 4512/7824, 100.5 task/s, elapsed: 45s, ETA:    33s[>>>>>>>>>>>>>>            ] 4513/7824, 100.5 task/s, elapsed: 45s, ETA:    33s[>>>>>>>>>>>>>>>           ] 4514/7824, 100.5 task/s, elapsed: 45s, ETA:    33s[>>>>>>>>>>>>>>>           ] 4515/7824, 100.5 task/s, elapsed: 45s, ETA:    33s[>>>>>>>>>>>>>>>           ] 4516/7824, 100.5 task/s, elapsed: 45s, ETA:    33s[>>>>>>>>>>>>>>>           ] 4517/7824, 100.5 task/s, elapsed: 45s, ETA:    33s[>>>>>>>>>>>>>>>           ] 4518/7824, 100.5 task/s, elapsed: 45s, ETA:    33s[>>>>>>>>>>>>>>>           ] 4519/7824, 100.5 task/s, elapsed: 45s, ETA:    33s[>>>>>>>>>>>>>>>           ] 4520/7824, 100.5 task/s, elapsed: 45s, ETA:    33s[>>>>>>>>>>>>>>>           ] 4521/7824, 100.6 task/s, elapsed: 45s, ETA:    33s[>>>>>>>>>>>>>>>           ] 4522/7824, 100.6 task/s, elapsed: 45s, ETA:    33s[>>>>>>>>>>>>>>>           ] 4523/7824, 100.6 task/s, elapsed: 45s, ETA:    33s[>>>>>>>>>>>>>>>           ] 4524/7824, 100.6 task/s, elapsed: 45s, ETA:    33s[>>>>>>>>>>>>>>>           ] 4525/7824, 100.6 task/s, elapsed: 45s, ETA:    33s[>>>>>>>>>>>>>>>           ] 4526/7824, 100.6 task/s, elapsed: 45s, ETA:    33s[>>>>>>>>>>>>>>>           ] 4527/7824, 100.6 task/s, elapsed: 45s, ETA:    33s[>>>>>>>>>>>>>>>           ] 4528/7824, 100.6 task/s, elapsed: 45s, ETA:    33s[>>>>>>>>>>>>>>>           ] 4529/7824, 100.6 task/s, elapsed: 45s, ETA:    33s[>>>>>>>>>>>>>>>           ] 4530/7824, 100.6 task/s, elapsed: 45s, ETA:    33s[>>>>>>>>>>>>>>>           ] 4531/7824, 100.6 task/s, elapsed: 45s, ETA:    33s[>>>>>>>>>>>>>>>           ] 4532/7824, 100.6 task/s, elapsed: 45s, ETA:    33s[>>>>>>>>>>>>>>>           ] 4533/7824, 100.6 task/s, elapsed: 45s, ETA:    33s[>>>>>>>>>>>>>>>           ] 4534/7824, 100.6 task/s, elapsed: 45s, ETA:    33s[>>>>>>>>>>>>>>>           ] 4535/7824, 100.6 task/s, elapsed: 45s, ETA:    33s[>>>>>>>>>>>>>>>           ] 4536/7824, 100.6 task/s, elapsed: 45s, ETA:    33s[>>>>>>>>>>>>>>>           ] 4537/7824, 100.6 task/s, elapsed: 45s, ETA:    33s[>>>>>>>>>>>>>>>           ] 4538/7824, 100.6 task/s, elapsed: 45s, ETA:    33s[>>>>>>>>>>>>>>>           ] 4539/7824, 100.6 task/s, elapsed: 45s, ETA:    33s[>>>>>>>>>>>>>>>           ] 4540/7824, 100.6 task/s, elapsed: 45s, ETA:    33s[>>>>>>>>>>>>>>>           ] 4541/7824, 100.6 task/s, elapsed: 45s, ETA:    33s[>>>>>>>>>>>>>>>           ] 4542/7824, 100.6 task/s, elapsed: 45s, ETA:    33s[>>>>>>>>>>>>>>>           ] 4543/7824, 100.6 task/s, elapsed: 45s, ETA:    33s[>>>>>>>>>>>>>>>           ] 4544/7824, 100.6 task/s, elapsed: 45s, ETA:    33s[>>>>>>>>>>>>>>>           ] 4545/7824, 100.6 task/s, elapsed: 45s, ETA:    33s[>>>>>>>>>>>>>>>           ] 4546/7824, 100.6 task/s, elapsed: 45s, ETA:    33s[>>>>>>>>>>>>>>>           ] 4547/7824, 100.6 task/s, elapsed: 45s, ETA:    33s[>>>>>>>>>>>>>>>           ] 4548/7824, 100.6 task/s, elapsed: 45s, ETA:    33s[>>>>>>>>>>>>>>>           ] 4549/7824, 100.6 task/s, elapsed: 45s, ETA:    33s[>>>>>>>>>>>>>>>           ] 4550/7824, 100.6 task/s, elapsed: 45s, ETA:    33s[>>>>>>>>>>>>>>>           ] 4551/7824, 100.6 task/s, elapsed: 45s, ETA:    33s[>>>>>>>>>>>>>>>           ] 4552/7824, 100.6 task/s, elapsed: 45s, ETA:    33s[>>>>>>>>>>>>>>>           ] 4553/7824, 100.6 task/s, elapsed: 45s, ETA:    33s[>>>>>>>>>>>>>>>           ] 4554/7824, 100.6 task/s, elapsed: 45s, ETA:    32s[>>>>>>>>>>>>>>>           ] 4555/7824, 100.6 task/s, elapsed: 45s, ETA:    32s[>>>>>>>>>>>>>>>           ] 4556/7824, 100.6 task/s, elapsed: 45s, ETA:    32s[>>>>>>>>>>>>>>>           ] 4557/7824, 100.6 task/s, elapsed: 45s, ETA:    32s[>>>>>>>>>>>>>>>           ] 4558/7824, 100.6 task/s, elapsed: 45s, ETA:    32s[>>>>>>>>>>>>>>>           ] 4559/7824, 100.6 task/s, elapsed: 45s, ETA:    32s[>>>>>>>>>>>>>>>           ] 4560/7824, 100.6 task/s, elapsed: 45s, ETA:    32s[>>>>>>>>>>>>>>>           ] 4561/7824, 100.6 task/s, elapsed: 45s, ETA:    32s[>>>>>>>>>>>>>>>           ] 4562/7824, 100.6 task/s, elapsed: 45s, ETA:    32s[>>>>>>>>>>>>>>>           ] 4563/7824, 100.6 task/s, elapsed: 45s, ETA:    32s[>>>>>>>>>>>>>>>           ] 4564/7824, 100.6 task/s, elapsed: 45s, ETA:    32s[>>>>>>>>>>>>>>>           ] 4565/7824, 100.6 task/s, elapsed: 45s, ETA:    32s[>>>>>>>>>>>>>>>           ] 4566/7824, 100.6 task/s, elapsed: 45s, ETA:    32s[>>>>>>>>>>>>>>>           ] 4567/7824, 100.6 task/s, elapsed: 45s, ETA:    32s[>>>>>>>>>>>>>>>           ] 4568/7824, 100.6 task/s, elapsed: 45s, ETA:    32s[>>>>>>>>>>>>>>>           ] 4569/7824, 100.6 task/s, elapsed: 45s, ETA:    32s[>>>>>>>>>>>>>>>           ] 4570/7824, 100.7 task/s, elapsed: 45s, ETA:    32s[>>>>>>>>>>>>>>>           ] 4571/7824, 100.7 task/s, elapsed: 45s, ETA:    32s[>>>>>>>>>>>>>>>           ] 4572/7824, 100.7 task/s, elapsed: 45s, ETA:    32s[>>>>>>>>>>>>>>>           ] 4573/7824, 100.7 task/s, elapsed: 45s, ETA:    32s[>>>>>>>>>>>>>>>           ] 4574/7824, 100.7 task/s, elapsed: 45s, ETA:    32s[>>>>>>>>>>>>>>>           ] 4575/7824, 100.7 task/s, elapsed: 45s, ETA:    32s[>>>>>>>>>>>>>>>           ] 4576/7824, 100.7 task/s, elapsed: 45s, ETA:    32s[>>>>>>>>>>>>>>>           ] 4577/7824, 100.7 task/s, elapsed: 45s, ETA:    32s[>>>>>>>>>>>>>>>           ] 4578/7824, 100.7 task/s, elapsed: 45s, ETA:    32s[>>>>>>>>>>>>>>>           ] 4579/7824, 100.7 task/s, elapsed: 45s, ETA:    32s[>>>>>>>>>>>>>>>           ] 4580/7824, 100.7 task/s, elapsed: 45s, ETA:    32s[>>>>>>>>>>>>>>>           ] 4581/7824, 100.7 task/s, elapsed: 46s, ETA:    32s[>>>>>>>>>>>>>>>           ] 4582/7824, 100.7 task/s, elapsed: 46s, ETA:    32s[>>>>>>>>>>>>>>>           ] 4583/7824, 100.7 task/s, elapsed: 46s, ETA:    32s[>>>>>>>>>>>>>>>           ] 4584/7824, 100.7 task/s, elapsed: 46s, ETA:    32s[>>>>>>>>>>>>>>>           ] 4585/7824, 100.7 task/s, elapsed: 46s, ETA:    32s[>>>>>>>>>>>>>>>           ] 4586/7824, 100.7 task/s, elapsed: 46s, ETA:    32s[>>>>>>>>>>>>>>>           ] 4587/7824, 100.7 task/s, elapsed: 46s, ETA:    32s[>>>>>>>>>>>>>>>           ] 4588/7824, 100.7 task/s, elapsed: 46s, ETA:    32s[>>>>>>>>>>>>>>>           ] 4589/7824, 100.7 task/s, elapsed: 46s, ETA:    32s[>>>>>>>>>>>>>>>           ] 4590/7824, 100.7 task/s, elapsed: 46s, ETA:    32s[>>>>>>>>>>>>>>>           ] 4591/7824, 100.7 task/s, elapsed: 46s, ETA:    32s[>>>>>>>>>>>>>>>           ] 4592/7824, 100.7 task/s, elapsed: 46s, ETA:    32s[>>>>>>>>>>>>>>>           ] 4593/7824, 100.7 task/s, elapsed: 46s, ETA:    32s[>>>>>>>>>>>>>>>           ] 4594/7824, 100.7 task/s, elapsed: 46s, ETA:    32s[>>>>>>>>>>>>>>>           ] 4595/7824, 100.7 task/s, elapsed: 46s, ETA:    32s[>>>>>>>>>>>>>>>           ] 4596/7824, 100.7 task/s, elapsed: 46s, ETA:    32s[>>>>>>>>>>>>>>>           ] 4597/7824, 100.7 task/s, elapsed: 46s, ETA:    32s[>>>>>>>>>>>>>>>           ] 4598/7824, 100.7 task/s, elapsed: 46s, ETA:    32s[>>>>>>>>>>>>>>>           ] 4599/7824, 100.7 task/s, elapsed: 46s, ETA:    32s[>>>>>>>>>>>>>>>           ] 4600/7824, 100.7 task/s, elapsed: 46s, ETA:    32s[>>>>>>>>>>>>>>>           ] 4601/7824, 100.7 task/s, elapsed: 46s, ETA:    32s[>>>>>>>>>>>>>>>           ] 4602/7824, 100.7 task/s, elapsed: 46s, ETA:    32s[>>>>>>>>>>>>>>>           ] 4603/7824, 100.7 task/s, elapsed: 46s, ETA:    32s[>>>>>>>>>>>>>>>           ] 4604/7824, 100.7 task/s, elapsed: 46s, ETA:    32s[>>>>>>>>>>>>>>>           ] 4605/7824, 100.7 task/s, elapsed: 46s, ETA:    32s[>>>>>>>>>>>>>>>           ] 4606/7824, 100.7 task/s, elapsed: 46s, ETA:    32s[>>>>>>>>>>>>>>>           ] 4607/7824, 100.7 task/s, elapsed: 46s, ETA:    32s[>>>>>>>>>>>>>>>           ] 4608/7824, 100.7 task/s, elapsed: 46s, ETA:    32s[>>>>>>>>>>>>>>>           ] 4609/7824, 100.7 task/s, elapsed: 46s, ETA:    32s[>>>>>>>>>>>>>>>           ] 4610/7824, 100.7 task/s, elapsed: 46s, ETA:    32s[>>>>>>>>>>>>>>>           ] 4611/7824, 100.7 task/s, elapsed: 46s, ETA:    32s[>>>>>>>>>>>>>>>           ] 4612/7824, 100.7 task/s, elapsed: 46s, ETA:    32s[>>>>>>>>>>>>>>>           ] 4613/7824, 100.7 task/s, elapsed: 46s, ETA:    32s[>>>>>>>>>>>>>>>           ] 4614/7824, 100.7 task/s, elapsed: 46s, ETA:    32s[>>>>>>>>>>>>>>>           ] 4615/7824, 100.7 task/s, elapsed: 46s, ETA:    32s[>>>>>>>>>>>>>>>           ] 4616/7824, 100.7 task/s, elapsed: 46s, ETA:    32s[>>>>>>>>>>>>>>>           ] 4617/7824, 100.7 task/s, elapsed: 46s, ETA:    32s[>>>>>>>>>>>>>>>           ] 4618/7824, 100.7 task/s, elapsed: 46s, ETA:    32s[>>>>>>>>>>>>>>>           ] 4619/7824, 100.7 task/s, elapsed: 46s, ETA:    32s[>>>>>>>>>>>>>>>           ] 4620/7824, 100.7 task/s, elapsed: 46s, ETA:    32s[>>>>>>>>>>>>>>>           ] 4621/7824, 100.7 task/s, elapsed: 46s, ETA:    32s[>>>>>>>>>>>>>>>           ] 4622/7824, 100.7 task/s, elapsed: 46s, ETA:    32s[>>>>>>>>>>>>>>>           ] 4623/7824, 100.7 task/s, elapsed: 46s, ETA:    32s[>>>>>>>>>>>>>>>           ] 4624/7824, 100.7 task/s, elapsed: 46s, ETA:    32s[>>>>>>>>>>>>>>>           ] 4625/7824, 100.7 task/s, elapsed: 46s, ETA:    32s[>>>>>>>>>>>>>>>           ] 4626/7824, 100.7 task/s, elapsed: 46s, ETA:    32s[>>>>>>>>>>>>>>>           ] 4627/7824, 100.7 task/s, elapsed: 46s, ETA:    32s[>>>>>>>>>>>>>>>           ] 4628/7824, 100.7 task/s, elapsed: 46s, ETA:    32s[>>>>>>>>>>>>>>>           ] 4629/7824, 100.7 task/s, elapsed: 46s, ETA:    32s[>>>>>>>>>>>>>>>           ] 4630/7824, 100.7 task/s, elapsed: 46s, ETA:    32s[>>>>>>>>>>>>>>>           ] 4631/7824, 100.7 task/s, elapsed: 46s, ETA:    32s[>>>>>>>>>>>>>>>           ] 4632/7824, 100.7 task/s, elapsed: 46s, ETA:    32s[>>>>>>>>>>>>>>>           ] 4633/7824, 100.7 task/s, elapsed: 46s, ETA:    32s[>>>>>>>>>>>>>>>           ] 4634/7824, 100.7 task/s, elapsed: 46s, ETA:    32s[>>>>>>>>>>>>>>>           ] 4635/7824, 100.7 task/s, elapsed: 46s, ETA:    32s[>>>>>>>>>>>>>>>           ] 4636/7824, 100.7 task/s, elapsed: 46s, ETA:    32s[>>>>>>>>>>>>>>>           ] 4637/7824, 100.7 task/s, elapsed: 46s, ETA:    32s[>>>>>>>>>>>>>>>           ] 4638/7824, 100.7 task/s, elapsed: 46s, ETA:    32s[>>>>>>>>>>>>>>>           ] 4639/7824, 100.7 task/s, elapsed: 46s, ETA:    32s[>>>>>>>>>>>>>>>           ] 4640/7824, 100.7 task/s, elapsed: 46s, ETA:    32s[>>>>>>>>>>>>>>>           ] 4641/7824, 100.8 task/s, elapsed: 46s, ETA:    32s[>>>>>>>>>>>>>>>           ] 4642/7824, 100.8 task/s, elapsed: 46s, ETA:    32s[>>>>>>>>>>>>>>>           ] 4643/7824, 100.8 task/s, elapsed: 46s, ETA:    32s[>>>>>>>>>>>>>>>           ] 4644/7824, 100.8 task/s, elapsed: 46s, ETA:    32s[>>>>>>>>>>>>>>>           ] 4645/7824, 100.7 task/s, elapsed: 46s, ETA:    32s[>>>>>>>>>>>>>>>           ] 4646/7824, 100.7 task/s, elapsed: 46s, ETA:    32s[>>>>>>>>>>>>>>>           ] 4647/7824, 100.7 task/s, elapsed: 46s, ETA:    32s[>>>>>>>>>>>>>>>           ] 4648/7824, 100.7 task/s, elapsed: 46s, ETA:    32s[>>>>>>>>>>>>>>>           ] 4649/7824, 100.8 task/s, elapsed: 46s, ETA:    32s[>>>>>>>>>>>>>>>           ] 4650/7824, 100.8 task/s, elapsed: 46s, ETA:    32s[>>>>>>>>>>>>>>>           ] 4651/7824, 100.8 task/s, elapsed: 46s, ETA:    31s[>>>>>>>>>>>>>>>           ] 4652/7824, 100.8 task/s, elapsed: 46s, ETA:    31s[>>>>>>>>>>>>>>>           ] 4653/7824, 100.8 task/s, elapsed: 46s, ETA:    31s[>>>>>>>>>>>>>>>           ] 4654/7824, 100.8 task/s, elapsed: 46s, ETA:    31s[>>>>>>>>>>>>>>>           ] 4655/7824, 100.8 task/s, elapsed: 46s, ETA:    31s[>>>>>>>>>>>>>>>           ] 4656/7824, 100.8 task/s, elapsed: 46s, ETA:    31s[>>>>>>>>>>>>>>>           ] 4657/7824, 100.8 task/s, elapsed: 46s, ETA:    31s[>>>>>>>>>>>>>>>           ] 4658/7824, 100.8 task/s, elapsed: 46s, ETA:    31s[>>>>>>>>>>>>>>>           ] 4659/7824, 100.8 task/s, elapsed: 46s, ETA:    31s[>>>>>>>>>>>>>>>           ] 4660/7824, 100.8 task/s, elapsed: 46s, ETA:    31s[>>>>>>>>>>>>>>>           ] 4661/7824, 100.8 task/s, elapsed: 46s, ETA:    31s[>>>>>>>>>>>>>>>           ] 4662/7824, 100.8 task/s, elapsed: 46s, ETA:    31s[>>>>>>>>>>>>>>>           ] 4663/7824, 100.8 task/s, elapsed: 46s, ETA:    31s[>>>>>>>>>>>>>>>           ] 4664/7824, 100.8 task/s, elapsed: 46s, ETA:    31s[>>>>>>>>>>>>>>>           ] 4665/7824, 100.8 task/s, elapsed: 46s, ETA:    31s[>>>>>>>>>>>>>>>           ] 4666/7824, 100.8 task/s, elapsed: 46s, ETA:    31s[>>>>>>>>>>>>>>>           ] 4667/7824, 100.8 task/s, elapsed: 46s, ETA:    31s[>>>>>>>>>>>>>>>           ] 4668/7824, 100.8 task/s, elapsed: 46s, ETA:    31s[>>>>>>>>>>>>>>>           ] 4669/7824, 100.8 task/s, elapsed: 46s, ETA:    31s[>>>>>>>>>>>>>>>           ] 4670/7824, 100.8 task/s, elapsed: 46s, ETA:    31s[>>>>>>>>>>>>>>>           ] 4671/7824, 100.8 task/s, elapsed: 46s, ETA:    31s[>>>>>>>>>>>>>>>           ] 4672/7824, 100.8 task/s, elapsed: 46s, ETA:    31s[>>>>>>>>>>>>>>>           ] 4673/7824, 100.8 task/s, elapsed: 46s, ETA:    31s[>>>>>>>>>>>>>>>           ] 4674/7824, 100.8 task/s, elapsed: 46s, ETA:    31s[>>>>>>>>>>>>>>>           ] 4675/7824, 100.8 task/s, elapsed: 46s, ETA:    31s[>>>>>>>>>>>>>>>           ] 4676/7824, 100.8 task/s, elapsed: 46s, ETA:    31s[>>>>>>>>>>>>>>>           ] 4677/7824, 100.8 task/s, elapsed: 46s, ETA:    31s[>>>>>>>>>>>>>>>           ] 4678/7824, 100.8 task/s, elapsed: 46s, ETA:    31s[>>>>>>>>>>>>>>>           ] 4679/7824, 100.8 task/s, elapsed: 46s, ETA:    31s[>>>>>>>>>>>>>>>           ] 4680/7824, 100.8 task/s, elapsed: 46s, ETA:    31s[>>>>>>>>>>>>>>>           ] 4681/7824, 100.8 task/s, elapsed: 46s, ETA:    31s[>>>>>>>>>>>>>>>           ] 4682/7824, 100.8 task/s, elapsed: 46s, ETA:    31s[>>>>>>>>>>>>>>>           ] 4683/7824, 100.8 task/s, elapsed: 46s, ETA:    31s[>>>>>>>>>>>>>>>           ] 4684/7824, 100.8 task/s, elapsed: 46s, ETA:    31s[>>>>>>>>>>>>>>>           ] 4685/7824, 100.9 task/s, elapsed: 46s, ETA:    31s[>>>>>>>>>>>>>>>           ] 4686/7824, 100.9 task/s, elapsed: 46s, ETA:    31s[>>>>>>>>>>>>>>>           ] 4687/7824, 100.9 task/s, elapsed: 46s, ETA:    31s[>>>>>>>>>>>>>>>           ] 4688/7824, 100.9 task/s, elapsed: 46s, ETA:    31s[>>>>>>>>>>>>>>>           ] 4689/7824, 100.9 task/s, elapsed: 46s, ETA:    31s[>>>>>>>>>>>>>>>           ] 4690/7824, 100.9 task/s, elapsed: 46s, ETA:    31s[>>>>>>>>>>>>>>>           ] 4691/7824, 100.9 task/s, elapsed: 47s, ETA:    31s[>>>>>>>>>>>>>>>           ] 4692/7824, 100.9 task/s, elapsed: 47s, ETA:    31s[>>>>>>>>>>>>>>>           ] 4693/7824, 100.9 task/s, elapsed: 47s, ETA:    31s[>>>>>>>>>>>>>>>           ] 4694/7824, 100.9 task/s, elapsed: 47s, ETA:    31s[>>>>>>>>>>>>>>>           ] 4695/7824, 100.9 task/s, elapsed: 47s, ETA:    31s[>>>>>>>>>>>>>>>           ] 4696/7824, 100.9 task/s, elapsed: 47s, ETA:    31s[>>>>>>>>>>>>>>>           ] 4697/7824, 100.9 task/s, elapsed: 47s, ETA:    31s[>>>>>>>>>>>>>>>           ] 4698/7824, 100.9 task/s, elapsed: 47s, ETA:    31s[>>>>>>>>>>>>>>>           ] 4699/7824, 100.9 task/s, elapsed: 47s, ETA:    31s[>>>>>>>>>>>>>>>           ] 4700/7824, 100.9 task/s, elapsed: 47s, ETA:    31s[>>>>>>>>>>>>>>>           ] 4701/7824, 100.9 task/s, elapsed: 47s, ETA:    31s[>>>>>>>>>>>>>>>           ] 4702/7824, 100.9 task/s, elapsed: 47s, ETA:    31s[>>>>>>>>>>>>>>>           ] 4703/7824, 100.9 task/s, elapsed: 47s, ETA:    31s[>>>>>>>>>>>>>>>           ] 4704/7824, 100.9 task/s, elapsed: 47s, ETA:    31s[>>>>>>>>>>>>>>>           ] 4705/7824, 100.9 task/s, elapsed: 47s, ETA:    31s[>>>>>>>>>>>>>>>           ] 4706/7824, 100.9 task/s, elapsed: 47s, ETA:    31s[>>>>>>>>>>>>>>>           ] 4707/7824, 100.9 task/s, elapsed: 47s, ETA:    31s[>>>>>>>>>>>>>>>           ] 4708/7824, 100.9 task/s, elapsed: 47s, ETA:    31s[>>>>>>>>>>>>>>>           ] 4709/7824, 100.9 task/s, elapsed: 47s, ETA:    31s[>>>>>>>>>>>>>>>           ] 4710/7824, 100.9 task/s, elapsed: 47s, ETA:    31s[>>>>>>>>>>>>>>>           ] 4711/7824, 100.9 task/s, elapsed: 47s, ETA:    31s[>>>>>>>>>>>>>>>           ] 4712/7824, 100.9 task/s, elapsed: 47s, ETA:    31s[>>>>>>>>>>>>>>>           ] 4713/7824, 100.9 task/s, elapsed: 47s, ETA:    31s[>>>>>>>>>>>>>>>           ] 4714/7824, 100.9 task/s, elapsed: 47s, ETA:    31s[>>>>>>>>>>>>>>>           ] 4715/7824, 100.9 task/s, elapsed: 47s, ETA:    31s[>>>>>>>>>>>>>>>           ] 4716/7824, 100.9 task/s, elapsed: 47s, ETA:    31s[>>>>>>>>>>>>>>>           ] 4717/7824, 100.9 task/s, elapsed: 47s, ETA:    31s[>>>>>>>>>>>>>>>           ] 4718/7824, 100.9 task/s, elapsed: 47s, ETA:    31s[>>>>>>>>>>>>>>>           ] 4719/7824, 100.9 task/s, elapsed: 47s, ETA:    31s[>>>>>>>>>>>>>>>           ] 4720/7824, 100.9 task/s, elapsed: 47s, ETA:    31s[>>>>>>>>>>>>>>>           ] 4721/7824, 100.9 task/s, elapsed: 47s, ETA:    31s[>>>>>>>>>>>>>>>           ] 4722/7824, 100.9 task/s, elapsed: 47s, ETA:    31s[>>>>>>>>>>>>>>>           ] 4723/7824, 100.9 task/s, elapsed: 47s, ETA:    31s[>>>>>>>>>>>>>>>           ] 4724/7824, 100.9 task/s, elapsed: 47s, ETA:    31s[>>>>>>>>>>>>>>>           ] 4725/7824, 100.9 task/s, elapsed: 47s, ETA:    31s[>>>>>>>>>>>>>>>           ] 4726/7824, 100.9 task/s, elapsed: 47s, ETA:    31s[>>>>>>>>>>>>>>>           ] 4727/7824, 100.9 task/s, elapsed: 47s, ETA:    31s[>>>>>>>>>>>>>>>           ] 4728/7824, 100.9 task/s, elapsed: 47s, ETA:    31s[>>>>>>>>>>>>>>>           ] 4729/7824, 100.9 task/s, elapsed: 47s, ETA:    31s[>>>>>>>>>>>>>>>           ] 4730/7824, 100.9 task/s, elapsed: 47s, ETA:    31s[>>>>>>>>>>>>>>>           ] 4731/7824, 100.9 task/s, elapsed: 47s, ETA:    31s[>>>>>>>>>>>>>>>           ] 4732/7824, 100.9 task/s, elapsed: 47s, ETA:    31s[>>>>>>>>>>>>>>>           ] 4733/7824, 100.9 task/s, elapsed: 47s, ETA:    31s[>>>>>>>>>>>>>>>           ] 4734/7824, 100.9 task/s, elapsed: 47s, ETA:    31s[>>>>>>>>>>>>>>>           ] 4735/7824, 100.9 task/s, elapsed: 47s, ETA:    31s[>>>>>>>>>>>>>>>           ] 4736/7824, 100.9 task/s, elapsed: 47s, ETA:    31s[>>>>>>>>>>>>>>>           ] 4737/7824, 100.9 task/s, elapsed: 47s, ETA:    31s[>>>>>>>>>>>>>>>           ] 4738/7824, 100.9 task/s, elapsed: 47s, ETA:    31s[>>>>>>>>>>>>>>>           ] 4739/7824, 100.9 task/s, elapsed: 47s, ETA:    31s[>>>>>>>>>>>>>>>           ] 4740/7824, 100.9 task/s, elapsed: 47s, ETA:    31s[>>>>>>>>>>>>>>>           ] 4741/7824, 101.0 task/s, elapsed: 47s, ETA:    31s[>>>>>>>>>>>>>>>           ] 4742/7824, 101.0 task/s, elapsed: 47s, ETA:    31s[>>>>>>>>>>>>>>>           ] 4743/7824, 101.0 task/s, elapsed: 47s, ETA:    31s[>>>>>>>>>>>>>>>           ] 4744/7824, 101.0 task/s, elapsed: 47s, ETA:    31s[>>>>>>>>>>>>>>>           ] 4745/7824, 101.0 task/s, elapsed: 47s, ETA:    30s[>>>>>>>>>>>>>>>           ] 4746/7824, 101.0 task/s, elapsed: 47s, ETA:    30s[>>>>>>>>>>>>>>>           ] 4747/7824, 101.0 task/s, elapsed: 47s, ETA:    30s[>>>>>>>>>>>>>>>           ] 4748/7824, 101.0 task/s, elapsed: 47s, ETA:    30s[>>>>>>>>>>>>>>>           ] 4749/7824, 101.0 task/s, elapsed: 47s, ETA:    30s[>>>>>>>>>>>>>>>           ] 4750/7824, 101.0 task/s, elapsed: 47s, ETA:    30s[>>>>>>>>>>>>>>>           ] 4751/7824, 101.0 task/s, elapsed: 47s, ETA:    30s[>>>>>>>>>>>>>>>           ] 4752/7824, 101.0 task/s, elapsed: 47s, ETA:    30s[>>>>>>>>>>>>>>>           ] 4753/7824, 101.0 task/s, elapsed: 47s, ETA:    30s[>>>>>>>>>>>>>>>           ] 4754/7824, 101.0 task/s, elapsed: 47s, ETA:    30s[>>>>>>>>>>>>>>>           ] 4755/7824, 101.0 task/s, elapsed: 47s, ETA:    30s[>>>>>>>>>>>>>>>           ] 4756/7824, 101.0 task/s, elapsed: 47s, ETA:    30s[>>>>>>>>>>>>>>>           ] 4757/7824, 101.0 task/s, elapsed: 47s, ETA:    30s[>>>>>>>>>>>>>>>           ] 4758/7824, 101.0 task/s, elapsed: 47s, ETA:    30s[>>>>>>>>>>>>>>>           ] 4759/7824, 101.0 task/s, elapsed: 47s, ETA:    30s[>>>>>>>>>>>>>>>           ] 4760/7824, 101.0 task/s, elapsed: 47s, ETA:    30s[>>>>>>>>>>>>>>>           ] 4761/7824, 101.0 task/s, elapsed: 47s, ETA:    30s[>>>>>>>>>>>>>>>           ] 4762/7824, 101.0 task/s, elapsed: 47s, ETA:    30s[>>>>>>>>>>>>>>>           ] 4763/7824, 101.0 task/s, elapsed: 47s, ETA:    30s[>>>>>>>>>>>>>>>           ] 4764/7824, 101.0 task/s, elapsed: 47s, ETA:    30s[>>>>>>>>>>>>>>>           ] 4765/7824, 101.0 task/s, elapsed: 47s, ETA:    30s[>>>>>>>>>>>>>>>           ] 4766/7824, 101.0 task/s, elapsed: 47s, ETA:    30s[>>>>>>>>>>>>>>>           ] 4767/7824, 101.0 task/s, elapsed: 47s, ETA:    30s[>>>>>>>>>>>>>>>           ] 4768/7824, 101.0 task/s, elapsed: 47s, ETA:    30s[>>>>>>>>>>>>>>>           ] 4769/7824, 101.0 task/s, elapsed: 47s, ETA:    30s[>>>>>>>>>>>>>>>           ] 4770/7824, 101.0 task/s, elapsed: 47s, ETA:    30s[>>>>>>>>>>>>>>>           ] 4771/7824, 101.0 task/s, elapsed: 47s, ETA:    30s[>>>>>>>>>>>>>>>           ] 4772/7824, 101.0 task/s, elapsed: 47s, ETA:    30s[>>>>>>>>>>>>>>>           ] 4773/7824, 101.0 task/s, elapsed: 47s, ETA:    30s[>>>>>>>>>>>>>>>           ] 4774/7824, 101.0 task/s, elapsed: 47s, ETA:    30s[>>>>>>>>>>>>>>>           ] 4775/7824, 101.0 task/s, elapsed: 47s, ETA:    30s[>>>>>>>>>>>>>>>           ] 4776/7824, 101.0 task/s, elapsed: 47s, ETA:    30s[>>>>>>>>>>>>>>>           ] 4777/7824, 101.0 task/s, elapsed: 47s, ETA:    30s[>>>>>>>>>>>>>>>           ] 4778/7824, 101.0 task/s, elapsed: 47s, ETA:    30s[>>>>>>>>>>>>>>>           ] 4779/7824, 101.0 task/s, elapsed: 47s, ETA:    30s[>>>>>>>>>>>>>>>           ] 4780/7824, 101.0 task/s, elapsed: 47s, ETA:    30s[>>>>>>>>>>>>>>>           ] 4781/7824, 101.0 task/s, elapsed: 47s, ETA:    30s[>>>>>>>>>>>>>>>           ] 4782/7824, 101.0 task/s, elapsed: 47s, ETA:    30s[>>>>>>>>>>>>>>>           ] 4783/7824, 101.0 task/s, elapsed: 47s, ETA:    30s[>>>>>>>>>>>>>>>           ] 4784/7824, 101.0 task/s, elapsed: 47s, ETA:    30s[>>>>>>>>>>>>>>>           ] 4785/7824, 101.0 task/s, elapsed: 47s, ETA:    30s[>>>>>>>>>>>>>>>           ] 4786/7824, 101.0 task/s, elapsed: 47s, ETA:    30s[>>>>>>>>>>>>>>>           ] 4787/7824, 101.0 task/s, elapsed: 47s, ETA:    30s[>>>>>>>>>>>>>>>           ] 4788/7824, 101.0 task/s, elapsed: 47s, ETA:    30s[>>>>>>>>>>>>>>>           ] 4789/7824, 101.0 task/s, elapsed: 47s, ETA:    30s[>>>>>>>>>>>>>>>           ] 4790/7824, 101.0 task/s, elapsed: 47s, ETA:    30s[>>>>>>>>>>>>>>>           ] 4791/7824, 101.1 task/s, elapsed: 47s, ETA:    30s[>>>>>>>>>>>>>>>           ] 4792/7824, 101.1 task/s, elapsed: 47s, ETA:    30s[>>>>>>>>>>>>>>>           ] 4793/7824, 101.1 task/s, elapsed: 47s, ETA:    30s[>>>>>>>>>>>>>>>           ] 4794/7824, 101.1 task/s, elapsed: 47s, ETA:    30s[>>>>>>>>>>>>>>>           ] 4795/7824, 101.1 task/s, elapsed: 47s, ETA:    30s[>>>>>>>>>>>>>>>           ] 4796/7824, 101.1 task/s, elapsed: 47s, ETA:    30s[>>>>>>>>>>>>>>>           ] 4797/7824, 101.1 task/s, elapsed: 47s, ETA:    30s[>>>>>>>>>>>>>>>           ] 4798/7824, 101.1 task/s, elapsed: 47s, ETA:    30s[>>>>>>>>>>>>>>>           ] 4799/7824, 101.1 task/s, elapsed: 47s, ETA:    30s[>>>>>>>>>>>>>>>           ] 4800/7824, 101.1 task/s, elapsed: 47s, ETA:    30s[>>>>>>>>>>>>>>>           ] 4801/7824, 101.1 task/s, elapsed: 47s, ETA:    30s[>>>>>>>>>>>>>>>           ] 4802/7824, 101.1 task/s, elapsed: 48s, ETA:    30s[>>>>>>>>>>>>>>>           ] 4803/7824, 101.1 task/s, elapsed: 48s, ETA:    30s[>>>>>>>>>>>>>>>           ] 4804/7824, 101.1 task/s, elapsed: 48s, ETA:    30s[>>>>>>>>>>>>>>>           ] 4805/7824, 101.1 task/s, elapsed: 48s, ETA:    30s[>>>>>>>>>>>>>>>           ] 4806/7824, 101.1 task/s, elapsed: 48s, ETA:    30s[>>>>>>>>>>>>>>>           ] 4807/7824, 101.1 task/s, elapsed: 48s, ETA:    30s[>>>>>>>>>>>>>>>           ] 4808/7824, 101.1 task/s, elapsed: 48s, ETA:    30s[>>>>>>>>>>>>>>>           ] 4809/7824, 101.1 task/s, elapsed: 48s, ETA:    30s[>>>>>>>>>>>>>>>           ] 4810/7824, 101.1 task/s, elapsed: 48s, ETA:    30s[>>>>>>>>>>>>>>>           ] 4811/7824, 101.1 task/s, elapsed: 48s, ETA:    30s[>>>>>>>>>>>>>>>           ] 4812/7824, 101.1 task/s, elapsed: 48s, ETA:    30s[>>>>>>>>>>>>>>>           ] 4813/7824, 101.1 task/s, elapsed: 48s, ETA:    30s[>>>>>>>>>>>>>>>           ] 4814/7824, 101.1 task/s, elapsed: 48s, ETA:    30s[>>>>>>>>>>>>>>>>          ] 4815/7824, 101.1 task/s, elapsed: 48s, ETA:    30s[>>>>>>>>>>>>>>>>          ] 4816/7824, 101.1 task/s, elapsed: 48s, ETA:    30s[>>>>>>>>>>>>>>>>          ] 4817/7824, 101.1 task/s, elapsed: 48s, ETA:    30s[>>>>>>>>>>>>>>>>          ] 4818/7824, 101.1 task/s, elapsed: 48s, ETA:    30s[>>>>>>>>>>>>>>>>          ] 4819/7824, 101.1 task/s, elapsed: 48s, ETA:    30s[>>>>>>>>>>>>>>>>          ] 4820/7824, 101.1 task/s, elapsed: 48s, ETA:    30s[>>>>>>>>>>>>>>>>          ] 4821/7824, 101.1 task/s, elapsed: 48s, ETA:    30s[>>>>>>>>>>>>>>>>          ] 4822/7824, 101.1 task/s, elapsed: 48s, ETA:    30s[>>>>>>>>>>>>>>>>          ] 4823/7824, 101.1 task/s, elapsed: 48s, ETA:    30s[>>>>>>>>>>>>>>>>          ] 4824/7824, 101.1 task/s, elapsed: 48s, ETA:    30s[>>>>>>>>>>>>>>>>          ] 4825/7824, 101.1 task/s, elapsed: 48s, ETA:    30s[>>>>>>>>>>>>>>>>          ] 4826/7824, 101.1 task/s, elapsed: 48s, ETA:    30s[>>>>>>>>>>>>>>>>          ] 4827/7824, 101.2 task/s, elapsed: 48s, ETA:    30s[>>>>>>>>>>>>>>>>          ] 4828/7824, 101.2 task/s, elapsed: 48s, ETA:    30s[>>>>>>>>>>>>>>>>          ] 4829/7824, 101.2 task/s, elapsed: 48s, ETA:    30s[>>>>>>>>>>>>>>>>          ] 4830/7824, 101.2 task/s, elapsed: 48s, ETA:    30s[>>>>>>>>>>>>>>>>          ] 4831/7824, 101.2 task/s, elapsed: 48s, ETA:    30s[>>>>>>>>>>>>>>>>          ] 4832/7824, 101.2 task/s, elapsed: 48s, ETA:    30s[>>>>>>>>>>>>>>>>          ] 4833/7824, 101.2 task/s, elapsed: 48s, ETA:    30s[>>>>>>>>>>>>>>>>          ] 4834/7824, 101.2 task/s, elapsed: 48s, ETA:    30s[>>>>>>>>>>>>>>>>          ] 4835/7824, 101.2 task/s, elapsed: 48s, ETA:    30s[>>>>>>>>>>>>>>>>          ] 4836/7824, 101.2 task/s, elapsed: 48s, ETA:    30s[>>>>>>>>>>>>>>>>          ] 4837/7824, 101.2 task/s, elapsed: 48s, ETA:    30s[>>>>>>>>>>>>>>>>          ] 4838/7824, 101.2 task/s, elapsed: 48s, ETA:    30s[>>>>>>>>>>>>>>>>          ] 4839/7824, 101.2 task/s, elapsed: 48s, ETA:    30s[>>>>>>>>>>>>>>>>          ] 4840/7824, 101.2 task/s, elapsed: 48s, ETA:    29s[>>>>>>>>>>>>>>>>          ] 4841/7824, 101.2 task/s, elapsed: 48s, ETA:    29s[>>>>>>>>>>>>>>>>          ] 4842/7824, 101.2 task/s, elapsed: 48s, ETA:    29s[>>>>>>>>>>>>>>>>          ] 4843/7824, 101.2 task/s, elapsed: 48s, ETA:    29s[>>>>>>>>>>>>>>>>          ] 4844/7824, 101.2 task/s, elapsed: 48s, ETA:    29s[>>>>>>>>>>>>>>>>          ] 4845/7824, 101.2 task/s, elapsed: 48s, ETA:    29s[>>>>>>>>>>>>>>>>          ] 4846/7824, 101.2 task/s, elapsed: 48s, ETA:    29s[>>>>>>>>>>>>>>>>          ] 4847/7824, 101.2 task/s, elapsed: 48s, ETA:    29s[>>>>>>>>>>>>>>>>          ] 4848/7824, 101.2 task/s, elapsed: 48s, ETA:    29s[>>>>>>>>>>>>>>>>          ] 4849/7824, 101.2 task/s, elapsed: 48s, ETA:    29s[>>>>>>>>>>>>>>>>          ] 4850/7824, 101.2 task/s, elapsed: 48s, ETA:    29s[>>>>>>>>>>>>>>>>          ] 4851/7824, 101.2 task/s, elapsed: 48s, ETA:    29s[>>>>>>>>>>>>>>>>          ] 4852/7824, 101.2 task/s, elapsed: 48s, ETA:    29s[>>>>>>>>>>>>>>>>          ] 4853/7824, 101.2 task/s, elapsed: 48s, ETA:    29s[>>>>>>>>>>>>>>>>          ] 4854/7824, 101.2 task/s, elapsed: 48s, ETA:    29s[>>>>>>>>>>>>>>>>          ] 4855/7824, 101.2 task/s, elapsed: 48s, ETA:    29s[>>>>>>>>>>>>>>>>          ] 4856/7824, 101.2 task/s, elapsed: 48s, ETA:    29s[>>>>>>>>>>>>>>>>          ] 4857/7824, 101.2 task/s, elapsed: 48s, ETA:    29s[>>>>>>>>>>>>>>>>          ] 4858/7824, 101.2 task/s, elapsed: 48s, ETA:    29s[>>>>>>>>>>>>>>>>          ] 4859/7824, 101.2 task/s, elapsed: 48s, ETA:    29s[>>>>>>>>>>>>>>>>          ] 4860/7824, 101.2 task/s, elapsed: 48s, ETA:    29s[>>>>>>>>>>>>>>>>          ] 4861/7824, 101.2 task/s, elapsed: 48s, ETA:    29s[>>>>>>>>>>>>>>>>          ] 4862/7824, 101.2 task/s, elapsed: 48s, ETA:    29s[>>>>>>>>>>>>>>>>          ] 4863/7824, 101.2 task/s, elapsed: 48s, ETA:    29s[>>>>>>>>>>>>>>>>          ] 4864/7824, 101.2 task/s, elapsed: 48s, ETA:    29s[>>>>>>>>>>>>>>>>          ] 4865/7824, 101.2 task/s, elapsed: 48s, ETA:    29s[>>>>>>>>>>>>>>>>          ] 4866/7824, 101.2 task/s, elapsed: 48s, ETA:    29s[>>>>>>>>>>>>>>>>          ] 4867/7824, 101.2 task/s, elapsed: 48s, ETA:    29s[>>>>>>>>>>>>>>>>          ] 4868/7824, 101.2 task/s, elapsed: 48s, ETA:    29s[>>>>>>>>>>>>>>>>          ] 4869/7824, 101.2 task/s, elapsed: 48s, ETA:    29s[>>>>>>>>>>>>>>>>          ] 4870/7824, 101.2 task/s, elapsed: 48s, ETA:    29s[>>>>>>>>>>>>>>>>          ] 4871/7824, 101.2 task/s, elapsed: 48s, ETA:    29s[>>>>>>>>>>>>>>>>          ] 4872/7824, 101.2 task/s, elapsed: 48s, ETA:    29s[>>>>>>>>>>>>>>>>          ] 4873/7824, 101.2 task/s, elapsed: 48s, ETA:    29s[>>>>>>>>>>>>>>>>          ] 4874/7824, 101.2 task/s, elapsed: 48s, ETA:    29s[>>>>>>>>>>>>>>>>          ] 4875/7824, 101.2 task/s, elapsed: 48s, ETA:    29s[>>>>>>>>>>>>>>>>          ] 4876/7824, 101.2 task/s, elapsed: 48s, ETA:    29s[>>>>>>>>>>>>>>>>          ] 4877/7824, 101.2 task/s, elapsed: 48s, ETA:    29s[>>>>>>>>>>>>>>>>          ] 4878/7824, 101.2 task/s, elapsed: 48s, ETA:    29s[>>>>>>>>>>>>>>>>          ] 4879/7824, 101.3 task/s, elapsed: 48s, ETA:    29s[>>>>>>>>>>>>>>>>          ] 4880/7824, 101.3 task/s, elapsed: 48s, ETA:    29s[>>>>>>>>>>>>>>>>          ] 4881/7824, 101.3 task/s, elapsed: 48s, ETA:    29s[>>>>>>>>>>>>>>>>          ] 4882/7824, 101.3 task/s, elapsed: 48s, ETA:    29s[>>>>>>>>>>>>>>>>          ] 4883/7824, 101.3 task/s, elapsed: 48s, ETA:    29s[>>>>>>>>>>>>>>>>          ] 4884/7824, 101.3 task/s, elapsed: 48s, ETA:    29s[>>>>>>>>>>>>>>>>          ] 4885/7824, 101.3 task/s, elapsed: 48s, ETA:    29s[>>>>>>>>>>>>>>>>          ] 4886/7824, 101.3 task/s, elapsed: 48s, ETA:    29s[>>>>>>>>>>>>>>>>          ] 4887/7824, 101.3 task/s, elapsed: 48s, ETA:    29s[>>>>>>>>>>>>>>>>          ] 4888/7824, 101.3 task/s, elapsed: 48s, ETA:    29s[>>>>>>>>>>>>>>>>          ] 4889/7824, 101.3 task/s, elapsed: 48s, ETA:    29s[>>>>>>>>>>>>>>>>          ] 4890/7824, 101.3 task/s, elapsed: 48s, ETA:    29s[>>>>>>>>>>>>>>>>          ] 4891/7824, 101.3 task/s, elapsed: 48s, ETA:    29s[>>>>>>>>>>>>>>>>          ] 4892/7824, 101.3 task/s, elapsed: 48s, ETA:    29s[>>>>>>>>>>>>>>>>          ] 4893/7824, 101.3 task/s, elapsed: 48s, ETA:    29s[>>>>>>>>>>>>>>>>          ] 4894/7824, 101.3 task/s, elapsed: 48s, ETA:    29s[>>>>>>>>>>>>>>>>          ] 4895/7824, 101.3 task/s, elapsed: 48s, ETA:    29s[>>>>>>>>>>>>>>>>          ] 4896/7824, 101.3 task/s, elapsed: 48s, ETA:    29s[>>>>>>>>>>>>>>>>          ] 4897/7824, 101.3 task/s, elapsed: 48s, ETA:    29s[>>>>>>>>>>>>>>>>          ] 4898/7824, 101.3 task/s, elapsed: 48s, ETA:    29s[>>>>>>>>>>>>>>>>          ] 4899/7824, 101.3 task/s, elapsed: 48s, ETA:    29s[>>>>>>>>>>>>>>>>          ] 4900/7824, 101.3 task/s, elapsed: 48s, ETA:    29s[>>>>>>>>>>>>>>>>          ] 4901/7824, 101.3 task/s, elapsed: 48s, ETA:    29s[>>>>>>>>>>>>>>>>          ] 4902/7824, 101.3 task/s, elapsed: 48s, ETA:    29s[>>>>>>>>>>>>>>>>          ] 4903/7824, 101.3 task/s, elapsed: 48s, ETA:    29s[>>>>>>>>>>>>>>>>          ] 4904/7824, 101.3 task/s, elapsed: 48s, ETA:    29s[>>>>>>>>>>>>>>>>          ] 4905/7824, 101.3 task/s, elapsed: 48s, ETA:    29s[>>>>>>>>>>>>>>>>          ] 4906/7824, 101.3 task/s, elapsed: 48s, ETA:    29s[>>>>>>>>>>>>>>>>          ] 4907/7824, 101.3 task/s, elapsed: 48s, ETA:    29s[>>>>>>>>>>>>>>>>          ] 4908/7824, 101.3 task/s, elapsed: 48s, ETA:    29s[>>>>>>>>>>>>>>>>          ] 4909/7824, 101.3 task/s, elapsed: 48s, ETA:    29s[>>>>>>>>>>>>>>>>          ] 4910/7824, 101.3 task/s, elapsed: 48s, ETA:    29s[>>>>>>>>>>>>>>>>          ] 4911/7824, 101.3 task/s, elapsed: 48s, ETA:    29s[>>>>>>>>>>>>>>>>          ] 4912/7824, 101.3 task/s, elapsed: 48s, ETA:    29s[>>>>>>>>>>>>>>>>          ] 4913/7824, 101.3 task/s, elapsed: 48s, ETA:    29s[>>>>>>>>>>>>>>>>          ] 4914/7824, 101.3 task/s, elapsed: 48s, ETA:    29s[>>>>>>>>>>>>>>>>          ] 4915/7824, 101.3 task/s, elapsed: 48s, ETA:    29s[>>>>>>>>>>>>>>>>          ] 4916/7824, 101.3 task/s, elapsed: 49s, ETA:    29s[>>>>>>>>>>>>>>>>          ] 4917/7824, 101.3 task/s, elapsed: 49s, ETA:    29s[>>>>>>>>>>>>>>>>          ] 4918/7824, 101.3 task/s, elapsed: 49s, ETA:    29s[>>>>>>>>>>>>>>>>          ] 4919/7824, 101.3 task/s, elapsed: 49s, ETA:    29s[>>>>>>>>>>>>>>>>          ] 4920/7824, 101.3 task/s, elapsed: 49s, ETA:    29s[>>>>>>>>>>>>>>>>          ] 4921/7824, 101.4 task/s, elapsed: 49s, ETA:    29s[>>>>>>>>>>>>>>>>          ] 4922/7824, 101.4 task/s, elapsed: 49s, ETA:    29s[>>>>>>>>>>>>>>>>          ] 4923/7824, 101.4 task/s, elapsed: 49s, ETA:    29s[>>>>>>>>>>>>>>>>          ] 4924/7824, 101.4 task/s, elapsed: 49s, ETA:    29s[>>>>>>>>>>>>>>>>          ] 4925/7824, 101.4 task/s, elapsed: 49s, ETA:    29s[>>>>>>>>>>>>>>>>          ] 4926/7824, 101.4 task/s, elapsed: 49s, ETA:    29s[>>>>>>>>>>>>>>>>          ] 4927/7824, 101.4 task/s, elapsed: 49s, ETA:    29s[>>>>>>>>>>>>>>>>          ] 4928/7824, 101.4 task/s, elapsed: 49s, ETA:    29s[>>>>>>>>>>>>>>>>          ] 4929/7824, 101.4 task/s, elapsed: 49s, ETA:    29s[>>>>>>>>>>>>>>>>          ] 4930/7824, 101.4 task/s, elapsed: 49s, ETA:    29s[>>>>>>>>>>>>>>>>          ] 4931/7824, 101.4 task/s, elapsed: 49s, ETA:    29s[>>>>>>>>>>>>>>>>          ] 4932/7824, 101.4 task/s, elapsed: 49s, ETA:    29s[>>>>>>>>>>>>>>>>          ] 4933/7824, 101.4 task/s, elapsed: 49s, ETA:    29s[>>>>>>>>>>>>>>>>          ] 4934/7824, 101.4 task/s, elapsed: 49s, ETA:    29s[>>>>>>>>>>>>>>>>          ] 4935/7824, 101.4 task/s, elapsed: 49s, ETA:    28s[>>>>>>>>>>>>>>>>          ] 4936/7824, 101.4 task/s, elapsed: 49s, ETA:    28s[>>>>>>>>>>>>>>>>          ] 4937/7824, 101.4 task/s, elapsed: 49s, ETA:    28s[>>>>>>>>>>>>>>>>          ] 4938/7824, 101.4 task/s, elapsed: 49s, ETA:    28s[>>>>>>>>>>>>>>>>          ] 4939/7824, 101.4 task/s, elapsed: 49s, ETA:    28s[>>>>>>>>>>>>>>>>          ] 4940/7824, 101.4 task/s, elapsed: 49s, ETA:    28s[>>>>>>>>>>>>>>>>          ] 4941/7824, 101.4 task/s, elapsed: 49s, ETA:    28s[>>>>>>>>>>>>>>>>          ] 4942/7824, 101.4 task/s, elapsed: 49s, ETA:    28s[>>>>>>>>>>>>>>>>          ] 4943/7824, 101.4 task/s, elapsed: 49s, ETA:    28s[>>>>>>>>>>>>>>>>          ] 4944/7824, 101.4 task/s, elapsed: 49s, ETA:    28s[>>>>>>>>>>>>>>>>          ] 4945/7824, 101.4 task/s, elapsed: 49s, ETA:    28s[>>>>>>>>>>>>>>>>          ] 4946/7824, 101.4 task/s, elapsed: 49s, ETA:    28s[>>>>>>>>>>>>>>>>          ] 4947/7824, 101.4 task/s, elapsed: 49s, ETA:    28s[>>>>>>>>>>>>>>>>          ] 4948/7824, 101.4 task/s, elapsed: 49s, ETA:    28s[>>>>>>>>>>>>>>>>          ] 4949/7824, 101.4 task/s, elapsed: 49s, ETA:    28s[>>>>>>>>>>>>>>>>          ] 4950/7824, 101.4 task/s, elapsed: 49s, ETA:    28s[>>>>>>>>>>>>>>>>          ] 4951/7824, 101.4 task/s, elapsed: 49s, ETA:    28s[>>>>>>>>>>>>>>>>          ] 4952/7824, 101.4 task/s, elapsed: 49s, ETA:    28s[>>>>>>>>>>>>>>>>          ] 4953/7824, 101.4 task/s, elapsed: 49s, ETA:    28s[>>>>>>>>>>>>>>>>          ] 4954/7824, 101.4 task/s, elapsed: 49s, ETA:    28s[>>>>>>>>>>>>>>>>          ] 4955/7824, 101.4 task/s, elapsed: 49s, ETA:    28s[>>>>>>>>>>>>>>>>          ] 4956/7824, 101.4 task/s, elapsed: 49s, ETA:    28s[>>>>>>>>>>>>>>>>          ] 4957/7824, 101.4 task/s, elapsed: 49s, ETA:    28s[>>>>>>>>>>>>>>>>          ] 4958/7824, 101.4 task/s, elapsed: 49s, ETA:    28s[>>>>>>>>>>>>>>>>          ] 4959/7824, 101.4 task/s, elapsed: 49s, ETA:    28s[>>>>>>>>>>>>>>>>          ] 4960/7824, 101.4 task/s, elapsed: 49s, ETA:    28s[>>>>>>>>>>>>>>>>          ] 4961/7824, 101.4 task/s, elapsed: 49s, ETA:    28s[>>>>>>>>>>>>>>>>          ] 4962/7824, 101.4 task/s, elapsed: 49s, ETA:    28s[>>>>>>>>>>>>>>>>          ] 4963/7824, 101.4 task/s, elapsed: 49s, ETA:    28s[>>>>>>>>>>>>>>>>          ] 4964/7824, 101.4 task/s, elapsed: 49s, ETA:    28s[>>>>>>>>>>>>>>>>          ] 4965/7824, 101.5 task/s, elapsed: 49s, ETA:    28s[>>>>>>>>>>>>>>>>          ] 4966/7824, 101.5 task/s, elapsed: 49s, ETA:    28s[>>>>>>>>>>>>>>>>          ] 4967/7824, 101.5 task/s, elapsed: 49s, ETA:    28s[>>>>>>>>>>>>>>>>          ] 4968/7824, 101.5 task/s, elapsed: 49s, ETA:    28s[>>>>>>>>>>>>>>>>          ] 4969/7824, 101.5 task/s, elapsed: 49s, ETA:    28s[>>>>>>>>>>>>>>>>          ] 4970/7824, 101.5 task/s, elapsed: 49s, ETA:    28s[>>>>>>>>>>>>>>>>          ] 4971/7824, 101.5 task/s, elapsed: 49s, ETA:    28s[>>>>>>>>>>>>>>>>          ] 4972/7824, 101.5 task/s, elapsed: 49s, ETA:    28s[>>>>>>>>>>>>>>>>          ] 4973/7824, 101.5 task/s, elapsed: 49s, ETA:    28s[>>>>>>>>>>>>>>>>          ] 4974/7824, 101.5 task/s, elapsed: 49s, ETA:    28s[>>>>>>>>>>>>>>>>          ] 4975/7824, 101.5 task/s, elapsed: 49s, ETA:    28s[>>>>>>>>>>>>>>>>          ] 4976/7824, 101.5 task/s, elapsed: 49s, ETA:    28s[>>>>>>>>>>>>>>>>          ] 4977/7824, 101.5 task/s, elapsed: 49s, ETA:    28s[>>>>>>>>>>>>>>>>          ] 4978/7824, 101.5 task/s, elapsed: 49s, ETA:    28s[>>>>>>>>>>>>>>>>          ] 4979/7824, 101.5 task/s, elapsed: 49s, ETA:    28s[>>>>>>>>>>>>>>>>          ] 4980/7824, 101.5 task/s, elapsed: 49s, ETA:    28s[>>>>>>>>>>>>>>>>          ] 4981/7824, 101.5 task/s, elapsed: 49s, ETA:    28s[>>>>>>>>>>>>>>>>          ] 4982/7824, 101.5 task/s, elapsed: 49s, ETA:    28s[>>>>>>>>>>>>>>>>          ] 4983/7824, 101.5 task/s, elapsed: 49s, ETA:    28s[>>>>>>>>>>>>>>>>          ] 4984/7824, 101.5 task/s, elapsed: 49s, ETA:    28s[>>>>>>>>>>>>>>>>          ] 4985/7824, 101.5 task/s, elapsed: 49s, ETA:    28s[>>>>>>>>>>>>>>>>          ] 4986/7824, 101.5 task/s, elapsed: 49s, ETA:    28s[>>>>>>>>>>>>>>>>          ] 4987/7824, 101.5 task/s, elapsed: 49s, ETA:    28s[>>>>>>>>>>>>>>>>          ] 4988/7824, 101.5 task/s, elapsed: 49s, ETA:    28s[>>>>>>>>>>>>>>>>          ] 4989/7824, 101.5 task/s, elapsed: 49s, ETA:    28s[>>>>>>>>>>>>>>>>          ] 4990/7824, 101.5 task/s, elapsed: 49s, ETA:    28s[>>>>>>>>>>>>>>>>          ] 4991/7824, 101.5 task/s, elapsed: 49s, ETA:    28s[>>>>>>>>>>>>>>>>          ] 4992/7824, 101.5 task/s, elapsed: 49s, ETA:    28s[>>>>>>>>>>>>>>>>          ] 4993/7824, 101.5 task/s, elapsed: 49s, ETA:    28s[>>>>>>>>>>>>>>>>          ] 4994/7824, 101.5 task/s, elapsed: 49s, ETA:    28s[>>>>>>>>>>>>>>>>          ] 4995/7824, 101.5 task/s, elapsed: 49s, ETA:    28s[>>>>>>>>>>>>>>>>          ] 4996/7824, 101.5 task/s, elapsed: 49s, ETA:    28s[>>>>>>>>>>>>>>>>          ] 4997/7824, 101.5 task/s, elapsed: 49s, ETA:    28s[>>>>>>>>>>>>>>>>          ] 4998/7824, 101.5 task/s, elapsed: 49s, ETA:    28s[>>>>>>>>>>>>>>>>          ] 4999/7824, 101.5 task/s, elapsed: 49s, ETA:    28s[>>>>>>>>>>>>>>>>          ] 5000/7824, 101.5 task/s, elapsed: 49s, ETA:    28s[>>>>>>>>>>>>>>>>          ] 5001/7824, 101.5 task/s, elapsed: 49s, ETA:    28s[>>>>>>>>>>>>>>>>          ] 5002/7824, 101.5 task/s, elapsed: 49s, ETA:    28s[>>>>>>>>>>>>>>>>          ] 5003/7824, 101.5 task/s, elapsed: 49s, ETA:    28s[>>>>>>>>>>>>>>>>          ] 5004/7824, 101.5 task/s, elapsed: 49s, ETA:    28s[>>>>>>>>>>>>>>>>          ] 5005/7824, 101.5 task/s, elapsed: 49s, ETA:    28s[>>>>>>>>>>>>>>>>          ] 5006/7824, 101.5 task/s, elapsed: 49s, ETA:    28s[>>>>>>>>>>>>>>>>          ] 5007/7824, 101.5 task/s, elapsed: 49s, ETA:    28s[>>>>>>>>>>>>>>>>          ] 5008/7824, 101.5 task/s, elapsed: 49s, ETA:    28s[>>>>>>>>>>>>>>>>          ] 5009/7824, 101.5 task/s, elapsed: 49s, ETA:    28s[>>>>>>>>>>>>>>>>          ] 5010/7824, 101.5 task/s, elapsed: 49s, ETA:    28s[>>>>>>>>>>>>>>>>          ] 5011/7824, 101.5 task/s, elapsed: 49s, ETA:    28s[>>>>>>>>>>>>>>>>          ] 5012/7824, 101.5 task/s, elapsed: 49s, ETA:    28s[>>>>>>>>>>>>>>>>          ] 5013/7824, 101.5 task/s, elapsed: 49s, ETA:    28s[>>>>>>>>>>>>>>>>          ] 5014/7824, 101.5 task/s, elapsed: 49s, ETA:    28s[>>>>>>>>>>>>>>>>          ] 5015/7824, 101.6 task/s, elapsed: 49s, ETA:    28s[>>>>>>>>>>>>>>>>          ] 5016/7824, 101.6 task/s, elapsed: 49s, ETA:    28s[>>>>>>>>>>>>>>>>          ] 5017/7824, 101.6 task/s, elapsed: 49s, ETA:    28s[>>>>>>>>>>>>>>>>          ] 5018/7824, 101.6 task/s, elapsed: 49s, ETA:    28s[>>>>>>>>>>>>>>>>          ] 5019/7824, 101.6 task/s, elapsed: 49s, ETA:    28s[>>>>>>>>>>>>>>>>          ] 5020/7824, 101.6 task/s, elapsed: 49s, ETA:    28s[>>>>>>>>>>>>>>>>          ] 5021/7824, 101.6 task/s, elapsed: 49s, ETA:    28s[>>>>>>>>>>>>>>>>          ] 5022/7824, 101.6 task/s, elapsed: 49s, ETA:    28s[>>>>>>>>>>>>>>>>          ] 5023/7824, 101.6 task/s, elapsed: 49s, ETA:    28s[>>>>>>>>>>>>>>>>          ] 5024/7824, 101.6 task/s, elapsed: 49s, ETA:    28s[>>>>>>>>>>>>>>>>          ] 5025/7824, 101.6 task/s, elapsed: 49s, ETA:    28s[>>>>>>>>>>>>>>>>          ] 5026/7824, 101.6 task/s, elapsed: 49s, ETA:    28s[>>>>>>>>>>>>>>>>          ] 5027/7824, 101.6 task/s, elapsed: 49s, ETA:    28s[>>>>>>>>>>>>>>>>          ] 5028/7824, 101.6 task/s, elapsed: 49s, ETA:    28s[>>>>>>>>>>>>>>>>          ] 5029/7824, 101.6 task/s, elapsed: 50s, ETA:    28s[>>>>>>>>>>>>>>>>          ] 5030/7824, 101.6 task/s, elapsed: 50s, ETA:    28s[>>>>>>>>>>>>>>>>          ] 5031/7824, 101.6 task/s, elapsed: 50s, ETA:    27s[>>>>>>>>>>>>>>>>          ] 5032/7824, 101.6 task/s, elapsed: 50s, ETA:    27s[>>>>>>>>>>>>>>>>          ] 5033/7824, 101.6 task/s, elapsed: 50s, ETA:    27s[>>>>>>>>>>>>>>>>          ] 5034/7824, 101.6 task/s, elapsed: 50s, ETA:    27s[>>>>>>>>>>>>>>>>          ] 5035/7824, 101.6 task/s, elapsed: 50s, ETA:    27s[>>>>>>>>>>>>>>>>          ] 5036/7824, 101.6 task/s, elapsed: 50s, ETA:    27s[>>>>>>>>>>>>>>>>          ] 5037/7824, 101.6 task/s, elapsed: 50s, ETA:    27s[>>>>>>>>>>>>>>>>          ] 5038/7824, 101.6 task/s, elapsed: 50s, ETA:    27s[>>>>>>>>>>>>>>>>          ] 5039/7824, 101.6 task/s, elapsed: 50s, ETA:    27s[>>>>>>>>>>>>>>>>          ] 5040/7824, 101.6 task/s, elapsed: 50s, ETA:    27s[>>>>>>>>>>>>>>>>          ] 5041/7824, 101.6 task/s, elapsed: 50s, ETA:    27s[>>>>>>>>>>>>>>>>          ] 5042/7824, 101.6 task/s, elapsed: 50s, ETA:    27s[>>>>>>>>>>>>>>>>          ] 5043/7824, 101.6 task/s, elapsed: 50s, ETA:    27s[>>>>>>>>>>>>>>>>          ] 5044/7824, 101.6 task/s, elapsed: 50s, ETA:    27s[>>>>>>>>>>>>>>>>          ] 5045/7824, 101.6 task/s, elapsed: 50s, ETA:    27s[>>>>>>>>>>>>>>>>          ] 5046/7824, 101.6 task/s, elapsed: 50s, ETA:    27s[>>>>>>>>>>>>>>>>          ] 5047/7824, 101.6 task/s, elapsed: 50s, ETA:    27s[>>>>>>>>>>>>>>>>          ] 5048/7824, 101.6 task/s, elapsed: 50s, ETA:    27s[>>>>>>>>>>>>>>>>          ] 5049/7824, 101.6 task/s, elapsed: 50s, ETA:    27s[>>>>>>>>>>>>>>>>          ] 5050/7824, 101.6 task/s, elapsed: 50s, ETA:    27s[>>>>>>>>>>>>>>>>          ] 5051/7824, 101.6 task/s, elapsed: 50s, ETA:    27s[>>>>>>>>>>>>>>>>          ] 5052/7824, 101.6 task/s, elapsed: 50s, ETA:    27s[>>>>>>>>>>>>>>>>          ] 5053/7824, 101.6 task/s, elapsed: 50s, ETA:    27s[>>>>>>>>>>>>>>>>          ] 5054/7824, 101.6 task/s, elapsed: 50s, ETA:    27s[>>>>>>>>>>>>>>>>          ] 5055/7824, 101.7 task/s, elapsed: 50s, ETA:    27s[>>>>>>>>>>>>>>>>          ] 5056/7824, 101.7 task/s, elapsed: 50s, ETA:    27s[>>>>>>>>>>>>>>>>          ] 5057/7824, 101.7 task/s, elapsed: 50s, ETA:    27s[>>>>>>>>>>>>>>>>          ] 5058/7824, 101.7 task/s, elapsed: 50s, ETA:    27s[>>>>>>>>>>>>>>>>          ] 5059/7824, 101.7 task/s, elapsed: 50s, ETA:    27s[>>>>>>>>>>>>>>>>          ] 5060/7824, 101.7 task/s, elapsed: 50s, ETA:    27s[>>>>>>>>>>>>>>>>          ] 5061/7824, 101.7 task/s, elapsed: 50s, ETA:    27s[>>>>>>>>>>>>>>>>          ] 5062/7824, 101.7 task/s, elapsed: 50s, ETA:    27s[>>>>>>>>>>>>>>>>          ] 5063/7824, 101.7 task/s, elapsed: 50s, ETA:    27s[>>>>>>>>>>>>>>>>          ] 5064/7824, 101.7 task/s, elapsed: 50s, ETA:    27s[>>>>>>>>>>>>>>>>          ] 5065/7824, 101.7 task/s, elapsed: 50s, ETA:    27s[>>>>>>>>>>>>>>>>          ] 5066/7824, 101.7 task/s, elapsed: 50s, ETA:    27s[>>>>>>>>>>>>>>>>          ] 5067/7824, 101.7 task/s, elapsed: 50s, ETA:    27s[>>>>>>>>>>>>>>>>          ] 5068/7824, 101.7 task/s, elapsed: 50s, ETA:    27s[>>>>>>>>>>>>>>>>          ] 5069/7824, 101.7 task/s, elapsed: 50s, ETA:    27s[>>>>>>>>>>>>>>>>          ] 5070/7824, 101.7 task/s, elapsed: 50s, ETA:    27s[>>>>>>>>>>>>>>>>          ] 5071/7824, 101.7 task/s, elapsed: 50s, ETA:    27s[>>>>>>>>>>>>>>>>          ] 5072/7824, 101.7 task/s, elapsed: 50s, ETA:    27s[>>>>>>>>>>>>>>>>          ] 5073/7824, 101.7 task/s, elapsed: 50s, ETA:    27s[>>>>>>>>>>>>>>>>          ] 5074/7824, 101.7 task/s, elapsed: 50s, ETA:    27s[>>>>>>>>>>>>>>>>          ] 5075/7824, 101.7 task/s, elapsed: 50s, ETA:    27s[>>>>>>>>>>>>>>>>          ] 5076/7824, 101.7 task/s, elapsed: 50s, ETA:    27s[>>>>>>>>>>>>>>>>          ] 5077/7824, 101.7 task/s, elapsed: 50s, ETA:    27s[>>>>>>>>>>>>>>>>          ] 5078/7824, 101.7 task/s, elapsed: 50s, ETA:    27s[>>>>>>>>>>>>>>>>          ] 5079/7824, 101.7 task/s, elapsed: 50s, ETA:    27s[>>>>>>>>>>>>>>>>          ] 5080/7824, 101.7 task/s, elapsed: 50s, ETA:    27s[>>>>>>>>>>>>>>>>          ] 5081/7824, 101.7 task/s, elapsed: 50s, ETA:    27s[>>>>>>>>>>>>>>>>          ] 5082/7824, 101.7 task/s, elapsed: 50s, ETA:    27s[>>>>>>>>>>>>>>>>          ] 5083/7824, 101.7 task/s, elapsed: 50s, ETA:    27s[>>>>>>>>>>>>>>>>          ] 5084/7824, 101.7 task/s, elapsed: 50s, ETA:    27s[>>>>>>>>>>>>>>>>          ] 5085/7824, 101.7 task/s, elapsed: 50s, ETA:    27s[>>>>>>>>>>>>>>>>          ] 5086/7824, 101.7 task/s, elapsed: 50s, ETA:    27s[>>>>>>>>>>>>>>>>          ] 5087/7824, 101.7 task/s, elapsed: 50s, ETA:    27s[>>>>>>>>>>>>>>>>          ] 5088/7824, 101.7 task/s, elapsed: 50s, ETA:    27s[>>>>>>>>>>>>>>>>          ] 5089/7824, 101.7 task/s, elapsed: 50s, ETA:    27s[>>>>>>>>>>>>>>>>          ] 5090/7824, 101.7 task/s, elapsed: 50s, ETA:    27s[>>>>>>>>>>>>>>>>          ] 5091/7824, 101.7 task/s, elapsed: 50s, ETA:    27s[>>>>>>>>>>>>>>>>          ] 5092/7824, 101.7 task/s, elapsed: 50s, ETA:    27s[>>>>>>>>>>>>>>>>          ] 5093/7824, 101.7 task/s, elapsed: 50s, ETA:    27s[>>>>>>>>>>>>>>>>          ] 5094/7824, 101.7 task/s, elapsed: 50s, ETA:    27s[>>>>>>>>>>>>>>>>          ] 5095/7824, 101.7 task/s, elapsed: 50s, ETA:    27s[>>>>>>>>>>>>>>>>          ] 5096/7824, 101.7 task/s, elapsed: 50s, ETA:    27s[>>>>>>>>>>>>>>>>          ] 5097/7824, 101.7 task/s, elapsed: 50s, ETA:    27s[>>>>>>>>>>>>>>>>          ] 5098/7824, 101.7 task/s, elapsed: 50s, ETA:    27s[>>>>>>>>>>>>>>>>          ] 5099/7824, 101.7 task/s, elapsed: 50s, ETA:    27s[>>>>>>>>>>>>>>>>          ] 5100/7824, 101.7 task/s, elapsed: 50s, ETA:    27s[>>>>>>>>>>>>>>>>          ] 5101/7824, 101.7 task/s, elapsed: 50s, ETA:    27s[>>>>>>>>>>>>>>>>          ] 5102/7824, 101.7 task/s, elapsed: 50s, ETA:    27s[>>>>>>>>>>>>>>>>          ] 5103/7824, 101.7 task/s, elapsed: 50s, ETA:    27s[>>>>>>>>>>>>>>>>          ] 5104/7824, 101.8 task/s, elapsed: 50s, ETA:    27s[>>>>>>>>>>>>>>>>          ] 5105/7824, 101.8 task/s, elapsed: 50s, ETA:    27s[>>>>>>>>>>>>>>>>          ] 5106/7824, 101.8 task/s, elapsed: 50s, ETA:    27s[>>>>>>>>>>>>>>>>          ] 5107/7824, 101.8 task/s, elapsed: 50s, ETA:    27s[>>>>>>>>>>>>>>>>          ] 5108/7824, 101.8 task/s, elapsed: 50s, ETA:    27s[>>>>>>>>>>>>>>>>          ] 5109/7824, 101.8 task/s, elapsed: 50s, ETA:    27s[>>>>>>>>>>>>>>>>          ] 5110/7824, 101.8 task/s, elapsed: 50s, ETA:    27s[>>>>>>>>>>>>>>>>          ] 5111/7824, 101.8 task/s, elapsed: 50s, ETA:    27s[>>>>>>>>>>>>>>>>          ] 5112/7824, 101.8 task/s, elapsed: 50s, ETA:    27s[>>>>>>>>>>>>>>>>          ] 5113/7824, 101.8 task/s, elapsed: 50s, ETA:    27s[>>>>>>>>>>>>>>>>          ] 5114/7824, 101.8 task/s, elapsed: 50s, ETA:    27s[>>>>>>>>>>>>>>>>          ] 5115/7824, 101.8 task/s, elapsed: 50s, ETA:    27s[>>>>>>>>>>>>>>>>>         ] 5116/7824, 101.8 task/s, elapsed: 50s, ETA:    27s[>>>>>>>>>>>>>>>>>         ] 5117/7824, 101.8 task/s, elapsed: 50s, ETA:    27s[>>>>>>>>>>>>>>>>>         ] 5118/7824, 101.8 task/s, elapsed: 50s, ETA:    27s[>>>>>>>>>>>>>>>>>         ] 5119/7824, 101.8 task/s, elapsed: 50s, ETA:    27s[>>>>>>>>>>>>>>>>>         ] 5120/7824, 101.8 task/s, elapsed: 50s, ETA:    27s[>>>>>>>>>>>>>>>>>         ] 5121/7824, 101.8 task/s, elapsed: 50s, ETA:    27s[>>>>>>>>>>>>>>>>>         ] 5122/7824, 101.8 task/s, elapsed: 50s, ETA:    27s[>>>>>>>>>>>>>>>>>         ] 5123/7824, 101.8 task/s, elapsed: 50s, ETA:    27s[>>>>>>>>>>>>>>>>>         ] 5124/7824, 101.8 task/s, elapsed: 50s, ETA:    27s[>>>>>>>>>>>>>>>>>         ] 5125/7824, 101.8 task/s, elapsed: 50s, ETA:    27s[>>>>>>>>>>>>>>>>>         ] 5126/7824, 101.8 task/s, elapsed: 50s, ETA:    27s[>>>>>>>>>>>>>>>>>         ] 5127/7824, 101.8 task/s, elapsed: 50s, ETA:    26s[>>>>>>>>>>>>>>>>>         ] 5128/7824, 101.8 task/s, elapsed: 50s, ETA:    26s[>>>>>>>>>>>>>>>>>         ] 5129/7824, 101.8 task/s, elapsed: 50s, ETA:    26s[>>>>>>>>>>>>>>>>>         ] 5130/7824, 101.8 task/s, elapsed: 50s, ETA:    26s[>>>>>>>>>>>>>>>>>         ] 5131/7824, 101.8 task/s, elapsed: 50s, ETA:    26s[>>>>>>>>>>>>>>>>>         ] 5132/7824, 101.8 task/s, elapsed: 50s, ETA:    26s[>>>>>>>>>>>>>>>>>         ] 5133/7824, 101.8 task/s, elapsed: 50s, ETA:    26s[>>>>>>>>>>>>>>>>>         ] 5134/7824, 101.8 task/s, elapsed: 50s, ETA:    26s[>>>>>>>>>>>>>>>>>         ] 5135/7824, 101.8 task/s, elapsed: 50s, ETA:    26s[>>>>>>>>>>>>>>>>>         ] 5136/7824, 101.8 task/s, elapsed: 50s, ETA:    26s[>>>>>>>>>>>>>>>>>         ] 5137/7824, 101.8 task/s, elapsed: 50s, ETA:    26s[>>>>>>>>>>>>>>>>>         ] 5138/7824, 101.8 task/s, elapsed: 50s, ETA:    26s[>>>>>>>>>>>>>>>>>         ] 5139/7824, 101.8 task/s, elapsed: 50s, ETA:    26s[>>>>>>>>>>>>>>>>>         ] 5140/7824, 101.8 task/s, elapsed: 50s, ETA:    26s[>>>>>>>>>>>>>>>>>         ] 5141/7824, 101.8 task/s, elapsed: 51s, ETA:    26s[>>>>>>>>>>>>>>>>>         ] 5142/7824, 101.8 task/s, elapsed: 51s, ETA:    26s[>>>>>>>>>>>>>>>>>         ] 5143/7824, 101.8 task/s, elapsed: 51s, ETA:    26s[>>>>>>>>>>>>>>>>>         ] 5144/7824, 101.8 task/s, elapsed: 51s, ETA:    26s[>>>>>>>>>>>>>>>>>         ] 5145/7824, 101.8 task/s, elapsed: 51s, ETA:    26s[>>>>>>>>>>>>>>>>>         ] 5146/7824, 101.8 task/s, elapsed: 51s, ETA:    26s[>>>>>>>>>>>>>>>>>         ] 5147/7824, 101.8 task/s, elapsed: 51s, ETA:    26s[>>>>>>>>>>>>>>>>>         ] 5148/7824, 101.8 task/s, elapsed: 51s, ETA:    26s[>>>>>>>>>>>>>>>>>         ] 5149/7824, 101.8 task/s, elapsed: 51s, ETA:    26s[>>>>>>>>>>>>>>>>>         ] 5150/7824, 101.8 task/s, elapsed: 51s, ETA:    26s[>>>>>>>>>>>>>>>>>         ] 5151/7824, 101.8 task/s, elapsed: 51s, ETA:    26s[>>>>>>>>>>>>>>>>>         ] 5152/7824, 101.8 task/s, elapsed: 51s, ETA:    26s[>>>>>>>>>>>>>>>>>         ] 5153/7824, 101.8 task/s, elapsed: 51s, ETA:    26s[>>>>>>>>>>>>>>>>>         ] 5154/7824, 101.8 task/s, elapsed: 51s, ETA:    26s[>>>>>>>>>>>>>>>>>         ] 5155/7824, 101.8 task/s, elapsed: 51s, ETA:    26s[>>>>>>>>>>>>>>>>>         ] 5156/7824, 101.8 task/s, elapsed: 51s, ETA:    26s[>>>>>>>>>>>>>>>>>         ] 5157/7824, 101.8 task/s, elapsed: 51s, ETA:    26s[>>>>>>>>>>>>>>>>>         ] 5158/7824, 101.8 task/s, elapsed: 51s, ETA:    26s[>>>>>>>>>>>>>>>>>         ] 5159/7824, 101.8 task/s, elapsed: 51s, ETA:    26s[>>>>>>>>>>>>>>>>>         ] 5160/7824, 101.8 task/s, elapsed: 51s, ETA:    26s[>>>>>>>>>>>>>>>>>         ] 5161/7824, 101.8 task/s, elapsed: 51s, ETA:    26s[>>>>>>>>>>>>>>>>>         ] 5162/7824, 101.8 task/s, elapsed: 51s, ETA:    26s[>>>>>>>>>>>>>>>>>         ] 5163/7824, 101.8 task/s, elapsed: 51s, ETA:    26s[>>>>>>>>>>>>>>>>>         ] 5164/7824, 101.8 task/s, elapsed: 51s, ETA:    26s[>>>>>>>>>>>>>>>>>         ] 5165/7824, 101.8 task/s, elapsed: 51s, ETA:    26s[>>>>>>>>>>>>>>>>>         ] 5166/7824, 101.8 task/s, elapsed: 51s, ETA:    26s[>>>>>>>>>>>>>>>>>         ] 5167/7824, 101.8 task/s, elapsed: 51s, ETA:    26s[>>>>>>>>>>>>>>>>>         ] 5168/7824, 101.8 task/s, elapsed: 51s, ETA:    26s[>>>>>>>>>>>>>>>>>         ] 5169/7824, 101.8 task/s, elapsed: 51s, ETA:    26s[>>>>>>>>>>>>>>>>>         ] 5170/7824, 101.8 task/s, elapsed: 51s, ETA:    26s[>>>>>>>>>>>>>>>>>         ] 5171/7824, 101.8 task/s, elapsed: 51s, ETA:    26s[>>>>>>>>>>>>>>>>>         ] 5172/7824, 101.8 task/s, elapsed: 51s, ETA:    26s[>>>>>>>>>>>>>>>>>         ] 5173/7824, 101.8 task/s, elapsed: 51s, ETA:    26s[>>>>>>>>>>>>>>>>>         ] 5174/7824, 101.8 task/s, elapsed: 51s, ETA:    26s[>>>>>>>>>>>>>>>>>         ] 5175/7824, 101.8 task/s, elapsed: 51s, ETA:    26s[>>>>>>>>>>>>>>>>>         ] 5176/7824, 101.8 task/s, elapsed: 51s, ETA:    26s[>>>>>>>>>>>>>>>>>         ] 5177/7824, 101.8 task/s, elapsed: 51s, ETA:    26s[>>>>>>>>>>>>>>>>>         ] 5178/7824, 101.8 task/s, elapsed: 51s, ETA:    26s[>>>>>>>>>>>>>>>>>         ] 5179/7824, 101.8 task/s, elapsed: 51s, ETA:    26s[>>>>>>>>>>>>>>>>>         ] 5180/7824, 101.8 task/s, elapsed: 51s, ETA:    26s[>>>>>>>>>>>>>>>>>         ] 5181/7824, 101.8 task/s, elapsed: 51s, ETA:    26s[>>>>>>>>>>>>>>>>>         ] 5182/7824, 101.8 task/s, elapsed: 51s, ETA:    26s[>>>>>>>>>>>>>>>>>         ] 5183/7824, 101.8 task/s, elapsed: 51s, ETA:    26s[>>>>>>>>>>>>>>>>>         ] 5184/7824, 101.8 task/s, elapsed: 51s, ETA:    26s[>>>>>>>>>>>>>>>>>         ] 5185/7824, 101.8 task/s, elapsed: 51s, ETA:    26s[>>>>>>>>>>>>>>>>>         ] 5186/7824, 101.8 task/s, elapsed: 51s, ETA:    26s[>>>>>>>>>>>>>>>>>         ] 5187/7824, 101.9 task/s, elapsed: 51s, ETA:    26s[>>>>>>>>>>>>>>>>>         ] 5188/7824, 101.9 task/s, elapsed: 51s, ETA:    26s[>>>>>>>>>>>>>>>>>         ] 5189/7824, 101.9 task/s, elapsed: 51s, ETA:    26s[>>>>>>>>>>>>>>>>>         ] 5190/7824, 101.9 task/s, elapsed: 51s, ETA:    26s[>>>>>>>>>>>>>>>>>         ] 5191/7824, 101.9 task/s, elapsed: 51s, ETA:    26s[>>>>>>>>>>>>>>>>>         ] 5192/7824, 101.9 task/s, elapsed: 51s, ETA:    26s[>>>>>>>>>>>>>>>>>         ] 5193/7824, 101.9 task/s, elapsed: 51s, ETA:    26s[>>>>>>>>>>>>>>>>>         ] 5194/7824, 101.9 task/s, elapsed: 51s, ETA:    26s[>>>>>>>>>>>>>>>>>         ] 5195/7824, 101.9 task/s, elapsed: 51s, ETA:    26s[>>>>>>>>>>>>>>>>>         ] 5196/7824, 101.9 task/s, elapsed: 51s, ETA:    26s[>>>>>>>>>>>>>>>>>         ] 5197/7824, 101.9 task/s, elapsed: 51s, ETA:    26s[>>>>>>>>>>>>>>>>>         ] 5198/7824, 101.9 task/s, elapsed: 51s, ETA:    26s[>>>>>>>>>>>>>>>>>         ] 5199/7824, 101.9 task/s, elapsed: 51s, ETA:    26s[>>>>>>>>>>>>>>>>>         ] 5200/7824, 101.9 task/s, elapsed: 51s, ETA:    26s[>>>>>>>>>>>>>>>>>         ] 5201/7824, 101.9 task/s, elapsed: 51s, ETA:    26s[>>>>>>>>>>>>>>>>>         ] 5202/7824, 101.9 task/s, elapsed: 51s, ETA:    26s[>>>>>>>>>>>>>>>>>         ] 5203/7824, 101.9 task/s, elapsed: 51s, ETA:    26s[>>>>>>>>>>>>>>>>>         ] 5204/7824, 101.9 task/s, elapsed: 51s, ETA:    26s[>>>>>>>>>>>>>>>>>         ] 5205/7824, 101.9 task/s, elapsed: 51s, ETA:    26s[>>>>>>>>>>>>>>>>>         ] 5206/7824, 101.9 task/s, elapsed: 51s, ETA:    26s[>>>>>>>>>>>>>>>>>         ] 5207/7824, 101.9 task/s, elapsed: 51s, ETA:    26s[>>>>>>>>>>>>>>>>>         ] 5208/7824, 101.9 task/s, elapsed: 51s, ETA:    26s[>>>>>>>>>>>>>>>>>         ] 5209/7824, 101.9 task/s, elapsed: 51s, ETA:    26s[>>>>>>>>>>>>>>>>>         ] 5210/7824, 101.9 task/s, elapsed: 51s, ETA:    26s[>>>>>>>>>>>>>>>>>         ] 5211/7824, 101.9 task/s, elapsed: 51s, ETA:    26s[>>>>>>>>>>>>>>>>>         ] 5212/7824, 101.9 task/s, elapsed: 51s, ETA:    26s[>>>>>>>>>>>>>>>>>         ] 5213/7824, 101.9 task/s, elapsed: 51s, ETA:    26s[>>>>>>>>>>>>>>>>>         ] 5214/7824, 101.9 task/s, elapsed: 51s, ETA:    26s[>>>>>>>>>>>>>>>>>         ] 5215/7824, 101.9 task/s, elapsed: 51s, ETA:    26s[>>>>>>>>>>>>>>>>>         ] 5216/7824, 101.9 task/s, elapsed: 51s, ETA:    26s[>>>>>>>>>>>>>>>>>         ] 5217/7824, 101.9 task/s, elapsed: 51s, ETA:    26s[>>>>>>>>>>>>>>>>>         ] 5218/7824, 101.9 task/s, elapsed: 51s, ETA:    26s[>>>>>>>>>>>>>>>>>         ] 5219/7824, 101.9 task/s, elapsed: 51s, ETA:    26s[>>>>>>>>>>>>>>>>>         ] 5220/7824, 101.9 task/s, elapsed: 51s, ETA:    26s[>>>>>>>>>>>>>>>>>         ] 5221/7824, 101.9 task/s, elapsed: 51s, ETA:    26s[>>>>>>>>>>>>>>>>>         ] 5222/7824, 101.9 task/s, elapsed: 51s, ETA:    26s[>>>>>>>>>>>>>>>>>         ] 5223/7824, 101.9 task/s, elapsed: 51s, ETA:    26s[>>>>>>>>>>>>>>>>>         ] 5224/7824, 101.9 task/s, elapsed: 51s, ETA:    26s[>>>>>>>>>>>>>>>>>         ] 5225/7824, 101.9 task/s, elapsed: 51s, ETA:    26s[>>>>>>>>>>>>>>>>>         ] 5226/7824, 101.9 task/s, elapsed: 51s, ETA:    25s[>>>>>>>>>>>>>>>>>         ] 5227/7824, 101.9 task/s, elapsed: 51s, ETA:    25s[>>>>>>>>>>>>>>>>>         ] 5228/7824, 101.9 task/s, elapsed: 51s, ETA:    25s[>>>>>>>>>>>>>>>>>         ] 5229/7824, 101.9 task/s, elapsed: 51s, ETA:    25s[>>>>>>>>>>>>>>>>>         ] 5230/7824, 101.9 task/s, elapsed: 51s, ETA:    25s[>>>>>>>>>>>>>>>>>         ] 5231/7824, 101.9 task/s, elapsed: 51s, ETA:    25s[>>>>>>>>>>>>>>>>>         ] 5232/7824, 101.9 task/s, elapsed: 51s, ETA:    25s[>>>>>>>>>>>>>>>>>         ] 5233/7824, 101.9 task/s, elapsed: 51s, ETA:    25s[>>>>>>>>>>>>>>>>>         ] 5234/7824, 101.9 task/s, elapsed: 51s, ETA:    25s[>>>>>>>>>>>>>>>>>         ] 5235/7824, 101.9 task/s, elapsed: 51s, ETA:    25s[>>>>>>>>>>>>>>>>>         ] 5236/7824, 101.9 task/s, elapsed: 51s, ETA:    25s[>>>>>>>>>>>>>>>>>         ] 5237/7824, 101.9 task/s, elapsed: 51s, ETA:    25s[>>>>>>>>>>>>>>>>>         ] 5238/7824, 101.9 task/s, elapsed: 51s, ETA:    25s[>>>>>>>>>>>>>>>>>         ] 5239/7824, 101.9 task/s, elapsed: 51s, ETA:    25s[>>>>>>>>>>>>>>>>>         ] 5240/7824, 101.9 task/s, elapsed: 51s, ETA:    25s[>>>>>>>>>>>>>>>>>         ] 5241/7824, 101.9 task/s, elapsed: 51s, ETA:    25s[>>>>>>>>>>>>>>>>>         ] 5242/7824, 101.9 task/s, elapsed: 51s, ETA:    25s[>>>>>>>>>>>>>>>>>         ] 5243/7824, 101.9 task/s, elapsed: 51s, ETA:    25s[>>>>>>>>>>>>>>>>>         ] 5244/7824, 101.9 task/s, elapsed: 51s, ETA:    25s[>>>>>>>>>>>>>>>>>         ] 5245/7824, 101.9 task/s, elapsed: 51s, ETA:    25s[>>>>>>>>>>>>>>>>>         ] 5246/7824, 101.9 task/s, elapsed: 51s, ETA:    25s[>>>>>>>>>>>>>>>>>         ] 5247/7824, 101.9 task/s, elapsed: 51s, ETA:    25s[>>>>>>>>>>>>>>>>>         ] 5248/7824, 101.9 task/s, elapsed: 51s, ETA:    25s[>>>>>>>>>>>>>>>>>         ] 5249/7824, 101.9 task/s, elapsed: 51s, ETA:    25s[>>>>>>>>>>>>>>>>>         ] 5250/7824, 101.9 task/s, elapsed: 52s, ETA:    25s[>>>>>>>>>>>>>>>>>         ] 5251/7824, 101.9 task/s, elapsed: 52s, ETA:    25s[>>>>>>>>>>>>>>>>>         ] 5252/7824, 101.9 task/s, elapsed: 52s, ETA:    25s[>>>>>>>>>>>>>>>>>         ] 5253/7824, 101.9 task/s, elapsed: 52s, ETA:    25s[>>>>>>>>>>>>>>>>>         ] 5254/7824, 101.9 task/s, elapsed: 52s, ETA:    25s[>>>>>>>>>>>>>>>>>         ] 5255/7824, 102.0 task/s, elapsed: 52s, ETA:    25s[>>>>>>>>>>>>>>>>>         ] 5256/7824, 102.0 task/s, elapsed: 52s, ETA:    25s[>>>>>>>>>>>>>>>>>         ] 5257/7824, 102.0 task/s, elapsed: 52s, ETA:    25s[>>>>>>>>>>>>>>>>>         ] 5258/7824, 102.0 task/s, elapsed: 52s, ETA:    25s[>>>>>>>>>>>>>>>>>         ] 5259/7824, 102.0 task/s, elapsed: 52s, ETA:    25s[>>>>>>>>>>>>>>>>>         ] 5260/7824, 102.0 task/s, elapsed: 52s, ETA:    25s[>>>>>>>>>>>>>>>>>         ] 5261/7824, 102.0 task/s, elapsed: 52s, ETA:    25s[>>>>>>>>>>>>>>>>>         ] 5262/7824, 102.0 task/s, elapsed: 52s, ETA:    25s[>>>>>>>>>>>>>>>>>         ] 5263/7824, 102.0 task/s, elapsed: 52s, ETA:    25s[>>>>>>>>>>>>>>>>>         ] 5264/7824, 102.0 task/s, elapsed: 52s, ETA:    25s[>>>>>>>>>>>>>>>>>         ] 5265/7824, 102.0 task/s, elapsed: 52s, ETA:    25s[>>>>>>>>>>>>>>>>>         ] 5266/7824, 102.0 task/s, elapsed: 52s, ETA:    25s[>>>>>>>>>>>>>>>>>         ] 5267/7824, 102.0 task/s, elapsed: 52s, ETA:    25s[>>>>>>>>>>>>>>>>>         ] 5268/7824, 102.0 task/s, elapsed: 52s, ETA:    25s[>>>>>>>>>>>>>>>>>         ] 5269/7824, 102.0 task/s, elapsed: 52s, ETA:    25s[>>>>>>>>>>>>>>>>>         ] 5270/7824, 102.0 task/s, elapsed: 52s, ETA:    25s[>>>>>>>>>>>>>>>>>         ] 5271/7824, 102.0 task/s, elapsed: 52s, ETA:    25s[>>>>>>>>>>>>>>>>>         ] 5272/7824, 102.0 task/s, elapsed: 52s, ETA:    25s[>>>>>>>>>>>>>>>>>         ] 5273/7824, 102.0 task/s, elapsed: 52s, ETA:    25s[>>>>>>>>>>>>>>>>>         ] 5274/7824, 102.0 task/s, elapsed: 52s, ETA:    25s[>>>>>>>>>>>>>>>>>         ] 5275/7824, 102.0 task/s, elapsed: 52s, ETA:    25s[>>>>>>>>>>>>>>>>>         ] 5276/7824, 102.0 task/s, elapsed: 52s, ETA:    25s[>>>>>>>>>>>>>>>>>         ] 5277/7824, 102.0 task/s, elapsed: 52s, ETA:    25s[>>>>>>>>>>>>>>>>>         ] 5278/7824, 102.0 task/s, elapsed: 52s, ETA:    25s[>>>>>>>>>>>>>>>>>         ] 5279/7824, 102.0 task/s, elapsed: 52s, ETA:    25s[>>>>>>>>>>>>>>>>>         ] 5280/7824, 102.0 task/s, elapsed: 52s, ETA:    25s[>>>>>>>>>>>>>>>>>         ] 5281/7824, 102.0 task/s, elapsed: 52s, ETA:    25s[>>>>>>>>>>>>>>>>>         ] 5282/7824, 102.0 task/s, elapsed: 52s, ETA:    25s[>>>>>>>>>>>>>>>>>         ] 5283/7824, 102.0 task/s, elapsed: 52s, ETA:    25s[>>>>>>>>>>>>>>>>>         ] 5284/7824, 102.0 task/s, elapsed: 52s, ETA:    25s[>>>>>>>>>>>>>>>>>         ] 5285/7824, 102.0 task/s, elapsed: 52s, ETA:    25s[>>>>>>>>>>>>>>>>>         ] 5286/7824, 102.0 task/s, elapsed: 52s, ETA:    25s[>>>>>>>>>>>>>>>>>         ] 5287/7824, 102.0 task/s, elapsed: 52s, ETA:    25s[>>>>>>>>>>>>>>>>>         ] 5288/7824, 102.0 task/s, elapsed: 52s, ETA:    25s[>>>>>>>>>>>>>>>>>         ] 5289/7824, 102.0 task/s, elapsed: 52s, ETA:    25s[>>>>>>>>>>>>>>>>>         ] 5290/7824, 102.0 task/s, elapsed: 52s, ETA:    25s[>>>>>>>>>>>>>>>>>         ] 5291/7824, 102.0 task/s, elapsed: 52s, ETA:    25s[>>>>>>>>>>>>>>>>>         ] 5292/7824, 102.0 task/s, elapsed: 52s, ETA:    25s[>>>>>>>>>>>>>>>>>         ] 5293/7824, 102.0 task/s, elapsed: 52s, ETA:    25s[>>>>>>>>>>>>>>>>>         ] 5294/7824, 102.0 task/s, elapsed: 52s, ETA:    25s[>>>>>>>>>>>>>>>>>         ] 5295/7824, 102.0 task/s, elapsed: 52s, ETA:    25s[>>>>>>>>>>>>>>>>>         ] 5296/7824, 102.0 task/s, elapsed: 52s, ETA:    25s[>>>>>>>>>>>>>>>>>         ] 5297/7824, 102.0 task/s, elapsed: 52s, ETA:    25s[>>>>>>>>>>>>>>>>>         ] 5298/7824, 102.0 task/s, elapsed: 52s, ETA:    25s[>>>>>>>>>>>>>>>>>         ] 5299/7824, 102.0 task/s, elapsed: 52s, ETA:    25s[>>>>>>>>>>>>>>>>>         ] 5300/7824, 102.0 task/s, elapsed: 52s, ETA:    25s[>>>>>>>>>>>>>>>>>         ] 5301/7824, 102.0 task/s, elapsed: 52s, ETA:    25s[>>>>>>>>>>>>>>>>>         ] 5302/7824, 102.0 task/s, elapsed: 52s, ETA:    25s[>>>>>>>>>>>>>>>>>         ] 5303/7824, 102.0 task/s, elapsed: 52s, ETA:    25s[>>>>>>>>>>>>>>>>>         ] 5304/7824, 102.0 task/s, elapsed: 52s, ETA:    25s[>>>>>>>>>>>>>>>>>         ] 5305/7824, 102.0 task/s, elapsed: 52s, ETA:    25s[>>>>>>>>>>>>>>>>>         ] 5306/7824, 102.0 task/s, elapsed: 52s, ETA:    25s[>>>>>>>>>>>>>>>>>         ] 5307/7824, 102.0 task/s, elapsed: 52s, ETA:    25s[>>>>>>>>>>>>>>>>>         ] 5308/7824, 102.0 task/s, elapsed: 52s, ETA:    25s[>>>>>>>>>>>>>>>>>         ] 5309/7824, 102.0 task/s, elapsed: 52s, ETA:    25s[>>>>>>>>>>>>>>>>>         ] 5310/7824, 102.0 task/s, elapsed: 52s, ETA:    25s[>>>>>>>>>>>>>>>>>         ] 5311/7824, 102.0 task/s, elapsed: 52s, ETA:    25s[>>>>>>>>>>>>>>>>>         ] 5312/7824, 102.0 task/s, elapsed: 52s, ETA:    25s[>>>>>>>>>>>>>>>>>         ] 5313/7824, 102.0 task/s, elapsed: 52s, ETA:    25s[>>>>>>>>>>>>>>>>>         ] 5314/7824, 102.0 task/s, elapsed: 52s, ETA:    25s[>>>>>>>>>>>>>>>>>         ] 5315/7824, 102.0 task/s, elapsed: 52s, ETA:    25s[>>>>>>>>>>>>>>>>>         ] 5316/7824, 102.0 task/s, elapsed: 52s, ETA:    25s[>>>>>>>>>>>>>>>>>         ] 5317/7824, 102.1 task/s, elapsed: 52s, ETA:    25s[>>>>>>>>>>>>>>>>>         ] 5318/7824, 102.1 task/s, elapsed: 52s, ETA:    25s[>>>>>>>>>>>>>>>>>         ] 5319/7824, 102.1 task/s, elapsed: 52s, ETA:    25s[>>>>>>>>>>>>>>>>>         ] 5320/7824, 102.1 task/s, elapsed: 52s, ETA:    25s[>>>>>>>>>>>>>>>>>         ] 5321/7824, 102.1 task/s, elapsed: 52s, ETA:    25s[>>>>>>>>>>>>>>>>>         ] 5322/7824, 102.1 task/s, elapsed: 52s, ETA:    25s[>>>>>>>>>>>>>>>>>         ] 5323/7824, 102.1 task/s, elapsed: 52s, ETA:    25s[>>>>>>>>>>>>>>>>>         ] 5324/7824, 102.1 task/s, elapsed: 52s, ETA:    24s[>>>>>>>>>>>>>>>>>         ] 5325/7824, 102.1 task/s, elapsed: 52s, ETA:    24s[>>>>>>>>>>>>>>>>>         ] 5326/7824, 102.1 task/s, elapsed: 52s, ETA:    24s[>>>>>>>>>>>>>>>>>         ] 5327/7824, 102.1 task/s, elapsed: 52s, ETA:    24s[>>>>>>>>>>>>>>>>>         ] 5328/7824, 102.1 task/s, elapsed: 52s, ETA:    24s[>>>>>>>>>>>>>>>>>         ] 5329/7824, 102.1 task/s, elapsed: 52s, ETA:    24s[>>>>>>>>>>>>>>>>>         ] 5330/7824, 102.1 task/s, elapsed: 52s, ETA:    24s[>>>>>>>>>>>>>>>>>         ] 5331/7824, 102.1 task/s, elapsed: 52s, ETA:    24s[>>>>>>>>>>>>>>>>>         ] 5332/7824, 102.1 task/s, elapsed: 52s, ETA:    24s[>>>>>>>>>>>>>>>>>         ] 5333/7824, 102.1 task/s, elapsed: 52s, ETA:    24s[>>>>>>>>>>>>>>>>>         ] 5334/7824, 102.1 task/s, elapsed: 52s, ETA:    24s[>>>>>>>>>>>>>>>>>         ] 5335/7824, 102.1 task/s, elapsed: 52s, ETA:    24s[>>>>>>>>>>>>>>>>>         ] 5336/7824, 102.1 task/s, elapsed: 52s, ETA:    24s[>>>>>>>>>>>>>>>>>         ] 5337/7824, 102.1 task/s, elapsed: 52s, ETA:    24s[>>>>>>>>>>>>>>>>>         ] 5338/7824, 102.1 task/s, elapsed: 52s, ETA:    24s[>>>>>>>>>>>>>>>>>         ] 5339/7824, 102.1 task/s, elapsed: 52s, ETA:    24s[>>>>>>>>>>>>>>>>>         ] 5340/7824, 102.1 task/s, elapsed: 52s, ETA:    24s[>>>>>>>>>>>>>>>>>         ] 5341/7824, 102.1 task/s, elapsed: 52s, ETA:    24s[>>>>>>>>>>>>>>>>>         ] 5342/7824, 102.1 task/s, elapsed: 52s, ETA:    24s[>>>>>>>>>>>>>>>>>         ] 5343/7824, 102.1 task/s, elapsed: 52s, ETA:    24s[>>>>>>>>>>>>>>>>>         ] 5344/7824, 102.1 task/s, elapsed: 52s, ETA:    24s[>>>>>>>>>>>>>>>>>         ] 5345/7824, 102.1 task/s, elapsed: 52s, ETA:    24s[>>>>>>>>>>>>>>>>>         ] 5346/7824, 102.1 task/s, elapsed: 52s, ETA:    24s[>>>>>>>>>>>>>>>>>         ] 5347/7824, 102.1 task/s, elapsed: 52s, ETA:    24s[>>>>>>>>>>>>>>>>>         ] 5348/7824, 102.1 task/s, elapsed: 52s, ETA:    24s[>>>>>>>>>>>>>>>>>         ] 5349/7824, 102.1 task/s, elapsed: 52s, ETA:    24s[>>>>>>>>>>>>>>>>>         ] 5350/7824, 102.1 task/s, elapsed: 52s, ETA:    24s[>>>>>>>>>>>>>>>>>         ] 5351/7824, 102.1 task/s, elapsed: 52s, ETA:    24s[>>>>>>>>>>>>>>>>>         ] 5352/7824, 102.1 task/s, elapsed: 52s, ETA:    24s[>>>>>>>>>>>>>>>>>         ] 5353/7824, 102.1 task/s, elapsed: 52s, ETA:    24s[>>>>>>>>>>>>>>>>>         ] 5354/7824, 102.1 task/s, elapsed: 52s, ETA:    24s[>>>>>>>>>>>>>>>>>         ] 5355/7824, 102.1 task/s, elapsed: 52s, ETA:    24s[>>>>>>>>>>>>>>>>>         ] 5356/7824, 102.1 task/s, elapsed: 52s, ETA:    24s[>>>>>>>>>>>>>>>>>         ] 5357/7824, 102.1 task/s, elapsed: 52s, ETA:    24s[>>>>>>>>>>>>>>>>>         ] 5358/7824, 102.1 task/s, elapsed: 52s, ETA:    24s[>>>>>>>>>>>>>>>>>         ] 5359/7824, 102.1 task/s, elapsed: 52s, ETA:    24s[>>>>>>>>>>>>>>>>>         ] 5360/7824, 102.1 task/s, elapsed: 52s, ETA:    24s[>>>>>>>>>>>>>>>>>         ] 5361/7824, 102.1 task/s, elapsed: 52s, ETA:    24s[>>>>>>>>>>>>>>>>>         ] 5362/7824, 102.1 task/s, elapsed: 53s, ETA:    24s[>>>>>>>>>>>>>>>>>         ] 5363/7824, 102.1 task/s, elapsed: 53s, ETA:    24s[>>>>>>>>>>>>>>>>>         ] 5364/7824, 102.1 task/s, elapsed: 53s, ETA:    24s[>>>>>>>>>>>>>>>>>         ] 5365/7824, 102.1 task/s, elapsed: 53s, ETA:    24s[>>>>>>>>>>>>>>>>>         ] 5366/7824, 102.1 task/s, elapsed: 53s, ETA:    24s[>>>>>>>>>>>>>>>>>         ] 5367/7824, 102.1 task/s, elapsed: 53s, ETA:    24s[>>>>>>>>>>>>>>>>>         ] 5368/7824, 102.1 task/s, elapsed: 53s, ETA:    24s[>>>>>>>>>>>>>>>>>         ] 5369/7824, 102.1 task/s, elapsed: 53s, ETA:    24s[>>>>>>>>>>>>>>>>>         ] 5370/7824, 102.1 task/s, elapsed: 53s, ETA:    24s[>>>>>>>>>>>>>>>>>         ] 5371/7824, 102.1 task/s, elapsed: 53s, ETA:    24s[>>>>>>>>>>>>>>>>>         ] 5372/7824, 102.1 task/s, elapsed: 53s, ETA:    24s[>>>>>>>>>>>>>>>>>         ] 5373/7824, 102.2 task/s, elapsed: 53s, ETA:    24s[>>>>>>>>>>>>>>>>>         ] 5374/7824, 102.2 task/s, elapsed: 53s, ETA:    24s[>>>>>>>>>>>>>>>>>         ] 5375/7824, 102.2 task/s, elapsed: 53s, ETA:    24s[>>>>>>>>>>>>>>>>>         ] 5376/7824, 102.2 task/s, elapsed: 53s, ETA:    24s[>>>>>>>>>>>>>>>>>         ] 5377/7824, 102.2 task/s, elapsed: 53s, ETA:    24s[>>>>>>>>>>>>>>>>>         ] 5378/7824, 102.2 task/s, elapsed: 53s, ETA:    24s[>>>>>>>>>>>>>>>>>         ] 5379/7824, 102.2 task/s, elapsed: 53s, ETA:    24s[>>>>>>>>>>>>>>>>>         ] 5380/7824, 102.2 task/s, elapsed: 53s, ETA:    24s[>>>>>>>>>>>>>>>>>         ] 5381/7824, 102.2 task/s, elapsed: 53s, ETA:    24s[>>>>>>>>>>>>>>>>>         ] 5382/7824, 102.2 task/s, elapsed: 53s, ETA:    24s[>>>>>>>>>>>>>>>>>         ] 5383/7824, 102.2 task/s, elapsed: 53s, ETA:    24s[>>>>>>>>>>>>>>>>>         ] 5384/7824, 102.2 task/s, elapsed: 53s, ETA:    24s[>>>>>>>>>>>>>>>>>         ] 5385/7824, 102.2 task/s, elapsed: 53s, ETA:    24s[>>>>>>>>>>>>>>>>>         ] 5386/7824, 102.2 task/s, elapsed: 53s, ETA:    24s[>>>>>>>>>>>>>>>>>         ] 5387/7824, 102.2 task/s, elapsed: 53s, ETA:    24s[>>>>>>>>>>>>>>>>>         ] 5388/7824, 102.2 task/s, elapsed: 53s, ETA:    24s[>>>>>>>>>>>>>>>>>         ] 5389/7824, 102.2 task/s, elapsed: 53s, ETA:    24s[>>>>>>>>>>>>>>>>>         ] 5390/7824, 102.2 task/s, elapsed: 53s, ETA:    24s[>>>>>>>>>>>>>>>>>         ] 5391/7824, 102.2 task/s, elapsed: 53s, ETA:    24s[>>>>>>>>>>>>>>>>>         ] 5392/7824, 102.2 task/s, elapsed: 53s, ETA:    24s[>>>>>>>>>>>>>>>>>         ] 5393/7824, 102.2 task/s, elapsed: 53s, ETA:    24s[>>>>>>>>>>>>>>>>>         ] 5394/7824, 102.2 task/s, elapsed: 53s, ETA:    24s[>>>>>>>>>>>>>>>>>         ] 5395/7824, 102.2 task/s, elapsed: 53s, ETA:    24s[>>>>>>>>>>>>>>>>>         ] 5396/7824, 102.2 task/s, elapsed: 53s, ETA:    24s[>>>>>>>>>>>>>>>>>         ] 5397/7824, 102.2 task/s, elapsed: 53s, ETA:    24s[>>>>>>>>>>>>>>>>>         ] 5398/7824, 102.2 task/s, elapsed: 53s, ETA:    24s[>>>>>>>>>>>>>>>>>         ] 5399/7824, 102.2 task/s, elapsed: 53s, ETA:    24s[>>>>>>>>>>>>>>>>>         ] 5400/7824, 102.2 task/s, elapsed: 53s, ETA:    24s[>>>>>>>>>>>>>>>>>         ] 5401/7824, 102.2 task/s, elapsed: 53s, ETA:    24s[>>>>>>>>>>>>>>>>>         ] 5402/7824, 102.2 task/s, elapsed: 53s, ETA:    24s[>>>>>>>>>>>>>>>>>         ] 5403/7824, 102.2 task/s, elapsed: 53s, ETA:    24s[>>>>>>>>>>>>>>>>>         ] 5404/7824, 102.2 task/s, elapsed: 53s, ETA:    24s[>>>>>>>>>>>>>>>>>         ] 5405/7824, 102.2 task/s, elapsed: 53s, ETA:    24s[>>>>>>>>>>>>>>>>>         ] 5406/7824, 102.2 task/s, elapsed: 53s, ETA:    24s[>>>>>>>>>>>>>>>>>         ] 5407/7824, 102.2 task/s, elapsed: 53s, ETA:    24s[>>>>>>>>>>>>>>>>>         ] 5408/7824, 102.2 task/s, elapsed: 53s, ETA:    24s[>>>>>>>>>>>>>>>>>         ] 5409/7824, 102.2 task/s, elapsed: 53s, ETA:    24s[>>>>>>>>>>>>>>>>>         ] 5410/7824, 102.2 task/s, elapsed: 53s, ETA:    24s[>>>>>>>>>>>>>>>>>         ] 5411/7824, 102.2 task/s, elapsed: 53s, ETA:    24s[>>>>>>>>>>>>>>>>>         ] 5412/7824, 102.2 task/s, elapsed: 53s, ETA:    24s[>>>>>>>>>>>>>>>>>         ] 5413/7824, 102.2 task/s, elapsed: 53s, ETA:    24s[>>>>>>>>>>>>>>>>>         ] 5414/7824, 102.2 task/s, elapsed: 53s, ETA:    24s[>>>>>>>>>>>>>>>>>         ] 5415/7824, 102.2 task/s, elapsed: 53s, ETA:    24s[>>>>>>>>>>>>>>>>>         ] 5416/7824, 102.2 task/s, elapsed: 53s, ETA:    24s[>>>>>>>>>>>>>>>>>>        ] 5417/7824, 102.2 task/s, elapsed: 53s, ETA:    24s[>>>>>>>>>>>>>>>>>>        ] 5418/7824, 102.2 task/s, elapsed: 53s, ETA:    24s[>>>>>>>>>>>>>>>>>>        ] 5419/7824, 102.2 task/s, elapsed: 53s, ETA:    24s[>>>>>>>>>>>>>>>>>>        ] 5420/7824, 102.2 task/s, elapsed: 53s, ETA:    24s[>>>>>>>>>>>>>>>>>>        ] 5421/7824, 102.2 task/s, elapsed: 53s, ETA:    24s[>>>>>>>>>>>>>>>>>>        ] 5422/7824, 102.2 task/s, elapsed: 53s, ETA:    23s[>>>>>>>>>>>>>>>>>>        ] 5423/7824, 102.2 task/s, elapsed: 53s, ETA:    23s[>>>>>>>>>>>>>>>>>>        ] 5424/7824, 102.2 task/s, elapsed: 53s, ETA:    23s[>>>>>>>>>>>>>>>>>>        ] 5425/7824, 102.2 task/s, elapsed: 53s, ETA:    23s[>>>>>>>>>>>>>>>>>>        ] 5426/7824, 102.2 task/s, elapsed: 53s, ETA:    23s[>>>>>>>>>>>>>>>>>>        ] 5427/7824, 102.2 task/s, elapsed: 53s, ETA:    23s[>>>>>>>>>>>>>>>>>>        ] 5428/7824, 102.2 task/s, elapsed: 53s, ETA:    23s[>>>>>>>>>>>>>>>>>>        ] 5429/7824, 102.2 task/s, elapsed: 53s, ETA:    23s[>>>>>>>>>>>>>>>>>>        ] 5430/7824, 102.2 task/s, elapsed: 53s, ETA:    23s[>>>>>>>>>>>>>>>>>>        ] 5431/7824, 102.2 task/s, elapsed: 53s, ETA:    23s[>>>>>>>>>>>>>>>>>>        ] 5432/7824, 102.2 task/s, elapsed: 53s, ETA:    23s[>>>>>>>>>>>>>>>>>>        ] 5433/7824, 102.2 task/s, elapsed: 53s, ETA:    23s[>>>>>>>>>>>>>>>>>>        ] 5434/7824, 102.2 task/s, elapsed: 53s, ETA:    23s[>>>>>>>>>>>>>>>>>>        ] 5435/7824, 102.2 task/s, elapsed: 53s, ETA:    23s[>>>>>>>>>>>>>>>>>>        ] 5436/7824, 102.2 task/s, elapsed: 53s, ETA:    23s[>>>>>>>>>>>>>>>>>>        ] 5437/7824, 102.2 task/s, elapsed: 53s, ETA:    23s[>>>>>>>>>>>>>>>>>>        ] 5438/7824, 102.3 task/s, elapsed: 53s, ETA:    23s[>>>>>>>>>>>>>>>>>>        ] 5439/7824, 102.3 task/s, elapsed: 53s, ETA:    23s[>>>>>>>>>>>>>>>>>>        ] 5440/7824, 102.3 task/s, elapsed: 53s, ETA:    23s[>>>>>>>>>>>>>>>>>>        ] 5441/7824, 102.3 task/s, elapsed: 53s, ETA:    23s[>>>>>>>>>>>>>>>>>>        ] 5442/7824, 102.3 task/s, elapsed: 53s, ETA:    23s[>>>>>>>>>>>>>>>>>>        ] 5443/7824, 102.3 task/s, elapsed: 53s, ETA:    23s[>>>>>>>>>>>>>>>>>>        ] 5444/7824, 102.3 task/s, elapsed: 53s, ETA:    23s[>>>>>>>>>>>>>>>>>>        ] 5445/7824, 102.3 task/s, elapsed: 53s, ETA:    23s[>>>>>>>>>>>>>>>>>>        ] 5446/7824, 102.3 task/s, elapsed: 53s, ETA:    23s[>>>>>>>>>>>>>>>>>>        ] 5447/7824, 102.3 task/s, elapsed: 53s, ETA:    23s[>>>>>>>>>>>>>>>>>>        ] 5448/7824, 102.3 task/s, elapsed: 53s, ETA:    23s[>>>>>>>>>>>>>>>>>>        ] 5449/7824, 102.3 task/s, elapsed: 53s, ETA:    23s[>>>>>>>>>>>>>>>>>>        ] 5450/7824, 102.3 task/s, elapsed: 53s, ETA:    23s[>>>>>>>>>>>>>>>>>>        ] 5451/7824, 102.3 task/s, elapsed: 53s, ETA:    23s[>>>>>>>>>>>>>>>>>>        ] 5452/7824, 102.3 task/s, elapsed: 53s, ETA:    23s[>>>>>>>>>>>>>>>>>>        ] 5453/7824, 102.3 task/s, elapsed: 53s, ETA:    23s[>>>>>>>>>>>>>>>>>>        ] 5454/7824, 102.3 task/s, elapsed: 53s, ETA:    23s[>>>>>>>>>>>>>>>>>>        ] 5455/7824, 102.3 task/s, elapsed: 53s, ETA:    23s[>>>>>>>>>>>>>>>>>>        ] 5456/7824, 102.3 task/s, elapsed: 53s, ETA:    23s[>>>>>>>>>>>>>>>>>>        ] 5457/7824, 102.3 task/s, elapsed: 53s, ETA:    23s[>>>>>>>>>>>>>>>>>>        ] 5458/7824, 102.3 task/s, elapsed: 53s, ETA:    23s[>>>>>>>>>>>>>>>>>>        ] 5459/7824, 102.3 task/s, elapsed: 53s, ETA:    23s[>>>>>>>>>>>>>>>>>>        ] 5460/7824, 102.3 task/s, elapsed: 53s, ETA:    23s[>>>>>>>>>>>>>>>>>>        ] 5461/7824, 102.3 task/s, elapsed: 53s, ETA:    23s[>>>>>>>>>>>>>>>>>>        ] 5462/7824, 102.3 task/s, elapsed: 53s, ETA:    23s[>>>>>>>>>>>>>>>>>>        ] 5463/7824, 102.3 task/s, elapsed: 53s, ETA:    23s[>>>>>>>>>>>>>>>>>>        ] 5464/7824, 102.3 task/s, elapsed: 53s, ETA:    23s[>>>>>>>>>>>>>>>>>>        ] 5465/7824, 102.3 task/s, elapsed: 53s, ETA:    23s[>>>>>>>>>>>>>>>>>>        ] 5466/7824, 102.3 task/s, elapsed: 53s, ETA:    23s[>>>>>>>>>>>>>>>>>>        ] 5467/7824, 102.3 task/s, elapsed: 53s, ETA:    23s[>>>>>>>>>>>>>>>>>>        ] 5468/7824, 102.3 task/s, elapsed: 53s, ETA:    23s[>>>>>>>>>>>>>>>>>>        ] 5469/7824, 102.3 task/s, elapsed: 53s, ETA:    23s[>>>>>>>>>>>>>>>>>>        ] 5470/7824, 102.3 task/s, elapsed: 53s, ETA:    23s[>>>>>>>>>>>>>>>>>>        ] 5471/7824, 102.3 task/s, elapsed: 53s, ETA:    23s[>>>>>>>>>>>>>>>>>>        ] 5472/7824, 102.3 task/s, elapsed: 53s, ETA:    23s[>>>>>>>>>>>>>>>>>>        ] 5473/7824, 102.3 task/s, elapsed: 53s, ETA:    23s[>>>>>>>>>>>>>>>>>>        ] 5474/7824, 102.3 task/s, elapsed: 54s, ETA:    23s[>>>>>>>>>>>>>>>>>>        ] 5475/7824, 102.3 task/s, elapsed: 54s, ETA:    23s[>>>>>>>>>>>>>>>>>>        ] 5476/7824, 102.3 task/s, elapsed: 54s, ETA:    23s[>>>>>>>>>>>>>>>>>>        ] 5477/7824, 102.3 task/s, elapsed: 54s, ETA:    23s[>>>>>>>>>>>>>>>>>>        ] 5478/7824, 102.3 task/s, elapsed: 54s, ETA:    23s[>>>>>>>>>>>>>>>>>>        ] 5479/7824, 102.3 task/s, elapsed: 54s, ETA:    23s[>>>>>>>>>>>>>>>>>>        ] 5480/7824, 102.3 task/s, elapsed: 54s, ETA:    23s[>>>>>>>>>>>>>>>>>>        ] 5481/7824, 102.3 task/s, elapsed: 54s, ETA:    23s[>>>>>>>>>>>>>>>>>>        ] 5482/7824, 102.3 task/s, elapsed: 54s, ETA:    23s[>>>>>>>>>>>>>>>>>>        ] 5483/7824, 102.3 task/s, elapsed: 54s, ETA:    23s[>>>>>>>>>>>>>>>>>>        ] 5484/7824, 102.3 task/s, elapsed: 54s, ETA:    23s[>>>>>>>>>>>>>>>>>>        ] 5485/7824, 102.3 task/s, elapsed: 54s, ETA:    23s[>>>>>>>>>>>>>>>>>>        ] 5486/7824, 102.3 task/s, elapsed: 54s, ETA:    23s[>>>>>>>>>>>>>>>>>>        ] 5487/7824, 102.3 task/s, elapsed: 54s, ETA:    23s[>>>>>>>>>>>>>>>>>>        ] 5488/7824, 102.3 task/s, elapsed: 54s, ETA:    23s[>>>>>>>>>>>>>>>>>>        ] 5489/7824, 102.3 task/s, elapsed: 54s, ETA:    23s[>>>>>>>>>>>>>>>>>>        ] 5490/7824, 102.3 task/s, elapsed: 54s, ETA:    23s[>>>>>>>>>>>>>>>>>>        ] 5491/7824, 102.3 task/s, elapsed: 54s, ETA:    23s[>>>>>>>>>>>>>>>>>>        ] 5492/7824, 102.3 task/s, elapsed: 54s, ETA:    23s[>>>>>>>>>>>>>>>>>>        ] 5493/7824, 102.3 task/s, elapsed: 54s, ETA:    23s[>>>>>>>>>>>>>>>>>>        ] 5494/7824, 102.3 task/s, elapsed: 54s, ETA:    23s[>>>>>>>>>>>>>>>>>>        ] 5495/7824, 102.3 task/s, elapsed: 54s, ETA:    23s[>>>>>>>>>>>>>>>>>>        ] 5496/7824, 102.3 task/s, elapsed: 54s, ETA:    23s[>>>>>>>>>>>>>>>>>>        ] 5497/7824, 102.3 task/s, elapsed: 54s, ETA:    23s[>>>>>>>>>>>>>>>>>>        ] 5498/7824, 102.3 task/s, elapsed: 54s, ETA:    23s[>>>>>>>>>>>>>>>>>>        ] 5499/7824, 102.3 task/s, elapsed: 54s, ETA:    23s[>>>>>>>>>>>>>>>>>>        ] 5500/7824, 102.3 task/s, elapsed: 54s, ETA:    23s[>>>>>>>>>>>>>>>>>>        ] 5501/7824, 102.4 task/s, elapsed: 54s, ETA:    23s[>>>>>>>>>>>>>>>>>>        ] 5502/7824, 102.4 task/s, elapsed: 54s, ETA:    23s[>>>>>>>>>>>>>>>>>>        ] 5503/7824, 102.4 task/s, elapsed: 54s, ETA:    23s[>>>>>>>>>>>>>>>>>>        ] 5504/7824, 102.4 task/s, elapsed: 54s, ETA:    23s[>>>>>>>>>>>>>>>>>>        ] 5505/7824, 102.4 task/s, elapsed: 54s, ETA:    23s[>>>>>>>>>>>>>>>>>>        ] 5506/7824, 102.4 task/s, elapsed: 54s, ETA:    23s[>>>>>>>>>>>>>>>>>>        ] 5507/7824, 102.4 task/s, elapsed: 54s, ETA:    23s[>>>>>>>>>>>>>>>>>>        ] 5508/7824, 102.4 task/s, elapsed: 54s, ETA:    23s[>>>>>>>>>>>>>>>>>>        ] 5509/7824, 102.4 task/s, elapsed: 54s, ETA:    23s[>>>>>>>>>>>>>>>>>>        ] 5510/7824, 102.4 task/s, elapsed: 54s, ETA:    23s[>>>>>>>>>>>>>>>>>>        ] 5511/7824, 102.4 task/s, elapsed: 54s, ETA:    23s[>>>>>>>>>>>>>>>>>>        ] 5512/7824, 102.4 task/s, elapsed: 54s, ETA:    23s[>>>>>>>>>>>>>>>>>>        ] 5513/7824, 102.4 task/s, elapsed: 54s, ETA:    23s[>>>>>>>>>>>>>>>>>>        ] 5514/7824, 102.4 task/s, elapsed: 54s, ETA:    23s[>>>>>>>>>>>>>>>>>>        ] 5515/7824, 102.4 task/s, elapsed: 54s, ETA:    23s[>>>>>>>>>>>>>>>>>>        ] 5516/7824, 102.4 task/s, elapsed: 54s, ETA:    23s[>>>>>>>>>>>>>>>>>>        ] 5517/7824, 102.4 task/s, elapsed: 54s, ETA:    23s[>>>>>>>>>>>>>>>>>>        ] 5518/7824, 102.4 task/s, elapsed: 54s, ETA:    23s[>>>>>>>>>>>>>>>>>>        ] 5519/7824, 102.4 task/s, elapsed: 54s, ETA:    23s[>>>>>>>>>>>>>>>>>>        ] 5520/7824, 102.4 task/s, elapsed: 54s, ETA:    23s[>>>>>>>>>>>>>>>>>>        ] 5521/7824, 102.4 task/s, elapsed: 54s, ETA:    22s[>>>>>>>>>>>>>>>>>>        ] 5522/7824, 102.4 task/s, elapsed: 54s, ETA:    22s[>>>>>>>>>>>>>>>>>>        ] 5523/7824, 102.4 task/s, elapsed: 54s, ETA:    22s[>>>>>>>>>>>>>>>>>>        ] 5524/7824, 102.4 task/s, elapsed: 54s, ETA:    22s[>>>>>>>>>>>>>>>>>>        ] 5525/7824, 102.4 task/s, elapsed: 54s, ETA:    22s[>>>>>>>>>>>>>>>>>>        ] 5526/7824, 102.4 task/s, elapsed: 54s, ETA:    22s[>>>>>>>>>>>>>>>>>>        ] 5527/7824, 102.4 task/s, elapsed: 54s, ETA:    22s[>>>>>>>>>>>>>>>>>>        ] 5528/7824, 102.4 task/s, elapsed: 54s, ETA:    22s[>>>>>>>>>>>>>>>>>>        ] 5529/7824, 102.4 task/s, elapsed: 54s, ETA:    22s[>>>>>>>>>>>>>>>>>>        ] 5530/7824, 102.4 task/s, elapsed: 54s, ETA:    22s[>>>>>>>>>>>>>>>>>>        ] 5531/7824, 102.4 task/s, elapsed: 54s, ETA:    22s[>>>>>>>>>>>>>>>>>>        ] 5532/7824, 102.4 task/s, elapsed: 54s, ETA:    22s[>>>>>>>>>>>>>>>>>>        ] 5533/7824, 102.4 task/s, elapsed: 54s, ETA:    22s[>>>>>>>>>>>>>>>>>>        ] 5534/7824, 102.4 task/s, elapsed: 54s, ETA:    22s[>>>>>>>>>>>>>>>>>>        ] 5535/7824, 102.4 task/s, elapsed: 54s, ETA:    22s[>>>>>>>>>>>>>>>>>>        ] 5536/7824, 102.4 task/s, elapsed: 54s, ETA:    22s[>>>>>>>>>>>>>>>>>>        ] 5537/7824, 102.4 task/s, elapsed: 54s, ETA:    22s[>>>>>>>>>>>>>>>>>>        ] 5538/7824, 102.4 task/s, elapsed: 54s, ETA:    22s[>>>>>>>>>>>>>>>>>>        ] 5539/7824, 102.4 task/s, elapsed: 54s, ETA:    22s[>>>>>>>>>>>>>>>>>>        ] 5540/7824, 102.4 task/s, elapsed: 54s, ETA:    22s[>>>>>>>>>>>>>>>>>>        ] 5541/7824, 102.4 task/s, elapsed: 54s, ETA:    22s[>>>>>>>>>>>>>>>>>>        ] 5542/7824, 102.4 task/s, elapsed: 54s, ETA:    22s[>>>>>>>>>>>>>>>>>>        ] 5543/7824, 102.4 task/s, elapsed: 54s, ETA:    22s[>>>>>>>>>>>>>>>>>>        ] 5544/7824, 102.4 task/s, elapsed: 54s, ETA:    22s[>>>>>>>>>>>>>>>>>>        ] 5545/7824, 102.4 task/s, elapsed: 54s, ETA:    22s[>>>>>>>>>>>>>>>>>>        ] 5546/7824, 102.4 task/s, elapsed: 54s, ETA:    22s[>>>>>>>>>>>>>>>>>>        ] 5547/7824, 102.4 task/s, elapsed: 54s, ETA:    22s[>>>>>>>>>>>>>>>>>>        ] 5548/7824, 102.4 task/s, elapsed: 54s, ETA:    22s[>>>>>>>>>>>>>>>>>>        ] 5549/7824, 102.4 task/s, elapsed: 54s, ETA:    22s[>>>>>>>>>>>>>>>>>>        ] 5550/7824, 102.4 task/s, elapsed: 54s, ETA:    22s[>>>>>>>>>>>>>>>>>>        ] 5551/7824, 102.4 task/s, elapsed: 54s, ETA:    22s[>>>>>>>>>>>>>>>>>>        ] 5552/7824, 102.4 task/s, elapsed: 54s, ETA:    22s[>>>>>>>>>>>>>>>>>>        ] 5553/7824, 102.4 task/s, elapsed: 54s, ETA:    22s[>>>>>>>>>>>>>>>>>>        ] 5554/7824, 102.4 task/s, elapsed: 54s, ETA:    22s[>>>>>>>>>>>>>>>>>>        ] 5555/7824, 102.4 task/s, elapsed: 54s, ETA:    22s[>>>>>>>>>>>>>>>>>>        ] 5556/7824, 102.4 task/s, elapsed: 54s, ETA:    22s[>>>>>>>>>>>>>>>>>>        ] 5557/7824, 102.4 task/s, elapsed: 54s, ETA:    22s[>>>>>>>>>>>>>>>>>>        ] 5558/7824, 102.4 task/s, elapsed: 54s, ETA:    22s[>>>>>>>>>>>>>>>>>>        ] 5559/7824, 102.4 task/s, elapsed: 54s, ETA:    22s[>>>>>>>>>>>>>>>>>>        ] 5560/7824, 102.4 task/s, elapsed: 54s, ETA:    22s[>>>>>>>>>>>>>>>>>>        ] 5561/7824, 102.4 task/s, elapsed: 54s, ETA:    22s[>>>>>>>>>>>>>>>>>>        ] 5562/7824, 102.4 task/s, elapsed: 54s, ETA:    22s[>>>>>>>>>>>>>>>>>>        ] 5563/7824, 102.4 task/s, elapsed: 54s, ETA:    22s[>>>>>>>>>>>>>>>>>>        ] 5564/7824, 102.4 task/s, elapsed: 54s, ETA:    22s[>>>>>>>>>>>>>>>>>>        ] 5565/7824, 102.4 task/s, elapsed: 54s, ETA:    22s[>>>>>>>>>>>>>>>>>>        ] 5566/7824, 102.4 task/s, elapsed: 54s, ETA:    22s[>>>>>>>>>>>>>>>>>>        ] 5567/7824, 102.4 task/s, elapsed: 54s, ETA:    22s[>>>>>>>>>>>>>>>>>>        ] 5568/7824, 102.4 task/s, elapsed: 54s, ETA:    22s[>>>>>>>>>>>>>>>>>>        ] 5569/7824, 102.4 task/s, elapsed: 54s, ETA:    22s[>>>>>>>>>>>>>>>>>>        ] 5570/7824, 102.4 task/s, elapsed: 54s, ETA:    22s[>>>>>>>>>>>>>>>>>>        ] 5571/7824, 102.4 task/s, elapsed: 54s, ETA:    22s[>>>>>>>>>>>>>>>>>>        ] 5572/7824, 102.4 task/s, elapsed: 54s, ETA:    22s[>>>>>>>>>>>>>>>>>>        ] 5573/7824, 102.4 task/s, elapsed: 54s, ETA:    22s[>>>>>>>>>>>>>>>>>>        ] 5574/7824, 102.4 task/s, elapsed: 54s, ETA:    22s[>>>>>>>>>>>>>>>>>>        ] 5575/7824, 102.4 task/s, elapsed: 54s, ETA:    22s[>>>>>>>>>>>>>>>>>>        ] 5576/7824, 102.4 task/s, elapsed: 54s, ETA:    22s[>>>>>>>>>>>>>>>>>>        ] 5577/7824, 102.4 task/s, elapsed: 54s, ETA:    22s[>>>>>>>>>>>>>>>>>>        ] 5578/7824, 102.4 task/s, elapsed: 54s, ETA:    22s[>>>>>>>>>>>>>>>>>>        ] 5579/7824, 102.4 task/s, elapsed: 54s, ETA:    22s[>>>>>>>>>>>>>>>>>>        ] 5580/7824, 102.4 task/s, elapsed: 54s, ETA:    22s[>>>>>>>>>>>>>>>>>>        ] 5581/7824, 102.4 task/s, elapsed: 54s, ETA:    22s[>>>>>>>>>>>>>>>>>>        ] 5582/7824, 102.4 task/s, elapsed: 54s, ETA:    22s[>>>>>>>>>>>>>>>>>>        ] 5583/7824, 102.4 task/s, elapsed: 54s, ETA:    22s[>>>>>>>>>>>>>>>>>>        ] 5584/7824, 102.5 task/s, elapsed: 55s, ETA:    22s[>>>>>>>>>>>>>>>>>>        ] 5585/7824, 102.5 task/s, elapsed: 55s, ETA:    22s[>>>>>>>>>>>>>>>>>>        ] 5586/7824, 102.5 task/s, elapsed: 55s, ETA:    22s[>>>>>>>>>>>>>>>>>>        ] 5587/7824, 102.5 task/s, elapsed: 55s, ETA:    22s[>>>>>>>>>>>>>>>>>>        ] 5588/7824, 102.5 task/s, elapsed: 55s, ETA:    22s[>>>>>>>>>>>>>>>>>>        ] 5589/7824, 102.5 task/s, elapsed: 55s, ETA:    22s[>>>>>>>>>>>>>>>>>>        ] 5590/7824, 102.5 task/s, elapsed: 55s, ETA:    22s[>>>>>>>>>>>>>>>>>>        ] 5591/7824, 102.5 task/s, elapsed: 55s, ETA:    22s[>>>>>>>>>>>>>>>>>>        ] 5592/7824, 102.5 task/s, elapsed: 55s, ETA:    22s[>>>>>>>>>>>>>>>>>>        ] 5593/7824, 102.5 task/s, elapsed: 55s, ETA:    22s[>>>>>>>>>>>>>>>>>>        ] 5594/7824, 102.5 task/s, elapsed: 55s, ETA:    22s[>>>>>>>>>>>>>>>>>>        ] 5595/7824, 102.5 task/s, elapsed: 55s, ETA:    22s[>>>>>>>>>>>>>>>>>>        ] 5596/7824, 102.5 task/s, elapsed: 55s, ETA:    22s[>>>>>>>>>>>>>>>>>>        ] 5597/7824, 102.5 task/s, elapsed: 55s, ETA:    22s[>>>>>>>>>>>>>>>>>>        ] 5598/7824, 102.5 task/s, elapsed: 55s, ETA:    22s[>>>>>>>>>>>>>>>>>>        ] 5599/7824, 102.5 task/s, elapsed: 55s, ETA:    22s[>>>>>>>>>>>>>>>>>>        ] 5600/7824, 102.5 task/s, elapsed: 55s, ETA:    22s[>>>>>>>>>>>>>>>>>>        ] 5601/7824, 102.5 task/s, elapsed: 55s, ETA:    22s[>>>>>>>>>>>>>>>>>>        ] 5602/7824, 102.5 task/s, elapsed: 55s, ETA:    22s[>>>>>>>>>>>>>>>>>>        ] 5603/7824, 102.5 task/s, elapsed: 55s, ETA:    22s[>>>>>>>>>>>>>>>>>>        ] 5604/7824, 102.5 task/s, elapsed: 55s, ETA:    22s[>>>>>>>>>>>>>>>>>>        ] 5605/7824, 102.5 task/s, elapsed: 55s, ETA:    22s[>>>>>>>>>>>>>>>>>>        ] 5606/7824, 102.5 task/s, elapsed: 55s, ETA:    22s[>>>>>>>>>>>>>>>>>>        ] 5607/7824, 102.5 task/s, elapsed: 55s, ETA:    22s[>>>>>>>>>>>>>>>>>>        ] 5608/7824, 102.5 task/s, elapsed: 55s, ETA:    22s[>>>>>>>>>>>>>>>>>>        ] 5609/7824, 102.5 task/s, elapsed: 55s, ETA:    22s[>>>>>>>>>>>>>>>>>>        ] 5610/7824, 102.5 task/s, elapsed: 55s, ETA:    22s[>>>>>>>>>>>>>>>>>>        ] 5611/7824, 102.5 task/s, elapsed: 55s, ETA:    22s[>>>>>>>>>>>>>>>>>>        ] 5612/7824, 102.5 task/s, elapsed: 55s, ETA:    22s[>>>>>>>>>>>>>>>>>>        ] 5613/7824, 102.5 task/s, elapsed: 55s, ETA:    22s[>>>>>>>>>>>>>>>>>>        ] 5614/7824, 102.5 task/s, elapsed: 55s, ETA:    22s[>>>>>>>>>>>>>>>>>>        ] 5615/7824, 102.5 task/s, elapsed: 55s, ETA:    22s[>>>>>>>>>>>>>>>>>>        ] 5616/7824, 102.5 task/s, elapsed: 55s, ETA:    22s[>>>>>>>>>>>>>>>>>>        ] 5617/7824, 102.5 task/s, elapsed: 55s, ETA:    22s[>>>>>>>>>>>>>>>>>>        ] 5618/7824, 102.5 task/s, elapsed: 55s, ETA:    22s[>>>>>>>>>>>>>>>>>>        ] 5619/7824, 102.5 task/s, elapsed: 55s, ETA:    22s[>>>>>>>>>>>>>>>>>>        ] 5620/7824, 102.5 task/s, elapsed: 55s, ETA:    22s[>>>>>>>>>>>>>>>>>>        ] 5621/7824, 102.5 task/s, elapsed: 55s, ETA:    21s[>>>>>>>>>>>>>>>>>>        ] 5622/7824, 102.5 task/s, elapsed: 55s, ETA:    21s[>>>>>>>>>>>>>>>>>>        ] 5623/7824, 102.5 task/s, elapsed: 55s, ETA:    21s[>>>>>>>>>>>>>>>>>>        ] 5624/7824, 102.5 task/s, elapsed: 55s, ETA:    21s[>>>>>>>>>>>>>>>>>>        ] 5625/7824, 102.5 task/s, elapsed: 55s, ETA:    21s[>>>>>>>>>>>>>>>>>>        ] 5626/7824, 102.5 task/s, elapsed: 55s, ETA:    21s[>>>>>>>>>>>>>>>>>>        ] 5627/7824, 102.5 task/s, elapsed: 55s, ETA:    21s[>>>>>>>>>>>>>>>>>>        ] 5628/7824, 102.5 task/s, elapsed: 55s, ETA:    21s[>>>>>>>>>>>>>>>>>>        ] 5629/7824, 102.5 task/s, elapsed: 55s, ETA:    21s[>>>>>>>>>>>>>>>>>>        ] 5630/7824, 102.5 task/s, elapsed: 55s, ETA:    21s[>>>>>>>>>>>>>>>>>>        ] 5631/7824, 102.5 task/s, elapsed: 55s, ETA:    21s[>>>>>>>>>>>>>>>>>>        ] 5632/7824, 102.5 task/s, elapsed: 55s, ETA:    21s[>>>>>>>>>>>>>>>>>>        ] 5633/7824, 102.5 task/s, elapsed: 55s, ETA:    21s[>>>>>>>>>>>>>>>>>>        ] 5634/7824, 102.5 task/s, elapsed: 55s, ETA:    21s[>>>>>>>>>>>>>>>>>>        ] 5635/7824, 102.5 task/s, elapsed: 55s, ETA:    21s[>>>>>>>>>>>>>>>>>>        ] 5636/7824, 102.5 task/s, elapsed: 55s, ETA:    21s[>>>>>>>>>>>>>>>>>>        ] 5637/7824, 102.5 task/s, elapsed: 55s, ETA:    21s[>>>>>>>>>>>>>>>>>>        ] 5638/7824, 102.5 task/s, elapsed: 55s, ETA:    21s[>>>>>>>>>>>>>>>>>>        ] 5639/7824, 102.5 task/s, elapsed: 55s, ETA:    21s[>>>>>>>>>>>>>>>>>>        ] 5640/7824, 102.5 task/s, elapsed: 55s, ETA:    21s[>>>>>>>>>>>>>>>>>>        ] 5641/7824, 102.5 task/s, elapsed: 55s, ETA:    21s[>>>>>>>>>>>>>>>>>>        ] 5642/7824, 102.5 task/s, elapsed: 55s, ETA:    21s[>>>>>>>>>>>>>>>>>>        ] 5643/7824, 102.5 task/s, elapsed: 55s, ETA:    21s[>>>>>>>>>>>>>>>>>>        ] 5644/7824, 102.5 task/s, elapsed: 55s, ETA:    21s[>>>>>>>>>>>>>>>>>>        ] 5645/7824, 102.5 task/s, elapsed: 55s, ETA:    21s[>>>>>>>>>>>>>>>>>>        ] 5646/7824, 102.5 task/s, elapsed: 55s, ETA:    21s[>>>>>>>>>>>>>>>>>>        ] 5647/7824, 102.5 task/s, elapsed: 55s, ETA:    21s[>>>>>>>>>>>>>>>>>>        ] 5648/7824, 102.5 task/s, elapsed: 55s, ETA:    21s[>>>>>>>>>>>>>>>>>>        ] 5649/7824, 102.5 task/s, elapsed: 55s, ETA:    21s[>>>>>>>>>>>>>>>>>>        ] 5650/7824, 102.5 task/s, elapsed: 55s, ETA:    21s[>>>>>>>>>>>>>>>>>>        ] 5651/7824, 102.5 task/s, elapsed: 55s, ETA:    21s[>>>>>>>>>>>>>>>>>>        ] 5652/7824, 102.5 task/s, elapsed: 55s, ETA:    21s[>>>>>>>>>>>>>>>>>>        ] 5653/7824, 102.5 task/s, elapsed: 55s, ETA:    21s[>>>>>>>>>>>>>>>>>>        ] 5654/7824, 102.5 task/s, elapsed: 55s, ETA:    21s[>>>>>>>>>>>>>>>>>>        ] 5655/7824, 102.5 task/s, elapsed: 55s, ETA:    21s[>>>>>>>>>>>>>>>>>>        ] 5656/7824, 102.6 task/s, elapsed: 55s, ETA:    21s[>>>>>>>>>>>>>>>>>>        ] 5657/7824, 102.6 task/s, elapsed: 55s, ETA:    21s[>>>>>>>>>>>>>>>>>>        ] 5658/7824, 102.6 task/s, elapsed: 55s, ETA:    21s[>>>>>>>>>>>>>>>>>>        ] 5659/7824, 102.6 task/s, elapsed: 55s, ETA:    21s[>>>>>>>>>>>>>>>>>>        ] 5660/7824, 102.6 task/s, elapsed: 55s, ETA:    21s[>>>>>>>>>>>>>>>>>>        ] 5661/7824, 102.6 task/s, elapsed: 55s, ETA:    21s[>>>>>>>>>>>>>>>>>>        ] 5662/7824, 102.6 task/s, elapsed: 55s, ETA:    21s[>>>>>>>>>>>>>>>>>>        ] 5663/7824, 102.6 task/s, elapsed: 55s, ETA:    21s[>>>>>>>>>>>>>>>>>>        ] 5664/7824, 102.6 task/s, elapsed: 55s, ETA:    21s[>>>>>>>>>>>>>>>>>>        ] 5665/7824, 102.6 task/s, elapsed: 55s, ETA:    21s[>>>>>>>>>>>>>>>>>>        ] 5666/7824, 102.6 task/s, elapsed: 55s, ETA:    21s[>>>>>>>>>>>>>>>>>>        ] 5667/7824, 102.6 task/s, elapsed: 55s, ETA:    21s[>>>>>>>>>>>>>>>>>>        ] 5668/7824, 102.6 task/s, elapsed: 55s, ETA:    21s[>>>>>>>>>>>>>>>>>>        ] 5669/7824, 102.6 task/s, elapsed: 55s, ETA:    21s[>>>>>>>>>>>>>>>>>>        ] 5670/7824, 102.6 task/s, elapsed: 55s, ETA:    21s[>>>>>>>>>>>>>>>>>>        ] 5671/7824, 102.6 task/s, elapsed: 55s, ETA:    21s[>>>>>>>>>>>>>>>>>>        ] 5672/7824, 102.6 task/s, elapsed: 55s, ETA:    21s[>>>>>>>>>>>>>>>>>>        ] 5673/7824, 102.6 task/s, elapsed: 55s, ETA:    21s[>>>>>>>>>>>>>>>>>>        ] 5674/7824, 102.6 task/s, elapsed: 55s, ETA:    21s[>>>>>>>>>>>>>>>>>>        ] 5675/7824, 102.6 task/s, elapsed: 55s, ETA:    21s[>>>>>>>>>>>>>>>>>>        ] 5676/7824, 102.6 task/s, elapsed: 55s, ETA:    21s[>>>>>>>>>>>>>>>>>>        ] 5677/7824, 102.6 task/s, elapsed: 55s, ETA:    21s[>>>>>>>>>>>>>>>>>>        ] 5678/7824, 102.6 task/s, elapsed: 55s, ETA:    21s[>>>>>>>>>>>>>>>>>>        ] 5679/7824, 102.6 task/s, elapsed: 55s, ETA:    21s[>>>>>>>>>>>>>>>>>>        ] 5680/7824, 102.6 task/s, elapsed: 55s, ETA:    21s[>>>>>>>>>>>>>>>>>>        ] 5681/7824, 102.6 task/s, elapsed: 55s, ETA:    21s[>>>>>>>>>>>>>>>>>>        ] 5682/7824, 102.6 task/s, elapsed: 55s, ETA:    21s[>>>>>>>>>>>>>>>>>>        ] 5683/7824, 102.6 task/s, elapsed: 55s, ETA:    21s[>>>>>>>>>>>>>>>>>>        ] 5684/7824, 102.6 task/s, elapsed: 55s, ETA:    21s[>>>>>>>>>>>>>>>>>>        ] 5685/7824, 102.6 task/s, elapsed: 55s, ETA:    21s[>>>>>>>>>>>>>>>>>>        ] 5686/7824, 102.6 task/s, elapsed: 55s, ETA:    21s[>>>>>>>>>>>>>>>>>>        ] 5687/7824, 102.6 task/s, elapsed: 55s, ETA:    21s[>>>>>>>>>>>>>>>>>>        ] 5688/7824, 102.6 task/s, elapsed: 55s, ETA:    21s[>>>>>>>>>>>>>>>>>>        ] 5689/7824, 102.6 task/s, elapsed: 55s, ETA:    21s[>>>>>>>>>>>>>>>>>>        ] 5690/7824, 102.6 task/s, elapsed: 55s, ETA:    21s[>>>>>>>>>>>>>>>>>>        ] 5691/7824, 102.6 task/s, elapsed: 55s, ETA:    21s[>>>>>>>>>>>>>>>>>>        ] 5692/7824, 102.6 task/s, elapsed: 55s, ETA:    21s[>>>>>>>>>>>>>>>>>>        ] 5693/7824, 102.6 task/s, elapsed: 55s, ETA:    21s[>>>>>>>>>>>>>>>>>>        ] 5694/7824, 102.6 task/s, elapsed: 56s, ETA:    21s[>>>>>>>>>>>>>>>>>>        ] 5695/7824, 102.6 task/s, elapsed: 56s, ETA:    21s[>>>>>>>>>>>>>>>>>>        ] 5696/7824, 102.6 task/s, elapsed: 56s, ETA:    21s[>>>>>>>>>>>>>>>>>>        ] 5697/7824, 102.6 task/s, elapsed: 56s, ETA:    21s[>>>>>>>>>>>>>>>>>>        ] 5698/7824, 102.6 task/s, elapsed: 56s, ETA:    21s[>>>>>>>>>>>>>>>>>>        ] 5699/7824, 102.6 task/s, elapsed: 56s, ETA:    21s[>>>>>>>>>>>>>>>>>>        ] 5700/7824, 102.6 task/s, elapsed: 56s, ETA:    21s[>>>>>>>>>>>>>>>>>>        ] 5701/7824, 102.6 task/s, elapsed: 56s, ETA:    21s[>>>>>>>>>>>>>>>>>>        ] 5702/7824, 102.6 task/s, elapsed: 56s, ETA:    21s[>>>>>>>>>>>>>>>>>>        ] 5703/7824, 102.6 task/s, elapsed: 56s, ETA:    21s[>>>>>>>>>>>>>>>>>>        ] 5704/7824, 102.6 task/s, elapsed: 56s, ETA:    21s[>>>>>>>>>>>>>>>>>>        ] 5705/7824, 102.6 task/s, elapsed: 56s, ETA:    21s[>>>>>>>>>>>>>>>>>>        ] 5706/7824, 102.6 task/s, elapsed: 56s, ETA:    21s[>>>>>>>>>>>>>>>>>>        ] 5707/7824, 102.6 task/s, elapsed: 56s, ETA:    21s[>>>>>>>>>>>>>>>>>>        ] 5708/7824, 102.6 task/s, elapsed: 56s, ETA:    21s[>>>>>>>>>>>>>>>>>>        ] 5709/7824, 102.6 task/s, elapsed: 56s, ETA:    21s[>>>>>>>>>>>>>>>>>>        ] 5710/7824, 102.6 task/s, elapsed: 56s, ETA:    21s[>>>>>>>>>>>>>>>>>>        ] 5711/7824, 102.6 task/s, elapsed: 56s, ETA:    21s[>>>>>>>>>>>>>>>>>>        ] 5712/7824, 102.6 task/s, elapsed: 56s, ETA:    21s[>>>>>>>>>>>>>>>>>>        ] 5713/7824, 102.6 task/s, elapsed: 56s, ETA:    21s[>>>>>>>>>>>>>>>>>>        ] 5714/7824, 102.6 task/s, elapsed: 56s, ETA:    21s[>>>>>>>>>>>>>>>>>>        ] 5715/7824, 102.6 task/s, elapsed: 56s, ETA:    21s[>>>>>>>>>>>>>>>>>>        ] 5716/7824, 102.6 task/s, elapsed: 56s, ETA:    21s[>>>>>>>>>>>>>>>>>>        ] 5717/7824, 102.6 task/s, elapsed: 56s, ETA:    21s[>>>>>>>>>>>>>>>>>>>       ] 5718/7824, 102.6 task/s, elapsed: 56s, ETA:    21s[>>>>>>>>>>>>>>>>>>>       ] 5719/7824, 102.6 task/s, elapsed: 56s, ETA:    21s[>>>>>>>>>>>>>>>>>>>       ] 5720/7824, 102.6 task/s, elapsed: 56s, ETA:    20s[>>>>>>>>>>>>>>>>>>>       ] 5721/7824, 102.6 task/s, elapsed: 56s, ETA:    20s[>>>>>>>>>>>>>>>>>>>       ] 5722/7824, 102.6 task/s, elapsed: 56s, ETA:    20s[>>>>>>>>>>>>>>>>>>>       ] 5723/7824, 102.6 task/s, elapsed: 56s, ETA:    20s[>>>>>>>>>>>>>>>>>>>       ] 5724/7824, 102.6 task/s, elapsed: 56s, ETA:    20s[>>>>>>>>>>>>>>>>>>>       ] 5725/7824, 102.6 task/s, elapsed: 56s, ETA:    20s[>>>>>>>>>>>>>>>>>>>       ] 5726/7824, 102.6 task/s, elapsed: 56s, ETA:    20s[>>>>>>>>>>>>>>>>>>>       ] 5727/7824, 102.6 task/s, elapsed: 56s, ETA:    20s[>>>>>>>>>>>>>>>>>>>       ] 5728/7824, 102.7 task/s, elapsed: 56s, ETA:    20s[>>>>>>>>>>>>>>>>>>>       ] 5729/7824, 102.7 task/s, elapsed: 56s, ETA:    20s[>>>>>>>>>>>>>>>>>>>       ] 5730/7824, 102.7 task/s, elapsed: 56s, ETA:    20s[>>>>>>>>>>>>>>>>>>>       ] 5731/7824, 102.7 task/s, elapsed: 56s, ETA:    20s[>>>>>>>>>>>>>>>>>>>       ] 5732/7824, 102.7 task/s, elapsed: 56s, ETA:    20s[>>>>>>>>>>>>>>>>>>>       ] 5733/7824, 102.7 task/s, elapsed: 56s, ETA:    20s[>>>>>>>>>>>>>>>>>>>       ] 5734/7824, 102.7 task/s, elapsed: 56s, ETA:    20s[>>>>>>>>>>>>>>>>>>>       ] 5735/7824, 102.7 task/s, elapsed: 56s, ETA:    20s[>>>>>>>>>>>>>>>>>>>       ] 5736/7824, 102.7 task/s, elapsed: 56s, ETA:    20s[>>>>>>>>>>>>>>>>>>>       ] 5737/7824, 102.7 task/s, elapsed: 56s, ETA:    20s[>>>>>>>>>>>>>>>>>>>       ] 5738/7824, 102.7 task/s, elapsed: 56s, ETA:    20s[>>>>>>>>>>>>>>>>>>>       ] 5739/7824, 102.7 task/s, elapsed: 56s, ETA:    20s[>>>>>>>>>>>>>>>>>>>       ] 5740/7824, 102.7 task/s, elapsed: 56s, ETA:    20s[>>>>>>>>>>>>>>>>>>>       ] 5741/7824, 102.7 task/s, elapsed: 56s, ETA:    20s[>>>>>>>>>>>>>>>>>>>       ] 5742/7824, 102.7 task/s, elapsed: 56s, ETA:    20s[>>>>>>>>>>>>>>>>>>>       ] 5743/7824, 102.7 task/s, elapsed: 56s, ETA:    20s[>>>>>>>>>>>>>>>>>>>       ] 5744/7824, 102.7 task/s, elapsed: 56s, ETA:    20s[>>>>>>>>>>>>>>>>>>>       ] 5745/7824, 102.7 task/s, elapsed: 56s, ETA:    20s[>>>>>>>>>>>>>>>>>>>       ] 5746/7824, 102.7 task/s, elapsed: 56s, ETA:    20s[>>>>>>>>>>>>>>>>>>>       ] 5747/7824, 102.7 task/s, elapsed: 56s, ETA:    20s[>>>>>>>>>>>>>>>>>>>       ] 5748/7824, 102.7 task/s, elapsed: 56s, ETA:    20s[>>>>>>>>>>>>>>>>>>>       ] 5749/7824, 102.7 task/s, elapsed: 56s, ETA:    20s[>>>>>>>>>>>>>>>>>>>       ] 5750/7824, 102.7 task/s, elapsed: 56s, ETA:    20s[>>>>>>>>>>>>>>>>>>>       ] 5751/7824, 102.7 task/s, elapsed: 56s, ETA:    20s[>>>>>>>>>>>>>>>>>>>       ] 5752/7824, 102.7 task/s, elapsed: 56s, ETA:    20s[>>>>>>>>>>>>>>>>>>>       ] 5753/7824, 102.7 task/s, elapsed: 56s, ETA:    20s[>>>>>>>>>>>>>>>>>>>       ] 5754/7824, 102.7 task/s, elapsed: 56s, ETA:    20s[>>>>>>>>>>>>>>>>>>>       ] 5755/7824, 102.7 task/s, elapsed: 56s, ETA:    20s[>>>>>>>>>>>>>>>>>>>       ] 5756/7824, 102.7 task/s, elapsed: 56s, ETA:    20s[>>>>>>>>>>>>>>>>>>>       ] 5757/7824, 102.7 task/s, elapsed: 56s, ETA:    20s[>>>>>>>>>>>>>>>>>>>       ] 5758/7824, 102.7 task/s, elapsed: 56s, ETA:    20s[>>>>>>>>>>>>>>>>>>>       ] 5759/7824, 102.7 task/s, elapsed: 56s, ETA:    20s[>>>>>>>>>>>>>>>>>>>       ] 5760/7824, 102.7 task/s, elapsed: 56s, ETA:    20s[>>>>>>>>>>>>>>>>>>>       ] 5761/7824, 102.7 task/s, elapsed: 56s, ETA:    20s[>>>>>>>>>>>>>>>>>>>       ] 5762/7824, 102.7 task/s, elapsed: 56s, ETA:    20s[>>>>>>>>>>>>>>>>>>>       ] 5763/7824, 102.7 task/s, elapsed: 56s, ETA:    20s[>>>>>>>>>>>>>>>>>>>       ] 5764/7824, 102.7 task/s, elapsed: 56s, ETA:    20s[>>>>>>>>>>>>>>>>>>>       ] 5765/7824, 102.7 task/s, elapsed: 56s, ETA:    20s[>>>>>>>>>>>>>>>>>>>       ] 5766/7824, 102.7 task/s, elapsed: 56s, ETA:    20s[>>>>>>>>>>>>>>>>>>>       ] 5767/7824, 102.7 task/s, elapsed: 56s, ETA:    20s[>>>>>>>>>>>>>>>>>>>       ] 5768/7824, 102.7 task/s, elapsed: 56s, ETA:    20s[>>>>>>>>>>>>>>>>>>>       ] 5769/7824, 102.7 task/s, elapsed: 56s, ETA:    20s[>>>>>>>>>>>>>>>>>>>       ] 5770/7824, 102.7 task/s, elapsed: 56s, ETA:    20s[>>>>>>>>>>>>>>>>>>>       ] 5771/7824, 102.7 task/s, elapsed: 56s, ETA:    20s[>>>>>>>>>>>>>>>>>>>       ] 5772/7824, 102.7 task/s, elapsed: 56s, ETA:    20s[>>>>>>>>>>>>>>>>>>>       ] 5773/7824, 102.7 task/s, elapsed: 56s, ETA:    20s[>>>>>>>>>>>>>>>>>>>       ] 5774/7824, 102.7 task/s, elapsed: 56s, ETA:    20s[>>>>>>>>>>>>>>>>>>>       ] 5775/7824, 102.7 task/s, elapsed: 56s, ETA:    20s[>>>>>>>>>>>>>>>>>>>       ] 5776/7824, 102.7 task/s, elapsed: 56s, ETA:    20s[>>>>>>>>>>>>>>>>>>>       ] 5777/7824, 102.7 task/s, elapsed: 56s, ETA:    20s[>>>>>>>>>>>>>>>>>>>       ] 5778/7824, 102.7 task/s, elapsed: 56s, ETA:    20s[>>>>>>>>>>>>>>>>>>>       ] 5779/7824, 102.7 task/s, elapsed: 56s, ETA:    20s[>>>>>>>>>>>>>>>>>>>       ] 5780/7824, 102.7 task/s, elapsed: 56s, ETA:    20s[>>>>>>>>>>>>>>>>>>>       ] 5781/7824, 102.7 task/s, elapsed: 56s, ETA:    20s[>>>>>>>>>>>>>>>>>>>       ] 5782/7824, 102.7 task/s, elapsed: 56s, ETA:    20s[>>>>>>>>>>>>>>>>>>>       ] 5783/7824, 102.7 task/s, elapsed: 56s, ETA:    20s[>>>>>>>>>>>>>>>>>>>       ] 5784/7824, 102.7 task/s, elapsed: 56s, ETA:    20s[>>>>>>>>>>>>>>>>>>>       ] 5785/7824, 102.7 task/s, elapsed: 56s, ETA:    20s[>>>>>>>>>>>>>>>>>>>       ] 5786/7824, 102.7 task/s, elapsed: 56s, ETA:    20s[>>>>>>>>>>>>>>>>>>>       ] 5787/7824, 102.7 task/s, elapsed: 56s, ETA:    20s[>>>>>>>>>>>>>>>>>>>       ] 5788/7824, 102.7 task/s, elapsed: 56s, ETA:    20s[>>>>>>>>>>>>>>>>>>>       ] 5789/7824, 102.7 task/s, elapsed: 56s, ETA:    20s[>>>>>>>>>>>>>>>>>>>       ] 5790/7824, 102.7 task/s, elapsed: 56s, ETA:    20s[>>>>>>>>>>>>>>>>>>>       ] 5791/7824, 102.7 task/s, elapsed: 56s, ETA:    20s[>>>>>>>>>>>>>>>>>>>       ] 5792/7824, 102.7 task/s, elapsed: 56s, ETA:    20s[>>>>>>>>>>>>>>>>>>>       ] 5793/7824, 102.7 task/s, elapsed: 56s, ETA:    20s[>>>>>>>>>>>>>>>>>>>       ] 5794/7824, 102.7 task/s, elapsed: 56s, ETA:    20s[>>>>>>>>>>>>>>>>>>>       ] 5795/7824, 102.7 task/s, elapsed: 56s, ETA:    20s[>>>>>>>>>>>>>>>>>>>       ] 5796/7824, 102.7 task/s, elapsed: 56s, ETA:    20s[>>>>>>>>>>>>>>>>>>>       ] 5797/7824, 102.7 task/s, elapsed: 56s, ETA:    20s[>>>>>>>>>>>>>>>>>>>       ] 5798/7824, 102.7 task/s, elapsed: 56s, ETA:    20s[>>>>>>>>>>>>>>>>>>>       ] 5799/7824, 102.7 task/s, elapsed: 56s, ETA:    20s[>>>>>>>>>>>>>>>>>>>       ] 5800/7824, 102.8 task/s, elapsed: 56s, ETA:    20s[>>>>>>>>>>>>>>>>>>>       ] 5801/7824, 102.8 task/s, elapsed: 56s, ETA:    20s[>>>>>>>>>>>>>>>>>>>       ] 5802/7824, 102.8 task/s, elapsed: 56s, ETA:    20s[>>>>>>>>>>>>>>>>>>>       ] 5803/7824, 102.8 task/s, elapsed: 56s, ETA:    20s[>>>>>>>>>>>>>>>>>>>       ] 5804/7824, 102.8 task/s, elapsed: 56s, ETA:    20s[>>>>>>>>>>>>>>>>>>>       ] 5805/7824, 102.8 task/s, elapsed: 56s, ETA:    20s[>>>>>>>>>>>>>>>>>>>       ] 5806/7824, 102.8 task/s, elapsed: 57s, ETA:    20s[>>>>>>>>>>>>>>>>>>>       ] 5807/7824, 102.8 task/s, elapsed: 57s, ETA:    20s[>>>>>>>>>>>>>>>>>>>       ] 5808/7824, 102.8 task/s, elapsed: 57s, ETA:    20s[>>>>>>>>>>>>>>>>>>>       ] 5809/7824, 102.8 task/s, elapsed: 57s, ETA:    20s[>>>>>>>>>>>>>>>>>>>       ] 5810/7824, 102.8 task/s, elapsed: 57s, ETA:    20s[>>>>>>>>>>>>>>>>>>>       ] 5811/7824, 102.8 task/s, elapsed: 57s, ETA:    20s[>>>>>>>>>>>>>>>>>>>       ] 5812/7824, 102.8 task/s, elapsed: 57s, ETA:    20s[>>>>>>>>>>>>>>>>>>>       ] 5813/7824, 102.8 task/s, elapsed: 57s, ETA:    20s[>>>>>>>>>>>>>>>>>>>       ] 5814/7824, 102.8 task/s, elapsed: 57s, ETA:    20s[>>>>>>>>>>>>>>>>>>>       ] 5815/7824, 102.8 task/s, elapsed: 57s, ETA:    20s[>>>>>>>>>>>>>>>>>>>       ] 5816/7824, 102.8 task/s, elapsed: 57s, ETA:    20s[>>>>>>>>>>>>>>>>>>>       ] 5817/7824, 102.8 task/s, elapsed: 57s, ETA:    20s[>>>>>>>>>>>>>>>>>>>       ] 5818/7824, 102.8 task/s, elapsed: 57s, ETA:    20s[>>>>>>>>>>>>>>>>>>>       ] 5819/7824, 102.8 task/s, elapsed: 57s, ETA:    20s[>>>>>>>>>>>>>>>>>>>       ] 5820/7824, 102.8 task/s, elapsed: 57s, ETA:    19s[>>>>>>>>>>>>>>>>>>>       ] 5821/7824, 102.8 task/s, elapsed: 57s, ETA:    19s[>>>>>>>>>>>>>>>>>>>       ] 5822/7824, 102.8 task/s, elapsed: 57s, ETA:    19s[>>>>>>>>>>>>>>>>>>>       ] 5823/7824, 102.8 task/s, elapsed: 57s, ETA:    19s[>>>>>>>>>>>>>>>>>>>       ] 5824/7824, 102.8 task/s, elapsed: 57s, ETA:    19s[>>>>>>>>>>>>>>>>>>>       ] 5825/7824, 102.8 task/s, elapsed: 57s, ETA:    19s[>>>>>>>>>>>>>>>>>>>       ] 5826/7824, 102.8 task/s, elapsed: 57s, ETA:    19s[>>>>>>>>>>>>>>>>>>>       ] 5827/7824, 102.8 task/s, elapsed: 57s, ETA:    19s[>>>>>>>>>>>>>>>>>>>       ] 5828/7824, 102.8 task/s, elapsed: 57s, ETA:    19s[>>>>>>>>>>>>>>>>>>>       ] 5829/7824, 102.8 task/s, elapsed: 57s, ETA:    19s[>>>>>>>>>>>>>>>>>>>       ] 5830/7824, 102.8 task/s, elapsed: 57s, ETA:    19s[>>>>>>>>>>>>>>>>>>>       ] 5831/7824, 102.8 task/s, elapsed: 57s, ETA:    19s[>>>>>>>>>>>>>>>>>>>       ] 5832/7824, 102.8 task/s, elapsed: 57s, ETA:    19s[>>>>>>>>>>>>>>>>>>>       ] 5833/7824, 102.8 task/s, elapsed: 57s, ETA:    19s[>>>>>>>>>>>>>>>>>>>       ] 5834/7824, 102.8 task/s, elapsed: 57s, ETA:    19s[>>>>>>>>>>>>>>>>>>>       ] 5835/7824, 102.8 task/s, elapsed: 57s, ETA:    19s[>>>>>>>>>>>>>>>>>>>       ] 5836/7824, 102.8 task/s, elapsed: 57s, ETA:    19s[>>>>>>>>>>>>>>>>>>>       ] 5837/7824, 102.8 task/s, elapsed: 57s, ETA:    19s[>>>>>>>>>>>>>>>>>>>       ] 5838/7824, 102.8 task/s, elapsed: 57s, ETA:    19s[>>>>>>>>>>>>>>>>>>>       ] 5839/7824, 102.8 task/s, elapsed: 57s, ETA:    19s[>>>>>>>>>>>>>>>>>>>       ] 5840/7824, 102.8 task/s, elapsed: 57s, ETA:    19s[>>>>>>>>>>>>>>>>>>>       ] 5841/7824, 102.8 task/s, elapsed: 57s, ETA:    19s[>>>>>>>>>>>>>>>>>>>       ] 5842/7824, 102.8 task/s, elapsed: 57s, ETA:    19s[>>>>>>>>>>>>>>>>>>>       ] 5843/7824, 102.8 task/s, elapsed: 57s, ETA:    19s[>>>>>>>>>>>>>>>>>>>       ] 5844/7824, 102.8 task/s, elapsed: 57s, ETA:    19s[>>>>>>>>>>>>>>>>>>>       ] 5845/7824, 102.8 task/s, elapsed: 57s, ETA:    19s[>>>>>>>>>>>>>>>>>>>       ] 5846/7824, 102.8 task/s, elapsed: 57s, ETA:    19s[>>>>>>>>>>>>>>>>>>>       ] 5847/7824, 102.8 task/s, elapsed: 57s, ETA:    19s[>>>>>>>>>>>>>>>>>>>       ] 5848/7824, 102.8 task/s, elapsed: 57s, ETA:    19s[>>>>>>>>>>>>>>>>>>>       ] 5849/7824, 102.8 task/s, elapsed: 57s, ETA:    19s[>>>>>>>>>>>>>>>>>>>       ] 5850/7824, 102.8 task/s, elapsed: 57s, ETA:    19s[>>>>>>>>>>>>>>>>>>>       ] 5851/7824, 102.8 task/s, elapsed: 57s, ETA:    19s[>>>>>>>>>>>>>>>>>>>       ] 5852/7824, 102.8 task/s, elapsed: 57s, ETA:    19s[>>>>>>>>>>>>>>>>>>>       ] 5853/7824, 102.8 task/s, elapsed: 57s, ETA:    19s[>>>>>>>>>>>>>>>>>>>       ] 5854/7824, 102.8 task/s, elapsed: 57s, ETA:    19s[>>>>>>>>>>>>>>>>>>>       ] 5855/7824, 102.8 task/s, elapsed: 57s, ETA:    19s[>>>>>>>>>>>>>>>>>>>       ] 5856/7824, 102.8 task/s, elapsed: 57s, ETA:    19s[>>>>>>>>>>>>>>>>>>>       ] 5857/7824, 102.8 task/s, elapsed: 57s, ETA:    19s[>>>>>>>>>>>>>>>>>>>       ] 5858/7824, 102.8 task/s, elapsed: 57s, ETA:    19s[>>>>>>>>>>>>>>>>>>>       ] 5859/7824, 102.8 task/s, elapsed: 57s, ETA:    19s[>>>>>>>>>>>>>>>>>>>       ] 5860/7824, 102.8 task/s, elapsed: 57s, ETA:    19s[>>>>>>>>>>>>>>>>>>>       ] 5861/7824, 102.8 task/s, elapsed: 57s, ETA:    19s[>>>>>>>>>>>>>>>>>>>       ] 5862/7824, 102.8 task/s, elapsed: 57s, ETA:    19s[>>>>>>>>>>>>>>>>>>>       ] 5863/7824, 102.8 task/s, elapsed: 57s, ETA:    19s[>>>>>>>>>>>>>>>>>>>       ] 5864/7824, 102.8 task/s, elapsed: 57s, ETA:    19s[>>>>>>>>>>>>>>>>>>>       ] 5865/7824, 102.8 task/s, elapsed: 57s, ETA:    19s[>>>>>>>>>>>>>>>>>>>       ] 5866/7824, 102.8 task/s, elapsed: 57s, ETA:    19s[>>>>>>>>>>>>>>>>>>>       ] 5867/7824, 102.8 task/s, elapsed: 57s, ETA:    19s[>>>>>>>>>>>>>>>>>>>       ] 5868/7824, 102.8 task/s, elapsed: 57s, ETA:    19s[>>>>>>>>>>>>>>>>>>>       ] 5869/7824, 102.9 task/s, elapsed: 57s, ETA:    19s[>>>>>>>>>>>>>>>>>>>       ] 5870/7824, 102.9 task/s, elapsed: 57s, ETA:    19s[>>>>>>>>>>>>>>>>>>>       ] 5871/7824, 102.9 task/s, elapsed: 57s, ETA:    19s[>>>>>>>>>>>>>>>>>>>       ] 5872/7824, 102.9 task/s, elapsed: 57s, ETA:    19s[>>>>>>>>>>>>>>>>>>>       ] 5873/7824, 102.9 task/s, elapsed: 57s, ETA:    19s[>>>>>>>>>>>>>>>>>>>       ] 5874/7824, 102.9 task/s, elapsed: 57s, ETA:    19s[>>>>>>>>>>>>>>>>>>>       ] 5875/7824, 102.9 task/s, elapsed: 57s, ETA:    19s[>>>>>>>>>>>>>>>>>>>       ] 5876/7824, 102.9 task/s, elapsed: 57s, ETA:    19s[>>>>>>>>>>>>>>>>>>>       ] 5877/7824, 102.9 task/s, elapsed: 57s, ETA:    19s[>>>>>>>>>>>>>>>>>>>       ] 5878/7824, 102.9 task/s, elapsed: 57s, ETA:    19s[>>>>>>>>>>>>>>>>>>>       ] 5879/7824, 102.9 task/s, elapsed: 57s, ETA:    19s[>>>>>>>>>>>>>>>>>>>       ] 5880/7824, 102.9 task/s, elapsed: 57s, ETA:    19s[>>>>>>>>>>>>>>>>>>>       ] 5881/7824, 102.9 task/s, elapsed: 57s, ETA:    19s[>>>>>>>>>>>>>>>>>>>       ] 5882/7824, 102.9 task/s, elapsed: 57s, ETA:    19s[>>>>>>>>>>>>>>>>>>>       ] 5883/7824, 102.9 task/s, elapsed: 57s, ETA:    19s[>>>>>>>>>>>>>>>>>>>       ] 5884/7824, 102.9 task/s, elapsed: 57s, ETA:    19s[>>>>>>>>>>>>>>>>>>>       ] 5885/7824, 102.9 task/s, elapsed: 57s, ETA:    19s[>>>>>>>>>>>>>>>>>>>       ] 5886/7824, 102.9 task/s, elapsed: 57s, ETA:    19s[>>>>>>>>>>>>>>>>>>>       ] 5887/7824, 102.9 task/s, elapsed: 57s, ETA:    19s[>>>>>>>>>>>>>>>>>>>       ] 5888/7824, 102.9 task/s, elapsed: 57s, ETA:    19s[>>>>>>>>>>>>>>>>>>>       ] 5889/7824, 102.9 task/s, elapsed: 57s, ETA:    19s[>>>>>>>>>>>>>>>>>>>       ] 5890/7824, 102.9 task/s, elapsed: 57s, ETA:    19s[>>>>>>>>>>>>>>>>>>>       ] 5891/7824, 102.9 task/s, elapsed: 57s, ETA:    19s[>>>>>>>>>>>>>>>>>>>       ] 5892/7824, 102.9 task/s, elapsed: 57s, ETA:    19s[>>>>>>>>>>>>>>>>>>>       ] 5893/7824, 102.9 task/s, elapsed: 57s, ETA:    19s[>>>>>>>>>>>>>>>>>>>       ] 5894/7824, 102.9 task/s, elapsed: 57s, ETA:    19s[>>>>>>>>>>>>>>>>>>>       ] 5895/7824, 102.9 task/s, elapsed: 57s, ETA:    19s[>>>>>>>>>>>>>>>>>>>       ] 5896/7824, 102.9 task/s, elapsed: 57s, ETA:    19s[>>>>>>>>>>>>>>>>>>>       ] 5897/7824, 102.9 task/s, elapsed: 57s, ETA:    19s[>>>>>>>>>>>>>>>>>>>       ] 5898/7824, 102.9 task/s, elapsed: 57s, ETA:    19s[>>>>>>>>>>>>>>>>>>>       ] 5899/7824, 102.9 task/s, elapsed: 57s, ETA:    19s[>>>>>>>>>>>>>>>>>>>       ] 5900/7824, 102.9 task/s, elapsed: 57s, ETA:    19s[>>>>>>>>>>>>>>>>>>>       ] 5901/7824, 102.9 task/s, elapsed: 57s, ETA:    19s[>>>>>>>>>>>>>>>>>>>       ] 5902/7824, 102.9 task/s, elapsed: 57s, ETA:    19s[>>>>>>>>>>>>>>>>>>>       ] 5903/7824, 102.9 task/s, elapsed: 57s, ETA:    19s[>>>>>>>>>>>>>>>>>>>       ] 5904/7824, 102.9 task/s, elapsed: 57s, ETA:    19s[>>>>>>>>>>>>>>>>>>>       ] 5905/7824, 102.9 task/s, elapsed: 57s, ETA:    19s[>>>>>>>>>>>>>>>>>>>       ] 5906/7824, 102.9 task/s, elapsed: 57s, ETA:    19s[>>>>>>>>>>>>>>>>>>>       ] 5907/7824, 102.9 task/s, elapsed: 57s, ETA:    19s[>>>>>>>>>>>>>>>>>>>       ] 5908/7824, 102.9 task/s, elapsed: 57s, ETA:    19s[>>>>>>>>>>>>>>>>>>>       ] 5909/7824, 102.9 task/s, elapsed: 57s, ETA:    19s[>>>>>>>>>>>>>>>>>>>       ] 5910/7824, 102.9 task/s, elapsed: 57s, ETA:    19s[>>>>>>>>>>>>>>>>>>>       ] 5911/7824, 102.9 task/s, elapsed: 57s, ETA:    19s[>>>>>>>>>>>>>>>>>>>       ] 5912/7824, 102.9 task/s, elapsed: 57s, ETA:    19s[>>>>>>>>>>>>>>>>>>>       ] 5913/7824, 102.9 task/s, elapsed: 57s, ETA:    19s[>>>>>>>>>>>>>>>>>>>       ] 5914/7824, 102.9 task/s, elapsed: 57s, ETA:    19s[>>>>>>>>>>>>>>>>>>>       ] 5915/7824, 102.9 task/s, elapsed: 57s, ETA:    19s[>>>>>>>>>>>>>>>>>>>       ] 5916/7824, 102.9 task/s, elapsed: 57s, ETA:    19s[>>>>>>>>>>>>>>>>>>>       ] 5917/7824, 102.9 task/s, elapsed: 57s, ETA:    19s[>>>>>>>>>>>>>>>>>>>       ] 5918/7824, 102.9 task/s, elapsed: 58s, ETA:    19s[>>>>>>>>>>>>>>>>>>>       ] 5919/7824, 102.9 task/s, elapsed: 58s, ETA:    19s[>>>>>>>>>>>>>>>>>>>       ] 5920/7824, 102.9 task/s, elapsed: 58s, ETA:    19s[>>>>>>>>>>>>>>>>>>>       ] 5921/7824, 102.9 task/s, elapsed: 58s, ETA:    18s[>>>>>>>>>>>>>>>>>>>       ] 5922/7824, 102.9 task/s, elapsed: 58s, ETA:    18s[>>>>>>>>>>>>>>>>>>>       ] 5923/7824, 102.9 task/s, elapsed: 58s, ETA:    18s[>>>>>>>>>>>>>>>>>>>       ] 5924/7824, 102.9 task/s, elapsed: 58s, ETA:    18s[>>>>>>>>>>>>>>>>>>>       ] 5925/7824, 102.9 task/s, elapsed: 58s, ETA:    18s[>>>>>>>>>>>>>>>>>>>       ] 5926/7824, 102.9 task/s, elapsed: 58s, ETA:    18s[>>>>>>>>>>>>>>>>>>>       ] 5927/7824, 102.9 task/s, elapsed: 58s, ETA:    18s[>>>>>>>>>>>>>>>>>>>       ] 5928/7824, 102.9 task/s, elapsed: 58s, ETA:    18s[>>>>>>>>>>>>>>>>>>>       ] 5929/7824, 102.9 task/s, elapsed: 58s, ETA:    18s[>>>>>>>>>>>>>>>>>>>       ] 5930/7824, 102.9 task/s, elapsed: 58s, ETA:    18s[>>>>>>>>>>>>>>>>>>>       ] 5931/7824, 102.9 task/s, elapsed: 58s, ETA:    18s[>>>>>>>>>>>>>>>>>>>       ] 5932/7824, 102.9 task/s, elapsed: 58s, ETA:    18s[>>>>>>>>>>>>>>>>>>>       ] 5933/7824, 102.9 task/s, elapsed: 58s, ETA:    18s[>>>>>>>>>>>>>>>>>>>       ] 5934/7824, 102.9 task/s, elapsed: 58s, ETA:    18s[>>>>>>>>>>>>>>>>>>>       ] 5935/7824, 102.9 task/s, elapsed: 58s, ETA:    18s[>>>>>>>>>>>>>>>>>>>       ] 5936/7824, 102.9 task/s, elapsed: 58s, ETA:    18s[>>>>>>>>>>>>>>>>>>>       ] 5937/7824, 102.9 task/s, elapsed: 58s, ETA:    18s[>>>>>>>>>>>>>>>>>>>       ] 5938/7824, 102.9 task/s, elapsed: 58s, ETA:    18s[>>>>>>>>>>>>>>>>>>>       ] 5939/7824, 102.9 task/s, elapsed: 58s, ETA:    18s[>>>>>>>>>>>>>>>>>>>       ] 5940/7824, 102.9 task/s, elapsed: 58s, ETA:    18s[>>>>>>>>>>>>>>>>>>>       ] 5941/7824, 102.9 task/s, elapsed: 58s, ETA:    18s[>>>>>>>>>>>>>>>>>>>       ] 5942/7824, 102.9 task/s, elapsed: 58s, ETA:    18s[>>>>>>>>>>>>>>>>>>>       ] 5943/7824, 102.9 task/s, elapsed: 58s, ETA:    18s[>>>>>>>>>>>>>>>>>>>       ] 5944/7824, 103.0 task/s, elapsed: 58s, ETA:    18s[>>>>>>>>>>>>>>>>>>>       ] 5945/7824, 103.0 task/s, elapsed: 58s, ETA:    18s[>>>>>>>>>>>>>>>>>>>       ] 5946/7824, 103.0 task/s, elapsed: 58s, ETA:    18s[>>>>>>>>>>>>>>>>>>>       ] 5947/7824, 103.0 task/s, elapsed: 58s, ETA:    18s[>>>>>>>>>>>>>>>>>>>       ] 5948/7824, 103.0 task/s, elapsed: 58s, ETA:    18s[>>>>>>>>>>>>>>>>>>>       ] 5949/7824, 103.0 task/s, elapsed: 58s, ETA:    18s[>>>>>>>>>>>>>>>>>>>       ] 5950/7824, 103.0 task/s, elapsed: 58s, ETA:    18s[>>>>>>>>>>>>>>>>>>>       ] 5951/7824, 103.0 task/s, elapsed: 58s, ETA:    18s[>>>>>>>>>>>>>>>>>>>       ] 5952/7824, 103.0 task/s, elapsed: 58s, ETA:    18s[>>>>>>>>>>>>>>>>>>>       ] 5953/7824, 103.0 task/s, elapsed: 58s, ETA:    18s[>>>>>>>>>>>>>>>>>>>       ] 5954/7824, 103.0 task/s, elapsed: 58s, ETA:    18s[>>>>>>>>>>>>>>>>>>>       ] 5955/7824, 103.0 task/s, elapsed: 58s, ETA:    18s[>>>>>>>>>>>>>>>>>>>       ] 5956/7824, 103.0 task/s, elapsed: 58s, ETA:    18s[>>>>>>>>>>>>>>>>>>>       ] 5957/7824, 103.0 task/s, elapsed: 58s, ETA:    18s[>>>>>>>>>>>>>>>>>>>       ] 5958/7824, 103.0 task/s, elapsed: 58s, ETA:    18s[>>>>>>>>>>>>>>>>>>>       ] 5959/7824, 103.0 task/s, elapsed: 58s, ETA:    18s[>>>>>>>>>>>>>>>>>>>       ] 5960/7824, 103.0 task/s, elapsed: 58s, ETA:    18s[>>>>>>>>>>>>>>>>>>>       ] 5961/7824, 103.0 task/s, elapsed: 58s, ETA:    18s[>>>>>>>>>>>>>>>>>>>       ] 5962/7824, 103.0 task/s, elapsed: 58s, ETA:    18s[>>>>>>>>>>>>>>>>>>>       ] 5963/7824, 103.0 task/s, elapsed: 58s, ETA:    18s[>>>>>>>>>>>>>>>>>>>       ] 5964/7824, 103.0 task/s, elapsed: 58s, ETA:    18s[>>>>>>>>>>>>>>>>>>>       ] 5965/7824, 103.0 task/s, elapsed: 58s, ETA:    18s[>>>>>>>>>>>>>>>>>>>       ] 5966/7824, 103.0 task/s, elapsed: 58s, ETA:    18s[>>>>>>>>>>>>>>>>>>>       ] 5967/7824, 103.0 task/s, elapsed: 58s, ETA:    18s[>>>>>>>>>>>>>>>>>>>       ] 5968/7824, 103.0 task/s, elapsed: 58s, ETA:    18s[>>>>>>>>>>>>>>>>>>>       ] 5969/7824, 103.0 task/s, elapsed: 58s, ETA:    18s[>>>>>>>>>>>>>>>>>>>       ] 5970/7824, 103.0 task/s, elapsed: 58s, ETA:    18s[>>>>>>>>>>>>>>>>>>>       ] 5971/7824, 103.0 task/s, elapsed: 58s, ETA:    18s[>>>>>>>>>>>>>>>>>>>       ] 5972/7824, 103.0 task/s, elapsed: 58s, ETA:    18s[>>>>>>>>>>>>>>>>>>>       ] 5973/7824, 103.0 task/s, elapsed: 58s, ETA:    18s[>>>>>>>>>>>>>>>>>>>       ] 5974/7824, 103.0 task/s, elapsed: 58s, ETA:    18s[>>>>>>>>>>>>>>>>>>>       ] 5975/7824, 103.0 task/s, elapsed: 58s, ETA:    18s[>>>>>>>>>>>>>>>>>>>       ] 5976/7824, 103.0 task/s, elapsed: 58s, ETA:    18s[>>>>>>>>>>>>>>>>>>>       ] 5977/7824, 103.0 task/s, elapsed: 58s, ETA:    18s[>>>>>>>>>>>>>>>>>>>       ] 5978/7824, 103.0 task/s, elapsed: 58s, ETA:    18s[>>>>>>>>>>>>>>>>>>>       ] 5979/7824, 103.0 task/s, elapsed: 58s, ETA:    18s[>>>>>>>>>>>>>>>>>>>       ] 5980/7824, 103.0 task/s, elapsed: 58s, ETA:    18s[>>>>>>>>>>>>>>>>>>>       ] 5981/7824, 103.0 task/s, elapsed: 58s, ETA:    18s[>>>>>>>>>>>>>>>>>>>       ] 5982/7824, 103.0 task/s, elapsed: 58s, ETA:    18s[>>>>>>>>>>>>>>>>>>>       ] 5983/7824, 103.0 task/s, elapsed: 58s, ETA:    18s[>>>>>>>>>>>>>>>>>>>       ] 5984/7824, 103.0 task/s, elapsed: 58s, ETA:    18s[>>>>>>>>>>>>>>>>>>>       ] 5985/7824, 103.0 task/s, elapsed: 58s, ETA:    18s[>>>>>>>>>>>>>>>>>>>       ] 5986/7824, 103.0 task/s, elapsed: 58s, ETA:    18s[>>>>>>>>>>>>>>>>>>>       ] 5987/7824, 103.0 task/s, elapsed: 58s, ETA:    18s[>>>>>>>>>>>>>>>>>>>       ] 5988/7824, 103.0 task/s, elapsed: 58s, ETA:    18s[>>>>>>>>>>>>>>>>>>>       ] 5989/7824, 103.0 task/s, elapsed: 58s, ETA:    18s[>>>>>>>>>>>>>>>>>>>       ] 5990/7824, 103.0 task/s, elapsed: 58s, ETA:    18s[>>>>>>>>>>>>>>>>>>>       ] 5991/7824, 103.0 task/s, elapsed: 58s, ETA:    18s[>>>>>>>>>>>>>>>>>>>       ] 5992/7824, 103.0 task/s, elapsed: 58s, ETA:    18s[>>>>>>>>>>>>>>>>>>>       ] 5993/7824, 103.0 task/s, elapsed: 58s, ETA:    18s[>>>>>>>>>>>>>>>>>>>       ] 5994/7824, 103.0 task/s, elapsed: 58s, ETA:    18s[>>>>>>>>>>>>>>>>>>>       ] 5995/7824, 103.0 task/s, elapsed: 58s, ETA:    18s[>>>>>>>>>>>>>>>>>>>       ] 5996/7824, 103.0 task/s, elapsed: 58s, ETA:    18s[>>>>>>>>>>>>>>>>>>>       ] 5997/7824, 103.0 task/s, elapsed: 58s, ETA:    18s[>>>>>>>>>>>>>>>>>>>       ] 5998/7824, 103.0 task/s, elapsed: 58s, ETA:    18s[>>>>>>>>>>>>>>>>>>>       ] 5999/7824, 103.0 task/s, elapsed: 58s, ETA:    18s[>>>>>>>>>>>>>>>>>>>       ] 6000/7824, 103.0 task/s, elapsed: 58s, ETA:    18s[>>>>>>>>>>>>>>>>>>>       ] 6001/7824, 103.0 task/s, elapsed: 58s, ETA:    18s[>>>>>>>>>>>>>>>>>>>       ] 6002/7824, 103.0 task/s, elapsed: 58s, ETA:    18s[>>>>>>>>>>>>>>>>>>>       ] 6003/7824, 103.0 task/s, elapsed: 58s, ETA:    18s[>>>>>>>>>>>>>>>>>>>       ] 6004/7824, 103.0 task/s, elapsed: 58s, ETA:    18s[>>>>>>>>>>>>>>>>>>>       ] 6005/7824, 103.0 task/s, elapsed: 58s, ETA:    18s[>>>>>>>>>>>>>>>>>>>       ] 6006/7824, 103.0 task/s, elapsed: 58s, ETA:    18s[>>>>>>>>>>>>>>>>>>>       ] 6007/7824, 103.0 task/s, elapsed: 58s, ETA:    18s[>>>>>>>>>>>>>>>>>>>       ] 6008/7824, 103.0 task/s, elapsed: 58s, ETA:    18s[>>>>>>>>>>>>>>>>>>>       ] 6009/7824, 103.0 task/s, elapsed: 58s, ETA:    18s[>>>>>>>>>>>>>>>>>>>       ] 6010/7824, 103.0 task/s, elapsed: 58s, ETA:    18s[>>>>>>>>>>>>>>>>>>>       ] 6011/7824, 103.0 task/s, elapsed: 58s, ETA:    18s[>>>>>>>>>>>>>>>>>>>       ] 6012/7824, 103.0 task/s, elapsed: 58s, ETA:    18s[>>>>>>>>>>>>>>>>>>>       ] 6013/7824, 103.0 task/s, elapsed: 58s, ETA:    18s[>>>>>>>>>>>>>>>>>>>       ] 6014/7824, 103.0 task/s, elapsed: 58s, ETA:    18s[>>>>>>>>>>>>>>>>>>>       ] 6015/7824, 103.1 task/s, elapsed: 58s, ETA:    18s[>>>>>>>>>>>>>>>>>>>       ] 6016/7824, 103.1 task/s, elapsed: 58s, ETA:    18s[>>>>>>>>>>>>>>>>>>>       ] 6017/7824, 103.1 task/s, elapsed: 58s, ETA:    18s[>>>>>>>>>>>>>>>>>>>       ] 6018/7824, 103.1 task/s, elapsed: 58s, ETA:    18s[>>>>>>>>>>>>>>>>>>>>      ] 6019/7824, 103.1 task/s, elapsed: 58s, ETA:    18s[>>>>>>>>>>>>>>>>>>>>      ] 6020/7824, 103.1 task/s, elapsed: 58s, ETA:    18s[>>>>>>>>>>>>>>>>>>>>      ] 6021/7824, 103.1 task/s, elapsed: 58s, ETA:    17s[>>>>>>>>>>>>>>>>>>>>      ] 6022/7824, 103.1 task/s, elapsed: 58s, ETA:    17s[>>>>>>>>>>>>>>>>>>>>      ] 6023/7824, 103.1 task/s, elapsed: 58s, ETA:    17s[>>>>>>>>>>>>>>>>>>>>      ] 6024/7824, 103.1 task/s, elapsed: 58s, ETA:    17s[>>>>>>>>>>>>>>>>>>>>      ] 6025/7824, 103.1 task/s, elapsed: 58s, ETA:    17s[>>>>>>>>>>>>>>>>>>>>      ] 6026/7824, 103.1 task/s, elapsed: 58s, ETA:    17s[>>>>>>>>>>>>>>>>>>>>      ] 6027/7824, 103.1 task/s, elapsed: 58s, ETA:    17s[>>>>>>>>>>>>>>>>>>>>      ] 6028/7824, 103.1 task/s, elapsed: 58s, ETA:    17s[>>>>>>>>>>>>>>>>>>>>      ] 6029/7824, 103.1 task/s, elapsed: 58s, ETA:    17s[>>>>>>>>>>>>>>>>>>>>      ] 6030/7824, 103.1 task/s, elapsed: 59s, ETA:    17s[>>>>>>>>>>>>>>>>>>>>      ] 6031/7824, 103.1 task/s, elapsed: 59s, ETA:    17s[>>>>>>>>>>>>>>>>>>>>      ] 6032/7824, 103.1 task/s, elapsed: 59s, ETA:    17s[>>>>>>>>>>>>>>>>>>>>      ] 6033/7824, 103.1 task/s, elapsed: 59s, ETA:    17s[>>>>>>>>>>>>>>>>>>>>      ] 6034/7824, 103.1 task/s, elapsed: 59s, ETA:    17s[>>>>>>>>>>>>>>>>>>>>      ] 6035/7824, 103.1 task/s, elapsed: 59s, ETA:    17s[>>>>>>>>>>>>>>>>>>>>      ] 6036/7824, 103.1 task/s, elapsed: 59s, ETA:    17s[>>>>>>>>>>>>>>>>>>>>      ] 6037/7824, 103.1 task/s, elapsed: 59s, ETA:    17s[>>>>>>>>>>>>>>>>>>>>      ] 6038/7824, 103.1 task/s, elapsed: 59s, ETA:    17s[>>>>>>>>>>>>>>>>>>>>      ] 6039/7824, 103.1 task/s, elapsed: 59s, ETA:    17s[>>>>>>>>>>>>>>>>>>>>      ] 6040/7824, 103.1 task/s, elapsed: 59s, ETA:    17s[>>>>>>>>>>>>>>>>>>>>      ] 6041/7824, 103.1 task/s, elapsed: 59s, ETA:    17s[>>>>>>>>>>>>>>>>>>>>      ] 6042/7824, 103.1 task/s, elapsed: 59s, ETA:    17s[>>>>>>>>>>>>>>>>>>>>      ] 6043/7824, 103.1 task/s, elapsed: 59s, ETA:    17s[>>>>>>>>>>>>>>>>>>>>      ] 6044/7824, 103.1 task/s, elapsed: 59s, ETA:    17s[>>>>>>>>>>>>>>>>>>>>      ] 6045/7824, 103.1 task/s, elapsed: 59s, ETA:    17s[>>>>>>>>>>>>>>>>>>>>      ] 6046/7824, 103.1 task/s, elapsed: 59s, ETA:    17s[>>>>>>>>>>>>>>>>>>>>      ] 6047/7824, 103.1 task/s, elapsed: 59s, ETA:    17s[>>>>>>>>>>>>>>>>>>>>      ] 6048/7824, 103.1 task/s, elapsed: 59s, ETA:    17s[>>>>>>>>>>>>>>>>>>>>      ] 6049/7824, 103.1 task/s, elapsed: 59s, ETA:    17s[>>>>>>>>>>>>>>>>>>>>      ] 6050/7824, 103.1 task/s, elapsed: 59s, ETA:    17s[>>>>>>>>>>>>>>>>>>>>      ] 6051/7824, 103.1 task/s, elapsed: 59s, ETA:    17s[>>>>>>>>>>>>>>>>>>>>      ] 6052/7824, 103.1 task/s, elapsed: 59s, ETA:    17s[>>>>>>>>>>>>>>>>>>>>      ] 6053/7824, 103.1 task/s, elapsed: 59s, ETA:    17s[>>>>>>>>>>>>>>>>>>>>      ] 6054/7824, 103.1 task/s, elapsed: 59s, ETA:    17s[>>>>>>>>>>>>>>>>>>>>      ] 6055/7824, 103.1 task/s, elapsed: 59s, ETA:    17s[>>>>>>>>>>>>>>>>>>>>      ] 6056/7824, 103.1 task/s, elapsed: 59s, ETA:    17s[>>>>>>>>>>>>>>>>>>>>      ] 6057/7824, 103.1 task/s, elapsed: 59s, ETA:    17s[>>>>>>>>>>>>>>>>>>>>      ] 6058/7824, 103.1 task/s, elapsed: 59s, ETA:    17s[>>>>>>>>>>>>>>>>>>>>      ] 6059/7824, 103.1 task/s, elapsed: 59s, ETA:    17s[>>>>>>>>>>>>>>>>>>>>      ] 6060/7824, 103.1 task/s, elapsed: 59s, ETA:    17s[>>>>>>>>>>>>>>>>>>>>      ] 6061/7824, 103.1 task/s, elapsed: 59s, ETA:    17s[>>>>>>>>>>>>>>>>>>>>      ] 6062/7824, 103.1 task/s, elapsed: 59s, ETA:    17s[>>>>>>>>>>>>>>>>>>>>      ] 6063/7824, 103.1 task/s, elapsed: 59s, ETA:    17s[>>>>>>>>>>>>>>>>>>>>      ] 6064/7824, 103.1 task/s, elapsed: 59s, ETA:    17s[>>>>>>>>>>>>>>>>>>>>      ] 6065/7824, 103.1 task/s, elapsed: 59s, ETA:    17s[>>>>>>>>>>>>>>>>>>>>      ] 6066/7824, 103.1 task/s, elapsed: 59s, ETA:    17s[>>>>>>>>>>>>>>>>>>>>      ] 6067/7824, 103.1 task/s, elapsed: 59s, ETA:    17s[>>>>>>>>>>>>>>>>>>>>      ] 6068/7824, 103.1 task/s, elapsed: 59s, ETA:    17s[>>>>>>>>>>>>>>>>>>>>      ] 6069/7824, 103.1 task/s, elapsed: 59s, ETA:    17s[>>>>>>>>>>>>>>>>>>>>      ] 6070/7824, 103.1 task/s, elapsed: 59s, ETA:    17s[>>>>>>>>>>>>>>>>>>>>      ] 6071/7824, 103.1 task/s, elapsed: 59s, ETA:    17s[>>>>>>>>>>>>>>>>>>>>      ] 6072/7824, 103.1 task/s, elapsed: 59s, ETA:    17s[>>>>>>>>>>>>>>>>>>>>      ] 6073/7824, 103.1 task/s, elapsed: 59s, ETA:    17s[>>>>>>>>>>>>>>>>>>>>      ] 6074/7824, 103.1 task/s, elapsed: 59s, ETA:    17s[>>>>>>>>>>>>>>>>>>>>      ] 6075/7824, 103.1 task/s, elapsed: 59s, ETA:    17s[>>>>>>>>>>>>>>>>>>>>      ] 6076/7824, 103.1 task/s, elapsed: 59s, ETA:    17s[>>>>>>>>>>>>>>>>>>>>      ] 6077/7824, 103.1 task/s, elapsed: 59s, ETA:    17s[>>>>>>>>>>>>>>>>>>>>      ] 6078/7824, 103.1 task/s, elapsed: 59s, ETA:    17s[>>>>>>>>>>>>>>>>>>>>      ] 6079/7824, 103.1 task/s, elapsed: 59s, ETA:    17s[>>>>>>>>>>>>>>>>>>>>      ] 6080/7824, 103.1 task/s, elapsed: 59s, ETA:    17s[>>>>>>>>>>>>>>>>>>>>      ] 6081/7824, 103.1 task/s, elapsed: 59s, ETA:    17s[>>>>>>>>>>>>>>>>>>>>      ] 6082/7824, 103.1 task/s, elapsed: 59s, ETA:    17s[>>>>>>>>>>>>>>>>>>>>      ] 6083/7824, 103.1 task/s, elapsed: 59s, ETA:    17s[>>>>>>>>>>>>>>>>>>>>      ] 6084/7824, 103.1 task/s, elapsed: 59s, ETA:    17s[>>>>>>>>>>>>>>>>>>>>      ] 6085/7824, 103.1 task/s, elapsed: 59s, ETA:    17s[>>>>>>>>>>>>>>>>>>>>      ] 6086/7824, 103.1 task/s, elapsed: 59s, ETA:    17s[>>>>>>>>>>>>>>>>>>>>      ] 6087/7824, 103.1 task/s, elapsed: 59s, ETA:    17s[>>>>>>>>>>>>>>>>>>>>      ] 6088/7824, 103.1 task/s, elapsed: 59s, ETA:    17s[>>>>>>>>>>>>>>>>>>>>      ] 6089/7824, 103.0 task/s, elapsed: 59s, ETA:    17s[>>>>>>>>>>>>>>>>>>>>      ] 6090/7824, 103.0 task/s, elapsed: 59s, ETA:    17s[>>>>>>>>>>>>>>>>>>>>      ] 6091/7824, 103.0 task/s, elapsed: 59s, ETA:    17s[>>>>>>>>>>>>>>>>>>>>      ] 6092/7824, 103.0 task/s, elapsed: 59s, ETA:    17s[>>>>>>>>>>>>>>>>>>>>      ] 6093/7824, 103.0 task/s, elapsed: 59s, ETA:    17s[>>>>>>>>>>>>>>>>>>>>      ] 6094/7824, 103.0 task/s, elapsed: 59s, ETA:    17s[>>>>>>>>>>>>>>>>>>>>      ] 6095/7824, 103.0 task/s, elapsed: 59s, ETA:    17s[>>>>>>>>>>>>>>>>>>>>      ] 6096/7824, 103.0 task/s, elapsed: 59s, ETA:    17s[>>>>>>>>>>>>>>>>>>>>      ] 6097/7824, 103.0 task/s, elapsed: 59s, ETA:    17s[>>>>>>>>>>>>>>>>>>>>      ] 6098/7824, 103.0 task/s, elapsed: 59s, ETA:    17s[>>>>>>>>>>>>>>>>>>>>      ] 6099/7824, 103.0 task/s, elapsed: 59s, ETA:    17s[>>>>>>>>>>>>>>>>>>>>      ] 6100/7824, 103.0 task/s, elapsed: 59s, ETA:    17s[>>>>>>>>>>>>>>>>>>>>      ] 6101/7824, 103.0 task/s, elapsed: 59s, ETA:    17s[>>>>>>>>>>>>>>>>>>>>      ] 6102/7824, 103.0 task/s, elapsed: 59s, ETA:    17s[>>>>>>>>>>>>>>>>>>>>      ] 6103/7824, 103.0 task/s, elapsed: 59s, ETA:    17s[>>>>>>>>>>>>>>>>>>>>      ] 6104/7824, 103.0 task/s, elapsed: 59s, ETA:    17s[>>>>>>>>>>>>>>>>>>>>      ] 6105/7824, 103.0 task/s, elapsed: 59s, ETA:    17s[>>>>>>>>>>>>>>>>>>>>      ] 6106/7824, 102.9 task/s, elapsed: 59s, ETA:    17s[>>>>>>>>>>>>>>>>>>>>      ] 6107/7824, 102.9 task/s, elapsed: 59s, ETA:    17s[>>>>>>>>>>>>>>>>>>>>      ] 6108/7824, 102.9 task/s, elapsed: 59s, ETA:    17s[>>>>>>>>>>>>>>>>>>>>      ] 6109/7824, 102.9 task/s, elapsed: 59s, ETA:    17s[>>>>>>>>>>>>>>>>>>>>      ] 6110/7824, 102.9 task/s, elapsed: 59s, ETA:    17s[>>>>>>>>>>>>>>>>>>>>      ] 6111/7824, 102.9 task/s, elapsed: 59s, ETA:    17s[>>>>>>>>>>>>>>>>>>>>      ] 6112/7824, 102.9 task/s, elapsed: 59s, ETA:    17s[>>>>>>>>>>>>>>>>>>>>      ] 6113/7824, 102.9 task/s, elapsed: 59s, ETA:    17s[>>>>>>>>>>>>>>>>>>>>      ] 6114/7824, 102.9 task/s, elapsed: 59s, ETA:    17s[>>>>>>>>>>>>>>>>>>>>      ] 6115/7824, 102.9 task/s, elapsed: 59s, ETA:    17s[>>>>>>>>>>>>>>>>>>>>      ] 6116/7824, 102.9 task/s, elapsed: 59s, ETA:    17s[>>>>>>>>>>>>>>>>>>>>      ] 6117/7824, 102.9 task/s, elapsed: 59s, ETA:    17s[>>>>>>>>>>>>>>>>>>>>      ] 6118/7824, 102.9 task/s, elapsed: 59s, ETA:    17s[>>>>>>>>>>>>>>>>>>>>      ] 6119/7824, 102.9 task/s, elapsed: 59s, ETA:    17s[>>>>>>>>>>>>>>>>>>>>      ] 6120/7824, 102.9 task/s, elapsed: 59s, ETA:    17s[>>>>>>>>>>>>>>>>>>>>      ] 6121/7824, 102.9 task/s, elapsed: 60s, ETA:    17s[>>>>>>>>>>>>>>>>>>>>      ] 6122/7824, 102.9 task/s, elapsed: 60s, ETA:    17s[>>>>>>>>>>>>>>>>>>>>      ] 6123/7824, 102.9 task/s, elapsed: 60s, ETA:    17s[>>>>>>>>>>>>>>>>>>>>      ] 6124/7824, 102.8 task/s, elapsed: 60s, ETA:    17s[>>>>>>>>>>>>>>>>>>>>      ] 6125/7824, 102.8 task/s, elapsed: 60s, ETA:    17s[>>>>>>>>>>>>>>>>>>>>      ] 6126/7824, 102.8 task/s, elapsed: 60s, ETA:    17s[>>>>>>>>>>>>>>>>>>>>      ] 6127/7824, 102.8 task/s, elapsed: 60s, ETA:    17s[>>>>>>>>>>>>>>>>>>>>      ] 6128/7824, 102.8 task/s, elapsed: 60s, ETA:    16s[>>>>>>>>>>>>>>>>>>>>      ] 6129/7824, 102.8 task/s, elapsed: 60s, ETA:    16s[>>>>>>>>>>>>>>>>>>>>      ] 6130/7824, 102.8 task/s, elapsed: 60s, ETA:    16s[>>>>>>>>>>>>>>>>>>>>      ] 6131/7824, 102.8 task/s, elapsed: 60s, ETA:    16s[>>>>>>>>>>>>>>>>>>>>      ] 6132/7824, 102.8 task/s, elapsed: 60s, ETA:    16s[>>>>>>>>>>>>>>>>>>>>      ] 6133/7824, 102.8 task/s, elapsed: 60s, ETA:    16s[>>>>>>>>>>>>>>>>>>>>      ] 6134/7824, 102.8 task/s, elapsed: 60s, ETA:    16s[>>>>>>>>>>>>>>>>>>>>      ] 6135/7824, 102.8 task/s, elapsed: 60s, ETA:    16s[>>>>>>>>>>>>>>>>>>>>      ] 6136/7824, 102.8 task/s, elapsed: 60s, ETA:    16s[>>>>>>>>>>>>>>>>>>>>      ] 6137/7824, 102.8 task/s, elapsed: 60s, ETA:    16s[>>>>>>>>>>>>>>>>>>>>      ] 6138/7824, 102.8 task/s, elapsed: 60s, ETA:    16s[>>>>>>>>>>>>>>>>>>>>      ] 6139/7824, 102.8 task/s, elapsed: 60s, ETA:    16s[>>>>>>>>>>>>>>>>>>>>      ] 6140/7824, 102.8 task/s, elapsed: 60s, ETA:    16s[>>>>>>>>>>>>>>>>>>>>      ] 6141/7824, 102.8 task/s, elapsed: 60s, ETA:    16s[>>>>>>>>>>>>>>>>>>>>      ] 6142/7824, 102.7 task/s, elapsed: 60s, ETA:    16s[>>>>>>>>>>>>>>>>>>>>      ] 6143/7824, 102.7 task/s, elapsed: 60s, ETA:    16s[>>>>>>>>>>>>>>>>>>>>      ] 6144/7824, 102.7 task/s, elapsed: 60s, ETA:    16s[>>>>>>>>>>>>>>>>>>>>      ] 6145/7824, 102.7 task/s, elapsed: 60s, ETA:    16s[>>>>>>>>>>>>>>>>>>>>      ] 6146/7824, 102.7 task/s, elapsed: 60s, ETA:    16s[>>>>>>>>>>>>>>>>>>>>      ] 6147/7824, 102.7 task/s, elapsed: 60s, ETA:    16s[>>>>>>>>>>>>>>>>>>>>      ] 6148/7824, 102.7 task/s, elapsed: 60s, ETA:    16s[>>>>>>>>>>>>>>>>>>>>      ] 6149/7824, 102.7 task/s, elapsed: 60s, ETA:    16s[>>>>>>>>>>>>>>>>>>>>      ] 6150/7824, 102.7 task/s, elapsed: 60s, ETA:    16s[>>>>>>>>>>>>>>>>>>>>      ] 6151/7824, 102.7 task/s, elapsed: 60s, ETA:    16s[>>>>>>>>>>>>>>>>>>>>      ] 6152/7824, 102.7 task/s, elapsed: 60s, ETA:    16s[>>>>>>>>>>>>>>>>>>>>      ] 6153/7824, 102.7 task/s, elapsed: 60s, ETA:    16s[>>>>>>>>>>>>>>>>>>>>      ] 6154/7824, 102.7 task/s, elapsed: 60s, ETA:    16s[>>>>>>>>>>>>>>>>>>>>      ] 6155/7824, 102.7 task/s, elapsed: 60s, ETA:    16s[>>>>>>>>>>>>>>>>>>>>      ] 6156/7824, 102.7 task/s, elapsed: 60s, ETA:    16s[>>>>>>>>>>>>>>>>>>>>      ] 6157/7824, 102.7 task/s, elapsed: 60s, ETA:    16s[>>>>>>>>>>>>>>>>>>>>      ] 6158/7824, 102.7 task/s, elapsed: 60s, ETA:    16s[>>>>>>>>>>>>>>>>>>>>      ] 6159/7824, 102.7 task/s, elapsed: 60s, ETA:    16s[>>>>>>>>>>>>>>>>>>>>      ] 6160/7824, 102.7 task/s, elapsed: 60s, ETA:    16s[>>>>>>>>>>>>>>>>>>>>      ] 6161/7824, 102.7 task/s, elapsed: 60s, ETA:    16s[>>>>>>>>>>>>>>>>>>>>      ] 6162/7824, 102.7 task/s, elapsed: 60s, ETA:    16s[>>>>>>>>>>>>>>>>>>>>      ] 6163/7824, 102.7 task/s, elapsed: 60s, ETA:    16s[>>>>>>>>>>>>>>>>>>>>      ] 6164/7824, 102.7 task/s, elapsed: 60s, ETA:    16s[>>>>>>>>>>>>>>>>>>>>      ] 6165/7824, 102.7 task/s, elapsed: 60s, ETA:    16s[>>>>>>>>>>>>>>>>>>>>      ] 6166/7824, 102.7 task/s, elapsed: 60s, ETA:    16s[>>>>>>>>>>>>>>>>>>>>      ] 6167/7824, 102.7 task/s, elapsed: 60s, ETA:    16s[>>>>>>>>>>>>>>>>>>>>      ] 6168/7824, 102.7 task/s, elapsed: 60s, ETA:    16s[>>>>>>>>>>>>>>>>>>>>      ] 6169/7824, 102.7 task/s, elapsed: 60s, ETA:    16s[>>>>>>>>>>>>>>>>>>>>      ] 6170/7824, 102.7 task/s, elapsed: 60s, ETA:    16s[>>>>>>>>>>>>>>>>>>>>      ] 6171/7824, 102.7 task/s, elapsed: 60s, ETA:    16s[>>>>>>>>>>>>>>>>>>>>      ] 6172/7824, 102.7 task/s, elapsed: 60s, ETA:    16s[>>>>>>>>>>>>>>>>>>>>      ] 6173/7824, 102.7 task/s, elapsed: 60s, ETA:    16s[>>>>>>>>>>>>>>>>>>>>      ] 6174/7824, 102.7 task/s, elapsed: 60s, ETA:    16s[>>>>>>>>>>>>>>>>>>>>      ] 6175/7824, 102.7 task/s, elapsed: 60s, ETA:    16s[>>>>>>>>>>>>>>>>>>>>      ] 6176/7824, 102.7 task/s, elapsed: 60s, ETA:    16s[>>>>>>>>>>>>>>>>>>>>      ] 6177/7824, 102.7 task/s, elapsed: 60s, ETA:    16s[>>>>>>>>>>>>>>>>>>>>      ] 6178/7824, 102.7 task/s, elapsed: 60s, ETA:    16s[>>>>>>>>>>>>>>>>>>>>      ] 6179/7824, 102.7 task/s, elapsed: 60s, ETA:    16s[>>>>>>>>>>>>>>>>>>>>      ] 6180/7824, 102.7 task/s, elapsed: 60s, ETA:    16s[>>>>>>>>>>>>>>>>>>>>      ] 6181/7824, 102.7 task/s, elapsed: 60s, ETA:    16s[>>>>>>>>>>>>>>>>>>>>      ] 6182/7824, 102.7 task/s, elapsed: 60s, ETA:    16s[>>>>>>>>>>>>>>>>>>>>      ] 6183/7824, 102.7 task/s, elapsed: 60s, ETA:    16s[>>>>>>>>>>>>>>>>>>>>      ] 6184/7824, 102.7 task/s, elapsed: 60s, ETA:    16s[>>>>>>>>>>>>>>>>>>>>      ] 6185/7824, 102.7 task/s, elapsed: 60s, ETA:    16s[>>>>>>>>>>>>>>>>>>>>      ] 6186/7824, 102.7 task/s, elapsed: 60s, ETA:    16s[>>>>>>>>>>>>>>>>>>>>      ] 6187/7824, 102.7 task/s, elapsed: 60s, ETA:    16s[>>>>>>>>>>>>>>>>>>>>      ] 6188/7824, 102.7 task/s, elapsed: 60s, ETA:    16s[>>>>>>>>>>>>>>>>>>>>      ] 6189/7824, 102.7 task/s, elapsed: 60s, ETA:    16s[>>>>>>>>>>>>>>>>>>>>      ] 6190/7824, 102.7 task/s, elapsed: 60s, ETA:    16s[>>>>>>>>>>>>>>>>>>>>      ] 6191/7824, 102.7 task/s, elapsed: 60s, ETA:    16s[>>>>>>>>>>>>>>>>>>>>      ] 6192/7824, 102.7 task/s, elapsed: 60s, ETA:    16s[>>>>>>>>>>>>>>>>>>>>      ] 6193/7824, 102.7 task/s, elapsed: 60s, ETA:    16s[>>>>>>>>>>>>>>>>>>>>      ] 6194/7824, 102.7 task/s, elapsed: 60s, ETA:    16s[>>>>>>>>>>>>>>>>>>>>      ] 6195/7824, 102.7 task/s, elapsed: 60s, ETA:    16s[>>>>>>>>>>>>>>>>>>>>      ] 6196/7824, 102.7 task/s, elapsed: 60s, ETA:    16s[>>>>>>>>>>>>>>>>>>>>      ] 6197/7824, 102.7 task/s, elapsed: 60s, ETA:    16s[>>>>>>>>>>>>>>>>>>>>      ] 6198/7824, 102.7 task/s, elapsed: 60s, ETA:    16s[>>>>>>>>>>>>>>>>>>>>      ] 6199/7824, 102.7 task/s, elapsed: 60s, ETA:    16s[>>>>>>>>>>>>>>>>>>>>      ] 6200/7824, 102.7 task/s, elapsed: 60s, ETA:    16s[>>>>>>>>>>>>>>>>>>>>      ] 6201/7824, 102.7 task/s, elapsed: 60s, ETA:    16s[>>>>>>>>>>>>>>>>>>>>      ] 6202/7824, 102.8 task/s, elapsed: 60s, ETA:    16s[>>>>>>>>>>>>>>>>>>>>      ] 6203/7824, 102.8 task/s, elapsed: 60s, ETA:    16s[>>>>>>>>>>>>>>>>>>>>      ] 6204/7824, 102.8 task/s, elapsed: 60s, ETA:    16s[>>>>>>>>>>>>>>>>>>>>      ] 6205/7824, 102.8 task/s, elapsed: 60s, ETA:    16s[>>>>>>>>>>>>>>>>>>>>      ] 6206/7824, 102.8 task/s, elapsed: 60s, ETA:    16s[>>>>>>>>>>>>>>>>>>>>      ] 6207/7824, 102.8 task/s, elapsed: 60s, ETA:    16s[>>>>>>>>>>>>>>>>>>>>      ] 6208/7824, 102.8 task/s, elapsed: 60s, ETA:    16s[>>>>>>>>>>>>>>>>>>>>      ] 6209/7824, 102.8 task/s, elapsed: 60s, ETA:    16s[>>>>>>>>>>>>>>>>>>>>      ] 6210/7824, 102.8 task/s, elapsed: 60s, ETA:    16s[>>>>>>>>>>>>>>>>>>>>      ] 6211/7824, 102.8 task/s, elapsed: 60s, ETA:    16s[>>>>>>>>>>>>>>>>>>>>      ] 6212/7824, 102.8 task/s, elapsed: 60s, ETA:    16s[>>>>>>>>>>>>>>>>>>>>      ] 6213/7824, 102.8 task/s, elapsed: 60s, ETA:    16s[>>>>>>>>>>>>>>>>>>>>      ] 6214/7824, 102.8 task/s, elapsed: 60s, ETA:    16s[>>>>>>>>>>>>>>>>>>>>      ] 6215/7824, 102.8 task/s, elapsed: 60s, ETA:    16s[>>>>>>>>>>>>>>>>>>>>      ] 6216/7824, 102.8 task/s, elapsed: 60s, ETA:    16s[>>>>>>>>>>>>>>>>>>>>      ] 6217/7824, 102.8 task/s, elapsed: 60s, ETA:    16s[>>>>>>>>>>>>>>>>>>>>      ] 6218/7824, 102.8 task/s, elapsed: 61s, ETA:    16s[>>>>>>>>>>>>>>>>>>>>      ] 6219/7824, 102.8 task/s, elapsed: 61s, ETA:    16s[>>>>>>>>>>>>>>>>>>>>      ] 6220/7824, 102.8 task/s, elapsed: 61s, ETA:    16s[>>>>>>>>>>>>>>>>>>>>      ] 6221/7824, 102.8 task/s, elapsed: 61s, ETA:    16s[>>>>>>>>>>>>>>>>>>>>      ] 6222/7824, 102.8 task/s, elapsed: 61s, ETA:    16s[>>>>>>>>>>>>>>>>>>>>      ] 6223/7824, 102.8 task/s, elapsed: 61s, ETA:    16s[>>>>>>>>>>>>>>>>>>>>      ] 6224/7824, 102.8 task/s, elapsed: 61s, ETA:    16s[>>>>>>>>>>>>>>>>>>>>      ] 6225/7824, 102.8 task/s, elapsed: 61s, ETA:    16s[>>>>>>>>>>>>>>>>>>>>      ] 6226/7824, 102.8 task/s, elapsed: 61s, ETA:    16s[>>>>>>>>>>>>>>>>>>>>      ] 6227/7824, 102.8 task/s, elapsed: 61s, ETA:    16s[>>>>>>>>>>>>>>>>>>>>      ] 6228/7824, 102.8 task/s, elapsed: 61s, ETA:    16s[>>>>>>>>>>>>>>>>>>>>      ] 6229/7824, 102.8 task/s, elapsed: 61s, ETA:    16s[>>>>>>>>>>>>>>>>>>>>      ] 6230/7824, 102.8 task/s, elapsed: 61s, ETA:    16s[>>>>>>>>>>>>>>>>>>>>      ] 6231/7824, 102.8 task/s, elapsed: 61s, ETA:    15s[>>>>>>>>>>>>>>>>>>>>      ] 6232/7824, 102.8 task/s, elapsed: 61s, ETA:    15s[>>>>>>>>>>>>>>>>>>>>      ] 6233/7824, 102.8 task/s, elapsed: 61s, ETA:    15s[>>>>>>>>>>>>>>>>>>>>      ] 6234/7824, 102.8 task/s, elapsed: 61s, ETA:    15s[>>>>>>>>>>>>>>>>>>>>      ] 6235/7824, 102.8 task/s, elapsed: 61s, ETA:    15s[>>>>>>>>>>>>>>>>>>>>      ] 6236/7824, 102.8 task/s, elapsed: 61s, ETA:    15s[>>>>>>>>>>>>>>>>>>>>      ] 6237/7824, 102.8 task/s, elapsed: 61s, ETA:    15s[>>>>>>>>>>>>>>>>>>>>      ] 6238/7824, 102.8 task/s, elapsed: 61s, ETA:    15s[>>>>>>>>>>>>>>>>>>>>      ] 6239/7824, 102.8 task/s, elapsed: 61s, ETA:    15s[>>>>>>>>>>>>>>>>>>>>      ] 6240/7824, 102.8 task/s, elapsed: 61s, ETA:    15s[>>>>>>>>>>>>>>>>>>>>      ] 6241/7824, 102.8 task/s, elapsed: 61s, ETA:    15s[>>>>>>>>>>>>>>>>>>>>      ] 6242/7824, 102.8 task/s, elapsed: 61s, ETA:    15s[>>>>>>>>>>>>>>>>>>>>      ] 6243/7824, 102.8 task/s, elapsed: 61s, ETA:    15s[>>>>>>>>>>>>>>>>>>>>      ] 6244/7824, 102.8 task/s, elapsed: 61s, ETA:    15s[>>>>>>>>>>>>>>>>>>>>      ] 6245/7824, 102.8 task/s, elapsed: 61s, ETA:    15s[>>>>>>>>>>>>>>>>>>>>      ] 6246/7824, 102.8 task/s, elapsed: 61s, ETA:    15s[>>>>>>>>>>>>>>>>>>>>      ] 6247/7824, 102.8 task/s, elapsed: 61s, ETA:    15s[>>>>>>>>>>>>>>>>>>>>      ] 6248/7824, 102.8 task/s, elapsed: 61s, ETA:    15s[>>>>>>>>>>>>>>>>>>>>      ] 6249/7824, 102.8 task/s, elapsed: 61s, ETA:    15s[>>>>>>>>>>>>>>>>>>>>      ] 6250/7824, 102.8 task/s, elapsed: 61s, ETA:    15s[>>>>>>>>>>>>>>>>>>>>      ] 6251/7824, 102.8 task/s, elapsed: 61s, ETA:    15s[>>>>>>>>>>>>>>>>>>>>      ] 6252/7824, 102.8 task/s, elapsed: 61s, ETA:    15s[>>>>>>>>>>>>>>>>>>>>      ] 6253/7824, 102.8 task/s, elapsed: 61s, ETA:    15s[>>>>>>>>>>>>>>>>>>>>      ] 6254/7824, 102.8 task/s, elapsed: 61s, ETA:    15s[>>>>>>>>>>>>>>>>>>>>      ] 6255/7824, 102.8 task/s, elapsed: 61s, ETA:    15s[>>>>>>>>>>>>>>>>>>>>      ] 6256/7824, 102.8 task/s, elapsed: 61s, ETA:    15s[>>>>>>>>>>>>>>>>>>>>      ] 6257/7824, 102.8 task/s, elapsed: 61s, ETA:    15s[>>>>>>>>>>>>>>>>>>>>      ] 6258/7824, 102.8 task/s, elapsed: 61s, ETA:    15s[>>>>>>>>>>>>>>>>>>>>      ] 6259/7824, 102.8 task/s, elapsed: 61s, ETA:    15s[>>>>>>>>>>>>>>>>>>>>      ] 6260/7824, 102.8 task/s, elapsed: 61s, ETA:    15s[>>>>>>>>>>>>>>>>>>>>      ] 6261/7824, 102.8 task/s, elapsed: 61s, ETA:    15s[>>>>>>>>>>>>>>>>>>>>      ] 6262/7824, 102.8 task/s, elapsed: 61s, ETA:    15s[>>>>>>>>>>>>>>>>>>>>      ] 6263/7824, 102.8 task/s, elapsed: 61s, ETA:    15s[>>>>>>>>>>>>>>>>>>>>      ] 6264/7824, 102.8 task/s, elapsed: 61s, ETA:    15s[>>>>>>>>>>>>>>>>>>>>      ] 6265/7824, 102.9 task/s, elapsed: 61s, ETA:    15s[>>>>>>>>>>>>>>>>>>>>      ] 6266/7824, 102.9 task/s, elapsed: 61s, ETA:    15s[>>>>>>>>>>>>>>>>>>>>      ] 6267/7824, 102.9 task/s, elapsed: 61s, ETA:    15s[>>>>>>>>>>>>>>>>>>>>      ] 6268/7824, 102.9 task/s, elapsed: 61s, ETA:    15s[>>>>>>>>>>>>>>>>>>>>      ] 6269/7824, 102.9 task/s, elapsed: 61s, ETA:    15s[>>>>>>>>>>>>>>>>>>>>      ] 6270/7824, 102.9 task/s, elapsed: 61s, ETA:    15s[>>>>>>>>>>>>>>>>>>>>      ] 6271/7824, 102.9 task/s, elapsed: 61s, ETA:    15s[>>>>>>>>>>>>>>>>>>>>      ] 6272/7824, 102.9 task/s, elapsed: 61s, ETA:    15s[>>>>>>>>>>>>>>>>>>>>      ] 6273/7824, 102.9 task/s, elapsed: 61s, ETA:    15s[>>>>>>>>>>>>>>>>>>>>      ] 6274/7824, 102.9 task/s, elapsed: 61s, ETA:    15s[>>>>>>>>>>>>>>>>>>>>      ] 6275/7824, 102.9 task/s, elapsed: 61s, ETA:    15s[>>>>>>>>>>>>>>>>>>>>      ] 6276/7824, 102.9 task/s, elapsed: 61s, ETA:    15s[>>>>>>>>>>>>>>>>>>>>      ] 6277/7824, 102.9 task/s, elapsed: 61s, ETA:    15s[>>>>>>>>>>>>>>>>>>>>      ] 6278/7824, 102.9 task/s, elapsed: 61s, ETA:    15s[>>>>>>>>>>>>>>>>>>>>      ] 6279/7824, 102.9 task/s, elapsed: 61s, ETA:    15s[>>>>>>>>>>>>>>>>>>>>      ] 6280/7824, 102.9 task/s, elapsed: 61s, ETA:    15s[>>>>>>>>>>>>>>>>>>>>      ] 6281/7824, 102.9 task/s, elapsed: 61s, ETA:    15s[>>>>>>>>>>>>>>>>>>>>      ] 6282/7824, 102.9 task/s, elapsed: 61s, ETA:    15s[>>>>>>>>>>>>>>>>>>>>      ] 6283/7824, 102.9 task/s, elapsed: 61s, ETA:    15s[>>>>>>>>>>>>>>>>>>>>      ] 6284/7824, 102.9 task/s, elapsed: 61s, ETA:    15s[>>>>>>>>>>>>>>>>>>>>      ] 6285/7824, 102.9 task/s, elapsed: 61s, ETA:    15s[>>>>>>>>>>>>>>>>>>>>      ] 6286/7824, 102.9 task/s, elapsed: 61s, ETA:    15s[>>>>>>>>>>>>>>>>>>>>      ] 6287/7824, 102.9 task/s, elapsed: 61s, ETA:    15s[>>>>>>>>>>>>>>>>>>>>      ] 6288/7824, 102.9 task/s, elapsed: 61s, ETA:    15s[>>>>>>>>>>>>>>>>>>>>      ] 6289/7824, 102.9 task/s, elapsed: 61s, ETA:    15s[>>>>>>>>>>>>>>>>>>>>      ] 6290/7824, 102.9 task/s, elapsed: 61s, ETA:    15s[>>>>>>>>>>>>>>>>>>>>      ] 6291/7824, 102.9 task/s, elapsed: 61s, ETA:    15s[>>>>>>>>>>>>>>>>>>>>      ] 6292/7824, 102.9 task/s, elapsed: 61s, ETA:    15s[>>>>>>>>>>>>>>>>>>>>      ] 6293/7824, 102.9 task/s, elapsed: 61s, ETA:    15s[>>>>>>>>>>>>>>>>>>>>      ] 6294/7824, 102.9 task/s, elapsed: 61s, ETA:    15s[>>>>>>>>>>>>>>>>>>>>      ] 6295/7824, 102.9 task/s, elapsed: 61s, ETA:    15s[>>>>>>>>>>>>>>>>>>>>      ] 6296/7824, 102.9 task/s, elapsed: 61s, ETA:    15s[>>>>>>>>>>>>>>>>>>>>      ] 6297/7824, 102.9 task/s, elapsed: 61s, ETA:    15s[>>>>>>>>>>>>>>>>>>>>      ] 6298/7824, 102.9 task/s, elapsed: 61s, ETA:    15s[>>>>>>>>>>>>>>>>>>>>      ] 6299/7824, 102.9 task/s, elapsed: 61s, ETA:    15s[>>>>>>>>>>>>>>>>>>>>      ] 6300/7824, 102.9 task/s, elapsed: 61s, ETA:    15s[>>>>>>>>>>>>>>>>>>>>      ] 6301/7824, 102.9 task/s, elapsed: 61s, ETA:    15s[>>>>>>>>>>>>>>>>>>>>      ] 6302/7824, 102.9 task/s, elapsed: 61s, ETA:    15s[>>>>>>>>>>>>>>>>>>>>      ] 6303/7824, 102.9 task/s, elapsed: 61s, ETA:    15s[>>>>>>>>>>>>>>>>>>>>      ] 6304/7824, 102.9 task/s, elapsed: 61s, ETA:    15s[>>>>>>>>>>>>>>>>>>>>      ] 6305/7824, 102.9 task/s, elapsed: 61s, ETA:    15s[>>>>>>>>>>>>>>>>>>>>      ] 6306/7824, 102.9 task/s, elapsed: 61s, ETA:    15s[>>>>>>>>>>>>>>>>>>>>      ] 6307/7824, 102.9 task/s, elapsed: 61s, ETA:    15s[>>>>>>>>>>>>>>>>>>>>      ] 6308/7824, 102.9 task/s, elapsed: 61s, ETA:    15s[>>>>>>>>>>>>>>>>>>>>      ] 6309/7824, 102.9 task/s, elapsed: 61s, ETA:    15s[>>>>>>>>>>>>>>>>>>>>      ] 6310/7824, 102.9 task/s, elapsed: 61s, ETA:    15s[>>>>>>>>>>>>>>>>>>>>      ] 6311/7824, 102.9 task/s, elapsed: 61s, ETA:    15s[>>>>>>>>>>>>>>>>>>>>      ] 6312/7824, 102.9 task/s, elapsed: 61s, ETA:    15s[>>>>>>>>>>>>>>>>>>>>      ] 6313/7824, 102.9 task/s, elapsed: 61s, ETA:    15s[>>>>>>>>>>>>>>>>>>>>      ] 6314/7824, 102.9 task/s, elapsed: 61s, ETA:    15s[>>>>>>>>>>>>>>>>>>>>      ] 6315/7824, 102.9 task/s, elapsed: 61s, ETA:    15s[>>>>>>>>>>>>>>>>>>>>      ] 6316/7824, 102.9 task/s, elapsed: 61s, ETA:    15s[>>>>>>>>>>>>>>>>>>>>      ] 6317/7824, 102.9 task/s, elapsed: 61s, ETA:    15s[>>>>>>>>>>>>>>>>>>>>      ] 6318/7824, 102.9 task/s, elapsed: 61s, ETA:    15s[>>>>>>>>>>>>>>>>>>>>      ] 6319/7824, 102.9 task/s, elapsed: 61s, ETA:    15s[>>>>>>>>>>>>>>>>>>>>>     ] 6320/7824, 102.9 task/s, elapsed: 61s, ETA:    15s[>>>>>>>>>>>>>>>>>>>>>     ] 6321/7824, 102.9 task/s, elapsed: 61s, ETA:    15s[>>>>>>>>>>>>>>>>>>>>>     ] 6322/7824, 102.9 task/s, elapsed: 61s, ETA:    15s[>>>>>>>>>>>>>>>>>>>>>     ] 6323/7824, 102.9 task/s, elapsed: 61s, ETA:    15s[>>>>>>>>>>>>>>>>>>>>>     ] 6324/7824, 102.9 task/s, elapsed: 61s, ETA:    15s[>>>>>>>>>>>>>>>>>>>>>     ] 6325/7824, 102.9 task/s, elapsed: 61s, ETA:    15s[>>>>>>>>>>>>>>>>>>>>>     ] 6326/7824, 102.9 task/s, elapsed: 61s, ETA:    15s[>>>>>>>>>>>>>>>>>>>>>     ] 6327/7824, 102.9 task/s, elapsed: 61s, ETA:    15s[>>>>>>>>>>>>>>>>>>>>>     ] 6328/7824, 102.9 task/s, elapsed: 62s, ETA:    15s[>>>>>>>>>>>>>>>>>>>>>     ] 6329/7824, 102.9 task/s, elapsed: 62s, ETA:    15s[>>>>>>>>>>>>>>>>>>>>>     ] 6330/7824, 102.9 task/s, elapsed: 62s, ETA:    15s[>>>>>>>>>>>>>>>>>>>>>     ] 6331/7824, 102.9 task/s, elapsed: 62s, ETA:    15s[>>>>>>>>>>>>>>>>>>>>>     ] 6332/7824, 102.9 task/s, elapsed: 62s, ETA:    14s[>>>>>>>>>>>>>>>>>>>>>     ] 6333/7824, 102.9 task/s, elapsed: 62s, ETA:    14s[>>>>>>>>>>>>>>>>>>>>>     ] 6334/7824, 102.9 task/s, elapsed: 62s, ETA:    14s[>>>>>>>>>>>>>>>>>>>>>     ] 6335/7824, 102.9 task/s, elapsed: 62s, ETA:    14s[>>>>>>>>>>>>>>>>>>>>>     ] 6336/7824, 102.9 task/s, elapsed: 62s, ETA:    14s[>>>>>>>>>>>>>>>>>>>>>     ] 6337/7824, 102.9 task/s, elapsed: 62s, ETA:    14s[>>>>>>>>>>>>>>>>>>>>>     ] 6338/7824, 102.9 task/s, elapsed: 62s, ETA:    14s[>>>>>>>>>>>>>>>>>>>>>     ] 6339/7824, 102.9 task/s, elapsed: 62s, ETA:    14s[>>>>>>>>>>>>>>>>>>>>>     ] 6340/7824, 102.9 task/s, elapsed: 62s, ETA:    14s[>>>>>>>>>>>>>>>>>>>>>     ] 6341/7824, 102.9 task/s, elapsed: 62s, ETA:    14s[>>>>>>>>>>>>>>>>>>>>>     ] 6342/7824, 102.9 task/s, elapsed: 62s, ETA:    14s[>>>>>>>>>>>>>>>>>>>>>     ] 6343/7824, 102.9 task/s, elapsed: 62s, ETA:    14s[>>>>>>>>>>>>>>>>>>>>>     ] 6344/7824, 102.9 task/s, elapsed: 62s, ETA:    14s[>>>>>>>>>>>>>>>>>>>>>     ] 6345/7824, 102.9 task/s, elapsed: 62s, ETA:    14s[>>>>>>>>>>>>>>>>>>>>>     ] 6346/7824, 102.9 task/s, elapsed: 62s, ETA:    14s[>>>>>>>>>>>>>>>>>>>>>     ] 6347/7824, 102.9 task/s, elapsed: 62s, ETA:    14s[>>>>>>>>>>>>>>>>>>>>>     ] 6348/7824, 102.9 task/s, elapsed: 62s, ETA:    14s[>>>>>>>>>>>>>>>>>>>>>     ] 6349/7824, 102.9 task/s, elapsed: 62s, ETA:    14s[>>>>>>>>>>>>>>>>>>>>>     ] 6350/7824, 102.9 task/s, elapsed: 62s, ETA:    14s[>>>>>>>>>>>>>>>>>>>>>     ] 6351/7824, 102.9 task/s, elapsed: 62s, ETA:    14s[>>>>>>>>>>>>>>>>>>>>>     ] 6352/7824, 102.9 task/s, elapsed: 62s, ETA:    14s[>>>>>>>>>>>>>>>>>>>>>     ] 6353/7824, 102.9 task/s, elapsed: 62s, ETA:    14s[>>>>>>>>>>>>>>>>>>>>>     ] 6354/7824, 102.9 task/s, elapsed: 62s, ETA:    14s[>>>>>>>>>>>>>>>>>>>>>     ] 6355/7824, 102.9 task/s, elapsed: 62s, ETA:    14s[>>>>>>>>>>>>>>>>>>>>>     ] 6356/7824, 102.9 task/s, elapsed: 62s, ETA:    14s[>>>>>>>>>>>>>>>>>>>>>     ] 6357/7824, 102.9 task/s, elapsed: 62s, ETA:    14s[>>>>>>>>>>>>>>>>>>>>>     ] 6358/7824, 102.9 task/s, elapsed: 62s, ETA:    14s[>>>>>>>>>>>>>>>>>>>>>     ] 6359/7824, 102.9 task/s, elapsed: 62s, ETA:    14s[>>>>>>>>>>>>>>>>>>>>>     ] 6360/7824, 102.9 task/s, elapsed: 62s, ETA:    14s[>>>>>>>>>>>>>>>>>>>>>     ] 6361/7824, 102.9 task/s, elapsed: 62s, ETA:    14s[>>>>>>>>>>>>>>>>>>>>>     ] 6362/7824, 102.9 task/s, elapsed: 62s, ETA:    14s[>>>>>>>>>>>>>>>>>>>>>     ] 6363/7824, 102.9 task/s, elapsed: 62s, ETA:    14s[>>>>>>>>>>>>>>>>>>>>>     ] 6364/7824, 102.9 task/s, elapsed: 62s, ETA:    14s[>>>>>>>>>>>>>>>>>>>>>     ] 6365/7824, 102.9 task/s, elapsed: 62s, ETA:    14s[>>>>>>>>>>>>>>>>>>>>>     ] 6366/7824, 103.0 task/s, elapsed: 62s, ETA:    14s[>>>>>>>>>>>>>>>>>>>>>     ] 6367/7824, 103.0 task/s, elapsed: 62s, ETA:    14s[>>>>>>>>>>>>>>>>>>>>>     ] 6368/7824, 103.0 task/s, elapsed: 62s, ETA:    14s[>>>>>>>>>>>>>>>>>>>>>     ] 6369/7824, 103.0 task/s, elapsed: 62s, ETA:    14s[>>>>>>>>>>>>>>>>>>>>>     ] 6370/7824, 103.0 task/s, elapsed: 62s, ETA:    14s[>>>>>>>>>>>>>>>>>>>>>     ] 6371/7824, 103.0 task/s, elapsed: 62s, ETA:    14s[>>>>>>>>>>>>>>>>>>>>>     ] 6372/7824, 103.0 task/s, elapsed: 62s, ETA:    14s[>>>>>>>>>>>>>>>>>>>>>     ] 6373/7824, 103.0 task/s, elapsed: 62s, ETA:    14s[>>>>>>>>>>>>>>>>>>>>>     ] 6374/7824, 103.0 task/s, elapsed: 62s, ETA:    14s[>>>>>>>>>>>>>>>>>>>>>     ] 6375/7824, 103.0 task/s, elapsed: 62s, ETA:    14s[>>>>>>>>>>>>>>>>>>>>>     ] 6376/7824, 103.0 task/s, elapsed: 62s, ETA:    14s[>>>>>>>>>>>>>>>>>>>>>     ] 6377/7824, 103.0 task/s, elapsed: 62s, ETA:    14s[>>>>>>>>>>>>>>>>>>>>>     ] 6378/7824, 103.0 task/s, elapsed: 62s, ETA:    14s[>>>>>>>>>>>>>>>>>>>>>     ] 6379/7824, 103.0 task/s, elapsed: 62s, ETA:    14s[>>>>>>>>>>>>>>>>>>>>>     ] 6380/7824, 103.0 task/s, elapsed: 62s, ETA:    14s[>>>>>>>>>>>>>>>>>>>>>     ] 6381/7824, 103.0 task/s, elapsed: 62s, ETA:    14s[>>>>>>>>>>>>>>>>>>>>>     ] 6382/7824, 103.0 task/s, elapsed: 62s, ETA:    14s[>>>>>>>>>>>>>>>>>>>>>     ] 6383/7824, 103.0 task/s, elapsed: 62s, ETA:    14s[>>>>>>>>>>>>>>>>>>>>>     ] 6384/7824, 103.0 task/s, elapsed: 62s, ETA:    14s[>>>>>>>>>>>>>>>>>>>>>     ] 6385/7824, 103.0 task/s, elapsed: 62s, ETA:    14s[>>>>>>>>>>>>>>>>>>>>>     ] 6386/7824, 103.0 task/s, elapsed: 62s, ETA:    14s[>>>>>>>>>>>>>>>>>>>>>     ] 6387/7824, 103.0 task/s, elapsed: 62s, ETA:    14s[>>>>>>>>>>>>>>>>>>>>>     ] 6388/7824, 103.0 task/s, elapsed: 62s, ETA:    14s[>>>>>>>>>>>>>>>>>>>>>     ] 6389/7824, 103.0 task/s, elapsed: 62s, ETA:    14s[>>>>>>>>>>>>>>>>>>>>>     ] 6390/7824, 103.0 task/s, elapsed: 62s, ETA:    14s[>>>>>>>>>>>>>>>>>>>>>     ] 6391/7824, 103.0 task/s, elapsed: 62s, ETA:    14s[>>>>>>>>>>>>>>>>>>>>>     ] 6392/7824, 103.0 task/s, elapsed: 62s, ETA:    14s[>>>>>>>>>>>>>>>>>>>>>     ] 6393/7824, 103.0 task/s, elapsed: 62s, ETA:    14s[>>>>>>>>>>>>>>>>>>>>>     ] 6394/7824, 103.0 task/s, elapsed: 62s, ETA:    14s[>>>>>>>>>>>>>>>>>>>>>     ] 6395/7824, 103.0 task/s, elapsed: 62s, ETA:    14s[>>>>>>>>>>>>>>>>>>>>>     ] 6396/7824, 103.0 task/s, elapsed: 62s, ETA:    14s[>>>>>>>>>>>>>>>>>>>>>     ] 6397/7824, 103.0 task/s, elapsed: 62s, ETA:    14s[>>>>>>>>>>>>>>>>>>>>>     ] 6398/7824, 103.0 task/s, elapsed: 62s, ETA:    14s[>>>>>>>>>>>>>>>>>>>>>     ] 6399/7824, 103.0 task/s, elapsed: 62s, ETA:    14s[>>>>>>>>>>>>>>>>>>>>>     ] 6400/7824, 103.0 task/s, elapsed: 62s, ETA:    14s[>>>>>>>>>>>>>>>>>>>>>     ] 6401/7824, 103.0 task/s, elapsed: 62s, ETA:    14s[>>>>>>>>>>>>>>>>>>>>>     ] 6402/7824, 103.0 task/s, elapsed: 62s, ETA:    14s[>>>>>>>>>>>>>>>>>>>>>     ] 6403/7824, 103.0 task/s, elapsed: 62s, ETA:    14s[>>>>>>>>>>>>>>>>>>>>>     ] 6404/7824, 103.0 task/s, elapsed: 62s, ETA:    14s[>>>>>>>>>>>>>>>>>>>>>     ] 6405/7824, 103.0 task/s, elapsed: 62s, ETA:    14s[>>>>>>>>>>>>>>>>>>>>>     ] 6406/7824, 103.0 task/s, elapsed: 62s, ETA:    14s[>>>>>>>>>>>>>>>>>>>>>     ] 6407/7824, 103.0 task/s, elapsed: 62s, ETA:    14s[>>>>>>>>>>>>>>>>>>>>>     ] 6408/7824, 103.0 task/s, elapsed: 62s, ETA:    14s[>>>>>>>>>>>>>>>>>>>>>     ] 6409/7824, 103.0 task/s, elapsed: 62s, ETA:    14s[>>>>>>>>>>>>>>>>>>>>>     ] 6410/7824, 103.0 task/s, elapsed: 62s, ETA:    14s[>>>>>>>>>>>>>>>>>>>>>     ] 6411/7824, 103.0 task/s, elapsed: 62s, ETA:    14s[>>>>>>>>>>>>>>>>>>>>>     ] 6412/7824, 103.0 task/s, elapsed: 62s, ETA:    14s[>>>>>>>>>>>>>>>>>>>>>     ] 6413/7824, 103.0 task/s, elapsed: 62s, ETA:    14s[>>>>>>>>>>>>>>>>>>>>>     ] 6414/7824, 103.0 task/s, elapsed: 62s, ETA:    14s[>>>>>>>>>>>>>>>>>>>>>     ] 6415/7824, 103.0 task/s, elapsed: 62s, ETA:    14s[>>>>>>>>>>>>>>>>>>>>>     ] 6416/7824, 103.0 task/s, elapsed: 62s, ETA:    14s[>>>>>>>>>>>>>>>>>>>>>     ] 6417/7824, 103.0 task/s, elapsed: 62s, ETA:    14s[>>>>>>>>>>>>>>>>>>>>>     ] 6418/7824, 103.0 task/s, elapsed: 62s, ETA:    14s[>>>>>>>>>>>>>>>>>>>>>     ] 6419/7824, 103.0 task/s, elapsed: 62s, ETA:    14s[>>>>>>>>>>>>>>>>>>>>>     ] 6420/7824, 103.0 task/s, elapsed: 62s, ETA:    14s[>>>>>>>>>>>>>>>>>>>>>     ] 6421/7824, 103.0 task/s, elapsed: 62s, ETA:    14s[>>>>>>>>>>>>>>>>>>>>>     ] 6422/7824, 103.0 task/s, elapsed: 62s, ETA:    14s[>>>>>>>>>>>>>>>>>>>>>     ] 6423/7824, 103.0 task/s, elapsed: 62s, ETA:    14s[>>>>>>>>>>>>>>>>>>>>>     ] 6424/7824, 103.0 task/s, elapsed: 62s, ETA:    14s[>>>>>>>>>>>>>>>>>>>>>     ] 6425/7824, 103.0 task/s, elapsed: 62s, ETA:    14s[>>>>>>>>>>>>>>>>>>>>>     ] 6426/7824, 103.0 task/s, elapsed: 62s, ETA:    14s[>>>>>>>>>>>>>>>>>>>>>     ] 6427/7824, 103.0 task/s, elapsed: 62s, ETA:    14s[>>>>>>>>>>>>>>>>>>>>>     ] 6428/7824, 103.0 task/s, elapsed: 62s, ETA:    14s[>>>>>>>>>>>>>>>>>>>>>     ] 6429/7824, 103.0 task/s, elapsed: 62s, ETA:    14s[>>>>>>>>>>>>>>>>>>>>>     ] 6430/7824, 103.0 task/s, elapsed: 62s, ETA:    14s[>>>>>>>>>>>>>>>>>>>>>     ] 6431/7824, 103.0 task/s, elapsed: 62s, ETA:    14s[>>>>>>>>>>>>>>>>>>>>>     ] 6432/7824, 103.0 task/s, elapsed: 62s, ETA:    14s[>>>>>>>>>>>>>>>>>>>>>     ] 6433/7824, 103.0 task/s, elapsed: 62s, ETA:    14s[>>>>>>>>>>>>>>>>>>>>>     ] 6434/7824, 103.0 task/s, elapsed: 62s, ETA:    13s[>>>>>>>>>>>>>>>>>>>>>     ] 6435/7824, 103.0 task/s, elapsed: 62s, ETA:    13s[>>>>>>>>>>>>>>>>>>>>>     ] 6436/7824, 103.0 task/s, elapsed: 62s, ETA:    13s[>>>>>>>>>>>>>>>>>>>>>     ] 6437/7824, 103.0 task/s, elapsed: 62s, ETA:    13s[>>>>>>>>>>>>>>>>>>>>>     ] 6438/7824, 103.0 task/s, elapsed: 62s, ETA:    13s[>>>>>>>>>>>>>>>>>>>>>     ] 6439/7824, 103.0 task/s, elapsed: 62s, ETA:    13s[>>>>>>>>>>>>>>>>>>>>>     ] 6440/7824, 103.0 task/s, elapsed: 62s, ETA:    13s[>>>>>>>>>>>>>>>>>>>>>     ] 6441/7824, 103.0 task/s, elapsed: 63s, ETA:    13s[>>>>>>>>>>>>>>>>>>>>>     ] 6442/7824, 103.0 task/s, elapsed: 63s, ETA:    13s[>>>>>>>>>>>>>>>>>>>>>     ] 6443/7824, 103.1 task/s, elapsed: 63s, ETA:    13s[>>>>>>>>>>>>>>>>>>>>>     ] 6444/7824, 103.1 task/s, elapsed: 63s, ETA:    13s[>>>>>>>>>>>>>>>>>>>>>     ] 6445/7824, 103.1 task/s, elapsed: 63s, ETA:    13s[>>>>>>>>>>>>>>>>>>>>>     ] 6446/7824, 103.1 task/s, elapsed: 63s, ETA:    13s[>>>>>>>>>>>>>>>>>>>>>     ] 6447/7824, 103.1 task/s, elapsed: 63s, ETA:    13s[>>>>>>>>>>>>>>>>>>>>>     ] 6448/7824, 103.1 task/s, elapsed: 63s, ETA:    13s[>>>>>>>>>>>>>>>>>>>>>     ] 6449/7824, 103.1 task/s, elapsed: 63s, ETA:    13s[>>>>>>>>>>>>>>>>>>>>>     ] 6450/7824, 103.1 task/s, elapsed: 63s, ETA:    13s[>>>>>>>>>>>>>>>>>>>>>     ] 6451/7824, 103.1 task/s, elapsed: 63s, ETA:    13s[>>>>>>>>>>>>>>>>>>>>>     ] 6452/7824, 103.1 task/s, elapsed: 63s, ETA:    13s[>>>>>>>>>>>>>>>>>>>>>     ] 6453/7824, 103.1 task/s, elapsed: 63s, ETA:    13s[>>>>>>>>>>>>>>>>>>>>>     ] 6454/7824, 103.1 task/s, elapsed: 63s, ETA:    13s[>>>>>>>>>>>>>>>>>>>>>     ] 6455/7824, 103.1 task/s, elapsed: 63s, ETA:    13s[>>>>>>>>>>>>>>>>>>>>>     ] 6456/7824, 103.1 task/s, elapsed: 63s, ETA:    13s[>>>>>>>>>>>>>>>>>>>>>     ] 6457/7824, 103.1 task/s, elapsed: 63s, ETA:    13s[>>>>>>>>>>>>>>>>>>>>>     ] 6458/7824, 103.1 task/s, elapsed: 63s, ETA:    13s[>>>>>>>>>>>>>>>>>>>>>     ] 6459/7824, 103.1 task/s, elapsed: 63s, ETA:    13s[>>>>>>>>>>>>>>>>>>>>>     ] 6460/7824, 103.1 task/s, elapsed: 63s, ETA:    13s[>>>>>>>>>>>>>>>>>>>>>     ] 6461/7824, 103.1 task/s, elapsed: 63s, ETA:    13s[>>>>>>>>>>>>>>>>>>>>>     ] 6462/7824, 103.1 task/s, elapsed: 63s, ETA:    13s[>>>>>>>>>>>>>>>>>>>>>     ] 6463/7824, 103.1 task/s, elapsed: 63s, ETA:    13s[>>>>>>>>>>>>>>>>>>>>>     ] 6464/7824, 103.1 task/s, elapsed: 63s, ETA:    13s[>>>>>>>>>>>>>>>>>>>>>     ] 6465/7824, 103.1 task/s, elapsed: 63s, ETA:    13s[>>>>>>>>>>>>>>>>>>>>>     ] 6466/7824, 103.1 task/s, elapsed: 63s, ETA:    13s[>>>>>>>>>>>>>>>>>>>>>     ] 6467/7824, 103.1 task/s, elapsed: 63s, ETA:    13s[>>>>>>>>>>>>>>>>>>>>>     ] 6468/7824, 103.1 task/s, elapsed: 63s, ETA:    13s[>>>>>>>>>>>>>>>>>>>>>     ] 6469/7824, 103.1 task/s, elapsed: 63s, ETA:    13s[>>>>>>>>>>>>>>>>>>>>>     ] 6470/7824, 103.1 task/s, elapsed: 63s, ETA:    13s[>>>>>>>>>>>>>>>>>>>>>     ] 6471/7824, 103.1 task/s, elapsed: 63s, ETA:    13s[>>>>>>>>>>>>>>>>>>>>>     ] 6472/7824, 103.1 task/s, elapsed: 63s, ETA:    13s[>>>>>>>>>>>>>>>>>>>>>     ] 6473/7824, 103.1 task/s, elapsed: 63s, ETA:    13s[>>>>>>>>>>>>>>>>>>>>>     ] 6474/7824, 103.1 task/s, elapsed: 63s, ETA:    13s[>>>>>>>>>>>>>>>>>>>>>     ] 6475/7824, 103.1 task/s, elapsed: 63s, ETA:    13s[>>>>>>>>>>>>>>>>>>>>>     ] 6476/7824, 103.1 task/s, elapsed: 63s, ETA:    13s[>>>>>>>>>>>>>>>>>>>>>     ] 6477/7824, 103.1 task/s, elapsed: 63s, ETA:    13s[>>>>>>>>>>>>>>>>>>>>>     ] 6478/7824, 103.1 task/s, elapsed: 63s, ETA:    13s[>>>>>>>>>>>>>>>>>>>>>     ] 6479/7824, 103.1 task/s, elapsed: 63s, ETA:    13s[>>>>>>>>>>>>>>>>>>>>>     ] 6480/7824, 103.1 task/s, elapsed: 63s, ETA:    13s[>>>>>>>>>>>>>>>>>>>>>     ] 6481/7824, 103.1 task/s, elapsed: 63s, ETA:    13s[>>>>>>>>>>>>>>>>>>>>>     ] 6482/7824, 103.1 task/s, elapsed: 63s, ETA:    13s[>>>>>>>>>>>>>>>>>>>>>     ] 6483/7824, 103.1 task/s, elapsed: 63s, ETA:    13s[>>>>>>>>>>>>>>>>>>>>>     ] 6484/7824, 103.1 task/s, elapsed: 63s, ETA:    13s[>>>>>>>>>>>>>>>>>>>>>     ] 6485/7824, 103.1 task/s, elapsed: 63s, ETA:    13s[>>>>>>>>>>>>>>>>>>>>>     ] 6486/7824, 103.1 task/s, elapsed: 63s, ETA:    13s[>>>>>>>>>>>>>>>>>>>>>     ] 6487/7824, 103.1 task/s, elapsed: 63s, ETA:    13s[>>>>>>>>>>>>>>>>>>>>>     ] 6488/7824, 103.1 task/s, elapsed: 63s, ETA:    13s[>>>>>>>>>>>>>>>>>>>>>     ] 6489/7824, 103.1 task/s, elapsed: 63s, ETA:    13s[>>>>>>>>>>>>>>>>>>>>>     ] 6490/7824, 103.1 task/s, elapsed: 63s, ETA:    13s[>>>>>>>>>>>>>>>>>>>>>     ] 6491/7824, 103.1 task/s, elapsed: 63s, ETA:    13s[>>>>>>>>>>>>>>>>>>>>>     ] 6492/7824, 103.1 task/s, elapsed: 63s, ETA:    13s[>>>>>>>>>>>>>>>>>>>>>     ] 6493/7824, 103.1 task/s, elapsed: 63s, ETA:    13s[>>>>>>>>>>>>>>>>>>>>>     ] 6494/7824, 103.1 task/s, elapsed: 63s, ETA:    13s[>>>>>>>>>>>>>>>>>>>>>     ] 6495/7824, 103.1 task/s, elapsed: 63s, ETA:    13s[>>>>>>>>>>>>>>>>>>>>>     ] 6496/7824, 103.1 task/s, elapsed: 63s, ETA:    13s[>>>>>>>>>>>>>>>>>>>>>     ] 6497/7824, 103.1 task/s, elapsed: 63s, ETA:    13s[>>>>>>>>>>>>>>>>>>>>>     ] 6498/7824, 103.1 task/s, elapsed: 63s, ETA:    13s[>>>>>>>>>>>>>>>>>>>>>     ] 6499/7824, 103.1 task/s, elapsed: 63s, ETA:    13s[>>>>>>>>>>>>>>>>>>>>>     ] 6500/7824, 103.1 task/s, elapsed: 63s, ETA:    13s[>>>>>>>>>>>>>>>>>>>>>     ] 6501/7824, 103.1 task/s, elapsed: 63s, ETA:    13s[>>>>>>>>>>>>>>>>>>>>>     ] 6502/7824, 103.1 task/s, elapsed: 63s, ETA:    13s[>>>>>>>>>>>>>>>>>>>>>     ] 6503/7824, 103.1 task/s, elapsed: 63s, ETA:    13s[>>>>>>>>>>>>>>>>>>>>>     ] 6504/7824, 103.1 task/s, elapsed: 63s, ETA:    13s[>>>>>>>>>>>>>>>>>>>>>     ] 6505/7824, 103.1 task/s, elapsed: 63s, ETA:    13s[>>>>>>>>>>>>>>>>>>>>>     ] 6506/7824, 103.1 task/s, elapsed: 63s, ETA:    13s[>>>>>>>>>>>>>>>>>>>>>     ] 6507/7824, 103.1 task/s, elapsed: 63s, ETA:    13s[>>>>>>>>>>>>>>>>>>>>>     ] 6508/7824, 103.2 task/s, elapsed: 63s, ETA:    13s[>>>>>>>>>>>>>>>>>>>>>     ] 6509/7824, 103.2 task/s, elapsed: 63s, ETA:    13s[>>>>>>>>>>>>>>>>>>>>>     ] 6510/7824, 103.2 task/s, elapsed: 63s, ETA:    13s[>>>>>>>>>>>>>>>>>>>>>     ] 6511/7824, 103.2 task/s, elapsed: 63s, ETA:    13s[>>>>>>>>>>>>>>>>>>>>>     ] 6512/7824, 103.2 task/s, elapsed: 63s, ETA:    13s[>>>>>>>>>>>>>>>>>>>>>     ] 6513/7824, 103.2 task/s, elapsed: 63s, ETA:    13s[>>>>>>>>>>>>>>>>>>>>>     ] 6514/7824, 103.2 task/s, elapsed: 63s, ETA:    13s[>>>>>>>>>>>>>>>>>>>>>     ] 6515/7824, 103.2 task/s, elapsed: 63s, ETA:    13s[>>>>>>>>>>>>>>>>>>>>>     ] 6516/7824, 103.2 task/s, elapsed: 63s, ETA:    13s[>>>>>>>>>>>>>>>>>>>>>     ] 6517/7824, 103.2 task/s, elapsed: 63s, ETA:    13s[>>>>>>>>>>>>>>>>>>>>>     ] 6518/7824, 103.2 task/s, elapsed: 63s, ETA:    13s[>>>>>>>>>>>>>>>>>>>>>     ] 6519/7824, 103.2 task/s, elapsed: 63s, ETA:    13s[>>>>>>>>>>>>>>>>>>>>>     ] 6520/7824, 103.2 task/s, elapsed: 63s, ETA:    13s[>>>>>>>>>>>>>>>>>>>>>     ] 6521/7824, 103.2 task/s, elapsed: 63s, ETA:    13s[>>>>>>>>>>>>>>>>>>>>>     ] 6522/7824, 103.2 task/s, elapsed: 63s, ETA:    13s[>>>>>>>>>>>>>>>>>>>>>     ] 6523/7824, 103.2 task/s, elapsed: 63s, ETA:    13s[>>>>>>>>>>>>>>>>>>>>>     ] 6524/7824, 103.2 task/s, elapsed: 63s, ETA:    13s[>>>>>>>>>>>>>>>>>>>>>     ] 6525/7824, 103.2 task/s, elapsed: 63s, ETA:    13s[>>>>>>>>>>>>>>>>>>>>>     ] 6526/7824, 103.2 task/s, elapsed: 63s, ETA:    13s[>>>>>>>>>>>>>>>>>>>>>     ] 6527/7824, 103.2 task/s, elapsed: 63s, ETA:    13s[>>>>>>>>>>>>>>>>>>>>>     ] 6528/7824, 103.2 task/s, elapsed: 63s, ETA:    13s[>>>>>>>>>>>>>>>>>>>>>     ] 6529/7824, 103.2 task/s, elapsed: 63s, ETA:    13s[>>>>>>>>>>>>>>>>>>>>>     ] 6530/7824, 103.2 task/s, elapsed: 63s, ETA:    13s[>>>>>>>>>>>>>>>>>>>>>     ] 6531/7824, 103.2 task/s, elapsed: 63s, ETA:    13s[>>>>>>>>>>>>>>>>>>>>>     ] 6532/7824, 103.2 task/s, elapsed: 63s, ETA:    13s[>>>>>>>>>>>>>>>>>>>>>     ] 6533/7824, 103.2 task/s, elapsed: 63s, ETA:    13s[>>>>>>>>>>>>>>>>>>>>>     ] 6534/7824, 103.2 task/s, elapsed: 63s, ETA:    13s[>>>>>>>>>>>>>>>>>>>>>     ] 6535/7824, 103.2 task/s, elapsed: 63s, ETA:    12s[>>>>>>>>>>>>>>>>>>>>>     ] 6536/7824, 103.2 task/s, elapsed: 63s, ETA:    12s[>>>>>>>>>>>>>>>>>>>>>     ] 6537/7824, 103.2 task/s, elapsed: 63s, ETA:    12s[>>>>>>>>>>>>>>>>>>>>>     ] 6538/7824, 103.2 task/s, elapsed: 63s, ETA:    12s[>>>>>>>>>>>>>>>>>>>>>     ] 6539/7824, 103.2 task/s, elapsed: 63s, ETA:    12s[>>>>>>>>>>>>>>>>>>>>>     ] 6540/7824, 103.2 task/s, elapsed: 63s, ETA:    12s[>>>>>>>>>>>>>>>>>>>>>     ] 6541/7824, 103.2 task/s, elapsed: 63s, ETA:    12s[>>>>>>>>>>>>>>>>>>>>>     ] 6542/7824, 103.2 task/s, elapsed: 63s, ETA:    12s[>>>>>>>>>>>>>>>>>>>>>     ] 6543/7824, 103.2 task/s, elapsed: 63s, ETA:    12s[>>>>>>>>>>>>>>>>>>>>>     ] 6544/7824, 103.2 task/s, elapsed: 63s, ETA:    12s[>>>>>>>>>>>>>>>>>>>>>     ] 6545/7824, 103.2 task/s, elapsed: 63s, ETA:    12s[>>>>>>>>>>>>>>>>>>>>>     ] 6546/7824, 103.2 task/s, elapsed: 63s, ETA:    12s[>>>>>>>>>>>>>>>>>>>>>     ] 6547/7824, 103.2 task/s, elapsed: 63s, ETA:    12s[>>>>>>>>>>>>>>>>>>>>>     ] 6548/7824, 103.2 task/s, elapsed: 63s, ETA:    12s[>>>>>>>>>>>>>>>>>>>>>     ] 6549/7824, 103.2 task/s, elapsed: 63s, ETA:    12s[>>>>>>>>>>>>>>>>>>>>>     ] 6550/7824, 103.2 task/s, elapsed: 63s, ETA:    12s[>>>>>>>>>>>>>>>>>>>>>     ] 6551/7824, 103.2 task/s, elapsed: 63s, ETA:    12s[>>>>>>>>>>>>>>>>>>>>>     ] 6552/7824, 103.2 task/s, elapsed: 63s, ETA:    12s[>>>>>>>>>>>>>>>>>>>>>     ] 6553/7824, 103.2 task/s, elapsed: 63s, ETA:    12s[>>>>>>>>>>>>>>>>>>>>>     ] 6554/7824, 103.2 task/s, elapsed: 63s, ETA:    12s[>>>>>>>>>>>>>>>>>>>>>     ] 6555/7824, 103.2 task/s, elapsed: 63s, ETA:    12s[>>>>>>>>>>>>>>>>>>>>>     ] 6556/7824, 103.2 task/s, elapsed: 64s, ETA:    12s[>>>>>>>>>>>>>>>>>>>>>     ] 6557/7824, 103.2 task/s, elapsed: 64s, ETA:    12s[>>>>>>>>>>>>>>>>>>>>>     ] 6558/7824, 103.2 task/s, elapsed: 64s, ETA:    12s[>>>>>>>>>>>>>>>>>>>>>     ] 6559/7824, 103.2 task/s, elapsed: 64s, ETA:    12s[>>>>>>>>>>>>>>>>>>>>>     ] 6560/7824, 103.2 task/s, elapsed: 64s, ETA:    12s[>>>>>>>>>>>>>>>>>>>>>     ] 6561/7824, 103.2 task/s, elapsed: 64s, ETA:    12s[>>>>>>>>>>>>>>>>>>>>>     ] 6562/7824, 103.2 task/s, elapsed: 64s, ETA:    12s[>>>>>>>>>>>>>>>>>>>>>     ] 6563/7824, 103.2 task/s, elapsed: 64s, ETA:    12s[>>>>>>>>>>>>>>>>>>>>>     ] 6564/7824, 103.2 task/s, elapsed: 64s, ETA:    12s[>>>>>>>>>>>>>>>>>>>>>     ] 6565/7824, 103.2 task/s, elapsed: 64s, ETA:    12s[>>>>>>>>>>>>>>>>>>>>>     ] 6566/7824, 103.2 task/s, elapsed: 64s, ETA:    12s[>>>>>>>>>>>>>>>>>>>>>     ] 6567/7824, 103.2 task/s, elapsed: 64s, ETA:    12s[>>>>>>>>>>>>>>>>>>>>>     ] 6568/7824, 103.3 task/s, elapsed: 64s, ETA:    12s[>>>>>>>>>>>>>>>>>>>>>     ] 6569/7824, 103.3 task/s, elapsed: 64s, ETA:    12s[>>>>>>>>>>>>>>>>>>>>>     ] 6570/7824, 103.3 task/s, elapsed: 64s, ETA:    12s[>>>>>>>>>>>>>>>>>>>>>     ] 6571/7824, 103.3 task/s, elapsed: 64s, ETA:    12s[>>>>>>>>>>>>>>>>>>>>>     ] 6572/7824, 103.3 task/s, elapsed: 64s, ETA:    12s[>>>>>>>>>>>>>>>>>>>>>     ] 6573/7824, 103.3 task/s, elapsed: 64s, ETA:    12s[>>>>>>>>>>>>>>>>>>>>>     ] 6574/7824, 103.3 task/s, elapsed: 64s, ETA:    12s[>>>>>>>>>>>>>>>>>>>>>     ] 6575/7824, 103.3 task/s, elapsed: 64s, ETA:    12s[>>>>>>>>>>>>>>>>>>>>>     ] 6576/7824, 103.3 task/s, elapsed: 64s, ETA:    12s[>>>>>>>>>>>>>>>>>>>>>     ] 6577/7824, 103.3 task/s, elapsed: 64s, ETA:    12s[>>>>>>>>>>>>>>>>>>>>>     ] 6578/7824, 103.3 task/s, elapsed: 64s, ETA:    12s[>>>>>>>>>>>>>>>>>>>>>     ] 6579/7824, 103.3 task/s, elapsed: 64s, ETA:    12s[>>>>>>>>>>>>>>>>>>>>>     ] 6580/7824, 103.3 task/s, elapsed: 64s, ETA:    12s[>>>>>>>>>>>>>>>>>>>>>     ] 6581/7824, 103.3 task/s, elapsed: 64s, ETA:    12s[>>>>>>>>>>>>>>>>>>>>>     ] 6582/7824, 103.3 task/s, elapsed: 64s, ETA:    12s[>>>>>>>>>>>>>>>>>>>>>     ] 6583/7824, 103.3 task/s, elapsed: 64s, ETA:    12s[>>>>>>>>>>>>>>>>>>>>>     ] 6584/7824, 103.3 task/s, elapsed: 64s, ETA:    12s[>>>>>>>>>>>>>>>>>>>>>     ] 6585/7824, 103.3 task/s, elapsed: 64s, ETA:    12s[>>>>>>>>>>>>>>>>>>>>>     ] 6586/7824, 103.3 task/s, elapsed: 64s, ETA:    12s[>>>>>>>>>>>>>>>>>>>>>     ] 6587/7824, 103.3 task/s, elapsed: 64s, ETA:    12s[>>>>>>>>>>>>>>>>>>>>>     ] 6588/7824, 103.3 task/s, elapsed: 64s, ETA:    12s[>>>>>>>>>>>>>>>>>>>>>     ] 6589/7824, 103.3 task/s, elapsed: 64s, ETA:    12s[>>>>>>>>>>>>>>>>>>>>>     ] 6590/7824, 103.3 task/s, elapsed: 64s, ETA:    12s[>>>>>>>>>>>>>>>>>>>>>     ] 6591/7824, 103.3 task/s, elapsed: 64s, ETA:    12s[>>>>>>>>>>>>>>>>>>>>>     ] 6592/7824, 103.3 task/s, elapsed: 64s, ETA:    12s[>>>>>>>>>>>>>>>>>>>>>     ] 6593/7824, 103.3 task/s, elapsed: 64s, ETA:    12s[>>>>>>>>>>>>>>>>>>>>>     ] 6594/7824, 103.3 task/s, elapsed: 64s, ETA:    12s[>>>>>>>>>>>>>>>>>>>>>     ] 6595/7824, 103.3 task/s, elapsed: 64s, ETA:    12s[>>>>>>>>>>>>>>>>>>>>>     ] 6596/7824, 103.3 task/s, elapsed: 64s, ETA:    12s[>>>>>>>>>>>>>>>>>>>>>     ] 6597/7824, 103.3 task/s, elapsed: 64s, ETA:    12s[>>>>>>>>>>>>>>>>>>>>>     ] 6598/7824, 103.3 task/s, elapsed: 64s, ETA:    12s[>>>>>>>>>>>>>>>>>>>>>     ] 6599/7824, 103.3 task/s, elapsed: 64s, ETA:    12s[>>>>>>>>>>>>>>>>>>>>>     ] 6600/7824, 103.3 task/s, elapsed: 64s, ETA:    12s[>>>>>>>>>>>>>>>>>>>>>     ] 6601/7824, 103.3 task/s, elapsed: 64s, ETA:    12s[>>>>>>>>>>>>>>>>>>>>>     ] 6602/7824, 103.3 task/s, elapsed: 64s, ETA:    12s[>>>>>>>>>>>>>>>>>>>>>     ] 6603/7824, 103.3 task/s, elapsed: 64s, ETA:    12s[>>>>>>>>>>>>>>>>>>>>>     ] 6604/7824, 103.3 task/s, elapsed: 64s, ETA:    12s[>>>>>>>>>>>>>>>>>>>>>     ] 6605/7824, 103.3 task/s, elapsed: 64s, ETA:    12s[>>>>>>>>>>>>>>>>>>>>>     ] 6606/7824, 103.3 task/s, elapsed: 64s, ETA:    12s[>>>>>>>>>>>>>>>>>>>>>     ] 6607/7824, 103.3 task/s, elapsed: 64s, ETA:    12s[>>>>>>>>>>>>>>>>>>>>>     ] 6608/7824, 103.3 task/s, elapsed: 64s, ETA:    12s[>>>>>>>>>>>>>>>>>>>>>     ] 6609/7824, 103.3 task/s, elapsed: 64s, ETA:    12s[>>>>>>>>>>>>>>>>>>>>>     ] 6610/7824, 103.3 task/s, elapsed: 64s, ETA:    12s[>>>>>>>>>>>>>>>>>>>>>     ] 6611/7824, 103.3 task/s, elapsed: 64s, ETA:    12s[>>>>>>>>>>>>>>>>>>>>>     ] 6612/7824, 103.3 task/s, elapsed: 64s, ETA:    12s[>>>>>>>>>>>>>>>>>>>>>     ] 6613/7824, 103.3 task/s, elapsed: 64s, ETA:    12s[>>>>>>>>>>>>>>>>>>>>>     ] 6614/7824, 103.3 task/s, elapsed: 64s, ETA:    12s[>>>>>>>>>>>>>>>>>>>>>     ] 6615/7824, 103.3 task/s, elapsed: 64s, ETA:    12s[>>>>>>>>>>>>>>>>>>>>>     ] 6616/7824, 103.3 task/s, elapsed: 64s, ETA:    12s[>>>>>>>>>>>>>>>>>>>>>     ] 6617/7824, 103.3 task/s, elapsed: 64s, ETA:    12s[>>>>>>>>>>>>>>>>>>>>>     ] 6618/7824, 103.3 task/s, elapsed: 64s, ETA:    12s[>>>>>>>>>>>>>>>>>>>>>     ] 6619/7824, 103.3 task/s, elapsed: 64s, ETA:    12s[>>>>>>>>>>>>>>>>>>>>>     ] 6620/7824, 103.3 task/s, elapsed: 64s, ETA:    12s[>>>>>>>>>>>>>>>>>>>>>>    ] 6621/7824, 103.3 task/s, elapsed: 64s, ETA:    12s[>>>>>>>>>>>>>>>>>>>>>>    ] 6622/7824, 103.3 task/s, elapsed: 64s, ETA:    12s[>>>>>>>>>>>>>>>>>>>>>>    ] 6623/7824, 103.3 task/s, elapsed: 64s, ETA:    12s[>>>>>>>>>>>>>>>>>>>>>>    ] 6624/7824, 103.3 task/s, elapsed: 64s, ETA:    12s[>>>>>>>>>>>>>>>>>>>>>>    ] 6625/7824, 103.3 task/s, elapsed: 64s, ETA:    12s[>>>>>>>>>>>>>>>>>>>>>>    ] 6626/7824, 103.3 task/s, elapsed: 64s, ETA:    12s[>>>>>>>>>>>>>>>>>>>>>>    ] 6627/7824, 103.3 task/s, elapsed: 64s, ETA:    12s[>>>>>>>>>>>>>>>>>>>>>>    ] 6628/7824, 103.3 task/s, elapsed: 64s, ETA:    12s[>>>>>>>>>>>>>>>>>>>>>>    ] 6629/7824, 103.3 task/s, elapsed: 64s, ETA:    12s[>>>>>>>>>>>>>>>>>>>>>>    ] 6630/7824, 103.3 task/s, elapsed: 64s, ETA:    12s[>>>>>>>>>>>>>>>>>>>>>>    ] 6631/7824, 103.4 task/s, elapsed: 64s, ETA:    12s[>>>>>>>>>>>>>>>>>>>>>>    ] 6632/7824, 103.4 task/s, elapsed: 64s, ETA:    12s[>>>>>>>>>>>>>>>>>>>>>>    ] 6633/7824, 103.4 task/s, elapsed: 64s, ETA:    12s[>>>>>>>>>>>>>>>>>>>>>>    ] 6634/7824, 103.4 task/s, elapsed: 64s, ETA:    12s[>>>>>>>>>>>>>>>>>>>>>>    ] 6635/7824, 103.4 task/s, elapsed: 64s, ETA:    12s[>>>>>>>>>>>>>>>>>>>>>>    ] 6636/7824, 103.4 task/s, elapsed: 64s, ETA:    11s[>>>>>>>>>>>>>>>>>>>>>>    ] 6637/7824, 103.4 task/s, elapsed: 64s, ETA:    11s[>>>>>>>>>>>>>>>>>>>>>>    ] 6638/7824, 103.4 task/s, elapsed: 64s, ETA:    11s[>>>>>>>>>>>>>>>>>>>>>>    ] 6639/7824, 103.4 task/s, elapsed: 64s, ETA:    11s[>>>>>>>>>>>>>>>>>>>>>>    ] 6640/7824, 103.4 task/s, elapsed: 64s, ETA:    11s[>>>>>>>>>>>>>>>>>>>>>>    ] 6641/7824, 103.4 task/s, elapsed: 64s, ETA:    11s[>>>>>>>>>>>>>>>>>>>>>>    ] 6642/7824, 103.4 task/s, elapsed: 64s, ETA:    11s[>>>>>>>>>>>>>>>>>>>>>>    ] 6643/7824, 103.4 task/s, elapsed: 64s, ETA:    11s[>>>>>>>>>>>>>>>>>>>>>>    ] 6644/7824, 103.4 task/s, elapsed: 64s, ETA:    11s[>>>>>>>>>>>>>>>>>>>>>>    ] 6645/7824, 103.4 task/s, elapsed: 64s, ETA:    11s[>>>>>>>>>>>>>>>>>>>>>>    ] 6646/7824, 103.4 task/s, elapsed: 64s, ETA:    11s[>>>>>>>>>>>>>>>>>>>>>>    ] 6647/7824, 103.4 task/s, elapsed: 64s, ETA:    11s[>>>>>>>>>>>>>>>>>>>>>>    ] 6648/7824, 103.4 task/s, elapsed: 64s, ETA:    11s[>>>>>>>>>>>>>>>>>>>>>>    ] 6649/7824, 103.4 task/s, elapsed: 64s, ETA:    11s[>>>>>>>>>>>>>>>>>>>>>>    ] 6650/7824, 103.4 task/s, elapsed: 64s, ETA:    11s[>>>>>>>>>>>>>>>>>>>>>>    ] 6651/7824, 103.4 task/s, elapsed: 64s, ETA:    11s[>>>>>>>>>>>>>>>>>>>>>>    ] 6652/7824, 103.4 task/s, elapsed: 64s, ETA:    11s[>>>>>>>>>>>>>>>>>>>>>>    ] 6653/7824, 103.4 task/s, elapsed: 64s, ETA:    11s[>>>>>>>>>>>>>>>>>>>>>>    ] 6654/7824, 103.4 task/s, elapsed: 64s, ETA:    11s[>>>>>>>>>>>>>>>>>>>>>>    ] 6655/7824, 103.4 task/s, elapsed: 64s, ETA:    11s[>>>>>>>>>>>>>>>>>>>>>>    ] 6656/7824, 103.4 task/s, elapsed: 64s, ETA:    11s[>>>>>>>>>>>>>>>>>>>>>>    ] 6657/7824, 103.4 task/s, elapsed: 64s, ETA:    11s[>>>>>>>>>>>>>>>>>>>>>>    ] 6658/7824, 103.4 task/s, elapsed: 64s, ETA:    11s[>>>>>>>>>>>>>>>>>>>>>>    ] 6659/7824, 103.4 task/s, elapsed: 64s, ETA:    11s[>>>>>>>>>>>>>>>>>>>>>>    ] 6660/7824, 103.4 task/s, elapsed: 64s, ETA:    11s[>>>>>>>>>>>>>>>>>>>>>>    ] 6661/7824, 103.4 task/s, elapsed: 64s, ETA:    11s[>>>>>>>>>>>>>>>>>>>>>>    ] 6662/7824, 103.4 task/s, elapsed: 64s, ETA:    11s[>>>>>>>>>>>>>>>>>>>>>>    ] 6663/7824, 103.4 task/s, elapsed: 64s, ETA:    11s[>>>>>>>>>>>>>>>>>>>>>>    ] 6664/7824, 103.4 task/s, elapsed: 64s, ETA:    11s[>>>>>>>>>>>>>>>>>>>>>>    ] 6665/7824, 103.4 task/s, elapsed: 64s, ETA:    11s[>>>>>>>>>>>>>>>>>>>>>>    ] 6666/7824, 103.4 task/s, elapsed: 64s, ETA:    11s[>>>>>>>>>>>>>>>>>>>>>>    ] 6667/7824, 103.4 task/s, elapsed: 64s, ETA:    11s[>>>>>>>>>>>>>>>>>>>>>>    ] 6668/7824, 103.4 task/s, elapsed: 64s, ETA:    11s[>>>>>>>>>>>>>>>>>>>>>>    ] 6669/7824, 103.4 task/s, elapsed: 65s, ETA:    11s[>>>>>>>>>>>>>>>>>>>>>>    ] 6670/7824, 103.4 task/s, elapsed: 65s, ETA:    11s[>>>>>>>>>>>>>>>>>>>>>>    ] 6671/7824, 103.4 task/s, elapsed: 65s, ETA:    11s[>>>>>>>>>>>>>>>>>>>>>>    ] 6672/7824, 103.4 task/s, elapsed: 65s, ETA:    11s[>>>>>>>>>>>>>>>>>>>>>>    ] 6673/7824, 103.4 task/s, elapsed: 65s, ETA:    11s[>>>>>>>>>>>>>>>>>>>>>>    ] 6674/7824, 103.4 task/s, elapsed: 65s, ETA:    11s[>>>>>>>>>>>>>>>>>>>>>>    ] 6675/7824, 103.4 task/s, elapsed: 65s, ETA:    11s[>>>>>>>>>>>>>>>>>>>>>>    ] 6676/7824, 103.4 task/s, elapsed: 65s, ETA:    11s[>>>>>>>>>>>>>>>>>>>>>>    ] 6677/7824, 103.4 task/s, elapsed: 65s, ETA:    11s[>>>>>>>>>>>>>>>>>>>>>>    ] 6678/7824, 103.4 task/s, elapsed: 65s, ETA:    11s[>>>>>>>>>>>>>>>>>>>>>>    ] 6679/7824, 103.4 task/s, elapsed: 65s, ETA:    11s[>>>>>>>>>>>>>>>>>>>>>>    ] 6680/7824, 103.4 task/s, elapsed: 65s, ETA:    11s[>>>>>>>>>>>>>>>>>>>>>>    ] 6681/7824, 103.4 task/s, elapsed: 65s, ETA:    11s[>>>>>>>>>>>>>>>>>>>>>>    ] 6682/7824, 103.4 task/s, elapsed: 65s, ETA:    11s[>>>>>>>>>>>>>>>>>>>>>>    ] 6683/7824, 103.4 task/s, elapsed: 65s, ETA:    11s[>>>>>>>>>>>>>>>>>>>>>>    ] 6684/7824, 103.4 task/s, elapsed: 65s, ETA:    11s[>>>>>>>>>>>>>>>>>>>>>>    ] 6685/7824, 103.4 task/s, elapsed: 65s, ETA:    11s[>>>>>>>>>>>>>>>>>>>>>>    ] 6686/7824, 103.4 task/s, elapsed: 65s, ETA:    11s[>>>>>>>>>>>>>>>>>>>>>>    ] 6687/7824, 103.4 task/s, elapsed: 65s, ETA:    11s[>>>>>>>>>>>>>>>>>>>>>>    ] 6688/7824, 103.4 task/s, elapsed: 65s, ETA:    11s[>>>>>>>>>>>>>>>>>>>>>>    ] 6689/7824, 103.4 task/s, elapsed: 65s, ETA:    11s[>>>>>>>>>>>>>>>>>>>>>>    ] 6690/7824, 103.4 task/s, elapsed: 65s, ETA:    11s[>>>>>>>>>>>>>>>>>>>>>>    ] 6691/7824, 103.4 task/s, elapsed: 65s, ETA:    11s[>>>>>>>>>>>>>>>>>>>>>>    ] 6692/7824, 103.4 task/s, elapsed: 65s, ETA:    11s[>>>>>>>>>>>>>>>>>>>>>>    ] 6693/7824, 103.4 task/s, elapsed: 65s, ETA:    11s[>>>>>>>>>>>>>>>>>>>>>>    ] 6694/7824, 103.4 task/s, elapsed: 65s, ETA:    11s[>>>>>>>>>>>>>>>>>>>>>>    ] 6695/7824, 103.4 task/s, elapsed: 65s, ETA:    11s[>>>>>>>>>>>>>>>>>>>>>>    ] 6696/7824, 103.4 task/s, elapsed: 65s, ETA:    11s[>>>>>>>>>>>>>>>>>>>>>>    ] 6697/7824, 103.4 task/s, elapsed: 65s, ETA:    11s[>>>>>>>>>>>>>>>>>>>>>>    ] 6698/7824, 103.4 task/s, elapsed: 65s, ETA:    11s[>>>>>>>>>>>>>>>>>>>>>>    ] 6699/7824, 103.4 task/s, elapsed: 65s, ETA:    11s[>>>>>>>>>>>>>>>>>>>>>>    ] 6700/7824, 103.4 task/s, elapsed: 65s, ETA:    11s[>>>>>>>>>>>>>>>>>>>>>>    ] 6701/7824, 103.4 task/s, elapsed: 65s, ETA:    11s[>>>>>>>>>>>>>>>>>>>>>>    ] 6702/7824, 103.4 task/s, elapsed: 65s, ETA:    11s[>>>>>>>>>>>>>>>>>>>>>>    ] 6703/7824, 103.4 task/s, elapsed: 65s, ETA:    11s[>>>>>>>>>>>>>>>>>>>>>>    ] 6704/7824, 103.4 task/s, elapsed: 65s, ETA:    11s[>>>>>>>>>>>>>>>>>>>>>>    ] 6705/7824, 103.4 task/s, elapsed: 65s, ETA:    11s[>>>>>>>>>>>>>>>>>>>>>>    ] 6706/7824, 103.4 task/s, elapsed: 65s, ETA:    11s[>>>>>>>>>>>>>>>>>>>>>>    ] 6707/7824, 103.4 task/s, elapsed: 65s, ETA:    11s[>>>>>>>>>>>>>>>>>>>>>>    ] 6708/7824, 103.4 task/s, elapsed: 65s, ETA:    11s[>>>>>>>>>>>>>>>>>>>>>>    ] 6709/7824, 103.4 task/s, elapsed: 65s, ETA:    11s[>>>>>>>>>>>>>>>>>>>>>>    ] 6710/7824, 103.4 task/s, elapsed: 65s, ETA:    11s[>>>>>>>>>>>>>>>>>>>>>>    ] 6711/7824, 103.4 task/s, elapsed: 65s, ETA:    11s[>>>>>>>>>>>>>>>>>>>>>>    ] 6712/7824, 103.4 task/s, elapsed: 65s, ETA:    11s[>>>>>>>>>>>>>>>>>>>>>>    ] 6713/7824, 103.4 task/s, elapsed: 65s, ETA:    11s[>>>>>>>>>>>>>>>>>>>>>>    ] 6714/7824, 103.4 task/s, elapsed: 65s, ETA:    11s[>>>>>>>>>>>>>>>>>>>>>>    ] 6715/7824, 103.4 task/s, elapsed: 65s, ETA:    11s[>>>>>>>>>>>>>>>>>>>>>>    ] 6716/7824, 103.4 task/s, elapsed: 65s, ETA:    11s[>>>>>>>>>>>>>>>>>>>>>>    ] 6717/7824, 103.5 task/s, elapsed: 65s, ETA:    11s[>>>>>>>>>>>>>>>>>>>>>>    ] 6718/7824, 103.5 task/s, elapsed: 65s, ETA:    11s[>>>>>>>>>>>>>>>>>>>>>>    ] 6719/7824, 103.5 task/s, elapsed: 65s, ETA:    11s[>>>>>>>>>>>>>>>>>>>>>>    ] 6720/7824, 103.5 task/s, elapsed: 65s, ETA:    11s[>>>>>>>>>>>>>>>>>>>>>>    ] 6721/7824, 103.5 task/s, elapsed: 65s, ETA:    11s[>>>>>>>>>>>>>>>>>>>>>>    ] 6722/7824, 103.5 task/s, elapsed: 65s, ETA:    11s[>>>>>>>>>>>>>>>>>>>>>>    ] 6723/7824, 103.5 task/s, elapsed: 65s, ETA:    11s[>>>>>>>>>>>>>>>>>>>>>>    ] 6724/7824, 103.5 task/s, elapsed: 65s, ETA:    11s[>>>>>>>>>>>>>>>>>>>>>>    ] 6725/7824, 103.5 task/s, elapsed: 65s, ETA:    11s[>>>>>>>>>>>>>>>>>>>>>>    ] 6726/7824, 103.5 task/s, elapsed: 65s, ETA:    11s[>>>>>>>>>>>>>>>>>>>>>>    ] 6727/7824, 103.5 task/s, elapsed: 65s, ETA:    11s[>>>>>>>>>>>>>>>>>>>>>>    ] 6728/7824, 103.5 task/s, elapsed: 65s, ETA:    11s[>>>>>>>>>>>>>>>>>>>>>>    ] 6729/7824, 103.5 task/s, elapsed: 65s, ETA:    11s[>>>>>>>>>>>>>>>>>>>>>>    ] 6730/7824, 103.5 task/s, elapsed: 65s, ETA:    11s[>>>>>>>>>>>>>>>>>>>>>>    ] 6731/7824, 103.5 task/s, elapsed: 65s, ETA:    11s[>>>>>>>>>>>>>>>>>>>>>>    ] 6732/7824, 103.5 task/s, elapsed: 65s, ETA:    11s[>>>>>>>>>>>>>>>>>>>>>>    ] 6733/7824, 103.5 task/s, elapsed: 65s, ETA:    11s[>>>>>>>>>>>>>>>>>>>>>>    ] 6734/7824, 103.5 task/s, elapsed: 65s, ETA:    11s[>>>>>>>>>>>>>>>>>>>>>>    ] 6735/7824, 103.5 task/s, elapsed: 65s, ETA:    11s[>>>>>>>>>>>>>>>>>>>>>>    ] 6736/7824, 103.5 task/s, elapsed: 65s, ETA:    11s[>>>>>>>>>>>>>>>>>>>>>>    ] 6737/7824, 103.5 task/s, elapsed: 65s, ETA:    11s[>>>>>>>>>>>>>>>>>>>>>>    ] 6738/7824, 103.5 task/s, elapsed: 65s, ETA:    10s[>>>>>>>>>>>>>>>>>>>>>>    ] 6739/7824, 103.5 task/s, elapsed: 65s, ETA:    10s[>>>>>>>>>>>>>>>>>>>>>>    ] 6740/7824, 103.5 task/s, elapsed: 65s, ETA:    10s[>>>>>>>>>>>>>>>>>>>>>>    ] 6741/7824, 103.5 task/s, elapsed: 65s, ETA:    10s[>>>>>>>>>>>>>>>>>>>>>>    ] 6742/7824, 103.5 task/s, elapsed: 65s, ETA:    10s[>>>>>>>>>>>>>>>>>>>>>>    ] 6743/7824, 103.5 task/s, elapsed: 65s, ETA:    10s[>>>>>>>>>>>>>>>>>>>>>>    ] 6744/7824, 103.5 task/s, elapsed: 65s, ETA:    10s[>>>>>>>>>>>>>>>>>>>>>>    ] 6745/7824, 103.5 task/s, elapsed: 65s, ETA:    10s[>>>>>>>>>>>>>>>>>>>>>>    ] 6746/7824, 103.5 task/s, elapsed: 65s, ETA:    10s[>>>>>>>>>>>>>>>>>>>>>>    ] 6747/7824, 103.5 task/s, elapsed: 65s, ETA:    10s[>>>>>>>>>>>>>>>>>>>>>>    ] 6748/7824, 103.5 task/s, elapsed: 65s, ETA:    10s[>>>>>>>>>>>>>>>>>>>>>>    ] 6749/7824, 103.5 task/s, elapsed: 65s, ETA:    10s[>>>>>>>>>>>>>>>>>>>>>>    ] 6750/7824, 103.5 task/s, elapsed: 65s, ETA:    10s[>>>>>>>>>>>>>>>>>>>>>>    ] 6751/7824, 103.5 task/s, elapsed: 65s, ETA:    10s[>>>>>>>>>>>>>>>>>>>>>>    ] 6752/7824, 103.5 task/s, elapsed: 65s, ETA:    10s[>>>>>>>>>>>>>>>>>>>>>>    ] 6753/7824, 103.5 task/s, elapsed: 65s, ETA:    10s[>>>>>>>>>>>>>>>>>>>>>>    ] 6754/7824, 103.5 task/s, elapsed: 65s, ETA:    10s[>>>>>>>>>>>>>>>>>>>>>>    ] 6755/7824, 103.5 task/s, elapsed: 65s, ETA:    10s[>>>>>>>>>>>>>>>>>>>>>>    ] 6756/7824, 103.5 task/s, elapsed: 65s, ETA:    10s[>>>>>>>>>>>>>>>>>>>>>>    ] 6757/7824, 103.5 task/s, elapsed: 65s, ETA:    10s[>>>>>>>>>>>>>>>>>>>>>>    ] 6758/7824, 103.5 task/s, elapsed: 65s, ETA:    10s[>>>>>>>>>>>>>>>>>>>>>>    ] 6759/7824, 103.5 task/s, elapsed: 65s, ETA:    10s[>>>>>>>>>>>>>>>>>>>>>>    ] 6760/7824, 103.5 task/s, elapsed: 65s, ETA:    10s[>>>>>>>>>>>>>>>>>>>>>>    ] 6761/7824, 103.5 task/s, elapsed: 65s, ETA:    10s[>>>>>>>>>>>>>>>>>>>>>>    ] 6762/7824, 103.5 task/s, elapsed: 65s, ETA:    10s[>>>>>>>>>>>>>>>>>>>>>>    ] 6763/7824, 103.5 task/s, elapsed: 65s, ETA:    10s[>>>>>>>>>>>>>>>>>>>>>>    ] 6764/7824, 103.5 task/s, elapsed: 65s, ETA:    10s[>>>>>>>>>>>>>>>>>>>>>>    ] 6765/7824, 103.5 task/s, elapsed: 65s, ETA:    10s[>>>>>>>>>>>>>>>>>>>>>>    ] 6766/7824, 103.5 task/s, elapsed: 65s, ETA:    10s[>>>>>>>>>>>>>>>>>>>>>>    ] 6767/7824, 103.5 task/s, elapsed: 65s, ETA:    10s[>>>>>>>>>>>>>>>>>>>>>>    ] 6768/7824, 103.5 task/s, elapsed: 65s, ETA:    10s[>>>>>>>>>>>>>>>>>>>>>>    ] 6769/7824, 103.5 task/s, elapsed: 65s, ETA:    10s[>>>>>>>>>>>>>>>>>>>>>>    ] 6770/7824, 103.5 task/s, elapsed: 65s, ETA:    10s[>>>>>>>>>>>>>>>>>>>>>>    ] 6771/7824, 103.5 task/s, elapsed: 65s, ETA:    10s[>>>>>>>>>>>>>>>>>>>>>>    ] 6772/7824, 103.5 task/s, elapsed: 65s, ETA:    10s[>>>>>>>>>>>>>>>>>>>>>>    ] 6773/7824, 103.5 task/s, elapsed: 65s, ETA:    10s[>>>>>>>>>>>>>>>>>>>>>>    ] 6774/7824, 103.5 task/s, elapsed: 65s, ETA:    10s[>>>>>>>>>>>>>>>>>>>>>>    ] 6775/7824, 103.5 task/s, elapsed: 65s, ETA:    10s[>>>>>>>>>>>>>>>>>>>>>>    ] 6776/7824, 103.5 task/s, elapsed: 65s, ETA:    10s[>>>>>>>>>>>>>>>>>>>>>>    ] 6777/7824, 103.5 task/s, elapsed: 65s, ETA:    10s[>>>>>>>>>>>>>>>>>>>>>>    ] 6778/7824, 103.5 task/s, elapsed: 65s, ETA:    10s[>>>>>>>>>>>>>>>>>>>>>>    ] 6779/7824, 103.5 task/s, elapsed: 65s, ETA:    10s[>>>>>>>>>>>>>>>>>>>>>>    ] 6780/7824, 103.5 task/s, elapsed: 65s, ETA:    10s[>>>>>>>>>>>>>>>>>>>>>>    ] 6781/7824, 103.5 task/s, elapsed: 66s, ETA:    10s[>>>>>>>>>>>>>>>>>>>>>>    ] 6782/7824, 103.5 task/s, elapsed: 66s, ETA:    10s[>>>>>>>>>>>>>>>>>>>>>>    ] 6783/7824, 103.5 task/s, elapsed: 66s, ETA:    10s[>>>>>>>>>>>>>>>>>>>>>>    ] 6784/7824, 103.5 task/s, elapsed: 66s, ETA:    10s[>>>>>>>>>>>>>>>>>>>>>>    ] 6785/7824, 103.5 task/s, elapsed: 66s, ETA:    10s[>>>>>>>>>>>>>>>>>>>>>>    ] 6786/7824, 103.5 task/s, elapsed: 66s, ETA:    10s[>>>>>>>>>>>>>>>>>>>>>>    ] 6787/7824, 103.5 task/s, elapsed: 66s, ETA:    10s[>>>>>>>>>>>>>>>>>>>>>>    ] 6788/7824, 103.5 task/s, elapsed: 66s, ETA:    10s[>>>>>>>>>>>>>>>>>>>>>>    ] 6789/7824, 103.5 task/s, elapsed: 66s, ETA:    10s[>>>>>>>>>>>>>>>>>>>>>>    ] 6790/7824, 103.5 task/s, elapsed: 66s, ETA:    10s[>>>>>>>>>>>>>>>>>>>>>>    ] 6791/7824, 103.5 task/s, elapsed: 66s, ETA:    10s[>>>>>>>>>>>>>>>>>>>>>>    ] 6792/7824, 103.5 task/s, elapsed: 66s, ETA:    10s[>>>>>>>>>>>>>>>>>>>>>>    ] 6793/7824, 103.5 task/s, elapsed: 66s, ETA:    10s[>>>>>>>>>>>>>>>>>>>>>>    ] 6794/7824, 103.5 task/s, elapsed: 66s, ETA:    10s[>>>>>>>>>>>>>>>>>>>>>>    ] 6795/7824, 103.5 task/s, elapsed: 66s, ETA:    10s[>>>>>>>>>>>>>>>>>>>>>>    ] 6796/7824, 103.5 task/s, elapsed: 66s, ETA:    10s[>>>>>>>>>>>>>>>>>>>>>>    ] 6797/7824, 103.5 task/s, elapsed: 66s, ETA:    10s[>>>>>>>>>>>>>>>>>>>>>>    ] 6798/7824, 103.5 task/s, elapsed: 66s, ETA:    10s[>>>>>>>>>>>>>>>>>>>>>>    ] 6799/7824, 103.5 task/s, elapsed: 66s, ETA:    10s[>>>>>>>>>>>>>>>>>>>>>>    ] 6800/7824, 103.6 task/s, elapsed: 66s, ETA:    10s[>>>>>>>>>>>>>>>>>>>>>>    ] 6801/7824, 103.6 task/s, elapsed: 66s, ETA:    10s[>>>>>>>>>>>>>>>>>>>>>>    ] 6802/7824, 103.6 task/s, elapsed: 66s, ETA:    10s[>>>>>>>>>>>>>>>>>>>>>>    ] 6803/7824, 103.6 task/s, elapsed: 66s, ETA:    10s[>>>>>>>>>>>>>>>>>>>>>>    ] 6804/7824, 103.6 task/s, elapsed: 66s, ETA:    10s[>>>>>>>>>>>>>>>>>>>>>>    ] 6805/7824, 103.6 task/s, elapsed: 66s, ETA:    10s[>>>>>>>>>>>>>>>>>>>>>>    ] 6806/7824, 103.6 task/s, elapsed: 66s, ETA:    10s[>>>>>>>>>>>>>>>>>>>>>>    ] 6807/7824, 103.6 task/s, elapsed: 66s, ETA:    10s[>>>>>>>>>>>>>>>>>>>>>>    ] 6808/7824, 103.6 task/s, elapsed: 66s, ETA:    10s[>>>>>>>>>>>>>>>>>>>>>>    ] 6809/7824, 103.6 task/s, elapsed: 66s, ETA:    10s[>>>>>>>>>>>>>>>>>>>>>>    ] 6810/7824, 103.6 task/s, elapsed: 66s, ETA:    10s[>>>>>>>>>>>>>>>>>>>>>>    ] 6811/7824, 103.6 task/s, elapsed: 66s, ETA:    10s[>>>>>>>>>>>>>>>>>>>>>>    ] 6812/7824, 103.6 task/s, elapsed: 66s, ETA:    10s[>>>>>>>>>>>>>>>>>>>>>>    ] 6813/7824, 103.6 task/s, elapsed: 66s, ETA:    10s[>>>>>>>>>>>>>>>>>>>>>>    ] 6814/7824, 103.6 task/s, elapsed: 66s, ETA:    10s[>>>>>>>>>>>>>>>>>>>>>>    ] 6815/7824, 103.6 task/s, elapsed: 66s, ETA:    10s[>>>>>>>>>>>>>>>>>>>>>>    ] 6816/7824, 103.6 task/s, elapsed: 66s, ETA:    10s[>>>>>>>>>>>>>>>>>>>>>>    ] 6817/7824, 103.6 task/s, elapsed: 66s, ETA:    10s[>>>>>>>>>>>>>>>>>>>>>>    ] 6818/7824, 103.6 task/s, elapsed: 66s, ETA:    10s[>>>>>>>>>>>>>>>>>>>>>>    ] 6819/7824, 103.6 task/s, elapsed: 66s, ETA:    10s[>>>>>>>>>>>>>>>>>>>>>>    ] 6820/7824, 103.6 task/s, elapsed: 66s, ETA:    10s[>>>>>>>>>>>>>>>>>>>>>>    ] 6821/7824, 103.6 task/s, elapsed: 66s, ETA:    10s[>>>>>>>>>>>>>>>>>>>>>>    ] 6822/7824, 103.6 task/s, elapsed: 66s, ETA:    10s[>>>>>>>>>>>>>>>>>>>>>>    ] 6823/7824, 103.6 task/s, elapsed: 66s, ETA:    10s[>>>>>>>>>>>>>>>>>>>>>>    ] 6824/7824, 103.6 task/s, elapsed: 66s, ETA:    10s[>>>>>>>>>>>>>>>>>>>>>>    ] 6825/7824, 103.6 task/s, elapsed: 66s, ETA:    10s[>>>>>>>>>>>>>>>>>>>>>>    ] 6826/7824, 103.6 task/s, elapsed: 66s, ETA:    10s[>>>>>>>>>>>>>>>>>>>>>>    ] 6827/7824, 103.6 task/s, elapsed: 66s, ETA:    10s[>>>>>>>>>>>>>>>>>>>>>>    ] 6828/7824, 103.6 task/s, elapsed: 66s, ETA:    10s[>>>>>>>>>>>>>>>>>>>>>>    ] 6829/7824, 103.6 task/s, elapsed: 66s, ETA:    10s[>>>>>>>>>>>>>>>>>>>>>>    ] 6830/7824, 103.6 task/s, elapsed: 66s, ETA:    10s[>>>>>>>>>>>>>>>>>>>>>>    ] 6831/7824, 103.6 task/s, elapsed: 66s, ETA:    10s[>>>>>>>>>>>>>>>>>>>>>>    ] 6832/7824, 103.6 task/s, elapsed: 66s, ETA:    10s[>>>>>>>>>>>>>>>>>>>>>>    ] 6833/7824, 103.6 task/s, elapsed: 66s, ETA:    10s[>>>>>>>>>>>>>>>>>>>>>>    ] 6834/7824, 103.6 task/s, elapsed: 66s, ETA:    10s[>>>>>>>>>>>>>>>>>>>>>>    ] 6835/7824, 103.6 task/s, elapsed: 66s, ETA:    10s[>>>>>>>>>>>>>>>>>>>>>>    ] 6836/7824, 103.6 task/s, elapsed: 66s, ETA:    10s[>>>>>>>>>>>>>>>>>>>>>>    ] 6837/7824, 103.6 task/s, elapsed: 66s, ETA:    10s[>>>>>>>>>>>>>>>>>>>>>>    ] 6838/7824, 103.6 task/s, elapsed: 66s, ETA:    10s[>>>>>>>>>>>>>>>>>>>>>>    ] 6839/7824, 103.6 task/s, elapsed: 66s, ETA:    10s[>>>>>>>>>>>>>>>>>>>>>>    ] 6840/7824, 103.6 task/s, elapsed: 66s, ETA:     9s[>>>>>>>>>>>>>>>>>>>>>>    ] 6841/7824, 103.6 task/s, elapsed: 66s, ETA:     9s[>>>>>>>>>>>>>>>>>>>>>>    ] 6842/7824, 103.6 task/s, elapsed: 66s, ETA:     9s[>>>>>>>>>>>>>>>>>>>>>>    ] 6843/7824, 103.6 task/s, elapsed: 66s, ETA:     9s[>>>>>>>>>>>>>>>>>>>>>>    ] 6844/7824, 103.6 task/s, elapsed: 66s, ETA:     9s[>>>>>>>>>>>>>>>>>>>>>>    ] 6845/7824, 103.6 task/s, elapsed: 66s, ETA:     9s[>>>>>>>>>>>>>>>>>>>>>>    ] 6846/7824, 103.6 task/s, elapsed: 66s, ETA:     9s[>>>>>>>>>>>>>>>>>>>>>>    ] 6847/7824, 103.6 task/s, elapsed: 66s, ETA:     9s[>>>>>>>>>>>>>>>>>>>>>>    ] 6848/7824, 103.6 task/s, elapsed: 66s, ETA:     9s[>>>>>>>>>>>>>>>>>>>>>>    ] 6849/7824, 103.6 task/s, elapsed: 66s, ETA:     9s[>>>>>>>>>>>>>>>>>>>>>>    ] 6850/7824, 103.6 task/s, elapsed: 66s, ETA:     9s[>>>>>>>>>>>>>>>>>>>>>>    ] 6851/7824, 103.6 task/s, elapsed: 66s, ETA:     9s[>>>>>>>>>>>>>>>>>>>>>>    ] 6852/7824, 103.6 task/s, elapsed: 66s, ETA:     9s[>>>>>>>>>>>>>>>>>>>>>>    ] 6853/7824, 103.6 task/s, elapsed: 66s, ETA:     9s[>>>>>>>>>>>>>>>>>>>>>>    ] 6854/7824, 103.6 task/s, elapsed: 66s, ETA:     9s[>>>>>>>>>>>>>>>>>>>>>>    ] 6855/7824, 103.6 task/s, elapsed: 66s, ETA:     9s[>>>>>>>>>>>>>>>>>>>>>>    ] 6856/7824, 103.6 task/s, elapsed: 66s, ETA:     9s[>>>>>>>>>>>>>>>>>>>>>>    ] 6857/7824, 103.6 task/s, elapsed: 66s, ETA:     9s[>>>>>>>>>>>>>>>>>>>>>>    ] 6858/7824, 103.6 task/s, elapsed: 66s, ETA:     9s[>>>>>>>>>>>>>>>>>>>>>>    ] 6859/7824, 103.6 task/s, elapsed: 66s, ETA:     9s[>>>>>>>>>>>>>>>>>>>>>>    ] 6860/7824, 103.6 task/s, elapsed: 66s, ETA:     9s[>>>>>>>>>>>>>>>>>>>>>>    ] 6861/7824, 103.6 task/s, elapsed: 66s, ETA:     9s[>>>>>>>>>>>>>>>>>>>>>>    ] 6862/7824, 103.6 task/s, elapsed: 66s, ETA:     9s[>>>>>>>>>>>>>>>>>>>>>>    ] 6863/7824, 103.6 task/s, elapsed: 66s, ETA:     9s[>>>>>>>>>>>>>>>>>>>>>>    ] 6864/7824, 103.6 task/s, elapsed: 66s, ETA:     9s[>>>>>>>>>>>>>>>>>>>>>>    ] 6865/7824, 103.6 task/s, elapsed: 66s, ETA:     9s[>>>>>>>>>>>>>>>>>>>>>>    ] 6866/7824, 103.6 task/s, elapsed: 66s, ETA:     9s[>>>>>>>>>>>>>>>>>>>>>>    ] 6867/7824, 103.6 task/s, elapsed: 66s, ETA:     9s[>>>>>>>>>>>>>>>>>>>>>>    ] 6868/7824, 103.6 task/s, elapsed: 66s, ETA:     9s[>>>>>>>>>>>>>>>>>>>>>>    ] 6869/7824, 103.6 task/s, elapsed: 66s, ETA:     9s[>>>>>>>>>>>>>>>>>>>>>>    ] 6870/7824, 103.6 task/s, elapsed: 66s, ETA:     9s[>>>>>>>>>>>>>>>>>>>>>>    ] 6871/7824, 103.6 task/s, elapsed: 66s, ETA:     9s[>>>>>>>>>>>>>>>>>>>>>>    ] 6872/7824, 103.7 task/s, elapsed: 66s, ETA:     9s[>>>>>>>>>>>>>>>>>>>>>>    ] 6873/7824, 103.7 task/s, elapsed: 66s, ETA:     9s[>>>>>>>>>>>>>>>>>>>>>>    ] 6874/7824, 103.7 task/s, elapsed: 66s, ETA:     9s[>>>>>>>>>>>>>>>>>>>>>>    ] 6875/7824, 103.7 task/s, elapsed: 66s, ETA:     9s[>>>>>>>>>>>>>>>>>>>>>>    ] 6876/7824, 103.7 task/s, elapsed: 66s, ETA:     9s[>>>>>>>>>>>>>>>>>>>>>>    ] 6877/7824, 103.7 task/s, elapsed: 66s, ETA:     9s[>>>>>>>>>>>>>>>>>>>>>>    ] 6878/7824, 103.7 task/s, elapsed: 66s, ETA:     9s[>>>>>>>>>>>>>>>>>>>>>>    ] 6879/7824, 103.7 task/s, elapsed: 66s, ETA:     9s[>>>>>>>>>>>>>>>>>>>>>>    ] 6880/7824, 103.7 task/s, elapsed: 66s, ETA:     9s[>>>>>>>>>>>>>>>>>>>>>>    ] 6881/7824, 103.7 task/s, elapsed: 66s, ETA:     9s[>>>>>>>>>>>>>>>>>>>>>>    ] 6882/7824, 103.7 task/s, elapsed: 66s, ETA:     9s[>>>>>>>>>>>>>>>>>>>>>>    ] 6883/7824, 103.7 task/s, elapsed: 66s, ETA:     9s[>>>>>>>>>>>>>>>>>>>>>>    ] 6884/7824, 103.7 task/s, elapsed: 66s, ETA:     9s[>>>>>>>>>>>>>>>>>>>>>>    ] 6885/7824, 103.7 task/s, elapsed: 66s, ETA:     9s[>>>>>>>>>>>>>>>>>>>>>>    ] 6886/7824, 103.7 task/s, elapsed: 66s, ETA:     9s[>>>>>>>>>>>>>>>>>>>>>>    ] 6887/7824, 103.7 task/s, elapsed: 66s, ETA:     9s[>>>>>>>>>>>>>>>>>>>>>>    ] 6888/7824, 103.7 task/s, elapsed: 66s, ETA:     9s[>>>>>>>>>>>>>>>>>>>>>>    ] 6889/7824, 103.7 task/s, elapsed: 66s, ETA:     9s[>>>>>>>>>>>>>>>>>>>>>>    ] 6890/7824, 103.7 task/s, elapsed: 66s, ETA:     9s[>>>>>>>>>>>>>>>>>>>>>>    ] 6891/7824, 103.7 task/s, elapsed: 66s, ETA:     9s[>>>>>>>>>>>>>>>>>>>>>>    ] 6892/7824, 103.7 task/s, elapsed: 66s, ETA:     9s[>>>>>>>>>>>>>>>>>>>>>>    ] 6893/7824, 103.7 task/s, elapsed: 66s, ETA:     9s[>>>>>>>>>>>>>>>>>>>>>>    ] 6894/7824, 103.7 task/s, elapsed: 66s, ETA:     9s[>>>>>>>>>>>>>>>>>>>>>>    ] 6895/7824, 103.7 task/s, elapsed: 66s, ETA:     9s[>>>>>>>>>>>>>>>>>>>>>>    ] 6896/7824, 103.7 task/s, elapsed: 67s, ETA:     9s[>>>>>>>>>>>>>>>>>>>>>>    ] 6897/7824, 103.7 task/s, elapsed: 67s, ETA:     9s[>>>>>>>>>>>>>>>>>>>>>>    ] 6898/7824, 103.7 task/s, elapsed: 67s, ETA:     9s[>>>>>>>>>>>>>>>>>>>>>>    ] 6899/7824, 103.7 task/s, elapsed: 67s, ETA:     9s[>>>>>>>>>>>>>>>>>>>>>>    ] 6900/7824, 103.7 task/s, elapsed: 67s, ETA:     9s[>>>>>>>>>>>>>>>>>>>>>>    ] 6901/7824, 103.7 task/s, elapsed: 67s, ETA:     9s[>>>>>>>>>>>>>>>>>>>>>>    ] 6902/7824, 103.7 task/s, elapsed: 67s, ETA:     9s[>>>>>>>>>>>>>>>>>>>>>>    ] 6903/7824, 103.7 task/s, elapsed: 67s, ETA:     9s[>>>>>>>>>>>>>>>>>>>>>>    ] 6904/7824, 103.7 task/s, elapsed: 67s, ETA:     9s[>>>>>>>>>>>>>>>>>>>>>>    ] 6905/7824, 103.7 task/s, elapsed: 67s, ETA:     9s[>>>>>>>>>>>>>>>>>>>>>>    ] 6906/7824, 103.7 task/s, elapsed: 67s, ETA:     9s[>>>>>>>>>>>>>>>>>>>>>>    ] 6907/7824, 103.7 task/s, elapsed: 67s, ETA:     9s[>>>>>>>>>>>>>>>>>>>>>>    ] 6908/7824, 103.7 task/s, elapsed: 67s, ETA:     9s[>>>>>>>>>>>>>>>>>>>>>>    ] 6909/7824, 103.7 task/s, elapsed: 67s, ETA:     9s[>>>>>>>>>>>>>>>>>>>>>>    ] 6910/7824, 103.7 task/s, elapsed: 67s, ETA:     9s[>>>>>>>>>>>>>>>>>>>>>>    ] 6911/7824, 103.7 task/s, elapsed: 67s, ETA:     9s[>>>>>>>>>>>>>>>>>>>>>>    ] 6912/7824, 103.7 task/s, elapsed: 67s, ETA:     9s[>>>>>>>>>>>>>>>>>>>>>>    ] 6913/7824, 103.7 task/s, elapsed: 67s, ETA:     9s[>>>>>>>>>>>>>>>>>>>>>>    ] 6914/7824, 103.7 task/s, elapsed: 67s, ETA:     9s[>>>>>>>>>>>>>>>>>>>>>>    ] 6915/7824, 103.7 task/s, elapsed: 67s, ETA:     9s[>>>>>>>>>>>>>>>>>>>>>>    ] 6916/7824, 103.7 task/s, elapsed: 67s, ETA:     9s[>>>>>>>>>>>>>>>>>>>>>>    ] 6917/7824, 103.7 task/s, elapsed: 67s, ETA:     9s[>>>>>>>>>>>>>>>>>>>>>>    ] 6918/7824, 103.7 task/s, elapsed: 67s, ETA:     9s[>>>>>>>>>>>>>>>>>>>>>>    ] 6919/7824, 103.7 task/s, elapsed: 67s, ETA:     9s[>>>>>>>>>>>>>>>>>>>>>>    ] 6920/7824, 103.7 task/s, elapsed: 67s, ETA:     9s[>>>>>>>>>>>>>>>>>>>>>>    ] 6921/7824, 103.7 task/s, elapsed: 67s, ETA:     9s[>>>>>>>>>>>>>>>>>>>>>>>   ] 6922/7824, 103.7 task/s, elapsed: 67s, ETA:     9s[>>>>>>>>>>>>>>>>>>>>>>>   ] 6923/7824, 103.7 task/s, elapsed: 67s, ETA:     9s[>>>>>>>>>>>>>>>>>>>>>>>   ] 6924/7824, 103.7 task/s, elapsed: 67s, ETA:     9s[>>>>>>>>>>>>>>>>>>>>>>>   ] 6925/7824, 103.7 task/s, elapsed: 67s, ETA:     9s[>>>>>>>>>>>>>>>>>>>>>>>   ] 6926/7824, 103.7 task/s, elapsed: 67s, ETA:     9s[>>>>>>>>>>>>>>>>>>>>>>>   ] 6927/7824, 103.7 task/s, elapsed: 67s, ETA:     9s[>>>>>>>>>>>>>>>>>>>>>>>   ] 6928/7824, 103.7 task/s, elapsed: 67s, ETA:     9s[>>>>>>>>>>>>>>>>>>>>>>>   ] 6929/7824, 103.7 task/s, elapsed: 67s, ETA:     9s[>>>>>>>>>>>>>>>>>>>>>>>   ] 6930/7824, 103.7 task/s, elapsed: 67s, ETA:     9s[>>>>>>>>>>>>>>>>>>>>>>>   ] 6931/7824, 103.7 task/s, elapsed: 67s, ETA:     9s[>>>>>>>>>>>>>>>>>>>>>>>   ] 6932/7824, 103.7 task/s, elapsed: 67s, ETA:     9s[>>>>>>>>>>>>>>>>>>>>>>>   ] 6933/7824, 103.7 task/s, elapsed: 67s, ETA:     9s[>>>>>>>>>>>>>>>>>>>>>>>   ] 6934/7824, 103.7 task/s, elapsed: 67s, ETA:     9s[>>>>>>>>>>>>>>>>>>>>>>>   ] 6935/7824, 103.7 task/s, elapsed: 67s, ETA:     9s[>>>>>>>>>>>>>>>>>>>>>>>   ] 6936/7824, 103.7 task/s, elapsed: 67s, ETA:     9s[>>>>>>>>>>>>>>>>>>>>>>>   ] 6937/7824, 103.7 task/s, elapsed: 67s, ETA:     9s[>>>>>>>>>>>>>>>>>>>>>>>   ] 6938/7824, 103.7 task/s, elapsed: 67s, ETA:     9s[>>>>>>>>>>>>>>>>>>>>>>>   ] 6939/7824, 103.7 task/s, elapsed: 67s, ETA:     9s[>>>>>>>>>>>>>>>>>>>>>>>   ] 6940/7824, 103.7 task/s, elapsed: 67s, ETA:     9s[>>>>>>>>>>>>>>>>>>>>>>>   ] 6941/7824, 103.7 task/s, elapsed: 67s, ETA:     9s[>>>>>>>>>>>>>>>>>>>>>>>   ] 6942/7824, 103.8 task/s, elapsed: 67s, ETA:     9s[>>>>>>>>>>>>>>>>>>>>>>>   ] 6943/7824, 103.8 task/s, elapsed: 67s, ETA:     8s[>>>>>>>>>>>>>>>>>>>>>>>   ] 6944/7824, 103.8 task/s, elapsed: 67s, ETA:     8s[>>>>>>>>>>>>>>>>>>>>>>>   ] 6945/7824, 103.8 task/s, elapsed: 67s, ETA:     8s[>>>>>>>>>>>>>>>>>>>>>>>   ] 6946/7824, 103.8 task/s, elapsed: 67s, ETA:     8s[>>>>>>>>>>>>>>>>>>>>>>>   ] 6947/7824, 103.8 task/s, elapsed: 67s, ETA:     8s[>>>>>>>>>>>>>>>>>>>>>>>   ] 6948/7824, 103.8 task/s, elapsed: 67s, ETA:     8s[>>>>>>>>>>>>>>>>>>>>>>>   ] 6949/7824, 103.8 task/s, elapsed: 67s, ETA:     8s[>>>>>>>>>>>>>>>>>>>>>>>   ] 6950/7824, 103.8 task/s, elapsed: 67s, ETA:     8s[>>>>>>>>>>>>>>>>>>>>>>>   ] 6951/7824, 103.8 task/s, elapsed: 67s, ETA:     8s[>>>>>>>>>>>>>>>>>>>>>>>   ] 6952/7824, 103.8 task/s, elapsed: 67s, ETA:     8s[>>>>>>>>>>>>>>>>>>>>>>>   ] 6953/7824, 103.8 task/s, elapsed: 67s, ETA:     8s[>>>>>>>>>>>>>>>>>>>>>>>   ] 6954/7824, 103.8 task/s, elapsed: 67s, ETA:     8s[>>>>>>>>>>>>>>>>>>>>>>>   ] 6955/7824, 103.8 task/s, elapsed: 67s, ETA:     8s[>>>>>>>>>>>>>>>>>>>>>>>   ] 6956/7824, 103.8 task/s, elapsed: 67s, ETA:     8s[>>>>>>>>>>>>>>>>>>>>>>>   ] 6957/7824, 103.8 task/s, elapsed: 67s, ETA:     8s[>>>>>>>>>>>>>>>>>>>>>>>   ] 6958/7824, 103.8 task/s, elapsed: 67s, ETA:     8s[>>>>>>>>>>>>>>>>>>>>>>>   ] 6959/7824, 103.8 task/s, elapsed: 67s, ETA:     8s[>>>>>>>>>>>>>>>>>>>>>>>   ] 6960/7824, 103.8 task/s, elapsed: 67s, ETA:     8s[>>>>>>>>>>>>>>>>>>>>>>>   ] 6961/7824, 103.8 task/s, elapsed: 67s, ETA:     8s[>>>>>>>>>>>>>>>>>>>>>>>   ] 6962/7824, 103.8 task/s, elapsed: 67s, ETA:     8s[>>>>>>>>>>>>>>>>>>>>>>>   ] 6963/7824, 103.8 task/s, elapsed: 67s, ETA:     8s[>>>>>>>>>>>>>>>>>>>>>>>   ] 6964/7824, 103.8 task/s, elapsed: 67s, ETA:     8s[>>>>>>>>>>>>>>>>>>>>>>>   ] 6965/7824, 103.8 task/s, elapsed: 67s, ETA:     8s[>>>>>>>>>>>>>>>>>>>>>>>   ] 6966/7824, 103.8 task/s, elapsed: 67s, ETA:     8s[>>>>>>>>>>>>>>>>>>>>>>>   ] 6967/7824, 103.8 task/s, elapsed: 67s, ETA:     8s[>>>>>>>>>>>>>>>>>>>>>>>   ] 6968/7824, 103.8 task/s, elapsed: 67s, ETA:     8s[>>>>>>>>>>>>>>>>>>>>>>>   ] 6969/7824, 103.8 task/s, elapsed: 67s, ETA:     8s[>>>>>>>>>>>>>>>>>>>>>>>   ] 6970/7824, 103.8 task/s, elapsed: 67s, ETA:     8s[>>>>>>>>>>>>>>>>>>>>>>>   ] 6971/7824, 103.8 task/s, elapsed: 67s, ETA:     8s[>>>>>>>>>>>>>>>>>>>>>>>   ] 6972/7824, 103.8 task/s, elapsed: 67s, ETA:     8s[>>>>>>>>>>>>>>>>>>>>>>>   ] 6973/7824, 103.8 task/s, elapsed: 67s, ETA:     8s[>>>>>>>>>>>>>>>>>>>>>>>   ] 6974/7824, 103.8 task/s, elapsed: 67s, ETA:     8s[>>>>>>>>>>>>>>>>>>>>>>>   ] 6975/7824, 103.8 task/s, elapsed: 67s, ETA:     8s[>>>>>>>>>>>>>>>>>>>>>>>   ] 6976/7824, 103.8 task/s, elapsed: 67s, ETA:     8s[>>>>>>>>>>>>>>>>>>>>>>>   ] 6977/7824, 103.8 task/s, elapsed: 67s, ETA:     8s[>>>>>>>>>>>>>>>>>>>>>>>   ] 6978/7824, 103.8 task/s, elapsed: 67s, ETA:     8s[>>>>>>>>>>>>>>>>>>>>>>>   ] 6979/7824, 103.8 task/s, elapsed: 67s, ETA:     8s[>>>>>>>>>>>>>>>>>>>>>>>   ] 6980/7824, 103.8 task/s, elapsed: 67s, ETA:     8s[>>>>>>>>>>>>>>>>>>>>>>>   ] 6981/7824, 103.8 task/s, elapsed: 67s, ETA:     8s[>>>>>>>>>>>>>>>>>>>>>>>   ] 6982/7824, 103.8 task/s, elapsed: 67s, ETA:     8s[>>>>>>>>>>>>>>>>>>>>>>>   ] 6983/7824, 103.8 task/s, elapsed: 67s, ETA:     8s[>>>>>>>>>>>>>>>>>>>>>>>   ] 6984/7824, 103.8 task/s, elapsed: 67s, ETA:     8s[>>>>>>>>>>>>>>>>>>>>>>>   ] 6985/7824, 103.8 task/s, elapsed: 67s, ETA:     8s[>>>>>>>>>>>>>>>>>>>>>>>   ] 6986/7824, 103.8 task/s, elapsed: 67s, ETA:     8s[>>>>>>>>>>>>>>>>>>>>>>>   ] 6987/7824, 103.8 task/s, elapsed: 67s, ETA:     8s[>>>>>>>>>>>>>>>>>>>>>>>   ] 6988/7824, 103.8 task/s, elapsed: 67s, ETA:     8s[>>>>>>>>>>>>>>>>>>>>>>>   ] 6989/7824, 103.8 task/s, elapsed: 67s, ETA:     8s[>>>>>>>>>>>>>>>>>>>>>>>   ] 6990/7824, 103.8 task/s, elapsed: 67s, ETA:     8s[>>>>>>>>>>>>>>>>>>>>>>>   ] 6991/7824, 103.8 task/s, elapsed: 67s, ETA:     8s[>>>>>>>>>>>>>>>>>>>>>>>   ] 6992/7824, 103.8 task/s, elapsed: 67s, ETA:     8s[>>>>>>>>>>>>>>>>>>>>>>>   ] 6993/7824, 103.8 task/s, elapsed: 67s, ETA:     8s[>>>>>>>>>>>>>>>>>>>>>>>   ] 6994/7824, 103.8 task/s, elapsed: 67s, ETA:     8s[>>>>>>>>>>>>>>>>>>>>>>>   ] 6995/7824, 103.8 task/s, elapsed: 67s, ETA:     8s[>>>>>>>>>>>>>>>>>>>>>>>   ] 6996/7824, 103.8 task/s, elapsed: 67s, ETA:     8s[>>>>>>>>>>>>>>>>>>>>>>>   ] 6997/7824, 103.8 task/s, elapsed: 67s, ETA:     8s[>>>>>>>>>>>>>>>>>>>>>>>   ] 6998/7824, 103.8 task/s, elapsed: 67s, ETA:     8s[>>>>>>>>>>>>>>>>>>>>>>>   ] 6999/7824, 103.8 task/s, elapsed: 67s, ETA:     8s[>>>>>>>>>>>>>>>>>>>>>>>   ] 7000/7824, 103.8 task/s, elapsed: 67s, ETA:     8s[>>>>>>>>>>>>>>>>>>>>>>>   ] 7001/7824, 103.8 task/s, elapsed: 67s, ETA:     8s[>>>>>>>>>>>>>>>>>>>>>>>   ] 7002/7824, 103.8 task/s, elapsed: 67s, ETA:     8s[>>>>>>>>>>>>>>>>>>>>>>>   ] 7003/7824, 103.8 task/s, elapsed: 67s, ETA:     8s[>>>>>>>>>>>>>>>>>>>>>>>   ] 7004/7824, 103.8 task/s, elapsed: 67s, ETA:     8s[>>>>>>>>>>>>>>>>>>>>>>>   ] 7005/7824, 103.8 task/s, elapsed: 67s, ETA:     8s[>>>>>>>>>>>>>>>>>>>>>>>   ] 7006/7824, 103.8 task/s, elapsed: 67s, ETA:     8s[>>>>>>>>>>>>>>>>>>>>>>>   ] 7007/7824, 103.8 task/s, elapsed: 67s, ETA:     8s[>>>>>>>>>>>>>>>>>>>>>>>   ] 7008/7824, 103.8 task/s, elapsed: 67s, ETA:     8s[>>>>>>>>>>>>>>>>>>>>>>>   ] 7009/7824, 103.8 task/s, elapsed: 68s, ETA:     8s[>>>>>>>>>>>>>>>>>>>>>>>   ] 7010/7824, 103.8 task/s, elapsed: 68s, ETA:     8s[>>>>>>>>>>>>>>>>>>>>>>>   ] 7011/7824, 103.8 task/s, elapsed: 68s, ETA:     8s[>>>>>>>>>>>>>>>>>>>>>>>   ] 7012/7824, 103.8 task/s, elapsed: 68s, ETA:     8s[>>>>>>>>>>>>>>>>>>>>>>>   ] 7013/7824, 103.8 task/s, elapsed: 68s, ETA:     8s[>>>>>>>>>>>>>>>>>>>>>>>   ] 7014/7824, 103.8 task/s, elapsed: 68s, ETA:     8s[>>>>>>>>>>>>>>>>>>>>>>>   ] 7015/7824, 103.8 task/s, elapsed: 68s, ETA:     8s[>>>>>>>>>>>>>>>>>>>>>>>   ] 7016/7824, 103.8 task/s, elapsed: 68s, ETA:     8s[>>>>>>>>>>>>>>>>>>>>>>>   ] 7017/7824, 103.8 task/s, elapsed: 68s, ETA:     8s[>>>>>>>>>>>>>>>>>>>>>>>   ] 7018/7824, 103.9 task/s, elapsed: 68s, ETA:     8s[>>>>>>>>>>>>>>>>>>>>>>>   ] 7019/7824, 103.9 task/s, elapsed: 68s, ETA:     8s[>>>>>>>>>>>>>>>>>>>>>>>   ] 7020/7824, 103.9 task/s, elapsed: 68s, ETA:     8s[>>>>>>>>>>>>>>>>>>>>>>>   ] 7021/7824, 103.9 task/s, elapsed: 68s, ETA:     8s[>>>>>>>>>>>>>>>>>>>>>>>   ] 7022/7824, 103.9 task/s, elapsed: 68s, ETA:     8s[>>>>>>>>>>>>>>>>>>>>>>>   ] 7023/7824, 103.9 task/s, elapsed: 68s, ETA:     8s[>>>>>>>>>>>>>>>>>>>>>>>   ] 7024/7824, 103.9 task/s, elapsed: 68s, ETA:     8s[>>>>>>>>>>>>>>>>>>>>>>>   ] 7025/7824, 103.9 task/s, elapsed: 68s, ETA:     8s[>>>>>>>>>>>>>>>>>>>>>>>   ] 7026/7824, 103.9 task/s, elapsed: 68s, ETA:     8s[>>>>>>>>>>>>>>>>>>>>>>>   ] 7027/7824, 103.9 task/s, elapsed: 68s, ETA:     8s[>>>>>>>>>>>>>>>>>>>>>>>   ] 7028/7824, 103.9 task/s, elapsed: 68s, ETA:     8s[>>>>>>>>>>>>>>>>>>>>>>>   ] 7029/7824, 103.9 task/s, elapsed: 68s, ETA:     8s[>>>>>>>>>>>>>>>>>>>>>>>   ] 7030/7824, 103.9 task/s, elapsed: 68s, ETA:     8s[>>>>>>>>>>>>>>>>>>>>>>>   ] 7031/7824, 103.9 task/s, elapsed: 68s, ETA:     8s[>>>>>>>>>>>>>>>>>>>>>>>   ] 7032/7824, 103.9 task/s, elapsed: 68s, ETA:     8s[>>>>>>>>>>>>>>>>>>>>>>>   ] 7033/7824, 103.9 task/s, elapsed: 68s, ETA:     8s[>>>>>>>>>>>>>>>>>>>>>>>   ] 7034/7824, 103.9 task/s, elapsed: 68s, ETA:     8s[>>>>>>>>>>>>>>>>>>>>>>>   ] 7035/7824, 103.9 task/s, elapsed: 68s, ETA:     8s[>>>>>>>>>>>>>>>>>>>>>>>   ] 7036/7824, 103.9 task/s, elapsed: 68s, ETA:     8s[>>>>>>>>>>>>>>>>>>>>>>>   ] 7037/7824, 103.9 task/s, elapsed: 68s, ETA:     8s[>>>>>>>>>>>>>>>>>>>>>>>   ] 7038/7824, 103.9 task/s, elapsed: 68s, ETA:     8s[>>>>>>>>>>>>>>>>>>>>>>>   ] 7039/7824, 103.9 task/s, elapsed: 68s, ETA:     8s[>>>>>>>>>>>>>>>>>>>>>>>   ] 7040/7824, 103.9 task/s, elapsed: 68s, ETA:     8s[>>>>>>>>>>>>>>>>>>>>>>>   ] 7041/7824, 103.9 task/s, elapsed: 68s, ETA:     8s[>>>>>>>>>>>>>>>>>>>>>>>   ] 7042/7824, 103.9 task/s, elapsed: 68s, ETA:     8s[>>>>>>>>>>>>>>>>>>>>>>>   ] 7043/7824, 103.9 task/s, elapsed: 68s, ETA:     8s[>>>>>>>>>>>>>>>>>>>>>>>   ] 7044/7824, 103.9 task/s, elapsed: 68s, ETA:     8s[>>>>>>>>>>>>>>>>>>>>>>>   ] 7045/7824, 103.9 task/s, elapsed: 68s, ETA:     7s[>>>>>>>>>>>>>>>>>>>>>>>   ] 7046/7824, 103.9 task/s, elapsed: 68s, ETA:     7s[>>>>>>>>>>>>>>>>>>>>>>>   ] 7047/7824, 103.9 task/s, elapsed: 68s, ETA:     7s[>>>>>>>>>>>>>>>>>>>>>>>   ] 7048/7824, 103.9 task/s, elapsed: 68s, ETA:     7s[>>>>>>>>>>>>>>>>>>>>>>>   ] 7049/7824, 103.9 task/s, elapsed: 68s, ETA:     7s[>>>>>>>>>>>>>>>>>>>>>>>   ] 7050/7824, 103.9 task/s, elapsed: 68s, ETA:     7s[>>>>>>>>>>>>>>>>>>>>>>>   ] 7051/7824, 103.9 task/s, elapsed: 68s, ETA:     7s[>>>>>>>>>>>>>>>>>>>>>>>   ] 7052/7824, 103.9 task/s, elapsed: 68s, ETA:     7s[>>>>>>>>>>>>>>>>>>>>>>>   ] 7053/7824, 103.9 task/s, elapsed: 68s, ETA:     7s[>>>>>>>>>>>>>>>>>>>>>>>   ] 7054/7824, 103.9 task/s, elapsed: 68s, ETA:     7s[>>>>>>>>>>>>>>>>>>>>>>>   ] 7055/7824, 103.9 task/s, elapsed: 68s, ETA:     7s[>>>>>>>>>>>>>>>>>>>>>>>   ] 7056/7824, 103.9 task/s, elapsed: 68s, ETA:     7s[>>>>>>>>>>>>>>>>>>>>>>>   ] 7057/7824, 103.9 task/s, elapsed: 68s, ETA:     7s[>>>>>>>>>>>>>>>>>>>>>>>   ] 7058/7824, 103.9 task/s, elapsed: 68s, ETA:     7s[>>>>>>>>>>>>>>>>>>>>>>>   ] 7059/7824, 103.9 task/s, elapsed: 68s, ETA:     7s[>>>>>>>>>>>>>>>>>>>>>>>   ] 7060/7824, 103.9 task/s, elapsed: 68s, ETA:     7s[>>>>>>>>>>>>>>>>>>>>>>>   ] 7061/7824, 103.9 task/s, elapsed: 68s, ETA:     7s[>>>>>>>>>>>>>>>>>>>>>>>   ] 7062/7824, 103.9 task/s, elapsed: 68s, ETA:     7s[>>>>>>>>>>>>>>>>>>>>>>>   ] 7063/7824, 103.9 task/s, elapsed: 68s, ETA:     7s[>>>>>>>>>>>>>>>>>>>>>>>   ] 7064/7824, 103.9 task/s, elapsed: 68s, ETA:     7s[>>>>>>>>>>>>>>>>>>>>>>>   ] 7065/7824, 103.9 task/s, elapsed: 68s, ETA:     7s[>>>>>>>>>>>>>>>>>>>>>>>   ] 7066/7824, 103.9 task/s, elapsed: 68s, ETA:     7s[>>>>>>>>>>>>>>>>>>>>>>>   ] 7067/7824, 103.9 task/s, elapsed: 68s, ETA:     7s[>>>>>>>>>>>>>>>>>>>>>>>   ] 7068/7824, 103.9 task/s, elapsed: 68s, ETA:     7s[>>>>>>>>>>>>>>>>>>>>>>>   ] 7069/7824, 103.9 task/s, elapsed: 68s, ETA:     7s[>>>>>>>>>>>>>>>>>>>>>>>   ] 7070/7824, 103.9 task/s, elapsed: 68s, ETA:     7s[>>>>>>>>>>>>>>>>>>>>>>>   ] 7071/7824, 103.9 task/s, elapsed: 68s, ETA:     7s[>>>>>>>>>>>>>>>>>>>>>>>   ] 7072/7824, 103.9 task/s, elapsed: 68s, ETA:     7s[>>>>>>>>>>>>>>>>>>>>>>>   ] 7073/7824, 103.9 task/s, elapsed: 68s, ETA:     7s[>>>>>>>>>>>>>>>>>>>>>>>   ] 7074/7824, 103.9 task/s, elapsed: 68s, ETA:     7s[>>>>>>>>>>>>>>>>>>>>>>>   ] 7075/7824, 103.9 task/s, elapsed: 68s, ETA:     7s[>>>>>>>>>>>>>>>>>>>>>>>   ] 7076/7824, 103.9 task/s, elapsed: 68s, ETA:     7s[>>>>>>>>>>>>>>>>>>>>>>>   ] 7077/7824, 103.9 task/s, elapsed: 68s, ETA:     7s[>>>>>>>>>>>>>>>>>>>>>>>   ] 7078/7824, 103.9 task/s, elapsed: 68s, ETA:     7s[>>>>>>>>>>>>>>>>>>>>>>>   ] 7079/7824, 103.9 task/s, elapsed: 68s, ETA:     7s[>>>>>>>>>>>>>>>>>>>>>>>   ] 7080/7824, 103.9 task/s, elapsed: 68s, ETA:     7s[>>>>>>>>>>>>>>>>>>>>>>>   ] 7081/7824, 103.9 task/s, elapsed: 68s, ETA:     7s[>>>>>>>>>>>>>>>>>>>>>>>   ] 7082/7824, 103.9 task/s, elapsed: 68s, ETA:     7s[>>>>>>>>>>>>>>>>>>>>>>>   ] 7083/7824, 103.9 task/s, elapsed: 68s, ETA:     7s[>>>>>>>>>>>>>>>>>>>>>>>   ] 7084/7824, 103.9 task/s, elapsed: 68s, ETA:     7s[>>>>>>>>>>>>>>>>>>>>>>>   ] 7085/7824, 104.0 task/s, elapsed: 68s, ETA:     7s[>>>>>>>>>>>>>>>>>>>>>>>   ] 7086/7824, 104.0 task/s, elapsed: 68s, ETA:     7s[>>>>>>>>>>>>>>>>>>>>>>>   ] 7087/7824, 104.0 task/s, elapsed: 68s, ETA:     7s[>>>>>>>>>>>>>>>>>>>>>>>   ] 7088/7824, 104.0 task/s, elapsed: 68s, ETA:     7s[>>>>>>>>>>>>>>>>>>>>>>>   ] 7089/7824, 104.0 task/s, elapsed: 68s, ETA:     7s[>>>>>>>>>>>>>>>>>>>>>>>   ] 7090/7824, 104.0 task/s, elapsed: 68s, ETA:     7s[>>>>>>>>>>>>>>>>>>>>>>>   ] 7091/7824, 104.0 task/s, elapsed: 68s, ETA:     7s[>>>>>>>>>>>>>>>>>>>>>>>   ] 7092/7824, 104.0 task/s, elapsed: 68s, ETA:     7s[>>>>>>>>>>>>>>>>>>>>>>>   ] 7093/7824, 104.0 task/s, elapsed: 68s, ETA:     7s[>>>>>>>>>>>>>>>>>>>>>>>   ] 7094/7824, 104.0 task/s, elapsed: 68s, ETA:     7s[>>>>>>>>>>>>>>>>>>>>>>>   ] 7095/7824, 104.0 task/s, elapsed: 68s, ETA:     7s[>>>>>>>>>>>>>>>>>>>>>>>   ] 7096/7824, 104.0 task/s, elapsed: 68s, ETA:     7s[>>>>>>>>>>>>>>>>>>>>>>>   ] 7097/7824, 104.0 task/s, elapsed: 68s, ETA:     7s[>>>>>>>>>>>>>>>>>>>>>>>   ] 7098/7824, 104.0 task/s, elapsed: 68s, ETA:     7s[>>>>>>>>>>>>>>>>>>>>>>>   ] 7099/7824, 104.0 task/s, elapsed: 68s, ETA:     7s[>>>>>>>>>>>>>>>>>>>>>>>   ] 7100/7824, 104.0 task/s, elapsed: 68s, ETA:     7s[>>>>>>>>>>>>>>>>>>>>>>>   ] 7101/7824, 104.0 task/s, elapsed: 68s, ETA:     7s[>>>>>>>>>>>>>>>>>>>>>>>   ] 7102/7824, 104.0 task/s, elapsed: 68s, ETA:     7s[>>>>>>>>>>>>>>>>>>>>>>>   ] 7103/7824, 104.0 task/s, elapsed: 68s, ETA:     7s[>>>>>>>>>>>>>>>>>>>>>>>   ] 7104/7824, 104.0 task/s, elapsed: 68s, ETA:     7s[>>>>>>>>>>>>>>>>>>>>>>>   ] 7105/7824, 104.0 task/s, elapsed: 68s, ETA:     7s[>>>>>>>>>>>>>>>>>>>>>>>   ] 7106/7824, 104.0 task/s, elapsed: 68s, ETA:     7s[>>>>>>>>>>>>>>>>>>>>>>>   ] 7107/7824, 104.0 task/s, elapsed: 68s, ETA:     7s[>>>>>>>>>>>>>>>>>>>>>>>   ] 7108/7824, 104.0 task/s, elapsed: 68s, ETA:     7s[>>>>>>>>>>>>>>>>>>>>>>>   ] 7109/7824, 104.0 task/s, elapsed: 68s, ETA:     7s[>>>>>>>>>>>>>>>>>>>>>>>   ] 7110/7824, 104.0 task/s, elapsed: 68s, ETA:     7s[>>>>>>>>>>>>>>>>>>>>>>>   ] 7111/7824, 104.0 task/s, elapsed: 68s, ETA:     7s[>>>>>>>>>>>>>>>>>>>>>>>   ] 7112/7824, 104.0 task/s, elapsed: 68s, ETA:     7s[>>>>>>>>>>>>>>>>>>>>>>>   ] 7113/7824, 104.0 task/s, elapsed: 68s, ETA:     7s[>>>>>>>>>>>>>>>>>>>>>>>   ] 7114/7824, 104.0 task/s, elapsed: 68s, ETA:     7s[>>>>>>>>>>>>>>>>>>>>>>>   ] 7115/7824, 104.0 task/s, elapsed: 68s, ETA:     7s[>>>>>>>>>>>>>>>>>>>>>>>   ] 7116/7824, 104.0 task/s, elapsed: 68s, ETA:     7s[>>>>>>>>>>>>>>>>>>>>>>>   ] 7117/7824, 104.0 task/s, elapsed: 68s, ETA:     7s[>>>>>>>>>>>>>>>>>>>>>>>   ] 7118/7824, 104.0 task/s, elapsed: 68s, ETA:     7s[>>>>>>>>>>>>>>>>>>>>>>>   ] 7119/7824, 104.0 task/s, elapsed: 68s, ETA:     7s[>>>>>>>>>>>>>>>>>>>>>>>   ] 7120/7824, 104.0 task/s, elapsed: 68s, ETA:     7s[>>>>>>>>>>>>>>>>>>>>>>>   ] 7121/7824, 104.0 task/s, elapsed: 68s, ETA:     7s[>>>>>>>>>>>>>>>>>>>>>>>   ] 7122/7824, 104.0 task/s, elapsed: 68s, ETA:     7s[>>>>>>>>>>>>>>>>>>>>>>>   ] 7123/7824, 104.0 task/s, elapsed: 68s, ETA:     7s[>>>>>>>>>>>>>>>>>>>>>>>   ] 7124/7824, 104.0 task/s, elapsed: 68s, ETA:     7s[>>>>>>>>>>>>>>>>>>>>>>>   ] 7125/7824, 104.0 task/s, elapsed: 69s, ETA:     7s[>>>>>>>>>>>>>>>>>>>>>>>   ] 7126/7824, 104.0 task/s, elapsed: 69s, ETA:     7s[>>>>>>>>>>>>>>>>>>>>>>>   ] 7127/7824, 104.0 task/s, elapsed: 69s, ETA:     7s[>>>>>>>>>>>>>>>>>>>>>>>   ] 7128/7824, 104.0 task/s, elapsed: 69s, ETA:     7s[>>>>>>>>>>>>>>>>>>>>>>>   ] 7129/7824, 104.0 task/s, elapsed: 69s, ETA:     7s[>>>>>>>>>>>>>>>>>>>>>>>   ] 7130/7824, 104.0 task/s, elapsed: 69s, ETA:     7s[>>>>>>>>>>>>>>>>>>>>>>>   ] 7131/7824, 104.0 task/s, elapsed: 69s, ETA:     7s[>>>>>>>>>>>>>>>>>>>>>>>   ] 7132/7824, 104.0 task/s, elapsed: 69s, ETA:     7s[>>>>>>>>>>>>>>>>>>>>>>>   ] 7133/7824, 104.0 task/s, elapsed: 69s, ETA:     7s[>>>>>>>>>>>>>>>>>>>>>>>   ] 7134/7824, 104.0 task/s, elapsed: 69s, ETA:     7s[>>>>>>>>>>>>>>>>>>>>>>>   ] 7135/7824, 104.0 task/s, elapsed: 69s, ETA:     7s[>>>>>>>>>>>>>>>>>>>>>>>   ] 7136/7824, 104.0 task/s, elapsed: 69s, ETA:     7s[>>>>>>>>>>>>>>>>>>>>>>>   ] 7137/7824, 104.0 task/s, elapsed: 69s, ETA:     7s[>>>>>>>>>>>>>>>>>>>>>>>   ] 7138/7824, 104.0 task/s, elapsed: 69s, ETA:     7s[>>>>>>>>>>>>>>>>>>>>>>>   ] 7139/7824, 104.0 task/s, elapsed: 69s, ETA:     7s[>>>>>>>>>>>>>>>>>>>>>>>   ] 7140/7824, 104.0 task/s, elapsed: 69s, ETA:     7s[>>>>>>>>>>>>>>>>>>>>>>>   ] 7141/7824, 104.0 task/s, elapsed: 69s, ETA:     7s[>>>>>>>>>>>>>>>>>>>>>>>   ] 7142/7824, 104.0 task/s, elapsed: 69s, ETA:     7s[>>>>>>>>>>>>>>>>>>>>>>>   ] 7143/7824, 104.0 task/s, elapsed: 69s, ETA:     7s[>>>>>>>>>>>>>>>>>>>>>>>   ] 7144/7824, 104.0 task/s, elapsed: 69s, ETA:     7s[>>>>>>>>>>>>>>>>>>>>>>>   ] 7145/7824, 104.0 task/s, elapsed: 69s, ETA:     7s[>>>>>>>>>>>>>>>>>>>>>>>   ] 7146/7824, 104.0 task/s, elapsed: 69s, ETA:     7s[>>>>>>>>>>>>>>>>>>>>>>>   ] 7147/7824, 104.0 task/s, elapsed: 69s, ETA:     7s[>>>>>>>>>>>>>>>>>>>>>>>   ] 7148/7824, 104.0 task/s, elapsed: 69s, ETA:     6s[>>>>>>>>>>>>>>>>>>>>>>>   ] 7149/7824, 104.0 task/s, elapsed: 69s, ETA:     6s[>>>>>>>>>>>>>>>>>>>>>>>   ] 7150/7824, 104.0 task/s, elapsed: 69s, ETA:     6s[>>>>>>>>>>>>>>>>>>>>>>>   ] 7151/7824, 104.0 task/s, elapsed: 69s, ETA:     6s[>>>>>>>>>>>>>>>>>>>>>>>   ] 7152/7824, 104.0 task/s, elapsed: 69s, ETA:     6s[>>>>>>>>>>>>>>>>>>>>>>>   ] 7153/7824, 104.0 task/s, elapsed: 69s, ETA:     6s[>>>>>>>>>>>>>>>>>>>>>>>   ] 7154/7824, 104.0 task/s, elapsed: 69s, ETA:     6s[>>>>>>>>>>>>>>>>>>>>>>>   ] 7155/7824, 104.1 task/s, elapsed: 69s, ETA:     6s[>>>>>>>>>>>>>>>>>>>>>>>   ] 7156/7824, 104.1 task/s, elapsed: 69s, ETA:     6s[>>>>>>>>>>>>>>>>>>>>>>>   ] 7157/7824, 104.1 task/s, elapsed: 69s, ETA:     6s[>>>>>>>>>>>>>>>>>>>>>>>   ] 7158/7824, 104.1 task/s, elapsed: 69s, ETA:     6s[>>>>>>>>>>>>>>>>>>>>>>>   ] 7159/7824, 104.1 task/s, elapsed: 69s, ETA:     6s[>>>>>>>>>>>>>>>>>>>>>>>   ] 7160/7824, 104.1 task/s, elapsed: 69s, ETA:     6s[>>>>>>>>>>>>>>>>>>>>>>>   ] 7161/7824, 104.1 task/s, elapsed: 69s, ETA:     6s[>>>>>>>>>>>>>>>>>>>>>>>   ] 7162/7824, 104.1 task/s, elapsed: 69s, ETA:     6s[>>>>>>>>>>>>>>>>>>>>>>>   ] 7163/7824, 104.1 task/s, elapsed: 69s, ETA:     6s[>>>>>>>>>>>>>>>>>>>>>>>   ] 7164/7824, 104.1 task/s, elapsed: 69s, ETA:     6s[>>>>>>>>>>>>>>>>>>>>>>>   ] 7165/7824, 104.1 task/s, elapsed: 69s, ETA:     6s[>>>>>>>>>>>>>>>>>>>>>>>   ] 7166/7824, 104.1 task/s, elapsed: 69s, ETA:     6s[>>>>>>>>>>>>>>>>>>>>>>>   ] 7167/7824, 104.1 task/s, elapsed: 69s, ETA:     6s[>>>>>>>>>>>>>>>>>>>>>>>   ] 7168/7824, 104.1 task/s, elapsed: 69s, ETA:     6s[>>>>>>>>>>>>>>>>>>>>>>>   ] 7169/7824, 104.1 task/s, elapsed: 69s, ETA:     6s[>>>>>>>>>>>>>>>>>>>>>>>   ] 7170/7824, 104.1 task/s, elapsed: 69s, ETA:     6s[>>>>>>>>>>>>>>>>>>>>>>>   ] 7171/7824, 104.1 task/s, elapsed: 69s, ETA:     6s[>>>>>>>>>>>>>>>>>>>>>>>   ] 7172/7824, 104.1 task/s, elapsed: 69s, ETA:     6s[>>>>>>>>>>>>>>>>>>>>>>>   ] 7173/7824, 104.1 task/s, elapsed: 69s, ETA:     6s[>>>>>>>>>>>>>>>>>>>>>>>   ] 7174/7824, 104.1 task/s, elapsed: 69s, ETA:     6s[>>>>>>>>>>>>>>>>>>>>>>>   ] 7175/7824, 104.1 task/s, elapsed: 69s, ETA:     6s[>>>>>>>>>>>>>>>>>>>>>>>   ] 7176/7824, 104.1 task/s, elapsed: 69s, ETA:     6s[>>>>>>>>>>>>>>>>>>>>>>>   ] 7177/7824, 104.1 task/s, elapsed: 69s, ETA:     6s[>>>>>>>>>>>>>>>>>>>>>>>   ] 7178/7824, 104.1 task/s, elapsed: 69s, ETA:     6s[>>>>>>>>>>>>>>>>>>>>>>>   ] 7179/7824, 104.1 task/s, elapsed: 69s, ETA:     6s[>>>>>>>>>>>>>>>>>>>>>>>   ] 7180/7824, 104.1 task/s, elapsed: 69s, ETA:     6s[>>>>>>>>>>>>>>>>>>>>>>>   ] 7181/7824, 104.1 task/s, elapsed: 69s, ETA:     6s[>>>>>>>>>>>>>>>>>>>>>>>   ] 7182/7824, 104.1 task/s, elapsed: 69s, ETA:     6s[>>>>>>>>>>>>>>>>>>>>>>>   ] 7183/7824, 104.1 task/s, elapsed: 69s, ETA:     6s[>>>>>>>>>>>>>>>>>>>>>>>   ] 7184/7824, 104.1 task/s, elapsed: 69s, ETA:     6s[>>>>>>>>>>>>>>>>>>>>>>>   ] 7185/7824, 104.1 task/s, elapsed: 69s, ETA:     6s[>>>>>>>>>>>>>>>>>>>>>>>   ] 7186/7824, 104.1 task/s, elapsed: 69s, ETA:     6s[>>>>>>>>>>>>>>>>>>>>>>>   ] 7187/7824, 104.1 task/s, elapsed: 69s, ETA:     6s[>>>>>>>>>>>>>>>>>>>>>>>   ] 7188/7824, 104.1 task/s, elapsed: 69s, ETA:     6s[>>>>>>>>>>>>>>>>>>>>>>>   ] 7189/7824, 104.1 task/s, elapsed: 69s, ETA:     6s[>>>>>>>>>>>>>>>>>>>>>>>   ] 7190/7824, 104.1 task/s, elapsed: 69s, ETA:     6s[>>>>>>>>>>>>>>>>>>>>>>>   ] 7191/7824, 104.1 task/s, elapsed: 69s, ETA:     6s[>>>>>>>>>>>>>>>>>>>>>>>   ] 7192/7824, 104.1 task/s, elapsed: 69s, ETA:     6s[>>>>>>>>>>>>>>>>>>>>>>>   ] 7193/7824, 104.1 task/s, elapsed: 69s, ETA:     6s[>>>>>>>>>>>>>>>>>>>>>>>   ] 7194/7824, 104.1 task/s, elapsed: 69s, ETA:     6s[>>>>>>>>>>>>>>>>>>>>>>>   ] 7195/7824, 104.1 task/s, elapsed: 69s, ETA:     6s[>>>>>>>>>>>>>>>>>>>>>>>   ] 7196/7824, 104.1 task/s, elapsed: 69s, ETA:     6s[>>>>>>>>>>>>>>>>>>>>>>>   ] 7197/7824, 104.1 task/s, elapsed: 69s, ETA:     6s[>>>>>>>>>>>>>>>>>>>>>>>   ] 7198/7824, 104.1 task/s, elapsed: 69s, ETA:     6s[>>>>>>>>>>>>>>>>>>>>>>>   ] 7199/7824, 104.1 task/s, elapsed: 69s, ETA:     6s[>>>>>>>>>>>>>>>>>>>>>>>   ] 7200/7824, 104.1 task/s, elapsed: 69s, ETA:     6s[>>>>>>>>>>>>>>>>>>>>>>>   ] 7201/7824, 104.1 task/s, elapsed: 69s, ETA:     6s[>>>>>>>>>>>>>>>>>>>>>>>   ] 7202/7824, 104.1 task/s, elapsed: 69s, ETA:     6s[>>>>>>>>>>>>>>>>>>>>>>>   ] 7203/7824, 104.1 task/s, elapsed: 69s, ETA:     6s[>>>>>>>>>>>>>>>>>>>>>>>   ] 7204/7824, 104.1 task/s, elapsed: 69s, ETA:     6s[>>>>>>>>>>>>>>>>>>>>>>>   ] 7205/7824, 104.1 task/s, elapsed: 69s, ETA:     6s[>>>>>>>>>>>>>>>>>>>>>>>   ] 7206/7824, 104.1 task/s, elapsed: 69s, ETA:     6s[>>>>>>>>>>>>>>>>>>>>>>>   ] 7207/7824, 104.1 task/s, elapsed: 69s, ETA:     6s[>>>>>>>>>>>>>>>>>>>>>>>   ] 7208/7824, 104.1 task/s, elapsed: 69s, ETA:     6s[>>>>>>>>>>>>>>>>>>>>>>>   ] 7209/7824, 104.1 task/s, elapsed: 69s, ETA:     6s[>>>>>>>>>>>>>>>>>>>>>>>   ] 7210/7824, 104.1 task/s, elapsed: 69s, ETA:     6s[>>>>>>>>>>>>>>>>>>>>>>>   ] 7211/7824, 104.1 task/s, elapsed: 69s, ETA:     6s[>>>>>>>>>>>>>>>>>>>>>>>   ] 7212/7824, 104.1 task/s, elapsed: 69s, ETA:     6s[>>>>>>>>>>>>>>>>>>>>>>>   ] 7213/7824, 104.1 task/s, elapsed: 69s, ETA:     6s[>>>>>>>>>>>>>>>>>>>>>>>   ] 7214/7824, 104.1 task/s, elapsed: 69s, ETA:     6s[>>>>>>>>>>>>>>>>>>>>>>>   ] 7215/7824, 104.1 task/s, elapsed: 69s, ETA:     6s[>>>>>>>>>>>>>>>>>>>>>>>   ] 7216/7824, 104.1 task/s, elapsed: 69s, ETA:     6s[>>>>>>>>>>>>>>>>>>>>>>>   ] 7217/7824, 104.1 task/s, elapsed: 69s, ETA:     6s[>>>>>>>>>>>>>>>>>>>>>>>   ] 7218/7824, 104.1 task/s, elapsed: 69s, ETA:     6s[>>>>>>>>>>>>>>>>>>>>>>>   ] 7219/7824, 104.1 task/s, elapsed: 69s, ETA:     6s[>>>>>>>>>>>>>>>>>>>>>>>   ] 7220/7824, 104.1 task/s, elapsed: 69s, ETA:     6s[>>>>>>>>>>>>>>>>>>>>>>>   ] 7221/7824, 104.1 task/s, elapsed: 69s, ETA:     6s[>>>>>>>>>>>>>>>>>>>>>>>   ] 7222/7824, 104.1 task/s, elapsed: 69s, ETA:     6s[>>>>>>>>>>>>>>>>>>>>>>>>  ] 7223/7824, 104.1 task/s, elapsed: 69s, ETA:     6s[>>>>>>>>>>>>>>>>>>>>>>>>  ] 7224/7824, 104.1 task/s, elapsed: 69s, ETA:     6s[>>>>>>>>>>>>>>>>>>>>>>>>  ] 7225/7824, 104.1 task/s, elapsed: 69s, ETA:     6s[>>>>>>>>>>>>>>>>>>>>>>>>  ] 7226/7824, 104.1 task/s, elapsed: 69s, ETA:     6s[>>>>>>>>>>>>>>>>>>>>>>>>  ] 7227/7824, 104.1 task/s, elapsed: 69s, ETA:     6s[>>>>>>>>>>>>>>>>>>>>>>>>  ] 7228/7824, 104.2 task/s, elapsed: 69s, ETA:     6s[>>>>>>>>>>>>>>>>>>>>>>>>  ] 7229/7824, 104.2 task/s, elapsed: 69s, ETA:     6s[>>>>>>>>>>>>>>>>>>>>>>>>  ] 7230/7824, 104.2 task/s, elapsed: 69s, ETA:     6s[>>>>>>>>>>>>>>>>>>>>>>>>  ] 7231/7824, 104.2 task/s, elapsed: 69s, ETA:     6s[>>>>>>>>>>>>>>>>>>>>>>>>  ] 7232/7824, 104.2 task/s, elapsed: 69s, ETA:     6s[>>>>>>>>>>>>>>>>>>>>>>>>  ] 7233/7824, 104.2 task/s, elapsed: 69s, ETA:     6s[>>>>>>>>>>>>>>>>>>>>>>>>  ] 7234/7824, 104.2 task/s, elapsed: 69s, ETA:     6s[>>>>>>>>>>>>>>>>>>>>>>>>  ] 7235/7824, 104.2 task/s, elapsed: 69s, ETA:     6s[>>>>>>>>>>>>>>>>>>>>>>>>  ] 7236/7824, 104.2 task/s, elapsed: 69s, ETA:     6s[>>>>>>>>>>>>>>>>>>>>>>>>  ] 7237/7824, 104.2 task/s, elapsed: 69s, ETA:     6s[>>>>>>>>>>>>>>>>>>>>>>>>  ] 7238/7824, 104.2 task/s, elapsed: 69s, ETA:     6s[>>>>>>>>>>>>>>>>>>>>>>>>  ] 7239/7824, 104.2 task/s, elapsed: 69s, ETA:     6s[>>>>>>>>>>>>>>>>>>>>>>>>  ] 7240/7824, 104.2 task/s, elapsed: 70s, ETA:     6s[>>>>>>>>>>>>>>>>>>>>>>>>  ] 7241/7824, 104.2 task/s, elapsed: 70s, ETA:     6s[>>>>>>>>>>>>>>>>>>>>>>>>  ] 7242/7824, 104.2 task/s, elapsed: 70s, ETA:     6s[>>>>>>>>>>>>>>>>>>>>>>>>  ] 7243/7824, 104.2 task/s, elapsed: 70s, ETA:     6s[>>>>>>>>>>>>>>>>>>>>>>>>  ] 7244/7824, 104.2 task/s, elapsed: 70s, ETA:     6s[>>>>>>>>>>>>>>>>>>>>>>>>  ] 7245/7824, 104.2 task/s, elapsed: 70s, ETA:     6s[>>>>>>>>>>>>>>>>>>>>>>>>  ] 7246/7824, 104.2 task/s, elapsed: 70s, ETA:     6s[>>>>>>>>>>>>>>>>>>>>>>>>  ] 7247/7824, 104.2 task/s, elapsed: 70s, ETA:     6s[>>>>>>>>>>>>>>>>>>>>>>>>  ] 7248/7824, 104.2 task/s, elapsed: 70s, ETA:     6s[>>>>>>>>>>>>>>>>>>>>>>>>  ] 7249/7824, 104.2 task/s, elapsed: 70s, ETA:     6s[>>>>>>>>>>>>>>>>>>>>>>>>  ] 7250/7824, 104.2 task/s, elapsed: 70s, ETA:     6s[>>>>>>>>>>>>>>>>>>>>>>>>  ] 7251/7824, 104.2 task/s, elapsed: 70s, ETA:     5s[>>>>>>>>>>>>>>>>>>>>>>>>  ] 7252/7824, 104.2 task/s, elapsed: 70s, ETA:     5s[>>>>>>>>>>>>>>>>>>>>>>>>  ] 7253/7824, 104.2 task/s, elapsed: 70s, ETA:     5s[>>>>>>>>>>>>>>>>>>>>>>>>  ] 7254/7824, 104.2 task/s, elapsed: 70s, ETA:     5s[>>>>>>>>>>>>>>>>>>>>>>>>  ] 7255/7824, 104.2 task/s, elapsed: 70s, ETA:     5s[>>>>>>>>>>>>>>>>>>>>>>>>  ] 7256/7824, 104.2 task/s, elapsed: 70s, ETA:     5s[>>>>>>>>>>>>>>>>>>>>>>>>  ] 7257/7824, 104.2 task/s, elapsed: 70s, ETA:     5s[>>>>>>>>>>>>>>>>>>>>>>>>  ] 7258/7824, 104.2 task/s, elapsed: 70s, ETA:     5s[>>>>>>>>>>>>>>>>>>>>>>>>  ] 7259/7824, 104.2 task/s, elapsed: 70s, ETA:     5s[>>>>>>>>>>>>>>>>>>>>>>>>  ] 7260/7824, 104.2 task/s, elapsed: 70s, ETA:     5s[>>>>>>>>>>>>>>>>>>>>>>>>  ] 7261/7824, 104.2 task/s, elapsed: 70s, ETA:     5s[>>>>>>>>>>>>>>>>>>>>>>>>  ] 7262/7824, 104.2 task/s, elapsed: 70s, ETA:     5s[>>>>>>>>>>>>>>>>>>>>>>>>  ] 7263/7824, 104.2 task/s, elapsed: 70s, ETA:     5s[>>>>>>>>>>>>>>>>>>>>>>>>  ] 7264/7824, 104.2 task/s, elapsed: 70s, ETA:     5s[>>>>>>>>>>>>>>>>>>>>>>>>  ] 7265/7824, 104.2 task/s, elapsed: 70s, ETA:     5s[>>>>>>>>>>>>>>>>>>>>>>>>  ] 7266/7824, 104.2 task/s, elapsed: 70s, ETA:     5s[>>>>>>>>>>>>>>>>>>>>>>>>  ] 7267/7824, 104.2 task/s, elapsed: 70s, ETA:     5s[>>>>>>>>>>>>>>>>>>>>>>>>  ] 7268/7824, 104.2 task/s, elapsed: 70s, ETA:     5s[>>>>>>>>>>>>>>>>>>>>>>>>  ] 7269/7824, 104.2 task/s, elapsed: 70s, ETA:     5s[>>>>>>>>>>>>>>>>>>>>>>>>  ] 7270/7824, 104.2 task/s, elapsed: 70s, ETA:     5s[>>>>>>>>>>>>>>>>>>>>>>>>  ] 7271/7824, 104.2 task/s, elapsed: 70s, ETA:     5s[>>>>>>>>>>>>>>>>>>>>>>>>  ] 7272/7824, 104.2 task/s, elapsed: 70s, ETA:     5s[>>>>>>>>>>>>>>>>>>>>>>>>  ] 7273/7824, 104.2 task/s, elapsed: 70s, ETA:     5s[>>>>>>>>>>>>>>>>>>>>>>>>  ] 7274/7824, 104.2 task/s, elapsed: 70s, ETA:     5s[>>>>>>>>>>>>>>>>>>>>>>>>  ] 7275/7824, 104.2 task/s, elapsed: 70s, ETA:     5s[>>>>>>>>>>>>>>>>>>>>>>>>  ] 7276/7824, 104.2 task/s, elapsed: 70s, ETA:     5s[>>>>>>>>>>>>>>>>>>>>>>>>  ] 7277/7824, 104.2 task/s, elapsed: 70s, ETA:     5s[>>>>>>>>>>>>>>>>>>>>>>>>  ] 7278/7824, 104.2 task/s, elapsed: 70s, ETA:     5s[>>>>>>>>>>>>>>>>>>>>>>>>  ] 7279/7824, 104.2 task/s, elapsed: 70s, ETA:     5s[>>>>>>>>>>>>>>>>>>>>>>>>  ] 7280/7824, 104.2 task/s, elapsed: 70s, ETA:     5s[>>>>>>>>>>>>>>>>>>>>>>>>  ] 7281/7824, 104.2 task/s, elapsed: 70s, ETA:     5s[>>>>>>>>>>>>>>>>>>>>>>>>  ] 7282/7824, 104.2 task/s, elapsed: 70s, ETA:     5s[>>>>>>>>>>>>>>>>>>>>>>>>  ] 7283/7824, 104.2 task/s, elapsed: 70s, ETA:     5s[>>>>>>>>>>>>>>>>>>>>>>>>  ] 7284/7824, 104.2 task/s, elapsed: 70s, ETA:     5s[>>>>>>>>>>>>>>>>>>>>>>>>  ] 7285/7824, 104.2 task/s, elapsed: 70s, ETA:     5s[>>>>>>>>>>>>>>>>>>>>>>>>  ] 7286/7824, 104.2 task/s, elapsed: 70s, ETA:     5s[>>>>>>>>>>>>>>>>>>>>>>>>  ] 7287/7824, 104.2 task/s, elapsed: 70s, ETA:     5s[>>>>>>>>>>>>>>>>>>>>>>>>  ] 7288/7824, 104.2 task/s, elapsed: 70s, ETA:     5s[>>>>>>>>>>>>>>>>>>>>>>>>  ] 7289/7824, 104.2 task/s, elapsed: 70s, ETA:     5s[>>>>>>>>>>>>>>>>>>>>>>>>  ] 7290/7824, 104.2 task/s, elapsed: 70s, ETA:     5s[>>>>>>>>>>>>>>>>>>>>>>>>  ] 7291/7824, 104.2 task/s, elapsed: 70s, ETA:     5s[>>>>>>>>>>>>>>>>>>>>>>>>  ] 7292/7824, 104.2 task/s, elapsed: 70s, ETA:     5s[>>>>>>>>>>>>>>>>>>>>>>>>  ] 7293/7824, 104.2 task/s, elapsed: 70s, ETA:     5s[>>>>>>>>>>>>>>>>>>>>>>>>  ] 7294/7824, 104.2 task/s, elapsed: 70s, ETA:     5s[>>>>>>>>>>>>>>>>>>>>>>>>  ] 7295/7824, 104.2 task/s, elapsed: 70s, ETA:     5s[>>>>>>>>>>>>>>>>>>>>>>>>  ] 7296/7824, 104.2 task/s, elapsed: 70s, ETA:     5s[>>>>>>>>>>>>>>>>>>>>>>>>  ] 7297/7824, 104.2 task/s, elapsed: 70s, ETA:     5s[>>>>>>>>>>>>>>>>>>>>>>>>  ] 7298/7824, 104.2 task/s, elapsed: 70s, ETA:     5s[>>>>>>>>>>>>>>>>>>>>>>>>  ] 7299/7824, 104.2 task/s, elapsed: 70s, ETA:     5s[>>>>>>>>>>>>>>>>>>>>>>>>  ] 7300/7824, 104.2 task/s, elapsed: 70s, ETA:     5s[>>>>>>>>>>>>>>>>>>>>>>>>  ] 7301/7824, 104.2 task/s, elapsed: 70s, ETA:     5s[>>>>>>>>>>>>>>>>>>>>>>>>  ] 7302/7824, 104.3 task/s, elapsed: 70s, ETA:     5s[>>>>>>>>>>>>>>>>>>>>>>>>  ] 7303/7824, 104.2 task/s, elapsed: 70s, ETA:     5s[>>>>>>>>>>>>>>>>>>>>>>>>  ] 7304/7824, 104.3 task/s, elapsed: 70s, ETA:     5s[>>>>>>>>>>>>>>>>>>>>>>>>  ] 7305/7824, 104.3 task/s, elapsed: 70s, ETA:     5s[>>>>>>>>>>>>>>>>>>>>>>>>  ] 7306/7824, 104.3 task/s, elapsed: 70s, ETA:     5s[>>>>>>>>>>>>>>>>>>>>>>>>  ] 7307/7824, 104.3 task/s, elapsed: 70s, ETA:     5s[>>>>>>>>>>>>>>>>>>>>>>>>  ] 7308/7824, 104.3 task/s, elapsed: 70s, ETA:     5s[>>>>>>>>>>>>>>>>>>>>>>>>  ] 7309/7824, 104.3 task/s, elapsed: 70s, ETA:     5s[>>>>>>>>>>>>>>>>>>>>>>>>  ] 7310/7824, 104.3 task/s, elapsed: 70s, ETA:     5s[>>>>>>>>>>>>>>>>>>>>>>>>  ] 7311/7824, 104.3 task/s, elapsed: 70s, ETA:     5s[>>>>>>>>>>>>>>>>>>>>>>>>  ] 7312/7824, 104.3 task/s, elapsed: 70s, ETA:     5s[>>>>>>>>>>>>>>>>>>>>>>>>  ] 7313/7824, 104.3 task/s, elapsed: 70s, ETA:     5s[>>>>>>>>>>>>>>>>>>>>>>>>  ] 7314/7824, 104.3 task/s, elapsed: 70s, ETA:     5s[>>>>>>>>>>>>>>>>>>>>>>>>  ] 7315/7824, 104.3 task/s, elapsed: 70s, ETA:     5s[>>>>>>>>>>>>>>>>>>>>>>>>  ] 7316/7824, 104.3 task/s, elapsed: 70s, ETA:     5s[>>>>>>>>>>>>>>>>>>>>>>>>  ] 7317/7824, 104.3 task/s, elapsed: 70s, ETA:     5s[>>>>>>>>>>>>>>>>>>>>>>>>  ] 7318/7824, 104.3 task/s, elapsed: 70s, ETA:     5s[>>>>>>>>>>>>>>>>>>>>>>>>  ] 7319/7824, 104.3 task/s, elapsed: 70s, ETA:     5s[>>>>>>>>>>>>>>>>>>>>>>>>  ] 7320/7824, 104.3 task/s, elapsed: 70s, ETA:     5s[>>>>>>>>>>>>>>>>>>>>>>>>  ] 7321/7824, 104.3 task/s, elapsed: 70s, ETA:     5s[>>>>>>>>>>>>>>>>>>>>>>>>  ] 7322/7824, 104.3 task/s, elapsed: 70s, ETA:     5s[>>>>>>>>>>>>>>>>>>>>>>>>  ] 7323/7824, 104.3 task/s, elapsed: 70s, ETA:     5s[>>>>>>>>>>>>>>>>>>>>>>>>  ] 7324/7824, 104.3 task/s, elapsed: 70s, ETA:     5s[>>>>>>>>>>>>>>>>>>>>>>>>  ] 7325/7824, 104.3 task/s, elapsed: 70s, ETA:     5s[>>>>>>>>>>>>>>>>>>>>>>>>  ] 7326/7824, 104.3 task/s, elapsed: 70s, ETA:     5s[>>>>>>>>>>>>>>>>>>>>>>>>  ] 7327/7824, 104.3 task/s, elapsed: 70s, ETA:     5s[>>>>>>>>>>>>>>>>>>>>>>>>  ] 7328/7824, 104.3 task/s, elapsed: 70s, ETA:     5s[>>>>>>>>>>>>>>>>>>>>>>>>  ] 7329/7824, 104.3 task/s, elapsed: 70s, ETA:     5s[>>>>>>>>>>>>>>>>>>>>>>>>  ] 7330/7824, 104.3 task/s, elapsed: 70s, ETA:     5s[>>>>>>>>>>>>>>>>>>>>>>>>  ] 7331/7824, 104.3 task/s, elapsed: 70s, ETA:     5s[>>>>>>>>>>>>>>>>>>>>>>>>  ] 7332/7824, 104.3 task/s, elapsed: 70s, ETA:     5s[>>>>>>>>>>>>>>>>>>>>>>>>  ] 7333/7824, 104.3 task/s, elapsed: 70s, ETA:     5s[>>>>>>>>>>>>>>>>>>>>>>>>  ] 7334/7824, 104.3 task/s, elapsed: 70s, ETA:     5s[>>>>>>>>>>>>>>>>>>>>>>>>  ] 7335/7824, 104.3 task/s, elapsed: 70s, ETA:     5s[>>>>>>>>>>>>>>>>>>>>>>>>  ] 7336/7824, 104.3 task/s, elapsed: 70s, ETA:     5s[>>>>>>>>>>>>>>>>>>>>>>>>  ] 7337/7824, 104.3 task/s, elapsed: 70s, ETA:     5s[>>>>>>>>>>>>>>>>>>>>>>>>  ] 7338/7824, 104.3 task/s, elapsed: 70s, ETA:     5s[>>>>>>>>>>>>>>>>>>>>>>>>  ] 7339/7824, 104.3 task/s, elapsed: 70s, ETA:     5s[>>>>>>>>>>>>>>>>>>>>>>>>  ] 7340/7824, 104.3 task/s, elapsed: 70s, ETA:     5s[>>>>>>>>>>>>>>>>>>>>>>>>  ] 7341/7824, 104.3 task/s, elapsed: 70s, ETA:     5s[>>>>>>>>>>>>>>>>>>>>>>>>  ] 7342/7824, 104.3 task/s, elapsed: 70s, ETA:     5s[>>>>>>>>>>>>>>>>>>>>>>>>  ] 7343/7824, 104.3 task/s, elapsed: 70s, ETA:     5s[>>>>>>>>>>>>>>>>>>>>>>>>  ] 7344/7824, 104.3 task/s, elapsed: 70s, ETA:     5s[>>>>>>>>>>>>>>>>>>>>>>>>  ] 7345/7824, 104.3 task/s, elapsed: 70s, ETA:     5s[>>>>>>>>>>>>>>>>>>>>>>>>  ] 7346/7824, 104.3 task/s, elapsed: 70s, ETA:     5s[>>>>>>>>>>>>>>>>>>>>>>>>  ] 7347/7824, 104.3 task/s, elapsed: 70s, ETA:     5s[>>>>>>>>>>>>>>>>>>>>>>>>  ] 7348/7824, 104.3 task/s, elapsed: 70s, ETA:     5s[>>>>>>>>>>>>>>>>>>>>>>>>  ] 7349/7824, 104.3 task/s, elapsed: 70s, ETA:     5s[>>>>>>>>>>>>>>>>>>>>>>>>  ] 7350/7824, 104.3 task/s, elapsed: 70s, ETA:     5s[>>>>>>>>>>>>>>>>>>>>>>>>  ] 7351/7824, 104.3 task/s, elapsed: 70s, ETA:     5s[>>>>>>>>>>>>>>>>>>>>>>>>  ] 7352/7824, 104.3 task/s, elapsed: 70s, ETA:     5s[>>>>>>>>>>>>>>>>>>>>>>>>  ] 7353/7824, 104.3 task/s, elapsed: 70s, ETA:     5s[>>>>>>>>>>>>>>>>>>>>>>>>  ] 7354/7824, 104.3 task/s, elapsed: 71s, ETA:     5s[>>>>>>>>>>>>>>>>>>>>>>>>  ] 7355/7824, 104.3 task/s, elapsed: 71s, ETA:     4s[>>>>>>>>>>>>>>>>>>>>>>>>  ] 7356/7824, 104.3 task/s, elapsed: 71s, ETA:     4s[>>>>>>>>>>>>>>>>>>>>>>>>  ] 7357/7824, 104.3 task/s, elapsed: 71s, ETA:     4s[>>>>>>>>>>>>>>>>>>>>>>>>  ] 7358/7824, 104.3 task/s, elapsed: 71s, ETA:     4s[>>>>>>>>>>>>>>>>>>>>>>>>  ] 7359/7824, 104.3 task/s, elapsed: 71s, ETA:     4s[>>>>>>>>>>>>>>>>>>>>>>>>  ] 7360/7824, 104.3 task/s, elapsed: 71s, ETA:     4s[>>>>>>>>>>>>>>>>>>>>>>>>  ] 7361/7824, 104.3 task/s, elapsed: 71s, ETA:     4s[>>>>>>>>>>>>>>>>>>>>>>>>  ] 7362/7824, 104.3 task/s, elapsed: 71s, ETA:     4s[>>>>>>>>>>>>>>>>>>>>>>>>  ] 7363/7824, 104.3 task/s, elapsed: 71s, ETA:     4s[>>>>>>>>>>>>>>>>>>>>>>>>  ] 7364/7824, 104.3 task/s, elapsed: 71s, ETA:     4s[>>>>>>>>>>>>>>>>>>>>>>>>  ] 7365/7824, 104.3 task/s, elapsed: 71s, ETA:     4s[>>>>>>>>>>>>>>>>>>>>>>>>  ] 7366/7824, 104.3 task/s, elapsed: 71s, ETA:     4s[>>>>>>>>>>>>>>>>>>>>>>>>  ] 7367/7824, 104.3 task/s, elapsed: 71s, ETA:     4s[>>>>>>>>>>>>>>>>>>>>>>>>  ] 7368/7824, 104.3 task/s, elapsed: 71s, ETA:     4s[>>>>>>>>>>>>>>>>>>>>>>>>  ] 7369/7824, 104.3 task/s, elapsed: 71s, ETA:     4s[>>>>>>>>>>>>>>>>>>>>>>>>  ] 7370/7824, 104.3 task/s, elapsed: 71s, ETA:     4s[>>>>>>>>>>>>>>>>>>>>>>>>  ] 7371/7824, 104.3 task/s, elapsed: 71s, ETA:     4s[>>>>>>>>>>>>>>>>>>>>>>>>  ] 7372/7824, 104.3 task/s, elapsed: 71s, ETA:     4s[>>>>>>>>>>>>>>>>>>>>>>>>  ] 7373/7824, 104.3 task/s, elapsed: 71s, ETA:     4s[>>>>>>>>>>>>>>>>>>>>>>>>  ] 7374/7824, 104.3 task/s, elapsed: 71s, ETA:     4s[>>>>>>>>>>>>>>>>>>>>>>>>  ] 7375/7824, 104.3 task/s, elapsed: 71s, ETA:     4s[>>>>>>>>>>>>>>>>>>>>>>>>  ] 7376/7824, 104.3 task/s, elapsed: 71s, ETA:     4s[>>>>>>>>>>>>>>>>>>>>>>>>  ] 7377/7824, 104.3 task/s, elapsed: 71s, ETA:     4s[>>>>>>>>>>>>>>>>>>>>>>>>  ] 7378/7824, 104.3 task/s, elapsed: 71s, ETA:     4s[>>>>>>>>>>>>>>>>>>>>>>>>  ] 7379/7824, 104.3 task/s, elapsed: 71s, ETA:     4s[>>>>>>>>>>>>>>>>>>>>>>>>  ] 7380/7824, 104.3 task/s, elapsed: 71s, ETA:     4s[>>>>>>>>>>>>>>>>>>>>>>>>  ] 7381/7824, 104.3 task/s, elapsed: 71s, ETA:     4s[>>>>>>>>>>>>>>>>>>>>>>>>  ] 7382/7824, 104.4 task/s, elapsed: 71s, ETA:     4s[>>>>>>>>>>>>>>>>>>>>>>>>  ] 7383/7824, 104.4 task/s, elapsed: 71s, ETA:     4s[>>>>>>>>>>>>>>>>>>>>>>>>  ] 7384/7824, 104.4 task/s, elapsed: 71s, ETA:     4s[>>>>>>>>>>>>>>>>>>>>>>>>  ] 7385/7824, 104.4 task/s, elapsed: 71s, ETA:     4s[>>>>>>>>>>>>>>>>>>>>>>>>  ] 7386/7824, 104.4 task/s, elapsed: 71s, ETA:     4s[>>>>>>>>>>>>>>>>>>>>>>>>  ] 7387/7824, 104.4 task/s, elapsed: 71s, ETA:     4s[>>>>>>>>>>>>>>>>>>>>>>>>  ] 7388/7824, 104.4 task/s, elapsed: 71s, ETA:     4s[>>>>>>>>>>>>>>>>>>>>>>>>  ] 7389/7824, 104.4 task/s, elapsed: 71s, ETA:     4s[>>>>>>>>>>>>>>>>>>>>>>>>  ] 7390/7824, 104.4 task/s, elapsed: 71s, ETA:     4s[>>>>>>>>>>>>>>>>>>>>>>>>  ] 7391/7824, 104.4 task/s, elapsed: 71s, ETA:     4s[>>>>>>>>>>>>>>>>>>>>>>>>  ] 7392/7824, 104.4 task/s, elapsed: 71s, ETA:     4s[>>>>>>>>>>>>>>>>>>>>>>>>  ] 7393/7824, 104.4 task/s, elapsed: 71s, ETA:     4s[>>>>>>>>>>>>>>>>>>>>>>>>  ] 7394/7824, 104.4 task/s, elapsed: 71s, ETA:     4s[>>>>>>>>>>>>>>>>>>>>>>>>  ] 7395/7824, 104.4 task/s, elapsed: 71s, ETA:     4s[>>>>>>>>>>>>>>>>>>>>>>>>  ] 7396/7824, 104.4 task/s, elapsed: 71s, ETA:     4s[>>>>>>>>>>>>>>>>>>>>>>>>  ] 7397/7824, 104.4 task/s, elapsed: 71s, ETA:     4s[>>>>>>>>>>>>>>>>>>>>>>>>  ] 7398/7824, 104.4 task/s, elapsed: 71s, ETA:     4s[>>>>>>>>>>>>>>>>>>>>>>>>  ] 7399/7824, 104.4 task/s, elapsed: 71s, ETA:     4s[>>>>>>>>>>>>>>>>>>>>>>>>  ] 7400/7824, 104.4 task/s, elapsed: 71s, ETA:     4s[>>>>>>>>>>>>>>>>>>>>>>>>  ] 7401/7824, 104.4 task/s, elapsed: 71s, ETA:     4s[>>>>>>>>>>>>>>>>>>>>>>>>  ] 7402/7824, 104.4 task/s, elapsed: 71s, ETA:     4s[>>>>>>>>>>>>>>>>>>>>>>>>  ] 7403/7824, 104.4 task/s, elapsed: 71s, ETA:     4s[>>>>>>>>>>>>>>>>>>>>>>>>  ] 7404/7824, 104.4 task/s, elapsed: 71s, ETA:     4s[>>>>>>>>>>>>>>>>>>>>>>>>  ] 7405/7824, 104.4 task/s, elapsed: 71s, ETA:     4s[>>>>>>>>>>>>>>>>>>>>>>>>  ] 7406/7824, 104.4 task/s, elapsed: 71s, ETA:     4s[>>>>>>>>>>>>>>>>>>>>>>>>  ] 7407/7824, 104.4 task/s, elapsed: 71s, ETA:     4s[>>>>>>>>>>>>>>>>>>>>>>>>  ] 7408/7824, 104.4 task/s, elapsed: 71s, ETA:     4s[>>>>>>>>>>>>>>>>>>>>>>>>  ] 7409/7824, 104.4 task/s, elapsed: 71s, ETA:     4s[>>>>>>>>>>>>>>>>>>>>>>>>  ] 7410/7824, 104.4 task/s, elapsed: 71s, ETA:     4s[>>>>>>>>>>>>>>>>>>>>>>>>  ] 7411/7824, 104.4 task/s, elapsed: 71s, ETA:     4s[>>>>>>>>>>>>>>>>>>>>>>>>  ] 7412/7824, 104.4 task/s, elapsed: 71s, ETA:     4s[>>>>>>>>>>>>>>>>>>>>>>>>  ] 7413/7824, 104.4 task/s, elapsed: 71s, ETA:     4s[>>>>>>>>>>>>>>>>>>>>>>>>  ] 7414/7824, 104.4 task/s, elapsed: 71s, ETA:     4s[>>>>>>>>>>>>>>>>>>>>>>>>  ] 7415/7824, 104.4 task/s, elapsed: 71s, ETA:     4s[>>>>>>>>>>>>>>>>>>>>>>>>  ] 7416/7824, 104.4 task/s, elapsed: 71s, ETA:     4s[>>>>>>>>>>>>>>>>>>>>>>>>  ] 7417/7824, 104.4 task/s, elapsed: 71s, ETA:     4s[>>>>>>>>>>>>>>>>>>>>>>>>  ] 7418/7824, 104.4 task/s, elapsed: 71s, ETA:     4s[>>>>>>>>>>>>>>>>>>>>>>>>  ] 7419/7824, 104.4 task/s, elapsed: 71s, ETA:     4s[>>>>>>>>>>>>>>>>>>>>>>>>  ] 7420/7824, 104.4 task/s, elapsed: 71s, ETA:     4s[>>>>>>>>>>>>>>>>>>>>>>>>  ] 7421/7824, 104.4 task/s, elapsed: 71s, ETA:     4s[>>>>>>>>>>>>>>>>>>>>>>>>  ] 7422/7824, 104.4 task/s, elapsed: 71s, ETA:     4s[>>>>>>>>>>>>>>>>>>>>>>>>  ] 7423/7824, 104.4 task/s, elapsed: 71s, ETA:     4s[>>>>>>>>>>>>>>>>>>>>>>>>  ] 7424/7824, 104.4 task/s, elapsed: 71s, ETA:     4s[>>>>>>>>>>>>>>>>>>>>>>>>  ] 7425/7824, 104.4 task/s, elapsed: 71s, ETA:     4s[>>>>>>>>>>>>>>>>>>>>>>>>  ] 7426/7824, 104.4 task/s, elapsed: 71s, ETA:     4s[>>>>>>>>>>>>>>>>>>>>>>>>  ] 7427/7824, 104.4 task/s, elapsed: 71s, ETA:     4s[>>>>>>>>>>>>>>>>>>>>>>>>  ] 7428/7824, 104.4 task/s, elapsed: 71s, ETA:     4s[>>>>>>>>>>>>>>>>>>>>>>>>  ] 7429/7824, 104.4 task/s, elapsed: 71s, ETA:     4s[>>>>>>>>>>>>>>>>>>>>>>>>  ] 7430/7824, 104.4 task/s, elapsed: 71s, ETA:     4s[>>>>>>>>>>>>>>>>>>>>>>>>  ] 7431/7824, 104.4 task/s, elapsed: 71s, ETA:     4s[>>>>>>>>>>>>>>>>>>>>>>>>  ] 7432/7824, 104.4 task/s, elapsed: 71s, ETA:     4s[>>>>>>>>>>>>>>>>>>>>>>>>  ] 7433/7824, 104.4 task/s, elapsed: 71s, ETA:     4s[>>>>>>>>>>>>>>>>>>>>>>>>  ] 7434/7824, 104.4 task/s, elapsed: 71s, ETA:     4s[>>>>>>>>>>>>>>>>>>>>>>>>  ] 7435/7824, 104.4 task/s, elapsed: 71s, ETA:     4s[>>>>>>>>>>>>>>>>>>>>>>>>  ] 7436/7824, 104.4 task/s, elapsed: 71s, ETA:     4s[>>>>>>>>>>>>>>>>>>>>>>>>  ] 7437/7824, 104.4 task/s, elapsed: 71s, ETA:     4s[>>>>>>>>>>>>>>>>>>>>>>>>  ] 7438/7824, 104.4 task/s, elapsed: 71s, ETA:     4s[>>>>>>>>>>>>>>>>>>>>>>>>  ] 7439/7824, 104.4 task/s, elapsed: 71s, ETA:     4s[>>>>>>>>>>>>>>>>>>>>>>>>  ] 7440/7824, 104.4 task/s, elapsed: 71s, ETA:     4s[>>>>>>>>>>>>>>>>>>>>>>>>  ] 7441/7824, 104.4 task/s, elapsed: 71s, ETA:     4s[>>>>>>>>>>>>>>>>>>>>>>>>  ] 7442/7824, 104.4 task/s, elapsed: 71s, ETA:     4s[>>>>>>>>>>>>>>>>>>>>>>>>  ] 7443/7824, 104.4 task/s, elapsed: 71s, ETA:     4s[>>>>>>>>>>>>>>>>>>>>>>>>  ] 7444/7824, 104.4 task/s, elapsed: 71s, ETA:     4s[>>>>>>>>>>>>>>>>>>>>>>>>  ] 7445/7824, 104.4 task/s, elapsed: 71s, ETA:     4s[>>>>>>>>>>>>>>>>>>>>>>>>  ] 7446/7824, 104.4 task/s, elapsed: 71s, ETA:     4s[>>>>>>>>>>>>>>>>>>>>>>>>  ] 7447/7824, 104.4 task/s, elapsed: 71s, ETA:     4s[>>>>>>>>>>>>>>>>>>>>>>>>  ] 7448/7824, 104.4 task/s, elapsed: 71s, ETA:     4s[>>>>>>>>>>>>>>>>>>>>>>>>  ] 7449/7824, 104.4 task/s, elapsed: 71s, ETA:     4s[>>>>>>>>>>>>>>>>>>>>>>>>  ] 7450/7824, 104.4 task/s, elapsed: 71s, ETA:     4s[>>>>>>>>>>>>>>>>>>>>>>>>  ] 7451/7824, 104.4 task/s, elapsed: 71s, ETA:     4s[>>>>>>>>>>>>>>>>>>>>>>>>  ] 7452/7824, 104.4 task/s, elapsed: 71s, ETA:     4s[>>>>>>>>>>>>>>>>>>>>>>>>  ] 7453/7824, 104.4 task/s, elapsed: 71s, ETA:     4s[>>>>>>>>>>>>>>>>>>>>>>>>  ] 7454/7824, 104.4 task/s, elapsed: 71s, ETA:     4s[>>>>>>>>>>>>>>>>>>>>>>>>  ] 7455/7824, 104.4 task/s, elapsed: 71s, ETA:     4s[>>>>>>>>>>>>>>>>>>>>>>>>  ] 7456/7824, 104.4 task/s, elapsed: 71s, ETA:     4s[>>>>>>>>>>>>>>>>>>>>>>>>  ] 7457/7824, 104.4 task/s, elapsed: 71s, ETA:     4s[>>>>>>>>>>>>>>>>>>>>>>>>  ] 7458/7824, 104.5 task/s, elapsed: 71s, ETA:     4s[>>>>>>>>>>>>>>>>>>>>>>>>  ] 7459/7824, 104.5 task/s, elapsed: 71s, ETA:     3s[>>>>>>>>>>>>>>>>>>>>>>>>  ] 7460/7824, 104.5 task/s, elapsed: 71s, ETA:     3s[>>>>>>>>>>>>>>>>>>>>>>>>  ] 7461/7824, 104.5 task/s, elapsed: 71s, ETA:     3s[>>>>>>>>>>>>>>>>>>>>>>>>  ] 7462/7824, 104.5 task/s, elapsed: 71s, ETA:     3s[>>>>>>>>>>>>>>>>>>>>>>>>  ] 7463/7824, 104.5 task/s, elapsed: 71s, ETA:     3s[>>>>>>>>>>>>>>>>>>>>>>>>  ] 7464/7824, 104.5 task/s, elapsed: 71s, ETA:     3s[>>>>>>>>>>>>>>>>>>>>>>>>  ] 7465/7824, 104.5 task/s, elapsed: 71s, ETA:     3s[>>>>>>>>>>>>>>>>>>>>>>>>  ] 7466/7824, 104.5 task/s, elapsed: 71s, ETA:     3s[>>>>>>>>>>>>>>>>>>>>>>>>  ] 7467/7824, 104.5 task/s, elapsed: 71s, ETA:     3s[>>>>>>>>>>>>>>>>>>>>>>>>  ] 7468/7824, 104.5 task/s, elapsed: 71s, ETA:     3s[>>>>>>>>>>>>>>>>>>>>>>>>  ] 7469/7824, 104.5 task/s, elapsed: 71s, ETA:     3s[>>>>>>>>>>>>>>>>>>>>>>>>  ] 7470/7824, 104.5 task/s, elapsed: 72s, ETA:     3s[>>>>>>>>>>>>>>>>>>>>>>>>  ] 7471/7824, 104.5 task/s, elapsed: 72s, ETA:     3s[>>>>>>>>>>>>>>>>>>>>>>>>  ] 7472/7824, 104.5 task/s, elapsed: 72s, ETA:     3s[>>>>>>>>>>>>>>>>>>>>>>>>  ] 7473/7824, 104.5 task/s, elapsed: 72s, ETA:     3s[>>>>>>>>>>>>>>>>>>>>>>>>  ] 7474/7824, 104.5 task/s, elapsed: 72s, ETA:     3s[>>>>>>>>>>>>>>>>>>>>>>>>  ] 7475/7824, 104.5 task/s, elapsed: 72s, ETA:     3s[>>>>>>>>>>>>>>>>>>>>>>>>  ] 7476/7824, 104.5 task/s, elapsed: 72s, ETA:     3s[>>>>>>>>>>>>>>>>>>>>>>>>  ] 7477/7824, 104.5 task/s, elapsed: 72s, ETA:     3s[>>>>>>>>>>>>>>>>>>>>>>>>  ] 7478/7824, 104.5 task/s, elapsed: 72s, ETA:     3s[>>>>>>>>>>>>>>>>>>>>>>>>  ] 7479/7824, 104.5 task/s, elapsed: 72s, ETA:     3s[>>>>>>>>>>>>>>>>>>>>>>>>  ] 7480/7824, 104.5 task/s, elapsed: 72s, ETA:     3s[>>>>>>>>>>>>>>>>>>>>>>>>  ] 7481/7824, 104.5 task/s, elapsed: 72s, ETA:     3s[>>>>>>>>>>>>>>>>>>>>>>>>  ] 7482/7824, 104.5 task/s, elapsed: 72s, ETA:     3s[>>>>>>>>>>>>>>>>>>>>>>>>  ] 7483/7824, 104.5 task/s, elapsed: 72s, ETA:     3s[>>>>>>>>>>>>>>>>>>>>>>>>  ] 7484/7824, 104.5 task/s, elapsed: 72s, ETA:     3s[>>>>>>>>>>>>>>>>>>>>>>>>  ] 7485/7824, 104.5 task/s, elapsed: 72s, ETA:     3s[>>>>>>>>>>>>>>>>>>>>>>>>  ] 7486/7824, 104.5 task/s, elapsed: 72s, ETA:     3s[>>>>>>>>>>>>>>>>>>>>>>>>  ] 7487/7824, 104.5 task/s, elapsed: 72s, ETA:     3s[>>>>>>>>>>>>>>>>>>>>>>>>  ] 7488/7824, 104.5 task/s, elapsed: 72s, ETA:     3s[>>>>>>>>>>>>>>>>>>>>>>>>  ] 7489/7824, 104.5 task/s, elapsed: 72s, ETA:     3s[>>>>>>>>>>>>>>>>>>>>>>>>  ] 7490/7824, 104.5 task/s, elapsed: 72s, ETA:     3s[>>>>>>>>>>>>>>>>>>>>>>>>  ] 7491/7824, 104.5 task/s, elapsed: 72s, ETA:     3s[>>>>>>>>>>>>>>>>>>>>>>>>  ] 7492/7824, 104.5 task/s, elapsed: 72s, ETA:     3s[>>>>>>>>>>>>>>>>>>>>>>>>  ] 7493/7824, 104.5 task/s, elapsed: 72s, ETA:     3s[>>>>>>>>>>>>>>>>>>>>>>>>  ] 7494/7824, 104.5 task/s, elapsed: 72s, ETA:     3s[>>>>>>>>>>>>>>>>>>>>>>>>  ] 7495/7824, 104.5 task/s, elapsed: 72s, ETA:     3s[>>>>>>>>>>>>>>>>>>>>>>>>  ] 7496/7824, 104.5 task/s, elapsed: 72s, ETA:     3s[>>>>>>>>>>>>>>>>>>>>>>>>  ] 7497/7824, 104.5 task/s, elapsed: 72s, ETA:     3s[>>>>>>>>>>>>>>>>>>>>>>>>  ] 7498/7824, 104.5 task/s, elapsed: 72s, ETA:     3s[>>>>>>>>>>>>>>>>>>>>>>>>  ] 7499/7824, 104.5 task/s, elapsed: 72s, ETA:     3s[>>>>>>>>>>>>>>>>>>>>>>>>  ] 7500/7824, 104.5 task/s, elapsed: 72s, ETA:     3s[>>>>>>>>>>>>>>>>>>>>>>>>  ] 7501/7824, 104.5 task/s, elapsed: 72s, ETA:     3s[>>>>>>>>>>>>>>>>>>>>>>>>  ] 7502/7824, 104.5 task/s, elapsed: 72s, ETA:     3s[>>>>>>>>>>>>>>>>>>>>>>>>  ] 7503/7824, 104.5 task/s, elapsed: 72s, ETA:     3s[>>>>>>>>>>>>>>>>>>>>>>>>  ] 7504/7824, 104.5 task/s, elapsed: 72s, ETA:     3s[>>>>>>>>>>>>>>>>>>>>>>>>  ] 7505/7824, 104.5 task/s, elapsed: 72s, ETA:     3s[>>>>>>>>>>>>>>>>>>>>>>>>  ] 7506/7824, 104.5 task/s, elapsed: 72s, ETA:     3s[>>>>>>>>>>>>>>>>>>>>>>>>  ] 7507/7824, 104.5 task/s, elapsed: 72s, ETA:     3s[>>>>>>>>>>>>>>>>>>>>>>>>  ] 7508/7824, 104.5 task/s, elapsed: 72s, ETA:     3s[>>>>>>>>>>>>>>>>>>>>>>>>  ] 7509/7824, 104.5 task/s, elapsed: 72s, ETA:     3s[>>>>>>>>>>>>>>>>>>>>>>>>  ] 7510/7824, 104.5 task/s, elapsed: 72s, ETA:     3s[>>>>>>>>>>>>>>>>>>>>>>>>  ] 7511/7824, 104.5 task/s, elapsed: 72s, ETA:     3s[>>>>>>>>>>>>>>>>>>>>>>>>  ] 7512/7824, 104.5 task/s, elapsed: 72s, ETA:     3s[>>>>>>>>>>>>>>>>>>>>>>>>  ] 7513/7824, 104.5 task/s, elapsed: 72s, ETA:     3s[>>>>>>>>>>>>>>>>>>>>>>>>  ] 7514/7824, 104.5 task/s, elapsed: 72s, ETA:     3s[>>>>>>>>>>>>>>>>>>>>>>>>  ] 7515/7824, 104.5 task/s, elapsed: 72s, ETA:     3s[>>>>>>>>>>>>>>>>>>>>>>>>  ] 7516/7824, 104.5 task/s, elapsed: 72s, ETA:     3s[>>>>>>>>>>>>>>>>>>>>>>>>  ] 7517/7824, 104.5 task/s, elapsed: 72s, ETA:     3s[>>>>>>>>>>>>>>>>>>>>>>>>  ] 7518/7824, 104.5 task/s, elapsed: 72s, ETA:     3s[>>>>>>>>>>>>>>>>>>>>>>>>  ] 7519/7824, 104.5 task/s, elapsed: 72s, ETA:     3s[>>>>>>>>>>>>>>>>>>>>>>>>  ] 7520/7824, 104.5 task/s, elapsed: 72s, ETA:     3s[>>>>>>>>>>>>>>>>>>>>>>>>  ] 7521/7824, 104.5 task/s, elapsed: 72s, ETA:     3s[>>>>>>>>>>>>>>>>>>>>>>>>  ] 7522/7824, 104.5 task/s, elapsed: 72s, ETA:     3s[>>>>>>>>>>>>>>>>>>>>>>>>  ] 7523/7824, 104.5 task/s, elapsed: 72s, ETA:     3s[>>>>>>>>>>>>>>>>>>>>>>>>> ] 7524/7824, 104.5 task/s, elapsed: 72s, ETA:     3s[>>>>>>>>>>>>>>>>>>>>>>>>> ] 7525/7824, 104.5 task/s, elapsed: 72s, ETA:     3s[>>>>>>>>>>>>>>>>>>>>>>>>> ] 7526/7824, 104.5 task/s, elapsed: 72s, ETA:     3s[>>>>>>>>>>>>>>>>>>>>>>>>> ] 7527/7824, 104.5 task/s, elapsed: 72s, ETA:     3s[>>>>>>>>>>>>>>>>>>>>>>>>> ] 7528/7824, 104.5 task/s, elapsed: 72s, ETA:     3s[>>>>>>>>>>>>>>>>>>>>>>>>> ] 7529/7824, 104.5 task/s, elapsed: 72s, ETA:     3s[>>>>>>>>>>>>>>>>>>>>>>>>> ] 7530/7824, 104.5 task/s, elapsed: 72s, ETA:     3s[>>>>>>>>>>>>>>>>>>>>>>>>> ] 7531/7824, 104.5 task/s, elapsed: 72s, ETA:     3s[>>>>>>>>>>>>>>>>>>>>>>>>> ] 7532/7824, 104.5 task/s, elapsed: 72s, ETA:     3s[>>>>>>>>>>>>>>>>>>>>>>>>> ] 7533/7824, 104.5 task/s, elapsed: 72s, ETA:     3s[>>>>>>>>>>>>>>>>>>>>>>>>> ] 7534/7824, 104.6 task/s, elapsed: 72s, ETA:     3s[>>>>>>>>>>>>>>>>>>>>>>>>> ] 7535/7824, 104.6 task/s, elapsed: 72s, ETA:     3s[>>>>>>>>>>>>>>>>>>>>>>>>> ] 7536/7824, 104.6 task/s, elapsed: 72s, ETA:     3s[>>>>>>>>>>>>>>>>>>>>>>>>> ] 7537/7824, 104.6 task/s, elapsed: 72s, ETA:     3s[>>>>>>>>>>>>>>>>>>>>>>>>> ] 7538/7824, 104.6 task/s, elapsed: 72s, ETA:     3s[>>>>>>>>>>>>>>>>>>>>>>>>> ] 7539/7824, 104.6 task/s, elapsed: 72s, ETA:     3s[>>>>>>>>>>>>>>>>>>>>>>>>> ] 7540/7824, 104.6 task/s, elapsed: 72s, ETA:     3s[>>>>>>>>>>>>>>>>>>>>>>>>> ] 7541/7824, 104.6 task/s, elapsed: 72s, ETA:     3s[>>>>>>>>>>>>>>>>>>>>>>>>> ] 7542/7824, 104.6 task/s, elapsed: 72s, ETA:     3s[>>>>>>>>>>>>>>>>>>>>>>>>> ] 7543/7824, 104.6 task/s, elapsed: 72s, ETA:     3s[>>>>>>>>>>>>>>>>>>>>>>>>> ] 7544/7824, 104.6 task/s, elapsed: 72s, ETA:     3s[>>>>>>>>>>>>>>>>>>>>>>>>> ] 7545/7824, 104.6 task/s, elapsed: 72s, ETA:     3s[>>>>>>>>>>>>>>>>>>>>>>>>> ] 7546/7824, 104.6 task/s, elapsed: 72s, ETA:     3s[>>>>>>>>>>>>>>>>>>>>>>>>> ] 7547/7824, 104.6 task/s, elapsed: 72s, ETA:     3s[>>>>>>>>>>>>>>>>>>>>>>>>> ] 7548/7824, 104.6 task/s, elapsed: 72s, ETA:     3s[>>>>>>>>>>>>>>>>>>>>>>>>> ] 7549/7824, 104.6 task/s, elapsed: 72s, ETA:     3s[>>>>>>>>>>>>>>>>>>>>>>>>> ] 7550/7824, 104.6 task/s, elapsed: 72s, ETA:     3s[>>>>>>>>>>>>>>>>>>>>>>>>> ] 7551/7824, 104.6 task/s, elapsed: 72s, ETA:     3s[>>>>>>>>>>>>>>>>>>>>>>>>> ] 7552/7824, 104.6 task/s, elapsed: 72s, ETA:     3s[>>>>>>>>>>>>>>>>>>>>>>>>> ] 7553/7824, 104.6 task/s, elapsed: 72s, ETA:     3s[>>>>>>>>>>>>>>>>>>>>>>>>> ] 7554/7824, 104.6 task/s, elapsed: 72s, ETA:     3s[>>>>>>>>>>>>>>>>>>>>>>>>> ] 7555/7824, 104.6 task/s, elapsed: 72s, ETA:     3s[>>>>>>>>>>>>>>>>>>>>>>>>> ] 7556/7824, 104.6 task/s, elapsed: 72s, ETA:     3s[>>>>>>>>>>>>>>>>>>>>>>>>> ] 7557/7824, 104.6 task/s, elapsed: 72s, ETA:     3s[>>>>>>>>>>>>>>>>>>>>>>>>> ] 7558/7824, 104.6 task/s, elapsed: 72s, ETA:     3s[>>>>>>>>>>>>>>>>>>>>>>>>> ] 7559/7824, 104.6 task/s, elapsed: 72s, ETA:     3s[>>>>>>>>>>>>>>>>>>>>>>>>> ] 7560/7824, 104.6 task/s, elapsed: 72s, ETA:     3s[>>>>>>>>>>>>>>>>>>>>>>>>> ] 7561/7824, 104.6 task/s, elapsed: 72s, ETA:     3s[>>>>>>>>>>>>>>>>>>>>>>>>> ] 7562/7824, 104.6 task/s, elapsed: 72s, ETA:     3s[>>>>>>>>>>>>>>>>>>>>>>>>> ] 7563/7824, 104.6 task/s, elapsed: 72s, ETA:     2s[>>>>>>>>>>>>>>>>>>>>>>>>> ] 7564/7824, 104.6 task/s, elapsed: 72s, ETA:     2s[>>>>>>>>>>>>>>>>>>>>>>>>> ] 7565/7824, 104.6 task/s, elapsed: 72s, ETA:     2s[>>>>>>>>>>>>>>>>>>>>>>>>> ] 7566/7824, 104.6 task/s, elapsed: 72s, ETA:     2s[>>>>>>>>>>>>>>>>>>>>>>>>> ] 7567/7824, 104.6 task/s, elapsed: 72s, ETA:     2s[>>>>>>>>>>>>>>>>>>>>>>>>> ] 7568/7824, 104.6 task/s, elapsed: 72s, ETA:     2s[>>>>>>>>>>>>>>>>>>>>>>>>> ] 7569/7824, 104.6 task/s, elapsed: 72s, ETA:     2s[>>>>>>>>>>>>>>>>>>>>>>>>> ] 7570/7824, 104.6 task/s, elapsed: 72s, ETA:     2s[>>>>>>>>>>>>>>>>>>>>>>>>> ] 7571/7824, 104.6 task/s, elapsed: 72s, ETA:     2s[>>>>>>>>>>>>>>>>>>>>>>>>> ] 7572/7824, 104.6 task/s, elapsed: 72s, ETA:     2s[>>>>>>>>>>>>>>>>>>>>>>>>> ] 7573/7824, 104.6 task/s, elapsed: 72s, ETA:     2s[>>>>>>>>>>>>>>>>>>>>>>>>> ] 7574/7824, 104.6 task/s, elapsed: 72s, ETA:     2s[>>>>>>>>>>>>>>>>>>>>>>>>> ] 7575/7824, 104.6 task/s, elapsed: 72s, ETA:     2s[>>>>>>>>>>>>>>>>>>>>>>>>> ] 7576/7824, 104.6 task/s, elapsed: 72s, ETA:     2s[>>>>>>>>>>>>>>>>>>>>>>>>> ] 7577/7824, 104.6 task/s, elapsed: 72s, ETA:     2s[>>>>>>>>>>>>>>>>>>>>>>>>> ] 7578/7824, 104.6 task/s, elapsed: 72s, ETA:     2s[>>>>>>>>>>>>>>>>>>>>>>>>> ] 7579/7824, 104.6 task/s, elapsed: 72s, ETA:     2s[>>>>>>>>>>>>>>>>>>>>>>>>> ] 7580/7824, 104.6 task/s, elapsed: 72s, ETA:     2s[>>>>>>>>>>>>>>>>>>>>>>>>> ] 7581/7824, 104.6 task/s, elapsed: 72s, ETA:     2s[>>>>>>>>>>>>>>>>>>>>>>>>> ] 7582/7824, 104.6 task/s, elapsed: 72s, ETA:     2s[>>>>>>>>>>>>>>>>>>>>>>>>> ] 7583/7824, 104.6 task/s, elapsed: 73s, ETA:     2s[>>>>>>>>>>>>>>>>>>>>>>>>> ] 7584/7824, 104.6 task/s, elapsed: 73s, ETA:     2s[>>>>>>>>>>>>>>>>>>>>>>>>> ] 7585/7824, 104.6 task/s, elapsed: 73s, ETA:     2s[>>>>>>>>>>>>>>>>>>>>>>>>> ] 7586/7824, 104.6 task/s, elapsed: 73s, ETA:     2s[>>>>>>>>>>>>>>>>>>>>>>>>> ] 7587/7824, 104.6 task/s, elapsed: 73s, ETA:     2s[>>>>>>>>>>>>>>>>>>>>>>>>> ] 7588/7824, 104.6 task/s, elapsed: 73s, ETA:     2s[>>>>>>>>>>>>>>>>>>>>>>>>> ] 7589/7824, 104.6 task/s, elapsed: 73s, ETA:     2s[>>>>>>>>>>>>>>>>>>>>>>>>> ] 7590/7824, 104.6 task/s, elapsed: 73s, ETA:     2s[>>>>>>>>>>>>>>>>>>>>>>>>> ] 7591/7824, 104.6 task/s, elapsed: 73s, ETA:     2s[>>>>>>>>>>>>>>>>>>>>>>>>> ] 7592/7824, 104.6 task/s, elapsed: 73s, ETA:     2s[>>>>>>>>>>>>>>>>>>>>>>>>> ] 7593/7824, 104.6 task/s, elapsed: 73s, ETA:     2s[>>>>>>>>>>>>>>>>>>>>>>>>> ] 7594/7824, 104.6 task/s, elapsed: 73s, ETA:     2s[>>>>>>>>>>>>>>>>>>>>>>>>> ] 7595/7824, 104.6 task/s, elapsed: 73s, ETA:     2s[>>>>>>>>>>>>>>>>>>>>>>>>> ] 7596/7824, 104.6 task/s, elapsed: 73s, ETA:     2s[>>>>>>>>>>>>>>>>>>>>>>>>> ] 7597/7824, 104.6 task/s, elapsed: 73s, ETA:     2s[>>>>>>>>>>>>>>>>>>>>>>>>> ] 7598/7824, 104.6 task/s, elapsed: 73s, ETA:     2s[>>>>>>>>>>>>>>>>>>>>>>>>> ] 7599/7824, 104.6 task/s, elapsed: 73s, ETA:     2s[>>>>>>>>>>>>>>>>>>>>>>>>> ] 7600/7824, 104.6 task/s, elapsed: 73s, ETA:     2s[>>>>>>>>>>>>>>>>>>>>>>>>> ] 7601/7824, 104.6 task/s, elapsed: 73s, ETA:     2s[>>>>>>>>>>>>>>>>>>>>>>>>> ] 7602/7824, 104.6 task/s, elapsed: 73s, ETA:     2s[>>>>>>>>>>>>>>>>>>>>>>>>> ] 7603/7824, 104.6 task/s, elapsed: 73s, ETA:     2s[>>>>>>>>>>>>>>>>>>>>>>>>> ] 7604/7824, 104.6 task/s, elapsed: 73s, ETA:     2s[>>>>>>>>>>>>>>>>>>>>>>>>> ] 7605/7824, 104.6 task/s, elapsed: 73s, ETA:     2s[>>>>>>>>>>>>>>>>>>>>>>>>> ] 7606/7824, 104.6 task/s, elapsed: 73s, ETA:     2s[>>>>>>>>>>>>>>>>>>>>>>>>> ] 7607/7824, 104.6 task/s, elapsed: 73s, ETA:     2s[>>>>>>>>>>>>>>>>>>>>>>>>> ] 7608/7824, 104.6 task/s, elapsed: 73s, ETA:     2s[>>>>>>>>>>>>>>>>>>>>>>>>> ] 7609/7824, 104.6 task/s, elapsed: 73s, ETA:     2s[>>>>>>>>>>>>>>>>>>>>>>>>> ] 7610/7824, 104.6 task/s, elapsed: 73s, ETA:     2s[>>>>>>>>>>>>>>>>>>>>>>>>> ] 7611/7824, 104.6 task/s, elapsed: 73s, ETA:     2s[>>>>>>>>>>>>>>>>>>>>>>>>> ] 7612/7824, 104.6 task/s, elapsed: 73s, ETA:     2s[>>>>>>>>>>>>>>>>>>>>>>>>> ] 7613/7824, 104.6 task/s, elapsed: 73s, ETA:     2s[>>>>>>>>>>>>>>>>>>>>>>>>> ] 7614/7824, 104.6 task/s, elapsed: 73s, ETA:     2s[>>>>>>>>>>>>>>>>>>>>>>>>> ] 7615/7824, 104.6 task/s, elapsed: 73s, ETA:     2s[>>>>>>>>>>>>>>>>>>>>>>>>> ] 7616/7824, 104.6 task/s, elapsed: 73s, ETA:     2s[>>>>>>>>>>>>>>>>>>>>>>>>> ] 7617/7824, 104.6 task/s, elapsed: 73s, ETA:     2s[>>>>>>>>>>>>>>>>>>>>>>>>> ] 7618/7824, 104.6 task/s, elapsed: 73s, ETA:     2s[>>>>>>>>>>>>>>>>>>>>>>>>> ] 7619/7824, 104.6 task/s, elapsed: 73s, ETA:     2s[>>>>>>>>>>>>>>>>>>>>>>>>> ] 7620/7824, 104.6 task/s, elapsed: 73s, ETA:     2s[>>>>>>>>>>>>>>>>>>>>>>>>> ] 7621/7824, 104.6 task/s, elapsed: 73s, ETA:     2s[>>>>>>>>>>>>>>>>>>>>>>>>> ] 7622/7824, 104.6 task/s, elapsed: 73s, ETA:     2s[>>>>>>>>>>>>>>>>>>>>>>>>> ] 7623/7824, 104.6 task/s, elapsed: 73s, ETA:     2s[>>>>>>>>>>>>>>>>>>>>>>>>> ] 7624/7824, 104.6 task/s, elapsed: 73s, ETA:     2s[>>>>>>>>>>>>>>>>>>>>>>>>> ] 7625/7824, 104.7 task/s, elapsed: 73s, ETA:     2s[>>>>>>>>>>>>>>>>>>>>>>>>> ] 7626/7824, 104.7 task/s, elapsed: 73s, ETA:     2s[>>>>>>>>>>>>>>>>>>>>>>>>> ] 7627/7824, 104.7 task/s, elapsed: 73s, ETA:     2s[>>>>>>>>>>>>>>>>>>>>>>>>> ] 7628/7824, 104.7 task/s, elapsed: 73s, ETA:     2s[>>>>>>>>>>>>>>>>>>>>>>>>> ] 7629/7824, 104.7 task/s, elapsed: 73s, ETA:     2s[>>>>>>>>>>>>>>>>>>>>>>>>> ] 7630/7824, 104.7 task/s, elapsed: 73s, ETA:     2s[>>>>>>>>>>>>>>>>>>>>>>>>> ] 7631/7824, 104.7 task/s, elapsed: 73s, ETA:     2s[>>>>>>>>>>>>>>>>>>>>>>>>> ] 7632/7824, 104.7 task/s, elapsed: 73s, ETA:     2s[>>>>>>>>>>>>>>>>>>>>>>>>> ] 7633/7824, 104.7 task/s, elapsed: 73s, ETA:     2s[>>>>>>>>>>>>>>>>>>>>>>>>> ] 7634/7824, 104.7 task/s, elapsed: 73s, ETA:     2s[>>>>>>>>>>>>>>>>>>>>>>>>> ] 7635/7824, 104.7 task/s, elapsed: 73s, ETA:     2s[>>>>>>>>>>>>>>>>>>>>>>>>> ] 7636/7824, 104.7 task/s, elapsed: 73s, ETA:     2s[>>>>>>>>>>>>>>>>>>>>>>>>> ] 7637/7824, 104.7 task/s, elapsed: 73s, ETA:     2s[>>>>>>>>>>>>>>>>>>>>>>>>> ] 7638/7824, 104.7 task/s, elapsed: 73s, ETA:     2s[>>>>>>>>>>>>>>>>>>>>>>>>> ] 7639/7824, 104.7 task/s, elapsed: 73s, ETA:     2s[>>>>>>>>>>>>>>>>>>>>>>>>> ] 7640/7824, 104.7 task/s, elapsed: 73s, ETA:     2s[>>>>>>>>>>>>>>>>>>>>>>>>> ] 7641/7824, 104.7 task/s, elapsed: 73s, ETA:     2s[>>>>>>>>>>>>>>>>>>>>>>>>> ] 7642/7824, 104.7 task/s, elapsed: 73s, ETA:     2s[>>>>>>>>>>>>>>>>>>>>>>>>> ] 7643/7824, 104.7 task/s, elapsed: 73s, ETA:     2s[>>>>>>>>>>>>>>>>>>>>>>>>> ] 7644/7824, 104.7 task/s, elapsed: 73s, ETA:     2s[>>>>>>>>>>>>>>>>>>>>>>>>> ] 7645/7824, 104.7 task/s, elapsed: 73s, ETA:     2s[>>>>>>>>>>>>>>>>>>>>>>>>> ] 7646/7824, 104.7 task/s, elapsed: 73s, ETA:     2s[>>>>>>>>>>>>>>>>>>>>>>>>> ] 7647/7824, 104.7 task/s, elapsed: 73s, ETA:     2s[>>>>>>>>>>>>>>>>>>>>>>>>> ] 7648/7824, 104.7 task/s, elapsed: 73s, ETA:     2s[>>>>>>>>>>>>>>>>>>>>>>>>> ] 7649/7824, 104.7 task/s, elapsed: 73s, ETA:     2s[>>>>>>>>>>>>>>>>>>>>>>>>> ] 7650/7824, 104.7 task/s, elapsed: 73s, ETA:     2s[>>>>>>>>>>>>>>>>>>>>>>>>> ] 7651/7824, 104.7 task/s, elapsed: 73s, ETA:     2s[>>>>>>>>>>>>>>>>>>>>>>>>> ] 7652/7824, 104.7 task/s, elapsed: 73s, ETA:     2s[>>>>>>>>>>>>>>>>>>>>>>>>> ] 7653/7824, 104.7 task/s, elapsed: 73s, ETA:     2s[>>>>>>>>>>>>>>>>>>>>>>>>> ] 7654/7824, 104.7 task/s, elapsed: 73s, ETA:     2s[>>>>>>>>>>>>>>>>>>>>>>>>> ] 7655/7824, 104.7 task/s, elapsed: 73s, ETA:     2s[>>>>>>>>>>>>>>>>>>>>>>>>> ] 7656/7824, 104.7 task/s, elapsed: 73s, ETA:     2s[>>>>>>>>>>>>>>>>>>>>>>>>> ] 7657/7824, 104.7 task/s, elapsed: 73s, ETA:     2s[>>>>>>>>>>>>>>>>>>>>>>>>> ] 7658/7824, 104.7 task/s, elapsed: 73s, ETA:     2s[>>>>>>>>>>>>>>>>>>>>>>>>> ] 7659/7824, 104.7 task/s, elapsed: 73s, ETA:     2s[>>>>>>>>>>>>>>>>>>>>>>>>> ] 7660/7824, 104.7 task/s, elapsed: 73s, ETA:     2s[>>>>>>>>>>>>>>>>>>>>>>>>> ] 7661/7824, 104.7 task/s, elapsed: 73s, ETA:     2s[>>>>>>>>>>>>>>>>>>>>>>>>> ] 7662/7824, 104.7 task/s, elapsed: 73s, ETA:     2s[>>>>>>>>>>>>>>>>>>>>>>>>> ] 7663/7824, 104.7 task/s, elapsed: 73s, ETA:     2s[>>>>>>>>>>>>>>>>>>>>>>>>> ] 7664/7824, 104.7 task/s, elapsed: 73s, ETA:     2s[>>>>>>>>>>>>>>>>>>>>>>>>> ] 7665/7824, 104.7 task/s, elapsed: 73s, ETA:     2s[>>>>>>>>>>>>>>>>>>>>>>>>> ] 7666/7824, 104.7 task/s, elapsed: 73s, ETA:     2s[>>>>>>>>>>>>>>>>>>>>>>>>> ] 7667/7824, 104.7 task/s, elapsed: 73s, ETA:     1s[>>>>>>>>>>>>>>>>>>>>>>>>> ] 7668/7824, 104.7 task/s, elapsed: 73s, ETA:     1s[>>>>>>>>>>>>>>>>>>>>>>>>> ] 7669/7824, 104.7 task/s, elapsed: 73s, ETA:     1s[>>>>>>>>>>>>>>>>>>>>>>>>> ] 7670/7824, 104.7 task/s, elapsed: 73s, ETA:     1s[>>>>>>>>>>>>>>>>>>>>>>>>> ] 7671/7824, 104.7 task/s, elapsed: 73s, ETA:     1s[>>>>>>>>>>>>>>>>>>>>>>>>> ] 7672/7824, 104.7 task/s, elapsed: 73s, ETA:     1s[>>>>>>>>>>>>>>>>>>>>>>>>> ] 7673/7824, 104.7 task/s, elapsed: 73s, ETA:     1s[>>>>>>>>>>>>>>>>>>>>>>>>> ] 7674/7824, 104.7 task/s, elapsed: 73s, ETA:     1s[>>>>>>>>>>>>>>>>>>>>>>>>> ] 7675/7824, 104.7 task/s, elapsed: 73s, ETA:     1s[>>>>>>>>>>>>>>>>>>>>>>>>> ] 7676/7824, 104.7 task/s, elapsed: 73s, ETA:     1s[>>>>>>>>>>>>>>>>>>>>>>>>> ] 7677/7824, 104.7 task/s, elapsed: 73s, ETA:     1s[>>>>>>>>>>>>>>>>>>>>>>>>> ] 7678/7824, 104.7 task/s, elapsed: 73s, ETA:     1s[>>>>>>>>>>>>>>>>>>>>>>>>> ] 7679/7824, 104.7 task/s, elapsed: 73s, ETA:     1s[>>>>>>>>>>>>>>>>>>>>>>>>> ] 7680/7824, 104.7 task/s, elapsed: 73s, ETA:     1s[>>>>>>>>>>>>>>>>>>>>>>>>> ] 7681/7824, 104.7 task/s, elapsed: 73s, ETA:     1s[>>>>>>>>>>>>>>>>>>>>>>>>> ] 7682/7824, 104.7 task/s, elapsed: 73s, ETA:     1s[>>>>>>>>>>>>>>>>>>>>>>>>> ] 7683/7824, 104.7 task/s, elapsed: 73s, ETA:     1s[>>>>>>>>>>>>>>>>>>>>>>>>> ] 7684/7824, 104.7 task/s, elapsed: 73s, ETA:     1s[>>>>>>>>>>>>>>>>>>>>>>>>> ] 7685/7824, 104.7 task/s, elapsed: 73s, ETA:     1s[>>>>>>>>>>>>>>>>>>>>>>>>> ] 7686/7824, 104.7 task/s, elapsed: 73s, ETA:     1s[>>>>>>>>>>>>>>>>>>>>>>>>> ] 7687/7824, 104.7 task/s, elapsed: 73s, ETA:     1s[>>>>>>>>>>>>>>>>>>>>>>>>> ] 7688/7824, 104.7 task/s, elapsed: 73s, ETA:     1s[>>>>>>>>>>>>>>>>>>>>>>>>> ] 7689/7824, 104.7 task/s, elapsed: 73s, ETA:     1s[>>>>>>>>>>>>>>>>>>>>>>>>> ] 7690/7824, 104.7 task/s, elapsed: 73s, ETA:     1s[>>>>>>>>>>>>>>>>>>>>>>>>> ] 7691/7824, 104.7 task/s, elapsed: 73s, ETA:     1s[>>>>>>>>>>>>>>>>>>>>>>>>> ] 7692/7824, 104.7 task/s, elapsed: 73s, ETA:     1s[>>>>>>>>>>>>>>>>>>>>>>>>> ] 7693/7824, 104.7 task/s, elapsed: 73s, ETA:     1s[>>>>>>>>>>>>>>>>>>>>>>>>> ] 7694/7824, 104.7 task/s, elapsed: 73s, ETA:     1s[>>>>>>>>>>>>>>>>>>>>>>>>> ] 7695/7824, 104.7 task/s, elapsed: 73s, ETA:     1s[>>>>>>>>>>>>>>>>>>>>>>>>> ] 7696/7824, 104.7 task/s, elapsed: 73s, ETA:     1s[>>>>>>>>>>>>>>>>>>>>>>>>> ] 7697/7824, 104.7 task/s, elapsed: 73s, ETA:     1s[>>>>>>>>>>>>>>>>>>>>>>>>> ] 7698/7824, 104.7 task/s, elapsed: 74s, ETA:     1s[>>>>>>>>>>>>>>>>>>>>>>>>> ] 7699/7824, 104.7 task/s, elapsed: 74s, ETA:     1s[>>>>>>>>>>>>>>>>>>>>>>>>> ] 7700/7824, 104.7 task/s, elapsed: 74s, ETA:     1s[>>>>>>>>>>>>>>>>>>>>>>>>> ] 7701/7824, 104.7 task/s, elapsed: 74s, ETA:     1s[>>>>>>>>>>>>>>>>>>>>>>>>> ] 7702/7824, 104.7 task/s, elapsed: 74s, ETA:     1s[>>>>>>>>>>>>>>>>>>>>>>>>> ] 7703/7824, 104.7 task/s, elapsed: 74s, ETA:     1s[>>>>>>>>>>>>>>>>>>>>>>>>> ] 7704/7824, 104.7 task/s, elapsed: 74s, ETA:     1s[>>>>>>>>>>>>>>>>>>>>>>>>> ] 7705/7824, 104.7 task/s, elapsed: 74s, ETA:     1s[>>>>>>>>>>>>>>>>>>>>>>>>> ] 7706/7824, 104.7 task/s, elapsed: 74s, ETA:     1s[>>>>>>>>>>>>>>>>>>>>>>>>> ] 7707/7824, 104.7 task/s, elapsed: 74s, ETA:     1s[>>>>>>>>>>>>>>>>>>>>>>>>> ] 7708/7824, 104.7 task/s, elapsed: 74s, ETA:     1s[>>>>>>>>>>>>>>>>>>>>>>>>> ] 7709/7824, 104.7 task/s, elapsed: 74s, ETA:     1s[>>>>>>>>>>>>>>>>>>>>>>>>> ] 7710/7824, 104.7 task/s, elapsed: 74s, ETA:     1s[>>>>>>>>>>>>>>>>>>>>>>>>> ] 7711/7824, 104.7 task/s, elapsed: 74s, ETA:     1s[>>>>>>>>>>>>>>>>>>>>>>>>> ] 7712/7824, 104.7 task/s, elapsed: 74s, ETA:     1s[>>>>>>>>>>>>>>>>>>>>>>>>> ] 7713/7824, 104.7 task/s, elapsed: 74s, ETA:     1s[>>>>>>>>>>>>>>>>>>>>>>>>> ] 7714/7824, 104.7 task/s, elapsed: 74s, ETA:     1s[>>>>>>>>>>>>>>>>>>>>>>>>> ] 7715/7824, 104.7 task/s, elapsed: 74s, ETA:     1s[>>>>>>>>>>>>>>>>>>>>>>>>> ] 7716/7824, 104.7 task/s, elapsed: 74s, ETA:     1s[>>>>>>>>>>>>>>>>>>>>>>>>> ] 7717/7824, 104.7 task/s, elapsed: 74s, ETA:     1s[>>>>>>>>>>>>>>>>>>>>>>>>> ] 7718/7824, 104.7 task/s, elapsed: 74s, ETA:     1s[>>>>>>>>>>>>>>>>>>>>>>>>> ] 7719/7824, 104.7 task/s, elapsed: 74s, ETA:     1s[>>>>>>>>>>>>>>>>>>>>>>>>> ] 7720/7824, 104.7 task/s, elapsed: 74s, ETA:     1s[>>>>>>>>>>>>>>>>>>>>>>>>> ] 7721/7824, 104.7 task/s, elapsed: 74s, ETA:     1s[>>>>>>>>>>>>>>>>>>>>>>>>> ] 7722/7824, 104.7 task/s, elapsed: 74s, ETA:     1s[>>>>>>>>>>>>>>>>>>>>>>>>> ] 7723/7824, 104.7 task/s, elapsed: 74s, ETA:     1s[>>>>>>>>>>>>>>>>>>>>>>>>> ] 7724/7824, 104.7 task/s, elapsed: 74s, ETA:     1s[>>>>>>>>>>>>>>>>>>>>>>>>> ] 7725/7824, 104.7 task/s, elapsed: 74s, ETA:     1s[>>>>>>>>>>>>>>>>>>>>>>>>> ] 7726/7824, 104.7 task/s, elapsed: 74s, ETA:     1s[>>>>>>>>>>>>>>>>>>>>>>>>> ] 7727/7824, 104.7 task/s, elapsed: 74s, ETA:     1s[>>>>>>>>>>>>>>>>>>>>>>>>> ] 7728/7824, 104.8 task/s, elapsed: 74s, ETA:     1s[>>>>>>>>>>>>>>>>>>>>>>>>> ] 7729/7824, 104.8 task/s, elapsed: 74s, ETA:     1s[>>>>>>>>>>>>>>>>>>>>>>>>> ] 7730/7824, 104.8 task/s, elapsed: 74s, ETA:     1s[>>>>>>>>>>>>>>>>>>>>>>>>> ] 7731/7824, 104.8 task/s, elapsed: 74s, ETA:     1s[>>>>>>>>>>>>>>>>>>>>>>>>> ] 7732/7824, 104.8 task/s, elapsed: 74s, ETA:     1s[>>>>>>>>>>>>>>>>>>>>>>>>> ] 7733/7824, 104.8 task/s, elapsed: 74s, ETA:     1s[>>>>>>>>>>>>>>>>>>>>>>>>> ] 7734/7824, 104.8 task/s, elapsed: 74s, ETA:     1s[>>>>>>>>>>>>>>>>>>>>>>>>> ] 7735/7824, 104.8 task/s, elapsed: 74s, ETA:     1s[>>>>>>>>>>>>>>>>>>>>>>>>> ] 7736/7824, 104.8 task/s, elapsed: 74s, ETA:     1s[>>>>>>>>>>>>>>>>>>>>>>>>> ] 7737/7824, 104.8 task/s, elapsed: 74s, ETA:     1s[>>>>>>>>>>>>>>>>>>>>>>>>> ] 7738/7824, 104.8 task/s, elapsed: 74s, ETA:     1s[>>>>>>>>>>>>>>>>>>>>>>>>> ] 7739/7824, 104.8 task/s, elapsed: 74s, ETA:     1s[>>>>>>>>>>>>>>>>>>>>>>>>> ] 7740/7824, 104.8 task/s, elapsed: 74s, ETA:     1s[>>>>>>>>>>>>>>>>>>>>>>>>> ] 7741/7824, 104.8 task/s, elapsed: 74s, ETA:     1s[>>>>>>>>>>>>>>>>>>>>>>>>> ] 7742/7824, 104.8 task/s, elapsed: 74s, ETA:     1s[>>>>>>>>>>>>>>>>>>>>>>>>> ] 7743/7824, 104.8 task/s, elapsed: 74s, ETA:     1s[>>>>>>>>>>>>>>>>>>>>>>>>> ] 7744/7824, 104.8 task/s, elapsed: 74s, ETA:     1s[>>>>>>>>>>>>>>>>>>>>>>>>> ] 7745/7824, 104.8 task/s, elapsed: 74s, ETA:     1s[>>>>>>>>>>>>>>>>>>>>>>>>> ] 7746/7824, 104.8 task/s, elapsed: 74s, ETA:     1s[>>>>>>>>>>>>>>>>>>>>>>>>> ] 7747/7824, 104.8 task/s, elapsed: 74s, ETA:     1s[>>>>>>>>>>>>>>>>>>>>>>>>> ] 7748/7824, 104.8 task/s, elapsed: 74s, ETA:     1s[>>>>>>>>>>>>>>>>>>>>>>>>> ] 7749/7824, 104.8 task/s, elapsed: 74s, ETA:     1s[>>>>>>>>>>>>>>>>>>>>>>>>> ] 7750/7824, 104.8 task/s, elapsed: 74s, ETA:     1s[>>>>>>>>>>>>>>>>>>>>>>>>> ] 7751/7824, 104.8 task/s, elapsed: 74s, ETA:     1s[>>>>>>>>>>>>>>>>>>>>>>>>> ] 7752/7824, 104.8 task/s, elapsed: 74s, ETA:     1s[>>>>>>>>>>>>>>>>>>>>>>>>> ] 7753/7824, 104.8 task/s, elapsed: 74s, ETA:     1s[>>>>>>>>>>>>>>>>>>>>>>>>> ] 7754/7824, 104.8 task/s, elapsed: 74s, ETA:     1s[>>>>>>>>>>>>>>>>>>>>>>>>> ] 7755/7824, 104.8 task/s, elapsed: 74s, ETA:     1s[>>>>>>>>>>>>>>>>>>>>>>>>> ] 7756/7824, 104.8 task/s, elapsed: 74s, ETA:     1s[>>>>>>>>>>>>>>>>>>>>>>>>> ] 7757/7824, 104.8 task/s, elapsed: 74s, ETA:     1s[>>>>>>>>>>>>>>>>>>>>>>>>> ] 7758/7824, 104.8 task/s, elapsed: 74s, ETA:     1s[>>>>>>>>>>>>>>>>>>>>>>>>> ] 7759/7824, 104.8 task/s, elapsed: 74s, ETA:     1s[>>>>>>>>>>>>>>>>>>>>>>>>> ] 7760/7824, 104.8 task/s, elapsed: 74s, ETA:     1s[>>>>>>>>>>>>>>>>>>>>>>>>> ] 7761/7824, 104.8 task/s, elapsed: 74s, ETA:     1s[>>>>>>>>>>>>>>>>>>>>>>>>> ] 7762/7824, 104.8 task/s, elapsed: 74s, ETA:     1s[>>>>>>>>>>>>>>>>>>>>>>>>> ] 7763/7824, 104.8 task/s, elapsed: 74s, ETA:     1s[>>>>>>>>>>>>>>>>>>>>>>>>> ] 7764/7824, 104.8 task/s, elapsed: 74s, ETA:     1s[>>>>>>>>>>>>>>>>>>>>>>>>> ] 7765/7824, 104.8 task/s, elapsed: 74s, ETA:     1s[>>>>>>>>>>>>>>>>>>>>>>>>> ] 7766/7824, 104.8 task/s, elapsed: 74s, ETA:     1s[>>>>>>>>>>>>>>>>>>>>>>>>> ] 7767/7824, 104.8 task/s, elapsed: 74s, ETA:     1s[>>>>>>>>>>>>>>>>>>>>>>>>> ] 7768/7824, 104.8 task/s, elapsed: 74s, ETA:     1s[>>>>>>>>>>>>>>>>>>>>>>>>> ] 7769/7824, 104.8 task/s, elapsed: 74s, ETA:     1s[>>>>>>>>>>>>>>>>>>>>>>>>> ] 7770/7824, 104.8 task/s, elapsed: 74s, ETA:     1s[>>>>>>>>>>>>>>>>>>>>>>>>> ] 7771/7824, 104.8 task/s, elapsed: 74s, ETA:     1s[>>>>>>>>>>>>>>>>>>>>>>>>> ] 7772/7824, 104.8 task/s, elapsed: 74s, ETA:     0s[>>>>>>>>>>>>>>>>>>>>>>>>> ] 7773/7824, 104.8 task/s, elapsed: 74s, ETA:     0s[>>>>>>>>>>>>>>>>>>>>>>>>> ] 7774/7824, 104.8 task/s, elapsed: 74s, ETA:     0s[>>>>>>>>>>>>>>>>>>>>>>>>> ] 7775/7824, 104.8 task/s, elapsed: 74s, ETA:     0s[>>>>>>>>>>>>>>>>>>>>>>>>> ] 7776/7824, 104.8 task/s, elapsed: 74s, ETA:     0s[>>>>>>>>>>>>>>>>>>>>>>>>> ] 7777/7824, 104.8 task/s, elapsed: 74s, ETA:     0s[>>>>>>>>>>>>>>>>>>>>>>>>> ] 7778/7824, 104.8 task/s, elapsed: 74s, ETA:     0s[>>>>>>>>>>>>>>>>>>>>>>>>> ] 7779/7824, 104.8 task/s, elapsed: 74s, ETA:     0s[>>>>>>>>>>>>>>>>>>>>>>>>> ] 7780/7824, 104.8 task/s, elapsed: 74s, ETA:     0s[>>>>>>>>>>>>>>>>>>>>>>>>> ] 7781/7824, 104.8 task/s, elapsed: 74s, ETA:     0s[>>>>>>>>>>>>>>>>>>>>>>>>> ] 7782/7824, 104.8 task/s, elapsed: 74s, ETA:     0s[>>>>>>>>>>>>>>>>>>>>>>>>> ] 7783/7824, 104.8 task/s, elapsed: 74s, ETA:     0s[>>>>>>>>>>>>>>>>>>>>>>>>> ] 7784/7824, 104.8 task/s, elapsed: 74s, ETA:     0s[>>>>>>>>>>>>>>>>>>>>>>>>> ] 7785/7824, 104.8 task/s, elapsed: 74s, ETA:     0s[>>>>>>>>>>>>>>>>>>>>>>>>> ] 7786/7824, 104.8 task/s, elapsed: 74s, ETA:     0s[>>>>>>>>>>>>>>>>>>>>>>>>> ] 7787/7824, 104.8 task/s, elapsed: 74s, ETA:     0s[>>>>>>>>>>>>>>>>>>>>>>>>> ] 7788/7824, 104.8 task/s, elapsed: 74s, ETA:     0s[>>>>>>>>>>>>>>>>>>>>>>>>> ] 7789/7824, 104.8 task/s, elapsed: 74s, ETA:     0s[>>>>>>>>>>>>>>>>>>>>>>>>> ] 7790/7824, 104.8 task/s, elapsed: 74s, ETA:     0s[>>>>>>>>>>>>>>>>>>>>>>>>> ] 7791/7824, 104.8 task/s, elapsed: 74s, ETA:     0s[>>>>>>>>>>>>>>>>>>>>>>>>> ] 7792/7824, 104.8 task/s, elapsed: 74s, ETA:     0s[>>>>>>>>>>>>>>>>>>>>>>>>> ] 7793/7824, 104.8 task/s, elapsed: 74s, ETA:     0s[>>>>>>>>>>>>>>>>>>>>>>>>> ] 7794/7824, 104.8 task/s, elapsed: 74s, ETA:     0s[>>>>>>>>>>>>>>>>>>>>>>>>> ] 7795/7824, 104.8 task/s, elapsed: 74s, ETA:     0s[>>>>>>>>>>>>>>>>>>>>>>>>> ] 7796/7824, 104.8 task/s, elapsed: 74s, ETA:     0s[>>>>>>>>>>>>>>>>>>>>>>>>> ] 7797/7824, 104.8 task/s, elapsed: 74s, ETA:     0s[>>>>>>>>>>>>>>>>>>>>>>>>> ] 7798/7824, 104.8 task/s, elapsed: 74s, ETA:     0s[>>>>>>>>>>>>>>>>>>>>>>>>> ] 7799/7824, 104.8 task/s, elapsed: 74s, ETA:     0s[>>>>>>>>>>>>>>>>>>>>>>>>> ] 7800/7824, 104.8 task/s, elapsed: 74s, ETA:     0s[>>>>>>>>>>>>>>>>>>>>>>>>> ] 7801/7824, 104.8 task/s, elapsed: 74s, ETA:     0s[>>>>>>>>>>>>>>>>>>>>>>>>> ] 7802/7824, 104.8 task/s, elapsed: 74s, ETA:     0s[>>>>>>>>>>>>>>>>>>>>>>>>> ] 7803/7824, 104.8 task/s, elapsed: 74s, ETA:     0s[>>>>>>>>>>>>>>>>>>>>>>>>> ] 7804/7824, 104.8 task/s, elapsed: 74s, ETA:     0s[>>>>>>>>>>>>>>>>>>>>>>>>> ] 7805/7824, 104.8 task/s, elapsed: 74s, ETA:     0s[>>>>>>>>>>>>>>>>>>>>>>>>> ] 7806/7824, 104.8 task/s, elapsed: 74s, ETA:     0s[>>>>>>>>>>>>>>>>>>>>>>>>> ] 7807/7824, 104.8 task/s, elapsed: 74s, ETA:     0s[>>>>>>>>>>>>>>>>>>>>>>>>> ] 7808/7824, 104.8 task/s, elapsed: 74s, ETA:     0s[>>>>>>>>>>>>>>>>>>>>>>>>> ] 7809/7824, 104.8 task/s, elapsed: 74s, ETA:     0s[>>>>>>>>>>>>>>>>>>>>>>>>> ] 7810/7824, 104.8 task/s, elapsed: 74s, ETA:     0s[>>>>>>>>>>>>>>>>>>>>>>>>> ] 7811/7824, 104.8 task/s, elapsed: 75s, ETA:     0s[>>>>>>>>>>>>>>>>>>>>>>>>> ] 7812/7824, 104.8 task/s, elapsed: 75s, ETA:     0s[>>>>>>>>>>>>>>>>>>>>>>>>> ] 7813/7824, 104.8 task/s, elapsed: 75s, ETA:     0s[>>>>>>>>>>>>>>>>>>>>>>>>> ] 7814/7824, 104.8 task/s, elapsed: 75s, ETA:     0s[>>>>>>>>>>>>>>>>>>>>>>>>> ] 7815/7824, 104.8 task/s, elapsed: 75s, ETA:     0s[>>>>>>>>>>>>>>>>>>>>>>>>> ] 7816/7824, 104.8 task/s, elapsed: 75s, ETA:     0s[>>>>>>>>>>>>>>>>>>>>>>>>> ] 7817/7824, 104.8 task/s, elapsed: 75s, ETA:     0s[>>>>>>>>>>>>>>>>>>>>>>>>> ] 7818/7824, 104.8 task/s, elapsed: 75s, ETA:     0s[>>>>>>>>>>>>>>>>>>>>>>>>> ] 7819/7824, 104.9 task/s, elapsed: 75s, ETA:     0s[>>>>>>>>>>>>>>>>>>>>>>>>> ] 7820/7824, 104.9 task/s, elapsed: 75s, ETA:     0s[>>>>>>>>>>>>>>>>>>>>>>>>> ] 7821/7824, 104.9 task/s, elapsed: 75s, ETA:     0s[>>>>>>>>>>>>>>>>>>>>>>>>> ] 7822/7824, 104.9 task/s, elapsed: 75s, ETA:     0s[>>>>>>>>>>>>>>>>>>>>>>>>> ] 7823/7824, 104.9 task/s, elapsed: 75s, ETA:     0s[>>>>>>>>>>>>>>>>>>>>>>>>>>] 7824/7824, 104.9 task/s, elapsed: 75s, ETA:     0s2026-06-07 06:38:56,726 - mmdet - INFO - Exp name: wi_tidir_wifi_mamba_v2.py
2026-06-07 06:38:56,727 - mmdet - INFO - Epoch(val) [5][7824]	mpjpe: 227.7688, mpjpeh: 102.3159, mpjpev: 124.2269, mpjped: 103.4510, mpjpe_1p: 195.9296, mpjpe_2p: 244.8032, mpjpe_3p: 241.4460, count_1p: 2586, count_2p: 3184, count_3p: 2054, matched_1p: 2586, matched_2p: 3184, matched_3p: 2054
2026-06-07 06:38:56,729 - mmdet - INFO - [BoneLossWarmup] Epoch 6/20 | Warmup: 2e, Ramp: 2e | Bone weight -> 1.0000

============================================================
               EVALUATION REPORT
============================================================
MPJPE Overall:   227.77 mm
PJDLE (horiz):   102.32 mm
PJDLE (depth):   124.23 mm
PJDLE (vert):    103.45 mm
------------------------------------------------------------
          MPJPE BY NUMBER OF PERSONS
------------------------------------------------------------
  1-person:  195.93 mm  (n=2586, matched=2586)
  2-person:  244.80 mm  (n=3184, matched=3184)
  3-person:  241.45 mm  (n=2054, matched=2054)
------------------------------------------------------------
          PER-JOINT MPJPE (mm)
------------------------------------------------------------
R_Ankle         | 386.20
R_Wrist         | 355.96
R_Hip           | 270.55
R_Elbow         | 255.60
Neck            | 213.17
L_Shoulder      | 207.57
R_Shoulder      | 203.47
Head            | 197.46
L_Hip           | 191.14
L_Knee          | 188.21
L_Wrist         | 182.56
L_Ankle         | 181.89
R_Knee          | 180.01
L_Elbow         | 174.96
------------------------------------------------------------
          BONE LENGTH ERROR (mm)
------------------------------------------------------------
R_Knee-R_Ankle            | 112.36
R_Elbow-R_Wrist           | 83.94
L_Hip-R_Hip               | 72.18
R_Hip-R_Knee              | 65.14
R_Shoulder-R_Elbow        | 61.28
L_Shoulder-R_Shoulder     | 52.06
L_Shoulder-L_Elbow        | 49.35
L_Knee-L_Ankle            | 41.51
L_Hip-L_Knee              | 37.40
L_Elbow-L_Wrist           | 29.76
============================================================
2026-06-07 06:39:20,684 - mmdet - INFO - Epoch [6][50/2811]	lr: 2.000e-06, eta: 4:49:16, time: 0.479, data_time: 0.072, memory: 691, loss_cls: 0.5618, loss_kpt: 23.0309, loss_flow: 0.2031, loss_bone: 0.0874, loss: 23.8832, grad_norm: 527.9911
2026-06-07 06:39:40,614 - mmdet - INFO - Epoch [6][100/2811]	lr: 2.000e-06, eta: 4:48:53, time: 0.399, data_time: 0.020, memory: 691, loss_cls: 0.5613, loss_kpt: 22.5937, loss_flow: 0.2050, loss_bone: 0.0879, loss: 23.4479, grad_norm: 510.2353
2026-06-07 06:40:00,601 - mmdet - INFO - Epoch [6][150/2811]	lr: 2.000e-06, eta: 4:48:31, time: 0.400, data_time: 0.020, memory: 691, loss_cls: 0.5640, loss_kpt: 22.6742, loss_flow: 0.1987, loss_bone: 0.0862, loss: 23.5231, grad_norm: 458.5877
2026-06-07 06:40:23,010 - mmdet - INFO - Epoch [6][200/2811]	lr: 2.000e-06, eta: 4:48:16, time: 0.448, data_time: 0.020, memory: 691, loss_cls: 0.5661, loss_kpt: 22.5492, loss_flow: 0.1971, loss_bone: 0.0865, loss: 23.3989, grad_norm: 545.2485
2026-06-07 06:40:44,895 - mmdet - INFO - Epoch [6][250/2811]	lr: 2.000e-06, eta: 4:47:59, time: 0.438, data_time: 0.021, memory: 691, loss_cls: 0.5634, loss_kpt: 22.5668, loss_flow: 0.1972, loss_bone: 0.0864, loss: 23.4138, grad_norm: 491.8967
2026-06-07 06:41:07,530 - mmdet - INFO - Epoch [6][300/2811]	lr: 2.000e-06, eta: 4:47:44, time: 0.453, data_time: 0.021, memory: 691, loss_cls: 0.5638, loss_kpt: 22.5131, loss_flow: 0.1953, loss_bone: 0.0870, loss: 23.3593, grad_norm: 485.6293
2026-06-07 06:41:28,595 - mmdet - INFO - Epoch [6][350/2811]	lr: 2.000e-06, eta: 4:47:25, time: 0.421, data_time: 0.021, memory: 691, loss_cls: 0.5627, loss_kpt: 22.5134, loss_flow: 0.1972, loss_bone: 0.0876, loss: 23.3608, grad_norm: 483.1575
2026-06-07 06:41:48,451 - mmdet - INFO - Epoch [6][400/2811]	lr: 2.000e-06, eta: 4:47:02, time: 0.397, data_time: 0.021, memory: 691, loss_cls: 0.5638, loss_kpt: 22.2645, loss_flow: 0.1931, loss_bone: 0.0866, loss: 23.1080, grad_norm: 491.9166
2026-06-07 06:42:09,863 - mmdet - INFO - Epoch [6][450/2811]	lr: 2.000e-06, eta: 4:46:44, time: 0.428, data_time: 0.021, memory: 691, loss_cls: 0.5640, loss_kpt: 22.5836, loss_flow: 0.1954, loss_bone: 0.0860, loss: 23.4290, grad_norm: 567.0063
2026-06-07 06:42:30,155 - mmdet - INFO - Epoch [6][500/2811]	lr: 2.000e-06, eta: 4:46:22, time: 0.406, data_time: 0.021, memory: 691, loss_cls: 0.5584, loss_kpt: 22.3577, loss_flow: 0.1934, loss_bone: 0.0870, loss: 23.1965, grad_norm: 450.0780
2026-06-07 06:42:50,062 - mmdet - INFO - Epoch [6][550/2811]	lr: 2.000e-06, eta: 4:45:59, time: 0.398, data_time: 0.021, memory: 691, loss_cls: 0.5622, loss_kpt: 22.5543, loss_flow: 0.1912, loss_bone: 0.0864, loss: 23.3941, grad_norm: 492.8876
2026-06-07 06:43:09,771 - mmdet - INFO - Epoch [6][600/2811]	lr: 2.000e-06, eta: 4:45:36, time: 0.394, data_time: 0.021, memory: 691, loss_cls: 0.5645, loss_kpt: 22.6401, loss_flow: 0.1966, loss_bone: 0.0868, loss: 23.4880, grad_norm: 555.4025
2026-06-07 06:43:30,992 - mmdet - INFO - Epoch [6][650/2811]	lr: 2.000e-06, eta: 4:45:17, time: 0.424, data_time: 0.021, memory: 691, loss_cls: 0.5636, loss_kpt: 22.3108, loss_flow: 0.1910, loss_bone: 0.0862, loss: 23.1516, grad_norm: 467.9244
2026-06-07 06:43:53,877 - mmdet - INFO - Epoch [6][700/2811]	lr: 2.000e-06, eta: 4:45:03, time: 0.458, data_time: 0.021, memory: 691, loss_cls: 0.5595, loss_kpt: 22.3550, loss_flow: 0.1970, loss_bone: 0.0880, loss: 23.1995, grad_norm: 486.4994
2026-06-07 06:44:16,407 - mmdet - INFO - Epoch [6][750/2811]	lr: 2.000e-06, eta: 4:44:48, time: 0.451, data_time: 0.021, memory: 691, loss_cls: 0.5570, loss_kpt: 22.6021, loss_flow: 0.1934, loss_bone: 0.0869, loss: 23.4394, grad_norm: 453.6907
2026-06-07 06:44:36,463 - mmdet - INFO - Epoch [6][800/2811]	lr: 2.000e-06, eta: 4:44:26, time: 0.401, data_time: 0.021, memory: 691, loss_cls: 0.5641, loss_kpt: 22.3611, loss_flow: 0.1982, loss_bone: 0.0859, loss: 23.2094, grad_norm: 493.7051
2026-06-07 06:44:56,134 - mmdet - INFO - Epoch [6][850/2811]	lr: 2.000e-06, eta: 4:44:02, time: 0.393, data_time: 0.021, memory: 691, loss_cls: 0.5587, loss_kpt: 22.6182, loss_flow: 0.1934, loss_bone: 0.0860, loss: 23.4562, grad_norm: 489.4566
2026-06-07 06:45:15,829 - mmdet - INFO - Epoch [6][900/2811]	lr: 2.000e-06, eta: 4:43:39, time: 0.394, data_time: 0.020, memory: 691, loss_cls: 0.5646, loss_kpt: 22.3067, loss_flow: 0.1979, loss_bone: 0.0864, loss: 23.1556, grad_norm: 548.8887
2026-06-07 06:45:38,075 - mmdet - INFO - Epoch [6][950/2811]	lr: 2.000e-06, eta: 4:43:23, time: 0.445, data_time: 0.021, memory: 691, loss_cls: 0.5578, loss_kpt: 22.1525, loss_flow: 0.1875, loss_bone: 0.0864, loss: 22.9842, grad_norm: 448.8594
2026-06-07 06:45:58,120 - mmdet - INFO - Epoch [6][1000/2811]	lr: 2.000e-06, eta: 4:43:01, time: 0.401, data_time: 0.022, memory: 691, loss_cls: 0.5638, loss_kpt: 22.3365, loss_flow: 0.1927, loss_bone: 0.0876, loss: 23.1806, grad_norm: 492.2256
2026-06-07 06:46:18,978 - mmdet - INFO - Epoch [6][1050/2811]	lr: 2.000e-06, eta: 4:42:41, time: 0.417, data_time: 0.021, memory: 691, loss_cls: 0.5591, loss_kpt: 22.7203, loss_flow: 0.1978, loss_bone: 0.0862, loss: 23.5635, grad_norm: 444.5259
2026-06-07 06:46:41,719 - mmdet - INFO - Epoch [6][1100/2811]	lr: 2.000e-06, eta: 4:42:26, time: 0.455, data_time: 0.021, memory: 691, loss_cls: 0.5591, loss_kpt: 22.4705, loss_flow: 0.1920, loss_bone: 0.0863, loss: 23.3080, grad_norm: 475.0314
2026-06-07 06:47:01,575 - mmdet - INFO - Epoch [6][1150/2811]	lr: 2.000e-06, eta: 4:42:03, time: 0.397, data_time: 0.020, memory: 691, loss_cls: 0.5581, loss_kpt: 22.2505, loss_flow: 0.1939, loss_bone: 0.0862, loss: 23.0887, grad_norm: 471.6847
2026-06-07 06:47:21,951 - mmdet - INFO - Epoch [6][1200/2811]	lr: 2.000e-06, eta: 4:41:42, time: 0.408, data_time: 0.021, memory: 691, loss_cls: 0.5679, loss_kpt: 22.3228, loss_flow: 0.1930, loss_bone: 0.0874, loss: 23.1711, grad_norm: 507.8181
2026-06-07 06:47:42,502 - mmdet - INFO - Epoch [6][1250/2811]	lr: 2.000e-06, eta: 4:41:21, time: 0.411, data_time: 0.021, memory: 691, loss_cls: 0.5581, loss_kpt: 22.4872, loss_flow: 0.1939, loss_bone: 0.0863, loss: 23.3254, grad_norm: 478.7223
2026-06-07 06:48:00,799 - mmdet - INFO - Epoch [6][1300/2811]	lr: 2.000e-06, eta: 4:40:54, time: 0.366, data_time: 0.020, memory: 691, loss_cls: 0.5563, loss_kpt: 22.2944, loss_flow: 0.1868, loss_bone: 0.0856, loss: 23.1231, grad_norm: 484.0048
2026-06-07 06:48:19,927 - mmdet - INFO - Epoch [6][1350/2811]	lr: 2.000e-06, eta: 4:40:29, time: 0.383, data_time: 0.020, memory: 691, loss_cls: 0.5591, loss_kpt: 21.9873, loss_flow: 0.1838, loss_bone: 0.0867, loss: 22.8169, grad_norm: 491.4105
2026-06-07 06:48:41,443 - mmdet - INFO - Epoch [6][1400/2811]	lr: 2.000e-06, eta: 4:40:11, time: 0.430, data_time: 0.020, memory: 691, loss_cls: 0.5590, loss_kpt: 22.5774, loss_flow: 0.1958, loss_bone: 0.0874, loss: 23.4196, grad_norm: 506.7432
2026-06-07 06:49:02,680 - mmdet - INFO - Epoch [6][1450/2811]	lr: 2.000e-06, eta: 4:39:52, time: 0.425, data_time: 0.021, memory: 691, loss_cls: 0.5602, loss_kpt: 22.5133, loss_flow: 0.1927, loss_bone: 0.0873, loss: 23.3535, grad_norm: 539.9507
2026-06-07 06:49:22,458 - mmdet - INFO - Epoch [6][1500/2811]	lr: 2.000e-06, eta: 4:39:29, time: 0.396, data_time: 0.020, memory: 691, loss_cls: 0.5628, loss_kpt: 22.4368, loss_flow: 0.1921, loss_bone: 0.0865, loss: 23.2782, grad_norm: 450.6182
2026-06-07 06:49:41,848 - mmdet - INFO - Epoch [6][1550/2811]	lr: 2.000e-06, eta: 4:39:06, time: 0.388, data_time: 0.020, memory: 691, loss_cls: 0.5582, loss_kpt: 22.3366, loss_flow: 0.1942, loss_bone: 0.0870, loss: 23.1760, grad_norm: 516.0174
2026-06-07 06:50:01,506 - mmdet - INFO - Epoch [6][1600/2811]	lr: 2.000e-06, eta: 4:38:42, time: 0.393, data_time: 0.021, memory: 691, loss_cls: 0.5602, loss_kpt: 22.1680, loss_flow: 0.1888, loss_bone: 0.0865, loss: 23.0034, grad_norm: 521.1152
2026-06-07 06:50:22,067 - mmdet - INFO - Epoch [6][1650/2811]	lr: 2.000e-06, eta: 4:38:22, time: 0.411, data_time: 0.020, memory: 691, loss_cls: 0.5542, loss_kpt: 22.1884, loss_flow: 0.1880, loss_bone: 0.0870, loss: 23.0176, grad_norm: 453.7666
2026-06-07 06:50:43,335 - mmdet - INFO - Epoch [6][1700/2811]	lr: 2.000e-06, eta: 4:38:03, time: 0.425, data_time: 0.021, memory: 691, loss_cls: 0.5601, loss_kpt: 22.3311, loss_flow: 0.1871, loss_bone: 0.0863, loss: 23.1645, grad_norm: 486.8028
2026-06-07 06:51:05,428 - mmdet - INFO - Epoch [6][1750/2811]	lr: 2.000e-06, eta: 4:37:46, time: 0.442, data_time: 0.021, memory: 691, loss_cls: 0.5628, loss_kpt: 22.3660, loss_flow: 0.1920, loss_bone: 0.0859, loss: 23.2066, grad_norm: 484.7526
2026-06-07 06:51:26,706 - mmdet - INFO - Epoch [6][1800/2811]	lr: 2.000e-06, eta: 4:37:27, time: 0.426, data_time: 0.021, memory: 691, loss_cls: 0.5599, loss_kpt: 22.2189, loss_flow: 0.1892, loss_bone: 0.0866, loss: 23.0546, grad_norm: 518.3215
2026-06-07 06:51:47,447 - mmdet - INFO - Epoch [6][1850/2811]	lr: 2.000e-06, eta: 4:37:07, time: 0.415, data_time: 0.020, memory: 691, loss_cls: 0.5587, loss_kpt: 22.4686, loss_flow: 0.1942, loss_bone: 0.0868, loss: 23.3084, grad_norm: 538.4495
2026-06-07 06:52:08,902 - mmdet - INFO - Epoch [6][1900/2811]	lr: 2.000e-06, eta: 4:36:48, time: 0.429, data_time: 0.021, memory: 691, loss_cls: 0.5614, loss_kpt: 22.2703, loss_flow: 0.1967, loss_bone: 0.0869, loss: 23.1153, grad_norm: 511.9310
2026-06-07 06:52:29,140 - mmdet - INFO - Epoch [6][1950/2811]	lr: 2.000e-06, eta: 4:36:27, time: 0.405, data_time: 0.021, memory: 691, loss_cls: 0.5587, loss_kpt: 22.7844, loss_flow: 0.1962, loss_bone: 0.0871, loss: 23.6264, grad_norm: 489.1565
2026-06-07 06:52:49,140 - mmdet - INFO - Epoch [6][2000/2811]	lr: 2.000e-06, eta: 4:36:04, time: 0.400, data_time: 0.021, memory: 691, loss_cls: 0.5593, loss_kpt: 22.1837, loss_flow: 0.1945, loss_bone: 0.0876, loss: 23.0252, grad_norm: 442.8902
2026-06-07 06:53:08,892 - mmdet - INFO - Epoch [6][2050/2811]	lr: 2.000e-06, eta: 4:35:42, time: 0.395, data_time: 0.020, memory: 691, loss_cls: 0.5592, loss_kpt: 22.3643, loss_flow: 0.1909, loss_bone: 0.0878, loss: 23.2023, grad_norm: 504.5311
2026-06-07 06:53:28,561 - mmdet - INFO - Epoch [6][2100/2811]	lr: 2.000e-06, eta: 4:35:19, time: 0.393, data_time: 0.021, memory: 691, loss_cls: 0.5598, loss_kpt: 22.1699, loss_flow: 0.1909, loss_bone: 0.0879, loss: 23.0084, grad_norm: 459.7502
2026-06-07 06:53:48,728 - mmdet - INFO - Epoch [6][2150/2811]	lr: 2.000e-06, eta: 4:34:57, time: 0.403, data_time: 0.019, memory: 691, loss_cls: 0.5572, loss_kpt: 22.1273, loss_flow: 0.1890, loss_bone: 0.0870, loss: 22.9605, grad_norm: 469.9473
2026-06-07 06:54:10,582 - mmdet - INFO - Epoch [6][2200/2811]	lr: 2.000e-06, eta: 4:34:39, time: 0.437, data_time: 0.020, memory: 691, loss_cls: 0.5609, loss_kpt: 22.3502, loss_flow: 0.1908, loss_bone: 0.0872, loss: 23.1891, grad_norm: 484.0148
2026-06-07 06:54:33,251 - mmdet - INFO - Epoch [6][2250/2811]	lr: 2.000e-06, eta: 4:34:24, time: 0.453, data_time: 0.020, memory: 691, loss_cls: 0.5620, loss_kpt: 22.2226, loss_flow: 0.1926, loss_bone: 0.0882, loss: 23.0654, grad_norm: 501.0509
2026-06-07 06:54:54,863 - mmdet - INFO - Epoch [6][2300/2811]	lr: 2.000e-06, eta: 4:34:06, time: 0.432, data_time: 0.022, memory: 691, loss_cls: 0.5600, loss_kpt: 22.1270, loss_flow: 0.1868, loss_bone: 0.0866, loss: 22.9605, grad_norm: 465.2053
2026-06-07 06:55:15,090 - mmdet - INFO - Epoch [6][2350/2811]	lr: 2.000e-06, eta: 4:33:44, time: 0.405, data_time: 0.021, memory: 691, loss_cls: 0.5568, loss_kpt: 22.5952, loss_flow: 0.1916, loss_bone: 0.0870, loss: 23.4307, grad_norm: 515.0133
2026-06-07 06:55:37,054 - mmdet - INFO - Epoch [6][2400/2811]	lr: 2.000e-06, eta: 4:33:27, time: 0.439, data_time: 0.021, memory: 691, loss_cls: 0.5594, loss_kpt: 22.3997, loss_flow: 0.1894, loss_bone: 0.0873, loss: 23.2357, grad_norm: 483.3618
2026-06-07 06:55:57,102 - mmdet - INFO - Epoch [6][2450/2811]	lr: 2.000e-06, eta: 4:33:05, time: 0.401, data_time: 0.021, memory: 691, loss_cls: 0.5637, loss_kpt: 21.8004, loss_flow: 0.1854, loss_bone: 0.0861, loss: 22.6355, grad_norm: 459.8713
2026-06-07 06:56:18,876 - mmdet - INFO - Epoch [6][2500/2811]	lr: 2.000e-06, eta: 4:32:47, time: 0.435, data_time: 0.021, memory: 691, loss_cls: 0.5563, loss_kpt: 22.5370, loss_flow: 0.1933, loss_bone: 0.0878, loss: 23.3743, grad_norm: 479.8786
2026-06-07 06:56:39,278 - mmdet - INFO - Epoch [6][2550/2811]	lr: 2.000e-06, eta: 4:32:25, time: 0.408, data_time: 0.021, memory: 691, loss_cls: 0.5596, loss_kpt: 22.2050, loss_flow: 0.1905, loss_bone: 0.0874, loss: 23.0425, grad_norm: 462.1292
2026-06-07 06:56:59,558 - mmdet - INFO - Epoch [6][2600/2811]	lr: 2.000e-06, eta: 4:32:04, time: 0.406, data_time: 0.021, memory: 691, loss_cls: 0.5647, loss_kpt: 22.3917, loss_flow: 0.1871, loss_bone: 0.0880, loss: 23.2315, grad_norm: 484.2183
2026-06-07 06:57:19,637 - mmdet - INFO - Epoch [6][2650/2811]	lr: 2.000e-06, eta: 4:31:42, time: 0.402, data_time: 0.021, memory: 691, loss_cls: 0.5627, loss_kpt: 22.4038, loss_flow: 0.1887, loss_bone: 0.0874, loss: 23.2425, grad_norm: 449.5162
2026-06-07 06:57:39,530 - mmdet - INFO - Epoch [6][2700/2811]	lr: 2.000e-06, eta: 4:31:20, time: 0.398, data_time: 0.020, memory: 691, loss_cls: 0.5599, loss_kpt: 22.3490, loss_flow: 0.1884, loss_bone: 0.0878, loss: 23.1852, grad_norm: 483.0273
2026-06-07 06:57:59,526 - mmdet - INFO - Epoch [6][2750/2811]	lr: 2.000e-06, eta: 4:30:58, time: 0.400, data_time: 0.021, memory: 691, loss_cls: 0.5546, loss_kpt: 22.2846, loss_flow: 0.1894, loss_bone: 0.0879, loss: 23.1165, grad_norm: 440.0973
2026-06-07 06:58:19,499 - mmdet - INFO - Epoch [6][2800/2811]	lr: 2.000e-06, eta: 4:30:35, time: 0.399, data_time: 0.021, memory: 691, loss_cls: 0.5575, loss_kpt: 22.2942, loss_flow: 0.1879, loss_bone: 0.0874, loss: 23.1270, grad_norm: 473.0913
2026-06-07 06:58:24,585 - mmdet - INFO - Updating latest checkpoint at 6 epochs
2026-06-07 06:58:24,826 - mmdet - INFO - [BoneLossWarmup] Epoch 7/20 | Warmup: 2e, Ramp: 2e | Bone weight -> 1.0000
2026-06-07 06:58:48,951 - mmdet - INFO - Epoch [7][50/2811]	lr: 2.000e-06, eta: 4:30:08, time: 0.482, data_time: 0.072, memory: 691, loss_cls: 0.5546, loss_kpt: 22.4028, loss_flow: 0.1924, loss_bone: 0.0880, loss: 23.2378, grad_norm: 536.9789
2026-06-07 06:59:10,018 - mmdet - INFO - Epoch [7][100/2811]	lr: 2.000e-06, eta: 4:29:48, time: 0.421, data_time: 0.020, memory: 691, loss_cls: 0.5591, loss_kpt: 22.0509, loss_flow: 0.1875, loss_bone: 0.0881, loss: 22.8856, grad_norm: 506.4869
2026-06-07 06:59:30,383 - mmdet - INFO - Epoch [7][150/2811]	lr: 2.000e-06, eta: 4:29:27, time: 0.407, data_time: 0.019, memory: 691, loss_cls: 0.5574, loss_kpt: 22.2400, loss_flow: 0.1890, loss_bone: 0.0875, loss: 23.0739, grad_norm: 470.5853
2026-06-07 06:59:50,430 - mmdet - INFO - Epoch [7][200/2811]	lr: 2.000e-06, eta: 4:29:05, time: 0.401, data_time: 0.023, memory: 691, loss_cls: 0.5573, loss_kpt: 22.2761, loss_flow: 0.1884, loss_bone: 0.0887, loss: 23.1105, grad_norm: 478.5581
2026-06-07 07:00:10,302 - mmdet - INFO - Epoch [7][250/2811]	lr: 2.000e-06, eta: 4:28:43, time: 0.397, data_time: 0.020, memory: 691, loss_cls: 0.5622, loss_kpt: 21.7193, loss_flow: 0.1833, loss_bone: 0.0861, loss: 22.5509, grad_norm: 463.0622
2026-06-07 07:00:30,994 - mmdet - INFO - Epoch [7][300/2811]	lr: 2.000e-06, eta: 4:28:22, time: 0.414, data_time: 0.021, memory: 691, loss_cls: 0.5626, loss_kpt: 22.0853, loss_flow: 0.1884, loss_bone: 0.0865, loss: 22.9228, grad_norm: 459.4889
2026-06-07 07:00:51,911 - mmdet - INFO - Epoch [7][350/2811]	lr: 2.000e-06, eta: 4:28:02, time: 0.418, data_time: 0.021, memory: 691, loss_cls: 0.5581, loss_kpt: 22.2617, loss_flow: 0.1905, loss_bone: 0.0864, loss: 23.0968, grad_norm: 446.4136
2026-06-07 07:01:11,958 - mmdet - INFO - Epoch [7][400/2811]	lr: 2.000e-06, eta: 4:27:41, time: 0.401, data_time: 0.021, memory: 691, loss_cls: 0.5593, loss_kpt: 22.3750, loss_flow: 0.1917, loss_bone: 0.0860, loss: 23.2120, grad_norm: 430.7257
2026-06-07 07:01:31,597 - mmdet - INFO - Epoch [7][450/2811]	lr: 2.000e-06, eta: 4:27:18, time: 0.393, data_time: 0.020, memory: 691, loss_cls: 0.5547, loss_kpt: 22.1421, loss_flow: 0.1871, loss_bone: 0.0872, loss: 22.9711, grad_norm: 425.1774
2026-06-07 07:01:49,444 - mmdet - INFO - Epoch [7][500/2811]	lr: 2.000e-06, eta: 4:26:51, time: 0.357, data_time: 0.019, memory: 691, loss_cls: 0.5620, loss_kpt: 21.8313, loss_flow: 0.1849, loss_bone: 0.0881, loss: 22.6663, grad_norm: 413.0201
2026-06-07 07:02:08,227 - mmdet - INFO - Epoch [7][550/2811]	lr: 2.000e-06, eta: 4:26:26, time: 0.376, data_time: 0.021, memory: 691, loss_cls: 0.5601, loss_kpt: 21.8212, loss_flow: 0.1826, loss_bone: 0.0872, loss: 22.6511, grad_norm: 494.3344
2026-06-07 07:02:29,537 - mmdet - INFO - Epoch [7][600/2811]	lr: 2.000e-06, eta: 4:26:07, time: 0.426, data_time: 0.020, memory: 691, loss_cls: 0.5550, loss_kpt: 21.9597, loss_flow: 0.1865, loss_bone: 0.0880, loss: 22.7892, grad_norm: 461.7574
2026-06-07 07:02:52,374 - mmdet - INFO - Epoch [7][650/2811]	lr: 2.000e-06, eta: 4:25:52, time: 0.457, data_time: 0.021, memory: 691, loss_cls: 0.5609, loss_kpt: 21.8867, loss_flow: 0.1878, loss_bone: 0.0883, loss: 22.7237, grad_norm: 461.7393
2026-06-07 07:03:15,334 - mmdet - INFO - Epoch [7][700/2811]	lr: 2.000e-06, eta: 4:25:36, time: 0.459, data_time: 0.021, memory: 691, loss_cls: 0.5558, loss_kpt: 22.2063, loss_flow: 0.1861, loss_bone: 0.0881, loss: 23.0364, grad_norm: 410.8998
